/*--------------------------------*- C++ -*----------------------------------*\
| =========                 |                                                 |
| \\      /  F ield         | OpenFOAM: The Open Source CFD Toolbox           |
|  \\    /   O peration     | Version:  2412                                  |
|   \\  /    A nd           | Website:  www.openfoam.com                      |
|    \\/     M anipulation  |                                                 |
\*---------------------------------------------------------------------------*/
FoamFile
{
    version     2.0;
    format      ascii;
    arch        "LSB;label=32;scalar=64";
    class       surfaceScalarField;
    location    "0.05";
    object      phi;
}
// * * * * * * * * * * * * * * * * * * * * * * * * * * * * * * * * * * * * * //

dimensions      [0 3 -1 0 0 0 0];

oriented        oriented;

internalField   nonuniform List<scalar> 
11100
(
-2.68293e-08
-2.68212e-08
5.36408e-08
-4.35987e-08
-2.73573e-08
4.4117e-08
-4.37374e-08
-2.82457e-08
2.83753e-08
-2.72243e-08
-2.91336e-08
1.26118e-08
-1.7457e-12
-2.97175e-08
2.48644e-09
2.72209e-08
-2.97175e-08
2.48661e-09
4.37341e-08
-2.91335e-08
1.26121e-08
4.35958e-08
-2.82457e-08
2.8376e-08
2.68267e-08
-2.73569e-08
4.41178e-08
-2.6821e-08
5.36417e-08
-2.73653e-08
-4.35845e-08
4.41184e-08
-4.44822e-08
-4.44679e-08
3.42173e-08
-4.46311e-08
-4.59317e-08
1.78253e-08
-2.77953e-08
-4.73953e-08
1.41661e-09
-2.18243e-12
-4.83608e-08
-9.15894e-09
2.7791e-08
-4.83608e-08
-9.15883e-09
4.46267e-08
-4.73949e-08
1.41676e-09
4.44781e-08
-4.59316e-08
1.78257e-08
2.73619e-08
-4.44673e-08
3.42176e-08
-4.35848e-08
4.41189e-08
-2.82539e-08
-4.37159e-08
2.83747e-08
-4.59461e-08
-4.46095e-08
1.78234e-08
-4.61131e-08
-4.60918e-08
3.17061e-10
-2.87423e-08
-4.7573e-08
-1.72028e-08
-1.18054e-12
-4.85526e-08
-2.85589e-08
2.87401e-08
-4.85528e-08
-2.85587e-08
4.61111e-08
-4.75729e-08
-1.72024e-08
4.59445e-08
-4.60921e-08
3.17769e-10
2.82522e-08
-4.4609e-08
1.78243e-08
-4.3716e-08
2.83758e-08
-2.91416e-08
-2.72023e-08
1.26153e-08
-4.74096e-08
-2.77728e-08
1.41883e-09
-4.75946e-08
-2.87204e-08
-1.71987e-08
-2.96907e-08
-2.96679e-08
-3.5821e-08
-2.4654e-12
-3.02975e-08
-4.79552e-08
2.96857e-08
-3.02976e-08
-4.79551e-08
4.75893e-08
-2.96675e-08
-3.58208e-08
4.74045e-08
-2.87206e-08
-1.71984e-08
2.91373e-08
-2.77724e-08
1.41899e-09
-2.72034e-08
1.26156e-08
-2.97258e-08
2.34846e-11
2.48686e-09
-4.83754e-08
2.3566e-11
-9.15991e-09
-4.85739e-08
2.35013e-11
-2.85581e-08
-3.03196e-08
2.35556e-11
-4.79584e-08
-9.17012e-13
2.35949e-11
-6.06522e-08
3.03178e-08
2.33216e-11
-6.0652e-08
4.85724e-08
2.36135e-11
-4.79579e-08
4.83741e-08
2.27799e-11
-2.85574e-08
2.97244e-08
2.38431e-11
-9.15891e-09
2.28373e-11
2.48791e-09
-2.97256e-08
2.72414e-08
2.49159e-09
-4.83752e-08
2.78124e-08
-9.15511e-09
-4.85741e-08
2.876e-08
-2.85533e-08
-3.03204e-08
2.97079e-08
-4.79536e-08
-2.57576e-12
3.03377e-08
-6.06473e-08
3.03151e-08
3.03376e-08
-6.06473e-08
4.85686e-08
2.97082e-08
-4.79533e-08
4.83698e-08
2.87597e-08
-2.85531e-08
2.9721e-08
2.78126e-08
-9.15494e-09
2.724e-08
2.49169e-09
-2.91419e-08
4.37531e-08
1.2614e-08
-4.74097e-08
4.46467e-08
1.41737e-09
-4.75943e-08
4.61289e-08
-1.72002e-08
-2.96899e-08
4.76103e-08
-3.58224e-08
-1.05661e-12
4.859e-08
-4.79566e-08
2.96879e-08
4.85898e-08
-4.79565e-08
4.75925e-08
4.76103e-08
-3.58219e-08
4.74083e-08
4.61283e-08
-1.71997e-08
2.91404e-08
4.46468e-08
1.4183e-09
4.37527e-08
1.26149e-08
-2.82537e-08
4.36072e-08
2.8381e-08
-4.59458e-08
4.44906e-08
1.78297e-08
-4.6113e-08
4.59546e-08
3.23274e-10
-2.87428e-08
4.74184e-08
-1.71964e-08
-2.42912e-12
4.83841e-08
-2.85525e-08
2.87379e-08
4.83841e-08
-2.85525e-08
4.61078e-08
4.74187e-08
-1.71961e-08
4.59406e-08
4.59545e-08
3.23275e-10
2.82493e-08
4.44908e-08
1.78298e-08
4.36066e-08
2.8381e-08
-2.73655e-08
2.68332e-08
4.41211e-08
-4.4482e-08
2.73691e-08
3.422e-08
-4.46306e-08
2.82576e-08
1.78279e-08
-2.77947e-08
2.91455e-08
1.41938e-09
-1.51062e-12
2.97295e-08
-9.1561e-09
2.77918e-08
2.97295e-08
-9.15609e-09
4.46277e-08
2.91455e-08
1.41982e-09
4.44793e-08
2.82575e-08
1.78281e-08
2.7363e-08
2.73692e-08
3.42207e-08
2.68334e-08
4.41217e-08
-2.68294e-08
5.36461e-08
-4.35985e-08
4.41221e-08
-4.3737e-08
2.83802e-08
-2.72242e-08
1.2617e-08
-1.95821e-12
2.49169e-09
2.72203e-08
2.49173e-09
4.3733e-08
1.26174e-08
4.35946e-08
2.83805e-08
2.68261e-08
4.41226e-08
5.36472e-08
-2.90187e-08
-2.90107e-08
1.1166e-07
-4.71811e-08
-2.9633e-08
9.19022e-08
-4.73469e-08
-3.06691e-08
5.92003e-08
-2.95004e-08
-3.17038e-08
2.64595e-08
-1.78337e-12
-3.23902e-08
5.3685e-09
2.9497e-08
-3.23903e-08
5.36849e-09
4.73434e-08
-3.17037e-08
2.64596e-08
4.71784e-08
-3.06692e-08
5.92002e-08
2.90172e-08
-2.96325e-08
9.19017e-08
-2.90109e-08
1.11659e-07
-2.9641e-08
-4.71672e-08
9.1905e-08
-4.82075e-08
-4.81934e-08
7.13335e-08
-4.83865e-08
-4.99036e-08
3.72283e-08
-3.01676e-08
-5.16122e-08
3.09601e-09
-2.22664e-12
-5.27493e-08
-1.89752e-08
3.01632e-08
-5.27493e-08
-1.89752e-08
4.83819e-08
-5.16117e-08
3.09598e-09
4.82036e-08
-4.99035e-08
3.72281e-08
2.96384e-08
-4.81927e-08
7.13329e-08
-4.7168e-08
9.19043e-08
-3.06772e-08
-4.7326e-08
5.91997e-08
-4.99177e-08
-4.83652e-08
3.72248e-08
-5.01201e-08
-5.00992e-08
7.04654e-10
-3.12805e-08
-5.18305e-08
-3.58343e-08
-1.19239e-12
-5.29864e-08
-5.96113e-08
3.12783e-08
-5.29866e-08
-5.96112e-08
5.01181e-08
-5.18303e-08
-3.5834e-08
4.99162e-08
-5.00996e-08
7.05213e-10
3.06762e-08
-4.83644e-08
3.72253e-08
-4.73265e-08
5.92001e-08
-3.17116e-08
-2.94792e-08
2.64671e-08
-5.16261e-08
-3.01456e-08
3.10081e-09
-5.18517e-08
-3.1259e-08
-3.58259e-08
-3.23938e-08
-3.23715e-08
-7.47504e-08
-2.50261e-12
-3.31185e-08
-1.00227e-07
3.23888e-08
-3.31186e-08
-1.00227e-07
5.18464e-08
-3.23709e-08
-7.47505e-08
5.16211e-08
-3.12593e-08
-3.58263e-08
3.17077e-08
-3.01449e-08
3.10022e-09
-2.94809e-08
2.64659e-08
-3.23981e-08
2.25721e-11
5.37003e-09
-5.27634e-08
2.30385e-11
-1.89765e-08
-5.30074e-08
2.30122e-11
-5.96091e-08
-3.31402e-08
2.31242e-11
-1.00233e-07
-8.96183e-13
2.31853e-11
-1.26946e-07
3.31385e-08
2.29087e-11
-1.26946e-07
5.30058e-08
2.32424e-11
-1.00233e-07
5.27622e-08
2.22394e-11
-5.96084e-08
3.23969e-08
2.36512e-11
-1.89755e-08
2.13867e-11
5.37046e-09
-3.23977e-08
2.95163e-08
5.37977e-09
-5.27631e-08
3.01838e-08
-1.89664e-08
-5.30075e-08
3.12974e-08
-5.9599e-08
-3.3141e-08
3.24103e-08
-1.00223e-07
-2.58122e-12
3.31577e-08
-1.26936e-07
3.31357e-08
3.31576e-08
-1.26936e-07
5.3002e-08
3.24107e-08
-1.00223e-07
5.27575e-08
3.1297e-08
-5.95994e-08
3.23929e-08
3.01843e-08
-1.89668e-08
2.95143e-08
5.37824e-09
-3.17114e-08
4.73614e-08
2.64646e-08
-5.16259e-08
4.84012e-08
3.09854e-09
-5.18513e-08
5.01352e-08
-3.58283e-08
-3.23929e-08
5.18668e-08
-7.47528e-08
-1.0138e-12
5.30229e-08
-1.00229e-07
3.23909e-08
5.30226e-08
-1.00229e-07
5.18496e-08
5.18668e-08
-7.47524e-08
5.16242e-08
5.01346e-08
-3.58277e-08
3.17094e-08
4.84017e-08
3.09975e-09
4.73605e-08
2.64646e-08
-3.06761e-08
4.7187e-08
5.92136e-08
-4.99167e-08
4.8214e-08
3.72392e-08
-5.01198e-08
4.99244e-08
7.19156e-10
-3.12808e-08
5.16333e-08
-3.58198e-08
-2.39605e-12
5.27708e-08
-5.95968e-08
3.12759e-08
5.27707e-08
-5.9597e-08
5.01147e-08
5.16336e-08
-3.58198e-08
4.99112e-08
4.99244e-08
7.18907e-10
3.06709e-08
4.82145e-08
3.72392e-08
4.71858e-08
5.92119e-08
-2.96401e-08
2.90189e-08
9.19119e-08
-4.82066e-08
2.96418e-08
7.13409e-08
-4.83857e-08
3.0678e-08
3.72357e-08
-3.01669e-08
3.17129e-08
3.10337e-09
-1.46597e-12
3.23995e-08
-1.89678e-08
3.01639e-08
3.23995e-08
-1.89678e-08
4.8383e-08
3.17131e-08
3.10367e-09
4.82036e-08
3.06781e-08
3.7236e-08
2.96366e-08
2.96423e-08
7.1342e-08
2.90185e-08
9.19111e-08
-2.9017e-08
1.11669e-07
-4.71795e-08
9.19129e-08
-4.7346e-08
5.92112e-08
-2.94999e-08
2.64704e-08
-1.83231e-12
5.3794e-09
2.94962e-08
5.3793e-09
4.73422e-08
2.64704e-08
4.71751e-08
5.92112e-08
2.9012e-08
9.19135e-08
1.11667e-07
-3.35111e-08
-3.35025e-08
1.78663e-07
-5.45359e-08
-3.43095e-08
1.47226e-07
-5.47616e-08
-3.56625e-08
9.50788e-08
-3.41808e-08
-3.70121e-08
4.28817e-08
-1.71752e-12
-3.79203e-08
9.10092e-09
3.41774e-08
-3.79204e-08
9.10116e-09
5.47585e-08
-3.7012e-08
4.28821e-08
5.45328e-08
-3.56625e-08
9.508e-08
3.35075e-08
-3.43093e-08
1.47228e-07
-3.3502e-08
1.78664e-07
-3.4318e-08
-5.45207e-08
1.4723e-07
-5.58709e-08
-5.58557e-08
1.14422e-07
-5.61159e-08
-5.80966e-08
5.98972e-08
-3.50553e-08
-6.0333e-08
5.34638e-09
-2.18819e-12
-6.18433e-08
-3.0115e-08
3.50509e-08
-6.18434e-08
-3.01149e-08
5.61116e-08
-6.03326e-08
5.34648e-09
5.58667e-08
-5.80965e-08
5.98977e-08
3.43139e-08
-5.58554e-08
1.14422e-07
-5.45207e-08
1.4723e-07
-3.56712e-08
-5.47386e-08
9.50776e-08
-5.81119e-08
-5.6093e-08
5.98917e-08
-5.8393e-08
-5.83704e-08
1.24885e-09
-3.65278e-08
-6.06413e-08
-5.74016e-08
-1.14015e-12
-6.21811e-08
-9.58103e-08
3.65256e-08
-6.21813e-08
-9.58101e-08
5.83911e-08
-6.06412e-08
-5.74008e-08
5.81103e-08
-5.83707e-08
1.25029e-09
3.56691e-08
-5.60927e-08
5.98935e-08
-5.47384e-08
9.50795e-08
-3.70207e-08
-3.41569e-08
4.28925e-08
-6.03483e-08
-3.50313e-08
5.35306e-09
-6.06641e-08
-3.65043e-08
-5.73894e-08
-3.79984e-08
-3.79742e-08
-1.20096e-07
-2.49635e-12
-3.89785e-08
-1.61438e-07
3.79934e-08
-3.89787e-08
-1.61438e-07
6.06588e-08
-3.79737e-08
-1.20096e-07
6.0343e-08
-3.65045e-08
-5.73893e-08
3.7016e-08
-3.50311e-08
5.353e-09
-3.41578e-08
4.2892e-08
-3.79294e-08
2.54144e-11
9.1028e-09
-6.1859e-08
2.52326e-11
-3.01176e-08
-6.22037e-08
2.51182e-11
-9.58076e-08
-3.90021e-08
2.51296e-11
-1.61448e-07
-8.90857e-13
2.51486e-11
-2.04965e-07
3.90005e-08
2.48617e-11
-2.04964e-07
6.22022e-08
2.51415e-11
-1.61447e-07
6.18577e-08
2.43919e-11
-9.58061e-08
3.79279e-08
2.52893e-11
-3.01156e-08
2.50986e-11
9.10485e-09
-3.79293e-08
3.41999e-08
9.11704e-09
-6.18589e-08
3.50741e-08
-3.01031e-08
-6.22039e-08
3.65472e-08
-9.57931e-08
-3.9003e-08
3.80172e-08
-1.61433e-07
-2.63986e-12
3.90219e-08
-2.0495e-07
3.89977e-08
3.90217e-08
-2.0495e-07
6.21983e-08
3.80175e-08
-1.61433e-07
6.18533e-08
3.65468e-08
-9.57933e-08
3.79248e-08
3.5074e-08
-3.01033e-08
3.41988e-08
9.11634e-09
-3.70215e-08
5.47789e-08
4.28891e-08
-6.03487e-08
5.61329e-08
5.34925e-09
-6.06639e-08
5.84102e-08
-5.73934e-08
-3.79977e-08
6.06811e-08
-1.201e-07
-1.06743e-12
6.2221e-08
-1.61442e-07
3.79957e-08
6.22207e-08
-1.61442e-07
6.06621e-08
6.0681e-08
-1.20099e-07
6.03473e-08
5.84095e-08
-5.73924e-08
3.70204e-08
5.61329e-08
5.3509e-09
5.47789e-08
4.2891e-08
-3.56717e-08
5.45466e-08
9.50969e-08
-5.81121e-08
5.58812e-08
5.9911e-08
-5.83931e-08
5.81222e-08
1.26811e-09
-3.65284e-08
6.03587e-08
-5.7382e-08
-2.52176e-12
6.18692e-08
-9.57908e-08
3.65233e-08
6.18692e-08
-9.57909e-08
5.83877e-08
6.03589e-08
-5.73816e-08
5.81069e-08
5.81221e-08
1.26766e-09
3.56679e-08
5.58811e-08
5.99108e-08
5.45464e-08
9.50963e-08
-3.43191e-08
3.35182e-08
1.47239e-07
-5.58713e-08
3.43245e-08
1.1443e-07
-5.61157e-08
3.56774e-08
5.99054e-08
-3.50549e-08
3.7027e-08
5.35504e-09
-1.5573e-12
3.79352e-08
-3.01062e-08
3.50519e-08
3.79352e-08
-3.01063e-08
5.61126e-08
3.70269e-08
5.35584e-09
5.58687e-08
3.56772e-08
5.99057e-08
3.43174e-08
3.43244e-08
1.14431e-07
3.35188e-08
1.4724e-07
-3.35126e-08
1.78681e-07
-5.45367e-08
1.47243e-07
-5.47615e-08
9.50955e-08
-3.41808e-08
4.28988e-08
-2.0854e-12
9.11823e-09
3.41768e-08
9.11809e-09
5.47572e-08
4.28996e-08
5.45331e-08
9.50953e-08
3.35106e-08
1.47243e-07
1.78682e-07
-4.06695e-08
-4.06612e-08
2.59982e-07
-6.62637e-08
-4.17791e-08
2.14588e-07
-6.65921e-08
-4.36697e-08
1.39066e-07
-4.16658e-08
-4.55536e-08
6.34981e-08
-1.8178e-12
-4.68427e-08
1.42689e-08
4.16624e-08
-4.68428e-08
1.42688e-08
6.65884e-08
-4.55534e-08
6.34982e-08
6.62611e-08
-4.36697e-08
1.39066e-07
4.06686e-08
-4.17784e-08
2.14587e-07
-4.06615e-08
2.59981e-07
-4.17874e-08
-6.62496e-08
2.14594e-07
-6.81205e-08
-6.81061e-08
1.6707e-07
-6.848e-08
-7.1251e-08
8.78264e-08
-4.28938e-08
-7.4385e-08
8.58044e-09
-2.27637e-12
-7.65392e-08
-4.33213e-08
4.28894e-08
-7.65392e-08
-4.33214e-08
6.84752e-08
-7.43845e-08
8.58034e-09
6.81165e-08
-7.12509e-08
8.78259e-08
4.17851e-08
-6.81051e-08
1.67069e-07
-6.62505e-08
2.14592e-07
-4.3678e-08
-6.65708e-08
1.39064e-07
-7.12654e-08
-6.84582e-08
8.7819e-08
-7.16847e-08
-7.16632e-08
2.06868e-09
-4.49844e-08
-7.48538e-08
-8.36446e-08
-1.14648e-12
-7.70579e-08
-1.40286e-07
4.49824e-08
-7.70581e-08
-1.40286e-07
7.16827e-08
-7.48535e-08
-8.36439e-08
7.1264e-08
-7.16636e-08
2.06971e-09
4.36773e-08
-6.8457e-08
8.78201e-08
-6.65715e-08
1.39065e-07
-4.55614e-08
-4.16443e-08
6.3513e-08
-7.43993e-08
-4.28714e-08
8.5897e-09
-7.48755e-08
-4.49625e-08
-8.36278e-08
-4.70683e-08
-4.70455e-08
-1.75725e-07
-2.55107e-12
-4.84992e-08
-2.37077e-07
4.70633e-08
-4.84994e-08
-2.37077e-07
7.487e-08
-4.70449e-08
-1.75726e-07
7.43941e-08
-4.49628e-08
-8.36286e-08
4.55576e-08
-4.28705e-08
8.58859e-09
-4.16463e-08
6.35106e-08
-4.68506e-08
2.28598e-11
1.42717e-08
-7.65535e-08
2.35279e-11
-4.33242e-08
-7.70794e-08
2.35332e-11
-1.40282e-07
-4.85214e-08
2.36868e-11
-2.37089e-07
-7.98573e-13
2.37691e-11
-3.02023e-07
4.85199e-08
2.34814e-11
-3.02022e-07
7.7078e-08
2.38661e-11
-2.37088e-07
7.65524e-08
2.27151e-11
-1.40281e-07
4.68495e-08
2.43937e-11
-4.33224e-08
2.13717e-11
1.42726e-08
-4.685e-08
4.16816e-08
1.4291e-08
-7.65531e-08
4.29102e-08
-4.33044e-08
-7.70795e-08
4.50016e-08
-1.40262e-07
-4.85222e-08
4.70852e-08
-2.37069e-07
-2.60009e-12
4.85393e-08
-3.02003e-07
4.85169e-08
4.85392e-08
-3.02003e-07
7.70739e-08
4.70856e-08
-2.37069e-07
7.65473e-08
4.50012e-08
-1.40263e-07
4.6845e-08
4.29109e-08
-4.33052e-08
4.16792e-08
1.42881e-08
-4.55609e-08
6.66066e-08
6.3508e-08
-7.43988e-08
6.8495e-08
8.58491e-09
-7.4875e-08
7.17e-08
-8.36328e-08
-4.70674e-08
7.48909e-08
-1.75731e-07
-9.05354e-13
7.70953e-08
-2.37082e-07
4.70656e-08
7.7095e-08
-2.37082e-07
7.48735e-08
7.4891e-08
-1.7573e-07
7.43972e-08
7.16993e-08
-8.36318e-08
4.55586e-08
6.84957e-08
8.5869e-09
6.66054e-08
6.35081e-08
-4.36763e-08
6.62686e-08
1.39092e-07
-7.1264e-08
6.81264e-08
8.78473e-08
-7.16842e-08
7.12716e-08
2.0969e-09
-4.49847e-08
7.4406e-08
-8.36163e-08
-2.38153e-12
7.65605e-08
-1.40258e-07
4.49797e-08
7.65605e-08
-1.40258e-07
7.16791e-08
7.44064e-08
-8.36164e-08
7.12582e-08
7.12715e-08
2.09626e-09
4.36704e-08
6.8127e-08
8.7847e-08
6.62669e-08
1.39089e-07
-4.17858e-08
4.06675e-08
2.14607e-07
-6.81191e-08
4.17864e-08
1.67084e-07
-6.84791e-08
4.36772e-08
8.78403e-08
-4.28929e-08
4.55614e-08
8.59415e-09
-1.38804e-12
4.68507e-08
-4.33074e-08
4.28901e-08
4.68507e-08
-4.33075e-08
6.84765e-08
4.55616e-08
8.59461e-09
6.8116e-08
4.36773e-08
8.78406e-08
4.17816e-08
4.17872e-08
1.67085e-07
4.06668e-08
2.14606e-07
-4.06667e-08
2.60002e-07
-6.62613e-08
2.1461e-07
-6.65908e-08
1.39088e-07
-4.16651e-08
6.35199e-08
-1.74237e-12
1.42907e-08
4.16615e-08
1.42904e-08
6.65872e-08
6.35199e-08
6.62565e-08
1.39087e-07
4.06605e-08
2.1461e-07
2.59998e-07
-5.10147e-08
-5.10056e-08
3.61991e-07
-8.3242e-08
-5.26094e-08
2.99414e-07
-8.37385e-08
-5.53455e-08
1.94897e-07
-5.25482e-08
-5.80677e-08
9.03654e-08
-1.62084e-12
-5.99654e-08
2.1678e-08
5.2545e-08
-5.99654e-08
2.16782e-08
8.37356e-08
-5.80676e-08
9.03659e-08
8.32391e-08
-5.53455e-08
1.94899e-07
5.10106e-08
-5.26093e-08
2.99415e-07
-5.10049e-08
3.61992e-07
-5.26184e-08
-8.32258e-08
2.99421e-07
-8.59153e-08
-8.58991e-08
2.33645e-07
-8.64631e-08
-9.04706e-08
1.23488e-07
-5.43352e-08
-9.50188e-08
1.33927e-08
-2.16352e-12
-9.82065e-08
-5.94238e-08
5.43309e-08
-9.82065e-08
-5.94238e-08
8.64588e-08
-9.50184e-08
1.33927e-08
8.59111e-08
-9.04705e-08
1.23488e-07
5.26137e-08
-8.58989e-08
2.33645e-07
-8.32256e-08
2.9942e-07
-5.53548e-08
-8.37139e-08
1.94895e-07
-9.04869e-08
-8.64386e-08
1.23478e-07
-9.11364e-08
-9.11123e-08
3.34802e-09
-5.74134e-08
-9.57561e-08
-1.16642e-07
-9.97648e-13
-9.90314e-08
-1.96885e-07
5.74115e-08
-9.90316e-08
-1.96885e-07
9.11348e-08
-9.5756e-08
-1.16641e-07
9.04856e-08
-9.11126e-08
3.35003e-09
5.53525e-08
-8.64384e-08
1.23481e-07
-8.37136e-08
1.94898e-07
-5.80769e-08
-5.25225e-08
9.03834e-08
-9.50351e-08
-5.43094e-08
1.34036e-08
-9.57804e-08
-5.73882e-08
-1.16621e-07
-6.04752e-08
-6.04492e-08
-2.46352e-07
-2.51441e-12
-6.26363e-08
-3.33958e-07
6.04701e-08
-6.26365e-08
-3.33959e-07
9.57751e-08
-6.04488e-08
-2.46352e-07
9.50298e-08
-5.73884e-08
-1.16621e-07
5.80718e-08
-5.43094e-08
1.34033e-08
-5.25234e-08
9.03822e-08
-5.99752e-08
2.74657e-11
2.1681e-08
-9.82233e-08
2.71479e-11
-5.94285e-08
-9.90555e-08
2.69716e-11
-1.9688e-07
-6.26617e-08
2.69499e-11
-3.33974e-07
-7.4948e-13
2.69422e-11
-4.27362e-07
6.26603e-08
2.66314e-11
-4.27362e-07
9.90544e-08
2.6931e-11
-3.33973e-07
9.82224e-08
2.61885e-11
-1.96878e-07
5.99738e-08
2.70588e-11
-5.94257e-08
2.72695e-11
2.16841e-08
-5.99751e-08
5.25693e-08
2.17046e-08
-9.82232e-08
5.43559e-08
-5.94046e-08
-9.90558e-08
5.74347e-08
-1.96856e-07
-6.26626e-08
6.04958e-08
-3.3395e-07
-2.68997e-12
6.26832e-08
-4.27338e-07
6.26572e-08
6.26831e-08
-4.27338e-07
9.90501e-08
6.0496e-08
-3.3395e-07
9.82176e-08
5.74342e-08
-1.96857e-07
5.99704e-08
5.43555e-08
-5.9405e-08
5.25683e-08
2.17032e-08
-5.8078e-08
8.37575e-08
9.03777e-08
-9.50359e-08
8.64816e-08
1.33973e-08
-9.57804e-08
9.11551e-08
-1.16628e-07
-6.04745e-08
9.5799e-08
-2.46359e-07
-9.73674e-13
9.90743e-08
-3.33965e-07
6.04727e-08
9.9074e-08
-3.33965e-07
9.57788e-08
9.57989e-08
-2.46357e-07
9.50348e-08
9.11545e-08
-1.16627e-07
5.80772e-08
8.64815e-08
1.33995e-08
8.37577e-08
9.03804e-08
-5.53556e-08
8.32544e-08
1.94927e-07
-9.04873e-08
8.59271e-08
1.23511e-07
-9.11367e-08
9.04985e-08
3.38042e-09
-5.74141e-08
9.5047e-08
-1.16609e-07
-2.5833e-12
9.82349e-08
-1.96853e-07
5.7409e-08
9.82348e-08
-1.96853e-07
9.11311e-08
9.50472e-08
-1.16609e-07
9.0482e-08
9.04984e-08
3.37944e-09
5.5352e-08
8.59267e-08
1.2351e-07
8.32545e-08
1.94926e-07
-5.26199e-08
5.10237e-08
2.99435e-07
-8.5916e-08
5.26264e-08
2.33659e-07
-8.64629e-08
5.53624e-08
1.23501e-07
-5.43349e-08
5.80845e-08
1.34069e-08
-1.53082e-12
5.99823e-08
-5.94097e-08
5.4332e-08
5.99822e-08
-5.94099e-08
8.64599e-08
5.80844e-08
1.34079e-08
8.59136e-08
5.53622e-08
1.23502e-07
5.26186e-08
5.26261e-08
2.3366e-07
5.10246e-08
2.99436e-07
-5.1017e-08
3.6202e-07
-8.32434e-08
2.99442e-07
-8.37387e-08
1.94925e-07
-5.25484e-08
9.03937e-08
-2.1333e-12
2.17065e-08
5.25443e-08
2.17061e-08
8.37342e-08
9.03945e-08
8.32399e-08
1.94924e-07
5.10156e-08
2.99442e-07
3.62022e-07
-6.53047e-08
-6.52961e-08
4.92577e-07
-1.06735e-07
-6.76307e-08
4.0846e-07
-1.07494e-07
-7.16552e-08
2.67298e-07
-6.76874e-08
-7.56514e-08
1.26197e-07
-1.91024e-12
-7.84944e-08
3.24741e-08
6.76839e-08
-7.84945e-08
3.24741e-08
1.0749e-07
-7.56511e-08
1.26198e-07
1.06732e-07
-7.16551e-08
2.67299e-07
6.53039e-08
-6.76298e-08
4.0846e-07
-6.52964e-08
4.92577e-07
-6.76394e-08
-1.0672e-07
4.08469e-07
-1.10643e-07
-1.10627e-07
3.1963e-07
-1.11489e-07
-1.17382e-07
1.70047e-07
-7.03316e-08
-1.2409e-07
2.06604e-08
-2.39209e-12
-1.28893e-07
-7.93681e-08
7.0327e-08
-1.28893e-07
-7.93682e-08
1.11484e-07
-1.24089e-07
2.06606e-08
1.10638e-07
-1.17382e-07
1.70046e-07
6.7637e-08
-1.10626e-07
3.1963e-07
-1.06721e-07
4.08467e-07
-7.16639e-08
-1.07472e-07
2.67296e-07
-1.17397e-07
-1.11466e-07
1.70036e-07
-1.18419e-07
-1.18396e-07
5.36935e-09
-7.49441e-08
-1.25267e-07
-1.58953e-07
-1.0966e-12
-1.30225e-07
-2.70509e-07
7.49423e-08
-1.30225e-07
-2.70509e-07
1.18417e-07
-1.25266e-07
-1.58951e-07
1.17396e-07
-1.18396e-07
5.37133e-09
7.16632e-08
-1.11464e-07
1.70038e-07
-1.07472e-07
2.67298e-07
-7.56596e-08
-6.76648e-08
1.26219e-07
-1.24105e-07
-7.03077e-08
2.06735e-08
-1.2529e-07
-7.49208e-08
-1.58928e-07
-7.95216e-08
-7.94973e-08
-3.37906e-07
-2.66699e-12
-8.28543e-08
-4.60865e-07
7.95163e-08
-8.28545e-08
-4.60865e-07
1.25284e-07
-7.94966e-08
-3.37906e-07
1.24099e-07
-7.49212e-08
-1.58929e-07
7.56555e-08
-7.03066e-08
2.06728e-08
-6.76668e-08
1.26216e-07
-7.85026e-08
2.4021e-11
3.24777e-08
-1.28908e-07
2.48272e-11
-7.93728e-08
-1.30248e-07
2.48556e-11
-2.70503e-07
-8.28779e-08
2.50467e-11
-4.60883e-07
-6.59278e-13
2.51538e-11
-5.93135e-07
8.28767e-08
2.48554e-11
-5.93135e-07
1.30247e-07
2.53038e-11
-4.60882e-07
1.28907e-07
2.40017e-11
-2.70501e-07
7.85014e-08
2.58899e-11
-7.93697e-08
2.23373e-11
3.24801e-08
-7.85018e-08
6.77043e-08
3.25055e-08
-1.28907e-07
7.03491e-08
-7.93441e-08
-1.30248e-07
7.49626e-08
-2.70474e-07
-8.28788e-08
7.95397e-08
-4.60854e-07
-2.67234e-12
8.28973e-08
-5.93107e-07
8.28733e-08
8.28971e-08
-5.93107e-07
1.30242e-07
7.95402e-08
-4.60854e-07
1.28901e-07
7.49621e-08
-2.70475e-07
7.84963e-08
7.03499e-08
-7.93446e-08
6.77017e-08
3.2502e-08
-7.5659e-08
1.07509e-07
1.26212e-07
-1.24104e-07
1.11505e-07
2.06667e-08
-1.25289e-07
1.18435e-07
-1.58935e-07
-7.95205e-08
1.25306e-07
-3.37913e-07
-7.62668e-13
1.30265e-07
-4.60872e-07
7.9519e-08
1.30264e-07
-4.60872e-07
1.25288e-07
1.25306e-07
-3.37912e-07
1.24103e-07
1.18434e-07
-1.58934e-07
7.56563e-08
1.11505e-07
2.06699e-08
1.07508e-07
1.26213e-07
-7.16618e-08
1.0674e-07
2.67336e-07
-1.17396e-07
1.10649e-07
1.70077e-07
-1.18418e-07
1.17404e-07
5.41027e-09
-7.49443e-08
1.24112e-07
-1.58912e-07
-2.42458e-12
1.28915e-07
-2.70468e-07
7.49393e-08
1.28915e-07
-2.70468e-07
1.18413e-07
1.24112e-07
-1.58911e-07
1.1739e-07
1.17404e-07
5.40958e-09
7.16551e-08
1.1065e-07
1.70077e-07
1.06738e-07
2.67332e-07
-6.76374e-08
6.53015e-08
4.08488e-07
-1.10641e-07
6.76375e-08
3.19651e-07
-1.11488e-07
7.16622e-08
1.70067e-07
-7.03305e-08
7.56588e-08
2.06801e-08
-1.3116e-12
7.85018e-08
-7.93481e-08
7.03278e-08
7.85018e-08
-7.93483e-08
1.11485e-07
7.56591e-08
2.0681e-08
1.10638e-07
7.16622e-08
1.70068e-07
6.76326e-08
6.76382e-08
3.19653e-07
6.53005e-08
4.08488e-07
-6.53012e-08
4.92606e-07
-1.06732e-07
4.08492e-07
-1.07493e-07
2.6733e-07
-6.76867e-08
1.26229e-07
-1.71526e-12
3.25055e-08
6.7683e-08
3.25052e-08
1.07489e-07
1.26229e-07
1.06727e-07
2.6733e-07
6.52941e-08
4.08494e-07
4.92602e-07
-8.45476e-08
-8.45378e-08
6.6165e-07
-1.38447e-07
-8.79585e-08
5.50306e-07
-1.3962e-07
-9.39176e-08
3.62376e-07
-8.82666e-08
-9.98225e-08
1.74655e-07
-1.42269e-12
-1.04118e-07
4.83163e-08
8.82638e-08
-1.04118e-07
4.83168e-08
1.39617e-07
-9.98224e-08
1.74657e-07
1.38445e-07
-9.39177e-08
3.62379e-07
8.45433e-08
-8.79585e-08
5.5031e-07
-8.45371e-08
6.61654e-07
-8.79682e-08
-1.38429e-07
5.50314e-07
-1.44197e-07
-1.44179e-07
4.32066e-07
-1.45516e-07
-1.5423e-07
2.31664e-07
-9.22086e-08
-1.64191e-07
3.17082e-08
-2.09258e-12
-1.71494e-07
-1.04211e-07
9.22044e-08
-1.71494e-07
-1.04211e-07
1.45512e-07
-1.6419e-07
3.1709e-08
1.44193e-07
-1.5423e-07
2.31666e-07
8.79632e-08
-1.44179e-07
4.32068e-07
-1.38429e-07
5.50316e-07
-9.39277e-08
-1.39593e-07
3.62373e-07
-1.54248e-07
-1.45489e-07
2.31652e-07
-1.55869e-07
-1.55843e-07
8.58898e-09
-9.91805e-08
-1.66084e-07
-2.13761e-07
-7.41607e-13
-1.73666e-07
-3.67529e-07
9.91791e-08
-1.73666e-07
-3.67529e-07
1.55868e-07
-1.66084e-07
-2.13759e-07
1.54248e-07
-1.55843e-07
8.59273e-09
9.39255e-08
-1.45489e-07
2.31657e-07
-1.39592e-07
3.62379e-07
-9.98324e-08
-8.82376e-08
1.74678e-07
-1.64209e-07
-9.21797e-08
3.17223e-08
-1.66111e-07
-9.91522e-08
-2.13734e-07
-1.06082e-07
-1.06053e-07
-4.57983e-07
-2.5249e-12
-1.11266e-07
-6.2936e-07
1.06077e-07
-1.11266e-07
-6.2936e-07
1.66105e-07
-1.06053e-07
-4.57982e-07
1.64203e-07
-9.91526e-08
-2.13733e-07
9.98271e-08
-9.21799e-08
3.17233e-08
-8.82387e-08
1.74678e-07
-1.04129e-07
3.06125e-11
4.83198e-08
-1.71513e-07
3.01427e-11
-1.04217e-07
-1.73692e-07
2.98487e-11
-3.67523e-07
-1.11295e-07
2.97603e-11
-6.29381e-07
-5.23344e-13
2.9689e-11
-8.15743e-07
1.11294e-07
2.9337e-11
-8.15742e-07
1.73692e-07
2.96786e-11
-6.29379e-07
1.71512e-07
2.89071e-11
-3.6752e-07
1.04128e-07
2.98441e-11
-1.04212e-07
3.03399e-11
4.83264e-08
-1.04129e-07
8.82911e-08
4.83506e-08
-1.71513e-07
9.22327e-08
-1.04186e-07
-1.73693e-07
9.92051e-08
-3.67492e-07
-1.11296e-07
1.06106e-07
-6.2935e-07
-2.76857e-12
1.11319e-07
-8.15711e-07
1.1129e-07
1.11319e-07
-8.15712e-07
1.73687e-07
1.06106e-07
-6.29349e-07
1.71507e-07
9.92045e-08
-3.67492e-07
1.04124e-07
9.22321e-08
-1.04185e-07
8.829e-08
4.83504e-08
-9.9834e-08
1.39641e-07
1.74672e-07
-1.6421e-07
1.45537e-07
3.17149e-08
-1.66111e-07
1.5589e-07
-2.13743e-07
-1.06081e-07
1.66132e-07
-4.57991e-07
-8.3517e-13
1.73713e-07
-6.29369e-07
1.0608e-07
1.73713e-07
-6.29369e-07
1.6611e-07
1.66131e-07
-4.57989e-07
1.64209e-07
1.5589e-07
-2.1374e-07
9.98336e-08
1.45537e-07
3.17194e-08
1.39641e-07
1.74678e-07
-9.39288e-08
1.38462e-07
3.62416e-07
-1.54249e-07
1.44211e-07
2.31696e-07
-1.5587e-07
1.54262e-07
8.63245e-09
-9.91815e-08
1.64223e-07
-2.13718e-07
-2.6777e-12
1.71526e-07
-3.67486e-07
9.91762e-08
1.71526e-07
-3.67487e-07
1.55864e-07
1.64223e-07
-2.13717e-07
1.54244e-07
1.54262e-07
8.63206e-09
9.39253e-08
1.44211e-07
2.31696e-07
1.38462e-07
3.62416e-07
-8.79704e-08
8.45583e-08
5.50335e-07
-1.44199e-07
8.79778e-08
4.32086e-07
-1.45516e-07
9.39367e-08
2.31684e-07
-9.22085e-08
9.98414e-08
3.17281e-08
-1.50465e-12
1.04137e-07
-1.04192e-07
9.22058e-08
1.04137e-07
-1.04192e-07
1.45513e-07
9.98413e-08
3.17301e-08
1.44196e-07
9.39365e-08
2.31685e-07
8.79694e-08
8.79775e-08
4.32089e-07
8.45594e-08
5.50339e-07
-8.45507e-08
6.61689e-07
-1.38449e-07
5.50343e-07
-1.3962e-07
3.62413e-07
-8.8267e-08
1.74693e-07
-2.17968e-12
4.83539e-08
8.82629e-08
4.83536e-08
1.39616e-07
1.74695e-07
1.38446e-07
3.62413e-07
8.45497e-08
5.50345e-07
6.61693e-07
-1.10091e-07
-1.10082e-07
8.81804e-07
-1.80651e-07
-1.15098e-07
7.35946e-07
-1.82462e-07
-1.2394e-07
4.88109e-07
-1.15883e-07
-1.32681e-07
2.40741e-07
-1.97736e-12
-1.39201e-07
7.16203e-08
1.15879e-07
-1.39201e-07
7.16206e-08
1.82458e-07
-1.32681e-07
2.40743e-07
1.80649e-07
-1.23939e-07
4.88112e-07
1.1009e-07
-1.15096e-07
7.35949e-07
-1.10082e-07
8.81808e-07
-1.15106e-07
-1.80636e-07
7.35956e-07
-1.89123e-07
-1.89107e-07
5.80075e-07
-1.91183e-07
-2.04101e-07
3.13868e-07
-1.21778e-07
-2.18926e-07
4.85313e-08
-2.4811e-12
-2.30088e-07
-1.35116e-07
1.21773e-07
-2.30088e-07
-1.35115e-07
1.91177e-07
-2.18925e-07
4.85329e-08
1.89119e-07
-2.041e-07
3.13869e-07
1.15104e-07
-1.89105e-07
5.80077e-07
-1.80637e-07
7.35956e-07
-1.23948e-07
-1.8244e-07
4.88107e-07
-2.04117e-07
-1.91159e-07
3.13855e-07
-2.06699e-07
-2.06676e-07
1.37303e-08
-1.32363e-07
-2.21986e-07
-2.85054e-07
-9.54095e-13
-2.33649e-07
-4.96347e-07
1.32361e-07
-2.33649e-07
-4.96346e-07
2.06698e-07
-2.21985e-07
-2.85051e-07
2.04116e-07
-2.06676e-07
1.37347e-08
1.23948e-07
-1.91157e-07
3.13861e-07
-1.8244e-07
4.88113e-07
-1.32689e-07
-1.15859e-07
2.40765e-07
-2.18942e-07
-1.21752e-07
4.85465e-08
-2.22009e-07
-1.32338e-07
-2.85026e-07
-1.42813e-07
-1.42787e-07
-6.16398e-07
-2.75451e-12
-1.50948e-07
-8.54892e-07
1.42807e-07
-1.50948e-07
-8.54892e-07
2.22003e-07
-1.42786e-07
-6.16397e-07
2.18936e-07
-1.32338e-07
-2.85025e-07
1.32685e-07
-1.21751e-07
4.85483e-08
-1.15861e-07
2.40764e-07
-1.39209e-07
2.47116e-11
7.16241e-08
-2.30104e-07
2.57787e-11
-1.35121e-07
-2.33672e-07
2.58172e-11
-4.96339e-07
-1.50973e-07
2.60544e-11
-8.54913e-07
-3.6374e-13
2.61932e-11
-1.11771e-06
1.50972e-07
2.59009e-11
-1.11771e-06
2.33671e-07
2.64451e-11
-8.5491e-07
2.30103e-07
2.49691e-11
-4.96335e-07
1.39208e-07
2.70887e-11
-1.35114e-07
2.30486e-11
7.16303e-08
-1.39208e-07
1.15901e-07
7.16566e-08
-2.30103e-07
1.21797e-07
-1.35087e-07
-2.33672e-07
1.32383e-07
-4.96306e-07
-1.50974e-07
1.42832e-07
-8.54879e-07
-2.67386e-12
1.50994e-07
-1.11768e-06
1.50968e-07
1.50994e-07
-1.11768e-06
2.33666e-07
1.42833e-07
-8.54878e-07
2.30097e-07
1.32382e-07
-4.96305e-07
1.39202e-07
1.21798e-07
-1.35085e-07
1.15898e-07
7.1655e-08
-1.32688e-07
1.82477e-07
2.40759e-07
-2.18941e-07
1.91199e-07
4.85407e-08
-2.22008e-07
2.06716e-07
-2.85033e-07
-1.42811e-07
2.22026e-07
-6.16405e-07
-4.39864e-13
2.33689e-07
-8.54899e-07
1.4281e-07
2.33689e-07
-8.54899e-07
2.22008e-07
2.22026e-07
-6.16402e-07
2.1894e-07
2.06715e-07
-2.85029e-07
1.32686e-07
1.912e-07
4.85477e-08
1.82476e-07
2.40763e-07
-1.23945e-07
1.80656e-07
4.88154e-07
-2.04115e-07
1.8913e-07
3.13905e-07
-2.06698e-07
2.04123e-07
1.37795e-08
-1.32363e-07
2.18949e-07
-2.85005e-07
-2.38032e-12
2.30112e-07
-4.96298e-07
1.32358e-07
2.30112e-07
-4.96298e-07
2.06693e-07
2.1895e-07
-2.85004e-07
2.04108e-07
2.04123e-07
1.37806e-08
1.23938e-07
1.8913e-07
3.13908e-07
1.80654e-07
4.88152e-07
-1.15104e-07
1.10086e-07
7.35981e-07
-1.89121e-07
1.15103e-07
5.80102e-07
-1.91181e-07
1.23945e-07
3.13894e-07
-1.21776e-07
1.32687e-07
4.85572e-08
-1.07385e-12
1.39207e-07
-1.3509e-07
1.21774e-07
1.39207e-07
-1.3509e-07
1.91179e-07
1.32688e-07
4.85596e-08
1.89118e-07
1.23945e-07
3.13897e-07
1.15098e-07
1.15104e-07
5.80108e-07
1.10085e-07
7.35983e-07
-1.10086e-07
8.81839e-07
-1.80648e-07
7.35985e-07
-1.8246e-07
4.88148e-07
-1.15882e-07
2.40778e-07
-1.52572e-12
7.16577e-08
1.15878e-07
7.16578e-08
1.82457e-07
2.4078e-07
1.80642e-07
4.8815e-07
1.10078e-07
7.3599e-07
8.81837e-07
-1.43643e-07
-1.43631e-07
1.16907e-06
-2.36271e-07
-1.5098e-07
9.79542e-07
-2.39076e-07
-1.64098e-07
6.55002e-07
-1.52648e-07
-1.77037e-07
3.3134e-07
-8.97774e-13
-1.86957e-07
1.05921e-07
1.52647e-07
-1.86957e-07
1.05923e-07
2.39074e-07
-1.77037e-07
3.31345e-07
2.36269e-07
-1.64099e-07
6.5501e-07
1.43638e-07
-1.5098e-07
9.79553e-07
-1.43631e-07
1.16908e-06
-1.50991e-07
-2.36249e-07
9.79551e-07
-2.48746e-07
-2.48724e-07
7.7556e-07
-2.51971e-07
-2.71101e-07
4.24083e-07
-1.61474e-07
-2.93174e-07
7.4159e-08
-1.78831e-12
-3.10292e-07
-1.73264e-07
1.61471e-07
-3.10292e-07
-1.73263e-07
2.51968e-07
-2.93174e-07
7.41625e-08
2.48742e-07
-2.71101e-07
4.24089e-07
1.50986e-07
-2.48725e-07
7.75567e-07
-2.36249e-07
9.7956e-07
-1.6411e-07
-2.39044e-07
6.54997e-07
-2.71123e-07
-2.51941e-07
4.24069e-07
-2.75254e-07
-2.75224e-07
2.19706e-08
-1.77589e-07
-2.98134e-07
-3.77773e-07
-1.49453e-13
-3.16158e-07
-6.68081e-07
1.77589e-07
-3.16159e-07
-6.6808e-07
2.75254e-07
-2.98134e-07
-3.77768e-07
2.71123e-07
-2.75225e-07
2.19787e-08
1.64108e-07
-2.51941e-07
4.2408e-07
-2.39044e-07
6.55012e-07
-1.77048e-07
-1.52614e-07
3.31363e-07
-2.93195e-07
-1.6144e-07
7.41734e-08
-2.98164e-07
-1.77555e-07
-3.77745e-07
-1.93452e-07
-1.93417e-07
-8.25845e-07
-2.36151e-12
-2.06282e-07
-1.15824e-06
1.93447e-07
-2.06282e-07
-1.15823e-06
2.98159e-07
-1.93417e-07
-8.25842e-07
2.9319e-07
-1.77556e-07
-3.7774e-07
1.77043e-07
-1.6144e-07
7.41794e-08
-1.52615e-07
3.3137e-07
-1.8697e-07
3.6327e-11
1.05923e-07
-3.10314e-07
3.55402e-11
-1.73272e-07
-3.16189e-07
3.51277e-11
-6.68076e-07
-2.06315e-07
3.4901e-11
-1.15826e-06
-5.78315e-14
3.47006e-11
-1.53036e-06
2.06315e-07
3.4272e-11
-1.53036e-06
3.16189e-07
3.4655e-11
-1.15825e-06
3.10315e-07
3.38564e-11
-6.68068e-07
1.86969e-07
3.4935e-11
-1.73261e-07
3.59882e-11
1.05938e-07
-1.8697e-07
1.52679e-07
1.05956e-07
-3.10314e-07
1.61504e-07
-1.73238e-07
-3.16189e-07
1.77619e-07
-6.68042e-07
-2.06316e-07
1.93481e-07
-1.15822e-06
-2.76753e-12
2.06346e-07
-1.53033e-06
2.06311e-07
2.06345e-07
-1.53033e-06
3.16184e-07
1.93481e-07
-1.15822e-06
3.10309e-07
1.77619e-07
-6.68038e-07
1.86965e-07
1.61503e-07
-1.73233e-07
1.52678e-07
1.05963e-07
-1.7705e-07
2.39102e-07
3.31358e-07
-2.93197e-07
2.51997e-07
7.41671e-08
-2.98165e-07
2.7528e-07
-3.77752e-07
-1.93451e-07
2.98189e-07
-8.25854e-07
-5.23909e-13
3.16214e-07
-1.15824e-06
1.93451e-07
3.16213e-07
-1.15824e-06
2.98164e-07
2.98189e-07
-8.25849e-07
2.93197e-07
2.75279e-07
-3.77746e-07
1.77051e-07
2.51996e-07
7.41768e-08
2.39102e-07
3.31371e-07
-1.64112e-07
2.3629e-07
6.55045e-07
-2.71124e-07
2.48764e-07
4.24117e-07
-2.75255e-07
2.7114e-07
2.2018e-08
-1.7759e-07
2.93213e-07
-3.77726e-07
-2.71372e-12
3.10332e-07
-6.68035e-07
1.77585e-07
3.10332e-07
-6.68035e-07
2.7525e-07
2.93213e-07
-3.77723e-07
2.71119e-07
2.7114e-07
2.20206e-08
1.64108e-07
2.48763e-07
4.24122e-07
2.3629e-07
6.55051e-07
-1.50994e-07
1.43656e-07
9.79575e-07
-2.48748e-07
1.51003e-07
7.75583e-07
-2.51972e-07
1.64121e-07
4.24105e-07
-1.61474e-07
1.77059e-07
7.41817e-08
-1.35457e-12
1.8698e-07
-1.73242e-07
1.61472e-07
1.8698e-07
-1.73242e-07
2.5197e-07
1.77059e-07
7.41861e-08
2.48746e-07
1.64121e-07
4.2411e-07
1.50994e-07
1.51003e-07
7.75591e-07
1.43658e-07
9.79585e-07
-1.43647e-07
1.16911e-06
-2.36274e-07
9.79584e-07
-2.39077e-07
6.55042e-07
-1.52649e-07
3.3138e-07
-2.1372e-12
1.05961e-07
1.52645e-07
1.05962e-07
2.39073e-07
3.31385e-07
2.36271e-07
6.55046e-07
1.43647e-07
9.79591e-07
1.16912e-06
-1.87401e-07
-1.87393e-07
1.54384e-06
-3.09065e-07
-1.9813e-07
1.29931e-06
-3.13405e-07
-2.17567e-07
8.76886e-07
-2.01345e-07
-2.3669e-07
4.55948e-07
-1.72292e-12
-2.51812e-07
1.56368e-07
2.01342e-07
-2.51812e-07
1.56368e-07
3.13401e-07
-2.3669e-07
4.55951e-07
3.09063e-07
-2.17567e-07
8.7689e-07
1.87402e-07
-1.98128e-07
1.29932e-06
-1.87393e-07
1.54384e-06
-1.98138e-07
-3.0905e-07
1.29932e-06
-3.27396e-07
-3.2738e-07
1.03404e-06
-3.32448e-07
-3.60751e-07
5.72297e-07
-2.14557e-07
-3.93586e-07
1.13142e-07
-2.27478e-12
-4.19908e-07
-2.19746e-07
2.14553e-07
-4.19908e-07
-2.19745e-07
3.32443e-07
-3.93585e-07
1.13145e-07
3.27392e-07
-3.6075e-07
5.723e-07
1.98137e-07
-3.27378e-07
1.03405e-06
-3.09051e-07
1.29932e-06
-2.17576e-07
-3.13383e-07
8.76886e-07
-3.60767e-07
-3.32426e-07
5.72287e-07
-3.67391e-07
-3.67369e-07
3.51925e-08
-2.39137e-07
-4.01654e-07
-4.97979e-07
-4.64018e-13
-4.29622e-07
-8.97524e-07
2.39136e-07
-4.29622e-07
-8.97523e-07
3.6739e-07
-4.01653e-07
-4.97975e-07
3.60767e-07
-3.67369e-07
3.51989e-08
2.17577e-07
-3.32424e-07
5.72297e-07
-3.13383e-07
8.76892e-07
-2.36698e-07
-2.01321e-07
4.55973e-07
-3.93602e-07
-2.14532e-07
1.13158e-07
-4.01676e-07
-2.39112e-07
-4.97953e-07
-2.63259e-07
-2.63233e-07
-1.10271e-06
-2.58103e-12
-2.83643e-07
-1.5675e-06
2.63254e-07
-2.83643e-07
-1.5675e-06
4.01671e-07
-2.63232e-07
-1.10271e-06
3.93597e-07
-2.39112e-07
-4.9795e-07
2.36694e-07
-2.1453e-07
1.13164e-07
-2.01324e-07
4.55973e-07
-2.51819e-07
2.41059e-11
1.56376e-07
-4.19924e-07
2.55613e-11
-2.19747e-07
-4.29644e-07
2.55086e-11
-8.97515e-07
-2.83668e-07
2.57496e-11
-1.56751e-06
1.86469e-13
2.59275e-11
-2.09772e-06
2.83669e-07
2.56606e-11
-2.09772e-06
4.29644e-07
2.63451e-11
-1.56751e-06
4.19924e-07
2.46883e-11
-8.97508e-07
2.51819e-07
2.72504e-11
-2.19736e-07
2.22694e-11
1.56383e-07
-2.51818e-07
2.01363e-07
1.56409e-07
-4.19923e-07
2.14577e-07
-2.19714e-07
-4.29644e-07
2.39158e-07
-8.97481e-07
-2.83669e-07
2.6328e-07
-1.56748e-06
-2.31756e-12
2.83691e-07
-2.09769e-06
2.83664e-07
2.8369e-07
-2.09769e-06
4.29638e-07
2.6328e-07
-1.56748e-06
4.19917e-07
2.39157e-07
-8.97479e-07
2.51812e-07
2.14578e-07
-2.19709e-07
2.01359e-07
1.56408e-07
-2.36697e-07
3.13419e-07
4.55975e-07
-3.93601e-07
3.32464e-07
1.13161e-07
-4.01676e-07
3.67407e-07
-4.97951e-07
-2.63258e-07
4.01692e-07
-1.10271e-06
1.52413e-13
4.2966e-07
-1.5675e-06
2.63258e-07
4.2966e-07
-1.56749e-06
4.01676e-07
4.01692e-07
-1.1027e-06
3.93601e-07
3.67406e-07
-4.97945e-07
2.36694e-07
3.32465e-07
1.13171e-07
3.13417e-07
4.55981e-07
-2.17572e-07
3.09069e-07
8.76939e-07
-3.60764e-07
3.27402e-07
5.72341e-07
-3.6739e-07
3.60773e-07
3.52465e-08
-2.39137e-07
3.9361e-07
-4.97926e-07
-2.01739e-12
4.19931e-07
-8.97471e-07
2.39133e-07
4.19931e-07
-8.97471e-07
3.67386e-07
3.9361e-07
-4.97924e-07
3.60758e-07
3.60773e-07
3.52495e-08
2.17565e-07
3.27402e-07
5.72347e-07
3.09066e-07
8.76938e-07
-1.98135e-07
1.87394e-07
1.29936e-06
-3.27393e-07
1.98133e-07
1.03408e-06
-3.32447e-07
2.1757e-07
5.72334e-07
-2.14556e-07
2.36694e-07
1.13178e-07
-4.45096e-13
2.51816e-07
-2.1971e-07
2.14555e-07
2.51816e-07
-2.1971e-07
3.32446e-07
2.36694e-07
1.13182e-07
3.2739e-07
2.17571e-07
5.72339e-07
1.98129e-07
1.98134e-07
1.03409e-06
1.87393e-07
1.29936e-06
-1.87396e-07
1.54388e-06
-3.09061e-07
1.29936e-06
-3.13403e-07
8.76935e-07
-2.01343e-07
4.55995e-07
-9.12002e-13
1.56414e-07
2.01341e-07
1.56415e-07
3.134e-07
4.55998e-07
3.09055e-07
8.76938e-07
1.87387e-07
1.29937e-06
1.54388e-06
-2.44073e-07
-2.4406e-07
2.03195e-06
-4.0374e-07
-2.59701e-07
1.71866e-06
-4.10456e-07
-2.88444e-07
1.17202e-06
-2.65582e-07
-3.1665e-07
6.27703e-07
-2.20005e-14
-3.39732e-07
2.30498e-07
2.65582e-07
-3.39732e-07
2.305e-07
4.10456e-07
-3.1665e-07
6.27709e-07
4.03739e-07
-2.88444e-07
1.17203e-06
2.44067e-07
-2.59701e-07
1.71867e-06
-2.44059e-07
2.03196e-06
-2.59712e-07
-4.03715e-07
1.71866e-06
-4.30602e-07
-4.30578e-07
1.37578e-06
-4.38524e-07
-4.80277e-07
7.72025e-07
-2.85354e-07
-5.29054e-07
1.72352e-07
-1.08859e-12
-5.69621e-07
-2.75233e-07
2.85352e-07
-5.69621e-07
-2.75231e-07
4.38522e-07
-5.29054e-07
1.72357e-07
4.30599e-07
-4.80277e-07
7.72034e-07
2.59707e-07
-4.30578e-07
1.3758e-06
-4.03715e-07
1.71868e-06
-2.88456e-07
-4.10421e-07
1.17202e-06
-4.80302e-07
-4.3849e-07
7.72018e-07
-4.90949e-07
-4.90915e-07
5.64516e-08
-3.22903e-07
-5.42206e-07
-6.52897e-07
6.43788e-13
-5.85777e-07
-1.2043e-06
3.22905e-07
-5.85777e-07
-1.20429e-06
4.90951e-07
-5.42206e-07
-6.5289e-07
4.80304e-07
-4.90915e-07
5.64623e-08
2.88454e-07
-4.3849e-07
7.72032e-07
-4.1042e-07
1.17204e-06
-3.16662e-07
-2.65542e-07
6.27721e-07
-5.29079e-07
-2.85313e-07
1.72362e-07
-5.4224e-07
-3.22864e-07
-6.52878e-07
-3.59641e-07
-3.59601e-07
-1.46795e-06
-1.75146e-12
-3.92203e-07
-2.12074e-06
3.59638e-07
-3.92204e-07
-2.12074e-06
5.42236e-07
-3.59601e-07
-1.46794e-06
5.29074e-07
-3.22865e-07
-6.5287e-07
3.16656e-07
-2.85315e-07
1.72373e-07
-2.65544e-07
6.27732e-07
-3.39745e-07
4.23423e-11
2.30502e-07
-5.69647e-07
4.15188e-11
-2.75236e-07
-5.85811e-07
4.10223e-11
-1.20429e-06
-3.92243e-07
4.06753e-11
-2.12076e-06
6.85146e-13
4.03442e-11
-2.88224e-06
3.92245e-07
3.97737e-11
-2.88224e-06
5.85813e-07
4.02422e-11
-2.12075e-06
5.69649e-07
3.94279e-11
-1.20428e-06
3.39745e-07
4.0608e-11
-2.75221e-07
4.22121e-11
2.30518e-07
-3.39745e-07
2.65621e-07
2.30527e-07
-5.69647e-07
2.85392e-07
-2.75211e-07
-5.85811e-07
3.22942e-07
-1.20426e-06
-3.92245e-07
3.59678e-07
-2.12073e-06
-2.36409e-12
3.92281e-07
-2.88222e-06
3.9224e-07
3.9228e-07
-2.88221e-06
5.85806e-07
3.59678e-07
-2.12073e-06
5.69642e-07
3.2294e-07
-1.20426e-06
3.3974e-07
2.8539e-07
-2.75201e-07
2.65619e-07
2.30537e-07
-3.16665e-07
4.10487e-07
6.27727e-07
-5.29081e-07
4.38554e-07
1.72368e-07
-5.42242e-07
4.90978e-07
-6.52874e-07
-3.59641e-07
5.42269e-07
-1.46795e-06
1.52524e-13
5.85839e-07
-2.12074e-06
3.59642e-07
5.85839e-07
-2.12074e-06
5.42242e-07
5.42269e-07
-1.46794e-06
5.29083e-07
4.90977e-07
-6.52866e-07
3.16666e-07
4.38553e-07
1.7238e-07
4.10487e-07
6.2774e-07
-2.88458e-07
4.03764e-07
1.17206e-06
-4.80303e-07
4.30625e-07
7.72057e-07
-4.9095e-07
4.80324e-07
5.64898e-08
-3.22905e-07
5.29102e-07
-6.5286e-07
-2.35925e-12
5.69669e-07
-1.20426e-06
3.22901e-07
5.69668e-07
-1.20426e-06
4.90945e-07
5.29102e-07
-6.52855e-07
4.80298e-07
4.80324e-07
5.64948e-08
2.88455e-07
4.30624e-07
7.72066e-07
4.03763e-07
1.17207e-06
-2.59716e-07
2.44088e-07
1.7187e-06
-4.30605e-07
2.59726e-07
1.37581e-06
-4.38526e-07
2.88469e-07
7.72054e-07
-2.85355e-07
3.16675e-07
1.72379e-07
-7.35539e-13
3.39757e-07
-2.75206e-07
2.85353e-07
3.39757e-07
-2.75205e-07
4.38524e-07
3.16675e-07
1.72385e-07
4.30604e-07
2.88469e-07
7.7206e-07
2.59716e-07
2.59726e-07
1.37582e-06
2.44089e-07
1.71871e-06
-2.44078e-07
2.03199e-06
-4.03744e-07
1.7187e-06
-4.10458e-07
1.17206e-06
-2.65584e-07
6.27741e-07
-1.69451e-12
2.30534e-07
2.65581e-07
2.30535e-07
4.10454e-07
6.27747e-07
4.03741e-07
1.17207e-06
2.44077e-07
1.71871e-06
2.032e-06
-3.17026e-07
-3.17016e-07
2.66596e-06
-5.26172e-07
-3.39705e-07
2.26749e-06
-5.36548e-07
-3.82097e-07
1.56447e-06
-3.5004e-07
-4.23595e-07
8.64766e-07
-8.64501e-13
-4.58864e-07
3.39299e-07
3.50039e-07
-4.58864e-07
3.39301e-07
5.36546e-07
-4.23594e-07
8.64772e-07
5.26171e-07
-3.82096e-07
1.56448e-06
3.17027e-07
-3.39703e-07
2.2675e-06
-3.17016e-07
2.66598e-06
-3.39714e-07
-5.26155e-07
2.26749e-06
-5.65399e-07
-5.65382e-07
1.82712e-06
-5.77813e-07
-6.39253e-07
1.04157e-06
-3.79598e-07
-7.11576e-07
2.62095e-07
-1.57292e-12
-7.74232e-07
-3.39484e-07
3.79595e-07
-7.74232e-07
-3.39483e-07
5.77809e-07
-7.11575e-07
2.62101e-07
5.65396e-07
-6.39252e-07
1.04158e-06
3.39713e-07
-5.6538e-07
1.82713e-06
-5.26156e-07
2.2675e-06
-3.82107e-07
-5.36523e-07
1.56447e-06
-6.39271e-07
-5.77787e-07
1.04157e-06
-6.5641e-07
-6.56384e-07
9.07003e-08
-4.37037e-07
-7.33073e-07
-8.50795e-07
3.41227e-13
-8.01229e-07
-1.61436e-06
4.37038e-07
-8.01229e-07
-1.61436e-06
6.56411e-07
-7.33072e-07
-8.50788e-07
6.39272e-07
-6.56385e-07
9.07104e-08
3.82108e-07
-5.77785e-07
1.04158e-06
-5.36524e-07
1.56449e-06
-4.23603e-07
-3.50014e-07
8.64787e-07
-7.11593e-07
-3.7957e-07
2.62107e-07
-7.33099e-07
-4.3701e-07
-8.50774e-07
-4.93071e-07
-4.93043e-07
-1.94803e-06
-2.0029e-12
-5.45485e-07
-2.86958e-06
4.93067e-07
-5.45485e-07
-2.86958e-06
7.33094e-07
-4.93041e-07
-1.94803e-06
7.11589e-07
-4.3701e-07
-8.50767e-07
4.236e-07
-3.79568e-07
2.62118e-07
-3.50017e-07
8.64795e-07
-4.58873e-07
2.90507e-11
3.39307e-07
-7.7425e-07
3.02673e-11
-3.39485e-07
-8.01255e-07
3.00839e-11
-1.61435e-06
-5.45512e-07
3.01286e-11
-2.8696e-06
9.84327e-13
3.02469e-11
-3.97329e-06
5.45514e-07
2.99002e-11
-3.97329e-06
8.01256e-07
3.06868e-11
-2.86959e-06
7.74252e-07
2.89301e-11
-1.61434e-06
4.58874e-07
3.1759e-11
-3.3947e-07
2.67915e-11
3.39319e-07
-4.58872e-07
3.50063e-07
3.39333e-07
-7.74249e-07
3.79622e-07
-3.39458e-07
-8.01255e-07
4.37062e-07
-1.61432e-06
-5.45513e-07
4.93095e-07
-2.86957e-06
-1.75029e-12
5.45538e-07
-3.97327e-06
5.45509e-07
5.45537e-07
-3.97327e-06
8.0125e-07
4.93096e-07
-2.86957e-06
7.74244e-07
4.37061e-07
-1.61432e-06
4.58866e-07
3.79623e-07
-3.39448e-07
3.50059e-07
3.3934e-07
-4.23603e-07
5.36567e-07
8.64795e-07
-7.11593e-07
5.77833e-07
2.62116e-07
-7.33099e-07
6.5643e-07
-8.50768e-07
-4.9307e-07
7.33119e-07
-1.94803e-06
8.30577e-13
8.01274e-07
-2.86958e-06
4.93072e-07
8.01274e-07
-2.86958e-06
7.331e-07
7.33119e-07
-1.94802e-06
7.11594e-07
6.56429e-07
-8.50759e-07
4.23601e-07
5.77834e-07
2.6213e-07
5.36565e-07
8.64804e-07
-3.82104e-07
5.26178e-07
1.56452e-06
-6.39269e-07
5.65408e-07
1.04161e-06
-6.5641e-07
6.39279e-07
9.07445e-08
-4.37038e-07
7.11603e-07
-8.50753e-07
-1.54816e-12
7.7426e-07
-1.61432e-06
4.37034e-07
7.7426e-07
-1.61432e-06
6.56406e-07
7.11604e-07
-8.50747e-07
6.39263e-07
6.39279e-07
9.07505e-08
3.82096e-07
5.65408e-07
1.04162e-06
5.26175e-07
1.56452e-06
-3.39711e-07
3.1702e-07
2.26753e-06
-5.65397e-07
3.3971e-07
1.82716e-06
-5.77813e-07
3.82103e-07
1.04161e-06
-3.79597e-07
4.23601e-07
2.62131e-07
1.2896e-13
4.58871e-07
-3.39449e-07
3.79597e-07
4.58871e-07
-3.39448e-07
5.77813e-07
4.23602e-07
2.62137e-07
5.65396e-07
3.82103e-07
1.04162e-06
3.39706e-07
3.39711e-07
1.82718e-06
3.17019e-07
2.26754e-06
-3.17021e-07
2.66601e-06
-5.26169e-07
2.26753e-06
-5.36547e-07
1.56452e-06
-3.5004e-07
8.64808e-07
-3.40451e-13
3.39339e-07
3.50038e-07
3.3934e-07
5.36546e-07
8.64813e-07
5.26164e-07
1.56452e-06
3.17013e-07
2.26754e-06
2.66601e-06
-4.10284e-07
-4.10272e-07
3.48651e-06
-6.83505e-07
-4.43039e-07
2.98373e-06
-6.99515e-07
-5.05364e-07
2.08583e-06
-4.60701e-07
-5.66235e-07
1.19217e-06
6.91821e-13
-6.20175e-07
4.98758e-07
4.60703e-07
-6.20175e-07
4.98761e-07
6.99516e-07
-5.66235e-07
1.19218e-06
6.83505e-07
-5.05364e-07
2.08584e-06
4.10279e-07
-4.43039e-07
2.98374e-06
-4.1027e-07
3.48652e-06
-4.4305e-07
-6.83483e-07
2.98374e-06
-7.40561e-07
-7.40538e-07
2.42211e-06
-7.60006e-07
-8.50067e-07
1.4057e-06
-5.04835e-07
-9.57061e-07
3.97734e-07
-1.59411e-13
-1.05403e-06
-4.10484e-07
5.04835e-07
-1.05403e-06
-4.10482e-07
7.60005e-07
-9.5706e-07
3.9774e-07
7.40558e-07
-8.50067e-07
1.40571e-06
4.43045e-07
-7.40538e-07
2.42213e-06
-6.83482e-07
2.98375e-06
-5.05376e-07
-6.9948e-07
2.08583e-06
-8.5009e-07
-7.59971e-07
1.40569e-06
-8.77722e-07
-8.77687e-07
1.45933e-07
-5.92802e-07
-9.92265e-07
-1.10053e-06
1.63948e-12
-1.09934e-06
-2.16187e-06
5.92806e-07
-1.09934e-06
-2.16187e-06
8.77725e-07
-9.92265e-07
-1.10052e-06
8.50093e-07
-8.77688e-07
1.45946e-07
5.05375e-07
-7.59971e-07
1.40571e-06
-6.99479e-07
2.08585e-06
-5.66247e-07
-4.60664e-07
1.19219e-06
-9.57084e-07
-5.04798e-07
3.97746e-07
-9.923e-07
-5.92765e-07
-1.1005e-06
-6.78396e-07
-6.78359e-07
-2.57587e-06
-8.23597e-13
-7.63335e-07
-3.884e-06
6.78394e-07
-7.63336e-07
-3.884e-06
9.92297e-07
-6.78359e-07
-2.57586e-06
9.5708e-07
-5.92766e-07
-1.1005e-06
5.66241e-07
-5.04798e-07
3.97759e-07
-4.60665e-07
1.19221e-06
-6.20188e-07
4.3307e-11
4.98764e-07
-1.05405e-06
4.26947e-11
-4.10487e-07
-1.09937e-06
4.2014e-11
-2.16186e-06
-7.63372e-07
4.14991e-11
-3.88402e-06
1.70103e-12
4.10045e-11
-5.50007e-06
7.63376e-07
4.03305e-11
-5.50007e-06
1.09938e-06
4.10524e-11
-3.88401e-06
1.05406e-06
4.01993e-11
-2.16185e-06
6.20188e-07
4.18166e-11
-4.1047e-07
4.26187e-11
4.98782e-07
-6.20188e-07
4.60739e-07
4.98793e-07
-1.05405e-06
5.04872e-07
-4.10458e-07
-1.09937e-06
5.92839e-07
-2.16183e-06
-7.63374e-07
6.78432e-07
-3.884e-06
-1.49153e-12
7.63408e-07
-5.50004e-06
7.63371e-07
7.63408e-07
-5.50004e-06
1.09937e-06
6.78432e-07
-3.88399e-06
1.05405e-06
5.92838e-07
-2.16182e-06
6.20183e-07
5.04871e-07
-4.10446e-07
4.60736e-07
4.98805e-07
-5.66249e-07
6.99548e-07
1.1922e-06
-9.57086e-07
7.60038e-07
3.97754e-07
-9.92301e-07
8.77753e-07
-1.1005e-06
-6.78397e-07
9.92331e-07
-2.57586e-06
1.0756e-12
1.0994e-06
-3.884e-06
6.78399e-07
1.0994e-06
-3.884e-06
9.92304e-07
9.92331e-07
-2.57586e-06
9.57089e-07
8.77752e-07
-1.10049e-06
5.6625e-07
7.60037e-07
3.97769e-07
6.99547e-07
1.19222e-06
-5.05378e-07
6.83527e-07
2.08588e-06
-8.50092e-07
7.40582e-07
1.40574e-06
-8.77723e-07
8.5011e-07
1.45979e-07
-5.92805e-07
9.57105e-07
-1.10048e-06
-1.38684e-12
1.05407e-06
-2.16183e-06
5.92802e-07
1.05407e-06
-2.16183e-06
8.7772e-07
9.57105e-07
-1.10048e-06
8.50087e-07
8.5011e-07
1.45986e-07
5.05374e-07
7.40581e-07
1.40575e-06
6.83526e-07
2.08589e-06
-4.43054e-07
4.10297e-07
2.98378e-06
-7.40564e-07
4.43063e-07
2.42215e-06
-7.60008e-07
5.05388e-07
1.40574e-06
-5.04837e-07
5.66259e-07
3.97768e-07
2.6557e-13
6.20199e-07
-4.10451e-07
5.04837e-07
6.20199e-07
-4.1045e-07
7.60008e-07
5.66259e-07
3.97776e-07
7.40563e-07
5.05388e-07
1.40575e-06
4.43053e-07
4.43063e-07
2.42217e-06
4.10298e-07
2.98379e-06
-4.10288e-07
3.48656e-06
-6.83509e-07
2.98378e-06
-6.99517e-07
2.08588e-06
-4.60703e-07
1.19222e-06
-5.28849e-13
4.98802e-07
4.60702e-07
4.98803e-07
6.99515e-07
1.19223e-06
6.83507e-07
2.08589e-06
4.10286e-07
2.98379e-06
3.48657e-06
-5.28647e-07
-5.28635e-07
4.54376e-06
-8.84332e-07
-5.75707e-07
3.9151e-06
-9.08968e-07
-6.66994e-07
2.77744e-06
-6.05175e-07
-7.55972e-07
1.64433e-06
2.14231e-13
-8.38514e-07
7.32071e-07
6.05176e-07
-8.38514e-07
7.32073e-07
9.08968e-07
-7.55971e-07
1.64433e-06
8.84333e-07
-6.66994e-07
2.77744e-06
5.2865e-07
-5.75705e-07
3.91511e-06
-5.28636e-07
4.54377e-06
-5.75718e-07
-8.84312e-07
3.9151e-06
-9.66931e-07
-9.66911e-07
3.20451e-06
-9.97342e-07
-1.12882e-06
1.89791e-06
-6.70966e-07
-1.28668e-06
6.02044e-07
-4.95967e-13
-1.43702e-06
-4.82966e-07
6.70965e-07
-1.43702e-06
-4.82964e-07
9.9734e-07
-1.28668e-06
6.02051e-07
9.6693e-07
-1.12882e-06
1.89792e-06
5.75718e-07
-9.66909e-07
3.20452e-06
-8.84313e-07
3.91512e-06
-6.67006e-07
-9.08937e-07
2.77743e-06
-1.12884e-06
-9.9731e-07
1.8979e-06
-1.17341e-06
-1.17338e-06
2.35048e-07
-8.05817e-07
-1.34442e-06
-1.41041e-06
1.39356e-12
-1.5134e-06
-2.89134e-06
8.0582e-07
-1.5134e-06
-2.89133e-06
1.17341e-06
-1.34442e-06
-1.4104e-06
1.12884e-06
-1.17338e-06
2.3506e-07
6.67009e-07
-9.97308e-07
1.89792e-06
-9.08937e-07
2.77745e-06
-7.55982e-07
-6.05143e-07
1.64435e-06
-1.2867e-06
-6.70932e-07
6.02059e-07
-1.34446e-06
-8.05785e-07
-1.41038e-06
-9.36774e-07
-9.36741e-07
-3.39126e-06
-1.24202e-12
-1.07549e-06
-5.25872e-06
9.36772e-07
-1.07549e-06
-5.25872e-06
1.34445e-06
-9.3674e-07
-3.39126e-06
1.2867e-06
-8.05786e-07
-1.41037e-06
7.5598e-07
-6.70931e-07
6.02071e-07
-6.05147e-07
1.64436e-06
-8.38525e-07
3.70239e-11
7.32079e-07
-1.43704e-06
3.79598e-11
-4.82969e-07
-1.51343e-06
3.74926e-11
-2.89133e-06
-1.07552e-06
3.71506e-11
-5.25874e-06
2.01427e-12
3.72113e-11
-7.65115e-06
1.07553e-06
3.68403e-11
-7.65114e-06
1.51343e-06
3.76982e-11
-5.25873e-06
1.43705e-06
3.57694e-11
-2.89132e-06
8.38527e-07
3.88915e-11
-4.82952e-07
3.41232e-11
7.32093e-07
-8.38524e-07
6.05204e-07
7.32113e-07
-1.43704e-06
6.70996e-07
-4.82934e-07
-1.51343e-06
8.05848e-07
-2.89129e-06
-1.07552e-06
9.36804e-07
-5.2587e-06
-8.70878e-13
1.07555e-06
-7.65111e-06
1.07552e-06
1.07555e-06
-7.65111e-06
1.51342e-06
9.36804e-07
-5.2587e-06
1.43704e-06
8.05846e-07
-2.89129e-06
8.38519e-07
6.70996e-07
-4.82923e-07
6.052e-07
7.3212e-07
-7.55982e-07
9.08994e-07
1.64436e-06
-1.2867e-06
9.97369e-07
6.02067e-07
-1.34446e-06
1.17344e-06
-1.41037e-06
-9.36774e-07
1.34448e-06
-3.39126e-06
1.71603e-12
1.51345e-06
-5.25871e-06
9.36777e-07
1.51345e-06
-5.25871e-06
1.34446e-06
1.34448e-06
-3.39125e-06
1.28671e-06
1.17344e-06
-1.41036e-06
7.55982e-07
9.9737e-07
6.02082e-07
9.08992e-07
1.64437e-06
-6.67004e-07
8.84343e-07
2.77749e-06
-1.12884e-06
9.66944e-07
1.89796e-06
-1.17341e-06
1.12885e-06
2.35103e-07
-8.05819e-07
1.28672e-06
-1.41035e-06
-9.07991e-13
1.43706e-06
-2.89128e-06
8.05816e-07
1.43706e-06
-2.89128e-06
1.17341e-06
1.28672e-06
-1.41035e-06
1.12883e-06
1.12885e-06
2.35109e-07
6.66997e-07
9.66945e-07
1.89797e-06
8.84341e-07
2.7775e-06
-5.75717e-07
5.28646e-07
3.91515e-06
-9.66931e-07
5.75719e-07
3.20455e-06
-9.97343e-07
6.67006e-07
1.89795e-06
-6.70966e-07
7.55984e-07
6.02085e-07
7.20459e-13
8.38526e-07
-4.82926e-07
6.70967e-07
8.38527e-07
-4.82924e-07
9.97344e-07
7.55985e-07
6.02092e-07
9.66931e-07
6.67006e-07
1.89796e-06
5.75713e-07
5.7572e-07
3.20457e-06
5.28645e-07
3.91516e-06
-5.28644e-07
4.54382e-06
-8.84331e-07
3.91515e-06
-9.08968e-07
2.77749e-06
-6.05176e-07
1.64438e-06
1.85886e-13
7.32123e-07
6.05175e-07
7.32124e-07
9.08967e-07
1.64439e-06
8.84327e-07
2.7775e-06
5.28637e-07
3.91516e-06
4.54382e-06
-6.77589e-07
-6.77577e-07
5.89891e-06
-1.13866e-06
-7.44801e-07
5.12095e-06
-1.17645e-06
-8.7791e-07
3.69312e-06
-7.92997e-07
-1.00746e-06
2.26832e-06
1.86226e-12
-1.1338e-06
1.07286e-06
7.93001e-07
-1.1338e-06
1.07286e-06
1.17645e-06
-1.00746e-06
2.26832e-06
1.13866e-06
-8.7791e-07
3.69314e-06
6.77583e-07
-7.448e-07
5.12097e-06
-6.77575e-07
5.89893e-06
-7.44812e-07
-1.13864e-06
5.12096e-06
-1.2576e-06
-1.25758e-06
4.23005e-06
-1.30506e-06
-1.49601e-06
2.56345e-06
-8.90877e-07
-1.72822e-06
9.08602e-07
8.42089e-13
-1.96166e-06
-5.46001e-07
8.90878e-07
-1.96166e-06
-5.46e-07
1.30506e-06
-1.72822e-06
9.08609e-07
1.2576e-06
-1.49601e-06
2.56346e-06
7.44806e-07
-1.25758e-06
4.23007e-06
-1.13863e-06
5.12097e-06
-8.77922e-07
-1.17641e-06
3.69312e-06
-1.49603e-06
-1.30503e-06
2.56344e-06
-1.56795e-06
-1.56792e-06
3.78854e-07
-1.09774e-06
-1.82301e-06
-1.78585e-06
3.21349e-12
-2.09091e-06
-3.85984e-06
1.09774e-06
-2.09091e-06
-3.85984e-06
1.56796e-06
-1.82301e-06
-1.78584e-06
1.49604e-06
-1.56792e-06
3.78867e-07
8.7792e-07
-1.30503e-06
2.56346e-06
-1.17641e-06
3.69314e-06
-1.00747e-06
-7.92959e-07
2.26834e-06
-1.72824e-06
-8.90839e-07
9.08618e-07
-1.82304e-06
-1.0977e-06
-1.78582e-06
-1.29844e-06
-1.2984e-06
-4.4405e-06
4.93437e-13
-1.52674e-06
-7.12136e-06
1.29844e-06
-1.52674e-06
-7.12136e-06
1.82304e-06
-1.2984e-06
-4.4405e-06
1.72824e-06
-1.0977e-06
-1.78581e-06
1.00746e-06
-8.90839e-07
9.08631e-07
-7.92961e-07
2.26835e-06
-1.13381e-06
4.6171e-11
1.07286e-06
-1.96169e-06
4.57183e-11
-5.46009e-07
-2.09095e-06
4.48491e-11
-3.85984e-06
-1.52677e-06
4.41951e-11
-7.12139e-06
3.28302e-12
4.34744e-11
-1.07047e-05
1.52678e-06
4.26106e-11
-1.07047e-05
2.09096e-06
4.35806e-11
-7.12138e-06
1.96169e-06
4.26611e-11
-3.85982e-06
1.13381e-06
4.47068e-11
-5.45991e-07
4.48066e-11
1.07288e-06
-1.13381e-06
7.93037e-07
1.0729e-06
-1.96169e-06
8.90916e-07
-5.45972e-07
-2.09095e-06
1.09778e-06
-3.8598e-06
-1.52677e-06
1.29848e-06
-7.12135e-06
-5.21094e-14
1.52681e-06
-1.07047e-05
1.52677e-06
1.52681e-06
-1.07047e-05
2.09095e-06
1.29848e-06
-7.12134e-06
1.96168e-06
1.09778e-06
-3.85979e-06
1.13381e-06
8.90915e-07
-5.45958e-07
7.93034e-07
1.07291e-06
-1.00747e-06
1.17649e-06
2.26835e-06
-1.72825e-06
1.3051e-06
9.08622e-07
-1.82305e-06
1.56799e-06
-1.78582e-06
-1.29844e-06
1.82308e-06
-4.44051e-06
2.44152e-12
2.09098e-06
-7.12136e-06
1.29844e-06
2.09098e-06
-7.12136e-06
1.82305e-06
1.82308e-06
-4.4405e-06
1.72825e-06
1.56798e-06
-1.78581e-06
1.00747e-06
1.3051e-06
9.08637e-07
1.17648e-06
2.26836e-06
-8.77924e-07
1.13868e-06
3.69318e-06
-1.49603e-06
1.25762e-06
2.5635e-06
-1.56795e-06
1.49605e-06
3.78911e-07
-1.09774e-06
1.72827e-06
-1.7858e-06
2.51047e-14
1.96171e-06
-3.85979e-06
1.09774e-06
1.96171e-06
-3.85979e-06
1.56795e-06
1.72827e-06
-1.78579e-06
1.49603e-06
1.49605e-06
3.78919e-07
8.77918e-07
1.25762e-06
2.56351e-06
1.13868e-06
3.69319e-06
-7.44816e-07
6.77601e-07
5.12101e-06
-1.2576e-06
7.44824e-07
4.2301e-06
-1.30507e-06
8.77933e-07
2.5635e-06
-8.90878e-07
1.00748e-06
9.08642e-07
1.45564e-12
1.13382e-06
-5.45964e-07
8.90881e-07
1.13382e-06
-5.45963e-07
1.30507e-06
1.00748e-06
9.08649e-07
1.2576e-06
8.77932e-07
2.5635e-06
7.44814e-07
7.44823e-07
4.23011e-06
6.776e-07
5.12101e-06
-6.77592e-07
5.89897e-06
-1.13866e-06
5.12101e-06
-1.17645e-06
3.69318e-06
-7.92999e-07
2.26837e-06
6.84109e-13
1.07291e-06
7.93e-07
1.07291e-06
1.17645e-06
2.26838e-06
1.13866e-06
3.69319e-06
6.77588e-07
5.12102e-06
5.89898e-06
-8.63221e-07
-8.63208e-07
7.62531e-06
-1.45782e-06
-9.58561e-07
6.67408e-06
-1.51554e-06
-1.15161e-06
4.90242e-06
-1.03595e-06
-1.33938e-06
3.12808e-06
1.21935e-12
-1.53272e-06
1.5696e-06
1.03595e-06
-1.53273e-06
1.56961e-06
1.51554e-06
-1.33938e-06
3.12808e-06
1.45782e-06
-1.15161e-06
4.90243e-06
8.63225e-07
-9.58559e-07
6.6741e-06
-8.63208e-07
7.62532e-06
-9.58573e-07
-1.4578e-06
6.67409e-06
-1.62803e-06
-1.62801e-06
5.56894e-06
-1.70187e-06
-1.97755e-06
3.46321e-06
-1.18119e-06
-2.31791e-06
1.36641e-06
3.70058e-13
-2.68082e-06
-5.7912e-07
1.18119e-06
-2.68082e-06
-5.79117e-07
1.70187e-06
-2.3179e-06
1.36642e-06
1.62803e-06
-1.97755e-06
3.46321e-06
9.58574e-07
-1.62801e-06
5.56895e-06
-1.4578e-06
6.6741e-06
-1.15162e-06
-1.51551e-06
4.90242e-06
-1.97758e-06
-1.70183e-06
3.46319e-06
-2.09353e-06
-2.0935e-06
6.1072e-07
-1.49863e-06
-2.47353e-06
-2.22516e-06
2.56408e-12
-2.90057e-06
-5.13876e-06
1.49863e-06
-2.90057e-06
-5.13876e-06
2.09354e-06
-2.47353e-06
-2.22515e-06
1.97758e-06
-2.0935e-06
6.10733e-07
1.15163e-06
-1.70183e-06
3.46321e-06
-1.51551e-06
4.90243e-06
-1.33939e-06
-1.03591e-06
3.1281e-06
-2.31793e-06
-1.18115e-06
1.36643e-06
-2.47356e-06
-1.49859e-06
-2.22513e-06
-1.80677e-06
-1.80673e-06
-5.77414e-06
-8.91789e-13
-2.18554e-06
-9.64319e-06
1.80677e-06
-2.18554e-06
-9.64319e-06
2.47356e-06
-1.80673e-06
-5.77413e-06
2.31793e-06
-1.49859e-06
-2.22512e-06
1.33939e-06
-1.18115e-06
1.36644e-06
-1.03592e-06
3.12811e-06
-1.53274e-06
4.38175e-11
1.56961e-06
-2.68085e-06
4.44146e-11
-5.7913e-07
-2.9006e-06
4.35149e-11
-5.13875e-06
-2.18558e-06
4.23931e-11
-9.64323e-06
2.76691e-12
4.23207e-11
-1.50759e-05
2.18558e-06
4.21157e-11
-1.50759e-05
2.90061e-06
4.31268e-11
-9.64321e-06
2.68085e-06
4.11146e-11
-5.13874e-06
1.53274e-06
4.47247e-11
-5.79113e-07
4.02813e-11
1.56962e-06
-1.53274e-06
1.03599e-06
1.56965e-06
-2.68085e-06
1.18122e-06
-5.79085e-07
-2.90061e-06
1.49866e-06
-5.13871e-06
-2.18558e-06
1.8068e-06
-9.64318e-06
-1.55958e-13
2.18561e-06
-1.50759e-05
2.18557e-06
2.18561e-06
-1.50759e-05
2.9006e-06
1.8068e-06
-9.64317e-06
2.68084e-06
1.49866e-06
-5.1387e-06
1.53273e-06
1.18122e-06
-5.79075e-07
1.03598e-06
1.56965e-06
-1.33939e-06
1.51557e-06
3.12811e-06
-2.31793e-06
1.7019e-06
1.36644e-06
-2.47357e-06
2.09356e-06
-2.22513e-06
-1.80677e-06
2.4736e-06
-5.77414e-06
2.42279e-12
2.90064e-06
-9.6432e-06
1.80677e-06
2.90064e-06
-9.6432e-06
2.47357e-06
2.4736e-06
-5.77413e-06
2.31793e-06
2.09356e-06
-2.22512e-06
1.3394e-06
1.7019e-06
1.36645e-06
1.51557e-06
3.12812e-06
-1.15162e-06
1.45784e-06
4.90249e-06
-1.97758e-06
1.62805e-06
3.46326e-06
-2.09353e-06
1.97759e-06
6.10786e-07
-1.49863e-06
2.31795e-06
-2.2251e-06
-2.76702e-13
2.68086e-06
-5.1387e-06
1.49863e-06
2.68086e-06
-5.1387e-06
2.09353e-06
2.31795e-06
-2.22509e-06
1.97758e-06
1.97759e-06
6.10792e-07
1.15162e-06
1.62805e-06
3.46327e-06
1.45784e-06
4.90249e-06
-9.58573e-07
8.63225e-07
6.67415e-06
-1.62804e-06
9.58578e-07
5.56899e-06
-1.70187e-06
1.15163e-06
3.46325e-06
-1.18119e-06
1.3394e-06
1.36646e-06
1.40463e-12
1.53274e-06
-5.7908e-07
1.18119e-06
1.53274e-06
-5.79078e-07
1.70187e-06
1.3394e-06
1.36647e-06
1.62804e-06
1.15163e-06
3.46326e-06
9.58571e-07
9.58579e-07
5.569e-06
8.63225e-07
6.67415e-06
-8.6322e-07
7.62538e-06
-1.45782e-06
6.67415e-06
-1.51554e-06
4.90249e-06
-1.03595e-06
3.12814e-06
8.1688e-13
1.56966e-06
1.03595e-06
1.56967e-06
1.51554e-06
3.12815e-06
1.45782e-06
4.90249e-06
8.63216e-07
6.67416e-06
7.62538e-06
-1.09192e-06
-1.09191e-06
9.80913e-06
-1.854e-06
-1.22613e-06
8.66228e-06
-1.94169e-06
-1.50433e-06
6.49442e-06
-1.34829e-06
-1.77509e-06
4.30974e-06
3.32511e-12
-2.0709e-06
2.2922e-06
1.34829e-06
-2.0709e-06
2.29221e-06
1.9417e-06
-1.77509e-06
4.30975e-06
1.854e-06
-1.50433e-06
6.49444e-06
1.09192e-06
-1.22613e-06
8.66229e-06
-1.09191e-06
9.80915e-06
-1.22614e-06
-1.85398e-06
8.66228e-06
-2.09587e-06
-2.09585e-06
7.30837e-06
-2.21027e-06
-2.60542e-06
4.67868e-06
-1.56316e-06
-3.10219e-06
2.04638e-06
2.26595e-12
-3.66673e-06
-5.46478e-07
1.56316e-06
-3.66673e-06
-5.46477e-07
2.21028e-06
-3.10218e-06
2.04638e-06
2.09587e-06
-2.60542e-06
4.67869e-06
1.22613e-06
-2.09585e-06
7.30838e-06
-1.85398e-06
8.6623e-06
-1.50434e-06
-1.94166e-06
6.49441e-06
-2.60545e-06
-2.21024e-06
4.67866e-06
-2.79212e-06
-2.79208e-06
9.84034e-07
-2.05012e-06
-3.3577e-06
-2.71168e-06
5.32163e-12
-4.04245e-06
-6.81318e-06
2.05013e-06
-4.04245e-06
-6.81317e-06
2.79213e-06
-3.3577e-06
-2.71167e-06
2.60545e-06
-2.79208e-06
9.84048e-07
1.50433e-06
-2.21024e-06
4.67868e-06
-1.94166e-06
6.49443e-06
-1.7751e-06
-1.34825e-06
4.30976e-06
-3.10221e-06
-1.56312e-06
2.04639e-06
-3.35773e-06
-2.05008e-06
-2.71165e-06
-2.52412e-06
-2.52408e-06
-7.4414e-06
2.64864e-12
-3.15763e-06
-1.30522e-05
2.52412e-06
-3.15763e-06
-1.30522e-05
3.35773e-06
-2.52408e-06
-7.44139e-06
3.10221e-06
-2.05008e-06
-2.71164e-06
1.77509e-06
-1.56312e-06
2.0464e-06
-1.34825e-06
4.30977e-06
-2.07092e-06
5.11801e-11
2.2922e-06
-3.66676e-06
5.11061e-11
-5.46495e-07
-4.04249e-06
4.98227e-11
-6.81318e-06
-3.15767e-06
4.95845e-11
-1.30522e-05
6.26413e-12
4.88556e-11
-2.13913e-05
3.15768e-06
4.78549e-11
-2.13913e-05
4.0425e-06
4.88195e-11
-1.30522e-05
3.66676e-06
4.74324e-11
-6.81316e-06
2.07091e-06
4.98823e-11
-5.46476e-07
4.88763e-11
2.29221e-06
-2.07092e-06
1.34833e-06
2.29224e-06
-3.66676e-06
1.5632e-06
-5.46449e-07
-4.04249e-06
2.05016e-06
-6.81313e-06
-3.15767e-06
2.52417e-06
-1.30522e-05
2.2405e-12
3.15771e-06
-2.13913e-05
3.15767e-06
3.15771e-06
-2.13913e-05
4.04249e-06
2.52416e-06
-1.30521e-05
3.66675e-06
2.05016e-06
-6.81312e-06
2.07091e-06
1.5632e-06
-5.46435e-07
1.34833e-06
2.29225e-06
-1.7751e-06
1.94174e-06
4.30977e-06
-3.10221e-06
2.21031e-06
2.04639e-06
-3.35773e-06
2.79216e-06
-2.71165e-06
-2.52412e-06
3.35777e-06
-7.4414e-06
4.8289e-12
4.04253e-06
-1.30522e-05
2.52413e-06
4.04253e-06
-1.30522e-05
3.35774e-06
3.35777e-06
-7.44139e-06
3.10222e-06
2.79216e-06
-2.71164e-06
1.7751e-06
2.21031e-06
2.04641e-06
1.94173e-06
4.30978e-06
-1.50434e-06
1.85403e-06
6.49448e-06
-2.60545e-06
2.0959e-06
4.67873e-06
-2.79212e-06
2.60547e-06
9.84099e-07
-2.05012e-06
3.10223e-06
-2.71162e-06
1.80289e-12
3.66678e-06
-6.81312e-06
2.05012e-06
3.66678e-06
-6.81312e-06
2.79212e-06
3.10223e-06
-2.71161e-06
2.60544e-06
2.60547e-06
9.84107e-07
1.50433e-06
2.09589e-06
4.67874e-06
1.85402e-06
6.49449e-06
-1.22614e-06
1.09193e-06
8.66233e-06
-2.09588e-06
1.22615e-06
7.30841e-06
-2.21028e-06
1.50435e-06
4.67872e-06
-1.56316e-06
1.77511e-06
2.04641e-06
3.01608e-12
2.07093e-06
-5.46441e-07
1.56317e-06
2.07093e-06
-5.46439e-07
2.21028e-06
1.77511e-06
2.04642e-06
2.09587e-06
1.50435e-06
4.67873e-06
1.22614e-06
1.22615e-06
7.30843e-06
1.09193e-06
8.66234e-06
-1.09193e-06
9.80919e-06
-1.85401e-06
8.66234e-06
-1.9417e-06
6.49448e-06
-1.34829e-06
4.3098e-06
2.21907e-12
2.29226e-06
1.34829e-06
2.29226e-06
1.9417e-06
4.30981e-06
1.854e-06
6.49449e-06
1.09192e-06
8.66235e-06
9.8092e-06
-1.36992e-06
-1.36991e-06
1.25489e-05
-2.33943e-06
-1.55717e-06
1.11889e-05
-2.47173e-06
-1.95501e-06
8.58169e-06
-1.74668e-06
-2.34326e-06
5.92792e-06
2.36805e-12
-2.79542e-06
3.3409e-06
1.74669e-06
-2.79542e-06
3.3409e-06
2.47174e-06
-2.34326e-06
5.92793e-06
2.33944e-06
-1.95501e-06
8.5817e-06
1.36993e-06
-1.55716e-06
1.11889e-05
-1.36991e-06
1.25489e-05
-1.55718e-06
-2.33941e-06
1.11889e-05
-2.68028e-06
-2.68026e-06
9.55452e-06
-2.85653e-06
-3.41814e-06
6.31802e-06
-2.06334e-06
-4.13967e-06
3.04956e-06
1.30027e-12
-5.01781e-06
-3.87472e-07
2.06334e-06
-5.01781e-06
-3.87466e-07
2.85653e-06
-4.13967e-06
3.04957e-06
2.68028e-06
-3.41814e-06
6.31803e-06
1.55718e-06
-2.68025e-06
9.55453e-06
-2.33941e-06
1.11889e-05
-1.95502e-06
-2.4717e-06
8.58168e-06
-3.41817e-06
-2.85649e-06
6.318e-06
-3.71809e-06
-3.71806e-06
1.58383e-06
-2.80954e-06
-4.5592e-06
-3.20074e-06
3.96459e-12
-5.66369e-06
-8.97689e-06
2.80955e-06
-5.66369e-06
-8.97689e-06
3.7181e-06
-4.55921e-06
-3.20073e-06
3.41817e-06
-3.71806e-06
1.58385e-06
1.95503e-06
-2.85649e-06
6.31802e-06
-2.4717e-06
8.5817e-06
-2.34327e-06
-1.74664e-06
5.92793e-06
-4.1397e-06
-2.0633e-06
3.04957e-06
-4.55924e-06
-2.80951e-06
-3.20071e-06
-3.54036e-06
-3.54033e-06
-9.47921e-06
-1.34672e-12
-4.60848e-06
-1.76478e-05
3.54036e-06
-4.60848e-06
-1.76478e-05
4.55924e-06
-3.54033e-06
-9.4792e-06
4.1397e-06
-2.80951e-06
-3.20071e-06
2.34327e-06
-2.0633e-06
3.04958e-06
-1.74665e-06
5.92794e-06
-2.79544e-06
4.9128e-11
3.34089e-06
-5.01784e-06
4.94555e-11
-3.87495e-07
-5.66373e-06
4.79023e-11
-8.9769e-06
-4.60852e-06
4.52836e-11
-1.76478e-05
2.20311e-12
4.40276e-11
-3.06084e-05
4.60853e-06
4.38873e-11
-3.06084e-05
5.66373e-06
4.59159e-11
-1.76478e-05
5.01785e-06
4.44269e-11
-8.97689e-06
2.79545e-06
4.89387e-11
-3.87477e-07
4.52995e-11
3.3409e-06
-2.79544e-06
1.74673e-06
3.34093e-06
-5.01784e-06
2.06338e-06
-3.87443e-07
-5.66373e-06
2.80959e-06
-8.97686e-06
-4.60852e-06
3.54041e-06
-1.76478e-05
-1.11027e-12
4.60856e-06
-3.06084e-05
4.60852e-06
4.60856e-06
-3.06084e-05
5.66373e-06
3.54041e-06
-1.76478e-05
5.01784e-06
2.80959e-06
-8.97685e-06
2.79544e-06
2.06338e-06
-3.87436e-07
1.74672e-06
3.34094e-06
-2.34328e-06
2.47177e-06
5.92794e-06
-4.1397e-06
2.85657e-06
3.04957e-06
-4.55924e-06
3.71813e-06
-3.20072e-06
-3.54037e-06
4.55928e-06
-9.47922e-06
2.22873e-12
5.66376e-06
-1.76478e-05
3.54037e-06
5.66376e-06
-1.76478e-05
4.55925e-06
4.55928e-06
-9.47921e-06
4.13971e-06
3.71813e-06
-3.20071e-06
2.34328e-06
2.85657e-06
3.04958e-06
2.47177e-06
5.92795e-06
-1.95502e-06
2.33946e-06
8.58175e-06
-3.41817e-06
2.6803e-06
6.31807e-06
-3.7181e-06
3.41819e-06
1.5839e-06
-2.80955e-06
4.13972e-06
-3.20068e-06
-1.01484e-13
5.01786e-06
-8.97684e-06
2.80955e-06
5.01786e-06
-8.97684e-06
3.7181e-06
4.13972e-06
-3.20067e-06
3.41817e-06
3.41819e-06
1.5839e-06
1.95502e-06
2.6803e-06
6.31808e-06
2.33946e-06
8.58175e-06
-1.55718e-06
1.36993e-06
1.1189e-05
-2.68028e-06
1.55719e-06
9.55457e-06
-2.85653e-06
1.95504e-06
6.31806e-06
-2.06334e-06
2.34329e-06
3.04959e-06
2.16222e-12
2.79545e-06
-3.87442e-07
2.06335e-06
2.79545e-06
-3.8744e-07
2.85654e-06
2.34329e-06
3.0496e-06
2.68029e-06
1.95504e-06
6.31807e-06
1.55718e-06
1.55719e-06
9.55458e-06
1.36993e-06
1.1189e-05
-1.36992e-06
1.2549e-05
-2.33944e-06
1.1189e-05
-2.47174e-06
8.58176e-06
-1.74669e-06
5.92797e-06
1.53467e-12
3.34096e-06
1.74669e-06
3.34096e-06
2.47174e-06
5.92798e-06
2.33944e-06
8.58176e-06
1.36992e-06
1.1189e-05
1.2549e-05
-1.70232e-06
-1.70231e-06
1.59536e-05
-2.92478e-06
-1.96095e-06
1.43723e-05
-3.12273e-06
-2.52482e-06
1.13044e-05
-2.24981e-06
-3.07785e-06
8.13284e-06
5.03829e-12
-3.76726e-06
4.85834e-06
2.24982e-06
-3.76726e-06
4.85835e-06
3.12273e-06
-3.07785e-06
8.13285e-06
2.92479e-06
-2.52482e-06
1.13045e-05
1.70231e-06
-1.96095e-06
1.43723e-05
-1.70231e-06
1.59536e-05
-1.96096e-06
-2.92476e-06
1.43723e-05
-3.40059e-06
-3.40056e-06
1.24337e-05
-3.67033e-06
-4.46003e-06
8.52296e-06
-2.71422e-06
-5.50203e-06
4.51761e-06
4.43155e-12
-6.8668e-06
-2.18325e-09
2.71423e-06
-6.8668e-06
-2.18203e-09
3.67034e-06
-5.50203e-06
4.51761e-06
3.40059e-06
-4.46003e-06
8.52297e-06
1.96095e-06
-3.40056e-06
1.24338e-05
-2.92476e-06
1.43723e-05
-2.52483e-06
-3.12269e-06
1.13044e-05
-4.46006e-06
-3.6703e-06
8.52294e-06
-4.94067e-06
-4.94063e-06
2.54502e-06
-3.85509e-06
-6.19043e-06
-3.59796e-06
7.82364e-12
-7.98222e-06
-1.17166e-05
3.85511e-06
-7.98222e-06
-1.17166e-05
4.94068e-06
-6.19042e-06
-3.59794e-06
4.46006e-06
-4.94063e-06
2.54503e-06
2.52482e-06
-3.67029e-06
8.52296e-06
-3.12269e-06
1.13044e-05
-3.07786e-06
-2.24976e-06
8.13283e-06
-5.50206e-06
-2.71418e-06
4.51761e-06
-6.19046e-06
-3.85505e-06
-3.59794e-06
-4.98491e-06
-4.98487e-06
-1.18904e-05
5.97718e-12
-6.79992e-06
-2.38151e-05
4.98492e-06
-6.79992e-06
-2.38151e-05
6.19046e-06
-4.98486e-06
-1.18903e-05
5.50205e-06
-3.85505e-06
-3.59792e-06
3.07785e-06
-2.71418e-06
4.51762e-06
-2.24976e-06
8.13285e-06
-3.76728e-06
5.90944e-11
4.85831e-06
-6.86683e-06
6.04661e-11
-2.22041e-09
-7.98226e-06
5.77468e-11
-1.17166e-05
-6.79996e-06
5.86309e-11
-2.38151e-05
1.14365e-11
5.85488e-11
-4.42084e-05
6.79998e-06
5.76211e-11
-4.42084e-05
7.98227e-06
5.8026e-11
-2.38151e-05
6.86683e-06
5.5419e-11
-1.17166e-05
3.76727e-06
5.87257e-11
-2.19779e-09
5.56408e-11
4.85833e-06
-3.76728e-06
2.24986e-06
4.85836e-06
-6.86683e-06
2.71428e-06
-2.16818e-09
-7.98226e-06
3.85515e-06
-1.17166e-05
-6.79996e-06
4.98497e-06
-2.38151e-05
7.04715e-12
6.80002e-06
-4.42084e-05
6.79997e-06
6.80002e-06
-4.42084e-05
7.98226e-06
4.98496e-06
-2.3815e-05
6.86682e-06
3.85514e-06
-1.17166e-05
3.76726e-06
2.71428e-06
-2.15064e-09
2.24986e-06
4.85836e-06
-3.07787e-06
3.12278e-06
8.13283e-06
-5.50206e-06
3.67039e-06
4.5176e-06
-6.19047e-06
4.94072e-06
-3.59795e-06
-4.98491e-06
6.19051e-06
-1.18904e-05
8.68848e-12
7.98231e-06
-2.38151e-05
4.98493e-06
7.98231e-06
-2.38151e-05
6.19047e-06
6.19051e-06
-1.18904e-05
5.50206e-06
4.94071e-06
-3.59793e-06
3.07785e-06
3.67038e-06
4.51762e-06
3.12277e-06
8.13285e-06
-2.52483e-06
2.92481e-06
1.13045e-05
-4.46006e-06
3.40062e-06
8.523e-06
-4.94067e-06
4.46009e-06
2.54507e-06
-3.85509e-06
5.50208e-06
-3.5979e-06
4.53312e-12
6.86685e-06
-1.17166e-05
3.8551e-06
6.86685e-06
-1.17166e-05
4.94067e-06
5.50208e-06
-3.59788e-06
4.46005e-06
4.46008e-06
2.54508e-06
2.52482e-06
3.40061e-06
8.52301e-06
2.92481e-06
1.13045e-05
-1.96097e-06
1.70233e-06
1.43724e-05
-3.40059e-06
1.96097e-06
1.24338e-05
-3.67034e-06
2.52484e-06
8.52299e-06
-2.71422e-06
3.07787e-06
4.51763e-06
4.75281e-12
3.76728e-06
-2.16443e-09
2.71423e-06
3.76728e-06
-2.16188e-09
3.67034e-06
3.07787e-06
4.51764e-06
3.40059e-06
2.52483e-06
8.523e-06
1.96096e-06
1.96097e-06
1.24338e-05
1.70232e-06
1.43724e-05
-1.70233e-06
1.59536e-05
-2.92479e-06
1.43724e-05
-3.12273e-06
1.13045e-05
-2.24981e-06
8.13287e-06
3.84453e-12
4.85837e-06
2.24981e-06
4.85838e-06
3.12273e-06
8.13288e-06
2.92478e-06
1.13045e-05
1.70231e-06
1.43724e-05
1.59536e-05
-2.09196e-06
-2.09195e-06
2.01374e-05
-3.61683e-06
-2.44505e-06
1.83422e-05
-3.90992e-06
-3.23576e-06
1.48332e-05
-2.87699e-06
-4.01746e-06
1.11173e-05
3.81019e-12
-5.06714e-06
7.04841e-06
2.87699e-06
-5.06714e-06
7.04841e-06
3.90993e-06
-4.01746e-06
1.11173e-05
3.61683e-06
-3.23576e-06
1.48332e-05
2.09197e-06
-2.44505e-06
1.83422e-05
-2.09195e-06
2.01374e-05
-2.44506e-06
-3.61681e-06
1.83422e-05
-4.2738e-06
-4.27378e-06
1.60911e-05
-4.68371e-06
-5.77932e-06
1.14764e-05
-3.55697e-06
-7.27423e-06
6.64755e-06
2.11251e-12
-9.38828e-06
7.61897e-07
3.55698e-06
-9.38828e-06
7.61911e-07
4.68371e-06
-7.27423e-06
6.64757e-06
4.2738e-06
-5.77932e-06
1.14764e-05
2.44506e-06
-4.27377e-06
1.60912e-05
-3.61681e-06
1.83422e-05
-3.23577e-06
-3.90989e-06
1.48332e-05
-5.77934e-06
-4.68368e-06
1.14764e-05
-6.54629e-06
-6.54626e-06
4.07882e-06
-5.29164e-06
-8.40074e-06
-3.72615e-06
6.37513e-12
-1.13244e-05
-1.50722e-05
5.29165e-06
-1.13244e-05
-1.50723e-05
6.5463e-06
-8.40075e-06
-3.72615e-06
5.77935e-06
-6.54626e-06
4.07884e-06
3.23578e-06
-4.68368e-06
1.14764e-05
-3.90989e-06
1.48332e-05
-4.01747e-06
-2.87695e-06
1.11173e-05
-7.27425e-06
-3.55693e-06
6.64755e-06
-8.40077e-06
-5.2916e-06
-3.72615e-06
-7.04359e-06
-7.04356e-06
-1.46048e-05
-1.19982e-12
-1.01518e-05
-3.20313e-05
7.0436e-06
-1.01518e-05
-3.20313e-05
8.40077e-06
-7.04356e-06
-1.46048e-05
7.27425e-06
-5.29161e-06
-3.72615e-06
4.01748e-06
-3.55693e-06
6.64757e-06
-2.87695e-06
1.11173e-05
-5.06715e-06
5.13556e-11
7.04839e-06
-9.3883e-06
4.96265e-11
7.61869e-07
-1.13244e-05
4.96112e-11
-1.50723e-05
-1.01519e-05
4.47523e-11
-3.20314e-05
3.80578e-13
4.00391e-11
-6.45123e-05
1.01519e-05
4.00112e-11
-6.45123e-05
1.13244e-05
4.4586e-11
-3.20314e-05
9.38832e-06
4.42297e-11
-1.50723e-05
5.06716e-06
4.92742e-11
7.61889e-07
4.72049e-11
7.0484e-06
-5.06715e-06
2.87704e-06
7.04843e-06
-9.3883e-06
3.55702e-06
7.61927e-07
-1.13244e-05
5.29169e-06
-1.50722e-05
-1.01519e-05
7.04364e-06
-3.20313e-05
-3.37623e-12
1.01519e-05
-6.45122e-05
1.01519e-05
1.01519e-05
-6.45123e-05
1.13244e-05
7.04364e-06
-3.20313e-05
9.3883e-06
5.29169e-06
-1.50722e-05
5.06716e-06
3.55702e-06
7.61929e-07
2.87703e-06
7.04843e-06
-4.01748e-06
3.90997e-06
1.11173e-05
-7.27426e-06
4.68375e-06
6.64757e-06
-8.40078e-06
6.54633e-06
-3.72615e-06
-7.04361e-06
8.40082e-06
-1.46048e-05
1.61551e-12
1.13244e-05
-3.20314e-05
7.04361e-06
1.13244e-05
-3.20314e-05
8.40079e-06
8.40082e-06
-1.46048e-05
7.27426e-06
6.54633e-06
-3.72615e-06
4.01749e-06
4.68375e-06
6.64758e-06
3.90996e-06
1.11173e-05
-3.23577e-06
3.61686e-06
1.48333e-05
-5.77935e-06
4.27383e-06
1.14764e-05
-6.5463e-06
5.77937e-06
4.07889e-06
-5.29165e-06
7.27428e-06
-3.72611e-06
1.33875e-13
9.38833e-06
-1.50722e-05
5.29165e-06
9.38833e-06
-1.50722e-05
6.5463e-06
7.27428e-06
-3.7261e-06
5.77935e-06
5.77937e-06
4.07888e-06
3.23577e-06
4.27382e-06
1.14764e-05
3.61686e-06
1.48333e-05
-2.44506e-06
2.09198e-06
1.83422e-05
-4.2738e-06
2.44508e-06
1.60912e-05
-4.68372e-06
3.23578e-06
1.14764e-05
-3.55698e-06
4.01749e-06
6.64759e-06
3.50678e-12
5.06717e-06
7.61923e-07
3.55699e-06
5.06717e-06
7.61925e-07
4.68372e-06
4.01749e-06
6.6476e-06
4.27381e-06
3.23578e-06
1.14764e-05
2.44507e-06
2.44508e-06
1.60912e-05
2.09199e-06
1.83422e-05
-2.09197e-06
2.01375e-05
-3.61683e-06
1.83422e-05
-3.90993e-06
1.48333e-05
-2.87699e-06
1.11173e-05
2.73123e-12
7.04846e-06
2.877e-06
7.04846e-06
3.90993e-06
1.11173e-05
3.61684e-06
1.48333e-05
2.09197e-06
1.83422e-05
2.01375e-05
-2.53741e-06
-2.5374e-06
2.52122e-05
-4.41466e-06
-3.01302e-06
2.32324e-05
-4.84316e-06
-4.10697e-06
1.93686e-05
-3.64486e-06
-5.20109e-06
1.512e-05
6.23802e-12
-6.78766e-06
1.01911e-05
3.64488e-06
-6.78766e-06
1.01912e-05
4.84317e-06
-5.20109e-06
1.512e-05
4.41467e-06
-4.10697e-06
1.93687e-05
2.5374e-06
-3.01302e-06
2.32324e-05
-2.53739e-06
2.52122e-05
-3.01303e-06
-4.41464e-06
2.32324e-05
-5.31024e-06
-5.31021e-06
2.06855e-05
-5.92672e-06
-7.42095e-06
1.54068e-05
-4.63117e-06
-9.54899e-06
9.69984e-06
6.08787e-12
-1.28147e-05
2.15768e-06
4.63118e-06
-1.28147e-05
2.15767e-06
5.92672e-06
-9.54899e-06
9.69985e-06
5.31024e-06
-7.42095e-06
1.54068e-05
3.01302e-06
-5.31021e-06
2.06855e-05
-4.41464e-06
2.32324e-05
-4.10698e-06
-4.84312e-06
1.93686e-05
-7.42098e-06
-5.92668e-06
1.54068e-05
-8.63654e-06
-8.6365e-06
6.50988e-06
-7.25551e-06
-1.13868e-05
-3.26942e-06
8.46686e-12
-1.61848e-05
-1.89578e-05
7.25553e-06
-1.61848e-05
-1.89578e-05
8.63655e-06
-1.13868e-05
-3.26942e-06
7.42098e-06
-8.6365e-06
6.50988e-06
4.10697e-06
-5.92667e-06
1.54068e-05
-4.84312e-06
1.93686e-05
-5.2011e-06
-3.64482e-06
1.512e-05
-9.54902e-06
-4.63112e-06
9.69983e-06
-1.13869e-05
-7.25547e-06
-3.26944e-06
-9.98197e-06
-9.98192e-06
-1.74148e-05
6.71374e-12
-1.53466e-05
-4.28516e-05
9.98198e-06
-1.53466e-05
-4.28516e-05
1.13869e-05
-9.98191e-06
-1.74148e-05
9.54901e-06
-7.25546e-06
-3.26942e-06
5.20108e-06
-4.63112e-06
9.69984e-06
-3.64482e-06
1.512e-05
-6.78768e-06
6.77513e-11
1.01911e-05
-1.28147e-05
6.82733e-11
2.15764e-06
-1.61848e-05
6.54406e-11
-1.89578e-05
-1.53466e-05
6.67767e-11
-4.28517e-05
1.61051e-11
6.91376e-11
-9.52057e-05
1.53467e-05
6.88116e-11
-9.52057e-05
1.61848e-05
6.83564e-11
-4.28516e-05
1.28147e-05
6.35826e-11
-1.89578e-05
6.78767e-06
6.59355e-11
2.15765e-06
6.3529e-11
1.01911e-05
-6.78768e-06
3.64493e-06
1.01911e-05
-1.28147e-05
4.63124e-06
2.15767e-06
-1.61848e-05
7.25558e-06
-1.89578e-05
-1.53466e-05
9.98203e-06
-4.28516e-05
1.19443e-11
1.53467e-05
-9.52057e-05
1.53466e-05
1.53467e-05
-9.52057e-05
1.61848e-05
9.98203e-06
-4.28516e-05
1.28147e-05
7.25557e-06
-1.89578e-05
6.78765e-06
4.63123e-06
2.15768e-06
3.64493e-06
1.01911e-05
-5.20111e-06
4.84323e-06
1.512e-05
-9.54902e-06
5.92678e-06
9.69983e-06
-1.13869e-05
8.6366e-06
-3.26944e-06
-9.98197e-06
1.13869e-05
-1.74148e-05
1.19231e-11
1.61849e-05
-4.28517e-05
9.98198e-06
1.61849e-05
-4.28517e-05
1.13869e-05
1.13869e-05
-1.74148e-05
9.54902e-06
8.63659e-06
-3.26943e-06
5.20109e-06
5.92677e-06
9.69984e-06
4.84322e-06
1.512e-05
-4.10698e-06
4.4147e-06
1.93687e-05
-7.42098e-06
5.31027e-06
1.54068e-05
-8.63654e-06
7.42101e-06
6.5099e-06
-7.25552e-06
9.54905e-06
-3.26939e-06
5.88092e-12
1.28147e-05
-1.89578e-05
7.25552e-06
1.28147e-05
-1.89578e-05
8.63654e-06
9.54904e-06
-3.26939e-06
7.42097e-06
7.421e-06
6.5099e-06
4.10696e-06
5.31027e-06
1.54068e-05
4.41469e-06
1.93687e-05
-3.01304e-06
2.53741e-06
2.32324e-05
-5.31025e-06
3.01304e-06
2.06855e-05
-5.92672e-06
4.10698e-06
1.54068e-05
-4.63118e-06
5.2011e-06
9.69985e-06
5.61944e-12
6.78768e-06
2.15767e-06
4.63118e-06
6.78768e-06
2.15767e-06
5.92673e-06
5.2011e-06
9.69985e-06
5.31025e-06
4.10698e-06
1.54068e-05
3.01303e-06
3.01304e-06
2.06855e-05
2.5374e-06
2.32324e-05
-2.53741e-06
2.52122e-05
-4.41467e-06
2.32324e-05
-4.84317e-06
1.93687e-05
-3.64487e-06
1.512e-05
4.44596e-12
1.01912e-05
3.64488e-06
1.01912e-05
4.84318e-06
1.512e-05
4.41466e-06
1.93687e-05
2.53739e-06
2.32324e-05
2.52122e-05
-3.03086e-06
-3.03085e-06
3.12738e-05
-5.30522e-06
-3.66175e-06
2.91685e-05
-5.92216e-06
-5.15071e-06
2.51362e-05
-4.56305e-06
-6.66613e-06
2.0427e-05
5.85729e-12
-9.04585e-06
1.46739e-05
4.56307e-06
-9.04585e-06
1.46739e-05
5.92217e-06
-6.66613e-06
2.0427e-05
5.30523e-06
-5.1507e-06
2.51362e-05
3.03087e-06
-3.66175e-06
2.91685e-05
-3.03085e-06
3.12738e-05
-3.66176e-06
-5.30521e-06
2.91685e-05
-6.50838e-06
-6.50836e-06
2.63786e-05
-7.42356e-06
-9.42073e-06
2.05919e-05
-5.98336e-06
-1.24232e-05
1.40167e-05
4.8522e-12
-1.74367e-05
4.56503e-06
5.98337e-06
-1.74367e-05
4.56505e-06
7.42356e-06
-1.24232e-05
1.40167e-05
6.50838e-06
-9.42073e-06
2.05919e-05
3.66176e-06
-6.50836e-06
2.63787e-05
-5.30521e-06
2.91685e-05
-5.15072e-06
-5.92213e-06
2.51362e-05
-9.42075e-06
-7.42353e-06
2.05919e-05
-1.13306e-05
-1.13305e-05
1.03294e-05
-9.91608e-06
-1.53978e-05
-1.70939e-06
8.19644e-12
-2.33168e-05
-2.29938e-05
9.91609e-06
-2.33168e-05
-2.29938e-05
1.13306e-05
-1.53978e-05
-1.70939e-06
9.42076e-06
-1.13305e-05
1.03294e-05
5.15073e-06
-7.42353e-06
2.05919e-05
-5.92213e-06
2.51362e-05
-6.66614e-06
-4.56302e-06
2.0427e-05
-1.24232e-05
-5.98333e-06
1.40166e-05
-1.53978e-05
-9.91605e-06
-1.7094e-06
-1.41739e-05
-1.41739e-05
-1.98627e-05
5.4997e-12
-2.34959e-05
-5.68466e-05
1.41739e-05
-2.34959e-05
-5.68466e-05
1.53978e-05
-1.41739e-05
-1.98626e-05
1.24232e-05
-9.91605e-06
-1.70939e-06
6.66614e-06
-5.98333e-06
1.40167e-05
-4.56302e-06
2.0427e-05
-9.04587e-06
5.95298e-11
1.46738e-05
-1.74367e-05
5.89653e-11
4.565e-06
-2.33168e-05
5.56498e-11
-2.29938e-05
-2.34959e-05
5.55135e-11
-5.68467e-05
1.89404e-12
4.29151e-11
-0.000142198
2.34959e-05
3.80192e-11
-0.000142198
2.33169e-05
5.0553e-11
-5.68467e-05
1.74367e-05
4.97382e-11
-2.29938e-05
9.04588e-06
5.70835e-11
4.56502e-06
5.43662e-11
1.46738e-05
-9.04587e-06
4.56311e-06
1.46739e-05
-1.74367e-05
5.98342e-06
4.56505e-06
-2.33169e-05
9.91614e-06
-2.29938e-05
-2.34959e-05
1.4174e-05
-5.68466e-05
-6.59034e-12
2.3496e-05
-0.000142198
2.34959e-05
2.3496e-05
-0.000142198
2.33169e-05
1.4174e-05
-5.68466e-05
1.74367e-05
9.91614e-06
-2.29938e-05
9.04587e-06
5.98342e-06
4.56506e-06
4.56311e-06
1.46739e-05
-6.66615e-06
5.92222e-06
2.0427e-05
-1.24233e-05
7.42362e-06
1.40167e-05
-1.53978e-05
1.13306e-05
-1.7094e-06
-1.4174e-05
1.53979e-05
-1.98627e-05
3.90813e-12
2.33169e-05
-5.68467e-05
1.4174e-05
2.33169e-05
-5.68467e-05
1.53979e-05
1.53979e-05
-1.98627e-05
1.24233e-05
1.13306e-05
-1.70939e-06
6.66616e-06
7.42361e-06
1.40167e-05
5.92222e-06
2.0427e-05
-5.15072e-06
5.30526e-06
2.51363e-05
-9.42076e-06
6.50841e-06
2.05919e-05
-1.13306e-05
9.42079e-06
1.03294e-05
-9.91609e-06
1.24233e-05
-1.70935e-06
1.76377e-12
1.74367e-05
-2.29938e-05
9.91609e-06
1.74367e-05
-2.29938e-05
1.13306e-05
1.24233e-05
-1.70935e-06
9.42075e-06
9.42078e-06
1.03294e-05
5.15072e-06
6.50841e-06
2.05919e-05
5.30526e-06
2.51363e-05
-3.66177e-06
3.03088e-06
2.91685e-05
-6.50839e-06
3.66178e-06
2.63787e-05
-7.42357e-06
5.15073e-06
2.05919e-05
-5.98337e-06
6.66616e-06
1.40167e-05
5.21763e-12
9.04588e-06
4.56504e-06
5.98338e-06
9.04588e-06
4.56504e-06
7.42358e-06
6.66616e-06
1.40167e-05
6.50839e-06
5.15073e-06
2.05919e-05
3.66177e-06
3.66178e-06
2.63787e-05
3.03089e-06
2.91685e-05
-3.03087e-06
3.12739e-05
-5.30524e-06
2.91685e-05
-5.92218e-06
2.51363e-05
-4.56306e-06
2.0427e-05
3.83714e-12
1.46739e-05
4.56307e-06
1.46739e-05
5.92218e-06
2.0427e-05
5.30524e-06
2.51362e-05
3.03088e-06
2.91685e-05
3.12739e-05
-3.55473e-06
-3.55472e-06
3.83832e-05
-6.25576e-06
-4.37622e-06
3.62457e-05
-7.12694e-06
-6.35881e-06
3.23662e-05
-5.62313e-06
-8.42618e-06
2.73493e-05
6.39592e-12
-1.19553e-05
2.1006e-05
5.62314e-06
-1.19553e-05
2.1006e-05
7.12695e-06
-8.42618e-06
2.73493e-05
6.25576e-06
-6.35882e-06
3.23662e-05
3.55471e-06
-4.37622e-06
3.62457e-05
-3.55471e-06
3.83832e-05
-4.37623e-06
-6.25574e-06
3.62457e-05
-7.84358e-06
-7.84356e-06
3.33133e-05
-9.181e-06
-1.17702e-05
2.73407e-05
-7.64815e-06
-1.59582e-05
2.00158e-05
6.30381e-12
-2.35873e-05
8.5488e-06
7.64816e-06
-2.35873e-05
8.54879e-06
9.181e-06
-1.59582e-05
2.00158e-05
7.84358e-06
-1.17702e-05
2.73407e-05
4.37622e-06
-7.84356e-06
3.33133e-05
-6.25574e-06
3.62457e-05
-6.35883e-06
-7.1269e-06
3.23662e-05
-1.17702e-05
-9.18096e-06
2.73407e-05
-1.473e-05
-1.473e-05
1.62489e-05
-1.34584e-05
-2.07449e-05
1.80568e-06
7.69172e-12
-3.38861e-05
-2.61534e-05
1.34584e-05
-3.38861e-05
-2.61534e-05
1.473e-05
-2.07449e-05
1.80568e-06
1.17702e-05
-1.473e-05
1.62489e-05
6.35882e-06
-9.18096e-06
2.73407e-05
-7.12691e-06
3.23662e-05
-8.42619e-06
-5.62309e-06
2.73493e-05
-1.59582e-05
-7.64811e-06
2.00157e-05
-2.07449e-05
-1.34583e-05
1.80569e-06
-2.01375e-05
-2.01374e-05
-2.10777e-05
1.6788e-13
-3.64539e-05
-7.44164e-05
2.01375e-05
-3.64539e-05
-7.44164e-05
2.0745e-05
-2.01374e-05
-2.10777e-05
1.59582e-05
-1.34583e-05
1.80572e-06
8.42617e-06
-7.64811e-06
2.00158e-05
-5.6231e-06
2.73493e-05
-1.19554e-05
6.91958e-11
2.1006e-05
-2.35873e-05
7.07967e-11
8.54876e-06
-3.38862e-05
6.56796e-11
-2.61534e-05
-3.64539e-05
6.08393e-11
-7.44164e-05
1.03348e-11
6.17367e-11
-0.000215106
3.64539e-05
6.59632e-11
-0.000215106
3.38862e-05
6.71624e-11
-7.44164e-05
2.35873e-05
6.22037e-11
-2.61534e-05
1.19553e-05
6.78025e-11
8.54877e-06
6.39663e-11
2.1006e-05
-1.19554e-05
5.6232e-06
2.1006e-05
-2.35873e-05
7.64822e-06
8.5488e-06
-3.38862e-05
1.34584e-05
-2.61534e-05
-3.64539e-05
2.01375e-05
-7.44164e-05
1.16922e-11
3.6454e-05
-0.000215106
3.64539e-05
3.6454e-05
-0.000215106
3.38862e-05
2.01375e-05
-7.44163e-05
2.35873e-05
1.34584e-05
-2.61534e-05
1.19553e-05
7.64822e-06
8.54882e-06
5.62319e-06
2.1006e-05
-8.4262e-06
7.12701e-06
2.73493e-05
-1.59582e-05
9.18107e-06
2.00158e-05
-2.0745e-05
1.47301e-05
1.80568e-06
-2.01375e-05
2.0745e-05
-2.10777e-05
9.95273e-12
3.38862e-05
-7.44164e-05
2.01375e-05
3.38862e-05
-7.44164e-05
2.0745e-05
2.0745e-05
-2.10777e-05
1.59582e-05
1.47301e-05
1.8057e-06
8.42618e-06
9.18106e-06
2.00158e-05
7.12701e-06
2.73493e-05
-6.35883e-06
6.2558e-06
3.23662e-05
-1.17702e-05
7.84362e-06
2.73407e-05
-1.473e-05
1.17703e-05
1.6249e-05
-1.34584e-05
1.59582e-05
1.80575e-06
4.32336e-12
2.35874e-05
-2.61533e-05
1.34584e-05
2.35874e-05
-2.61533e-05
1.473e-05
1.59582e-05
1.80576e-06
1.17702e-05
1.17703e-05
1.6249e-05
6.35881e-06
7.84362e-06
2.73407e-05
6.25579e-06
3.23662e-05
-4.37624e-06
3.55473e-06
3.62457e-05
-7.8436e-06
4.37624e-06
3.33133e-05
-9.18101e-06
6.35883e-06
2.73407e-05
-7.64816e-06
8.42619e-06
2.00158e-05
5.49318e-12
1.19553e-05
8.54879e-06
7.64817e-06
1.19553e-05
8.5488e-06
9.18102e-06
8.42619e-06
2.00158e-05
7.84359e-06
6.35883e-06
2.73407e-05
4.37623e-06
4.37624e-06
3.33133e-05
3.55472e-06
3.62457e-05
-3.55473e-06
3.83833e-05
-6.25577e-06
3.62457e-05
-7.12696e-06
3.23662e-05
-5.62314e-06
2.73493e-05
4.04618e-12
2.1006e-05
5.62315e-06
2.1006e-05
7.12696e-06
2.73493e-05
6.25576e-06
3.23662e-05
3.5547e-06
3.62457e-05
3.83833e-05
-4.08005e-06
-4.08004e-06
4.65433e-05
-7.21068e-06
-5.12766e-06
4.45039e-05
-8.41316e-06
-7.70019e-06
4.12688e-05
-6.79118e-06
-1.04815e-05
3.62087e-05
8.97488e-12
-1.56309e-05
2.98457e-05
6.7912e-06
-1.56309e-05
2.98457e-05
8.41317e-06
-1.04815e-05
3.62088e-05
7.21069e-06
-7.70018e-06
4.12688e-05
4.08006e-06
-5.12765e-06
4.45039e-05
-4.08004e-06
4.65433e-05
-5.12767e-06
-7.21066e-06
4.45039e-05
-9.26472e-06
-9.2647e-06
4.15873e-05
-1.11795e-05
-1.44273e-05
3.59826e-05
-9.64415e-06
-2.01875e-05
2.81863e-05
7.36639e-12
-3.16586e-05
1.49322e-05
9.64417e-06
-3.16586e-05
1.49322e-05
1.11795e-05
-2.01875e-05
2.81864e-05
9.26472e-06
-1.44273e-05
3.59826e-05
5.12767e-06
-9.2647e-06
4.15873e-05
-7.21067e-06
4.45039e-05
-7.7002e-06
-8.41312e-06
4.12688e-05
-1.44273e-05
-1.11795e-05
3.59826e-05
-1.89378e-05
-1.89377e-05
2.52697e-05
-1.80677e-05
-2.77777e-05
8.5258e-06
1.06595e-11
-4.96947e-05
-2.6185e-05
1.80678e-05
-4.96947e-05
-2.6185e-05
1.89378e-05
-2.77777e-05
8.52582e-06
1.44273e-05
-1.89377e-05
2.52697e-05
7.70021e-06
-1.11795e-05
3.59826e-05
-8.41312e-06
4.12688e-05
-1.04815e-05
-6.79114e-06
3.62088e-05
-2.01875e-05
-9.64412e-06
2.81864e-05
-2.77777e-05
-1.80677e-05
8.52583e-06
-2.85688e-05
-2.85688e-05
-1.94954e-05
1.61258e-11
-5.73097e-05
-9.53703e-05
2.85689e-05
-5.73097e-05
-9.53702e-05
2.77777e-05
-2.85688e-05
-1.94954e-05
2.01875e-05
-1.80677e-05
8.52588e-06
1.04815e-05
-9.64412e-06
2.81864e-05
-6.79115e-06
3.62088e-05
-1.5631e-05
7.39403e-11
2.98457e-05
-3.16586e-05
7.31666e-11
1.49322e-05
-4.96948e-05
6.90257e-11
-2.6185e-05
-5.73097e-05
7.55575e-11
-9.53703e-05
8.51898e-12
5.27657e-11
-0.000329725
5.73098e-05
4.30314e-11
-0.000329725
4.96948e-05
6.62569e-11
-9.53703e-05
3.16586e-05
6.06958e-11
-2.61849e-05
1.5631e-05
7.09122e-11
1.49322e-05
6.68664e-11
2.98457e-05
-1.5631e-05
6.79125e-06
2.98457e-05
-3.16586e-05
9.64423e-06
1.49323e-05
-4.96948e-05
1.80678e-05
-2.61849e-05
-5.73098e-05
2.85689e-05
-9.53702e-05
-5.08513e-12
5.73098e-05
-0.000329725
5.73098e-05
5.73098e-05
-0.000329725
4.96948e-05
2.85689e-05
-9.53702e-05
3.16586e-05
1.80678e-05
-2.61849e-05
1.5631e-05
9.64422e-06
1.49323e-05
6.79124e-06
2.98458e-05
-1.04815e-05
8.41322e-06
3.62088e-05
-2.01876e-05
1.11796e-05
2.81864e-05
-2.77777e-05
1.89378e-05
8.52583e-06
-2.85689e-05
2.77778e-05
-1.94954e-05
1.02817e-11
4.96948e-05
-9.53703e-05
2.85689e-05
4.96949e-05
-9.53703e-05
2.77777e-05
2.77778e-05
-1.94954e-05
2.01875e-05
1.89378e-05
8.52587e-06
1.04815e-05
1.11796e-05
2.81864e-05
8.41322e-06
3.62088e-05
-7.7002e-06
7.21073e-06
4.12688e-05
-1.44273e-05
9.26476e-06
3.59826e-05
-1.89378e-05
1.44274e-05
2.52698e-05
-1.80678e-05
2.01876e-05
8.52591e-06
4.20252e-12
3.16586e-05
-2.61849e-05
1.80678e-05
3.16586e-05
-2.61849e-05
1.89378e-05
2.01876e-05
8.52593e-06
1.44273e-05
1.44274e-05
2.52698e-05
7.7002e-06
9.26475e-06
3.59826e-05
7.21072e-06
4.12688e-05
-5.12768e-06
4.08008e-06
4.4504e-05
-9.26473e-06
5.12769e-06
4.15874e-05
-1.11795e-05
7.70022e-06
3.59826e-05
-9.64417e-06
1.04815e-05
2.81864e-05
7.18711e-12
1.5631e-05
1.49322e-05
9.64418e-06
1.5631e-05
1.49322e-05
1.11795e-05
1.04815e-05
2.81864e-05
9.26473e-06
7.70021e-06
3.59826e-05
5.12768e-06
5.12769e-06
4.15874e-05
4.08008e-06
4.4504e-05
-4.08006e-06
4.65433e-05
-7.2107e-06
4.4504e-05
-8.41317e-06
4.12688e-05
-6.7912e-06
3.62088e-05
4.94833e-12
2.98457e-05
6.7912e-06
2.98457e-05
8.41317e-06
3.62088e-05
7.2107e-06
4.12688e-05
4.08007e-06
4.4504e-05
4.65433e-05
-4.56062e-06
-4.56061e-06
5.56645e-05
-8.07521e-06
-5.86153e-06
5.388e-05
-9.68253e-06
-9.07278e-06
5.19488e-05
-7.96449e-06
-1.27235e-05
4.72141e-05
6.36968e-12
-2.00462e-05
4.19274e-05
7.9645e-06
-2.00462e-05
4.19274e-05
9.68255e-06
-1.27235e-05
4.72141e-05
8.07521e-06
-9.07279e-06
5.19489e-05
4.56061e-06
-5.86153e-06
5.388e-05
-4.56061e-06
5.56645e-05
-5.86155e-06
-8.07519e-06
5.388e-05
-1.06648e-05
-1.06648e-05
5.11939e-05
-1.33339e-05
-1.71672e-05
4.67461e-05
-1.1916e-05
-2.49532e-05
3.89982e-05
8.19999e-12
-4.18633e-05
2.48332e-05
1.1916e-05
-4.18633e-05
2.48332e-05
1.33339e-05
-2.49532e-05
3.89982e-05
1.06648e-05
-1.71672e-05
4.67461e-05
5.86153e-06
-1.06648e-05
5.11939e-05
-8.07519e-06
5.388e-05
-9.0728e-06
-9.68249e-06
5.19489e-05
-1.71672e-05
-1.33339e-05
4.67461e-05
-2.38615e-05
-2.38615e-05
3.86582e-05
-2.37277e-05
-3.68524e-05
2.02912e-05
3.96781e-12
-7.35565e-05
-1.82195e-05
2.37277e-05
-7.35565e-05
-1.82195e-05
2.38615e-05
-3.68524e-05
2.02912e-05
1.71672e-05
-2.38615e-05
3.86582e-05
9.07279e-06
-1.33339e-05
4.67461e-05
-9.6825e-06
5.19489e-05
-1.27235e-05
-7.96445e-06
4.72142e-05
-2.49533e-05
-1.1916e-05
3.89983e-05
-3.68524e-05
-2.37277e-05
2.02912e-05
-4.0322e-05
-4.0322e-05
-1.25561e-05
-1.64104e-12
-9.13925e-05
-0.000117856
4.0322e-05
-9.13925e-05
-0.000117856
3.68524e-05
-4.0322e-05
-1.25561e-05
2.49532e-05
-2.37277e-05
2.02913e-05
1.27234e-05
-1.1916e-05
3.89983e-05
-7.96446e-06
4.72142e-05
-2.00463e-05
7.36032e-11
4.19274e-05
-4.18633e-05
7.98171e-11
2.48332e-05
-7.35566e-05
6.48008e-11
-1.82195e-05
-9.13926e-05
6.3662e-11
-0.000117856
-2.31619e-13
4.92057e-11
-0.00051251
9.13926e-05
5.58355e-11
-0.00051251
7.35566e-05
7.23507e-11
-0.000117856
4.18633e-05
6.21024e-11
-1.82194e-05
2.00463e-05
7.4855e-11
2.48332e-05
6.69086e-11
4.19274e-05
-2.00463e-05
7.96456e-06
4.19275e-05
-4.18633e-05
1.19161e-05
2.48333e-05
-7.35565e-05
2.37278e-05
-1.82194e-05
-9.13926e-05
4.03221e-05
-0.000117856
4.39981e-12
9.13926e-05
-0.00051251
9.13926e-05
9.13926e-05
-0.00051251
7.35565e-05
4.03221e-05
-0.000117856
4.18633e-05
2.37278e-05
-1.82194e-05
2.00462e-05
1.19161e-05
2.48333e-05
7.96455e-06
4.19275e-05
-1.27235e-05
9.6826e-06
4.72142e-05
-2.49533e-05
1.3334e-05
3.89983e-05
-3.68524e-05
2.38616e-05
2.02912e-05
-4.03221e-05
3.68525e-05
-1.25561e-05
1.08785e-11
7.35566e-05
-0.000117856
4.03221e-05
7.35566e-05
-0.000117856
3.68524e-05
3.68525e-05
-1.25561e-05
2.49533e-05
2.38616e-05
2.02912e-05
1.27235e-05
1.3334e-05
3.89983e-05
9.6826e-06
4.72142e-05
-9.0728e-06
8.07524e-06
5.19489e-05
-1.71673e-05
1.06649e-05
4.67462e-05
-2.38615e-05
1.71673e-05
3.86583e-05
-2.37277e-05
2.49533e-05
2.02913e-05
2.26852e-12
4.18634e-05
-1.82194e-05
2.37277e-05
4.18634e-05
-1.82194e-05
2.38615e-05
2.49533e-05
2.02913e-05
1.71672e-05
1.71673e-05
3.86583e-05
9.07278e-06
1.06649e-05
4.67462e-05
8.07523e-06
5.19489e-05
-5.86156e-06
4.56062e-06
5.38801e-05
-1.06649e-05
5.86154e-06
5.11939e-05
-1.33339e-05
9.0728e-06
4.67461e-05
-1.19161e-05
1.27235e-05
3.89983e-05
6.66971e-12
2.00463e-05
2.48332e-05
1.19161e-05
2.00463e-05
2.48332e-05
1.33339e-05
1.27235e-05
3.89983e-05
1.06648e-05
9.07279e-06
4.67461e-05
5.86154e-06
5.86154e-06
5.11939e-05
4.56061e-06
5.38801e-05
-4.56063e-06
5.56645e-05
-8.07523e-06
5.38801e-05
-9.68255e-06
5.19489e-05
-7.9645e-06
4.72142e-05
4.18886e-12
4.19274e-05
7.96451e-06
4.19274e-05
9.68255e-06
4.72142e-05
8.07521e-06
5.19489e-05
4.56059e-06
5.38801e-05
5.56645e-05
-4.94115e-06
-4.94113e-06
6.55467e-05
-8.73713e-06
-6.51093e-06
6.41868e-05
-1.08105e-05
-1.03478e-05
6.437e-05
-9.00708e-06
-1.50067e-05
6.04173e-05
1.35615e-11
-2.50826e-05
5.80028e-05
9.0071e-06
-2.50826e-05
5.80028e-05
1.08106e-05
-1.50067e-05
6.04173e-05
8.73714e-06
-1.03478e-05
6.437e-05
4.94116e-06
-6.51093e-06
6.41869e-05
-4.94114e-06
6.55467e-05
-6.51094e-06
-8.7371e-06
6.41869e-05
-1.19111e-05
-1.19111e-05
6.19941e-05
-1.55086e-05
-1.97103e-05
5.97061e-05
-1.43589e-05
-2.99476e-05
5.27894e-05
7.21162e-12
-5.42062e-05
3.95979e-05
1.43589e-05
-5.42062e-05
3.95979e-05
1.55086e-05
-2.99476e-05
5.27894e-05
1.19111e-05
-1.97103e-05
5.97061e-05
6.51095e-06
-1.19111e-05
6.19941e-05
-8.73711e-06
6.41869e-05
-1.03478e-05
-1.08105e-05
6.437e-05
-1.97104e-05
-1.55085e-05
5.9706e-05
-2.93174e-05
-2.93174e-05
5.78723e-05
-3.01685e-05
-4.80621e-05
3.92568e-05
1.82887e-11
-0.000109771
7.1773e-06
3.01686e-05
-0.000109772
7.1773e-06
2.93174e-05
-4.80621e-05
3.92568e-05
1.97104e-05
-2.93174e-05
5.78724e-05
1.03478e-05
-1.55085e-05
5.9706e-05
-1.08105e-05
6.437e-05
-1.50067e-05
-9.00704e-06
6.04174e-05
-2.99476e-05
-1.43589e-05
5.27894e-05
-4.80621e-05
-3.01685e-05
3.92569e-05
-5.64272e-05
-5.64272e-05
4.17419e-06
1.72167e-11
-0.000150363
-0.000133692
5.64273e-05
-0.000150363
-0.000133692
4.80621e-05
-5.64272e-05
4.17421e-06
2.99476e-05
-3.01685e-05
3.92569e-05
1.50067e-05
-1.43589e-05
5.27895e-05
-9.00704e-06
6.04174e-05
-2.50826e-05
9.00893e-11
5.80029e-05
-5.42063e-05
8.80545e-11
3.95979e-05
-0.000109772
8.55478e-11
7.17733e-06
-0.000150363
8.89067e-11
-0.000133692
4.05728e-12
4.68049e-11
-0.000813236
0.000150363
3.96516e-11
-0.000813236
0.000109772
8.05209e-11
-0.000133692
5.42063e-05
7.05058e-11
7.1774e-06
2.50826e-05
8.50008e-11
3.95979e-05
7.87764e-11
5.80029e-05
-2.50826e-05
9.00716e-06
5.80029e-05
-5.42062e-05
1.4359e-05
3.9598e-05
-0.000109772
3.01686e-05
7.17741e-06
-0.000150363
5.64273e-05
-0.000133692
-5.99529e-12
0.000150363
-0.000813236
0.000150363
0.000150363
-0.000813236
0.000109772
5.64273e-05
-0.000133692
5.42062e-05
3.01686e-05
7.17748e-06
2.50826e-05
1.4359e-05
3.9598e-05
9.00715e-06
5.8003e-05
-1.50068e-05
1.08106e-05
6.04174e-05
-2.99476e-05
1.55086e-05
5.27894e-05
-4.80622e-05
2.93175e-05
3.92569e-05
-5.64273e-05
4.80622e-05
4.17413e-06
1.16089e-11
0.000109772
-0.000133692
5.64273e-05
0.000109772
-0.000133692
4.80622e-05
4.80622e-05
4.17413e-06
2.99476e-05
2.93175e-05
3.92569e-05
1.50068e-05
1.55086e-05
5.27894e-05
1.08106e-05
6.04174e-05
-1.03478e-05
8.73717e-06
6.43701e-05
-1.97104e-05
1.19111e-05
5.97061e-05
-2.93174e-05
1.97104e-05
5.78724e-05
-3.01685e-05
2.99476e-05
3.9257e-05
6.63207e-12
5.42063e-05
7.17747e-06
3.01686e-05
5.42063e-05
7.17745e-06
2.93174e-05
2.99476e-05
3.9257e-05
1.97103e-05
1.97104e-05
5.78725e-05
1.03478e-05
1.19111e-05
5.97061e-05
8.73716e-06
6.43701e-05
-6.51096e-06
4.94118e-06
6.41869e-05
-1.19111e-05
6.51097e-06
6.19941e-05
-1.55086e-05
1.03478e-05
5.97061e-05
-1.43589e-05
1.50068e-05
5.27894e-05
8.36222e-12
2.50826e-05
3.95979e-05
1.43589e-05
2.50826e-05
3.95979e-05
1.55086e-05
1.50068e-05
5.27894e-05
1.19111e-05
1.03478e-05
5.97061e-05
6.51096e-06
6.51096e-06
6.19941e-05
4.94119e-06
6.41869e-05
-4.94117e-06
6.55467e-05
-8.73715e-06
6.41869e-05
-1.08106e-05
6.43701e-05
-9.0071e-06
6.04174e-05
6.1443e-12
5.80029e-05
9.00711e-06
5.80029e-05
1.08106e-05
6.04174e-05
8.73715e-06
6.43701e-05
4.94117e-06
6.41869e-05
6.55468e-05
-5.14062e-06
-5.14059e-06
7.58279e-05
-9.01949e-06
-6.96598e-06
7.50317e-05
-1.15478e-05
-1.11993e-05
7.80977e-05
-9.57809e-06
-1.69411e-05
7.53887e-05
5.34628e-12
-2.99957e-05
7.84204e-05
9.57811e-06
-2.99957e-05
7.84204e-05
1.15479e-05
-1.69411e-05
7.53887e-05
9.01949e-06
-1.11993e-05
7.80977e-05
5.1406e-06
-6.96598e-06
7.50317e-05
-5.14059e-06
7.58279e-05
-6.966e-06
-9.01946e-06
7.50317e-05
-1.27726e-05
-1.27726e-05
7.36074e-05
-1.74066e-05
-2.12931e-05
7.44338e-05
-1.66371e-05
-3.44878e-05
6.95665e-05
1.47058e-11
-6.79696e-05
6.09347e-05
1.66372e-05
-6.79696e-05
6.09347e-05
1.74066e-05
-3.44878e-05
6.95665e-05
1.27727e-05
-2.12931e-05
7.44338e-05
6.96598e-06
-1.27726e-05
7.36074e-05
-9.01946e-06
7.50317e-05
-1.11993e-05
-1.15478e-05
7.80977e-05
-2.12931e-05
-1.74066e-05
7.44338e-05
-3.43964e-05
-3.43963e-05
8.40788e-05
-3.59106e-05
-6.16517e-05
6.79349e-05
-5.99426e-12
-0.000165172
6.84686e-05
3.59106e-05
-0.000165172
6.84685e-05
3.43964e-05
-6.16517e-05
6.79349e-05
2.12931e-05
-3.43963e-05
8.40788e-05
1.11993e-05
-1.74066e-05
7.44338e-05
-1.15478e-05
7.80977e-05
-1.69412e-05
-9.57806e-06
7.53888e-05
-3.44878e-05
-1.66371e-05
6.95666e-05
-6.16517e-05
-3.59105e-05
6.79351e-05
-7.87013e-05
-7.87012e-05
3.82732e-05
8.69879e-12
-0.000242647
-0.000134918
7.87013e-05
-0.000242647
-0.000134918
6.16517e-05
-7.87012e-05
3.82733e-05
3.44878e-05
-3.59105e-05
6.79351e-05
1.69411e-05
-1.66371e-05
6.95666e-05
-9.57806e-06
7.53888e-05
-2.99958e-05
7.94803e-11
7.84205e-05
-6.79697e-05
9.66984e-11
6.09346e-05
-0.000165172
6.01317e-11
6.84686e-05
-0.000242647
7.50573e-11
-0.000134918
-3.44843e-12
5.33303e-11
-0.00129853
0.000242647
5.89413e-11
-0.00129853
0.000165172
8.36035e-11
-0.000134918
6.79697e-05
6.52363e-11
6.84687e-05
2.99957e-05
8.73445e-11
6.09346e-05
7.12488e-11
7.84205e-05
-2.99957e-05
9.57817e-06
7.84206e-05
-6.79697e-05
1.66372e-05
6.09348e-05
-0.000165172
3.59106e-05
6.84687e-05
-0.000242647
7.87013e-05
-0.000134918
-2.61733e-13
0.000242647
-0.00129853
0.000242647
0.000242647
-0.00129853
0.000165172
7.87013e-05
-0.000134918
6.79696e-05
3.59106e-05
6.84688e-05
2.99957e-05
1.66372e-05
6.09348e-05
9.57815e-06
7.84206e-05
-1.69412e-05
1.15479e-05
7.53888e-05
-3.44878e-05
1.74067e-05
6.95666e-05
-6.16517e-05
3.43964e-05
6.7935e-05
-7.87013e-05
6.16518e-05
3.82732e-05
1.89871e-11
0.000165172
-0.000134918
7.87013e-05
0.000165172
-0.000134918
6.16517e-05
6.16518e-05
3.82732e-05
3.44878e-05
3.43964e-05
6.7935e-05
1.69411e-05
1.74067e-05
6.95665e-05
1.15479e-05
7.53888e-05
-1.11993e-05
9.0195e-06
7.80978e-05
-2.12931e-05
1.27727e-05
7.44339e-05
-3.43963e-05
2.12931e-05
8.40789e-05
-3.59106e-05
3.44878e-05
6.79351e-05
1.50945e-12
6.79697e-05
6.84688e-05
3.59106e-05
6.79697e-05
6.84687e-05
3.43964e-05
3.44878e-05
6.79351e-05
2.12931e-05
2.12931e-05
8.40789e-05
1.11993e-05
1.27727e-05
7.44339e-05
9.01949e-06
7.80978e-05
-6.96601e-06
5.14059e-06
7.50317e-05
-1.27727e-05
6.96598e-06
7.36074e-05
-1.74067e-05
1.11993e-05
7.44338e-05
-1.66372e-05
1.69411e-05
6.95665e-05
9.4175e-12
2.99957e-05
6.09346e-05
1.66372e-05
2.99957e-05
6.09346e-05
1.74067e-05
1.69411e-05
6.95665e-05
1.27727e-05
1.11993e-05
7.44338e-05
6.96599e-06
6.96598e-06
7.36074e-05
5.14058e-06
7.50317e-05
-5.14062e-06
7.58279e-05
-9.0195e-06
7.50317e-05
-1.15479e-05
7.80977e-05
-9.57811e-06
7.53888e-05
4.70637e-12
7.84204e-05
9.57812e-06
7.84204e-05
1.15479e-05
7.53888e-05
9.01948e-06
7.80977e-05
5.14058e-06
7.50317e-05
7.58279e-05
-5.10752e-06
-5.10749e-06
8.60428e-05
-8.82366e-06
-7.15071e-06
8.58985e-05
-1.17067e-05
-1.13711e-05
9.23516e-05
-9.43202e-06
-1.80557e-05
9.11697e-05
1.84599e-11
-3.32975e-05
0.000102286
9.43204e-06
-3.32975e-05
0.000102286
1.17067e-05
-1.80557e-05
9.11697e-05
8.82367e-06
-1.13711e-05
9.23517e-05
5.10753e-06
-7.15071e-06
8.58985e-05
-5.10749e-06
8.60428e-05
-7.15073e-06
-8.82362e-06
8.58985e-05
-1.30798e-05
-1.30798e-05
8.54654e-05
-1.86408e-05
-2.13124e-05
8.9936e-05
-1.82334e-05
-3.69384e-05
8.80417e-05
4.11608e-12
-7.91202e-05
8.85238e-05
1.82334e-05
-7.91202e-05
8.85239e-05
1.86408e-05
-3.69384e-05
8.80417e-05
1.30798e-05
-2.13124e-05
8.9936e-05
7.15074e-06
-1.30798e-05
8.54654e-05
-8.82363e-06
8.58985e-05
-1.13711e-05
-1.17066e-05
9.23517e-05
-2.13124e-05
-1.86407e-05
8.9936e-05
-3.74027e-05
-3.74026e-05
0.000116259
-3.78853e-05
-7.30511e-05
0.00010453
2.29617e-11
-0.000231183
0.000182646
3.78853e-05
-0.000231183
0.000182646
3.74027e-05
-7.30511e-05
0.00010453
2.13124e-05
-3.74026e-05
0.000116259
1.13711e-05
-1.86407e-05
8.9936e-05
-1.17066e-05
9.23517e-05
-1.80557e-05
-9.43197e-06
9.11698e-05
-3.69384e-05
-1.82333e-05
8.80418e-05
-7.30511e-05
-3.78853e-05
0.00010453
-9.9098e-05
-9.9098e-05
9.03668e-05
1.57836e-11
-0.000272787
-0.000192412
9.9098e-05
-0.000272787
-0.000192412
7.30511e-05
-9.90979e-05
9.03668e-05
3.69384e-05
-3.78852e-05
0.00010453
1.80557e-05
-1.82333e-05
8.80418e-05
-9.43198e-06
9.11698e-05
-3.32976e-05
1.05939e-10
0.000102286
-7.91203e-05
1.02028e-10
8.85238e-05
-0.000231183
9.68136e-11
0.000182646
-0.000272787
1.08588e-10
-0.000192413
9.00585e-12
6.0254e-11
-0.0018441
0.000272787
5.79792e-11
-0.0018441
0.000231183
1.02437e-10
-0.000192413
7.91203e-05
7.21982e-11
0.000182646
3.32976e-05
1.00012e-10
8.85238e-05
8.98966e-11
0.000102286
-3.32975e-05
9.4321e-06
0.000102286
-7.91203e-05
1.82335e-05
8.8524e-05
-0.000231183
3.78854e-05
0.000182646
-0.000272787
9.90981e-05
-0.000192412
6.96036e-12
0.000272787
-0.0018441
0.000272787
0.000272787
-0.0018441
0.000231183
9.9098e-05
-0.000192412
7.91202e-05
3.78853e-05
0.000182646
3.32975e-05
1.82335e-05
8.8524e-05
9.43209e-06
0.000102286
-1.80557e-05
1.17067e-05
9.11698e-05
-3.69385e-05
1.86409e-05
8.80417e-05
-7.30512e-05
3.74027e-05
0.00010453
-9.9098e-05
7.30512e-05
9.03667e-05
1.31229e-11
0.000231183
-0.000192413
9.90981e-05
0.000231183
-0.000192413
7.30512e-05
7.30512e-05
9.03667e-05
3.69385e-05
3.74027e-05
0.00010453
1.80557e-05
1.86409e-05
8.80417e-05
1.17067e-05
9.11698e-05
-1.13711e-05
8.8237e-06
9.23518e-05
-2.13124e-05
1.30798e-05
8.99361e-05
-3.74026e-05
2.13124e-05
0.000116259
-3.78853e-05
3.69385e-05
0.00010453
2.08544e-12
7.91203e-05
0.000182646
3.78853e-05
7.91203e-05
0.000182646
3.74026e-05
3.69384e-05
0.00010453
2.13124e-05
2.13124e-05
0.000116259
1.13711e-05
1.30798e-05
8.99361e-05
8.8237e-06
9.23517e-05
-7.15075e-06
5.10755e-06
8.58985e-05
-1.30798e-05
7.15076e-06
8.54654e-05
-1.86408e-05
1.13711e-05
8.9936e-05
-1.82334e-05
1.80557e-05
8.80417e-05
7.22721e-12
3.32976e-05
8.85238e-05
1.82334e-05
3.32976e-05
8.85238e-05
1.86408e-05
1.80557e-05
8.80417e-05
1.30798e-05
1.13711e-05
8.9936e-05
7.15076e-06
7.15076e-06
8.54654e-05
5.10756e-06
8.58985e-05
-5.10754e-06
8.60428e-05
-8.82369e-06
8.58985e-05
-1.17067e-05
9.23517e-05
-9.43205e-06
9.11697e-05
5.8481e-12
0.000102286
9.43205e-06
0.000102286
1.17067e-05
9.11697e-05
8.82369e-06
9.23517e-05
5.10755e-06
8.58985e-05
8.60429e-05
-4.74624e-06
-4.74621e-06
9.55353e-05
-7.97355e-06
-6.94703e-06
9.60728e-05
-1.08606e-05
-1.01722e-05
0.000105411
-7.84216e-06
-1.77805e-05
0.000105932
3.11438e-12
-3.12448e-05
0.000125688
7.84218e-06
-3.12448e-05
0.000125688
1.08606e-05
-1.77805e-05
0.000105932
7.97355e-06
-1.01722e-05
0.000105411
4.74622e-06
-6.94703e-06
9.60728e-05
-4.7462e-06
9.55353e-05
-6.94705e-06
-7.9735e-06
9.60729e-05
-1.26049e-05
-1.26048e-05
9.67811e-05
-1.88454e-05
-1.8518e-05
0.000104522
-1.87379e-05
-3.62218e-05
0.000106375
2.29433e-11
-8.20691e-05
0.00012061
1.87379e-05
-8.20691e-05
0.00012061
1.88454e-05
-3.62218e-05
0.000106375
1.26049e-05
-1.8518e-05
0.000104522
6.94703e-06
-1.26048e-05
9.67811e-05
-7.9735e-06
9.60729e-05
-1.01723e-05
-1.08605e-05
0.000105411
-1.8518e-05
-1.88453e-05
0.000104522
-3.44245e-05
-3.44244e-05
0.000148072
-2.88372e-05
-8.06564e-05
0.000143377
-1.38078e-11
-0.000247646
0.000319385
2.88373e-05
-0.000247646
0.000319385
3.44246e-05
-8.06564e-05
0.000143377
1.8518e-05
-3.44244e-05
0.000148072
1.01722e-05
-1.88453e-05
0.000104522
-1.08605e-05
0.000105411
-1.77805e-05
-7.84212e-06
0.000105932
-3.62219e-05
-1.87378e-05
0.000106376
-8.06564e-05
-2.88372e-05
0.000143378
-0.000102593
-0.000102593
0.000134241
3.39946e-11
-0.000179971
-0.00036268
0.000102593
-0.000179971
-0.00036268
8.06564e-05
-0.000102593
0.000134241
3.62218e-05
-2.88372e-05
0.000143378
1.77805e-05
-1.87378e-05
0.000106376
-7.84213e-06
0.000105932
-3.12449e-05
8.47152e-11
0.000125688
-8.20692e-05
1.19439e-10
0.00012061
-0.000247646
6.7319e-11
0.000319385
-0.000179971
1.11571e-10
-0.000362681
-1.07388e-12
1.92807e-11
-0.00220405
0.000179971
1.94228e-11
-0.00220405
0.000247646
1.1898e-10
-0.000362681
8.20691e-05
8.29061e-11
0.000319385
3.12448e-05
1.04661e-10
0.00012061
7.67941e-11
0.000125688
-3.12448e-05
7.84222e-06
0.000125689
-8.20692e-05
1.8738e-05
0.00012061
-0.000247646
2.88373e-05
0.000319385
-0.000179971
0.000102593
-0.00036268
-1.27772e-12
0.000179971
-0.00220405
0.000179971
0.000179971
-0.00220405
0.000247646
0.000102593
-0.00036268
8.20691e-05
2.88373e-05
0.000319385
3.12448e-05
1.87379e-05
0.00012061
7.8422e-06
0.000125689
-1.77805e-05
1.08606e-05
0.000105932
-3.62219e-05
1.88455e-05
0.000106375
-8.06565e-05
3.44246e-05
0.000143378
-0.000102593
8.06565e-05
0.000134241
4.26407e-11
0.000247646
-0.000362681
0.000102593
0.000247646
-0.000362681
8.06565e-05
8.06565e-05
0.000134241
3.62219e-05
3.44245e-05
0.000143378
1.77805e-05
1.88455e-05
0.000106375
1.08606e-05
0.000105932
-1.01722e-05
7.97354e-06
0.000105411
-1.8518e-05
1.26049e-05
0.000104522
-3.44245e-05
1.8518e-05
0.000148072
-2.88372e-05
3.62219e-05
0.000143378
7.16417e-12
8.20692e-05
0.000319385
2.88372e-05
8.20691e-05
0.000319385
3.44245e-05
3.62218e-05
0.000143378
1.8518e-05
1.8518e-05
0.000148072
1.01722e-05
1.26049e-05
0.000104522
7.97352e-06
0.000105411
-6.94706e-06
4.74619e-06
9.60728e-05
-1.26049e-05
6.94701e-06
9.67811e-05
-1.88454e-05
1.01722e-05
0.000104522
-1.87379e-05
1.77805e-05
0.000106375
1.26814e-11
3.12448e-05
0.00012061
1.87379e-05
3.12448e-05
0.00012061
1.88454e-05
1.77805e-05
0.000106375
1.26049e-05
1.01722e-05
0.000104522
6.94703e-06
6.94701e-06
9.6781e-05
4.74617e-06
9.60729e-05
-4.74623e-06
9.55353e-05
-7.97355e-06
9.60729e-05
-1.08606e-05
0.000105411
-7.84218e-06
0.000105932
5.14912e-12
0.000125688
7.84219e-06
0.000125688
1.08606e-05
0.000105932
7.97353e-06
0.000105411
4.74618e-06
9.60729e-05
9.55353e-05
-4.13694e-06
-4.1369e-06
0.000103809
-6.69116e-06
-6.39652e-06
0.000105023
-9.1085e-06
-7.74983e-06
0.000115578
-5.23002e-06
-1.53219e-05
0.000117375
2.38527e-11
-1.8968e-05
0.000139426
5.23004e-06
-1.8968e-05
0.000139426
9.1085e-06
-1.53219e-05
0.000117375
6.69117e-06
-7.74983e-06
0.000115578
4.13696e-06
-6.39652e-06
0.000105023
-4.13691e-06
0.000103809
-6.39655e-06
-6.6911e-06
0.000105023
-1.13878e-05
-1.13878e-05
0.000106763
-1.72386e-05
-1.30867e-05
0.00011571
-1.64783e-05
-2.86885e-05
0.000118982
2.22477e-12
-4.4178e-05
0.000129342
1.64783e-05
-4.4178e-05
0.000129342
1.72386e-05
-2.86885e-05
0.000118981
1.13878e-05
-1.30867e-05
0.00011571
6.39656e-06
-1.13878e-05
0.000106763
-6.69111e-06
0.000105023
-7.74988e-06
-9.1084e-06
0.000115578
-1.30868e-05
-1.72385e-05
0.00011571
-2.07585e-05
-2.07584e-05
0.000163415
-5.95729e-06
-5.51669e-05
0.000155055
3.33555e-11
-8.81812e-05
0.000357431
5.95729e-06
-8.81812e-05
0.000357431
2.07584e-05
-5.51669e-05
0.000155055
1.30868e-05
-2.07583e-05
0.000163415
7.74989e-06
-1.72385e-05
0.00011571
-9.10841e-06
0.000115578
-1.53219e-05
-5.22996e-06
0.000117375
-2.86885e-05
-1.64782e-05
0.000118982
-5.51669e-05
-5.95724e-06
0.000155055
-4.65376e-05
-4.65376e-05
0.000116982
2.2418e-11
-1.86873e-05
-0.000478712
4.65376e-05
-1.86873e-05
-0.000478712
5.51669e-05
-4.65376e-05
0.000116982
2.86885e-05
-5.95724e-06
0.000155055
1.53219e-05
-1.64782e-05
0.000118982
-5.22997e-06
0.000117375
-1.89681e-05
1.16928e-10
0.000139426
-4.41781e-05
1.16932e-10
0.000129342
-8.81813e-05
1.15881e-10
0.00035743
-1.86872e-05
1.44854e-10
-0.000478713
-1.60684e-12
-3.3283e-12
-0.00224142
1.86873e-05
-4.1553e-12
-0.00224142
8.81814e-05
1.39688e-10
-0.000478713
4.41782e-05
7.98787e-11
0.00035743
1.89681e-05
1.19336e-10
0.000129342
9.62057e-11
0.000139426
-1.8968e-05
5.23009e-06
0.000139426
-4.4178e-05
1.64783e-05
0.000129342
-8.81813e-05
5.95734e-06
0.000357431
-1.86873e-05
4.65377e-05
-0.000478712
-2.20864e-12
1.86873e-05
-0.00224142
1.86873e-05
1.86873e-05
-0.00224142
8.81813e-05
4.65377e-05
-0.000478712
4.4178e-05
5.95734e-06
0.000357431
1.8968e-05
1.64783e-05
0.000129342
5.23009e-06
0.000139426
-1.53219e-05
9.10853e-06
0.000117375
-2.86885e-05
1.72387e-05
0.000118981
-5.51671e-05
2.07584e-05
0.000155055
-4.65378e-05
5.5167e-05
0.000116982
1.9509e-11
8.81814e-05
-0.000478713
4.65378e-05
8.81814e-05
-0.000478713
5.51671e-05
5.5167e-05
0.000116982
2.86886e-05
2.07585e-05
0.000155055
1.53219e-05
1.72387e-05
0.000118982
9.10853e-06
0.000117375
-7.74987e-06
6.69119e-06
0.000115578
-1.30868e-05
1.13879e-05
0.00011571
-2.07584e-05
1.30868e-05
0.000163415
-5.95732e-06
2.86885e-05
0.000155055
1.96972e-12
4.41782e-05
0.000357431
5.95732e-06
4.41782e-05
0.000357431
2.07584e-05
2.86885e-05
0.000155055
1.30868e-05
1.30868e-05
0.000163415
7.74988e-06
1.13878e-05
0.00011571
6.69119e-06
0.000115578
-6.39658e-06
4.13698e-06
0.000105023
-1.13879e-05
6.39658e-06
0.000106763
-1.72387e-05
7.74989e-06
0.00011571
-1.64783e-05
1.53219e-05
0.000118981
9.35149e-12
1.89681e-05
0.000129342
1.64783e-05
1.89681e-05
0.000129342
1.72387e-05
1.53219e-05
0.000118981
1.13879e-05
7.7499e-06
0.00011571
6.39659e-06
6.39658e-06
0.000106763
4.137e-06
0.000105023
-4.13696e-06
0.000103809
-6.69119e-06
0.000105023
-9.10851e-06
0.000115578
-5.23005e-06
0.000117375
5.74051e-12
0.000139426
5.23006e-06
0.000139426
9.1085e-06
0.000117375
6.69119e-06
0.000115578
4.137e-06
0.000105023
0.000103809
-3.22944e-06
-3.2294e-06
0.000110268
-4.96435e-06
-5.56486e-06
0.000112323
-6.39391e-06
-3.86624e-06
0.000120874
-1.6259e-06
-1.24597e-05
0.000125067
2.38418e-12
7.43426e-08
0.000137726
1.62592e-06
7.43358e-08
0.000137726
6.39394e-06
-1.24597e-05
0.000125067
4.96435e-06
-3.86623e-06
0.000120874
3.22942e-06
-5.56486e-06
0.000112323
-3.2294e-06
0.000110268
-5.5649e-06
-4.96429e-06
0.000112323
-9.83377e-06
-9.83373e-06
0.000115301
-1.54349e-05
-6.47181e-06
0.000123916
-1.48762e-05
-2.37699e-05
0.000129733
3.77323e-11
-1.29909e-05
0.00012753
1.48762e-05
-1.29909e-05
0.000127531
1.54349e-05
-2.37698e-05
0.000129733
9.83377e-06
-6.47179e-06
0.000123916
5.56487e-06
-9.83373e-06
0.000115301
-4.96429e-06
0.000112323
-3.86629e-06
-6.39383e-06
0.000120874
-6.47188e-06
-1.54348e-05
0.000123916
-1.25222e-07
-1.25157e-07
0.000150722
2.8414e-05
-4.27005e-05
0.000145446
-1.76315e-11
0.000149492
0.000223361
-2.8414e-05
0.000149492
0.000223362
1.25284e-07
-4.27004e-05
0.000145446
6.47187e-06
-1.25135e-07
0.000150722
3.86626e-06
-1.54348e-05
0.000123916
-6.39385e-06
0.000120874
-1.24597e-05
-1.62585e-06
0.000125067
-2.37699e-05
-1.48762e-05
0.000129733
-4.27005e-05
2.84141e-05
0.000145446
-3.68465e-05
-3.68464e-05
0.000105274
7.95905e-11
0.00021421
-0.000580277
3.68466e-05
0.00021421
-0.000580276
4.27005e-05
-3.68464e-05
0.000105274
2.37699e-05
2.84141e-05
0.000145446
1.24597e-05
-1.48762e-05
0.000129733
-1.62586e-06
0.000125067
7.42711e-08
9.13516e-11
0.000137726
-1.2991e-05
1.50927e-10
0.00012753
0.000149492
9.92587e-11
0.000223361
0.00021421
2.30268e-10
-0.000580277
-3.49859e-12
-1.28773e-11
-0.001813
-0.000214211
-1.21883e-11
-0.001813
-0.000149492
2.22254e-10
-0.000580277
1.29909e-05
1.24528e-10
0.000223361
-7.43263e-08
1.28085e-10
0.00012753
8.62186e-11
0.000137726
7.43305e-08
1.62596e-06
0.000137726
-1.29909e-05
1.48763e-05
0.000127531
0.000149492
-2.84139e-05
0.000223362
0.00021421
3.68467e-05
-0.000580276
-2.71172e-12
-0.000214211
-0.001813
-0.00021421
-0.00021421
-0.001813
-0.000149492
3.68466e-05
-0.000580276
1.29908e-05
-2.8414e-05
0.000223362
-7.44113e-08
1.48763e-05
0.000127531
1.62594e-06
0.000137726
-1.24598e-05
6.39396e-06
0.000125067
-2.37699e-05
1.5435e-05
0.000129733
-4.27005e-05
1.25277e-07
0.000145446
-3.68465e-05
4.27005e-05
0.000105274
7.12556e-11
-0.000149492
-0.000580278
3.68465e-05
-0.000149492
-0.000580277
4.27005e-05
4.27005e-05
0.000105274
2.37699e-05
1.25203e-07
0.000145446
1.24597e-05
1.5435e-05
0.000129733
6.39394e-06
0.000125067
-3.86626e-06
4.96433e-06
0.000120874
-6.47183e-06
9.83376e-06
0.000123916
-1.25195e-07
6.47183e-06
0.000150722
2.8414e-05
2.37699e-05
0.000145446
1.29217e-11
1.29909e-05
0.000223361
-2.8414e-05
1.29909e-05
0.000223361
1.25198e-07
2.37698e-05
0.000145446
6.4718e-06
6.47181e-06
0.000150722
3.8662e-06
9.83376e-06
0.000123916
4.96431e-06
0.000120874
-5.5649e-06
3.22937e-06
0.000112323
-9.8338e-06
5.56483e-06
0.000115301
-1.5435e-05
3.86621e-06
0.000123916
-1.48763e-05
1.24597e-05
0.000129733
1.90666e-11
-7.43863e-08
0.00012753
1.48763e-05
-7.43939e-08
0.00012753
1.5435e-05
1.24597e-05
0.000129733
9.83379e-06
3.8662e-06
0.000123916
5.56486e-06
5.56484e-06
0.000115301
3.22935e-06
0.000112323
-3.22943e-06
0.000110268
-4.96435e-06
0.000112323
-6.39393e-06
0.000120874
-1.62593e-06
0.000125067
7.55855e-12
0.000137726
1.62593e-06
0.000137726
6.39393e-06
0.000125067
4.96433e-06
0.000120874
3.22936e-06
0.000112323
0.000110268
-2.45525e-06
-2.4552e-06
0.000115178
-3.62109e-06
-4.68035e-06
0.000118169
-4.50983e-06
-1.82002e-06
0.000123582
-6.65781e-08
-1.06114e-05
0.000131235
2.5343e-11
6.23996e-06
0.000131419
6.66021e-08
6.23999e-06
0.000131419
4.50983e-06
-1.06114e-05
0.000131235
3.6211e-06
-1.82002e-06
0.000123582
2.45526e-06
-4.68034e-06
0.000118169
-2.4552e-06
0.000115178
-4.68038e-06
-3.62102e-06
0.000118169
-8.34077e-06
-8.34072e-06
0.000122622
-1.42644e-05
-3.68346e-06
0.000131703
-1.52793e-05
-2.56263e-05
0.000145762
6.66583e-12
-3.88865e-05
0.000157377
1.52794e-05
-3.88865e-05
0.000157377
1.42645e-05
-2.56263e-05
0.000145762
8.34077e-06
-3.68346e-06
0.000131703
4.68039e-06
-8.34072e-06
0.000122622
-3.62102e-06
0.000118169
-1.82009e-06
-4.50972e-06
0.000123582
-3.68356e-06
-1.42644e-05
0.000131703
7.04117e-06
7.04128e-06
0.000129272
4.19595e-05
-7.34384e-05
0.000158339
6.09795e-11
0.000179587
4.68469e-05
-4.19595e-05
0.000179587
4.68471e-05
-7.04123e-06
-7.34383e-05
0.000158339
3.68357e-06
7.04131e-06
0.000129272
1.8201e-06
-1.42644e-05
0.000131703
-4.50973e-06
0.000123582
-1.06114e-05
-6.65133e-08
0.000131235
-2.56263e-05
-1.52793e-05
0.000145762
-7.34384e-05
4.19596e-05
0.00015834
-0.000103644
-0.000103644
0.000165685
3.33619e-11
0.000286129
-0.000790463
0.000103644
0.000286129
-0.000790462
7.34384e-05
-0.000103644
0.000165685
2.56263e-05
4.19595e-05
0.00015834
1.06114e-05
-1.52793e-05
0.000145762
-6.65244e-08
0.000131235
6.23987e-06
1.13266e-10
0.000131419
-3.88866e-05
1.4066e-10
0.000157377
0.000179587
1.49223e-10
4.68466e-05
0.000286129
1.87261e-10
-0.000790463
-2.32682e-13
-2.08285e-12
-0.00124074
-0.000286129
-2.06664e-12
-0.00124074
-0.000179587
1.90228e-10
-0.000790463
3.88865e-05
1.10463e-10
4.68467e-05
-6.23988e-06
1.45538e-10
0.000157377
9.3713e-11
0.000131419
6.23998e-06
6.66421e-08
0.000131419
-3.88864e-05
1.52794e-05
0.000157377
0.000179587
-4.19595e-05
4.68471e-05
0.000286129
0.000103644
-0.000790462
-1.71786e-13
-0.000286129
-0.00124074
-0.000286129
-0.000286129
-0.00124074
-0.000179587
0.000103644
-0.000790462
3.88864e-05
-4.19595e-05
4.68472e-05
-6.23997e-06
1.52794e-05
0.000157378
6.66406e-08
0.000131419
-1.06114e-05
4.50983e-06
0.000131234
-2.56263e-05
1.42645e-05
0.000145762
-7.34382e-05
-7.04127e-06
0.000158339
-0.000103644
7.34384e-05
0.000165685
3.74996e-11
-0.000179587
-0.000790463
0.000103644
-0.000179587
-0.000790463
7.34383e-05
7.34382e-05
0.000165685
2.56263e-05
-7.04126e-06
0.00015834
1.06114e-05
1.42645e-05
0.000145762
4.50983e-06
0.000131235
-1.82006e-06
3.62109e-06
0.000123582
-3.68351e-06
8.34077e-06
0.000131703
7.04125e-06
3.68353e-06
0.000129272
4.19594e-05
2.56263e-05
0.00015834
2.11508e-11
3.88864e-05
4.68467e-05
-4.19594e-05
3.88864e-05
4.68468e-05
-7.04127e-06
2.56263e-05
0.00015834
3.6835e-06
3.68352e-06
0.000129272
1.82008e-06
8.34076e-06
0.000131703
3.6211e-06
0.000123582
-4.68041e-06
2.45527e-06
0.000118169
-8.34081e-06
4.6804e-06
0.000122622
-1.42645e-05
1.82009e-06
0.000131703
-1.52794e-05
1.06114e-05
0.000145762
1.92832e-11
-6.23992e-06
0.000157377
1.52794e-05
-6.23993e-06
0.000157377
1.42645e-05
1.06114e-05
0.000145762
8.34081e-06
1.82009e-06
0.000131703
4.68042e-06
4.68039e-06
0.000122622
2.45529e-06
0.000118169
-2.45527e-06
0.000115178
-3.62111e-06
0.000118169
-4.50983e-06
0.000123582
-6.66171e-08
0.000131234
8.28121e-12
0.000131419
6.6627e-08
0.000131419
4.50982e-06
0.000131234
3.62112e-06
0.000123582
2.4553e-06
0.000118169
0.000115178
-1.61826e-06
-1.61822e-06
0.000118415
-2.22277e-06
-3.56559e-06
0.000122339
-3.05803e-06
-7.4656e-07
0.000125164
3.41705e-07
-9.30817e-06
0.000137143
6.8529e-12
-5.58075e-06
0.000137341
-3.41684e-07
-5.58072e-06
0.000137341
3.05805e-06
-9.30816e-06
0.000137143
2.22277e-06
-7.46552e-07
0.000125164
1.61824e-06
-3.56559e-06
0.000122339
-1.61821e-06
0.000118415
-3.56562e-06
-2.2227e-06
0.000122339
-6.35315e-06
-6.3531e-06
0.000128197
-1.26036e-05
-3.24909e-06
0.000140456
-1.54402e-05
-2.12631e-05
0.000160554
4.81899e-11
-8.08131e-05
0.000217169
1.54402e-05
-8.08131e-05
0.00021717
1.26036e-05
-2.12631e-05
0.000160554
6.35315e-06
-3.24907e-06
0.000140456
3.5656e-06
-6.35309e-06
0.000128197
-2.2227e-06
0.000122339
-7.46623e-07
-3.05794e-06
0.000125164
-3.24919e-06
-1.26035e-05
0.000140456
-3.86331e-06
-3.86328e-06
0.0001305
1.32655e-05
-8.82268e-05
0.000208174
9.69525e-12
-4.23186e-05
2.16179e-05
-1.32655e-05
-4.23186e-05
2.16181e-05
3.86334e-06
-8.82267e-05
0.000208174
3.24917e-06
-3.86326e-06
0.0001305
7.46602e-07
-1.26035e-05
0.000140456
-3.05795e-06
0.000125164
-9.30818e-06
3.41745e-07
0.000137143
-2.12632e-05
-1.54401e-05
0.000160554
-8.82271e-05
1.32655e-05
0.000208175
-0.000109542
-0.000109541
0.000208314
4.55848e-11
6.23154e-05
-0.00100464
0.000109542
6.23154e-05
-0.00100464
8.8227e-05
-0.000109541
0.000208315
2.12631e-05
1.32655e-05
0.000208175
9.30812e-06
-1.54401e-05
0.000160554
3.41731e-07
0.000137143
-5.58091e-06
8.87398e-11
0.000137341
-8.08132e-05
1.63676e-10
0.000217169
-4.23187e-05
1.8078e-10
2.16174e-05
6.23152e-05
8.40632e-11
-0.00100464
6.74378e-13
2.44718e-12
-0.00111611
-6.23152e-05
2.22669e-12
-0.00111611
4.23188e-05
8.89028e-11
-0.00100464
8.08132e-05
2.10543e-10
2.16175e-05
5.58086e-06
1.43628e-10
0.000217169
8.49849e-11
0.000137341
-5.58073e-06
-3.41657e-07
0.000137341
-8.08132e-05
1.54402e-05
0.00021717
-4.23187e-05
-1.32654e-05
2.16182e-05
6.23155e-05
0.000109542
-0.00100464
4.39782e-13
-6.23152e-05
-0.00111611
-6.23155e-05
-6.23152e-05
-0.00111611
4.23187e-05
0.000109542
-0.00100464
8.08131e-05
-1.32654e-05
2.16183e-05
5.58065e-06
1.54402e-05
0.00021717
-3.41669e-07
0.000137341
-9.3082e-06
3.05804e-06
0.000137143
-2.12631e-05
1.26036e-05
0.000160554
-8.82267e-05
3.86328e-06
0.000208174
-0.000109541
8.8227e-05
0.000208314
4.94174e-11
4.23187e-05
-0.00100464
0.000109541
4.23188e-05
-0.00100464
8.82266e-05
8.82268e-05
0.000208315
2.12631e-05
3.8632e-06
0.000208174
9.30814e-06
1.26036e-05
0.000160554
3.05803e-06
0.000137143
-7.46578e-07
2.22273e-06
0.000125164
-3.24912e-06
6.35312e-06
0.000140456
-3.86333e-06
3.24911e-06
0.0001305
1.32653e-05
2.12631e-05
0.000208175
4.50182e-11
8.08131e-05
2.16175e-05
-1.32653e-05
8.0813e-05
2.16177e-05
3.8633e-06
2.1263e-05
0.000208175
3.24909e-06
3.24908e-06
0.0001305
7.46529e-07
6.35312e-06
0.000140456
2.22271e-06
0.000125164
-3.56564e-06
1.61818e-06
0.000122339
-6.35318e-06
3.56556e-06
0.000128197
-1.26036e-05
7.46534e-07
0.000140456
-1.54402e-05
9.30809e-06
0.000160554
2.96373e-11
5.58078e-06
0.000217169
1.54402e-05
5.58074e-06
0.000217169
1.26036e-05
9.30808e-06
0.000160554
6.35317e-06
7.46518e-07
0.000140456
3.5656e-06
3.56556e-06
0.000128197
1.61817e-06
0.000122339
-1.61825e-06
0.000118414
-2.22276e-06
0.000122339
-3.05804e-06
0.000125164
3.41657e-07
0.000137143
1.40798e-11
0.000137341
-3.41649e-07
0.000137341
3.05805e-06
0.000137143
2.22275e-06
0.000125164
1.61819e-06
0.000122339
0.000118414
-1.07571e-06
-1.07566e-06
0.000120566
-1.17551e-06
-2.05202e-06
0.000124491
-1.7775e-06
-3.1581e-07
0.000126082
3.59488e-07
-2.91564e-06
0.000137921
2.65801e-11
-2.19767e-09
0.000137703
-3.59467e-07
-2.16702e-09
0.000137703
1.7775e-06
-2.91563e-06
0.000137921
1.17552e-06
-3.15803e-07
0.000126082
1.07572e-06
-2.05202e-06
0.000124491
-1.07567e-06
0.000120566
-2.05205e-06
-1.17543e-06
0.000124491
-2.98619e-06
-2.98614e-06
0.000130065
-4.7617e-06
2.9679e-07
0.000141619
-5.40763e-06
1.02079e-07
0.000158182
2.46039e-11
-1.5544e-05
0.000227303
5.40766e-06
-1.55439e-05
0.000227303
4.76171e-06
1.02131e-07
0.000158182
2.98619e-06
2.96807e-07
0.000141619
2.05205e-06
-2.98614e-06
0.000130065
-1.17544e-06
0.000124491
-3.15892e-07
-1.7774e-06
0.000126082
2.96616e-07
-4.76167e-06
0.000141619
6.1057e-07
6.10712e-07
0.000129872
8.56608e-06
-1.91121e-05
0.000219433
5.66698e-11
-6.28611e-05
7.75008e-05
-8.56604e-06
-6.28611e-05
7.75011e-05
-6.10603e-07
-1.91119e-05
0.000219433
-2.96606e-07
6.10755e-07
0.000129872
3.159e-07
-4.76167e-06
0.000141619
-1.7774e-06
0.000126082
-2.91561e-06
3.59542e-07
0.000137921
1.02091e-07
-5.4076e-06
0.000158182
-1.91119e-05
8.56611e-06
0.000219433
-2.81711e-05
-2.81714e-05
0.000226433
9.77711e-12
-4.2844e-05
-0.00105283
2.81712e-05
-4.2844e-05
-0.00105283
1.91118e-05
-2.81713e-05
0.000226433
-1.02154e-07
8.5661e-06
0.000219433
2.91558e-06
-5.40758e-06
0.000158182
3.59528e-07
0.000137921
-2.30757e-09
1.0047e-10
0.000137703
-1.55444e-05
1.84773e-10
0.000227303
-6.28615e-05
6.44965e-11
7.75002e-05
-4.2844e-05
7.62222e-11
-0.00105283
1.23441e-13
-2.33275e-13
-0.0012018
4.2844e-05
1.51398e-14
-0.0012018
6.28613e-05
7.64903e-11
-0.00105283
1.55442e-05
1.6795e-11
7.75003e-05
2.28483e-09
1.89359e-10
0.000227303
8.2647e-11
0.000137703
-2.17094e-09
-3.59448e-07
0.000137703
-1.55439e-05
5.40774e-06
0.000227303
-6.28611e-05
-8.56603e-06
7.75011e-05
-4.2844e-05
2.81712e-05
-0.00105283
3.19714e-13
4.2844e-05
-0.0012018
4.2844e-05
4.2844e-05
-0.0012018
6.2861e-05
2.81711e-05
-0.00105283
1.55438e-05
-8.56603e-06
7.75012e-05
2.15978e-09
5.40771e-06
0.000227303
-3.59446e-07
0.000137703
-2.91568e-06
1.77748e-06
0.000137921
1.02054e-07
4.7617e-06
0.000158182
-1.91119e-05
-6.10659e-07
0.000219432
-2.81712e-05
1.91118e-05
0.000226433
1.00169e-11
6.28612e-05
-0.00105283
2.81713e-05
6.28612e-05
-0.00105283
1.91119e-05
1.91117e-05
0.000226433
-1.0211e-07
-6.10673e-07
0.000219433
2.91565e-06
4.76167e-06
0.000158182
1.77748e-06
0.000137921
-3.15847e-07
1.1755e-06
0.000126081
2.96744e-07
2.98617e-06
0.000141619
6.1072e-07
-2.96682e-07
0.000129872
8.56603e-06
-1.02163e-07
0.000219433
8.37314e-12
1.55441e-05
7.75004e-05
-8.56601e-06
1.5544e-05
7.75006e-05
-6.10728e-07
-1.02209e-07
0.000219433
-2.96754e-07
-2.96711e-07
0.000129872
3.15861e-07
2.98616e-06
0.000141619
1.17551e-06
0.000126081
-2.05208e-06
1.07573e-06
0.000124491
-2.98624e-06
2.05206e-06
0.000130065
-4.76177e-06
3.15879e-07
0.000141619
-5.40772e-06
2.91559e-06
0.000158182
3.50295e-11
2.23336e-09
0.000227303
5.40774e-06
2.21763e-09
0.000227303
4.76175e-06
2.91557e-06
0.000158182
2.98623e-06
3.15874e-07
0.000141619
2.05209e-06
2.05205e-06
0.000130065
1.07575e-06
0.000124491
-1.07572e-06
0.000120565
-1.17552e-06
0.000124491
-1.77749e-06
0.000126081
3.59447e-07
0.000137921
9.87626e-12
0.000137703
-3.59439e-07
0.000137703
1.77749e-06
0.000137921
1.17553e-06
0.000126081
1.07576e-06
0.000124491
0.000120565
-2.28836e-07
-2.28791e-07
0.000121023
4.44394e-07
-3.00198e-07
0.000124118
8.32465e-07
2.48935e-06
0.000123204
2.41592e-06
5.67253e-06
0.000130665
7.23581e-12
1.326e-05
0.000126859
-2.4159e-06
1.326e-05
0.000126859
-8.32443e-07
5.67254e-06
0.000130665
-4.44389e-07
2.48936e-06
0.000123204
2.28816e-07
-3.00202e-07
0.000124118
-2.28791e-07
0.000121023
-3.00218e-07
4.44468e-07
0.000124118
6.16462e-07
6.16506e-07
0.000128231
3.90332e-06
8.90775e-06
0.000131914
8.94887e-06
1.74264e-05
0.000141382
8.54246e-11
9.45253e-05
0.000154987
-8.94885e-06
9.45257e-05
0.000154986
-3.90336e-06
1.74265e-05
0.000141382
-6.16462e-07
8.90778e-06
0.000131913
3.00191e-07
6.16504e-07
0.000128231
4.44461e-07
0.000124118
2.48928e-06
8.32549e-07
0.000123204
8.90758e-06
3.90331e-06
0.000131914
1.48587e-05
1.48589e-05
0.00011797
1.39502e-05
9.1092e-05
0.000146675
-3.56252e-11
9.51856e-05
9.07906e-05
-1.39502e-05
9.51862e-05
9.07906e-05
-1.48586e-05
9.10922e-05
0.000146675
-8.90758e-06
1.48589e-05
0.00011797
-2.4893e-06
3.90333e-06
0.000131914
8.32532e-07
0.000123204
5.67261e-06
2.41595e-06
0.000130665
1.74265e-05
8.94886e-06
0.000141382
9.1093e-05
1.39503e-05
0.000146675
0.000125314
0.000125312
0.000157991
5.63199e-11
-3.91246e-06
-0.000828415
-0.000125314
-3.91246e-06
-0.000828414
-9.10935e-05
0.000125313
0.000157992
-1.74266e-05
1.39502e-05
0.000146675
-5.67268e-06
8.94888e-06
0.000141382
2.41593e-06
0.000130665
1.32599e-05
6.47082e-11
0.000126859
9.45241e-05
2.90309e-10
0.000154987
9.51843e-05
-1.15164e-10
9.07902e-05
-3.91246e-06
3.32966e-10
-0.000828419
2.18904e-13
-6.2279e-13
-0.00120962
3.91245e-06
-5.8889e-13
-0.00120962
-9.51846e-05
3.35372e-10
-0.000828418
-9.45243e-05
-6.88834e-11
9.079e-05
-1.32599e-05
2.80226e-10
0.000154987
6.34227e-11
0.000126858
1.326e-05
-2.4159e-06
0.000126858
9.4526e-05
-8.94877e-06
0.000154986
9.51864e-05
-1.39502e-05
9.07904e-05
-3.91247e-06
-0.000125314
-0.000828413
2.82846e-13
3.91244e-06
-0.00120962
3.91246e-06
3.91244e-06
-0.00120962
-9.51868e-05
-0.000125314
-0.000828412
-9.45262e-05
-1.39501e-05
9.07904e-05
-1.32601e-05
-8.9488e-06
0.000154986
-2.4159e-06
0.000126858
5.6725e-06
-8.32473e-07
0.000130665
1.74264e-05
-3.90338e-06
0.000141382
9.10922e-05
-1.48587e-05
0.000146675
0.000125313
-9.10937e-05
0.000157992
5.41972e-11
-9.51849e-05
-0.000828418
-0.000125313
-9.51856e-05
-0.000828416
-9.10928e-05
-9.1094e-05
0.000157992
-1.74264e-05
-1.48588e-05
0.000146675
-5.67258e-06
-3.90339e-06
0.000141382
-8.32479e-07
0.000130665
2.48934e-06
-4.4444e-07
0.000123204
8.90775e-06
-6.16489e-07
0.000131913
1.48589e-05
-8.90766e-06
0.00011797
1.39501e-05
-1.74266e-05
0.000146675
1.57305e-11
-9.45246e-05
9.07899e-05
-1.395e-05
-9.45252e-05
9.079e-05
-1.48589e-05
-1.74266e-05
0.000146674
-8.90777e-06
-8.9077e-06
0.00011797
-2.48938e-06
-6.16489e-07
0.000131913
-4.44445e-07
0.000123204
-3.00242e-07
2.28755e-07
0.000124118
6.16415e-07
3.00144e-07
0.000128231
3.90324e-06
-2.48936e-06
0.000131913
8.94872e-06
-5.67272e-06
0.000141382
7.23132e-11
-1.326e-05
0.000154987
-8.94871e-06
-1.326e-05
0.000154986
-3.90327e-06
-5.67273e-06
0.000141382
-6.16424e-07
-2.48937e-06
0.000131913
3.00203e-07
3.00153e-07
0.000128231
2.28736e-07
0.000124118
-2.28819e-07
0.000121023
4.44402e-07
0.000124118
8.32465e-07
0.000123204
2.41586e-06
0.000130665
1.49945e-11
0.000126858
-2.41586e-06
0.000126858
-8.32459e-07
0.000130665
-4.44411e-07
0.000123204
2.2876e-07
0.000124118
0.000121023
-4.81009e-08
-4.80557e-08
0.000121119
5.97773e-07
1.96546e-07
0.000123275
7.47272e-07
1.52058e-06
0.000121534
1.26652e-06
5.27148e-06
0.000124874
2.16416e-11
7.85809e-06
0.000120267
-1.26651e-06
7.85815e-06
0.000120267
-7.47272e-07
5.27147e-06
0.000124874
-5.97762e-07
1.52058e-06
0.000121534
4.81209e-08
1.96541e-07
0.000123275
-4.80663e-08
0.000121119
1.96528e-07
5.97841e-07
0.000123275
1.45394e-06
1.45399e-06
0.000125716
4.48371e-06
6.17315e-06
0.000124231
8.4957e-06
1.59766e-05
0.000126665
4.31326e-11
6.58271e-05
0.000105513
-8.49568e-06
6.58275e-05
0.000105513
-4.48372e-06
1.59766e-05
0.000126665
-1.45395e-06
6.17317e-06
0.000124231
-1.96523e-07
1.45398e-06
0.000125716
5.97826e-07
0.000123275
1.52051e-06
7.47356e-07
0.000121534
6.17301e-06
4.48372e-06
0.000124231
8.56241e-06
8.56258e-06
0.000113191
1.77011e-06
7.15961e-05
9.78476e-05
3.84376e-11
7.76079e-05
8.07795e-05
-1.77009e-06
7.76084e-05
8.07796e-05
-8.56244e-06
7.15962e-05
9.78475e-05
-6.173e-06
8.56264e-06
0.000113191
-1.5205e-06
4.48371e-06
0.000124231
7.47353e-07
0.000121534
5.27153e-06
1.26656e-06
0.000124874
1.59766e-05
8.4957e-06
0.000126665
7.15969e-05
1.77009e-06
9.78466e-05
0.000115759
0.000115757
6.96681e-05
-8.05699e-11
-1.21605e-06
-0.000633833
-0.000115759
-1.21606e-06
-0.00063383
-7.15973e-05
0.000115757
6.96679e-05
-1.59767e-05
1.77006e-06
9.78462e-05
-5.27155e-06
8.49569e-06
0.000126665
1.26654e-06
0.000124874
7.85796e-06
7.41992e-11
0.000120267
6.58262e-05
2.17123e-10
0.000105514
7.76067e-05
1.41376e-11
8.07794e-05
-1.21606e-06
-5.07831e-10
-0.00063384
-1.68344e-14
-5.96732e-13
-0.00121206
1.21605e-06
-6.22665e-13
-0.00121206
-7.76068e-05
-4.90751e-10
-0.000633838
-6.58263e-05
-3.6462e-11
8.07793e-05
-7.85798e-06
2.23328e-10
0.000105514
6.06442e-11
0.000120267
7.85815e-06
-1.26651e-06
0.000120266
6.58277e-05
-8.49563e-06
0.000105512
7.76087e-05
-1.77009e-06
8.07792e-05
-1.21607e-06
-0.000115759
-0.00063383
-2.09576e-14
1.21603e-06
-0.00121206
1.21605e-06
1.21603e-06
-0.00121206
-7.76087e-05
-0.00011576
-0.000633828
-6.58277e-05
-1.77006e-06
8.07791e-05
-7.85816e-06
-8.49563e-06
0.000105512
-1.2665e-06
0.000120266
5.27143e-06
-7.47299e-07
0.000124874
1.59765e-05
-4.48375e-06
0.000126665
7.15962e-05
-8.56251e-06
9.78472e-05
0.000115757
-7.15975e-05
6.9669e-05
-7.58423e-11
-7.7607e-05
-0.000633838
-0.000115757
-7.76075e-05
-0.000633836
-7.15967e-05
-7.15976e-05
6.96689e-05
-1.59766e-05
-8.56254e-06
9.78468e-05
-5.27146e-06
-4.48376e-06
0.000126665
-7.47293e-07
0.000124874
1.52055e-06
-5.97791e-07
0.000121534
6.17314e-06
-1.45397e-06
0.000124231
8.56262e-06
-6.17305e-06
0.00011319
1.77e-06
-1.59767e-05
9.7846e-05
2.9436e-13
-6.58265e-05
8.0779e-05
-1.77e-06
-6.58268e-05
8.07791e-05
-8.56263e-06
-1.59768e-05
9.78458e-05
-6.17313e-06
-6.17308e-06
0.00011319
-1.52054e-06
-1.45397e-06
0.000124231
-5.97774e-07
0.000121533
1.96502e-07
4.81205e-08
0.000123275
1.4539e-06
-1.96524e-07
0.000125716
4.48363e-06
-1.52052e-06
0.000124231
8.49556e-06
-5.27156e-06
0.000126665
5.19297e-11
-7.85803e-06
0.000105513
-8.49555e-06
-7.85807e-06
0.000105513
-4.48366e-06
-5.27156e-06
0.000126665
-1.45391e-06
-1.52053e-06
0.000124231
-1.96495e-07
-1.96528e-07
0.000125716
4.81445e-08
0.000123275
-4.81181e-08
0.000121119
5.97757e-07
0.000123275
7.47285e-07
0.000121534
1.26648e-06
0.000124874
8.56409e-12
0.000120266
-1.26648e-06
0.000120266
-7.47289e-07
0.000124874
-5.9775e-07
0.000121534
4.81592e-08
0.000123275
0.000121119
1.9588e-07
1.95911e-07
0.000120727
9.24859e-07
4.99325e-07
0.000122047
1.19199e-06
1.93766e-06
0.000119329
1.60157e-06
4.36455e-06
0.0001201
2.96762e-12
6.69661e-06
0.000115171
-1.60156e-06
6.69662e-06
0.000115171
-1.19197e-06
4.36454e-06
0.0001201
-9.24852e-07
1.93766e-06
0.000119329
-1.95893e-07
4.99316e-07
0.000122047
1.95908e-07
0.000120727
4.99304e-07
9.24912e-07
0.000122047
1.76009e-06
1.76013e-06
0.000123194
3.68395e-06
5.59391e-06
0.000118651
6.07035e-06
1.14764e-05
0.000117166
3.87768e-11
3.11515e-05
8.71282e-05
-6.07034e-06
3.11515e-05
8.71279e-05
-3.68396e-06
1.14764e-05
0.000117166
-1.76009e-06
5.5939e-06
0.000118651
-4.99318e-07
1.76011e-06
0.000123194
9.24897e-07
0.000122047
1.93761e-06
1.19205e-06
0.000119329
5.59382e-06
3.68398e-06
0.000118651
7.43511e-06
7.43523e-06
0.000109508
3.53276e-06
3.22284e-05
8.09976e-05
-3.93186e-11
3.14489e-05
8.40146e-05
-3.53276e-06
3.14491e-05
8.40145e-05
-7.43508e-06
3.22283e-05
8.09976e-05
-5.59381e-06
7.4352e-06
0.000109508
-1.93762e-06
3.68397e-06
0.000118651
1.19203e-06
0.000119329
4.36457e-06
1.60159e-06
0.0001201
1.14764e-05
6.07036e-06
0.000117166
3.22286e-05
3.53277e-06
8.09965e-05
4.79254e-05
4.79245e-05
3.82748e-05
-2.06204e-10
1.47854e-06
-0.000555937
-4.79258e-05
1.47856e-06
-0.000555935
-3.22287e-05
4.79243e-05
3.82745e-05
-1.14764e-05
3.53271e-06
8.09962e-05
-4.3646e-06
6.07034e-06
0.000117166
1.60157e-06
0.0001201
6.69652e-06
4.29482e-11
0.000115171
3.11512e-05
1.51291e-10
8.71291e-05
3.14485e-05
-2.86968e-11
8.40146e-05
1.47849e-06
-6.83332e-10
-0.000555945
-2.37059e-13
-3.09037e-13
-0.0012091
-1.47851e-06
-2.99773e-13
-0.0012091
-3.14483e-05
-6.82535e-10
-0.000555944
-3.1151e-05
3.46626e-12
8.40144e-05
-6.69652e-06
1.51059e-10
8.7129e-05
4.3184e-11
0.000115171
6.69663e-06
-1.60157e-06
0.000115171
3.11516e-05
-6.07033e-06
8.71275e-05
3.14492e-05
-3.53275e-06
8.40141e-05
1.47854e-06
-4.79259e-05
-0.000555935
-2.09523e-13
-1.47853e-06
-0.0012091
-1.47856e-06
-1.47854e-06
-0.0012091
-3.14491e-05
-4.79258e-05
-0.000555933
-3.11515e-05
-3.5327e-06
8.4014e-05
-6.69665e-06
-6.0703e-06
8.71273e-05
-1.60156e-06
0.000115171
4.36452e-06
-1.192e-06
0.0001201
1.14763e-05
-3.68398e-06
0.000117166
3.22283e-05
-7.43514e-06
8.09973e-05
4.79242e-05
-3.22288e-05
3.82756e-05
-2.02375e-10
-3.14484e-05
-0.000555944
-4.79246e-05
-3.14486e-05
-0.000555942
-3.22284e-05
-3.22288e-05
3.82753e-05
-1.14764e-05
-7.43515e-06
8.09969e-05
-4.36455e-06
-3.68397e-06
0.000117166
-1.19199e-06
0.0001201
1.93764e-06
-9.24893e-07
0.000119329
5.59388e-06
-1.76012e-06
0.00011865
7.43518e-06
-5.59387e-06
0.000109508
3.53264e-06
-1.14765e-05
8.09959e-05
-2.44236e-13
-3.11511e-05
8.40142e-05
-3.53264e-06
-3.11512e-05
8.40141e-05
-7.43518e-06
-1.14765e-05
8.09958e-05
-5.59387e-06
-5.59386e-06
0.000109508
-1.93767e-06
-1.76011e-06
0.00011865
-9.24889e-07
0.000119329
4.99287e-07
-1.95932e-07
0.000122046
1.76006e-06
-4.99349e-07
0.000123194
3.68391e-06
-1.93766e-06
0.000118651
6.07026e-06
-4.36463e-06
0.000117166
3.4847e-11
-6.69657e-06
8.71288e-05
-6.07026e-06
-6.6966e-06
8.71285e-05
-3.68392e-06
-4.36462e-06
0.000117166
-1.76006e-06
-1.93767e-06
0.000118651
-4.99309e-07
-4.99335e-07
0.000123194
-1.95946e-07
0.000122046
1.95889e-07
0.000120727
9.24855e-07
0.000122046
1.19198e-06
0.000119329
1.60153e-06
0.0001201
8.86368e-12
0.000115171
-1.60153e-06
0.000115171
-1.19198e-06
0.0001201
-9.24859e-07
0.000119329
-1.95931e-07
0.000122046
0.000120727
1.05931e-07
1.05954e-07
0.000120515
5.00648e-07
2.19405e-07
0.000121433
4.12475e-07
5.79247e-07
0.000118838
4.86399e-07
8.9887e-07
0.000119127
8.31718e-12
3.07315e-07
0.000115351
-4.86396e-07
3.07317e-07
0.00011535
-4.12471e-07
8.98848e-07
0.000119127
-5.00643e-07
5.79245e-07
0.000118838
-1.05923e-07
2.19397e-07
0.000121432
1.05945e-07
0.000120515
2.19383e-07
5.00682e-07
0.000121432
7.5071e-07
7.50743e-07
0.000122132
7.5864e-07
1.42693e-06
0.000117795
6.61726e-07
9.8214e-07
0.00011718
-5.20319e-12
-9.54783e-06
9.76451e-05
-6.6172e-07
-9.54803e-06
9.76449e-05
-7.58625e-07
9.82111e-07
0.00011718
-7.50712e-07
1.42691e-06
0.000117795
-2.19379e-07
7.50729e-07
0.000122132
5.00667e-07
0.000121432
5.7922e-07
4.12524e-07
0.000118838
1.42692e-06
7.58715e-07
0.000117795
4.60832e-07
4.60858e-07
0.00011144
-1.60093e-07
-1.10472e-05
9.36479e-05
1.02829e-12
-1.58253e-05
9.01318e-05
1.60075e-07
-1.58255e-05
9.01318e-05
-4.60832e-07
-1.10475e-05
9.3648e-05
-1.4269e-06
4.60855e-07
0.00011144
-5.79216e-07
7.58691e-07
0.000117795
4.12515e-07
0.000118838
8.98823e-07
4.86428e-07
0.000119127
9.82075e-07
6.61783e-07
0.00011718
-1.10479e-05
-1.60042e-07
9.36473e-05
-3.00376e-05
-3.00366e-05
7.62535e-05
-1.80206e-10
4.06767e-06
-0.000605868
3.00377e-05
4.06772e-06
-0.000605866
1.10481e-05
-3.00371e-05
7.62535e-05
-9.82076e-07
-1.6004e-07
9.36471e-05
-8.98816e-07
6.6174e-07
0.00011718
4.86419e-07
0.000119127
3.07324e-07
3.23372e-11
0.00011535
-9.54729e-06
1.34215e-11
9.76454e-05
-1.58246e-05
3.33007e-11
9.01317e-05
4.0675e-06
-5.04375e-10
-0.000605873
-1.51766e-13
5.60141e-13
-0.00120096
-4.06751e-06
5.26653e-13
-0.00120096
1.58249e-05
-5.52282e-10
-0.000605873
9.54748e-06
7.12021e-12
9.01318e-05
-3.07316e-07
1.1381e-11
9.76455e-05
2.53931e-11
0.00011535
3.07307e-07
-4.86403e-07
0.00011535
-9.54807e-06
-6.61745e-07
9.76445e-05
-1.58256e-05
1.60069e-07
9.01314e-05
4.06771e-06
3.00372e-05
-0.000605866
-2.04615e-13
-4.06751e-06
-0.00120096
-4.06773e-06
-4.06756e-06
-0.00120096
1.58259e-05
3.00377e-05
-0.000605865
9.54833e-06
1.60064e-07
9.01315e-05
-3.07285e-07
-6.61706e-07
9.76446e-05
-4.86396e-07
0.00011535
8.98831e-07
-4.12491e-07
0.000119127
9.82178e-07
-7.58646e-07
0.00011718
-1.10474e-05
-4.60857e-07
9.36477e-05
-3.00365e-05
1.1048e-05
7.62536e-05
-2.10874e-10
1.58248e-05
-0.000605873
3.00366e-05
1.58251e-05
-0.000605871
1.10477e-05
1.10483e-05
7.62536e-05
-9.82172e-07
-4.60833e-07
9.36476e-05
-8.98823e-07
-7.58624e-07
0.00011718
-4.12481e-07
0.000119127
5.79228e-07
-5.00667e-07
0.000118837
1.42688e-06
-7.50742e-07
0.000117795
4.60836e-07
-1.42693e-06
0.00011144
-1.60053e-07
-9.82205e-07
9.3647e-05
-3.149e-11
9.54746e-06
9.01316e-05
1.60032e-07
9.54772e-06
9.01315e-05
-4.60818e-07
-9.82169e-07
9.36471e-05
-1.42687e-06
-1.42691e-06
0.00011144
-5.79223e-07
-7.50733e-07
0.000117795
-5.00652e-07
0.000118838
2.19375e-07
-1.05927e-07
0.000121432
7.50698e-07
-2.19385e-07
0.000122132
7.58652e-07
-5.79226e-07
0.000117795
6.61731e-07
-8.98829e-07
0.00011718
-3.62245e-12
-3.07329e-07
9.76454e-05
-6.61727e-07
-3.07318e-07
9.76452e-05
-7.5864e-07
-8.98806e-07
0.00011718
-7.50705e-07
-5.79224e-07
0.000117795
-2.19374e-07
-2.19385e-07
0.000122132
-1.05913e-07
0.000121432
1.05922e-07
0.000120515
5.00631e-07
0.000121432
4.12479e-07
0.000118838
4.86392e-07
0.000119127
1.62052e-12
0.00011535
-4.86392e-07
0.00011535
-4.12478e-07
0.000119127
-5.00631e-07
0.000118838
-1.05906e-07
0.000121432
0.000120515
8.8919e-08
8.8933e-08
0.000120338
3.19555e-07
8.43794e-08
0.000121117
2.10239e-07
3.13285e-07
0.000118634
3.15375e-07
-5.93174e-07
0.000119615
-1.14875e-12
-1.64839e-06
0.000117314
-3.15373e-07
-1.64842e-06
0.000117314
-2.10231e-07
-5.93179e-07
0.000119615
-3.19549e-07
3.13277e-07
0.000118634
-8.89184e-08
8.43745e-08
0.000121117
8.89294e-08
0.000120337
8.43625e-08
3.19576e-07
0.000121117
2.41281e-07
2.41303e-07
0.000121818
-7.14614e-07
-9.06234e-08
0.000119155
-1.9697e-06
-2.54074e-06
0.000120383
-4.56148e-12
-2.88641e-05
0.000122891
1.9697e-06
-2.88643e-05
0.000122891
7.14623e-07
-2.54075e-06
0.000120383
-2.41276e-07
-9.06509e-08
0.000119155
-8.4362e-08
2.41294e-07
0.000121818
3.19566e-07
0.000121117
3.13271e-07
2.10269e-07
0.000118634
-9.06163e-08
-7.14553e-07
0.000119155
-1.46746e-06
-1.46745e-06
0.000114194
7.81738e-08
-3.0676e-05
0.000120237
-2.59465e-11
-5.01729e-05
0.000111519
-7.81883e-08
-5.01732e-05
0.000111519
1.46748e-06
-3.06761e-05
0.000120238
9.06281e-08
-1.4675e-06
0.000114194
-3.13266e-07
-7.14562e-07
0.000119155
2.10257e-07
0.000118634
-5.93215e-07
3.15397e-07
0.000119615
-2.5408e-06
-1.96964e-06
0.000120382
-3.06768e-05
7.82848e-08
0.000120237
-5.0153e-05
-5.01522e-05
0.000115206
-7.82677e-11
-1.17758e-05
-0.000694418
5.01531e-05
-1.17758e-05
-0.000694417
3.0677e-05
-5.01523e-05
0.000115206
2.54082e-06
7.82429e-08
0.000120238
5.93226e-07
-1.96965e-06
0.000120382
3.15385e-07
0.000119615
-1.64836e-06
1.47707e-11
0.000117314
-2.88634e-05
-1.31542e-11
0.000122891
-5.01721e-05
2.55256e-11
0.000111519
-1.17758e-05
-3.23214e-10
-0.000694422
-4.35241e-14
6.29148e-13
-0.00122451
1.17758e-05
6.01565e-13
-0.00122451
5.01722e-05
-3.26736e-10
-0.000694421
2.88635e-05
3.87962e-11
0.000111519
1.64838e-06
-1.2865e-11
0.000122891
1.64599e-11
0.000117314
-1.64842e-06
-3.15381e-07
0.000117314
-2.88644e-05
1.96966e-06
0.000122891
-5.01732e-05
-7.82063e-08
0.000111519
-1.17758e-05
5.01529e-05
-0.000694417
-7.471e-14
1.17758e-05
-0.00122451
1.17758e-05
1.17758e-05
-0.00122451
5.01733e-05
5.0153e-05
-0.000694416
2.88645e-05
-7.81677e-08
0.000111519
1.64844e-06
1.96968e-06
0.000122891
-3.15373e-07
0.000117314
-5.93179e-07
-2.10244e-07
0.000119615
-2.54069e-06
7.14607e-07
0.000120382
-3.06761e-05
1.46745e-06
0.000120237
-5.0152e-05
3.06769e-05
0.000115206
-8.02416e-11
5.01722e-05
-0.000694421
5.01521e-05
5.01724e-05
-0.00069442
3.06763e-05
3.0677e-05
0.000115206
2.5407e-06
1.46749e-06
0.000120237
5.93191e-07
7.14617e-07
0.000120382
-2.10236e-07
0.000119615
3.1327e-07
-3.19565e-07
0.000118634
-9.06651e-08
-2.41299e-07
0.000119155
-1.46752e-06
9.06029e-08
0.000114193
7.82251e-08
2.54074e-06
0.000120237
-6.10426e-12
2.88635e-05
0.000111519
-7.82398e-08
2.88637e-05
0.000111519
1.46752e-06
2.54073e-06
0.000120238
9.06737e-08
9.06281e-08
0.000114193
-3.13272e-07
-2.4129e-07
0.000119155
-3.19559e-07
0.000118634
8.43618e-08
-8.89316e-08
0.000121117
2.4128e-07
-8.43733e-08
0.000121818
-7.14578e-07
-3.13281e-07
0.000119155
-1.96963e-06
5.93212e-07
0.000120383
-5.1424e-12
1.64836e-06
0.000122891
1.96963e-06
1.64838e-06
0.000122891
7.14586e-07
5.93217e-07
0.000120383
-2.41277e-07
-3.13278e-07
0.000119155
-8.43625e-08
-8.43659e-08
0.000121818
-8.89358e-08
0.000121117
8.89199e-08
0.000120337
3.19548e-07
0.000121117
2.10236e-07
0.000118634
3.1537e-07
0.000119615
1.87372e-12
0.000117314
-3.15371e-07
0.000117314
-2.10232e-07
0.000119615
-3.19544e-07
0.000118634
-8.89303e-08
0.000121117
0.000120337
-1.31452e-08
-1.31405e-08
-7.7836e-09
-7.25756e-08
-1.4216e-07
-1.99003e-07
-1.54058e-07
-8.2246e-07
2.38343e-12
-1.85704e-06
1.54057e-07
-1.85704e-06
1.42161e-07
-8.22466e-07
7.78442e-09
-1.99001e-07
1.31458e-08
-7.25775e-08
-1.31422e-08
-7.2582e-08
-7.77769e-09
-1.43188e-07
-1.43178e-07
-8.0133e-07
-8.13029e-07
-1.63119e-06
-1.61082e-06
-7.98746e-12
-1.43076e-05
1.6312e-06
-1.43076e-05
8.01337e-07
-1.61082e-06
1.43187e-07
-8.13031e-07
7.25823e-08
-1.43182e-07
-7.78051e-09
-1.99006e-07
-1.42151e-07
-8.13012e-07
-8.01301e-07
-1.86509e-06
-1.86511e-06
-1.11156e-06
-1.32801e-05
8.25451e-12
-2.44599e-05
1.11156e-06
-2.446e-05
1.86509e-06
-1.32801e-05
8.13015e-07
-1.8651e-06
1.99003e-07
-8.01308e-07
-1.42151e-07
-8.22487e-07
-1.5405e-07
-1.61085e-06
-1.63116e-06
-1.32804e-05
-1.11154e-06
-1.71927e-05
-1.71923e-05
-2.2349e-11
-1.59801e-05
1.71928e-05
-1.59801e-05
1.32805e-05
-1.71924e-05
1.61085e-06
-1.11151e-06
8.22491e-07
-1.63118e-06
-1.54049e-07
-1.85702e-06
5.18427e-12
-1.43072e-05
-2.47645e-11
-2.44596e-05
3.00906e-11
-1.59801e-05
-8.79954e-11
-2.41022e-14
3.79942e-13
1.59801e-05
3.7474e-13
2.44596e-05
-9.39541e-11
1.43072e-05
1.43906e-11
1.85701e-06
-2.76851e-11
1.90008e-12
-1.85705e-06
1.54055e-07
-1.43077e-05
1.63117e-06
-2.446e-05
1.11156e-06
-1.59801e-05
1.71927e-05
-5.94973e-14
1.59801e-05
1.59801e-05
1.59801e-05
2.44601e-05
1.71927e-05
1.43077e-05
1.11153e-06
1.85705e-06
1.63119e-06
1.54054e-07
-8.22469e-07
1.42158e-07
-1.61081e-06
8.01332e-07
-1.32801e-05
1.86509e-06
-1.71923e-05
1.32805e-05
-2.42635e-11
2.44596e-05
1.71924e-05
2.44597e-05
1.32802e-05
1.32806e-05
1.61082e-06
1.86509e-06
8.22474e-07
8.0134e-07
1.42159e-07
-1.99006e-07
7.7806e-09
-8.13038e-07
1.43179e-07
-1.8651e-06
8.13012e-07
-1.11151e-06
1.61083e-06
-9.11859e-12
1.43072e-05
1.1115e-06
1.43073e-05
1.86511e-06
1.61084e-06
8.13042e-07
8.13016e-07
1.99007e-07
1.43181e-07
7.7831e-09
-7.25817e-08
1.31471e-08
-1.43187e-07
7.25823e-08
-8.01313e-07
1.99005e-07
-1.63116e-06
8.22489e-07
-7.98736e-12
1.85701e-06
1.63116e-06
1.85702e-06
8.01321e-07
8.22496e-07
1.43184e-07
1.99005e-07
7.25811e-08
7.25812e-08
1.31515e-08
-1.31478e-08
-7.78759e-09
-1.42158e-07
-1.54052e-07
-1.08716e-12
1.54051e-07
1.42159e-07
7.78677e-09
1.31526e-08
)
;

boundaryField
{
    bottom
    {
        type            calculated;
        value           uniform 0;
    }
    atmosphere
    {
        type            calculated;
        value           nonuniform List<scalar> 
100
(
0.000120364
0.000121185
0.000118967
0.000120449
0.000119017
0.000119017
0.000120449
0.000118967
0.000121185
0.000120364
0.000121185
0.000121959
0.000120427
0.000122001
0.00013371
0.00013371
0.000122001
0.000120427
0.000121959
0.000121184
0.000118967
0.000120427
0.000116298
0.000131153
0.00012056
0.000120559
0.000131153
0.000116297
0.000120427
0.000118967
0.00012045
0.000122001
0.000131153
0.00012303
-0.000720093
-0.000720089
0.00012303
0.000131154
0.000122001
0.000120449
0.000119017
0.00013371
0.00012056
-0.00072009
-0.00125648
-0.00125648
-0.000720093
0.000120559
0.00013371
0.000119017
0.000119017
0.000133711
0.00012056
-0.000720089
-0.00125648
-0.00125648
-0.000720092
0.000120559
0.00013371
0.000119017
0.00012045
0.000122001
0.000131153
0.00012303
-0.000720093
-0.000720089
0.00012303
0.000131154
0.000122001
0.000120449
0.000118967
0.000120427
0.000116298
0.000131154
0.00012056
0.000120559
0.000131153
0.000116297
0.000120427
0.000118967
0.000121185
0.000121959
0.000120427
0.000122001
0.00013371
0.00013371
0.000122001
0.000120427
0.000121959
0.000121184
0.000120364
0.000121185
0.000118967
0.000120449
0.000119017
0.000119017
0.000120449
0.000118967
0.000121184
0.000120364
)
;
    }
    walls
    {
        type            calculated;
        value           uniform 0;
    }
}


// ************************************************************************* //
