/*--------------------------------*- C++ -*----------------------------------*\
| =========                 |                                                 |
| \\      /  F ield         | OpenFOAM: The Open Source CFD Toolbox           |
|  \\    /   O peration     | Version:  2412                                  |
|   \\  /    A nd           | Website:  www.openfoam.com                      |
|    \\/     M anipulation  |                                                 |
\*---------------------------------------------------------------------------*/
FoamFile
{
    version     2.0;
    format      ascii;
    arch        "LSB;label=32;scalar=64";
    class       surfaceScalarField;
    location    "0.53";
    object      phi;
}
// * * * * * * * * * * * * * * * * * * * * * * * * * * * * * * * * * * * * * //

dimensions      [0 3 -1 0 0 0 0];

oriented        oriented;

internalField   nonuniform List<scalar> 
11100
(
-0.00106163
-0.00106163
0.00212327
-0.00155502
-0.00108361
0.001577
-0.00115005
-0.00154907
0.0011441
-0.000479119
-0.00162423
0.000953302
4.86441e-10
-0.00154232
0.0010632
0.00047912
-0.00154232
0.0010632
0.00115005
-0.00162423
0.000953302
0.00155502
-0.00154907
0.0011441
0.00106163
-0.0010836
0.001577
-0.00106163
0.00212327
-0.00108361
-0.00155502
0.001577
-0.00143
-0.00143
0.000692779
-0.00129492
-0.00166802
-1.6126e-05
-0.000644009
-0.00168018
-0.000594963
-2.01593e-10
-0.00167116
-0.000515171
0.000644009
-0.00167116
-0.000515173
0.00129492
-0.00168018
-0.000594965
0.00143
-0.00166802
-1.61264e-05
0.00108361
-0.00142999
0.00069278
-0.00155502
0.001577
-0.00154907
-0.00115005
0.0011441
-0.00166802
-0.00129492
-1.6126e-05
-0.00120109
-0.00120109
-0.000933858
-0.000563262
-0.0012051
-0.00111292
9.1904e-10
-0.00122248
-0.00101194
0.000563262
-0.00122248
-0.00101194
0.00120109
-0.00120509
-0.00111291
0.00166802
-0.00120109
-0.000933857
0.00154907
-0.00129492
-1.61255e-05
-0.00115005
0.0011441
-0.00162423
-0.000479119
0.000953302
-0.00168018
-0.000644009
-0.000594963
-0.0012051
-0.000563262
-0.00111292
-0.000591081
-0.000591081
-0.00122803
1.01435e-09
-0.000596095
-0.00121746
0.000591082
-0.000596095
-0.00121746
0.00120509
-0.000591082
-0.00122803
0.00168018
-0.000563262
-0.00111292
0.00162423
-0.000644009
-0.000594964
-0.000479119
0.000953302
-0.00154232
5.65947e-10
0.0010632
-0.00167116
-2.83157e-10
-0.000515171
-0.00122248
1.19934e-09
-0.00101194
-0.000596095
1.26695e-09
-0.00121746
5.86835e-10
6.52757e-10
-0.00119219
0.000596096
5.32203e-10
-0.00119219
0.00122248
1.09747e-09
-0.00121746
0.00167116
1.07358e-09
-0.00101195
0.00154232
-2.59736e-10
-0.000515171
4.89404e-10
0.0010632
-0.00154232
0.00047912
0.0010632
-0.00167116
0.000644009
-0.000515173
-0.00122248
0.000563262
-0.00101194
-0.000596096
0.000591082
-0.00121746
4.64685e-10
0.000596096
-0.00119219
0.000596096
0.000596096
-0.00119219
0.00122248
0.000591082
-0.00121746
0.00167116
0.000563263
-0.00101194
0.00154232
0.000644009
-0.000515173
0.00047912
0.0010632
-0.00162423
0.00115005
0.000953302
-0.00168018
0.00129492
-0.000594966
-0.00120509
0.00120109
-0.00111291
-0.000591082
0.00120509
-0.00122802
8.46236e-10
0.00122248
-0.00121746
0.000591083
0.00122248
-0.00121746
0.00120509
0.00120509
-0.00122802
0.00168018
0.00120109
-0.00111292
0.00162423
0.00129492
-0.000594966
0.00115005
0.000953302
-0.00154907
0.00155502
0.0011441
-0.00166802
0.00143
-1.61266e-05
-0.00120109
0.00166802
-0.000933857
-0.000563262
0.00168018
-0.00111292
7.94668e-10
0.00167116
-0.00101195
0.000563263
0.00167116
-0.00101194
0.00120109
0.00168018
-0.00111292
0.00166802
0.00166802
-0.000933856
0.00154907
0.00143
-1.61258e-05
0.00155502
0.0011441
-0.0010836
0.00106163
0.001577
-0.00142999
0.00108361
0.00069278
-0.00129492
0.00154907
-1.61257e-05
-0.000644009
0.00162423
-0.000594964
-1.80629e-10
0.00154232
-0.000515172
0.000644009
0.00154232
-0.000515173
0.00129492
0.00162423
-0.000594966
0.00143
0.00154907
-1.61258e-05
0.00108361
0.00108361
0.000692781
0.00106163
0.001577
-0.00106163
0.00212327
-0.00155502
0.001577
-0.00115005
0.0011441
-0.000479119
0.000953302
4.09542e-10
0.0010632
0.00047912
0.0010632
0.00115005
0.000953302
0.00155502
0.0011441
0.00106163
0.001577
0.00212326
-0.00128825
-0.00128825
0.00469977
-0.00158944
-0.0014684
0.00334658
-0.00151256
-0.0013772
0.00244442
-0.000778906
-0.00196047
0.00218012
1.24457e-09
-0.00181008
0.00209438
0.000778906
-0.00181008
0.00209437
0.00151256
-0.00196047
0.00218011
0.00158944
-0.0013772
0.00244442
0.00128825
-0.0014684
0.00334658
-0.00128825
0.00469977
-0.0014684
-0.00158944
0.00334658
-0.00235063
-0.00235063
0.00245724
-0.00172466
-0.00163613
-0.000383161
-0.0011708
-0.00237561
-0.000733682
1.53908e-09
-0.00179742
-0.00169864
0.00117079
-0.00179736
-0.00169868
0.00172465
-0.00237557
-0.00073373
0.00235064
-0.00163611
-0.000383194
0.0014684
-0.00235063
0.00245724
-0.00158944
0.00334658
-0.0013772
-0.00151256
0.00244442
-0.00163614
-0.00172466
-0.00038316
-0.00129606
-0.00129605
-0.00161402
-0.000591438
-0.00178164
-0.00241151
4.17539e-08
-0.00150508
-0.00189577
0.00059145
-0.00150505
-0.00189566
0.00129604
-0.00178161
-0.00241146
0.00163613
-0.00129604
-0.00161402
0.0013772
-0.00172465
-0.000383171
-0.00151256
0.00244442
-0.00196047
-0.000778906
0.00218012
-0.00237561
-0.0011708
-0.000733681
-0.00178164
-0.000591424
-0.00241151
-0.000579185
-0.000579175
-0.00363295
3.06783e-08
-0.000280089
-0.00302167
0.000579188
-0.000280102
-0.00302156
0.0017816
-0.000579186
-0.00363286
0.00237558
-0.000591431
-0.0024115
0.00196047
-0.00117079
-0.000733713
-0.000778905
0.00218012
-0.00181008
1.56808e-09
0.00209438
-0.00179742
3.04256e-10
-0.00169863
-0.00150508
5.37437e-08
-0.00189577
-0.00028009
3.87839e-08
-0.00302167
3.64447e-09
3.87866e-09
-0.00175238
0.000280095
3.57044e-09
-0.00175239
0.00150507
3.49668e-08
-0.00302166
0.0017974
4.81829e-08
-0.00189576
0.00181008
1.83624e-10
-0.00169865
1.41196e-09
0.00209438
-0.00181007
0.000778906
0.00209437
-0.00179734
0.00117078
-0.00169868
-0.00150504
0.000591436
-0.00189562
-0.000280106
0.000579178
-0.00302153
3.32104e-09
0.000280095
-0.00175239
0.00028011
0.000280107
-0.0017524
0.00150503
0.000579188
-0.00302154
0.00179733
0.000591439
-0.00189563
0.00181007
0.00117078
-0.00169869
0.000778906
0.00209437
-0.00196046
0.00151256
0.00218011
-0.00237556
0.00172465
-0.000733743
-0.00178161
0.00129602
-0.00241145
-0.000579196
0.00178159
-0.00363284
2.69286e-08
0.00150506
-0.00302165
0.000579199
0.00150504
-0.00302156
0.00178157
0.00178156
-0.00363277
0.00237553
0.00129601
-0.00241144
0.00196046
0.00172465
-0.000733769
0.00151256
0.00218011
-0.00137719
0.00158944
0.00244442
-0.0016361
0.00235064
-0.000383208
-0.00129604
0.00163612
-0.00161402
-0.000591446
0.00237557
-0.0024115
3.62576e-08
0.0017974
-0.00189576
0.000591455
0.00179734
-0.00189567
0.00129602
0.00237553
-0.00241145
0.0016361
0.0016361
-0.00161402
0.00137719
0.00235064
-0.000383214
0.00158944
0.00244442
-0.0014684
0.00128825
0.00334658
-0.00235063
0.0014684
0.00245725
-0.00172466
0.0013772
-0.000383175
-0.0011708
0.00196047
-0.00073372
1.37611e-09
0.00181008
-0.00169865
0.00117079
0.00181007
-0.00169869
0.00172465
0.00196046
-0.000733762
0.00235064
0.00137719
-0.000383203
0.0014684
0.0014684
0.00245725
0.00128825
0.00334658
-0.00128825
0.00469977
-0.00158944
0.00334658
-0.00151256
0.00244442
-0.000778906
0.00218011
1.09184e-09
0.00209438
0.000778906
0.00209437
0.00151256
0.00218011
0.00158944
0.00244442
0.00128825
0.00334658
0.00469977
-0.00123407
-0.00123407
0.0071679
-0.00148877
-0.000433234
0.00403452
-0.00162835
3.50199e-05
0.00254898
-0.000856517
-0.000836517
0.0022448
1.39474e-09
-0.000737027
0.00197489
0.000856517
-0.000737008
0.00197486
0.00162835
-0.000836503
0.00224478
0.00148877
3.50206e-05
0.00254898
0.00123407
-0.000433233
0.00403452
-0.00123407
0.0071679
-0.000433234
-0.00148877
0.00403452
-0.00125353
-0.00125353
0.00409784
-0.00188039
0.000434791
-0.000156077
-0.00130119
-0.00124453
-0.000904866
-2.54221e-09
-0.000914792
-0.00282206
0.00130117
-0.00091475
-0.00282211
0.00188038
-0.0012445
-0.000904939
0.00125354
0.000434804
-0.000156136
0.000433235
-0.00125354
0.00409785
-0.00148877
0.00403452
3.502e-05
-0.00162835
0.00254898
0.000434789
-0.00188039
-0.000156076
-0.00105804
-0.00105804
0.00137164
-0.000713717
-0.00194419
-0.00205617
7.78731e-08
-0.00186756
-0.0016568
0.000713746
-0.0018676
-0.00165648
0.00105801
-0.0019442
-0.00205603
-0.000434798
-0.00105802
0.00137161
-3.50206e-05
-0.00188038
-0.000156101
-0.00162835
0.00254898
-0.000836517
-0.000856517
0.0022448
-0.00124453
-0.00130119
-0.000904864
-0.00194419
-0.000713703
-0.00205618
-0.00116152
-0.0011615
-0.00519831
1.02004e-07
-0.00121382
-0.00483703
0.0011616
-0.00121392
-0.00483674
0.00194419
-0.00116154
-0.0051981
0.00124451
-0.000713701
-0.00205614
0.00083651
-0.00130118
-0.000904916
-0.000856517
0.00224479
-0.000737028
1.71379e-09
0.00197489
-0.000914798
-4.48564e-09
-0.00282205
-0.00186756
1.01823e-07
-0.0016568
-0.00121382
1.3016e-07
-0.00483705
3.8583e-08
4.67834e-08
-0.0041801
0.00121387
3.85938e-08
-0.00418018
0.00186757
1.18209e-07
-0.00483702
0.000914782
9.26717e-08
-0.00165676
0.000737023
-4.00416e-09
-0.00282206
1.5719e-09
0.00197488
-0.000737002
0.000856517
0.00197486
-0.000914742
0.00130116
-0.00282211
-0.00186762
0.000713738
-0.00165638
-0.00121396
0.00116162
-0.00483668
3.02671e-08
0.00121388
-0.00418022
0.001214
0.00121397
-0.0041803
0.00186762
0.00116164
-0.00483669
0.000914731
0.000713732
-0.00165637
0.000737
0.00130115
-0.00282212
0.000856516
0.00197485
-0.0008365
0.00162835
0.00224478
-0.0012445
0.00188038
-0.000904963
-0.0019442
0.001058
-0.002056
-0.00116156
0.00194418
-0.00519805
9.03921e-08
0.00186756
-0.00483699
0.00116164
0.0018676
-0.00483674
0.0019442
0.00194419
-0.00519787
0.00124448
0.00105798
-0.00205598
0.000836495
0.00188038
-0.000905007
0.00162835
0.00224477
3.50208e-05
0.00148877
0.00254898
0.000434807
0.00125354
-0.00015616
-0.00105802
-0.000434803
0.0013716
-0.000713717
0.00124451
-0.00205612
6.89174e-08
0.000914773
-0.00165676
0.000713742
0.000914735
-0.00165647
0.00105799
0.00124449
-0.002056
-0.000434814
-0.000434813
0.00137158
-3.50213e-05
0.00125355
-0.000156177
0.00148877
0.00254898
-0.000433233
0.00123407
0.00403452
-0.00125354
0.000433236
0.00409786
-0.00188038
-3.50208e-05
-0.000156109
-0.00130118
0.000836508
-0.000904927
-2.14252e-09
0.000737022
-0.00282208
0.00130116
0.000737005
-0.00282212
0.00188038
0.000836497
-0.000904992
0.00125354
-3.50213e-05
-0.000156159
0.000433234
0.000433235
0.00409787
0.00123407
0.00403452
-0.00123407
0.0071679
-0.00148877
0.00403452
-0.00162835
0.00254898
-0.000856517
0.00224479
1.24921e-09
0.00197488
0.000856517
0.00197486
0.00162835
0.00224477
0.00148877
0.00254898
0.00123407
0.00403452
0.0071679
-0.00111756
-0.00111756
0.00940302
-0.00151582
1.36331e-05
0.00441915
-0.00166618
-0.000668954
0.00336829
-0.00084209
-0.00177814
0.00319885
-1.0741e-09
-0.00158522
0.00271801
0.000842089
-0.00158521
0.00271798
0.00166618
-0.00177813
0.00319882
0.00151582
-0.000668943
0.00336828
0.00111756
1.36335e-05
0.00441915
-0.00111756
0.00940302
1.36332e-05
-0.00151582
0.00441915
-0.000512396
-0.000512398
0.0051499
-0.00194726
-0.000664828
0.00127466
-0.00113845
-0.00191121
-0.0015806
6.32134e-09
-0.0018416
-0.00370414
0.00113846
-0.00184171
-0.00370407
0.00194726
-0.00191125
-0.00158061
0.000512406
-0.000664802
0.00127458
-1.36326e-05
-0.000512406
0.00514993
-0.00151582
0.00441915
-0.000668954
-0.00166618
0.00336829
-0.000664828
-0.00194726
0.00127466
-0.00152233
-0.00152233
0.00308665
-0.00107021
-0.00153916
-0.00288035
8.07047e-08
-0.00155694
-0.00301174
0.00107026
-0.00155706
-0.0030113
0.00152232
-0.00153921
-0.00288014
0.000664813
-0.00152231
0.00308663
0.000668944
-0.00194726
0.00127462
-0.00166618
0.00336829
-0.00177814
-0.00084209
0.00319885
-0.00191121
-0.00113845
-0.0015806
-0.00153916
-0.00107019
-0.00288037
-0.000894205
-0.000894208
-0.00648821
3.63349e-08
-0.000758141
-0.00653007
0.000894261
-0.000758177
-0.00652985
0.00153919
-0.000894214
-0.00648803
0.00191123
-0.00107018
-0.00288032
0.00177814
-0.00113844
-0.00158063
-0.000842089
0.00319884
-0.00158522
-1.51716e-09
0.00271801
-0.00184159
1.07257e-08
-0.00370414
-0.00155694
1.07988e-07
-0.00301176
-0.000758137
4.71203e-08
-0.0065301
-2.30274e-09
-4.21747e-09
-0.00569637
0.000758151
-2.43207e-09
-0.00569651
0.00155696
4.28675e-08
-0.00653008
0.00184161
9.87435e-08
-0.00301168
0.00158521
1.03171e-08
-0.00370412
-1.32903e-09
0.00271801
-0.0015852
0.000842088
0.00271797
-0.00184174
0.00113847
-0.00370403
-0.0015571
0.00107026
-0.00301117
-0.000758185
0.000894279
-0.00652983
-6.37149e-10
0.000758158
-0.00569656
0.000758197
0.000758193
-0.00569669
0.00155711
0.000894278
-0.00652984
0.00184174
0.00107024
-0.00301114
0.0015852
0.00113845
-0.00370402
0.000842087
0.00271797
-0.00177813
0.00166618
0.00319881
-0.00191126
0.00194726
-0.00158062
-0.00153922
0.00152231
-0.0028801
-0.000894213
0.0015392
-0.00648798
3.23306e-08
0.00155697
-0.00653005
0.000894261
0.00155708
-0.00652986
0.00153925
0.00153924
-0.00648782
0.00191128
0.0015223
-0.00288007
0.00177813
0.00194726
-0.00158065
0.00166618
0.00319881
-0.000668942
0.00151582
0.00336827
-0.000664796
0.000512409
0.00127455
-0.00152232
0.00066481
0.00308663
-0.00107019
0.00191125
-0.00288028
7.17317e-08
0.00184161
-0.00301166
0.00107024
0.00184171
-0.00301127
0.0015223
0.00191128
-0.0028801
0.000664783
0.000664786
0.00308661
0.000668934
0.000512417
0.00127451
0.00151582
0.00336827
1.36336e-05
0.00111756
0.00441914
-0.000512406
-1.36321e-05
0.00514994
-0.00194725
0.000668944
0.0012746
-0.00113844
0.00177814
-0.00158064
6.0163e-09
0.00158521
-0.00370412
0.00113844
0.00158521
-0.00370406
0.00194725
0.00177813
-0.00158065
0.000512415
0.000668934
0.00127453
-1.36332e-05
-1.36326e-05
0.00514997
0.00111756
0.00441915
-0.00111756
0.00940302
-0.00151582
0.00441915
-0.00166618
0.00336828
-0.000842089
0.00319884
-8.99092e-10
0.002718
0.000842087
0.00271798
0.00166618
0.00319881
0.00151582
0.00336827
0.00111756
0.00441915
0.00940301
-0.000936268
-0.000936267
0.0112756
-0.00151195
-0.000123199
0.00511803
-0.00158566
-0.00154178
0.00498377
-0.000802483
-0.00201168
0.00442735
-7.21794e-09
-0.00173132
0.00364685
0.000802478
-0.00173135
0.00364685
0.00158566
-0.00201169
0.00442732
0.00151196
-0.00154177
0.00498375
0.000936269
-0.000123198
0.00511803
-0.000936267
0.0112756
-0.000123199
-0.00151195
0.00511803
-0.000455944
-0.000455947
0.00581539
-0.00151191
-0.00142604
0.00221489
-0.00066772
-0.00181272
-0.00262375
1.58149e-08
-0.00141334
-0.00468985
0.000667776
-0.00141356
-0.00468962
0.00151194
-0.0018128
-0.00262366
0.000455951
-0.00142603
0.00221482
0.0001232
-0.000455946
0.00581543
-0.00151195
0.00511803
-0.00154178
-0.00158566
0.00498377
-0.00142604
-0.00151191
0.00221489
-0.00127345
-0.00127344
0.00278146
-0.00105467
-0.00111536
-0.00379649
4.94817e-08
-0.000756883
-0.00472292
0.00105474
-0.000757007
-0.00472254
0.00127346
-0.0011154
-0.00379627
0.00142604
-0.00127343
0.00278145
0.00154177
-0.00151191
0.00221485
-0.00158565
0.00498376
-0.00201168
-0.000802483
0.00442735
-0.00181272
-0.00066772
-0.00262375
-0.00111536
-0.00105466
-0.00379651
-0.000717414
-0.000717418
-0.00728409
-4.23413e-08
-0.00040716
-0.00759716
0.000717415
-0.000407116
-0.0075972
0.00111539
-0.000717405
-0.007284
0.00181274
-0.00105466
-0.00379644
0.00201168
-0.00066773
-0.00262375
-0.000802481
0.00442734
-0.00173131
-9.74543e-09
0.00364685
-0.00141333
2.51486e-08
-0.00468987
-0.000756876
7.0669e-08
-0.00472295
-0.000407151
-5.35977e-08
-0.00759719
-3.79807e-08
-4.83765e-08
-0.0065106
0.000407135
-3.84429e-08
-0.00651076
0.000756912
-4.85944e-08
-0.00759722
0.00141337
6.45939e-08
-0.00472287
0.00173132
2.30574e-08
-0.00468982
-8.81703e-09
0.00364685
-0.00173136
0.000802477
0.00364685
-0.00141362
0.000667802
-0.00468955
-0.000757041
0.00105476
-0.00472244
-0.000407095
0.00071742
-0.00759725
-2.79002e-08
0.00040714
-0.00651082
0.000407089
0.000407106
-0.00651095
0.000757063
0.000717409
-0.00759727
0.00141364
0.00105475
-0.00472241
0.00173136
0.000667805
-0.00468953
0.000802475
0.00364685
-0.00201169
0.00158566
0.00442732
-0.00181282
0.00151195
-0.00262363
-0.00111541
0.00127346
-0.00379621
-0.000717398
0.0011154
-0.00728398
-3.739e-08
0.000756923
-0.00759719
0.000717401
0.000757034
-0.00759723
0.00111544
0.00111544
-0.00728389
0.00181283
0.00127345
-0.00379617
0.00201169
0.00151195
-0.00262365
0.00158566
0.00442731
-0.00154177
0.00151196
0.00498375
-0.00142603
0.000455955
0.0022148
-0.00127344
0.00142605
0.00278145
-0.00105467
0.00181275
-0.0037964
4.36817e-08
0.00141339
-0.00472284
0.00105473
0.00141358
-0.00472251
0.00127345
0.00181282
-0.0037962
0.00142603
0.00142604
0.00278144
0.00154177
0.000455953
0.00221477
0.00151196
0.00498374
-0.000123197
0.000936269
0.00511803
-0.000455944
0.000123201
0.00581544
-0.00151191
0.00154177
0.00221484
-0.00066773
0.00201168
-0.00262374
1.39872e-08
0.00173132
-0.0046898
0.000667781
0.00173136
-0.00468959
0.00151194
0.00201169
-0.00262367
0.00045595
0.00154177
0.00221478
0.000123198
0.000123199
0.00581548
0.000936268
0.00511803
-0.000936267
0.0112756
-0.00151195
0.00511804
-0.00158565
0.00498376
-0.00080248
0.00442734
-6.32168e-09
0.00364685
0.000802476
0.00364685
0.00158566
0.00442732
0.00151196
0.00498375
0.000936268
0.00511803
0.0112756
-0.000739345
-0.000739345
0.0127542
-0.00141119
-0.000160753
0.00595063
-0.00141579
-0.00157322
0.00656159
-0.000819308
-0.00155877
0.00538963
-1.55128e-08
-0.00130793
0.00413549
0.000819301
-0.00130797
0.00413551
0.0014158
-0.0015588
0.00538962
0.0014112
-0.00157322
0.00656158
0.000739346
-0.000160749
0.00595063
-0.000739345
0.0127542
-0.000160752
-0.00141119
0.00595063
-0.00022238
-0.000222384
0.00593865
-0.0010888
-0.00130923
0.00281733
-0.000268416
-0.00145341
-0.00354949
1.9692e-08
-0.000788379
-0.00547784
0.000268506
-0.000788542
-0.00547754
0.00108886
-0.0014535
-0.00354932
0.000222383
-0.00130924
0.00281731
0.000160753
-0.000222372
0.00593868
-0.00141119
0.00595063
-0.00157322
-0.00141579
0.0065616
-0.00130923
-0.0010888
0.00281732
-0.000924393
-0.000924392
0.00201178
-0.000768387
-0.000969829
-0.00443608
2.33969e-08
-0.000307695
-0.00597201
0.000768459
-0.000307758
-0.00597176
0.000924427
-0.000969857
-0.00443587
0.00130926
-0.00092439
0.00201178
0.00157323
-0.00108881
0.00281732
-0.00141579
0.00656159
-0.00155876
-0.00081931
0.00538964
-0.0014534
-0.000268411
-0.00354951
-0.000969825
-0.000768386
-0.0044361
-0.000668602
-0.000668602
-0.00788654
-8.41785e-08
-0.000370863
-0.00820251
0.000668553
-0.000370788
-0.00820281
0.000969849
-0.000668584
-0.00788657
0.00145343
-0.00076841
-0.00443599
0.00155877
-0.000268435
-0.00354947
-0.000819309
0.00538963
-0.00130793
-2.08683e-08
0.00413549
-0.000788366
3.12135e-08
-0.00547787
-0.000307687
3.48241e-08
-0.00597204
-0.000370853
-1.07214e-07
-0.00820252
-4.27894e-08
-5.38796e-08
-0.00725222
0.000370823
-4.37857e-08
-0.00725237
0.000307709
-9.74428e-08
-0.00820259
0.000788398
3.14248e-08
-0.005972
0.00130793
2.79779e-08
-0.00547782
-1.89593e-08
0.0041355
-0.00130799
0.000819301
0.00413551
-0.000788586
0.00026854
-0.00547746
-0.000307772
0.000768488
-0.00597171
-0.000370757
0.000668541
-0.00820291
-3.25916e-08
0.000370827
-0.00725242
0.000370741
0.000370766
-0.00725254
0.000307787
0.000668532
-0.00820295
0.0007886
0.000768503
-0.00597169
0.00130799
0.000268552
-0.00547744
0.000819301
0.00413552
-0.00155881
0.00141581
0.00538962
-0.00145352
0.00108888
-0.00354926
-0.000969863
0.00092444
-0.00443582
-0.000668581
0.00096986
-0.00788658
-7.46485e-08
0.00030772
-0.00820259
0.000668542
0.000307776
-0.00820285
0.000969878
0.000969879
-0.00788657
0.00145353
0.000924435
-0.00443575
0.00155881
0.00108888
-0.00354925
0.00141581
0.00538961
-0.00157322
0.0014112
0.00656158
-0.00130924
0.000222388
0.0028173
-0.000924389
0.00130926
0.00201178
-0.000768412
0.00145344
-0.00443596
2.02065e-08
0.000788413
-0.00597197
0.000768476
0.000788558
-0.00597174
0.000924421
0.00145352
-0.00443579
0.00130926
0.00130927
0.00201177
0.00157323
0.000222375
0.0028173
0.0014112
0.00656158
-0.000160748
0.000739347
0.00595063
-0.000222365
0.000160754
0.00593869
-0.00108881
0.00157323
0.00281732
-0.000268441
0.00155878
-0.00354944
1.68153e-08
0.00130794
-0.00547778
0.00026852
0.00130798
-0.00547752
0.00108886
0.00155881
-0.00354929
0.000222368
0.00157323
0.00281731
0.000160748
0.00016075
0.00593872
0.000739347
0.00595063
-0.000739344
0.0127542
-0.00141119
0.00595064
-0.00141579
0.00656159
-0.000819306
0.00538963
-1.3644e-08
0.0041355
0.0008193
0.00413551
0.0014158
0.00538962
0.0014112
0.00656158
0.000739346
0.00595063
0.0127542
-0.000575995
-0.000575995
0.0139062
-0.00125126
-8.53889e-05
0.00671129
-0.00122144
-0.00120428
0.00773605
-0.000786539
-0.000737526
0.00569226
-1.27724e-08
-0.000808755
0.00415772
0.000786533
-0.00080877
0.00415773
0.00122145
-0.000737562
0.00569227
0.00125127
-0.00120428
0.00773605
0.000575996
-8.53838e-05
0.00671129
-0.000575995
0.0139062
-8.53879e-05
-0.00125126
0.00671129
-0.000159672
-0.000159677
0.00608722
-0.000734247
-0.000965419
0.00315305
0.000102778
-0.000869786
-0.00425425
1.78476e-08
-0.000364547
-0.00581929
-0.000102732
-0.000364589
-0.00581897
0.000734285
-0.000869854
-0.00425404
0.000159661
-0.000965434
0.00315309
8.53851e-05
-0.00015966
0.00608724
-0.00125126
0.00671129
-0.00120428
-0.00122144
0.00773605
-0.000965417
-0.000734247
0.00315304
-0.000655239
-0.00065524
0.00139142
-0.00040507
-0.000833623
-0.00472242
-1.60456e-08
-0.000125157
-0.00661646
0.0004051
-0.000125115
-0.00661635
0.000655273
-0.000833626
-0.00472228
0.000965437
-0.000655248
0.00139143
0.00120429
-0.000734251
0.00315306
-0.00122144
0.00773605
-0.000737523
-0.000786542
0.00569226
-0.000869775
0.000102782
-0.00425428
-0.000833616
-0.000405071
-0.00472243
-0.000704999
-0.000704994
-0.00814379
-7.75269e-08
-0.000463842
-0.00856875
0.000704879
-0.000463761
-0.00856912
0.000833602
-0.000704979
-0.00814393
0.000869794
-0.000405086
-0.00472235
0.000737531
0.000102773
-0.00425423
-0.000786543
0.00569227
-0.000808755
-1.6187e-08
0.00415772
-0.000364542
2.89338e-08
-0.00581934
-0.000125152
-1.89344e-08
-0.00661649
-0.000463836
-9.83422e-08
-0.00856873
-1.31604e-08
-1.61493e-08
-0.00817986
0.00046381
-1.43832e-08
-0.00817994
0.00012514
-9.20166e-08
-0.00856881
0.000364549
-1.78834e-08
-0.00661648
0.000808759
2.55485e-08
-0.00581928
-1.48091e-08
0.00415773
-0.000808774
0.000786533
0.00415774
-0.000364599
-0.000102716
-0.00581889
-0.000125098
0.000405115
-0.00661634
-0.000463731
0.000704843
-0.00856922
-1.14681e-08
0.000463814
-0.00817997
0.000463717
0.000463745
-0.00818002
0.000125091
0.00070484
-0.00856925
0.000364602
0.000405126
-0.00661634
0.000808776
-0.000102713
-0.00581888
0.000786535
0.00415774
-0.000737573
0.00122145
0.00569227
-0.000869872
0.000734297
-0.00425397
-0.000833626
0.000655285
-0.00472224
-0.000704984
0.000833604
-0.00814398
-7.14512e-08
0.000125145
-0.00856883
0.000704877
0.000125108
-0.00856916
0.000833613
0.000833608
-0.00814407
0.000869883
0.00065529
-0.00472219
0.000737577
0.000734298
-0.00425396
0.00122145
0.00569227
-0.00120428
0.00125127
0.00773604
-0.000965437
0.000159663
0.00315309
-0.000655248
0.000965444
0.00139143
-0.000405086
0.000869809
-0.00472233
-1.48252e-08
0.000364554
-0.00661645
0.000405113
0.000364592
-0.00661636
0.000655278
0.000869868
-0.00472221
0.000965454
0.000965457
0.00139143
0.00120429
0.000159649
0.00315311
0.00125127
0.00773605
-8.53812e-05
0.000575997
0.00671129
-0.00015965
8.53851e-05
0.00608724
-0.00073425
0.00120429
0.00315308
0.000102769
0.000737537
-0.00425419
1.48221e-08
0.000808759
-0.00581924
-0.000102728
0.000808773
-0.00581896
0.000734285
0.000737568
-0.00425401
0.000159642
0.00120429
0.00315311
8.53794e-05
8.53811e-05
0.00608725
0.000575997
0.00671129
-0.000575995
0.0139062
-0.00125126
0.00671129
-0.00122144
0.00773606
-0.00078654
0.00569227
-1.13384e-08
0.00415773
0.000786534
0.00415774
0.00122145
0.00569227
0.00125127
0.00773606
0.000575996
0.00671129
0.0139062
-0.000468553
-0.000468553
0.0148433
-0.00104532
2.52201e-05
0.00726283
-0.00104789
-0.000567972
0.00830659
-0.000725885
-2.58863e-05
0.00539615
-2.20051e-09
-0.000431059
0.00386289
0.000725878
-0.000431025
0.00386288
0.00104789
-2.58884e-05
0.00539615
0.00104532
-0.000567975
0.00830659
0.000468554
2.52224e-05
0.00726283
-0.000468553
0.0148433
2.52209e-05
-0.00104532
0.00726283
2.4165e-05
2.41608e-05
0.00608934
-0.000433551
-0.000396794
0.00343959
8.85895e-05
-0.000284953
-0.00451733
6.19159e-09
-0.000174588
-0.00598718
-8.85922e-05
-0.000174489
-0.00598691
0.000433555
-0.00028495
-0.00451713
-2.41664e-05
-0.00039681
0.00343965
-2.52228e-05
2.41635e-05
0.00608935
-0.00104532
0.00726283
-0.00056797
-0.00104789
0.00830659
-0.000396788
-0.000433556
0.00343957
-0.000434434
-0.000434439
0.00146671
-0.000168882
-0.00067863
-0.00459429
-6.02036e-08
-0.000141324
-0.00681854
0.000168856
-0.000141224
-0.00681853
0.000434459
-0.000678618
-0.00459421
0.000396797
-0.000434457
0.00146674
0.000567978
-0.000433556
0.0034396
-0.00104789
0.0083066
-2.58857e-05
-0.000725889
0.00539615
-0.00028494
8.85874e-05
-0.00451737
-0.000678619
-0.000168887
-0.0045943
-0.000773355
-0.000773351
-0.00795433
-2.55175e-08
-0.000495263
-0.00898814
0.000773272
-0.000495245
-0.0089884
0.000678568
-0.000773356
-0.00795449
0.000284922
-0.000168893
-0.00459427
2.5886e-05
8.85904e-05
-0.00451734
-0.00072589
0.00539615
-0.000431068
-1.4379e-09
0.0038629
-0.0001746
1.07396e-08
-0.00598723
-0.000141324
-8.18528e-08
-0.00681857
-0.000495262
-3.21576e-08
-0.00898811
1.40775e-08
1.85423e-08
-0.00917042
0.000495264
1.53531e-08
-0.00917045
0.000141296
-3.3091e-08
-0.00898816
0.000174581
-7.53145e-08
-0.00681858
0.000431065
8.80974e-09
-0.00598719
-1.41014e-09
0.0038629
-0.000431016
0.000725879
0.00386287
-0.000174461
-8.85927e-05
-0.00598684
-0.000141192
0.000168852
-0.00681855
-0.000495235
0.000773245
-0.00898846
1.07682e-08
0.00049527
-0.00917047
0.00049524
0.000495255
-0.00917049
0.000141176
0.000773255
-0.00898848
0.000174454
0.000168861
-0.00681856
0.000431018
-8.8595e-05
-0.00598684
0.000725881
0.00386288
-2.58889e-05
0.00104789
0.00539615
-0.000284948
0.000433559
-0.00451707
-0.000678614
0.000434471
-0.00459419
-0.000773368
0.00067856
-0.00795454
-2.65461e-08
0.000141294
-0.0089882
0.000773289
0.000141206
-0.00898843
0.000678574
0.000678559
-0.00795466
0.000284934
0.000434485
-0.00459417
2.58884e-05
0.000433563
-0.00451707
0.00104789
0.00539615
-0.000567976
0.00104532
0.00830659
-0.000396814
-2.41629e-05
0.00343965
-0.000434458
0.000396804
0.00146674
-0.000168891
0.000284922
-0.00459426
-5.38109e-08
0.000174568
-0.00681856
0.000168867
0.000174481
-0.00681855
0.000434479
0.000284924
-0.00459419
0.00039682
0.000396817
0.00146676
0.000567982
-2.41627e-05
0.00343967
0.00104533
0.0083066
2.52241e-05
0.000468554
0.00726283
2.41682e-05
-2.52227e-05
0.00608935
-0.000433551
0.00056798
0.00343962
8.85914e-05
2.58862e-05
-0.00451729
4.33393e-09
0.000431056
-0.00598714
-8.85936e-05
0.000431027
-0.0059869
0.000433558
2.58875e-05
-0.00451712
-2.41667e-05
0.000567982
0.00343967
-2.52254e-05
-2.52245e-05
0.00608937
0.000468554
0.00726283
-0.000468553
0.0148433
-0.00104532
0.00726283
-0.00104789
0.0083066
-0.000725886
0.00539615
-2.01501e-09
0.0038629
0.00072588
0.00386289
0.00104789
0.00539615
0.00104532
0.0083066
0.000468553
0.00726284
0.0148433
-0.000405319
-0.000405319
0.015654
-0.000878267
6.42586e-05
0.00767152
-0.000914632
-2.73219e-05
0.00837027
-0.000667805
0.00055717
0.00459215
9.40438e-09
-0.000113805
0.00330888
0.000667805
-0.000113748
0.00330883
0.000914628
0.0005572
0.00459212
0.000878268
-2.73177e-05
0.00837027
0.000405318
6.426e-05
0.00767152
-0.000405319
0.015654
6.42592e-05
-0.000878268
0.00767152
0.000454382
0.000454379
0.00530909
-3.05742e-05
0.000224759
0.00367246
-9.36511e-05
0.000178921
-0.004076
-5.84455e-09
-7.82705e-05
-0.00611635
9.35625e-05
-7.80623e-05
-0.00611616
3.05417e-05
0.000178922
-0.00407583
-0.000454379
0.000224748
0.0036725
-6.42627e-05
0.000454376
0.00530912
-0.00087827
0.00767152
-2.73212e-05
-0.000914635
0.00837028
0.000224766
-3.05855e-05
0.00367245
-0.000137764
-0.000137773
0.00219177
-7.08568e-05
-0.000335768
-0.00414651
-7.62408e-08
-9.64808e-05
-0.00687111
7.07669e-05
-9.63947e-05
-0.00687105
0.000137753
-0.000335795
-0.00414648
-0.00022477
-0.000137786
0.00219179
2.73204e-05
-3.05851e-05
0.00367247
-0.000914636
0.00837029
0.000557164
-0.000667807
0.00459216
0.000178925
-9.36703e-05
-0.00407605
-0.000335757
-7.08701e-05
-0.00414652
-0.000616069
-0.000616073
-0.00739372
3.83756e-08
-0.000321724
-0.009379
0.000616091
-0.00032172
-0.00937913
0.000335746
-0.0006161
-0.00739384
-0.000178925
-7.08583e-05
-0.00414652
-0.000557169
-9.36494e-05
-0.00407603
-0.000667809
0.00459216
-0.000113819
1.59122e-08
0.0033089
-7.82975e-05
-1.07068e-08
-0.00611641
-9.64865e-05
-1.07523e-07
-0.00687114
-0.000321728
4.87568e-08
-0.00937899
4.62656e-09
6.47783e-09
-0.00981388
0.000321731
6.5128e-09
-0.00981391
9.64598e-05
4.37968e-08
-0.00937904
7.82518e-05
-9.86664e-08
-0.00687113
0.000113813
-9.92134e-09
-0.00611639
1.42934e-08
0.00330889
-0.000113734
0.000667808
0.00330882
-7.80031e-05
9.35368e-05
-0.00611612
-9.63667e-05
7.07426e-05
-0.00687103
-0.000321717
0.000616101
-0.00937916
4.65998e-09
0.000321732
-0.00981392
0.000321723
0.00032173
-0.00981393
9.63506e-05
0.000616124
-0.00937919
7.79831e-05
7.07408e-05
-0.00687103
0.000113736
9.35285e-05
-0.00611613
0.00066781
0.00330882
0.000557209
0.000914629
0.00459212
0.000178925
3.05374e-05
-0.00407578
-0.0003358
0.000137756
-0.00414648
-0.000616105
0.000335747
-0.00739388
3.35389e-08
9.64541e-05
-0.00937906
0.000616123
9.63781e-05
-0.00937917
0.000335791
0.000335776
-0.00739398
-0.000178922
0.000137768
-0.00414649
-0.000557211
3.05444e-05
-0.0040758
0.000914631
0.00459212
-2.73174e-05
0.000878269
0.00837026
0.000224744
-0.000454373
0.0036725
-0.000137786
-0.000224766
0.0021918
-7.08493e-05
-0.000178927
-0.00414652
-6.79302e-08
7.82237e-05
-0.00687111
7.07686e-05
7.80398e-05
-0.00687105
0.000137774
-0.000178925
-0.00414649
-0.000224751
-0.000224757
0.00219181
2.73164e-05
-0.000454368
0.00367252
0.000878271
0.00837028
6.42611e-05
0.000405319
0.00767152
0.000454377
-6.42635e-05
0.00530913
-3.05762e-05
2.73206e-05
0.00367249
-9.36338e-05
-0.000557176
-0.00407599
-5.26138e-09
0.000113799
-0.00611634
9.35563e-05
0.000113749
-0.00611617
3.05504e-05
-0.000557203
-0.00407584
-0.000454372
2.73161e-05
0.00367252
-6.42646e-05
-6.42648e-05
0.00530916
0.000405319
0.00767152
-0.000405319
0.015654
-0.000878269
0.00767152
-0.000914633
0.00837029
-0.000667807
0.00459215
8.0775e-09
0.00330888
0.000667808
0.00330884
0.000914631
0.00459213
0.00087827
0.00837028
0.000405318
0.00767152
0.015654
-0.000368027
-0.000368027
0.01639
-0.00077655
3.80481e-05
0.008042
-0.000762317
0.000111973
0.00824407
-0.000558264
0.00106685
0.00332124
1.53087e-08
0.000415015
0.00233559
0.000558271
0.000415077
0.0023355
0.00076231
0.00106688
0.0033212
0.000776549
0.000111985
0.00824404
0.000368026
3.80497e-05
0.008042
-0.000368027
0.01639
3.80487e-05
-0.000776552
0.008042
0.000551793
0.000551787
0.00428161
0.00019444
0.000429935
0.00371185
-0.000120694
0.000625108
-0.00331912
-4.82631e-08
8.80753e-05
-0.00591006
0.000120569
8.81646e-05
-0.00590987
-0.0001945
0.000625117
-0.003319
-0.000551806
0.000429927
0.00371187
-3.80533e-05
0.000551781
0.00428164
-0.000776553
0.00804199
0.000111971
-0.00076232
0.00824407
0.000429943
0.00019442
0.00371184
7.39444e-05
7.39259e-05
0.00290378
-5.48709e-05
4.38134e-05
-0.0034364
-5.57091e-08
5.50555e-05
-0.00689291
5.47754e-05
5.51511e-05
-0.00689286
-7.39859e-05
4.37884e-05
-0.00343639
-0.000429956
7.39118e-05
0.00290378
-0.000111977
0.000194416
0.00371185
-0.000762322
0.00824408
0.00106685
-0.000558263
0.00332125
0.00062511
-0.000120724
-0.00331916
4.38216e-05
-5.48926e-05
-0.00343641
-0.000301329
-0.000301329
-0.00670342
1.14049e-08
-0.000141378
-0.00948391
0.000301349
-0.000141359
-0.00948395
-4.38272e-05
-0.000301346
-0.00670353
-0.000625121
-5.48775e-05
-0.00343644
-0.00106685
-0.000120707
-0.00331917
-0.000558266
0.00332125
0.000414998
2.38454e-08
0.00233561
8.80568e-05
-7.4783e-08
-0.00591012
5.50375e-05
-8.33449e-08
-0.00689293
-0.000141386
1.32934e-08
-0.00948391
-1.04717e-09
-1.0955e-09
-0.0100966
0.000141383
7.00993e-10
-0.0100967
-5.50668e-05
1.22585e-08
-0.00948394
-8.8077e-05
-7.62266e-08
-0.00689292
-0.000415005
-6.7693e-08
-0.0059101
2.14287e-08
0.0023356
0.000415092
0.000558275
0.00233547
8.81884e-05
0.000120534
-0.00590982
5.51798e-05
5.47508e-05
-0.00689286
-0.000141354
0.000301357
-0.00948397
7.56658e-10
0.000141379
-0.0100967
0.000141356
0.000141364
-0.0100967
-5.51955e-05
0.000301371
-0.00948399
-8.81962e-05
5.47477e-05
-0.00689285
-0.000415091
0.000120535
-0.00590983
0.000558276
0.00233547
0.00106689
0.00076231
0.00332119
0.000625122
-0.000194507
-0.00331897
4.37837e-05
-7.39881e-05
-0.0034364
-0.000301348
-4.38238e-05
-0.00670357
1.03774e-08
-5.50828e-05
-0.00948396
0.000301365
-5.51661e-05
-0.00948399
-4.37909e-05
-4.37996e-05
-0.00670365
-0.00062513
-7.39731e-05
-0.00343643
-0.00106689
-0.000194496
-0.003319
0.000762313
0.00332119
0.000111987
0.00077655
0.00824404
0.000429924
-0.000551804
0.00371186
7.39159e-05
-0.000429955
0.00290377
-5.48603e-05
-0.000625125
-0.00343644
-4.94747e-08
-8.80954e-05
-0.00689291
5.47753e-05
-8.81736e-05
-0.00689287
-7.39576e-05
-0.000625131
-0.00343643
-0.00042994
-0.000429949
0.00290376
-0.000111992
-0.000551798
0.00371187
0.000776552
0.00824405
3.8051e-05
0.000368026
0.00804199
0.000551783
-3.80548e-05
0.00428165
0.00019443
-0.00011198
0.00371186
-0.00012068
-0.00106686
-0.00331914
-4.19851e-08
-0.000415022
-0.00591005
0.000120571
-0.000415077
-0.00590988
-0.000194483
-0.00106689
-0.00331903
-0.000551796
-0.000111992
0.00371188
-3.80556e-05
-3.80563e-05
0.00428168
0.000368026
0.00804199
-0.000368026
0.01639
-0.000776553
0.00804199
-0.000762319
0.00824407
-0.000558267
0.00332124
1.32007e-08
0.00233558
0.000558273
0.0023355
0.000762314
0.0033212
0.000776552
0.00824405
0.000368025
0.00804199
0.01639
-0.000339581
-0.000339582
0.0170692
-0.000722276
3.61771e-05
0.00838851
-0.000490191
0.000102646
0.00790934
-0.000353852
0.00177656
0.00140835
1.61595e-08
0.000902712
0.00107901
0.000353866
0.000902747
0.0010789
0.000490183
0.0017766
0.00140829
0.000722271
0.000102659
0.0079093
0.000339579
3.61786e-05
0.00838851
-0.000339581
0.0170692
3.61785e-05
-0.000722277
0.00838851
9.68059e-05
9.67974e-05
0.00416036
-0.000200447
0.000345271
0.00376648
-0.000138587
0.000870001
-0.00247443
-8.74865e-08
0.000287745
-0.00543359
0.000138425
0.00028782
-0.00543345
0.00020038
0.000870025
-0.00247438
-9.68304e-05
0.00034526
0.00376648
-3.61847e-05
9.6791e-05
0.00416038
-0.000722279
0.00838851
0.000102644
-0.000490193
0.00790935
0.000345281
-0.00020047
0.00376647
0.000191964
0.000191945
0.00321043
2.85724e-05
0.000287841
-0.00269085
-5.6165e-08
0.00027349
-0.00685003
-2.86411e-05
0.00027355
-0.00685001
-0.000192005
0.000287847
-0.00269085
-0.000345296
0.000191928
0.0032104
-0.00010265
-0.000200471
0.00376647
-0.000490194
0.00790934
0.00177655
-0.00035385
0.00140836
0.000869999
-0.000138629
-0.00247446
0.000287839
2.85539e-05
-0.00269086
-7.3607e-05
-7.36024e-05
-0.00598053
4.31113e-10
-1.82658e-06
-0.0092822
7.36165e-05
-1.80527e-06
-0.00928221
-0.000287843
-7.36038e-05
-0.00598062
-0.000870008
2.85601e-05
-0.00269091
-0.00177656
-0.00013861
-0.00247448
-0.000353852
0.00140835
0.000902701
2.42936e-08
0.00107904
0.000287725
-1.34567e-07
-0.00543363
0.000273474
-8.58232e-08
-0.00685004
-1.83367e-06
-8.21051e-10
-0.0092822
-3.28239e-09
-4.68225e-09
-0.0101003
1.82942e-06
-2.87962e-09
-0.0101003
-0.000273489
-4.36671e-10
-0.00928223
-0.000287742
-7.79132e-08
-0.00685003
-0.000902706
-1.21184e-07
-0.00543362
2.19555e-08
0.00107902
0.000902755
0.000353872
0.00107887
0.000287837
0.000138381
-0.00543342
0.000273566
-2.86575e-05
-0.00685001
-1.7999e-06
7.3617e-05
-0.00928222
-1.36352e-09
1.82348e-06
-0.0101003
1.79996e-06
1.80591e-06
-0.0101003
-0.000273573
7.36172e-05
-0.00928224
-0.000287843
-2.86542e-05
-0.00685001
-0.000902756
0.000138387
-0.00543343
0.000353872
0.00107887
0.00177661
0.000490184
0.00140827
0.000870034
0.000200369
-0.00247438
0.000287848
-0.000192009
-0.00269086
-7.36035e-05
-0.000287845
-0.00598065
7.1071e-10
-0.000273504
-0.00928224
7.3612e-05
-0.000273556
-0.00928224
-0.000287852
-0.00028785
-0.00598072
-0.000870038
-0.000191989
-0.00269091
-0.00177661
0.000200377
-0.00247442
0.000490187
0.00140826
0.000102663
0.000722271
0.00790929
0.000345259
-9.68324e-05
0.00376647
0.000191933
-0.000345296
0.00321038
2.85766e-05
-0.000870016
-0.00269091
-4.94154e-08
-0.000287761
-0.00685002
-2.8637e-05
-0.000287826
-0.00685001
-0.000191975
-0.000870034
-0.00269091
-0.000345277
-0.000345286
0.00321036
-0.000102668
-9.68258e-05
0.00376646
0.000722274
0.00790929
3.61803e-05
0.00033958
0.00838851
9.67951e-05
-3.61865e-05
0.00416038
-0.000200454
-0.000102655
0.00376647
-0.000138572
-0.00177657
-0.00247447
-7.57905e-08
-0.000902718
-0.00543359
0.000138432
-0.000902749
-0.00543347
0.000200392
-0.0017766
-0.00247442
-9.68199e-05
-0.000102666
0.00376647
-3.61864e-05
-3.61878e-05
0.00416041
0.000339579
0.0083885
-0.000339581
0.0170692
-0.000722278
0.0083885
-0.000490193
0.00790933
-0.000353856
0.00140833
1.40456e-08
0.00107899
0.000353868
0.0010789
0.000490187
0.00140828
0.000722274
0.0079093
0.000339579
0.0083885
0.0170692
-0.000313534
-0.000313534
0.0176963
-0.000729419
7.13985e-05
0.008733
-0.000362241
0.000269487
0.00727267
-0.000412309
0.00156705
-0.000108639
1.21972e-08
0.000784611
-0.000117923
0.000412333
0.000784643
-0.000118063
0.000362241
0.0015671
-0.000108718
0.000729414
0.000269504
0.00727262
0.000313532
7.13999e-05
0.00873299
-0.000313534
0.0176963
7.14005e-05
-0.00072942
0.008733
-0.000408904
-0.000408913
0.00512098
-0.000546138
0.000349929
0.00382327
-0.00015986
0.000725642
-0.00201929
-8.75774e-08
0.000329159
-0.00513791
0.000159717
0.000329214
-0.00513783
0.00054607
0.000725662
-0.0020193
0.00040888
0.000349917
0.00382325
-7.14075e-05
-0.000408919
0.00512098
-0.000729421
0.00873299
0.000269483
-0.000362241
0.00727268
0.000349937
-0.000546163
0.00382327
0.000294848
0.000294833
0.00332061
0.00011939
0.000377066
-0.00216681
-2.99831e-08
0.000365118
-0.00676656
-0.000119439
0.000365153
-0.00676654
-0.000294882
0.000377089
-0.00216683
-0.000349951
0.000294815
0.00332057
-0.000269489
-0.00054616
0.00382325
-0.00036224
0.00727267
0.00156705
-0.000412304
-0.000108622
0.00072564
-0.000159904
-0.00201931
0.000377057
0.000119376
-0.00216682
7.46033e-05
7.46116e-05
-0.00537562
1.35392e-09
8.35256e-05
-0.00892601
-7.45903e-05
8.35416e-05
-0.00892601
-0.000377053
7.46204e-05
-0.00537569
-0.000725643
0.000119379
-0.00216688
-0.00156705
-0.000159887
-0.00201935
-0.000412305
-0.00010864
0.000784603
1.79599e-08
-0.000117887
0.000329145
-1.35234e-07
-0.00513794
0.000365106
-4.61908e-08
-0.00676658
8.35202e-05
1.26551e-09
-0.00892601
-3.252e-09
-5.25405e-09
-0.00993324
-8.35232e-05
-4.16355e-09
-0.00993322
-0.000365113
1.63468e-09
-0.00892602
-0.000329156
-4.11349e-08
-0.00676657
-0.00078461
-1.20981e-07
-0.00513793
1.64703e-08
-0.00011791
0.00078465
0.000412339
-0.000118102
0.000329228
0.000159683
-0.00513782
0.000365161
-0.00011945
-0.00676654
8.35453e-05
-7.45908e-05
-0.00892601
-2.08387e-09
-8.35288e-05
-0.00993321
-8.35454e-05
-8.35424e-05
-0.00993318
-0.000365163
-7.46006e-05
-0.00892602
-0.000329231
-0.000119444
-0.00676654
-0.000784651
0.000159689
-0.00513782
0.000412338
-0.000118106
0.00156711
0.000362243
-0.000108744
0.000725669
0.000546057
-0.00201932
0.000377093
-0.000294885
-0.00216685
7.4621e-05
-0.000377058
-0.00537571
1.65792e-09
-0.000365123
-0.00892602
-7.46086e-05
-0.000365154
-0.00892602
-0.000377087
-0.00037708
-0.00537577
-0.000725666
-0.000294865
-0.00216691
-0.00156711
0.000546063
-0.00201935
0.000362243
-0.000108749
0.00026951
0.000729415
0.00727261
0.00034992
0.000408876
0.00382324
0.000294822
-0.000349952
0.00332055
0.000119394
-0.00072565
-0.00216689
-2.58883e-08
-0.000329169
-0.00676656
-0.000119436
-0.000329217
-0.00676654
-0.000294855
-0.000725664
-0.0021669
-0.000349933
-0.000349939
0.00332051
-0.000269511
0.000408882
0.00382322
0.000729417
0.00727261
7.14019e-05
0.000313532
0.00873299
-0.000408913
-7.14092e-05
0.00512098
-0.000546139
-0.000269496
0.00382324
-0.000159847
-0.00156706
-0.00201935
-7.57322e-08
-0.000784619
-0.00513791
0.000159722
-0.000784646
-0.00513784
0.000546077
-0.0015671
-0.00201934
0.000408888
-0.000269507
0.00382323
-7.14086e-05
-7.14101e-05
0.005121
0.000313532
0.00873298
-0.000313534
0.0176963
-0.000729422
0.00873298
-0.000362241
0.00727266
-0.000412311
-0.000108662
1.08833e-08
-0.000117949
0.000412333
-0.000118073
0.000362243
-0.00010873
0.000729418
0.00727262
0.000313532
0.00873298
0.0176963
-0.000295082
-0.000295081
0.0182864
-0.000810394
0.000206238
0.00904207
-0.00053626
0.000761804
0.00623673
-0.000537149
0.000788272
-0.000896022
-2.65468e-08
0.000405341
-0.00106039
0.00053715
0.000405356
-0.00106059
0.000536272
0.000788276
-0.000896116
0.000810389
0.000761827
0.00623668
0.00029508
0.000206238
0.00904206
-0.000295081
0.0182864
0.000206239
-0.000810395
0.00904207
-0.00048389
-0.000483894
0.00650124
-0.000488129
0.000566983
0.00402233
-8.77539e-05
0.00045243
-0.00208383
-4.5543e-08
0.000317067
-0.00513735
8.76983e-05
0.000317049
-0.00513726
0.000488099
0.000452434
-0.00208386
0.000483876
0.000566985
0.00402232
-0.000206243
-0.000483899
0.00650124
-0.000810396
0.00904206
0.000761795
-0.000536258
0.00623675
0.000566981
-0.000488142
0.00402233
0.000460761
0.00046076
0.00353305
0.000202876
0.000417392
-0.00187389
1.92057e-08
0.000387431
-0.00663407
-0.000202856
0.000387434
-0.00663405
-0.000460767
0.000417426
-0.00187391
-0.000566988
0.000460752
0.00353303
-0.0007618
-0.000488142
0.0040223
-0.000536258
0.00623674
0.000788273
-0.000537157
-0.000895996
0.000452427
-8.77792e-05
-0.00208383
0.000417377
0.000202881
-0.00187389
0.000175599
0.000175611
-0.00489207
5.18199e-09
0.000145153
-0.00850813
-0.000175577
0.000145154
-0.00850815
-0.000417367
0.000175624
-0.0048921
-0.000452429
0.000202876
-0.00187394
-0.000788274
-8.77763e-05
-0.00208387
-0.000537156
-0.000896016
0.000405339
-4.16094e-08
-0.00106034
0.00031707
-7.14756e-08
-0.00513738
0.000387427
2.90441e-08
-0.00663408
0.000145152
7.36756e-09
-0.00850813
-1.32554e-09
-3.33573e-09
-0.00964293
-0.000145151
-3.36656e-09
-0.00964291
-0.000387424
7.01327e-09
-0.00850813
-0.000317068
2.76677e-08
-0.00663408
-0.000405343
-6.29442e-08
-0.00513737
-3.71497e-08
-0.00106037
0.000405361
0.000537156
-0.00106066
0.000317043
8.76907e-05
-0.00513726
0.000387432
-0.00020285
-0.00663405
0.000145154
-0.000175576
-0.00850815
-1.32049e-09
-0.000145154
-0.0096429
-0.000145153
-0.000145155
-0.00964288
-0.000387428
-0.000175592
-0.00850814
-0.000317043
-0.000202845
-0.00663405
-0.000405361
8.76984e-05
-0.00513726
0.000537155
-0.00106066
0.000788278
0.000536277
-0.000896143
0.000452435
0.000488095
-0.00208388
0.000417431
-0.000460767
-0.00187393
0.000175623
-0.000417374
-0.00489211
4.91886e-09
-0.000387427
-0.00850813
-0.000175602
-0.00038743
-0.00850814
-0.000417419
-0.000417406
-0.00489213
-0.000452434
-0.000460757
-0.00187398
-0.000788276
0.000488099
-0.00208391
0.000536276
-0.000896146
0.000761836
0.00081039
0.00623666
0.00056699
0.000483874
0.00402231
0.000460756
-0.000566992
0.00353301
0.000202875
-0.000452433
-0.00187395
1.75449e-08
-0.000317064
-0.00663406
-0.000202856
-0.000317049
-0.00663404
-0.00046076
-0.000452435
-0.00187397
-0.000566993
-0.000566989
0.00353298
-0.000761833
0.000483879
0.00402228
0.000810392
0.00623666
0.00020624
0.00029508
0.00904206
-0.000483896
-0.000206244
0.00650124
-0.000488131
-0.00076181
0.00402229
-8.77529e-05
-0.000788275
-0.00208388
-3.95671e-08
-0.000405344
-0.00513735
8.77043e-05
-0.000405357
-0.00513727
0.000488103
-0.000788276
-0.0020839
0.000483882
-0.000761826
0.00402229
-0.000206244
-0.000206245
0.00650125
0.00029508
0.00904204
-0.000295081
0.0182864
-0.000810396
0.00904205
-0.00053626
0.00623671
-0.000537148
-0.000896049
-2.26082e-08
-0.00106042
0.00053715
-0.0010606
0.000536272
-0.000896128
0.000810392
0.00623667
0.00029508
0.00904204
0.0182864
-0.000300168
-0.000300167
0.0188868
-0.000967332
0.000362786
0.00934645
-0.000679838
0.001193
0.00475624
-0.00046936
0.000496446
-0.00160295
-4.31994e-08
0.000320597
-0.0018503
0.000469358
0.000320561
-0.00185056
0.000679868
0.00049641
-0.00160304
0.00096733
0.001193
0.00475621
0.000300167
0.000362786
0.00934644
-0.000300167
0.0188868
0.000362786
-0.000967332
0.00934645
-0.000443294
-0.000443293
0.0081134
-0.000334646
0.000690646
0.00441604
2.10541e-05
0.00030686
-0.00224994
9.65763e-10
0.000315768
-0.00511146
-2.10278e-05
0.000315709
-0.00511138
0.000334672
0.000306849
-0.00225
0.000443292
0.000690653
0.00441605
-0.000362788
-0.000443297
0.0081134
-0.000967333
0.00934644
0.00119299
-0.000679829
0.00475626
0.000690637
-0.000334639
0.00441603
0.000589087
0.0005891
0.00373615
0.000277
0.000452965
-0.00170791
4.47251e-08
0.000390049
-0.0064314
-0.00027693
0.000390027
-0.00643139
-0.000589068
0.000452988
-0.00170791
-0.000690638
0.000589105
0.00373614
-0.001193
-0.000334647
0.00441601
-0.000679834
0.00475624
0.000496455
-0.000469357
-0.00160292
0.000306859
2.10595e-05
-0.00224993
0.000452951
0.000277021
-0.00170791
0.000260983
0.000260994
-0.00450813
1.01199e-08
0.000189345
-0.00804646
-0.000260957
0.000189333
-0.00804649
-0.000452938
0.000261
-0.00450813
-0.000306858
0.000277011
-0.00170793
-0.000496449
2.10449e-05
-0.00224997
-0.000469363
-0.00160294
0.000320604
-6.6813e-08
-0.00185024
0.000315784
6.02006e-10
-0.0051115
0.000390053
6.8546e-08
-0.0064314
0.000189348
1.45698e-08
-0.00804644
1.57202e-09
4.71437e-10
-0.00926424
-0.000189342
-3.83678e-10
-0.00926424
-0.000390042
1.33746e-08
-0.00804644
-0.000315769
6.33807e-08
-0.0064314
-0.000320594
1.22573e-09
-0.00511151
-5.96993e-08
-0.00185027
0.00032055
0.000469353
-0.00185063
0.000315693
-2.10196e-05
-0.00511138
0.000390019
-0.000276912
-0.0064314
0.00018933
-0.000260956
-0.00804649
7.77015e-10
-0.000189342
-0.00926423
-0.000189327
-0.000189333
-0.00926422
-0.000390012
-0.000260966
-0.00804648
-0.000315687
-0.000276909
-0.0064314
-0.000320545
-2.10088e-05
-0.00511139
0.00046936
-0.00185062
0.0004964
0.000679876
-0.00160306
0.000306844
0.00033468
-0.00225003
0.000452991
-0.000589067
-0.00170792
0.000260997
-0.000452943
-0.00450813
9.05556e-09
-0.000390039
-0.00804645
-0.000260973
-0.00039002
-0.00804647
-0.000452976
-0.000452966
-0.00450813
-0.000306844
-0.000589071
-0.00170795
-0.000496399
0.000334683
-0.00225005
0.000679877
-0.00160306
0.00119301
0.000967331
0.00475619
0.000690657
0.000443292
0.00441604
0.000589104
-0.000690641
0.00373613
0.000276997
-0.000306857
-0.00170793
4.00303e-08
-0.000315751
-0.00643139
-0.000276933
-0.0003157
-0.00643139
-0.000589084
-0.000306847
-0.00170794
-0.000690652
-0.000690644
0.00373612
-0.00119301
0.000443295
0.00441603
0.000967333
0.0047562
0.000362786
0.000300167
0.00934643
-0.000443297
-0.000362788
0.0081134
-0.000334653
-0.001193
0.00441601
2.10395e-05
-0.000496441
-0.00224999
5.2516e-10
-0.000320586
-0.00511147
-2.10174e-05
-0.000320556
-0.0051114
0.000334675
-0.000496409
-0.00225003
0.000443294
-0.001193
0.00441603
-0.000362788
-0.000362787
0.00811341
0.000300167
0.00934642
-0.000300167
0.0188868
-0.000967333
0.00934643
-0.000679842
0.00475622
-0.000469366
-0.00160297
-3.69554e-08
-0.00185033
0.000469364
-0.00185056
0.000679869
-0.00160304
0.000967332
0.0047562
0.000300166
0.00934642
0.0188867
-0.000296676
-0.000296676
0.0194801
-0.00108741
0.000404056
0.00973313
-0.000771106
0.00090984
0.0035301
-0.000444307
0.000296707
-0.00222645
-2.21028e-08
0.000244079
-0.00253866
0.000444339
0.000243964
-0.00253888
0.000771159
0.000296663
-0.00222652
0.00108741
0.000909833
0.00353012
0.000296676
0.000404054
0.00973312
-0.000296675
0.0194801
0.000404056
-0.00108741
0.00973313
-0.00027875
-0.000278746
0.00947901
-0.000108554
0.000503201
0.00465248
6.4963e-05
0.000223785
-0.00235053
3.34135e-08
0.000287025
-0.00508948
-6.48825e-05
0.000286964
-0.00508947
0.000108607
0.00022377
-0.00235059
0.000278755
0.000503207
0.00465253
-0.000404058
-0.00027875
0.00947902
-0.00108741
0.00973311
0.000909839
-0.000771093
0.0035301
0.000503191
-0.00010854
0.00465247
0.000592903
0.000592919
0.00355672
0.000324985
0.000489983
-0.00170619
2.71133e-08
0.000368624
-0.00618804
-0.000324918
0.000368599
-0.00618808
-0.000592871
0.000489987
-0.00170618
-0.000503192
0.000592926
0.00355675
-0.00090984
-0.000108554
0.00465246
-0.000771102
0.00353009
0.000296714
-0.000444288
-0.00222644
0.000223785
6.49813e-05
-0.00235052
0.000489977
0.000325004
-0.00170618
0.000328749
0.000328753
-0.00418567
7.58946e-09
0.000217408
-0.0075665
-0.000328731
0.000217394
-0.00756654
-0.000489964
0.000328752
-0.00418566
-0.000223784
0.000324998
-0.00170618
-0.000296709
6.49517e-05
-0.00235055
-0.000444306
-0.00222644
0.000244111
-3.38135e-08
-0.0025386
0.00028704
5.15889e-08
-0.0050895
0.000368628
4.22584e-08
-0.00618803
0.000217411
1.06265e-08
-0.00756649
3.99435e-09
3.71846e-09
-0.00882943
-0.000217404
2.76698e-09
-0.00882944
-0.000368611
9.58508e-09
-0.00756649
-0.000287011
3.8715e-08
-0.00618804
-0.000244077
4.57474e-08
-0.00508953
-2.99608e-08
-0.00253862
0.000243935
0.00044434
-0.00253894
0.000286945
-6.48566e-05
-0.00508949
0.000368589
-0.000324901
-0.0061881
0.00021739
-0.000328729
-0.00756655
2.94577e-09
-0.000217403
-0.00882944
-0.000217385
-0.000217392
-0.00882943
-0.000368577
-0.00032873
-0.00756655
-0.000286928
-0.000324902
-0.00618811
-0.000243921
-6.4841e-05
-0.00508951
0.000444352
-0.00253893
0.000296649
0.000771173
-0.00222655
0.000223765
0.000108622
-0.00235062
0.000489986
-0.000592868
-0.00170618
0.000328749
-0.000489965
-0.00418566
6.7107e-09
-0.000368607
-0.0075665
-0.000328733
-0.000368586
-0.00756654
-0.000489973
-0.00048997
-0.00418565
-0.000223766
-0.000592876
-0.00170618
-0.00029665
0.000108627
-0.00235063
0.000771176
-0.00222654
0.000909832
0.00108741
0.00353012
0.00050321
0.000278756
0.00465253
0.000592921
-0.000503194
0.00355675
0.000324984
-0.00022378
-0.00170618
2.44145e-08
-0.000286994
-0.00618805
-0.000324923
-0.000286943
-0.00618809
-0.00059289
-0.000223768
-0.00170618
-0.000503205
-0.000503197
0.00355676
-0.000909832
0.000278758
0.00465252
0.00108742
0.00353012
0.000404054
0.000296676
0.00973312
-0.000278752
-0.000404056
0.00947902
-0.000108566
-0.000909839
0.00465247
6.4934e-05
-0.000296701
-0.00235057
2.85323e-08
-0.000244045
-0.00508952
-6.48655e-05
-0.000243947
-0.0050895
0.000108611
-0.000296663
-0.00235061
0.000278755
-0.00090983
0.00465252
-0.000404056
-0.000404055
0.00947903
0.000296675
0.00973311
-0.000296675
0.0194801
-0.00108741
0.00973311
-0.000771115
0.00353008
-0.000444324
-0.00222646
-1.88585e-08
-0.00253868
0.000444351
-0.00253888
0.000771161
-0.00222651
0.00108741
0.00353012
0.000296674
0.00973311
0.0194801
-0.000253268
-0.000253268
0.0199867
-0.000980835
0.000214182
0.0102465
-0.000616921
0.000189295
0.00297689
-0.000336
0.000185553
-0.00269293
4.44907e-08
0.000165676
-0.00304038
0.000336045
0.000165576
-0.00304046
0.000616925
0.000185548
-0.00269295
0.000980832
0.000189283
0.00297693
0.000253266
0.000214178
0.0102465
-0.000253267
0.0199866
0.000214182
-0.000980837
0.0102465
-0.000132879
-0.000132874
0.0101731
0.000241725
5.40042e-05
0.00441317
0.000117289
0.000240751
-0.0022813
5.71535e-08
0.00023856
-0.00504513
-0.000117208
0.000238558
-0.00504518
-0.000241689
0.000240752
-0.00228132
0.000132879
5.40077e-05
0.00441323
-0.000214185
-0.000132877
0.0101731
-0.000980835
0.0102465
0.000189295
-0.000616923
0.00297689
5.39988e-05
0.000241735
0.00441316
0.00052956
0.00052957
0.00260559
0.000341429
0.000527769
-0.00180507
4.78523e-09
0.000326491
-0.00593455
-0.000341409
0.0003265
-0.00593461
-0.000529542
0.000527771
-0.00180506
-5.40016e-05
0.000529579
0.00260563
-0.000189298
0.000241726
0.00441316
-0.000616924
0.00297688
0.000185552
-0.000335992
-0.00269292
0.00024075
0.000117301
-0.00228129
0.000527767
0.000341436
-0.00180507
0.000363791
0.000363793
-0.00385772
2.15379e-09
0.000224807
-0.00710103
-0.000363782
0.000224799
-0.00710106
-0.00052776
0.000363792
-0.0038577
-0.000240752
0.000341441
-0.00180505
-0.000185554
0.000117274
-0.0022813
-0.000335999
-0.00269292
0.000165698
6.84544e-08
-0.00304036
0.000238549
8.82898e-08
-0.00504514
0.000326484
8.31669e-09
-0.00593453
0.000224808
2.48618e-09
-0.00710102
4.64123e-09
4.93414e-09
-0.00837983
-0.000224803
3.99825e-09
-0.00837983
-0.000326474
1.88172e-09
-0.00710103
-0.000238526
7.47211e-09
-0.00593456
-0.00016567
7.79591e-08
-0.00504519
6.17884e-08
-0.00304035
0.000165544
0.000336064
-0.00304048
0.000238545
-0.000117175
-0.00504522
0.000326496
-0.000341405
-0.00593464
0.000224795
-0.000363782
-0.00710107
3.56194e-09
-0.000224803
-0.00837984
-0.000224791
-0.000224796
-0.00837984
-0.000326486
-0.000363782
-0.00710107
-0.000238525
-0.000341413
-0.00593465
-0.000165533
-0.000117164
-0.00504526
0.000336063
-0.00304046
0.000185545
0.00061693
-0.00269296
0.000240752
-0.000241679
-0.00228132
0.00052777
-0.000529542
-0.00180506
0.000363788
-0.000527761
-0.0038577
1.7052e-09
-0.00032648
-0.00710104
-0.00036378
-0.000326489
-0.00710106
-0.000527763
-0.000527763
-0.00385769
-0.000240754
-0.000529551
-0.00180505
-0.000185549
-0.000241675
-0.00228132
0.000616931
-0.00269295
0.000189279
0.000980831
0.00297694
5.4008e-05
0.00013288
0.00441325
0.000529574
-5.40037e-05
0.00260564
0.000341435
-0.000240751
-0.00180505
4.73461e-09
-0.000238533
-0.00593456
-0.000341416
-0.000238534
-0.00593462
-0.000529555
-0.000240752
-0.00180505
-5.40086e-05
-5.40055e-05
0.00260566
-0.000189285
0.000132882
0.00441324
0.000980831
0.00297694
0.000214177
0.000253266
0.0102465
-0.00013288
-0.000214183
0.0101731
0.000241719
-0.000189294
0.00441316
0.000117262
-0.000185554
-0.00228131
4.88431e-08
-0.000165648
-0.00504519
-0.000117194
-0.000165562
-0.00504523
-0.000241688
-0.000185549
-0.00228132
0.00013288
-0.000189285
0.00441323
-0.00021418
-0.000214179
0.0101732
0.000253265
0.0102465
-0.000253267
0.0199866
-0.000980833
0.0102465
-0.00061692
0.00297688
-0.000336006
-0.00269293
3.84108e-08
-0.00304038
0.000336044
-0.00304044
0.000616924
-0.00269294
0.000980832
0.00297693
0.000253265
0.0102465
0.0199866
-0.000162362
-0.000162363
0.0203114
-0.000570423
-0.000193313
0.0108479
-0.00016014
-0.000197266
0.00276387
-0.000161662
0.000190016
-0.00288142
6.75689e-08
0.000123143
-0.00332526
0.000161689
0.000123144
-0.00332522
0.000160088
0.000190036
-0.00288138
0.000570413
-0.000197282
0.00276389
0.000162359
-0.000193318
0.0108479
-0.000162363
0.0203114
-0.000193312
-0.000570425
0.0108479
-0.000282398
-0.000282397
0.0103513
0.000444317
-0.000134273
0.00362346
0.000201933
0.000345641
-0.00219454
2.35868e-08
0.000213181
-0.00493326
-0.00020192
0.000213187
-0.00493328
-0.000444326
0.000345644
-0.00219452
0.000282386
-0.000134279
0.00362352
0.000193307
-0.000282396
0.0103513
-0.000570423
0.0108479
-0.000197262
-0.00016015
0.00276388
-0.000134272
0.000444318
0.00362345
0.000519396
0.0005194
0.00129825
0.000361659
0.000566423
-0.00186812
7.30821e-09
0.000296764
-0.00565648
-0.000361652
0.000296755
-0.00565652
-0.000519391
0.000566427
-0.00186811
0.000134271
0.000519409
0.00129828
0.000197253
0.000444324
0.00362346
-0.000160138
0.00276385
0.000190011
-0.000161656
-0.00288143
0.000345639
0.000201939
-0.00219454
0.000566421
0.000361666
-0.00186811
0.000386799
0.0003868
-0.00349848
2.28343e-09
0.000230461
-0.00664793
-0.000386799
0.000230453
-0.00664796
-0.000566419
0.000386802
-0.00349846
-0.000345636
0.000361677
-0.0018681
-0.000190018
0.000201944
-0.00219453
-0.000161653
-0.00288142
0.000123138
1.04021e-07
-0.00332526
0.000213171
3.67665e-08
-0.00493327
0.000296761
1.16114e-08
-0.00565647
0.00023046
2.94569e-09
-0.00664792
4.40342e-09
5.1537e-09
-0.00791891
-0.000230454
4.21369e-09
-0.00791893
-0.000296753
2.15218e-09
-0.00664793
-0.000213163
1.067e-08
-0.00565648
-0.000123141
3.18914e-08
-0.0049333
9.3452e-08
-0.00332524
0.000123138
0.000161701
-0.00332521
0.000213179
-0.000201917
-0.00493331
0.000296745
-0.000361655
-0.00565654
0.000230448
-0.000386802
-0.00664796
3.35441e-09
-0.000230455
-0.00791893
-0.000230444
-0.000230449
-0.00791894
-0.000296739
-0.000386804
-0.00664797
-0.000213171
-0.000361667
-0.00565654
-0.000123142
-0.000201926
-0.00493334
0.000161692
-0.0033252
0.000190042
0.000160073
-0.00288137
0.000345643
-0.00044433
-0.00219451
0.000566426
-0.000519396
-0.0018681
0.0003868
-0.000566422
-0.00349845
1.58813e-09
-0.000296756
-0.00664794
-0.0003868
-0.000296748
-0.00664796
-0.000566423
-0.000566425
-0.00349844
-0.000345641
-0.000519405
-0.0018681
-0.000190046
-0.000444336
-0.00219451
0.000160068
-0.00288137
-0.000197284
0.000570411
0.00276389
-0.000134283
0.000282383
0.00362353
0.000519405
0.000134271
0.00129829
0.00036167
-0.000345636
-0.0018681
6.61802e-09
-0.000213172
-0.00565649
-0.000361664
-0.000213177
-0.00565652
-0.0005194
-0.00034564
-0.0018681
0.00013428
0.000134276
0.0012983
0.000197272
0.000282384
0.00362353
0.000570409
0.00276387
-0.000193319
0.000162359
0.0108479
-0.000282398
0.000193308
0.0103513
0.000444324
0.000197258
0.00362345
0.000201939
-0.000190021
-0.00219454
1.96144e-08
-0.000123146
-0.00493329
-0.000201929
-0.000123147
-0.00493331
-0.000444332
-0.000190039
-0.00219452
0.000282388
0.00019727
0.00362351
0.000193316
0.000193316
0.0103513
0.000162358
0.0108479
-0.000162362
0.0203114
-0.00057042
0.0108479
-0.000160127
0.00276384
-0.000161658
-0.00288142
5.82038e-08
-0.00332524
0.00016168
-0.00332521
0.000160081
-0.00288138
0.000570411
0.00276387
0.000162359
0.0108479
0.0203113
1.8241e-05
1.8241e-05
0.0202749
-2.67693e-05
-0.000497258
0.0113902
0.00036435
-5.72885e-06
0.00237848
4.32341e-05
0.000257112
-0.00281742
2.15395e-08
0.000119096
-0.00340114
-4.32446e-05
0.000119152
-0.00340111
-0.000364381
0.000257123
-0.00281737
2.67709e-05
-5.74473e-06
0.00237848
-1.8243e-05
-0.000497262
0.0113902
1.82444e-05
0.0202749
-0.000497258
-2.67683e-05
0.0113902
-0.000348082
-0.000348079
0.0100529
0.000608006
0.0001023
0.00255934
0.000327154
0.000460792
-0.00211737
-4.95463e-09
0.000223008
-0.00471001
-0.000327173
0.000223029
-0.00470999
-0.000608016
0.000460792
-0.00211734
0.000348074
0.000102285
0.0025594
0.000497254
-0.000348075
0.0100529
-2.67656e-05
0.0113901
-5.72463e-06
0.000364348
0.00237849
0.000102301
0.000608009
0.00255934
0.000603288
0.000603292
0.000296271
0.000403563
0.000604286
-0.00181189
1.81217e-09
0.000291484
-0.00532139
-0.000403558
0.000291484
-0.00532141
-0.00060328
0.000604285
-0.00181188
-0.000102292
0.000603297
0.000296282
5.71742e-06
0.000608023
0.00255935
0.000364359
0.00237844
0.00025711
4.32397e-05
-0.00281743
0.00046079
0.00032716
-0.00211737
0.000604284
0.000403571
-0.00181188
0.00041443
0.00041443
-0.00311877
2.35021e-09
0.000244769
-0.00618678
-0.00041443
0.000244764
-0.0061868
-0.000604279
0.00041443
-0.00311875
-0.000460783
0.000403583
-0.00181188
-0.000257115
0.000327186
-0.00211736
4.32478e-05
-0.00281743
0.000119086
3.45051e-08
-0.00340114
0.000223005
-6.70902e-09
-0.00471002
0.000291483
3.32661e-09
-0.00532138
0.000244769
3.1974e-09
-0.00618678
3.37535e-09
4.28799e-09
-0.00742938
-0.000244765
3.48031e-09
-0.0074294
-0.000291483
2.32938e-09
-0.00618679
-0.000223012
2.72093e-09
-0.00532137
-0.000119103
-7.11362e-09
-0.00471002
3.06328e-08
-0.00340113
0.000119171
-4.32526e-05
-0.0034011
0.000223037
-0.000327188
-0.00471
0.000291483
-0.000403564
-0.00532142
0.000244762
-0.000414431
-0.00618681
2.50317e-09
-0.000244766
-0.0074294
-0.00024476
-0.000244762
-0.00742941
-0.000291484
-0.000414431
-0.00618681
-0.000223042
-0.000403577
-0.0053214
-0.00011918
-0.000327213
-0.00470999
-4.32612e-05
-0.00340109
0.000257128
-0.000364392
-0.00281736
0.000460788
-0.000608023
-0.00211734
0.000604282
-0.000603283
-0.00181187
0.000414428
-0.000604281
-0.00311875
1.56735e-09
-0.000291484
-0.00618679
-0.000414429
-0.000291485
-0.00618681
-0.000604278
-0.000604281
-0.00311875
-0.000460783
-0.00060329
-0.00181188
-0.000257132
-0.000608037
-0.00211734
-0.000364402
-0.00281737
-5.74747e-06
2.6771e-05
0.00237847
0.000102276
0.000348071
0.00255941
0.00060329
-0.000102291
0.000296283
0.000403574
-0.000460783
-0.00181188
1.33462e-09
-0.000223015
-0.00532138
-0.000403571
-0.000223034
-0.0053214
-0.000603285
-0.000460785
-0.00181188
-0.000102274
-0.000102282
0.000296284
5.73557e-06
0.000348064
0.00255942
2.67646e-05
0.00237844
-0.000497264
-1.82438e-05
0.0113902
-0.000348077
0.000497254
0.0100529
0.000608019
5.7217e-06
0.00255934
0.00032718
-0.000257116
-0.00211737
-5.20353e-09
-0.000119112
-0.00471001
-0.000327199
-0.000119161
-0.00470999
-0.00060803
-0.000257127
-0.00211735
0.000348068
5.73284e-06
0.0025594
0.000497259
0.000497258
0.0100529
-1.82503e-05
0.0113901
1.82442e-05
0.0202749
-2.67664e-05
0.0113901
0.000364361
0.00237843
4.32428e-05
-0.00281741
1.81796e-08
-0.00340113
-4.32537e-05
-0.0034011
-0.000364391
-0.00281737
2.67644e-05
0.00237845
-1.82493e-05
0.0113901
0.0202748
0.000459342
0.000459342
0.0193562
0.000602598
-0.000345931
0.0115928
0.000861128
0.000403409
0.00171654
0.000252776
0.000331762
-0.00254082
4.26913e-08
0.000119254
-0.00326766
-0.000252753
0.000119269
-0.00326758
-0.000861122
0.000331771
-0.00254077
-0.000602593
0.000403396
0.00171656
-0.000459342
-0.000345938
0.0115928
0.000459347
0.0193562
-0.000345931
0.000602599
0.0115928
1.85896e-05
1.85908e-05
0.0093239
0.000927752
0.000516285
0.0015373
0.000481142
0.00055399
-0.00189298
-5.67217e-09
0.000239863
-0.00434948
-0.000481157
0.000239877
-0.00434945
-0.000927753
0.000553996
-0.00189297
-1.85844e-05
0.00051628
0.00153735
0.000345927
1.85845e-05
0.0093239
0.000602606
0.0115928
0.000403411
0.000861131
0.00171654
0.000516284
0.000927757
0.0015373
0.000766602
0.000766604
-0.000204365
0.000451507
0.000643041
-0.00158584
-6.10002e-10
0.000296959
-0.00492698
-0.000451509
0.000296961
-0.00492699
-0.000766595
0.000643039
-0.00158583
-0.00051627
0.000766609
-0.000204371
-0.000403405
0.000927769
0.0015373
0.000861138
0.0017165
0.000331761
0.000252784
-0.00254084
0.000553987
0.00048115
-0.00189299
0.00064304
0.000451513
-0.00158585
0.000441996
0.000441996
-0.00271668
1.22243e-09
0.000261715
-0.00570955
-0.000441996
0.000261712
-0.00570956
-0.000643037
0.000441993
-0.00271667
-0.000553987
0.000451521
-0.00158585
-0.000331765
0.000481177
-0.00189299
0.000252793
-0.00254085
0.000119259
6.68561e-08
-0.00326768
0.000239864
-7.90524e-09
-0.00434947
0.00029696
1.86038e-11
-0.00492696
0.000261716
1.61833e-09
-0.00570954
2.35306e-09
3.20819e-09
-0.00690596
-0.000261714
2.49926e-09
-0.00690597
-0.000296961
8.0753e-10
-0.00570955
-0.000239873
-7.0273e-10
-0.00492694
-0.000119264
-7.98481e-09
-0.00434944
5.96906e-08
-0.00326766
0.000119281
-0.000252748
-0.00326756
0.000239885
-0.000481171
-0.00434944
0.000296962
-0.000451514
-0.00492698
0.000261712
-0.000441997
-0.00570956
1.59633e-09
-0.000261714
-0.00690597
-0.000261712
-0.000261712
-0.00690598
-0.000296963
-0.000441995
-0.00570957
-0.000239891
-0.000451523
-0.00492695
-0.000119284
-0.000481198
-0.00434941
-0.000252764
-0.00326755
0.000331774
-0.000861122
-0.00254076
0.000553996
-0.000927757
-0.00189297
0.000643037
-0.000766595
-0.00158583
0.000441993
-0.000643037
-0.00271666
4.64641e-10
-0.00029696
-0.00570955
-0.000441994
-0.000296962
-0.00570956
-0.000643035
-0.000643037
-0.00271666
-0.000553996
-0.000766603
-0.00158584
-0.000331777
-0.000927774
-0.00189298
-0.000861135
-0.00254077
0.00040339
-0.000602594
0.00171656
0.000516272
-1.8581e-05
0.00153736
0.000766605
-0.000516271
-0.000204374
0.000451515
-0.000553987
-0.00158584
-1.17675e-09
-0.000239871
-0.00492696
-0.000451517
-0.000239883
-0.00492696
-0.000766601
-0.000553995
-0.00158584
-0.000516265
-0.000516272
-0.000204382
-0.000403391
-1.85822e-05
0.00153735
-0.000602607
0.00171652
-0.000345939
-0.000459342
0.0115928
1.85841e-05
0.000345927
0.00932389
0.000927765
-0.000403404
0.00153729
0.000481169
-0.000331765
-0.00189299
-5.89861e-09
-0.000119259
-0.00434945
-0.000481184
-0.000119272
-0.00434942
-0.000927771
-0.000331774
-0.00189298
-1.85859e-05
-0.000403396
0.00153734
0.000345931
0.00034593
0.00932388
-0.000459351
0.0115928
0.000459347
0.0193562
0.000602605
0.0115928
0.000861135
0.0017165
0.000252786
-0.00254083
3.6328e-08
-0.00326764
-0.000252769
-0.00326757
-0.000861136
-0.00254078
-0.000602607
0.00171652
-0.000459351
0.0115928
0.0193561
0.00103757
0.00103757
0.0172811
0.00151995
0.000470167
0.0106403
0.00135355
0.000775321
0.00110761
0.000427094
0.000366163
-0.00198053
-2.22769e-08
0.000106535
-0.00294708
-0.000427151
0.000106551
-0.00294701
-0.00135356
0.000366164
-0.00198053
-0.00151993
0.000775313
0.00110762
-0.00103757
0.000470159
0.0106403
0.00103758
0.017281
0.000470167
0.00151995
0.0106403
0.00102523
0.00102523
0.00821378
0.00136403
0.000969501
0.00100432
0.000605457
0.00061823
-0.00138648
-5.04438e-09
0.000250665
-0.00388814
-0.000605458
0.000250672
-0.00388812
-0.00136403
0.000618231
-0.00138647
-0.00102522
0.000969508
0.00100434
-0.00047017
0.00102523
0.00821378
0.00151996
0.0106402
0.000775321
0.00135355
0.00110762
0.0009695
0.00136403
0.00100432
0.000952291
0.000952292
-0.000169947
0.000492987
0.000676168
-0.00118448
-2.57902e-09
0.000303425
-0.00448675
-0.000492992
0.000303425
-0.00448675
-0.00095229
0.000676166
-0.00118447
-0.000969498
0.000952296
-0.000169951
-0.000775317
0.00136404
0.00100431
0.00135356
0.00110759
0.000366162
0.00042708
-0.00198053
0.000618229
0.000605462
-0.00138648
0.000676168
0.000492987
-0.00118448
0.000463025
0.000463024
-0.00229039
3.08276e-10
0.000272553
-0.00521565
-0.000463026
0.000272552
-0.00521566
-0.000676166
0.000463022
-0.00229038
-0.000618227
0.00049299
-0.00118448
-0.000366159
0.000605464
-0.00138649
0.000427095
-0.00198054
0.000106532
-3.42975e-08
-0.0029471
0.000250664
-6.83321e-09
-0.00388814
0.000303426
-3.06248e-09
-0.00448673
0.000272555
3.7052e-10
-0.00521565
1.32727e-09
2.03712e-09
-0.00636085
-0.000272556
1.4552e-09
-0.00636086
-0.000303428
-3.28548e-10
-0.00521565
-0.000250668
-3.45529e-09
-0.00448671
-0.000106537
-7.17481e-09
-0.0038881
-3.15708e-08
-0.00294707
0.000106558
-0.000427168
-0.00294699
0.000250674
-0.000605462
-0.0038881
0.000303426
-0.000492994
-0.00448674
0.000272554
-0.000463026
-0.00521566
7.06528e-10
-0.000272554
-0.00636087
-0.000272556
-0.000272554
-0.00636087
-0.000303429
-0.000463024
-0.00521567
-0.000250677
-0.000492997
-0.00448671
-0.00010656
-0.000605467
-0.00388807
-0.000427176
-0.00294696
0.000366163
-0.00135356
-0.00198053
0.000618231
-0.00136403
-0.00138647
0.000676164
-0.000952291
-0.00118447
0.000463022
-0.000676165
-0.00229038
-3.92593e-10
-0.000303427
-0.00521566
-0.000463024
-0.000303428
-0.00521566
-0.000676164
-0.000676165
-0.00229038
-0.00061823
-0.000952298
-0.00118447
-0.000366161
-0.00136404
-0.00138647
-0.00135357
-0.00198054
0.000775311
-0.00151994
0.00110762
0.000969509
-0.00102522
0.00100435
0.000952295
-0.000969499
-0.000169952
0.000492989
-0.000618226
-0.00118448
-2.8728e-09
-0.000250668
-0.00448672
-0.000492994
-0.000250674
-0.00448673
-0.000952297
-0.000618229
-0.00118447
-0.000969512
-0.000969511
-0.000169953
-0.000775311
-0.00102523
0.00100434
-0.00151995
0.00110759
0.000470158
-0.00103757
0.0106403
0.00102523
-0.000470171
0.00821378
0.00136403
-0.000775316
0.0010043
0.000605459
-0.00036616
-0.00138648
-5.40495e-09
-0.000106539
-0.00388811
-0.000605463
-0.000106553
-0.00388809
-0.00136404
-0.000366161
-0.00138647
-0.00102523
-0.000775313
0.00100433
-0.00047017
-0.000470171
0.00821376
-0.00103758
0.0106403
0.00103758
0.017281
0.00151996
0.0106402
0.00135356
0.00110758
0.000427109
-0.00198054
-1.99073e-08
-0.00294705
-0.00042716
-0.00294698
-0.00135356
-0.00198054
-0.00151995
0.0011076
-0.00103758
0.0106403
0.017281
0.00175178
0.00175178
0.0137775
0.00242249
0.00141506
0.00855452
0.00159656
0.000955226
0.000978323
0.000501317
0.000344757
-0.00123004
-1.15219e-08
9.3292e-05
-0.00253904
-0.000501291
9.33031e-05
-0.00253903
-0.00159654
0.000344762
-0.00123004
-0.00242248
0.00095523
0.000978335
-0.00175178
0.00141505
0.00855457
0.00175178
0.0137775
0.00141506
0.0024225
0.00855452
0.00215665
0.00215665
0.0067306
0.00168898
0.00126314
0.00116408
0.00064828
0.000639634
-0.000640658
-5.03335e-09
0.000249878
-0.00339644
-0.000648286
0.000249884
-0.00339642
-0.00168898
0.000639637
-0.00064065
-0.00215665
0.00126314
0.0011641
-0.00141506
0.00215665
0.0067306
0.0024225
0.00855447
0.000955225
0.00159656
0.000978322
0.00126314
0.00168898
0.00116408
0.00102836
0.00102836
0.000299604
0.00050177
0.000686467
-0.000704718
-3.45534e-09
0.000302846
-0.00403794
-0.000501777
0.000302848
-0.00403794
-0.00102836
0.000686466
-0.000704712
-0.00126313
0.00102836
0.000299602
-0.000955222
0.00168898
0.00116407
0.00159656
0.000978303
0.000344756
0.000501326
-0.00123005
0.000639633
0.00064828
-0.000640662
0.000686468
0.000501767
-0.00070472
0.000471736
0.000471734
-0.00186093
-7.168e-10
0.000274714
-0.00471578
-0.000471738
0.000274715
-0.00471579
-0.00068647
0.000471733
-0.00186092
-0.000639631
0.000501763
-0.00070472
-0.000344754
0.000648279
-0.000640666
0.000501314
-0.00123005
9.32872e-05
-1.7629e-08
-0.00253904
0.000249874
-6.90245e-09
-0.00339644
0.000302849
-4.8256e-09
-0.00403794
0.000274716
-8.30267e-10
-0.00471578
3.73337e-10
7.98229e-10
-0.00581143
-0.000274719
5.31696e-10
-0.00581143
-0.000302856
-8.25759e-10
-0.00471578
-0.000249871
-4.55434e-09
-0.00403792
-9.32884e-05
-6.8366e-09
-0.0033964
-1.66159e-08
-0.00253903
9.33049e-05
-0.000501285
-0.00253902
0.000249884
-0.000648288
-0.0033964
0.000302852
-0.000501777
-0.00403794
0.000274717
-0.000471737
-0.00471579
7.81949e-11
-0.000274717
-0.00581143
-0.00027472
-0.000274718
-0.00581143
-0.000302859
-0.000471736
-0.00471579
-0.00024988
-0.000501773
-0.00403792
-9.33044e-05
-0.000648287
-0.00339636
-0.000501278
-0.00253901
0.000344762
-0.00159654
-0.00123004
0.000639638
-0.00168898
-0.000640651
0.000686467
-0.00102836
-0.000704712
0.000471735
-0.000686468
-0.00186092
-7.26401e-10
-0.000302853
-0.00471579
-0.000471737
-0.000302855
-0.00471579
-0.00068647
-0.000686468
-0.00186092
-0.000639636
-0.00102836
-0.000704712
-0.00034476
-0.00168898
-0.000640651
-0.00159654
-0.00123004
0.00095523
-0.00242249
0.000978334
0.00126315
-0.00215665
0.0011641
0.00102836
-0.00126313
0.000299602
0.000501766
-0.000639631
-0.000704718
-3.2003e-09
-0.000249875
-0.00403793
-0.000501773
-0.000249881
-0.00403793
-0.00102836
-0.000639635
-0.000704713
-0.00126314
-0.00126314
0.000299604
-0.000955227
-0.00215665
0.00116409
-0.00242249
0.000978321
0.00141505
-0.00175179
0.00855457
0.00215665
-0.00141506
0.00673059
0.00168898
-0.000955223
0.00116407
0.000648279
-0.000344755
-0.000640662
-5.01367e-09
-9.32939e-05
-0.00339641
-0.000648285
-9.33036e-05
-0.00339638
-0.00168898
-0.000344759
-0.00064065
-0.00215665
-0.000955226
0.00116409
-0.00141506
-0.00141506
0.00673057
-0.00175179
0.00855451
0.00175178
0.0137775
0.0024225
0.00855447
0.00159655
0.000978303
0.000501306
-0.00123005
-1.0699e-08
-0.00253903
-0.000501284
-0.00253901
-0.00159654
-0.00123004
-0.00242249
0.000978321
-0.00175179
0.00855451
0.0137774
0.00198369
0.00198369
0.00981013
0.00254945
0.00173786
0.00625089
0.00147981
0.000818777
0.00122919
0.000465982
0.000305802
-0.000522018
3.99351e-10
8.74219e-05
-0.00216048
-0.000465983
8.74185e-05
-0.00216047
-0.00147981
0.000305807
-0.000522013
-0.00254947
0.000818784
0.00122921
-0.0019837
0.00173787
0.00625093
0.00198369
0.00981008
0.00173786
0.00254946
0.00625089
0.00243456
0.00243456
0.0053372
0.00159051
0.00118153
0.00164538
0.000577494
0.000625241
5.29149e-05
-5.43469e-09
0.000233073
-0.0029646
-0.000577503
0.000233074
-0.00296458
-0.00159051
0.000625244
5.29241e-05
-0.00243456
0.00118154
0.00164539
-0.00173786
0.00243456
0.0053372
0.00254945
0.00625085
0.000818777
0.00147981
0.00122919
0.00118153
0.0015905
0.00164538
0.000923023
0.00092302
0.000816627
0.000473838
0.000670256
-0.000300549
-2.90437e-09
0.000286447
-0.00361748
-0.000473845
0.000286449
-0.00361748
-0.000923024
0.000670256
-0.000300545
-0.00118153
0.000923015
0.000816627
-0.000818769
0.0015905
0.00164537
0.0014798
0.00122918
0.0003058
0.00046598
-0.00052202
0.00062524
0.000577491
5.29132e-05
0.000670257
0.000473833
-0.00030055
0.0004681
0.000468099
-0.00145661
-1.04132e-09
0.000268761
-0.00422999
-0.000468103
0.000268762
-0.00423
-0.000670257
0.000468099
-0.00145661
-0.000625236
0.000473823
-0.00030055
-0.000305799
0.000577487
5.2913e-05
0.000465971
-0.00052202
8.74234e-05
8.58502e-10
-0.00216049
0.000233073
-7.70937e-09
-0.00296459
0.000286448
-4.07373e-09
-0.00361747
0.000268762
-1.21791e-09
-0.00422999
-8.92083e-11
2.24837e-11
-0.0052739
-0.000268764
2.95204e-11
-0.0052739
-0.000286453
-7.78396e-10
-0.00423
-0.000233074
-3.72154e-09
-0.00361747
-8.74219e-05
-7.17251e-09
-0.00296456
3.95398e-10
-0.00216048
8.74186e-05
-0.00046598
-0.00216046
0.000233075
-0.000577502
-0.00296456
0.000286452
-0.000473842
-0.00361748
0.000268764
-0.000468103
-0.00423
-8.84861e-11
-0.000268763
-0.0052739
-0.000268765
-0.000268764
-0.00527391
-0.000286456
-0.000468102
-0.00423
-0.000233076
-0.000473831
-0.00361747
-8.74175e-05
-0.000577497
-0.00296453
-0.000465971
-0.00216045
0.000305808
-0.00147981
-0.000522013
0.000625244
-0.00159051
5.29254e-05
0.000670257
-0.000923022
-0.000300544
0.000468101
-0.000670257
-0.00145661
-6.00906e-10
-0.000286451
-0.00423
-0.000468103
-0.000286452
-0.00423
-0.000670258
-0.000670257
-0.00145661
-0.000625241
-0.000923017
-0.000300544
-0.000305806
-0.00159051
5.2928e-05
-0.00147981
-0.00052201
0.000818784
-0.00254947
0.00122921
0.00118154
-0.00243456
0.00164539
0.000923017
-0.00118153
0.000816627
0.000473829
-0.000625237
-0.000300549
-2.57493e-09
-0.000233074
-0.00361748
-0.000473835
-0.000233075
-0.00361748
-0.000923018
-0.000625241
-0.000300545
-0.00118153
-0.00118153
0.000816628
-0.000818775
-0.00243456
0.00164539
-0.00254946
0.0012292
0.00173787
-0.0019837
0.00625093
0.00243456
-0.00173786
0.00533719
0.0015905
-0.000818769
0.00164537
0.00057749
-0.0003058
5.29147e-05
-4.94966e-09
-8.74214e-05
-0.00296457
-0.000577497
-8.74185e-05
-0.00296455
-0.00159051
-0.000305805
5.29268e-05
-0.00243456
-0.000818775
0.00164539
-0.00173787
-0.00173786
0.00533718
-0.0019837
0.00625088
0.00198369
0.00981008
0.00254945
0.00625085
0.0014798
0.00122918
0.000465973
-0.000522017
-2.97787e-11
-0.00216047
-0.000465973
-0.00216046
-0.00147981
-0.00052201
-0.00254946
0.0012292
-0.0019837
0.00625088
0.00980999
0.00169053
0.00169053
0.00642907
0.00202829
0.00135055
0.00456258
0.00115413
0.000561122
0.00154223
0.00039257
0.000282597
-4.30519e-05
-3.12584e-09
7.68479e-05
-0.00184476
-0.000392568
7.68497e-05
-0.00184475
-0.00115413
0.000282601
-4.30486e-05
-0.0020283
0.000561128
0.00154225
-0.00169052
0.00135056
0.0045626
0.00169052
0.00642904
0.00135055
0.00202829
0.00456258
0.00187199
0.00187199
0.00429432
0.00122581
0.000916538
0.00193614
0.000486026
0.000587541
0.000487754
-5.28949e-09
0.000206379
-0.0026081
-0.000486033
0.000206382
-0.00260808
-0.00122581
0.000587543
0.000487762
-0.00187199
0.000916542
0.00193615
-0.00135054
0.00187199
0.00429431
0.00202828
0.00456255
0.000561121
0.00115413
0.00154223
0.000916538
0.00122581
0.00193614
0.000774483
0.000774481
0.00110074
0.000435481
0.000629374
-3.38033e-06
-2.25457e-09
0.000259389
-0.003235
-0.000435486
0.000259391
-0.003235
-0.000774485
0.000629373
-3.37639e-06
-0.000916535
0.00077448
0.00110074
-0.000561116
0.0012258
0.00193614
0.00115412
0.00154222
0.000282596
0.00039257
-4.30524e-05
0.000587541
0.000486023
0.000487753
0.000629374
0.000435479
-3.38136e-06
0.00045147
0.00045147
-0.0011008
-5.34787e-10
0.000257779
-0.00377691
-0.000451471
0.00025778
-0.00377692
-0.000629373
0.000451469
-0.0011008
-0.000587539
0.000435477
-3.38041e-06
-0.000282593
0.000486019
0.000487753
0.000392564
-4.30525e-05
7.68459e-05
-4.3594e-09
-0.00184476
0.00020638
-7.65447e-09
-0.00260809
0.00025939
-3.07028e-09
-0.003235
0.00025778
-6.10447e-10
-0.00377691
-2.15485e-10
-1.54738e-10
-0.00475834
-0.000257781
-1.28937e-10
-0.00475834
-0.000259394
-4.59276e-10
-0.00377691
-0.000206385
-2.78698e-09
-0.003235
-7.68421e-05
-6.93422e-09
-0.00260808
-4.03167e-09
-0.00184475
7.68487e-05
-0.000392565
-0.00184475
0.000206385
-0.000486033
-0.00260807
0.000259394
-0.000435486
-0.003235
0.00025778
-0.000451471
-0.00377692
-1.91213e-10
-0.00025778
-0.00475834
-0.000257781
-0.00025778
-0.00475834
-0.000259397
-0.000451471
-0.00377692
-0.00020639
-0.000435483
-0.003235
-7.68444e-05
-0.000486028
-0.00260805
-0.00039256
-0.00184474
0.000282601
-0.00115413
-4.30484e-05
0.000587543
-0.00122581
0.000487763
0.000629374
-0.000774485
-3.37605e-06
0.00045147
-0.000629373
-0.0011008
-3.81923e-10
-0.000259392
-0.00377691
-0.000451471
-0.000259394
-0.00377692
-0.000629372
-0.000629372
-0.0011008
-0.000587542
-0.000774482
-3.37552e-06
-0.000282599
-0.00122581
0.000487764
-0.00115412
-4.30474e-05
0.000561128
-0.0020283
0.00154225
0.000916542
-0.00187199
0.00193615
0.000774481
-0.000916535
0.00110074
0.000435479
-0.000587539
-3.38054e-06
-1.98189e-09
-0.000206383
-0.003235
-0.000435483
-0.000206386
-0.003235
-0.000774482
-0.000587541
-3.37698e-06
-0.000916537
-0.000916537
0.00110074
-0.000561122
-0.00187198
0.00193615
-0.00202828
0.00154224
0.00135056
-0.00169052
0.0045626
0.00187199
-0.00135054
0.00429431
0.00122581
-0.000561117
0.00193614
0.000486022
-0.000282595
0.000487754
-4.58779e-09
-7.68441e-05
-0.00260808
-0.000486028
-7.68455e-05
-0.00260807
-0.00122581
-0.000282598
0.000487763
-0.00187198
-0.000561122
0.00193615
-0.00135054
-0.00135054
0.0042943
-0.00169051
0.00456256
0.00169052
0.00642903
0.00202828
0.00456255
0.00115412
0.00154222
0.000392564
-4.30519e-05
-2.86438e-09
-0.00184475
-0.000392563
-0.00184474
-0.00115412
-4.30475e-05
-0.00202828
0.00154224
-0.00169051
0.00456256
0.00642897
0.00102261
0.00102261
0.00438385
0.0012833
0.000761625
0.00354027
0.000835397
0.000398598
0.00159153
0.000321768
0.000259567
0.00021101
-1.91656e-09
6.37052e-05
-0.00158669
-0.000321768
6.37042e-05
-0.00158669
-0.000835398
0.000259568
0.000211013
-0.00128329
0.000398601
0.00159154
-0.0010226
0.000761628
0.00354028
0.00102261
0.00438383
0.000761625
0.0012833
0.00354027
0.00118305
0.00118305
0.00345146
0.000897584
0.000703453
0.00191676
0.000405492
0.000535803
0.000703611
-4.06249e-09
0.000174233
-0.00231313
-0.000405497
0.000174235
-0.00231312
-0.000897586
0.000535803
0.000703616
-0.00118305
0.000703455
0.00191676
-0.000761616
0.00118305
0.00345145
0.00128329
0.00354025
0.000398598
0.000835397
0.00159153
0.000703454
0.000897584
0.00191676
0.000648103
0.000648102
0.00121144
0.000395189
0.000574946
0.00021039
-1.19955e-09
0.000229567
-0.00289515
-0.000395192
0.000229569
-0.00289514
-0.000648103
0.000574945
0.000210393
-0.000703451
0.000648101
0.00121144
-0.000398595
0.000897582
0.00191675
0.000835394
0.00159152
0.000259567
0.000321769
0.000211009
0.000535803
0.00040549
0.000703611
0.000574946
0.000395189
0.000210389
0.000425427
0.000425427
-0.000801765
2.31263e-10
0.000244904
-0.00336682
-0.000425426
0.000244904
-0.00336683
-0.000574945
0.000425426
-0.000801766
-0.000535801
0.000395187
0.000210389
-0.000259565
0.000405488
0.000703611
0.000321768
0.000211009
6.37044e-05
-2.34568e-09
-0.00158669
0.000174234
-5.8745e-09
-0.00231313
0.000229567
-1.53067e-09
-0.00289515
0.000244904
3.76664e-10
-0.00336682
-3.35429e-11
1.32144e-11
-0.00426853
-0.000244905
3.87545e-11
-0.00426853
-0.000229568
3.52678e-10
-0.00336682
-0.000174235
-1.27658e-09
-0.00289515
-6.37031e-05
-5.21382e-09
-0.00231311
-1.96329e-09
-0.00158669
6.37029e-05
-0.000321768
-0.00158669
0.000174236
-0.000405498
-0.00231311
0.00022957
-0.000395192
-0.00289514
0.000244905
-0.000425426
-0.00336683
-9.34255e-12
-0.000244904
-0.00426853
-0.000244905
-0.000244904
-0.00426853
-0.000229571
-0.000425425
-0.00336683
-0.000174238
-0.00039519
-0.00289515
-6.37017e-05
-0.000405495
-0.0023131
-0.000321767
-0.00158668
0.000259568
-0.000835397
0.000211012
0.000535803
-0.000897587
0.000703617
0.000574945
-0.000648103
0.000210393
0.000425426
-0.000574945
-0.000801766
1.9784e-10
-0.000229568
-0.00336682
-0.000425425
-0.000229569
-0.00336683
-0.000574944
-0.000574944
-0.000801767
-0.000535801
-0.000648101
0.000210392
-0.000259566
-0.000897583
0.000703617
-0.000835392
0.000211012
0.000398602
-0.00128329
0.00159154
0.000703455
-0.00118305
0.00191676
0.000648101
-0.000703451
0.00121144
0.000395188
-0.000535801
0.000210389
-9.6054e-10
-0.000174235
-0.00289515
-0.00039519
-0.000174236
-0.00289515
-0.000648101
-0.000535801
0.000210391
-0.000703452
-0.000703452
0.00121144
-0.000398598
-0.00118304
0.00191675
-0.00128328
0.00159153
0.000761628
-0.0010226
0.00354028
0.00118305
-0.000761616
0.00345145
0.000897583
-0.000398595
0.00191675
0.00040549
-0.000259565
0.000703611
-3.4012e-09
-6.37039e-05
-0.00231312
-0.000405494
-6.37029e-05
-0.00231311
-0.000897582
-0.000259566
0.000703616
-0.00118305
-0.000398598
0.00191675
-0.000761616
-0.000761616
0.00345144
-0.00102259
0.00354025
0.00102261
0.00438383
0.00128329
0.00354025
0.000835394
0.00159152
0.000321767
0.000211009
-1.5626e-09
-0.00158669
-0.000321767
-0.00158668
-0.000835393
0.000211012
-0.00128328
0.00159153
-0.00102259
0.00354025
0.0043838
0.000558791
0.000558791
0.00326627
0.000814692
0.000461022
0.00282334
0.000619071
0.000316221
0.00147093
0.00026097
0.000232924
0.000336187
-1.65903e-09
5.29686e-05
-0.00137869
-0.000260971
5.29667e-05
-0.00137869
-0.000619072
0.000232923
0.00033619
-0.000814688
0.000316222
0.00147093
-0.000558784
0.000461023
0.00282335
0.00055879
0.00326626
0.000461022
0.000814692
0.00282334
0.000798648
0.000798648
0.0027762
0.000684821
0.00056502
0.00178179
0.000338019
0.000478689
0.000804648
-1.93868e-09
0.000141398
-0.00206354
-0.00033802
0.000141399
-0.00206353
-0.00068482
0.000478689
0.000804652
-0.000798645
0.00056502
0.00178179
-0.000461017
0.000798648
0.0027762
0.000814689
0.00282333
0.000316221
0.000619071
0.00147093
0.00056502
0.000684821
0.00178179
0.000547304
0.000547304
0.00124687
0.000355503
0.000518416
0.000362463
-4.43515e-10
0.000200276
-0.00259852
-0.000355503
0.000200278
-0.00259852
-0.000547303
0.000518416
0.000362465
-0.000565018
0.000547303
0.00124687
-0.000316219
0.000684819
0.00178178
0.000619069
0.00147092
0.000232924
0.000260969
0.000336187
0.000478689
0.000338018
0.000804648
0.000518416
0.000355503
0.000362462
0.000395438
0.000395438
-0.000555808
3.0081e-10
0.000230098
-0.00300121
-0.000395437
0.000230098
-0.00300121
-0.000518416
0.000395438
-0.000555809
-0.000478689
0.000355502
0.000362462
-0.000232922
0.000338014
0.00080465
0.000260966
0.000336189
5.29688e-05
-2.05669e-09
-0.00137869
0.000141399
-2.66838e-09
-0.00206353
0.000200276
-4.48766e-10
-0.00259852
0.000230098
4.21684e-10
-0.00300121
1.74893e-10
2.16232e-10
-0.00380834
-0.000230098
2.84224e-10
-0.00380834
-0.000200277
5.78925e-10
-0.00300121
-0.0001414
-1.85428e-10
-0.00259852
-5.29687e-05
-2.17671e-09
-0.00206353
-1.63439e-09
-0.00137869
5.29658e-05
-0.00026097
-0.00137868
0.0001414
-0.000338019
-0.00206353
0.000200278
-0.000355503
-0.00259852
0.000230098
-0.000395437
-0.00300121
2.43045e-10
-0.000230097
-0.00380834
-0.000230098
-0.000230097
-0.00380834
-0.000200278
-0.000395436
-0.00300121
-0.000141401
-0.000355501
-0.00259852
-5.29659e-05
-0.000338015
-0.00206352
-0.000260967
-0.00137868
0.000232923
-0.000619071
0.000336189
0.000478689
-0.00068482
0.000804652
0.000518416
-0.000547302
0.000362465
0.000395438
-0.000518415
-0.000555809
4.52411e-10
-0.000200276
-0.00300121
-0.000395437
-0.000200277
-0.00300121
-0.000518415
-0.000518415
-0.00055581
-0.000478688
-0.000547301
0.000362464
-0.000232922
-0.000684817
0.000804653
-0.000619067
0.000336191
0.000316222
-0.000814688
0.00147093
0.00056502
-0.000798645
0.00178179
0.000547303
-0.000565018
0.00124687
0.000355502
-0.000478688
0.000362462
-1.97657e-10
-0.000141399
-0.00259852
-0.000355502
-0.0001414
-0.00259852
-0.000547302
-0.000478688
0.000362464
-0.000565018
-0.000565017
0.00124687
-0.00031622
-0.000798642
0.00178178
-0.000814683
0.00147093
0.000461023
-0.000558784
0.00282335
0.000798648
-0.000461017
0.0027762
0.000684819
-0.000316219
0.00178178
0.000338015
-0.000232922
0.000804649
-1.45928e-09
-5.29686e-05
-0.00206353
-0.000338016
-5.29669e-05
-0.00206353
-0.000684817
-0.000232922
0.000804652
-0.000798643
-0.000316219
0.00178178
-0.000461018
-0.000461018
0.00277619
-0.00055878
0.00282333
0.00055879
0.00326626
0.000814689
0.00282333
0.000619069
0.00147092
0.000260967
0.000336188
-1.25323e-09
-0.00137869
-0.000260967
-0.00137868
-0.000619068
0.00033619
-0.000814683
0.00147093
-0.00055878
0.00282333
0.00326624
0.00037141
0.00037141
0.00252345
0.000584752
0.000341789
0.00226821
0.000470669
0.000258892
0.00132612
0.000211341
0.000205399
0.000390116
-8.8799e-10
4.25628e-05
-0.00120991
-0.000211342
4.25619e-05
-0.00120991
-0.000470669
0.000205399
0.000390118
-0.000584751
0.000258892
0.00132612
-0.000371407
0.00034179
0.00226822
0.00037141
0.00252344
0.000341789
0.000584752
0.00226821
0.000595844
0.000595844
0.00226809
0.000537503
0.000462925
0.00163609
0.000281998
0.000423352
0.0008422
-1.3927e-11
0.000112798
-0.00185177
-0.000281996
0.000112799
-0.00185177
-0.0005375
0.000423352
0.000842203
-0.000595842
0.000462925
0.0016361
-0.000341786
0.000595843
0.00226809
0.000584751
0.00226821
0.000258892
0.000470669
0.00132612
0.000462925
0.000537503
0.00163609
0.000465326
0.000465326
0.00124207
0.000319951
0.000463915
0.000467275
1.06733e-10
0.000174221
-0.00233999
-0.00031995
0.000174221
-0.00233999
-0.000465325
0.000463915
0.000467277
-0.000462923
0.000465326
0.00124207
-0.00025889
0.0005375
0.00163609
0.000470668
0.00132612
0.000205399
0.000211341
0.000390116
0.000423352
0.000281998
0.0008422
0.000463915
0.000319951
0.000467275
0.000365901
0.000365901
-0.00035978
2.6138e-10
0.000212378
-0.00267346
-0.0003659
0.000212377
-0.00267346
-0.000463914
0.000365901
-0.000359781
-0.000423352
0.00031995
0.000467275
-0.000205398
0.000281995
0.000842202
0.00021134
0.000390118
4.25626e-05
-9.79191e-10
-0.00120991
0.000112798
1.86807e-10
-0.00185177
0.000174221
2.73372e-10
-0.00233999
0.000212378
3.96336e-10
-0.00267346
2.81211e-10
3.30085e-10
-0.00338358
-0.000212377
3.88636e-10
-0.00338358
-0.00017422
5.78354e-10
-0.00267346
-0.000112799
4.54094e-10
-0.00233999
-4.25621e-05
4.069e-10
-0.00185177
-6.13021e-10
-0.00120991
4.25612e-05
-0.000211342
-0.0012099
0.000112799
-0.000281994
-0.00185177
0.000174221
-0.000319949
-0.00233999
0.000212378
-0.0003659
-0.00267346
3.41096e-10
-0.000212377
-0.00338358
-0.000212377
-0.000212377
-0.00338358
-0.000174221
-0.0003659
-0.00267346
-0.000112799
-0.000319948
-0.00233999
-4.25608e-05
-0.000281991
-0.00185177
-0.00021134
-0.0012099
0.000205398
-0.000470669
0.000390118
0.000423352
-0.000537499
0.000842204
0.000463915
-0.000465324
0.000467277
0.000365901
-0.000463914
-0.000359781
4.38244e-10
-0.00017422
-0.00267346
-0.0003659
-0.00017422
-0.00267346
-0.000463914
-0.000463914
-0.000359782
-0.000423351
-0.000465323
0.000467276
-0.000205397
-0.000537496
0.000842204
-0.000470666
0.00039012
0.000258892
-0.00058475
0.00132612
0.000462925
-0.000595841
0.00163609
0.000465326
-0.000462923
0.00124207
0.00031995
-0.000423351
0.000467275
2.72501e-10
-0.000112798
-0.00233999
-0.000319949
-0.000112799
-0.00233999
-0.000465324
-0.000423351
0.000467276
-0.000462923
-0.000462922
0.00124207
-0.00025889
-0.000595839
0.00163609
-0.000584747
0.00132612
0.00034179
-0.000371407
0.00226821
0.000595843
-0.000341786
0.00226809
0.0005375
-0.00025889
0.00163609
0.000281995
-0.000205398
0.000842201
1.90533e-10
-4.25623e-05
-0.00185177
-0.000281993
-4.25615e-05
-0.00185177
-0.000537497
-0.000205398
0.000842203
-0.00059584
-0.00025889
0.00163609
-0.000341786
-0.000341786
0.00226809
-0.000371405
0.0022682
0.00037141
0.00252344
0.000584751
0.00226821
0.000470668
0.00132612
0.000211341
0.000390117
-5.32951e-10
-0.00120991
-0.000211341
-0.0012099
-0.000470667
0.000390119
-0.000584748
0.00132612
-0.000371405
0.0022682
0.00252343
0.000272848
0.000272847
0.00197775
0.000432652
0.000264226
0.00184418
0.000362284
0.000213033
0.00118346
0.000175571
0.000179724
0.000397105
-6.02901e-10
3.69903e-05
-0.00107133
-0.000175571
3.69912e-05
-0.00107133
-0.000362284
0.000179724
0.000397107
-0.000432651
0.000213033
0.00118346
-0.000272846
0.000264226
0.00184418
0.000272847
0.00197775
0.000264226
0.000432652
0.00184418
0.000456573
0.000456573
0.0018834
0.000429344
0.000382775
0.00149358
0.000241473
0.000372283
0.000837512
3.00579e-10
9.26604e-05
-0.00166597
-0.000241472
9.26607e-05
-0.00166597
-0.000429342
0.000372283
0.000837515
-0.000456571
0.000382775
0.00149358
-0.000264224
0.000456572
0.0018834
0.000432651
0.00184418
0.000213033
0.000362284
0.00118346
0.000382775
0.000429344
0.00149358
0.000398991
0.000398992
0.00120964
0.000291602
0.000414164
0.000532783
2.44972e-10
0.000152272
-0.002108
-0.000291601
0.000152272
-0.002108
-0.00039899
0.000414165
0.000532784
-0.000382774
0.000398991
0.00120964
-0.000213032
0.000429342
0.00149358
0.000362283
0.00118345
0.000179724
0.000175571
0.000397105
0.000372283
0.000241473
0.000837512
0.000414164
0.000291602
0.000532783
0.000339221
0.000339221
-0.000209894
2.55975e-10
0.000191479
-0.00237345
-0.000339221
0.000191479
-0.00237345
-0.000414164
0.000339221
-0.000209894
-0.000372283
0.000291602
0.000532783
-0.000179724
0.000241473
0.000837513
0.00017557
0.000397106
3.69902e-05
-6.22096e-10
-0.00107133
9.26605e-05
6.40962e-10
-0.00166597
0.000152272
4.28376e-10
-0.002108
0.000191479
4.18016e-10
-0.00237345
2.45771e-10
2.99584e-10
-0.00300063
-0.000191478
3.51524e-10
-0.00300063
-0.000152272
5.44092e-10
-0.00237345
-9.26606e-05
5.85289e-10
-0.002108
-3.69908e-05
8.51992e-10
-0.00166597
-2.76388e-10
-0.00107133
3.69914e-05
-0.000175571
-0.00107133
9.26608e-05
-0.000241471
-0.00166597
0.000152272
-0.0002916
-0.002108
0.000191479
-0.00033922
-0.00237345
2.99223e-10
-0.000191478
-0.00300063
-0.000191478
-0.000191478
-0.00300063
-0.000152271
-0.00033922
-0.00237345
-9.26608e-05
-0.0002916
-0.002108
-3.69919e-05
-0.00024147
-0.00166597
-0.00017557
-0.00107132
0.000179724
-0.000362284
0.000397107
0.000372283
-0.000429341
0.000837515
0.000414165
-0.00039899
0.000532784
0.000339221
-0.000414164
-0.000209894
3.78659e-10
-0.000152271
-0.00237345
-0.00033922
-0.000152271
-0.00237345
-0.000414164
-0.000414164
-0.000209895
-0.000372283
-0.000398989
0.000532784
-0.000179724
-0.000429339
0.000837515
-0.000362282
0.000397108
0.000213033
-0.000432651
0.00118346
0.000382775
-0.000456571
0.00149358
0.000398991
-0.000382774
0.00120964
0.000291602
-0.000372283
0.000532783
3.92942e-10
-9.26603e-05
-0.002108
-0.000291601
-9.26605e-05
-0.002108
-0.00039899
-0.000372282
0.000532784
-0.000382774
-0.000382773
0.00120964
-0.000213032
-0.000456569
0.00149358
-0.000432649
0.00118345
0.000264226
-0.000272845
0.00184418
0.000456572
-0.000264224
0.0018834
0.000429342
-0.000213032
0.00149358
0.000241472
-0.000179724
0.000837512
4.94404e-10
-3.69909e-05
-0.00166597
-0.000241471
-3.69916e-05
-0.00166597
-0.00042934
-0.000179724
0.000837514
-0.00045657
-0.000213031
0.00149358
-0.000264224
-0.000264224
0.0018834
-0.000272844
0.00184418
0.000272847
0.00197775
0.000432651
0.00184418
0.000362283
0.00118345
0.00017557
0.000397106
-2.67078e-10
-0.00107133
-0.00017557
-0.00107132
-0.000362282
0.000397107
-0.000432649
0.00118345
-0.000272845
0.00184418
0.00197774
0.000201622
0.000201622
0.00157451
0.000321397
0.000206163
0.00151825
0.000284055
0.000177128
0.00104367
0.000149985
0.000156295
0.000374881
-3.37854e-10
3.46067e-05
-0.000955951
-0.000149985
3.46075e-05
-0.000955949
-0.000284055
0.000156295
0.000374883
-0.000321396
0.000177128
0.00104367
-0.000201621
0.000206163
0.00151825
0.000201622
0.0015745
0.000206163
0.000321397
0.00151825
0.000356405
0.000356405
0.00158292
0.000352115
0.000320221
0.00135478
0.000214407
0.000327682
0.000803833
8.63986e-11
7.94352e-05
-0.00149639
-0.000214407
7.94354e-05
-0.00149639
-0.000352114
0.000327682
0.000803835
-0.000356404
0.000320221
0.00135478
-0.000206162
0.000356404
0.00158292
0.000321396
0.00151824
0.000177128
0.000284055
0.00104367
0.000320221
0.000352115
0.00135478
0.000346435
0.000346435
0.00115721
0.000269661
0.000371242
0.000565997
1.40707e-10
0.000134454
-0.00189336
-0.000269661
0.000134454
-0.00189336
-0.000346434
0.000371242
0.000565998
-0.00032022
0.000346435
0.00115721
-0.000177127
0.000352115
0.00135478
0.000284054
0.00104367
0.000156295
0.000149985
0.000374881
0.000327682
0.000214407
0.000803833
0.000371242
0.000269661
0.000565997
0.000316704
0.000316704
-0.000100819
1.67468e-10
0.000170849
-0.00209314
-0.000316704
0.000170849
-0.00209314
-0.000371241
0.000316704
-0.000100819
-0.000327682
0.000269662
0.000565997
-0.000156295
0.000214407
0.000803833
0.000149984
0.000374882
3.46067e-05
-2.88444e-10
-0.000955951
7.94353e-05
2.49989e-10
-0.00149639
0.000134454
2.25192e-10
-0.00189336
0.00017085
3.13553e-10
-0.00209314
1.69591e-10
2.40885e-10
-0.00265893
-0.000170849
2.981e-10
-0.00265893
-0.000134454
4.29617e-10
-0.00209314
-7.94353e-05
3.852e-10
-0.00189336
-3.46072e-05
4.79818e-10
-0.00149639
2.46704e-11
-0.00095595
3.46078e-05
-0.000149985
-0.000955949
7.94354e-05
-0.000214407
-0.00149639
0.000134454
-0.000269661
-0.00189336
0.000170849
-0.000316704
-0.00209314
2.27003e-10
-0.000170849
-0.00265893
-0.000170849
-0.000170849
-0.00265893
-0.000134454
-0.000316704
-0.00209314
-7.94354e-05
-0.000269661
-0.00189336
-3.46082e-05
-0.000214406
-0.00149639
-0.000149984
-0.000955948
0.000156295
-0.000284055
0.000374883
0.000327682
-0.000352114
0.000803835
0.000371242
-0.000346434
0.000565997
0.000316704
-0.000371241
-0.000100819
2.81271e-10
-0.000134454
-0.00209314
-0.000316704
-0.000134454
-0.00209314
-0.000371241
-0.000371241
-0.00010082
-0.000327682
-0.000346434
0.000565997
-0.000156295
-0.000352113
0.000803834
-0.000284053
0.000374883
0.000177128
-0.000321396
0.00104367
0.000320221
-0.000356403
0.00135478
0.000346435
-0.00032022
0.00115721
0.000269662
-0.000327681
0.000565997
2.95969e-10
-7.94351e-05
-0.00189336
-0.000269661
-7.94353e-05
-0.00189336
-0.000346434
-0.000327681
0.000565997
-0.00032022
-0.000320219
0.00115721
-0.000177127
-0.000356402
0.00135478
-0.000321394
0.00104367
0.000206163
-0.000201621
0.00151824
0.000356404
-0.000206162
0.00158292
0.000352115
-0.000177127
0.00135478
0.000214407
-0.000156295
0.000803833
3.09925e-10
-3.46073e-05
-0.00149639
-0.000214407
-3.4608e-05
-0.00149639
-0.000352113
-0.000156295
0.000803834
-0.000356403
-0.000177127
0.00135478
-0.000206161
-0.000206161
0.00158291
-0.00020162
0.00151824
0.000201622
0.0015745
0.000321396
0.00151824
0.000284054
0.00104367
0.000149984
0.000374881
-2.40974e-11
-0.00095595
-0.000149984
-0.000955949
-0.000284054
0.000374883
-0.000321395
0.00104367
-0.00020162
0.00151824
0.0015745
0.000152183
0.000152183
0.00127014
0.000243727
0.000164547
0.00126215
0.000227891
0.000149162
0.000910344
0.000130128
0.000134894
0.000337751
-2.44496e-10
3.03381e-05
-0.000856161
-0.000130128
3.03384e-05
-0.00085616
-0.00022789
0.000134894
0.000337752
-0.000243727
0.000149162
0.000910345
-0.000152182
0.000164547
0.00126215
0.000152182
0.00127014
0.000164547
0.000243727
0.00126215
0.000284834
0.000284834
0.00134234
0.000296207
0.000271721
0.00122085
0.000192016
0.000289076
0.000753841
-1.66752e-10
7.11851e-05
-0.00134522
-0.000192016
7.11855e-05
-0.00134522
-0.000296206
0.000289077
0.000753843
-0.000284833
0.000271721
0.00122085
-0.000164546
0.000284834
0.00134234
0.000243727
0.00126215
0.000149162
0.000227891
0.000910344
0.00027172
0.000296207
0.00122085
0.000304528
0.000304528
0.00109159
0.000252026
0.000334259
0.000573316
7.25801e-11
0.000120164
-0.00169031
-0.000252026
0.000120164
-0.00169031
-0.000304528
0.00033426
0.000573317
-0.00027172
0.000304529
0.00109159
-0.000149162
0.000296206
0.00122085
0.00022789
0.000910343
0.000134894
0.000130128
0.000337751
0.000289076
0.000192016
0.000753841
0.000334259
0.000252026
0.000573316
0.000297481
0.000297481
-2.72615e-05
1.00657e-10
0.000154756
-0.00183025
-0.000297481
0.000154756
-0.00183025
-0.000334259
0.000297481
-2.72619e-05
-0.000289076
0.000252026
0.000573317
-0.000134894
0.000192016
0.000753841
0.000130127
0.000337751
3.03381e-05
-2.02511e-10
-0.000856161
7.11851e-05
-1.83365e-10
-0.00134522
0.000120164
1.13882e-10
-0.00169031
0.000154756
2.49498e-10
-0.00183025
1.09295e-10
1.79831e-10
-0.00234942
-0.000154756
2.33073e-10
-0.00234942
-0.000120164
3.56489e-10
-0.00183025
-7.11854e-05
2.66452e-10
-0.00169031
-3.03379e-05
5.32143e-11
-0.00134522
5.91061e-11
-0.000856161
3.03384e-05
-0.000130128
-0.00085616
7.11856e-05
-0.000192016
-0.00134522
0.000120164
-0.000252025
-0.00169031
0.000154756
-0.000297481
-0.00183025
1.62277e-10
-0.000154756
-0.00234942
-0.000154756
-0.000154756
-0.00234942
-0.000120164
-0.000297481
-0.00183025
-7.11857e-05
-0.000252026
-0.00169031
-3.03381e-05
-0.000192015
-0.00134522
-0.000130127
-0.00085616
0.000134894
-0.00022789
0.000337752
0.000289077
-0.000296206
0.000753843
0.00033426
-0.000304528
0.000573317
0.000297481
-0.000334259
-2.72621e-05
2.06031e-10
-0.000120164
-0.00183025
-0.000297481
-0.000120164
-0.00183025
-0.000334259
-0.000334259
-2.72629e-05
-0.000289076
-0.000304528
0.000573316
-0.000134894
-0.000296205
0.000753842
-0.000227889
0.000337751
0.000149162
-0.000243727
0.000910344
0.000271721
-0.000284833
0.00122085
0.000304529
-0.00027172
0.00109159
0.000252026
-0.000289076
0.000573316
2.22603e-10
-7.11852e-05
-0.00169031
-0.000252026
-7.11855e-05
-0.00169031
-0.000304528
-0.000289076
0.000573316
-0.00027172
-0.00027172
0.00109159
-0.000149162
-0.000284832
0.00122085
-0.000243726
0.000910343
0.000164547
-0.000152182
0.00126215
0.000284834
-0.000164546
0.00134234
0.000296206
-0.000149162
0.00122085
0.000192016
-0.000134894
0.000753841
6.87796e-11
-3.03379e-05
-0.00134522
-0.000192015
-3.03381e-05
-0.00134522
-0.000296206
-0.000134894
0.000753842
-0.000284833
-0.000149162
0.00122085
-0.000164546
-0.000164546
0.00134234
-0.000152181
0.00126215
0.000152182
0.00127014
0.000243727
0.00126215
0.00022789
0.000910343
0.000130127
0.00033775
2.41289e-11
-0.000856161
-0.000130127
-0.00085616
-0.000227889
0.000337751
-0.000243726
0.000910343
-0.000152181
0.00126215
0.00127014
0.000118216
0.000118216
0.00103371
0.000189802
0.000134228
0.00105634
0.000187405
0.000126698
0.000786042
0.000115086
0.000116085
0.000293985
-1.6304e-10
2.3256e-05
-0.000764332
-0.000115086
2.32561e-05
-0.000764331
-0.000187405
0.000116085
0.000293986
-0.000189801
0.000126698
0.000786042
-0.000118216
0.000134228
0.00105634
0.000118216
0.00103371
0.000134228
0.000189802
0.00105634
0.000232446
0.000232446
0.00114591
0.000252932
0.000234008
0.00109305
0.000169915
0.000254926
0.000698019
-1.28974e-10
6.41292e-05
-0.00121618
-0.000169915
6.41295e-05
-0.00121618
-0.000252932
0.000254926
0.000698019
-0.000232446
0.000234008
0.00109305
-0.000134228
0.000232446
0.00114591
0.000189801
0.00105634
0.000126698
0.000187405
0.000786042
0.000234008
0.000252932
0.00109305
0.000271209
0.000271209
0.00101719
0.000237761
0.00030147
0.000560221
2.76333e-11
0.000105628
-0.00149405
-0.000237761
0.000105628
-0.00149405
-0.000271209
0.00030147
0.000560221
-0.000234007
0.000271209
0.00101719
-0.000126698
0.000252932
0.00109305
0.000187405
0.000786041
0.000116085
0.000115086
0.000293985
0.000254926
0.000169915
0.000698019
0.00030147
0.000237761
0.000560221
0.000277807
0.000277807
2.00635e-05
6.84129e-11
0.000142426
-0.00158924
-0.000277807
0.000142426
-0.00158924
-0.00030147
0.000277807
2.00632e-05
-0.000254926
0.000237761
0.000560221
-0.000116085
0.000169914
0.000698019
0.000115085
0.000293985
2.32561e-05
-1.22935e-10
-0.000764332
6.41292e-05
-1.52318e-10
-0.00121618
0.000105628
5.60838e-11
-0.00149405
0.000142426
2.18555e-10
-0.00158924
7.03724e-11
1.29817e-10
-0.00206456
-0.000142426
1.78458e-10
-0.00206456
-0.000105628
3.19347e-10
-0.00158924
-6.41293e-05
1.9619e-10
-0.00149405
-2.32556e-05
5.50367e-11
-0.00121618
9.76959e-11
-0.000764331
2.32561e-05
-0.000115085
-0.000764331
6.41295e-05
-0.000169915
-0.00121618
0.000105628
-0.000237761
-0.00149405
0.000142426
-0.000277807
-0.00158924
1.18489e-10
-0.000142426
-0.00206456
-0.000142426
-0.000142426
-0.00206456
-0.000105628
-0.000277807
-0.00158924
-6.41295e-05
-0.000237761
-0.00149405
-2.32556e-05
-0.000169914
-0.00121618
-0.000115085
-0.00076433
0.000116085
-0.000187405
0.000293986
0.000254926
-0.000252932
0.000698019
0.00030147
-0.000271209
0.000560221
0.000277807
-0.000301469
2.0063e-05
1.68046e-10
-0.000105628
-0.00158924
-0.000277807
-0.000105628
-0.00158924
-0.00030147
-0.00030147
2.00624e-05
-0.000254926
-0.000271209
0.00056022
-0.000116085
-0.000252931
0.000698019
-0.000187404
0.000293985
0.000126698
-0.000189801
0.000786042
0.000234008
-0.000232446
0.00109305
0.000271209
-0.000234007
0.00101719
0.000237761
-0.000254926
0.000560221
1.66985e-10
-6.41292e-05
-0.00149405
-0.000237761
-6.41295e-05
-0.00149405
-0.000271209
-0.000254926
0.00056022
-0.000234007
-0.000234007
0.00101719
-0.000126698
-0.000232445
0.00109305
-0.0001898
0.000786041
0.000134228
-0.000118216
0.00105634
0.000232446
-0.000134228
0.00114591
0.000252932
-0.000126698
0.00109305
0.000169914
-0.000116085
0.000698018
7.6383e-11
-2.32556e-05
-0.00121618
-0.000169914
-2.32557e-05
-0.00121618
-0.000252932
-0.000116085
0.000698019
-0.000232445
-0.000126698
0.00109305
-0.000134228
-0.000134228
0.00114591
-0.000118215
0.00105634
0.000118216
0.00103371
0.000189801
0.00105634
0.000187405
0.000786041
0.000115085
0.000293985
6.06443e-11
-0.000764331
-0.000115085
-0.00076433
-0.000187405
0.000293985
-0.0001898
0.000786041
-0.000118215
0.00105634
0.0010337
9.40224e-05
9.40224e-05
0.000845664
0.000151693
0.000111622
0.000887047
0.000158164
0.000108059
0.000671512
0.000104511
0.000100361
0.000247276
-1.30355e-10
1.66401e-05
-0.000676461
-0.000104511
1.66402e-05
-0.00067646
-0.000158164
0.000100362
0.000247277
-0.000151693
0.000108059
0.000671512
-9.40221e-05
0.000111622
0.000887047
9.40224e-05
0.000845664
0.000111622
0.000151693
0.000887047
0.00019343
0.00019343
0.000982292
0.000218132
0.00020365
0.000972759
0.000152207
0.000223865
0.00064044
-5.28919e-11
5.48898e-05
-0.00110222
-0.000152207
5.48899e-05
-0.00110222
-0.000218132
0.000223865
0.000640441
-0.00019343
0.00020365
0.000972759
-0.000111622
0.00019343
0.000982292
0.000151693
0.000887046
0.000108059
0.000158164
0.000671512
0.00020365
0.000218132
0.000972759
0.000244453
0.000244453
0.000935585
0.000223831
0.000272124
0.000532584
-7.47025e-12
9.19848e-05
-0.00130732
-0.00022383
9.19849e-05
-0.00130732
-0.000244452
0.000272124
0.000532584
-0.00020365
0.000244453
0.000935585
-0.000108059
0.000218132
0.000972759
0.000158164
0.000671512
0.000100361
0.000104511
0.000247276
0.000223865
0.000152207
0.00064044
0.000272124
0.000223831
0.000532584
0.000256713
0.000256713
5.08843e-05
4.7025e-11
0.000133077
-0.00137362
-0.000256713
0.000133078
-0.00137362
-0.000272124
0.000256713
5.08842e-05
-0.000223865
0.000223831
0.000532584
-0.000100361
0.000152207
0.00064044
0.000104511
0.000247276
1.66402e-05
-1.00663e-10
-0.000676461
5.48898e-05
-6.4601e-11
-0.00110222
9.19849e-05
1.38007e-11
-0.00130732
0.000133077
2.02656e-10
-0.00137362
5.09493e-11
9.44731e-11
-0.00179841
-0.000133077
1.37882e-10
-0.00179841
-9.19848e-05
2.89553e-10
-0.00137362
-5.48898e-05
1.41246e-10
-0.00130732
-1.664e-05
9.70378e-11
-0.00110222
8.98546e-11
-0.00067646
1.66402e-05
-0.000104511
-0.00067646
5.48899e-05
-0.000152207
-0.00110222
9.19849e-05
-0.00022383
-0.00130732
0.000133078
-0.000256713
-0.00137362
9.38531e-11
-0.000133077
-0.00179841
-0.000133077
-0.000133077
-0.00179841
-9.19847e-05
-0.000256713
-0.00137362
-5.48898e-05
-0.00022383
-0.00130732
-1.664e-05
-0.000152206
-0.00110222
-0.000104511
-0.000676459
0.000100362
-0.000158163
0.000247277
0.000223865
-0.000218132
0.00064044
0.000272124
-0.000244452
0.000532584
0.000256713
-0.000272123
5.0884e-05
1.32889e-10
-9.19847e-05
-0.00137362
-0.000256713
-9.19847e-05
-0.00137362
-0.000272124
-0.000272123
5.08836e-05
-0.000223865
-0.000244452
0.000532584
-0.000100361
-0.000218131
0.00064044
-0.000158163
0.000247276
0.000108059
-0.000151693
0.000671512
0.00020365
-0.00019343
0.000972759
0.000244453
-0.00020365
0.000935585
0.000223831
-0.000223865
0.000532584
1.16836e-10
-5.48897e-05
-0.00130732
-0.00022383
-5.48898e-05
-0.00130732
-0.000244452
-0.000223865
0.000532584
-0.00020365
-0.00020365
0.000935585
-0.000108059
-0.000193429
0.000972758
-0.000151692
0.000671511
0.000111622
-9.40221e-05
0.000887046
0.00019343
-0.000111622
0.000982291
0.000218132
-0.000108059
0.000972758
0.000152207
-0.000100361
0.00064044
1.08941e-10
-1.664e-05
-0.00110222
-0.000152207
-1.664e-05
-0.00110222
-0.000218131
-0.000100361
0.00064044
-0.000193429
-0.000108059
0.000972758
-0.000111622
-0.000111622
0.00098229
-9.40218e-05
0.000887044
9.40224e-05
0.000845663
0.000151693
0.000887046
0.000158164
0.000671511
0.000104511
0.000247276
6.22489e-11
-0.00067646
-0.000104511
-0.000676459
-0.000158163
0.000247276
-0.000151692
0.000671511
-9.40219e-05
0.000887044
0.000845661
7.62769e-05
7.62769e-05
0.00069311
0.000124345
9.44389e-05
0.00074454
0.000136683
9.2356e-05
0.000566818
9.74032e-05
8.72077e-05
0.000199348
-1.06047e-10
1.24018e-05
-0.000591459
-9.74032e-05
1.24018e-05
-0.000591459
-0.000136683
8.72077e-05
0.000199349
-0.000124345
9.2356e-05
0.000566818
-7.62767e-05
9.44388e-05
0.00074454
7.62769e-05
0.00069311
9.44389e-05
0.000124345
0.00074454
0.000164304
0.000164304
0.000842562
0.000191357
0.000177947
0.000860115
0.000141852
0.000196952
0.0005802
-3.14398e-11
4.53323e-05
-0.000993303
-0.000141852
4.53323e-05
-0.000993303
-0.000191356
0.000196952
0.0005802
-0.000164304
0.000177947
0.000860115
-9.44387e-05
0.000164304
0.000842561
0.000124345
0.00074454
9.2356e-05
0.000136683
0.000566818
0.000177947
0.000191357
0.000860115
0.000222267
0.000222267
0.000846946
0.000208231
0.000248598
0.000494974
-3.18237e-11
8.38079e-05
-0.00113756
-0.000208231
8.38079e-05
-0.00113756
-0.000222267
0.000248598
0.000494974
-0.000177947
0.000222267
0.000846946
-9.23559e-05
0.000191357
0.000860115
0.000136683
0.000566818
8.72077e-05
9.74032e-05
0.000199348
0.000196952
0.000141852
0.0005802
0.000248598
0.000208231
0.000494974
0.00023718
0.000237181
7.37197e-05
2.17757e-11
0.000125729
-0.00117836
-0.00023718
0.000125729
-0.00117836
-0.000248598
0.000237181
7.37196e-05
-0.000196952
0.000208231
0.000494974
-8.72075e-05
0.000141852
0.0005802
9.74032e-05
0.000199348
1.24018e-05
-8.11299e-11
-0.000591459
4.53324e-05
-5.45093e-11
-0.000993303
8.38079e-05
2.34645e-12
-0.00113756
0.000125729
1.82817e-10
-0.00117836
3.88938e-11
6.53396e-11
-0.00154695
-0.000125729
1.04079e-10
-0.00154695
-8.38078e-05
2.61175e-10
-0.00117836
-4.53322e-05
1.15682e-10
-0.00113756
-1.24018e-05
8.46753e-11
-0.000993303
8.00043e-11
-0.000591458
1.24018e-05
-9.74031e-05
-0.000591458
4.53323e-05
-0.000141852
-0.000993303
8.38079e-05
-0.000208231
-0.00113756
0.000125729
-0.00023718
-0.00117836
7.72152e-11
-0.000125729
-0.00154695
-0.000125729
-0.000125729
-0.00154695
-8.38077e-05
-0.00023718
-0.00117836
-4.53321e-05
-0.000208231
-0.00113756
-1.24017e-05
-0.000141852
-0.000993303
-9.74028e-05
-0.000591458
8.72077e-05
-0.000136683
0.000199349
0.000196952
-0.000191356
0.0005802
0.000248598
-0.000222267
0.000494974
0.00023718
-0.000248598
7.37194e-05
9.86561e-11
-8.38077e-05
-0.00117836
-0.00023718
-8.38077e-05
-0.00117836
-0.000248598
-0.000248598
7.3719e-05
-0.000196952
-0.000222267
0.000494974
-8.72075e-05
-0.000191356
0.0005802
-0.000136682
0.000199348
9.2356e-05
-0.000124344
0.000566818
0.000177947
-0.000164304
0.000860115
0.000222267
-0.000177947
0.000846946
0.000208231
-0.000196952
0.000494974
8.20628e-11
-4.53321e-05
-0.00113756
-0.000208231
-4.53321e-05
-0.00113756
-0.000222267
-0.000196952
0.000494974
-0.000177947
-0.000177947
0.000846945
-9.23558e-05
-0.000164303
0.000860114
-0.000124344
0.000566817
9.44388e-05
-7.62767e-05
0.00074454
0.000164304
-9.44386e-05
0.000842561
0.000191357
-9.23559e-05
0.000860115
0.000141852
-8.72075e-05
0.0005802
1.05874e-10
-1.24018e-05
-0.000993303
-0.000141852
-1.24017e-05
-0.000993303
-0.000191356
-8.72075e-05
0.0005802
-0.000164303
-9.23558e-05
0.000860114
-9.44385e-05
-9.44385e-05
0.00084256
-7.62765e-05
0.000744538
7.62769e-05
0.00069311
0.000124345
0.000744539
0.000136683
0.000566817
9.74032e-05
0.000199348
5.6302e-11
-0.000591459
-9.74029e-05
-0.000591458
-0.000136682
0.000199348
-0.000124344
0.000566817
-7.62765e-05
0.000744538
0.000693108
6.30791e-05
6.30791e-05
0.000566952
0.000104401
8.10499e-05
0.000622168
0.000120788
7.91624e-05
0.000471269
9.3408e-05
7.58101e-05
0.000150918
-8.9231e-11
1.18335e-05
-0.000509885
-9.3408e-05
1.18335e-05
-0.000509884
-0.000120788
7.58102e-05
0.000150918
-0.000104401
7.91624e-05
0.000471269
-6.3079e-05
8.10499e-05
0.000622168
6.30791e-05
0.000566952
8.10499e-05
0.000104401
0.000622168
0.000142567
0.000142567
0.000719527
0.000172249
0.00015613
0.000753466
0.00013727
0.000176301
0.000514687
-3.1388e-11
3.93923e-05
-0.000883592
-0.00013727
3.93923e-05
-0.000883592
-0.000172249
0.000176301
0.000514688
-0.000142567
0.00015613
0.000753466
-8.10498e-05
0.000142567
0.000719527
0.000104401
0.000622168
7.91624e-05
0.000120788
0.000471269
0.00015613
0.000172249
0.000753466
0.000202699
0.000202699
0.000753807
0.000191607
0.000232161
0.000450207
-4.04653e-11
7.89624e-05
-0.000985524
-0.000191607
7.89625e-05
-0.000985524
-0.000202699
0.000232161
0.000450207
-0.00015613
0.000202699
0.000753807
-7.91623e-05
0.000172249
0.000753466
0.000120788
0.000471269
7.58101e-05
9.3408e-05
0.000150918
0.000176301
0.00013727
0.000514687
0.000232161
0.000191607
0.000450207
0.000220543
0.000220543
9.69548e-05
2.55976e-11
0.000118398
-0.000997255
-0.000220543
0.000118398
-0.000997255
-0.000232161
0.000220543
9.69546e-05
-0.000176301
0.000191607
0.000450207
-7.581e-05
0.00013727
0.000514687
9.34079e-05
0.000150918
1.18336e-05
-6.7921e-11
-0.000509885
3.93923e-05
-6.75061e-11
-0.000883592
7.89625e-05
1.16266e-11
-0.000985524
0.000118398
1.8697e-10
-0.000997255
3.27336e-11
4.52405e-11
-0.00131016
-0.000118398
7.87938e-11
-0.00131016
-7.89624e-05
2.5256e-10
-0.000997255
-3.93922e-05
1.11062e-10
-0.000985524
-1.18336e-05
4.77472e-11
-0.000883592
6.59031e-11
-0.000509884
1.18335e-05
-9.34079e-05
-0.000509884
3.93922e-05
-0.00013727
-0.000883592
7.89625e-05
-0.000191607
-0.000985524
0.000118398
-0.000220543
-0.000997255
6.57641e-11
-0.000118398
-0.00131016
-0.000118397
-0.000118398
-0.00131016
-7.89623e-05
-0.000220543
-0.000997255
-3.93921e-05
-0.000191606
-0.000985524
-1.18335e-05
-0.00013727
-0.000883592
-9.34076e-05
-0.000509884
7.58102e-05
-0.000120788
0.000150918
0.000176301
-0.000172248
0.000514688
0.000232161
-0.000202699
0.000450207
0.000220543
-0.000232161
9.69544e-05
8.93141e-11
-7.89624e-05
-0.000997255
-0.000220543
-7.89624e-05
-0.000997255
-0.000232161
-0.00023216
9.6954e-05
-0.000176301
-0.000202699
0.000450207
-7.581e-05
-0.000172248
0.000514687
-0.000120787
0.000150918
7.91624e-05
-0.000104401
0.000471269
0.00015613
-0.000142567
0.000753466
0.000202699
-0.00015613
0.000753807
0.000191607
-0.000176301
0.000450207
5.94266e-11
-3.93922e-05
-0.000985524
-0.000191607
-3.93921e-05
-0.000985524
-0.000202699
-0.000176301
0.000450207
-0.00015613
-0.00015613
0.000753806
-7.91623e-05
-0.000142567
0.000753466
-0.000104401
0.000471268
8.10499e-05
-6.30789e-05
0.000622168
0.000142567
-8.10497e-05
0.000719526
0.000172249
-7.91623e-05
0.000753466
0.00013727
-7.581e-05
0.000514687
8.39904e-11
-1.18336e-05
-0.000883592
-0.00013727
-1.18335e-05
-0.000883592
-0.000172248
-7.581e-05
0.000514687
-0.000142567
-7.91622e-05
0.000753465
-8.10497e-05
-8.10496e-05
0.000719526
-6.30788e-05
0.000622167
6.30791e-05
0.000566952
0.000104401
0.000622168
0.000120788
0.000471268
9.34079e-05
0.000150918
4.53285e-11
-0.000509884
-9.34077e-05
-0.000509884
-0.000120788
0.000150918
-0.000104401
0.000471268
-6.30789e-05
0.000622167
0.00056695
5.30316e-05
5.30316e-05
0.000460889
8.9429e-05
7.00671e-05
0.000515704
0.000108594
6.81833e-05
0.00038392
9.13573e-05
6.48167e-05
0.000103338
-6.92694e-11
1.96504e-05
-0.000438178
-9.13573e-05
1.96503e-05
-0.000438177
-0.000108594
6.48167e-05
0.000103338
-8.94289e-05
6.81833e-05
0.000383921
-5.30315e-05
7.00671e-05
0.000515704
5.30316e-05
0.000460889
7.00671e-05
8.9429e-05
0.000515704
0.00012549
0.00012549
0.000608682
0.000158358
0.00013804
0.000650741
0.000135905
0.000158175
0.000443781
-2.59692e-11
4.06201e-05
-0.000768656
-0.000135905
4.06201e-05
-0.000768656
-0.000158357
0.000158175
0.000443782
-0.00012549
0.00013804
0.000650741
-7.0067e-05
0.00012549
0.000608682
8.9429e-05
0.000515703
6.81833e-05
0.000108594
0.00038392
0.00013804
0.000158358
0.000650741
0.00018473
0.00018473
0.000660427
0.000175679
0.000214764
0.000402669
-2.64462e-11
7.54294e-05
-0.000844655
-0.000175679
7.54295e-05
-0.000844655
-0.00018473
0.000214764
0.000402669
-0.00013804
0.00018473
0.000660428
-6.81832e-05
0.000158357
0.000650741
0.000108594
0.00038392
6.48167e-05
9.13573e-05
0.000103338
0.000158175
0.000135905
0.000443781
0.000214764
0.000175679
0.000402669
0.000203941
0.000203941
0.000118601
4.59903e-11
0.000110069
-0.000827954
-0.000203941
0.000110069
-0.000827954
-0.000214764
0.000203941
0.0001186
-0.000158175
0.000175679
0.000402669
-6.48166e-05
0.000135905
0.000443782
9.13573e-05
0.000103338
1.96504e-05
-4.99522e-11
-0.000438178
4.06202e-05
-6.12442e-11
-0.000768656
7.54295e-05
4.42331e-11
-0.000844654
0.000110069
2.00137e-10
-0.000827953
2.74763e-11
3.16893e-11
-0.00109002
-0.000110069
6.0027e-11
-0.00109002
-7.54294e-05
2.56843e-10
-0.000827954
-4.06201e-05
1.27602e-10
-0.000844654
-1.96505e-05
3.31905e-11
-0.000768656
5.9126e-11
-0.000438177
1.96503e-05
-9.13573e-05
-0.000438177
4.062e-05
-0.000135905
-0.000768656
7.54295e-05
-0.000175679
-0.000844655
0.000110069
-0.000203941
-0.000827954
5.53332e-11
-0.000110069
-0.00109002
-0.000110069
-0.000110069
-0.00109002
-7.54294e-05
-0.000203941
-0.000827954
-4.062e-05
-0.000175679
-0.000844655
-1.96504e-05
-0.000135905
-0.000768656
-9.1357e-05
-0.000438177
6.48167e-05
-0.000108594
0.000103338
0.000158175
-0.000158357
0.000443782
0.000214764
-0.00018473
0.000402669
0.000203941
-0.000214764
0.0001186
1.00639e-10
-7.54294e-05
-0.000827954
-0.000203941
-7.54294e-05
-0.000827954
-0.000214764
-0.000214764
0.0001186
-0.000158175
-0.00018473
0.000402668
-6.48166e-05
-0.000158357
0.000443781
-0.000108594
0.000103338
6.81833e-05
-8.94288e-05
0.000383921
0.00013804
-0.00012549
0.000650741
0.00018473
-0.00013804
0.000660427
0.000175679
-0.000158175
0.000402669
5.66982e-11
-4.06201e-05
-0.000844654
-0.000175679
-4.062e-05
-0.000844654
-0.00018473
-0.000158175
0.000402668
-0.00013804
-0.00013804
0.000660427
-6.81832e-05
-0.000125489
0.000650741
-8.94287e-05
0.00038392
7.00671e-05
-5.30315e-05
0.000515703
0.00012549
-7.0067e-05
0.000608681
0.000158357
-6.81832e-05
0.000650741
0.000135905
-6.48166e-05
0.000443781
6.91808e-11
-1.96504e-05
-0.000768656
-0.000135905
-1.96504e-05
-0.000768656
-0.000158357
-6.48166e-05
0.000443781
-0.000125489
-6.81832e-05
0.000650741
-7.00669e-05
-7.00669e-05
0.000608681
-5.30314e-05
0.000515703
5.30316e-05
0.000460889
8.94289e-05
0.000515703
0.000108594
0.00038392
9.13572e-05
0.000103338
4.07251e-11
-0.000438177
-9.13571e-05
-0.000438177
-0.000108594
0.000103338
-8.94287e-05
0.00038392
-5.30315e-05
0.000515703
0.000460888
4.58229e-05
4.58229e-05
0.000369243
7.84415e-05
6.07087e-05
0.000422376
9.93282e-05
5.95575e-05
0.000303476
8.96223e-05
5.45325e-05
5.85115e-05
-4.5768e-11
3.55157e-05
-0.000384071
-8.96223e-05
3.55157e-05
-0.000384071
-9.93282e-05
5.45325e-05
5.85117e-05
-7.84415e-05
5.95575e-05
0.000303477
-4.58228e-05
6.07087e-05
0.000422376
4.58229e-05
0.000369243
6.07087e-05
7.84415e-05
0.000422376
0.000111263
0.000111263
0.000507572
0.000148645
0.000124031
0.000548886
0.000136423
0.000139595
0.000370941
-2.24551e-11
4.84118e-05
-0.000645129
-0.000136423
4.84117e-05
-0.000645129
-0.000148645
0.000139595
0.000370941
-0.000111263
0.000124031
0.000548886
-6.07087e-05
0.000111263
0.000507572
7.84415e-05
0.000422376
5.95575e-05
9.93282e-05
0.000303476
0.000124031
0.000148645
0.000548886
0.000170689
0.000170689
0.000567111
0.000163344
0.000196106
0.000353503
-1.02191e-12
7.27371e-05
-0.000705636
-0.000163344
7.27371e-05
-0.000705636
-0.000170689
0.000196106
0.000353503
-0.000124031
0.000170689
0.000567111
-5.95574e-05
0.000148645
0.000548886
9.93282e-05
0.000303476
5.45325e-05
8.96224e-05
5.85115e-05
0.000139595
0.000136423
0.000370941
0.000196106
0.000163344
0.000353503
0.000189622
0.000189623
0.000131567
6.1718e-11
0.000101576
-0.00066717
-0.000189622
0.000101576
-0.00066717
-0.000196106
0.000189623
0.000131567
-0.000139595
0.000163344
0.000353503
-5.45325e-05
0.000136423
0.000370941
8.96223e-05
5.85117e-05
3.55157e-05
-2.66414e-11
-0.000384071
4.84118e-05
-4.77334e-11
-0.000645129
7.27372e-05
8.48937e-11
-0.000705636
0.000101576
2.0143e-10
-0.00066717
2.59455e-11
2.44134e-11
-0.000886866
-0.000101576
4.69022e-11
-0.000886866
-7.27371e-05
2.48207e-10
-0.00066717
-4.84118e-05
1.5229e-10
-0.000705636
-3.55158e-05
2.92151e-11
-0.000645129
6.16611e-11
-0.000384071
3.55157e-05
-8.96223e-05
-0.000384071
4.84117e-05
-0.000136423
-0.000645129
7.27371e-05
-0.000163343
-0.000705636
0.000101576
-0.000189622
-0.00066717
4.82346e-11
-0.000101576
-0.000886866
-0.000101576
-0.000101576
-0.000886866
-7.2737e-05
-0.000189622
-0.00066717
-4.84117e-05
-0.000163343
-0.000705637
-3.55158e-05
-0.000136423
-0.000645129
-8.96221e-05
-0.000384071
5.45325e-05
-9.93281e-05
5.85115e-05
0.000139595
-0.000148645
0.000370941
0.000196106
-0.000170689
0.000353503
0.000189623
-0.000196106
0.000131567
1.06512e-10
-7.27371e-05
-0.00066717
-0.000189622
-7.27371e-05
-0.00066717
-0.000196106
-0.000196106
0.000131566
-0.000139595
-0.000170689
0.000353503
-5.45325e-05
-0.000148645
0.000370941
-9.9328e-05
5.85114e-05
5.95575e-05
-7.84414e-05
0.000303476
0.000124031
-0.000111263
0.000548886
0.000170689
-0.000124031
0.000567111
0.000163344
-0.000139595
0.000353503
6.59534e-11
-4.84118e-05
-0.000705636
-0.000163343
-4.84117e-05
-0.000705636
-0.000170689
-0.000139595
0.000353503
-0.000124031
-0.000124031
0.000567111
-5.95574e-05
-0.000111263
0.000548886
-7.84413e-05
0.000303476
6.07087e-05
-4.58228e-05
0.000422376
0.000111263
-6.07087e-05
0.000507572
0.000148645
-5.95574e-05
0.000548886
0.000136423
-5.45325e-05
0.000370941
5.58595e-11
-3.55158e-05
-0.000645129
-0.000136423
-3.55158e-05
-0.000645129
-0.000148645
-5.45325e-05
0.000370941
-0.000111263
-5.95573e-05
0.000548886
-6.07086e-05
-6.07086e-05
0.000507572
-4.58227e-05
0.000422375
4.58229e-05
0.000369243
7.84415e-05
0.000422376
9.93282e-05
0.000303476
8.96223e-05
5.85116e-05
4.28867e-11
-0.000384071
-8.96221e-05
-0.000384071
-9.9328e-05
5.85115e-05
-7.84413e-05
0.000303476
-4.58227e-05
0.000422375
0.000369242
4.00554e-05
4.00554e-05
0.000289132
6.9885e-05
5.18905e-05
0.000340656
8.97745e-05
5.28639e-05
0.000230723
8.41137e-05
4.34541e-05
2.07182e-05
-2.47597e-11
5.04791e-05
-0.000350436
-8.41137e-05
5.04791e-05
-0.000350436
-8.97745e-05
4.34542e-05
2.07183e-05
-6.9885e-05
5.28639e-05
0.000230723
-4.00553e-05
5.18905e-05
0.000340656
4.00554e-05
0.000289132
5.18905e-05
6.9885e-05
0.000340656
9.70394e-05
9.70394e-05
0.000417275
0.00013858
0.000112622
0.000447587
0.000133562
0.000116893
0.000302521
-1.79282e-11
6.03386e-05
-0.000521427
-0.000133562
6.03386e-05
-0.000521427
-0.00013858
0.000116893
0.000302521
-9.70393e-05
0.000112622
0.000447587
-5.18905e-05
9.70394e-05
0.000417275
6.9885e-05
0.000340656
5.28639e-05
8.97746e-05
0.000230723
0.000112622
0.00013858
0.000447587
0.00015853
0.00015853
0.000475295
0.000153018
0.000173001
0.000302907
2.17311e-11
7.09165e-05
-0.000563196
-0.000153018
7.09165e-05
-0.000563196
-0.00015853
0.000173001
0.000302907
-0.000112622
0.00015853
0.000475295
-5.28639e-05
0.00013858
0.000447587
8.97745e-05
0.000230723
4.34541e-05
8.41137e-05
2.07182e-05
0.000116893
0.000133562
0.000302521
0.000173
0.000153018
0.000302907
0.000174513
0.000174513
0.000128542
4.2292e-11
9.1315e-05
-0.000513055
-0.000174513
9.1315e-05
-0.000513055
-0.000173
0.000174513
0.000128542
-0.000116893
0.000153018
0.000302907
-4.34542e-05
0.000133562
0.000302521
8.41137e-05
2.07183e-05
5.04791e-05
-8.22967e-12
-0.000350436
6.03386e-05
-2.34681e-11
-0.000521427
7.09166e-05
1.21698e-10
-0.000563196
9.13151e-05
1.62893e-10
-0.000513055
1.29904e-11
6.91925e-12
-0.000704236
-9.1315e-05
2.4096e-11
-0.000704236
-7.09166e-05
2.01476e-10
-0.000513055
-6.03387e-05
1.76065e-10
-0.000563196
-5.04792e-05
4.06838e-11
-0.000521427
6.07912e-11
-0.000350436
5.04791e-05
-8.41136e-05
-0.000350436
6.03386e-05
-0.000133562
-0.000521427
7.09165e-05
-0.000153018
-0.000563196
9.13151e-05
-0.000174513
-0.000513055
3.01408e-11
-9.1315e-05
-0.000704236
-9.1315e-05
-9.1315e-05
-0.000704236
-7.09165e-05
-0.000174513
-0.000513056
-6.03386e-05
-0.000153018
-0.000563196
-5.04792e-05
-0.000133562
-0.000521427
-8.41135e-05
-0.000350436
4.34542e-05
-8.97745e-05
2.07182e-05
0.000116893
-0.00013858
0.000302521
0.000173001
-0.00015853
0.000302907
0.000174513
-0.000173
0.000128542
7.9057e-11
-7.09166e-05
-0.000513055
-0.000174513
-7.09166e-05
-0.000513055
-0.000173
-0.000173
0.000128542
-0.000116893
-0.00015853
0.000302907
-4.34542e-05
-0.00013858
0.00030252
-8.97743e-05
2.07181e-05
5.28639e-05
-6.98849e-05
0.000230723
0.000112622
-9.70393e-05
0.000447587
0.00015853
-0.000112622
0.000475295
0.000153018
-0.000116893
0.000302907
7.6124e-11
-6.03387e-05
-0.000563196
-0.000153018
-6.03387e-05
-0.000563196
-0.00015853
-0.000116893
0.000302907
-0.000112622
-0.000112622
0.000475295
-5.28638e-05
-9.70392e-05
0.000447587
-6.98848e-05
0.000230723
5.18905e-05
-4.00553e-05
0.000340656
9.70394e-05
-5.18905e-05
0.000417275
0.00013858
-5.28639e-05
0.000447587
0.000133562
-4.34542e-05
0.000302521
4.77028e-11
-5.04791e-05
-0.000521426
-0.000133562
-5.04791e-05
-0.000521427
-0.00013858
-4.34542e-05
0.000302521
-9.70392e-05
-5.28638e-05
0.000447587
-5.18904e-05
-5.18904e-05
0.000417274
-4.00553e-05
0.000340655
4.00554e-05
0.000289132
6.9885e-05
0.000340656
8.97745e-05
0.000230723
8.41136e-05
2.07182e-05
4.47978e-11
-0.000350436
-8.41135e-05
-0.000350436
-8.97744e-05
2.07181e-05
-6.98849e-05
0.000230723
-4.00553e-05
0.000340655
0.000289132
3.67338e-05
3.67339e-05
0.000215665
6.61817e-05
4.46178e-05
0.00026659
8.51638e-05
4.84985e-05
0.000163242
7.82339e-05
3.46795e-05
-7.03136e-06
-1.87635e-11
5.75306e-05
-0.000329733
-7.82339e-05
5.75307e-05
-0.000329733
-8.51638e-05
3.46796e-05
-7.03128e-06
-6.61816e-05
4.84985e-05
0.000163242
-3.67338e-05
4.46178e-05
0.00026659
3.67338e-05
0.000215665
4.46178e-05
6.61817e-05
0.00026659
8.49353e-05
8.49354e-05
0.00033664
0.000129473
0.000102827
0.000348722
0.000124049
9.63683e-05
0.000246256
-7.82477e-12
7.31406e-05
-0.000412988
-0.000124049
7.31406e-05
-0.000412988
-0.000129473
9.63684e-05
0.000246256
-8.49353e-05
0.000102827
0.000348722
-4.46177e-05
8.49354e-05
0.00033664
6.61817e-05
0.00026659
4.84985e-05
8.51639e-05
0.000163242
0.000102827
0.000129473
0.000348722
0.000149912
0.000149912
0.000381123
0.000143432
0.000155527
0.000250229
2.8828e-11
7.12744e-05
-0.000417898
-0.000143432
7.12744e-05
-0.000417898
-0.000149912
0.000155527
0.000250229
-0.000102826
0.000149913
0.000381123
-4.84985e-05
0.000129473
0.000348722
8.51638e-05
0.000163242
3.46795e-05
7.82339e-05
-7.03136e-06
9.63683e-05
0.000124049
0.000246256
0.000155527
0.000143432
0.000250229
0.000158663
0.000158663
0.000122269
2.71312e-11
7.90685e-05
-0.000362186
-0.000158663
7.90685e-05
-0.000362186
-0.000155527
0.000158664
0.000122269
-9.63684e-05
0.000143432
0.000250229
-3.46796e-05
0.000124049
0.000246256
7.82339e-05
-7.03135e-06
5.75306e-05
-1.72791e-11
-0.000329733
7.31407e-05
1.72437e-11
-0.000412988
7.12744e-05
1.2312e-10
-0.000417897
7.90685e-05
1.16586e-10
-0.000362186
3.41439e-12
-4.43001e-12
-0.000546099
-7.90685e-05
8.1953e-12
-0.000546099
-7.12745e-05
1.46811e-10
-0.000362186
-7.31407e-05
1.65233e-10
-0.000417898
-5.75307e-05
6.83068e-11
-0.000412988
3.51686e-11
-0.000329733
5.75306e-05
-7.82339e-05
-0.000329733
7.31406e-05
-0.000124049
-0.000412988
7.12744e-05
-0.000143432
-0.000417898
7.90685e-05
-0.000158663
-0.000362186
1.59477e-11
-7.90685e-05
-0.000546099
-7.90685e-05
-7.90685e-05
-0.000546099
-7.12744e-05
-0.000158663
-0.000362186
-7.31406e-05
-0.000143432
-0.000417898
-5.75307e-05
-0.000124049
-0.000412988
-7.82338e-05
-0.000329733
3.46795e-05
-8.51638e-05
-7.03141e-06
9.63683e-05
-0.000129473
0.000246256
0.000155527
-0.000149912
0.000250229
0.000158663
-0.000155527
0.000122269
5.57637e-11
-7.12745e-05
-0.000362186
-0.000158663
-7.12745e-05
-0.000362186
-0.000155527
-0.000155527
0.000122269
-9.63684e-05
-0.000149912
0.000250229
-3.46796e-05
-0.000129472
0.000246255
-8.51637e-05
-7.03161e-06
4.84985e-05
-6.61816e-05
0.000163242
0.000102827
-8.49353e-05
0.000348722
0.000149912
-0.000102826
0.000381123
0.000143432
-9.63684e-05
0.000250229
7.03995e-11
-7.31407e-05
-0.000417898
-0.000143432
-7.31407e-05
-0.000417898
-0.000149912
-9.63684e-05
0.000250229
-0.000102826
-0.000102826
0.000381123
-4.84985e-05
-8.49353e-05
0.000348722
-6.61815e-05
0.000163242
4.46178e-05
-3.67338e-05
0.00026659
8.49354e-05
-4.46177e-05
0.000336639
0.000129473
-4.84985e-05
0.000348722
0.000124049
-3.46796e-05
0.000246256
4.41993e-11
-5.75307e-05
-0.000412988
-0.000124049
-5.75307e-05
-0.000412988
-0.000129472
-3.46796e-05
0.000246256
-8.49353e-05
-4.84985e-05
0.000348722
-4.46177e-05
-4.46177e-05
0.000336639
-3.67338e-05
0.00026659
3.67338e-05
0.000215665
6.61816e-05
0.00026659
8.51638e-05
0.000163242
7.82339e-05
-7.03143e-06
3.39756e-11
-0.000329733
-7.82338e-05
-0.000329733
-8.51637e-05
-7.03157e-06
-6.61815e-05
0.000163242
-3.67338e-05
0.00026659
0.000215664
3.23692e-05
3.23692e-05
0.000150926
6.14979e-05
3.76613e-05
0.000199801
7.64154e-05
4.4618e-05
0.000103707
6.58787e-05
2.8554e-05
-2.50486e-05
-1.61051e-11
5.73523e-05
-0.000321207
-6.58787e-05
5.73523e-05
-0.000321206
-7.64154e-05
2.8554e-05
-2.50486e-05
-6.14978e-05
4.4618e-05
0.000103707
-3.23692e-05
3.76613e-05
0.000199801
3.23692e-05
0.000150926
3.76612e-05
6.14979e-05
0.000199801
7.06428e-05
7.06428e-05
0.000270677
0.000111703
9.14544e-05
0.000260825
0.000102809
7.67139e-05
0.00020699
-5.07993e-12
7.53395e-05
-0.000328166
-0.000102809
7.53395e-05
-0.000328166
-0.000111703
7.67139e-05
0.00020699
-7.06428e-05
9.14545e-05
0.000260825
-3.76612e-05
7.06428e-05
0.000270677
6.14979e-05
0.000199801
4.4618e-05
7.64155e-05
0.000103707
9.14544e-05
0.000111703
0.000260825
0.000135349
0.000135349
0.000293335
0.000126555
0.00013549
0.000200247
2.80874e-11
6.52485e-05
-0.000281252
-0.000126555
6.52485e-05
-0.000281252
-0.000135349
0.00013549
0.000200247
-9.14544e-05
0.000135349
0.000293335
-4.4618e-05
0.000111703
0.000260825
7.64155e-05
0.000103707
2.8554e-05
6.58787e-05
-2.50486e-05
7.67139e-05
0.000102809
0.00020699
0.00013549
0.000126555
0.000200247
0.000138059
0.000138059
0.000117129
1.36576e-11
6.40261e-05
-0.000222904
-0.000138059
6.40261e-05
-0.000222904
-0.00013549
0.000138059
0.000117129
-7.6714e-05
0.000126555
0.000200247
-2.8554e-05
0.000102809
0.00020699
6.58788e-05
-2.50487e-05
5.73523e-05
-3.22001e-11
-0.000321207
7.53396e-05
3.17907e-11
-0.000328166
6.52486e-05
1.08206e-10
-0.000281252
6.40262e-05
7.42082e-11
-0.000222904
-2.17998e-12
-8.15472e-12
-0.000418047
-6.40262e-05
4.73169e-13
-0.000418047
-6.52487e-05
9.60619e-11
-0.000222904
-7.53396e-05
1.38677e-10
-0.000281252
-5.73524e-05
6.87627e-11
-0.000328166
3.22587e-12
-0.000321207
5.73523e-05
-6.58787e-05
-0.000321206
7.53394e-05
-0.000102809
-0.000328166
6.52485e-05
-0.000126555
-0.000281252
6.40261e-05
-0.000138059
-0.000222904
6.48765e-12
-6.40262e-05
-0.000418047
-6.40261e-05
-6.40262e-05
-0.000418047
-6.52486e-05
-0.000138059
-0.000222904
-7.53395e-05
-0.000126555
-0.000281252
-5.73523e-05
-0.000102809
-0.000328166
-6.58787e-05
-0.000321207
2.85539e-05
-7.64154e-05
-2.50487e-05
7.67139e-05
-0.000111703
0.00020699
0.00013549
-0.000135349
0.000200247
0.000138059
-0.00013549
0.000117129
3.4314e-11
-6.52487e-05
-0.000222904
-0.000138059
-6.52486e-05
-0.000222904
-0.00013549
-0.00013549
0.000117129
-7.67139e-05
-0.000135349
0.000200247
-2.8554e-05
-0.000111703
0.00020699
-7.64153e-05
-2.50489e-05
4.4618e-05
-6.14978e-05
0.000103707
9.14544e-05
-7.06427e-05
0.000260825
0.000135349
-9.14544e-05
0.000293335
0.000126555
-7.67139e-05
0.000200247
5.76646e-11
-7.53396e-05
-0.000281252
-0.000126555
-7.53396e-05
-0.000281252
-0.000135349
-7.6714e-05
0.000200247
-9.14544e-05
-9.14544e-05
0.000293335
-4.4618e-05
-7.06427e-05
0.000260825
-6.14978e-05
0.000103706
3.76613e-05
-3.23692e-05
0.0001998
7.06428e-05
-3.76612e-05
0.000270676
0.000111703
-4.4618e-05
0.000260825
0.000102809
-2.8554e-05
0.00020699
3.23303e-11
-5.73524e-05
-0.000328166
-0.000102809
-5.73523e-05
-0.000328166
-0.000111703
-2.8554e-05
0.00020699
-7.06427e-05
-4.4618e-05
0.000260825
-3.76612e-05
-3.76612e-05
0.000270676
-3.23692e-05
0.0001998
3.23692e-05
0.000150926
6.14979e-05
0.0001998
7.64154e-05
0.000103707
6.58788e-05
-2.50488e-05
2.00714e-11
-0.000321207
-6.58787e-05
-0.000321207
-7.64154e-05
-2.50489e-05
-6.14978e-05
0.000103706
-3.23692e-05
0.0001998
0.000150926
3.30123e-05
3.30123e-05
8.49018e-05
6.3372e-05
3.69021e-05
0.000132539
7.92076e-05
4.59025e-05
4.19686e-05
5.95061e-05
3.85723e-05
-4.39194e-05
-1.29244e-11
3.86381e-05
-0.000300339
-5.95061e-05
3.86382e-05
-0.000300338
-7.92075e-05
3.85723e-05
-4.39194e-05
-6.3372e-05
4.59025e-05
4.19687e-05
-3.30123e-05
3.69022e-05
0.000132539
3.30123e-05
8.49018e-05
3.69021e-05
6.3372e-05
0.000132539
7.01798e-05
7.01798e-05
0.000204121
0.000111787
8.68814e-05
0.000178239
8.85469e-05
9.04362e-05
0.000178366
-1.93821e-13
5.05318e-05
-0.000251513
-8.85469e-05
5.05318e-05
-0.000251513
-0.000111787
9.04362e-05
0.000178366
-7.01798e-05
8.68815e-05
0.000178239
-3.69021e-05
7.01798e-05
0.000204121
6.3372e-05
0.000132539
4.59025e-05
7.92076e-05
4.19686e-05
8.68814e-05
0.000111787
0.000178239
0.000138801
0.000138801
0.000189497
0.000123597
0.00014517
0.000160717
1.8142e-11
5.18172e-05
-0.00015894
-0.000123597
5.18172e-05
-0.00015894
-0.000138801
0.00014517
0.000160717
-8.68814e-05
0.000138801
0.000189497
-4.59025e-05
0.000111787
0.000178239
7.92076e-05
4.19686e-05
3.85723e-05
5.95061e-05
-4.39194e-05
9.04362e-05
8.8547e-05
0.000178366
0.00014517
0.000123597
0.000160717
0.000119992
0.000119992
0.000167485
5.59674e-13
4.50601e-05
-9.61554e-05
-0.000119992
4.50601e-05
-9.61554e-05
-0.00014517
0.000119992
0.000167485
-9.04362e-05
0.000123597
0.000160717
-3.85723e-05
8.8547e-05
0.000178366
5.95062e-05
-4.39195e-05
3.86382e-05
-3.66679e-11
-0.000300339
5.05319e-05
3.3823e-11
-0.000251513
5.18173e-05
6.63672e-11
-0.00015894
4.50601e-05
3.45303e-11
-9.61551e-05
-2.12592e-12
-3.66732e-12
-0.000327927
-4.50602e-05
1.50447e-12
-0.000327927
-5.18173e-05
4.81437e-11
-9.61551e-05
-5.0532e-05
8.45498e-11
-0.00015894
-3.86382e-05
5.59938e-11
-0.000251513
-1.61404e-11
-0.000300339
3.86382e-05
-5.95061e-05
-0.000300338
5.05318e-05
-8.85469e-05
-0.000251513
5.18172e-05
-0.000123597
-0.00015894
4.50601e-05
-0.000119992
-9.61554e-05
3.03155e-12
-4.50602e-05
-0.000327927
-4.50601e-05
-4.50601e-05
-0.000327927
-5.18172e-05
-0.000119992
-9.61554e-05
-5.05319e-05
-0.000123597
-0.00015894
-3.86382e-05
-8.85469e-05
-0.000251513
-5.95061e-05
-0.000300339
3.85722e-05
-7.92075e-05
-4.39195e-05
9.04362e-05
-0.000111787
0.000178366
0.00014517
-0.000138801
0.000160717
0.000119992
-0.00014517
0.000167485
1.36014e-11
-5.18173e-05
-9.61551e-05
-0.000119992
-5.18173e-05
-9.61551e-05
-0.00014517
-0.00014517
0.000167485
-9.04362e-05
-0.000138801
0.000160717
-3.85723e-05
-0.000111787
0.000178365
-7.92075e-05
-4.39198e-05
4.59025e-05
-6.3372e-05
4.19686e-05
8.68815e-05
-7.01798e-05
0.000178239
0.000138801
-8.68814e-05
0.000189497
0.000123597
-9.04362e-05
0.000160717
3.56234e-11
-5.0532e-05
-0.00015894
-0.000123597
-5.0532e-05
-0.00015894
-0.000138801
-9.04362e-05
0.000160717
-8.68814e-05
-8.68814e-05
0.000189497
-4.59025e-05
-7.01798e-05
0.000178239
-6.3372e-05
4.19683e-05
3.69021e-05
-3.30123e-05
0.000132539
7.01798e-05
-3.69021e-05
0.000204121
0.000111787
-4.59025e-05
0.000178239
8.8547e-05
-3.85723e-05
0.000178366
2.19583e-11
-3.86382e-05
-0.000251513
-8.8547e-05
-3.86382e-05
-0.000251513
-0.000111787
-3.85723e-05
0.000178365
-7.01798e-05
-4.59025e-05
0.000178239
-3.69021e-05
-3.69021e-05
0.000204121
-3.30123e-05
0.000132538
3.30123e-05
8.49016e-05
6.3372e-05
0.000132539
7.92076e-05
4.19685e-05
5.95062e-05
-4.39196e-05
8.35636e-12
-0.000300339
-5.95061e-05
-0.000300339
-7.92076e-05
-4.39198e-05
-6.3372e-05
4.19683e-05
-3.30123e-05
0.000132538
8.49012e-05
2.62427e-05
2.62428e-05
4.54363e-05
2.98515e-05
4.53901e-05
4.427e-05
2.37222e-05
3.79292e-05
-4.36026e-12
3.41492e-06
-2.37222e-05
3.41492e-06
-4.53901e-05
3.79292e-05
-4.54363e-05
4.427e-05
-2.62428e-05
2.98515e-05
2.62428e-05
2.98515e-05
4.54363e-05
5.56662e-05
5.56662e-05
7.9882e-05
7.22344e-05
5.07317e-05
8.05696e-05
1.26195e-12
6.2156e-06
-5.07317e-05
6.2156e-06
-7.9882e-05
8.05696e-05
-5.56662e-05
7.22345e-05
-2.98515e-05
5.56662e-05
4.54364e-05
4.427e-05
4.53901e-05
7.22344e-05
7.9882e-05
0.000108704
0.000108704
8.52653e-05
0.000117377
5.46008e-12
2.00371e-05
-8.52653e-05
2.00371e-05
-0.000108704
0.000117377
-7.22344e-05
0.000108704
-4.427e-05
7.98821e-05
4.53902e-05
3.79292e-05
2.37222e-05
8.05696e-05
5.07318e-05
0.000117377
8.52653e-05
8.01119e-05
8.01119e-05
-8.71339e-12
2.13572e-05
-8.0112e-05
2.13572e-05
-0.000117377
8.0112e-05
-8.05696e-05
8.52653e-05
-3.79292e-05
5.07318e-05
2.37222e-05
3.41493e-06
-9.04494e-12
6.21564e-06
1.8364e-11
2.00371e-05
1.5187e-11
2.13572e-05
5.04919e-14
-2.21655e-12
1.33023e-12
-2.13572e-05
3.09043e-12
-2.00371e-05
5.57587e-12
-6.21565e-06
2.11432e-11
-3.41493e-06
2.62627e-11
-2.27049e-12
3.41493e-06
-2.37222e-05
6.2156e-06
-5.07317e-05
2.00371e-05
-8.52653e-05
2.13572e-05
-8.01119e-05
-4.98999e-13
-2.13572e-05
-2.13572e-05
-2.13572e-05
-2.00371e-05
-8.0112e-05
-6.21561e-06
-8.52653e-05
-3.41493e-06
-5.07317e-05
-2.37222e-05
3.79292e-05
-4.53901e-05
8.05696e-05
-7.9882e-05
0.000117377
-0.000108704
8.0112e-05
-0.000117377
-3.35078e-12
-2.00371e-05
-8.0112e-05
-2.00371e-05
-0.000117377
-0.000117377
-8.05696e-05
-0.000108704
-3.79292e-05
-7.9882e-05
-4.53901e-05
4.427e-05
-4.54363e-05
7.22345e-05
-5.56662e-05
0.000108704
-7.22344e-05
8.52653e-05
-8.05696e-05
1.12442e-11
-6.21565e-06
-8.52653e-05
-6.21565e-06
-0.000108704
-8.05696e-05
-7.22345e-05
-7.22344e-05
-4.427e-05
-5.56662e-05
-4.54363e-05
2.98515e-05
-2.62427e-05
5.56662e-05
-2.98515e-05
7.98821e-05
-4.427e-05
5.07318e-05
-3.79292e-05
9.07768e-12
-3.41494e-06
-5.07318e-05
-3.41494e-06
-7.9882e-05
-3.79292e-05
-5.56662e-05
-4.427e-05
-2.98515e-05
-2.98515e-05
-2.62427e-05
2.62428e-05
4.54364e-05
4.53902e-05
2.37222e-05
2.56924e-12
-2.37222e-05
-4.53901e-05
-4.54363e-05
-2.62428e-05
)
;

boundaryField
{
    bottom
    {
        type            calculated;
        value           uniform 0;
    }
    atmosphere
    {
        type            calculated;
        value           nonuniform List<scalar> 
100
(
3.24163e-05
8.34936e-05
-2.25518e-06
-6.01807e-05
-0.000280031
-0.000280031
-6.01808e-05
-2.25513e-06
8.34935e-05
3.24161e-05
8.34936e-05
0.000152492
0.000126059
0.000164876
-0.000203582
-0.000203582
0.000164876
0.000126059
0.000152492
8.34935e-05
-2.25516e-06
0.000126059
0.000116558
0.000147348
-8.74959e-05
-8.74962e-05
0.000147348
0.000116558
0.000126059
-2.25526e-06
-6.01807e-05
0.000164876
0.000147348
0.000242014
-1.73633e-05
-1.73635e-05
0.000242014
0.000147348
0.000164876
-6.01809e-05
-0.000280031
-0.000203582
-8.74962e-05
-1.73636e-05
-0.000285212
-0.000285212
-1.73632e-05
-8.74958e-05
-0.000203582
-0.000280032
-0.000280031
-0.000203582
-8.74962e-05
-1.73635e-05
-0.000285212
-0.000285212
-1.73633e-05
-8.74959e-05
-0.000203582
-0.000280032
-6.01807e-05
0.000164876
0.000147348
0.000242014
-1.73633e-05
-1.73635e-05
0.000242014
0.000147348
0.000164875
-6.01811e-05
-2.25505e-06
0.000126059
0.000116558
0.000147348
-8.74958e-05
-8.74962e-05
0.000147348
0.000116558
0.000126059
-2.25543e-06
8.34936e-05
0.000152492
0.000126059
0.000164876
-0.000203582
-0.000203582
0.000164875
0.000126059
0.000152491
8.34931e-05
3.24162e-05
8.34936e-05
-2.2552e-06
-6.01808e-05
-0.000280032
-0.000280032
-6.01811e-05
-2.25542e-06
8.34931e-05
3.24157e-05
)
;
    }
    walls
    {
        type            calculated;
        value           uniform 0;
    }
}


// ************************************************************************* //
