/*--------------------------------*- C++ -*----------------------------------*\
| =========                 |                                                 |
| \\      /  F ield         | OpenFOAM: The Open Source CFD Toolbox           |
|  \\    /   O peration     | Version:  2412                                  |
|   \\  /    A nd           | Website:  www.openfoam.com                      |
|    \\/     M anipulation  |                                                 |
\*---------------------------------------------------------------------------*/
FoamFile
{
    version     2.0;
    format      ascii;
    arch        "LSB;label=32;scalar=64";
    class       volVectorField;
    location    "0.4";
    object      U;
}
// * * * * * * * * * * * * * * * * * * * * * * * * * * * * * * * * * * * * * //

dimensions      [0 1 -1 0 0 0 0];

internalField   nonuniform List<vector> 
4000
(
(-0.139304 -0.139304 0.140694)
(-0.45889 -0.1729 0.175395)
(-0.849644 -0.265441 0.317078)
(-1.19215 -0.746428 0.632359)
(-0.607398 -2.7095 0.720847)
(0.607395 -2.70951 0.720847)
(1.19215 -0.746429 0.632359)
(0.849643 -0.265441 0.317078)
(0.458889 -0.172901 0.175396)
(0.139304 -0.139305 0.140694)
(-0.1729 -0.45889 0.175395)
(-0.549811 -0.549811 0.300788)
(-1.1637 -1.21886 0.572905)
(-1.90743 -3.73224 0.194793)
(-0.630154 -5.85583 -0.424906)
(0.630151 -5.85583 -0.424907)
(1.90743 -3.73225 0.194792)
(1.1637 -1.21886 0.572906)
(0.54981 -0.549815 0.30079)
(0.1729 -0.458893 0.175396)
(-0.265441 -0.849644 0.317078)
(-1.21886 -1.1637 0.572905)
(-3.09462 -3.09462 0.0636868)
(-3.01198 -5.16012 -1.00023)
(-0.70546 -6.33685 -1.47361)
(0.705457 -6.33685 -1.47361)
(3.01197 -5.16012 -1.00024)
(3.09464 -3.09463 0.0636816)
(1.21887 -1.16371 0.572909)
(0.265443 -0.849649 0.31708)
(-0.746428 -1.19215 0.632359)
(-3.73224 -1.90743 0.194793)
(-5.16012 -3.01198 -1.00023)
(-3.67003 -3.67003 -1.70394)
(-0.761575 -4.20831 -2.0731)
(0.761573 -4.20832 -2.0731)
(3.67003 -3.67004 -1.70394)
(5.16014 -3.01199 -1.00025)
(3.73228 -1.90745 0.194787)
(0.746437 -1.19215 0.632364)
(-2.7095 -0.607398 0.720847)
(-5.85583 -0.630154 -0.424906)
(-6.33685 -0.70546 -1.47361)
(-4.20831 -0.761575 -2.0731)
(-0.684616 -0.684616 -2.63552)
(0.684615 -0.684617 -2.63552)
(4.20831 -0.761577 -2.0731)
(6.33684 -0.705461 -1.47362)
(5.85584 -0.630155 -0.424915)
(2.70952 -0.607398 0.720846)
(-2.70951 0.607395 0.720847)
(-5.85583 0.630151 -0.424907)
(-6.33685 0.705457 -1.47361)
(-4.20832 0.761573 -2.0731)
(-0.684617 0.684615 -2.63552)
(0.684615 0.684615 -2.63552)
(4.20831 0.761574 -2.0731)
(6.33685 0.705456 -1.47361)
(5.85584 0.63015 -0.424915)
(2.70953 0.607397 0.720846)
(-0.746429 1.19215 0.632359)
(-3.73225 1.90743 0.194792)
(-5.16012 3.01197 -1.00024)
(-3.67004 3.67003 -1.70394)
(-0.761577 4.20831 -2.0731)
(0.761574 4.20831 -2.0731)
(3.67003 3.67003 -1.70394)
(5.16012 3.01198 -1.00024)
(3.73227 1.90744 0.194787)
(0.746437 1.19216 0.632362)
(-0.265441 0.849643 0.317078)
(-1.21886 1.1637 0.572906)
(-3.09463 3.09464 0.0636816)
(-3.01199 5.16014 -1.00025)
(-0.705461 6.33684 -1.47362)
(0.705456 6.33685 -1.47361)
(3.01198 5.16012 -1.00024)
(3.09463 3.09463 0.0636797)
(1.21887 1.16371 0.572907)
(0.265442 0.849647 0.31708)
(-0.172901 0.458889 0.175396)
(-0.549815 0.54981 0.30079)
(-1.16371 1.21887 0.572909)
(-1.90745 3.73228 0.194787)
(-0.630155 5.85584 -0.424915)
(0.63015 5.85584 -0.424915)
(1.90744 3.73227 0.194787)
(1.16371 1.21887 0.572907)
(0.549813 0.549813 0.30079)
(0.1729 0.458892 0.175396)
(-0.139305 0.139304 0.140694)
(-0.458893 0.1729 0.175396)
(-0.849649 0.265443 0.31708)
(-1.19215 0.746437 0.632364)
(-0.607398 2.70952 0.720846)
(0.607397 2.70953 0.720846)
(1.19216 0.746437 0.632362)
(0.849647 0.265442 0.31708)
(0.458892 0.1729 0.175396)
(0.139304 0.139304 0.140694)
(-0.149711 -0.149711 0.43941)
(-0.463433 -0.174274 0.519995)
(-0.759433 -0.1937 0.777345)
(-1.02072 -0.151065 1.39235)
(-0.565806 -0.953297 2.07633)
(0.565805 -0.953302 2.07633)
(1.02072 -0.151065 1.39235)
(0.759433 -0.193701 0.777346)
(0.463433 -0.174274 0.519997)
(0.149711 -0.149711 0.439411)
(-0.174274 -0.463433 0.519995)
(-0.501091 -0.501091 0.725777)
(-0.707793 -0.527661 1.24312)
(-0.845721 -1.50608 1.40067)
(-0.180968 -2.63137 0.624457)
(0.180969 -2.63137 0.624455)
(0.845722 -1.50608 1.40067)
(0.707792 -0.527663 1.24313)
(0.50109 -0.501093 0.72578)
(0.174273 -0.463436 0.519997)
(-0.1937 -0.759433 0.777345)
(-0.527661 -0.707793 1.24312)
(-1.23025 -1.23025 1.26885)
(-0.938273 -1.81367 -0.243468)
(-0.156838 -2.20175 -1.63052)
(0.156841 -2.20175 -1.63052)
(0.938274 -1.81367 -0.243477)
(1.23025 -1.23025 1.26885)
(0.527663 -0.707795 1.24313)
(0.1937 -0.759436 0.77735)
(-0.151065 -1.02072 1.39235)
(-1.50608 -0.845721 1.40067)
(-1.81367 -0.938273 -0.243468)
(-1.34173 -1.34173 -2.16344)
(-0.177155 -1.20206 -2.91006)
(0.177155 -1.20206 -2.91006)
(1.34173 -1.34173 -2.16344)
(1.81367 -0.938278 -0.24348)
(1.50609 -0.845726 1.40067)
(0.151064 -1.02072 1.39236)
(-0.953297 -0.565806 2.07633)
(-2.63137 -0.180968 0.624457)
(-2.20175 -0.156838 -1.63052)
(-1.20206 -0.177155 -2.91006)
(-0.0740992 -0.0740992 -3.62259)
(0.074099 -0.0740994 -3.62259)
(1.20206 -0.177156 -2.91007)
(2.20174 -0.15684 -1.63053)
(2.63137 -0.180966 0.624449)
(0.953308 -0.565806 2.07633)
(-0.953302 0.565805 2.07633)
(-2.63137 0.180969 0.624455)
(-2.20175 0.156841 -1.63052)
(-1.20206 0.177155 -2.91006)
(-0.0740993 0.074099 -3.62259)
(0.0740992 0.0740992 -3.62259)
(1.20206 0.177156 -2.91007)
(2.20175 0.156843 -1.63053)
(2.63138 0.180968 0.624448)
(0.953312 0.565807 2.07634)
(-0.151065 1.02072 1.39235)
(-1.50608 0.845722 1.40067)
(-1.81367 0.938274 -0.243477)
(-1.34173 1.34173 -2.16344)
(-0.177156 1.20206 -2.91007)
(0.177156 1.20206 -2.91007)
(1.34173 1.34173 -2.16344)
(1.81367 0.938281 -0.243481)
(1.50609 0.845725 1.40067)
(0.151064 1.02072 1.39236)
(-0.193701 0.759433 0.777346)
(-0.527663 0.707792 1.24313)
(-1.23025 1.23025 1.26885)
(-0.938278 1.81367 -0.24348)
(-0.15684 2.20174 -1.63053)
(0.156843 2.20175 -1.63053)
(0.938281 1.81367 -0.243481)
(1.23026 1.23026 1.26885)
(0.527665 0.707794 1.24313)
(0.1937 0.759436 0.77735)
(-0.174274 0.463433 0.519997)
(-0.501093 0.50109 0.72578)
(-0.707795 0.527663 1.24313)
(-0.845726 1.50609 1.40067)
(-0.180966 2.63137 0.624449)
(0.180968 2.63138 0.624448)
(0.845725 1.50609 1.40067)
(0.707794 0.527665 1.24313)
(0.501091 0.501091 0.725782)
(0.174274 0.463435 0.519997)
(-0.149711 0.149711 0.439411)
(-0.463436 0.174273 0.519997)
(-0.759436 0.1937 0.77735)
(-1.02072 0.151064 1.39236)
(-0.565806 0.953308 2.07633)
(0.565807 0.953312 2.07634)
(1.02072 0.151064 1.39236)
(0.759436 0.1937 0.77735)
(0.463435 0.174274 0.519997)
(0.149711 0.149711 0.439411)
(-0.120774 -0.120774 0.725634)
(-0.357574 -0.12489 0.813653)
(-0.54665 -0.108302 1.0298)
(-0.696752 0.0158205 1.49498)
(-0.386583 0.107517 1.93326)
(0.386584 0.107518 1.93326)
(0.696753 0.0158215 1.49498)
(0.546649 -0.108301 1.0298)
(0.357574 -0.12489 0.813655)
(0.120774 -0.120775 0.725635)
(-0.12489 -0.357574 0.813653)
(-0.344981 -0.344981 0.948198)
(-0.395163 -0.189738 1.2669)
(-0.291749 -0.108229 1.18659)
(-0.0646044 -0.543762 0.349097)
(0.0646083 -0.543763 0.349095)
(0.29175 -0.108228 1.1866)
(0.395161 -0.189737 1.2669)
(0.34498 -0.344982 0.948201)
(0.124889 -0.357576 0.813655)
(-0.108302 -0.54665 1.0298)
(-0.189738 -0.395163 1.2669)
(-0.120467 -0.120467 0.901954)
(-0.149602 -0.396049 -0.848106)
(-0.044967 -0.77487 -2.21078)
(0.0449756 -0.774871 -2.21078)
(0.149606 -0.396049 -0.848109)
(0.120463 -0.120465 0.901953)
(0.189735 -0.395161 1.2669)
(0.108301 -0.546651 1.0298)
(0.0158205 -0.696752 1.49498)
(-0.108229 -0.291749 1.18659)
(-0.396049 -0.149602 -0.848106)
(-0.478979 -0.478979 -2.57016)
(-0.0999924 -0.212825 -3.44397)
(0.0999944 -0.212826 -3.44397)
(0.478983 -0.47898 -2.57016)
(0.396044 -0.149608 -0.848118)
(0.108225 -0.291748 1.1866)
(-0.0158241 -0.696754 1.49499)
(0.107517 -0.386583 1.93326)
(-0.543762 -0.0646044 0.349097)
(-0.77487 -0.044967 -2.21078)
(-0.212825 -0.0999924 -3.44397)
(-0.000831441 -0.000831442 -3.84382)
(0.00083148 -0.000831529 -3.84382)
(0.212825 -0.099994 -3.44398)
(0.774872 -0.0449686 -2.21079)
(0.543767 -0.0646042 0.349081)
(-0.107519 -0.386584 1.93326)
(0.107518 0.386584 1.93326)
(-0.543763 0.0646083 0.349095)
(-0.774871 0.0449756 -2.21078)
(-0.212826 0.0999943 -3.44397)
(-0.000831531 0.000831481 -3.84382)
(0.00083159 0.000831588 -3.84382)
(0.212825 0.0999958 -3.44398)
(0.774873 0.0449766 -2.21079)
(0.543767 0.0646087 0.349081)
(-0.107519 0.386586 1.93326)
(0.0158215 0.696753 1.49498)
(-0.108228 0.29175 1.1866)
(-0.396049 0.149606 -0.848109)
(-0.47898 0.478983 -2.57016)
(-0.099994 0.212825 -3.44398)
(0.0999958 0.212825 -3.44398)
(0.478983 0.478983 -2.57016)
(0.396047 0.149611 -0.848116)
(0.108228 0.291749 1.1866)
(-0.0158247 0.696755 1.49499)
(-0.108301 0.546649 1.0298)
(-0.189737 0.395161 1.2669)
(-0.120465 0.120463 0.901953)
(-0.149608 0.396044 -0.848118)
(-0.0449686 0.774872 -2.21079)
(0.0449765 0.774873 -2.21079)
(0.149611 0.396047 -0.848116)
(0.120465 0.120465 0.901952)
(0.189736 0.39516 1.2669)
(0.1083 0.54665 1.0298)
(-0.12489 0.357574 0.813655)
(-0.344982 0.34498 0.948201)
(-0.395161 0.189735 1.2669)
(-0.291748 0.108225 1.1866)
(-0.0646042 0.543767 0.349081)
(0.0646087 0.543767 0.349081)
(0.291749 0.108228 1.1866)
(0.39516 0.189736 1.2669)
(0.344981 0.344981 0.948203)
(0.124889 0.357575 0.813656)
(-0.120775 0.120774 0.725635)
(-0.357576 0.124889 0.813655)
(-0.546651 0.108301 1.0298)
(-0.696754 -0.0158241 1.49499)
(-0.386584 -0.107519 1.93326)
(0.386586 -0.107519 1.93326)
(0.696755 -0.0158247 1.49499)
(0.54665 0.1083 1.0298)
(0.357575 0.124889 0.813656)
(0.120774 0.120774 0.725636)
(-0.0967357 -0.0967357 0.92692)
(-0.283047 -0.0899674 0.993378)
(-0.40433 -0.0659963 1.13034)
(-0.471957 0.0317347 1.39512)
(-0.257436 0.139336 1.64283)
(0.257438 0.139337 1.64283)
(0.471957 0.0317363 1.39512)
(0.404329 -0.0659957 1.13034)
(0.283046 -0.0899671 0.993379)
(0.0967354 -0.0967358 0.926921)
(-0.0899674 -0.283047 0.993378)
(-0.253497 -0.253497 1.06235)
(-0.277475 -0.128431 1.18865)
(-0.20586 0.119236 1.16777)
(-0.0894551 0.0569635 0.550245)
(0.0894605 0.0569648 0.550245)
(0.20586 0.119241 1.16777)
(0.277472 -0.12843 1.18865)
(0.253496 -0.253497 1.06235)
(0.0899667 -0.283047 0.99338)
(-0.0659963 -0.40433 1.13034)
(-0.128431 -0.277475 1.18865)
(0.0216889 0.0216889 0.852697)
(-0.021981 -0.00144717 -0.357928)
(-0.0729165 -0.229524 -2.04235)
(0.0729278 -0.229521 -2.04235)
(0.0219832 -0.00143971 -0.357928)
(-0.0216957 0.0216938 0.852699)
(0.128428 -0.277472 1.18865)
(0.065995 -0.40433 1.13034)
(0.0317347 -0.471957 1.39512)
(0.119236 -0.20586 1.16777)
(-0.00144716 -0.0219811 -0.357928)
(-0.0913175 -0.0913175 -2.42588)
(-0.120737 0.0706969 -3.61643)
(0.120739 0.0706965 -3.61643)
(0.091324 -0.0913115 -2.42588)
(0.00143786 -0.0219825 -0.357935)
(-0.119242 -0.205858 1.16777)
(-0.0317385 -0.471958 1.39512)
(0.139336 -0.257436 1.64283)
(0.0569635 -0.0894551 0.550245)
(-0.229524 -0.0729165 -2.04235)
(0.0706969 -0.120737 -3.61643)
(0.00874504 0.00874504 -3.8727)
(-0.00874505 0.00874503 -3.8727)
(-0.0706969 -0.120739 -3.61643)
(0.229526 -0.0729143 -2.04237)
(-0.0569599 -0.089455 0.550237)
(-0.13934 -0.257437 1.64284)
(0.139337 0.257438 1.64283)
(0.0569648 0.0894605 0.550245)
(-0.229521 0.0729278 -2.04235)
(0.0706965 0.120739 -3.61643)
(0.00874503 -0.00874505 -3.8727)
(-0.00874503 -0.00874503 -3.8727)
(-0.0706969 0.12074 -3.61643)
(0.229523 0.0729247 -2.04236)
(-0.0569618 0.0894608 0.550238)
(-0.139341 0.257439 1.64284)
(0.0317363 0.471957 1.39512)
(0.119241 0.20586 1.16777)
(-0.00143965 0.0219833 -0.357928)
(-0.0913115 0.091324 -2.42588)
(-0.120739 -0.070697 -3.61643)
(0.12074 -0.0706969 -3.61643)
(0.0913177 0.0913177 -2.42588)
(0.00143155 0.0219846 -0.35793)
(-0.119246 0.205859 1.16777)
(-0.0317399 0.471959 1.39512)
(-0.0659957 0.404329 1.13034)
(-0.12843 0.277472 1.18865)
(0.0216938 -0.0216957 0.852699)
(-0.0219824 0.00143783 -0.357935)
(-0.0729143 0.229526 -2.04237)
(0.0729247 0.229523 -2.04236)
(0.0219846 0.00143156 -0.35793)
(-0.0216989 -0.0216989 0.8527)
(0.128428 0.27747 1.18865)
(0.0659945 0.40433 1.13035)
(-0.0899671 0.283046 0.993379)
(-0.253497 0.253496 1.06235)
(-0.277472 0.128428 1.18865)
(-0.205858 -0.119242 1.16777)
(-0.089455 -0.05696 0.550237)
(0.0894608 -0.0569618 0.550238)
(0.205859 -0.119246 1.16777)
(0.27747 0.128428 1.18865)
(0.253496 0.253496 1.06235)
(0.0899665 0.283046 0.99338)
(-0.0967358 0.0967354 0.926921)
(-0.283047 0.0899667 0.99338)
(-0.40433 0.065995 1.13034)
(-0.471958 -0.0317385 1.39512)
(-0.257437 -0.13934 1.64284)
(0.257439 -0.139341 1.64284)
(0.471959 -0.0317399 1.39512)
(0.40433 0.0659945 1.13035)
(0.283046 0.0899665 0.99338)
(0.0967354 0.0967355 0.926921)
(-0.0812394 -0.0812394 1.09709)
(-0.244252 -0.0742342 1.14064)
(-0.331414 -0.0604541 1.20705)
(-0.381312 0.00172959 1.34488)
(-0.21078 0.0346767 1.41438)
(0.210782 0.0346783 1.41438)
(0.381313 0.00173191 1.34488)
(0.331413 -0.0604533 1.20705)
(0.244251 -0.0742338 1.14064)
(0.081239 -0.0812393 1.09709)
(-0.0742342 -0.244252 1.14064)
(-0.224057 -0.224057 1.16325)
(-0.253779 -0.177883 1.17503)
(-0.275811 -0.0496247 1.14554)
(-0.167629 -0.111294 0.49331)
(0.167635 -0.111292 0.493311)
(0.275811 -0.0496184 1.14554)
(0.253776 -0.177881 1.17503)
(0.224056 -0.224056 1.16326)
(0.0742335 -0.244251 1.14064)
(-0.0604541 -0.331414 1.20705)
(-0.177883 -0.253779 1.17503)
(-0.134961 -0.134961 0.797931)
(-0.205455 0.0439393 -0.469089)
(-0.20453 -0.0582137 -2.18983)
(0.204537 -0.0582087 -2.18982)
(0.205459 0.0439542 -0.469084)
(0.134954 -0.134955 0.797934)
(0.17788 -0.253776 1.17503)
(0.0604527 -0.331413 1.20706)
(0.0017296 -0.381312 1.34488)
(-0.0496247 -0.275811 1.14554)
(0.0439393 -0.205455 -0.469089)
(0.0244961 0.0244961 -2.38754)
(-0.105202 0.108123 -3.72806)
(0.105202 0.108123 -3.72806)
(-0.0244916 0.0245048 -2.38753)
(-0.043954 -0.205451 -0.469092)
(0.049618 -0.275809 1.14554)
(-0.00173339 -0.381312 1.34488)
(0.0346767 -0.21078 1.41438)
(-0.111294 -0.167629 0.49331)
(-0.0582137 -0.20453 -2.18983)
(0.108123 -0.105202 -3.72806)
(0.00051963 0.000519631 -3.79808)
(-0.000519763 0.000519687 -3.79808)
(-0.108123 -0.105204 -3.72806)
(0.0582172 -0.204527 -2.18984)
(0.111293 -0.167629 0.493303)
(-0.0346799 -0.210781 1.41438)
(0.0346783 0.210782 1.41438)
(-0.111292 0.167635 0.493311)
(-0.0582086 0.204537 -2.18982)
(0.108123 0.105202 -3.72806)
(0.000519681 -0.000519757 -3.79808)
(-0.000519825 -0.000519824 -3.79808)
(-0.108123 0.105204 -3.72806)
(0.0582124 0.204533 -2.18984)
(0.111291 0.167636 0.493304)
(-0.0346812 0.210784 1.41438)
(0.00173192 0.381313 1.34488)
(-0.0496184 0.275811 1.14554)
(0.0439542 0.205459 -0.469084)
(0.0245048 -0.0244916 -2.38753)
(-0.105204 -0.108123 -3.72806)
(0.105204 -0.108123 -3.72806)
(-0.0245004 -0.0245004 -2.38752)
(-0.043968 0.205455 -0.469085)
(0.0496127 0.27581 1.14554)
(-0.00173551 0.381313 1.34488)
(-0.0604533 0.331413 1.20705)
(-0.177881 0.253776 1.17503)
(-0.134955 0.134954 0.797934)
(-0.205451 -0.043954 -0.469092)
(-0.204527 0.0582172 -2.18984)
(0.204533 0.0582123 -2.18984)
(0.205455 -0.043968 -0.469085)
(0.134949 0.134949 0.797936)
(0.177879 0.253774 1.17503)
(0.0604519 0.331413 1.20706)
(-0.0742338 0.244251 1.14064)
(-0.224056 0.224056 1.16326)
(-0.253776 0.17788 1.17503)
(-0.275809 0.0496179 1.14554)
(-0.167629 0.111293 0.493303)
(0.167636 0.111291 0.493304)
(0.27581 0.0496127 1.14554)
(0.253774 0.177879 1.17503)
(0.224055 0.224055 1.16326)
(0.0742331 0.244251 1.14064)
(-0.0812393 0.081239 1.09709)
(-0.244251 0.0742335 1.14064)
(-0.331413 0.0604527 1.20706)
(-0.381312 -0.00173339 1.34488)
(-0.210781 -0.0346799 1.41438)
(0.210784 -0.0346813 1.41438)
(0.381313 -0.00173552 1.34488)
(0.331413 0.0604519 1.20706)
(0.244251 0.0742331 1.14064)
(0.0812389 0.0812389 1.09709)
(-0.0722463 -0.0722463 1.24787)
(-0.227487 -0.0687317 1.27374)
(-0.301494 -0.0706369 1.29661)
(-0.365828 -0.0326726 1.36461)
(-0.209858 -0.113764 1.3304)
(0.209861 -0.113763 1.3304)
(0.365828 -0.0326701 1.36461)
(0.301493 -0.070636 1.29662)
(0.227486 -0.0687311 1.27374)
(0.0722459 -0.072246 1.24787)
(-0.0687317 -0.227487 1.27374)
(-0.226618 -0.226618 1.27087)
(-0.265875 -0.256024 1.23058)
(-0.383201 -0.233538 1.15956)
(-0.272171 -0.392306 0.351193)
(0.272177 -0.392303 0.351195)
(0.383202 -0.233531 1.15956)
(0.265872 -0.256021 1.23058)
(0.226616 -0.226616 1.27087)
(0.0687309 -0.227486 1.27374)
(-0.0706369 -0.301494 1.29661)
(-0.256024 -0.265875 1.23058)
(-0.280635 -0.280635 0.810648)
(-0.422342 0.112337 -0.445875)
(-0.297417 0.0267589 -2.42274)
(0.297417 0.0267625 -2.42274)
(0.422347 0.112354 -0.445868)
(0.280629 -0.280628 0.810652)
(0.256021 -0.265871 1.23058)
(0.0706356 -0.301493 1.29662)
(-0.0326725 -0.365828 1.36461)
(-0.233538 -0.383201 1.15956)
(0.112337 -0.422342 -0.445875)
(0.0465311 0.0465311 -2.25456)
(-0.0864174 0.0361442 -3.7424)
(0.0864166 0.0361443 -3.7424)
(-0.04653 0.0465369 -2.25454)
(-0.112352 -0.422333 -0.445874)
(0.233531 -0.383199 1.15956)
(0.0326692 -0.365828 1.36461)
(-0.113764 -0.209858 1.3304)
(-0.392306 -0.272171 0.351193)
(0.026759 -0.297417 -2.42274)
(0.0361442 -0.0864174 -3.7424)
(-0.00791259 -0.00791259 -3.76669)
(0.00791237 -0.00791236 -3.76669)
(-0.036144 -0.086418 -3.7424)
(-0.0267556 -0.297416 -2.42275)
(0.392302 -0.27217 0.351188)
(0.113761 -0.209859 1.33041)
(-0.113763 0.209861 1.3304)
(-0.392303 0.272177 0.351195)
(0.0267625 0.297417 -2.42274)
(0.0361443 0.0864166 -3.7424)
(-0.00791237 0.00791238 -3.76669)
(0.00791214 0.00791214 -3.76669)
(-0.0361438 0.0864171 -3.7424)
(-0.026759 0.297415 -2.42275)
(0.3923 0.272177 0.35119)
(0.11376 0.209862 1.33041)
(-0.0326701 0.365828 1.36461)
(-0.233531 0.383202 1.15956)
(0.112354 0.422347 -0.445868)
(0.0465369 -0.04653 -2.25454)
(-0.086418 -0.036144 -3.7424)
(0.0864171 -0.0361438 -3.7424)
(-0.0465358 -0.0465358 -2.25452)
(-0.112368 0.422339 -0.445866)
(0.233525 0.3832 1.15956)
(0.0326669 0.365828 1.36461)
(-0.070636 0.301493 1.29662)
(-0.256021 0.265872 1.23058)
(-0.280628 0.280629 0.810652)
(-0.422333 -0.112352 -0.445874)
(-0.297416 -0.0267556 -2.42275)
(0.297415 -0.026759 -2.42275)
(0.422339 -0.112368 -0.445866)
(0.280623 0.280623 0.810655)
(0.256019 0.265869 1.23058)
(0.0706347 0.301492 1.29662)
(-0.0687311 0.227486 1.27374)
(-0.226616 0.226616 1.27087)
(-0.265871 0.256021 1.23058)
(-0.383199 0.233531 1.15956)
(-0.27217 0.392302 0.351188)
(0.272177 0.3923 0.35119)
(0.3832 0.233525 1.15956)
(0.265869 0.256019 1.23058)
(0.226615 0.226615 1.27087)
(0.0687304 0.227486 1.27374)
(-0.072246 0.0722459 1.24787)
(-0.227486 0.0687309 1.27374)
(-0.301493 0.0706356 1.29662)
(-0.365828 0.0326692 1.36461)
(-0.209859 0.113761 1.33041)
(0.209862 0.11376 1.33041)
(0.365828 0.0326669 1.36461)
(0.301492 0.0706347 1.29662)
(0.227486 0.0687304 1.27374)
(0.0722457 0.0722457 1.24787)
(-0.0670445 -0.0670445 1.38959)
(-0.221427 -0.0679783 1.40598)
(-0.29169 -0.0854912 1.41192)
(-0.375848 -0.0664497 1.44138)
(-0.234321 -0.270945 1.35784)
(0.234324 -0.270944 1.35784)
(0.375849 -0.0664476 1.44138)
(0.291689 -0.0854904 1.41192)
(0.221427 -0.0679778 1.40598)
(0.0670442 -0.0670443 1.38959)
(-0.0679783 -0.221427 1.40598)
(-0.240388 -0.240388 1.39083)
(-0.295121 -0.328372 1.33834)
(-0.512841 -0.378206 1.18426)
(-0.394777 -0.598594 0.0895819)
(0.394781 -0.598593 0.0895843)
(0.512842 -0.378201 1.18426)
(0.295119 -0.32837 1.33834)
(0.240387 -0.240387 1.39083)
(0.0679777 -0.221427 1.40598)
(-0.0854912 -0.29169 1.41192)
(-0.328372 -0.295121 1.33834)
(-0.385416 -0.385416 0.894557)
(-0.614854 0.210456 -0.563229)
(-0.202243 0.0392737 -2.81218)
(0.20224 0.0392737 -2.81218)
(0.61486 0.210467 -0.563222)
(0.385412 -0.385409 0.894562)
(0.328369 -0.295118 1.33834)
(0.0854901 -0.291689 1.41193)
(-0.0664497 -0.375848 1.44138)
(-0.378206 -0.512841 1.18426)
(0.210456 -0.614854 -0.563229)
(0.0459153 0.0459152 -2.1164)
(-0.0634774 -0.040833 -3.74058)
(0.0634766 -0.0408329 -3.74059)
(-0.0459172 0.045917 -2.11637)
(-0.210465 -0.614844 -0.563226)
(0.378201 -0.512838 1.18426)
(0.0664472 -0.375847 1.44138)
(-0.270945 -0.234321 1.35784)
(-0.598594 -0.394777 0.089582)
(0.0392737 -0.202243 -2.81218)
(-0.040833 -0.0634774 -3.74058)
(-0.0163046 -0.0163046 -3.77197)
(0.0163043 -0.0163042 -3.77197)
(0.0408333 -0.0634773 -3.74059)
(-0.0392708 -0.202243 -2.81218)
(0.59859 -0.394776 0.0895783)
(0.270942 -0.234321 1.35784)
(-0.270944 0.234324 1.35784)
(-0.598593 0.394781 0.0895843)
(0.0392737 0.20224 -2.81218)
(-0.0408329 0.0634766 -3.74059)
(-0.0163042 0.0163043 -3.77197)
(0.0163039 0.0163039 -3.77197)
(0.0408331 0.0634765 -3.74059)
(-0.0392707 0.202239 -2.81218)
(0.598589 0.39478 0.0895807)
(0.270941 0.234324 1.35784)
(-0.0664476 0.375849 1.44138)
(-0.378201 0.512842 1.18426)
(0.210467 0.61486 -0.563222)
(0.045917 -0.0459172 -2.11637)
(-0.0634773 0.0408332 -3.74059)
(0.0634765 0.0408331 -3.74059)
(-0.0459191 -0.0459191 -2.11635)
(-0.210476 0.61485 -0.563218)
(0.378197 0.512839 1.18426)
(0.0664452 0.375848 1.44138)
(-0.0854904 0.291689 1.41192)
(-0.32837 0.295119 1.33834)
(-0.385409 0.385412 0.894562)
(-0.614844 -0.210465 -0.563226)
(-0.202243 -0.0392708 -2.81218)
(0.202239 -0.0392707 -2.81218)
(0.61485 -0.210476 -0.563218)
(0.385406 0.385406 0.894566)
(0.328367 0.295116 1.33834)
(0.0854894 0.291689 1.41192)
(-0.0679778 0.221427 1.40598)
(-0.240387 0.240387 1.39083)
(-0.295118 0.328369 1.33834)
(-0.512838 0.378201 1.18426)
(-0.394776 0.59859 0.0895784)
(0.39478 0.598589 0.0895808)
(0.512839 0.378197 1.18426)
(0.295116 0.328367 1.33834)
(0.240386 0.240386 1.39082)
(0.0679772 0.221426 1.40598)
(-0.0670443 0.0670442 1.38959)
(-0.221427 0.0679777 1.40598)
(-0.291689 0.0854901 1.41193)
(-0.375847 0.0664472 1.44138)
(-0.234321 0.270942 1.35784)
(0.234324 0.270941 1.35784)
(0.375848 0.0664452 1.44138)
(0.291689 0.0854894 1.41192)
(0.221426 0.0679772 1.40598)
(0.067044 0.067044 1.38959)
(-0.0634033 -0.0634033 1.52784)
(-0.218151 -0.0690209 1.54228)
(-0.288428 -0.09705 1.55246)
(-0.394954 -0.105609 1.56937)
(-0.271564 -0.426997 1.45598)
(0.271566 -0.426996 1.45598)
(0.394955 -0.105608 1.56936)
(0.288427 -0.0970494 1.55246)
(0.21815 -0.0690205 1.54228)
(0.0634031 -0.0634031 1.52784)
(-0.0690209 -0.218151 1.54228)
(-0.252964 -0.252964 1.52505)
(-0.333678 -0.36892 1.48746)
(-0.654363 -0.468321 1.1988)
(-0.47447 -0.618277 -0.32907)
(0.474471 -0.618276 -0.329068)
(0.654365 -0.468319 1.1988)
(0.333676 -0.368917 1.48745)
(0.252963 -0.252964 1.52505)
(0.0690204 -0.21815 1.54228)
(-0.09705 -0.288428 1.55246)
(-0.36892 -0.333678 1.48746)
(-0.422982 -0.422982 1.03038)
(-0.632243 0.283835 -0.786631)
(-0.0643886 -0.00985022 -3.16087)
(0.0643874 -0.00985113 -3.16087)
(0.632247 0.283836 -0.786624)
(0.422983 -0.422976 1.03039)
(0.368917 -0.333676 1.48745)
(0.0970494 -0.288427 1.55246)
(-0.105609 -0.394954 1.56937)
(-0.468321 -0.654363 1.1988)
(0.283835 -0.632243 -0.786631)
(0.0712224 0.0712224 -1.89251)
(-0.0468806 -0.139535 -3.73678)
(0.04688 -0.139535 -3.73678)
(-0.0712263 0.0712224 -1.89248)
(-0.283836 -0.632236 -0.786626)
(0.468319 -0.654361 1.1988)
(0.105608 -0.394953 1.56936)
(-0.426997 -0.271564 1.45598)
(-0.618277 -0.47447 -0.32907)
(-0.00985019 -0.0643886 -3.16087)
(-0.139535 -0.0468806 -3.73678)
(-0.0214317 -0.0214317 -3.82103)
(0.0214315 -0.0214315 -3.82103)
(0.139535 -0.0468802 -3.73678)
(0.00985099 -0.0643883 -3.16087)
(0.618275 -0.474471 -0.329071)
(0.426995 -0.271563 1.45598)
(-0.426996 0.271566 1.45598)
(-0.618276 0.474471 -0.329068)
(-0.00985113 0.0643874 -3.16087)
(-0.139535 0.04688 -3.73678)
(-0.0214315 0.0214316 -3.82103)
(0.0214313 0.0214313 -3.82103)
(0.139535 0.0468796 -3.73678)
(0.00985201 0.064387 -3.16087)
(0.618275 0.474471 -0.329069)
(0.426995 0.271565 1.45598)
(-0.105608 0.394955 1.56936)
(-0.468319 0.654365 1.1988)
(0.283836 0.632247 -0.786624)
(0.0712224 -0.0712263 -1.89248)
(-0.0468803 0.139535 -3.73678)
(0.0468796 0.139535 -3.73678)
(-0.0712264 -0.0712265 -1.89245)
(-0.283836 0.63224 -0.786619)
(0.468318 0.654363 1.1988)
(0.105607 0.394954 1.56936)
(-0.0970494 0.288427 1.55246)
(-0.368917 0.333676 1.48745)
(-0.422976 0.422983 1.03039)
(-0.632236 -0.283836 -0.786626)
(-0.0643883 0.00985098 -3.16087)
(0.064387 0.00985197 -3.16087)
(0.63224 -0.283836 -0.786619)
(0.422978 0.422978 1.03039)
(0.368915 0.333675 1.48745)
(0.0970488 0.288427 1.55246)
(-0.0690205 0.21815 1.54228)
(-0.252964 0.252963 1.52505)
(-0.333676 0.368917 1.48745)
(-0.654361 0.468319 1.1988)
(-0.474471 0.618275 -0.329071)
(0.474471 0.618275 -0.329069)
(0.654363 0.468318 1.1988)
(0.333675 0.368915 1.48745)
(0.252963 0.252963 1.52505)
(0.0690201 0.21815 1.54228)
(-0.0634031 0.0634031 1.52784)
(-0.21815 0.0690204 1.54228)
(-0.288427 0.0970494 1.55246)
(-0.394953 0.105608 1.56936)
(-0.271563 0.426995 1.45598)
(0.271565 0.426995 1.45598)
(0.394954 0.105607 1.56936)
(0.288427 0.0970488 1.55246)
(0.21815 0.0690201 1.54228)
(0.0634029 0.0634029 1.52784)
(-0.0595885 -0.0595885 1.66313)
(-0.211689 -0.0694752 1.68156)
(-0.282079 -0.101627 1.71148)
(-0.411193 -0.146171 1.73464)
(-0.304582 -0.556464 1.56317)
(0.304583 -0.556464 1.56318)
(0.411193 -0.14617 1.73464)
(0.282079 -0.101627 1.71148)
(0.211689 -0.0694751 1.68156)
(0.0595884 -0.0595884 1.66313)
(-0.0694752 -0.211689 1.68156)
(-0.255875 -0.255875 1.67192)
(-0.367878 -0.372927 1.66298)
(-0.766392 -0.471591 1.16978)
(-0.433802 -0.441253 -0.836754)
(0.4338 -0.441252 -0.836752)
(0.766394 -0.471589 1.16978)
(0.367877 -0.372926 1.66298)
(0.255874 -0.255875 1.67192)
(0.069475 -0.211688 1.68156)
(-0.101627 -0.282079 1.71148)
(-0.372927 -0.367878 1.66298)
(-0.392449 -0.392449 1.14284)
(-0.477099 0.279465 -1.07515)
(-0.0202725 -0.0915415 -3.36914)
(0.0202722 -0.0915419 -3.36914)
(0.477098 0.27946 -1.07514)
(0.392452 -0.392447 1.14284)
(0.372926 -0.367877 1.66298)
(0.101627 -0.282079 1.71148)
(-0.146171 -0.411193 1.73464)
(-0.471591 -0.766392 1.16978)
(0.279465 -0.477099 -1.07515)
(0.134221 0.134221 -1.67866)
(-0.0396406 -0.209934 -3.73099)
(0.0396403 -0.209933 -3.73099)
(-0.134222 0.134223 -1.67863)
(-0.279461 -0.477097 -1.07514)
(0.471593 -0.76639 1.16978)
(0.146171 -0.411192 1.73464)
(-0.556464 -0.304582 1.56317)
(-0.441253 -0.433802 -0.836754)
(-0.0915415 -0.0202726 -3.36914)
(-0.209934 -0.0396406 -3.73099)
(-0.0133213 -0.0133213 -3.90999)
(0.0133221 -0.0133223 -3.90999)
(0.209934 -0.0396403 -3.731)
(0.0915411 -0.0202722 -3.36914)
(0.441253 -0.433803 -0.836755)
(0.556463 -0.304581 1.56318)
(-0.556464 0.304583 1.56318)
(-0.441252 0.4338 -0.836752)
(-0.0915419 0.0202722 -3.36914)
(-0.209933 0.0396403 -3.73099)
(-0.0133223 0.0133221 -3.90999)
(0.0133232 0.0133231 -3.90999)
(0.209934 0.03964 -3.731)
(0.0915416 0.0202718 -3.36914)
(0.441252 0.433802 -0.836754)
(0.556462 0.304582 1.56318)
(-0.14617 0.411193 1.73464)
(-0.471589 0.766394 1.16978)
(0.27946 0.477098 -1.07514)
(0.134223 -0.134222 -1.67863)
(-0.0396403 0.209934 -3.731)
(0.03964 0.209934 -3.731)
(-0.134225 -0.134225 -1.67861)
(-0.279455 0.477097 -1.07514)
(0.471592 0.766392 1.16978)
(0.146171 0.411193 1.73463)
(-0.101627 0.282079 1.71148)
(-0.372926 0.367877 1.66298)
(-0.392447 0.392452 1.14284)
(-0.477097 -0.279461 -1.07514)
(-0.0202722 0.0915411 -3.36914)
(0.0202718 0.0915416 -3.36914)
(0.477097 -0.279455 -1.07514)
(0.392451 0.392451 1.14285)
(0.372925 0.367877 1.66298)
(0.101627 0.282079 1.71148)
(-0.0694751 0.211688 1.68156)
(-0.255875 0.255874 1.67192)
(-0.367877 0.372926 1.66298)
(-0.76639 0.471593 1.16978)
(-0.433803 0.441253 -0.836755)
(0.433802 0.441252 -0.836753)
(0.766392 0.471592 1.16978)
(0.367877 0.372925 1.66298)
(0.255874 0.255874 1.67192)
(0.0694749 0.211688 1.68156)
(-0.0595884 0.0595884 1.66313)
(-0.211688 0.069475 1.68156)
(-0.282079 0.101627 1.71148)
(-0.411192 0.146171 1.73464)
(-0.304581 0.556462 1.56318)
(0.304582 0.556462 1.56318)
(0.411193 0.146171 1.73463)
(0.282079 0.101627 1.71148)
(0.211688 0.0694749 1.68156)
(0.0595883 0.0595883 1.66313)
(-0.0542981 -0.0542981 1.79247)
(-0.197764 -0.0677083 1.81892)
(-0.265705 -0.0967904 1.87656)
(-0.411699 -0.178033 1.91291)
(-0.317445 -0.589738 1.62778)
(0.317446 -0.589738 1.62778)
(0.411699 -0.178034 1.91291)
(0.265705 -0.0967906 1.87656)
(0.197764 -0.0677084 1.81892)
(0.0542981 -0.0542981 1.79247)
(-0.0677083 -0.197764 1.81892)
(-0.243446 -0.243446 1.82496)
(-0.381562 -0.332291 1.84373)
(-0.79694 -0.391273 1.07917)
(-0.326629 -0.231125 -1.29507)
(0.326627 -0.231125 -1.29507)
(0.796941 -0.391273 1.07917)
(0.381562 -0.332291 1.84373)
(0.243446 -0.243446 1.82496)
(0.0677083 -0.197764 1.81892)
(-0.0967904 -0.265705 1.87656)
(-0.332291 -0.381561 1.84373)
(-0.30658 -0.30658 1.19312)
(-0.310556 0.234129 -1.31915)
(-0.00963733 -0.153956 -3.46852)
(0.00963705 -0.153956 -3.46852)
(0.310554 0.234123 -1.31915)
(0.306582 -0.306583 1.19313)
(0.332292 -0.381563 1.84373)
(0.0967907 -0.265705 1.87656)
(-0.178033 -0.411699 1.91291)
(-0.391273 -0.79694 1.07917)
(0.234129 -0.310556 -1.31915)
(0.183286 0.183286 -1.52598)
(-0.029524 -0.22376 -3.72676)
(0.0295241 -0.22376 -3.72676)
(-0.183284 0.183288 -1.52595)
(-0.234122 -0.310556 -1.31915)
(0.391276 -0.79694 1.07917)
(0.178035 -0.411698 1.91291)
(-0.589738 -0.317445 1.62778)
(-0.231125 -0.326629 -1.29507)
(-0.153956 -0.00963734 -3.46852)
(-0.22376 -0.029524 -3.72676)
(0.0360074 0.0360076 -4.06371)
(-0.036005 0.0360044 -4.06371)
(0.223761 -0.0295239 -3.72676)
(0.153956 -0.00963695 -3.46852)
(0.231123 -0.326629 -1.29507)
(0.589737 -0.317445 1.62778)
(-0.589738 0.317446 1.62778)
(-0.231125 0.326627 -1.29507)
(-0.153956 0.00963705 -3.46852)
(-0.22376 0.0295241 -3.72676)
(0.0360044 -0.0360052 -4.06371)
(-0.0360019 -0.036002 -4.06371)
(0.223761 0.029524 -3.72676)
(0.153956 0.00963666 -3.46852)
(0.231124 0.326627 -1.29507)
(0.589737 0.317445 1.62778)
(-0.178034 0.411699 1.91291)
(-0.391273 0.79694 1.07917)
(0.234123 0.310554 -1.31915)
(0.183288 -0.183284 -1.52595)
(-0.0295239 0.223761 -3.72676)
(0.029524 0.223761 -3.72676)
(-0.183287 -0.183287 -1.52593)
(-0.234115 0.310554 -1.31915)
(0.391276 0.79694 1.07917)
(0.178036 0.411698 1.91291)
(-0.0967906 0.265705 1.87656)
(-0.332291 0.381562 1.84373)
(-0.306583 0.306582 1.19313)
(-0.310556 -0.234122 -1.31915)
(-0.00963695 0.153956 -3.46852)
(0.00963667 0.153956 -3.46852)
(0.310554 -0.234115 -1.31915)
(0.306585 0.306585 1.19313)
(0.332293 0.381564 1.84373)
(0.096791 0.265705 1.87656)
(-0.0677084 0.197764 1.81892)
(-0.243446 0.243446 1.82496)
(-0.381563 0.332292 1.84373)
(-0.79694 0.391276 1.07917)
(-0.326629 0.231123 -1.29507)
(0.326627 0.231124 -1.29507)
(0.79694 0.391276 1.07917)
(0.381564 0.332293 1.84373)
(0.243446 0.243446 1.82496)
(0.0677085 0.197764 1.81892)
(-0.0542981 0.0542981 1.79247)
(-0.197764 0.0677083 1.81892)
(-0.265705 0.0967907 1.87656)
(-0.411698 0.178035 1.91291)
(-0.317445 0.589737 1.62778)
(0.317445 0.589737 1.62778)
(0.411698 0.178036 1.91291)
(0.265705 0.096791 1.87656)
(0.197764 0.0677085 1.81892)
(0.0542981 0.0542981 1.79247)
(-0.0467529 -0.0467529 1.91063)
(-0.174965 -0.0629952 1.94714)
(-0.236346 -0.0834046 2.03004)
(-0.394615 -0.188677 2.07451)
(-0.308228 -0.548273 1.64138)
(0.308228 -0.548273 1.64139)
(0.394615 -0.188678 2.07451)
(0.236346 -0.0834051 2.03004)
(0.174965 -0.0629954 1.94714)
(0.046753 -0.0467529 1.91063)
(-0.0629952 -0.174965 1.94714)
(-0.215505 -0.215505 1.97233)
(-0.367074 -0.260791 2.01266)
(-0.736939 -0.265049 0.947495)
(-0.217958 -0.10588 -1.67657)
(0.217958 -0.10588 -1.67657)
(0.736939 -0.26505 0.947496)
(0.367075 -0.260794 2.01266)
(0.215506 -0.215506 1.97233)
(0.0629954 -0.174965 1.94714)
(-0.0834046 -0.236346 2.03004)
(-0.260791 -0.367074 2.01266)
(-0.199101 -0.1991 1.19337)
(-0.202562 0.185613 -1.50475)
(0.00370598 -0.182943 -3.50045)
(-0.00370595 -0.182943 -3.50045)
(0.202562 0.185609 -1.50475)
(0.199103 -0.199104 1.19337)
(0.260794 -0.367076 2.01266)
(0.0834053 -0.236346 2.03004)
(-0.188677 -0.394615 2.07451)
(-0.265049 -0.736939 0.947495)
(0.185613 -0.202562 -1.50475)
(0.171388 0.171388 -1.43774)
(0.0736271 -0.22407 -3.74381)
(-0.0736261 -0.22407 -3.74381)
(-0.171385 0.17139 -1.43772)
(-0.185607 -0.202561 -1.50475)
(0.265051 -0.73694 0.947493)
(0.188679 -0.394615 2.07451)
(-0.548273 -0.308228 1.64138)
(-0.10588 -0.217958 -1.67657)
(-0.182943 0.00370598 -3.50045)
(-0.22407 0.0736271 -3.74381)
(0.0682021 0.0682022 -4.11391)
(-0.0681993 0.0681994 -4.11391)
(0.22407 0.0736276 -3.74381)
(0.182943 0.0037063 -3.50045)
(0.105879 -0.217958 -1.67657)
(0.548273 -0.308228 1.64138)
(-0.548273 0.308228 1.64139)
(-0.10588 0.217958 -1.67657)
(-0.182943 -0.00370595 -3.50045)
(-0.22407 -0.0736261 -3.74381)
(0.0681994 -0.0681995 -4.11391)
(-0.0681966 -0.0681967 -4.11391)
(0.22407 -0.0736267 -3.74381)
(0.182943 -0.00370627 -3.50045)
(0.105879 0.217957 -1.67657)
(0.548273 0.308228 1.64139)
(-0.188678 0.394615 2.07451)
(-0.26505 0.736939 0.947496)
(0.185609 0.202562 -1.50475)
(0.17139 -0.171385 -1.43772)
(0.0736276 0.22407 -3.74381)
(-0.0736268 0.22407 -3.74381)
(-0.171387 -0.171387 -1.4377)
(-0.185602 0.202561 -1.50475)
(0.265052 0.736939 0.947493)
(0.188681 0.394615 2.07451)
(-0.0834051 0.236346 2.03004)
(-0.260794 0.367075 2.01266)
(-0.199105 0.199103 1.19337)
(-0.202561 -0.185607 -1.50475)
(0.00370631 0.182943 -3.50045)
(-0.00370628 0.182943 -3.50045)
(0.202561 -0.185602 -1.50475)
(0.199108 0.199108 1.19338)
(0.260797 0.367078 2.01266)
(0.0834058 0.236346 2.03004)
(-0.0629955 0.174965 1.94714)
(-0.215506 0.215506 1.97233)
(-0.367076 0.260794 2.01266)
(-0.73694 0.265051 0.947493)
(-0.217958 0.105879 -1.67657)
(0.217957 0.105879 -1.67657)
(0.73694 0.265052 0.947493)
(0.367078 0.260797 2.01266)
(0.215507 0.215507 1.97233)
(0.0629958 0.174965 1.94714)
(-0.0467529 0.046753 1.91063)
(-0.174965 0.0629954 1.94714)
(-0.236346 0.0834053 2.03004)
(-0.394615 0.188679 2.07451)
(-0.308228 0.548273 1.64138)
(0.308228 0.548273 1.64139)
(0.394615 0.188681 2.07451)
(0.236346 0.0834058 2.03004)
(0.174966 0.0629958 1.94714)
(0.0467531 0.0467531 1.91063)
(-0.0365871 -0.0365871 2.01161)
(-0.144039 -0.0543775 2.05858)
(-0.192924 -0.0627738 2.15828)
(-0.359559 -0.169214 2.20116)
(-0.286366 -0.465908 1.6119)
(0.286366 -0.465909 1.6119)
(0.359559 -0.169216 2.20116)
(0.192925 -0.0627744 2.15828)
(0.14404 -0.0543779 2.05858)
(0.0365872 -0.0365872 2.01161)
(-0.0543775 -0.144039 2.05858)
(-0.17484 -0.17484 2.10525)
(-0.31754 -0.172576 2.1421)
(-0.623042 -0.12208 0.809999)
(-0.126787 -0.0658255 -1.9768)
(0.126787 -0.0658251 -1.9768)
(0.623042 -0.122082 0.81)
(0.317542 -0.172578 2.1421)
(0.174842 -0.174841 2.10525)
(0.0543779 -0.144039 2.05858)
(-0.0627738 -0.192924 2.15828)
(-0.172576 -0.31754 2.1421)
(-0.0775918 -0.0775918 1.17707)
(-0.139912 0.151233 -1.61658)
(0.0373917 -0.200265 -3.5012)
(-0.0373915 -0.200265 -3.5012)
(0.139912 0.15123 -1.61658)
(0.0775958 -0.0775948 1.17707)
(0.172579 -0.317542 2.1421)
(0.0627747 -0.192924 2.15828)
(-0.169214 -0.359559 2.20116)
(-0.12208 -0.623042 0.809999)
(0.151233 -0.139912 -1.61658)
(0.144743 0.144743 -1.44233)
(0.229339 -0.213217 -3.74173)
(-0.22934 -0.213217 -3.74173)
(-0.144741 0.144744 -1.44231)
(-0.151229 -0.13991 -1.61658)
(0.12208 -0.623043 0.809998)
(0.169216 -0.359559 2.20116)
(-0.465908 -0.286366 1.6119)
(-0.0658254 -0.126787 -1.9768)
(-0.200265 0.0373917 -3.5012)
(-0.213217 0.22934 -3.74173)
(-0.0106567 -0.0106566 -4.20265)
(0.0106599 -0.0106604 -4.20265)
(0.213217 0.229342 -3.74173)
(0.200265 0.037392 -3.5012)
(0.0658252 -0.126787 -1.9768)
(0.465909 -0.286366 1.6119)
(-0.465909 0.286366 1.6119)
(-0.0658251 0.126787 -1.9768)
(-0.200265 -0.0373915 -3.5012)
(-0.213217 -0.22934 -3.74173)
(-0.0106604 0.0106598 -4.20265)
(0.0106636 0.0106635 -4.20265)
(0.213217 -0.229342 -3.74172)
(0.200265 -0.0373918 -3.5012)
(0.0658249 0.126786 -1.9768)
(0.465909 0.286366 1.6119)
(-0.169216 0.359559 2.20116)
(-0.122082 0.623042 0.81)
(0.15123 0.139912 -1.61658)
(0.144744 -0.144741 -1.44231)
(0.229342 0.213217 -3.74173)
(-0.229342 0.213217 -3.74172)
(-0.144742 -0.144742 -1.4423)
(-0.151225 0.139911 -1.61658)
(0.122082 0.623042 0.809998)
(0.169218 0.359559 2.20116)
(-0.0627744 0.192925 2.15828)
(-0.172578 0.317542 2.1421)
(-0.0775948 0.0775958 1.17707)
(-0.13991 -0.151229 -1.61658)
(0.037392 0.200265 -3.5012)
(-0.0373918 0.200265 -3.5012)
(0.139911 -0.151225 -1.61658)
(0.0775991 0.0775991 1.17708)
(0.172581 0.317544 2.1421)
(0.0627753 0.192925 2.15828)
(-0.0543779 0.14404 2.05858)
(-0.174841 0.174842 2.10525)
(-0.317542 0.172579 2.1421)
(-0.623043 0.12208 0.809998)
(-0.126787 0.0658252 -1.9768)
(0.126786 0.0658249 -1.9768)
(0.623043 0.122082 0.809998)
(0.317544 0.172581 2.1421)
(0.174842 0.174842 2.10525)
(0.0543783 0.14404 2.05858)
(-0.0365872 0.0365872 2.01161)
(-0.144039 0.0543779 2.05858)
(-0.192924 0.0627747 2.15828)
(-0.359559 0.169216 2.20116)
(-0.286366 0.465909 1.6119)
(0.286366 0.465909 1.6119)
(0.359559 0.169218 2.20116)
(0.192925 0.0627752 2.15828)
(0.14404 0.0543783 2.05858)
(0.0365874 0.0365874 2.01161)
(-0.0236931 -0.0236931 2.0897)
(-0.106797 -0.0409202 2.14582)
(-0.1379 -0.0353867 2.25278)
(-0.304974 -0.12239 2.28434)
(-0.254583 -0.361585 1.56475)
(0.254583 -0.361586 1.56476)
(0.304973 -0.122392 2.28434)
(0.1379 -0.0353871 2.25278)
(0.106797 -0.0409206 2.14582)
(0.0236932 -0.0236932 2.0897)
(-0.0409202 -0.106797 2.14582)
(-0.124312 -0.124312 2.21467)
(-0.23608 -0.0847868 2.22651)
(-0.471012 -0.00296937 0.691764)
(-0.0480228 -0.0554853 -2.17972)
(0.0480228 -0.0554848 -2.17972)
(0.471012 -0.00297077 0.691765)
(0.236082 -0.0847887 2.22651)
(0.124313 -0.124313 2.21467)
(0.0409207 -0.106797 2.14582)
(-0.0353867 -0.1379 2.25278)
(-0.0847868 -0.23608 2.22651)
(0.0352714 0.0352714 1.17335)
(-0.101354 0.114675 -1.65397)
(0.0855654 -0.222056 -3.48304)
(-0.0855652 -0.222056 -3.48304)
(0.101354 0.114672 -1.65397)
(-0.0352675 0.0352702 1.17335)
(0.0847889 -0.236082 2.22651)
(0.0353874 -0.137899 2.25278)
(-0.12239 -0.304974 2.28434)
(-0.00296936 -0.471012 0.691764)
(0.114675 -0.101354 -1.65397)
(0.0969402 0.0969403 -1.52712)
(0.291063 -0.187758 -3.65628)
(-0.291063 -0.187758 -3.65628)
(-0.0969393 0.0969413 -1.52711)
(-0.114672 -0.101353 -1.65397)
(0.0029684 -0.471012 0.691763)
(0.122391 -0.304973 2.28435)
(-0.361585 -0.254583 1.56475)
(-0.0554852 -0.0480227 -2.17972)
(-0.222056 0.0855654 -3.48304)
(-0.187758 0.291063 -3.65628)
(-0.0664142 -0.0664141 -4.34513)
(0.066416 -0.0664174 -4.34513)
(0.187757 0.291065 -3.65628)
(0.222056 0.0855659 -3.48304)
(0.0554849 -0.0480223 -2.17972)
(0.361586 -0.254583 1.56475)
(-0.361586 0.254583 1.56476)
(-0.0554849 0.0480228 -2.17972)
(-0.222056 -0.0855652 -3.48304)
(-0.187758 -0.291063 -3.65628)
(-0.0664173 0.0664159 -4.34513)
(0.0664191 0.0664191 -4.34513)
(0.187757 -0.291066 -3.65628)
(0.222056 -0.0855656 -3.48304)
(0.0554846 0.0480224 -2.17972)
(0.361586 0.254583 1.56476)
(-0.122392 0.304973 2.28434)
(-0.0029708 0.471012 0.691765)
(0.114672 0.101354 -1.65397)
(0.0969413 -0.0969393 -1.52711)
(0.291065 0.187757 -3.65628)
(-0.291066 0.187757 -3.65628)
(-0.0969402 -0.0969402 -1.52709)
(-0.114668 0.101353 -1.65397)
(0.00297002 0.471012 0.691763)
(0.122393 0.304973 2.28435)
(-0.0353871 0.1379 2.25278)
(-0.0847887 0.236082 2.22651)
(0.0352701 -0.0352675 1.17335)
(-0.101353 -0.114672 -1.65397)
(0.0855659 0.222056 -3.48304)
(-0.0855656 0.222056 -3.48304)
(0.101353 -0.114668 -1.65397)
(-0.0352659 -0.035266 1.17336)
(0.084791 0.236084 2.22651)
(0.0353879 0.1379 2.25278)
(-0.0409206 0.106797 2.14582)
(-0.124313 0.124313 2.21467)
(-0.236082 0.0847889 2.22651)
(-0.471012 0.00296844 0.691763)
(-0.0480223 0.0554849 -2.17972)
(0.0480224 0.0554846 -2.17972)
(0.471012 0.00297002 0.691763)
(0.236084 0.0847909 2.22651)
(0.124314 0.124314 2.21467)
(0.040921 0.106798 2.14582)
(-0.0236932 0.0236932 2.0897)
(-0.106797 0.0409207 2.14582)
(-0.1379 0.0353874 2.25278)
(-0.304973 0.122391 2.28435)
(-0.254583 0.361586 1.56475)
(0.254583 0.361586 1.56476)
(0.304973 0.122393 2.28435)
(0.1379 0.0353879 2.25278)
(0.106798 0.040921 2.14582)
(0.0236934 0.0236934 2.0897)
(-0.00820287 -0.00820286 2.14085)
(-0.0691486 -0.0225753 2.20431)
(-0.0770017 -0.00368694 2.31012)
(-0.231575 -0.0583353 2.32803)
(-0.214711 -0.254892 1.51649)
(0.214711 -0.254893 1.51649)
(0.231575 -0.0583364 2.32803)
(0.0770022 -0.0036872 2.31012)
(0.0691489 -0.0225756 2.20431)
(0.00820302 -0.0082029 2.14085)
(-0.0225753 -0.0691485 2.20431)
(-0.068403 -0.068403 2.29294)
(-0.135702 -0.00783861 2.2687)
(-0.315895 0.0838289 0.615388)
(0.0144481 -0.0355443 -2.26883)
(-0.0144481 -0.0355439 -2.26883)
(0.315895 0.083829 0.615389)
(0.135704 -0.0078394 2.2687)
(0.0684038 -0.0684033 2.29294)
(0.0225757 -0.0691485 2.20431)
(-0.00368695 -0.0770017 2.31012)
(-0.00783863 -0.135702 2.2687)
(0.123537 0.123537 1.18924)
(-0.0610197 0.0659423 -1.65494)
(0.152241 -0.268965 -3.45856)
(-0.15224 -0.268965 -3.45856)
(0.0610203 0.0659396 -1.65494)
(-0.123535 0.123538 1.18924)
(0.00783954 -0.135702 2.2687)
(0.00368735 -0.0770011 2.31012)
(-0.0583353 -0.231575 2.32803)
(0.0838289 -0.315895 0.615389)
(0.0659423 -0.0610197 -1.65494)
(0.0235529 0.0235529 -1.66053)
(0.312206 -0.192248 -3.59377)
(-0.312206 -0.192247 -3.59377)
(-0.0235539 0.0235542 -1.66052)
(-0.0659396 -0.0610191 -1.65494)
(-0.0838306 -0.315894 0.615389)
(0.0583352 -0.231574 2.32803)
(-0.254892 -0.214711 1.51649)
(-0.0355443 0.0144481 -2.26883)
(-0.268965 0.152241 -3.45856)
(-0.192248 0.312206 -3.59377)
(-0.0251042 -0.0251042 -4.47071)
(0.0251038 -0.0251059 -4.47071)
(0.192245 0.312208 -3.59377)
(0.268966 0.152241 -3.45856)
(0.0355437 0.0144483 -2.26883)
(0.254893 -0.214711 1.51649)
(-0.254893 0.214711 1.51649)
(-0.0355439 -0.0144481 -2.26883)
(-0.268965 -0.15224 -3.45856)
(-0.192247 -0.312206 -3.59377)
(-0.0251059 0.0251038 -4.47071)
(0.0251055 0.0251055 -4.47071)
(0.192245 -0.312209 -3.59376)
(0.268965 -0.152241 -3.45856)
(0.0355434 -0.0144482 -2.26883)
(0.254893 0.214711 1.51649)
(-0.0583364 0.231575 2.32803)
(0.083829 0.315895 0.615389)
(0.0659394 0.0610202 -1.65494)
(0.0235541 -0.0235539 -1.66052)
(0.312208 0.192245 -3.59377)
(-0.312209 0.192245 -3.59376)
(-0.0235549 -0.0235549 -1.66051)
(-0.0659366 0.0610197 -1.65494)
(-0.0838306 0.315894 0.615389)
(0.0583363 0.231574 2.32803)
(-0.00368722 0.0770021 2.31012)
(-0.00783945 0.135704 2.2687)
(0.123538 -0.123535 1.18924)
(-0.0610191 -0.0659395 -1.65494)
(0.152241 0.268966 -3.45856)
(-0.152241 0.268965 -3.45856)
(0.0610197 -0.0659366 -1.65494)
(-0.123535 -0.123535 1.18924)
(0.00784043 0.135704 2.2687)
(0.00368763 0.0770016 2.31012)
(-0.0225756 0.0691489 2.20431)
(-0.0684033 0.0684038 2.29294)
(-0.135702 0.00783956 2.2687)
(-0.315894 -0.0838305 0.615389)
(0.0144482 0.0355437 -2.26883)
(-0.0144481 0.0355434 -2.26883)
(0.315894 -0.0838306 0.615389)
(0.135704 0.00784041 2.2687)
(0.0684041 0.068404 2.29294)
(0.0225759 0.0691489 2.20431)
(-0.00820291 0.00820302 2.14085)
(-0.0691485 0.0225757 2.20431)
(-0.0770011 0.00368737 2.31012)
(-0.231574 0.0583352 2.32803)
(-0.214711 0.254893 1.51649)
(0.214711 0.254893 1.51649)
(0.231574 0.0583364 2.32803)
(0.0770016 0.00368763 2.31012)
(0.0691489 0.0225759 2.20431)
(0.00820307 0.00820307 2.14085)
(0.007349 0.00734902 2.16419)
(-0.0289827 -0.000355162 2.23075)
(-0.0139991 0.0287479 2.33073)
(-0.15308 0.00981635 2.33453)
(-0.172165 -0.167009 1.47241)
(0.172165 -0.16701 1.47241)
(0.153079 0.0098156 2.33453)
(0.0139994 0.0287478 2.33073)
(0.0289829 -0.000355232 2.23075)
(-0.0073489 0.00734905 2.16419)
(-0.000355176 -0.0289827 2.23075)
(-0.0123649 -0.0123648 2.33589)
(-0.0315452 0.05806 2.27658)
(-0.180664 0.147345 0.585044)
(0.0613645 -0.0011193 -2.28678)
(-0.0613642 -0.00111924 -2.28678)
(0.180666 0.147347 0.585044)
(0.0315464 0.0580603 2.27659)
(0.0123652 -0.0123646 2.33589)
(0.000355388 -0.0289824 2.23075)
(0.0287479 -0.013999 2.33073)
(0.05806 -0.0315451 2.27658)
(0.188605 0.188605 1.21443)
(-0.0123147 -0.00424558 -1.62688)
(0.187968 -0.323019 -3.38643)
(-0.187968 -0.323018 -3.38643)
(0.0123149 -0.00424711 -1.62688)
(-0.188604 0.188607 1.21443)
(-0.0580601 -0.0315438 2.27659)
(-0.0287478 -0.0139981 2.33073)
(0.00981637 -0.153079 2.33453)
(0.147345 -0.180664 0.585044)
(-0.0042456 -0.0123147 -1.62688)
(-0.0706777 -0.0706776 -1.82188)
(0.300002 -0.186109 -3.5917)
(-0.300003 -0.186108 -3.5917)
(0.0706754 -0.0706762 -1.82187)
(0.00424631 -0.0123141 -1.62688)
(-0.147347 -0.180662 0.585045)
(-0.00981722 -0.153078 2.33453)
(-0.167009 -0.172165 1.47241)
(-0.0011192 0.0613645 -2.28678)
(-0.323019 0.187968 -3.38643)
(-0.186109 0.300002 -3.5917)
(0.0219113 0.0219112 -4.56582)
(-0.0219131 0.0219108 -4.56582)
(0.186106 0.300004 -3.5917)
(0.323019 0.187969 -3.38643)
(0.00111847 0.0613644 -2.28678)
(0.16701 -0.172164 1.47241)
(-0.16701 0.172165 1.47241)
(-0.00111927 -0.0613642 -2.28678)
(-0.323018 -0.187968 -3.38643)
(-0.186108 -0.300003 -3.5917)
(0.0219109 -0.021913 -4.56582)
(-0.0219126 -0.0219126 -4.56582)
(0.186106 -0.300005 -3.59169)
(0.323018 -0.187969 -3.38643)
(0.00111853 -0.061364 -2.28678)
(0.167011 0.172165 1.47241)
(0.00981556 0.153079 2.33453)
(0.147347 0.180665 0.585044)
(-0.00424731 0.0123148 -1.62688)
(-0.0706763 0.0706755 -1.82187)
(0.300004 0.186106 -3.5917)
(-0.300005 0.186106 -3.59169)
(0.0706743 0.0706743 -1.82186)
(0.00424824 0.0123143 -1.62688)
(-0.147349 0.180663 0.585045)
(-0.00981646 0.153078 2.33454)
(0.0287478 0.0139994 2.33073)
(0.0580603 0.0315464 2.27659)
(0.188607 -0.188604 1.21443)
(-0.0123142 0.0042465 -1.62688)
(0.187969 0.323019 -3.38643)
(-0.187969 0.323018 -3.38643)
(0.0123144 0.00424823 -1.62688)
(-0.188606 -0.188606 1.21443)
(-0.0580604 0.0315451 2.27659)
(-0.0287478 0.0139985 2.33073)
(-0.00035525 0.0289829 2.23075)
(-0.0123646 0.0123652 2.33589)
(-0.031544 -0.0580601 2.27659)
(-0.180663 -0.147347 0.585045)
(0.0613643 0.00111854 -2.28678)
(-0.061364 0.00111847 -2.28678)
(0.180663 -0.147349 0.585045)
(0.0315452 -0.0580604 2.27659)
(0.012365 0.012365 2.33589)
(0.000355464 0.0289827 2.23075)
(0.00734903 -0.00734889 2.16419)
(-0.0289824 0.000355396 2.23075)
(-0.0139982 -0.0287478 2.33073)
(-0.153078 -0.00981714 2.33453)
(-0.172164 0.16701 1.47241)
(0.172165 0.16701 1.47241)
(0.153078 -0.00981643 2.33454)
(0.0139985 -0.0287478 2.33073)
(0.0289827 0.000355466 2.23075)
(-0.00734892 -0.00734892 2.16419)
(0.0244774 0.0244774 2.1592)
(0.0106336 0.0240206 2.22459)
(0.0473365 0.0594719 2.31805)
(-0.0743684 0.0778673 2.30824)
(-0.131104 -0.0944174 1.43588)
(0.131104 -0.0944186 1.43588)
(0.0743686 0.0778668 2.30824)
(-0.0473363 0.0594721 2.31805)
(-0.0106335 0.0240206 2.22459)
(-0.0244774 0.0244775 2.1592)
(0.0240206 0.0106336 2.22459)
(0.0405542 0.0405542 2.34057)
(0.0704052 0.115857 2.26404)
(-0.0627308 0.206391 0.612818)
(0.103211 0.0459055 -2.23664)
(-0.10321 0.045905 -2.23664)
(0.0627322 0.206394 0.612818)
(-0.0704042 0.115858 2.26404)
(-0.0405541 0.0405548 2.34058)
(-0.0240205 0.0106341 2.22459)
(0.0594719 0.0473366 2.31805)
(0.115857 0.0704054 2.26404)
(0.24584 0.24584 1.24639)
(0.0296185 -0.0522991 -1.54868)
(0.175606 -0.351635 -3.28463)
(-0.175607 -0.351633 -3.28463)
(-0.0296191 -0.0522993 -1.54868)
(-0.24584 0.245842 1.2464)
(-0.115858 0.0704072 2.26404)
(-0.0594721 0.0473376 2.31805)
(0.0778674 -0.0743682 2.30824)
(0.206391 -0.0627304 0.612818)
(-0.0522992 0.0296185 -1.54868)
(-0.120733 -0.120733 -1.97793)
(0.236567 -0.124453 -3.64846)
(-0.236569 -0.124453 -3.64845)
(0.120731 -0.120732 -1.97792)
(0.0522984 0.0296192 -1.54868)
(-0.206393 -0.0627285 0.61282)
(-0.0778684 -0.0743668 2.30824)
(-0.0944171 -0.131104 1.43588)
(0.0459058 0.103211 -2.23664)
(-0.351635 0.175606 -3.28463)
(-0.124453 0.236567 -3.64846)
(0.0314047 0.0314045 -4.62594)
(-0.0314071 0.0314051 -4.62594)
(0.124451 0.236569 -3.64845)
(0.351635 0.175608 -3.28463)
(-0.0459063 0.103211 -2.23664)
(0.0944175 -0.131104 1.43588)
(-0.0944186 0.131104 1.43588)
(0.0459049 -0.10321 -2.23664)
(-0.351633 -0.175607 -3.28463)
(-0.124453 -0.236569 -3.64845)
(0.0314051 -0.0314071 -4.62594)
(-0.0314075 -0.0314075 -4.62594)
(0.124451 -0.236571 -3.64845)
(0.351633 -0.175608 -3.28463)
(-0.0459055 -0.10321 -2.23664)
(0.0944189 0.131104 1.43588)
(0.0778667 0.0743685 2.30824)
(0.206394 0.0627322 0.612819)
(-0.0522994 -0.0296192 -1.54868)
(-0.120732 0.120731 -1.97792)
(0.236569 0.124451 -3.64845)
(-0.236571 0.124451 -3.64845)
(0.12073 0.12073 -1.97791)
(0.0522988 -0.0296198 -1.54868)
(-0.206395 0.0627301 0.61282)
(-0.0778678 0.0743671 2.30824)
(0.059472 -0.0473363 2.31805)
(0.115858 -0.0704042 2.26404)
(0.245842 -0.24584 1.2464)
(0.0296192 0.0522985 -1.54868)
(0.175608 0.351634 -3.28463)
(-0.175608 0.351633 -3.28463)
(-0.0296198 0.0522988 -1.54868)
(-0.245842 -0.245842 1.2464)
(-0.115859 -0.070406 2.26404)
(-0.0594722 -0.0473373 2.31805)
(0.0240206 -0.0106335 2.22459)
(0.0405547 -0.0405541 2.34058)
(0.0704069 -0.115858 2.26404)
(-0.0627289 -0.206393 0.61282)
(0.103211 -0.0459061 -2.23664)
(-0.10321 -0.0459057 -2.23664)
(0.0627301 -0.206395 0.61282)
(-0.070406 -0.115859 2.26404)
(-0.0405546 -0.0405546 2.34058)
(-0.0240205 -0.0106339 2.22459)
(0.0244775 -0.0244774 2.1592)
(0.010634 -0.0240205 2.22459)
(0.0473375 -0.059472 2.31805)
(-0.0743669 -0.0778682 2.30824)
(-0.131104 0.0944178 1.43588)
(0.131104 0.0944188 1.43588)
(0.0743672 -0.0778678 2.30824)
(-0.0473373 -0.0594722 2.31805)
(-0.0106339 -0.0240205 2.22459)
(-0.0244774 -0.0244774 2.1592)
(0.0411383 0.0411383 2.1258)
(0.0484178 0.0487063 2.18799)
(0.104927 0.0894937 2.2739)
(0.00190338 0.143336 2.25435)
(-0.0968062 -0.0185444 1.39906)
(0.0968065 -0.0185455 1.39906)
(-0.001903 0.143336 2.25435)
(-0.104927 0.0894939 2.2739)
(-0.0484178 0.0487064 2.18799)
(-0.0411383 0.0411385 2.1258)
(0.0487063 0.0484178 2.18799)
(0.0917071 0.0917072 2.31036)
(0.166141 0.169636 2.22949)
(0.0534038 0.272574 0.669131)
(0.141387 0.109207 -2.13082)
(-0.141386 0.109206 -2.13082)
(-0.0534026 0.272576 0.669132)
(-0.16614 0.169637 2.22949)
(-0.0917072 0.0917078 2.31036)
(-0.0487063 0.0484184 2.18799)
(0.0894937 0.104927 2.2739)
(0.169636 0.166141 2.22949)
(0.306167 0.306167 1.28431)
(0.0709886 -0.029345 -1.42547)
(0.148775 -0.284749 -3.19854)
(-0.148776 -0.28475 -3.19854)
(-0.0709899 -0.0293451 -1.42547)
(-0.306167 0.306168 1.28431)
(-0.169637 0.166142 2.22949)
(-0.0894939 0.104928 2.2739)
(0.143336 0.00190351 2.25435)
(0.272574 0.0534043 0.669131)
(-0.029345 0.0709887 -1.42547)
(-0.135686 -0.135686 -2.13862)
(0.173546 -0.0344624 -3.73318)
(-0.17355 -0.034463 -3.73317)
(0.135684 -0.135685 -2.13861)
(0.0293445 0.0709893 -1.42547)
(-0.272575 0.0534056 0.669134)
(-0.143337 0.00190486 2.25434)
(-0.0185439 -0.0968062 1.39906)
(0.109208 0.141387 -2.13082)
(-0.284748 0.148775 -3.19854)
(-0.0344624 0.173546 -3.73318)
(0.0276148 0.0276146 -4.64901)
(-0.0276174 0.0276154 -4.64901)
(0.034461 0.173548 -3.73317)
(0.28475 0.148777 -3.19854)
(-0.109207 0.141387 -2.13082)
(0.0185444 -0.0968055 1.39906)
(-0.0185456 0.0968064 1.39906)
(0.109206 -0.141385 -2.13082)
(-0.28475 -0.148776 -3.19854)
(-0.0344629 -0.17355 -3.73317)
(0.0276154 -0.0276173 -4.64901)
(-0.027618 -0.027618 -4.64901)
(0.0344614 -0.173551 -3.73317)
(0.284751 -0.148778 -3.19854)
(-0.109206 -0.141385 -2.13082)
(0.0185458 0.0968058 1.39906)
(0.143336 -0.00190308 2.25435)
(0.272576 -0.0534026 0.669132)
(-0.0293452 -0.07099 -1.42547)
(-0.135685 0.135684 -2.13861)
(0.173548 0.034461 -3.73317)
(-0.173551 0.0344615 -3.73317)
(0.135683 0.135683 -2.1386)
(0.0293448 -0.0709904 -1.42547)
(-0.272577 -0.0534041 0.669134)
(-0.143337 -0.00190444 2.25435)
(0.0894939 -0.104927 2.2739)
(0.169637 -0.16614 2.22949)
(0.306168 -0.306167 1.28431)
(0.0709892 0.0293446 -1.42547)
(0.148776 0.28475 -3.19854)
(-0.148777 0.284751 -3.19854)
(-0.0709904 0.0293448 -1.42547)
(-0.306168 -0.306168 1.28431)
(-0.169638 -0.166141 2.22949)
(-0.0894941 -0.104927 2.2739)
(0.0487064 -0.0484178 2.18799)
(0.0917078 -0.0917073 2.31036)
(0.166142 -0.169637 2.22949)
(0.0534052 -0.272575 0.669134)
(0.141386 -0.109207 -2.13082)
(-0.141385 -0.109206 -2.13082)
(-0.0534041 -0.272577 0.669134)
(-0.166142 -0.169638 2.22949)
(-0.0917079 -0.0917079 2.31036)
(-0.0487064 -0.0484183 2.18799)
(0.0411385 -0.0411383 2.1258)
(0.0484183 -0.0487063 2.18799)
(0.104928 -0.0894939 2.2739)
(0.00190474 -0.143337 2.25435)
(-0.0968055 0.0185449 1.39906)
(0.0968059 0.0185458 1.39906)
(-0.00190437 -0.143337 2.25435)
(-0.104927 -0.0894941 2.2739)
(-0.0484183 -0.0487064 2.18799)
(-0.0411384 -0.0411384 2.1258)
(0.0575667 0.0575667 2.06509)
(0.0828873 0.0729362 2.12318)
(0.156527 0.118749 2.19913)
(0.0691471 0.207827 2.17428)
(-0.0673823 0.0746033 1.33442)
(0.0673828 0.0746052 1.33442)
(-0.069147 0.207827 2.17429)
(-0.156527 0.118749 2.19913)
(-0.0828874 0.0729362 2.12318)
(-0.0575667 0.0575668 2.06509)
(0.0729361 0.0828873 2.12318)
(0.140361 0.140361 2.24761)
(0.256885 0.222124 2.16797)
(0.177229 0.353478 0.746668)
(0.176892 0.189831 -1.99119)
(-0.17689 0.189827 -1.99119)
(-0.177231 0.353479 0.746667)
(-0.256885 0.222125 2.16797)
(-0.140361 0.140361 2.24761)
(-0.0729362 0.0828878 2.12318)
(0.118748 0.156527 2.19913)
(0.222124 0.256885 2.16797)
(0.377341 0.377341 1.3203)
(0.132666 0.080581 -1.26099)
(0.135271 -0.0817939 -3.11822)
(-0.135273 -0.0817965 -3.11822)
(-0.132668 0.08058 -1.26099)
(-0.377341 0.377341 1.3203)
(-0.222124 0.256886 2.16797)
(-0.118749 0.156528 2.19913)
(0.207827 0.0691471 2.17428)
(0.353478 0.177229 0.746668)
(0.080581 0.132666 -1.26099)
(-0.122457 -0.122457 -2.20994)
(0.131672 0.0551558 -3.78522)
(-0.131675 0.0551551 -3.78521)
(0.122457 -0.122458 -2.20993)
(-0.0805802 0.132667 -1.26099)
(-0.353478 0.177231 0.74667)
(-0.207827 0.0691485 2.17428)
(0.0746028 -0.0673822 1.33442)
(0.189833 0.176893 -1.99119)
(-0.0817933 0.135271 -3.11822)
(0.0551559 0.131672 -3.78522)
(0.0448256 0.0448254 -4.63051)
(-0.0448281 0.0448258 -4.63051)
(-0.0551569 0.131673 -3.78521)
(0.081795 0.135272 -3.11822)
(-0.18983 0.176893 -1.99119)
(-0.074604 -0.0673814 1.33442)
(0.0746054 0.0673828 1.33442)
(0.189827 -0.176889 -1.99119)
(-0.0817966 -0.135273 -3.11822)
(0.0551552 -0.131675 -3.78521)
(0.0448259 -0.044828 -4.63051)
(-0.0448283 -0.0448284 -4.63051)
(-0.0551563 -0.131676 -3.78521)
(0.0817982 -0.135274 -3.11822)
(-0.189825 -0.176889 -1.9912)
(-0.0746065 0.067382 1.33442)
(0.207827 -0.0691471 2.17429)
(0.353479 -0.177231 0.746667)
(0.08058 -0.132668 -1.26099)
(-0.122458 0.122457 -2.20993)
(0.131673 -0.0551569 -3.78521)
(-0.131676 -0.0551562 -3.78521)
(0.122458 0.122457 -2.20993)
(-0.0805791 -0.132668 -1.26099)
(-0.353479 -0.177233 0.746669)
(-0.207828 -0.0691485 2.17428)
(0.118749 -0.156527 2.19913)
(0.222125 -0.256885 2.16797)
(0.377341 -0.377341 1.3203)
(0.132667 -0.0805802 -1.26099)
(0.135272 0.0817956 -3.11822)
(-0.135274 0.0817979 -3.11822)
(-0.132668 -0.0805792 -1.26099)
(-0.377342 -0.377342 1.3203)
(-0.222125 -0.256886 2.16797)
(-0.118749 -0.156528 2.19913)
(0.0729362 -0.0828874 2.12318)
(0.140361 -0.140361 2.24761)
(0.256886 -0.222124 2.16797)
(0.177232 -0.353478 0.74667)
(0.176892 -0.189829 -1.99119)
(-0.17689 -0.189825 -1.9912)
(-0.177233 -0.35348 0.746669)
(-0.256886 -0.222125 2.16797)
(-0.140361 -0.140362 2.24761)
(-0.0729362 -0.0828879 2.12318)
(0.0575668 -0.0575667 2.06509)
(0.0828878 -0.0729362 2.12318)
(0.156528 -0.118749 2.19913)
(0.0691485 -0.207827 2.17428)
(-0.0673815 -0.0746045 1.33442)
(0.067382 -0.0746062 1.33442)
(-0.0691484 -0.207828 2.17428)
(-0.156528 -0.118749 2.19913)
(-0.0828879 -0.0729362 2.12318)
(-0.0575668 -0.0575668 2.06509)
(0.0707677 0.0707677 1.9802)
(0.113126 0.0951011 2.03272)
(0.200524 0.146519 2.09596)
(0.125458 0.263947 2.06378)
(-0.0435116 0.157473 1.24795)
(0.0435126 0.157478 1.24795)
(-0.125458 0.263948 2.06378)
(-0.200524 0.146519 2.09596)
(-0.113127 0.0951011 2.03272)
(-0.0707677 0.0707678 1.9802)
(0.0951011 0.113126 2.03272)
(0.18514 0.18514 2.15399)
(0.336735 0.272226 2.07828)
(0.28309 0.447671 0.816524)
(0.207008 0.276929 -1.83749)
(-0.207007 0.276929 -1.83749)
(-0.283095 0.447672 0.816526)
(-0.336736 0.272227 2.07828)
(-0.18514 0.18514 2.15399)
(-0.0951011 0.113127 2.03272)
(0.146519 0.200524 2.09596)
(0.272226 0.336734 2.07828)
(0.459092 0.459092 1.33872)
(0.218481 0.242394 -1.06039)
(0.152951 0.104767 -3.02377)
(-0.152953 0.104765 -3.02377)
(-0.218482 0.242392 -1.06039)
(-0.459092 0.459091 1.33872)
(-0.272227 0.336735 2.07828)
(-0.146519 0.200524 2.09596)
(0.263947 0.125458 2.06378)
(0.447671 0.283088 0.816524)
(0.242394 0.218481 -1.06039)
(-0.0005465 -0.000546504 -2.18522)
(0.133259 0.142039 -3.77052)
(-0.133261 0.142038 -3.77052)
(0.00054813 -0.000548707 -2.18522)
(-0.242392 0.218481 -1.06039)
(-0.447671 0.283093 0.816527)
(-0.263947 0.125459 2.06378)
(0.157471 -0.0435114 1.24795)
(0.27693 0.207008 -1.83749)
(0.104767 0.152951 -3.02377)
(0.142039 0.133259 -3.77052)
(0.0886481 0.0886479 -4.56307)
(-0.0886501 0.0886478 -4.56307)
(-0.14204 0.133259 -3.77052)
(-0.104766 0.152951 -3.02377)
(-0.276929 0.207009 -1.83749)
(-0.157475 -0.0435104 1.24795)
(0.157478 0.0435128 1.24795)
(0.276929 -0.207007 -1.83749)
(0.104765 -0.152952 -3.02377)
(0.142038 -0.133261 -3.77052)
(0.0886479 -0.08865 -4.56307)
(-0.0886499 -0.0886499 -4.56307)
(-0.142039 -0.133261 -3.77051)
(-0.104764 -0.152953 -3.02377)
(-0.276929 -0.207008 -1.83749)
(-0.157482 0.0435118 1.24796)
(0.263948 -0.125458 2.06378)
(0.447672 -0.283095 0.816526)
(0.242392 -0.218482 -1.06039)
(-0.000548616 0.000547977 -2.18522)
(0.133259 -0.14204 -3.77052)
(-0.133261 -0.142039 -3.77051)
(0.000550107 0.000550038 -2.18521)
(-0.24239 -0.218483 -1.06039)
(-0.447672 -0.2831 0.816529)
(-0.263948 -0.12546 2.06378)
(0.146519 -0.200524 2.09596)
(0.272227 -0.336736 2.07828)
(0.459091 -0.459092 1.33872)
(0.218481 -0.242392 -1.06039)
(0.152951 -0.104766 -3.02377)
(-0.152953 -0.104764 -3.02377)
(-0.218482 -0.242391 -1.06039)
(-0.459092 -0.459092 1.33872)
(-0.272227 -0.336736 2.07828)
(-0.14652 -0.200524 2.09596)
(0.0951011 -0.113127 2.03272)
(0.18514 -0.18514 2.15399)
(0.336735 -0.272227 2.07828)
(0.283094 -0.447671 0.816527)
(0.207009 -0.276929 -1.83749)
(-0.207008 -0.276929 -1.83749)
(-0.283099 -0.447672 0.816528)
(-0.336736 -0.272227 2.07828)
(-0.185141 -0.185141 2.15399)
(-0.0951012 -0.113127 2.03272)
(0.0707678 -0.0707677 1.9802)
(0.113127 -0.0951011 2.03272)
(0.200524 -0.146519 2.09596)
(0.125459 -0.263947 2.06378)
(-0.0435106 -0.157477 1.24795)
(0.0435116 -0.157481 1.24796)
(-0.12546 -0.263948 2.06378)
(-0.200524 -0.14652 2.09596)
(-0.113127 -0.0951011 2.03272)
(-0.0707678 -0.0707678 1.9802)
(0.0825181 0.0825181 1.87496)
(0.137845 0.113594 1.92011)
(0.23561 0.171157 1.96816)
(0.170162 0.305772 1.92333)
(-0.0246901 0.231334 1.14251)
(0.0246909 0.231338 1.14251)
(-0.170163 0.305773 1.92333)
(-0.23561 0.171157 1.96816)
(-0.137845 0.113594 1.92011)
(-0.0825181 0.0825181 1.87496)
(0.113594 0.137845 1.92011)
(0.223818 0.223818 2.0314)
(0.399496 0.314648 1.96476)
(0.36946 0.53703 0.858226)
(0.2323 0.347315 -1.68458)
(-0.232303 0.34732 -1.68457)
(-0.369464 0.53703 0.858228)
(-0.399496 0.314648 1.96476)
(-0.223819 0.223819 2.0314)
(-0.113594 0.137845 1.92011)
(0.171157 0.23561 1.96816)
(0.314648 0.399495 1.96476)
(0.536399 0.536398 1.32771)
(0.311056 0.400126 -0.853884)
(0.202452 0.246631 -2.89667)
(-0.202454 0.246633 -2.89667)
(-0.311057 0.400125 -0.853884)
(-0.536399 0.536398 1.32771)
(-0.314648 0.399495 1.96476)
(-0.171157 0.23561 1.96816)
(0.305772 0.170162 1.92333)
(0.53703 0.369459 0.858226)
(0.400126 0.311057 -0.853884)
(0.170186 0.170186 -2.09089)
(0.168822 0.23363 -3.68811)
(-0.168823 0.23363 -3.68811)
(-0.170184 0.170183 -2.09089)
(-0.400125 0.311056 -0.853883)
(-0.537029 0.369463 0.858229)
(-0.305772 0.170163 1.92333)
(0.231333 -0.0246899 1.14251)
(0.347314 0.232299 -1.68458)
(0.24663 0.202452 -2.89667)
(0.23363 0.168822 -3.68811)
(0.140236 0.140236 -4.42518)
(-0.140238 0.140237 -4.42518)
(-0.233631 0.168821 -3.68811)
(-0.246634 0.202453 -2.89667)
(-0.347319 0.232301 -1.68457)
(-0.231336 -0.0246888 1.14252)
(0.231338 0.0246912 1.14251)
(0.347321 -0.232303 -1.68457)
(0.246633 -0.202454 -2.89667)
(0.23363 -0.168823 -3.68811)
(0.140237 -0.140238 -4.42518)
(-0.140238 -0.140238 -4.42518)
(-0.233631 -0.168823 -3.68811)
(-0.246636 -0.202455 -2.89667)
(-0.347326 -0.232305 -1.68456)
(-0.231341 0.0246901 1.14252)
(0.305773 -0.170163 1.92333)
(0.537031 -0.369465 0.858229)
(0.400125 -0.311057 -0.853884)
(0.170183 -0.170184 -2.09089)
(0.168821 -0.233632 -3.68811)
(-0.168823 -0.233631 -3.68811)
(-0.170182 -0.170182 -2.09089)
(-0.400124 -0.311057 -0.853883)
(-0.53703 -0.369468 0.858231)
(-0.305773 -0.170165 1.92333)
(0.171157 -0.23561 1.96816)
(0.314648 -0.399497 1.96476)
(0.536398 -0.536399 1.32771)
(0.311056 -0.400125 -0.853883)
(0.202453 -0.246634 -2.89667)
(-0.202455 -0.246636 -2.89667)
(-0.311057 -0.400124 -0.853883)
(-0.536398 -0.536398 1.32771)
(-0.314647 -0.399497 1.96476)
(-0.171157 -0.23561 1.96816)
(0.113594 -0.137845 1.92011)
(0.223819 -0.223819 2.0314)
(0.399496 -0.314648 1.96476)
(0.369464 -0.53703 0.858229)
(0.232302 -0.34732 -1.68457)
(-0.232304 -0.347325 -1.68456)
(-0.369468 -0.53703 0.858231)
(-0.399496 -0.314648 1.96476)
(-0.223819 -0.223819 2.0314)
(-0.113594 -0.137845 1.92011)
(0.0825181 -0.0825181 1.87496)
(0.137845 -0.113594 1.92011)
(0.23561 -0.171157 1.96816)
(0.170164 -0.305772 1.92333)
(-0.024689 -0.231337 1.14252)
(0.0246899 -0.23134 1.14252)
(-0.170165 -0.305773 1.92333)
(-0.23561 -0.171157 1.96816)
(-0.137845 -0.113594 1.92011)
(-0.0825181 -0.0825181 1.87496)
(0.0919924 0.0919924 1.75353)
(0.156015 0.12745 1.79034)
(0.260127 0.190338 1.82141)
(0.203677 0.33045 1.75949)
(-0.00915648 0.297182 1.01719)
(0.00915668 0.29718 1.01719)
(-0.203678 0.33045 1.75949)
(-0.260127 0.190338 1.82141)
(-0.156015 0.127449 1.79033)
(-0.0919923 0.0919923 1.75353)
(0.12745 0.156015 1.79033)
(0.253695 0.253695 1.88673)
(0.441759 0.34388 1.83043)
(0.439155 0.605071 0.872051)
(0.255562 0.418269 -1.51618)
(-0.255565 0.418272 -1.51617)
(-0.439155 0.605071 0.872052)
(-0.441759 0.34388 1.83043)
(-0.253695 0.253695 1.88673)
(-0.12745 0.156015 1.79033)
(0.190338 0.260127 1.82141)
(0.34388 0.441759 1.83043)
(0.594742 0.594742 1.28937)
(0.394427 0.532029 -0.668058)
(0.254226 0.360932 -2.73283)
(-0.254228 0.360933 -2.73283)
(-0.394426 0.532029 -0.668058)
(-0.594742 0.594741 1.28937)
(-0.34388 0.441758 1.83043)
(-0.190338 0.260127 1.82141)
(0.33045 0.203677 1.75949)
(0.605071 0.439156 0.872051)
(0.53203 0.394427 -0.668057)
(0.336378 0.336378 -1.95642)
(0.224228 0.312123 -3.54003)
(-0.224229 0.312123 -3.54002)
(-0.336377 0.336377 -1.95642)
(-0.532029 0.394426 -0.668058)
(-0.60507 0.439154 0.872052)
(-0.330449 0.203678 1.75949)
(0.297183 -0.00915635 1.01719)
(0.418268 0.255561 -1.51618)
(0.360932 0.254226 -2.73283)
(0.312122 0.224228 -3.54003)
(0.179237 0.179237 -4.19656)
(-0.179238 0.179237 -4.19656)
(-0.312124 0.224228 -3.54002)
(-0.360933 0.254225 -2.73283)
(-0.418271 0.255562 -1.51617)
(-0.29718 -0.00915578 1.01719)
(0.29718 0.00915683 1.01719)
(0.418272 -0.255566 -1.51617)
(0.360934 -0.254228 -2.73283)
(0.312123 -0.22423 -3.54002)
(0.179237 -0.179238 -4.19656)
(-0.179238 -0.179238 -4.19656)
(-0.312125 -0.224229 -3.54002)
(-0.360935 -0.254227 -2.73283)
(-0.418276 -0.255567 -1.51617)
(-0.297178 0.00915628 1.01719)
(0.33045 -0.203678 1.75949)
(0.605071 -0.439155 0.872052)
(0.532029 -0.394426 -0.668057)
(0.336377 -0.336377 -1.95642)
(0.224228 -0.312124 -3.54002)
(-0.224229 -0.312125 -3.54002)
(-0.336377 -0.336377 -1.95641)
(-0.532029 -0.394425 -0.668058)
(-0.60507 -0.439153 0.872053)
(-0.330449 -0.203678 1.75949)
(0.190338 -0.260127 1.82141)
(0.34388 -0.441759 1.83043)
(0.594741 -0.594743 1.28937)
(0.394425 -0.532029 -0.668059)
(0.254225 -0.360933 -2.73283)
(-0.254227 -0.360934 -2.73283)
(-0.394425 -0.532029 -0.668058)
(-0.594742 -0.594742 1.28937)
(-0.343879 -0.441758 1.83043)
(-0.190338 -0.260127 1.82141)
(0.127449 -0.156015 1.79033)
(0.253695 -0.253695 1.88673)
(0.441758 -0.34388 1.83043)
(0.439154 -0.60507 0.872052)
(0.255563 -0.418272 -1.51617)
(-0.255566 -0.418275 -1.51617)
(-0.439154 -0.60507 0.872053)
(-0.441758 -0.343879 1.83043)
(-0.253695 -0.253695 1.88673)
(-0.127449 -0.156015 1.79033)
(0.0919923 -0.0919923 1.75353)
(0.156015 -0.12745 1.79033)
(0.260127 -0.190338 1.82141)
(0.203678 -0.330449 1.75949)
(-0.00915593 -0.29718 1.01719)
(0.00915614 -0.297178 1.01719)
(-0.203678 -0.330449 1.75949)
(-0.260127 -0.190338 1.82141)
(-0.156015 -0.127449 1.79033)
(-0.0919923 -0.0919923 1.75353)
(0.0985198 0.0985198 1.62085)
(0.167246 0.135977 1.64882)
(0.273594 0.201925 1.66287)
(0.225068 0.336124 1.5809)
(0.00232327 0.327252 0.873005)
(-0.00232368 0.327249 0.873004)
(-0.225068 0.336123 1.5809)
(-0.273594 0.201925 1.66287)
(-0.167246 0.135977 1.64882)
(-0.0985198 0.0985197 1.62085)
(0.135977 0.167246 1.64882)
(0.272537 0.272537 1.72803)
(0.461817 0.357605 1.68172)
(0.479129 0.648846 0.856776)
(0.263676 0.468416 -1.34396)
(-0.263678 0.468415 -1.34396)
(-0.479127 0.648845 0.856776)
(-0.461817 0.357604 1.68172)
(-0.272537 0.272536 1.72803)
(-0.135977 0.167246 1.64882)
(0.201925 0.273594 1.66287)
(0.357605 0.461817 1.68172)
(0.629853 0.629853 1.2261)
(0.452538 0.625693 -0.515965)
(0.291264 0.446821 -2.53906)
(-0.291265 0.44682 -2.53906)
(-0.452538 0.625692 -0.515964)
(-0.629853 0.629853 1.2261)
(-0.357604 0.461816 1.68172)
(-0.201925 0.273593 1.66287)
(0.336124 0.225068 1.5809)
(0.648846 0.47913 0.856776)
(0.625693 0.452539 -0.515965)
(0.432275 0.432275 -1.77385)
(0.273745 0.358803 -3.31198)
(-0.273746 0.358803 -3.31198)
(-0.432275 0.432275 -1.77385)
(-0.625693 0.452538 -0.515963)
(-0.648845 0.479126 0.856777)
(-0.336122 0.225068 1.5809)
(0.327253 0.00232332 0.873005)
(0.468416 0.263676 -1.34396)
(0.446821 0.291264 -2.53906)
(0.358803 0.273745 -3.31198)
(0.203155 0.203155 -3.93814)
(-0.203156 0.203155 -3.93814)
(-0.358803 0.273745 -3.31198)
(-0.44682 0.291264 -2.53906)
(-0.468416 0.263675 -1.34396)
(-0.32725 0.00232324 0.873006)
(0.327249 -0.00232366 0.873004)
(0.468415 -0.263678 -1.34396)
(0.446821 -0.291265 -2.53906)
(0.358803 -0.273746 -3.31198)
(0.203156 -0.203156 -3.93814)
(-0.203157 -0.203157 -3.93814)
(-0.358803 -0.273746 -3.31198)
(-0.44682 -0.291265 -2.53906)
(-0.468415 -0.263677 -1.34395)
(-0.327246 -0.00232354 0.873005)
(0.336123 -0.225068 1.5809)
(0.648845 -0.479126 0.856776)
(0.625692 -0.452538 -0.515964)
(0.432275 -0.432275 -1.77385)
(0.273745 -0.358803 -3.31198)
(-0.273746 -0.358803 -3.31198)
(-0.432275 -0.432275 -1.77384)
(-0.625692 -0.452537 -0.515963)
(-0.648844 -0.479122 0.856777)
(-0.336122 -0.225068 1.5809)
(0.201925 -0.273594 1.66287)
(0.357604 -0.461817 1.68172)
(0.629853 -0.629853 1.2261)
(0.452538 -0.625693 -0.515963)
(0.291264 -0.44682 -2.53906)
(-0.291265 -0.44682 -2.53906)
(-0.452537 -0.625692 -0.515963)
(-0.629853 -0.629853 1.2261)
(-0.357603 -0.461815 1.68172)
(-0.201924 -0.273593 1.66287)
(0.135977 -0.167246 1.64882)
(0.272536 -0.272537 1.72803)
(0.461816 -0.357604 1.68172)
(0.479125 -0.648845 0.856777)
(0.263675 -0.468416 -1.34396)
(-0.263677 -0.468415 -1.34395)
(-0.479123 -0.648844 0.856777)
(-0.461815 -0.357603 1.68172)
(-0.272536 -0.272536 1.72803)
(-0.135977 -0.167246 1.64882)
(0.0985197 -0.0985198 1.62085)
(0.167246 -0.135977 1.64882)
(0.273593 -0.201925 1.66287)
(0.225068 -0.336122 1.5809)
(0.00232318 -0.327249 0.873005)
(-0.00232355 -0.327246 0.873005)
(-0.225068 -0.336122 1.5809)
(-0.273593 -0.201924 1.66287)
(-0.167246 -0.135977 1.64882)
(-0.0985197 -0.0985197 1.62085)
(0.101893 0.101893 1.4822)
(0.171793 0.138963 1.50175)
(0.276577 0.205138 1.50041)
(0.233977 0.324201 1.39801)
(0.0087816 0.327264 0.725762)
(-0.00878221 0.327262 0.725762)
(-0.233977 0.3242 1.39801)
(-0.276577 0.205137 1.50041)
(-0.171793 0.138963 1.50175)
(-0.101893 0.101893 1.4822)
(0.138963 0.171793 1.50175)
(0.279707 0.279707 1.56434)
(0.46123 0.35757 1.52787)
(0.476612 0.662822 0.823177)
(0.245191 0.468308 -1.18644)
(-0.245193 0.468308 -1.18644)
(-0.476611 0.662821 0.823178)
(-0.46123 0.357569 1.52787)
(-0.279707 0.279706 1.56434)
(-0.138963 0.171793 1.50175)
(0.205138 0.276577 1.50041)
(0.35757 0.46123 1.52787)
(0.640317 0.640317 1.14899)
(0.486954 0.668374 -0.368783)
(0.30797 0.48534 -2.32461)
(-0.307971 0.48534 -2.3246)
(-0.486954 0.668372 -0.368783)
(-0.640316 0.640315 1.14899)
(-0.35757 0.461229 1.52787)
(-0.205137 0.276577 1.50041)
(0.324201 0.233977 1.39801)
(0.662822 0.476612 0.823177)
(0.668374 0.486954 -0.368783)
(0.487942 0.487942 -1.5766)
(0.29925 0.379511 -3.05759)
(-0.299251 0.379511 -3.05759)
(-0.487942 0.487942 -1.5766)
(-0.668373 0.486954 -0.368783)
(-0.662821 0.476609 0.823178)
(-0.3242 0.233977 1.39801)
(0.327264 0.00878163 0.725762)
(0.468308 0.245191 -1.18644)
(0.48534 0.30797 -2.32461)
(0.379511 0.29925 -3.05759)
(0.220308 0.220308 -3.64299)
(-0.220309 0.220309 -3.64299)
(-0.379512 0.29925 -3.05759)
(-0.485341 0.30797 -2.3246)
(-0.468308 0.24519 -1.18644)
(-0.327262 0.00878119 0.725763)
(0.327262 -0.00878221 0.725762)
(0.468308 -0.245193 -1.18644)
(0.48534 -0.307971 -2.3246)
(0.379511 -0.299251 -3.05759)
(0.220309 -0.220309 -3.64299)
(-0.220309 -0.220309 -3.64299)
(-0.379511 -0.299251 -3.05759)
(-0.48534 -0.307971 -2.3246)
(-0.468308 -0.245192 -1.18644)
(-0.32726 -0.00878174 0.725763)
(0.3242 -0.233977 1.39801)
(0.662821 -0.476611 0.823178)
(0.668373 -0.486954 -0.368783)
(0.487942 -0.487942 -1.5766)
(0.29925 -0.379512 -3.05759)
(-0.299251 -0.379511 -3.05759)
(-0.487942 -0.487942 -1.5766)
(-0.668372 -0.486953 -0.368782)
(-0.66282 -0.476608 0.823178)
(-0.324199 -0.233977 1.39801)
(0.205137 -0.276577 1.50041)
(0.357569 -0.46123 1.52787)
(0.640315 -0.640316 1.14899)
(0.486954 -0.668373 -0.368783)
(0.30797 -0.485341 -2.3246)
(-0.307971 -0.48534 -2.3246)
(-0.486953 -0.668372 -0.368782)
(-0.640315 -0.640315 1.14899)
(-0.357569 -0.461229 1.52787)
(-0.205137 -0.276577 1.50041)
(0.138963 -0.171793 1.50175)
(0.279706 -0.279707 1.56434)
(0.461229 -0.35757 1.52787)
(0.476609 -0.662821 0.823178)
(0.245191 -0.468308 -1.18644)
(-0.245192 -0.468308 -1.18644)
(-0.476608 -0.66282 0.823178)
(-0.461229 -0.357569 1.52787)
(-0.279706 -0.279706 1.56434)
(-0.138963 -0.171793 1.50175)
(0.101893 -0.101893 1.4822)
(0.171793 -0.138963 1.50175)
(0.276577 -0.205137 1.50041)
(0.233977 -0.3242 1.39801)
(0.00878117 -0.327262 0.725763)
(-0.00878173 -0.32726 0.725764)
(-0.233977 -0.324199 1.39801)
(-0.276577 -0.205137 1.50041)
(-0.171793 -0.138963 1.50175)
(-0.101893 -0.101893 1.4822)
(0.102309 0.102309 1.34249)
(0.170606 0.136974 1.35493)
(0.27097 0.201047 1.34102)
(0.233502 0.299935 1.2206)
(0.012328 0.310457 0.590932)
(-0.0123287 0.310457 0.590933)
(-0.233502 0.299935 1.2206)
(-0.270971 0.201047 1.34102)
(-0.170606 0.136974 1.35492)
(-0.102309 0.102309 1.34249)
(0.136974 0.170606 1.35493)
(0.276843 0.276843 1.40353)
(0.445138 0.347243 1.37785)
(0.456583 0.647847 0.781991)
(0.221446 0.44962 -1.0561)
(-0.221447 0.449619 -1.0561)
(-0.456583 0.647846 0.781991)
(-0.445138 0.347242 1.37785)
(-0.276842 0.276842 1.40353)
(-0.136974 0.170606 1.35492)
(0.201047 0.27097 1.34102)
(0.347243 0.445138 1.37785)
(0.624663 0.624663 1.06395)
(0.503155 0.678833 -0.242536)
(0.309074 0.487119 -2.11189)
(-0.309075 0.487119 -2.11189)
(-0.503155 0.678832 -0.242536)
(-0.624662 0.624662 1.06395)
(-0.347243 0.445137 1.37785)
(-0.201047 0.27097 1.34102)
(0.299935 0.233502 1.2206)
(0.647847 0.456583 0.781991)
(0.678834 0.503155 -0.242536)
(0.515421 0.515421 -1.38759)
(0.30894 0.38008 -2.78994)
(-0.308941 0.38008 -2.78994)
(-0.515421 0.51542 -1.38759)
(-0.678833 0.503155 -0.242536)
(-0.647846 0.456582 0.781991)
(-0.299935 0.233501 1.22061)
(0.310457 0.012328 0.590932)
(0.44962 0.221446 -1.0561)
(0.487119 0.309074 -2.11189)
(0.380081 0.30894 -2.78994)
(0.226206 0.226206 -3.35224)
(-0.226206 0.226206 -3.35224)
(-0.380081 0.30894 -2.78994)
(-0.48712 0.309074 -2.11189)
(-0.44962 0.221445 -1.0561)
(-0.310457 0.0123275 0.590934)
(0.310456 -0.0123287 0.590933)
(0.44962 -0.221447 -1.0561)
(0.487119 -0.309075 -2.11189)
(0.38008 -0.308941 -2.78994)
(0.226206 -0.226206 -3.35224)
(-0.226206 -0.226206 -3.35224)
(-0.38008 -0.308941 -2.78994)
(-0.487119 -0.309075 -2.11189)
(-0.44962 -0.221447 -1.05609)
(-0.310456 -0.0123281 0.590934)
(0.299935 -0.233502 1.2206)
(0.647846 -0.456583 0.781991)
(0.678832 -0.503155 -0.242536)
(0.51542 -0.515421 -1.38759)
(0.30894 -0.380081 -2.78994)
(-0.308941 -0.38008 -2.78994)
(-0.51542 -0.51542 -1.38759)
(-0.678832 -0.503155 -0.242536)
(-0.647845 -0.456581 0.781992)
(-0.299934 -0.233501 1.22061)
(0.201047 -0.270971 1.34102)
(0.347242 -0.445138 1.37785)
(0.624662 -0.624662 1.06395)
(0.503155 -0.678833 -0.242536)
(0.309074 -0.48712 -2.11189)
(-0.309075 -0.487119 -2.11189)
(-0.503155 -0.678832 -0.242536)
(-0.624661 -0.624661 1.06395)
(-0.347242 -0.445137 1.37785)
(-0.201047 -0.27097 1.34102)
(0.136974 -0.170606 1.35492)
(0.276842 -0.276842 1.40353)
(0.445137 -0.347243 1.37785)
(0.456582 -0.647846 0.781991)
(0.221445 -0.44962 -1.0561)
(-0.221447 -0.44962 -1.05609)
(-0.456581 -0.647845 0.781992)
(-0.445137 -0.347242 1.37785)
(-0.276842 -0.276842 1.40353)
(-0.136973 -0.170606 1.35492)
(0.102309 -0.102309 1.34249)
(0.170606 -0.136974 1.35492)
(0.27097 -0.201047 1.34102)
(0.233501 -0.299935 1.22061)
(0.0123275 -0.310457 0.590934)
(-0.0123281 -0.310456 0.590934)
(-0.233501 -0.299934 1.22061)
(-0.27097 -0.201047 1.34102)
(-0.170606 -0.136973 1.35492)
(-0.102309 -0.102309 1.34249)
(0.100237 0.100237 1.20575)
(0.165114 0.131186 1.2128)
(0.259194 0.191233 1.18944)
(0.226788 0.2688 1.05493)
(0.0147893 0.287385 0.471041)
(-0.0147899 0.287385 0.471042)
(-0.226788 0.268799 1.05493)
(-0.259194 0.191233 1.18944)
(-0.165114 0.131186 1.2128)
(-0.100237 0.100237 1.20575)
(0.131186 0.165114 1.2128)
(0.266228 0.266228 1.25087)
(0.419055 0.329675 1.23443)
(0.428464 0.613958 0.733218)
(0.197541 0.417461 -0.942693)
(-0.197542 0.417461 -0.942692)
(-0.428464 0.613957 0.733218)
(-0.419055 0.329675 1.23443)
(-0.266228 0.266227 1.25087)
(-0.131186 0.165113 1.2128)
(0.191233 0.259194 1.18944)
(0.329675 0.419055 1.23443)
(0.593557 0.593557 0.976566)
(0.502988 0.670655 -0.133478)
(0.301769 0.464351 -1.89584)
(-0.30177 0.46435 -1.89584)
(-0.502988 0.670654 -0.133478)
(-0.593557 0.593557 0.976566)
(-0.329675 0.419054 1.23443)
(-0.191233 0.259193 1.18944)
(0.2688 0.226788 1.05493)
(0.613958 0.428464 0.733218)
(0.670655 0.502988 -0.133478)
(0.5198 0.5198 -1.19962)
(0.309111 0.368319 -2.52492)
(-0.309112 0.368319 -2.52492)
(-0.5198 0.519799 -1.19962)
(-0.670655 0.502988 -0.133478)
(-0.613958 0.428464 0.733218)
(-0.268799 0.226787 1.05493)
(0.287385 0.0147893 0.471041)
(0.417461 0.197541 -0.942693)
(0.464351 0.301769 -1.89584)
(0.368319 0.309111 -2.52492)
(0.227932 0.227932 -3.05079)
(-0.227932 0.227932 -3.05079)
(-0.368319 0.309111 -2.52492)
(-0.464351 0.301769 -1.89583)
(-0.417461 0.19754 -0.942692)
(-0.287386 0.0147888 0.471042)
(0.287385 -0.0147899 0.471042)
(0.417461 -0.197542 -0.942692)
(0.46435 -0.30177 -1.89583)
(0.368319 -0.309112 -2.52492)
(0.227932 -0.227932 -3.05079)
(-0.227932 -0.227932 -3.05079)
(-0.368319 -0.309111 -2.52492)
(-0.464351 -0.30177 -1.89583)
(-0.417461 -0.197541 -0.942691)
(-0.287385 -0.0147894 0.471043)
(0.268799 -0.226788 1.05493)
(0.613957 -0.428464 0.733219)
(0.670654 -0.502988 -0.133478)
(0.519799 -0.5198 -1.19962)
(0.309111 -0.368319 -2.52492)
(-0.309111 -0.368319 -2.52492)
(-0.519799 -0.519799 -1.19962)
(-0.670654 -0.502987 -0.133478)
(-0.613957 -0.428464 0.733219)
(-0.268799 -0.226787 1.05493)
(0.191233 -0.259194 1.18944)
(0.329675 -0.419055 1.23443)
(0.593557 -0.593557 0.976566)
(0.502988 -0.670655 -0.133478)
(0.301769 -0.464351 -1.89583)
(-0.30177 -0.464351 -1.89583)
(-0.502987 -0.670654 -0.133478)
(-0.593556 -0.593556 0.976567)
(-0.329674 -0.419054 1.23443)
(-0.191232 -0.259193 1.18944)
(0.131186 -0.165114 1.2128)
(0.266227 -0.266228 1.25087)
(0.419054 -0.329675 1.23443)
(0.428464 -0.613958 0.733218)
(0.19754 -0.417461 -0.942692)
(-0.197541 -0.417461 -0.942691)
(-0.428464 -0.613957 0.733219)
(-0.419054 -0.329674 1.23443)
(-0.266227 -0.266227 1.25087)
(-0.131186 -0.165113 1.2128)
(0.100237 -0.100237 1.20575)
(0.165113 -0.131186 1.2128)
(0.259193 -0.191233 1.18944)
(0.226787 -0.268799 1.05493)
(0.0147888 -0.287385 0.471042)
(-0.0147894 -0.287385 0.471043)
(-0.226787 -0.268799 1.05493)
(-0.259193 -0.191232 1.18944)
(-0.165113 -0.131186 1.2128)
(-0.100237 -0.100237 1.20575)
(0.0962238 0.0962238 1.0749)
(0.156704 0.122982 1.07839)
(0.243414 0.177678 1.04842)
(0.216241 0.235319 0.903959)
(0.0168082 0.261359 0.366262)
(-0.0168087 0.261359 0.366262)
(-0.216242 0.235319 0.90396)
(-0.243415 0.177678 1.04842)
(-0.156704 0.122982 1.07839)
(-0.0962238 0.0962238 1.0749)
(0.122982 0.156704 1.07839)
(0.25052 0.25052 1.10932)
(0.387695 0.30732 1.09926)
(0.395868 0.567417 0.679747)
(0.175402 0.376976 -0.841979)
(-0.175403 0.376976 -0.841979)
(-0.395868 0.567417 0.679747)
(-0.387695 0.30732 1.09926)
(-0.25052 0.250519 1.10932)
(-0.122982 0.156704 1.07839)
(0.177678 0.243414 1.04842)
(0.30732 0.387695 1.09926)
(0.552445 0.552445 0.889265)
(0.487026 0.648894 -0.0407417)
(0.291543 0.430751 -1.68519)
(-0.291543 0.43075 -1.68519)
(-0.487026 0.648893 -0.0407421)
(-0.552445 0.552445 0.889265)
(-0.30732 0.387695 1.09926)
(-0.177678 0.243414 1.04842)
(0.235319 0.216241 0.903959)
(0.567417 0.395868 0.679747)
(0.648894 0.487026 -0.0407416)
(0.508612 0.508612 -1.01778)
(0.306444 0.352439 -2.26363)
(-0.306444 0.352439 -2.26363)
(-0.508611 0.508611 -1.01778)
(-0.648893 0.487026 -0.0407415)
(-0.567418 0.395867 0.679747)
(-0.235319 0.216241 0.90396)
(0.26136 0.0168082 0.366262)
(0.376976 0.175402 -0.841979)
(0.430751 0.291543 -1.68519)
(0.352439 0.306444 -2.26363)
(0.226096 0.226095 -2.75457)
(-0.226095 0.226095 -2.75457)
(-0.352439 0.306444 -2.26363)
(-0.430751 0.291542 -1.68519)
(-0.376976 0.175402 -0.841978)
(-0.26136 0.0168079 0.366262)
(0.261359 -0.0168087 0.366262)
(0.376976 -0.175403 -0.841978)
(0.43075 -0.291543 -1.68519)
(0.352439 -0.306444 -2.26363)
(0.226096 -0.226095 -2.75457)
(-0.226095 -0.226095 -2.75457)
(-0.352439 -0.306444 -2.26363)
(-0.430751 -0.291543 -1.68519)
(-0.376976 -0.175403 -0.841978)
(-0.261359 -0.0168083 0.366263)
(0.235319 -0.216241 0.90396)
(0.567417 -0.395868 0.679747)
(0.648893 -0.487026 -0.040742)
(0.508611 -0.508611 -1.01778)
(0.306444 -0.352439 -2.26363)
(-0.306444 -0.352439 -2.26363)
(-0.508611 -0.508611 -1.01778)
(-0.648893 -0.487026 -0.0407419)
(-0.567418 -0.395867 0.679748)
(-0.235319 -0.216241 0.90396)
(0.177678 -0.243415 1.04842)
(0.30732 -0.387695 1.09926)
(0.552445 -0.552445 0.889265)
(0.487026 -0.648893 -0.0407414)
(0.291543 -0.430751 -1.68519)
(-0.291543 -0.430751 -1.68519)
(-0.487026 -0.648893 -0.0407419)
(-0.552445 -0.552444 0.889266)
(-0.30732 -0.387695 1.09926)
(-0.177678 -0.243414 1.04842)
(0.122982 -0.156704 1.07839)
(0.250519 -0.25052 1.10932)
(0.387695 -0.30732 1.09926)
(0.395867 -0.567418 0.679747)
(0.175402 -0.376976 -0.841978)
(-0.175403 -0.376976 -0.841978)
(-0.395867 -0.567418 0.679748)
(-0.387695 -0.30732 1.09926)
(-0.250519 -0.250519 1.10932)
(-0.122982 -0.156704 1.07839)
(0.0962238 -0.0962238 1.0749)
(0.156704 -0.122982 1.07839)
(0.243414 -0.177678 1.04842)
(0.216241 -0.235319 0.90396)
(0.0168079 -0.26136 0.366262)
(-0.0168083 -0.261359 0.366263)
(-0.216241 -0.235319 0.90396)
(-0.243414 -0.177678 1.04842)
(-0.156704 -0.122982 1.07839)
(-0.0962238 -0.0962237 1.0749)
(0.0907967 0.0907967 0.951847)
(0.146567 0.113525 0.953402)
(0.225313 0.162382 0.919062)
(0.203619 0.202607 0.769015)
(0.0187435 0.233927 0.276929)
(-0.0187439 0.233927 0.27693)
(-0.20362 0.202607 0.769016)
(-0.225313 0.162382 0.919062)
(-0.146567 0.113525 0.953402)
(-0.0907967 0.0907967 0.951847)
(0.113525 0.146567 0.953402)
(0.23229 0.23229 0.979924)
(0.354281 0.282433 0.975388)
(0.361628 0.513568 0.623257)
(0.155596 0.333835 -0.754242)
(-0.155596 0.333835 -0.754242)
(-0.361628 0.513568 0.623257)
(-0.354281 0.282433 0.975388)
(-0.23229 0.23229 0.979924)
(-0.113525 0.146567 0.953402)
(0.162382 0.225313 0.919062)
(0.282433 0.354281 0.975387)
(0.505569 0.505569 0.8048)
(0.459906 0.615372 0.0326284)
(0.279598 0.3937 -1.48914)
(-0.279598 0.3937 -1.48914)
(-0.459906 0.615371 0.032628)
(-0.505569 0.505569 0.8048)
(-0.282433 0.354281 0.975388)
(-0.162382 0.225312 0.919062)
(0.202607 0.203619 0.769015)
(0.513568 0.361628 0.623257)
(0.615372 0.459906 0.0326285)
(0.486829 0.486829 -0.851033)
(0.300612 0.333858 -2.01817)
(-0.300612 0.333858 -2.01817)
(-0.486829 0.486828 -0.851033)
(-0.615372 0.459906 0.0326288)
(-0.513568 0.361628 0.623257)
(-0.202608 0.203619 0.769016)
(0.233927 0.0187435 0.276929)
(0.333835 0.155596 -0.754242)
(0.3937 0.279598 -1.48914)
(0.333858 0.300612 -2.01817)
(0.22088 0.22088 -2.47091)
(-0.22088 0.22088 -2.47091)
(-0.333859 0.300611 -2.01817)
(-0.393701 0.279598 -1.48914)
(-0.333835 0.155596 -0.754242)
(-0.233927 0.0187433 0.27693)
(0.233927 -0.0187439 0.27693)
(0.333835 -0.155596 -0.754242)
(0.3937 -0.279598 -1.48914)
(0.333858 -0.300612 -2.01817)
(0.22088 -0.22088 -2.47091)
(-0.22088 -0.22088 -2.47091)
(-0.333858 -0.300611 -2.01817)
(-0.3937 -0.279598 -1.48914)
(-0.333835 -0.155596 -0.754241)
(-0.233927 -0.0187437 0.27693)
(0.202607 -0.20362 0.769015)
(0.513568 -0.361628 0.623257)
(0.615371 -0.459906 0.0326281)
(0.486828 -0.486829 -0.851033)
(0.300612 -0.333859 -2.01817)
(-0.300611 -0.333858 -2.01817)
(-0.486828 -0.486828 -0.851033)
(-0.615371 -0.459906 0.0326283)
(-0.513568 -0.361628 0.623258)
(-0.202607 -0.203619 0.769016)
(0.162382 -0.225313 0.919062)
(0.282433 -0.354281 0.975388)
(0.505569 -0.505569 0.8048)
(0.459906 -0.615372 0.0326288)
(0.279598 -0.3937 -1.48914)
(-0.279598 -0.3937 -1.48914)
(-0.459906 -0.615371 0.0326284)
(-0.505569 -0.505569 0.8048)
(-0.282433 -0.354281 0.975388)
(-0.162381 -0.225313 0.919062)
(0.113525 -0.146567 0.953402)
(0.23229 -0.23229 0.979924)
(0.354281 -0.282433 0.975388)
(0.361628 -0.513568 0.623257)
(0.155596 -0.333835 -0.754242)
(-0.155596 -0.333835 -0.754241)
(-0.361628 -0.513568 0.623258)
(-0.354281 -0.282433 0.975388)
(-0.23229 -0.23229 0.979924)
(-0.113525 -0.146567 0.953402)
(0.0907967 -0.0907967 0.951847)
(0.146567 -0.113525 0.953402)
(0.225312 -0.162382 0.919062)
(0.203619 -0.202608 0.769016)
(0.0187433 -0.233927 0.27693)
(-0.0187437 -0.233927 0.27693)
(-0.203619 -0.202607 0.769016)
(-0.225313 -0.162381 0.919062)
(-0.146567 -0.113525 0.953402)
(-0.0907966 -0.0907966 0.951847)
(0.0843964 0.0843964 0.837655)
(0.135584 0.103615 0.838506)
(0.206191 0.146527 0.801511)
(0.18996 0.1728 0.650109)
(0.0205967 0.207629 0.202399)
(-0.0205971 0.207629 0.2024)
(-0.18996 0.172799 0.650109)
(-0.206192 0.146527 0.801511)
(-0.135584 0.103615 0.838506)
(-0.0843964 0.0843963 0.837655)
(0.103615 0.135584 0.838506)
(0.213145 0.213145 0.862776)
(0.321184 0.256897 0.862376)
(0.328433 0.458204 0.565797)
(0.13862 0.291009 -0.676982)
(-0.13862 0.291009 -0.676981)
(-0.328433 0.458205 0.565797)
(-0.321184 0.256897 0.862376)
(-0.213145 0.213145 0.862776)
(-0.103615 0.135584 0.838506)
(0.146527 0.206191 0.801511)
(0.256897 0.321184 0.862376)
(0.457339 0.457339 0.724412)
(0.427304 0.574198 0.087773)
(0.265249 0.355576 -1.31009)
(-0.265249 0.355576 -1.31009)
(-0.427304 0.574197 0.0877726)
(-0.457339 0.457339 0.724412)
(-0.256897 0.321184 0.862376)
(-0.146527 0.206191 0.801511)
(0.1728 0.18996 0.650109)
(0.458204 0.328433 0.565797)
(0.574198 0.427304 0.0877731)
(0.459133 0.459133 -0.704802)
(0.291751 0.315124 -1.78968)
(-0.29175 0.315124 -1.78968)
(-0.459133 0.459132 -0.704802)
(-0.574198 0.427304 0.0877734)
(-0.458205 0.328433 0.565797)
(-0.1728 0.189959 0.650109)
(0.207629 0.0205967 0.202399)
(0.291009 0.13862 -0.676982)
(0.355576 0.265249 -1.31009)
(0.315124 0.291751 -1.78968)
(0.213479 0.213479 -2.19924)
(-0.213479 0.213479 -2.19924)
(-0.315124 0.29175 -1.78968)
(-0.355576 0.265249 -1.31009)
(-0.291009 0.13862 -0.676981)
(-0.207629 0.0205967 0.2024)
(0.207629 -0.0205971 0.2024)
(0.291009 -0.13862 -0.676981)
(0.355576 -0.265249 -1.31009)
(0.315124 -0.29175 -1.78968)
(0.213479 -0.213479 -2.19924)
(-0.213479 -0.213479 -2.19925)
(-0.315124 -0.29175 -1.78968)
(-0.355576 -0.265249 -1.31009)
(-0.291009 -0.13862 -0.676981)
(-0.207629 -0.020597 0.2024)
(0.172799 -0.18996 0.650109)
(0.458205 -0.328433 0.565797)
(0.574197 -0.427304 0.0877727)
(0.459132 -0.459133 -0.704802)
(0.29175 -0.315124 -1.78968)
(-0.29175 -0.315124 -1.78968)
(-0.459132 -0.459132 -0.704802)
(-0.574197 -0.427304 0.087773)
(-0.458205 -0.328433 0.565797)
(-0.172799 -0.18996 0.650109)
(0.146527 -0.206192 0.801511)
(0.256897 -0.321184 0.862376)
(0.457339 -0.457339 0.724412)
(0.427304 -0.574198 0.0877734)
(0.265249 -0.355576 -1.31009)
(-0.265249 -0.355576 -1.31009)
(-0.427304 -0.574197 0.0877731)
(-0.457339 -0.457339 0.724412)
(-0.256897 -0.321184 0.862377)
(-0.146527 -0.206191 0.801511)
(0.103615 -0.135584 0.838506)
(0.213145 -0.213145 0.862776)
(0.321184 -0.256897 0.862377)
(0.328433 -0.458205 0.565797)
(0.13862 -0.291009 -0.676981)
(-0.13862 -0.291009 -0.676981)
(-0.328433 -0.458205 0.565797)
(-0.321184 -0.256897 0.862377)
(-0.213145 -0.213145 0.862777)
(-0.103615 -0.135584 0.838506)
(0.0843964 -0.0843964 0.837655)
(0.135584 -0.103615 0.838506)
(0.206191 -0.146527 0.801511)
(0.189959 -0.1728 0.650109)
(0.0205967 -0.207629 0.2024)
(-0.020597 -0.207629 0.2024)
(-0.18996 -0.172799 0.650109)
(-0.206191 -0.146527 0.801511)
(-0.135584 -0.103615 0.838506)
(-0.0843963 -0.0843963 0.837655)
(0.0773736 0.0773736 0.732812)
(0.124396 0.0937891 0.733768)
(0.18705 0.130947 0.695422)
(0.175878 0.14695 0.54608)
(0.0222811 0.183247 0.141251)
(-0.0222814 0.183247 0.141251)
(-0.175878 0.14695 0.54608)
(-0.18705 0.130947 0.695422)
(-0.124396 0.093789 0.733768)
(-0.0773736 0.0773736 0.732812)
(0.0937891 0.124396 0.733768)
(0.194195 0.194195 0.757306)
(0.290076 0.232064 0.75989)
(0.298125 0.405821 0.508709)
(0.125149 0.250621 -0.60737)
(-0.125149 0.250621 -0.60737)
(-0.298126 0.405821 0.508709)
(-0.290076 0.232064 0.759891)
(-0.194195 0.194195 0.757307)
(-0.093789 0.124396 0.733768)
(0.130947 0.18705 0.695422)
(0.232064 0.290076 0.75989)
(0.411249 0.411249 0.648558)
(0.393277 0.529235 0.130727)
(0.248664 0.317268 -1.14923)
(-0.248664 0.317268 -1.14923)
(-0.393277 0.529235 0.130727)
(-0.411249 0.411249 0.648558)
(-0.232064 0.290076 0.759891)
(-0.130946 0.18705 0.695422)
(0.14695 0.175878 0.54608)
(0.405821 0.298125 0.508709)
(0.529235 0.393277 0.130727)
(0.433011 0.433011 -0.568853)
(0.281452 0.298308 -1.57627)
(-0.281452 0.298308 -1.57627)
(-0.433011 0.43301 -0.568853)
(-0.529235 0.393277 0.130728)
(-0.405821 0.298125 0.508709)
(-0.14695 0.175878 0.54608)
(0.183247 0.0222811 0.141251)
(0.250621 0.125148 -0.60737)
(0.317268 0.248664 -1.14923)
(0.298308 0.281452 -1.57627)
(0.204194 0.204194 -1.94008)
(-0.204194 0.204194 -1.94008)
(-0.298308 0.281452 -1.57627)
(-0.317268 0.248664 -1.14923)
(-0.250621 0.125149 -0.607369)
(-0.183247 0.0222811 0.141251)
(0.183247 -0.0222814 0.141251)
(0.250621 -0.125149 -0.607369)
(0.317268 -0.248664 -1.14923)
(0.298308 -0.281452 -1.57627)
(0.204194 -0.204194 -1.94008)
(-0.204194 -0.204194 -1.94008)
(-0.298308 -0.281452 -1.57627)
(-0.317268 -0.248664 -1.14923)
(-0.250621 -0.125149 -0.607369)
(-0.183247 -0.0222814 0.141252)
(0.14695 -0.175878 0.54608)
(0.405821 -0.298126 0.508709)
(0.529235 -0.393277 0.130727)
(0.43301 -0.433011 -0.568853)
(0.281452 -0.298308 -1.57627)
(-0.281452 -0.298308 -1.57627)
(-0.43301 -0.43301 -0.568853)
(-0.529235 -0.393277 0.130727)
(-0.405821 -0.298126 0.50871)
(-0.14695 -0.175878 0.54608)
(0.130947 -0.18705 0.695422)
(0.232064 -0.290076 0.759891)
(0.411249 -0.411249 0.648558)
(0.393277 -0.529235 0.130728)
(0.248664 -0.317268 -1.14923)
(-0.248664 -0.317268 -1.14923)
(-0.393277 -0.529235 0.130727)
(-0.411249 -0.411249 0.648558)
(-0.232064 -0.290076 0.759891)
(-0.130946 -0.18705 0.695423)
(0.093789 -0.124396 0.733768)
(0.194195 -0.194195 0.757307)
(0.290076 -0.232064 0.759891)
(0.298125 -0.405821 0.50871)
(0.125149 -0.250621 -0.607369)
(-0.125149 -0.250621 -0.607369)
(-0.298126 -0.405821 0.50871)
(-0.290076 -0.232064 0.759891)
(-0.194195 -0.194195 0.757307)
(-0.0937889 -0.124396 0.733768)
(0.0773736 -0.0773736 0.732812)
(0.124396 -0.093789 0.733768)
(0.18705 -0.130946 0.695422)
(0.175878 -0.14695 0.54608)
(0.0222811 -0.183247 0.141251)
(-0.0222814 -0.183247 0.141252)
(-0.175878 -0.14695 0.54608)
(-0.18705 -0.130946 0.695423)
(-0.124396 -0.0937889 0.733768)
(-0.0773736 -0.0773736 0.732812)
(0.0700008 0.0700008 0.637371)
(0.113456 0.0843601 0.638839)
(0.168592 0.116089 0.600085)
(0.161885 0.124756 0.455257)
(0.023797 0.160284 0.092085)
(-0.0237972 0.160284 0.0920852)
(-0.161885 0.124756 0.455257)
(-0.168592 0.116089 0.600085)
(-0.113456 0.0843601 0.638839)
(-0.0700008 0.0700008 0.637372)
(0.0843601 0.113456 0.638839)
(0.176054 0.176054 0.662318)
(0.261544 0.208561 0.666945)
(0.271546 0.358099 0.453065)
(0.114823 0.213433 -0.543761)
(-0.114823 0.213433 -0.543761)
(-0.271547 0.358099 0.453065)
(-0.261544 0.208561 0.666945)
(-0.176054 0.176054 0.662319)
(-0.0843601 0.113456 0.638839)
(0.116089 0.168592 0.600085)
(0.208561 0.261544 0.666945)
(0.368645 0.368645 0.577345)
(0.359091 0.479751 0.159035)
(0.233287 0.282715 -1.00715)
(-0.233287 0.282715 -1.00715)
(-0.359091 0.479751 0.159035)
(-0.368645 0.368645 0.577345)
(-0.208561 0.261544 0.666945)
(-0.116089 0.168592 0.600085)
(0.124756 0.161885 0.455257)
(0.358099 0.271546 0.453065)
(0.479751 0.359091 0.159035)
(0.405984 0.405984 -0.460717)
(0.268692 0.281986 -1.37959)
(-0.268692 0.281986 -1.37959)
(-0.405984 0.405984 -0.460717)
(-0.479751 0.359091 0.159035)
(-0.358099 0.271546 0.453065)
(-0.124756 0.161885 0.455257)
(0.160284 0.0237969 0.092085)
(0.213433 0.114823 -0.543761)
(0.282715 0.233287 -1.00715)
(0.281986 0.268692 -1.37959)
(0.192284 0.192284 -1.69454)
(-0.192284 0.192284 -1.69454)
(-0.281986 0.268693 -1.37959)
(-0.282715 0.233287 -1.00715)
(-0.213433 0.114823 -0.54376)
(-0.160284 0.023797 0.0920855)
(0.160284 -0.0237972 0.0920852)
(0.213433 -0.114823 -0.543761)
(0.282715 -0.233287 -1.00715)
(0.281986 -0.268692 -1.37959)
(0.192284 -0.192284 -1.69454)
(-0.192284 -0.192284 -1.69454)
(-0.281986 -0.268692 -1.37959)
(-0.282715 -0.233287 -1.00715)
(-0.213433 -0.114823 -0.54376)
(-0.160284 -0.0237973 0.0920857)
(0.124756 -0.161885 0.455257)
(0.358099 -0.271546 0.453065)
(0.479751 -0.359091 0.159035)
(0.405984 -0.405984 -0.460717)
(0.268693 -0.281986 -1.37959)
(-0.268693 -0.281986 -1.37959)
(-0.405984 -0.405984 -0.460717)
(-0.479751 -0.359091 0.159035)
(-0.358099 -0.271546 0.453066)
(-0.124756 -0.161885 0.455257)
(0.116089 -0.168592 0.600085)
(0.208561 -0.261544 0.666945)
(0.368645 -0.368645 0.577345)
(0.359091 -0.479751 0.159035)
(0.233287 -0.282715 -1.00715)
(-0.233287 -0.282715 -1.00715)
(-0.359091 -0.479751 0.159035)
(-0.368645 -0.368645 0.577345)
(-0.208561 -0.261544 0.666945)
(-0.116089 -0.168592 0.600085)
(0.0843601 -0.113456 0.638839)
(0.176054 -0.176054 0.662319)
(0.261544 -0.208561 0.666945)
(0.271546 -0.358099 0.453065)
(0.114823 -0.213433 -0.54376)
(-0.114823 -0.213433 -0.54376)
(-0.271547 -0.358099 0.453066)
(-0.261544 -0.208561 0.666945)
(-0.176054 -0.176054 0.662319)
(-0.08436 -0.113456 0.638839)
(0.0700008 -0.0700008 0.637372)
(0.113456 -0.0843601 0.638839)
(0.168592 -0.116089 0.600085)
(0.161885 -0.124756 0.455257)
(0.023797 -0.160284 0.0920856)
(-0.0237973 -0.160284 0.0920857)
(-0.161886 -0.124756 0.455257)
(-0.168592 -0.116089 0.600085)
(-0.113456 -0.08436 0.638839)
(-0.0700008 -0.0700008 0.637372)
(0.0624889 0.0624889 0.551165)
(0.103049 0.075409 0.553178)
(0.151234 0.101981 0.514777)
(0.148446 0.10537 0.376027)
(0.025676 0.138353 0.0538133)
(-0.0256762 0.138353 0.0538134)
(-0.148446 0.105369 0.376028)
(-0.151234 0.101981 0.514777)
(-0.10305 0.0754089 0.553178)
(-0.0624889 0.0624889 0.551165)
(0.075409 0.103049 0.553178)
(0.15888 0.15888 0.576743)
(0.235394 0.186858 0.582388)
(0.247872 0.313931 0.401021)
(0.105719 0.180376 -0.484788)
(-0.10572 0.180376 -0.484788)
(-0.247872 0.313931 0.401021)
(-0.235394 0.186858 0.582388)
(-0.15888 0.15888 0.576743)
(-0.075409 0.103049 0.553178)
(0.101981 0.151234 0.514777)
(0.186858 0.235394 0.582388)
(0.328583 0.328583 0.51138)
(0.327263 0.429263 0.176913)
(0.219722 0.254144 -0.882906)
(-0.219722 0.254144 -0.882906)
(-0.327263 0.429263 0.176913)
(-0.328583 0.328583 0.51138)
(-0.186858 0.235394 0.582388)
(-0.101981 0.151234 0.514777)
(0.10537 0.148446 0.376027)
(0.313931 0.247872 0.401021)
(0.429263 0.327263 0.176913)
(0.381406 0.381406 -0.366846)
(0.253169 0.262378 -1.19775)
(-0.253169 0.262378 -1.19775)
(-0.381406 0.381406 -0.366846)
(-0.429263 0.327263 0.176914)
(-0.313931 0.247872 0.401021)
(-0.105369 0.148446 0.376028)
(0.138353 0.025676 0.0538133)
(0.180376 0.105719 -0.484788)
(0.254144 0.219722 -0.882906)
(0.262378 0.253169 -1.19775)
(0.177159 0.177158 -1.46414)
(-0.177158 0.177159 -1.46414)
(-0.262379 0.25317 -1.19775)
(-0.254144 0.219721 -0.882906)
(-0.180376 0.105719 -0.484788)
(-0.138353 0.025676 0.0538139)
(0.138353 -0.0256762 0.0538134)
(0.180376 -0.10572 -0.484788)
(0.254144 -0.219722 -0.882906)
(0.262378 -0.253169 -1.19775)
(0.177159 -0.177159 -1.46414)
(-0.177158 -0.177159 -1.46414)
(-0.262379 -0.25317 -1.19775)
(-0.254144 -0.219722 -0.882906)
(-0.180376 -0.10572 -0.484788)
(-0.138353 -0.0256763 0.053814)
(0.105369 -0.148446 0.376028)
(0.313931 -0.247872 0.401021)
(0.429263 -0.327263 0.176913)
(0.381406 -0.381406 -0.366846)
(0.25317 -0.262379 -1.19775)
(-0.25317 -0.262379 -1.19775)
(-0.381406 -0.381406 -0.366846)
(-0.429263 -0.327263 0.176914)
(-0.313931 -0.247872 0.401021)
(-0.105369 -0.148446 0.376028)
(0.101981 -0.151234 0.514777)
(0.186858 -0.235394 0.582388)
(0.328583 -0.328583 0.51138)
(0.327263 -0.429263 0.176914)
(0.219722 -0.254144 -0.882906)
(-0.219722 -0.254144 -0.882906)
(-0.327263 -0.429263 0.176914)
(-0.328583 -0.328583 0.51138)
(-0.186858 -0.235394 0.582388)
(-0.101981 -0.151234 0.514778)
(0.0754089 -0.103049 0.553178)
(0.15888 -0.15888 0.576743)
(0.235394 -0.186858 0.582388)
(0.247872 -0.31393 0.401021)
(0.105719 -0.180376 -0.484788)
(-0.10572 -0.180376 -0.484788)
(-0.247872 -0.313931 0.401021)
(-0.235394 -0.186858 0.582388)
(-0.15888 -0.15888 0.576743)
(-0.0754089 -0.103049 0.553178)
(0.0624889 -0.0624889 0.551165)
(0.103049 -0.075409 0.553178)
(0.151234 -0.101981 0.514777)
(0.148446 -0.105369 0.376028)
(0.0256761 -0.138353 0.0538139)
(-0.0256763 -0.138353 0.053814)
(-0.148446 -0.105369 0.376028)
(-0.151234 -0.101981 0.514778)
(-0.103049 -0.0754089 0.553178)
(-0.0624889 -0.0624889 0.551165)
(0.0550118 0.0550118 0.473725)
(0.0933945 0.0669405 0.476085)
(0.135247 0.088441 0.438529)
(0.135963 0.0889323 0.307078)
(0.0285601 0.117915 0.0255158)
(-0.0285603 0.117915 0.0255158)
(-0.135963 0.0889322 0.307078)
(-0.135247 0.088441 0.438529)
(-0.0933945 0.0669405 0.476086)
(-0.0550118 0.0550118 0.473726)
(0.0669405 0.0933945 0.476085)
(0.142676 0.142676 0.499512)
(0.211917 0.168087 0.505425)
(0.226091 0.272795 0.352831)
(0.0987847 0.153759 -0.433443)
(-0.0987848 0.153759 -0.433443)
(-0.226091 0.272796 0.352831)
(-0.211917 0.168087 0.505425)
(-0.142676 0.142676 0.499512)
(-0.0669405 0.0933945 0.476086)
(0.088441 0.135247 0.438529)
(0.168087 0.211917 0.505425)
(0.290977 0.290977 0.449615)
(0.301202 0.388058 0.180792)
(0.204838 0.225966 -0.768765)
(-0.204838 0.225967 -0.768764)
(-0.301202 0.388058 0.180792)
(-0.290977 0.290977 0.449616)
(-0.168087 0.211917 0.505425)
(-0.088441 0.135247 0.438529)
(0.0889323 0.135963 0.307078)
(0.272795 0.226091 0.352831)
(0.388058 0.301202 0.180792)
(0.360769 0.36077 -0.28987)
(0.234602 0.237686 -1.02643)
(-0.234602 0.237687 -1.02643)
(-0.36077 0.360769 -0.289871)
(-0.388058 0.301202 0.180792)
(-0.272795 0.226091 0.352831)
(-0.0889322 0.135963 0.307078)
(0.117915 0.0285601 0.0255157)
(0.153759 0.0987846 -0.433443)
(0.225967 0.204838 -0.768764)
(0.237687 0.234602 -1.02643)
(0.16149 0.16149 -1.25438)
(-0.16149 0.16149 -1.25438)
(-0.237687 0.234602 -1.02643)
(-0.225967 0.204838 -0.768764)
(-0.15376 0.0987846 -0.433443)
(-0.117915 0.0285601 0.0255163)
(0.117915 -0.0285603 0.0255158)
(0.153759 -0.0987849 -0.433443)
(0.225966 -0.204838 -0.768764)
(0.237687 -0.234602 -1.02643)
(0.16149 -0.16149 -1.25438)
(-0.16149 -0.16149 -1.25438)
(-0.237687 -0.234602 -1.02643)
(-0.225967 -0.204838 -0.768764)
(-0.15376 -0.0987848 -0.433443)
(-0.117915 -0.0285604 0.0255164)
(0.0889322 -0.135963 0.307078)
(0.272796 -0.226091 0.352831)
(0.388058 -0.301202 0.180792)
(0.360769 -0.36077 -0.289871)
(0.234602 -0.237687 -1.02643)
(-0.234602 -0.237687 -1.02643)
(-0.360769 -0.360769 -0.289871)
(-0.388058 -0.301202 0.180792)
(-0.272796 -0.226091 0.352831)
(-0.0889321 -0.135963 0.307078)
(0.088441 -0.135247 0.438529)
(0.168087 -0.211917 0.505425)
(0.290977 -0.290977 0.449616)
(0.301202 -0.388058 0.180792)
(0.204838 -0.225967 -0.768764)
(-0.204839 -0.225967 -0.768764)
(-0.301202 -0.388058 0.180792)
(-0.290977 -0.290977 0.449616)
(-0.168087 -0.211917 0.505425)
(-0.088441 -0.135247 0.438529)
(0.0669405 -0.0933945 0.476086)
(0.142676 -0.142676 0.499512)
(0.211917 -0.168087 0.505425)
(0.226091 -0.272795 0.352831)
(0.0987847 -0.15376 -0.433443)
(-0.0987848 -0.15376 -0.433442)
(-0.226091 -0.272795 0.352831)
(-0.211917 -0.168087 0.505425)
(-0.142676 -0.142676 0.499512)
(-0.0669404 -0.0933945 0.476086)
(0.0550118 -0.0550118 0.473726)
(0.0933945 -0.0669405 0.476086)
(0.135247 -0.088441 0.438529)
(0.135963 -0.0889322 0.307078)
(0.0285601 -0.117915 0.0255164)
(-0.0285603 -0.117915 0.0255164)
(-0.135963 -0.0889321 0.307078)
(-0.135247 -0.088441 0.438529)
(-0.0933945 -0.0669404 0.476086)
(-0.0550118 -0.0550118 0.473726)
(0.0477147 0.0477147 0.404716)
(0.0846758 0.0588456 0.407073)
(0.120717 0.075409 0.370493)
(0.12491 0.074603 0.247199)
(0.0328205 0.0995968 0.00563418)
(-0.0328207 0.0995968 0.00563423)
(-0.124911 0.0746029 0.247199)
(-0.120717 0.0754089 0.370494)
(-0.0846759 0.0588456 0.407073)
(-0.0477147 0.0477147 0.404716)
(0.0588456 0.0846759 0.407073)
(0.127442 0.127442 0.429713)
(0.190546 0.151834 0.435483)
(0.206893 0.235324 0.306568)
(0.0945622 0.133756 -0.385015)
(-0.0945623 0.133756 -0.385015)
(-0.206893 0.235324 0.306568)
(-0.190546 0.151834 0.435483)
(-0.127442 0.127442 0.429713)
(-0.0588456 0.0846758 0.407073)
(0.075409 0.120717 0.370493)
(0.151834 0.190546 0.435483)
(0.257101 0.257101 0.391926)
(0.275005 0.350071 0.175623)
(0.18959 0.198034 -0.66486)
(-0.18959 0.198034 -0.66486)
(-0.275005 0.350071 0.175623)
(-0.257101 0.257101 0.391926)
(-0.151834 0.190546 0.435483)
(-0.075409 0.120717 0.370494)
(0.074603 0.124911 0.247199)
(0.235324 0.206893 0.306568)
(0.350071 0.275005 0.175623)
(0.337779 0.337779 -0.218614)
(0.213976 0.213758 -0.870522)
(-0.213976 0.213758 -0.870522)
(-0.337779 0.337779 -0.218614)
(-0.350071 0.275005 0.175623)
(-0.235324 0.206892 0.306569)
(-0.0746029 0.12491 0.247199)
(0.0995969 0.0328205 0.00563414)
(0.133756 0.0945622 -0.385015)
(0.198034 0.18959 -0.66486)
(0.213758 0.213976 -0.870522)
(0.147534 0.147534 -1.06344)
(-0.147534 0.147534 -1.06344)
(-0.213759 0.213976 -0.870522)
(-0.198034 0.18959 -0.66486)
(-0.133756 0.0945621 -0.385014)
(-0.0995968 0.0328205 0.00563466)
(0.0995968 -0.0328208 0.00563423)
(0.133755 -0.0945624 -0.385015)
(0.198034 -0.18959 -0.66486)
(0.213758 -0.213976 -0.870522)
(0.147534 -0.147534 -1.06344)
(-0.147534 -0.147534 -1.06344)
(-0.213758 -0.213976 -0.870522)
(-0.198034 -0.18959 -0.66486)
(-0.133756 -0.0945623 -0.385014)
(-0.0995967 -0.0328207 0.00563475)
(0.0746029 -0.124911 0.247199)
(0.235324 -0.206893 0.306568)
(0.350071 -0.275005 0.175623)
(0.337779 -0.337779 -0.218614)
(0.213976 -0.213759 -0.870522)
(-0.213976 -0.213759 -0.870522)
(-0.337779 -0.337779 -0.218614)
(-0.350071 -0.275005 0.175623)
(-0.235324 -0.206893 0.306569)
(-0.0746029 -0.124911 0.247199)
(0.0754089 -0.120717 0.370494)
(0.151834 -0.190546 0.435483)
(0.257101 -0.257101 0.391926)
(0.275005 -0.350071 0.175623)
(0.18959 -0.198034 -0.66486)
(-0.18959 -0.198034 -0.664859)
(-0.275005 -0.350071 0.175623)
(-0.257101 -0.257101 0.391926)
(-0.151834 -0.190546 0.435483)
(-0.0754089 -0.120717 0.370494)
(0.0588456 -0.0846759 0.407073)
(0.127442 -0.127442 0.429713)
(0.190546 -0.151834 0.435483)
(0.206892 -0.235324 0.306569)
(0.0945622 -0.133756 -0.385014)
(-0.0945623 -0.133756 -0.385014)
(-0.206893 -0.235324 0.306569)
(-0.190546 -0.151834 0.435483)
(-0.127442 -0.127442 0.429713)
(-0.0588456 -0.0846758 0.407073)
(0.0477147 -0.0477148 0.404716)
(0.0846758 -0.0588456 0.407073)
(0.120717 -0.075409 0.370494)
(0.12491 -0.0746029 0.247199)
(0.0328205 -0.0995968 0.00563471)
(-0.0328207 -0.0995967 0.00563475)
(-0.124911 -0.0746029 0.247199)
(-0.120717 -0.0754089 0.370494)
(-0.0846759 -0.0588456 0.407073)
(-0.0477147 -0.0477147 0.404716)
(0.0406047 0.0406047 0.342991)
(0.0770624 0.0509342 0.345201)
(0.107411 0.0625836 0.30931)
(0.115233 0.0612463 0.194801)
(0.0383201 0.0858624 -0.00754221)
(-0.0383203 0.0858623 -0.00754217)
(-0.115233 0.0612462 0.194802)
(-0.107411 0.0625836 0.30931)
(-0.0770624 0.0509341 0.345201)
(-0.0406047 0.0406046 0.342991)
(0.0509342 0.0770624 0.345201)
(0.113021 0.113021 0.366069)
(0.170268 0.138762 0.371094)
(0.190386 0.201121 0.261843)
(0.0929459 0.120318 -0.339446)
(-0.0929461 0.120318 -0.339446)
(-0.190386 0.201121 0.261844)
(-0.170269 0.138762 0.371094)
(-0.113021 0.113021 0.366069)
(-0.0509342 0.0770623 0.345201)
(0.0625836 0.107411 0.30931)
(0.138762 0.170268 0.371094)
(0.225963 0.225963 0.338006)
(0.252482 0.310133 0.162478)
(0.172929 0.172697 -0.569944)
(-0.172929 0.172697 -0.569944)
(-0.252482 0.310133 0.162478)
(-0.225963 0.225963 0.338006)
(-0.138762 0.170268 0.371094)
(-0.0625837 0.107411 0.30931)
(0.0612463 0.115233 0.194801)
(0.201121 0.190386 0.261843)
(0.310133 0.252482 0.162478)
(0.308165 0.308165 -0.156336)
(0.193404 0.191652 -0.731855)
(-0.193404 0.191652 -0.731855)
(-0.308165 0.308165 -0.156336)
(-0.310133 0.252482 0.162478)
(-0.201121 0.190386 0.261844)
(-0.0612463 0.115233 0.194802)
(0.0858624 0.0383201 -0.00754226)
(0.120318 0.0929459 -0.339446)
(0.172697 0.172929 -0.569944)
(0.191652 0.193404 -0.731855)
(0.132479 0.132479 -0.891007)
(-0.132479 0.132479 -0.891007)
(-0.191652 0.193404 -0.731855)
(-0.172697 0.172929 -0.569944)
(-0.120319 0.0929459 -0.339446)
(-0.0858624 0.03832 -0.00754182)
(0.0858623 -0.0383204 -0.00754216)
(0.120318 -0.0929461 -0.339446)
(0.172697 -0.172929 -0.569944)
(0.191652 -0.193404 -0.731855)
(0.132479 -0.132479 -0.891007)
(-0.132479 -0.132479 -0.891007)
(-0.191652 -0.193404 -0.731856)
(-0.172697 -0.172929 -0.569944)
(-0.120318 -0.0929461 -0.339446)
(-0.0858624 -0.0383202 -0.00754172)
(0.0612462 -0.115233 0.194802)
(0.201121 -0.190386 0.261844)
(0.310133 -0.252482 0.162478)
(0.308165 -0.308165 -0.156336)
(0.193404 -0.191652 -0.731855)
(-0.193404 -0.191652 -0.731855)
(-0.308165 -0.308165 -0.156337)
(-0.310133 -0.252482 0.162478)
(-0.201121 -0.190386 0.261844)
(-0.0612463 -0.115233 0.194802)
(0.0625836 -0.107411 0.30931)
(0.138762 -0.170269 0.371094)
(0.225963 -0.225963 0.338006)
(0.252482 -0.310133 0.162478)
(0.172929 -0.172697 -0.569944)
(-0.172929 -0.172697 -0.569944)
(-0.252482 -0.310133 0.162478)
(-0.225963 -0.225963 0.338006)
(-0.138762 -0.170268 0.371094)
(-0.0625836 -0.107411 0.30931)
(0.0509341 -0.0770624 0.345201)
(0.113021 -0.113021 0.366069)
(0.170268 -0.138762 0.371094)
(0.190386 -0.201121 0.261844)
(0.092946 -0.120319 -0.339446)
(-0.0929461 -0.120319 -0.339446)
(-0.190386 -0.201121 0.261844)
(-0.170268 -0.138762 0.371094)
(-0.113021 -0.113021 0.36607)
(-0.0509341 -0.0770624 0.345201)
(0.0406047 -0.0406047 0.342991)
(0.0770623 -0.0509342 0.345201)
(0.107411 -0.0625837 0.30931)
(0.115233 -0.0612463 0.194802)
(0.0383201 -0.0858624 -0.00754177)
(-0.0383202 -0.0858624 -0.00754173)
(-0.115233 -0.0612463 0.194802)
(-0.107411 -0.0625836 0.30931)
(-0.0770624 -0.0509341 0.345201)
(-0.0406047 -0.0406047 0.342991)
(0.0338427 0.0338427 0.288914)
(0.0706347 0.0429584 0.290917)
(0.0953523 0.0499181 0.254847)
(0.106773 0.0474039 0.149586)
(0.044154 0.0803241 -0.0167257)
(-0.0441541 0.0803241 -0.0167256)
(-0.106773 0.0474039 0.149586)
(-0.0953524 0.0499181 0.254847)
(-0.0706348 0.0429584 0.290917)
(-0.0338427 0.0338427 0.288914)
(0.0429584 0.0706348 0.290917)
(0.0993543 0.0993544 0.309258)
(0.150518 0.128961 0.312113)
(0.177012 0.171478 0.219748)
(0.0924299 0.113019 -0.293332)
(-0.09243 0.113019 -0.293332)
(-0.177012 0.171478 0.219748)
(-0.150518 0.128961 0.312113)
(-0.0993544 0.0993544 0.309258)
(-0.0429584 0.0706347 0.290917)
(0.0499181 0.0953523 0.254847)
(0.128961 0.150518 0.312113)
(0.197246 0.197246 0.288113)
(0.23408 0.264407 0.147507)
(0.152257 0.150081 -0.481954)
(-0.152257 0.150081 -0.481954)
(-0.23408 0.264407 0.147507)
(-0.197246 0.197246 0.288113)
(-0.128961 0.150518 0.312113)
(-0.0499181 0.0953523 0.254847)
(0.0474039 0.106773 0.149586)
(0.171478 0.177012 0.219748)
(0.264407 0.23408 0.147507)
(0.283091 0.283091 -0.105035)
(0.175406 0.173098 -0.60436)
(-0.175406 0.173098 -0.60436)
(-0.283091 0.283092 -0.105035)
(-0.264407 0.23408 0.147507)
(-0.171478 0.177012 0.219748)
(-0.047404 0.106773 0.149586)
(0.0803241 0.044154 -0.0167257)
(0.113019 0.0924298 -0.293332)
(0.150081 0.152257 -0.481954)
(0.173098 0.175406 -0.60436)
(0.115906 0.115906 -0.736438)
(-0.115906 0.115906 -0.736438)
(-0.173098 0.175406 -0.60436)
(-0.150081 0.152257 -0.481954)
(-0.11302 0.0924298 -0.293332)
(-0.0803243 0.0441539 -0.0167254)
(0.0803241 -0.0441542 -0.0167256)
(0.113019 -0.0924301 -0.293332)
(0.150081 -0.152257 -0.481954)
(0.173098 -0.175406 -0.60436)
(0.115906 -0.115906 -0.736438)
(-0.115906 -0.115906 -0.736438)
(-0.173098 -0.175406 -0.60436)
(-0.150081 -0.152257 -0.481954)
(-0.113019 -0.0924301 -0.293332)
(-0.0803243 -0.0441541 -0.0167253)
(0.0474039 -0.106773 0.149586)
(0.171478 -0.177012 0.219748)
(0.264407 -0.23408 0.147507)
(0.283092 -0.283091 -0.105035)
(0.175406 -0.173098 -0.60436)
(-0.175406 -0.173098 -0.60436)
(-0.283092 -0.283092 -0.105035)
(-0.264407 -0.23408 0.147507)
(-0.171478 -0.177012 0.219748)
(-0.047404 -0.106773 0.149586)
(0.0499181 -0.0953524 0.254847)
(0.128961 -0.150518 0.312113)
(0.197246 -0.197246 0.288113)
(0.23408 -0.264407 0.147507)
(0.152257 -0.150081 -0.481954)
(-0.152257 -0.150081 -0.481954)
(-0.23408 -0.264407 0.147507)
(-0.197246 -0.197246 0.288113)
(-0.128961 -0.150518 0.312113)
(-0.0499181 -0.0953524 0.254847)
(0.0429584 -0.0706348 0.290917)
(0.0993544 -0.0993544 0.309258)
(0.150518 -0.128961 0.312113)
(0.177012 -0.171478 0.219748)
(0.0924299 -0.113019 -0.293332)
(-0.09243 -0.113019 -0.293332)
(-0.177012 -0.171478 0.219748)
(-0.150518 -0.128961 0.312113)
(-0.0993544 -0.0993544 0.309258)
(-0.0429584 -0.0706347 0.290917)
(0.0338427 -0.0338427 0.288914)
(0.0706347 -0.0429584 0.290917)
(0.0953523 -0.0499181 0.254847)
(0.106773 -0.047404 0.149586)
(0.0441539 -0.0803243 -0.0167253)
(-0.0441541 -0.0803242 -0.0167253)
(-0.106773 -0.047404 0.149586)
(-0.0953524 -0.0499181 0.254847)
(-0.0706347 -0.0429584 0.290917)
(-0.0338427 -0.0338427 0.288914)
(0.0275908 0.0275908 0.239335)
(0.064776 0.0348015 0.242091)
(0.0851405 0.0382016 0.204586)
(0.0974709 0.032446 0.109953)
(0.046853 0.0792584 -0.0254793)
(-0.0468531 0.0792585 -0.0254793)
(-0.097471 0.032446 0.109953)
(-0.0851405 0.0382016 0.204586)
(-0.064776 0.0348015 0.242091)
(-0.0275908 0.0275908 0.239336)
(0.0348015 0.064776 0.242091)
(0.0868224 0.0868224 0.256928)
(0.129594 0.11995 0.25595)
(0.164786 0.145418 0.180835)
(0.089626 0.115355 -0.244021)
(-0.0896261 0.115355 -0.244021)
(-0.164786 0.145418 0.180835)
(-0.129594 0.11995 0.25595)
(-0.0868224 0.0868224 0.256928)
(-0.0348015 0.0647759 0.242091)
(0.0382016 0.0851405 0.204586)
(0.11995 0.129594 0.25595)
(0.169951 0.169951 0.240258)
(0.216428 0.212664 0.129222)
(0.129312 0.133748 -0.401833)
(-0.129313 0.133748 -0.401833)
(-0.216429 0.212664 0.129222)
(-0.169951 0.169951 0.240258)
(-0.11995 0.129594 0.25595)
(-0.0382016 0.0851405 0.204586)
(0.032446 0.0974709 0.109953)
(0.145418 0.164786 0.180835)
(0.212664 0.216429 0.129222)
(0.260761 0.260761 -0.0707014)
(0.15307 0.154056 -0.488892)
(-0.15307 0.154056 -0.488892)
(-0.260761 0.260761 -0.0707015)
(-0.212664 0.216429 0.129222)
(-0.145418 0.164786 0.180835)
(-0.032446 0.0974709 0.109954)
(0.0792584 0.046853 -0.0254794)
(0.115355 0.089626 -0.24402)
(0.133748 0.129313 -0.401832)
(0.154056 0.15307 -0.488892)
(0.097673 0.097673 -0.59941)
(-0.0976731 0.097673 -0.59941)
(-0.154056 0.15307 -0.488892)
(-0.133748 0.129313 -0.401832)
(-0.115356 0.089626 -0.24402)
(-0.0792586 0.0468529 -0.0254791)
(0.0792585 -0.0468531 -0.0254793)
(0.115355 -0.0896262 -0.244021)
(0.133748 -0.129313 -0.401833)
(0.154056 -0.15307 -0.488892)
(0.097673 -0.0976731 -0.59941)
(-0.0976731 -0.0976731 -0.59941)
(-0.154056 -0.15307 -0.488892)
(-0.133748 -0.129313 -0.401833)
(-0.115355 -0.0896262 -0.24402)
(-0.0792586 -0.0468531 -0.025479)
(0.032446 -0.097471 0.109953)
(0.145418 -0.164786 0.180835)
(0.212664 -0.216429 0.129222)
(0.260761 -0.260761 -0.0707015)
(0.15307 -0.154056 -0.488892)
(-0.15307 -0.154056 -0.488892)
(-0.260761 -0.260761 -0.0707015)
(-0.212664 -0.216428 0.129222)
(-0.145418 -0.164786 0.180835)
(-0.0324461 -0.0974709 0.109954)
(0.0382016 -0.0851406 0.204586)
(0.11995 -0.129594 0.255951)
(0.169951 -0.169951 0.240258)
(0.216428 -0.212664 0.129222)
(0.129313 -0.133748 -0.401832)
(-0.129313 -0.133748 -0.401832)
(-0.216429 -0.212664 0.129222)
(-0.169951 -0.169951 0.240258)
(-0.11995 -0.129594 0.255951)
(-0.0382016 -0.0851405 0.204586)
(0.0348015 -0.064776 0.242091)
(0.0868224 -0.0868224 0.256928)
(0.129594 -0.11995 0.25595)
(0.164786 -0.145418 0.180835)
(0.0896261 -0.115356 -0.24402)
(-0.0896262 -0.115355 -0.24402)
(-0.164786 -0.145418 0.180835)
(-0.129594 -0.11995 0.255951)
(-0.0868224 -0.0868224 0.256928)
(-0.0348015 -0.0647759 0.242091)
(0.0275908 -0.0275908 0.239336)
(0.0647759 -0.0348015 0.242091)
(0.0851405 -0.0382016 0.204586)
(0.0974709 -0.032446 0.109954)
(0.046853 -0.0792586 -0.0254791)
(-0.0468531 -0.0792586 -0.0254791)
(-0.0974709 -0.0324461 0.109954)
(-0.0851405 -0.0382016 0.204586)
(-0.064776 -0.0348015 0.242091)
(-0.0275908 -0.0275908 0.239336)
(0.0227008 0.0227008 0.198693)
(0.059223 0.0264022 0.201519)
(0.0787782 0.0293713 0.162627)
(0.0897998 0.0199066 0.0793468)
(0.047005 0.06655 -0.0396)
(-0.0470051 0.06655 -0.0396)
(-0.0897998 0.0199066 0.0793469)
(-0.0787782 0.0293713 0.162627)
(-0.0592231 0.0264022 0.201519)
(-0.0227008 0.0227008 0.198693)
(0.0264022 0.0592231 0.201519)
(0.0765516 0.0765517 0.2142)
(0.108346 0.107046 0.206116)
(0.153929 0.120175 0.14775)
(0.0799724 0.128355 -0.197043)
(-0.0799725 0.128355 -0.197043)
(-0.153929 0.120175 0.14775)
(-0.108346 0.107046 0.206116)
(-0.0765517 0.0765517 0.2142)
(-0.0264023 0.059223 0.201519)
(0.0293713 0.0787782 0.162627)
(0.107046 0.108346 0.206116)
(0.144226 0.144226 0.19911)
(0.200698 0.163318 0.110448)
(0.103419 0.121598 -0.323934)
(-0.103419 0.121598 -0.323934)
(-0.200698 0.163318 0.110448)
(-0.144226 0.144226 0.199111)
(-0.107046 0.108346 0.206116)
(-0.0293714 0.0787781 0.162627)
(0.0199066 0.0897998 0.0793468)
(0.120175 0.153929 0.14775)
(0.163318 0.200698 0.110448)
(0.238998 0.238998 -0.0511737)
(0.123419 0.130392 -0.38274)
(-0.123419 0.130392 -0.38274)
(-0.238998 0.238998 -0.0511737)
(-0.163318 0.200698 0.110448)
(-0.120175 0.153929 0.14775)
(-0.0199067 0.0897998 0.079347)
(0.06655 0.047005 -0.0396001)
(0.128355 0.0799724 -0.197043)
(0.121598 0.103419 -0.323934)
(0.130392 0.123419 -0.38274)
(0.0774171 0.077417 -0.482154)
(-0.0774171 0.077417 -0.482154)
(-0.130392 0.123419 -0.38274)
(-0.121598 0.103419 -0.323934)
(-0.128355 0.0799725 -0.197043)
(-0.0665501 0.047005 -0.0395999)
(0.06655 -0.0470051 -0.0396)
(0.128355 -0.0799726 -0.197043)
(0.121598 -0.103419 -0.323934)
(0.130392 -0.123418 -0.38274)
(0.077417 -0.0774171 -0.482154)
(-0.0774171 -0.0774171 -0.482154)
(-0.130392 -0.123419 -0.38274)
(-0.121598 -0.103419 -0.323934)
(-0.128355 -0.0799726 -0.197043)
(-0.0665501 -0.0470051 -0.0395998)
(0.0199066 -0.0897998 0.0793468)
(0.120175 -0.153929 0.14775)
(0.163318 -0.200698 0.110448)
(0.238998 -0.238998 -0.0511737)
(0.123419 -0.130392 -0.38274)
(-0.123419 -0.130392 -0.38274)
(-0.238998 -0.238998 -0.0511737)
(-0.163318 -0.200698 0.110448)
(-0.120175 -0.153929 0.14775)
(-0.0199067 -0.0897998 0.079347)
(0.0293713 -0.0787782 0.162627)
(0.107046 -0.108347 0.206116)
(0.144226 -0.144226 0.199111)
(0.200698 -0.163318 0.110448)
(0.103419 -0.121598 -0.323934)
(-0.103419 -0.121598 -0.323934)
(-0.200698 -0.163318 0.110448)
(-0.144226 -0.144226 0.199111)
(-0.107046 -0.108347 0.206116)
(-0.0293714 -0.0787782 0.162627)
(0.0264022 -0.0592231 0.201519)
(0.0765517 -0.0765517 0.2142)
(0.108346 -0.107046 0.206116)
(0.153929 -0.120175 0.14775)
(0.0799725 -0.128355 -0.197043)
(-0.0799726 -0.128355 -0.197043)
(-0.153929 -0.120175 0.147751)
(-0.108347 -0.107046 0.206116)
(-0.0765517 -0.0765517 0.214201)
(-0.0264023 -0.059223 0.201519)
(0.0227008 -0.0227008 0.198693)
(0.059223 -0.0264023 0.201519)
(0.0787782 -0.0293714 0.162627)
(0.0897998 -0.0199067 0.079347)
(0.047005 -0.0665501 -0.0395999)
(-0.047005 -0.0665501 -0.0395999)
(-0.0897998 -0.0199067 0.0793471)
(-0.0787782 -0.0293714 0.162627)
(-0.059223 -0.0264023 0.201519)
(-0.0227008 -0.0227008 0.198693)
(0.0182651 0.0182651 0.15643)
(0.052799 0.0189682 0.160759)
(0.0716284 0.0227504 0.121739)
(0.076708 0.0135887 0.0550547)
(0.0400833 0.0472113 -0.0523405)
(-0.0400834 0.0472113 -0.0523404)
(-0.0767081 0.0135887 0.0550547)
(-0.0716284 0.0227504 0.121739)
(-0.052799 0.0189682 0.160759)
(-0.0182651 0.0182651 0.156431)
(0.0189682 0.052799 0.160759)
(0.0668605 0.0668605 0.172791)
(0.0862691 0.0943573 0.157809)
(0.137725 0.0957801 0.121998)
(0.0584141 0.144414 -0.156296)
(-0.0584141 0.144414 -0.156296)
(-0.137725 0.0957801 0.121998)
(-0.0862691 0.0943573 0.157809)
(-0.0668605 0.0668605 0.172791)
(-0.0189682 0.052799 0.160759)
(0.0227504 0.0716284 0.121739)
(0.0943573 0.0862691 0.157809)
(0.117689 0.117689 0.150313)
(0.179788 0.123504 0.0908589)
(0.0742335 0.106766 -0.247588)
(-0.0742335 0.106766 -0.247588)
(-0.179788 0.123504 0.090859)
(-0.117689 0.117689 0.150313)
(-0.0943573 0.0862691 0.157809)
(-0.0227505 0.0716284 0.121739)
(0.0135887 0.0767081 0.0550547)
(0.0957801 0.137725 0.121998)
(0.123504 0.179788 0.0908589)
(0.212034 0.212034 -0.0323769)
(0.0875311 0.100433 -0.288156)
(-0.0875311 0.100433 -0.288156)
(-0.212034 0.212034 -0.0323769)
(-0.123504 0.179789 0.090859)
(-0.0957802 0.137725 0.121999)
(-0.0135887 0.0767081 0.0550548)
(0.0472113 0.0400833 -0.0523405)
(0.144414 0.0584141 -0.156296)
(0.106766 0.0742336 -0.247588)
(0.100433 0.0875311 -0.288156)
(0.0562181 0.056218 -0.389008)
(-0.0562181 0.056218 -0.389008)
(-0.100433 0.0875311 -0.288156)
(-0.106767 0.0742336 -0.247588)
(-0.144414 0.0584141 -0.156296)
(-0.0472113 0.0400833 -0.0523404)
(0.0472113 -0.0400834 -0.0523404)
(0.144414 -0.0584141 -0.156296)
(0.106766 -0.0742335 -0.247588)
(0.100433 -0.0875311 -0.288156)
(0.056218 -0.0562181 -0.389008)
(-0.0562181 -0.0562181 -0.389008)
(-0.100433 -0.0875311 -0.288156)
(-0.106766 -0.0742335 -0.247588)
(-0.144414 -0.0584142 -0.156296)
(-0.0472113 -0.0400834 -0.0523403)
(0.0135887 -0.0767081 0.0550547)
(0.09578 -0.137725 0.121998)
(0.123504 -0.179788 0.090859)
(0.212034 -0.212034 -0.0323769)
(0.0875311 -0.100433 -0.288156)
(-0.0875311 -0.100433 -0.288156)
(-0.212034 -0.212034 -0.0323768)
(-0.123504 -0.179788 0.090859)
(-0.0957801 -0.137725 0.121999)
(-0.0135887 -0.0767081 0.0550549)
(0.0227504 -0.0716284 0.121739)
(0.0943573 -0.0862692 0.157809)
(0.117689 -0.117689 0.150313)
(0.179789 -0.123504 0.090859)
(0.0742336 -0.106766 -0.247588)
(-0.0742336 -0.106766 -0.247588)
(-0.179789 -0.123504 0.0908591)
(-0.117689 -0.117689 0.150313)
(-0.0943573 -0.0862692 0.157809)
(-0.0227505 -0.0716284 0.121739)
(0.0189682 -0.052799 0.160759)
(0.0668605 -0.0668605 0.172791)
(0.0862691 -0.0943573 0.157809)
(0.137725 -0.0957802 0.121999)
(0.0584142 -0.144414 -0.156296)
(-0.0584142 -0.144414 -0.156296)
(-0.137725 -0.0957802 0.121999)
(-0.0862692 -0.0943573 0.157809)
(-0.0668605 -0.0668605 0.172791)
(-0.0189682 -0.052799 0.160759)
(0.0182651 -0.0182651 0.156431)
(0.052799 -0.0189682 0.160759)
(0.0716284 -0.0227505 0.121739)
(0.0767081 -0.0135887 0.0550548)
(0.0400833 -0.0472113 -0.0523403)
(-0.0400833 -0.0472113 -0.0523403)
(-0.0767081 -0.0135887 0.0550549)
(-0.0716284 -0.0227505 0.121739)
(-0.052799 -0.0189682 0.160759)
(-0.0182651 -0.0182651 0.156431)
(0.0167198 0.0167198 0.131309)
(0.048974 0.0148868 0.134095)
(0.0673423 0.0207901 0.0953912)
(0.0720043 0.0165291 0.0404412)
(0.0342364 0.0365452 -0.0766607)
(-0.0342364 0.0365452 -0.0766607)
(-0.0720043 0.0165291 0.0404413)
(-0.0673423 0.0207901 0.0953913)
(-0.048974 0.0148868 0.134096)
(-0.0167198 0.0167198 0.131309)
(0.0148868 0.048974 0.134096)
(0.0618898 0.0618898 0.148488)
(0.0791222 0.0859876 0.123828)
(0.129876 0.0847165 0.104534)
(0.0276146 0.127977 -0.132012)
(-0.0276147 0.127977 -0.132012)
(-0.129876 0.0847165 0.104534)
(-0.0791223 0.0859876 0.123828)
(-0.0618898 0.0618899 0.148488)
(-0.0148868 0.048974 0.134096)
(0.0207901 0.0673423 0.0953912)
(0.0859876 0.0791222 0.123828)
(0.0957665 0.0957666 0.120033)
(0.18458 0.135496 0.0729615)
(0.0462275 0.077466 -0.172921)
(-0.0462275 0.077466 -0.172921)
(-0.18458 0.135497 0.0729616)
(-0.0957666 0.0957666 0.120033)
(-0.0859876 0.0791223 0.123828)
(-0.0207901 0.0673423 0.0953913)
(0.0165291 0.0720043 0.0404412)
(0.0847165 0.129876 0.104534)
(0.135496 0.18458 0.0729615)
(0.176351 0.176351 -0.0233642)
(0.0477784 0.0656795 -0.211174)
(-0.0477785 0.0656795 -0.211174)
(-0.176351 0.176351 -0.0233641)
(-0.135496 0.18458 0.0729616)
(-0.0847166 0.129876 0.104534)
(-0.0165291 0.0720043 0.0404414)
(0.0365452 0.0342364 -0.0766608)
(0.127977 0.0276147 -0.132011)
(0.0774661 0.0462275 -0.172921)
(0.0656796 0.0477784 -0.211174)
(0.0345999 0.0345999 -0.32332)
(-0.0345999 0.0345999 -0.323319)
(-0.0656796 0.0477784 -0.211174)
(-0.0774661 0.0462275 -0.172921)
(-0.127977 0.0276147 -0.132011)
(-0.0365452 0.0342364 -0.0766607)
(0.0365452 -0.0342365 -0.0766607)
(0.127977 -0.0276147 -0.132012)
(0.077466 -0.0462274 -0.172921)
(0.0656795 -0.0477784 -0.211174)
(0.0345999 -0.0345999 -0.32332)
(-0.0345999 -0.0345999 -0.32332)
(-0.0656796 -0.0477784 -0.211174)
(-0.077466 -0.0462274 -0.172921)
(-0.127977 -0.0276147 -0.132011)
(-0.0365452 -0.0342365 -0.0766606)
(0.0165291 -0.0720043 0.0404413)
(0.0847165 -0.129876 0.104534)
(0.135496 -0.18458 0.0729616)
(0.176351 -0.176351 -0.0233641)
(0.0477784 -0.0656797 -0.211174)
(-0.0477784 -0.0656797 -0.211174)
(-0.176351 -0.176351 -0.023364)
(-0.135497 -0.18458 0.0729617)
(-0.0847165 -0.129876 0.104534)
(-0.0165291 -0.0720043 0.0404414)
(0.0207901 -0.0673423 0.0953913)
(0.0859876 -0.0791223 0.123828)
(0.0957666 -0.0957666 0.120033)
(0.18458 -0.135496 0.0729616)
(0.0462275 -0.0774661 -0.172921)
(-0.0462275 -0.0774661 -0.172921)
(-0.18458 -0.135496 0.0729617)
(-0.0957667 -0.0957666 0.120033)
(-0.0859876 -0.0791223 0.123828)
(-0.0207901 -0.0673423 0.0953914)
(0.0148868 -0.048974 0.134096)
(0.0618898 -0.0618898 0.148488)
(0.0791223 -0.0859876 0.123828)
(0.129876 -0.0847166 0.104534)
(0.0276147 -0.127977 -0.132011)
(-0.0276148 -0.127977 -0.132011)
(-0.129876 -0.0847166 0.104534)
(-0.0791223 -0.0859876 0.123828)
(-0.0618899 -0.0618898 0.148488)
(-0.0148869 -0.048974 0.134096)
(0.0167198 -0.0167198 0.131309)
(0.048974 -0.0148869 0.134096)
(0.0673423 -0.0207901 0.0953914)
(0.0720043 -0.0165291 0.0404414)
(0.0342364 -0.0365452 -0.0766607)
(-0.0342364 -0.0365452 -0.0766606)
(-0.0720044 -0.0165291 0.0404414)
(-0.0673423 -0.0207901 0.0953915)
(-0.048974 -0.0148869 0.134096)
(-0.0167198 -0.0167198 0.131309)
(0.0116266 0.0116266 0.0864788)
(0.0364441 0.0103364 0.0932201)
(0.0458346 0.0138538 0.0547536)
(0.0378816 0.0178768 0.0209057)
(0.0104429 0.0227412 -0.0792759)
(-0.0104429 0.0227412 -0.0792758)
(-0.0378816 0.0178768 0.0209058)
(-0.0458346 0.0138538 0.0547537)
(-0.0364441 0.0103364 0.0932203)
(-0.0116266 0.0116266 0.0864789)
(0.0103364 0.0364441 0.0932202)
(0.0424299 0.0424299 0.104638)
(0.0565201 0.0701342 0.0843978)
(0.0791092 0.0566008 0.088059)
(-0.000850685 0.0287217 -0.0953231)
(0.000850681 0.0287217 -0.0953231)
(-0.0791092 0.0566008 0.088059)
(-0.0565201 0.0701342 0.0843979)
(-0.0424299 0.0424299 0.104638)
(-0.0103364 0.0364441 0.0932203)
(0.0138538 0.0458346 0.0547536)
(0.0701342 0.0565201 0.0843978)
(0.0580756 0.0580756 0.049746)
(0.143376 0.106455 0.0735991)
(0.0153715 0.0223693 -0.0954862)
(-0.0153715 0.0223693 -0.0954862)
(-0.143376 0.106455 0.0735991)
(-0.0580756 0.0580757 0.0497461)
(-0.0701342 0.0565201 0.0843979)
(-0.0138538 0.0458346 0.0547537)
(0.0178768 0.0378817 0.0209057)
(0.0566008 0.0791093 0.088059)
(0.106455 0.143376 0.0735991)
(0.0952361 0.0952361 0.0588396)
(0.0176119 0.026437 -0.153407)
(-0.0176119 0.026437 -0.153407)
(-0.0952362 0.0952361 0.0588397)
(-0.106455 0.143376 0.0735992)
(-0.0566008 0.0791093 0.0880591)
(-0.0178768 0.0378817 0.0209058)
(0.0227412 0.0104429 -0.0792759)
(0.0287218 -0.000850667 -0.0953229)
(0.0223694 0.0153715 -0.095486)
(0.026437 0.0176119 -0.153407)
(0.0126809 0.0126809 -0.28462)
(-0.0126809 0.0126809 -0.28462)
(-0.0264371 0.0176119 -0.153407)
(-0.0223694 0.0153715 -0.0954858)
(-0.0287218 -0.000850668 -0.0953228)
(-0.0227412 0.0104429 -0.0792758)
(0.0227412 -0.0104429 -0.0792758)
(0.0287217 0.000850684 -0.0953231)
(0.0223693 -0.0153714 -0.0954862)
(0.026437 -0.0176119 -0.153407)
(0.0126809 -0.0126809 -0.28462)
(-0.0126809 -0.0126809 -0.28462)
(-0.026437 -0.0176119 -0.153407)
(-0.0223694 -0.0153714 -0.095486)
(-0.0287217 0.000850687 -0.0953229)
(-0.0227412 -0.0104429 -0.0792757)
(0.0178768 -0.0378816 0.0209058)
(0.0566008 -0.0791092 0.088059)
(0.106455 -0.143376 0.0735992)
(0.0952361 -0.0952362 0.0588397)
(0.0176119 -0.0264371 -0.153407)
(-0.0176119 -0.0264371 -0.153407)
(-0.0952361 -0.0952362 0.0588398)
(-0.106455 -0.143376 0.0735992)
(-0.0566008 -0.0791093 0.0880591)
(-0.0178768 -0.0378816 0.0209059)
(0.0138538 -0.0458346 0.0547537)
(0.0701342 -0.0565201 0.0843979)
(0.0580757 -0.0580756 0.0497461)
(0.143376 -0.106455 0.0735992)
(0.0153714 -0.0223694 -0.0954858)
(-0.0153714 -0.0223694 -0.0954858)
(-0.143376 -0.106455 0.0735993)
(-0.0580757 -0.0580757 0.0497462)
(-0.0701342 -0.0565201 0.084398)
(-0.0138538 -0.0458346 0.0547539)
(0.0103364 -0.0364441 0.0932203)
(0.0424299 -0.0424299 0.104638)
(0.0565201 -0.0701342 0.0843979)
(0.0791093 -0.0566008 0.0880591)
(-0.000850676 -0.0287218 -0.0953227)
(0.000850673 -0.0287218 -0.0953227)
(-0.0791093 -0.0566008 0.0880591)
(-0.0565201 -0.0701342 0.084398)
(-0.0424299 -0.0424299 0.104638)
(-0.0103364 -0.0364441 0.0932204)
(0.0116266 -0.0116266 0.0864789)
(0.0364441 -0.0103364 0.0932203)
(0.0458346 -0.0138538 0.0547538)
(0.0378817 -0.0178768 0.0209058)
(0.0104429 -0.0227412 -0.0792758)
(-0.0104429 -0.0227412 -0.0792758)
(-0.0378817 -0.0178768 0.0209059)
(-0.0458346 -0.0138538 0.0547539)
(-0.0364441 -0.0103364 0.0932204)
(-0.0116266 -0.0116266 0.086479)
)
;

boundaryField
{
    bottom
    {
        type            noSlip;
    }
    atmosphere
    {
        type            pressureInletOutletVelocity;
        value           nonuniform List<vector> 
100
(
(0.0116266 0.0116266 0.0864788)
(0.0103364 0.0364441 0.0932202)
(0.0138538 0.0458346 0.0547536)
(0.0178768 0.0378817 0.0209057)
(0 0 -0.0792759)
(0 0 -0.0792758)
(0.0178768 -0.0378816 0.0209058)
(0.0138538 -0.0458346 0.0547537)
(0.0103364 -0.0364441 0.0932203)
(0.0116266 -0.0116266 0.0864789)
(0.0364441 0.0103364 0.0932201)
(0.0424299 0.0424299 0.104638)
(0.0701342 0.0565201 0.0843978)
(0.0566008 0.0791093 0.088059)
(0 0 -0.0953229)
(0 0 -0.0953231)
(0.0566008 -0.0791092 0.088059)
(0.0701342 -0.0565201 0.0843979)
(0.0424299 -0.0424299 0.104638)
(0.0364441 -0.0103364 0.0932203)
(0.0458346 0.0138538 0.0547536)
(0.0565201 0.0701342 0.0843978)
(0.0580756 0.0580756 0.049746)
(0.106455 0.143376 0.0735991)
(0 0 -0.095486)
(0 0 -0.0954862)
(0.106455 -0.143376 0.0735992)
(0.0580757 -0.0580756 0.0497461)
(0.0565201 -0.0701342 0.0843979)
(0.0458346 -0.0138538 0.0547538)
(0.0378816 0.0178768 0.0209057)
(0.0791092 0.0566008 0.088059)
(0.143376 0.106455 0.0735991)
(0.0952361 0.0952361 0.0588396)
(0 0 -0.153407)
(0 0 -0.153407)
(0.0952361 -0.0952362 0.0588397)
(0.143376 -0.106455 0.0735992)
(0.0791093 -0.0566008 0.0880591)
(0.0378817 -0.0178768 0.0209058)
(0 0 -0.0792759)
(0 0 -0.0953231)
(0 0 -0.0954862)
(0 0 -0.153407)
(0 0 -0.28462)
(0 0 -0.28462)
(0 0 -0.153407)
(0 0 -0.0954858)
(0 0 -0.0953227)
(0 0 -0.0792758)
(0 0 -0.0792758)
(0 0 -0.0953231)
(0 0 -0.0954862)
(0 0 -0.153407)
(0 0 -0.28462)
(0 0 -0.28462)
(0 0 -0.153407)
(0 0 -0.0954858)
(0 0 -0.0953227)
(0 0 -0.0792758)
(-0.0378816 0.0178768 0.0209058)
(-0.0791092 0.0566008 0.088059)
(-0.143376 0.106455 0.0735991)
(-0.0952362 0.0952361 0.0588397)
(0 0 -0.153407)
(0 0 -0.153407)
(-0.0952361 -0.0952362 0.0588398)
(-0.143376 -0.106455 0.0735993)
(-0.0791093 -0.0566008 0.0880591)
(-0.0378817 -0.0178768 0.0209059)
(-0.0458346 0.0138538 0.0547537)
(-0.0565201 0.0701342 0.0843979)
(-0.0580756 0.0580757 0.0497461)
(-0.106455 0.143376 0.0735992)
(0 0 -0.0954858)
(0 0 -0.095486)
(-0.106455 -0.143376 0.0735992)
(-0.0580757 -0.0580757 0.0497462)
(-0.0565201 -0.0701342 0.084398)
(-0.0458346 -0.0138538 0.0547539)
(-0.0364441 0.0103364 0.0932203)
(-0.0424299 0.0424299 0.104638)
(-0.0701342 0.0565201 0.0843979)
(-0.0566008 0.0791093 0.0880591)
(0 0 -0.0953228)
(0 0 -0.0953229)
(-0.0566008 -0.0791093 0.0880591)
(-0.0701342 -0.0565201 0.084398)
(-0.0424299 -0.0424299 0.104638)
(-0.0364441 -0.0103364 0.0932204)
(-0.0116266 0.0116266 0.0864789)
(-0.0103364 0.0364441 0.0932203)
(-0.0138538 0.0458346 0.0547537)
(-0.0178768 0.0378817 0.0209058)
(0 0 -0.0792758)
(0 0 -0.0792757)
(-0.0178768 -0.0378816 0.0209059)
(-0.0138538 -0.0458346 0.0547539)
(-0.0103364 -0.0364441 0.0932204)
(-0.0116266 -0.0116266 0.086479)
)
;
    }
    walls
    {
        type            noSlip;
    }
}


// ************************************************************************* //
