/*--------------------------------*- C++ -*----------------------------------*\
| =========                 |                                                 |
| \\      /  F ield         | OpenFOAM: The Open Source CFD Toolbox           |
|  \\    /   O peration     | Version:  2412                                  |
|   \\  /    A nd           | Website:  www.openfoam.com                      |
|    \\/     M anipulation  |                                                 |
\*---------------------------------------------------------------------------*/
FoamFile
{
    version     2.0;
    format      ascii;
    arch        "LSB;label=32;scalar=64";
    class       volVectorField;
    location    "0.23";
    object      U;
}
// * * * * * * * * * * * * * * * * * * * * * * * * * * * * * * * * * * * * * //

dimensions      [0 1 -1 0 0 0 0];

internalField   nonuniform List<vector> 
4000
(
(-0.0012592 -0.0012592 0.00115216)
(-0.00338849 -0.00133279 0.000982703)
(-0.0042472 -0.00146092 0.000683359)
(-0.00352468 -0.00159352 0.00037941)
(-0.00140575 -0.00169079 0.000159778)
(0.00140573 -0.00169079 0.000159778)
(0.00352466 -0.00159352 0.000379409)
(0.00424719 -0.00146092 0.000683359)
(0.00338848 -0.00133279 0.000982701)
(0.0012592 -0.0012592 0.00115216)
(-0.0013328 -0.00338849 0.000982702)
(-0.00359065 -0.00359066 0.000792103)
(-0.00450857 -0.0039425 0.000454974)
(-0.00375573 -0.00430912 0.000109849)
(-0.00150374 -0.00457807 -0.00014397)
(0.00150372 -0.00457807 -0.00014397)
(0.00375572 -0.00430912 0.000109849)
(0.00450856 -0.0039425 0.000454973)
(0.00359064 -0.00359066 0.000792101)
(0.00133279 -0.00338849 0.000982702)
(-0.00146092 -0.0042472 0.000683359)
(-0.00394249 -0.00450857 0.000454973)
(-0.00496668 -0.00496668 4.92744e-05)
(-0.00416156 -0.00544491 -0.000371875)
(-0.0016752 -0.00580016 -0.000687852)
(0.00167519 -0.00580016 -0.000687852)
(0.00416155 -0.00544491 -0.000371876)
(0.00496667 -0.00496669 4.92736e-05)
(0.00394249 -0.00450857 0.000454972)
(0.00146092 -0.0042472 0.000683358)
(-0.00159352 -0.00352468 0.000379409)
(-0.00430912 -0.00375574 0.000109849)
(-0.00544491 -0.00416157 -0.000371875)
(-0.00458955 -0.00458955 -0.000876632)
(-0.00185893 -0.00491215 -0.00126511)
(0.00185891 -0.00491215 -0.00126511)
(0.00458953 -0.00458955 -0.000876633)
(0.0054449 -0.00416157 -0.000371877)
(0.00430911 -0.00375574 0.000109847)
(0.00159352 -0.00352468 0.000379408)
(-0.0016908 -0.00140575 0.000159777)
(-0.00457806 -0.00150374 -0.000143971)
(-0.00580016 -0.00167521 -0.000687853)
(-0.00491214 -0.00185893 -0.00126511)
(-0.00199759 -0.00199759 -0.00171582)
(0.00199757 -0.00199759 -0.00171582)
(0.00491213 -0.00185893 -0.00126511)
(0.00580015 -0.00167521 -0.000687854)
(0.00457806 -0.00150374 -0.000143973)
(0.00169079 -0.00140575 0.000159776)
(-0.0016908 0.00140573 0.000159776)
(-0.00457806 0.00150372 -0.000143972)
(-0.00580016 0.00167518 -0.000687854)
(-0.00491214 0.00185891 -0.00126511)
(-0.00199759 0.00199757 -0.00171582)
(0.00199757 0.00199757 -0.00171582)
(0.00491213 0.00185891 -0.00126511)
(0.00580015 0.00167518 -0.000687855)
(0.00457806 0.00150372 -0.000143973)
(0.00169079 0.00140573 0.000159775)
(-0.00159352 0.00352466 0.000379406)
(-0.00430912 0.00375571 0.000109846)
(-0.00544491 0.00416154 -0.000371878)
(-0.00458955 0.00458953 -0.000876635)
(-0.00185893 0.00491212 -0.00126511)
(0.00185892 0.00491212 -0.00126511)
(0.00458953 0.00458953 -0.000876636)
(0.0054449 0.00416155 -0.000371879)
(0.00430911 0.00375571 0.000109845)
(0.00159352 0.00352466 0.000379405)
(-0.00146092 0.00424719 0.000683355)
(-0.00394249 0.00450856 0.000454969)
(-0.00496668 0.00496667 4.92705e-05)
(-0.00416156 0.0054449 -0.000371879)
(-0.0016752 0.00580015 -0.000687856)
(0.00167519 0.00580015 -0.000687856)
(0.00416155 0.0054449 -0.00037188)
(0.00496667 0.00496667 4.92695e-05)
(0.00394249 0.00450856 0.000454968)
(0.00146092 0.00424719 0.000683354)
(-0.0013328 0.00338848 0.000982697)
(-0.00359065 0.00359064 0.000792098)
(-0.00450857 0.00394248 0.000454968)
(-0.00375573 0.00430911 0.000109844)
(-0.00150374 0.00457805 -0.000143975)
(0.00150372 0.00457805 -0.000143975)
(0.00375572 0.00430911 0.000109844)
(0.00450856 0.00394248 0.000454968)
(0.00359065 0.00359064 0.000792097)
(0.00133279 0.00338848 0.000982696)
(-0.0012592 0.0012592 0.00115216)
(-0.00338849 0.0013328 0.000982697)
(-0.0042472 0.00146092 0.000683354)
(-0.00352468 0.00159352 0.000379405)
(-0.00140575 0.0016908 0.000159773)
(0.00140573 0.0016908 0.000159773)
(0.00352467 0.00159352 0.000379405)
(0.00424719 0.00146092 0.000683353)
(0.00338848 0.0013328 0.000982696)
(0.0012592 0.0012592 0.00115216)
(-0.00134835 -0.00134835 0.00354334)
(-0.00363205 -0.00143214 0.00302446)
(-0.00455714 -0.00157882 0.00210963)
(-0.00379408 -0.00173154 0.00117995)
(-0.00151883 -0.0018456 0.000502964)
(0.00151881 -0.0018456 0.000502964)
(0.00379406 -0.00173154 0.00117995)
(0.00455713 -0.00157882 0.00210963)
(0.00363204 -0.00143214 0.00302446)
(0.00134835 -0.00134835 0.00354334)
(-0.00143214 -0.00363205 0.00302446)
(-0.00386368 -0.00386369 0.00243989)
(-0.00485861 -0.0042685 0.00140685)
(-0.00406167 -0.00469332 0.000348443)
(-0.00163389 -0.00501054 -0.000436641)
(0.00163387 -0.00501054 -0.000436642)
(0.00406166 -0.00469332 0.000348442)
(0.0048586 -0.0042685 0.00140685)
(0.00386368 -0.00386369 0.00243989)
(0.00143214 -0.00363205 0.00302446)
(-0.00157882 -0.00455714 0.00210963)
(-0.0042685 -0.00485861 0.00140685)
(-0.00538958 -0.00538958 0.000158669)
(-0.00453698 -0.00594851 -0.00113977)
(-0.00183674 -0.00637174 -0.00212323)
(0.00183672 -0.00637174 -0.00212323)
(0.00453697 -0.00594851 -0.00113977)
(0.00538956 -0.00538958 0.000158666)
(0.00426849 -0.00485862 0.00140685)
(0.00157882 -0.00455714 0.00210963)
(-0.00173154 -0.00379408 0.00117995)
(-0.00469332 -0.00406168 0.000348444)
(-0.00594851 -0.00453699 -0.00113977)
(-0.00504353 -0.00504354 -0.00270414)
(-0.002057 -0.00543378 -0.00392096)
(0.00205698 -0.00543378 -0.00392096)
(0.00504351 -0.00504354 -0.00270415)
(0.00594849 -0.00453699 -0.00113977)
(0.00469331 -0.00406168 0.00034844)
(0.00173154 -0.00379408 0.00117995)
(-0.0018456 -0.00151883 0.000502965)
(-0.00501053 -0.00163389 -0.000436641)
(-0.00637174 -0.00183674 -0.00212323)
(-0.00543377 -0.00205701 -0.00392096)
(-0.00222703 -0.00222704 -0.00534075)
(0.00222702 -0.00222704 -0.00534075)
(0.00543376 -0.00205701 -0.00392097)
(0.00637173 -0.00183674 -0.00212323)
(0.00501053 -0.00163389 -0.000436645)
(0.0018456 -0.00151883 0.000502961)
(-0.0018456 0.00151881 0.000502966)
(-0.00501053 0.00163387 -0.00043664)
(-0.00637174 0.00183672 -0.00212322)
(-0.00543377 0.00205698 -0.00392096)
(-0.00222703 0.00222701 -0.00534075)
(0.00222702 0.00222701 -0.00534075)
(0.00543376 0.00205698 -0.00392096)
(0.00637173 0.00183672 -0.00212323)
(0.00501053 0.00163387 -0.000436644)
(0.0018456 0.00151881 0.000502962)
(-0.00173154 0.00379406 0.00117995)
(-0.00469332 0.00406165 0.000348444)
(-0.00594851 0.00453696 -0.00113977)
(-0.00504353 0.00504351 -0.00270414)
(-0.002057 0.00543375 -0.00392096)
(0.00205699 0.00543375 -0.00392096)
(0.00504352 0.00504351 -0.00270415)
(0.0059485 0.00453696 -0.00113977)
(0.00469331 0.00406165 0.00034844)
(0.00173154 0.00379406 0.00117995)
(-0.00157882 0.00455713 0.00210963)
(-0.0042685 0.0048586 0.00140686)
(-0.00538958 0.00538956 0.000158669)
(-0.00453698 0.00594849 -0.00113977)
(-0.00183674 0.00637173 -0.00212323)
(0.00183672 0.00637173 -0.00212323)
(0.00453697 0.00594849 -0.00113977)
(0.00538957 0.00538957 0.000158667)
(0.00426849 0.0048586 0.00140685)
(0.00157882 0.00455713 0.00210963)
(-0.00143215 0.00363204 0.00302446)
(-0.00386368 0.00386367 0.00243989)
(-0.00485861 0.00426849 0.00140686)
(-0.00406167 0.00469331 0.000348443)
(-0.00163389 0.00501052 -0.000436642)
(0.00163387 0.00501052 -0.000436642)
(0.00406166 0.00469331 0.000348441)
(0.0048586 0.00426849 0.00140685)
(0.00386368 0.00386367 0.00243989)
(0.00143214 0.00363204 0.00302446)
(-0.00134835 0.00134835 0.00354334)
(-0.00363205 0.00143215 0.00302446)
(-0.00455714 0.00157882 0.00210963)
(-0.00379408 0.00173154 0.00117995)
(-0.00151883 0.0018456 0.000502964)
(0.00151881 0.0018456 0.000502964)
(0.00379406 0.00173154 0.00117995)
(0.00455713 0.00157882 0.00210963)
(0.00363204 0.00143215 0.00302446)
(0.00134835 0.00134835 0.00354334)
(-0.00152255 -0.00152255 0.00618008)
(-0.00411384 -0.00162851 0.0052882)
(-0.00517754 -0.00181533 0.00371165)
(-0.0043352 -0.00201203 0.00210428)
(-0.00174696 -0.00216321 0.000923254)
(0.00174694 -0.00216321 0.000923253)
(0.00433519 -0.00201203 0.00210427)
(0.00517753 -0.00181533 0.00371164)
(0.00411383 -0.00162851 0.0052882)
(0.00152255 -0.00152255 0.00618007)
(-0.00162851 -0.00411384 0.0052882)
(-0.00440796 -0.00440797 0.00427829)
(-0.00556318 -0.00492653 0.00248787)
(-0.00468348 -0.00547751 0.000646221)
(-0.00189914 -0.00589975 -0.000735368)
(0.00189912 -0.00589975 -0.000735369)
(0.00468346 -0.00547751 0.000646218)
(0.00556317 -0.00492653 0.00248787)
(0.00440795 -0.00440797 0.00427829)
(0.00162851 -0.00411384 0.0052882)
(-0.00181534 -0.00517754 0.00371164)
(-0.00492652 -0.00556319 0.00248787)
(-0.00624972 -0.00624973 0.000306549)
(-0.00530897 -0.00698194 -0.00197624)
(-0.0021701 -0.00755366 -0.00372882)
(0.00217008 -0.00755366 -0.00372882)
(0.00530895 -0.00698194 -0.00197624)
(0.00624971 -0.00624973 0.000306545)
(0.00492652 -0.00556319 0.00248787)
(0.00181533 -0.00517754 0.00371164)
(-0.00201203 -0.00433521 0.00210428)
(-0.0054775 -0.00468348 0.00064622)
(-0.00698194 -0.00530897 -0.00197624)
(-0.00598713 -0.00598714 -0.00475367)
(-0.00247086 -0.0065282 -0.00695128)
(0.00247084 -0.0065282 -0.00695128)
(0.00598712 -0.00598714 -0.00475368)
(0.00698193 -0.00530898 -0.00197625)
(0.0054775 -0.00468348 0.000646213)
(0.00201203 -0.00433521 0.00210427)
(-0.00216321 -0.00174696 0.000923251)
(-0.00589975 -0.00189914 -0.00073537)
(-0.00755366 -0.0021701 -0.00372882)
(-0.00652819 -0.00247086 -0.00695128)
(-0.00271129 -0.00271129 -0.00954544)
(0.00271127 -0.00271129 -0.00954544)
(0.00652817 -0.00247086 -0.00695129)
(0.00755364 -0.0021701 -0.00372883)
(0.00589974 -0.00189914 -0.000735378)
(0.00216321 -0.00174696 0.000923244)
(-0.00216321 0.00174694 0.000923251)
(-0.00589975 0.00189912 -0.000735371)
(-0.00755366 0.00217008 -0.00372882)
(-0.00652819 0.00247084 -0.00695128)
(-0.00271129 0.00271127 -0.00954544)
(0.00271127 0.00271127 -0.00954544)
(0.00652818 0.00247084 -0.00695129)
(0.00755365 0.00217008 -0.00372883)
(0.00589974 0.00189912 -0.000735379)
(0.00216321 0.00174694 0.000923243)
(-0.00201203 0.00433519 0.00210427)
(-0.00547751 0.00468346 0.000646215)
(-0.00698194 0.00530895 -0.00197625)
(-0.00598714 0.00598711 -0.00475368)
(-0.00247086 0.00652817 -0.00695129)
(0.00247084 0.00652817 -0.00695129)
(0.00598712 0.00598712 -0.00475368)
(0.00698193 0.00530895 -0.00197625)
(0.0054775 0.00468346 0.000646208)
(0.00201203 0.00433519 0.00210426)
(-0.00181534 0.00517753 0.00371164)
(-0.00492653 0.00556317 0.00248787)
(-0.00624973 0.00624971 0.000306542)
(-0.00530897 0.00698193 -0.00197625)
(-0.0021701 0.00755364 -0.00372883)
(0.00217008 0.00755364 -0.00372883)
(0.00530896 0.00698193 -0.00197625)
(0.00624972 0.00624972 0.000306537)
(0.00492652 0.00556318 0.00248786)
(0.00181533 0.00517753 0.00371163)
(-0.00162851 0.00411383 0.0052882)
(-0.00440796 0.00440795 0.00427829)
(-0.00556319 0.00492651 0.00248786)
(-0.00468348 0.00547749 0.000646211)
(-0.00189914 0.00589974 -0.00073538)
(0.00189913 0.00589974 -0.00073538)
(0.00468347 0.0054775 0.000646208)
(0.00556318 0.00492652 0.00248786)
(0.00440796 0.00440795 0.00427828)
(0.00162851 0.00411383 0.00528819)
(-0.00152256 0.00152256 0.00618007)
(-0.00411384 0.00162851 0.0052882)
(-0.00517754 0.00181534 0.00371164)
(-0.00433521 0.00201203 0.00210427)
(-0.00174696 0.00216321 0.000923242)
(0.00174694 0.00216321 0.000923242)
(0.00433519 0.00201203 0.00210426)
(0.00517753 0.00181534 0.00371163)
(0.00411383 0.00162852 0.00528819)
(0.00152255 0.00152256 0.00618007)
(-0.00179509 -0.00179509 0.00923401)
(-0.0048666 -0.00193747 0.00793111)
(-0.00614869 -0.00219052 0.00561807)
(-0.00518829 -0.00246033 0.00324806)
(-0.00210918 -0.00267468 0.00148237)
(0.00210917 -0.00267468 0.00148237)
(0.00518827 -0.00246033 0.00324806)
(0.00614868 -0.00219052 0.00561807)
(0.0048666 -0.00193747 0.00793111)
(0.00179509 -0.00179509 0.009234)
(-0.00193747 -0.00486661 0.00793111)
(-0.00526392 -0.00526393 0.00644385)
(-0.00667444 -0.00597113 0.00379536)
(-0.00567295 -0.00673383 0.00105285)
(-0.00232478 -0.0073367 -0.00104078)
(0.00232476 -0.0073367 -0.00104079)
(0.00567293 -0.00673383 0.00105285)
(0.00667442 -0.00597113 0.00379535)
(0.00526391 -0.00526393 0.00644384)
(0.00193747 -0.00486661 0.00793111)
(-0.00219052 -0.00614869 0.00561807)
(-0.00597112 -0.00667444 0.00379536)
(-0.0076218 -0.0076218 0.000528856)
(-0.00655451 -0.00864888 -0.00292287)
(-0.00271331 -0.00948026 -0.00562805)
(0.00271329 -0.00948026 -0.00562805)
(0.00655449 -0.00864888 -0.00292288)
(0.00762179 -0.0076218 0.000528849)
(0.00597111 -0.00667444 0.00379535)
(0.00219052 -0.00614869 0.00561806)
(-0.00246034 -0.0051883 0.00324806)
(-0.00673382 -0.00567295 0.00105286)
(-0.00864887 -0.00655452 -0.00292287)
(-0.007531 -0.00753101 -0.00718367)
(-0.00315634 -0.00834218 -0.0106437)
(0.00315632 -0.00834218 -0.0106437)
(0.00753098 -0.00753101 -0.00718368)
(0.00864886 -0.00655452 -0.00292288)
(0.00673382 -0.00567296 0.00105285)
(0.00246033 -0.0051883 0.00324805)
(-0.00267468 -0.00210919 0.00148237)
(-0.0073367 -0.00232478 -0.00104078)
(-0.00948026 -0.00271332 -0.00562805)
(-0.00834217 -0.00315634 -0.0106437)
(-0.00352489 -0.0035249 -0.0147995)
(0.00352487 -0.0035249 -0.0147995)
(0.00834215 -0.00315635 -0.0106437)
(0.00948025 -0.00271332 -0.00562806)
(0.00733669 -0.00232478 -0.0010408)
(0.00267468 -0.00210919 0.00148236)
(-0.00267468 0.00210916 0.00148237)
(-0.0073367 0.00232476 -0.00104078)
(-0.00948026 0.00271329 -0.00562805)
(-0.00834217 0.00315631 -0.0106437)
(-0.00352489 0.00352487 -0.0147995)
(0.00352487 0.00352487 -0.0147995)
(0.00834215 0.00315632 -0.0106437)
(0.00948025 0.00271329 -0.00562806)
(0.00733669 0.00232476 -0.00104079)
(0.00267468 0.00210916 0.00148236)
(-0.00246034 0.00518827 0.00324806)
(-0.00673382 0.00567292 0.00105285)
(-0.00864888 0.00655449 -0.00292287)
(-0.007531 0.00753098 -0.00718368)
(-0.00315634 0.00834215 -0.0106437)
(0.00315632 0.00834215 -0.0106437)
(0.00753099 0.00753098 -0.00718368)
(0.00864886 0.00655449 -0.00292288)
(0.00673382 0.00567293 0.00105284)
(0.00246033 0.00518827 0.00324805)
(-0.00219052 0.00614867 0.00561807)
(-0.00597112 0.00667442 0.00379536)
(-0.0076218 0.00762179 0.000528853)
(-0.00655451 0.00864886 -0.00292287)
(-0.00271331 0.00948025 -0.00562805)
(0.0027133 0.00948025 -0.00562805)
(0.00655449 0.00864886 -0.00292288)
(0.00762179 0.00762179 0.000528847)
(0.00597112 0.00667443 0.00379535)
(0.00219052 0.00614868 0.00561806)
(-0.00193747 0.00486659 0.00793111)
(-0.00526392 0.00526391 0.00644384)
(-0.00667444 0.00597111 0.00379535)
(-0.00567295 0.00673381 0.00105285)
(-0.00232478 0.00733669 -0.00104079)
(0.00232476 0.00733669 -0.00104079)
(0.00567293 0.00673381 0.00105284)
(0.00667443 0.00597111 0.00379535)
(0.00526392 0.00526391 0.00644384)
(0.00193747 0.0048666 0.00793111)
(-0.00179509 0.00179509 0.00923401)
(-0.00486661 0.00193747 0.00793111)
(-0.00614869 0.00219052 0.00561807)
(-0.00518829 0.00246034 0.00324806)
(-0.00210918 0.00267468 0.00148236)
(0.00210917 0.00267468 0.00148236)
(0.00518828 0.00246034 0.00324805)
(0.00614868 0.00219052 0.00561806)
(0.0048666 0.00193747 0.00793111)
(0.00179509 0.00179509 0.009234)
(-0.00217637 -0.00217637 0.0129015)
(-0.00592334 -0.0023735 0.0111358)
(-0.0075184 -0.00272761 0.00798356)
(-0.00640355 -0.00311 0.00473086)
(-0.00262979 -0.00342468 0.00226359)
(0.00262977 -0.00342468 0.00226359)
(0.00640354 -0.00311 0.00473086)
(0.00751839 -0.00272761 0.00798356)
(0.00592334 -0.0023735 0.0111358)
(0.00217636 -0.00217637 0.0129015)
(-0.0023735 -0.00592335 0.0111358)
(-0.00647692 -0.00647693 0.00909812)
(-0.00825868 -0.00747216 0.00544916)
(-0.00710108 -0.00856352 0.0016358)
(-0.00294614 -0.0094551 -0.00134285)
(0.00294612 -0.0094551 -0.00134285)
(0.00710106 -0.00856353 0.00163579)
(0.00825867 -0.00747216 0.00544916)
(0.00647692 -0.00647693 0.00909811)
(0.0023735 -0.00592335 0.0111358)
(-0.00272761 -0.0075184 0.00798356)
(-0.00747215 -0.00825868 0.00544916)
(-0.00960915 -0.00960915 0.000877257)
(-0.00838712 -0.011101 -0.00401916)
(-0.00352326 -0.0123563 -0.00796105)
(0.00352324 -0.0123563 -0.00796105)
(0.0083871 -0.011101 -0.00401917)
(0.00960914 -0.00960915 0.000877248)
(0.00747215 -0.00825868 0.00544915)
(0.00272761 -0.00751841 0.00798355)
(-0.00311 -0.00640356 0.00473086)
(-0.00856352 -0.00710108 0.0016358)
(-0.011101 -0.00838712 -0.00401916)
(-0.00984745 -0.00984746 -0.0101801)
(-0.00420201 -0.011114 -0.0153565)
(0.00420199 -0.011114 -0.0153565)
(0.00984743 -0.00984746 -0.0101801)
(0.0111009 -0.00838712 -0.00401917)
(0.00856351 -0.00710109 0.00163579)
(0.00311 -0.00640356 0.00473085)
(-0.00342468 -0.00262979 0.00226359)
(-0.0094551 -0.00294614 -0.00134286)
(-0.0123563 -0.00352326 -0.00796106)
(-0.011114 -0.00420201 -0.0153565)
(-0.0047909 -0.0047909 -0.0217184)
(0.00479088 -0.0047909 -0.0217184)
(0.011114 -0.00420201 -0.0153565)
(0.0123562 -0.00352326 -0.00796107)
(0.00945509 -0.00294614 -0.00134287)
(0.00342468 -0.00262979 0.00226357)
(-0.00342468 0.00262977 0.00226359)
(-0.0094551 0.00294612 -0.00134286)
(-0.0123563 0.00352324 -0.00796105)
(-0.011114 0.00420198 -0.0153565)
(-0.0047909 0.00479087 -0.0217184)
(0.00479088 0.00479087 -0.0217184)
(0.011114 0.00420199 -0.0153565)
(0.0123562 0.00352324 -0.00796107)
(0.00945509 0.00294612 -0.00134287)
(0.00342468 0.00262977 0.00226357)
(-0.00311 0.00640354 0.00473085)
(-0.00856352 0.00710106 0.00163579)
(-0.011101 0.00838709 -0.00401917)
(-0.00984745 0.00984743 -0.0101801)
(-0.00420201 0.011114 -0.0153565)
(0.00420199 0.011114 -0.0153565)
(0.00984743 0.00984743 -0.0101801)
(0.0111009 0.0083871 -0.00401918)
(0.00856352 0.00710106 0.00163578)
(0.00311 0.00640354 0.00473084)
(-0.00272761 0.00751839 0.00798355)
(-0.00747216 0.00825867 0.00544915)
(-0.00960915 0.00960914 0.000877246)
(-0.00838712 0.0111009 -0.00401917)
(-0.00352326 0.0123563 -0.00796107)
(0.00352324 0.0123563 -0.00796107)
(0.0083871 0.0111009 -0.00401918)
(0.00960914 0.00960914 0.000877237)
(0.00747215 0.00825867 0.00544914)
(0.00272761 0.0075184 0.00798354)
(-0.0023735 0.00592333 0.0111358)
(-0.00647693 0.00647691 0.0090981)
(-0.00825868 0.00747214 0.00544915)
(-0.00710108 0.00856351 0.00163578)
(-0.00294614 0.00945509 -0.00134287)
(0.00294613 0.00945509 -0.00134287)
(0.00710107 0.00856351 0.00163578)
(0.00825867 0.00747215 0.00544914)
(0.00647692 0.00647692 0.0090981)
(0.0023735 0.00592334 0.0111358)
(-0.00217637 0.00217637 0.0129015)
(-0.00592335 0.0023735 0.0111358)
(-0.00751841 0.00272761 0.00798355)
(-0.00640356 0.00311 0.00473085)
(-0.00262979 0.00342469 0.00226357)
(0.00262978 0.00342469 0.00226357)
(0.00640354 0.00311 0.00473084)
(0.0075184 0.00272761 0.00798354)
(0.00592334 0.0023735 0.0111358)
(0.00217637 0.00217637 0.0129015)
(-0.0026813 -0.0026813 0.0174021)
(-0.0073276 -0.0029572 0.0151107)
(-0.00934953 -0.00345898 0.0109937)
(-0.00804918 -0.00400846 0.00670563)
(-0.00334277 -0.00447779 0.00338027)
(0.00334276 -0.00447779 0.00338027)
(0.00804916 -0.00400846 0.00670562)
(0.00934952 -0.00345898 0.0109937)
(0.00732759 -0.00295721 0.0151107)
(0.0026813 -0.0026813 0.0174021)
(-0.00295721 -0.0073276 0.0151107)
(-0.00810811 -0.00810812 0.0124312)
(-0.0104057 -0.0095256 0.00760019)
(-0.00906807 -0.0111096 0.00249046)
(-0.00381444 -0.0124491 -0.001616)
(0.00381442 -0.0124491 -0.001616)
(0.00906805 -0.0111096 0.00249045)
(0.0104056 -0.00952561 0.00760018)
(0.00810811 -0.00810812 0.0124312)
(0.0029572 -0.00732761 0.0151107)
(-0.00345898 -0.00934953 0.0109937)
(-0.0095256 -0.0104057 0.00760019)
(-0.0123566 -0.0123566 0.00143161)
(-0.010973 -0.0145583 -0.00529223)
(-0.00468541 -0.0164894 -0.0108864)
(0.00468538 -0.0164894 -0.0108864)
(0.010973 -0.0145583 -0.00529224)
(0.0123566 -0.0123566 0.0014316)
(0.00952559 -0.0104057 0.00760017)
(0.00345898 -0.00934954 0.0109936)
(-0.00400846 -0.00804919 0.00670563)
(-0.0111095 -0.00906808 0.00249046)
(-0.0145583 -0.010973 -0.00529223)
(-0.0131993 -0.0131993 -0.0139567)
(-0.00574695 -0.0152208 -0.0215491)
(0.00574693 -0.0152208 -0.0215491)
(0.0131993 -0.0131993 -0.0139568)
(0.0145583 -0.010973 -0.00529225)
(0.0111095 -0.00906808 0.00249044)
(0.00400846 -0.00804919 0.00670561)
(-0.00447779 -0.00334278 0.00338027)
(-0.0124491 -0.00381445 -0.001616)
(-0.0164894 -0.00468541 -0.0108864)
(-0.0152208 -0.00574696 -0.0215491)
(-0.00670964 -0.00670965 -0.0311519)
(0.00670962 -0.00670965 -0.0311519)
(0.0152208 -0.00574696 -0.0215491)
(0.0164894 -0.00468541 -0.0108864)
(0.0124491 -0.00381445 -0.00161602)
(0.00447779 -0.00334278 0.00338025)
(-0.00447779 0.00334275 0.00338027)
(-0.0124491 0.00381442 -0.001616)
(-0.0164894 0.00468538 -0.0108864)
(-0.0152208 0.00574692 -0.0215491)
(-0.00670964 0.00670961 -0.0311519)
(0.00670962 0.00670961 -0.0311519)
(0.0152208 0.00574693 -0.0215491)
(0.0164894 0.00468538 -0.0108864)
(0.0124491 0.00381442 -0.00161602)
(0.00447779 0.00334275 0.00338025)
(-0.00400846 0.00804915 0.00670562)
(-0.0111095 0.00906804 0.00249045)
(-0.0145583 0.010973 -0.00529224)
(-0.0131993 0.0131993 -0.0139568)
(-0.00574696 0.0152208 -0.0215491)
(0.00574693 0.0152208 -0.0215491)
(0.0131993 0.0131993 -0.0139568)
(0.0145583 0.010973 -0.00529226)
(0.0111095 0.00906805 0.00249043)
(0.00400846 0.00804916 0.00670561)
(-0.00345898 0.00934951 0.0109937)
(-0.0095256 0.0104056 0.00760018)
(-0.0123566 0.0123566 0.00143161)
(-0.010973 0.0145583 -0.00529224)
(-0.00468541 0.0164894 -0.0108864)
(0.00468539 0.0164894 -0.0108864)
(0.010973 0.0145583 -0.00529225)
(0.0123566 0.0123566 0.00143159)
(0.0095256 0.0104056 0.00760017)
(0.00345898 0.00934952 0.0109936)
(-0.00295721 0.00732759 0.0151107)
(-0.00810812 0.0081081 0.0124312)
(-0.0104057 0.00952559 0.00760018)
(-0.00906807 0.0111095 0.00249044)
(-0.00381444 0.0124491 -0.00161602)
(0.00381443 0.0124491 -0.00161602)
(0.00906806 0.0111095 0.00249043)
(0.0104056 0.00952559 0.00760017)
(0.00810811 0.00810811 0.0124312)
(0.00295721 0.00732759 0.0151107)
(-0.0026813 0.0026813 0.0174021)
(-0.0073276 0.00295721 0.0151107)
(-0.00934953 0.00345898 0.0109937)
(-0.00804918 0.00400846 0.00670562)
(-0.00334278 0.00447779 0.00338025)
(0.00334276 0.00447779 0.00338025)
(0.00804917 0.00400847 0.00670561)
(0.00934952 0.00345899 0.0109936)
(0.0073276 0.00295721 0.0151107)
(0.0026813 0.0026813 0.0174021)
(-0.00332713 -0.00332712 0.0229888)
(-0.00913057 -0.00371385 0.0201021)
(-0.0117182 -0.00442588 0.0148787)
(-0.0102116 -0.00521848 0.00937364)
(-0.00429235 -0.0059227 0.00499203)
(0.00429233 -0.0059227 0.00499203)
(0.0102116 -0.00521849 0.00937363)
(0.0117182 -0.00442589 0.0148787)
(0.00913056 -0.00371385 0.0201021)
(0.00332712 -0.00332713 0.0229888)
(-0.00371385 -0.00913057 0.0201021)
(-0.0102328 -0.0102328 0.0166735)
(-0.0132293 -0.0122546 0.0104442)
(-0.0117075 -0.0145633 0.00375439)
(-0.00499999 -0.0165883 -0.00180711)
(0.00499997 -0.0165883 -0.00180711)
(0.0117075 -0.0145633 0.00375438)
(0.0132293 -0.0122546 0.0104441)
(0.0102328 -0.0102329 0.0166735)
(0.00371385 -0.00913058 0.0201021)
(-0.00442589 -0.0117182 0.0148787)
(-0.0122546 -0.0132293 0.0104442)
(-0.0160566 -0.0160566 0.00231571)
(-0.0145447 -0.0193276 -0.00674536)
(-0.00632268 -0.0223275 -0.0145803)
(0.00632265 -0.0223275 -0.0145803)
(0.0145447 -0.0193276 -0.00674537)
(0.0160566 -0.0160566 0.00231569)
(0.0122546 -0.0132293 0.0104441)
(0.00442588 -0.0117182 0.0148787)
(-0.00521849 -0.0102116 0.00937363)
(-0.0145633 -0.0117075 0.00375439)
(-0.0193276 -0.0145447 -0.00674536)
(-0.0179748 -0.0179748 -0.0187625)
(-0.0080034 -0.021246 -0.0298304)
(0.00800338 -0.021246 -0.0298304)
(0.0179748 -0.0179748 -0.0187626)
(0.0193276 -0.0145447 -0.00674538)
(0.0145633 -0.0117075 0.00375437)
(0.00521848 -0.0102116 0.00937362)
(-0.0059227 -0.00429235 0.00499203)
(-0.0165883 -0.005 -0.00180711)
(-0.0223275 -0.00632268 -0.0145803)
(-0.021246 -0.00800341 -0.0298305)
(-0.0096009 -0.0096009 -0.0443218)
(0.00960087 -0.0096009 -0.0443218)
(0.0212459 -0.00800341 -0.0298305)
(0.0223274 -0.00632268 -0.0145803)
(0.0165883 -0.005 -0.00180714)
(0.0059227 -0.00429235 0.00499201)
(-0.0059227 0.00429233 0.00499203)
(-0.0165883 0.00499997 -0.00180711)
(-0.0223275 0.00632265 -0.0145803)
(-0.021246 0.00800337 -0.0298304)
(-0.0096009 0.00960086 -0.0443218)
(0.00960087 0.00960086 -0.0443217)
(0.0212459 0.00800338 -0.0298305)
(0.0223274 0.00632265 -0.0145803)
(0.0165883 0.00499998 -0.00180714)
(0.0059227 0.00429233 0.00499201)
(-0.00521849 0.0102116 0.00937363)
(-0.0145633 0.0117075 0.00375438)
(-0.0193276 0.0145447 -0.00674537)
(-0.0179748 0.0179748 -0.0187626)
(-0.00800341 0.0212459 -0.0298305)
(0.00800338 0.0212459 -0.0298305)
(0.0179748 0.0179748 -0.0187626)
(0.0193276 0.0145447 -0.00674539)
(0.0145633 0.0117075 0.00375436)
(0.00521849 0.0102116 0.00937361)
(-0.00442589 0.0117182 0.0148787)
(-0.0122546 0.0132293 0.0104441)
(-0.0160566 0.0160566 0.00231569)
(-0.0145447 0.0193276 -0.00674538)
(-0.00632268 0.0223274 -0.0145803)
(0.00632266 0.0223274 -0.0145803)
(0.0145447 0.0193276 -0.00674539)
(0.0160566 0.0160566 0.00231568)
(0.0122546 0.0132293 0.0104441)
(0.00442589 0.0117182 0.0148787)
(-0.00371385 0.00913056 0.0201021)
(-0.0102329 0.0102328 0.0166735)
(-0.0132293 0.0122546 0.0104441)
(-0.0117075 0.0145633 0.00375437)
(-0.005 0.0165883 -0.00180714)
(0.00499998 0.0165883 -0.00180714)
(0.0117075 0.0145633 0.00375436)
(0.0132293 0.0122546 0.0104441)
(0.0102328 0.0102328 0.0166735)
(0.00371385 0.00913056 0.0201021)
(-0.00332713 0.00332713 0.0229888)
(-0.00913057 0.00371385 0.0201021)
(-0.0117182 0.00442589 0.0148787)
(-0.0102116 0.00521849 0.00937361)
(-0.00429235 0.0059227 0.00499201)
(0.00429233 0.0059227 0.00499201)
(0.0102116 0.00521849 0.00937361)
(0.0117182 0.00442589 0.0148787)
(0.00913057 0.00371386 0.0201021)
(0.00332713 0.00332713 0.0229888)
(-0.00413209 -0.00413209 0.0299497)
(-0.0113872 -0.00467174 0.0263984)
(-0.0147095 -0.00567765 0.0199246)
(-0.0129943 -0.00681937 0.0130008)
(-0.00553331 -0.00787716 0.00732405)
(0.00553329 -0.00787716 0.00732405)
(0.0129943 -0.00681937 0.0130008)
(0.0147094 -0.00567766 0.0199246)
(0.0113872 -0.00467174 0.0263984)
(0.00413209 -0.00413209 0.0299497)
(-0.00467174 -0.0113872 0.0263984)
(-0.0129373 -0.0129373 0.0221041)
(-0.0168658 -0.0158082 0.014237)
(-0.0151906 -0.0191698 0.00562687)
(-0.00659636 -0.0222345 -0.00181802)
(0.00659634 -0.0222345 -0.00181802)
(0.0151906 -0.0191698 0.00562685)
(0.0168658 -0.0158082 0.014237)
(0.0129372 -0.0129373 0.0221041)
(0.00467174 -0.0113872 0.0263984)
(-0.00567766 -0.0147095 0.0199246)
(-0.0158082 -0.0168658 0.014237)
(-0.0209537 -0.0209537 0.00372163)
(-0.0194179 -0.0258228 -0.00833362)
(-0.00860763 -0.0305105 -0.0192233)
(0.0086076 -0.0305105 -0.0192233)
(0.0194179 -0.0258229 -0.00833364)
(0.0209537 -0.0209537 0.00372161)
(0.0158081 -0.0168658 0.014237)
(0.00567766 -0.0147095 0.0199246)
(-0.00681937 -0.0129943 0.0130008)
(-0.0191698 -0.0151906 0.00562687)
(-0.0258228 -0.0194179 -0.00833362)
(-0.0247388 -0.0247389 -0.0248776)
(-0.0112924 -0.0300882 -0.0410173)
(0.0112924 -0.0300882 -0.0410173)
(0.0247388 -0.0247389 -0.0248777)
(0.0258228 -0.019418 -0.00833365)
(0.0191698 -0.0151906 0.00562684)
(0.00681937 -0.0129943 0.0130007)
(-0.00787716 -0.00553332 0.00732405)
(-0.0222345 -0.00659637 -0.00181802)
(-0.0305105 -0.00860764 -0.0192233)
(-0.0300882 -0.0112924 -0.0410173)
(-0.0139751 -0.0139751 -0.0630285)
(0.013975 -0.0139751 -0.0630285)
(0.0300881 -0.0112924 -0.0410174)
(0.0305105 -0.00860764 -0.0192233)
(0.0222345 -0.00659637 -0.00181805)
(0.00787716 -0.00553332 0.00732402)
(-0.00787716 0.00553328 0.00732406)
(-0.0222345 0.00659633 -0.00181801)
(-0.0305105 0.0086076 -0.0192233)
(-0.0300882 0.0112924 -0.0410173)
(-0.0139751 0.013975 -0.0630285)
(0.013975 0.013975 -0.0630285)
(0.0300881 0.0112924 -0.0410173)
(0.0305105 0.0086076 -0.0192233)
(0.0222345 0.00659634 -0.00181805)
(0.00787716 0.00553329 0.00732403)
(-0.00681938 0.0129943 0.0130008)
(-0.0191698 0.0151906 0.00562685)
(-0.0258229 0.0194179 -0.00833364)
(-0.0247389 0.0247388 -0.0248777)
(-0.0112924 0.0300881 -0.0410174)
(0.0112924 0.0300881 -0.0410173)
(0.0247388 0.0247388 -0.0248777)
(0.0258228 0.0194179 -0.00833367)
(0.0191698 0.0151906 0.00562683)
(0.00681938 0.0129943 0.0130007)
(-0.00567766 0.0147094 0.0199246)
(-0.0158082 0.0168658 0.014237)
(-0.0209537 0.0209537 0.00372162)
(-0.0194179 0.0258228 -0.00833364)
(-0.00860764 0.0305105 -0.0192233)
(0.00860761 0.0305105 -0.0192233)
(0.0194179 0.0258228 -0.00833366)
(0.0209537 0.0209537 0.0037216)
(0.0158082 0.0168658 0.014237)
(0.00567766 0.0147095 0.0199246)
(-0.00467174 0.0113872 0.0263984)
(-0.0129373 0.0129372 0.0221041)
(-0.0168658 0.0158081 0.014237)
(-0.0151906 0.0191698 0.00562684)
(-0.00659637 0.0222345 -0.00181805)
(0.00659635 0.0222345 -0.00181805)
(0.0151906 0.0191698 0.00562683)
(0.0168658 0.0158081 0.0142369)
(0.0129373 0.0129373 0.022104)
(0.00467174 0.0113872 0.0263984)
(-0.00413209 0.00413209 0.0299497)
(-0.0113872 0.00467174 0.0263984)
(-0.0147095 0.00567766 0.0199246)
(-0.0129943 0.00681938 0.0130007)
(-0.00553331 0.00787716 0.00732402)
(0.00553329 0.00787716 0.00732403)
(0.0129943 0.00681938 0.0130007)
(0.0147095 0.00567766 0.0199246)
(0.0113872 0.00467175 0.0263984)
(0.00413209 0.0041321 0.0299497)
(-0.00511337 -0.00511336 0.0386098)
(-0.0141501 -0.00586045 0.0343357)
(-0.0184104 -0.00726993 0.0264844)
(-0.0165138 -0.00890718 0.0179371)
(-0.00713015 -0.0104932 0.0106936)
(0.00713012 -0.0104932 0.0106936)
(0.0165138 -0.00890718 0.0179371)
(0.0184104 -0.00726994 0.0264844)
(0.0141501 -0.00586046 0.0343357)
(0.00511336 -0.00511337 0.0386098)
(-0.00586045 -0.0141501 0.0343357)
(-0.0163127 -0.0163127 0.0290599)
(-0.0214692 -0.0203556 0.0193137)
(-0.0197292 -0.0252307 0.0083956)
(-0.00872462 -0.0298597 -0.00147284)
(0.00872459 -0.0298597 -0.00147284)
(0.0197292 -0.0252307 0.00839558)
(0.0214692 -0.0203556 0.0193137)
(0.0163127 -0.0163127 0.0290599)
(0.00586045 -0.0141501 0.0343357)
(-0.00726993 -0.0184104 0.0264844)
(-0.0203556 -0.0214692 0.0193137)
(-0.0273465 -0.0273465 0.00594485)
(-0.0260106 -0.0345919 -0.00992329)
(-0.0117774 -0.0419463 -0.0249658)
(0.0117774 -0.0419463 -0.0249658)
(0.0260105 -0.0345919 -0.00992332)
(0.0273465 -0.0273465 0.00594483)
(0.0203556 -0.0214693 0.0193137)
(0.00726993 -0.0184104 0.0264844)
(-0.00890718 -0.0165138 0.0179371)
(-0.0252307 -0.0197292 0.0083956)
(-0.0345919 -0.0260106 -0.00992329)
(-0.0343085 -0.0343085 -0.0325975)
(-0.0160991 -0.0431373 -0.0562108)
(0.0160991 -0.0431373 -0.0562108)
(0.0343085 -0.0343086 -0.0325976)
(0.0345919 -0.0260106 -0.00992333)
(0.0252307 -0.0197292 0.00839557)
(0.00890718 -0.0165138 0.017937)
(-0.0104932 -0.00713015 0.0106936)
(-0.0298597 -0.00872462 -0.00147284)
(-0.0419463 -0.0117774 -0.0249658)
(-0.0431373 -0.0160991 -0.0562108)
(-0.0206533 -0.0206533 -0.0899781)
(0.0206532 -0.0206533 -0.0899781)
(0.0431373 -0.0160992 -0.0562109)
(0.0419463 -0.0117774 -0.0249658)
(0.0298597 -0.00872463 -0.00147289)
(0.0104932 -0.00713015 0.0106936)
(-0.0104932 0.00713012 0.0106936)
(-0.0298597 0.00872459 -0.00147284)
(-0.0419463 0.0117774 -0.0249658)
(-0.0431373 0.0160991 -0.0562108)
(-0.0206533 0.0206532 -0.0899781)
(0.0206532 0.0206532 -0.0899781)
(0.0431373 0.0160991 -0.0562109)
(0.0419463 0.0117774 -0.0249658)
(0.0298597 0.0087246 -0.00147288)
(0.0104932 0.00713013 0.0106936)
(-0.00890718 0.0165138 0.0179371)
(-0.0252307 0.0197292 0.00839558)
(-0.0345919 0.0260105 -0.00992332)
(-0.0343086 0.0343085 -0.0325976)
(-0.0160991 0.0431373 -0.0562109)
(0.0160991 0.0431373 -0.0562109)
(0.0343085 0.0343085 -0.0325976)
(0.0345919 0.0260106 -0.00992335)
(0.0252307 0.0197292 0.00839555)
(0.00890718 0.0165138 0.017937)
(-0.00726994 0.0184104 0.0264844)
(-0.0203556 0.0214692 0.0193137)
(-0.0273465 0.0273465 0.00594483)
(-0.0260106 0.0345919 -0.00992332)
(-0.0117774 0.0419463 -0.0249658)
(0.0117774 0.0419463 -0.0249658)
(0.0260106 0.0345919 -0.00992335)
(0.0273465 0.0273465 0.00594481)
(0.0203556 0.0214693 0.0193137)
(0.00726994 0.0184104 0.0264844)
(-0.00586046 0.0141501 0.0343357)
(-0.0163127 0.0163127 0.0290599)
(-0.0214693 0.0203556 0.0193137)
(-0.0197292 0.0252307 0.00839557)
(-0.00872463 0.0298597 -0.00147289)
(0.0087246 0.0298597 -0.00147288)
(0.0197292 0.0252307 0.00839555)
(0.0214692 0.0203556 0.0193137)
(0.0163127 0.0163127 0.0290599)
(0.00586046 0.0141501 0.0343357)
(-0.00511337 0.00511337 0.0386098)
(-0.0141501 0.00586046 0.0343357)
(-0.0184104 0.00726994 0.0264844)
(-0.0165138 0.00890718 0.017937)
(-0.00713015 0.0104932 0.0106936)
(0.00713013 0.0104932 0.0106936)
(0.0165138 0.00890718 0.017937)
(0.0184104 0.00726994 0.0264844)
(0.0141501 0.00586046 0.0343357)
(0.00511337 0.00511337 0.0386098)
(-0.00628405 -0.00628405 0.0493264)
(-0.0174604 -0.00730726 0.0442966)
(-0.0228983 -0.00926069 0.0349883)
(-0.0208915 -0.0115923 0.0246381)
(-0.0091539 -0.0139591 0.0155427)
(0.00915387 -0.0139591 0.0155427)
(0.0208914 -0.0115923 0.0246381)
(0.0228983 -0.00926069 0.0349883)
(0.0174604 -0.00730726 0.0442966)
(0.00628405 -0.00628405 0.0493264)
(-0.00730726 -0.0174604 0.0442966)
(-0.0204453 -0.0204453 0.0379421)
(-0.0272009 -0.0260742 0.0261098)
(-0.0255731 -0.0330988 0.0124712)
(-0.0115346 -0.0400583 -0.000505524)
(0.0115346 -0.0400583 -0.000505515)
(0.0255731 -0.0330988 0.0124712)
(0.0272009 -0.0260743 0.0261097)
(0.0204452 -0.0204453 0.0379421)
(0.00730726 -0.0174604 0.0442966)
(-0.00926069 -0.0228983 0.0349883)
(-0.0260742 -0.0272009 0.0261098)
(-0.035581 -0.035581 0.00943404)
(-0.0348591 -0.0463432 -0.0112239)
(-0.0161497 -0.0579187 -0.0318503)
(0.0161497 -0.0579187 -0.0318503)
(0.0348591 -0.0463432 -0.011224)
(0.035581 -0.035581 0.00943401)
(0.0260742 -0.0272009 0.0261097)
(0.00926069 -0.0228983 0.0349883)
(-0.0115923 -0.0208915 0.0246381)
(-0.0330988 -0.0255731 0.0124712)
(-0.0463432 -0.0348592 -0.0112239)
(-0.0478613 -0.0478613 -0.0421898)
(-0.0231589 -0.0625597 -0.0768905)
(0.0231589 -0.0625597 -0.0768905)
(0.0478613 -0.0478614 -0.0421898)
(0.0463432 -0.0348592 -0.011224)
(0.0330988 -0.0255732 0.0124711)
(0.0115923 -0.0208915 0.0246381)
(-0.0139591 -0.0091539 0.0155427)
(-0.0400583 -0.0115346 -0.000505523)
(-0.0579187 -0.0161497 -0.0318503)
(-0.0625597 -0.0231589 -0.0768905)
(-0.0309745 -0.0309745 -0.1293)
(0.0309745 -0.0309745 -0.1293)
(0.0625596 -0.0231589 -0.0768906)
(0.0579187 -0.0161498 -0.0318504)
(0.0400583 -0.0115346 -0.000505578)
(0.0139591 -0.00915391 0.0155427)
(-0.0139591 0.00915386 0.0155427)
(-0.0400583 0.0115346 -0.00050551)
(-0.0579187 0.0161497 -0.0318503)
(-0.0625597 0.0231589 -0.0768905)
(-0.0309745 0.0309745 -0.1293)
(0.0309745 0.0309744 -0.1293)
(0.0625596 0.0231589 -0.0768906)
(0.0579187 0.0161497 -0.0318504)
(0.0400583 0.0115346 -0.000505566)
(0.0139591 0.00915388 0.0155427)
(-0.0115923 0.0208914 0.0246381)
(-0.0330988 0.0255731 0.0124712)
(-0.0463432 0.0348591 -0.011224)
(-0.0478614 0.0478613 -0.0421898)
(-0.0231589 0.0625596 -0.0768906)
(0.0231589 0.0625596 -0.0768906)
(0.0478613 0.0478613 -0.0421899)
(0.0463432 0.0348591 -0.011224)
(0.0330988 0.0255731 0.0124711)
(0.0115923 0.0208915 0.0246381)
(-0.00926069 0.0228983 0.0349883)
(-0.0260742 0.0272009 0.0261097)
(-0.035581 0.035581 0.00943402)
(-0.0348592 0.0463432 -0.011224)
(-0.0161497 0.0579187 -0.0318504)
(0.0161497 0.0579187 -0.0318504)
(0.0348591 0.0463432 -0.011224)
(0.035581 0.035581 0.00943399)
(0.0260742 0.0272009 0.0261097)
(0.00926069 0.0228983 0.0349883)
(-0.00730726 0.0174604 0.0442966)
(-0.0204453 0.0204452 0.0379421)
(-0.0272009 0.0260742 0.0261097)
(-0.0255732 0.0330988 0.0124711)
(-0.0115346 0.0400583 -0.000505577)
(0.0115346 0.0400583 -0.000505568)
(0.0255731 0.0330988 0.0124711)
(0.0272009 0.0260742 0.0261097)
(0.0204453 0.0204453 0.0379421)
(0.00730726 0.0174604 0.0442966)
(-0.00628406 0.00628406 0.0493264)
(-0.0174604 0.00730726 0.0442966)
(-0.0228983 0.00926069 0.0349883)
(-0.0208915 0.0115923 0.0246381)
(-0.00915391 0.0139591 0.0155427)
(0.00915388 0.0139591 0.0155427)
(0.0208915 0.0115923 0.0246381)
(0.0228983 0.0092607 0.0349883)
(0.0174604 0.00730727 0.0442966)
(0.00628406 0.00628406 0.0493264)
(-0.00764903 -0.00764903 0.0624774)
(-0.0213348 -0.0090317 0.0567034)
(-0.028223 -0.0117023 0.045948)
(-0.0262377 -0.0149932 0.0336823)
(-0.0116757 -0.0185141 0.0224831)
(0.0116757 -0.0185141 0.0224831)
(0.0262376 -0.0149933 0.0336823)
(0.028223 -0.0117023 0.045948)
(0.0213348 -0.00903171 0.0567034)
(0.00764902 -0.00764903 0.0624774)
(-0.00903171 -0.0213348 0.0567034)
(-0.0253991 -0.0253991 0.0492167)
(-0.0342108 -0.0331233 0.0351824)
(-0.0330171 -0.043157 0.018437)
(-0.0152201 -0.053542 0.00159834)
(0.01522 -0.053542 0.00159835)
(0.0330171 -0.0431571 0.0184369)
(0.0342108 -0.0331233 0.0351824)
(0.0253991 -0.0253992 0.0492167)
(0.0090317 -0.0213348 0.0567034)
(-0.0117023 -0.028223 0.045948)
(-0.0331233 -0.0342108 0.0351824)
(-0.0460298 -0.0460298 0.0148575)
(-0.0466227 -0.0619686 -0.0116765)
(-0.0221351 -0.0802188 -0.0396445)
(0.0221351 -0.0802188 -0.0396445)
(0.0466226 -0.0619686 -0.0116766)
(0.0460298 -0.0460298 0.0148574)
(0.0331233 -0.0342108 0.0351824)
(0.0117023 -0.028223 0.045948)
(-0.0149932 -0.0262377 0.0336823)
(-0.043157 -0.0330171 0.018437)
(-0.0619686 -0.0466227 -0.0116765)
(-0.0670867 -0.0670867 -0.0538022)
(-0.0335922 -0.0917609 -0.105019)
(0.0335921 -0.0917609 -0.105019)
(0.0670867 -0.0670868 -0.0538022)
(0.0619686 -0.0466227 -0.0116766)
(0.043157 -0.0330172 0.0184369)
(0.0149933 -0.0262377 0.0336823)
(-0.0185141 -0.0116757 0.0224831)
(-0.053542 -0.0152201 0.00159834)
(-0.0802188 -0.0221351 -0.0396445)
(-0.0917609 -0.0335922 -0.105019)
(-0.0471468 -0.0471468 -0.187383)
(0.0471467 -0.0471468 -0.187383)
(0.0917608 -0.0335922 -0.105019)
(0.0802189 -0.0221351 -0.0396446)
(0.053542 -0.0152201 0.00159827)
(0.0185142 -0.0116757 0.0224831)
(-0.0185141 0.0116757 0.0224831)
(-0.053542 0.01522 0.00159836)
(-0.0802188 0.0221351 -0.0396445)
(-0.0917609 0.0335921 -0.105019)
(-0.0471468 0.0471467 -0.187383)
(0.0471467 0.0471467 -0.187383)
(0.0917608 0.0335922 -0.105019)
(0.0802188 0.0221351 -0.0396446)
(0.053542 0.01522 0.00159829)
(0.0185142 0.0116757 0.0224831)
(-0.0149933 0.0262376 0.0336823)
(-0.043157 0.0330171 0.0184369)
(-0.0619686 0.0466226 -0.0116766)
(-0.0670868 0.0670867 -0.0538022)
(-0.0335922 0.0917608 -0.105019)
(0.0335922 0.0917608 -0.105019)
(0.0670867 0.0670867 -0.0538023)
(0.0619686 0.0466226 -0.0116766)
(0.043157 0.0330171 0.0184369)
(0.0149933 0.0262377 0.0336823)
(-0.0117023 0.028223 0.045948)
(-0.0331233 0.0342108 0.0351824)
(-0.0460298 0.0460298 0.0148574)
(-0.0466227 0.0619686 -0.0116766)
(-0.0221351 0.0802189 -0.0396446)
(0.0221351 0.0802189 -0.0396446)
(0.0466226 0.0619686 -0.0116766)
(0.0460298 0.0460298 0.0148574)
(0.0331233 0.0342108 0.0351824)
(0.0117023 0.028223 0.045948)
(-0.00903171 0.0213348 0.0567034)
(-0.0253991 0.0253991 0.0492167)
(-0.0342108 0.0331233 0.0351824)
(-0.0330172 0.043157 0.0184369)
(-0.0152201 0.053542 0.00159827)
(0.01522 0.053542 0.00159829)
(0.0330171 0.043157 0.0184369)
(0.0342108 0.0331233 0.0351824)
(0.0253991 0.0253991 0.0492167)
(0.00903171 0.0213348 0.0567034)
(-0.00764903 0.00764903 0.0624774)
(-0.0213348 0.00903171 0.0567034)
(-0.028223 0.0117023 0.045948)
(-0.0262377 0.0149933 0.0336823)
(-0.0116757 0.0185142 0.0224831)
(0.0116757 0.0185142 0.0224831)
(0.0262377 0.0149933 0.0336823)
(0.028223 0.0117023 0.045948)
(0.0213348 0.00903171 0.0567034)
(0.00764903 0.00764904 0.0624774)
(-0.00919979 -0.00919979 0.0784406)
(-0.0257481 -0.0110379 0.0719999)
(-0.0343823 -0.0146284 0.0599446)
(-0.0326159 -0.0192168 0.0457921)
(-0.0147488 -0.0243947 0.0323371)
(0.0147488 -0.0243947 0.0323371)
(0.0326159 -0.0192168 0.0457921)
(0.0343823 -0.0146284 0.0599446)
(0.0257481 -0.0110379 0.0719999)
(0.00919979 -0.00919979 0.0784406)
(-0.0110379 -0.0257481 0.0719999)
(-0.0311916 -0.0311916 0.0634058)
(-0.0426028 -0.0416 0.0472268)
(-0.0423296 -0.0557652 0.0270984)
(-0.0199656 -0.0710909 0.00563538)
(0.0199656 -0.0710909 0.0056354)
(0.0423295 -0.0557652 0.0270984)
(0.0426028 -0.0416 0.0472268)
(0.0311916 -0.0311916 0.0634058)
(0.0110379 -0.0257481 0.0719999)
(-0.0146284 -0.0343823 0.0599446)
(-0.0416 -0.0426028 0.0472268)
(-0.0590407 -0.0590407 0.0231818)
(-0.0620466 -0.0825499 -0.0102922)
(-0.0302313 -0.111391 -0.0475274)
(0.0302312 -0.111391 -0.0475274)
(0.0620465 -0.0825499 -0.0102923)
(0.0590407 -0.0590407 0.0231818)
(0.0416 -0.0426028 0.0472268)
(0.0146284 -0.0343824 0.0599446)
(-0.0192168 -0.0326159 0.0457921)
(-0.0557652 -0.0423296 0.0270984)
(-0.0825499 -0.0620466 -0.0102922)
(-0.094391 -0.094391 -0.067286)
(-0.0491084 -0.136126 -0.143146)
(0.0491083 -0.136126 -0.143146)
(0.0943909 -0.0943911 -0.0672862)
(0.0825499 -0.0620467 -0.0102923)
(0.0557652 -0.0423296 0.0270983)
(0.0192168 -0.0326159 0.0457921)
(-0.0243947 -0.0147488 0.0323371)
(-0.0710909 -0.0199656 0.00563538)
(-0.111391 -0.0302313 -0.0475274)
(-0.136126 -0.0491084 -0.143146)
(-0.0725892 -0.0725892 -0.274209)
(0.072589 -0.0725891 -0.274209)
(0.136126 -0.0491085 -0.143146)
(0.111391 -0.0302313 -0.0475275)
(0.0710909 -0.0199657 0.0056353)
(0.0243947 -0.0147488 0.0323371)
(-0.0243947 0.0147488 0.0323371)
(-0.0710909 0.0199656 0.00563541)
(-0.111391 0.0302312 -0.0475274)
(-0.136126 0.0491083 -0.143146)
(-0.0725891 0.072589 -0.274209)
(0.072589 0.072589 -0.274209)
(0.136126 0.0491084 -0.143146)
(0.111391 0.0302313 -0.0475275)
(0.0710909 0.0199656 0.00563532)
(0.0243947 0.0147488 0.0323371)
(-0.0192168 0.0326158 0.0457921)
(-0.0557652 0.0423295 0.0270984)
(-0.0825499 0.0620465 -0.0102923)
(-0.0943911 0.0943908 -0.0672862)
(-0.0491085 0.136126 -0.143146)
(0.0491084 0.136126 -0.143146)
(0.094391 0.094391 -0.0672863)
(0.0825499 0.0620466 -0.0102923)
(0.0557652 0.0423296 0.0270983)
(0.0192168 0.0326159 0.0457921)
(-0.0146284 0.0343823 0.0599446)
(-0.0416 0.0426028 0.0472268)
(-0.0590407 0.0590406 0.0231818)
(-0.0620467 0.0825499 -0.0102923)
(-0.0302313 0.111391 -0.0475275)
(0.0302313 0.111391 -0.0475275)
(0.0620466 0.0825499 -0.0102923)
(0.0590407 0.0590407 0.0231818)
(0.0416 0.0426028 0.0472268)
(0.0146284 0.0343824 0.0599446)
(-0.0110379 0.0257481 0.0719999)
(-0.0311916 0.0311916 0.0634058)
(-0.0426028 0.0416 0.0472268)
(-0.0423296 0.0557652 0.0270983)
(-0.0199656 0.0710909 0.0056353)
(0.0199656 0.0710909 0.00563532)
(0.0423296 0.0557652 0.0270983)
(0.0426028 0.0416 0.0472268)
(0.0311916 0.0311916 0.0634058)
(0.0110379 0.0257481 0.0719999)
(-0.0091998 0.00919979 0.0784406)
(-0.0257481 0.0110379 0.0719999)
(-0.0343824 0.0146284 0.0599446)
(-0.0326159 0.0192168 0.0457921)
(-0.0147488 0.0243947 0.0323371)
(0.0147488 0.0243947 0.0323371)
(0.0326159 0.0192168 0.0457921)
(0.0343824 0.0146284 0.0599446)
(0.0257481 0.0110379 0.0719999)
(0.0091998 0.0091998 0.0784406)
(-0.0109087 -0.0109087 0.0975593)
(-0.0306137 -0.0133045 0.0906174)
(-0.0412893 -0.0180339 0.0776029)
(-0.0400103 -0.0243317 0.0618006)
(-0.0183868 -0.0318537 0.0461721)
(0.0183868 -0.0318537 0.0461722)
(0.0400103 -0.0243317 0.0618006)
(0.0412893 -0.0180339 0.0776029)
(0.0306137 -0.0133045 0.0906174)
(0.0109087 -0.0109087 0.0975593)
(-0.0133045 -0.0306138 0.0906174)
(-0.0377596 -0.0377596 0.0810617)
(-0.0523871 -0.0514696 0.0630742)
(-0.0537507 -0.0711625 0.0395412)
(-0.0259687 -0.0934107 0.0128256)
(0.0259687 -0.0934106 0.0128257)
(0.0537506 -0.0711625 0.0395412)
(0.0523871 -0.0514696 0.0630742)
(0.0377596 -0.0377596 0.0810617)
(0.0133045 -0.0306138 0.0906174)
(-0.0180339 -0.0412893 0.0776029)
(-0.0514696 -0.0523871 0.0630742)
(-0.0748426 -0.0748426 0.0357521)
(-0.0818452 -0.109315 -0.00547129)
(-0.0409729 -0.154935 -0.0534942)
(0.0409728 -0.154935 -0.0534942)
(0.0818451 -0.109315 -0.00547135)
(0.0748426 -0.0748427 0.0357521)
(0.0514696 -0.0523871 0.0630742)
(0.0180339 -0.0412893 0.0776029)
(-0.0243317 -0.0400103 0.0618006)
(-0.0711625 -0.0537507 0.0395412)
(-0.109315 -0.0818452 -0.00547129)
(-0.133142 -0.133142 -0.081884)
(-0.0723004 -0.204167 -0.194647)
(0.0723003 -0.204167 -0.194647)
(0.133142 -0.133142 -0.0818842)
(0.109315 -0.0818453 -0.00547135)
(0.0711625 -0.0537507 0.0395412)
(0.0243317 -0.0400103 0.0618006)
(-0.0318537 -0.0183868 0.0461722)
(-0.0934107 -0.0259687 0.0128256)
(-0.154935 -0.0409729 -0.0534942)
(-0.204167 -0.0723004 -0.194647)
(-0.114341 -0.114341 -0.40536)
(0.114341 -0.114341 -0.40536)
(0.204167 -0.0723005 -0.194648)
(0.154936 -0.0409729 -0.0534944)
(0.0934107 -0.0259688 0.0128255)
(0.0318537 -0.0183868 0.0461721)
(-0.0318537 0.0183868 0.0461722)
(-0.0934106 0.0259687 0.0128257)
(-0.154935 0.0409728 -0.0534942)
(-0.204167 0.0723003 -0.194647)
(-0.114341 0.114341 -0.40536)
(0.114341 0.114341 -0.40536)
(0.204167 0.0723004 -0.194648)
(0.154936 0.0409729 -0.0534944)
(0.0934107 0.0259687 0.0128256)
(0.0318537 0.0183868 0.0461721)
(-0.0243318 0.0400103 0.0618006)
(-0.0711625 0.0537506 0.0395412)
(-0.109315 0.0818451 -0.00547135)
(-0.133142 0.133142 -0.0818842)
(-0.0723005 0.204167 -0.194648)
(0.0723004 0.204167 -0.194648)
(0.133142 0.133142 -0.0818843)
(0.109315 0.0818452 -0.00547141)
(0.0711625 0.0537507 0.0395411)
(0.0243318 0.0400103 0.0618006)
(-0.0180339 0.0412893 0.0776029)
(-0.0514696 0.0523871 0.0630742)
(-0.0748427 0.0748426 0.0357521)
(-0.0818453 0.109315 -0.00547135)
(-0.0409729 0.154936 -0.0534944)
(0.0409729 0.154936 -0.0534944)
(0.0818452 0.109315 -0.00547141)
(0.0748427 0.0748427 0.0357521)
(0.0514696 0.0523871 0.0630742)
(0.0180339 0.0412893 0.0776029)
(-0.0133045 0.0306137 0.0906174)
(-0.0377596 0.0377596 0.0810617)
(-0.0523871 0.0514696 0.0630742)
(-0.0537507 0.0711625 0.0395412)
(-0.0259688 0.0934107 0.0128255)
(0.0259687 0.0934107 0.0128256)
(0.0537507 0.0711625 0.0395411)
(0.0523871 0.0514696 0.0630742)
(0.0377596 0.0377596 0.0810617)
(0.0133045 0.0306138 0.0906174)
(-0.0109087 0.0109087 0.0975593)
(-0.0306138 0.0133045 0.0906174)
(-0.0412893 0.0180339 0.0776029)
(-0.0400103 0.0243318 0.0618006)
(-0.0183868 0.0318537 0.0461721)
(0.0183868 0.0318537 0.0461721)
(0.0400103 0.0243318 0.0618006)
(0.0412893 0.0180339 0.0776029)
(0.0306138 0.0133045 0.0906174)
(0.0109087 0.0109087 0.0975593)
(-0.0127237 -0.0127237 0.120098)
(-0.0357669 -0.0157725 0.112923)
(-0.0487412 -0.0218461 0.0995227)
(-0.0482589 -0.0303195 0.0826283)
(-0.022526 -0.0410589 0.0653098)
(0.022526 -0.0410588 0.0653098)
(0.0482588 -0.0303195 0.0826283)
(0.0487412 -0.0218461 0.0995227)
(0.0357669 -0.0157725 0.112923)
(0.0127237 -0.0127237 0.120098)
(-0.0157725 -0.0357669 0.112923)
(-0.0449184 -0.0449184 0.102717)
(-0.0634042 -0.0624646 0.0836553)
(-0.0673515 -0.0893203 0.0571948)
(-0.0333373 -0.120795 0.0251697)
(0.0333373 -0.120795 0.0251697)
(0.0673515 -0.0893204 0.0571947)
(0.0634042 -0.0624647 0.0836553)
(0.0449184 -0.0449184 0.102717)
(0.0157725 -0.035767 0.112923)
(-0.0218461 -0.0487412 0.0995227)
(-0.0624646 -0.0634042 0.0836553)
(-0.0934017 -0.0934017 0.0543483)
(-0.106395 -0.143494 0.00556287)
(-0.0546463 -0.215608 -0.0532348)
(0.0546462 -0.215608 -0.0532347)
(0.106395 -0.143494 0.0055628)
(0.0934017 -0.0934018 0.0543483)
(0.0624646 -0.0634042 0.0836553)
(0.0218461 -0.0487412 0.0995227)
(-0.0303195 -0.0482589 0.0826283)
(-0.0893203 -0.0673515 0.0571948)
(-0.143494 -0.106395 0.00556287)
(-0.187997 -0.187997 -0.0956103)
(-0.108367 -0.310725 -0.261914)
(0.108367 -0.310725 -0.261914)
(0.187997 -0.187997 -0.0956105)
(0.143494 -0.106395 0.00556279)
(0.0893203 -0.0673516 0.0571947)
(0.0303195 -0.0482589 0.0826283)
(-0.0410589 -0.022526 0.0653098)
(-0.120795 -0.0333373 0.0251697)
(-0.215608 -0.0546463 -0.0532348)
(-0.310725 -0.108367 -0.261914)
(-0.20174 -0.20174 -0.606078)
(0.20174 -0.20174 -0.606078)
(0.310725 -0.108367 -0.261915)
(0.215608 -0.0546464 -0.053235)
(0.120795 -0.0333374 0.0251696)
(0.0410589 -0.0225261 0.0653097)
(-0.0410588 0.022526 0.0653098)
(-0.120795 0.0333373 0.0251697)
(-0.215608 0.0546462 -0.0532347)
(-0.310725 0.108367 -0.261914)
(-0.20174 0.20174 -0.606078)
(0.20174 0.20174 -0.606078)
(0.310724 0.108367 -0.261915)
(0.215608 0.0546463 -0.053235)
(0.120795 0.0333373 0.0251696)
(0.0410589 0.022526 0.0653097)
(-0.0303195 0.0482588 0.0826283)
(-0.0893204 0.0673515 0.0571947)
(-0.143494 0.106395 0.0055628)
(-0.187997 0.187997 -0.0956105)
(-0.108367 0.310725 -0.261915)
(0.108367 0.310724 -0.261915)
(0.187997 0.187997 -0.0956107)
(0.143494 0.106395 0.00556273)
(0.0893204 0.0673515 0.0571947)
(0.0303195 0.0482589 0.0826283)
(-0.0218461 0.0487412 0.0995227)
(-0.0624646 0.0634042 0.0836553)
(-0.0934018 0.0934017 0.0543483)
(-0.106395 0.143494 0.0055628)
(-0.0546464 0.215608 -0.053235)
(0.0546463 0.215608 -0.053235)
(0.106395 0.143494 0.00556273)
(0.0934018 0.0934018 0.0543483)
(0.0624647 0.0634042 0.0836553)
(0.0218461 0.0487412 0.0995227)
(-0.0157725 0.0357669 0.112923)
(-0.0449184 0.0449184 0.102717)
(-0.0634042 0.0624646 0.0836553)
(-0.0673516 0.0893203 0.0571947)
(-0.0333374 0.120795 0.0251696)
(0.0333373 0.120795 0.0251696)
(0.0673515 0.0893204 0.0571947)
(0.0634042 0.0624646 0.0836553)
(0.0449184 0.0449184 0.102717)
(0.0157726 0.035767 0.112923)
(-0.0127237 0.0127237 0.120098)
(-0.035767 0.0157725 0.112923)
(-0.0487412 0.0218461 0.0995227)
(-0.0482589 0.0303195 0.0826283)
(-0.0225261 0.0410589 0.0653097)
(0.022526 0.0410589 0.0653097)
(0.0482589 0.0303195 0.0826283)
(0.0487412 0.0218461 0.0995227)
(0.035767 0.0157726 0.112923)
(0.0127237 0.0127237 0.120098)
(-0.0145659 -0.0145659 0.146184)
(-0.0409544 -0.0183352 0.139148)
(-0.0563841 -0.0258915 0.126164)
(-0.056976 -0.0369887 0.109142)
(-0.02697 -0.0519603 0.0912244)
(0.02697 -0.0519603 0.0912244)
(0.0569759 -0.0369887 0.109142)
(0.0563841 -0.0258915 0.126164)
(0.0409544 -0.0183352 0.139148)
(0.0145659 -0.0145659 0.146184)
(-0.0183352 -0.0409544 0.139148)
(-0.052321 -0.052321 0.128799)
(-0.0752223 -0.0739539 0.109897)
(-0.0828453 -0.10953 0.0818302)
(-0.0419023 -0.15238 0.0459732)
(0.0419023 -0.15238 0.0459732)
(0.0828452 -0.10953 0.0818301)
(0.0752224 -0.0739539 0.109897)
(0.052321 -0.0523211 0.128799)
(0.0183352 -0.0409544 0.139148)
(-0.0258915 -0.0563841 0.126164)
(-0.0739539 -0.0752223 0.109897)
(-0.114018 -0.114018 0.0810355)
(-0.135045 -0.185884 0.0270494)
(-0.0711587 -0.299085 -0.038062)
(0.0711587 -0.299085 -0.0380619)
(0.135045 -0.185884 0.0270493)
(0.114018 -0.114018 0.0810354)
(0.0739539 -0.0752224 0.109897)
(0.0258915 -0.0563841 0.126164)
(-0.0369887 -0.056976 0.109142)
(-0.10953 -0.0828453 0.0818302)
(-0.185884 -0.135045 0.0270494)
(-0.264937 -0.264937 -0.102677)
(-0.170104 -0.481427 -0.340136)
(0.170104 -0.481426 -0.340136)
(0.264937 -0.264938 -0.102678)
(0.185884 -0.135046 0.0270493)
(0.10953 -0.0828454 0.0818301)
(0.0369887 -0.056976 0.109142)
(-0.0519603 -0.02697 0.0912244)
(-0.15238 -0.0419023 0.0459732)
(-0.299085 -0.0711587 -0.038062)
(-0.481427 -0.170104 -0.340136)
(-0.341909 -0.341909 -0.930607)
(0.341908 -0.341909 -0.930606)
(0.481426 -0.170105 -0.340137)
(0.299086 -0.0711589 -0.0380623)
(0.15238 -0.0419024 0.0459731)
(0.0519604 -0.0269701 0.0912244)
(-0.0519603 0.02697 0.0912244)
(-0.15238 0.0419023 0.0459732)
(-0.299085 0.0711587 -0.0380619)
(-0.481426 0.170104 -0.340136)
(-0.341909 0.341908 -0.930606)
(0.341908 0.341908 -0.930606)
(0.481426 0.170105 -0.340137)
(0.299085 0.0711588 -0.0380623)
(0.15238 0.0419024 0.0459731)
(0.0519604 0.02697 0.0912244)
(-0.0369887 0.0569759 0.109142)
(-0.10953 0.0828452 0.0818301)
(-0.185884 0.135045 0.0270493)
(-0.264938 0.264937 -0.102678)
(-0.170105 0.481426 -0.340137)
(0.170105 0.481426 -0.340137)
(0.264938 0.264938 -0.102678)
(0.185884 0.135045 0.0270492)
(0.10953 0.0828453 0.0818301)
(0.0369887 0.056976 0.109142)
(-0.0258915 0.0563841 0.126164)
(-0.0739539 0.0752224 0.109897)
(-0.114018 0.114018 0.0810354)
(-0.135046 0.185884 0.0270493)
(-0.0711589 0.299086 -0.0380623)
(0.0711588 0.299085 -0.0380623)
(0.135045 0.185884 0.0270492)
(0.114018 0.114018 0.0810354)
(0.0739539 0.0752224 0.109897)
(0.0258915 0.0563841 0.126164)
(-0.0183352 0.0409544 0.139148)
(-0.0523211 0.052321 0.128799)
(-0.0752224 0.0739539 0.109897)
(-0.0828454 0.10953 0.0818301)
(-0.0419024 0.15238 0.0459731)
(0.0419024 0.15238 0.0459731)
(0.0828453 0.10953 0.0818301)
(0.0752224 0.0739539 0.109897)
(0.0523211 0.0523211 0.128799)
(0.0183352 0.0409544 0.139148)
(-0.0145659 0.0145659 0.146184)
(-0.0409544 0.0183352 0.139148)
(-0.0563841 0.0258915 0.126164)
(-0.056976 0.0369887 0.109142)
(-0.0269701 0.0519604 0.0912244)
(0.02697 0.0519604 0.0912244)
(0.056976 0.0369887 0.109142)
(0.0563841 0.0258915 0.126164)
(0.0409544 0.0183352 0.139148)
(0.0145659 0.0145659 0.146184)
(-0.0163321 -0.0163321 0.175756)
(-0.0458466 -0.0208321 0.169298)
(-0.0637031 -0.0298609 0.157672)
(-0.0654845 -0.0438726 0.1419)
(-0.031325 -0.0638424 0.12519)
(0.031325 -0.0638424 0.12519)
(0.0654844 -0.0438727 0.1419)
(0.0637031 -0.0298609 0.157672)
(0.0458466 -0.0208321 0.169299)
(0.0163321 -0.0163321 0.175756)
(-0.0208321 -0.0458467 0.169298)
(-0.0594329 -0.0594329 0.159495)
(-0.0870241 -0.0848547 0.142477)
(-0.0990823 -0.130036 0.115324)
(-0.0508415 -0.185103 0.0797904)
(0.0508415 -0.185103 0.0797905)
(0.0990822 -0.130036 0.115324)
(0.0870242 -0.0848547 0.142477)
(0.0594329 -0.059433 0.159495)
(0.0208321 -0.0458467 0.169299)
(-0.0298609 -0.0637031 0.157672)
(-0.0848547 -0.0870241 0.142477)
(-0.134939 -0.134939 0.117575)
(-0.165102 -0.235304 0.0647901)
(-0.0932895 -0.411079 0.0109356)
(0.0932895 -0.411079 0.0109357)
(0.165102 -0.235304 0.0647901)
(0.134939 -0.134939 0.117575)
(0.0848547 -0.0870242 0.142478)
(0.0298609 -0.0637031 0.157672)
(-0.0438726 -0.0654845 0.1419)
(-0.130036 -0.0990823 0.115324)
(-0.235304 -0.165102 0.0647901)
(-0.365929 -0.365929 -0.0913783)
(-0.2493 -0.712973 -0.450132)
(0.2493 -0.712973 -0.450132)
(0.365929 -0.36593 -0.0913785)
(0.235304 -0.165102 0.0647901)
(0.130036 -0.0990824 0.115324)
(0.0438727 -0.0654845 0.1419)
(-0.0638424 -0.031325 0.12519)
(-0.185103 -0.0508415 0.0797904)
(-0.411079 -0.0932895 0.0109356)
(-0.712973 -0.2493 -0.450132)
(-0.331237 -0.331237 -1.45107)
(0.331236 -0.331237 -1.45107)
(0.712973 -0.249301 -0.450135)
(0.41108 -0.0932898 0.0109351)
(0.185103 -0.0508416 0.0797904)
(0.0638425 -0.0313251 0.12519)
(-0.0638424 0.031325 0.12519)
(-0.185103 0.0508415 0.0797905)
(-0.411079 0.0932895 0.0109357)
(-0.712973 0.2493 -0.450132)
(-0.331237 0.331236 -1.45107)
(0.331236 0.331236 -1.45107)
(0.712973 0.249301 -0.450135)
(0.41108 0.0932898 0.0109352)
(0.185103 0.0508416 0.0797904)
(0.0638425 0.031325 0.12519)
(-0.0438727 0.0654844 0.1419)
(-0.130036 0.0990822 0.115324)
(-0.235304 0.165102 0.0647901)
(-0.36593 0.365929 -0.0913785)
(-0.249301 0.712973 -0.450135)
(0.249301 0.712973 -0.450135)
(0.36593 0.36593 -0.0913787)
(0.235304 0.165102 0.0647901)
(0.130036 0.0990823 0.115324)
(0.0438727 0.0654845 0.1419)
(-0.0298609 0.0637031 0.157672)
(-0.0848547 0.0870242 0.142478)
(-0.134939 0.134939 0.117575)
(-0.165102 0.235304 0.0647901)
(-0.0932898 0.41108 0.0109352)
(0.0932898 0.41108 0.0109352)
(0.165102 0.235304 0.0647901)
(0.134939 0.134939 0.117575)
(0.0848548 0.0870242 0.142478)
(0.029861 0.0637031 0.157672)
(-0.0208321 0.0458466 0.169299)
(-0.059433 0.0594329 0.159495)
(-0.0870242 0.0848547 0.142478)
(-0.0990824 0.130036 0.115324)
(-0.0508416 0.185103 0.0797904)
(0.0508416 0.185103 0.0797904)
(0.0990823 0.130036 0.115324)
(0.0870242 0.0848547 0.142478)
(0.059433 0.059433 0.159495)
(0.0208321 0.0458467 0.169299)
(-0.0163321 0.0163321 0.175756)
(-0.0458467 0.0208321 0.169299)
(-0.0637031 0.029861 0.157672)
(-0.0654845 0.0438727 0.1419)
(-0.0313251 0.0638425 0.12519)
(0.0313251 0.0638425 0.12519)
(0.0654845 0.0438727 0.1419)
(0.0637031 0.029861 0.157672)
(0.0458467 0.0208321 0.169299)
(0.0163321 0.0163322 0.175756)
(-0.0179087 -0.0179087 0.208513)
(-0.0500885 -0.0230632 0.203068)
(-0.0700784 -0.0333147 0.193654)
(-0.0728734 -0.050148 0.180728)
(-0.0349985 -0.0747062 0.16747)
(0.0349985 -0.0747062 0.16747)
(0.0728733 -0.050148 0.180728)
(0.0700784 -0.0333147 0.193654)
(0.0500885 -0.0230632 0.203068)
(0.0179087 -0.0179087 0.208513)
(-0.0230632 -0.0500885 0.203068)
(-0.0655719 -0.0655719 0.194581)
(-0.0975575 -0.0936864 0.181361)
(-0.113818 -0.147607 0.158989)
(-0.0594128 -0.211995 0.133988)
(0.0594128 -0.211995 0.133988)
(0.113818 -0.147607 0.158989)
(0.0975575 -0.0936864 0.181361)
(0.0655719 -0.0655719 0.194581)
(0.0230632 -0.0500885 0.203068)
(-0.0333147 -0.0700784 0.193654)
(-0.0936864 -0.0975575 0.181361)
(-0.152803 -0.152803 0.16436)
(-0.190022 -0.285502 0.126565)
(-0.121425 -0.533032 0.0944538)
(0.121424 -0.533032 0.0944539)
(0.190022 -0.285502 0.126565)
(0.152803 -0.152803 0.16436)
(0.0936864 -0.0975575 0.181361)
(0.0333147 -0.0700784 0.193654)
(-0.050148 -0.0728734 0.180728)
(-0.147607 -0.113818 0.158989)
(-0.285502 -0.190022 0.126565)
(-0.477318 -0.477318 -0.0703554)
(-0.266697 -0.79613 -0.680543)
(0.266696 -0.79613 -0.680543)
(0.477318 -0.47732 -0.0703555)
(0.285502 -0.190023 0.126565)
(0.147607 -0.113818 0.158989)
(0.050148 -0.0728735 0.180728)
(-0.0747062 -0.0349985 0.16747)
(-0.211995 -0.0594128 0.133988)
(-0.533032 -0.121424 0.0944538)
(-0.79613 -0.266697 -0.680543)
(-0.104286 -0.104286 -2.04005)
(0.104286 -0.104286 -2.04005)
(0.796131 -0.266698 -0.680546)
(0.533033 -0.121425 0.0944531)
(0.211995 -0.0594129 0.133988)
(0.0747063 -0.0349986 0.16747)
(-0.0747062 0.0349985 0.16747)
(-0.211995 0.0594128 0.133988)
(-0.533032 0.121424 0.0944539)
(-0.79613 0.266696 -0.680543)
(-0.104286 0.104286 -2.04005)
(0.104286 0.104286 -2.04005)
(0.796131 0.266698 -0.680546)
(0.533033 0.121425 0.0944531)
(0.211995 0.0594129 0.133988)
(0.0747063 0.0349986 0.16747)
(-0.050148 0.0728733 0.180728)
(-0.147607 0.113818 0.158989)
(-0.285502 0.190022 0.126565)
(-0.47732 0.477318 -0.0703554)
(-0.266698 0.796131 -0.680546)
(0.266698 0.796131 -0.680546)
(0.47732 0.47732 -0.0703555)
(0.285503 0.190023 0.126565)
(0.147607 0.113818 0.158989)
(0.0501481 0.0728734 0.180728)
(-0.0333147 0.0700784 0.193654)
(-0.0936864 0.0975575 0.181361)
(-0.152803 0.152803 0.16436)
(-0.190023 0.285502 0.126565)
(-0.121425 0.533033 0.0944531)
(0.121425 0.533033 0.0944531)
(0.190023 0.285503 0.126565)
(0.152803 0.152803 0.16436)
(0.0936864 0.0975575 0.181361)
(0.0333147 0.0700784 0.193654)
(-0.0230632 0.0500885 0.203068)
(-0.0655719 0.0655719 0.194581)
(-0.0975575 0.0936864 0.181361)
(-0.113818 0.147607 0.158989)
(-0.0594129 0.211995 0.133988)
(0.0594129 0.211995 0.133988)
(0.113818 0.147607 0.158989)
(0.0975575 0.0936864 0.181361)
(0.0655719 0.0655719 0.194581)
(0.0230632 0.0500885 0.203068)
(-0.0179087 0.0179087 0.208513)
(-0.0500885 0.0230632 0.203068)
(-0.0700784 0.0333147 0.193654)
(-0.0728734 0.050148 0.180728)
(-0.0349986 0.0747063 0.16747)
(0.0349986 0.0747063 0.16747)
(0.0728734 0.0501481 0.180728)
(0.0700784 0.0333148 0.193654)
(0.0500885 0.0230632 0.203068)
(0.0179087 0.0179087 0.208513)
(-0.0191949 -0.0191949 0.243927)
(-0.0533994 -0.0248282 0.239801)
(-0.0749313 -0.0357596 0.233012)
(-0.0782123 -0.0547773 0.224264)
(-0.0374743 -0.0811337 0.216325)
(0.0374743 -0.0811337 0.216325)
(0.0782123 -0.0547773 0.224264)
(0.0749313 -0.0357596 0.233012)
(0.0533994 -0.0248282 0.239801)
(0.0191949 -0.0191949 0.243927)
(-0.0248282 -0.0533994 0.239801)
(-0.0700591 -0.0700591 0.233247)
(-0.105369 -0.0989489 0.22525)
(-0.123482 -0.157438 0.212682)
(-0.0667041 -0.229442 0.205049)
(0.0667041 -0.229442 0.205049)
(0.123482 -0.157438 0.212682)
(0.105369 -0.0989489 0.22525)
(0.0700591 -0.0700591 0.233247)
(0.0248282 -0.0533994 0.239801)
(-0.0357596 -0.0749313 0.233012)
(-0.0989489 -0.105369 0.22525)
(-0.162708 -0.162708 0.219111)
(-0.204406 -0.324476 0.208192)
(-0.133379 -0.6053 0.153964)
(0.133379 -0.6053 0.153964)
(0.204405 -0.324476 0.208192)
(0.162708 -0.162708 0.219111)
(0.0989489 -0.105369 0.22525)
(0.0357596 -0.0749313 0.233012)
(-0.0547773 -0.0782123 0.224264)
(-0.157438 -0.123482 0.212682)
(-0.324476 -0.204406 0.208192)
(-0.525543 -0.525543 -0.0935442)
(-0.177304 -0.571684 -1.04143)
(0.177304 -0.571684 -1.04143)
(0.525543 -0.525546 -0.0935434)
(0.324476 -0.204406 0.208192)
(0.157438 -0.123483 0.212682)
(0.0547773 -0.0782124 0.224264)
(-0.0811337 -0.0374743 0.216325)
(-0.229442 -0.066704 0.205049)
(-0.6053 -0.133379 0.153964)
(-0.571684 -0.177304 -1.04143)
(-0.00678819 -0.00678821 -2.40542)
(0.00678827 -0.00678812 -2.40542)
(0.571687 -0.177305 -1.04143)
(0.605304 -0.13338 0.153964)
(0.229442 -0.0667042 0.20505)
(0.0811338 -0.0374744 0.216325)
(-0.0811337 0.0374743 0.216325)
(-0.229442 0.0667041 0.205049)
(-0.6053 0.133379 0.153964)
(-0.571684 0.177304 -1.04143)
(-0.00678811 0.00678827 -2.40542)
(0.00678817 0.00678815 -2.40542)
(0.571687 0.177306 -1.04143)
(0.605304 0.13338 0.153964)
(0.229442 0.0667042 0.20505)
(0.0811338 0.0374744 0.216325)
(-0.0547773 0.0782123 0.224264)
(-0.157438 0.123482 0.212682)
(-0.324476 0.204405 0.208192)
(-0.525546 0.525543 -0.0935434)
(-0.177305 0.571687 -1.04143)
(0.177306 0.571686 -1.04143)
(0.525547 0.525547 -0.0935425)
(0.324477 0.204406 0.208193)
(0.157438 0.123483 0.212682)
(0.0547773 0.0782123 0.224264)
(-0.0357596 0.0749313 0.233012)
(-0.0989489 0.105369 0.22525)
(-0.162708 0.162708 0.219111)
(-0.204406 0.324476 0.208192)
(-0.13338 0.605304 0.153964)
(0.13338 0.605304 0.153964)
(0.204406 0.324477 0.208193)
(0.162708 0.162708 0.219111)
(0.0989489 0.105369 0.22525)
(0.0357596 0.0749313 0.233012)
(-0.0248282 0.0533994 0.239801)
(-0.0700591 0.0700591 0.233247)
(-0.105369 0.0989489 0.22525)
(-0.123483 0.157438 0.212682)
(-0.0667042 0.229442 0.20505)
(0.0667042 0.229442 0.20505)
(0.123483 0.157438 0.212682)
(0.105369 0.0989489 0.22525)
(0.0700591 0.0700591 0.233247)
(0.0248282 0.0533994 0.239801)
(-0.0191949 0.0191949 0.243927)
(-0.0533994 0.0248282 0.239801)
(-0.0749313 0.0357596 0.233012)
(-0.0782124 0.0547773 0.224264)
(-0.0374744 0.0811338 0.216325)
(0.0374744 0.0811338 0.216325)
(0.0782124 0.0547774 0.224264)
(0.0749313 0.0357596 0.233012)
(0.0533994 0.0248282 0.239801)
(0.0191949 0.0191949 0.243927)
(-0.0201381 -0.0201381 0.28131)
(-0.0557079 -0.0260038 0.278563)
(-0.0779846 -0.0368592 0.273987)
(-0.0810253 -0.0568773 0.269794)
(-0.038749 -0.0806951 0.268075)
(0.038749 -0.0806951 0.268075)
(0.0810253 -0.0568773 0.269794)
(0.0779846 -0.0368592 0.273987)
(0.0557079 -0.0260038 0.278563)
(0.0201381 -0.0201381 0.28131)
(-0.0260038 -0.0557079 0.278563)
(-0.0725336 -0.0725336 0.274106)
(-0.109357 -0.100033 0.271289)
(-0.124883 -0.156422 0.270967)
(-0.0692705 -0.230667 0.279531)
(0.0692706 -0.230667 0.279531)
(0.124883 -0.156422 0.270967)
(0.109357 -0.100033 0.271289)
(0.0725336 -0.0725336 0.274106)
(0.0260038 -0.0557079 0.278563)
(-0.0368592 -0.0779846 0.273987)
(-0.100033 -0.109357 0.271289)
(-0.161492 -0.161492 0.276316)
(-0.202822 -0.329792 0.284803)
(-0.110358 -0.561203 0.12815)
(0.110358 -0.561203 0.12815)
(0.202822 -0.329792 0.284804)
(0.161492 -0.161492 0.276316)
(0.100033 -0.109357 0.271289)
(0.0368592 -0.0779846 0.273988)
(-0.0568773 -0.0810254 0.269794)
(-0.156422 -0.124883 0.270967)
(-0.329792 -0.202822 0.284803)
(-0.452726 -0.452726 -0.203594)
(-0.0554832 -0.264345 -1.37011)
(0.0554836 -0.264345 -1.37011)
(0.452727 -0.452724 -0.203593)
(0.329792 -0.202822 0.284803)
(0.156422 -0.124883 0.270967)
(0.0568773 -0.0810254 0.269794)
(-0.0806951 -0.038749 0.268075)
(-0.230667 -0.0692705 0.279531)
(-0.561203 -0.110358 0.12815)
(-0.264345 -0.0554832 -1.37011)
(0.01224 0.01224 -2.58201)
(-0.0122395 0.0122401 -2.58201)
(0.264348 -0.0554821 -1.37012)
(0.561203 -0.110358 0.12815)
(0.230667 -0.0692706 0.279532)
(0.0806951 -0.038749 0.268075)
(-0.0806951 0.038749 0.268075)
(-0.230666 0.0692706 0.279531)
(-0.561203 0.110358 0.12815)
(-0.264345 0.0554836 -1.37011)
(0.0122401 -0.0122395 -2.58201)
(-0.0122397 -0.0122397 -2.58201)
(0.264347 0.0554825 -1.37012)
(0.561203 0.110359 0.12815)
(0.230666 0.0692707 0.279532)
(0.0806951 0.038749 0.268075)
(-0.0568773 0.0810253 0.269794)
(-0.156422 0.124883 0.270967)
(-0.329792 0.202822 0.284804)
(-0.452724 0.452727 -0.203593)
(-0.0554821 0.264348 -1.37012)
(0.0554825 0.264347 -1.37012)
(0.452725 0.452725 -0.203592)
(0.329791 0.202822 0.284804)
(0.156422 0.124883 0.270967)
(0.0568773 0.0810253 0.269794)
(-0.0368592 0.0779846 0.273987)
(-0.100033 0.109357 0.271289)
(-0.161492 0.161492 0.276317)
(-0.202822 0.329792 0.284803)
(-0.110358 0.561203 0.12815)
(0.110359 0.561203 0.12815)
(0.202822 0.329791 0.284804)
(0.161492 0.161492 0.276317)
(0.100033 0.109357 0.27129)
(0.0368592 0.0779846 0.273988)
(-0.0260038 0.0557079 0.278563)
(-0.0725336 0.0725336 0.274106)
(-0.109357 0.100033 0.271289)
(-0.124883 0.156422 0.270967)
(-0.0692706 0.230667 0.279532)
(0.0692707 0.230666 0.279532)
(0.124883 0.156422 0.270967)
(0.109357 0.100033 0.27129)
(0.0725336 0.0725336 0.274106)
(0.0260038 0.0557079 0.278563)
(-0.0201381 0.0201381 0.28131)
(-0.0557079 0.0260038 0.278563)
(-0.0779846 0.0368592 0.273988)
(-0.0810253 0.0568773 0.269794)
(-0.038749 0.0806951 0.268075)
(0.038749 0.0806951 0.268075)
(0.0810253 0.0568773 0.269794)
(0.0779846 0.0368592 0.273988)
(0.0557079 0.0260038 0.278563)
(0.0201381 0.0201381 0.28131)
(-0.0207565 -0.0207565 0.319978)
(-0.0572569 -0.0266192 0.318373)
(-0.0795364 -0.0367295 0.314622)
(-0.0816409 -0.0563645 0.31391)
(-0.0390774 -0.0749066 0.316066)
(0.0390774 -0.0749066 0.316066)
(0.0816409 -0.0563644 0.313911)
(0.0795364 -0.0367295 0.314622)
(0.0572569 -0.0266192 0.318373)
(0.0207565 -0.0207565 0.319978)
(-0.0266192 -0.057257 0.318373)
(-0.0733297 -0.0733297 0.315578)
(-0.109682 -0.0975782 0.315528)
(-0.119787 -0.14703 0.323572)
(-0.0656514 -0.208371 0.336055)
(0.0656515 -0.208371 0.336055)
(0.119787 -0.147029 0.323572)
(0.109682 -0.0975782 0.315528)
(0.0733297 -0.0733297 0.315578)
(0.0266192 -0.0572569 0.318373)
(-0.0367295 -0.0795364 0.314622)
(-0.0975782 -0.109682 0.315528)
(-0.151569 -0.151569 0.324924)
(-0.176013 -0.298012 0.323971)
(-0.0691075 -0.438424 0.0429597)
(0.0691078 -0.438424 0.0429597)
(0.176013 -0.298011 0.323971)
(0.151569 -0.151569 0.324924)
(0.0975782 -0.109682 0.315528)
(0.0367295 -0.0795364 0.314622)
(-0.0563645 -0.081641 0.31391)
(-0.14703 -0.119787 0.323572)
(-0.298012 -0.176013 0.323971)
(-0.305226 -0.305227 -0.358612)
(0.0119877 -0.0498347 -1.59085)
(-0.0119875 -0.0498346 -1.59085)
(0.305227 -0.305222 -0.358611)
(0.298011 -0.176012 0.323971)
(0.147029 -0.119787 0.323572)
(0.0563644 -0.0816409 0.313911)
(-0.0749066 -0.0390774 0.316066)
(-0.208371 -0.0656514 0.336055)
(-0.438424 -0.0691076 0.0429597)
(-0.0498346 0.0119876 -1.59085)
(0.0115187 0.0115186 -2.64059)
(-0.0115184 0.0115187 -2.64059)
(0.0498337 0.0119895 -1.59085)
(0.438419 -0.0691068 0.0429611)
(0.20837 -0.0656511 0.336056)
(0.0749063 -0.0390773 0.316067)
(-0.0749066 0.0390774 0.316066)
(-0.208371 0.0656515 0.336055)
(-0.438424 0.0691078 0.0429597)
(-0.0498345 -0.0119875 -1.59085)
(0.0115187 -0.0115184 -2.64059)
(-0.0115184 -0.0115184 -2.64059)
(0.0498336 -0.0119894 -1.59085)
(0.438419 0.069107 0.0429611)
(0.20837 0.0656512 0.336056)
(0.0749064 0.0390773 0.316067)
(-0.0563644 0.0816409 0.313911)
(-0.147029 0.119787 0.323572)
(-0.298011 0.176013 0.323971)
(-0.305222 0.305227 -0.358611)
(0.0119895 0.0498337 -1.59085)
(-0.0119894 0.0498335 -1.59085)
(0.305222 0.305222 -0.358609)
(0.29801 0.176012 0.323972)
(0.147029 0.119787 0.323572)
(0.0563644 0.0816409 0.313911)
(-0.0367295 0.0795364 0.314622)
(-0.0975782 0.109682 0.315528)
(-0.151569 0.151569 0.324924)
(-0.176012 0.298011 0.323971)
(-0.0691068 0.438419 0.0429611)
(0.0691071 0.438419 0.0429611)
(0.176012 0.29801 0.323972)
(0.151568 0.151568 0.324924)
(0.0975781 0.109682 0.315528)
(0.0367294 0.0795364 0.314622)
(-0.0266192 0.0572569 0.318373)
(-0.0733297 0.0733297 0.315578)
(-0.109682 0.0975782 0.315528)
(-0.119787 0.147029 0.323572)
(-0.0656511 0.20837 0.336056)
(0.0656512 0.20837 0.336056)
(0.119787 0.147029 0.323572)
(0.109682 0.0975781 0.315528)
(0.0733297 0.0733297 0.315578)
(0.0266192 0.0572569 0.318373)
(-0.0207565 0.0207565 0.319978)
(-0.0572569 0.0266192 0.318373)
(-0.0795364 0.0367295 0.314622)
(-0.0816409 0.0563644 0.313911)
(-0.0390773 0.0749064 0.316067)
(0.0390773 0.0749064 0.316067)
(0.0816409 0.0563644 0.313911)
(0.0795364 0.0367295 0.314622)
(0.0572569 0.0266192 0.318373)
(0.0207565 0.0207565 0.319978)
(-0.0211406 -0.0211406 0.35945)
(-0.0585997 -0.0268676 0.35858)
(-0.080507 -0.036083 0.353593)
(-0.0817174 -0.0542825 0.354351)
(-0.03943 -0.0680774 0.353495)
(0.0394301 -0.0680774 0.353495)
(0.0817174 -0.0542824 0.354351)
(0.080507 -0.036083 0.353593)
(0.0585997 -0.0268676 0.35858)
(0.0211406 -0.0211406 0.35945)
(-0.0268676 -0.0585997 0.35858)
(-0.073614 -0.073614 0.356633)
(-0.108151 -0.0945201 0.35508)
(-0.113415 -0.136253 0.365451)
(-0.0598065 -0.175914 0.365192)
(0.0598066 -0.175914 0.365192)
(0.113415 -0.136252 0.365451)
(0.108151 -0.0945201 0.35508)
(0.073614 -0.0736139 0.356633)
(0.0268676 -0.0585997 0.35858)
(-0.036083 -0.080507 0.353593)
(-0.0945201 -0.108151 0.35508)
(-0.139882 -0.139882 0.35616)
(-0.13905 -0.252869 0.319167)
(-0.0330496 -0.315002 -0.0651637)
(0.0330498 -0.315002 -0.0651637)
(0.13905 -0.252869 0.319167)
(0.139882 -0.139882 0.35616)
(0.0945201 -0.108151 0.35508)
(0.036083 -0.080507 0.353593)
(-0.0542825 -0.0817174 0.354351)
(-0.136253 -0.113415 0.365451)
(-0.252869 -0.13905 0.319167)
(-0.175552 -0.175552 -0.511879)
(0.0333951 0.13377 -1.71894)
(-0.0333951 0.13377 -1.71894)
(0.175552 -0.17555 -0.511879)
(0.252869 -0.13905 0.319167)
(0.136253 -0.113415 0.365451)
(0.0542824 -0.0817173 0.354351)
(-0.0680774 -0.03943 0.353495)
(-0.175914 -0.0598065 0.365192)
(-0.315002 -0.0330496 -0.0651638)
(0.13377 0.0333951 -1.71894)
(0.00879339 0.00879338 -2.62154)
(-0.00879336 0.00879338 -2.62154)
(-0.13377 0.0333958 -1.71895)
(0.314999 -0.0330495 -0.0651639)
(0.175913 -0.0598063 0.365192)
(0.0680773 -0.0394299 0.353495)
(-0.0680774 0.0394301 0.353495)
(-0.175914 0.0598066 0.365192)
(-0.315002 0.0330498 -0.0651637)
(0.13377 -0.033395 -1.71894)
(0.00879338 -0.00879335 -2.62154)
(-0.00879335 -0.00879336 -2.62154)
(-0.13377 -0.0333958 -1.71895)
(0.314999 0.0330497 -0.0651638)
(0.175913 0.0598064 0.365192)
(0.0680773 0.03943 0.353495)
(-0.0542824 0.0817174 0.354351)
(-0.136252 0.113415 0.365451)
(-0.252869 0.13905 0.319167)
(-0.17555 0.175552 -0.511879)
(0.0333958 -0.13377 -1.71895)
(-0.0333958 -0.13377 -1.71895)
(0.175551 0.17555 -0.511879)
(0.252869 0.13905 0.319167)
(0.136252 0.113415 0.365451)
(0.0542824 0.0817173 0.354351)
(-0.036083 0.080507 0.353593)
(-0.0945201 0.108151 0.35508)
(-0.139882 0.139882 0.35616)
(-0.13905 0.252869 0.319167)
(-0.0330495 0.314999 -0.0651639)
(0.0330497 0.314999 -0.0651638)
(0.13905 0.252869 0.319167)
(0.139882 0.139882 0.35616)
(0.09452 0.108151 0.35508)
(0.036083 0.0805069 0.353593)
(-0.0268676 0.0585997 0.35858)
(-0.0736139 0.073614 0.356633)
(-0.108151 0.0945201 0.35508)
(-0.113415 0.136253 0.365451)
(-0.0598063 0.175913 0.365192)
(0.0598064 0.175913 0.365192)
(0.113415 0.136252 0.365451)
(0.108151 0.09452 0.35508)
(0.0736139 0.0736139 0.356633)
(0.0268676 0.0585996 0.35858)
(-0.0211406 0.0211406 0.35945)
(-0.0585997 0.0268676 0.35858)
(-0.080507 0.036083 0.353593)
(-0.0817173 0.0542824 0.354351)
(-0.0394299 0.0680773 0.353495)
(0.03943 0.0680773 0.353495)
(0.0817173 0.0542824 0.354351)
(0.0805069 0.036083 0.353593)
(0.0585997 0.0268676 0.35858)
(0.0211406 0.0211406 0.35945)
(-0.0213916 -0.0213916 0.39962)
(-0.0603943 -0.0269819 0.399189)
(-0.0820077 -0.0358033 0.39101)
(-0.0833602 -0.0524237 0.391606)
(-0.0411685 -0.0646815 0.380778)
(0.0411685 -0.0646815 0.380778)
(0.0833602 -0.0524237 0.391606)
(0.0820076 -0.0358033 0.39101)
(0.0603943 -0.0269819 0.399189)
(0.0213916 -0.0213916 0.39962)
(-0.0269819 -0.0603943 0.399189)
(-0.0748256 -0.0748256 0.397439)
(-0.107419 -0.0949812 0.390116)
(-0.111262 -0.132437 0.398219)
(-0.0573156 -0.160047 0.372105)
(0.0573156 -0.160047 0.372105)
(0.111262 -0.132437 0.398219)
(0.107419 -0.0949811 0.390116)
(0.0748256 -0.0748256 0.397439)
(0.0269819 -0.0603943 0.399189)
(-0.0358033 -0.0820077 0.39101)
(-0.0949811 -0.107419 0.390116)
(-0.134712 -0.134712 0.370496)
(-0.11917 -0.223137 0.287499)
(-0.0195894 -0.248619 -0.189192)
(0.0195895 -0.248619 -0.189192)
(0.11917 -0.223137 0.287499)
(0.134712 -0.134712 0.370496)
(0.0949811 -0.107419 0.390116)
(0.0358033 -0.0820076 0.39101)
(-0.0524237 -0.0833603 0.391606)
(-0.132437 -0.111262 0.398219)
(-0.223137 -0.11917 0.287499)
(-0.100883 -0.100883 -0.647923)
(0.0208072 0.272419 -1.81057)
(-0.0208072 0.272419 -1.81057)
(0.100883 -0.100882 -0.647922)
(0.223137 -0.11917 0.287499)
(0.132437 -0.111262 0.398219)
(0.0524237 -0.0833602 0.391606)
(-0.0646815 -0.0411685 0.380778)
(-0.160047 -0.0573156 0.372105)
(-0.248619 -0.0195895 -0.189192)
(0.272419 0.0208072 -1.81057)
(0.00916256 0.00916255 -2.51704)
(-0.00916255 0.00916256 -2.51704)
(-0.272419 0.0208074 -1.81057)
(0.248618 -0.0195895 -0.189192)
(0.160047 -0.0573154 0.372104)
(0.0646814 -0.0411684 0.380778)
(-0.0646815 0.0411685 0.380778)
(-0.160047 0.0573156 0.372105)
(-0.248619 0.0195896 -0.189192)
(0.272419 -0.0208072 -1.81057)
(0.00916255 -0.00916255 -2.51704)
(-0.00916254 -0.00916255 -2.51704)
(-0.272419 -0.0208074 -1.81057)
(0.248618 0.0195896 -0.189192)
(0.160047 0.0573155 0.372104)
(0.0646814 0.0411685 0.380778)
(-0.0524237 0.0833603 0.391606)
(-0.132437 0.111262 0.398219)
(-0.223137 0.11917 0.287499)
(-0.100882 0.100883 -0.647922)
(0.0208074 -0.272419 -1.81057)
(-0.0208074 -0.272419 -1.81057)
(0.100882 0.100882 -0.647922)
(0.223137 0.11917 0.287499)
(0.132437 0.111262 0.398219)
(0.0524237 0.0833602 0.391606)
(-0.0358033 0.0820076 0.39101)
(-0.0949811 0.107419 0.390116)
(-0.134712 0.134712 0.370496)
(-0.11917 0.223137 0.287499)
(-0.0195895 0.248618 -0.189192)
(0.0195896 0.248618 -0.189192)
(0.11917 0.223137 0.287499)
(0.134712 0.134712 0.370496)
(0.0949811 0.107419 0.390116)
(0.0358033 0.0820076 0.39101)
(-0.0269819 0.0603943 0.399189)
(-0.0748256 0.0748256 0.397439)
(-0.107419 0.0949811 0.390116)
(-0.111262 0.132437 0.398219)
(-0.0573154 0.160047 0.372104)
(0.0573155 0.160047 0.372104)
(0.111262 0.132437 0.398219)
(0.107419 0.0949811 0.390116)
(0.0748256 0.0748256 0.397439)
(0.0269819 0.0603943 0.399189)
(-0.0213916 0.0213916 0.39962)
(-0.0603943 0.0269819 0.399189)
(-0.0820076 0.0358033 0.39101)
(-0.0833602 0.0524237 0.391606)
(-0.0411684 0.0646814 0.380778)
(0.0411685 0.0646814 0.380778)
(0.0833602 0.0524237 0.391606)
(0.0820076 0.0358033 0.39101)
(0.0603943 0.0269819 0.399189)
(0.0213916 0.0213916 0.39962)
(-0.0215485 -0.0215485 0.440733)
(-0.0631023 -0.0270621 0.440841)
(-0.0847499 -0.036436 0.428573)
(-0.0882831 -0.0517728 0.42885)
(-0.0457273 -0.0659874 0.403392)
(0.0457273 -0.0659874 0.403392)
(0.0882831 -0.0517728 0.42885)
(0.0847499 -0.036436 0.428573)
(0.0631023 -0.0270621 0.44084)
(0.0215485 -0.0215485 0.440733)
(-0.0270621 -0.0631024 0.440841)
(-0.0779392 -0.0779392 0.439304)
(-0.109103 -0.102425 0.424362)
(-0.116196 -0.141495 0.429888)
(-0.0611696 -0.181735 0.374396)
(0.0611696 -0.181735 0.374396)
(0.116196 -0.141495 0.429888)
(0.109103 -0.102425 0.424362)
(0.0779392 -0.0779392 0.439304)
(0.0270621 -0.0631023 0.44084)
(-0.036436 -0.0847499 0.428573)
(-0.102425 -0.109103 0.424362)
(-0.142219 -0.142219 0.37537)
(-0.137874 -0.219967 0.24722)
(-0.0468566 -0.242995 -0.349914)
(0.0468566 -0.242995 -0.349914)
(0.137874 -0.219967 0.24722)
(0.142219 -0.142219 0.37537)
(0.102425 -0.109103 0.424362)
(0.036436 -0.0847499 0.428573)
(-0.0517728 -0.0882831 0.42885)
(-0.141495 -0.116196 0.429888)
(-0.219967 -0.137874 0.24722)
(-0.076113 -0.0761132 -0.759398)
(-0.00700623 0.292677 -1.89029)
(0.00700622 0.292677 -1.89029)
(0.0761131 -0.0761128 -0.759398)
(0.219967 -0.137874 0.24722)
(0.141495 -0.116196 0.429888)
(0.0517728 -0.088283 0.42885)
(-0.0659874 -0.0457273 0.403392)
(-0.181735 -0.0611696 0.374396)
(-0.242995 -0.0468566 -0.349914)
(0.292677 -0.00700622 -1.89029)
(0.00852317 0.00852317 -2.31888)
(-0.00852317 0.00852317 -2.31888)
(-0.292677 -0.00700618 -1.89029)
(0.242995 -0.0468566 -0.349914)
(0.181735 -0.0611695 0.374396)
(0.0659873 -0.0457272 0.403391)
(-0.0659874 0.0457273 0.403392)
(-0.181735 0.0611696 0.374396)
(-0.242995 0.0468567 -0.349914)
(0.292677 0.00700619 -1.89029)
(0.00852316 -0.00852316 -2.31888)
(-0.00852316 -0.00852316 -2.31888)
(-0.292677 0.00700615 -1.89029)
(0.242995 0.0468567 -0.349914)
(0.181735 0.0611695 0.374396)
(0.0659873 0.0457273 0.403391)
(-0.0517728 0.0882831 0.42885)
(-0.141495 0.116196 0.429888)
(-0.219967 0.137874 0.24722)
(-0.0761127 0.0761131 -0.759398)
(-0.00700615 -0.292677 -1.89029)
(0.00700613 -0.292677 -1.89029)
(0.0761128 0.0761127 -0.759398)
(0.219967 0.137874 0.24722)
(0.141495 0.116196 0.429888)
(0.0517728 0.088283 0.42885)
(-0.036436 0.0847499 0.428573)
(-0.102425 0.109103 0.424362)
(-0.142219 0.142219 0.37537)
(-0.137874 0.219967 0.24722)
(-0.0468567 0.242995 -0.349914)
(0.0468567 0.242995 -0.349914)
(0.137874 0.219967 0.24722)
(0.142219 0.142219 0.37537)
(0.102425 0.109103 0.424362)
(0.036436 0.0847499 0.428573)
(-0.0270621 0.0631023 0.440841)
(-0.0779392 0.0779392 0.439304)
(-0.109103 0.102425 0.424362)
(-0.116196 0.141495 0.429888)
(-0.0611695 0.181735 0.374396)
(0.0611695 0.181735 0.374396)
(0.116196 0.141495 0.429888)
(0.109103 0.102425 0.424362)
(0.0779392 0.0779392 0.439304)
(0.0270621 0.0631023 0.44084)
(-0.0215485 0.0215485 0.440733)
(-0.0631023 0.0270621 0.440841)
(-0.0847499 0.036436 0.428573)
(-0.088283 0.0517728 0.42885)
(-0.0457272 0.0659873 0.403391)
(0.0457273 0.0659873 0.403391)
(0.088283 0.0517728 0.42885)
(0.0847499 0.036436 0.428573)
(0.0631023 0.0270621 0.44084)
(0.0215485 0.0215485 0.440733)
(-0.0215265 -0.0215265 0.483212)
(-0.0666839 -0.026981 0.484457)
(-0.088598 -0.0378838 0.469036)
(-0.0968856 -0.0518436 0.470672)
(-0.0538171 -0.070416 0.431107)
(0.0538171 -0.070416 0.431107)
(0.0968856 -0.0518436 0.470672)
(0.088598 -0.0378839 0.469036)
(0.0666839 -0.026981 0.484457)
(0.0215265 -0.0215265 0.483212)
(-0.026981 -0.066684 0.484457)
(-0.0829282 -0.0829282 0.483942)
(-0.112992 -0.117408 0.462583)
(-0.127773 -0.163991 0.469491)
(-0.0734152 -0.250458 0.384636)
(0.0734152 -0.250458 0.384636)
(0.127773 -0.163991 0.469491)
(0.112992 -0.117408 0.462583)
(0.0829282 -0.0829282 0.483942)
(0.026981 -0.0666839 0.484457)
(-0.0378838 -0.088598 0.469036)
(-0.117408 -0.112992 0.462583)
(-0.162847 -0.162847 0.389531)
(-0.202827 -0.232645 0.214709)
(-0.129247 -0.254582 -0.53206)
(0.129247 -0.254582 -0.53206)
(0.202827 -0.232645 0.214709)
(0.162847 -0.162847 0.389531)
(0.117408 -0.112992 0.462583)
(0.0378838 -0.088598 0.469036)
(-0.0518436 -0.0968856 0.470672)
(-0.163991 -0.127773 0.469491)
(-0.232645 -0.202827 0.214709)
(-0.0700024 -0.0700025 -0.864786)
(-0.0110192 0.143823 -1.98624)
(0.0110192 0.143823 -1.98624)
(0.0700024 -0.0700024 -0.864786)
(0.232645 -0.202827 0.214709)
(0.163991 -0.127773 0.469491)
(0.0518436 -0.0968856 0.470672)
(-0.0704159 -0.0538171 0.431107)
(-0.250458 -0.0734152 0.384636)
(-0.254582 -0.129247 -0.53206)
(0.143823 -0.0110192 -1.98624)
(0.00696975 0.00696975 -2.20404)
(-0.00696975 0.00696975 -2.20404)
(-0.143823 -0.0110192 -1.98624)
(0.254582 -0.129247 -0.53206)
(0.250458 -0.0734152 0.384636)
(0.0704159 -0.053817 0.431107)
(-0.070416 0.0538171 0.431107)
(-0.250458 0.0734153 0.384636)
(-0.254582 0.129247 -0.53206)
(0.143823 0.0110191 -1.98624)
(0.00696975 -0.00696975 -2.20404)
(-0.00696975 -0.00696975 -2.20404)
(-0.143823 0.0110191 -1.98624)
(0.254582 0.129247 -0.53206)
(0.250458 0.0734152 0.384636)
(0.0704159 0.0538171 0.431107)
(-0.0518436 0.0968856 0.470672)
(-0.163991 0.127773 0.469491)
(-0.232645 0.202827 0.214709)
(-0.0700024 0.0700025 -0.864786)
(-0.0110191 -0.143823 -1.98624)
(0.0110191 -0.143823 -1.98624)
(0.0700024 0.0700024 -0.864786)
(0.232645 0.202827 0.214709)
(0.163991 0.127773 0.469491)
(0.0518436 0.0968856 0.470672)
(-0.0378839 0.088598 0.469036)
(-0.117408 0.112992 0.462583)
(-0.162847 0.162847 0.389531)
(-0.202827 0.232645 0.214709)
(-0.129247 0.254582 -0.53206)
(0.129247 0.254582 -0.53206)
(0.202827 0.232645 0.214709)
(0.162847 0.162847 0.389531)
(0.117408 0.112992 0.462583)
(0.0378839 0.088598 0.469036)
(-0.026981 0.0666839 0.484457)
(-0.0829282 0.0829282 0.483942)
(-0.112992 0.117408 0.462583)
(-0.127773 0.163991 0.469491)
(-0.0734152 0.250458 0.384636)
(0.0734152 0.250458 0.384636)
(0.127773 0.163991 0.469491)
(0.112992 0.117408 0.462583)
(0.0829282 0.0829282 0.483942)
(0.026981 0.0666839 0.484457)
(-0.0215265 0.0215265 0.483212)
(-0.0666839 0.026981 0.484457)
(-0.088598 0.0378838 0.469036)
(-0.0968856 0.0518436 0.470672)
(-0.053817 0.0704159 0.431107)
(0.0538171 0.0704159 0.431107)
(0.0968856 0.0518436 0.470672)
(0.088598 0.0378839 0.469036)
(0.0666839 0.026981 0.484457)
(0.0215265 0.0215265 0.483212)
(-0.0211195 -0.0211195 0.527259)
(-0.0704642 -0.0264122 0.530616)
(-0.0924174 -0.0395439 0.514943)
(-0.107525 -0.051528 0.520879)
(-0.0644756 -0.0771375 0.474133)
(0.0644756 -0.0771375 0.474133)
(0.107525 -0.051528 0.520879)
(0.0924174 -0.0395439 0.514943)
(0.0704642 -0.0264122 0.530616)
(0.0211195 -0.0211195 0.527259)
(-0.0264122 -0.0704642 0.530616)
(-0.0887347 -0.0887347 0.532431)
(-0.117287 -0.136085 0.508766)
(-0.144285 -0.191913 0.520314)
(-0.094505 -0.336729 0.388867)
(0.094505 -0.336729 0.388867)
(0.144285 -0.191913 0.520314)
(0.117287 -0.136085 0.508766)
(0.0887347 -0.0887347 0.532431)
(0.0264122 -0.0704642 0.530616)
(-0.0395439 -0.0924174 0.514943)
(-0.136085 -0.117287 0.508766)
(-0.191252 -0.191252 0.430119)
(-0.28273 -0.238519 0.187888)
(-0.190123 -0.198674 -0.784187)
(0.190123 -0.198674 -0.784187)
(0.28273 -0.238519 0.187888)
(0.191252 -0.191252 0.430119)
(0.136085 -0.117287 0.508766)
(0.0395439 -0.0924174 0.514943)
(-0.051528 -0.107525 0.520879)
(-0.191913 -0.144285 0.520314)
(-0.238519 -0.28273 0.187888)
(-0.0452349 -0.0452348 -0.971531)
(-0.00693588 0.0291433 -2.05701)
(0.00693585 0.0291433 -2.05701)
(0.0452348 -0.0452349 -0.971531)
(0.238519 -0.28273 0.187888)
(0.191913 -0.144285 0.520314)
(0.051528 -0.107525 0.520879)
(-0.0771375 -0.0644756 0.474133)
(-0.336729 -0.0945051 0.388867)
(-0.198674 -0.190123 -0.784187)
(0.0291433 -0.00693588 -2.05701)
(0.00437086 0.00437087 -2.17352)
(-0.00437086 0.00437086 -2.17352)
(-0.0291433 -0.00693589 -2.05701)
(0.198674 -0.190123 -0.784187)
(0.336729 -0.094505 0.388867)
(0.0771375 -0.0644756 0.474133)
(-0.0771375 0.0644757 0.474133)
(-0.336729 0.094505 0.388867)
(-0.198674 0.190123 -0.784187)
(0.0291433 0.00693582 -2.05701)
(0.00437086 -0.00437087 -2.17352)
(-0.00437087 -0.00437087 -2.17352)
(-0.0291433 0.00693583 -2.05701)
(0.198674 0.190123 -0.784187)
(0.336729 0.094505 0.388867)
(0.0771375 0.0644756 0.474133)
(-0.051528 0.107525 0.520879)
(-0.191913 0.144285 0.520314)
(-0.238519 0.28273 0.187888)
(-0.0452349 0.0452349 -0.971531)
(-0.00693586 -0.0291433 -2.05701)
(0.00693583 -0.0291433 -2.05701)
(0.0452348 0.045235 -0.971531)
(0.238519 0.28273 0.187888)
(0.191913 0.144285 0.520314)
(0.051528 0.107525 0.520879)
(-0.0395439 0.0924174 0.514943)
(-0.136085 0.117287 0.508766)
(-0.191252 0.191252 0.430119)
(-0.28273 0.238519 0.187888)
(-0.190123 0.198674 -0.784187)
(0.190123 0.198674 -0.784187)
(0.28273 0.238519 0.187888)
(0.191252 0.191252 0.430119)
(0.136085 0.117287 0.508766)
(0.0395439 0.0924174 0.514943)
(-0.0264122 0.0704642 0.530616)
(-0.0887347 0.0887347 0.532431)
(-0.117287 0.136085 0.508766)
(-0.144285 0.191913 0.520314)
(-0.094505 0.336729 0.388867)
(0.094505 0.336729 0.388867)
(0.144285 0.191913 0.520314)
(0.117287 0.136085 0.508766)
(0.0887347 0.0887347 0.532431)
(0.0264122 0.0704642 0.530616)
(-0.0211195 0.0211195 0.527259)
(-0.0704642 0.0264122 0.530616)
(-0.0924174 0.0395439 0.514943)
(-0.107525 0.051528 0.520879)
(-0.0644756 0.0771375 0.474133)
(0.0644756 0.0771375 0.474133)
(0.107525 0.051528 0.520879)
(0.0924174 0.0395439 0.514943)
(0.0704642 0.0264122 0.530616)
(0.0211195 0.0211195 0.527259)
(-0.0200498 -0.0200498 0.572546)
(-0.0732414 -0.0249592 0.579118)
(-0.0945308 -0.0406827 0.567289)
(-0.11731 -0.0501346 0.580488)
(-0.0762954 -0.0906926 0.534381)
(0.0762954 -0.0906926 0.534381)
(0.11731 -0.0501346 0.580488)
(0.0945308 -0.0406827 0.567289)
(0.0732414 -0.0249592 0.579118)
(0.0200498 -0.0200498 0.572546)
(-0.0249592 -0.0732414 0.579118)
(-0.0937534 -0.0937534 0.58472)
(-0.120212 -0.15225 0.564464)
(-0.166271 -0.217022 0.580058)
(-0.122223 -0.389268 0.355952)
(0.122223 -0.389268 0.355952)
(0.166271 -0.217022 0.580058)
(0.120212 -0.15225 0.564464)
(0.0937534 -0.0937534 0.58472)
(0.0249592 -0.0732414 0.579118)
(-0.0406827 -0.0945308 0.567289)
(-0.15225 -0.120212 0.564464)
(-0.217608 -0.217608 0.50053)
(-0.332222 -0.225272 0.144278)
(-0.181816 -0.117992 -1.02264)
(0.181816 -0.117992 -1.02264)
(0.332222 -0.225272 0.144278)
(0.217608 -0.217608 0.50053)
(0.15225 -0.120212 0.564464)
(0.0406827 -0.0945308 0.567289)
(-0.0501346 -0.11731 0.580488)
(-0.217022 -0.166271 0.580058)
(-0.225272 -0.332222 0.144278)
(-0.0264453 -0.0264452 -1.06743)
(-0.00745745 -0.000776999 -2.10009)
(0.00745743 -0.000777006 -2.10009)
(0.0264453 -0.0264455 -1.06743)
(0.225272 -0.332222 0.144278)
(0.217022 -0.166271 0.580058)
(0.0501346 -0.11731 0.580488)
(-0.0906926 -0.0762954 0.534381)
(-0.389268 -0.122223 0.355952)
(-0.117992 -0.181816 -1.02264)
(-0.000777012 -0.00745746 -2.10009)
(0.00161688 0.00161688 -2.17546)
(-0.00161688 0.00161688 -2.17546)
(0.000776999 -0.00745748 -2.10009)
(0.117992 -0.181816 -1.02264)
(0.389268 -0.122223 0.355952)
(0.0906926 -0.0762954 0.534381)
(-0.0906926 0.0762954 0.534381)
(-0.389268 0.122223 0.355952)
(-0.117992 0.181816 -1.02264)
(-0.000777009 0.00745741 -2.10009)
(0.00161688 -0.00161688 -2.17546)
(-0.00161688 -0.00161688 -2.17546)
(0.000776996 0.00745744 -2.10009)
(0.117992 0.181816 -1.02264)
(0.389268 0.122223 0.355952)
(0.0906926 0.0762954 0.534381)
(-0.0501346 0.11731 0.580488)
(-0.217022 0.166271 0.580058)
(-0.225272 0.332222 0.144278)
(-0.0264455 0.0264453 -1.06743)
(-0.00745747 0.000776994 -2.10009)
(0.00745744 0.000776999 -2.10009)
(0.0264454 0.0264455 -1.06743)
(0.225272 0.332222 0.144278)
(0.217022 0.166271 0.580058)
(0.0501346 0.11731 0.580488)
(-0.0406827 0.0945308 0.567289)
(-0.15225 0.120212 0.564464)
(-0.217608 0.217608 0.50053)
(-0.332222 0.225272 0.144278)
(-0.181816 0.117992 -1.02264)
(0.181816 0.117992 -1.02264)
(0.332222 0.225272 0.144277)
(0.217608 0.217608 0.50053)
(0.15225 0.120212 0.564464)
(0.0406828 0.0945308 0.567289)
(-0.0249592 0.0732414 0.579118)
(-0.0937534 0.0937534 0.58472)
(-0.120212 0.15225 0.564464)
(-0.166271 0.217022 0.580058)
(-0.122223 0.389268 0.355952)
(0.122223 0.389268 0.355952)
(0.166271 0.217022 0.580058)
(0.120212 0.15225 0.564464)
(0.0937534 0.0937534 0.58472)
(0.0249592 0.0732414 0.579118)
(-0.0200498 0.0200498 0.572546)
(-0.0732414 0.0249592 0.579118)
(-0.0945308 0.0406827 0.567289)
(-0.11731 0.0501346 0.580488)
(-0.0762954 0.0906926 0.534381)
(0.0762954 0.0906926 0.534381)
(0.11731 0.0501346 0.580488)
(0.0945308 0.0406827 0.567289)
(0.0732414 0.0249592 0.579118)
(0.0200498 0.0200498 0.572546)
(-0.0180241 -0.0180241 0.617896)
(-0.0736514 -0.022234 0.628721)
(-0.0932842 -0.040601 0.624932)
(-0.124538 -0.0475612 0.648336)
(-0.088714 -0.115119 0.605884)
(0.088714 -0.115119 0.605884)
(0.124538 -0.0475612 0.648336)
(0.0932842 -0.040601 0.624932)
(0.0736514 -0.022234 0.628721)
(0.0180241 -0.0180241 0.617896)
(-0.022234 -0.0736514 0.628721)
(-0.0962886 -0.0962886 0.639855)
(-0.120077 -0.161402 0.628856)
(-0.193627 -0.234694 0.644379)
(-0.154954 -0.40511 0.275661)
(0.154954 -0.40511 0.275661)
(0.193627 -0.234694 0.644379)
(0.120077 -0.161402 0.628856)
(0.0962886 -0.0962886 0.639855)
(0.022234 -0.0736514 0.628721)
(-0.040601 -0.0932842 0.624932)
(-0.161402 -0.120077 0.628856)
(-0.234401 -0.234401 0.584539)
(-0.35238 -0.195096 0.0767264)
(-0.155877 -0.0575798 -1.24531)
(0.155877 -0.0575798 -1.24531)
(0.35238 -0.195096 0.0767263)
(0.234401 -0.234401 0.584539)
(0.161402 -0.120077 0.628856)
(0.040601 -0.0932842 0.624932)
(-0.0475612 -0.124538 0.648336)
(-0.234694 -0.193627 0.644379)
(-0.195096 -0.35238 0.0767262)
(-0.0251154 -0.0251154 -1.15795)
(-0.0144806 0.00451561 -2.1284)
(0.0144806 0.00451561 -2.1284)
(0.0251154 -0.0251158 -1.15795)
(0.195096 -0.35238 0.0767262)
(0.234694 -0.193627 0.644379)
(0.0475612 -0.124538 0.648336)
(-0.115119 -0.088714 0.605884)
(-0.40511 -0.154954 0.275661)
(-0.0575797 -0.155877 -1.24531)
(0.0045156 -0.0144806 -2.1284)
(-0.00404758 -0.00404758 -2.17318)
(0.00404757 -0.00404758 -2.17318)
(-0.00451561 -0.0144807 -2.1284)
(0.0575801 -0.155877 -1.24532)
(0.40511 -0.154954 0.275661)
(0.115119 -0.088714 0.605884)
(-0.115119 0.088714 0.605884)
(-0.40511 0.154954 0.275661)
(-0.0575798 0.155877 -1.24531)
(0.0045156 0.0144806 -2.1284)
(-0.00404758 0.00404757 -2.17318)
(0.00404757 0.00404757 -2.17318)
(-0.00451562 0.0144807 -2.1284)
(0.0575802 0.155877 -1.24531)
(0.40511 0.154954 0.275661)
(0.115119 0.088714 0.605884)
(-0.0475612 0.124538 0.648336)
(-0.234694 0.193627 0.644379)
(-0.195096 0.35238 0.0767263)
(-0.0251158 0.0251154 -1.15795)
(-0.0144807 -0.00451562 -2.1284)
(0.0144807 -0.00451562 -2.1284)
(0.0251158 0.0251159 -1.15795)
(0.195096 0.35238 0.0767263)
(0.234694 0.193627 0.644379)
(0.0475612 0.124538 0.648336)
(-0.040601 0.0932842 0.624932)
(-0.161402 0.120077 0.628856)
(-0.234401 0.234401 0.584539)
(-0.35238 0.195096 0.0767263)
(-0.155877 0.0575802 -1.24532)
(0.155877 0.0575802 -1.24532)
(0.35238 0.195096 0.0767262)
(0.234401 0.234401 0.584539)
(0.161402 0.120077 0.628856)
(0.040601 0.0932842 0.624932)
(-0.022234 0.0736514 0.628721)
(-0.0962886 0.0962886 0.639855)
(-0.120077 0.161402 0.628856)
(-0.193627 0.234694 0.644379)
(-0.154954 0.40511 0.275661)
(0.154954 0.40511 0.275661)
(0.193627 0.234694 0.644379)
(0.120077 0.161402 0.628856)
(0.0962886 0.0962886 0.639855)
(0.022234 0.0736514 0.628721)
(-0.0180241 0.0180241 0.617896)
(-0.0736514 0.022234 0.628721)
(-0.0932842 0.040601 0.624932)
(-0.124538 0.0475612 0.648336)
(-0.088714 0.115119 0.605884)
(0.088714 0.115119 0.605884)
(0.124538 0.0475612 0.648336)
(0.0932842 0.040601 0.624932)
(0.0736514 0.022234 0.628721)
(0.0180241 0.0180241 0.617896)
(-0.0147684 -0.0147684 0.661369)
(-0.070463 -0.0177557 0.677396)
(-0.0870078 -0.0386222 0.685564)
(-0.128668 -0.0421373 0.722896)
(-0.101528 -0.151309 0.685434)
(0.101528 -0.151309 0.685434)
(0.128668 -0.0421373 0.722896)
(0.0870078 -0.0386223 0.685564)
(0.070463 -0.0177557 0.677396)
(0.0147684 -0.0147684 0.661369)
(-0.0177557 -0.070463 0.677396)
(-0.0946412 -0.0946412 0.696216)
(-0.113811 -0.160636 0.700705)
(-0.228973 -0.238527 0.710988)
(-0.192943 -0.406102 0.153173)
(0.192943 -0.406102 0.153173)
(0.228973 -0.238527 0.710988)
(0.11381 -0.160636 0.700704)
(0.0946412 -0.0946412 0.696216)
(0.0177557 -0.070463 0.677396)
(-0.0386222 -0.0870078 0.685564)
(-0.160636 -0.11381 0.700705)
(-0.235013 -0.235013 0.67329)
(-0.367884 -0.130968 -0.00175285)
(-0.137454 -0.0276226 -1.48912)
(0.137454 -0.0276226 -1.48912)
(0.367884 -0.130968 -0.00175284)
(0.235013 -0.235013 0.67329)
(0.160636 -0.113811 0.700704)
(0.0386222 -0.0870078 0.685564)
(-0.0421373 -0.128668 0.722896)
(-0.238527 -0.228973 0.710988)
(-0.130968 -0.367884 -0.00175302)
(-0.0231078 -0.0231077 -1.22838)
(-0.0267984 -0.0251357 -2.1483)
(0.0267984 -0.0251357 -2.1483)
(0.0231078 -0.0231083 -1.22838)
(0.130968 -0.367884 -0.00175315)
(0.238527 -0.228973 0.710988)
(0.0421374 -0.128668 0.722896)
(-0.151309 -0.101528 0.685434)
(-0.406102 -0.192943 0.153172)
(-0.0276226 -0.137454 -1.48912)
(-0.0251357 -0.0267984 -2.1483)
(-0.0164093 -0.0164093 -2.17433)
(0.0164093 -0.0164093 -2.17433)
(0.0251357 -0.0267985 -2.1483)
(0.0276229 -0.137454 -1.48912)
(0.406102 -0.192943 0.153172)
(0.151309 -0.101528 0.685434)
(-0.151309 0.101528 0.685434)
(-0.406102 0.192943 0.153172)
(-0.0276226 0.137454 -1.48912)
(-0.0251357 0.0267984 -2.1483)
(-0.0164093 0.0164093 -2.17433)
(0.0164093 0.0164093 -2.17433)
(0.0251357 0.0267985 -2.1483)
(0.0276229 0.137454 -1.48912)
(0.406102 0.192943 0.153173)
(0.151309 0.101528 0.685434)
(-0.0421374 0.128668 0.722896)
(-0.238527 0.228973 0.710988)
(-0.130968 0.367884 -0.00175285)
(-0.0231083 0.0231078 -1.22838)
(-0.0267985 0.0251357 -2.1483)
(0.0267985 0.0251357 -2.1483)
(0.0231083 0.0231084 -1.22838)
(0.130968 0.367884 -0.00175297)
(0.238527 0.228973 0.710988)
(0.0421374 0.128668 0.722896)
(-0.0386223 0.0870078 0.685564)
(-0.160636 0.11381 0.700704)
(-0.235013 0.235013 0.67329)
(-0.367884 0.130968 -0.00175307)
(-0.137454 0.0276229 -1.48912)
(0.137454 0.0276229 -1.48912)
(0.367884 0.130968 -0.00175304)
(0.235013 0.235013 0.67329)
(0.160636 0.113811 0.700704)
(0.0386223 0.0870078 0.685564)
(-0.0177557 0.070463 0.677396)
(-0.0946412 0.0946412 0.696216)
(-0.113811 0.160636 0.700705)
(-0.228973 0.238527 0.710988)
(-0.192943 0.406102 0.153173)
(0.192943 0.406102 0.153173)
(0.228973 0.238527 0.710988)
(0.113811 0.160636 0.700704)
(0.0946412 0.0946412 0.696216)
(0.0177557 0.070463 0.677396)
(-0.0147684 0.0147684 0.661369)
(-0.070463 0.0177557 0.677396)
(-0.0870078 0.0386222 0.685564)
(-0.128668 0.0421374 0.722896)
(-0.101528 0.151309 0.685434)
(0.101528 0.151309 0.685434)
(0.128668 0.0421374 0.722896)
(0.0870078 0.0386223 0.685564)
(0.070463 0.0177557 0.677396)
(0.0147684 0.0147684 0.661369)
(-0.0100172 -0.0100172 0.700222)
(-0.0625533 -0.0110011 0.722118)
(-0.0738889 -0.0332065 0.74571)
(-0.12767 -0.0309533 0.799716)
(-0.113681 -0.196082 0.771116)
(0.113681 -0.196082 0.771116)
(0.12767 -0.0309533 0.799716)
(0.0738889 -0.0332065 0.74571)
(0.0625533 -0.0110011 0.722118)
(0.0100172 -0.0100173 0.700222)
(-0.0110011 -0.0625533 0.722118)
(-0.0863973 -0.0863973 0.750535)
(-0.0967922 -0.144631 0.777884)
(-0.267415 -0.214149 0.775072)
(-0.23083 -0.371678 -0.00967416)
(0.23083 -0.371678 -0.00967416)
(0.267415 -0.214149 0.775072)
(0.0967922 -0.144631 0.777884)
(0.0863973 -0.0863973 0.750535)
(0.0110011 -0.0625533 0.722118)
(-0.0332065 -0.0738889 0.74571)
(-0.144631 -0.0967922 0.777884)
(-0.205227 -0.205227 0.767739)
(-0.362626 -0.0102377 -0.0827804)
(-0.101962 -0.0570756 -1.72121)
(0.101962 -0.0570757 -1.72121)
(0.362626 -0.0102372 -0.0827803)
(0.205227 -0.205227 0.767738)
(0.144631 -0.0967922 0.777884)
(0.0332065 -0.073889 0.74571)
(-0.0309533 -0.12767 0.799716)
(-0.214149 -0.267415 0.775072)
(-0.0102377 -0.362626 -0.0827805)
(0.000819874 0.000819946 -1.25463)
(-0.0340139 -0.155351 -2.16338)
(0.0340139 -0.155351 -2.16338)
(-0.00081995 0.000820194 -1.25463)
(0.0102372 -0.362626 -0.0827806)
(0.214149 -0.267415 0.775072)
(0.0309533 -0.12767 0.799715)
(-0.196083 -0.113681 0.771116)
(-0.371678 -0.23083 -0.00967427)
(-0.0570757 -0.101962 -1.72121)
(-0.155351 -0.0340139 -2.16338)
(-0.0256872 -0.0256872 -2.21486)
(0.0256872 -0.0256872 -2.21486)
(0.155351 -0.0340138 -2.16338)
(0.0570754 -0.101962 -1.72121)
(0.371678 -0.23083 -0.00967421)
(0.196082 -0.113681 0.771116)
(-0.196082 0.113681 0.771116)
(-0.371678 0.23083 -0.00967419)
(-0.0570757 0.101962 -1.72121)
(-0.155351 0.0340139 -2.16338)
(-0.0256872 0.0256872 -2.21486)
(0.0256872 0.0256872 -2.21486)
(0.155351 0.0340138 -2.16338)
(0.0570754 0.101962 -1.72121)
(0.371678 0.23083 -0.00967413)
(0.196082 0.113681 0.771116)
(-0.0309533 0.12767 0.799716)
(-0.214149 0.267415 0.775072)
(-0.0102373 0.362626 -0.0827803)
(0.00082015 -0.000819976 -1.25463)
(-0.0340138 0.155351 -2.16338)
(0.0340138 0.155351 -2.16338)
(-0.000820224 -0.000820221 -1.25463)
(0.0102368 0.362626 -0.0827804)
(0.214149 0.267415 0.775072)
(0.0309533 0.12767 0.799715)
(-0.0332065 0.0738889 0.74571)
(-0.144631 0.0967922 0.777884)
(-0.205227 0.205227 0.767738)
(-0.362626 0.0102373 -0.0827805)
(-0.101962 0.0570754 -1.72121)
(0.101962 0.0570755 -1.72121)
(0.362626 0.0102368 -0.0827805)
(0.205227 0.205227 0.767738)
(0.144631 0.0967922 0.777884)
(0.0332065 0.073889 0.74571)
(-0.0110012 0.0625533 0.722118)
(-0.0863973 0.0863973 0.750535)
(-0.0967922 0.144631 0.777884)
(-0.267415 0.214149 0.775072)
(-0.23083 0.371678 -0.0096741)
(0.23083 0.371678 -0.00967409)
(0.267415 0.214149 0.775072)
(0.0967922 0.144631 0.777884)
(0.0863973 0.0863973 0.750535)
(0.0110012 0.0625533 0.722118)
(-0.0100173 0.0100172 0.700222)
(-0.0625533 0.0110011 0.722118)
(-0.073889 0.0332065 0.74571)
(-0.12767 0.0309533 0.799715)
(-0.113681 0.196082 0.771116)
(0.113681 0.196082 0.771116)
(0.12767 0.0309533 0.799715)
(0.073889 0.0332065 0.74571)
(0.0625533 0.0110012 0.722118)
(0.0100173 0.0100173 0.700222)
(-0.00365228 -0.00365228 0.731202)
(-0.0490785 -0.00188654 0.758774)
(-0.0515763 -0.0225201 0.79959)
(-0.116496 -0.0114471 0.870097)
(-0.120775 -0.231061 0.854256)
(0.120775 -0.231061 0.854256)
(0.116496 -0.0114471 0.870097)
(0.0515763 -0.0225201 0.79959)
(0.0490785 -0.00188656 0.758774)
(0.00365229 -0.00365229 0.731202)
(-0.00188654 -0.0490785 0.758774)
(-0.0689191 -0.0689191 0.797042)
(-0.0662216 -0.10648 0.85431)
(-0.292204 -0.145135 0.821451)
(-0.238985 -0.272771 -0.213342)
(0.238985 -0.272771 -0.213342)
(0.292203 -0.145135 0.821451)
(0.0662216 -0.10648 0.85431)
(0.0689191 -0.0689191 0.797042)
(0.00188655 -0.0490785 0.758774)
(-0.0225201 -0.0515763 0.79959)
(-0.10648 -0.0662216 0.85431)
(-0.1271 -0.1271 0.86112)
(-0.288675 0.107404 -0.169045)
(-0.0582648 -0.185862 -1.84997)
(0.0582649 -0.185862 -1.84997)
(0.288675 0.107403 -0.169045)
(0.1271 -0.1271 0.86112)
(0.10648 -0.0662217 0.85431)
(0.0225201 -0.0515763 0.79959)
(-0.0114471 -0.116496 0.870097)
(-0.145135 -0.292203 0.821451)
(0.107403 -0.288675 -0.169045)
(0.0343228 0.0343228 -1.17529)
(-0.0279507 -0.282866 -2.17852)
(0.0279507 -0.282866 -2.17852)
(-0.0343229 0.034324 -1.17529)
(-0.107403 -0.288675 -0.169045)
(0.145136 -0.292203 0.821451)
(0.0114471 -0.116496 0.870097)
(-0.231061 -0.120775 0.854256)
(-0.272771 -0.238985 -0.213342)
(-0.185862 -0.0582649 -1.84997)
(-0.282866 -0.0279507 -2.17852)
(-0.000841007 -0.000841002 -2.32577)
(0.000841047 -0.000840997 -2.32577)
(0.282866 -0.0279506 -2.17852)
(0.185862 -0.0582649 -1.84997)
(0.272771 -0.238985 -0.213342)
(0.231061 -0.120775 0.854256)
(-0.231061 0.120775 0.854256)
(-0.272771 0.238985 -0.213342)
(-0.185862 0.0582649 -1.84997)
(-0.282866 0.0279507 -2.17852)
(-0.00084099 0.000841044 -2.32577)
(0.000841029 0.000841039 -2.32577)
(0.282866 0.0279506 -2.17852)
(0.185862 0.0582649 -1.84997)
(0.272771 0.238985 -0.213342)
(0.231061 0.120775 0.854256)
(-0.0114471 0.116496 0.870097)
(-0.145135 0.292203 0.821451)
(0.107403 0.288675 -0.169045)
(0.0343239 -0.034323 -1.17529)
(-0.0279506 0.282866 -2.17852)
(0.0279506 0.282866 -2.17852)
(-0.0343241 -0.0343242 -1.17529)
(-0.107403 0.288675 -0.169045)
(0.145136 0.292203 0.821451)
(0.0114471 0.116496 0.870097)
(-0.0225201 0.0515762 0.79959)
(-0.10648 0.0662216 0.85431)
(-0.1271 0.1271 0.86112)
(-0.288675 -0.107403 -0.169045)
(-0.0582649 0.185862 -1.84997)
(0.058265 0.185862 -1.84997)
(0.288675 -0.107403 -0.169045)
(0.1271 0.1271 0.86112)
(0.10648 0.0662217 0.85431)
(0.0225201 0.0515763 0.79959)
(-0.00188656 0.0490785 0.758774)
(-0.0689191 0.0689191 0.797042)
(-0.0662217 0.10648 0.85431)
(-0.292204 0.145136 0.821451)
(-0.238985 0.272771 -0.213341)
(0.238985 0.272771 -0.213341)
(0.292203 0.145136 0.821451)
(0.0662217 0.10648 0.85431)
(0.0689191 0.0689192 0.797042)
(0.00188657 0.0490785 0.758774)
(-0.0036523 0.00365228 0.731202)
(-0.0490785 0.00188655 0.758774)
(-0.0515763 0.0225201 0.79959)
(-0.116496 0.0114471 0.870097)
(-0.120775 0.231061 0.854256)
(0.120775 0.231061 0.854256)
(0.116496 0.0114471 0.870097)
(0.0515763 0.0225201 0.79959)
(0.0490785 0.00188656 0.758774)
(0.0036523 0.0036523 0.731202)
(0.00365381 0.00365381 0.750718)
(-0.0301432 0.00843319 0.782231)
(-0.0202603 -0.00533271 0.83843)
(-0.0885853 0.0155583 0.919562)
(-0.114789 -0.204776 0.914972)
(0.114789 -0.204776 0.914972)
(0.0885853 0.0155582 0.919562)
(0.0202603 -0.00533275 0.83843)
(0.0301432 0.00843317 0.782231)
(-0.00365381 0.0036538 0.750718)
(0.00843318 -0.0301432 0.782231)
(-0.0403825 -0.0403825 0.828096)
(-0.0209822 -0.0455553 0.917016)
(-0.256932 -0.0228437 0.838998)
(-0.186471 -0.150132 -0.377416)
(0.186471 -0.150132 -0.377416)
(0.256932 -0.0228436 0.838998)
(0.0209822 -0.0455553 0.917016)
(0.0403825 -0.0403825 0.828096)
(-0.00843318 -0.0301432 0.782231)
(-0.00533272 -0.0202603 0.83843)
(-0.0455553 -0.0209821 0.917016)
(0.00165761 0.00165773 0.927917)
(-0.160948 0.1659 -0.216196)
(-0.015076 -0.251853 -1.87912)
(0.015076 -0.251853 -1.87912)
(0.160948 0.1659 -0.216197)
(-0.00165764 0.0016575 0.927917)
(0.0455553 -0.0209822 0.917016)
(0.00533272 -0.0202604 0.83843)
(0.0155583 -0.0885853 0.919562)
(-0.0228436 -0.256932 0.838998)
(0.1659 -0.160948 -0.216197)
(0.00972943 0.00972936 -1.08111)
(0.0142969 -0.301455 -2.23208)
(-0.0142969 -0.301455 -2.23208)
(-0.00972933 0.00972988 -1.08111)
(-0.1659 -0.160948 -0.216197)
(0.0228438 -0.256932 0.838998)
(-0.0155582 -0.0885853 0.919562)
(-0.204776 -0.114789 0.914972)
(-0.150132 -0.186471 -0.377416)
(-0.251853 -0.015076 -1.87912)
(-0.301455 0.0142969 -2.23208)
(0.10091 0.10091 -2.53288)
(-0.10091 0.10091 -2.53288)
(0.301455 0.014297 -2.23208)
(0.251853 -0.015076 -1.87912)
(0.150132 -0.186471 -0.377416)
(0.204776 -0.114789 0.914972)
(-0.204776 0.114789 0.914972)
(-0.150132 0.186471 -0.377416)
(-0.251853 0.0150761 -1.87912)
(-0.301455 -0.0142969 -2.23208)
(0.10091 -0.10091 -2.53288)
(-0.10091 -0.10091 -2.53288)
(0.301455 -0.0142969 -2.23208)
(0.251853 0.015076 -1.87912)
(0.150132 0.186471 -0.377416)
(0.204776 0.114789 0.914972)
(0.0155582 0.0885853 0.919562)
(-0.0228436 0.256932 0.838998)
(0.1659 0.160948 -0.216197)
(0.00972989 -0.0097294 -1.08111)
(0.014297 0.301455 -2.23208)
(-0.014297 0.301455 -2.23208)
(-0.00972979 -0.00972992 -1.08111)
(-0.165899 0.160948 -0.216197)
(0.0228438 0.256932 0.838998)
(-0.0155582 0.0885853 0.919562)
(-0.00533276 0.0202603 0.83843)
(-0.0455553 0.0209822 0.917016)
(0.00165743 -0.0016577 0.927917)
(-0.160948 -0.1659 -0.216197)
(-0.015076 0.251853 -1.87912)
(0.015076 0.251853 -1.87912)
(0.160948 -0.165899 -0.216197)
(-0.00165746 -0.00165748 0.927917)
(0.0455554 0.0209823 0.917016)
(0.00533276 0.0202603 0.83843)
(0.00843316 0.0301432 0.782231)
(-0.0403825 0.0403825 0.828096)
(-0.0209823 0.0455553 0.917016)
(-0.256932 0.0228438 0.838998)
(-0.186471 0.150132 -0.377416)
(0.186471 0.150132 -0.377416)
(0.256932 0.0228438 0.838998)
(0.0209823 0.0455554 0.917016)
(0.0403825 0.0403825 0.828096)
(-0.00843316 0.0301433 0.782231)
(0.00365379 -0.00365382 0.750718)
(-0.0301432 -0.00843319 0.782231)
(-0.0202604 0.00533271 0.83843)
(-0.0885853 -0.0155582 0.919562)
(-0.114789 0.204776 0.914972)
(0.114789 0.204776 0.914972)
(0.0885853 -0.0155582 0.919562)
(0.0202604 0.00533275 0.83843)
(0.0301432 -0.00843317 0.782231)
(-0.0036538 -0.00365381 0.750718)
(0.0119307 0.0119307 0.756325)
(-0.00773036 0.0200033 0.787716)
(0.016974 0.0172335 0.852294)
(-0.0443736 0.0508848 0.930177)
(-0.09251 -0.119386 0.939888)
(0.09251 -0.119386 0.939888)
(0.0443736 0.0508848 0.930177)
(-0.016974 0.0172334 0.852294)
(0.00773037 0.0200032 0.787716)
(-0.0119307 0.0119306 0.756325)
(0.0200033 -0.00773034 0.787716)
(-0.00309133 -0.00309131 0.83459)
(0.0397132 0.0244277 0.948416)
(-0.15595 0.124644 0.825696)
(-0.0968975 -0.0553 -0.439823)
(0.0968975 -0.0553 -0.439823)
(0.15595 0.124644 0.825696)
(-0.0397131 0.0244277 0.948416)
(0.00309135 -0.00309132 0.83459)
(-0.0200033 -0.00773035 0.787716)
(0.0172334 0.016974 0.852294)
(0.0244277 0.0397132 0.948416)
(0.14925 0.14925 0.965245)
(-0.0235225 0.238301 -0.145507)
(0.0540691 -0.255029 -1.83735)
(-0.0540691 -0.255029 -1.83735)
(0.0235225 0.238301 -0.145508)
(-0.14925 0.14925 0.965245)
(-0.0244277 0.0397131 0.948416)
(-0.0172334 0.0169739 0.852294)
(0.0508848 -0.0443735 0.930177)
(0.124644 -0.15595 0.825696)
(0.238301 -0.0235224 -0.145507)
(-0.00491086 -0.00491096 -1.01918)
(0.135083 -0.277649 -2.34763)
(-0.135082 -0.277649 -2.34763)
(0.00491107 -0.00491126 -1.01918)
(-0.238301 -0.0235225 -0.145508)
(-0.124644 -0.15595 0.825696)
(-0.0508848 -0.0443736 0.930177)
(-0.119386 -0.09251 0.939888)
(-0.0553 -0.0968975 -0.439823)
(-0.255029 0.0540691 -1.83735)
(-0.277649 0.135083 -2.34763)
(0.127208 0.127208 -2.56254)
(-0.127208 0.127208 -2.56254)
(0.277649 0.135083 -2.34763)
(0.255029 0.0540692 -1.83735)
(0.0553001 -0.0968975 -0.439823)
(0.119386 -0.09251 0.939888)
(-0.119386 0.09251 0.939888)
(-0.0552999 0.0968975 -0.439823)
(-0.255029 -0.0540692 -1.83735)
(-0.277649 -0.135082 -2.34763)
(0.127208 -0.127208 -2.56254)
(-0.127208 -0.127208 -2.56254)
(0.277649 -0.135082 -2.34763)
(0.255029 -0.0540692 -1.83735)
(0.0553 0.0968975 -0.439823)
(0.119386 0.09251 0.939888)
(0.0508848 0.0443735 0.930177)
(0.124644 0.15595 0.825696)
(0.238301 0.0235225 -0.145508)
(-0.00491121 0.00491101 -1.01918)
(0.135083 0.277649 -2.34763)
(-0.135082 0.277649 -2.34763)
(0.00491141 0.0049113 -1.01919)
(-0.238301 0.0235226 -0.145508)
(-0.124644 0.15595 0.825696)
(-0.0508847 0.0443736 0.930177)
(0.0172334 -0.016974 0.852294)
(0.0244277 -0.0397132 0.948416)
(0.149249 -0.14925 0.965245)
(-0.0235226 -0.238301 -0.145508)
(0.0540692 0.255029 -1.83735)
(-0.0540692 0.255029 -1.83735)
(0.0235226 -0.238301 -0.145508)
(-0.149249 -0.149249 0.965245)
(-0.0244277 -0.0397131 0.948416)
(-0.0172334 -0.016974 0.852294)
(0.0200032 0.00773036 0.787716)
(-0.00309133 0.00309135 0.83459)
(0.0397131 -0.0244277 0.948416)
(-0.15595 -0.124644 0.825696)
(-0.0968975 0.0553001 -0.439823)
(0.0968975 0.0553001 -0.439823)
(0.15595 -0.124644 0.825696)
(-0.0397131 -0.0244277 0.948416)
(0.00309135 0.00309136 0.83459)
(-0.0200032 0.00773037 0.787716)
(0.0119306 -0.0119307 0.756325)
(-0.00773036 -0.0200033 0.787716)
(0.0169739 -0.0172334 0.852294)
(-0.0443736 -0.0508848 0.930177)
(-0.09251 0.119386 0.939888)
(0.09251 0.119386 0.939888)
(0.0443736 -0.0508847 0.930177)
(-0.0169739 -0.0172334 0.852294)
(0.00773037 -0.0200032 0.787716)
(-0.0119306 -0.0119306 0.756325)
(0.0198341 0.0198341 0.74617)
(0.0160639 0.0306613 0.772625)
(0.0532194 0.0420022 0.83603)
(0.00528522 0.0829668 0.894695)
(-0.064003 0.00290215 0.932896)
(0.064003 0.00290214 0.932896)
(-0.00528524 0.0829668 0.894695)
(-0.0532194 0.0420022 0.83603)
(-0.0160639 0.0306613 0.772625)
(-0.0198341 0.0198341 0.74617)
(0.0306613 0.0160639 0.772625)
(0.0379533 0.0379533 0.812416)
(0.10094 0.0907704 0.93216)
(-0.00837178 0.258014 0.79647)
(-0.0039549 0.0579545 -0.40383)
(0.00395493 0.0579545 -0.40383)
(0.00837176 0.258014 0.79647)
(-0.10094 0.0907704 0.93216)
(-0.0379533 0.0379533 0.812416)
(-0.0306613 0.0160639 0.772625)
(0.0420022 0.0532194 0.83603)
(0.0907704 0.10094 0.93216)
(0.273302 0.273302 0.95213)
(0.1426 0.335458 -0.0595298)
(0.165586 -0.192346 -1.75372)
(-0.165586 -0.192346 -1.75372)
(-0.1426 0.335458 -0.0595299)
(-0.273301 0.273301 0.95213)
(-0.0907704 0.10094 0.93216)
(-0.0420022 0.0532194 0.83603)
(0.0829669 0.00528528 0.894695)
(0.258014 -0.00837165 0.79647)
(0.335458 0.1426 -0.0595298)
(0.0587379 0.0587378 -0.976348)
(0.249329 -0.00136997 -2.39221)
(-0.249329 -0.00136995 -2.39221)
(-0.0587375 0.0587375 -0.976349)
(-0.335458 0.1426 -0.0595302)
(-0.258014 -0.00837172 0.79647)
(-0.0829668 0.00528525 0.894695)
(0.00290223 -0.064003 0.932896)
(0.0579545 -0.0039549 -0.40383)
(-0.192346 0.165586 -1.75372)
(-0.00136997 0.249329 -2.39221)
(0.0626997 0.0626997 -2.62242)
(-0.0626996 0.0626997 -2.62242)
(0.00137007 0.249329 -2.39221)
(0.192346 0.165586 -1.75372)
(-0.0579544 -0.00395486 -0.40383)
(-0.0029022 -0.064003 0.932896)
(0.00290216 0.0640029 0.932896)
(0.0579546 0.00395491 -0.40383)
(-0.192346 -0.165586 -1.75372)
(-0.00136988 -0.249329 -2.39221)
(0.0626997 -0.0626997 -2.62242)
(-0.0626997 -0.0626997 -2.62242)
(0.00136999 -0.249329 -2.39221)
(0.192346 -0.165586 -1.75372)
(-0.0579545 0.00395487 -0.40383)
(-0.00290212 0.0640029 0.932896)
(0.0829668 -0.00528526 0.894695)
(0.258014 0.00837173 0.79647)
(0.335458 -0.1426 -0.0595299)
(0.0587376 -0.0587376 -0.976349)
(0.249329 0.00137011 -2.39221)
(-0.249329 0.00137009 -2.39221)
(-0.0587372 -0.0587372 -0.976349)
(-0.335458 -0.1426 -0.0595302)
(-0.258014 0.0083718 0.79647)
(-0.0829668 -0.00528523 0.894695)
(0.0420021 -0.0532195 0.83603)
(0.0907704 -0.10094 0.93216)
(0.273301 -0.273302 0.95213)
(0.1426 -0.335458 -0.0595303)
(0.165586 0.192346 -1.75372)
(-0.165586 0.192346 -1.75372)
(-0.1426 -0.335458 -0.0595304)
(-0.273301 -0.273301 0.95213)
(-0.0907704 -0.10094 0.93216)
(-0.0420022 -0.0532194 0.83603)
(0.0306613 -0.0160639 0.772625)
(0.0379533 -0.0379532 0.812416)
(0.10094 -0.0907704 0.93216)
(-0.00837182 -0.258014 0.79647)
(-0.00395486 -0.0579544 -0.40383)
(0.00395489 -0.0579544 -0.40383)
(0.0083718 -0.258014 0.79647)
(-0.10094 -0.0907704 0.93216)
(-0.0379533 -0.0379532 0.812416)
(-0.0306613 -0.0160639 0.772625)
(0.0198341 -0.0198341 0.74617)
(0.0160639 -0.0306613 0.772625)
(0.0532194 -0.0420022 0.83603)
(0.00528522 -0.0829668 0.894695)
(-0.064003 -0.00290215 0.932896)
(0.064003 -0.00290214 0.932896)
(-0.00528523 -0.0829668 0.894695)
(-0.0532194 -0.0420022 0.83603)
(-0.0160639 -0.0306613 0.772625)
(-0.0198341 -0.0198341 0.74617)
(0.0261387 0.0261387 0.720478)
(0.0371517 0.0368886 0.738392)
(0.0818195 0.0624748 0.791938)
(0.0514692 0.103012 0.820873)
(-0.0312647 0.120201 0.876426)
(0.0312647 0.120201 0.876426)
(-0.0514692 0.103012 0.820873)
(-0.0818195 0.0624748 0.791938)
(-0.0371517 0.0368886 0.738392)
(-0.0261387 0.0261387 0.720478)
(0.0368886 0.0371517 0.738392)
(0.0740007 0.0740007 0.763599)
(0.144939 0.145957 0.869201)
(0.1351 0.346341 0.729443)
(0.075147 0.190896 -0.327697)
(-0.075147 0.190896 -0.327697)
(-0.1351 0.346341 0.729443)
(-0.144939 0.145957 0.869202)
(-0.0740007 0.0740007 0.763599)
(-0.0368886 0.0371517 0.738392)
(0.0624748 0.0818195 0.791938)
(0.145957 0.144939 0.869201)
(0.347724 0.347724 0.894246)
(0.320174 0.414381 0.0213425)
(0.260143 0.104898 -1.64351)
(-0.260143 0.104898 -1.64351)
(-0.320174 0.414381 0.0213425)
(-0.347724 0.347724 0.894246)
(-0.145957 0.144939 0.869202)
(-0.0624749 0.0818195 0.791938)
(0.103012 0.0514692 0.820873)
(0.346341 0.1351 0.729443)
(0.414381 0.320174 0.0213424)
(0.111718 0.111718 -0.93121)
(0.290296 0.209487 -2.31267)
(-0.290296 0.209487 -2.31267)
(-0.111718 0.111718 -0.93121)
(-0.414381 0.320174 0.0213421)
(-0.346341 0.1351 0.729443)
(-0.103012 0.0514692 0.820873)
(0.120201 -0.0312646 0.876426)
(0.190896 0.075147 -0.327697)
(0.104898 0.260144 -1.64351)
(0.209487 0.290296 -2.31267)
(0.0768422 0.0768422 -2.53856)
(-0.0768422 0.0768421 -2.53856)
(-0.209487 0.290296 -2.31267)
(-0.104898 0.260144 -1.64351)
(-0.190896 0.0751471 -0.327697)
(-0.120201 -0.0312646 0.876426)
(0.120201 0.0312646 0.876426)
(0.190896 -0.0751471 -0.327697)
(0.104898 -0.260144 -1.64351)
(0.209487 -0.290296 -2.31267)
(0.0768422 -0.0768422 -2.53856)
(-0.0768421 -0.0768422 -2.53856)
(-0.209487 -0.290296 -2.31267)
(-0.104898 -0.260144 -1.64351)
(-0.190896 -0.0751471 -0.327697)
(-0.120201 0.0312646 0.876426)
(0.103012 -0.0514692 0.820873)
(0.346341 -0.1351 0.729443)
(0.414381 -0.320174 0.0213426)
(0.111718 -0.111718 -0.93121)
(0.290296 -0.209487 -2.31267)
(-0.290296 -0.209487 -2.31267)
(-0.111718 -0.111718 -0.931211)
(-0.414381 -0.320174 0.0213423)
(-0.346341 -0.1351 0.729443)
(-0.103012 -0.0514692 0.820873)
(0.0624748 -0.0818195 0.791938)
(0.145957 -0.144939 0.869202)
(0.347724 -0.347725 0.894246)
(0.320174 -0.414381 0.021342)
(0.260144 -0.104898 -1.64351)
(-0.260144 -0.104898 -1.64351)
(-0.320174 -0.414381 0.021342)
(-0.347724 -0.347725 0.894246)
(-0.145957 -0.144939 0.869202)
(-0.0624748 -0.0818195 0.791938)
(0.0368886 -0.0371517 0.738392)
(0.0740007 -0.0740007 0.763599)
(0.144939 -0.145957 0.869202)
(0.1351 -0.346341 0.729443)
(0.0751472 -0.190896 -0.327697)
(-0.0751471 -0.190896 -0.327697)
(-0.1351 -0.346341 0.729443)
(-0.144939 -0.145957 0.869202)
(-0.0740007 -0.0740007 0.763599)
(-0.0368886 -0.0371517 0.738392)
(0.0261387 -0.0261387 0.720478)
(0.0371517 -0.0368886 0.738392)
(0.0818195 -0.0624749 0.791938)
(0.0514692 -0.103012 0.820873)
(-0.0312646 -0.120201 0.876426)
(0.0312646 -0.120201 0.876426)
(-0.0514692 -0.103012 0.820873)
(-0.0818195 -0.0624749 0.791938)
(-0.0371517 -0.0368886 0.738392)
(-0.0261387 -0.0261387 0.720478)
(0.0293985 0.0293985 0.683119)
(0.0526761 0.0390622 0.690112)
(0.0990093 0.0744232 0.727566)
(0.0838373 0.103018 0.723765)
(-0.00252597 0.203982 0.77779)
(0.00252598 0.203982 0.77779)
(-0.0838373 0.103019 0.723766)
(-0.0990093 0.0744232 0.727566)
(-0.0526761 0.0390622 0.690112)
(-0.0293985 0.0293985 0.683119)
(0.0390622 0.0526762 0.690112)
(0.0987302 0.0987303 0.698424)
(0.163567 0.180298 0.768762)
(0.229072 0.386475 0.640901)
(0.12602 0.294467 -0.259677)
(-0.12602 0.294467 -0.259677)
(-0.229072 0.386475 0.640901)
(-0.163567 0.180298 0.768762)
(-0.0987302 0.0987303 0.698424)
(-0.0390622 0.0526762 0.690112)
(0.0744232 0.0990093 0.727566)
(0.180298 0.163567 0.768762)
(0.386579 0.386579 0.794819)
(0.424538 0.408844 0.106613)
(0.321931 0.345547 -1.46734)
(-0.321931 0.345547 -1.46734)
(-0.424538 0.408845 0.106613)
(-0.386579 0.386579 0.794819)
(-0.180298 0.163567 0.768762)
(-0.0744232 0.0990093 0.727566)
(0.103018 0.0838374 0.723765)
(0.386475 0.229072 0.640901)
(0.408844 0.424538 0.106613)
(0.165126 0.165126 -0.884986)
(0.30358 0.299901 -2.16692)
(-0.30358 0.299901 -2.16692)
(-0.165126 0.165127 -0.884986)
(-0.408844 0.424538 0.106612)
(-0.386475 0.229072 0.640901)
(-0.103018 0.0838374 0.723766)
(0.203982 -0.00252597 0.77779)
(0.294468 0.12602 -0.259677)
(0.345548 0.321931 -1.46734)
(0.299901 0.30358 -2.16692)
(0.122124 0.122123 -2.33247)
(-0.122123 0.122123 -2.33247)
(-0.299901 0.30358 -2.16692)
(-0.345548 0.321931 -1.46734)
(-0.294467 0.12602 -0.259677)
(-0.203982 -0.00252597 0.77779)
(0.203982 0.00252593 0.77779)
(0.294467 -0.12602 -0.259677)
(0.345547 -0.321931 -1.46734)
(0.299901 -0.30358 -2.16692)
(0.122123 -0.122124 -2.33247)
(-0.122123 -0.122123 -2.33247)
(-0.299901 -0.30358 -2.16692)
(-0.345548 -0.321931 -1.46734)
(-0.294467 -0.12602 -0.259677)
(-0.203982 0.00252593 0.77779)
(0.103019 -0.0838373 0.723765)
(0.386475 -0.229072 0.640901)
(0.408845 -0.424538 0.106613)
(0.165127 -0.165126 -0.884986)
(0.30358 -0.299901 -2.16692)
(-0.30358 -0.299901 -2.16692)
(-0.165126 -0.165126 -0.884987)
(-0.408845 -0.424538 0.106613)
(-0.386475 -0.229072 0.640901)
(-0.103019 -0.0838373 0.723766)
(0.0744232 -0.0990093 0.727566)
(0.180298 -0.163567 0.768762)
(0.386579 -0.386579 0.794819)
(0.424538 -0.408844 0.106612)
(0.321931 -0.345548 -1.46734)
(-0.321931 -0.345548 -1.46734)
(-0.424538 -0.408844 0.106612)
(-0.386579 -0.386579 0.794819)
(-0.180298 -0.163567 0.768762)
(-0.0744232 -0.0990093 0.727566)
(0.0390622 -0.0526761 0.690112)
(0.0987303 -0.0987302 0.698424)
(0.163567 -0.180298 0.768762)
(0.229072 -0.386475 0.640901)
(0.12602 -0.294468 -0.259677)
(-0.12602 -0.294468 -0.259677)
(-0.229072 -0.386475 0.640901)
(-0.163567 -0.180298 0.768762)
(-0.0987303 -0.0987302 0.698424)
(-0.0390622 -0.0526762 0.690112)
(0.0293985 -0.0293985 0.683119)
(0.0526762 -0.0390622 0.690112)
(0.0990093 -0.0744232 0.727566)
(0.0838373 -0.103018 0.723766)
(-0.00252593 -0.203982 0.77779)
(0.00252594 -0.203982 0.77779)
(-0.0838374 -0.103019 0.723766)
(-0.0990093 -0.0744232 0.727566)
(-0.0526762 -0.0390622 0.690112)
(-0.0293985 -0.0293985 0.683119)
(0.0296704 0.0296704 0.638485)
(0.0609357 0.0369657 0.634624)
(0.10349 0.0751991 0.652736)
(0.0990664 0.0925679 0.622291)
(0.0192219 0.231121 0.657784)
(-0.0192219 0.231121 0.657784)
(-0.0990664 0.0925679 0.622291)
(-0.10349 0.0751991 0.652736)
(-0.0609357 0.0369657 0.634624)
(-0.0296704 0.0296704 0.638485)
(0.0369657 0.0609357 0.634624)
(0.108048 0.108048 0.629047)
(0.160344 0.190438 0.65497)
(0.264943 0.360762 0.556431)
(0.143494 0.342053 -0.203613)
(-0.143494 0.342053 -0.203613)
(-0.264943 0.360762 0.556431)
(-0.160344 0.190438 0.65497)
(-0.108048 0.108048 0.629047)
(-0.0369657 0.0609357 0.634624)
(0.0751991 0.10349 0.652736)
(0.190438 0.160344 0.65497)
(0.356222 0.356222 0.673254)
(0.447767 0.37897 0.158581)
(0.33211 0.446911 -1.25998)
(-0.33211 0.446911 -1.25998)
(-0.447767 0.37897 0.158581)
(-0.356222 0.356222 0.673254)
(-0.190438 0.160344 0.65497)
(-0.0751992 0.10349 0.652736)
(0.0925678 0.0990665 0.622291)
(0.360762 0.264943 0.556431)
(0.37897 0.447767 0.158581)
(0.294003 0.294003 -0.845812)
(0.307162 0.367661 -1.96963)
(-0.307162 0.367661 -1.96963)
(-0.294003 0.294003 -0.845812)
(-0.37897 0.447767 0.158581)
(-0.360762 0.264943 0.556431)
(-0.0925679 0.0990665 0.622291)
(0.231121 0.0192219 0.657784)
(0.342054 0.143494 -0.203613)
(0.446911 0.33211 -1.25998)
(0.367661 0.307162 -1.96963)
(0.137719 0.137719 -2.10948)
(-0.137719 0.137719 -2.10948)
(-0.367661 0.307162 -1.96963)
(-0.446911 0.33211 -1.25998)
(-0.342054 0.143494 -0.203613)
(-0.231121 0.0192219 0.657785)
(0.231121 -0.0192219 0.657784)
(0.342053 -0.143494 -0.203613)
(0.446911 -0.33211 -1.25998)
(0.367661 -0.307162 -1.96963)
(0.137719 -0.137719 -2.10948)
(-0.137719 -0.137719 -2.10948)
(-0.367661 -0.307162 -1.96963)
(-0.446911 -0.33211 -1.25998)
(-0.342053 -0.143494 -0.203613)
(-0.231121 -0.0192219 0.657784)
(0.0925679 -0.0990664 0.622291)
(0.360762 -0.264943 0.556431)
(0.378971 -0.447767 0.158581)
(0.294003 -0.294003 -0.845812)
(0.307162 -0.367661 -1.96963)
(-0.307162 -0.367661 -1.96963)
(-0.294003 -0.294003 -0.845813)
(-0.378971 -0.447767 0.158581)
(-0.360762 -0.264943 0.556431)
(-0.0925679 -0.0990664 0.622291)
(0.0751991 -0.10349 0.652736)
(0.190438 -0.160344 0.65497)
(0.356222 -0.356222 0.673254)
(0.447767 -0.37897 0.15858)
(0.33211 -0.446911 -1.25998)
(-0.33211 -0.446911 -1.25998)
(-0.447767 -0.37897 0.158581)
(-0.356223 -0.356222 0.673254)
(-0.190438 -0.160344 0.65497)
(-0.0751992 -0.10349 0.652736)
(0.0369657 -0.0609357 0.634624)
(0.108048 -0.108048 0.629047)
(0.160344 -0.190438 0.65497)
(0.264943 -0.360762 0.556431)
(0.143494 -0.342054 -0.203613)
(-0.143494 -0.342054 -0.203613)
(-0.264943 -0.360762 0.556431)
(-0.160344 -0.190438 0.65497)
(-0.108048 -0.108048 0.629047)
(-0.0369658 -0.0609357 0.634624)
(0.0296704 -0.0296704 0.638485)
(0.0609357 -0.0369658 0.634624)
(0.10349 -0.0751992 0.652736)
(0.0990665 -0.0925679 0.622291)
(0.0192219 -0.231121 0.657785)
(-0.0192219 -0.231121 0.657784)
(-0.0990665 -0.0925679 0.622291)
(-0.10349 -0.0751992 0.652736)
(-0.0609357 -0.0369658 0.634624)
(-0.0296704 -0.0296704 0.638485)
(0.0270798 0.0270798 0.593114)
(0.0611183 0.0322779 0.580388)
(0.0967353 0.0680814 0.579407)
(0.100401 0.0800463 0.534118)
(0.0304958 0.217986 0.541254)
(-0.0304958 0.217986 0.541254)
(-0.100401 0.0800464 0.534118)
(-0.0967353 0.0680814 0.579407)
(-0.0611183 0.0322779 0.580388)
(-0.0270798 0.0270798 0.593114)
(0.0322779 0.0611183 0.580388)
(0.103923 0.103923 0.566733)
(0.145467 0.180243 0.554355)
(0.257463 0.313101 0.483889)
(0.141051 0.36114 -0.148438)
(-0.141051 0.361139 -0.148438)
(-0.257463 0.313101 0.483889)
(-0.145467 0.180243 0.554355)
(-0.103923 0.103923 0.566733)
(-0.0322779 0.0611184 0.580388)
(0.0680814 0.0967353 0.579407)
(0.180243 0.145467 0.554355)
(0.300878 0.300878 0.55106)
(0.420698 0.352182 0.14749)
(0.293458 0.474647 -1.07766)
(-0.293458 0.474647 -1.07766)
(-0.420698 0.352182 0.14749)
(-0.300878 0.300879 0.55106)
(-0.180243 0.145467 0.554355)
(-0.0680814 0.0967354 0.579407)
(0.0800463 0.100401 0.534118)
(0.313101 0.257463 0.483889)
(0.352182 0.420699 0.14749)
(0.454663 0.454663 -0.816328)
(0.280129 0.39948 -1.70262)
(-0.280128 0.39948 -1.70262)
(-0.454663 0.454664 -0.816329)
(-0.352182 0.420699 0.14749)
(-0.313101 0.257463 0.483889)
(-0.0800463 0.100401 0.534118)
(0.217987 0.0304958 0.541254)
(0.36114 0.141051 -0.148438)
(0.474647 0.293458 -1.07766)
(0.39948 0.280129 -1.70262)
(0.137485 0.137485 -1.84162)
(-0.137485 0.137485 -1.84162)
(-0.39948 0.280129 -1.70262)
(-0.474647 0.293458 -1.07766)
(-0.36114 0.141051 -0.148438)
(-0.217987 0.0304958 0.541254)
(0.217986 -0.0304959 0.541254)
(0.361139 -0.141051 -0.148438)
(0.474647 -0.293458 -1.07766)
(0.39948 -0.280128 -1.70262)
(0.137485 -0.137485 -1.84162)
(-0.137485 -0.137485 -1.84162)
(-0.39948 -0.280128 -1.70262)
(-0.474647 -0.293458 -1.07766)
(-0.361139 -0.141051 -0.148438)
(-0.217987 -0.0304958 0.541254)
(0.0800464 -0.100401 0.534118)
(0.313101 -0.257463 0.483889)
(0.352182 -0.420698 0.14749)
(0.454664 -0.454663 -0.816329)
(0.280129 -0.39948 -1.70262)
(-0.280128 -0.39948 -1.70262)
(-0.454664 -0.454664 -0.816329)
(-0.352182 -0.420698 0.14749)
(-0.313101 -0.257463 0.483889)
(-0.0800464 -0.100401 0.534118)
(0.0680814 -0.0967354 0.579407)
(0.180243 -0.145467 0.554355)
(0.300879 -0.300878 0.55106)
(0.420699 -0.352182 0.14749)
(0.293458 -0.474647 -1.07766)
(-0.293458 -0.474647 -1.07766)
(-0.420698 -0.352182 0.14749)
(-0.300879 -0.300878 0.55106)
(-0.180243 -0.145467 0.554355)
(-0.0680814 -0.0967354 0.579407)
(0.0322779 -0.0611183 0.580388)
(0.103923 -0.103923 0.566733)
(0.145467 -0.180243 0.554355)
(0.257463 -0.313101 0.483889)
(0.141051 -0.36114 -0.148438)
(-0.141051 -0.36114 -0.148438)
(-0.257463 -0.313101 0.483889)
(-0.145467 -0.180243 0.554355)
(-0.103923 -0.103923 0.566733)
(-0.032278 -0.0611183 0.580388)
(0.0270798 -0.0270798 0.593114)
(0.0611184 -0.032278 0.580388)
(0.0967354 -0.0680814 0.579407)
(0.100401 -0.0800463 0.534118)
(0.0304958 -0.217987 0.541254)
(-0.0304958 -0.217987 0.541254)
(-0.100401 -0.0800464 0.534118)
(-0.0967354 -0.0680814 0.579407)
(-0.0611184 -0.032278 0.580388)
(-0.0270798 -0.0270798 0.593114)
(0.0226501 0.0226501 0.549846)
(0.0554377 0.0267423 0.530209)
(0.0835565 0.0562445 0.509414)
(0.0931888 0.0689738 0.454403)
(0.0362742 0.182922 0.428084)
(-0.0362742 0.182922 0.428084)
(-0.0931888 0.0689739 0.454403)
(-0.0835565 0.0562445 0.509414)
(-0.0554377 0.0267423 0.530209)
(-0.0226501 0.0226501 0.549846)
(0.0267423 0.0554377 0.530209)
(0.0906867 0.0906867 0.508485)
(0.126092 0.160868 0.465198)
(0.226613 0.258706 0.410794)
(0.12738 0.370144 -0.123165)
(-0.12738 0.370144 -0.123165)
(-0.226613 0.258706 0.410794)
(-0.126092 0.160868 0.465198)
(-0.0906867 0.0906868 0.508485)
(-0.0267423 0.0554377 0.530209)
(0.0562445 0.0835565 0.509414)
(0.160868 0.126092 0.465198)
(0.241727 0.241727 0.433273)
(0.386723 0.352905 0.0883808)
(0.208634 0.47626 -0.923388)
(-0.208634 0.47626 -0.923388)
(-0.386723 0.352905 0.0883808)
(-0.241727 0.241727 0.433273)
(-0.160868 0.126092 0.465198)
(-0.0562445 0.0835565 0.509414)
(0.0689738 0.0931889 0.454403)
(0.258706 0.226613 0.410794)
(0.352905 0.386723 0.0883808)
(0.498947 0.498947 -0.765209)
(0.210722 0.347527 -1.4302)
(-0.210722 0.347527 -1.4302)
(-0.498947 0.498948 -0.765209)
(-0.352905 0.386723 0.0883806)
(-0.258706 0.226613 0.410794)
(-0.0689738 0.0931889 0.454403)
(0.182922 0.0362742 0.428084)
(0.370145 0.12738 -0.123165)
(0.47626 0.208634 -0.923387)
(0.347527 0.210722 -1.4302)
(0.119104 0.119104 -1.57518)
(-0.119104 0.119104 -1.57518)
(-0.347527 0.210722 -1.4302)
(-0.47626 0.208634 -0.923387)
(-0.370145 0.12738 -0.123165)
(-0.182922 0.0362742 0.428084)
(0.182922 -0.0362743 0.428084)
(0.370144 -0.12738 -0.123165)
(0.47626 -0.208634 -0.923388)
(0.347527 -0.210722 -1.4302)
(0.119104 -0.119104 -1.57518)
(-0.119104 -0.119104 -1.57518)
(-0.347527 -0.210722 -1.4302)
(-0.47626 -0.208634 -0.923388)
(-0.370144 -0.12738 -0.123165)
(-0.182922 -0.0362743 0.428084)
(0.0689738 -0.0931888 0.454403)
(0.258706 -0.226613 0.410794)
(0.352905 -0.386723 0.0883808)
(0.498947 -0.498947 -0.765209)
(0.210722 -0.347527 -1.4302)
(-0.210722 -0.347527 -1.4302)
(-0.498947 -0.498947 -0.76521)
(-0.352905 -0.386723 0.0883807)
(-0.258706 -0.226613 0.410794)
(-0.0689739 -0.0931888 0.454403)
(0.0562446 -0.0835565 0.509414)
(0.160868 -0.126092 0.465198)
(0.241727 -0.241727 0.433273)
(0.386723 -0.352905 0.0883806)
(0.208634 -0.47626 -0.923387)
(-0.208634 -0.47626 -0.923387)
(-0.386723 -0.352905 0.0883806)
(-0.241727 -0.241727 0.433273)
(-0.160868 -0.126092 0.465198)
(-0.0562446 -0.0835565 0.509414)
(0.0267423 -0.0554377 0.530209)
(0.0906868 -0.0906867 0.508485)
(0.126092 -0.160868 0.465198)
(0.226613 -0.258706 0.410794)
(0.12738 -0.370145 -0.123165)
(-0.12738 -0.370145 -0.123165)
(-0.226613 -0.258706 0.410794)
(-0.126092 -0.160868 0.465198)
(-0.0906868 -0.0906867 0.508485)
(-0.0267423 -0.0554377 0.530209)
(0.0226501 -0.0226501 0.549846)
(0.0554377 -0.0267423 0.530209)
(0.0835565 -0.0562445 0.509414)
(0.0931889 -0.0689738 0.454403)
(0.0362743 -0.182922 0.428084)
(-0.0362743 -0.182922 0.428084)
(-0.0931889 -0.0689738 0.454403)
(-0.0835565 -0.0562446 0.509414)
(-0.0554377 -0.0267423 0.530209)
(-0.0226501 -0.0226501 0.549846)
(0.0169231 0.0169231 0.516497)
(0.0425173 0.0190314 0.491743)
(0.0640289 0.0413658 0.456293)
(0.0746616 0.0532793 0.391508)
(0.0314584 0.138923 0.332158)
(-0.0314584 0.138923 0.332158)
(-0.0746616 0.0532794 0.391508)
(-0.0640289 0.0413659 0.456293)
(-0.0425173 0.0190314 0.491743)
(-0.0169231 0.0169232 0.516497)
(0.0190314 0.0425173 0.491743)
(0.0684137 0.0684137 0.465798)
(0.0979222 0.125182 0.396334)
(0.178426 0.200016 0.343575)
(0.0927048 0.367672 -0.107939)
(-0.0927048 0.367672 -0.107939)
(-0.178426 0.200016 0.343575)
(-0.0979223 0.125182 0.396334)
(-0.0684137 0.0684137 0.465798)
(-0.0190314 0.0425173 0.491743)
(0.0413658 0.0640289 0.456293)
(0.125182 0.0979222 0.396334)
(0.180369 0.180369 0.34309)
(0.357572 0.343533 0.0234993)
(0.110794 0.337436 -0.765827)
(-0.110794 0.337436 -0.765827)
(-0.357572 0.343533 0.0234993)
(-0.180369 0.180369 0.34309)
(-0.125182 0.0979223 0.396334)
(-0.0413658 0.0640289 0.456293)
(0.0532793 0.0746617 0.391508)
(0.200016 0.178427 0.343575)
(0.343533 0.357572 0.0234994)
(0.416439 0.416439 -0.666842)
(0.132044 0.224613 -1.17269)
(-0.132044 0.224613 -1.17269)
(-0.416439 0.416439 -0.666843)
(-0.343533 0.357572 0.0234992)
(-0.200016 0.178427 0.343575)
(-0.0532793 0.0746617 0.391508)
(0.138923 0.0314584 0.332158)
(0.367672 0.0927049 -0.107939)
(0.337436 0.110794 -0.765826)
(0.224613 0.132044 -1.17269)
(0.0795503 0.0795502 -1.36896)
(-0.0795503 0.0795502 -1.36896)
(-0.224613 0.132044 -1.17269)
(-0.337436 0.110794 -0.765826)
(-0.367672 0.0927049 -0.107939)
(-0.138923 0.0314584 0.332158)
(0.138923 -0.0314584 0.332158)
(0.367672 -0.0927049 -0.107939)
(0.337436 -0.110794 -0.765827)
(0.224613 -0.132044 -1.17269)
(0.0795502 -0.0795503 -1.36896)
(-0.0795502 -0.0795503 -1.36896)
(-0.224613 -0.132044 -1.17269)
(-0.337436 -0.110794 -0.765827)
(-0.367672 -0.0927049 -0.107939)
(-0.138923 -0.0314584 0.332158)
(0.0532793 -0.0746616 0.391508)
(0.200016 -0.178426 0.343575)
(0.343533 -0.357572 0.0234994)
(0.416439 -0.416439 -0.666842)
(0.132044 -0.224613 -1.17269)
(-0.132044 -0.224613 -1.17269)
(-0.416439 -0.416439 -0.666843)
(-0.343533 -0.357572 0.0234992)
(-0.200016 -0.178426 0.343575)
(-0.0532794 -0.0746616 0.391508)
(0.0413659 -0.0640289 0.456293)
(0.125182 -0.0979223 0.396334)
(0.180369 -0.180369 0.34309)
(0.357572 -0.343533 0.0234992)
(0.110794 -0.337436 -0.765826)
(-0.110794 -0.337436 -0.765826)
(-0.357572 -0.343533 0.0234992)
(-0.180369 -0.180369 0.34309)
(-0.125182 -0.0979223 0.396334)
(-0.0413659 -0.0640289 0.456293)
(0.0190314 -0.0425173 0.491743)
(0.0684137 -0.0684137 0.465798)
(0.0979223 -0.125182 0.396334)
(0.178427 -0.200016 0.343575)
(0.0927049 -0.367672 -0.107939)
(-0.0927049 -0.367672 -0.107939)
(-0.178427 -0.200016 0.343575)
(-0.0979223 -0.125182 0.396334)
(-0.0684137 -0.0684137 0.465798)
(-0.0190314 -0.0425173 0.491743)
(0.0169232 -0.0169232 0.516497)
(0.0425173 -0.0190314 0.491743)
(0.0640289 -0.0413658 0.456293)
(0.0746617 -0.0532793 0.391508)
(0.0314584 -0.138923 0.332158)
(-0.0314584 -0.138923 0.332158)
(-0.0746617 -0.0532793 0.391508)
(-0.0640289 -0.0413659 0.456293)
(-0.0425173 -0.0190314 0.491743)
(-0.0169232 -0.0169232 0.516497)
(0.00810717 0.00810718 0.487778)
(0.0227113 0.00956308 0.459734)
(0.0331778 0.0170753 0.406421)
(0.0424289 0.0310396 0.338288)
(0.0224806 0.0560202 0.226849)
(-0.0224806 0.0560202 0.226849)
(-0.0424289 0.0310396 0.338288)
(-0.0331778 0.0170753 0.406421)
(-0.0227113 0.00956308 0.459734)
(-0.00810718 0.00810718 0.487778)
(0.00956308 0.0227113 0.459734)
(0.0320183 0.0320183 0.423668)
(0.0534358 0.0720733 0.3376)
(0.0832144 0.0866097 0.266336)
(0.0219963 0.225001 -0.08711)
(-0.0219963 0.225001 -0.08711)
(-0.0832144 0.0866097 0.266336)
(-0.0534358 0.0720733 0.3376)
(-0.0320183 0.0320183 0.423668)
(-0.00956308 0.0227113 0.459734)
(0.0170753 0.0331778 0.406421)
(0.0720733 0.0534358 0.3376)
(0.0786834 0.0786835 0.200782)
(0.231041 0.230234 0.00869644)
(0.0271555 0.11306 -0.593876)
(-0.0271555 0.11306 -0.593876)
(-0.231041 0.230234 0.00869643)
(-0.0786835 0.0786835 0.200782)
(-0.0720733 0.0534358 0.3376)
(-0.0170753 0.0331779 0.406421)
(0.0310396 0.0424289 0.338288)
(0.0866097 0.0832145 0.266336)
(0.230234 0.231041 0.00869646)
(0.139433 0.139433 -0.536614)
(0.0497156 0.0775361 -1.0288)
(-0.0497155 0.0775361 -1.0288)
(-0.139433 0.139433 -0.536614)
(-0.230234 0.231041 0.00869636)
(-0.0866097 0.0832145 0.266336)
(-0.0310396 0.0424289 0.338288)
(0.0560202 0.0224806 0.226849)
(0.225001 0.0219964 -0.0871098)
(0.11306 0.0271555 -0.593875)
(0.0775361 0.0497156 -1.0288)
(0.0267797 0.0267797 -1.265)
(-0.0267797 0.0267797 -1.265)
(-0.0775361 0.0497156 -1.0288)
(-0.11306 0.0271555 -0.593875)
(-0.225001 0.0219964 -0.0871098)
(-0.0560202 0.0224806 0.226849)
(0.0560202 -0.0224806 0.226849)
(0.225001 -0.0219963 -0.08711)
(0.11306 -0.0271555 -0.593876)
(0.0775361 -0.0497155 -1.0288)
(0.0267797 -0.0267797 -1.265)
(-0.0267797 -0.0267797 -1.265)
(-0.0775361 -0.0497155 -1.0288)
(-0.11306 -0.0271555 -0.593876)
(-0.225001 -0.0219963 -0.0871101)
(-0.0560202 -0.0224806 0.226849)
(0.0310396 -0.0424289 0.338288)
(0.0866097 -0.0832144 0.266336)
(0.230234 -0.231041 0.00869648)
(0.139433 -0.139433 -0.536614)
(0.0497155 -0.0775361 -1.0288)
(-0.0497155 -0.0775361 -1.0288)
(-0.139433 -0.139433 -0.536614)
(-0.230234 -0.231041 0.00869638)
(-0.0866097 -0.0832145 0.266336)
(-0.0310396 -0.0424289 0.338288)
(0.0170753 -0.0331778 0.406421)
(0.0720733 -0.0534358 0.3376)
(0.0786835 -0.0786834 0.200782)
(0.231041 -0.230234 0.00869636)
(0.0271555 -0.11306 -0.593875)
(-0.0271555 -0.11306 -0.593875)
(-0.231041 -0.230234 0.00869636)
(-0.0786835 -0.0786835 0.200782)
(-0.0720733 -0.0534358 0.3376)
(-0.0170753 -0.0331779 0.406421)
(0.00956308 -0.0227113 0.459734)
(0.0320183 -0.0320183 0.423668)
(0.0534358 -0.0720733 0.3376)
(0.0832145 -0.0866097 0.266336)
(0.0219964 -0.225001 -0.0871098)
(-0.0219964 -0.225001 -0.0871098)
(-0.0832145 -0.0866097 0.266336)
(-0.0534358 -0.0720733 0.3376)
(-0.0320183 -0.0320183 0.423668)
(-0.00956308 -0.0227113 0.459734)
(0.00810718 -0.00810718 0.487778)
(0.0227113 -0.00956308 0.459734)
(0.0331779 -0.0170753 0.406421)
(0.0424289 -0.0310396 0.338288)
(0.0224806 -0.0560202 0.226849)
(-0.0224806 -0.0560202 0.226849)
(-0.0424289 -0.0310396 0.338288)
(-0.0331779 -0.0170753 0.406421)
(-0.0227113 -0.00956308 0.459734)
(-0.00810718 -0.00810718 0.487778)
)
;

boundaryField
{
    bottom
    {
        type            noSlip;
    }
    atmosphere
    {
        type            pressureInletOutletVelocity;
        value           nonuniform List<vector> 
100
(
(0.00810717 0.00810718 0.487778)
(0.00956308 0.0227113 0.459734)
(0.0170753 0.0331778 0.406421)
(0.0310396 0.0424289 0.338288)
(0.0560202 0.0224806 0.226849)
(0.0560202 -0.0224806 0.226849)
(0.0310396 -0.0424289 0.338288)
(0.0170753 -0.0331778 0.406421)
(0.00956308 -0.0227113 0.459734)
(0.00810718 -0.00810718 0.487778)
(0.0227113 0.00956308 0.459734)
(0.0320183 0.0320183 0.423668)
(0.0720733 0.0534358 0.3376)
(0.0866097 0.0832145 0.266336)
(0 0 -0.0871098)
(0 0 -0.08711)
(0.0866097 -0.0832144 0.266336)
(0.0720733 -0.0534358 0.3376)
(0.0320183 -0.0320183 0.423668)
(0.0227113 -0.00956308 0.459734)
(0.0331778 0.0170753 0.406421)
(0.0534358 0.0720733 0.3376)
(0.0786834 0.0786835 0.200782)
(0.230234 0.231041 0.00869646)
(0 0 -0.593875)
(0 0 -0.593876)
(0.230234 -0.231041 0.00869648)
(0.0786835 -0.0786834 0.200782)
(0.0534358 -0.0720733 0.3376)
(0.0331779 -0.0170753 0.406421)
(0.0424289 0.0310396 0.338288)
(0.0832144 0.0866097 0.266336)
(0.231041 0.230234 0.00869644)
(0 0 -0.536614)
(0 0 -1.0288)
(0 0 -1.0288)
(0 0 -0.536614)
(0.231041 -0.230234 0.00869636)
(0.0832145 -0.0866097 0.266336)
(0.0424289 -0.0310396 0.338288)
(0.0224806 0.0560202 0.226849)
(0 0 -0.08711)
(0 0 -0.593876)
(0 0 -1.0288)
(0 0 -1.265)
(0 0 -1.265)
(0 0 -1.0288)
(0 0 -0.593875)
(0 0 -0.0871098)
(0.0224806 -0.0560202 0.226849)
(-0.0224806 0.0560202 0.226849)
(0 0 -0.08711)
(0 0 -0.593876)
(0 0 -1.0288)
(0 0 -1.265)
(0 0 -1.265)
(0 0 -1.0288)
(0 0 -0.593875)
(0 0 -0.0871098)
(-0.0224806 -0.0560202 0.226849)
(-0.0424289 0.0310396 0.338288)
(-0.0832144 0.0866097 0.266336)
(-0.231041 0.230234 0.00869643)
(0 0 -0.536614)
(0 0 -1.0288)
(0 0 -1.0288)
(0 0 -0.536614)
(-0.231041 -0.230234 0.00869636)
(-0.0832145 -0.0866097 0.266336)
(-0.0424289 -0.0310396 0.338288)
(-0.0331778 0.0170753 0.406421)
(-0.0534358 0.0720733 0.3376)
(-0.0786835 0.0786835 0.200782)
(-0.230234 0.231041 0.00869636)
(0 0 -0.593875)
(0 0 -0.593876)
(-0.230234 -0.231041 0.00869638)
(-0.0786835 -0.0786835 0.200782)
(-0.0534358 -0.0720733 0.3376)
(-0.0331779 -0.0170753 0.406421)
(-0.0227113 0.00956308 0.459734)
(-0.0320183 0.0320183 0.423668)
(-0.0720733 0.0534358 0.3376)
(-0.0866097 0.0832145 0.266336)
(0 0 -0.0871098)
(0 0 -0.0871101)
(-0.0866097 -0.0832145 0.266336)
(-0.0720733 -0.0534358 0.3376)
(-0.0320183 -0.0320183 0.423668)
(-0.0227113 -0.00956308 0.459734)
(-0.00810718 0.00810718 0.487778)
(-0.00956308 0.0227113 0.459734)
(-0.0170753 0.0331779 0.406421)
(-0.0310396 0.0424289 0.338288)
(-0.0560202 0.0224806 0.226849)
(-0.0560202 -0.0224806 0.226849)
(-0.0310396 -0.0424289 0.338288)
(-0.0170753 -0.0331779 0.406421)
(-0.00956308 -0.0227113 0.459734)
(-0.00810718 -0.00810718 0.487778)
)
;
    }
    walls
    {
        type            noSlip;
    }
}


// ************************************************************************* //
