/*--------------------------------*- C++ -*----------------------------------*\
| =========                 |                                                 |
| \\      /  F ield         | OpenFOAM: The Open Source CFD Toolbox           |
|  \\    /   O peration     | Version:  2412                                  |
|   \\  /    A nd           | Website:  www.openfoam.com                      |
|    \\/     M anipulation  |                                                 |
\*---------------------------------------------------------------------------*/
FoamFile
{
    version     2.0;
    format      ascii;
    arch        "LSB;label=32;scalar=64";
    class       surfaceScalarField;
    location    "0.99";
    object      phi;
}
// * * * * * * * * * * * * * * * * * * * * * * * * * * * * * * * * * * * * * //

dimensions      [0 3 -1 0 0 0 0];

oriented        oriented;

internalField   nonuniform List<scalar> 
11100
(
0.000560414
0.000560414
-0.00112083
0.00074782
0.000491896
-0.000679303
0.000494109
0.000402039
-0.000148327
0.000164254
0.000324285
5.57018e-06
7.27634e-10
0.000148121
1.61315e-05
-0.000164254
0.000148123
1.61317e-05
-0.000494113
0.000324288
5.57043e-06
-0.000747823
0.000402038
-0.000148328
-0.000560414
0.000491895
-0.000679304
0.000560414
-0.00112083
0.000491897
0.00074782
-0.000679303
0.000847727
0.000847726
-0.00071166
0.000787157
0.000750135
-0.000287525
0.000475879
0.000629567
5.99616e-06
-1.74317e-10
0.000334101
0.0002899
-0.00047588
0.000334104
0.000289898
-0.000787157
0.000629568
5.99768e-06
-0.000847729
0.000750135
-0.000287524
-0.000491898
0.000847726
-0.000711663
0.000747821
-0.000679305
0.000402038
0.000494109
-0.000148327
0.000750136
0.000787157
-0.000287529
0.00080759
0.00080759
-0.000114909
0.000633304
0.000723695
8.01573e-05
-8.25599e-10
0.000334523
0.000632883
-0.000633305
0.00033453
0.000632878
-0.000807589
0.000723698
8.0155e-05
-0.000750136
0.00080759
-0.000114909
-0.000402038
0.000787159
-0.000287532
0.000494111
-0.000148328
0.000324285
0.000164254
5.57068e-06
0.000629567
0.000475879
5.99577e-06
0.000723695
0.000633303
8.01589e-05
0.000551994
0.000551995
0.0003434
-8.88785e-10
0.000266224
0.000620293
-0.000551995
0.000266229
0.000620296
-0.000723696
0.000552003
0.000343396
-0.000629568
0.000633303
8.01585e-05
-0.000324286
0.000475879
5.99734e-06
0.000164254
5.57141e-06
0.000148122
4.67532e-10
1.61317e-05
0.000334104
-8.73238e-10
0.000289898
0.000334526
-3.25145e-09
0.000632884
0.000266225
-2.05435e-09
0.000620299
5.24802e-09
9.84722e-09
0.000532434
-0.000266224
1.00334e-08
0.000532448
-0.000334534
-2.06806e-09
0.000620315
-0.000334108
-3.60054e-09
0.000632881
-0.000148123
-1.14648e-09
0.000289895
4.15239e-10
1.61311e-05
0.000148124
-0.000164255
1.61309e-05
0.000334108
-0.00047588
0.000289895
0.000334536
-0.000633306
0.000632875
0.000266228
-0.000551999
0.000620305
5.37049e-09
-0.000266222
0.000532455
-0.000266228
-0.000266227
0.00053247
-0.000334544
-0.000552006
0.00062032
-0.000334112
-0.000633307
0.000632871
-0.000148125
-0.00047588
0.000289893
-0.000164255
1.61302e-05
0.000324289
-0.000494114
5.57019e-06
0.00062957
-0.000787158
5.99678e-06
0.0007237
-0.000807589
8.01534e-05
0.000552006
-0.000723698
0.000343392
-8.12781e-10
-0.000334537
0.000620322
-0.000552008
-0.000334543
0.000620323
-0.000723701
-0.000723701
0.000343388
-0.000629571
-0.00080759
8.01528e-05
-0.000324289
-0.00078716
5.99793e-06
-0.000494115
5.57083e-06
0.000402038
-0.000747824
-0.000148327
0.000750135
-0.000847729
-0.000287527
0.000807591
-0.000750136
-0.000114909
0.000633305
-0.000629568
8.01566e-05
-1.0543e-09
-0.000334108
0.000632877
-0.000633306
-0.00033411
0.000632871
-0.00080759
-0.00062957
8.01542e-05
-0.000750136
-0.000750136
-0.000114909
-0.000402037
-0.000847729
-0.000287529
-0.000747825
-0.000148327
0.000491894
-0.000560414
-0.000679304
0.000847727
-0.000491897
-0.000711664
0.000787159
-0.000402038
-0.00028753
0.000475878
-0.000324287
5.99811e-06
-5.17694e-10
-0.000148123
0.000289894
-0.000475879
-0.000148125
0.000289893
-0.000787159
-0.000324289
5.99883e-06
-0.000847728
-0.000402037
-0.000287529
-0.000491895
-0.000491895
-0.000711667
-0.000560415
-0.000679305
0.000560414
-0.00112083
0.000747822
-0.000679305
0.000494112
-0.000148327
0.000164254
5.57109e-06
5.84963e-10
1.61302e-05
-0.000164254
1.613e-05
-0.000494114
5.57116e-06
-0.000747824
-0.000148327
-0.000560415
-0.000679305
-0.00112083
0.000573201
0.000573201
-0.00226723
0.00111592
0.000471883
-0.0016939
0.00100021
0.000214745
-0.000247364
0.000678822
0.000135889
0.000191066
-7.08592e-09
0.00015114
0.000543821
-0.000678834
0.000151142
0.000543817
-0.00100021
0.00013589
0.00019106
-0.00111592
0.000214743
-0.000247366
-0.000573201
0.000471876
-0.0016939
0.000573201
-0.00226723
0.000471892
0.00111591
-0.00169391
0.00106787
0.00106788
-0.00190364
0.000999774
0.000938961
-0.000943643
0.00066716
0.000859372
-0.000384873
1.71116e-09
0.000627065
0.000481133
-0.000667153
0.000627066
0.000481129
-0.000999759
0.000859367
-0.000384874
-0.00106786
0.000938963
-0.000943639
-0.000471897
0.00106789
-0.00190365
0.00111592
-0.00169392
0.000214747
0.00100021
-0.000247365
0.00093896
0.000999794
-0.000943653
0.000944492
0.000944494
-0.000125974
0.000583282
0.000921445
0.000379294
-1.89774e-09
0.000491601
0.00135163
-0.000583282
0.000491604
0.00135162
-0.000944486
0.000921439
0.000379287
-0.000938957
0.000944497
-0.000125973
-0.000214748
0.000999812
-0.000943659
0.00100021
-0.00024737
0.000135889
0.000678823
0.000191065
0.000859376
0.000667175
-0.000384872
0.000921449
0.000583285
0.000379294
0.000656683
0.000656682
0.000872931
-1.82121e-09
0.000471291
0.00129729
-0.000656683
0.00047129
0.00129729
-0.000921447
0.000656677
0.000872922
-0.000859374
0.000583288
0.000379295
-0.000135891
0.000667187
-0.000384861
0.000678829
0.000191063
0.00015114
-7.8917e-09
0.000543822
0.000627067
6.95901e-09
0.000481139
0.000491606
-9.48421e-10
0.00135163
0.000471293
-1.67762e-09
0.0012973
5.38822e-09
3.11364e-09
0.00147501
-0.000471291
2.80661e-09
0.00147503
-0.000491615
-2.41373e-09
0.00129732
-0.000627072
-1.23588e-09
0.00135163
-0.000151143
6.33343e-09
0.000481146
-7.08435e-09
0.000543824
0.000151144
-0.000678837
0.000543816
0.000627072
-0.000667159
0.000481133
0.000491612
-0.000583284
0.00135162
0.000471293
-0.000656681
0.0012973
5.10571e-09
-0.000471293
0.00147504
-0.000471292
-0.000471293
0.00147506
-0.000491621
-0.000656677
0.00129732
-0.000627076
-0.000583287
0.00135161
-0.000151145
-0.000667171
0.000481139
-0.000678841
0.000543819
0.000135891
-0.00100022
0.000191058
0.000859368
-0.000999766
-0.000384873
0.00092144
-0.000944485
0.000379283
0.000656677
-0.000921442
0.000872917
-2.52647e-09
-0.000491617
0.00129733
-0.000656678
-0.000491621
0.00129733
-0.000921439
-0.000921437
0.000872908
-0.000859367
-0.000944489
0.000379283
-0.000135893
-0.000999783
-0.000384865
-0.00100022
0.000191056
0.000214743
-0.00111592
-0.000247367
0.000938962
-0.00106787
-0.000943645
0.000944496
-0.000938955
-0.000125973
0.000583286
-0.00085937
0.000379295
-2.79013e-09
-0.000627074
0.00135162
-0.000583288
-0.000627075
0.00135161
-0.000944492
-0.000859366
0.000379286
-0.000938958
-0.000938956
-0.000125975
-0.000214743
-0.00106787
-0.000943653
-0.00111592
-0.000247369
0.00047188
-0.0005732
-0.0016939
0.00106789
-0.000471893
-0.00190365
0.000999805
-0.000214747
-0.000943654
0.00066718
-0.000135891
-0.000384855
-4.30144e-10
-0.000151143
0.000481145
-0.000667177
-0.000151145
0.00048114
-0.000999792
-0.000135893
-0.000384859
-0.00106788
-0.000214744
-0.000943654
-0.000471884
-0.000471887
-0.00190365
-0.0005732
-0.00169391
0.000573201
-0.00226723
0.00111592
-0.00169391
0.00100021
-0.000247369
0.000678829
0.000191063
-6.58658e-09
0.000543822
-0.00067884
0.000543818
-0.00100022
0.000191057
-0.00111592
-0.00024737
-0.0005732
-0.00169391
-0.00226723
0.000572868
0.000572866
-0.00341296
0.00122615
0.000385406
-0.00273259
0.000930369
0.000303213
-0.000254796
0.000662046
0.000119664
0.000339725
2.99249e-09
0.000106469
0.0010994
-0.00066204
0.000106466
0.00109939
-0.000930364
0.000119662
0.000339722
-0.00122615
0.000303206
-0.000254785
-0.000572869
0.000385407
-0.00273259
0.000572864
-0.00341296
0.000385404
0.00122615
-0.00273259
0.000655824
0.000655877
-0.00244453
0.000574827
0.000745082
-0.00130451
0.000460932
0.00102667
-0.00117799
1.70832e-08
0.000638759
0.000409757
-0.000460901
0.000638767
0.000409747
-0.000574782
0.00102668
-0.00117801
-0.000655791
0.000745093
-0.00130452
-0.000385403
0.000655914
-0.00244454
0.00122614
-0.0027326
0.000303225
0.000930369
-0.000254813
0.000745077
0.000574888
-0.00130451
0.000563429
0.000563435
0.00023732
0.000280407
0.000874473
0.000814518
-1.39806e-09
0.000471959
0.00179884
-0.000280403
0.000471966
0.00179882
-0.000563418
0.000874476
0.000814508
-0.000745068
0.000563449
0.000237322
-0.000303235
0.000574929
-0.00130451
0.000930369
-0.000254828
0.000119666
0.000662048
0.00033972
0.00102668
0.000460972
-0.00117797
0.000874476
0.000280417
0.000814512
0.000605599
0.000605599
0.00141068
-3.32825e-09
0.000507564
0.00186728
-0.000605599
0.000507567
0.00186729
-0.000874471
0.000605594
0.00141068
-0.00102667
0.000280424
0.000814523
-0.000119667
0.000460992
-0.00117793
0.000662049
0.000339715
0.000106473
5.05114e-09
0.00109939
0.000638765
3.21824e-08
0.000409787
0.000471965
2.90236e-09
0.00179885
0.000507567
-1.63103e-09
0.00186729
1.78641e-09
-6.02665e-09
0.00249014
-0.000507567
-4.2505e-09
0.00249017
-0.000471974
-2.60136e-09
0.00186732
-0.000638771
2.15825e-09
0.00179885
-0.000106473
3.07137e-08
0.000409811
5.26042e-09
0.00109939
0.000106467
-0.000662037
0.00109939
0.000638775
-0.000460914
0.000409771
0.000471977
-0.000280404
0.00179882
0.000507576
-0.000605596
0.0018673
3.81899e-09
-0.000507572
0.00249018
-0.000507573
-0.000507574
0.00249021
-0.000471984
-0.000605593
0.00186733
-0.000638779
-0.000280412
0.00179882
-0.000106468
-0.000460932
0.000409791
-0.000662038
0.00109939
0.000119663
-0.000930363
0.00033972
0.00102669
-0.000574803
-0.00117801
0.00087448
-0.000563416
0.0008145
0.000605595
-0.000874466
0.00141067
-4.17359e-09
-0.000471975
0.00186733
-0.000605597
-0.000471982
0.00186733
-0.000874475
-0.000874471
0.00141066
-0.00102668
-0.000563433
0.000814511
-0.000119665
-0.000574839
-0.00117797
-0.000930362
0.000339716
0.00030321
-0.00122615
-0.00025479
0.000745093
-0.00065581
-0.00130452
0.000563451
-0.000745066
0.000237318
0.000280417
-0.00102667
0.000814534
-3.19979e-09
-0.000638769
0.00179884
-0.000280416
-0.000638776
0.00179882
-0.000563442
-0.00102668
0.00081452
-0.000745083
-0.000745076
0.000237309
-0.000303217
-0.000655838
-0.00130452
-0.00122615
-0.000254801
0.000385405
-0.000572868
-0.00273259
0.000655888
-0.000385404
-0.00244454
0.000574902
-0.000303228
-0.0013045
0.000460968
-0.000119667
-0.00117793
1.23801e-08
-0.00010647
0.000409801
-0.000460942
-0.000106468
0.000409787
-0.00057486
-0.000119665
-0.00117796
-0.000655854
-0.000303219
-0.00130452
-0.000385405
-0.000385405
-0.00244453
-0.000572866
-0.00273259
0.000572865
-0.00341296
0.00122615
-0.0027326
0.000930368
-0.000254819
0.000662047
0.000339717
2.63983e-09
0.0010994
-0.00066204
0.00109939
-0.000930363
0.000339714
-0.00122615
-0.000254806
-0.000572865
-0.0027326
-0.00341296
0.000228258
0.000228258
-0.00386948
0.000783873
-1.96741e-05
-0.00326853
0.000709544
0.000352267
-0.000532734
0.00062345
4.15502e-05
0.000384268
3.44351e-09
6.93521e-05
0.00165349
-0.000623442
6.93498e-05
0.00165349
-0.000709535
4.15282e-05
0.000384287
-0.000783869
0.000352243
-0.000532694
-0.000228259
-1.96635e-05
-0.00326853
0.000228257
-0.00386948
-1.96918e-05
0.000783882
-0.00326853
7.70038e-05
7.70577e-05
-0.00263796
0.000149684
0.000467168
-0.0014921
8.98494e-06
0.000699839
-0.00169558
-1.83973e-08
0.000365998
0.000122114
-8.98297e-06
0.000365998
0.000122064
-0.00014964
0.000699822
-0.00169565
-7.69749e-05
0.000467169
-0.00149211
1.96988e-05
7.70883e-05
-0.00263797
0.000783886
-0.00326853
0.000352289
0.000709559
-0.000532779
0.000467193
0.000149727
-0.00149209
0.000240715
0.000240701
0.000690266
6.73241e-05
0.000662114
0.00102563
-3.68561e-09
0.000269312
0.00196285
-6.73222e-05
0.000269317
0.00196282
-0.000240714
0.000662111
0.00102561
-0.000467203
0.000240717
0.000690263
-0.000352307
0.000149748
-0.00149206
0.000709565
-0.000532815
4.15762e-05
0.000623458
0.000384244
0.000699873
8.99156e-06
-0.00169553
0.000662133
6.73326e-05
0.00102562
0.000522079
0.000522081
0.00169077
1.09416e-09
0.000417373
0.0022413
-0.000522074
0.000417377
0.0022413
-0.000662136
0.000522082
0.00169077
-0.00069989
6.73451e-05
0.00102565
-4.15951e-05
8.99998e-06
-0.00169548
0.000623462
0.000384223
6.93591e-05
6.16554e-09
0.00165349
0.000366009
-3.00016e-08
0.000122159
0.000269319
-2.05048e-09
0.00196287
0.000417374
6.00354e-09
0.00224131
2.07113e-09
-5.37716e-09
0.00332489
-0.000417371
-2.11115e-09
0.00332492
-0.000269322
5.55432e-09
0.00224135
-0.000366011
-3.11273e-09
0.00196288
-6.93623e-05
-2.77872e-08
0.000122189
6.61922e-09
0.00165349
6.93544e-05
-0.000623443
0.00165349
0.000366004
-8.98651e-06
0.000122078
0.000269325
-6.73252e-05
0.00196282
0.000417385
-0.00052207
0.00224131
5.58859e-09
-0.000417376
0.00332493
-0.000417378
-0.000417377
0.00332497
-0.000269326
-0.000522073
0.00224135
-0.000366005
-6.73383e-05
0.00196284
-6.93573e-05
-8.99292e-06
0.000122109
-0.000623446
0.00165349
4.15343e-05
-0.000709541
0.000384284
0.000699835
-0.00014965
-0.00169564
0.000662123
-0.000240706
0.00102559
0.000522085
-0.000662124
0.00169077
9.46963e-10
-0.000269318
0.00224135
-0.00052208
-0.000269322
0.00224135
-0.000662126
-0.000662125
0.00169076
-0.00069985
-0.000240726
0.00102562
-4.15514e-05
-0.00014967
-0.0016956
-0.000709545
0.000384264
0.000352246
-0.000783874
-0.000532703
0.000467183
-7.69974e-05
-0.00149211
0.000240729
-0.000467189
0.000690255
6.73429e-05
-0.000699875
0.00102567
-4.95529e-09
-0.000366003
0.00196287
-6.73419e-05
-0.000366002
0.00196283
-0.000240728
-0.000699859
0.00102564
-0.000467188
-0.000467191
0.000690234
-0.00035226
-7.70226e-05
-0.0014921
-0.000783877
-0.000532729
-1.96717e-05
-0.000228259
-0.00326853
7.7062e-05
1.96899e-05
-0.00263796
0.000149725
-0.000352293
-0.00149206
9.00037e-06
-4.15841e-05
-0.00169549
-1.79627e-08
-6.9357e-05
0.000122173
-8.99822e-06
-6.9355e-05
0.00012212
-0.000149686
-4.15628e-05
-0.00169556
-7.70353e-05
-0.000352268
-0.00149209
1.96777e-05
1.96807e-05
-0.00263795
-0.000228259
-0.00326853
0.000228258
-0.00386948
0.000783883
-0.00326853
0.000709559
-0.000532788
0.000623458
0.000384235
2.45649e-09
0.00165349
-0.00062345
0.00165349
-0.000709548
0.00038425
-0.000783879
-0.000532744
-0.000228259
-0.00326854
-0.00386948
0.00011719
0.000117189
-0.00410386
0.000576758
-0.000246359
-0.00348174
0.000526542
0.000495529
-0.000978047
0.000622651
0.00042558
-0.000137421
1.06762e-08
0.000210359
0.00206577
-0.000622638
0.00021039
0.00206575
-0.00052653
0.000425559
-0.00013738
-0.000576748
0.000495515
-0.000977991
-0.00011719
-0.000246338
-0.00348175
0.000117189
-0.00410386
-0.000246397
0.000576781
-0.00348172
-0.000245245
-0.000245188
-0.00264028
-2.65464e-05
0.000340055
-0.00155532
0.000108879
0.000372847
-0.00177827
-8.25484e-09
0.000124093
0.000317267
-0.000108876
0.000124122
0.0003172
2.65636e-05
0.000372806
-0.00177834
0.000245269
0.000340007
-0.00155531
0.000246411
-0.00024516
-0.00264029
0.000576795
-0.00348172
0.000495533
0.000526569
-0.0009781
0.00034015
-2.6532e-05
-0.00155536
0.000127422
0.00012733
0.00111572
7.52365e-05
0.000384122
0.00106654
-2.46469e-09
6.51069e-05
0.00209708
-7.5234e-05
6.51205e-05
0.00209706
-0.000127473
0.000384107
0.00106655
-0.000340211
0.00012729
0.00111572
-0.000495538
-2.65338e-05
-0.00155536
0.000526586
-0.000978144
0.000425601
0.000622661
-0.000137448
0.000372912
0.00010887
-0.00177824
0.000384156
7.52421e-05
0.00106646
0.000454188
0.000454199
0.00155066
6.56884e-09
0.00032979
0.0024308
-0.000454175
0.000329794
0.00243081
-0.000384177
0.000454208
0.00155067
-0.000372958
7.52523e-05
0.00106647
-0.000425629
0.000108875
-0.00177822
0.000622665
-0.000137485
0.000210339
1.82601e-08
0.00206579
0.000124067
-1.01871e-08
0.000317312
6.50952e-05
-3.63519e-09
0.00209709
0.000329789
1.49012e-08
0.0024308
4.25265e-09
-1.3702e-09
0.00398447
-0.000329784
2.64619e-09
0.0039845
-6.50869e-05
1.54647e-08
0.00243085
-0.000124061
-4.39232e-09
0.00209711
-0.000210345
-9.27415e-09
0.000317358
1.78022e-08
0.00206579
0.000210383
-0.000622637
0.00206576
0.000124108
-0.000108863
0.000317206
6.5117e-05
-7.52392e-05
0.00209705
0.0003298
-0.000454176
0.00243082
8.72459e-09
-0.00032979
0.00398451
-0.000329791
-0.00032979
0.00398456
-6.51065e-05
-0.000454185
0.00243087
-0.000124097
-7.52516e-05
0.00209707
-0.000210382
-0.000108867
0.000317252
-0.000622641
0.00206577
0.000425552
-0.000526543
-0.000137362
0.000372829
2.65598e-05
-0.00177834
0.000384123
-0.000127444
0.0010665
0.00045421
-0.000384166
0.00155067
7.28318e-09
-6.50864e-05
0.00243085
-0.000454196
-6.50981e-05
0.00243086
-0.000384143
-0.000384155
0.00155068
-0.000372868
-0.000127414
0.00106651
-0.00042557
2.65581e-05
-0.00177832
-0.000526553
-0.000137394
0.000495509
-0.000576759
-0.000977996
0.000340043
0.000245239
-0.00155532
0.000127324
-0.000340179
0.00111571
7.52535e-05
-0.00037294
0.00106652
-2.52201e-09
-0.000124069
0.00209711
-7.52515e-05
-0.000124092
0.00209708
-0.000127373
-0.000372899
0.00106651
-0.000340096
-0.000340136
0.00111568
-0.000495513
0.000245212
-0.00155533
-0.000576768
-0.000978026
-0.000246352
-0.00011719
-0.00348175
-0.000245183
0.000246389
-0.00264028
-2.65451e-05
-0.000495536
-0.00155535
0.000108884
-0.000425622
-0.00177824
-8.24288e-09
-0.000210358
0.000317354
-0.000108882
-0.000210383
0.000317285
2.65578e-05
-0.000425596
-0.00177831
0.0002452
-0.000495523
-0.00155535
0.000246362
0.000246368
-0.00264027
-0.00011719
-0.00348175
0.000117189
-0.00410386
0.000576783
-0.00348174
0.000526571
-0.000978111
0.000622659
-0.000137475
8.77042e-09
0.00206579
-0.000622646
0.00206576
-0.000526555
-0.000137438
-0.000576772
-0.000978049
-0.00011719
-0.00348175
-0.00410386
5.83401e-05
5.83397e-05
-0.00422054
0.000490175
-0.000323121
-0.00359045
0.000311787
0.00048925
-0.00128891
0.000420101
0.000826273
-0.00107201
2.16699e-08
0.0004827
0.00200315
-0.000420085
0.00048274
0.00200312
-0.000311782
0.000826265
-0.00107195
-0.000490163
0.000489269
-0.00128888
-5.83406e-05
-0.000323104
-0.00359047
5.83397e-05
-0.00422054
-0.000323154
0.000490206
-0.00359043
-0.000392792
-0.000392741
-0.00250103
-0.000232365
0.000245758
-0.00147225
-5.69685e-05
0.000203342
-0.00133074
6.19719e-09
-1.66348e-05
0.000759627
5.69665e-05
-1.65894e-05
0.000759569
0.000232368
0.000203313
-0.00133078
0.000392812
0.000245704
-0.00147219
0.000323169
-0.000392718
-0.00250103
0.000490225
-0.00359044
0.000489222
0.000311826
-0.00128894
0.00024586
-0.000232358
-0.00147238
0.0001546
0.000154468
0.00129827
0.000178119
0.000224051
0.00102232
-4.46537e-09
-4.05308e-05
0.0022991
-0.000178122
-4.05133e-05
0.0022991
-0.000154682
0.000224041
0.00102238
-0.000245935
0.000154372
0.0012983
-0.000489199
-0.000232376
-0.00147244
0.000311858
-0.00128898
0.000826269
0.000420121
-0.00107201
0.000203417
-5.69712e-05
-0.00133078
0.000224089
0.000178102
0.00102216
0.000400458
0.000400476
0.00119787
9.92441e-09
0.000272652
0.00251807
-0.00040044
0.000272656
0.00251809
-0.000224126
0.000400488
0.0011979
-0.000203482
0.000178078
0.00102212
-0.000826263
-5.69807e-05
-0.00133083
0.000420138
-0.00107203
0.000482685
3.66152e-08
0.00200319
-1.66443e-05
6.52724e-09
0.000759663
-4.05406e-05
-1.2044e-08
0.0022991
0.000272651
2.24464e-08
0.00251807
5.94649e-09
3.32725e-09
0.00452976
-0.000272647
7.7841e-09
0.0045298
4.05459e-05
2.40142e-08
0.00251812
1.66102e-05
-1.354e-08
0.00229914
-0.000482716
4.13171e-09
0.0007597
3.43945e-08
0.00200318
0.000482744
-0.000420092
0.00200314
-1.65722e-05
5.69583e-05
0.00075957
-4.05115e-05
-0.000178113
0.00229909
0.000272662
-0.000400442
0.00251811
1.08226e-08
-0.000272653
0.00452981
-0.000272651
-0.000272652
0.00452988
4.05202e-05
-0.000400452
0.00251817
1.6549e-05
-0.000178099
0.00229913
-0.000482763
5.69595e-05
0.000759609
-0.000420108
0.00200314
0.000826258
-0.000311809
-0.0010719
0.000203359
0.00023236
-0.00133084
0.000224063
-0.000154644
0.00102233
0.000400484
-0.00022413
0.00119794
1.11486e-08
4.05423e-05
0.00251813
-0.000400465
4.05282e-05
0.00251816
-0.000224093
-0.000224119
0.00119797
-0.000203407
-0.000154568
0.00102229
-0.000826243
0.000232369
-0.00133089
-0.000311835
-0.00107191
0.000489261
-0.00049018
-0.00128889
0.000245745
0.000392782
-0.00147223
0.000154402
-0.000245924
0.00129833
0.000178072
-0.000203484
0.0010222
-4.21592e-09
1.65683e-05
0.00229916
-0.00017808
1.65318e-05
0.00229915
-0.000154489
-0.000203447
0.00102224
-0.000245815
-0.000245879
0.00129832
-0.000489247
0.000392758
-0.00147229
-0.000490197
-0.00128891
-0.000323114
-5.83407e-05
-0.00359048
-0.000392732
0.00032315
-0.00250103
-0.000232385
-0.000489225
-0.00147239
-5.69802e-05
-0.000826262
-0.00133087
4.49152e-09
-0.000482756
0.000759694
5.69737e-05
-0.000482788
0.000759636
0.000232379
-0.000826242
-0.00133092
0.000392744
-0.00048925
-0.00147234
0.000323127
0.000323134
-0.00250103
-5.83408e-05
-0.00359048
5.83401e-05
-0.00422054
0.000490211
-0.00359046
0.000311838
-0.00128896
0.000420126
-0.00107202
1.78064e-08
0.00200314
-0.000420111
0.0020031
-0.000311833
-0.00107196
-0.000490202
-0.00128893
-5.83406e-05
-0.00359048
-0.00422054
2.70925e-05
2.70918e-05
-0.00427472
0.000426254
-0.000388376
-0.00360124
0.000207801
0.000333772
-0.00140423
0.00021131
0.000296099
-0.00137162
4.05376e-08
0.000734247
0.00148017
-0.000211288
0.000734243
0.0014802
-0.000207808
0.00029612
-0.00137155
-0.000426243
0.000333785
-0.00140423
-2.7094e-05
-0.000388363
-0.00360126
2.70919e-05
-0.00427472
-0.000388413
0.000426289
-0.00360122
-0.000538676
-0.000538616
-0.00220052
-0.000500172
0.000117802
-0.00129479
-0.000436467
-0.000148018
-0.000950325
2.95101e-09
-0.000103155
0.00116056
0.000436456
-0.000103138
0.0011605
0.000500174
-0.000148012
-0.000950371
0.000538708
0.000117717
-0.00129465
0.000388437
-0.000538599
-0.00220052
0.000426311
-0.00360122
0.000333769
0.000207836
-0.00140426
0.000117934
-0.000500173
-0.00129499
0.000232052
0.000231909
0.00107004
0.00030978
6.45427e-05
0.000732027
-1.27724e-08
-2.39407e-05
0.00252968
-0.000309795
-2.39182e-05
0.00252966
-0.000232173
6.45978e-05
0.00073215
-0.000118042
0.000231805
0.00107008
-0.000333756
-0.000500217
-0.00129511
0.000207878
-0.0014043
0.000296131
0.000211355
-0.00137166
-0.000147942
-0.000436484
-0.000950391
6.45245e-05
0.000309754
0.000731847
0.000257227
0.000257274
0.000812431
1.29999e-08
0.000218196
0.00253314
-0.000257209
0.000218205
0.00253319
-6.45666e-05
0.000257324
0.000812536
0.000147847
0.000309738
0.000731772
-0.00029617
-0.000436522
-0.000950508
0.000211393
-0.00137171
0.000734291
6.63835e-08
0.00148019
-0.000103117
-9.12781e-10
0.00116059
-2.3953e-05
-2.8891e-08
0.00252972
0.000218192
3.03852e-08
0.00253316
1.1225e-08
1.03064e-08
0.00496613
-0.000218185
1.49857e-08
0.00496619
2.39562e-05
3.11221e-08
0.00253327
0.00010307
-3.09604e-08
0.0025298
-0.000734351
-4.08143e-09
0.0011606
6.21042e-08
0.00148016
0.000734286
-0.000211312
0.00148024
-0.000103084
0.000436456
0.00116048
-2.39139e-05
-0.000309789
0.00252968
0.000218213
-0.000257235
0.00253325
1.64348e-08
-0.000218195
0.00496622
-0.000218199
-0.000218198
0.00496631
2.39216e-05
-0.000257276
0.00253336
0.000103037
-0.000309779
0.00252976
-0.000734345
0.000436481
0.00116051
-0.000211345
0.00148021
0.00029617
-0.000207834
-0.00137155
-0.000147931
0.000500172
-0.000950459
6.46311e-05
-0.000232149
0.000732129
0.000257328
-6.46251e-05
0.00081263
1.30114e-08
2.39472e-05
0.0025333
-0.000257306
2.39295e-05
0.00253335
-6.4658e-05
-6.4665e-05
0.000812713
0.000147859
-0.000232058
0.000732055
-0.000296199
0.000500198
-0.000950552
-0.000207869
-0.00137158
0.000333802
-0.000426265
-0.00140426
0.000117776
0.000538677
-0.00129471
0.000231861
-0.000118029
0.00107013
0.000309748
0.000147805
0.000731883
-1.24077e-08
0.000103042
0.00252982
-0.000309765
0.000103027
0.0025298
-0.000231981
0.000147813
0.000731981
-0.00011788
-0.000117953
0.00107011
-0.000333803
0.000538655
-0.00129482
-0.000426289
-0.00140429
-0.000388377
-2.70944e-05
-0.00360127
-0.000538615
0.00038842
-0.00220053
-0.000500223
-0.000333779
-0.00129503
-0.000436538
-0.000296195
-0.000950551
1.05118e-09
-0.000734381
0.00116058
0.000436518
-0.000734377
0.00116052
0.000500208
-0.00029621
-0.000950585
0.000538635
-0.000333807
-0.00129491
0.000388397
0.000388409
-0.00220054
-2.70948e-05
-0.00360128
2.70926e-05
-0.00427473
0.000426296
-0.00360124
0.000207861
-0.00140431
0.000211359
-0.00137172
3.49121e-08
0.00148008
-0.000211335
0.0014801
-0.00020787
-0.00137163
-0.000426294
-0.00140431
-2.7094e-05
-0.00360127
-0.00427473
-2.6223e-05
-2.62225e-05
-0.00422228
0.000360285
-0.000434129
-0.00355362
0.00013869
0.000237217
-0.00141985
-0.000243949
0.00010643
-0.00109541
3.39844e-08
0.000565776
0.000670415
0.000243969
0.000565777
0.000670488
-0.000138694
0.00010649
-0.00109538
-0.000360271
0.000237207
-0.00141986
2.62207e-05
-0.000434124
-0.00355363
-2.62242e-05
-0.00422228
-0.00043416
0.000360319
-0.0035536
-0.000610944
-0.000610887
-0.00184698
-0.000604047
1.90959e-05
-0.00108356
-0.000520668
-0.000413968
-0.000513307
-3.03371e-09
-0.000247824
0.0014535
0.000520668
-0.000247778
0.00145338
0.000604067
-0.000413861
-0.000513418
0.000610987
1.90206e-05
-0.00108339
0.000434189
-0.00061088
-0.00184697
0.000360332
-0.00355359
0.000237241
0.000138723
-0.0014199
1.91985e-05
-0.000604027
-0.00108381
8.9241e-05
8.91261e-05
0.000929971
0.000250868
-0.00031783
0.000474262
-2.38507e-08
-2.07686e-05
0.00255351
-0.000250912
-2.07254e-05
0.00255349
-8.93685e-05
-0.000317652
0.000474397
-1.92744e-05
8.90687e-05
0.000929941
-0.000237237
-0.000604061
-0.00108396
0.000138767
-0.00141997
0.000106428
-0.000243894
-0.00109547
-0.000414007
-0.00052069
-0.000513293
-0.000317972
0.000250834
0.000474104
-6.83935e-05
-6.82881e-05
0.000313311
2.67748e-08
0.000127905
0.00231605
6.843e-05
0.000127926
0.00231613
0.000317971
-6.81804e-05
0.000313524
0.000413961
0.000250836
0.000474014
-0.000106462
-0.000520761
-0.000513385
-0.000243843
-0.00109557
0.000565861
5.86649e-08
0.000670373
-0.000247795
8.69227e-10
0.00145355
-2.07948e-05
-4.38581e-08
0.00255359
0.00012788
6.27165e-08
0.00231614
2.71744e-08
3.98148e-08
0.00522185
-0.000127853
4.08618e-08
0.00522196
2.07976e-05
5.84751e-08
0.00231638
0.000247759
-4.62201e-08
0.00255372
-0.000565924
-5.51182e-09
0.00145353
5.64392e-08
0.000670335
0.000565874
0.000243938
0.000670482
-0.000247704
0.000520694
0.00145337
-2.07138e-05
-0.000250921
0.00255357
0.000127928
6.8383e-05
0.00231629
2.90021e-08
-0.000127865
0.00522202
-0.000127896
-0.000127882
0.00522216
2.07235e-05
6.82861e-05
0.00231651
0.000247671
-0.00025092
0.00255369
-0.000565939
0.000520751
0.00145336
0.000243896
0.000670428
0.000106537
-0.000138716
-0.00109543
-0.000413795
0.000604054
-0.000513488
-0.000317614
-8.93675e-05
0.000474394
-6.81731e-05
0.000317833
0.000313739
2.16491e-08
2.0776e-05
0.00231647
6.82153e-05
2.07407e-05
0.00231654
0.000317634
0.000317685
0.000313895
0.000413772
-8.93088e-05
0.000474306
-0.000106556
0.000604071
-0.000513543
-0.000138751
-0.00109549
0.000237231
-0.000360291
-0.00141991
1.90702e-05
0.000610966
-0.00108346
8.91575e-05
-1.92462e-05
0.000929918
0.000250875
0.000413857
0.000474142
-2.26996e-08
0.000247737
0.00255376
-0.000250911
0.000247697
0.00255374
-8.92726e-05
0.000413775
0.000474253
-1.91459e-05
-1.91809e-05
0.000929857
-0.000237245
0.00061095
-0.0010836
-0.000360311
-0.00141998
-0.000434138
2.62177e-05
-0.00355364
-0.000610899
0.000434179
-0.00184698
-0.000604067
-0.000237237
-0.00108387
-0.000520779
-0.000106509
-0.000513474
-7.3597e-09
-0.00056591
0.00145345
0.000520768
-0.000565913
0.00145336
0.00060407
-0.000106559
-0.000513552
0.000610929
-0.00023725
-0.0010837
0.000434162
0.000434174
-0.001847
2.62162e-05
-0.00355364
-2.62247e-05
-0.00422228
0.000360316
-0.00355361
0.000138759
-0.00141999
-0.000243878
-0.00109559
3.01164e-08
0.000670263
0.000243902
0.000670311
-0.000138763
-0.00109553
-0.000360314
-0.00142001
2.622e-05
-0.00355363
-0.00422229
-3.98888e-05
-3.98902e-05
-0.0041425
0.000237648
-0.00044914
-0.00338201
0.000132498
0.000146555
-0.00146126
-0.000306847
-5.176e-05
-0.000604302
2.00709e-08
9.85202e-05
0.000265028
0.000306845
9.85807e-05
0.000265082
-0.000132499
-5.17558e-05
-0.000604277
-0.000237621
0.000146512
-0.00146125
3.98935e-05
-0.000449144
-0.003382
-3.98989e-05
-0.00414249
-0.000449166
0.000237681
-0.003382
-0.000639181
-0.00063915
-0.00146696
-0.000729166
-0.00013574
-0.000711285
-0.000628828
-0.000646245
-1.91605e-05
1.41345e-09
-0.000421444
0.00134463
0.00062882
-0.000421341
0.00134449
0.000729164
-0.000646235
-1.92832e-05
0.000639217
-0.000135842
-0.000711085
0.0004492
-0.000639167
-0.00146693
0.000237685
-0.00338197
0.00014659
0.000132525
-0.00146134
-0.000135648
-0.00072918
-0.000711539
-0.000254789
-0.000254835
0.00116821
-0.000106112
-0.000748711
0.000428052
-1.72401e-08
-0.000161963
0.00218794
0.000106076
-0.000161862
0.00218792
0.000254749
-0.000748583
0.000428072
0.000135631
-0.00025488
0.0011681
-0.00014657
-0.000729244
-0.000711687
0.000132569
-0.00146143
-5.17505e-05
-0.000306832
-0.000604364
-0.000646233
-0.000628845
-1.91461e-05
-0.000748805
-0.000106141
0.000427982
-0.000502814
-0.00050268
-0.000178711
5.82032e-08
-4.44761e-05
0.00169569
0.000502877
-4.44281e-05
0.00169588
0.00074881
-0.00050255
-0.000178441
0.000646221
-0.000106167
0.000427891
5.17442e-05
-0.000628923
-1.92303e-05
-0.000306785
-0.000604467
9.85611e-05
3.59495e-08
0.000264943
-0.000421457
9.07551e-09
0.00134472
-0.000162023
-2.37334e-08
0.00218804
-4.45575e-05
1.25741e-07
0.00169587
5.15738e-08
8.931e-08
0.00513268
4.46222e-05
8.5844e-08
0.00513287
0.000162008
1.13361e-07
0.00169633
0.00042141
-2.78706e-08
0.00218818
-9.86224e-05
3.84805e-09
0.00134463
3.77885e-08
0.00026489
9.86688e-05
0.00030684
0.000265009
-0.000421266
0.000628831
0.00134448
-0.000161827
0.000106082
0.00218802
-4.44434e-05
0.000502826
0.0016962
4.89773e-08
4.45994e-05
0.00513302
4.4509e-05
4.45506e-05
0.00513323
0.000161828
0.000502703
0.0016966
0.000421236
0.000106112
0.00218814
-9.87162e-05
0.000628895
0.00134442
0.000306806
0.000264943
-5.17529e-05
-0.000132513
-0.000604328
-0.000646232
0.000729166
-1.93434e-05
-0.000748582
0.000254764
0.000428062
-0.000502568
0.00074873
-0.000178179
4.60762e-08
0.000161952
0.0016965
0.000502635
0.000161866
0.00169663
0.000748607
0.000748628
-0.000178001
0.000646226
0.000254816
0.000427983
5.175e-05
0.000729211
-1.93829e-05
-0.000132544
-0.000604393
0.000146517
-0.00023763
-0.00146131
-0.000135827
0.000639215
-0.000711166
-0.000254864
0.000135706
0.00116801
-0.000106159
0.000646223
0.000427944
-1.75306e-08
0.000421366
0.00218821
0.000106132
0.000421281
0.00218817
0.000254835
0.000646221
0.000427957
0.000135799
0.00013579
0.00116792
-0.000146521
0.000639221
-0.000711295
-0.000237639
-0.00146141
-0.00044916
3.98948e-05
-0.003382
-0.000639184
0.000449198
-0.00146694
-0.000729245
-0.000146535
-0.000711572
-0.000628937
5.1751e-05
-1.93101e-05
-2.91506e-09
-9.8604e-05
0.00134449
0.000628919
-9.86497e-05
0.00134437
0.000729227
5.17485e-05
-1.93882e-05
0.000639209
-0.000146517
-0.000711376
0.000449188
0.000449199
-0.00146696
3.98994e-05
-0.00338199
-3.9901e-05
-0.00414249
0.000237669
-0.00338198
0.000132573
-0.00146143
-0.000306773
-0.000604492
1.98021e-08
0.000264866
0.000306778
0.000264903
-0.000132571
-0.000604428
-0.000237651
-0.00146145
3.99012e-05
-0.00338198
-0.00414249
3.96524e-06
3.96425e-06
-0.00415043
0.000109044
-0.000441823
-0.00304527
9.60631e-05
5.1985e-05
-0.00150026
-0.000248652
-0.000157441
-0.000102146
3.46642e-09
-0.000210544
0.000226916
0.000248642
-0.000210497
0.000226941
-9.60419e-05
-0.000157491
-0.000102102
-0.000109005
5.1916e-05
-0.0015002
-3.94298e-06
-0.000441827
-0.00304523
3.93852e-06
-0.00415037
-0.000441849
0.000109078
-0.00304527
-0.000644222
-0.00064419
-0.00106222
-0.000821414
-0.000227445
-0.000254662
-0.000732107
-0.000657028
0.000391119
-1.78432e-08
-0.000621157
0.00102315
0.000732071
-0.000621063
0.00102296
0.000821412
-0.000657122
0.000391007
0.000644271
-0.000227575
-0.000254454
0.000441892
-0.000644209
-0.00106217
0.000109081
-0.00304522
5.20166e-05
9.60909e-05
-0.00150037
-0.000227383
-0.000821433
-0.000254895
-0.000516341
-0.000516391
0.00174611
-0.000555021
-0.000870549
0.000680253
-1.07985e-08
-0.000535343
0.00154711
0.000555022
-0.000535255
0.00154708
0.00051638
-0.000870624
0.000680217
0.000227437
-0.000516519
0.00174598
-5.19796e-05
-0.000821492
-0.000254987
9.61294e-05
-0.00150045
-0.000157423
-0.000248639
-0.000102212
-0.000656992
-0.000732133
0.000391123
-0.000870516
-0.000555054
0.000680168
-0.000804686
-0.000804657
-0.000310435
4.671e-08
-0.000318371
0.000673985
0.000804732
-0.000318333
0.000674275
0.000870555
-0.000804663
-0.000310226
0.000657054
-0.000555142
0.000680015
0.000157452
-0.000732184
0.000391064
-0.000248585
-0.0001023
-0.000210573
8.28937e-09
0.00022687
-0.000621215
-2.42096e-08
0.00102325
-0.000535414
-1.46014e-08
0.0015472
-0.000318472
9.07553e-08
0.000674178
7.90101e-08
1.46583e-07
0.00449561
0.00031856
1.35154e-07
0.00449592
0.000535425
8.0899e-08
0.00067472
0.000621215
-1.53845e-08
0.00154726
0.000210562
-2.2778e-08
0.00102313
1.55106e-08
0.000226852
-0.000210493
0.000248633
0.000226878
-0.00062105
0.000732068
0.00102294
-0.000535253
0.000555059
0.00154715
-0.000318379
0.000804737
0.000674684
6.85168e-08
0.000318535
0.00449618
0.00031846
0.000318489
0.00449649
0.000535283
0.000804738
0.000675123
0.000621069
0.000555146
0.00154719
0.000210495
0.000732114
0.00102286
0.000248601
0.000226852
-0.00015753
-9.60371e-05
-0.000102128
-0.000657199
0.000821418
0.000390976
-0.000870704
0.000516456
0.000680169
-0.000804687
0.000870617
-0.000310076
3.72453e-08
0.000535374
0.000674937
0.000804726
0.000535306
0.000675127
0.000870741
0.000870696
-0.000309975
0.000657256
0.000516575
0.000680039
0.000157562
0.000821457
0.000390968
-9.60483e-05
-0.000102181
5.18978e-05
-0.000108998
-0.00150025
-0.000227619
0.000644276
-0.000254506
-0.000516583
0.000227536
0.0017459
-0.000555193
0.000657156
0.000680015
-9.36421e-09
0.000621187
0.00154721
0.000555195
0.000621114
0.00154716
0.000516612
0.000657247
0.000679989
0.000227652
0.000227641
0.00174581
-5.18779e-05
0.000644281
-0.000254588
-0.000108994
-0.00150034
-0.000441845
-3.92745e-06
-0.00304523
-0.000644234
0.000441894
-0.00106217
-0.000821494
-5.19306e-05
-0.000254846
-0.000732187
0.000157506
0.000391034
-1.50667e-08
0.000210561
0.00102294
0.00073215
0.000210527
0.00102279
0.000821475
0.000157558
0.000390975
0.000644269
-5.18768e-05
-0.000254653
0.000441879
0.000441891
-0.00106218
-3.9037e-06
-0.0030452
3.93232e-06
-0.00415035
0.000109069
-0.00304522
9.61342e-05
-0.00150042
-0.000248567
-0.000102286
9.43944e-09
0.000226851
0.000248573
0.000226866
-9.60897e-05
-0.000102207
-0.000109025
-0.00150039
-3.91527e-06
-0.0030452
-0.00415031
-5.43089e-06
-5.41577e-06
-0.00413958
-6.95425e-05
-0.000388077
-0.00259308
5.08145e-05
-2.01146e-05
-0.0016005
-0.000126891
-0.000105707
0.000181267
-8.32574e-09
-0.00023598
0.000336014
0.000126881
-0.000235951
0.000336002
-5.07794e-05
-0.000105785
0.000181343
6.95952e-05
-2.01729e-05
-0.0016004
5.45023e-06
-0.000388073
-0.00259301
-5.41511e-06
-0.0041395
-0.0003881
-6.949e-05
-0.00259309
-0.000586633
-0.00058661
-0.00066515
-0.000796659
-0.000191718
0.000126968
-0.000660016
-0.000505427
0.000654196
-4.74211e-08
-0.000580163
0.000707368
0.000659924
-0.000580135
0.000707177
0.000796626
-0.000505568
0.000654089
0.000586682
-0.000191854
0.000127172
0.000388141
-0.00058662
-0.00066508
-6.9459e-05
-0.00259304
-2.00951e-05
5.08399e-05
-0.0016006
-0.000191673
-0.000796704
0.000126777
-0.000570466
-0.000570512
0.0025037
-0.000752578
-0.00074309
0.00110003
-3.16e-08
-0.000630433
0.000844838
0.000752566
-0.000630479
0.000844824
0.000570523
-0.000743234
0.00109993
0.000191742
-0.000570665
0.00250357
2.01286e-05
-0.000796738
0.000126745
5.08789e-05
-0.00160066
-0.000105699
-0.000126882
0.000181209
-0.000505411
-0.000660085
0.000654216
-0.000743063
-0.000752608
0.00109992
-0.000707679
-0.000707732
-0.000381177
1.5301e-08
-0.00055926
-0.000104882
0.000707722
-0.000559287
-0.000104624
0.00074315
-0.000707908
-0.000380979
0.000505538
-0.000752711
0.00109967
0.00010576
-0.000660113
0.000654216
-0.000126837
0.000181176
-0.000236036
-1.17799e-08
0.000336036
-0.000580259
-7.09665e-08
0.000707458
-0.000630481
-4.56054e-08
0.000844862
-0.000559317
3.1549e-08
-0.00010475
6.02388e-08
1.08072e-07
0.00337686
0.000559403
9.03926e-08
0.0033772
0.000630583
2.18358e-08
-0.00010439
0.000580355
-3.50117e-08
0.000844813
0.000236064
-6.17656e-08
0.000707365
-1.01205e-09
0.00033608
-0.000235992
0.00012687
0.000335988
-0.000580227
0.000659935
0.000707174
-0.000630579
0.000752603
0.000844858
-0.000559357
0.000707816
-0.000104322
4.36398e-08
0.000559407
0.00337748
0.000559428
0.000559417
0.00337778
0.000630676
0.000707957
-0.000104061
0.000580324
0.000752711
0.0008448
0.000236026
0.000659971
0.000707124
0.00012685
0.000336027
-0.000105844
-5.07669e-05
0.000181353
-0.00050568
0.000796645
0.000654102
-0.000743322
0.000570607
0.00109981
-0.000707947
0.000743251
-0.000380886
3.52667e-09
0.000630608
-0.000104215
0.000707952
0.00063065
-0.000104054
0.000743375
0.000743366
-0.000380806
0.000505788
0.000570738
0.0010996
0.000105907
0.000796671
0.000654149
-5.07669e-05
0.000181343
-2.0193e-05
6.96058e-05
-0.00160043
-0.000191912
0.000586698
0.00012716
-0.000570728
0.000191825
0.0025035
-0.000752744
0.000505651
0.00109963
-2.10155e-08
0.000580361
0.000844734
0.000752736
0.000580337
0.000844716
0.000570761
0.000505776
0.00109955
0.000191955
0.000191931
0.00250343
2.02149e-05
0.000586694
0.000127129
6.9603e-05
-0.00160049
-0.000388082
5.45616e-06
-0.002593
-0.000586632
0.000388148
-0.000665072
-0.000796706
2.01605e-05
0.000126893
-0.000660065
0.000105812
0.000654231
-3.70552e-08
0.000236061
0.000707215
0.000659986
0.000236038
0.000707064
0.000796669
0.000105894
0.000654174
0.000586671
2.02088e-05
0.000127068
0.000388113
0.000388133
-0.000665058
5.4612e-06
-0.00259295
-5.41945e-06
-0.00413947
-6.94646e-05
-0.00259303
5.08897e-05
-0.00160062
-0.000126815
0.000181231
2.24129e-09
0.000336094
0.000126827
0.00033608
-5.0816e-05
0.00018133
6.95429e-05
-0.00160054
5.44024e-06
-0.00259296
-0.00413941
-4.04964e-05
-4.04633e-05
-0.00405862
-0.00020761
-0.000313927
-0.00211204
-3.72429e-05
-3.20049e-05
-0.00173886
-6.17371e-05
-4.88084e-05
0.000254569
-1.11176e-08
-0.000203389
0.000477677
6.17176e-05
-0.000203363
0.000477636
3.72536e-05
-4.8862e-05
0.000254669
0.000207649
-3.20515e-05
-0.00173875
4.05197e-05
-0.000313925
-0.00211196
-4.0445e-05
-0.00405854
-0.00031394
-0.000207557
-0.00211206
-0.000510728
-0.00051071
-0.000271579
-0.000677653
-8.75309e-05
0.000349418
-0.000404375
-0.000276814
0.000608924
-1.75226e-08
-0.000376984
0.000476605
0.000404324
-0.00037698
0.000476453
0.000677628
-0.000276927
0.00060885
0.000510763
-8.76406e-05
0.000349626
0.000313972
-0.00051071
-0.000271505
-0.000207519
-0.00211199
-3.19835e-05
-3.72349e-05
-0.00173894
-8.7488e-05
-0.000677676
0.000349248
-0.000457547
-0.000457575
0.0032438
-0.000571562
-0.000380555
0.00131778
-3.22919e-08
-0.000456137
0.000352462
0.000571534
-0.000456194
0.000352471
0.000457586
-0.000380679
0.00131763
8.75423e-05
-0.000457678
0.00324366
3.20147e-05
-0.000677669
0.000349232
-3.72153e-05
-0.00173895
-4.88184e-05
-6.17371e-05
0.000254529
-0.00027682
-0.000404433
0.000608975
-0.000380572
-0.000571572
0.00131767
-0.000360806
-0.000360814
-0.000420683
-3.1152e-09
-0.000640504
-0.000281318
0.000360883
-0.000640553
-0.000281151
0.000380691
-0.000360942
-0.000420524
0.00027696
-0.000571593
0.00131732
4.89023e-05
-0.000404436
0.000609041
-6.17145e-05
0.000254577
-0.000203434
-1.82005e-08
0.00047775
-0.000377054
-3.54454e-08
0.00047668
-0.00045617
-4.11296e-08
0.000352447
-0.000640478
-3.65632e-09
-0.000281253
-3.23944e-08
-6.25275e-08
0.00209597
0.000640472
-6.46329e-08
0.00209621
0.000456262
-7.55914e-09
-0.000281115
0.00037714
-2.90513e-08
0.000352371
0.000203464
-3.75389e-08
0.000476643
-5.73364e-09
0.000477835
-0.000203394
6.16996e-05
0.000477664
-0.000377057
0.000404337
0.000476464
-0.000456279
0.000571552
0.000352487
-0.000640582
0.000360964
-0.000280987
-3.33024e-08
0.000640502
0.00209637
0.000640575
0.000640546
0.00209656
0.000456361
0.000361036
-0.00028089
0.000377135
0.000571585
0.000352413
0.000203424
0.000404337
0.00047646
6.16924e-05
0.000477752
-4.89134e-05
3.72561e-05
0.00025471
-0.00027702
0.000677635
0.000608911
-0.000380766
0.000457644
0.00131746
-0.000361
0.000380782
-0.000420469
-9.40284e-09
0.000456305
-0.000281008
0.000361012
0.000456349
-0.000280879
0.000380817
0.000380848
-0.000420423
0.000277138
0.000457724
0.00131714
4.90016e-05
0.000677627
0.000608996
3.72579e-05
0.000254779
-3.2065e-05
0.000207653
-0.00173876
-8.76768e-05
0.000510776
0.000349631
-0.000457707
8.76009e-05
0.00324357
-0.000571589
0.000277024
0.00131727
-2.07546e-08
0.000377131
0.00035234
0.000571566
0.000377122
0.000352356
0.000457719
0.000277121
0.00131713
8.77074e-05
8.7681e-05
0.00324348
3.20874e-05
0.000510766
0.00034961
0.000207643
-0.00173879
-0.000313927
4.05204e-05
-0.00211194
-0.000510712
0.00031398
-0.000271491
-0.000677628
3.204e-05
0.000349369
-0.000404367
4.89192e-05
0.000609076
-1.85082e-08
0.000203442
0.000476555
0.000404315
0.000203416
0.000476437
0.000677601
4.89812e-05
0.000609028
0.000510743
3.20759e-05
0.000349531
0.000313949
0.000313967
-0.000271465
4.05142e-05
-0.00211187
-4.0451e-05
-0.0040585
-0.000207526
-0.00211197
-3.7203e-05
-0.0017389
-6.16967e-05
0.000254644
1.66239e-09
0.000477838
6.1691e-05
0.000477806
3.72353e-05
0.000254766
0.000207588
-0.00173882
4.0478e-05
-0.00211189
-0.00405842
-5.57577e-05
-5.57242e-05
-0.00394714
-0.000218084
-0.000269431
-0.00168028
-6.96455e-05
-6.96645e-05
-0.00181764
2.18486e-05
-4.37557e-05
0.000206831
-2.08894e-08
-0.000155179
0.000654725
-2.18963e-05
-0.000155155
0.000654666
6.96248e-05
-4.37369e-05
0.000206885
0.000218098
-6.96914e-05
-0.00181753
5.57635e-05
-0.000269445
-0.00168018
-5.56982e-05
-0.00394708
-0.000269436
-0.000218039
-0.00168031
-0.000468097
-0.000468099
0.00012575
-0.000622919
-4.81438e-05
0.000482719
-0.000287055
-0.000163827
0.000393132
2.61745e-08
-0.000275826
0.000310171
0.00028705
-0.000275826
0.0003101
0.00062288
-0.000163831
0.000393114
0.000468105
-4.82101e-05
0.00048292
0.000269457
-0.000468114
0.000125812
-0.000218014
-0.00168022
-6.96324e-05
-6.96542e-05
-0.00181769
-4.80916e-05
-0.000622939
0.000482547
-0.000247565
-0.000247558
0.00364269
-0.000139116
-9.88551e-05
0.00114436
6.8434e-08
-0.000310463
0.000247914
0.000139196
-0.000310482
0.000248
0.000247592
-9.89293e-05
0.00114433
4.81152e-05
-0.000247581
0.0036425
6.96537e-05
-0.000622907
0.000482486
-6.96416e-05
-0.00181767
-4.37755e-05
2.18255e-05
0.000206825
-0.000163838
-0.000287079
0.000393178
-9.88675e-05
-0.000139079
0.00114422
-8.27641e-05
-8.27594e-05
-0.000452882
-8.9289e-10
-0.000459137
-0.000215408
8.2806e-05
-0.000459143
-0.000215297
9.89203e-05
-8.28391e-05
-0.000452728
0.000163895
-0.000139085
0.00114385
4.38334e-05
-0.000287078
0.000393274
2.18401e-05
0.000206929
-0.000155201
-3.60555e-08
0.000654813
-0.000275855
2.33047e-08
0.000310231
-0.000310477
1.01963e-07
0.000247888
-0.000459115
4.31744e-09
-0.000215378
-4.57866e-08
-7.81781e-08
0.00117785
0.00045911
-7.0784e-08
0.00117798
0.000310539
7.46136e-09
-0.000215391
0.000275879
7.7002e-08
0.000247869
0.000155203
9.50402e-09
0.000310232
-2.23112e-08
0.000654901
-0.000155167
-2.19107e-05
0.000654706
-0.000275857
0.000287046
0.000310131
-0.000310507
0.000139221
0.000248017
-0.000459135
8.28563e-05
-0.00021521
-3.75592e-08
0.000459134
0.00117806
0.00045914
0.000459142
0.00117817
0.000310564
8.29274e-05
-0.000215235
0.000275872
0.000139202
0.00024798
0.000155166
0.000287029
0.000310146
-2.19113e-05
0.000654807
-4.37533e-05
6.96214e-05
0.000206931
-0.000163857
0.000622874
0.000393187
-9.89792e-05
0.000247613
0.00114419
-8.28954e-05
9.89718e-05
-0.000452669
-1.42166e-09
0.00031057
-0.000215338
8.2918e-05
0.000310578
-0.000215235
9.90096e-05
9.90327e-05
-0.00045262
0.00016392
0.000247622
0.00114381
4.38276e-05
0.000622842
0.000393276
6.96171e-05
0.000207078
-6.96871e-05
0.000218086
-0.00181754
-4.82095e-05
0.000468113
0.000482914
-0.00024759
4.81564e-05
0.00364241
-0.000139108
0.000163892
0.00114387
4.04863e-08
0.000275863
0.000247899
0.000139151
0.000275856
0.000247968
0.000247597
0.000163905
0.00114381
4.82214e-05
4.82016e-05
0.00364228
6.9705e-05
0.000468116
0.000482852
0.000218075
-0.00181754
-0.00026945
5.57533e-05
-0.00168016
-0.000468112
0.00026946
0.000125825
-0.000622861
6.96774e-05
0.000482597
-0.000287023
4.38067e-05
0.000393323
1.18066e-08
0.000155182
0.0003102
0.000287001
0.000155157
0.000310147
0.000622823
4.38084e-05
0.000393303
0.000468114
6.96952e-05
0.000482746
0.000269457
0.000269459
0.000125849
5.57387e-05
-0.00168008
-5.57057e-05
-0.00394704
-0.000218031
-0.00168019
-6.96261e-05
-0.00181763
2.18567e-05
0.000206968
-6.10593e-09
0.000654883
-2.18894e-05
0.000654846
6.96142e-05
0.000207071
0.000218049
-0.00181756
5.57119e-05
-0.00168009
-0.00394697
-6.5438e-05
-6.54048e-05
-0.0038163
-0.00015604
-0.000268044
-0.00132164
-4.02182e-05
-0.000159366
-0.00177409
0.00017883
-0.000103464
9.12462e-05
-3.73308e-08
1.18269e-05
0.000821766
-0.000178888
1.18346e-05
0.000821682
4.02012e-05
-0.000103432
9.12278e-05
0.000156049
-0.000159377
-0.001774
6.54326e-05
-0.000268066
-0.0013215
-6.53639e-05
-0.00381628
-0.000268061
-0.000155995
-0.00132166
-0.000465322
-0.000465322
0.00052029
-0.000620713
-0.000131347
0.000610091
-0.000371918
-0.000120158
0.00016103
-5.7673e-09
-0.000163324
0.00011341
0.000371864
-0.000163342
0.000113406
0.000620643
-0.000120124
0.000161029
0.000465312
-0.000131388
0.000610262
0.000268073
-0.000465358
0.000520343
-0.000155965
-0.00132155
-0.000159332
-4.02258e-05
-0.00177413
-0.00013129
-0.00062077
0.000609953
-8.6669e-05
-8.66592e-05
0.00355338
7.7433e-05
-3.88435e-05
0.000898947
8.90358e-08
-0.000236496
0.00039843
-7.73407e-05
-0.000236491
0.000398579
8.66605e-05
-3.88303e-05
0.000899034
0.000131243
-8.66447e-05
0.00355318
0.000159306
-0.000620752
0.000609817
-4.02152e-05
-0.00177411
-0.000103463
0.000178792
9.12709e-05
-0.000120149
-0.000371956
0.00016105
-3.88456e-05
7.74238e-05
0.000898829
-4.43719e-05
-4.43693e-05
-0.00044183
-1.37196e-08
-0.000306378
-0.000189885
4.43433e-05
-0.000306352
-0.000189793
3.8816e-05
-4.43194e-05
-0.000441712
0.000120119
7.73267e-05
0.000898574
0.000103462
-0.000371939
0.000161117
0.000178792
9.13832e-05
1.18305e-05
-6.76332e-08
0.000821842
-0.000163318
-2.01792e-08
0.000113443
-0.000236502
1.2401e-07
0.000398373
-0.000306365
-1.93854e-08
-0.000189866
-3.70494e-08
-5.25931e-08
0.000565194
0.000306363
-4.19883e-08
0.000565269
0.000236553
-2.88319e-09
-0.000189897
0.000163311
8.56644e-08
0.000398352
-1.18308e-05
-2.85602e-08
0.000113463
-6.33678e-08
0.000821926
1.18399e-05
-0.000178899
0.000821698
-0.000163347
0.000371853
0.000113445
-0.000236489
-7.72736e-05
0.000398557
-0.000306331
4.4341e-05
-0.000189729
-2.64447e-08
0.000306372
0.000565328
0.000306343
0.000306355
0.000565403
0.000236534
4.43558e-05
-0.000189784
0.000163327
-7.72119e-05
0.000398485
-1.18489e-05
0.000371826
0.000113468
-0.000178903
0.000821798
-0.000103423
4.01964e-05
9.12587e-05
-0.000120107
0.000620649
0.000161075
-3.88257e-05
8.66592e-05
0.000898976
-4.43234e-05
3.88201e-05
-0.00044165
2.90776e-09
0.000236569
-0.000189861
4.43561e-05
0.000236554
-0.000189788
3.88409e-05
3.88533e-05
-0.000441603
0.000120091
8.66409e-05
0.000898705
0.000103428
0.000620631
0.000161134
4.01853e-05
9.14178e-05
-0.000159364
0.000156026
-0.001774
-0.000131363
0.000465308
0.000610254
-8.66376e-05
0.000131261
0.00355308
7.73773e-05
0.000120101
0.000898572
5.30754e-08
0.000163322
0.00039847
-7.73246e-05
0.000163332
0.000398568
8.66219e-05
0.000120079
0.000898637
0.000131325
0.000131298
0.00355292
0.000159347
0.000465335
0.000610125
0.000156003
-0.00177401
-0.000268085
6.54122e-05
-0.00132146
-0.000465371
0.000268064
0.000520354
-0.0006207
0.000159316
0.000609871
-0.000371883
0.000103441
0.000161168
-1.36381e-08
-1.18084e-05
0.000113461
0.000371824
-1.18222e-05
0.000113463
0.000620634
0.000103415
0.000161158
0.000465356
0.000159329
0.000609993
0.000268086
0.000268076
0.000520378
6.5385e-05
-0.00132137
-6.5371e-05
-0.00381626
-0.000155985
-0.00132151
-4.02075e-05
-0.00177409
0.000178807
9.1394e-05
-3.11078e-08
0.000821913
-0.000178864
0.000821858
4.01907e-05
9.14309e-05
0.000155991
-0.00177403
6.5368e-05
-0.00132139
-0.00381621
-0.000104597
-0.00010456
-0.00360714
-0.000110088
-0.000293839
-0.00102231
-1.2656e-05
-0.000248191
-0.00162333
0.000194516
-8.79529e-05
-2.79731e-05
-1.68402e-08
0.000198724
0.000817575
-0.000194538
0.000198707
0.000817496
1.26551e-05
-8.7925e-05
-2.80407e-05
0.00011011
-0.000248201
-0.00162325
0.000104596
-0.000293839
-0.00102214
-0.00010451
-0.00360717
-0.000293862
-0.000110039
-0.00102232
-0.000445825
-0.000445814
0.000824228
-0.000511271
-0.000256412
0.000683759
-0.000389167
-5.32813e-05
4.25392e-06
-3.27097e-08
-5.8039e-05
-1.89606e-05
0.000389081
-5.80829e-05
-1.89177e-05
0.0005112
-5.32899e-05
4.27508e-06
0.000445805
-0.000256462
0.000683918
0.000293854
-0.00044582
0.000824274
-0.000110001
-0.0010222
-0.000248162
-1.26548e-05
-0.00162335
-0.000256353
-0.000511343
0.000683674
-6.10264e-05
-6.10684e-05
0.00316271
-5.89271e-05
-8.13949e-05
0.000924961
1.23697e-08
-0.000149346
0.000430798
5.89002e-05
-0.000149327
0.000430936
6.0957e-05
-8.13644e-05
0.000925052
0.00025625
-6.11372e-05
0.00316256
0.000248091
-0.000511333
0.00068349
-1.26584e-05
-0.00162337
-8.79345e-05
0.000194491
-2.79402e-05
-5.3256e-05
-0.000389215
4.24387e-06
-8.14098e-05
-5.89788e-05
0.000924893
-0.000118402
-0.000118389
-0.000367843
-1.51813e-08
-0.000237835
-0.000219783
0.000118378
-0.000237816
-0.000219698
8.13626e-05
-0.000118278
-0.000367783
5.31695e-05
-5.90645e-05
0.000924694
8.78937e-05
-0.000389214
4.27511e-06
0.000194471
-2.78523e-05
0.000198752
-4.39857e-08
0.000817625
-5.80063e-05
-5.32252e-08
-1.89612e-05
-0.000149344
1.53105e-08
0.000430716
-0.000237822
-2.66493e-08
-0.00021975
-2.47544e-08
-4.23427e-08
8.96035e-05
0.000237829
-3.90648e-08
8.96389e-05
0.000149392
-1.86428e-08
-0.000219719
5.79968e-05
8.29056e-09
0.000430674
-0.000198773
-5.44367e-08
-1.89267e-05
-6.16257e-08
0.000817685
0.00019872
-0.000194556
0.00081749
-5.80681e-05
0.000389076
-1.88958e-05
-0.000149314
5.89421e-05
0.000430877
-0.000237796
0.00011835
-0.000219624
-2.23316e-08
0.000237831
8.96817e-05
0.000237805
0.00023781
8.97275e-05
0.000149349
0.000118291
-0.000219639
5.80405e-05
5.90182e-05
0.000430784
-0.000198743
0.000389071
-1.88737e-05
-0.000194568
0.000817561
-8.79056e-05
1.26461e-05
-2.80374e-05
-5.32698e-05
0.000511224
4.29051e-06
-8.13551e-05
6.09624e-05
0.000925041
-0.000118247
8.13233e-05
-0.000367732
-5.44191e-09
0.000149425
-0.000219696
0.000118279
0.000149389
-0.000219652
8.13498e-05
8.1331e-05
-0.000367713
5.3189e-05
6.10225e-05
0.000924861
8.78689e-05
0.000511211
4.31401e-06
1.26393e-05
-2.79207e-05
-0.000248187
0.000110079
-0.00162325
-0.000256433
0.000445788
0.000683936
-6.11087e-05
0.000256256
0.00316246
-5.89942e-05
5.31582e-05
0.000924622
8.8194e-09
5.80389e-05
0.000430853
5.89578e-05
5.8067e-05
0.000430941
6.10325e-05
5.31676e-05
0.000924726
0.000256353
0.00025631
0.00316231
0.000248139
0.000445795
0.000683755
0.000110044
-0.00162328
-0.000293857
0.000104566
-0.00102209
-0.000445836
0.000293835
0.000824286
-0.000511287
0.000248092
0.000683486
-0.000389176
8.7911e-05
4.30418e-06
-3.4959e-08
-0.000198727
-1.89143e-05
0.000389087
-0.000198711
-1.88803e-05
0.000511213
8.78834e-05
4.31572e-06
0.000445816
0.000248113
0.000683587
0.000293849
0.000293837
0.000824303
0.00010453
-0.00102201
-0.000104519
-0.00360717
-0.000110023
-0.00102217
-1.26606e-05
-0.00162336
0.0001945
-2.78559e-05
-3.43772e-08
0.000817721
-0.000194554
0.000817666
1.26505e-05
-2.78904e-05
0.000110038
-0.0016233
0.000104522
-0.00102204
-0.00360716
-0.000149359
-0.000149334
-0.00330845
-7.9853e-05
-0.000326905
-0.000764909
-0.000100686
-0.000219357
-0.00138314
-0.000201462
6.53725e-05
7.43022e-06
-3.38765e-10
0.000212874
0.000403239
0.000201482
0.000212815
0.000403199
0.000100707
6.54093e-05
7.32532e-06
7.99044e-05
-0.000219354
-0.0013831
0.000149388
-0.000326896
-0.000764733
-0.000149273
-0.00330851
-0.000326928
-7.98173e-05
-0.000764906
-0.000426073
-0.000426042
0.00102251
-0.00036491
-0.000303
0.000706239
-0.000326154
8.18526e-05
-5.09827e-05
-1.18246e-08
-2.34172e-05
-0.000108812
0.000326094
-2.34594e-05
-0.000108749
0.000364842
8.19027e-05
-5.09665e-05
0.00042605
-0.000303042
0.000706398
0.000326907
-0.000426024
0.00102254
-7.97628e-05
-0.000764803
-0.000219351
-0.000100669
-0.00138315
-0.000302973
-0.000364947
0.000706201
-8.87817e-05
-8.88065e-05
0.00273433
-9.32873e-05
-5.97362e-05
0.00107106
-4.55938e-09
-5.31919e-05
0.00036729
9.32139e-05
-5.3145e-05
0.000367403
8.86876e-05
-5.96912e-05
0.00107117
0.000302831
-8.88879e-05
0.00273426
0.000219244
-0.000364922
0.000705975
-0.000100691
-0.00138319
6.53836e-05
-0.000201453
7.45994e-06
8.18642e-05
-0.00032619
-5.09937e-05
-5.97531e-05
-9.32951e-05
0.001071
-0.00014521
-0.000145209
-0.000196914
-3.66886e-08
-0.000164015
-0.000254132
0.00014518
-0.000163997
-0.000254062
5.97012e-05
-0.000145125
-0.00019687
-8.19713e-05
-9.32862e-05
0.00107077
-6.54272e-05
-0.000326199
-5.09918e-05
-0.000201464
7.49339e-06
0.000212929
-7.2411e-09
0.000403251
-2.33823e-05
-1.9077e-08
-0.000108822
-5.31981e-05
-1.13832e-08
0.000367248
-0.000164009
-5.1184e-08
-0.000254096
-1.44342e-08
-2.79114e-08
-0.000238379
0.000164025
-3.07783e-08
-0.000238367
5.32524e-05
-3.57323e-08
-0.000254036
2.33842e-05
-9.21587e-09
0.000367266
-0.000212962
-1.98809e-08
-0.00010876
-1.86343e-08
0.000403277
0.000212846
0.000201458
0.000403179
-2.34376e-05
0.000326096
-0.000108727
-5.31325e-05
9.31807e-05
0.000367379
-0.000163985
0.000145173
-0.000253995
-1.82763e-08
0.000164024
-0.000238337
0.000163998
0.000163999
-0.000238319
5.31863e-05
0.000145115
-0.000253977
2.34275e-05
9.31738e-05
0.000367359
-0.000212888
0.000326105
-0.000108683
0.000201438
0.000403217
6.54321e-05
0.000100686
7.30231e-06
8.19347e-05
0.00036484
-5.09563e-05
-5.9684e-05
8.86598e-05
0.00107118
-0.000145096
5.96761e-05
-0.000196823
-2.04299e-08
5.32719e-05
-0.00025402
0.000145097
5.32188e-05
-0.000253988
5.96583e-05
5.9648e-05
-0.000196808
-8.20204e-05
8.87367e-05
0.00107098
-6.5472e-05
0.000364823
-5.09525e-05
0.00010069
7.35515e-06
-0.000219354
7.98814e-05
-0.00138309
-0.000303038
0.000426018
0.000706441
-8.89066e-05
0.000302811
0.00273418
-9.33088e-05
-8.19766e-05
0.00107068
-6.26216e-10
2.34172e-05
0.000367399
9.3236e-05
2.34491e-05
0.000367474
8.8809e-05
-8.20154e-05
0.00107082
0.000302921
0.000302858
0.00273407
0.000219274
0.000426006
0.000706218
7.98183e-05
-0.00138313
-0.00032691
0.000149369
-0.000764666
-0.000426045
0.000326886
0.00102255
-0.000364901
0.000219227
0.000705925
-0.000326188
-6.54002e-05
-5.0985e-05
-1.28419e-08
-0.000212937
-0.000108735
0.000326131
-0.000212887
-0.000108688
0.000364842
-6.54389e-05
-5.09718e-05
0.000426027
0.000219236
0.000706023
0.000326893
0.00032688
0.00102256
0.000149311
-0.000764611
-0.000149272
-0.00330853
-7.97705e-05
-0.000764786
-0.000100695
-0.00138321
-0.000201419
7.46822e-06
-1.45701e-08
0.000403379
0.000201406
0.000403359
0.000100699
7.37752e-06
7.97985e-05
-0.00138317
0.000149291
-0.000764652
-0.00330856
-0.000120529
-0.000120533
-0.00306738
8.01866e-06
-0.000358827
-0.00053463
-0.000245109
-9.58301e-05
-0.00103419
-0.000478822
0.000122008
0.000119136
-1.90089e-08
7.66406e-05
-0.000152204
0.000478858
7.65803e-05
-0.000152259
0.00024517
0.00012206
0.000118953
-7.94313e-06
-9.58201e-05
-0.00103416
0.0001206
-0.000358811
-0.000534465
-0.00012047
-0.00306744
-0.000358856
8.0223e-06
-0.000534605
-0.00044284
-0.000442798
0.00119046
-0.000358225
-0.000203422
0.000729215
-0.000266316
9.85473e-05
-0.000119431
1.16925e-08
-4.88919e-05
-0.000249607
0.00026633
-4.89174e-05
-0.00024957
0.000358209
9.86694e-05
-0.000119454
0.000442818
-0.00020345
0.00072942
0.000358835
-0.000442785
0.0011905
8.08663e-06
-0.000534525
-9.58478e-05
-0.000245069
-0.00103421
-0.000203429
-0.000358228
0.000729212
-0.000105156
-0.000105163
0.00253779
-5.12253e-05
-6.97487e-05
0.00118542
4.17723e-09
-3.04023e-05
0.00029757
5.11336e-05
-3.03586e-05
0.000297714
0.000105042
-6.9643e-05
0.00118558
0.000203273
-0.000105241
0.00253782
9.57273e-05
-0.000358242
0.000728977
-0.000245104
-0.00103428
0.000122015
-0.00047879
0.000119166
9.85382e-05
-0.000266321
-0.000119424
-6.97724e-05
-5.1231e-05
0.00118538
-0.000144344
-0.000144347
-4.77437e-05
-4.23477e-08
-0.000105234
-0.000323602
0.000144315
-0.000105221
-0.000323557
6.97433e-05
-0.000144289
-4.76523e-05
-9.86166e-05
-5.12483e-05
0.00118513
-0.00012206
-0.000266352
-0.000119438
-0.000478802
0.000119131
7.66767e-05
-2.86578e-08
-0.000152187
-4.88746e-05
1.2684e-08
-0.000249604
-3.04055e-05
2.08722e-09
0.000297546
-0.000105227
-5.55035e-08
-0.000323567
-6.26545e-09
-1.47813e-08
-0.000448818
0.000105242
-1.93038e-08
-0.000448818
3.04525e-05
-3.53255e-08
-0.0003235
4.88813e-05
2.54838e-09
0.000297586
-7.66875e-05
5.65799e-09
-0.000249549
-2.08182e-08
-0.000152191
7.65909e-05
0.00047883
-0.000152271
-4.89103e-05
0.000266332
-0.000249546
-3.03438e-05
5.10865e-05
0.000297729
-0.000105209
0.000144318
-0.000323504
-1.13877e-08
0.000105252
-0.000448801
0.000105219
0.000105229
-0.000448798
3.03936e-05
0.000144278
-0.000323465
4.89116e-05
5.11104e-05
0.000297733
-7.66146e-05
0.000266356
-0.000249507
0.000478832
-0.000152251
0.000122089
0.000245148
0.000118895
9.87134e-05
0.0003582
-0.000119448
-6.96165e-05
0.000104987
0.00118561
-0.000144264
6.97405e-05
-4.7598e-05
-2.15431e-08
3.04726e-05
-0.000323483
0.00014426
3.0426e-05
-0.000323466
6.96236e-05
6.96582e-05
-4.75516e-05
-9.87461e-05
0.00010507
0.00118539
-0.000122116
0.000358222
-0.000119449
0.000245164
0.000118908
-9.58312e-05
-7.94062e-06
-0.00103417
-0.000203464
0.000442781
0.000729493
-0.000105295
0.000203226
0.00253777
-5.13e-05
-9.86252e-05
0.00118505
6.28266e-09
4.88929e-05
0.000297673
5.12118e-05
4.89148e-05
0.000297779
0.000105182
-9.87129e-05
0.00118522
0.000203329
0.000203257
0.00253774
9.5735e-05
0.000442774
0.00072926
-8.01308e-06
-0.00103422
-0.000358825
0.000120609
-0.00053439
-0.000442813
0.000358814
0.00119051
-0.000358251
9.5689e-05
0.0007289
-0.000266364
-0.000122059
-0.000119438
6.5399e-09
-7.6685e-05
-0.000249528
0.000266378
-7.66383e-05
-0.000249506
0.00035825
-0.000122098
-0.000119458
0.000442798
9.56861e-05
0.000729046
0.000358807
0.000358798
0.00119053
0.000120542
-0.000534359
-0.000120457
-0.00306747
8.09761e-06
-0.000534526
-0.000245139
-0.00103428
-0.000478837
0.000119107
-1.37241e-08
-0.000152129
0.000478865
-0.000152158
0.000245186
0.000118959
-8.04884e-06
-0.00103425
0.000120505
-0.000534408
-0.00306751
-5.42356e-05
-5.42557e-05
-0.00295889
9.80086e-05
-0.000369543
-0.000317331
-0.000276679
2.11102e-05
-0.000680608
-0.000393528
9.157e-05
0.000144414
1.01202e-08
-1.39153e-05
-0.000531827
0.000393551
-1.39265e-05
-0.000531873
0.000276696
9.15997e-05
0.000144208
-9.79646e-05
2.11026e-05
-0.000680605
5.42797e-05
-0.000369516
-0.000317193
-5.42452e-05
-0.00295892
-0.000369561
9.79922e-05
-0.000317292
-0.000455396
-0.000455361
0.00136212
-0.000368942
-7.36364e-05
0.000737507
-0.000229889
5.52813e-05
-0.000222194
3.4498e-08
-7.47562e-05
-0.000418689
0.000229943
-7.47525e-05
-0.000418652
0.000368944
5.53592e-05
-0.000222215
0.000455379
-7.36597e-05
0.000737747
0.000369551
-0.00045535
0.00136216
9.80173e-05
-0.000317237
2.10974e-05
-0.000276656
-0.000680661
-7.36474e-05
-0.000368938
0.000737534
-0.000125688
-0.00012568
0.00264188
-5.26879e-05
-9.32687e-05
0.00126097
3.40277e-08
-5.69157e-06
0.000175784
5.26441e-05
-5.65971e-06
0.000176012
0.000125596
-9.31863e-05
0.00126117
7.35873e-05
-0.00012575
0.00264192
-2.1142e-05
-0.000368985
0.000737342
-0.000276657
-0.000680744
9.15729e-05
-0.00039351
0.000144447
5.52696e-05
-0.000229885
-0.000222174
-9.32868e-05
-5.26887e-05
0.00126094
-0.000138583
-0.000138589
4.28729e-05
-3.77521e-08
-6.02753e-05
-0.000407564
0.000138567
-6.02721e-05
-0.000407549
9.3279e-05
-0.000138551
4.29999e-05
-5.53236e-05
-5.27694e-05
0.00126076
-9.16239e-05
-0.000229946
-0.000222177
-0.000393537
0.000144387
-1.39e-05
1.53718e-08
-0.000531812
-7.47514e-05
4.53987e-08
-0.000418683
-5.69233e-06
4.65237e-08
0.000175752
-6.02694e-05
-4.76103e-08
-0.000407531
1.54302e-09
-1.76436e-09
-0.000569363
6.02915e-05
-6.98376e-09
-0.000569373
5.74574e-06
-2.70114e-08
-0.000407478
7.47559e-05
3.56717e-08
0.000175771
1.3862e-05
3.41753e-08
-0.000418634
1.1917e-08
-0.000531879
-1.39191e-05
0.000393537
-0.000531873
-7.47477e-05
0.000229956
-0.000418628
-5.64599e-06
5.26163e-05
0.000176057
-6.02626e-05
0.000138573
-0.000407508
-3.78082e-09
6.03054e-05
-0.000569367
6.02768e-05
6.02902e-05
-0.000569376
5.6997e-06
0.000138549
-0.000407465
7.47542e-05
5.26947e-05
0.00017602
1.3881e-05
0.000230001
-0.0004186
0.000393567
-0.000531925
9.16127e-05
0.000276673
0.000144146
5.53799e-05
0.000368942
-0.000222201
-9.31633e-05
0.000125539
0.00126123
-0.000138532
9.32873e-05
4.30565e-05
-1.62237e-08
5.77177e-06
-0.000407465
0.000138533
5.7352e-06
-0.00040746
9.31817e-05
9.32193e-05
4.31293e-05
-5.53995e-05
0.000125617
0.00126105
-9.16435e-05
0.000368991
-0.000222195
0.000276679
0.000144153
2.10903e-05
-9.79495e-05
-0.000680638
-7.3675e-05
0.000455354
0.000737847
-0.00012581
7.35604e-05
0.00264188
-5.28191e-05
-5.53341e-05
0.00126068
2.54501e-08
7.4759e-05
0.000175841
5.27683e-05
7.47576e-05
0.000176014
0.000125719
-5.53859e-05
0.00126087
7.36187e-05
7.35845e-05
0.00264187
-2.11281e-05
0.000455348
0.000737651
-9.79741e-05
-0.000680697
-0.000369518
5.42996e-05
-0.000317121
-0.00045537
0.000369542
0.00136217
-0.000369008
-2.11625e-05
0.000737261
-0.000229965
-9.16292e-05
-0.000222185
2.66032e-08
1.38612e-05
-0.000418622
0.000230012
1.38687e-05
-0.000418603
0.000369019
-9.16437e-05
-0.000222207
0.000455361
-2.11539e-05
0.000737442
0.000369513
0.000369517
0.00136221
5.42877e-05
-0.000317107
-5.42375e-05
-0.00295893
9.80288e-05
-0.000317251
-0.000276689
-0.000680726
-0.000393578
0.000144366
6.51462e-09
-0.000531852
0.0003936
-0.000531883
0.000276706
0.000144209
-9.79983e-05
-0.000680696
5.42682e-05
-0.000317158
-0.00295896
-4.15457e-05
-4.15516e-05
-0.00287579
0.000128787
-0.000397735
-8.9928e-05
-0.000215734
5.38068e-05
-0.000389894
-0.000252306
8.06328e-05
0.000100353
1.23838e-08
7.40684e-07
-0.000784886
0.00025223
7.55588e-07
-0.000784846
0.000215642
8.0644e-05
0.000100152
-0.000128772
5.37628e-05
-0.000389954
4.1573e-05
-0.000397709
-8.98282e-05
-4.15721e-05
-0.00287577
-0.000397735
0.000128783
-8.98913e-05
-0.000473613
-0.000473605
0.00151387
-0.000381097
-4.58553e-05
0.000744653
-0.000226233
3.30636e-05
-0.000329489
3.09425e-08
-7.52104e-05
-0.000569003
0.000226294
-7.51969e-05
-0.000568963
0.000381109
3.31007e-05
-0.000329487
0.000473606
-4.58826e-05
0.000744895
0.000397739
-0.0004736
0.00151392
0.000128781
-8.98507e-05
5.38009e-05
-0.000215742
-0.000389936
-4.58742e-05
-0.000381099
0.000744703
-0.0001545
-0.000154482
0.00285913
-6.98332e-05
-0.000107586
0.00131695
2.39002e-08
2.20616e-05
8.65492e-06
6.98203e-05
2.20851e-05
8.9332e-06
0.000154454
-0.000107559
0.00131719
4.5871e-05
-0.000154531
0.00285915
-5.37923e-05
-0.000381162
0.000744567
-0.000215704
-0.000390052
8.06302e-05
-0.000252314
0.000100388
3.30526e-05
-0.00022623
-0.000329466
-0.000107589
-6.98313e-05
0.00131693
-0.000139703
-0.000139714
0.000107115
-1.43478e-08
-3.40375e-05
-0.000491153
0.000139725
-3.40381e-05
-0.000491164
0.00010762
-0.000139731
0.000107277
-3.30721e-05
-6.98949e-05
0.00131681
-8.06622e-05
-0.000226287
-0.000329462
-0.000252279
0.0001003
7.49785e-07
1.72453e-08
-0.000784892
-7.52059e-05
4.22898e-08
-0.000568999
2.20642e-05
3.13872e-08
8.61904e-06
-3.40319e-05
-1.85235e-08
-0.00049113
5.56541e-09
4.15549e-09
-0.000637442
3.40541e-05
-3.9147e-10
-0.000637459
-2.20291e-05
-8.98276e-09
-0.000491117
7.51975e-05
2.03705e-08
8.62885e-06
-7.86096e-07
3.33692e-08
-0.000568971
1.53172e-08
-0.000784959
7.70157e-07
0.000252197
-0.000784824
-7.51904e-05
0.000226315
-0.00056894
2.20961e-05
6.98036e-05
8.99836e-06
-3.40302e-05
0.000139739
-0.00049114
1.22938e-09
3.40667e-05
-0.000637461
3.40454e-05
3.40572e-05
-0.000637477
-2.206e-05
0.00013975
-0.000491118
7.51884e-05
6.98609e-05
8.93093e-06
-7.99083e-07
0.000226353
-0.000568932
0.000252199
-0.000784908
8.06402e-05
0.000215605
0.000100098
3.31026e-05
0.000381115
-0.000329463
-0.000107546
0.000154408
0.00131727
-0.00013973
0.000107644
0.000107336
-4.9512e-09
-2.20125e-05
-0.000491111
0.000139744
-2.20372e-05
-0.000491115
0.000107581
0.000107613
0.000107429
-3.31029e-05
0.000154463
0.00131713
-8.06574e-05
0.000381172
-0.00032946
0.000215607
0.000100088
5.37397e-05
-0.000128766
-0.000390006
-4.59081e-05
0.000473599
0.000745011
-0.000154581
4.58471e-05
0.00285912
-6.99365e-05
-3.30779e-05
0.00131676
1.23988e-08
7.51926e-05
8.68673e-06
6.99094e-05
7.51862e-05
8.89363e-06
0.000154532
-3.31011e-05
0.00131696
4.58945e-05
4.58693e-05
0.00285911
-5.37452e-05
0.000473598
0.000744864
-0.000128764
-0.000390071
-0.000397702
4.15838e-05
-8.97684e-05
-0.000473606
0.000397742
0.00151393
-0.000381183
-5.3801e-05
0.000744486
-0.000226301
-8.06718e-05
-0.000329473
2.4597e-08
-7.85516e-07
-0.00056897
0.000226352
-7.96738e-07
-0.000568948
0.000381194
-8.06719e-05
-0.000329479
0.000473602
-5.37685e-05
0.000744672
0.000397709
0.000397719
0.00151398
4.15975e-05
-8.97598e-05
-4.15779e-05
-0.00287577
0.00012878
-8.98671e-05
-0.00021571
-0.000390036
-0.000252294
0.000100278
9.67088e-09
-0.000784942
0.000252242
-0.000784912
0.000215646
0.000100133
-0.000128768
-0.000390051
4.15956e-05
-8.98032e-05
-0.00287576
-3.00181e-05
-3.00189e-05
-0.00281576
0.000186231
-0.000417013
0.000110836
-8.95931e-05
6.47453e-05
-0.000178816
-4.58423e-05
8.71995e-05
-3.05974e-05
6.94246e-09
4.47556e-05
-0.000875491
4.58332e-05
4.47555e-05
-0.000875428
8.95444e-05
8.71642e-05
-3.07238e-05
-0.000186247
6.47103e-05
-0.000178872
3.00357e-05
-0.000417002
0.000110891
-3.00316e-05
-0.00281571
-0.000417001
0.000186228
0.000110863
-0.000483565
-0.000483572
0.00164699
-0.000369435
-5.11694e-05
0.000746438
-0.000220096
3.92709e-05
-0.0004309
2.29456e-08
-6.76596e-05
-0.000676706
0.000220153
-6.76617e-05
-0.000676676
0.000369455
3.92747e-05
-0.0004309
0.000483568
-5.11931e-05
0.000746685
0.000417015
-0.000483577
0.00164705
0.000186254
0.000110878
6.47391e-05
-8.9602e-05
-0.000178846
-5.11863e-05
-0.000369433
0.000746489
-0.000164391
-0.000164372
0.00308554
-4.52419e-05
-0.000103581
0.00134066
-1.32501e-08
3.49069e-05
-0.00013914
4.52392e-05
3.49212e-05
-0.000138902
0.000164399
-0.000103597
0.00134091
5.11975e-05
-0.000164399
0.00308556
-6.47297e-05
-0.000369485
0.000746402
-8.95674e-05
-0.00017896
8.72029e-05
-4.58453e-05
-3.05717e-05
3.92697e-05
-0.000220091
-0.000430875
-0.000103568
-4.52413e-05
0.00134064
-0.000121256
-0.000121268
0.00014249
-3.70017e-10
-1.97778e-05
-0.000557725
0.000121291
-1.97803e-05
-0.000557754
0.000103617
-0.000121301
0.000142654
-3.92718e-05
-4.52684e-05
0.00134057
-8.72074e-05
-0.000220132
-0.00043088
-4.58197e-05
-3.06549e-05
4.47652e-05
3.6172e-09
-0.000875507
-6.76538e-05
3.12083e-08
-0.000676702
3.49106e-05
-2.42988e-08
-0.000139162
-1.97749e-05
-1.00065e-09
-0.000557712
9.25819e-09
9.50137e-09
-0.000677013
1.97988e-05
4.58452e-09
-0.000677033
-3.48818e-05
1.05044e-09
-0.000557738
6.76513e-05
-2.70321e-08
-0.000139146
-4.47887e-05
2.52239e-08
-0.000676688
3.27266e-09
-0.000875571
4.47652e-05
4.58131e-05
-0.000875398
-6.76584e-05
0.000220171
-0.000676656
3.493e-05
4.5226e-05
-0.00013884
-1.97757e-05
0.000121309
-0.000557745
4.60135e-09
1.98084e-05
-0.00067704
1.97921e-05
1.98007e-05
-0.000677061
-3.4901e-05
0.000121328
-0.000557752
6.76587e-05
4.52435e-05
-0.000138899
-4.47857e-05
0.000220191
-0.000676653
4.57943e-05
-0.000875485
8.71468e-05
8.95212e-05
-3.07573e-05
3.92733e-05
0.000369459
-0.000430877
-0.000103591
0.000164376
0.00134099
-0.000121307
0.000103652
0.00014271
1.43857e-09
-3.48704e-05
-0.000557741
0.000121324
-3.48858e-05
-0.000557751
0.000103628
0.000103654
0.000142799
-3.92678e-05
0.000164398
0.00134087
-8.7151e-05
0.000369497
-0.000430883
8.95071e-05
-3.07758e-05
6.46878e-05
-0.000186256
-0.000178916
-5.12179e-05
0.00048357
0.000746805
-0.000164435
5.11777e-05
0.00308553
-4.52956e-05
-3.92712e-05
0.00134054
-1.91303e-08
6.7648e-05
-0.000139108
4.52743e-05
6.76543e-05
-0.00013894
0.000164429
-3.92683e-05
0.00134073
5.12193e-05
5.11989e-05
0.00308551
-6.46887e-05
0.000483576
0.000746693
-0.000186273
-0.000178979
-0.000416996
3.00393e-05
0.000110932
-0.000483578
0.000417023
0.00164706
-0.000369503
-6.47393e-05
0.000746328
-0.000220142
-8.72119e-05
-0.000430894
1.82307e-08
-4.47858e-05
-0.000676696
0.000220185
-4.47849e-05
-0.000676675
0.000369514
-8.71746e-05
-0.000430902
0.000483579
-6.47114e-05
0.000746518
0.000417008
0.000417013
0.00164711
3.0046e-05
0.000110929
-3.00368e-05
-0.00281569
0.000186259
0.00011086
-8.95643e-05
-0.000178952
-4.58295e-05
-3.06682e-05
6.35619e-09
-0.000875564
4.58211e-05
-0.000875511
8.95288e-05
-3.07492e-05
-0.00018627
-0.000178963
3.00474e-05
0.000110893
-0.00281567
-2.84907e-05
-2.84891e-05
-0.00275878
0.000413395
-0.000465708
0.000134657
0.00016201
6.8994e-05
3.57496e-06
8.63867e-05
0.00011831
-7.32844e-05
4.21913e-10
8.73736e-05
-0.000876478
-8.63644e-05
8.7346e-05
-0.000876409
-0.000162033
0.000118233
-7.32886e-05
-0.000413433
6.89636e-05
3.56464e-06
2.84925e-05
-0.000465712
0.000134677
-2.84852e-05
-0.00275873
-0.000465685
0.000413385
0.000134674
-0.000482789
-0.000482804
0.00168119
-0.00032789
-6.587e-05
0.000726403
-0.000194428
5.67669e-05
-0.000502818
1.78445e-08
-5.82541e-05
-0.000725524
0.00019445
-5.82729e-05
-0.000725489
0.000327884
5.67504e-05
-0.000502852
0.000482794
-6.58935e-05
0.000726633
0.000465696
-0.000482812
0.00168125
0.000413429
0.00013466
6.89905e-05
0.000162
3.54919e-06
-6.58854e-05
-0.000327887
0.000726449
-0.000155043
-0.000155028
0.00326385
-1.75361e-06
-9.58304e-05
0.00133997
-2.90206e-08
4.47177e-05
-0.000243837
1.7443e-06
4.47228e-05
-0.000243671
0.000155069
-9.58267e-05
0.00134016
6.59103e-05
-0.000155039
0.00326386
-6.89771e-05
-0.000327912
0.000726389
0.000162024
3.46686e-06
0.000118322
8.63902e-05
-7.32843e-05
5.67846e-05
-0.000194427
-0.000502798
-9.58077e-05
-1.75528e-06
0.00133996
-9.36511e-05
-9.36539e-05
0.000138157
6.14066e-09
-9.47946e-06
-0.000597185
9.36725e-05
-9.4803e-06
-0.000597217
9.58489e-05
-9.36407e-05
0.000138291
-5.67811e-05
-1.76704e-06
0.00133993
-0.000118305
-0.000194447
-0.000502822
8.63956e-05
-7.33309e-05
8.73822e-05
-7.01911e-09
-0.000876492
-5.82471e-05
2.32467e-08
-0.000725523
4.47216e-05
-4.62282e-08
-0.00024384
-9.47779e-06
7.68327e-09
-0.000597174
8.18115e-09
8.06508e-09
-0.000695987
9.49636e-06
4.27038e-09
-0.000696006
-4.46948e-05
6.78539e-09
-0.000597194
5.8257e-05
-4.45615e-08
-0.00024382
-8.73773e-05
1.88142e-08
-0.000725519
-6.43289e-09
-0.000876546
8.73429e-05
-8.63662e-05
-0.000876382
-5.82733e-05
0.000194456
-0.000725473
4.47306e-05
1.73044e-06
-0.000243621
-9.47753e-06
9.3688e-05
-0.000597217
4.56595e-09
9.50225e-06
-0.000696016
9.49062e-06
9.49569e-06
-0.000696038
-4.47059e-05
9.36702e-05
-0.000597219
5.82798e-05
1.73497e-06
-0.000243664
-8.73428e-05
0.000194464
-0.000725476
-8.63809e-05
-0.000876453
0.000118207
-0.000162042
-7.32884e-05
5.67555e-05
0.000327878
-0.000502848
-9.58039e-05
0.00015506
0.00134022
-9.36336e-05
9.58878e-05
0.00013834
5.04078e-09
-4.46828e-05
-0.000597194
9.36509e-05
-4.46915e-05
-0.00059721
9.58395e-05
9.5878e-05
0.000138402
-5.67506e-05
0.000155065
0.00134013
-0.000118207
0.000327895
-0.000502858
-0.000162056
-7.33069e-05
6.89431e-05
-0.000413449
3.54818e-06
-6.59169e-05
0.0004828
0.000726743
-0.000155061
6.5897e-05
0.00326384
-1.78456e-06
-5.67713e-05
0.00133992
-2.98193e-08
5.82585e-05
-0.000243804
1.76129e-06
5.82759e-05
-0.000243698
0.000155077
-5.67494e-05
0.00134004
6.59284e-05
6.59131e-05
0.00326382
-6.89421e-05
0.000482809
0.00072665
-0.000413473
3.49481e-06
-0.000465709
2.84909e-05
0.000134701
-0.000482811
0.000465705
0.00168126
-0.000327922
-6.8985e-05
0.000726321
-0.000194449
-0.000118302
-0.000502835
1.43169e-08
-8.73744e-05
-0.000725527
0.000194464
-8.73514e-05
-0.000725497
0.000327913
-0.000118235
-0.000502865
0.000482813
-6.8963e-05
0.000726493
0.000465716
0.000465712
0.00168131
2.84878e-05
0.000134684
-2.84854e-05
-0.00275871
0.000413441
0.000134638
0.000162035
3.46919e-06
8.63961e-05
-7.33317e-05
1.43239e-09
-0.000876543
-8.63793e-05
-0.000876482
-0.000162049
-7.33141e-05
-0.000413464
3.48802e-06
2.84879e-05
0.000134653
-0.00275869
-4.98537e-05
-4.98509e-05
-0.00265907
0.000580955
-0.000521646
2.54948e-05
0.000438352
3.85382e-05
0.00010764
0.000220568
0.000151418
-6.91786e-06
-2.29309e-08
0.000126708
-0.000782594
-0.000220607
0.000126685
-0.00078251
-0.000438391
0.00015139
-6.89475e-06
-0.000580981
3.84995e-05
0.000107655
4.98398e-05
-0.000521671
2.55272e-05
-4.98315e-05
-0.00265906
-0.000521631
0.000580953
2.55011e-05
-0.000475392
-0.000475404
0.00158871
-0.000293486
-4.93767e-05
0.000632412
-0.000168107
4.49819e-05
-0.00052176
2.76008e-09
-3.5137e-05
-0.00073179
0.000168082
-3.5142e-05
-0.000731742
0.000293452
4.49654e-05
-0.000521796
0.000475403
-4.94015e-05
0.000632583
0.000521647
-0.000475425
0.00158876
0.000580996
2.54804e-05
3.8535e-05
0.000438341
0.000107626
-4.9395e-05
-0.000293488
0.000632462
-0.000129992
-0.000129982
0.00342505
3.68277e-05
-0.000125725
0.00134385
-2.06654e-08
6.22623e-05
-0.000304388
-3.68279e-05
6.22726e-05
-0.000304278
0.000130028
-0.000125709
0.00134398
4.94336e-05
-0.000129967
0.00342502
-3.85113e-05
-0.0002935
0.000632409
0.000438385
0.000107566
0.000151425
0.000220557
-6.92539e-06
4.50091e-05
-0.000168115
-0.000521754
-0.000125697
3.68255e-05
0.00134386
-7.74416e-05
-7.74391e-05
4.16159e-05
9.42377e-09
-9.21511e-07
-0.000611452
7.74585e-05
-9.19781e-07
-0.000611474
0.000125728
-7.74105e-05
4.1723e-05
-4.5007e-05
3.68373e-05
0.00134386
-0.000151422
-0.000168123
-0.000521783
0.000220591
-6.95892e-06
0.000126712
-3.83732e-08
-0.000782608
-3.51306e-05
2.80968e-09
-0.000731798
6.22675e-05
-3.27785e-08
-0.00030438
-9.19622e-07
1.21374e-08
-0.000611438
5.24577e-09
5.17259e-09
-0.000697838
9.30478e-07
2.76941e-09
-0.000697854
-6.22592e-05
1.00573e-08
-0.000611425
3.51306e-05
-2.92292e-08
-0.000304343
-0.0001267
1.46041e-09
-0.000731813
-3.04033e-08
-0.000782625
0.000126681
-0.00022062
-0.000782482
-3.51376e-05
0.000168078
-0.000731729
6.22831e-05
-3.6833e-05
-0.000304241
-9.16017e-07
7.74671e-05
-0.000611473
3.19261e-09
9.34547e-07
-0.000697865
9.24003e-07
9.2809e-07
-0.000697885
-6.22763e-05
7.74397e-05
-0.000611448
3.51338e-05
-3.6844e-05
-0.00030426
-0.000126674
0.000168087
-0.000731754
-0.000220639
-0.000782518
0.000151379
-0.000438403
-6.88468e-06
4.49763e-05
0.00029344
-0.000521807
-0.000125679
0.000130029
0.00134401
-7.74005e-05
0.000125761
4.17671e-05
7.29191e-09
-6.22489e-05
-0.000611419
7.74194e-05
-6.22619e-05
-0.000611432
0.00012571
0.000125747
4.18046e-05
-4.49736e-05
0.000130014
0.00134395
-0.000151384
0.000293453
-0.000521813
-0.000438423
-6.90697e-06
3.8476e-05
-0.000580991
0.00010766
-4.94233e-05
0.000475412
0.00063267
-0.00012997
4.94263e-05
0.00342499
3.68402e-05
-4.49949e-05
0.00134387
-1.73998e-08
3.51332e-05
-0.000304329
-3.68388e-05
3.51362e-05
-0.000304275
0.000130005
-4.4972e-05
0.00134392
4.94468e-05
4.94371e-05
0.00342495
-3.84741e-05
0.000475425
0.000632599
-0.000581013
0.000107611
-0.000521675
4.98353e-05
2.55495e-05
-0.000475424
0.000521655
0.00158877
-0.000293497
-3.85181e-05
0.000632339
-0.000168115
-0.000151425
-0.000521788
1.75062e-09
-0.0001267
-0.00073181
0.000168092
-0.000126681
-0.00073177
0.000293466
-0.000151401
-0.00052181
0.000475426
-3.84989e-05
0.000632469
0.000521679
0.00052167
0.00158881
4.98245e-05
2.55255e-05
-4.98273e-05
-0.00265905
0.00058101
2.54557e-05
0.000438406
0.000107555
0.000220611
-6.96124e-06
-1.55156e-08
-0.000782617
-0.000220635
-0.000782544
-0.000438423
-6.92672e-06
-0.000581017
0.000107583
4.98227e-05
2.54828e-05
-0.00265905
-4.05262e-05
-4.05267e-05
-0.00257802
0.000637467
-0.0005434
-0.000109098
0.000575537
3.60106e-05
0.000133559
0.000328439
0.000179986
6.01945e-05
-3.78625e-08
0.00016534
-0.000619458
-0.000328494
0.00016533
-0.000619384
-0.000575577
0.000179977
6.02105e-05
-0.000637533
3.59791e-05
0.000133632
4.04695e-05
-0.000543428
-0.000109047
-4.04689e-05
-0.00257812
-0.000543394
0.000637464
-0.000109096
-0.000453419
-0.000453427
0.00140876
-0.000275088
-1.42676e-06
0.000491518
-0.000143401
3.31763e-05
-0.000506639
-1.00063e-08
-2.19573e-06
-0.000707645
0.000143378
-2.18375e-06
-0.000707615
0.00027507
3.3142e-05
-0.000506654
0.000453433
-1.43211e-06
0.000491631
0.000543413
-0.000453449
0.0014088
0.000637541
-0.000109117
3.60028e-05
0.000575533
0.000133554
-1.44452e-06
-0.000275089
0.000491571
-9.26279e-05
-9.26238e-05
0.00360743
8.01387e-05
-0.000168952
0.00137321
-6.99595e-09
8.3786e-05
-0.000310224
-8.01278e-05
8.38017e-05
-0.000310143
9.26666e-05
-0.000168971
0.0013733
1.47765e-06
-9.26097e-05
0.00360739
-3.59787e-05
-0.000275109
0.000491525
0.000575578
0.000133551
0.000179988
0.000328428
6.01912e-05
3.32005e-05
-0.000143408
-0.000506648
-0.000168924
8.01337e-05
0.00137323
-8.74408e-05
-8.74423e-05
-0.000121377
1.16469e-08
2.25472e-06
-0.000617373
8.74642e-05
2.25668e-06
-0.000617382
0.000168957
-8.74446e-05
-0.000121297
-3.31886e-05
8.01411e-05
0.00137325
-0.000179984
-0.000143423
-0.000506673
0.000328464
6.01716e-05
0.000165342
-5.75782e-08
-0.000619465
-2.18898e-06
-1.37601e-08
-0.000707662
8.3792e-05
-1.22391e-08
-0.000310215
2.25658e-06
1.44841e-08
-0.00061736
3.07232e-09
3.55806e-09
-0.000693334
-2.2524e-06
2.68324e-09
-0.000693345
-8.38001e-05
1.08984e-08
-0.000617333
2.17599e-06
-9.23985e-09
-0.000310169
-0.000165333
-1.22918e-08
-0.000707715
-4.60633e-08
-0.000619448
0.000165329
-0.000328511
-0.000619357
-2.17382e-06
0.000143375
-0.000707616
8.38141e-05
-8.01253e-05
-0.000310116
2.26039e-06
8.74722e-05
-0.000617377
2.62834e-09
-2.24967e-06
-0.000693354
-2.25668e-06
-2.2536e-06
-0.000693369
-8.38233e-05
8.74718e-05
-0.000617342
2.15784e-06
-8.01339e-05
-0.000310116
-0.000165322
0.000143392
-0.000707679
-0.000328527
-0.000619359
0.000179974
-0.000575587
6.02178e-05
3.31461e-05
0.000275064
-0.000506667
-0.000168955
9.26743e-05
0.00137331
-8.74429e-05
0.000168983
-0.000121256
7.99234e-09
-8.37929e-05
-0.000617326
8.74625e-05
-8.38105e-05
-0.000617329
0.000168977
0.000168996
-0.000121234
-3.31424e-05
9.2656e-05
0.00137328
-0.000179973
0.000275085
-0.000506675
-0.000575608
6.02017e-05
3.59605e-05
-0.000637547
0.000133659
-1.44298e-06
0.000453442
0.000491695
-9.26034e-05
1.47348e-06
0.00360735
8.015e-05
-3.31782e-05
0.00137328
-3.76281e-09
2.17804e-06
-0.000310146
-8.01382e-05
2.16536e-06
-0.000310116
9.26384e-05
-3.31467e-05
0.00137329
1.47459e-06
1.47504e-06
0.00360729
-3.59484e-05
0.000453457
0.00049165
-0.00063758
0.000133634
-0.000543434
4.04569e-05
-0.00010902
-0.000453444
0.000543416
0.0014088
-0.000275103
-3.59853e-05
0.000491456
-0.000143414
-0.000179988
-0.000506667
-8.2663e-09
-0.000165335
-0.000707703
0.000143394
-0.000165327
-0.000707681
0.000275087
-0.000179981
-0.000506669
0.000453452
-3.59664e-05
0.000491546
0.000543441
0.000543432
0.00140885
4.04346e-05
-0.000109048
-4.04541e-05
-0.00257814
0.000637567
-0.000109149
0.000575599
0.000133537
0.000328484
6.01661e-05
-2.75097e-08
-0.00061944
-0.00032852
-0.000619378
-0.000575613
6.01855e-05
-0.000637588
0.000133591
4.0433e-05
-0.000109106
-0.00257818
-4.85476e-06
-4.85478e-06
-0.00256831
0.000705831
-0.00053244
-0.000287344
0.000617366
5.82926e-05
0.000163732
0.000338193
0.000222156
0.000117211
-3.32293e-08
0.000191157
-0.000472388
-0.000338233
0.000191152
-0.000472335
-0.000617375
0.000222131
0.000117221
-0.000705849
5.82705e-05
0.000163836
4.84335e-06
-0.000532463
-0.000287277
-4.84329e-06
-0.00256843
-0.000532436
0.000705828
-0.000287343
-0.000408077
-0.000408083
0.00116004
-0.000249834
2.1428e-05
0.000370141
-0.00011596
5.38759e-05
-0.000472232
-9.64092e-09
1.95292e-05
-0.000651968
0.000115949
1.95401e-05
-0.000651963
0.000249832
5.38331e-05
-0.000472238
0.000408096
2.1434e-05
0.000370203
0.000532462
-0.000408096
0.00116007
0.000705856
-0.000287355
5.82886e-05
0.000617363
0.000163731
2.1417e-05
-0.000249832
0.000370192
-7.41894e-05
-7.41853e-05
0.00379865
0.000103461
-0.000177321
0.00142676
-8.47721e-09
9.87817e-05
-0.000286006
-0.000103464
9.87939e-05
-0.000285942
7.42202e-05
-0.000177356
0.0014268
-2.13918e-05
-7.4176e-05
0.00379861
-5.82709e-05
-0.000249848
0.000370156
0.00061738
0.000163756
0.000222161
0.000338184
0.00011721
5.38885e-05
-0.000115962
-0.000472245
-0.000177304
0.000103457
0.00142678
-0.000102974
-0.000102978
-0.000270051
1.29594e-08
1.81209e-06
-0.00062339
0.000102997
1.81401e-06
-0.000623386
0.000177336
-0.000102994
-0.000269997
-5.38693e-05
0.000103459
0.00142682
-0.000222148
-0.000115975
-0.000472268
0.000338202
0.000117202
0.000191157
-5.04152e-08
-0.000472387
1.95328e-05
-1.3151e-08
-0.000651987
9.87864e-05
-1.34782e-08
-0.000285998
1.81361e-06
1.59652e-08
-0.000623381
2.28185e-09
2.87805e-09
-0.000689713
-1.81136e-06
2.65218e-09
-0.00068972
-9.87967e-05
1.01046e-08
-0.000623352
-1.95442e-05
-8.19079e-09
-0.000285954
-0.000191152
-1.05625e-08
-0.000652071
-4.28655e-08
-0.000472356
0.000191151
-0.000338245
-0.000472314
1.95473e-05
0.00011595
-0.000651976
9.88039e-05
-0.000103463
-0.000285923
1.81707e-06
0.000103006
-0.000623379
2.38461e-09
-1.80945e-06
-0.000689727
-1.81448e-06
-1.81214e-06
-0.000689737
-9.88153e-05
0.000103016
-0.000623348
-1.95606e-05
-0.000103464
-0.000285915
-0.000191147
0.000115962
-0.000652065
-0.000338254
-0.000472294
0.000222126
-0.000617375
0.000117223
5.38293e-05
0.000249832
-0.000472252
-0.000177351
7.42282e-05
0.0014268
-0.000102995
0.000177354
-0.000269961
7.00036e-09
-9.87929e-05
-0.000623345
0.000103011
-9.88068e-05
-0.000623339
0.000177365
0.000177375
-0.000269947
-5.38263e-05
7.42148e-05
0.0014268
-0.000222119
0.000249844
-0.000472265
-0.000617389
0.000117217
5.826e-05
-0.000705851
0.000163875
2.14305e-05
0.000408106
0.00037025
-7.41702e-05
-2.13911e-05
0.00379857
0.000103466
-5.3863e-05
0.00142686
-3.79616e-09
-1.95445e-05
-0.000285925
-0.000103466
-1.95557e-05
-0.000285905
7.41975e-05
-5.38336e-05
0.00142683
-2.1403e-05
-2.13965e-05
0.00379851
-5.82507e-05
0.000408112
0.000370229
-0.000705868
0.000163863
-0.000532465
4.84007e-06
-0.000287247
-0.000408085
0.000532467
0.00116006
-0.000249841
-5.82734e-05
0.000370094
-0.000115969
-0.000222146
-0.000472256
-6.71876e-09
-0.000191154
-0.000652055
0.000115961
-0.00019115
-0.000652054
0.000249838
-0.000222127
-0.000472253
0.000408098
-5.82605e-05
0.00037015
0.000532477
0.000532476
0.0011601
4.83312e-06
-0.000287272
-4.83996e-06
-0.00256846
0.00070587
-0.000287391
0.000617393
0.000163741
0.000338216
0.000117197
-2.69657e-08
-0.000472351
-0.000338248
-0.000472306
-0.000617398
0.000117208
-0.000705877
0.00016381
4.8331e-06
-0.00028734
-0.00256851
-4.36947e-05
-4.36947e-05
-0.00248092
0.000690921
-0.000549254
-0.000472706
0.000603273
4.91372e-05
0.000202243
0.000268193
0.000259474
0.000192817
-3.26829e-08
0.000194399
-0.000398562
-0.000268238
0.000194401
-0.000398531
-0.000603278
0.00025945
0.000192811
-0.000690872
4.91327e-05
0.000202298
4.37379e-05
-0.000549247
-0.000472639
-4.37374e-05
-0.00248096
-0.000549251
0.000690919
-0.000472705
-0.000398353
-0.000398359
0.000858252
-0.000255627
3.04274e-05
0.000246124
-0.000117076
9.96004e-05
-0.00045091
-5.48746e-09
2.17214e-05
-0.000596361
0.000117064
2.17314e-05
-0.000596363
0.000255614
9.95724e-05
-0.000450911
0.000398366
3.04437e-05
0.00024614
0.000549267
-0.000398349
0.000858268
0.000690877
-0.000472702
4.91341e-05
0.000603269
0.000202247
3.04166e-05
-0.000255625
0.000246175
-7.75274e-05
-7.75222e-05
0.00401455
0.000101848
-0.000145643
0.00149263
-1.09847e-08
0.000105186
-0.000267612
-0.00010186
0.000105195
-0.000267556
7.75526e-05
-0.000145674
0.00149264
-3.03894e-05
-7.75097e-05
0.00401451
-4.91231e-05
-0.000255627
0.000246168
0.000603272
0.000202238
0.000259478
0.000268185
0.000192816
9.96006e-05
-0.000117074
-0.000450918
-0.000145639
0.000101844
0.00149265
-0.000106847
-0.00010685
-0.000347636
1.11503e-08
5.2022e-06
-0.000630264
0.000106864
5.20744e-06
-0.000630251
0.000145665
-0.000106864
-0.000347608
-9.95835e-05
0.00010185
0.00149271
-0.000259465
-0.000117074
-0.00045094
0.000268198
0.00019281
0.0001944
-5.02866e-08
-0.000398552
2.17237e-05
-7.42407e-09
-0.000596377
0.000105189
-1.68754e-08
-0.000267602
5.20411e-06
1.34331e-08
-0.00063026
-2.67103e-09
-3.43105e-09
-0.000679301
-5.20633e-06
-1.42109e-09
-0.000679307
-0.000105195
6.62068e-09
-0.000630234
-2.17328e-05
-1.05276e-08
-0.000267555
-0.000194405
-4.81255e-09
-0.000596468
-4.42984e-08
-0.000398518
0.000194402
-0.000268254
-0.000398513
2.17369e-05
0.000117061
-0.000596379
0.000105201
-0.000101862
-0.000267542
5.21137e-06
0.00010687
-0.000630246
-8.40952e-10
-5.20548e-06
-0.000679312
-5.21152e-06
-5.20865e-06
-0.000679319
-0.000105208
0.000106878
-0.000630223
-2.17467e-05
-0.000101863
-0.000267524
-0.000194408
0.000117061
-0.00059647
-0.000268261
-0.000398485
0.000259446
-0.000603278
0.000192801
9.95686e-05
0.000255611
-0.000450924
-0.000145675
7.75603e-05
0.00149262
-0.000106865
0.000145677
-0.000347578
4.22848e-09
-0.000105195
-0.000630224
0.000106875
-0.000105204
-0.000630214
0.000145684
0.000145689
-0.000347567
-9.95671e-05
7.75454e-05
0.00149264
-0.000259438
0.000255612
-0.000450944
-0.000603286
0.000192803
4.91298e-05
-0.000690858
0.000202325
3.04464e-05
0.000398377
0.000246167
-7.75028e-05
-3.03854e-05
0.00401447
0.000101855
-9.95813e-05
0.00149276
-5.31612e-09
-2.17345e-05
-0.000267524
-0.000101862
-2.17443e-05
-0.000267508
7.75269e-05
-9.957e-05
0.0014927
-3.04163e-05
-3.0401e-05
0.0040144
-4.91187e-05
0.000398365
0.000246179
-0.000690848
0.000202306
-0.00054924
4.37479e-05
-0.000472613
-0.000398331
0.000549274
0.000858256
-0.000255622
-4.9122e-05
0.000246122
-0.000117071
-0.000259462
-0.000450926
-2.5713e-09
-0.000194405
-0.000596453
0.000117063
-0.000194407
-0.000596456
0.00025561
-0.000259442
-0.000450928
0.00039834
-4.91183e-05
0.000246137
0.000549251
0.000549264
0.000858293
4.37611e-05
-0.00047263
-4.37468e-05
-0.00248097
0.000690872
-0.000472736
0.000603278
0.000202213
0.000268205
0.000192808
-2.84484e-08
-0.000398523
-0.000268246
-0.000398496
-0.000603288
0.000192808
-0.000690855
0.000202258
4.37605e-05
-0.000472691
-0.00248099
-0.000144318
-0.000144317
-0.00219229
0.000528683
-0.00058017
-0.000565536
0.000439023
6.78119e-05
0.000224092
0.000120402
0.000336792
0.000174645
-3.32933e-08
0.000154472
-0.000432598
-0.000120458
0.000154488
-0.000432594
-0.00043906
0.000336804
0.000174608
-0.00052866
6.78095e-05
0.000224088
0.000144347
-0.000580148
-0.000565497
-0.000144337
-0.00219227
-0.000580167
0.000528679
-0.000565534
-0.000446469
-0.000446473
0.000590857
-0.000280174
-1.3346e-05
0.000160987
-0.000120407
0.000152524
-0.000426409
7.03882e-10
-2.99629e-06
-0.0005593
0.000120395
-2.9824e-06
-0.000559287
0.000280157
0.000152538
-0.000426407
0.000446467
-1.32967e-05
0.000160937
0.000580166
-0.000446441
0.000590862
0.00052865
-0.000565523
6.78092e-05
0.000439015
0.000224101
-1.33612e-05
-0.000280168
0.00016104
-9.49898e-05
-9.49834e-05
0.00417781
9.44149e-05
-9.02624e-05
0.00154601
-4.69427e-09
0.000102931
-0.00027912
-9.44226e-05
0.000102941
-0.000279062
9.50073e-05
-9.02841e-05
0.00154603
1.3395e-05
-9.49655e-05
0.00417779
-6.77942e-05
-0.000280147
0.000161063
0.000439016
0.000224078
0.000336793
0.000120394
0.000174643
0.000152517
-0.000120401
-0.000426409
-9.02644e-05
9.44134e-05
0.00154604
-9.26842e-05
-9.26872e-05
-0.000342791
5.41969e-09
1.47087e-05
-0.000634732
9.26944e-05
1.47134e-05
-0.000634712
9.02783e-05
-9.27014e-05
-0.000342774
-0.000152522
9.44203e-05
0.00154613
-0.000336801
-0.000120385
-0.000426423
0.000120405
0.00017462
0.000154474
-5.07579e-08
-0.000432582
-2.99485e-06
2.29078e-09
-0.000559311
0.000102931
-7.38267e-09
-0.000279107
1.47094e-05
5.25743e-09
-0.000634731
-1.83339e-09
-2.76342e-09
-0.000649878
-1.47107e-05
-1.34063e-09
-0.000649883
-0.000102935
5.34566e-10
-0.000634712
2.98407e-06
-2.56646e-09
-0.000279051
-0.000154494
3.54963e-09
-0.000559378
-4.35074e-08
-0.000432563
0.000154498
-0.000120478
-0.000432583
-2.97695e-06
0.000120392
-0.000559293
0.000102944
-9.44217e-05
-0.000279049
1.47155e-05
9.26973e-05
-0.00063471
-5.39752e-10
-1.47113e-05
-0.000649888
-1.47148e-05
-1.47137e-05
-0.000649893
-0.000102946
9.27057e-05
-0.000634696
2.96748e-06
-9.44223e-05
-0.000279018
-0.000154515
0.000120378
-0.000559362
-0.000120481
-0.000432563
0.000336815
-0.00043907
0.000174578
0.000152547
0.000280151
-0.000426415
-9.02877e-05
9.5014e-05
0.00154602
-9.27026e-05
9.02832e-05
-0.000342749
6.70298e-10
-0.000102938
-0.000634701
9.27072e-05
-0.000102946
-0.000634688
9.029e-05
9.02896e-05
-0.000342734
-0.000152556
9.49973e-05
0.00154607
-0.000336817
0.000280132
-0.000426437
-0.000439073
0.000174579
6.78095e-05
-0.000528652
0.000224098
-1.32791e-05
0.000446477
0.00016093
-9.49581e-05
1.34046e-05
0.00417776
9.44234e-05
-0.000152527
0.00154618
1.43694e-11
2.98074e-06
-0.00027902
-9.4424e-05
2.96871e-06
-0.000278999
9.49785e-05
-0.00015255
0.00154614
1.33201e-05
1.33587e-05
0.00417769
-6.77904e-05
0.00044645
0.000160971
-0.000528643
0.000224086
-0.000580135
0.000144356
-0.000565486
-0.000446421
0.000580174
0.000590844
-0.000280143
-6.77916e-05
0.00016104
-0.000120384
-0.000336804
-0.000426407
2.62578e-09
-0.000154491
-0.000559368
0.000120379
-0.000154506
-0.000559358
0.00028013
-0.000336812
-0.000426417
0.000446423
-6.7786e-05
0.000160989
0.000580142
0.00058016
0.000590864
0.000144363
-0.000565495
-0.00014434
-0.00219227
0.000528643
-0.000565546
0.000439012
0.000224052
0.000120406
0.00017461
-2.81008e-08
-0.00043258
-0.000120455
-0.000432575
-0.000439052
0.000174593
-0.000528642
0.000224062
0.000144357
-0.000565529
-0.00219227
-9.9974e-05
-9.99728e-05
-0.00199234
0.000381169
-0.000563201
-0.000483479
0.000176857
0.000176443
0.000251961
3.05825e-05
0.000352171
-3.12513e-05
-2.25829e-08
0.000101947
-0.00050394
-3.06185e-05
0.000101958
-0.000503956
-0.000176911
0.000352208
-3.13077e-05
-0.000381214
0.000176425
0.000251967
9.99669e-05
-0.000563197
-0.000483482
-9.99589e-05
-0.00199235
-0.000563195
0.000381163
-0.000483475
-0.000514876
-0.000514879
0.000494216
-0.00029454
-7.64226e-05
0.000193517
-0.000113428
0.000139558
-0.000394908
3.36807e-09
-4.05662e-05
-0.000530219
0.000113431
-4.05576e-05
-0.000530199
0.000294534
0.000139593
-0.000394895
0.000514859
-7.63865e-05
0.000193424
0.000563189
-0.000514856
0.000494191
0.000381178
-0.000483471
0.000176445
0.000176849
0.000251971
-7.64311e-05
-0.000294527
0.000193564
-0.000103644
-0.000103638
0.00423224
9.72504e-05
-4.16909e-05
0.00152636
5.09154e-09
9.64219e-05
-0.000318863
-9.72414e-05
9.64313e-05
-0.000318805
0.00010366
-4.17022e-05
0.00152642
7.64506e-05
-0.00010362
0.00423223
-0.000176433
-0.000294493
0.000193584
0.000176856
0.000251967
0.00035217
3.05776e-05
-3.12545e-05
0.000139554
-0.000113418
-0.000394903
-4.16899e-05
9.72506e-05
0.00152639
-6.43849e-05
-6.4389e-05
-0.000297398
-2.72499e-09
2.45939e-05
-0.000627286
6.43867e-05
2.45987e-05
-0.000627269
4.16873e-05
-6.44038e-05
-0.000297373
-0.000139574
9.72534e-05
0.00152651
-0.000352187
-0.000113398
-0.000394905
3.05873e-05
-3.12985e-05
0.000101948
-3.30241e-08
-0.00050392
-4.05656e-05
7.28203e-09
-0.000530223
9.64205e-05
7.68378e-09
-0.00031885
2.45938e-05
-6.0703e-09
-0.000627287
-1.80873e-09
-3.15179e-09
-0.000600685
-2.45954e-05
-1.59157e-09
-0.00060069
-9.64242e-05
-7.01252e-09
-0.00062728
4.05587e-05
1.12152e-08
-0.000318792
-0.000101965
6.91074e-09
-0.00053026
-2.72116e-08
-0.000503913
0.000101966
-3.06314e-05
-0.00050395
-4.05554e-05
0.000113433
-0.000530198
9.64318e-05
-9.72333e-05
-0.000318795
2.46e-05
6.43853e-05
-0.00062727
-3.24342e-10
-2.45973e-05
-0.000600693
-2.45987e-05
-2.4599e-05
-0.000600697
-9.64327e-05
6.43983e-05
-0.000627268
4.05498e-05
-9.72298e-05
-0.00031876
-0.00010198
0.000113413
-0.000530238
-3.06304e-05
-0.00050394
0.000352226
-0.000176927
-3.13523e-05
0.000139605
0.000294531
-0.000394893
-4.17056e-05
0.000103667
0.00152643
-6.44062e-05
4.16856e-05
-0.000297349
-3.77421e-09
-9.64299e-05
-0.00062727
6.44054e-05
-9.64358e-05
-0.00062726
4.17e-05
4.16921e-05
-0.000297322
-0.000139621
0.000103653
0.0015265
-0.000352236
0.000294498
-0.000394907
-0.000176925
-3.13629e-05
0.000176421
-0.000381223
0.000251973
-7.63704e-05
0.000514863
0.000193389
-0.000103614
7.6458e-05
0.00423221
9.72536e-05
-0.000139581
0.00152658
9.24074e-09
4.05549e-05
-0.000318761
-9.7237e-05
4.05484e-05
-0.000318737
0.000103635
-0.000139615
0.00152657
7.63958e-05
7.64247e-05
0.00423216
-0.000176409
0.000514844
0.000193431
-0.000381221
0.000251972
-0.000563185
9.99664e-05
-0.00048349
-0.000514843
0.000563197
0.000494169
-0.000294489
-0.000176434
0.000193578
-0.000113398
-0.000352189
-0.00039489
4.13576e-09
-0.000101962
-0.000530253
0.000113406
-0.000101972
-0.000530239
0.000294489
-0.000352222
-0.000394893
0.000514831
-0.000176416
0.000193487
0.000563182
0.000563194
0.000494163
9.99656e-05
-0.000483499
-9.99567e-05
-0.00199235
0.000381174
-0.00048348
0.000176847
0.000251945
3.05884e-05
-3.13204e-05
-1.78661e-08
-0.000503935
-3.06154e-05
-0.000503949
-0.000176895
-3.13492e-05
-0.000381203
0.000251954
9.99622e-05
-0.000483501
-0.00199234
-2.48408e-05
-2.48399e-05
-0.00194266
0.000301759
-0.000551031
-0.000259048
2.9077e-05
0.000278327
0.000246317
4.98167e-05
0.000246227
-0.000298218
-1.99655e-09
6.2565e-05
-0.000516686
-4.98275e-05
6.25715e-05
-0.000516702
-2.91143e-05
0.000246212
-0.000298233
-0.000301779
0.000278312
0.000246319
2.48481e-05
-0.00055102
-0.000259089
-2.48454e-05
-0.00194265
-0.000551027
0.000301755
-0.000259043
-0.000610747
-0.000610752
0.000613658
-0.000347737
-0.000111028
0.000319861
-0.000111674
5.69628e-05
-0.000441707
7.73468e-09
-7.48218e-05
-0.000504514
0.000111692
-7.48179e-05
-0.000504494
0.000347732
5.69734e-05
-0.000441696
0.000610727
-0.000111005
0.000319745
0.000551022
-0.000610736
0.000613611
0.000301747
-0.000259041
0.000278333
2.90712e-05
0.000246321
-0.000111031
-0.000347727
0.000319903
-8.91993e-05
-8.91959e-05
0.00418858
0.000129397
-1.97321e-05
0.00138446
5.32066e-09
9.05705e-05
-0.000354863
-0.000129385
9.05775e-05
-0.000354809
8.92103e-05
-1.97363e-05
0.00138454
0.000111042
-8.91811e-05
0.00418858
-0.000278332
-0.000347699
0.000319921
2.9072e-05
0.00024631
0.00024623
4.98136e-05
-0.000298227
5.69654e-05
-0.000111665
-0.0004417
-1.97274e-05
0.000129396
0.00138449
-2.53031e-05
-2.53071e-05
-0.000286247
-7.4734e-09
3.25762e-05
-0.000594587
2.52986e-05
3.25821e-05
-0.000594579
1.97134e-05
-2.5319e-05
-0.000286205
-5.69805e-05
0.000129396
0.00138463
-0.000246228
-0.000111653
-0.000441703
4.9815e-05
-0.000298269
6.25639e-05
1.04053e-09
-0.000516671
-7.48221e-05
1.45148e-08
-0.000504516
9.05691e-05
8.52198e-09
-0.000354854
3.25757e-05
-1.20052e-08
-0.000594589
-2.88117e-09
-4.7534e-09
-0.000535526
-3.25791e-05
-2.9608e-09
-0.000535528
-9.0573e-05
-1.05548e-08
-0.000594595
7.48188e-05
1.23512e-08
-0.0003548
-6.2572e-05
1.25983e-08
-0.000504535
9.8466e-10
-0.000516671
6.25744e-05
-4.9827e-05
-0.000516697
-7.48187e-05
0.000111702
-0.000504492
9.05767e-05
-0.000129377
-0.000354805
3.25836e-05
2.52949e-05
-0.000594583
-1.19431e-09
-3.2582e-05
-0.000535531
-3.25833e-05
-3.25839e-05
-0.000535534
-9.05777e-05
2.53084e-05
-0.000594592
7.48151e-05
-0.000129367
-0.000354773
-6.25827e-05
0.000111687
-0.000504515
-4.98259e-05
-0.000516696
0.000246198
-2.91233e-05
-0.000298254
5.69681e-05
0.000347732
-0.000441693
-1.97404e-05
8.92143e-05
0.00138455
-2.53221e-05
1.97076e-05
-0.00028618
-6.02461e-09
-9.05782e-05
-0.00059459
2.5318e-05
-9.05815e-05
-0.000594587
1.97297e-05
1.97161e-05
-0.000286142
-5.69849e-05
8.92079e-05
0.00138464
-0.000246205
0.000347704
-0.000441703
-2.91208e-05
-0.000298273
0.000278311
-0.000301782
0.000246321
-0.000110992
0.000610732
0.000319693
-8.91764e-05
0.000111047
0.00418856
0.000129394
-5.69842e-05
0.00138471
1.02424e-08
7.48151e-05
-0.00035477
-0.000129372
7.48117e-05
-0.000354749
8.9196e-05
-5.69942e-05
0.00138471
0.000111005
0.000111024
0.00418854
-0.000278315
0.000610718
0.000319736
-0.000301776
0.000246312
-0.000551003
2.48481e-05
-0.000259117
-0.000610724
0.000551033
0.000613589
-0.000347695
-0.000278336
0.000319932
-0.000111654
-0.00024622
-0.000441696
7.28704e-09
-6.25715e-05
-0.000504528
0.000111674
-6.25788e-05
-0.000504515
0.000347694
-0.000246212
-0.000441696
0.000610707
-0.000278325
0.000319824
0.000551002
0.000551025
0.000613561
2.48495e-05
-0.000259123
-2.48478e-05
-0.00194265
0.00030174
-0.000259034
2.90647e-05
0.000246284
4.98161e-05
-0.000298292
-1.13863e-09
-0.000516689
-4.98239e-05
-0.000516705
-2.90993e-05
-0.000298286
-0.000301762
0.000246291
2.48506e-05
-0.000259088
-0.00194264
-5.03402e-06
-5.0338e-06
-0.00193259
0.000307267
-0.00059353
2.21819e-05
-4.21827e-05
0.000236468
0.000359298
-5.36967e-06
0.000157073
-0.000492104
1.52828e-08
2.36554e-05
-0.000545726
5.36335e-06
2.36649e-05
-0.000545715
4.21785e-05
0.000157002
-0.000492051
-0.000307254
0.000236471
0.00035928
5.03191e-06
-0.000593502
2.21276e-05
-5.03251e-06
-0.00193259
-0.000593528
0.000307262
2.21894e-05
-0.000663829
-0.000663834
0.000754262
-0.000381773
-0.0001657
0.000439973
-0.000111551
-3.8999e-05
-0.000515856
4.86232e-09
-0.000107384
-0.000485031
0.000111567
-0.000107382
-0.000485009
0.000381775
-3.90339e-05
-0.000515867
0.000663826
-0.000165687
0.000439852
0.000593531
-0.000663816
0.00075422
0.000307267
2.21902e-05
0.000236475
-4.21892e-05
0.000359298
-0.000165698
-0.000381769
0.000440011
-6.26031e-05
-6.26033e-05
0.00398238
0.000181967
-1.45313e-05
0.00111542
-1.59106e-09
8.60297e-05
-0.000366308
-0.000181966
8.60342e-05
-0.000366261
6.26045e-05
-1.45323e-05
0.00111546
0.000165699
-6.25931e-05
0.00398239
-0.000236481
-0.000381751
0.000440036
-4.21822e-05
0.000359279
0.000157082
-5.3723e-06
-0.000492126
-3.89937e-05
-0.000111545
-0.000515848
-1.45277e-05
0.000181964
0.00111546
1.48077e-05
1.48048e-05
-0.000344919
-8.62918e-09
3.80697e-05
-0.000531811
-1.48202e-05
3.80755e-05
-0.000531809
1.45137e-05
1.48035e-05
-0.000344875
3.89981e-05
0.000181964
0.00111559
-0.000157064
-0.000111539
-0.000515853
-5.37429e-06
-0.000492141
2.36519e-05
2.90378e-08
-0.000545724
-0.000107384
9.30663e-09
-0.000485034
8.60285e-05
-6.64905e-10
-0.000366302
3.80691e-05
-1.34001e-08
-0.000531811
-3.71986e-09
-6.1182e-09
-0.000459377
-3.80743e-05
-4.41367e-09
-0.000459378
-8.60325e-05
-1.13931e-08
-0.000531822
0.000107383
3.50251e-09
-0.000366255
-2.36566e-05
8.61898e-09
-0.000485043
2.49554e-08
-0.000545727
2.36671e-05
5.3711e-06
-0.000545706
-0.000107384
0.000111576
-0.000485008
8.60333e-05
-0.000181963
-0.00036626
3.80772e-05
-1.4827e-05
-0.000531814
-2.08522e-09
-3.80781e-05
-0.00045938
-3.80786e-05
-3.808e-05
-0.000459382
-8.60348e-05
-1.48212e-05
-0.000531826
0.000107381
-0.00018195
-0.000366236
-2.36712e-05
0.000111568
-0.000485022
5.37201e-06
-0.000545714
0.00015696
4.2188e-05
-0.000492031
-3.90594e-05
0.000381779
-0.000515877
-1.45351e-05
6.26057e-05
0.00111546
1.48036e-05
1.45074e-05
-0.000344853
-6.57572e-09
-8.60367e-05
-0.000531821
-1.48124e-05
-8.60382e-05
-0.000531823
1.45262e-05
1.45148e-05
-0.000344816
3.90527e-05
6.26048e-05
0.00111556
-0.000156963
0.000381763
-0.000515881
4.21827e-05
-0.000492048
0.000236476
-0.000307239
0.000359271
-0.000165677
0.000663836
0.00043979
-6.25915e-05
0.000165703
0.00398238
0.000181961
3.90011e-05
0.00111566
3.99525e-09
0.00010738
-0.00036623
-0.000181947
0.000107378
-0.000366213
6.26019e-05
3.90291e-05
0.00111565
0.000165674
0.000165686
0.00398238
-0.000236487
0.00066382
0.00043984
-0.000307244
0.000359252
-0.000593479
5.03087e-06
2.2092e-05
-0.000663801
0.000593547
0.000754199
-0.000381746
-0.000236477
0.000440058
-0.000111541
-0.000157054
-0.000515846
5.04637e-09
-2.36589e-05
-0.000485035
0.000111558
-2.36687e-05
-0.000485021
0.000381751
-0.000156998
-0.000515863
0.000663799
-0.000236483
0.000439946
0.000593487
0.000593524
0.00075417
5.02979e-06
2.20896e-05
-5.03235e-06
-0.00193259
0.00030728
2.22011e-05
-4.21725e-05
0.000359259
-5.37503e-06
-0.000492143
1.33699e-08
-0.000545737
5.36933e-06
-0.00054573
4.21689e-05
-0.000492083
-0.000307268
0.000359244
5.03062e-06
2.21376e-05
-0.00193258
-7.37855e-05
-7.37819e-05
-0.00178502
0.000313253
-0.000622219
0.000257363
-3.56329e-06
0.000125296
0.000550818
-4.0285e-05
0.000126007
-0.00058139
1.89835e-08
5.4142e-07
-0.000586572
4.02923e-05
5.58884e-07
-0.000586547
3.57737e-06
0.00012595
-0.000581285
-0.00031323
0.000125318
0.000550769
7.37817e-05
-0.000622182
0.000257298
-7.37773e-05
-0.00178503
-0.000622219
0.000313251
0.000257375
-0.000675225
-0.000675229
0.000860278
-0.000369539
-0.000251417
0.000510999
-0.000103615
-8.42362e-05
-0.000571536
-3.4159e-09
-0.000125904
-0.000462196
0.000103622
-0.000125905
-0.000462171
0.000369536
-8.42738e-05
-0.000571557
0.000675213
-0.000251399
0.000510892
0.000622221
-0.000675215
0.000860245
0.000313272
0.000257362
0.000125301
-3.56868e-06
0.000550817
-0.000251415
-0.000369539
0.000511037
-4.83547e-05
-4.83567e-05
0.00357626
0.000214199
-1.3237e-05
0.000781871
-5.80153e-09
8.19337e-05
-0.000359942
-0.000214204
8.19363e-05
-0.000359904
4.8352e-05
-1.32356e-05
0.00078187
0.000251412
-4.83512e-05
0.00357628
-0.000125305
-0.000369531
0.000511068
-3.55321e-06
0.0005508
0.000126011
-4.02855e-05
-0.00058142
-8.42355e-05
-0.000103611
-0.000571529
-1.32363e-05
0.000214196
0.000781907
3.20923e-05
3.20902e-05
-0.000435575
-9.2499e-09
3.76464e-05
-0.000455422
-3.21105e-05
3.76511e-05
-0.000455423
1.3227e-05
3.20987e-05
-0.000435547
8.42477e-05
0.000214196
0.000782022
-0.000126
-0.000103606
-0.00057153
-4.02853e-05
-0.000581408
5.34928e-07
3.34679e-08
-0.000586578
-0.000125905
-3.98133e-09
-0.000462201
8.19328e-05
-6.05176e-09
-0.000359937
3.76464e-05
-1.43418e-08
-0.00045542
-4.27768e-09
-7.03657e-09
-0.000384073
-3.76529e-05
-5.76884e-09
-0.000384072
-8.1937e-05
-1.1886e-08
-0.000455427
0.000125905
-2.54714e-09
-0.000359898
-5.41466e-07
-2.5086e-09
-0.000462201
3.0068e-08
-0.000586584
5.62745e-07
4.03032e-05
-0.000586538
-0.000125907
0.000103627
-0.000462169
8.19353e-05
-0.000214204
-0.000359904
3.76528e-05
-3.21196e-05
-0.000455426
-3.04742e-09
-3.76573e-05
-0.000384074
-3.76566e-05
-3.76591e-05
-0.000384075
-8.19379e-05
-3.21223e-05
-0.000455434
0.000125905
-0.000214196
-0.000359885
-5.66757e-07
0.000103622
-0.000462175
4.03014e-05
-0.000586552
0.000125916
3.59523e-06
-0.000581239
-8.42966e-05
0.000369535
-0.000571573
-1.3236e-05
4.83514e-05
0.000781843
3.21026e-05
1.32216e-05
-0.000435533
-6.85049e-09
-8.19409e-05
-0.000455428
-3.21155e-05
-8.19415e-05
-0.000455432
1.32308e-05
1.32249e-05
-0.00043551
8.42985e-05
4.83507e-05
0.000781948
-0.000125919
0.00036953
-0.000571571
3.58215e-06
-0.000581248
0.000125334
-0.000313209
0.000550742
-0.000251386
0.000675215
0.000510829
-4.83508e-05
0.000251417
0.00357628
0.000214194
8.4251e-05
0.000782085
-8.8815e-10
0.000125903
-0.000359878
-0.000214192
0.000125902
-0.000359866
4.83524e-05
8.42799e-05
0.000782052
0.000251379
0.000251395
0.00357631
-0.00012534
0.000675204
0.000510884
-0.000313229
0.000550724
-0.000622157
7.37794e-05
0.000257261
-0.000675207
0.000622238
0.000860227
-0.000369532
-0.000125295
0.000511094
-0.000103607
-0.000125997
-0.000571523
-1.70185e-09
-5.47059e-07
-0.00046219
0.000103616
-5.6345e-07
-0.000462173
0.00036953
-0.000125951
-0.000571546
0.000675197
-0.000125319
0.000510992
0.000622166
0.000622207
0.000860199
7.37743e-05
0.000257253
-7.37772e-05
-0.00178503
0.000313297
0.000257364
-3.53333e-06
0.000550795
-4.02843e-05
-0.000581389
1.71944e-08
-0.000586585
4.02914e-05
-0.000586568
3.54847e-06
-0.000581291
-0.000313273
0.000550747
7.37745e-05
0.000257297
-0.00178503
-8.62237e-05
-8.62192e-05
-0.00161258
0.000383959
-0.000630246
0.000417425
0.00011609
3.93986e-05
0.000779289
-7.75562e-06
0.000116449
-0.000573993
5.36132e-10
-3.1969e-06
-0.000591131
7.74979e-06
-3.18788e-06
-0.000591108
-0.000116087
0.000116444
-0.000573892
-0.000383953
3.94283e-05
0.000779207
8.62224e-05
-0.000630218
0.000417341
-8.62154e-05
-0.00161259
-0.000630244
0.000383959
0.000417441
-0.000681496
-0.000681498
0.000962783
-0.000355559
-0.000299323
0.000523785
-9.73227e-05
-9.86666e-05
-0.000614657
-6.56942e-09
-0.000129184
-0.000433526
9.73263e-05
-0.000129184
-0.000433507
0.000355555
-9.86711e-05
-0.000614671
0.000681478
-0.000299307
0.000523704
0.000630242
-0.000681487
0.00096275
0.000383985
0.000417404
3.9399e-05
0.000116083
0.000779295
-0.000299323
-0.000355559
0.000523819
-3.33753e-05
-3.33786e-05
0.00304437
0.000228296
-1.795e-05
0.000439483
-5.34494e-09
7.58048e-05
-0.000336629
-0.000228295
7.58052e-05
-0.000336604
3.33759e-05
-1.79447e-05
0.000439472
0.000299315
-3.33857e-05
0.00304442
-3.94042e-05
-0.000355558
0.000523858
0.00011611
0.00077927
0.000116444
-7.76043e-06
-0.000574021
-9.86723e-05
-9.73206e-05
-0.000614652
-1.79506e-05
0.000228295
0.000439511
1.82424e-05
1.82401e-05
-0.000507958
-8.80866e-09
2.98576e-05
-0.000391224
-1.82621e-05
2.98607e-05
-0.000391225
1.79408e-05
1.82506e-05
-0.000507945
9.86781e-05
0.000228289
0.000439609
-0.000116446
-9.73182e-05
-0.000614645
-7.74865e-06
-0.000573996
-3.19956e-06
2.62609e-09
-0.000591141
-0.000129184
-9.01584e-09
-0.000433529
7.58045e-05
-4.67027e-09
-0.000336626
2.98584e-05
-1.35816e-08
-0.00039122
-4.78692e-09
-7.63296e-09
-0.000324345
-2.98659e-05
-6.65973e-09
-0.000324344
-7.58088e-05
-1.11765e-08
-0.000391222
0.000129183
-2.72978e-09
-0.000336598
3.19486e-06
-6.98325e-09
-0.000433524
3.83938e-09
-0.000591142
-3.18548e-06
7.75558e-06
-0.000591106
-0.000129186
9.73284e-05
-0.000433506
7.58043e-05
-0.000228295
-0.000336604
2.98626e-05
-1.82717e-05
-0.000391226
-3.79639e-09
-2.987e-05
-0.000324345
-2.98683e-05
-2.98712e-05
-0.000324346
-7.58078e-05
-1.82763e-05
-0.00039123
0.000129185
-0.000228289
-0.000336591
3.18257e-06
9.73264e-05
-0.000433506
7.74756e-06
-0.000591113
0.000116439
-0.000116072
-0.00057385
-9.86744e-05
0.000355553
-0.000614684
-1.79426e-05
3.33745e-05
0.000439441
1.82557e-05
1.7935e-05
-0.000507937
-6.46278e-09
-7.58125e-05
-0.000391224
-1.82702e-05
-7.58119e-05
-0.000391227
1.79368e-05
1.79337e-05
-0.000507927
9.86787e-05
3.33811e-05
0.000439535
-0.000116442
0.000355553
-0.000614678
-0.000116094
-0.000573848
3.94477e-05
-0.000383942
0.000779164
-0.000299296
0.000681473
0.000523653
-3.339e-05
0.000299318
0.00304443
0.000228287
9.86772e-05
0.000439665
-1.94547e-09
0.000129182
-0.000336583
-0.000228286
0.000129182
-0.000336576
3.33892e-05
9.86778e-05
0.000439633
0.00029929
0.000299301
0.00304449
-3.94482e-05
0.000681467
0.000523709
-0.000383964
0.000779146
-0.000630201
8.6221e-05
0.000417299
-0.000681485
0.000630252
0.000962732
-0.000355561
-3.93946e-05
0.000523883
-9.73183e-05
-0.000116453
-0.000614636
-4.47525e-09
3.19165e-06
-0.000433514
9.7323e-05
3.18369e-06
-0.000433502
0.000355559
-0.000116451
-0.000614654
0.000681471
-3.94218e-05
0.000523804
0.000630205
0.00063023
0.000962702
8.62167e-05
0.000417276
-8.62156e-05
-0.00161259
0.000384007
0.000417394
0.000116138
0.000779269
-7.73765e-06
-0.000573966
1.4494e-09
-0.000591133
7.73447e-06
-0.000591117
-0.000116131
-0.000573876
-0.000383997
0.000779191
8.62155e-05
0.000417315
-0.0016126
-3.19257e-05
-3.19236e-05
-0.00154873
0.000501295
-0.000650784
0.000534989
0.000210461
-3.22862e-06
0.00107335
2.0264e-05
8.94814e-05
-0.000473277
-2.06101e-08
-2.40567e-06
-0.000568441
-2.02943e-05
-2.39978e-06
-0.000568435
-0.00021048
8.95216e-05
-0.000473229
-0.000501298
-3.21364e-06
0.00107324
3.19291e-05
-0.000650776
0.000534889
-3.19282e-05
-0.00154873
-0.000650779
0.000501294
0.000535004
-0.00068056
-0.000680562
0.00102234
-0.000348555
-0.000306036
0.000494587
-0.000106436
-0.000110932
-0.000656363
-7.54858e-09
-0.000128187
-0.000414172
0.000106435
-0.000128189
-0.000414161
0.000348552
-0.000110908
-0.000656359
0.000680545
-0.000306024
0.000494522
0.000650777
-0.000680554
0.0010223
0.000501301
0.000534952
-3.22807e-06
0.000210453
0.00107336
-0.000306035
-0.000348555
0.000494619
-3.52787e-06
-3.53044e-06
0.00243936
0.000244346
-3.47494e-05
0.000115428
-5.54617e-09
6.40188e-05
-0.000284484
-0.000244345
6.40176e-05
-0.00028447
3.52934e-06
-3.47414e-05
0.000115431
0.000306028
-3.54116e-06
0.00243944
3.22402e-06
-0.000348554
0.000494662
0.000210472
0.00107332
8.94694e-05
2.0258e-05
-0.000473295
-0.00011094
-0.000106435
-0.000656362
-3.47498e-05
0.000244345
0.000115445
-1.72051e-05
-1.72079e-05
-0.000543044
-5.65793e-09
1.79976e-05
-0.000362402
1.71868e-05
1.7999e-05
-0.000362399
3.47385e-05
-1.71999e-05
-0.000543038
0.000110942
0.00024434
0.000115525
-8.94756e-05
-0.000106433
-0.000656349
2.02715e-05
-0.00047327
-2.40612e-06
-3.31194e-08
-0.000568444
-0.000128186
-1.07306e-08
-0.000414172
6.40191e-05
-4.18571e-09
-0.000284482
1.79987e-05
-8.64659e-09
-0.000362399
-4.37006e-09
-6.93411e-09
-0.000288337
-1.8006e-05
-6.32927e-09
-0.000288337
-6.4024e-05
-7.19485e-09
-0.000362397
0.000128185
-2.62535e-09
-0.000284465
2.40237e-06
-8.74137e-09
-0.000414165
-2.79079e-08
-0.00056844
-2.39725e-06
-2.03055e-05
-0.000568436
-0.00012819
0.000106435
-0.000414159
6.40165e-05
-0.000244344
-0.00028447
1.80008e-05
1.71778e-05
-0.000362397
-3.70448e-09
-1.80098e-05
-0.000288338
-1.80071e-05
-1.80103e-05
-0.000288338
-6.40212e-05
1.71745e-05
-0.000362397
0.000128188
-0.000244341
-0.000284461
2.39488e-06
0.000106434
-0.000414156
-2.03111e-05
-0.000568435
8.95428e-05
-0.000210481
-0.000473217
-0.000110895
0.00034855
-0.000656361
-3.47379e-05
3.5286e-06
0.000115411
-1.71957e-05
3.47321e-05
-0.000543034
-4.18171e-09
-6.40279e-05
-0.000362397
1.71813e-05
-6.40263e-05
-0.000362397
3.47304e-05
3.47277e-05
-0.000543029
0.000110901
3.53723e-06
0.000115486
-8.95406e-05
0.00034855
-0.000656352
-0.000210494
-0.000473206
-3.20211e-06
-0.000501298
0.00107318
-0.000306016
0.000680539
0.000494478
-3.54634e-06
0.00030603
0.00243945
0.000244339
0.000110939
0.000115573
-2.49726e-09
0.000128185
-0.000284454
-0.000244339
0.000128186
-0.000284451
3.54504e-06
0.000110916
0.000115561
0.000306012
0.000306021
0.00243954
3.2035e-06
0.000680535
0.000494532
-0.000501306
0.00107316
-0.000650772
3.19297e-05
0.000534843
-0.000680553
0.000650779
0.00102227
-0.000348557
3.22958e-06
0.000494687
-0.000106433
-8.94849e-05
-0.000656336
-5.55413e-09
2.40128e-06
-0.000414158
0.000106433
2.39639e-06
-0.000414152
0.000348555
-8.9523e-05
-0.000656337
0.000680541
3.21859e-06
0.00049462
0.000650771
0.000650776
0.00102223
3.19307e-05
0.000534811
-3.19319e-05
-0.00154873
0.000501307
0.000534934
0.000210488
0.00107332
2.02819e-05
-0.000473244
-1.72747e-08
-0.000568432
-2.03073e-05
-0.00056843
-0.000210504
-0.000473203
-0.000501312
0.00107322
3.19322e-05
0.000534847
-0.00154874
-3.25851e-05
-3.25835e-05
-0.00148356
0.000520671
-0.000674467
0.000656199
0.000238661
-3.54476e-05
0.00139081
1.81993e-05
5.01398e-05
-0.000302956
-2.10541e-08
1.40789e-06
-0.000551628
-1.82308e-05
1.41013e-06
-0.000551635
-0.000238683
5.01566e-05
-0.000302933
-0.000520685
-3.5459e-05
0.0013907
3.25805e-05
-0.000674479
0.000656103
-3.2579e-05
-0.00148357
-0.000674461
0.000520672
0.00065621
-0.000666801
-0.000666804
0.00100702
-0.000339423
-0.000327805
0.000459567
-0.000126059
-0.000125438
-0.00069415
-2.86296e-09
-0.000123295
-0.000415526
0.000126062
-0.000123298
-0.000415518
0.000339416
-0.000125424
-0.000694133
0.000666789
-0.000327806
0.000459496
0.000674463
-0.000666803
0.00100695
0.000520678
0.000656157
-3.54434e-05
0.000238657
0.00139082
-0.000327804
-0.000339422
0.000459598
1.941e-05
1.94123e-05
0.00174493
0.000222972
-5.4021e-05
-0.000159551
-5.88123e-09
4.34309e-05
-0.000228231
-0.00022298
4.34282e-05
-0.000228222
-1.94129e-05
-5.40168e-05
-0.000159544
0.000327808
1.94205e-05
0.00174499
3.5448e-05
-0.000339417
0.000459636
0.000238666
0.00139078
5.01333e-05
1.81954e-05
-0.000302967
-0.000125443
-0.000126058
-0.00069415
-5.402e-05
0.000222973
-0.000159538
-4.85975e-05
-4.86005e-05
-0.000553887
-3.65123e-09
4.84334e-06
-0.000372408
4.8583e-05
4.84399e-06
-0.000372401
5.40085e-05
-4.8597e-05
-0.000553883
0.000125446
0.000222983
-0.000159476
-5.01314e-05
-0.000126057
-0.000694131
1.8206e-05
-0.000302942
1.40931e-06
-3.45208e-08
-0.000551624
-0.000123293
-3.02e-09
-0.000415526
4.34318e-05
-3.54609e-09
-0.00022823
4.84462e-06
-5.60898e-09
-0.000372407
-3.52535e-09
-5.46299e-09
-0.00027864
-4.85184e-06
-5.09493e-09
-0.000278639
-4.34382e-05
-4.7402e-09
-0.000372403
0.000123292
-2.17054e-09
-0.000228209
-1.41244e-06
-2.19253e-09
-0.000415516
-3.02882e-08
-0.000551616
1.41194e-06
-1.82454e-05
-0.000551637
-0.000123299
0.000126064
-0.000415515
4.34268e-05
-0.00022298
-0.00022822
4.84556e-06
4.85759e-05
-0.000372397
-3.06282e-09
-4.8552e-06
-0.000278639
-4.8521e-06
-4.85525e-06
-0.000278639
-4.34335e-05
4.85755e-05
-0.000372396
0.000123298
-0.000222989
-0.000228205
-1.41392e-06
0.000126062
-0.000415509
-1.82491e-05
-0.00055163
5.01672e-05
-0.000238691
-0.000302938
-0.000125415
0.000339412
-0.000694127
-5.40156e-05
-1.94126e-05
-0.000159556
-4.85952e-05
5.40018e-05
-0.00055388
-2.76439e-09
-4.34426e-05
-0.000372402
4.8583e-05
-4.344e-05
-0.000372398
5.40064e-05
5.40004e-05
-0.000553877
0.00012542
-1.942e-05
-0.000159497
-5.01632e-05
0.000339408
-0.000694115
-0.000238695
-0.000302923
-3.54578e-05
-0.000520694
0.00139064
-0.0003278
0.000666783
0.000459449
1.94256e-05
0.000327813
0.001745
0.00022299
0.000125447
-0.000159436
-2.9179e-09
0.000123292
-0.000228197
-0.000222995
0.000123295
-0.000228194
-1.94265e-05
0.000125432
-0.000159439
0.000327803
0.000327815
0.00174508
3.54623e-05
0.000666784
0.000459498
-0.000520696
0.00139062
-0.000674485
3.25765e-05
0.000656059
-0.000666805
0.000674462
0.00100691
-0.000339417
3.54526e-05
0.00045966
-0.000126057
-5.01334e-05
-0.000694117
-1.67326e-09
-1.41142e-06
-0.000415509
0.000126059
-1.41252e-06
-0.000415505
0.000339411
-5.01514e-05
-0.000694106
0.000666793
3.54648e-05
0.000459588
0.000674485
0.000674475
0.00100685
3.25756e-05
0.000656025
-3.25763e-05
-0.00148358
0.000520682
0.000656137
0.000238671
0.00139078
1.82129e-05
-0.000302919
-1.83807e-08
-0.000551613
-1.82397e-05
-0.000551622
-0.00023869
-0.000302904
-0.000520691
0.00139068
3.25755e-05
0.000656056
-0.00148359
-7.35093e-05
-7.35081e-05
-0.00133655
0.000465558
-0.000674001
0.000791133
0.00023007
-3.65657e-05
0.00166286
1.99087e-05
3.72839e-05
-0.000130078
-7.22203e-09
1.3409e-05
-0.000545121
-1.9922e-05
1.34096e-05
-0.00054513
-0.000230091
3.72774e-05
-0.000130042
-0.000465567
-3.66024e-05
0.00166278
7.35114e-05
-0.000674023
0.000791048
-7.35082e-05
-0.00133656
-0.000673995
0.000465558
0.000791139
-0.000630986
-0.00063099
0.000920998
-0.000328547
-0.000301745
0.000422307
-0.000145674
-0.000124788
-0.000714951
-1.63138e-09
-0.00010926
-0.00043853
0.00014568
-0.000109264
-0.000438525
0.00032854
-0.000124788
-0.000714928
0.000630978
-0.000301763
0.000422219
0.000674
-0.000630997
0.000920898
0.000465557
0.000791092
-3.65601e-05
0.000230068
0.00166287
-0.000301744
-0.000328546
0.000422338
5.63558e-05
5.63611e-05
0.00102872
0.000173147
-6.13116e-05
-0.000339818
-4.39524e-09
2.2694e-05
-0.000187034
-0.000173154
2.26893e-05
-0.000187026
-5.63604e-05
-6.13103e-05
-0.000339815
0.000301756
5.63798e-05
0.00102873
3.65755e-05
-0.000328541
0.000422361
0.000230071
0.00166284
3.72821e-05
1.99075e-05
-0.000130088
-0.00012479
-0.000145673
-0.000714951
-6.13097e-05
0.000173149
-0.000339806
-5.76274e-05
-5.76298e-05
-0.000561251
-2.9495e-09
-3.47553e-06
-0.000403863
5.76173e-05
-3.47648e-06
-0.000403856
6.12985e-05
-5.76281e-05
-0.000561247
0.000124794
0.000173164
-0.000339755
-3.7275e-05
-0.000145674
-0.000714928
1.99123e-05
-0.000130058
1.34097e-05
-1.11744e-08
-0.000545115
-0.000109258
-1.84671e-09
-0.000438529
2.26956e-05
-2.58276e-09
-0.000187032
-3.47378e-06
-4.71821e-09
-0.000403863
-1.84239e-09
-2.84015e-09
-0.000285585
3.46645e-06
-2.71002e-09
-0.000285581
-2.27018e-05
-3.98298e-09
-0.000403859
0.000109257
-1.80078e-09
-0.000187003
-1.34124e-05
-1.46612e-09
-0.000438519
-1.05482e-08
-0.000545105
1.341e-05
-1.99273e-05
-0.000545131
-0.000109266
0.000145682
-0.000438523
2.26874e-05
-0.000173155
-0.000187021
-3.47552e-06
5.76122e-05
-0.000403851
-1.67833e-09
3.46321e-06
-0.000285579
3.46846e-06
3.46447e-06
-0.000285576
-2.26945e-05
5.76125e-05
-0.000403849
0.000109265
-0.000173169
-0.000186998
-1.34116e-05
0.000145682
-0.000438516
-1.99303e-05
-0.000545122
3.72761e-05
-0.000230101
-0.000130041
-0.000124786
0.000328536
-0.000714919
-6.13106e-05
-5.63612e-05
-0.000339825
-5.76271e-05
6.12922e-05
-0.000561244
-2.26582e-09
-2.27056e-05
-0.000403858
5.76183e-05
-2.27014e-05
-0.000403853
6.13007e-05
6.1293e-05
-0.00056124
0.000124788
-5.63775e-05
-0.000339775
-3.72726e-05
0.00032853
-0.000714902
-0.0002301
-0.000130026
-3.66122e-05
-0.000465574
0.00166273
-0.000301764
0.000630971
0.000422166
5.63899e-05
0.000301763
0.00102873
0.000173172
0.000124797
-0.000339723
-2.4321e-09
0.000109258
-0.000186985
-0.000173178
0.000109262
-0.000186983
-5.63902e-05
0.000124794
-0.000339727
0.000301773
0.000301779
0.00102876
3.66211e-05
0.000630978
0.000422202
-0.00046557
0.00166271
-0.000674033
7.35117e-05
0.000791007
-0.000631002
0.000673998
0.000920854
-0.000328541
3.65818e-05
0.00042238
-0.000145676
-3.72713e-05
-0.000714914
-1.03937e-09
-1.34122e-05
-0.000438514
0.00014568
-1.34117e-05
-0.000438512
0.000328534
-3.7269e-05
-0.000714897
0.000630992
3.66139e-05
0.000422294
0.000674034
0.000674019
0.000920765
7.35132e-05
0.000790976
-7.35073e-05
-0.00133656
0.000465555
0.000791073
0.000230071
0.00166285
1.9915e-05
-0.000130034
-6.6518e-09
-0.000545103
-1.99268e-05
-0.000545113
-0.000230088
-0.000130011
-0.000465561
0.00166277
7.35108e-05
0.000791003
-0.00133656
-7.89593e-05
-7.8958e-05
-0.00117863
0.000443437
-0.000638722
0.000907459
0.000218644
-3.13262e-06
0.00189079
4.48762e-05
5.15759e-05
-7.88665e-06
3.22285e-09
2.95378e-05
-0.000529786
-4.48779e-05
2.95392e-05
-0.000529788
-0.000218667
5.157e-05
-7.82258e-06
-0.000443442
-3.17652e-06
0.00189073
7.89685e-05
-0.000638741
0.000907379
-7.89635e-05
-0.00117862
-0.000638718
0.000443437
0.000907462
-0.00058502
-0.000585022
0.0008136
-0.00032588
-0.000251579
0.000411614
-0.000156681
-0.000103291
-0.000729283
1.24047e-10
-8.52271e-05
-0.000480446
0.00015669
-8.5231e-05
-0.000480445
0.000325887
-0.000103292
-0.000729262
0.000585021
-0.00025162
0.000411529
0.000638719
-0.000585035
0.000813493
0.000443431
0.000907417
-3.12589e-06
0.000218641
0.00189079
-0.000251572
-0.000325879
0.000411641
5.7948e-05
5.79475e-05
0.000409675
0.000109969
-6.04744e-05
-0.000434656
-5.93405e-10
1.03412e-05
-0.000172633
-0.000109969
1.03371e-05
-0.000172626
-5.79459e-05
-6.04752e-05
-0.000434654
0.000251582
5.79388e-05
0.000409645
3.13991e-06
-0.000325882
0.000411649
0.000218644
0.00189077
5.15759e-05
4.4876e-05
-7.8986e-06
-0.000103292
-0.000156678
-0.000729284
-6.04731e-05
0.00010997
-0.000434648
-5.19978e-05
-5.1999e-05
-0.000578202
-2.03883e-09
-9.01359e-06
-0.000436504
5.1993e-05
-9.01478e-06
-0.000436499
6.04668e-05
-5.19986e-05
-0.000578197
0.000103292
0.000109971
-0.000434612
-5.1573e-05
-0.000156682
-0.000729263
4.48789e-05
-7.86571e-06
2.95375e-05
7.36422e-09
-0.000529784
-8.52259e-05
2.90292e-10
-0.000480444
1.03427e-05
7.29373e-10
-0.000172631
-9.01225e-06
-3.2974e-09
-0.000436503
-1.59812e-09
-2.50548e-09
-0.000303606
9.00717e-06
-2.57867e-09
-0.000303602
-1.03472e-05
-2.7357e-09
-0.0004365
8.52243e-05
1.74757e-11
-0.000172603
-2.95412e-05
2.08232e-10
-0.000480437
5.87852e-09
-0.000529774
2.95397e-05
-4.48757e-05
-0.000529788
-8.52326e-05
0.000156694
-0.000480444
1.03353e-05
-0.000109967
-0.000172621
-9.01449e-06
5.19904e-05
-0.000436495
-1.66105e-09
9.005e-06
-0.0003036
9.00926e-06
9.00614e-06
-0.000303596
-1.03407e-05
5.19908e-05
-0.000436493
8.52305e-05
-0.000109971
-0.000172598
-2.95423e-05
0.000156695
-0.000480437
-4.48795e-05
-0.000529779
5.15678e-05
-0.000218678
-7.80663e-06
-0.000103291
0.000325889
-0.000729254
-6.04762e-05
-5.79452e-05
-0.000434662
-5.19982e-05
6.0463e-05
-0.000578194
-1.50616e-09
-1.03498e-05
-0.0004365
5.19939e-05
-1.03462e-05
-0.000436496
6.04702e-05
6.04647e-05
-0.00057819
0.000103291
-5.794e-05
-0.000434627
-5.15679e-05
0.000325889
-0.000729239
-0.000218677
-7.79585e-06
-3.19158e-06
-0.000443445
0.00189069
-0.000251634
0.000585019
0.000411479
5.79362e-05
0.000251586
0.000409623
0.000109974
0.000103293
-0.00043459
-8.17398e-10
8.52242e-05
-0.000172585
-0.000109975
8.52278e-05
-0.000172583
-5.79376e-05
0.000103292
-0.000434592
0.000251637
0.000251623
0.000409619
3.1983e-06
0.000585031
0.000411498
-0.000443442
0.00189068
-0.000638751
7.89738e-05
0.000907338
-0.000585042
0.000638717
0.000813447
-0.000325886
3.14596e-06
0.000411665
-0.000156686
-5.15702e-05
-0.000729251
1.68278e-10
-2.95429e-05
-0.000480433
0.000156693
-2.95432e-05
-0.000480433
0.000325891
-5.1567e-05
-0.000729235
0.000585041
3.18474e-06
0.000411582
0.000638748
0.000638734
0.000813355
7.89747e-05
0.000907308
-7.89665e-05
-0.00117862
0.000443426
0.000907398
0.000218643
0.00189078
4.48802e-05
-7.84188e-06
2.71621e-09
-0.000529769
-4.4882e-05
-0.000529772
-0.000218663
-7.7968e-06
-0.000443434
0.00189073
7.89712e-05
0.000907332
-0.00117862
-4.04853e-05
-4.04844e-05
-0.00109766
0.000491153
-0.000596654
0.000972474
0.000226818
6.05658e-05
0.00209456
7.89406e-05
7.71172e-05
6.2873e-05
-1.93299e-09
4.24727e-05
-0.000493316
-7.89466e-05
4.24739e-05
-0.000493317
-0.000226844
7.71174e-05
6.29573e-05
-0.000491172
6.05361e-05
0.00209452
4.04846e-05
-0.000596664
0.000972386
-4.0482e-05
-0.00109766
-0.000596652
0.000491152
0.000972478
-0.000544902
-0.000544903
0.000710098
-0.000330209
-0.000211403
0.00046889
-0.000154962
-7.07899e-05
-0.000756624
1.64419e-09
-6.1444e-05
-0.000531493
0.000154974
-6.14477e-05
-0.000531495
0.000330229
-7.07896e-05
-0.000756611
0.00054491
-0.000211433
0.000468818
0.000596649
-0.000544914
0.000710004
0.000491159
0.000972425
6.05727e-05
0.000226815
0.00209456
-0.000211394
-0.000330206
0.000468911
-4.70495e-06
-4.70787e-06
-3.70825e-06
4.79034e-05
-5.49375e-05
-0.000503116
7.58545e-11
4.15645e-06
-0.00019033
-4.78987e-05
4.15243e-06
-0.000190327
4.71112e-06
-5.49384e-05
-0.000503115
0.00021139
-4.72566e-06
-3.74144e-06
-6.05711e-05
-0.000330216
0.000468912
0.000226823
0.00209454
7.71174e-05
7.89405e-05
6.28584e-05
-7.07898e-05
-0.000154959
-0.000756624
-5.49368e-05
4.79029e-05
-0.000503111
-4.43438e-05
-4.43444e-05
-0.000599388
-1.42591e-09
-1.04202e-05
-0.00046627
4.43409e-05
-1.04217e-05
-0.000466267
5.49329e-05
-4.43441e-05
-0.000599383
7.07877e-05
4.78936e-05
-0.000503086
-7.71188e-05
-0.000154964
-0.00075661
7.89446e-05
6.28937e-05
4.2473e-05
-9.51804e-10
-0.000493315
-6.14425e-05
2.9112e-09
-0.00053149
4.15761e-06
7.18614e-10
-0.000190329
-1.04191e-05
-2.30742e-09
-0.000466269
-1.2732e-09
-2.04874e-09
-0.000324442
1.04157e-05
-2.21197e-09
-0.000324439
-4.16067e-06
-1.89357e-09
-0.000466266
6.14408e-05
-4.24714e-10
-0.000190311
-4.24771e-05
2.49216e-09
-0.000531485
-7.17811e-10
-0.000493305
4.24751e-05
-7.8947e-05
-0.000493317
-6.14487e-05
0.000154979
-0.000531496
4.15037e-06
-4.78947e-05
-0.000190325
-1.04219e-05
4.43393e-05
-0.000466264
-1.45702e-09
1.04145e-05
-0.000324437
1.04181e-05
1.04157e-05
-0.000324434
-4.15455e-06
4.43397e-05
-0.000466262
6.14464e-05
-4.78904e-05
-0.000190309
-4.24781e-05
0.000154979
-0.00053149
-7.89498e-05
-0.000493308
7.71172e-05
-0.000226855
6.29846e-05
-7.07892e-05
0.000330238
-0.000756607
-5.49393e-05
4.71373e-06
-0.000503121
-4.43439e-05
5.49304e-05
-0.000599381
-1.02014e-09
-4.16219e-06
-0.000466266
4.43415e-05
-4.15891e-06
-0.000466263
5.49358e-05
5.49322e-05
-0.000599377
7.07873e-05
4.72683e-06
-0.000503095
-7.71195e-05
0.000330243
-0.000756595
-0.000226856
6.29913e-05
6.05243e-05
-0.000491181
0.00209449
-0.000211446
0.000544912
0.000468775
-4.73336e-06
0.000211387
-3.76342e-06
4.78896e-05
7.07874e-05
-0.00050307
-1.02076e-09
6.14406e-05
-0.000190297
-4.78897e-05
6.1444e-05
-0.000190297
4.73394e-06
7.07873e-05
-0.000503071
0.00021144
0.000211419
-3.77898e-06
-6.05254e-05
0.000544923
0.000468783
-0.000491183
0.00209448
-0.000596669
4.04841e-05
0.000972342
-0.00054492
0.000596645
0.000709965
-0.000330223
-6.05711e-05
0.000468926
-0.000154968
-7.71184e-05
-0.000756601
1.46349e-09
-4.24787e-05
-0.000531483
0.000154976
-4.24789e-05
-0.000531485
0.000330238
-7.71193e-05
-0.000756591
0.000544927
-6.05419e-05
0.000468854
0.000596665
0.000596656
0.000709884
4.04826e-05
0.000972307
-4.04806e-05
-0.00109766
0.00049116
0.000972402
0.000226824
0.00209454
7.89463e-05
6.29177e-05
-1.33404e-09
-0.0004933
-7.89505e-05
-0.000493301
-0.000226845
6.29781e-05
-0.000491174
0.00209451
4.04808e-05
0.000972332
-0.00109766
-5.11767e-05
-5.11763e-05
-0.000995305
0.000518045
-0.000549775
0.000953028
0.000246337
0.000131954
0.00223431
8.71862e-05
9.57824e-05
0.000126242
-6.58778e-09
4.27579e-05
-0.000448881
-8.71986e-05
4.27596e-05
-0.000448885
-0.000246365
9.57881e-05
0.000126336
-0.000518066
0.000131939
0.00223428
5.1175e-05
-0.000549779
0.000952924
-5.11749e-05
-0.000995307
-0.000549775
0.000518043
0.000953033
-0.000472498
-0.000472497
0.000555543
-0.000301218
-0.000116603
0.000546167
-0.000132341
-4.2296e-05
-0.000787423
9.72956e-10
-4.52342e-05
-0.000575842
0.000132351
-4.52372e-05
-0.000575848
0.000301237
-4.22943e-05
-0.000787414
0.000472501
-0.00011662
0.000546113
0.000549772
-0.000472503
0.000555457
0.000518052
0.00095297
0.000131959
0.000246334
0.00223431
-0.000116596
-0.000301215
0.000546184
-3.13668e-05
-3.13707e-05
-0.00017417
9.54336e-06
-4.53082e-05
-0.000541014
-5.55135e-10
-3.45195e-07
-0.000225675
-9.5423e-06
-3.48105e-07
-0.000225675
3.13704e-05
-4.53092e-05
-0.000541013
0.000116586
-3.13883e-05
-0.000174189
-0.000131962
-0.000301225
0.000546183
0.000246346
0.00223428
9.57821e-05
8.71851e-05
0.000126225
-4.2296e-05
-0.000132338
-0.000787423
-4.5308e-05
9.54285e-06
-0.000541013
-3.45773e-05
-3.45774e-05
-0.000620849
-8.79403e-10
-9.99889e-06
-0.000491192
3.45762e-05
-1.00003e-05
-0.000491192
4.53066e-05
-3.45771e-05
-0.000620846
4.22936e-05
9.53753e-06
-0.000540999
-9.57861e-05
-0.000132342
-0.000787413
8.71922e-05
0.000126262
4.27581e-05
-8.76386e-09
-0.000448879
-4.5233e-05
1.77332e-09
-0.000575839
-3.44352e-07
-2.65826e-10
-0.000225674
-9.99803e-06
-1.4226e-09
-0.000491191
-8.8043e-10
-1.44041e-09
-0.000344437
9.99551e-06
-1.60597e-09
-0.000344434
3.42289e-07
-1.08255e-09
-0.000491189
4.52316e-05
-1.1044e-09
-0.000225661
-4.27619e-05
1.85515e-09
-0.000575835
-7.06999e-09
-0.000448868
4.2761e-05
-8.72019e-05
-0.000448885
-4.52379e-05
0.000132356
-0.000575851
-3.49664e-07
-9.53909e-06
-0.000225674
-1.00006e-05
3.45755e-05
-0.00049119
-1.08e-09
9.99474e-06
-0.000344432
9.99759e-06
9.99578e-06
-0.00034443
3.4668e-07
3.45755e-05
-0.000491188
4.52359e-05
-9.53737e-06
-0.000225662
-4.27637e-05
0.000132356
-0.000575844
-8.7205e-05
-0.000448874
9.57895e-05
-0.000246377
0.00012637
-4.22936e-05
0.000301244
-0.000787412
-4.53098e-05
3.13722e-05
-0.000541016
-3.45769e-05
4.53055e-05
-0.000620844
-5.24814e-10
3.4138e-07
-0.000491189
3.45761e-05
3.43655e-07
-0.000491188
4.53088e-05
4.5307e-05
-0.000620842
4.22925e-05
3.13854e-05
-0.000541002
-9.57923e-05
0.00030125
-0.000787406
-0.000246379
0.000126373
0.000131932
-0.000518076
0.00223426
-0.000116629
0.000472501
0.000546079
-3.13982e-05
0.00011658
-0.000174202
9.53328e-06
4.22926e-05
-0.000540988
-1.38977e-09
4.52313e-05
-0.000225652
-9.53586e-06
4.5234e-05
-0.000225653
3.13961e-05
4.22921e-05
-0.000540988
0.000116619
0.000116598
-0.000174215
-0.000131937
0.00047251
0.00054608
-0.000518077
0.00223424
-0.000549781
5.11741e-05
0.000952873
-0.000472505
0.00054977
0.00055542
-0.00030123
-0.000131965
0.000546197
-0.000132345
-9.57879e-05
-0.000787406
1.18791e-09
-4.27635e-05
-0.000575834
0.000132352
-4.27641e-05
-0.000575838
0.000301247
-9.57925e-05
-0.000787401
0.000472511
-0.00013195
0.000546138
0.000549778
0.000549774
0.000555353
5.11733e-05
0.000952835
-5.11743e-05
-0.000995308
0.000518055
0.000952943
0.000246351
0.00223428
8.71955e-05
0.000126285
-5.09406e-09
-0.000448862
-8.72043e-05
-0.000448866
-0.00024637
0.000126352
-0.000518069
0.00223426
5.11733e-05
0.000952864
-0.000995309
-5.92898e-05
-5.92894e-05
-0.000876726
0.000541941
-0.000506198
0.000857996
0.000263192
0.000191465
0.0023216
9.07473e-05
0.00011069
0.000187997
-5.98855e-09
3.96059e-05
-0.000397734
-9.07602e-05
3.96079e-05
-0.000397739
-0.000263218
0.000110698
0.000188096
-0.000541958
0.000191459
0.00232157
5.92888e-05
-0.000506196
0.000857873
-5.9289e-05
-0.000876729
-0.000506198
0.000541938
0.000858004
-0.000401873
-0.000401873
0.000346893
-0.000253585
-1.30721e-05
0.000602417
-9.27648e-05
-2.0522e-05
-0.000817032
-5.94875e-10
-2.98712e-05
-0.000599129
9.27705e-05
-2.98733e-05
-0.000599138
0.000253597
-2.05186e-05
-0.000817024
0.000401866
-1.30808e-05
0.000602383
0.000506191
-0.000401869
0.000346804
0.000541944
0.000857928
0.000191468
0.000263189
0.00232159
-1.30662e-05
-0.000253584
0.000602429
-1.83443e-05
-1.83478e-05
-0.000163616
3.22234e-06
-3.38138e-05
-0.000549289
-5.36086e-10
-4.50968e-07
-0.000251873
-3.22273e-06
-4.52513e-07
-0.000251873
1.83462e-05
-3.38138e-05
-0.000549287
1.30555e-05
-1.83615e-05
-0.000163618
-0.000191472
-0.00025359
0.000602431
0.000263199
0.00232155
0.000110689
9.07457e-05
0.000187979
-2.05223e-05
-9.27634e-05
-0.000817032
-3.38139e-05
3.22181e-06
-0.000549291
-2.49476e-05
-2.49475e-05
-0.000638582
-6.48671e-10
-7.87273e-06
-0.000508718
2.4947e-05
-7.87379e-06
-0.000508718
3.38129e-05
-2.49471e-05
-0.000638578
2.05194e-05
3.21889e-06
-0.000549286
-0.000110694
-9.27653e-05
-0.000817024
9.07526e-05
0.000188015
3.9606e-05
-8.53243e-09
-0.000397731
-2.98703e-05
-8.03213e-10
-0.000599126
-4.50522e-07
-6.4279e-10
-0.000251872
-7.87214e-06
-1.03391e-09
-0.000508716
-6.01801e-10
-1.01343e-09
-0.00036018
7.87061e-06
-1.14721e-09
-0.000360178
4.49628e-07
-7.29043e-10
-0.000508714
2.98691e-05
-1.11987e-09
-0.000251861
-3.96091e-05
8.07408e-11
-0.000599122
-6.63149e-09
-0.000397718
3.96093e-05
-9.0764e-05
-0.000397739
-2.98737e-05
9.27732e-05
-0.000599142
-4.53241e-07
-3.22068e-06
-0.000251875
-7.87404e-06
2.49467e-05
-0.000508717
-7.71364e-10
7.8702e-06
-0.000360177
7.87212e-06
7.87099e-06
-0.000360175
4.51842e-07
2.49465e-05
-0.000508715
2.9872e-05
-3.22013e-06
-0.000251863
-3.96113e-05
9.27735e-05
-0.000599134
-9.07665e-05
-0.000397725
0.000110701
-0.000263229
0.000188134
-2.05172e-05
0.0002536
-0.000817021
-3.38139e-05
1.83479e-05
-0.000549288
-2.49469e-05
3.38125e-05
-0.000638576
-3.27662e-10
4.49261e-07
-0.000508715
2.49467e-05
4.5046e-07
-0.000508714
3.38136e-05
3.38131e-05
-0.000638575
2.05164e-05
1.83579e-05
-0.000549283
-0.000110703
0.000253606
-0.000817018
-0.00026323
0.000188133
0.000191456
-0.000541967
0.00232154
-1.30866e-05
0.000401861
0.000602362
-1.83703e-05
1.30484e-05
-0.000163619
3.21585e-06
2.05182e-05
-0.00054928
-1.13318e-09
2.98689e-05
-0.000251855
-3.21875e-06
2.98707e-05
-0.000251856
1.83672e-05
2.05167e-05
-0.000549278
1.30754e-05
1.30587e-05
-0.000163624
-0.00019146
0.000401864
0.000602357
-0.000541965
0.00232151
-0.000506195
5.9288e-05
0.000857813
-0.000401866
0.000506188
0.000346764
-0.000253593
-0.000191475
0.000602447
-9.27669e-05
-0.000110696
-0.000817017
2.53064e-10
-3.96105e-05
-0.000599122
9.27716e-05
-3.96114e-05
-0.000599127
0.000253604
-0.000110703
-0.000817015
0.000401867
-0.000191468
0.000602402
0.00050619
0.000506188
0.000346706
5.92879e-05
0.000857772
-5.92892e-05
-0.000876731
0.000541946
0.000857896
0.000263204
0.00232155
9.0756e-05
0.000188037
-4.40671e-09
-0.000397713
-9.0765e-05
-0.000397717
-0.000263222
0.000188106
-0.000541958
0.00232153
5.92886e-05
0.000857805
-0.000876732
-7.03836e-05
-7.0383e-05
-0.00073596
0.00056098
-0.000431452
0.000658085
0.000262127
0.000239631
0.00238082
7.81203e-05
9.86199e-05
0.000273384
-5.25527e-09
2.88185e-05
-0.000348427
-7.81333e-05
2.882e-05
-0.00034843
-0.000262152
9.86298e-05
0.000273484
-0.000560996
0.000239626
0.00238078
7.03818e-05
-0.000431443
0.000657938
-7.03808e-05
-0.000735966
-0.00043145
0.000560976
0.000658095
-0.000230258
-0.000230261
-5.54906e-05
-0.000143309
9.95453e-05
0.000655553
-4.3116e-05
-4.62351e-06
-0.000813981
-1.24559e-09
-1.45758e-05
-0.00059885
4.31174e-05
-1.4577e-05
-0.00059886
0.000143308
-4.61917e-06
-0.000813966
0.000230235
9.95478e-05
0.000655535
0.000431429
-0.00023025
-5.55821e-05
0.000560978
0.000657998
0.000239633
0.000262122
0.00238081
9.95467e-05
-0.000143309
0.000655563
9.57488e-06
9.57288e-06
1.63281e-05
-3.18259e-07
-1.77948e-05
-0.000526225
-5.52402e-10
-2.8144e-07
-0.000266485
3.17308e-07
-2.82316e-07
-0.000266486
-9.57559e-06
-1.77936e-05
-0.000526219
-9.95537e-05
9.56677e-06
1.63414e-05
-0.000239635
-0.000143309
0.000655571
0.000262126
0.00238077
9.86184e-05
7.8118e-05
0.000273365
-4.62399e-06
-4.31157e-05
-0.000813983
-1.7795e-05
-3.18817e-07
-0.000526228
-1.41977e-05
-1.41976e-05
-0.000645776
-5.17088e-10
-5.51901e-06
-0.000517677
1.41971e-05
-5.51962e-06
-0.000517679
1.77939e-05
-1.41971e-05
-0.000645772
4.62119e-06
-3.20599e-07
-0.000526226
-9.86228e-05
-4.31161e-05
-0.000813973
7.81225e-05
0.000273395
2.88185e-05
-7.95595e-09
-0.000348423
-1.45753e-05
-2.07858e-09
-0.000598845
-2.81176e-07
-8.80824e-10
-0.000266484
-5.51864e-06
-7.98457e-10
-0.000517675
-3.59769e-10
-6.20008e-10
-0.000371217
5.51777e-06
-7.12052e-10
-0.000371215
2.80714e-07
-5.14132e-10
-0.000517674
1.45749e-05
-9.34444e-10
-0.000266475
-2.88201e-05
-1.15149e-09
-0.000598842
-6.12543e-09
-0.000348409
2.88209e-05
-7.81377e-05
-0.00034843
-1.45772e-05
4.31176e-05
-0.000598863
-2.82696e-07
3.17704e-07
-0.000266488
-5.5197e-06
1.41969e-05
-0.000517678
-4.78694e-10
5.51753e-06
-0.000371214
5.51861e-06
5.518e-06
-0.000371212
2.81893e-07
1.41967e-05
-0.000517675
1.45764e-05
3.18762e-07
-0.000266477
-2.88218e-05
4.31183e-05
-0.000598855
-7.81378e-05
-0.000348415
9.86334e-05
-0.000262162
0.000273525
-4.61724e-06
0.000143306
-0.00081396
-1.77931e-05
-9.57486e-06
-0.000526219
-1.41968e-05
1.77935e-05
-0.000645769
-2.2177e-10
2.80543e-07
-0.000517674
1.41967e-05
2.81161e-07
-0.000517675
1.77929e-05
1.77932e-05
-0.000645768
4.61668e-06
-9.56978e-06
-0.000526218
-9.86348e-05
0.00014331
-0.000813959
-0.000262158
0.000273518
0.000239625
-0.000561004
0.00238075
9.95492e-05
0.000230222
0.000655521
9.56268e-06
-9.95563e-05
1.6349e-05
-3.2183e-07
4.62006e-06
-0.000526222
-7.1178e-10
1.4575e-05
-0.000266471
3.19986e-07
1.45759e-05
-0.000266471
-9.56515e-06
4.61769e-06
-0.000526217
-9.95551e-05
-9.95572e-05
1.63533e-05
-0.000239628
0.000230223
0.000655517
-0.000561001
0.00238073
-0.000431438
7.03802e-05
0.000657866
-0.000230247
0.000431419
-5.56238e-05
-0.000143311
-0.000239636
0.00065559
-4.31166e-05
-9.86253e-05
-0.000813966
-3.59275e-10
-2.88207e-05
-0.000598842
4.31184e-05
-2.88215e-05
-0.000598849
0.000143314
-9.86328e-05
-0.000813959
0.000230234
-0.000239631
0.000655556
0.000431423
0.000431417
-5.56767e-05
7.0378e-05
0.000657816
-7.03805e-05
-0.00073597
0.000560979
0.000657956
0.000262128
0.00238076
7.81251e-05
0.000273415
-3.86706e-09
-0.000348404
-7.81346e-05
-0.000348408
-0.000262147
0.000273485
-0.000560991
0.00238074
7.03788e-05
0.000657852
-0.000735975
-3.53377e-05
-3.53373e-05
0.000588888
-0.000352049
0.000243226
0.000252899
6.86593e-05
8.33564e-05
-1.9634e-09
1.67924e-05
-6.86685e-05
1.67939e-05
-0.000243244
8.33651e-05
-0.0005889
0.000252892
3.53348e-05
-0.000352043
-3.53351e-05
-0.000352047
0.000588884
-0.000125185
-0.000125187
-5.79462e-05
0.000179036
-8.31379e-06
5.14088e-06
-1.0238e-09
-3.71186e-06
8.31243e-06
-3.71192e-06
5.79428e-05
5.1433e-06
0.000125166
0.000179042
0.000352033
-0.000125176
0.000588882
0.000252901
0.000243221
0.000179037
-5.79463e-05
6.42549e-05
6.42544e-05
2.61348e-05
1.36157e-08
-4.86214e-10
3.07937e-06
-2.61361e-05
3.07901e-06
-6.42567e-05
1.47336e-08
-0.000179043
6.42547e-05
-0.000252901
-5.79438e-05
0.000243219
8.33548e-05
6.86575e-05
5.1405e-06
-8.31398e-06
1.35064e-08
2.61344e-05
-1.73249e-06
-1.73252e-06
-2.17837e-10
1.03625e-07
1.73204e-06
1.03516e-07
-1.41922e-08
-1.7322e-06
-5.14122e-06
2.61345e-05
-8.33567e-05
-8.31332e-06
6.86598e-05
1.67922e-05
-3.23278e-09
-3.7117e-06
-1.72887e-09
3.07955e-06
-9.11359e-10
1.03767e-07
-3.38673e-10
-1.51763e-10
-2.69549e-10
-1.04106e-07
-2.86524e-10
-3.07994e-06
-2.04818e-10
3.71133e-06
-6.32459e-10
-1.67932e-05
-1.18203e-09
-2.52836e-09
1.67947e-05
-6.86727e-05
-3.71178e-06
8.31157e-06
3.07896e-06
-2.61369e-05
1.03577e-07
1.73183e-06
-1.8004e-10
-1.04227e-07
-1.03916e-07
-1.04098e-07
-3.07942e-06
1.73179e-06
3.71144e-06
-2.61362e-05
-1.67949e-05
8.31184e-06
-6.86715e-05
8.33688e-05
-0.000243254
5.14457e-06
5.79395e-05
1.54753e-08
-6.42576e-05
-1.73196e-06
-1.43923e-08
-7.75289e-11
-3.08003e-06
1.73182e-06
-3.07972e-06
-1.54615e-08
-1.48676e-08
-5.14421e-06
-6.42567e-05
-8.33678e-05
5.794e-05
-0.000243245
0.000252889
-0.000588908
0.000179045
0.000125155
6.42553e-05
-0.000179045
2.61349e-05
-5.14144e-06
-2.56766e-10
3.71138e-06
-2.61356e-05
3.71146e-06
-6.4256e-05
-5.14296e-06
-0.000179049
-0.000179048
-0.000252891
0.000125152
-0.000588902
-0.000352042
3.53327e-05
-0.000125175
0.000352026
-5.79449e-05
-0.000252901
-8.31329e-06
-8.33581e-05
-5.20421e-10
-1.67936e-05
8.31283e-06
-1.67945e-05
5.79444e-05
-8.33646e-05
0.000125163
-0.000252895
0.000352032
0.000352024
3.5331e-05
-3.53345e-05
0.000588881
0.000243219
6.86613e-05
-1.44002e-09
-6.86677e-05
-0.000243233
-0.000588891
3.53323e-05
)
;

boundaryField
{
    bottom
    {
        type            calculated;
        value           uniform 0;
    }
    atmosphere
    {
        type            calculated;
        value           nonuniform List<scalar> 
100
(
-0.000665285
0.00038592
0.00247357
0.000364573
-0.000296555
-0.000296555
0.000364737
0.00247352
0.000385668
-0.000665303
0.000385908
-0.000509214
0.000662186
-0.000785401
-0.000586654
-0.00058667
-0.000785363
0.00066215
-0.000509363
0.000385767
0.00247358
0.000662177
0.000245892
-0.000482981
-0.00024714
-0.000247142
-0.000482969
0.000245927
0.000662216
0.00247352
0.000364594
-0.000785398
-0.000482978
-0.000642284
-0.000516432
-0.000516435
-0.000642276
-0.000482975
-0.000785381
0.000364614
-0.000296558
-0.000586658
-0.000247141
-0.000516434
-0.000371009
-0.000371006
-0.00051643
-0.000247127
-0.00058665
-0.000296535
-0.000296558
-0.000586668
-0.000247141
-0.000516435
-0.000371007
-0.000371005
-0.000516431
-0.000247127
-0.000586656
-0.000296536
0.000364695
-0.000785374
-0.00048297
-0.000642279
-0.00051643
-0.000516432
-0.000642274
-0.000482968
-0.000785369
0.000364686
0.00247355
0.000662162
0.000245915
-0.000482979
-0.000247131
-0.000247133
-0.000482968
0.000245938
0.000662184
0.00247351
0.000385747
-0.000509316
0.000662197
-0.000785388
-0.00058665
-0.000586662
-0.000785363
0.000662147
-0.000509417
0.000385652
-0.000665297
0.000385814
0.00247353
0.000364598
-0.00029654
-0.000296541
0.000364724
0.0024735
0.000385614
-0.000665312
)
;
    }
    walls
    {
        type            calculated;
        value           uniform 0;
    }
}


// ************************************************************************* //
