/*--------------------------------*- C++ -*----------------------------------*\
| =========                 |                                                 |
| \\      /  F ield         | OpenFOAM: The Open Source CFD Toolbox           |
|  \\    /   O peration     | Version:  2412                                  |
|   \\  /    A nd           | Website:  www.openfoam.com                      |
|    \\/     M anipulation  |                                                 |
\*---------------------------------------------------------------------------*/
FoamFile
{
    version     2.0;
    format      ascii;
    arch        "LSB;label=32;scalar=64";
    class       surfaceScalarField;
    location    "0.21";
    object      phi;
}
// * * * * * * * * * * * * * * * * * * * * * * * * * * * * * * * * * * * * * //

dimensions      [0 3 -1 0 0 0 0];

oriented        oriented;

internalField   nonuniform List<scalar> 
11100
(
-1.72905e-06
-1.72905e-06
3.4581e-06
-2.84209e-06
-1.81545e-06
2.92847e-06
-2.87421e-06
-1.96546e-06
1.99757e-06
-1.82417e-06
-2.11836e-06
1.06831e-06
-4.47082e-10
-2.22885e-06
4.05123e-07
1.82327e-06
-2.22885e-06
4.05129e-07
2.87349e-06
-2.11839e-06
1.06816e-06
2.84155e-06
-1.9655e-06
1.99742e-06
1.72878e-06
-1.81549e-06
2.92825e-06
-1.7291e-06
3.45788e-06
-1.81545e-06
-2.84209e-06
2.92847e-06
-2.98727e-06
-2.98727e-06
2.34363e-06
-3.02621e-06
-3.23997e-06
1.31344e-06
-1.92585e-06
-3.49839e-06
2.7966e-07
-4.54708e-10
-3.6859e-06
-4.68356e-07
1.92493e-06
-3.6859e-06
-4.68346e-07
3.02548e-06
-3.49844e-06
2.79494e-07
2.98673e-06
-3.24003e-06
1.31327e-06
1.81518e-06
-2.98734e-06
2.34339e-06
-2.84216e-06
2.92823e-06
-1.96546e-06
-2.87421e-06
1.99757e-06
-3.23997e-06
-3.02621e-06
1.31344e-06
-3.2919e-06
-3.2919e-06
1.03851e-07
-2.10339e-06
-3.56425e-06
-1.12266e-06
-4.68014e-10
-3.76418e-06
-2.02465e-06
2.10244e-06
-3.76419e-06
-2.02463e-06
3.29115e-06
-3.5643e-06
-1.12286e-06
3.23942e-06
-3.29196e-06
1.03655e-07
1.96519e-06
-3.02629e-06
1.31316e-06
-2.87428e-06
1.9973e-06
-2.11836e-06
-1.82417e-06
1.06831e-06
-3.49839e-06
-1.92585e-06
2.7966e-07
-3.56425e-06
-2.10339e-06
-1.12266e-06
-2.28728e-06
-2.28728e-06
-2.55395e-06
-4.802e-10
-2.42303e-06
-3.62796e-06
2.2863e-06
-2.42303e-06
-3.62794e-06
3.56348e-06
-2.28731e-06
-2.55419e-06
3.49782e-06
-2.10342e-06
-1.12288e-06
2.11808e-06
-1.92589e-06
2.79344e-07
-1.82421e-06
1.068e-06
-2.22885e-06
-4.46838e-10
4.05123e-07
-3.6859e-06
-4.54468e-10
-4.68356e-07
-3.76418e-06
-4.67813e-10
-2.02465e-06
-2.42303e-06
-4.79965e-10
-3.62796e-06
-4.88911e-10
-4.88734e-10
-4.84509e-06
2.42202e-06
-4.86526e-10
-4.84507e-06
3.7634e-06
-4.74697e-10
-3.62823e-06
3.68532e-06
-4.59397e-10
-2.0249e-06
2.22857e-06
-4.44266e-10
-4.68705e-07
-4.35515e-10
4.04783e-07
-2.22885e-06
1.82327e-06
4.05129e-07
-3.6859e-06
1.92493e-06
-4.68347e-07
-3.76419e-06
2.10244e-06
-2.02463e-06
-2.42303e-06
2.2863e-06
-3.62794e-06
-4.86743e-10
2.42202e-06
-4.84507e-06
2.42203e-06
2.42203e-06
-4.84504e-06
3.76341e-06
2.28634e-06
-3.6282e-06
3.68533e-06
2.10249e-06
-2.02488e-06
2.22857e-06
1.925e-06
-4.68693e-07
1.82334e-06
4.04792e-07
-2.11839e-06
2.87349e-06
1.06816e-06
-3.49844e-06
3.02548e-06
2.79494e-07
-3.5643e-06
3.29115e-06
-1.12286e-06
-2.28731e-06
3.56348e-06
-2.55419e-06
-4.74876e-10
3.7634e-06
-3.62823e-06
2.28634e-06
3.76341e-06
-3.6282e-06
3.56354e-06
3.56354e-06
-2.55442e-06
3.49788e-06
3.29122e-06
-1.12308e-06
2.11811e-06
3.02557e-06
2.79183e-07
2.87358e-06
1.06786e-06
-1.9655e-06
2.84155e-06
1.99742e-06
-3.24003e-06
2.98673e-06
1.31327e-06
-3.29196e-06
3.23942e-06
1.03655e-07
-2.10342e-06
3.49782e-06
-1.12288e-06
-4.59614e-10
3.68532e-06
-2.0249e-06
2.10249e-06
3.68533e-06
-2.02488e-06
3.29122e-06
3.49788e-06
-1.12308e-06
3.23948e-06
3.23948e-06
1.03468e-07
1.96523e-06
2.98681e-06
1.31301e-06
2.84164e-06
1.99716e-06
-1.81549e-06
1.72878e-06
2.92825e-06
-2.98734e-06
1.81518e-06
2.34339e-06
-3.02629e-06
1.96519e-06
1.31316e-06
-1.92589e-06
2.11808e-06
2.79344e-07
-4.44497e-10
2.22857e-06
-4.68705e-07
1.925e-06
2.22857e-06
-4.68692e-07
3.02557e-06
2.11811e-06
2.79184e-07
2.98681e-06
1.96523e-06
1.31301e-06
1.81523e-06
1.81523e-06
2.34316e-06
1.72884e-06
2.92803e-06
-1.7291e-06
3.45788e-06
-2.84216e-06
2.92823e-06
-2.87428e-06
1.9973e-06
-1.82421e-06
1.068e-06
-4.35787e-10
4.04783e-07
1.82334e-06
4.04792e-07
2.87358e-06
1.06786e-06
2.84164e-06
1.99716e-06
1.72884e-06
2.92803e-06
3.45767e-06
-1.85675e-06
-1.85675e-06
7.17158e-06
-3.05488e-06
-1.95595e-06
6.08254e-06
-3.09407e-06
-2.12894e-06
4.16569e-06
-1.96899e-06
-2.30615e-06
2.24937e-06
-4.55699e-10
-2.43626e-06
8.72839e-07
1.96806e-06
-2.43626e-06
8.72857e-07
3.09334e-06
-2.30619e-06
2.24906e-06
3.05434e-06
-2.12898e-06
4.16539e-06
1.85648e-06
-1.956e-06
6.0821e-06
-1.8568e-06
7.17114e-06
-1.95595e-06
-3.05488e-06
6.08254e-06
-3.2222e-06
-3.2222e-06
4.87613e-06
-3.27001e-06
-3.51491e-06
2.7472e-06
-2.08753e-06
-3.81598e-06
6.06998e-07
-4.63939e-10
-4.03793e-06
-9.53757e-07
2.08659e-06
-4.03794e-06
-9.53732e-07
3.26926e-06
-3.81604e-06
6.06659e-07
3.22165e-06
-3.51497e-06
2.74686e-06
1.95567e-06
-3.22229e-06
4.87564e-06
-3.05497e-06
6.08206e-06
-2.12894e-06
-3.09407e-06
4.16569e-06
-3.51491e-06
-3.27001e-06
2.7472e-06
-3.57982e-06
-3.57982e-06
2.33671e-07
-2.29627e-06
-3.89952e-06
-2.32268e-06
-4.78657e-10
-4.13845e-06
-4.21994e-06
2.29529e-06
-4.13845e-06
-4.2199e-06
3.57906e-06
-3.89958e-06
-2.32309e-06
3.51434e-06
-3.57989e-06
2.33276e-07
2.12866e-06
-3.27009e-06
2.74663e-06
-3.09416e-06
4.16514e-06
-2.30615e-06
-1.96899e-06
2.24937e-06
-3.81598e-06
-2.08753e-06
6.06997e-07
-3.89952e-06
-2.29627e-06
-2.32268e-06
-2.51437e-06
-2.51437e-06
-5.32428e-06
-4.92038e-10
-2.67846e-06
-7.60184e-06
2.51335e-06
-2.67846e-06
-7.60178e-06
3.89874e-06
-2.51441e-06
-5.32476e-06
3.81539e-06
-2.29631e-06
-2.32313e-06
2.30587e-06
-2.08758e-06
6.06354e-07
-1.96904e-06
2.24874e-06
-2.43626e-06
-4.55536e-10
8.72839e-07
-4.03793e-06
-4.63769e-10
-9.53757e-07
-4.13845e-06
-4.78523e-10
-4.21994e-06
-2.67846e-06
-4.91877e-10
-7.60184e-06
-5.02023e-10
-5.0192e-10
-1.0201e-05
2.67742e-06
-4.99532e-10
-1.0201e-05
4.13765e-06
-4.86327e-10
-7.60239e-06
4.03734e-06
-4.69635e-10
-4.22045e-06
2.43597e-06
-4.53009e-10
-9.5447e-07
-4.43638e-10
8.72146e-07
-2.43626e-06
1.96806e-06
8.72856e-07
-4.03794e-06
2.08659e-06
-9.53732e-07
-4.13845e-06
2.29529e-06
-4.2199e-06
-2.67846e-06
2.51335e-06
-7.60178e-06
-4.99678e-10
2.67742e-06
-1.0201e-05
2.67742e-06
2.67742e-06
-1.02009e-05
4.13765e-06
2.5134e-06
-7.60233e-06
4.03735e-06
2.29535e-06
-4.2204e-06
2.43597e-06
2.08666e-06
-9.5444e-07
1.96814e-06
8.7217e-07
-2.30619e-06
3.09334e-06
2.24906e-06
-3.81603e-06
3.26926e-06
6.06659e-07
-3.89958e-06
3.57906e-06
-2.32309e-06
-2.51441e-06
3.89874e-06
-5.32476e-06
-4.86432e-10
4.13765e-06
-7.60239e-06
2.5134e-06
4.13765e-06
-7.60233e-06
3.8988e-06
3.8988e-06
-5.32524e-06
3.81546e-06
3.57913e-06
-2.32353e-06
2.3059e-06
3.26936e-06
6.06027e-07
3.09344e-06
2.24845e-06
-2.12898e-06
3.05434e-06
4.16539e-06
-3.51497e-06
3.22165e-06
2.74686e-06
-3.57989e-06
3.51434e-06
2.33276e-07
-2.29631e-06
3.8154e-06
-2.32313e-06
-4.6978e-10
4.03734e-06
-4.22045e-06
2.29535e-06
4.03735e-06
-4.2204e-06
3.57913e-06
3.81546e-06
-2.32353e-06
3.51441e-06
3.51441e-06
2.32898e-07
2.12871e-06
3.22175e-06
2.74632e-06
3.05444e-06
4.16485e-06
-1.956e-06
1.85648e-06
6.0821e-06
-3.22229e-06
1.95567e-06
4.87564e-06
-3.27009e-06
2.12866e-06
2.74663e-06
-2.08758e-06
2.30587e-06
6.06355e-07
-4.5318e-10
2.43597e-06
-9.5447e-07
2.08666e-06
2.43597e-06
-9.54439e-07
3.26936e-06
2.3059e-06
6.06027e-07
3.22175e-06
2.12871e-06
2.74632e-06
1.95573e-06
1.95573e-06
4.87518e-06
1.85654e-06
6.08165e-06
-1.8568e-06
7.17115e-06
-3.05497e-06
6.08206e-06
-3.09416e-06
4.16514e-06
-1.96904e-06
2.24874e-06
-4.43823e-10
8.72147e-07
1.96814e-06
8.72171e-07
3.09344e-06
2.24845e-06
3.05444e-06
4.16485e-06
1.85654e-06
6.08165e-06
7.17073e-06
-2.11113e-06
-2.11113e-06
1.13938e-05
-3.48122e-06
-2.23759e-06
9.69022e-06
-3.53659e-06
-2.4599e-06
6.68095e-06
-2.26136e-06
-2.68965e-06
3.66378e-06
-4.70872e-10
-2.86241e-06
1.47435e-06
2.26039e-06
-2.86241e-06
1.47439e-06
3.53583e-06
-2.6897e-06
3.66331e-06
3.48066e-06
-2.45994e-06
6.6805e-06
2.11085e-06
-2.23765e-06
9.68955e-06
-2.11119e-06
1.13932e-05
-2.23759e-06
-3.48122e-06
9.69021e-06
-3.69554e-06
-3.69554e-06
7.79202e-06
-3.76404e-06
-4.07387e-06
4.42966e-06
-2.41671e-06
-4.46679e-06
1.03679e-06
-4.80518e-10
-4.76373e-06
-1.46867e-06
2.41572e-06
-4.76373e-06
-1.46861e-06
3.76327e-06
-4.46686e-06
1.03626e-06
3.69497e-06
-4.07394e-06
4.42916e-06
2.23731e-06
-3.69564e-06
7.79129e-06
-3.48132e-06
9.6895e-06
-2.4599e-06
-3.53659e-06
6.68095e-06
-4.07387e-06
-3.76404e-06
4.42966e-06
-4.16865e-06
-4.16865e-06
4.23232e-07
-2.69296e-06
-4.59074e-06
-3.67443e-06
-4.9819e-10
-4.91537e-06
-6.76077e-06
2.69192e-06
-4.91536e-06
-6.7607e-06
4.16785e-06
-4.59081e-06
-3.67508e-06
4.07328e-06
-4.16873e-06
4.2263e-07
2.45961e-06
-3.76414e-06
4.4288e-06
-3.53669e-06
6.68011e-06
-2.68965e-06
-2.26136e-06
3.66378e-06
-4.46679e-06
-2.41671e-06
1.03679e-06
-4.59074e-06
-2.69296e-06
-3.67443e-06
-2.98579e-06
-2.98579e-06
-8.53417e-06
-5.14071e-10
-3.21286e-06
-1.22896e-05
2.98471e-06
-3.21286e-06
-1.22895e-05
4.58991e-06
-2.98585e-06
-8.53494e-06
4.46618e-06
-2.69301e-06
-3.67513e-06
2.68936e-06
-2.41677e-06
1.03579e-06
-2.26142e-06
3.66282e-06
-2.86241e-06
-4.70612e-10
1.47435e-06
-4.76373e-06
-4.80275e-10
-1.46867e-06
-4.91537e-06
-4.97987e-10
-6.76077e-06
-3.21286e-06
-5.1383e-10
-1.22896e-05
-5.26751e-10
-5.26577e-10
-1.66257e-05
3.21174e-06
-5.23759e-10
-1.66256e-05
4.91453e-06
-5.07649e-10
-1.22905e-05
4.76311e-06
-4.88049e-10
-6.76156e-06
2.86211e-06
-4.6845e-10
-1.46978e-06
-4.57499e-10
1.47328e-06
-2.86241e-06
2.26039e-06
1.47439e-06
-4.76373e-06
2.41572e-06
-1.46862e-06
-4.91536e-06
2.69192e-06
-6.7607e-06
-3.21286e-06
2.98471e-06
-1.22895e-05
-5.23978e-10
3.21174e-06
-1.66256e-05
3.21174e-06
3.21174e-06
-1.66254e-05
4.91453e-06
2.98477e-06
-1.22904e-05
4.76312e-06
2.69199e-06
-6.76148e-06
2.86211e-06
2.41581e-06
-1.46972e-06
2.26048e-06
1.47333e-06
-2.6897e-06
3.53583e-06
3.66331e-06
-4.46686e-06
3.76327e-06
1.03626e-06
-4.59081e-06
4.16785e-06
-3.67508e-06
-2.98585e-06
4.58991e-06
-8.53494e-06
-5.07831e-10
4.91453e-06
-1.22905e-05
2.98477e-06
4.91453e-06
-1.22904e-05
4.59e-06
4.59e-06
-8.5357e-06
4.46626e-06
4.16795e-06
-3.67576e-06
2.68941e-06
3.76339e-06
1.03529e-06
3.53596e-06
3.66237e-06
-2.45994e-06
3.48066e-06
6.6805e-06
-4.07394e-06
3.69497e-06
4.42916e-06
-4.16873e-06
4.07328e-06
4.2263e-07
-2.69301e-06
4.46618e-06
-3.67513e-06
-4.88272e-10
4.76311e-06
-6.76156e-06
2.69199e-06
4.76312e-06
-6.76148e-06
4.16794e-06
4.46626e-06
-3.67576e-06
4.07336e-06
4.07336e-06
4.22055e-07
2.45966e-06
3.69508e-06
4.42832e-06
3.48077e-06
6.67969e-06
-2.23765e-06
2.11085e-06
9.68955e-06
-3.69564e-06
2.23731e-06
7.79129e-06
-3.76414e-06
2.45961e-06
4.4288e-06
-2.41677e-06
2.68936e-06
1.03579e-06
-4.68675e-10
2.86211e-06
-1.46978e-06
2.41581e-06
2.86211e-06
-1.46972e-06
3.76339e-06
2.68941e-06
1.03529e-06
3.69508e-06
2.45966e-06
4.42832e-06
2.23737e-06
2.23737e-06
7.79059e-06
2.11092e-06
9.68887e-06
-2.11119e-06
1.13932e-05
-3.48132e-06
9.6895e-06
-3.53669e-06
6.68011e-06
-2.26142e-06
3.66282e-06
-4.57784e-10
1.47329e-06
2.26048e-06
1.47333e-06
3.53596e-06
3.66237e-06
3.48077e-06
6.67969e-06
2.11092e-06
9.68887e-06
1.13926e-05
-2.51037e-06
-2.51037e-06
1.64146e-05
-4.15107e-06
-2.68206e-06
1.4013e-05
-4.23428e-06
-2.98652e-06
9.75067e-06
-2.72489e-06
-3.30458e-06
5.45896e-06
-4.93895e-10
-3.55054e-06
2.30049e-06
2.72385e-06
-3.55054e-06
2.30057e-06
4.23348e-06
-3.30464e-06
5.45831e-06
4.15048e-06
-2.98658e-06
9.75007e-06
2.51008e-06
-2.68214e-06
1.40121e-05
-2.51045e-06
1.64137e-05
-2.68206e-06
-4.15107e-06
1.4013e-05
-4.44372e-06
-4.44372e-06
1.13153e-05
-4.54836e-06
-4.9656e-06
6.51337e-06
-2.94286e-06
-5.51414e-06
1.64083e-06
-5.05654e-10
-5.94102e-06
-2.02056e-06
2.94179e-06
-5.94101e-06
-2.02045e-06
4.54755e-06
-5.51424e-06
1.64009e-06
4.44312e-06
-4.9657e-06
6.5127e-06
2.68176e-06
-4.44385e-06
1.13143e-05
-4.1512e-06
1.4012e-05
-2.98652e-06
-4.23428e-06
9.75067e-06
-4.9656e-06
-4.54836e-06
6.51337e-06
-5.11365e-06
-5.11365e-06
7.19319e-07
-3.33488e-06
-5.71146e-06
-5.2559e-06
-5.28155e-10
-6.18696e-06
-9.84918e-06
3.33375e-06
-6.18695e-06
-9.84904e-06
5.1128e-06
-5.71156e-06
-5.25683e-06
4.96498e-06
-5.11375e-06
7.18499e-07
2.98622e-06
-4.5485e-06
6.51219e-06
-4.23441e-06
9.74952e-06
-3.30458e-06
-2.72489e-06
5.45896e-06
-5.51414e-06
-2.94286e-06
1.64083e-06
-5.71145e-06
-3.33488e-06
-5.25591e-06
-3.758e-06
-3.758e-06
-1.24411e-05
-5.48048e-10
-4.09773e-06
-1.81363e-05
3.75681e-06
-4.09772e-06
-1.81361e-05
5.71058e-06
-3.75807e-06
-1.24422e-05
5.5135e-06
-3.33494e-06
-5.25687e-06
3.30427e-06
-2.94294e-06
1.63945e-06
-2.72497e-06
5.45765e-06
-3.55054e-06
-4.93779e-10
2.30049e-06
-5.94102e-06
-5.05525e-10
-2.02056e-06
-6.18696e-06
-5.28059e-10
-9.84919e-06
-4.09773e-06
-5.47937e-10
-1.81363e-05
-5.65515e-10
-5.65466e-10
-2.48201e-05
4.09649e-06
-5.62004e-10
-2.48198e-05
6.18606e-06
-5.40854e-10
-1.81376e-05
5.94036e-06
-5.1659e-10
-9.85029e-06
3.55023e-06
-4.91968e-10
-2.02212e-06
-4.78866e-10
2.29902e-06
-3.55054e-06
2.72386e-06
2.30057e-06
-5.94101e-06
2.94179e-06
-2.02045e-06
-6.18695e-06
3.33375e-06
-9.84904e-06
-4.09772e-06
3.75681e-06
-1.81361e-05
-5.62099e-10
4.09649e-06
-2.48198e-05
4.09649e-06
4.09649e-06
-2.48195e-05
6.18606e-06
3.75689e-06
-1.81374e-05
5.94036e-06
3.33383e-06
-9.85014e-06
3.55023e-06
2.9419e-06
-2.022e-06
2.72397e-06
2.29911e-06
-3.30464e-06
4.23348e-06
5.45831e-06
-5.51424e-06
4.54755e-06
1.64009e-06
-5.71156e-06
5.1128e-06
-5.25683e-06
-3.75807e-06
5.71058e-06
-1.24422e-05
-5.40905e-10
6.18606e-06
-1.81376e-05
3.75689e-06
6.18606e-06
-1.81374e-05
5.71069e-06
5.7107e-06
-1.24433e-05
5.5136e-06
5.11292e-06
-5.25777e-06
3.30434e-06
4.5477e-06
1.63874e-06
4.23364e-06
5.45703e-06
-2.98657e-06
4.15048e-06
9.75007e-06
-4.9657e-06
4.44312e-06
6.5127e-06
-5.11375e-06
4.96498e-06
7.18499e-07
-3.33494e-06
5.5135e-06
-5.25686e-06
-5.16693e-10
5.94036e-06
-9.85029e-06
3.33383e-06
5.94036e-06
-9.85013e-06
5.11292e-06
5.5136e-06
-5.25776e-06
4.96508e-06
4.96508e-06
7.17717e-07
2.98628e-06
4.44326e-06
6.51156e-06
4.15062e-06
9.74897e-06
-2.68214e-06
2.51008e-06
1.40121e-05
-4.44385e-06
2.68176e-06
1.13143e-05
-4.5485e-06
2.98622e-06
6.51219e-06
-2.94294e-06
3.30428e-06
1.63946e-06
-4.92098e-10
3.55023e-06
-2.02211e-06
2.9419e-06
3.55023e-06
-2.022e-06
4.5477e-06
3.30434e-06
1.63875e-06
4.44326e-06
2.98628e-06
6.51156e-06
2.68185e-06
2.68185e-06
1.13134e-05
2.51016e-06
1.40112e-05
-2.51045e-06
1.64137e-05
-4.1512e-06
1.4012e-05
-4.23441e-06
9.74953e-06
-2.72497e-06
5.45765e-06
-4.78997e-10
2.29902e-06
2.72397e-06
2.29911e-06
4.23364e-06
5.45703e-06
4.15062e-06
9.74897e-06
2.51016e-06
1.40112e-05
1.64129e-05
-3.07459e-06
-3.07459e-06
2.25637e-05
-5.10059e-06
-3.31518e-06
1.93542e-05
-5.22865e-06
-3.74599e-06
1.36247e-05
-3.39042e-06
-4.20134e-06
7.82206e-06
-5.23666e-10
-4.56422e-06
3.4748e-06
3.3893e-06
-4.56421e-06
3.47495e-06
5.22781e-06
-4.20142e-06
7.82122e-06
5.09997e-06
-3.74606e-06
1.3624e-05
3.07428e-06
-3.31529e-06
1.9353e-05
-3.07468e-06
2.25627e-05
-3.31518e-06
-5.1006e-06
1.93542e-05
-5.51341e-06
-5.51341e-06
1.57118e-05
-5.67718e-06
-6.25729e-06
9.18844e-06
-3.7071e-06
-7.04992e-06
2.51932e-06
-5.38584e-10
-7.68644e-06
-2.60491e-06
3.70594e-06
-7.68642e-06
-2.60472e-06
5.67632e-06
-7.05006e-06
2.51834e-06
5.51277e-06
-6.25742e-06
9.1876e-06
3.31488e-06
-5.51359e-06
1.57105e-05
-5.10076e-06
1.9353e-05
-3.74599e-06
-5.22865e-06
1.36247e-05
-6.25729e-06
-5.67718e-06
9.18844e-06
-6.49437e-06
-6.49437e-06
1.19347e-06
-4.28337e-06
-7.37236e-06
-7.14447e-06
-5.68367e-10
-8.09653e-06
-1.37219e-05
4.28212e-06
-8.09651e-06
-1.37216e-05
6.49346e-06
-7.37251e-06
-7.14573e-06
6.25662e-06
-6.4945e-06
1.19241e-06
3.74568e-06
-5.67736e-06
9.1869e-06
-5.22883e-06
1.36233e-05
-4.20134e-06
-3.39042e-06
7.82206e-06
-7.04992e-06
-3.7071e-06
2.51932e-06
-7.37236e-06
-4.28337e-06
-7.14447e-06
-4.91853e-06
-4.91853e-06
-1.73488e-05
-5.94193e-10
-5.4479e-06
-2.57029e-05
4.91719e-06
-5.44788e-06
-2.57025e-05
7.37141e-06
-4.91864e-06
-1.73503e-05
7.04923e-06
-4.28347e-06
-7.14573e-06
4.20102e-06
-3.70723e-06
2.51752e-06
-3.39053e-06
7.82037e-06
-4.56422e-06
-5.23387e-10
3.4748e-06
-7.68644e-06
-5.38338e-10
-2.60491e-06
-8.09653e-06
-5.68157e-10
-1.37219e-05
-5.4479e-06
-5.93946e-10
-2.57029e-05
-6.19247e-10
-6.19086e-10
-3.57146e-05
5.44648e-06
-6.14497e-10
-3.57142e-05
8.09556e-06
-5.85422e-10
-2.57048e-05
7.68573e-06
-5.5428e-10
-1.37234e-05
4.5639e-06
-5.22409e-10
-2.60699e-06
-5.05813e-10
3.47288e-06
-4.56421e-06
3.3893e-06
3.47495e-06
-7.68642e-06
3.70594e-06
-2.60472e-06
-8.09651e-06
4.28212e-06
-1.37216e-05
-5.44788e-06
4.91719e-06
-2.57025e-05
-6.14707e-10
5.44648e-06
-3.57142e-05
5.44647e-06
5.44647e-06
-3.57137e-05
8.09554e-06
4.91732e-06
-2.57044e-05
7.68572e-06
4.28223e-06
-1.37231e-05
4.56389e-06
3.70609e-06
-2.60679e-06
3.38945e-06
3.47304e-06
-4.20142e-06
5.22781e-06
7.82122e-06
-7.05006e-06
5.67632e-06
2.51834e-06
-7.37251e-06
6.49346e-06
-7.14573e-06
-4.91864e-06
7.37141e-06
-1.73503e-05
-5.85599e-10
8.09556e-06
-2.57048e-05
4.91732e-06
8.09554e-06
-2.57044e-05
7.37158e-06
7.37158e-06
-1.73518e-05
7.04938e-06
6.49362e-06
-7.14696e-06
4.20111e-06
5.67652e-06
2.51657e-06
5.22801e-06
7.81957e-06
-3.74606e-06
5.09997e-06
1.3624e-05
-6.25742e-06
5.51277e-06
9.1876e-06
-6.4945e-06
6.25662e-06
1.19242e-06
-4.28347e-06
7.04923e-06
-7.14573e-06
-5.54512e-10
7.68573e-06
-1.37234e-05
4.28223e-06
7.68572e-06
-1.37231e-05
6.49362e-06
7.04938e-06
-7.14695e-06
6.25676e-06
6.25676e-06
1.19141e-06
3.74576e-06
5.51296e-06
9.18612e-06
5.10015e-06
1.36226e-05
-3.31529e-06
3.07428e-06
1.9353e-05
-5.51359e-06
3.31488e-06
1.57105e-05
-5.67736e-06
3.74568e-06
9.18691e-06
-3.70723e-06
4.20102e-06
2.51752e-06
-5.22628e-10
4.5639e-06
-2.60699e-06
3.70609e-06
4.56389e-06
-2.60678e-06
5.67652e-06
4.20111e-06
2.51657e-06
5.51296e-06
3.74576e-06
9.18612e-06
3.31499e-06
3.31499e-06
1.57093e-05
3.07439e-06
1.93519e-05
-3.07468e-06
2.25627e-05
-5.10076e-06
1.9353e-05
-5.22883e-06
1.36233e-05
-3.39053e-06
7.82037e-06
-5.06108e-10
3.47288e-06
3.38945e-06
3.47304e-06
5.22801e-06
7.81957e-06
5.10015e-06
1.36226e-05
3.07439e-06
1.93519e-05
2.25617e-05
-3.8311e-06
-3.8311e-06
3.02259e-05
-6.37835e-06
-4.17256e-06
2.6074e-05
-6.57629e-06
-4.79034e-06
1.8613e-05
-4.30103e-06
-5.4519e-06
1.09987e-05
-5.60671e-10
-5.99616e-06
5.17049e-06
4.29979e-06
-5.99614e-06
5.17072e-06
6.57539e-06
-5.45201e-06
1.09976e-05
6.37767e-06
-4.79044e-06
1.86121e-05
3.83078e-06
-4.1727e-06
2.60726e-05
-3.83123e-06
3.02247e-05
-4.17256e-06
-6.37835e-06
2.6074e-05
-6.96862e-06
-6.96862e-06
2.13039e-05
-7.22633e-06
-8.04352e-06
1.26993e-05
-4.76854e-06
-9.20683e-06
3.81645e-06
-5.7978e-10
-1.01728e-05
-3.19624e-06
4.76724e-06
-1.01728e-05
-3.19593e-06
7.2254e-06
-9.20703e-06
3.8152e-06
6.96793e-06
-8.04369e-06
1.26983e-05
4.17224e-06
-6.96885e-06
2.13024e-05
-6.37857e-06
2.60725e-05
-4.79034e-06
-6.57629e-06
1.8613e-05
-8.04352e-06
-7.22633e-06
1.26993e-05
-8.42565e-06
-8.42565e-06
1.95772e-06
-5.62945e-06
-9.73807e-06
-9.40944e-06
-6.20031e-10
-1.08635e-05
-1.866e-05
5.62802e-06
-1.08635e-05
-1.86596e-05
8.42466e-06
-9.73829e-06
-9.41112e-06
8.0428e-06
-8.42583e-06
1.95641e-06
4.79001e-06
-7.22658e-06
1.26974e-05
-6.57652e-06
1.86112e-05
-5.4519e-06
-4.30103e-06
1.09987e-05
-9.20683e-06
-4.76854e-06
3.81645e-06
-9.73807e-06
-5.62945e-06
-9.40944e-06
-6.60174e-06
-6.60174e-06
-2.36214e-05
-6.54136e-10
-7.44492e-06
-3.57226e-05
6.60019e-06
-7.44488e-06
-3.5722e-05
9.73703e-06
-6.60191e-06
-2.36235e-05
9.20608e-06
-5.62959e-06
-9.41103e-06
5.45156e-06
-4.76872e-06
3.81416e-06
-4.30119e-06
1.09966e-05
-5.99616e-06
-5.60578e-10
5.17048e-06
-1.01728e-05
-5.79675e-10
-3.19625e-06
-1.08635e-05
-6.19938e-10
-1.866e-05
-7.44492e-06
-6.54071e-10
-3.57226e-05
-6.91519e-10
-6.91518e-10
-5.06031e-05
7.44325e-06
-6.85387e-10
-5.06023e-05
1.08625e-05
-6.43794e-10
-3.57253e-05
1.0172e-05
-6.02979e-10
-1.8662e-05
5.99583e-06
-5.60469e-10
-3.19895e-06
-5.39575e-10
5.16805e-06
-5.99614e-06
4.29979e-06
5.17072e-06
-1.01728e-05
4.76724e-06
-3.19593e-06
-1.08635e-05
5.62803e-06
-1.86596e-05
-7.44488e-06
6.60019e-06
-3.5722e-05
-6.8544e-10
7.44325e-06
-5.06023e-05
7.44322e-06
7.44322e-06
-5.06015e-05
1.08624e-05
6.60038e-06
-3.57246e-05
1.0172e-05
5.62819e-06
-1.86615e-05
5.99581e-06
4.76745e-06
-3.19862e-06
4.29999e-06
5.16831e-06
-5.45201e-06
6.57539e-06
1.09976e-05
-9.20703e-06
7.2254e-06
3.8152e-06
-9.73829e-06
8.42466e-06
-9.41112e-06
-6.60191e-06
9.73703e-06
-2.36235e-05
-6.43787e-10
1.08625e-05
-3.57253e-05
6.60038e-06
1.08624e-05
-3.57246e-05
9.73727e-06
9.73727e-06
-2.36256e-05
9.20629e-06
8.42487e-06
-9.41267e-06
5.45168e-06
7.22568e-06
3.81295e-06
6.57565e-06
1.09956e-05
-4.79044e-06
6.37767e-06
1.86121e-05
-8.04369e-06
6.96793e-06
1.26983e-05
-8.42583e-06
8.0428e-06
1.95641e-06
-5.62959e-06
9.20608e-06
-9.41103e-06
-6.03072e-10
1.0172e-05
-1.8662e-05
5.62819e-06
1.0172e-05
-1.86615e-05
8.42487e-06
9.20629e-06
-9.41267e-06
8.04298e-06
8.04299e-06
1.95518e-06
4.79012e-06
6.96818e-06
1.26965e-05
6.37792e-06
1.86104e-05
-4.1727e-06
3.83078e-06
2.60726e-05
-6.96885e-06
4.17224e-06
2.13024e-05
-7.22658e-06
4.79001e-06
1.26974e-05
-4.76872e-06
5.45156e-06
3.81417e-06
-5.6058e-10
5.99583e-06
-3.19895e-06
4.76745e-06
5.99581e-06
-3.19861e-06
7.22568e-06
5.45168e-06
3.81295e-06
6.96818e-06
4.79012e-06
1.26965e-05
4.17238e-06
4.17238e-06
2.13009e-05
3.83092e-06
2.60713e-05
-3.83122e-06
3.02247e-05
-6.37857e-06
2.60725e-05
-6.57652e-06
1.86112e-05
-4.30119e-06
1.09966e-05
-5.39695e-10
5.16805e-06
4.29999e-06
5.16832e-06
6.57565e-06
1.09956e-05
6.37792e-06
1.86104e-05
3.83092e-06
2.60713e-05
3.02235e-05
-4.81361e-06
-4.81361e-06
3.98531e-05
-8.04507e-06
-5.29962e-06
3.4605e-05
-8.34975e-06
-6.18818e-06
2.51058e-05
-5.51332e-06
-7.15407e-06
1.53163e-05
-6.02974e-10
-7.97616e-06
7.63392e-06
5.51195e-06
-7.97612e-06
7.63429e-06
8.34878e-06
-7.15423e-06
1.5315e-05
8.04435e-06
-6.18831e-06
2.51049e-05
4.81328e-06
-5.29981e-06
3.46035e-05
-4.81378e-06
3.98517e-05
-5.29962e-06
-8.04507e-06
3.4605e-05
-8.89201e-06
-8.89201e-06
2.84887e-05
-9.29654e-06
-1.04508e-05
1.73665e-05
-6.20795e-06
-1.21685e-05
5.74232e-06
-6.27795e-10
-1.36469e-05
-3.73279e-06
6.20649e-06
-1.36469e-05
-3.73229e-06
9.29553e-06
-1.21688e-05
5.74073e-06
8.89126e-06
-1.04511e-05
1.73654e-05
5.29929e-06
-8.89233e-06
2.84869e-05
-8.04537e-06
3.46034e-05
-6.18818e-06
-8.34975e-06
2.51058e-05
-1.04508e-05
-9.29654e-06
1.73665e-05
-1.10662e-05
-1.10662e-05
3.18844e-06
-7.50268e-06
-1.3045e-05
-1.20965e-05
-6.83008e-10
-1.48149e-05
-2.4994e-05
7.50103e-06
-1.48148e-05
-2.49933e-05
1.10651e-05
-1.30453e-05
-1.20987e-05
1.04501e-05
-1.10665e-05
3.18686e-06
6.18783e-06
-9.29688e-06
1.73642e-05
-8.35006e-06
2.51037e-05
-7.15407e-06
-5.51332e-06
1.53163e-05
-1.21685e-05
-6.20795e-06
5.74232e-06
-1.3045e-05
-7.50268e-06
-1.20965e-05
-9.00744e-06
-9.00744e-06
-3.16965e-05
-7.28514e-10
-1.03692e-05
-4.9175e-05
9.00561e-06
-1.03691e-05
-4.9174e-05
1.30438e-05
-9.0077e-06
-3.16994e-05
1.21677e-05
-7.50288e-06
-1.20985e-05
7.15373e-06
-6.20821e-06
5.73947e-06
-5.51355e-06
1.53138e-05
-7.97616e-06
-6.02659e-10
7.63391e-06
-1.36469e-05
-6.27523e-10
-3.73279e-06
-1.48149e-05
-6.82747e-10
-2.49941e-05
-1.03692e-05
-7.28234e-10
-4.9175e-05
-7.85086e-10
-7.84898e-10
-7.13399e-05
1.03672e-05
-7.76166e-10
-7.13387e-05
1.48137e-05
-7.15227e-10
-4.91788e-05
1.36461e-05
-6.61235e-10
-2.49966e-05
7.97583e-06
-6.04111e-10
-3.73626e-06
-5.77042e-10
7.6309e-06
-7.97612e-06
5.51195e-06
7.63429e-06
-1.36469e-05
6.20649e-06
-3.73229e-06
-1.48148e-05
7.50103e-06
-2.49934e-05
-1.03691e-05
9.00561e-06
-4.9174e-05
-7.76409e-10
1.03672e-05
-7.13387e-05
1.03671e-05
1.03671e-05
-7.13374e-05
1.48136e-05
9.00589e-06
-4.91778e-05
1.36461e-05
7.50127e-06
-2.49959e-05
7.97579e-06
6.20678e-06
-3.73573e-06
5.51221e-06
7.63131e-06
-7.15423e-06
8.34878e-06
1.5315e-05
-1.21688e-05
9.29553e-06
5.74073e-06
-1.30453e-05
1.10651e-05
-1.20987e-05
-9.0077e-06
1.30438e-05
-3.16994e-05
-7.15433e-10
1.48137e-05
-4.91788e-05
9.00589e-06
1.48136e-05
-4.91778e-05
1.30442e-05
1.30442e-05
-3.17022e-05
1.2168e-05
1.10654e-05
-1.21007e-05
7.15389e-06
9.29591e-06
5.73794e-06
8.34913e-06
1.53126e-05
-6.18831e-06
8.04435e-06
2.51049e-05
-1.04511e-05
8.89127e-06
1.73654e-05
-1.10665e-05
1.04501e-05
3.18686e-06
-7.50288e-06
1.21677e-05
-1.20985e-05
-6.61529e-10
1.36461e-05
-2.49966e-05
7.50127e-06
1.36461e-05
-2.49959e-05
1.10654e-05
1.2168e-05
-1.21007e-05
1.04503e-05
1.04503e-05
3.18537e-06
6.18798e-06
8.89161e-06
1.73631e-05
8.04467e-06
2.51029e-05
-5.2998e-06
4.81328e-06
3.46035e-05
-8.89233e-06
5.29929e-06
2.84869e-05
-9.29688e-06
6.18784e-06
1.73642e-05
-6.20821e-06
7.15373e-06
5.73947e-06
-6.04369e-10
7.97583e-06
-3.73626e-06
6.20678e-06
7.97579e-06
-3.73573e-06
9.29591e-06
7.15389e-06
5.73794e-06
8.89161e-06
6.18798e-06
1.73631e-05
5.29948e-06
5.29948e-06
2.84852e-05
4.81346e-06
3.4602e-05
-4.81378e-06
3.98517e-05
-8.04537e-06
3.46034e-05
-8.35006e-06
2.51037e-05
-5.51355e-06
1.53138e-05
-5.77389e-10
7.63091e-06
5.51221e-06
7.63132e-06
8.34913e-06
1.53126e-05
8.04467e-06
2.51029e-05
4.81346e-06
3.4602e-05
3.98504e-05
-6.06103e-06
-6.06103e-06
5.19752e-05
-1.0172e-05
-6.75098e-06
4.5467e-05
-1.06372e-05
-8.02578e-06
3.35968e-05
-7.09854e-06
-9.43602e-06
2.12136e-05
-6.5085e-10
-1.06807e-05
1.12168e-05
7.09698e-06
-1.06807e-05
1.12173e-05
1.06362e-05
-9.43625e-06
2.1212e-05
1.01712e-05
-8.02596e-06
3.35958e-05
6.06068e-06
-6.75122e-06
4.54653e-05
-6.06126e-06
5.19736e-05
-6.75098e-06
-1.0172e-05
4.5467e-05
-1.13849e-05
-1.13849e-05
3.77566e-05
-1.20163e-05
-1.36418e-05
2.36138e-05
-8.13235e-06
-1.61813e-05
8.60372e-06
-6.82882e-10
-1.84537e-05
-4.09155e-06
8.13067e-06
-1.84535e-05
-4.09079e-06
1.20152e-05
-1.61818e-05
8.60174e-06
1.13841e-05
-1.36421e-05
2.36125e-05
6.75062e-06
-1.13854e-05
3.77545e-05
-1.01724e-05
4.54652e-05
-8.02578e-06
-1.06372e-05
3.35968e-05
-1.36418e-05
-1.20163e-05
2.36138e-05
-1.46288e-05
-1.46288e-05
5.16255e-06
-1.00833e-05
-1.76257e-05
-1.51977e-05
-7.59007e-10
-2.04324e-05
-3.30978e-05
1.00813e-05
-2.04323e-05
-3.30967e-05
1.46276e-05
-1.76262e-05
-1.52006e-05
1.36409e-05
-1.46292e-05
5.16066e-06
8.02543e-06
-1.20167e-05
2.3611e-05
-1.06377e-05
3.35944e-05
-9.43602e-06
-7.09854e-06
2.12136e-05
-1.61813e-05
-8.13235e-06
8.60372e-06
-1.76257e-05
-1.00833e-05
-1.51977e-05
-1.24291e-05
-1.24291e-05
-4.20897e-05
-8.19805e-10
-1.4652e-05
-6.73838e-05
1.24269e-05
-1.46519e-05
-6.73822e-05
1.76245e-05
-1.24296e-05
-4.20936e-05
1.61805e-05
-1.00836e-05
-1.52001e-05
9.43567e-06
-8.13272e-06
8.60023e-06
-7.09885e-06
2.12106e-05
-1.06807e-05
-6.50684e-10
1.12168e-05
-1.84537e-05
-6.82691e-10
-4.09155e-06
-2.04324e-05
-7.58795e-10
-3.30978e-05
-1.4652e-05
-8.1968e-10
-6.73838e-05
-9.07811e-10
-9.07733e-10
-0.000100642
1.46495e-05
-8.95418e-10
-0.00010064
2.04311e-05
-8.03573e-10
-6.73892e-05
1.84528e-05
-7.31583e-10
-3.31011e-05
1.06804e-05
-6.53755e-10
-4.09595e-06
-6.19312e-10
1.12131e-05
-1.06807e-05
7.09698e-06
1.12173e-05
-1.84535e-05
8.13067e-06
-4.09079e-06
-2.04323e-05
1.00813e-05
-3.30967e-05
-1.46519e-05
1.24269e-05
-6.73822e-05
-8.95548e-10
1.46495e-05
-0.00010064
1.46494e-05
1.46494e-05
-0.000100638
2.0431e-05
1.24274e-05
-6.73875e-05
1.84527e-05
1.00817e-05
-3.31e-05
1.06804e-05
8.13108e-06
-4.09515e-06
7.09735e-06
1.12137e-05
-9.43625e-06
1.06362e-05
2.1212e-05
-1.61818e-05
1.20152e-05
8.60174e-06
-1.76262e-05
1.46276e-05
-1.52006e-05
-1.24296e-05
1.76245e-05
-4.20936e-05
-8.03631e-10
2.04311e-05
-6.73892e-05
1.24274e-05
2.0431e-05
-6.73875e-05
1.7625e-05
1.7625e-05
-4.20975e-05
1.61809e-05
1.4628e-05
-1.5203e-05
9.43591e-06
1.20157e-05
8.59833e-06
1.06367e-05
2.12091e-05
-8.02596e-06
1.01712e-05
3.35958e-05
-1.36421e-05
1.13841e-05
2.36125e-05
-1.46292e-05
1.36409e-05
5.16066e-06
-1.00836e-05
1.61805e-05
-1.52001e-05
-7.31809e-10
1.84528e-05
-3.31011e-05
1.00817e-05
1.84527e-05
-3.31e-05
1.4628e-05
1.61809e-05
-1.5203e-05
1.36413e-05
1.36413e-05
5.15889e-06
8.02562e-06
1.13846e-05
2.36098e-05
1.01717e-05
3.35935e-05
-6.75122e-06
6.06069e-06
4.54653e-05
-1.13854e-05
6.75062e-06
3.77545e-05
-1.20167e-05
8.02543e-06
2.3611e-05
-8.13271e-06
9.43567e-06
8.60024e-06
-6.53977e-10
1.06804e-05
-4.09595e-06
8.13108e-06
1.06804e-05
-4.09515e-06
1.20157e-05
9.43591e-06
8.59833e-06
1.13846e-05
8.02562e-06
2.36098e-05
6.75088e-06
6.75088e-06
3.77526e-05
6.06092e-06
4.54636e-05
-6.06126e-06
5.19737e-05
-1.01724e-05
4.54652e-05
-1.06377e-05
3.35944e-05
-7.09885e-06
2.12106e-05
-6.19566e-10
1.12131e-05
7.09735e-06
1.12137e-05
1.06367e-05
2.12091e-05
1.01717e-05
3.35935e-05
6.06092e-06
4.54636e-05
5.19722e-05
-7.61556e-06
-7.61556e-06
6.72063e-05
-1.28381e-05
-8.58931e-06
5.92789e-05
-1.35413e-05
-1.04076e-05
4.47076e-05
-9.14301e-06
-1.2461e-05
2.92763e-05
-7.01005e-10
-1.43453e-05
1.64197e-05
9.14126e-06
-1.43452e-05
1.64206e-05
1.35402e-05
-1.24614e-05
2.92744e-05
1.28373e-05
-1.04078e-05
4.47065e-05
7.6152e-06
-8.58964e-06
5.9277e-05
-7.61586e-06
6.72047e-05
-8.58931e-06
-1.28381e-05
5.92789e-05
-1.45665e-05
-1.45665e-05
4.9711e-05
-1.55444e-05
-1.7818e-05
3.20021e-05
-1.06803e-05
-2.15685e-05
1.28471e-05
-7.42413e-10
-2.50683e-05
-4.04806e-06
1.06784e-05
-2.50682e-05
-4.04694e-06
1.55432e-05
-2.15691e-05
1.28447e-05
1.45657e-05
-1.78185e-05
3.20007e-05
8.58896e-06
-1.45671e-05
4.97087e-05
-1.28387e-05
5.92769e-05
-1.04076e-05
-1.35413e-05
4.47076e-05
-1.7818e-05
-1.55444e-05
3.20021e-05
-1.93926e-05
-1.93926e-05
8.31168e-06
-1.36179e-05
-2.3944e-05
-1.85969e-05
-8.48207e-10
-2.84258e-05
-4.33573e-05
1.36155e-05
-2.84256e-05
-4.33557e-05
1.93913e-05
-2.39448e-05
-1.86007e-05
1.78171e-05
-1.93931e-05
8.30945e-06
1.04072e-05
-1.5545e-05
3.19988e-05
-1.35419e-05
4.47049e-05
-1.2461e-05
-9.14301e-06
2.92763e-05
-2.15685e-05
-1.06803e-05
1.28471e-05
-2.3944e-05
-1.36179e-05
-1.85969e-05
-1.72966e-05
-1.72966e-05
-5.53844e-05
-9.2947e-10
-2.09595e-05
-9.21459e-05
1.72939e-05
-2.09593e-05
-9.21434e-05
2.39426e-05
-1.72973e-05
-5.53897e-05
2.15676e-05
-1.36183e-05
-1.86e-05
1.24607e-05
-1.06808e-05
1.28429e-05
-9.14345e-06
2.92729e-05
-1.43453e-05
-7.00552e-10
1.64197e-05
-2.50683e-05
-7.41998e-10
-4.04806e-06
-2.84258e-05
-8.47733e-10
-4.33573e-05
-2.09595e-05
-9.28973e-10
-9.21459e-05
-1.06784e-09
-1.06741e-09
-0.000142559
2.09563e-05
-1.04902e-09
-0.000142556
2.84243e-05
-9.07894e-10
-9.21536e-05
2.50675e-05
-8.12216e-10
-4.33618e-05
1.4345e-05
-7.06061e-10
-4.05363e-06
-6.61765e-10
1.64153e-05
-1.43452e-05
9.14126e-06
1.64206e-05
-2.50682e-05
1.06784e-05
-4.04694e-06
-2.84256e-05
1.36155e-05
-4.33557e-05
-2.09593e-05
1.72939e-05
-9.21434e-05
-1.0495e-09
2.09563e-05
-0.000142556
2.09561e-05
2.09561e-05
-0.000142552
2.84241e-05
1.72946e-05
-9.2151e-05
2.50673e-05
1.3616e-05
-4.33601e-05
1.43449e-05
1.06789e-05
-4.05245e-06
9.14176e-06
1.64162e-05
-1.24614e-05
1.35402e-05
2.92744e-05
-2.15691e-05
1.55432e-05
1.28447e-05
-2.39448e-05
1.93913e-05
-1.86007e-05
-1.72973e-05
2.39426e-05
-5.53897e-05
-9.0833e-10
2.84243e-05
-9.21536e-05
1.72946e-05
2.84241e-05
-9.2151e-05
2.39434e-05
2.39434e-05
-5.5395e-05
2.15682e-05
1.93919e-05
-1.86037e-05
1.2461e-05
1.55439e-05
1.28406e-05
1.35408e-05
2.92711e-05
-1.04078e-05
1.28373e-05
4.47065e-05
-1.78185e-05
1.45657e-05
3.20007e-05
-1.93931e-05
1.78172e-05
8.30945e-06
-1.36183e-05
2.15676e-05
-1.86e-05
-8.12763e-10
2.50675e-05
-4.33618e-05
1.3616e-05
2.50673e-05
-4.33601e-05
1.93919e-05
2.15682e-05
-1.86037e-05
1.78176e-05
1.78176e-05
8.30738e-06
1.04075e-05
1.45663e-05
3.19976e-05
1.28379e-05
4.4704e-05
-8.58964e-06
7.6152e-06
5.9277e-05
-1.45671e-05
8.58896e-06
4.97087e-05
-1.5545e-05
1.04073e-05
3.19988e-05
-1.06808e-05
1.24607e-05
1.28429e-05
-7.06518e-10
1.4345e-05
-4.05363e-06
1.06789e-05
1.43449e-05
-4.05245e-06
1.55439e-05
1.2461e-05
1.28406e-05
1.45663e-05
1.04075e-05
3.19976e-05
8.5893e-06
8.5893e-06
4.97066e-05
7.61551e-06
5.92752e-05
-7.61586e-06
6.72047e-05
-1.28387e-05
5.92769e-05
-1.35419e-05
4.47049e-05
-9.14345e-06
2.92729e-05
-6.62301e-10
1.64153e-05
9.14176e-06
1.64162e-05
1.35408e-05
2.92711e-05
1.28379e-05
4.4704e-05
7.61551e-06
5.92752e-05
6.72033e-05
-9.51915e-06
-9.51915e-06
8.62446e-05
-1.61245e-05
-1.08823e-05
7.67665e-05
-1.71747e-05
-1.34541e-05
5.9212e-05
-1.1747e-05
-1.64307e-05
4.02792e-05
-7.53011e-10
-1.92773e-05
2.39509e-05
1.1745e-05
-1.92771e-05
2.3952e-05
1.71735e-05
-1.64311e-05
4.0277e-05
1.61236e-05
-1.34545e-05
5.92109e-05
9.51878e-06
-1.08828e-05
7.67646e-05
-9.51953e-06
8.6243e-05
-1.08823e-05
-1.61245e-05
7.67665e-05
-1.85696e-05
-1.85696e-05
6.50855e-05
-2.00709e-05
-2.32209e-05
4.32701e-05
-1.40268e-05
-2.87451e-05
1.91174e-05
-8.05569e-10
-3.414e-05
-3.21138e-06
1.40245e-05
-3.41396e-05
-3.20979e-06
2.00696e-05
-2.8746e-05
1.91145e-05
1.85687e-05
-2.32215e-05
4.32686e-05
1.0882e-05
-1.85704e-05
6.5083e-05
-1.61252e-05
7.67645e-05
-1.34541e-05
-1.71747e-05
5.9212e-05
-2.32209e-05
-2.00709e-05
4.32701e-05
-2.57157e-05
-2.57157e-05
1.33014e-05
-1.84384e-05
-3.26416e-05
-2.19778e-05
-9.52859e-10
-3.98451e-05
-5.60896e-05
1.84356e-05
-3.98447e-05
-5.60872e-05
2.57143e-05
-3.26427e-05
-2.19827e-05
2.322e-05
-2.57165e-05
1.32987e-05
1.34538e-05
-2.00718e-05
4.32664e-05
-1.71755e-05
5.92091e-05
-1.64307e-05
-1.1747e-05
4.02792e-05
-2.87451e-05
-1.40268e-05
1.91174e-05
-3.26416e-05
-1.84384e-05
-2.19778e-05
-2.42391e-05
-2.42391e-05
-7.21893e-05
-1.0612e-09
-3.033e-05
-0.000125899
2.42358e-05
-3.03296e-05
-0.000125895
3.264e-05
-2.42402e-05
-7.21964e-05
2.87441e-05
-1.84391e-05
-2.19815e-05
1.64304e-05
-1.40275e-05
1.91124e-05
-1.17476e-05
4.02753e-05
-1.92773e-05
-7.52576e-10
2.39509e-05
-3.414e-05
-8.05083e-10
-3.21138e-06
-3.98451e-05
-9.52292e-10
-5.60896e-05
-3.033e-05
-1.06073e-09
-0.000125899
-1.28452e-09
-1.28404e-09
-0.000203216
3.03258e-05
-1.25694e-09
-0.000203211
3.98435e-05
-1.03422e-09
-0.00012591
3.41391e-05
-9.06331e-10
-5.60956e-05
1.92771e-05
-7.60623e-10
-3.2184e-06
-7.04739e-10
2.39456e-05
-1.92771e-05
1.1745e-05
2.3952e-05
-3.41396e-05
1.40245e-05
-3.20978e-06
-3.98447e-05
1.84356e-05
-5.60872e-05
-3.03296e-05
2.42358e-05
-0.000125895
-1.25745e-09
3.03258e-05
-0.000203211
3.03255e-05
3.03255e-05
-0.000203206
3.9843e-05
2.42369e-05
-0.000125907
3.41388e-05
1.84364e-05
-5.60931e-05
1.9277e-05
1.40254e-05
-3.21673e-06
1.17456e-05
2.39468e-05
-1.64311e-05
1.71735e-05
4.0277e-05
-2.8746e-05
2.00696e-05
1.91145e-05
-3.26427e-05
2.57143e-05
-2.19827e-05
-2.42402e-05
3.264e-05
-7.21964e-05
-1.03467e-09
3.98435e-05
-0.00012591
2.42369e-05
3.9843e-05
-0.000125907
3.26412e-05
3.26412e-05
-7.22035e-05
2.87451e-05
2.57151e-05
-2.19863e-05
1.64309e-05
2.00706e-05
1.91096e-05
1.71744e-05
4.02732e-05
-1.34545e-05
1.61236e-05
5.92109e-05
-2.32215e-05
1.85687e-05
4.32686e-05
-2.57165e-05
2.322e-05
1.32987e-05
-1.84391e-05
2.87441e-05
-2.19815e-05
-9.06973e-10
3.41391e-05
-5.60956e-05
1.84364e-05
3.41388e-05
-5.60931e-05
2.57151e-05
2.87451e-05
-2.19863e-05
2.32206e-05
2.32206e-05
1.32963e-05
1.34542e-05
1.85695e-05
4.32651e-05
1.61244e-05
5.92081e-05
-1.08828e-05
9.51878e-06
7.67646e-05
-1.85704e-05
1.0882e-05
6.5083e-05
-2.00718e-05
1.34538e-05
4.32664e-05
-1.40275e-05
1.64304e-05
1.91124e-05
-7.61178e-10
1.92771e-05
-3.2184e-06
1.40254e-05
1.9277e-05
-3.21673e-06
2.00706e-05
1.64309e-05
1.91096e-05
1.85695e-05
1.34542e-05
4.32651e-05
1.08824e-05
1.08824e-05
6.50808e-05
9.51918e-06
7.67628e-05
-9.51953e-06
8.6243e-05
-1.61252e-05
7.67645e-05
-1.71755e-05
5.92091e-05
-1.17476e-05
4.02753e-05
-7.05341e-10
2.39456e-05
1.17456e-05
2.39468e-05
1.71744e-05
4.02732e-05
1.61244e-05
5.92081e-05
9.51918e-06
7.67628e-05
8.62416e-05
-1.1808e-05
-1.1808e-05
0.000109861
-2.01048e-05
-1.3697e-05
9.87602e-05
-2.16523e-05
-1.72963e-05
7.80558e-05
-1.50202e-05
-2.15845e-05
5.52316e-05
-8.01552e-10
-2.58699e-05
3.48014e-05
1.5018e-05
-2.58696e-05
3.48029e-05
2.1651e-05
-2.15852e-05
5.52291e-05
2.01038e-05
-1.72967e-05
7.80548e-05
1.18077e-05
-1.36975e-05
9.87583e-05
-1.18085e-05
0.000109859
-1.3697e-05
-2.01048e-05
9.87602e-05
-2.35321e-05
-2.35321e-05
8.47558e-05
-2.58142e-05
-3.01246e-05
5.83805e-05
-1.83882e-05
-3.82302e-05
2.83371e-05
-8.67983e-10
-4.6543e-05
-9.25611e-07
1.83856e-05
-4.65425e-05
-9.23407e-07
2.58129e-05
-3.82316e-05
2.83336e-05
2.35312e-05
-3.01254e-05
5.8379e-05
1.36966e-05
-2.35332e-05
8.47533e-05
-2.01057e-05
9.87583e-05
-1.72963e-05
-2.16523e-05
7.80558e-05
-3.01246e-05
-2.58142e-05
5.83805e-05
-3.40454e-05
-3.40454e-05
2.1143e-05
-2.49825e-05
-4.46017e-05
-2.46692e-05
-1.07427e-09
-5.62539e-05
-7.13602e-05
2.49791e-05
-5.62532e-05
-7.13568e-05
3.40438e-05
-4.46034e-05
-2.46755e-05
3.01237e-05
-3.40465e-05
2.11399e-05
1.7296e-05
-2.58155e-05
5.83764e-05
-2.16533e-05
7.80527e-05
-2.15845e-05
-1.50202e-05
5.52316e-05
-3.82302e-05
-1.83882e-05
2.83371e-05
-4.46017e-05
-2.49825e-05
-2.46692e-05
-3.41791e-05
-3.41791e-05
-9.30345e-05
-1.21836e-09
-4.43987e-05
-0.000171932
3.41748e-05
-4.4398e-05
-0.000171926
4.45999e-05
-3.41808e-05
-9.30441e-05
3.82293e-05
-2.49836e-05
-2.46738e-05
2.15843e-05
-1.83893e-05
2.83313e-05
-1.50211e-05
5.52273e-05
-2.58699e-05
-8.0083e-10
3.48014e-05
-4.6543e-05
-8.67289e-10
-9.25607e-07
-5.62539e-05
-1.07334e-09
-7.13602e-05
-4.43987e-05
-1.21737e-09
-0.000171932
-1.58376e-09
-1.58276e-09
-0.000292011
4.43932e-05
-1.54072e-09
-0.000292002
5.62521e-05
-1.18175e-09
-0.000171949
4.65424e-05
-1.01204e-09
-7.13684e-05
2.58699e-05
-8.10504e-10
-9.34431e-07
-7.41464e-10
3.47952e-05
-2.58696e-05
1.5018e-05
3.48029e-05
-4.65425e-05
1.83856e-05
-9.23402e-07
-5.62532e-05
2.49792e-05
-7.13568e-05
-4.4398e-05
3.41748e-05
-0.000171926
-1.54178e-09
4.43932e-05
-0.000292002
4.43926e-05
4.43926e-05
-0.000291994
5.62514e-05
3.41766e-05
-0.000171943
4.65419e-05
2.49803e-05
-7.13649e-05
2.58696e-05
1.83868e-05
-9.32127e-07
1.50189e-05
3.47968e-05
-2.15852e-05
2.1651e-05
5.52291e-05
-3.82316e-05
2.58129e-05
2.83336e-05
-4.46034e-05
3.40438e-05
-2.46755e-05
-3.41808e-05
4.45999e-05
-9.30441e-05
-1.18271e-09
5.62521e-05
-0.000171949
3.41766e-05
5.62514e-05
-0.000171943
4.46018e-05
4.46018e-05
-9.30538e-05
3.82307e-05
3.4045e-05
-2.46799e-05
2.1585e-05
2.58142e-05
2.83279e-05
2.16521e-05
5.5225e-05
-1.72967e-05
2.01038e-05
7.80548e-05
-3.01254e-05
2.35312e-05
5.8379e-05
-3.40465e-05
3.01237e-05
2.11399e-05
-2.49836e-05
3.82294e-05
-2.46738e-05
-1.01307e-09
4.65424e-05
-7.13684e-05
2.49803e-05
4.65419e-05
-7.13649e-05
3.4045e-05
3.82307e-05
-2.46799e-05
3.01245e-05
3.01245e-05
2.11372e-05
1.72964e-05
2.35323e-05
5.83751e-05
2.01048e-05
7.80519e-05
-1.36975e-05
1.18077e-05
9.87583e-05
-2.35332e-05
1.36966e-05
8.47533e-05
-2.58155e-05
1.7296e-05
5.83764e-05
-1.83893e-05
2.15843e-05
2.83313e-05
-8.11317e-10
2.58699e-05
-9.34433e-07
1.83868e-05
2.58696e-05
-9.32131e-07
2.58142e-05
2.1585e-05
2.83279e-05
2.35323e-05
1.72964e-05
5.83751e-05
1.36972e-05
1.36972e-05
8.4751e-05
1.18082e-05
9.87566e-05
-1.18085e-05
0.000109859
-2.01057e-05
9.87583e-05
-2.16533e-05
7.80527e-05
-1.50211e-05
5.52273e-05
-7.42298e-10
3.47952e-05
1.50189e-05
3.47968e-05
2.16521e-05
5.5225e-05
2.01048e-05
7.80519e-05
1.18082e-05
9.87566e-05
0.000109858
-1.45046e-05
-1.45046e-05
0.00013887
-2.48306e-05
-1.70897e-05
0.000126176
-2.7076e-05
-2.20621e-05
0.000102363
-1.90722e-05
-2.81914e-05
7.54192e-05
-8.44994e-10
-3.46064e-05
5.03364e-05
1.90697e-05
-3.4606e-05
5.03383e-05
2.70746e-05
-2.81924e-05
7.54165e-05
2.48296e-05
-2.20626e-05
0.000102362
1.45043e-05
-1.70905e-05
0.000126174
-1.45053e-05
0.000138869
-1.70897e-05
-2.48306e-05
0.000126176
-2.95816e-05
-2.95816e-05
0.00010974
-3.30093e-05
-3.88182e-05
7.85645e-05
-2.40185e-05
-5.06519e-05
4.18067e-05
-9.31247e-10
-6.34411e-05
3.89154e-06
2.40155e-05
-6.34402e-05
3.89446e-06
3.30079e-05
-5.06539e-05
4.18027e-05
2.95806e-05
-3.88194e-05
7.8563e-05
1.70894e-05
-2.9583e-05
0.000109737
-2.48317e-05
0.000126174
-2.20621e-05
-2.7076e-05
0.000102363
-3.88182e-05
-3.30093e-05
7.85645e-05
-4.49182e-05
-4.49182e-05
3.33428e-05
-3.38078e-05
-6.10309e-05
-2.54006e-05
-1.21553e-09
-8e-05
-8.86078e-05
3.38036e-05
-7.99987e-05
-8.86031e-05
4.49165e-05
-6.10336e-05
-2.54086e-05
3.88174e-05
-4.49197e-05
3.33394e-05
2.20619e-05
-3.30111e-05
7.856e-05
-2.70773e-05
0.00010236
-2.81914e-05
-1.90722e-05
7.54193e-05
-5.06519e-05
-2.40185e-05
4.18067e-05
-6.10309e-05
-3.38078e-05
-2.54006e-05
-4.84695e-05
-4.84695e-05
-0.000118157
-1.40767e-09
-6.5773e-05
-0.000234627
4.84641e-05
-6.57719e-05
-0.000234619
6.1029e-05
-4.84724e-05
-0.00011817
5.06512e-05
-3.38093e-05
-2.54064e-05
2.81914e-05
-2.40201e-05
4.18001e-05
-1.90734e-05
7.54147e-05
-3.46064e-05
-8.44129e-10
5.03364e-05
-6.34411e-05
-9.30359e-10
3.89154e-06
-8e-05
-1.2144e-09
-8.86078e-05
-6.5773e-05
-1.40659e-09
-0.000234627
-2.02374e-09
-2.02253e-09
-0.000423553
6.57655e-05
-1.95807e-09
-0.00042354
7.99982e-05
-1.3616e-09
-0.000234653
6.3441e-05
-1.13357e-09
-8.86194e-05
3.46067e-05
-8.62544e-10
3.88063e-06
-7.71417e-10
5.03293e-05
-3.4606e-05
1.90697e-05
5.03384e-05
-6.34402e-05
2.40155e-05
3.89447e-06
-7.99987e-05
3.38036e-05
-8.86031e-05
-6.57719e-05
4.84641e-05
-0.000234619
-1.95928e-09
6.57655e-05
-0.00042354
6.57645e-05
6.57645e-05
-0.000423527
7.99969e-05
4.8467e-05
-0.000234644
6.34401e-05
3.38053e-05
-8.86145e-05
3.46063e-05
2.40171e-05
3.88367e-06
1.9071e-05
5.03313e-05
-2.81924e-05
2.70746e-05
7.54165e-05
-5.06539e-05
3.30079e-05
4.18027e-05
-6.10336e-05
4.49165e-05
-2.54086e-05
-4.84724e-05
6.1029e-05
-0.00011817
-1.3627e-09
7.99982e-05
-0.000234653
4.8467e-05
7.99969e-05
-0.000234644
6.10318e-05
6.10318e-05
-0.000118183
5.06532e-05
4.49181e-05
-2.54141e-05
2.81923e-05
3.30097e-05
4.17962e-05
2.70761e-05
7.54122e-05
-2.20626e-05
2.48296e-05
0.000102362
-3.88194e-05
2.95806e-05
7.8563e-05
-4.49197e-05
3.88174e-05
3.33394e-05
-3.38093e-05
5.06512e-05
-2.54064e-05
-1.13484e-09
6.3441e-05
-8.86194e-05
3.38053e-05
6.34401e-05
-8.86145e-05
4.49181e-05
5.06532e-05
-2.54141e-05
3.88186e-05
3.88186e-05
3.33363e-05
2.20624e-05
2.95821e-05
7.85588e-05
2.48308e-05
0.00010236
-1.70905e-05
1.45043e-05
0.000126174
-2.9583e-05
1.70894e-05
0.000109737
-3.30111e-05
2.20619e-05
7.856e-05
-2.40201e-05
2.81914e-05
4.18001e-05
-8.6351e-10
3.46067e-05
3.88063e-06
2.40171e-05
3.46063e-05
3.88367e-06
3.30097e-05
2.81923e-05
4.17962e-05
2.95821e-05
2.20624e-05
7.85588e-05
1.70902e-05
1.70902e-05
0.000109735
1.45049e-05
0.000126173
-1.45053e-05
0.000138869
-2.48317e-05
0.000126174
-2.70773e-05
0.00010236
-1.90734e-05
7.54147e-05
-7.72426e-10
5.03293e-05
1.9071e-05
5.03313e-05
2.70761e-05
7.54122e-05
2.48308e-05
0.00010236
1.45049e-05
0.000126173
0.000138868
-1.76069e-05
-1.76069e-05
0.000174084
-3.03118e-05
-2.10921e-05
0.000159973
-3.35115e-05
-2.7853e-05
0.000133416
-2.39917e-05
-3.65252e-05
0.000102425
-8.73382e-10
-4.60497e-05
7.23953e-05
2.39888e-05
-4.60491e-05
7.23977e-05
3.35101e-05
-3.65265e-05
0.000102422
3.03109e-05
-2.78538e-05
0.000133415
1.76065e-05
-2.1093e-05
0.000159971
-1.76076e-05
0.000174083
-2.10921e-05
-3.03118e-05
0.000159973
-3.68094e-05
-3.68094e-05
0.000141174
-4.18913e-05
-4.95659e-05
0.000105359
-3.12044e-05
-6.67304e-05
6.13251e-05
-9.78138e-10
-8.63478e-05
1.29862e-05
3.1201e-05
-8.63465e-05
1.29899e-05
4.18898e-05
-6.67333e-05
6.13206e-05
3.68085e-05
-4.95675e-05
0.000105358
2.10918e-05
-3.68113e-05
0.000141172
-3.03133e-05
0.000159972
-2.7853e-05
-3.35115e-05
0.000133416
-4.95659e-05
-4.18913e-05
0.000105359
-5.89366e-05
-5.89366e-05
5.20842e-05
-4.55866e-05
-8.35597e-05
-2.19212e-05
-1.37992e-09
-0.000114627
-0.000105914
4.55815e-05
-0.000114625
-0.000105908
5.89348e-05
-8.35639e-05
-2.19312e-05
4.95652e-05
-5.89388e-05
5.20803e-05
2.7853e-05
-4.18937e-05
0.000105355
-3.35133e-05
0.000133413
-3.65252e-05
-2.39917e-05
0.000102425
-6.67304e-05
-3.12044e-05
6.13251e-05
-8.35597e-05
-4.55866e-05
-2.19212e-05
-6.90943e-05
-6.90943e-05
-0.000147088
-1.63995e-09
-9.86204e-05
-0.000319726
6.90874e-05
-9.86185e-05
-0.000319714
8.35577e-05
-6.90991e-05
-0.000147105
6.673e-05
-4.55891e-05
-2.19285e-05
3.65253e-05
-3.12067e-05
6.13179e-05
-2.39933e-05
0.00010242
-4.60497e-05
-8.72422e-10
7.23953e-05
-8.63478e-05
-9.7724e-10
1.29862e-05
-0.000114627
-1.3784e-09
-0.000105914
-9.86204e-05
-1.63841e-09
-0.000319726
-2.69759e-09
-2.69586e-09
-0.000620788
9.861e-05
-2.59237e-09
-0.000620768
0.000114625
-1.57685e-09
-0.000319765
8.63485e-05
-1.26915e-09
-0.00010593
4.60506e-05
-8.89114e-10
1.29727e-05
-7.82768e-10
7.23874e-05
-4.60491e-05
2.39888e-05
7.23977e-05
-8.63465e-05
3.1201e-05
1.299e-05
-0.000114625
4.55815e-05
-0.000105908
-9.86185e-05
6.90874e-05
-0.000319714
-2.59418e-09
9.861e-05
-0.000620768
9.86082e-05
9.86082e-05
-0.000620749
0.000114623
6.90922e-05
-0.000319753
8.63472e-05
4.55842e-05
-0.000105924
4.60499e-05
3.12034e-05
1.29766e-05
2.39906e-05
7.23899e-05
-3.65265e-05
3.35101e-05
0.000102422
-6.67333e-05
4.18898e-05
6.13206e-05
-8.35639e-05
5.89348e-05
-2.19312e-05
-6.90991e-05
8.35577e-05
-0.000147105
-1.57832e-09
0.000114625
-0.000319765
6.90922e-05
0.000114623
-0.000319753
8.3562e-05
8.3562e-05
-0.000147123
6.67329e-05
5.89371e-05
-2.19379e-05
3.65267e-05
4.18923e-05
6.13136e-05
3.3512e-05
0.000102418
-2.78538e-05
3.03109e-05
0.000133415
-4.95675e-05
3.68085e-05
0.000105358
-5.89388e-05
4.95652e-05
5.20803e-05
-4.55891e-05
6.673e-05
-2.19285e-05
-1.27068e-09
8.63485e-05
-0.00010593
4.55842e-05
8.63472e-05
-0.000105924
5.89371e-05
6.67329e-05
-2.19379e-05
4.95668e-05
4.95668e-05
5.20769e-05
2.78538e-05
3.68104e-05
0.000105354
3.03124e-05
0.000133413
-2.1093e-05
1.76065e-05
0.000159971
-3.68113e-05
2.10918e-05
0.000141172
-4.18937e-05
2.7853e-05
0.000105355
-3.12067e-05
3.65253e-05
6.13179e-05
-8.90163e-10
4.60506e-05
1.29727e-05
3.12034e-05
4.60499e-05
1.29766e-05
4.18923e-05
3.65267e-05
6.13136e-05
3.68104e-05
2.78538e-05
0.000105354
2.10928e-05
2.10928e-05
0.00014117
1.76073e-05
0.000159971
-1.76076e-05
0.000174083
-3.03133e-05
0.000159972
-3.35133e-05
0.000133413
-2.39933e-05
0.00010242
-7.83772e-10
7.23874e-05
2.39906e-05
7.23899e-05
3.3512e-05
0.000102418
3.03124e-05
0.000133413
1.76073e-05
0.000159971
0.000174082
-2.10744e-05
-2.10744e-05
0.000216233
-3.64886e-05
-2.56894e-05
0.000201077
-4.0949e-05
-3.4704e-05
0.00017258
-2.98111e-05
-4.68134e-05
0.0001381
-8.82075e-10
-6.07842e-05
0.000103369
2.9808e-05
-6.07832e-05
0.000103372
4.09476e-05
-4.68153e-05
0.000138097
3.64877e-05
-3.47051e-05
0.00017258
2.10741e-05
-2.56906e-05
0.000201076
-2.10753e-05
0.000216232
-2.56894e-05
-3.64886e-05
0.000201077
-4.52306e-05
-4.52306e-05
0.000180257
-5.26335e-05
-6.25368e-05
0.000140595
-4.02091e-05
-8.72295e-05
8.93167e-05
-1.00798e-09
-0.000117203
2.91968e-05
4.02051e-05
-0.000117201
2.92014e-05
5.26319e-05
-8.72336e-05
8.9312e-05
4.52298e-05
-6.2539e-05
0.000140594
2.56892e-05
-4.5233e-05
0.000180255
-3.64904e-05
0.000201076
-3.4704e-05
-4.0949e-05
0.00017258
-6.25368e-05
-5.26335e-05
0.000140595
-7.67006e-05
-7.67006e-05
8.04118e-05
-6.10405e-05
-0.000114345
-1.04663e-05
-1.57134e-09
-0.000165517
-0.000118638
6.10343e-05
-0.000165514
-0.00011863
7.66988e-05
-0.000114351
-1.04783e-05
6.25365e-05
-7.6704e-05
8.04076e-05
3.47042e-05
-5.26367e-05
0.000140591
-4.09513e-05
0.000172578
-4.68134e-05
-2.98111e-05
0.0001381
-8.72295e-05
-4.02091e-05
8.93167e-05
-0.000114345
-6.10405e-05
-1.04663e-05
-9.89302e-05
-9.89302e-05
-0.000177917
-1.93504e-09
-0.000149464
-0.000434708
9.89213e-05
-0.000149461
-0.000434691
0.000114342
-9.89383e-05
-0.000177939
8.72297e-05
-6.10444e-05
-1.04753e-05
4.68139e-05
-4.02124e-05
8.93093e-05
-2.98133e-05
0.000138096
-6.07842e-05
-8.80909e-10
0.000103369
-0.000117203
-1.00688e-09
2.91968e-05
-0.000165517
-1.56965e-09
-0.000118638
-0.000149464
-1.93345e-09
-0.000434708
-3.76336e-09
-3.7614e-09
-0.000919708
0.000149449
-3.59604e-09
-0.000919678
0.000165516
-1.85619e-09
-0.000434769
0.000117205
-1.41948e-09
-0.000118662
6.0786e-05
-9.00546e-10
2.91805e-05
-7.72073e-10
0.000103361
-6.07832e-05
2.9808e-05
0.000103372
-0.000117201
4.02051e-05
2.92014e-05
-0.000165514
6.10343e-05
-0.00011863
-0.000149461
9.89213e-05
-0.000434691
-3.59799e-09
0.000149449
-0.000919678
0.000149446
0.000149446
-0.000919648
0.000165513
9.89295e-05
-0.000434751
0.000117203
6.10384e-05
-0.000118654
6.0785e-05
4.02086e-05
2.91853e-05
2.98103e-05
0.000103364
-4.68153e-05
4.09476e-05
0.000138097
-8.72336e-05
5.26319e-05
8.9312e-05
-0.000114351
7.66988e-05
-1.04783e-05
-9.89383e-05
0.000114342
-0.000177939
-1.8578e-09
0.000165516
-0.000434769
9.89295e-05
0.000165513
-0.000434751
0.000114349
0.000114349
-0.000177962
8.72339e-05
7.67022e-05
-1.04864e-05
4.68158e-05
5.26352e-05
8.93049e-05
4.095e-05
0.000138094
-3.47051e-05
3.64877e-05
0.00017258
-6.2539e-05
4.52298e-05
0.000140594
-7.6704e-05
6.25365e-05
8.04076e-05
-6.10444e-05
8.72297e-05
-1.04753e-05
-1.4213e-09
0.000117205
-0.000118662
6.10384e-05
0.000117203
-0.000118654
7.67022e-05
8.72339e-05
-1.04863e-05
6.25386e-05
6.25386e-05
8.04041e-05
3.47052e-05
4.52322e-05
0.00014059
3.64896e-05
0.000172579
-2.56906e-05
2.10741e-05
0.000201076
-4.5233e-05
2.56892e-05
0.000180255
-5.26367e-05
3.47042e-05
0.000140591
-4.02124e-05
4.68139e-05
8.93093e-05
-9.01697e-10
6.0786e-05
2.91805e-05
4.02086e-05
6.0785e-05
2.91853e-05
5.26352e-05
4.68158e-05
8.93049e-05
4.52322e-05
3.47052e-05
0.00014059
2.56904e-05
2.56904e-05
0.000180254
2.10751e-05
0.000201075
-2.10753e-05
0.000216232
-3.64904e-05
0.000201076
-4.09513e-05
0.000172578
-2.98133e-05
0.000138096
-7.73233e-10
0.000103361
2.98103e-05
0.000103364
4.095e-05
0.000138094
3.64896e-05
0.000172579
2.10751e-05
0.000201075
0.000216233
-2.48153e-05
-2.48153e-05
0.000265863
-4.32061e-05
-3.07943e-05
0.000250262
-4.92629e-05
-4.25224e-05
0.00022116
-3.64646e-05
-5.91407e-05
0.000184442
-8.57961e-10
-7.93024e-05
0.000146208
3.64612e-05
-7.9301e-05
0.000146211
4.92615e-05
-5.91433e-05
0.000184441
4.32053e-05
-4.25237e-05
0.00022116
2.48151e-05
-3.07958e-05
0.000250262
-2.48164e-05
0.000265864
-3.07943e-05
-4.32061e-05
0.000250262
-5.47298e-05
-5.47298e-05
0.000228128
-6.52901e-05
-7.76727e-05
0.000186306
-5.12385e-05
-0.000112803
0.000128928
-1.00575e-09
-0.000158361
5.7018e-05
5.1234e-05
-0.000158358
5.70234e-05
6.52885e-05
-0.000112809
0.000128924
5.47291e-05
-7.76756e-05
0.000186305
3.07942e-05
-5.47327e-05
0.000228127
-4.32083e-05
0.000250262
-4.25224e-05
-4.92629e-05
0.00022116
-7.76727e-05
-6.52901e-05
0.000186306
-9.86138e-05
-9.86138e-05
0.000122294
-8.07653e-05
-0.000156171
1.5053e-05
-1.7861e-09
-0.000240932
-0.000116831
8.07578e-05
-0.000240926
-0.000116822
9.8612e-05
-0.000156181
1.50396e-05
7.76728e-05
-9.86187e-05
0.00012229
4.25228e-05
-6.52943e-05
0.000186302
-4.92658e-05
0.000221159
-5.91407e-05
-3.64646e-05
0.000184442
-0.000112803
-5.12385e-05
0.000128928
-0.000156171
-8.07653e-05
1.5053e-05
-0.000142194
-0.000142194
-0.000205872
-2.34304e-09
-0.000232308
-0.000585523
0.000142182
-0.000232303
-0.000585498
0.000156169
-0.000142207
-0.0002059
0.000112805
-8.07715e-05
1.5042e-05
5.91419e-05
-5.12432e-05
0.000128921
-3.64674e-05
0.00018444
-7.93024e-05
-8.57068e-10
0.000146208
-0.000158361
-1.00486e-09
5.7018e-05
-0.000240932
-1.78415e-09
-0.000116831
-0.000232308
-2.34135e-09
-0.000585523
-5.68875e-09
-5.68659e-09
-0.00138431
0.000232287
-5.40009e-09
-0.00138427
0.000240932
-2.23792e-09
-0.000585619
0.000158367
-1.58793e-09
-0.000116867
7.93058e-05
-8.74699e-10
5.69992e-05
-7.24984e-10
0.0001462
-7.9301e-05
3.64612e-05
0.000146211
-0.000158358
5.1234e-05
5.70234e-05
-0.000240926
8.07578e-05
-0.000116822
-0.000232303
0.000142182
-0.000585498
-5.40232e-09
0.000232287
-0.00138427
0.000232282
0.000232282
-0.00138422
0.000240926
0.000142196
-0.000585593
0.000158364
8.07644e-05
-0.000116857
7.93043e-05
5.12389e-05
5.70047e-05
3.64643e-05
0.000146203
-5.91433e-05
4.92615e-05
0.000184441
-0.000112809
6.52885e-05
0.000128924
-0.000156181
9.8612e-05
1.50396e-05
-0.000142207
0.000156169
-0.0002059
-2.23947e-09
0.000240932
-0.000585619
0.000142196
0.000240926
-0.000585593
0.00015618
0.00015618
-0.000205929
0.00011281
9.86169e-05
1.50303e-05
5.91444e-05
6.52928e-05
0.000128917
4.92644e-05
0.000184438
-4.25237e-05
4.32053e-05
0.00022116
-7.76756e-05
5.47291e-05
0.000186305
-9.86187e-05
7.76728e-05
0.00012229
-8.07715e-05
0.000112805
1.5042e-05
-1.5897e-09
0.000158367
-0.000116867
8.07644e-05
0.000158364
-0.000116857
9.86169e-05
0.00011281
1.50303e-05
7.76757e-05
7.76757e-05
0.000122286
4.25241e-05
5.47322e-05
0.000186303
4.32075e-05
0.00022116
-3.07958e-05
2.48151e-05
0.000250262
-5.47327e-05
3.07942e-05
0.000228127
-6.52943e-05
4.25228e-05
0.000186302
-5.12432e-05
5.91419e-05
0.000128921
-8.75652e-10
7.93058e-05
5.69992e-05
5.12389e-05
7.93043e-05
5.70047e-05
6.52928e-05
5.91444e-05
0.000128917
5.47322e-05
4.25241e-05
0.000186303
3.07957e-05
3.07957e-05
0.000228127
2.48162e-05
0.000250262
-2.48164e-05
0.000265864
-4.32083e-05
0.000250262
-4.92658e-05
0.000221159
-3.64674e-05
0.00018444
-7.25862e-10
0.0001462
3.64643e-05
0.000146203
4.92644e-05
0.000184438
4.32075e-05
0.00022116
2.48162e-05
0.000250262
0.000265865
-2.86753e-05
-2.86753e-05
0.000323214
-5.0186e-05
-3.62177e-05
0.00030799
-5.81491e-05
-5.10129e-05
0.000280136
-4.37076e-05
-7.33334e-05
0.000243334
-7.89055e-10
-0.000101701
0.000204202
4.37041e-05
-0.000101699
0.000204205
5.81476e-05
-7.33368e-05
0.000243334
5.01853e-05
-5.10146e-05
0.000280137
2.86751e-05
-3.62194e-05
0.000307991
-2.86765e-05
0.000323216
-3.62177e-05
-5.0186e-05
0.00030799
-6.4995e-05
-6.4995e-05
0.000285682
-7.96547e-05
-9.45595e-05
0.000244512
-6.42556e-05
-0.000143858
0.000184053
-9.55273e-10
-0.000212462
0.000103524
6.42507e-05
-0.000212457
0.00010353
7.9653e-05
-0.000143866
0.00018405
6.49946e-05
-9.45634e-05
0.000244513
3.62177e-05
-6.49986e-05
0.000285683
-5.01884e-05
0.000307992
-5.10129e-05
-5.81491e-05
0.000280136
-9.45595e-05
-7.96547e-05
0.000244512
-0.000124607
-0.000124607
0.000182388
-0.000104678
-0.000212486
6.37526e-05
-2.04802e-09
-0.000354891
-7.90777e-05
0.000104669
-0.000354882
-7.90674e-05
0.000124605
-0.000212502
6.37395e-05
9.45604e-05
-0.000124614
0.000182385
5.10137e-05
-7.96602e-05
0.00024451
-5.81525e-05
0.000280136
-7.33334e-05
-4.37076e-05
0.000243334
-0.000143858
-6.42556e-05
0.000184053
-0.000212486
-0.000104678
6.37526e-05
-0.000206517
-0.000206517
-0.000217811
-3.19723e-09
-0.000380751
-0.000766176
0.000206502
-0.000380741
-0.000766145
0.000212484
-0.00020654
-0.000217844
0.000143861
-0.000104688
6.37392e-05
7.33352e-05
-6.42621e-05
0.000184048
-4.37113e-05
0.000243334
-0.000101701
-7.87947e-10
0.000204202
-0.000212462
-9.54215e-10
0.000103524
-0.000354891
-2.04601e-09
-7.90777e-05
-0.000380751
-3.19571e-09
-0.000766176
-1.25716e-08
-1.25707e-08
-0.00214579
0.000380717
-1.19924e-08
-0.00214573
0.000354895
-3.05806e-09
-0.000766334
0.000212473
-1.75226e-09
-7.91303e-05
0.000101706
-7.95781e-10
0.000103504
-6.30763e-10
0.000204196
-0.000101699
4.37041e-05
0.000204205
-0.000212457
6.42507e-05
0.00010353
-0.000354882
0.000104669
-7.90674e-05
-0.000380741
0.000206502
-0.000766145
-1.19932e-08
0.000380717
-0.00214573
0.000380707
0.000380707
-0.00214566
0.000354886
0.000206525
-0.0007663
0.000212468
0.000104679
-7.91201e-05
0.000101704
6.42575e-05
0.00010351
4.3708e-05
0.000204199
-7.33368e-05
5.81476e-05
0.000243334
-0.000143866
7.9653e-05
0.00018405
-0.000212502
0.000124605
6.37395e-05
-0.00020654
0.000212484
-0.000217844
-3.05953e-09
0.000354895
-0.000766334
0.000206525
0.000354886
-0.0007663
0.000212501
0.000212501
-0.00021788
0.000143869
0.000124612
6.3729e-05
7.33386e-05
7.96587e-05
0.000184046
5.81512e-05
0.000243333
-5.10146e-05
5.01853e-05
0.000280137
-9.45634e-05
6.49946e-05
0.000244513
-0.000124614
9.45604e-05
0.000182385
-0.000104688
0.000143861
6.37392e-05
-1.75434e-09
0.000212472
-7.91302e-05
0.000104679
0.000212468
-7.91201e-05
0.000124612
0.000143869
6.37291e-05
9.45642e-05
9.45642e-05
0.000182383
5.10153e-05
6.49982e-05
0.000244512
5.01878e-05
0.000280138
-3.62194e-05
2.86751e-05
0.000307991
-6.49986e-05
3.62177e-05
0.000285683
-7.96602e-05
5.10137e-05
0.00024451
-6.42621e-05
7.33352e-05
0.000184048
-7.9682e-10
0.000101706
0.000103504
6.42575e-05
0.000101704
0.00010351
7.96587e-05
7.33386e-05
0.000184046
6.49982e-05
5.10153e-05
0.000244512
3.62194e-05
3.62194e-05
0.000285684
2.86764e-05
0.000307993
-2.86765e-05
0.000323216
-5.01884e-05
0.000307992
-5.81525e-05
0.000280136
-4.37113e-05
0.000243334
-6.31771e-10
0.000204196
4.3708e-05
0.000204199
5.81512e-05
0.000243334
5.01878e-05
0.000280138
2.86764e-05
0.000307993
0.000323218
-3.24357e-05
-3.24357e-05
0.000388085
-5.70136e-05
-4.16429e-05
0.000374211
-6.70662e-05
-5.95725e-05
0.000349761
-5.10372e-05
-8.85946e-05
0.0003159
-6.55744e-10
-0.000126903
0.000280068
5.10337e-05
-0.000126901
0.000280071
6.70648e-05
-8.85989e-05
0.000315902
5.70131e-05
-5.95745e-05
0.000349763
3.24355e-05
-4.16448e-05
0.000374214
-3.2437e-05
0.000388088
-4.16429e-05
-5.70136e-05
0.000374211
-7.54334e-05
-7.54334e-05
0.000353263
-9.50463e-05
-0.000112065
0.000316617
-7.85744e-05
-0.000179756
0.000258742
-8.06815e-10
-0.000281514
0.000179561
7.85693e-05
-0.000281507
0.000179567
9.50446e-05
-0.000179767
0.000258743
7.54333e-05
-0.00011207
0.00031662
4.1643e-05
-7.54376e-05
0.000353266
-5.70163e-05
0.000374214
-5.95725e-05
-6.70662e-05
0.000349761
-0.000112065
-9.50463e-05
0.000316617
-0.000153169
-0.000153169
0.000264597
-0.000131478
-0.000286789
0.000149095
-2.29777e-09
-0.000524898
3.28306e-05
0.000131468
-0.000524885
3.28396e-05
0.000153168
-0.000286814
0.000149087
0.000112067
-0.00015318
0.000264596
5.95736e-05
-9.50532e-05
0.000316619
-6.70702e-05
0.000349764
-8.85946e-05
-5.10372e-05
0.0003159
-0.000179756
-7.85744e-05
0.000258742
-0.000286789
-0.000131478
0.000149095
-0.000301578
-0.000301578
-0.000188233
-6.02966e-09
-0.000574559
-0.00101809
0.000301558
-0.000574547
-0.00101805
0.000286788
-0.000301622
-0.000188266
0.000179761
-0.000131494
0.00014908
8.85974e-05
-7.85832e-05
0.000258742
-5.10417e-05
0.000315902
-0.000126903
-6.55082e-10
0.000280068
-0.000281514
-8.05955e-10
0.000179561
-0.000524898
-2.29575e-09
3.28306e-05
-0.000574559
-6.0293e-09
-0.00101809
-2.39115e-08
-2.39138e-08
-0.00329486
0.000574514
-2.35074e-08
-0.00329479
0.000524919
-5.8456e-09
-0.00101835
0.000281535
-1.88877e-09
3.27613e-05
0.000126913
-6.19031e-10
0.000179544
-4.69633e-10
0.000280067
-0.000126901
5.10337e-05
0.000280071
-0.000281507
7.85693e-05
0.000179567
-0.000524885
0.000131468
3.28396e-05
-0.000574547
0.000301558
-0.00101805
-2.35052e-08
0.000574514
-0.00329479
0.000574502
0.000574502
-0.00329471
0.000524904
0.000301602
-0.00101831
0.000281528
0.000131485
3.27693e-05
0.00012691
7.85786e-05
0.000179549
5.10386e-05
0.00028007
-8.85989e-05
6.70648e-05
0.000315902
-0.000179767
9.50446e-05
0.000258743
-0.000286814
0.000153168
0.000149087
-0.000301622
0.000286788
-0.000188266
-5.84576e-09
0.000524919
-0.00101835
0.000301602
0.000524904
-0.00101831
0.000286813
0.000286813
-0.000188303
0.000179772
0.000153179
0.000149077
8.86016e-05
9.50517e-05
0.000258743
6.70689e-05
0.000315905
-5.95745e-05
5.70131e-05
0.000349763
-0.00011207
7.54333e-05
0.00031662
-0.00015318
0.000112067
0.000264596
-0.000131494
0.000179761
0.00014908
-1.89049e-09
0.000281535
3.27613e-05
0.000131485
0.000281528
3.27693e-05
0.000153179
0.000179772
0.000149077
0.000112072
0.000112072
0.000264597
5.95755e-05
7.54375e-05
0.000316622
5.70158e-05
0.000349767
-4.16448e-05
3.24355e-05
0.000374214
-7.54376e-05
4.1643e-05
0.000353266
-9.50532e-05
5.95736e-05
0.000316619
-7.85832e-05
8.85974e-05
0.000258742
-6.19792e-10
0.000126913
0.000179544
7.85786e-05
0.00012691
0.000179549
9.50517e-05
8.86016e-05
0.000258743
7.54375e-05
5.95755e-05
0.000316622
4.16449e-05
4.16449e-05
0.000353269
3.24368e-05
0.000374217
-3.2437e-05
0.000388088
-5.70163e-05
0.000374214
-6.70702e-05
0.000349764
-5.10417e-05
0.000315902
-4.70335e-10
0.000280067
5.10386e-05
0.00028007
6.70689e-05
0.000315905
5.70158e-05
0.000349767
3.24368e-05
0.000374217
0.000388091
-3.58324e-05
-3.58324e-05
0.00045975
-6.31706e-05
-4.66257e-05
0.000448175
-7.52292e-05
-6.72552e-05
0.000429075
-5.76681e-05
-0.000103323
0.000401662
-4.32528e-10
-0.00015211
0.000374511
5.7665e-05
-0.000152107
0.000374513
7.52278e-05
-0.000103328
0.000401667
6.31702e-05
-6.72575e-05
0.000429079
3.58322e-05
-4.66277e-05
0.000448179
-3.58337e-05
0.000459754
-4.66257e-05
-6.31706e-05
0.000448175
-8.51342e-05
-8.51342e-05
0.00043028
-0.000110022
-0.000128209
0.000402459
-9.26323e-05
-0.00021779
0.00035582
-5.1387e-10
-0.000364335
0.000299154
9.26275e-05
-0.000364327
0.000299158
0.00011002
-0.000217805
0.000355827
8.51343e-05
-0.000128215
0.000402463
4.66258e-05
-8.51386e-05
0.000430286
-6.31733e-05
0.000448179
-6.72552e-05
-7.52292e-05
0.000429075
-0.000128209
-0.000110022
0.000402459
-0.000180966
-0.000180966
0.000370111
-0.000160652
-0.000374747
0.000285738
-2.89039e-09
-0.000709082
0.000216928
0.000160641
-0.000709069
0.000216938
0.000180965
-0.000374786
0.000285745
0.000128212
-0.000180982
0.000370116
6.72567e-05
-0.000110031
0.000402466
-7.52336e-05
0.000429081
-0.000103323
-5.76681e-05
0.000401662
-0.00021779
-9.26323e-05
0.00035582
-0.000374748
-0.000160652
0.000285738
-0.000401662
-0.000401662
-0.000134404
-9.6652e-09
-0.000614845
-0.00151398
0.000401641
-0.000614839
-0.00151393
0.000374749
-0.00040175
-0.000134411
0.000217799
-0.00016068
0.000285728
0.000103327
-9.26437e-05
0.000355827
-5.76732e-05
0.000401669
-0.00015211
-4.31581e-10
0.000374511
-0.000364335
-5.12812e-10
0.000299154
-0.000709082
-2.88864e-09
0.000216928
-0.000614845
-9.66693e-09
-0.00151398
-2.62483e-08
-2.62535e-08
-0.0045245
0.000614831
-2.93753e-08
-0.00452446
0.000709159
-1.00072e-08
-0.00151442
0.000364376
-2.34446e-09
0.000216868
0.000152125
-3.00642e-10
0.000299151
-2.2645e-10
0.000374519
-0.000152107
5.7665e-05
0.000374513
-0.000364327
9.26275e-05
0.000299158
-0.000709069
0.000160641
0.000216938
-0.000614839
0.000401641
-0.00151393
-2.93701e-08
0.000614831
-0.00452446
0.000614824
0.000614824
-0.00452442
0.000709145
0.000401727
-0.00151437
0.000364367
0.00016067
0.000216875
0.000152121
9.26394e-05
0.000299155
5.76705e-05
0.00037452
-0.000103328
7.52278e-05
0.000401667
-0.000217805
0.00011002
0.000355827
-0.000374786
0.000180965
0.000285745
-0.00040175
0.000374749
-0.000134411
-1.00053e-08
0.000709159
-0.00151442
0.000401727
0.000709145
-0.00151437
0.000374789
0.000374789
-0.000134427
0.000217813
0.00018098
0.000285743
0.000103332
0.000110029
0.000355835
7.52323e-05
0.000401675
-6.72575e-05
6.31702e-05
0.000429079
-0.000128215
8.51343e-05
0.000402463
-0.000180982
0.000128212
0.000370116
-0.00016068
0.000217799
0.000285728
-2.34625e-09
0.000364376
0.000216868
0.00016067
0.000364367
0.000216875
0.00018098
0.000217813
0.000285743
0.000128218
0.000128218
0.000370122
6.72588e-05
8.51388e-05
0.000402471
6.31729e-05
0.000429085
-4.66277e-05
3.58322e-05
0.000448179
-8.51386e-05
4.66258e-05
0.000430286
-0.000110031
6.72567e-05
0.000402466
-9.26437e-05
0.000103327
0.000355827
-3.01702e-10
0.000152125
0.000299151
9.26395e-05
0.000152121
0.000299155
0.000110029
0.000103332
0.000355835
8.51388e-05
6.72588e-05
0.000402471
4.66278e-05
4.66278e-05
0.000430291
3.58336e-05
0.000448184
-3.58337e-05
0.000459754
-6.31733e-05
0.000448179
-7.52336e-05
0.000429081
-5.76732e-05
0.000401669
-2.27383e-10
0.000374519
5.76705e-05
0.00037452
7.52323e-05
0.000401675
6.31729e-05
0.000429085
3.58335e-05
0.000448184
0.000459758
-3.8605e-05
-3.8605e-05
0.00053696
-6.81288e-05
-5.06524e-05
0.000528351
-8.17083e-05
-7.2844e-05
0.000515498
-6.26063e-05
-0.000114834
0.000497394
-9.36459e-11
-0.000170961
0.000482866
6.26039e-05
-0.000170957
0.000482866
8.17067e-05
-0.00011484
0.000497403
6.81285e-05
-7.28463e-05
0.000515503
3.86048e-05
-5.06542e-05
0.000528357
-3.86062e-05
0.000536965
-5.06524e-05
-6.81288e-05
0.000528351
-9.29333e-05
-9.29333e-05
0.000514842
-0.000122445
-0.000139946
0.000499073
-0.000104042
-0.00025084
0.000473422
-1.23708e-10
-0.000433323
0.000457474
0.000104038
-0.000433314
0.000457477
0.000122443
-0.000250857
0.000473439
9.29335e-05
-0.000139954
0.00049908
5.06525e-05
-9.29375e-05
0.00051485
-6.81312e-05
0.000528357
-7.2844e-05
-8.17083e-05
0.000515498
-0.000139946
-0.000122445
0.000499073
-0.00020128
-0.00020128
0.000492779
-0.000181718
-0.000452792
0.000468128
-3.65394e-09
-0.000764943
0.000366833
0.000181707
-0.000764931
0.000366844
0.000201278
-0.000452849
0.000468166
0.00013995
-0.000201302
0.000492793
7.28454e-05
-0.000122454
0.000499087
-8.17125e-05
0.000515508
-0.000114834
-6.26063e-05
0.000497394
-0.00025084
-0.000104042
0.000473422
-0.000452792
-0.000181718
0.000468128
-0.000440034
-0.000440034
-0.00015992
-6.95252e-09
-0.000465576
-0.00225337
0.00044003
-0.00046557
-0.00225333
0.000452804
-0.000440164
-0.00015987
0.000250852
-0.000181757
0.000468134
0.000114839
-0.000104055
0.000473441
-6.26111e-05
0.000497406
-0.000170961
-9.27661e-11
0.000482866
-0.000433323
-1.22479e-10
0.000457474
-0.000764943
-3.65315e-09
0.000366833
-0.000465576
-6.95722e-09
-0.00225337
-7.61631e-09
-7.62063e-09
-0.00545564
0.000465619
-1.09779e-08
-0.00545564
0.000765083
-8.63381e-09
-0.00225404
0.000433388
-3.08838e-09
0.000366809
0.00017098
1.90033e-10
0.000457504
1.77878e-10
0.000482887
-0.000170957
6.26039e-05
0.000482866
-0.000433314
0.000104038
0.000457477
-0.000764931
0.000181707
0.000366844
-0.00046557
0.00044003
-0.00225333
-1.09733e-08
0.000465619
-0.00545564
0.000465617
0.000465617
-0.00545567
0.000765074
0.000440155
-0.00225399
0.000433379
0.000181748
0.000366819
0.000170976
0.000104052
0.000457506
6.26093e-05
0.000482887
-0.00011484
8.17067e-05
0.000497403
-0.000250857
0.000122443
0.000473439
-0.000452849
0.000201278
0.000468166
-0.000440164
0.000452804
-0.00015987
-8.62858e-09
0.000765083
-0.00225404
0.000440155
0.000765074
-0.00225399
0.00045286
0.00045286
-0.000159837
0.000250868
0.000201299
0.000468183
0.000114844
0.000122452
0.000473459
8.17112e-05
0.000497416
-7.28463e-05
6.81285e-05
0.000515503
-0.000139954
9.29335e-05
0.00049908
-0.000201302
0.00013995
0.000492793
-0.000181757
0.000250852
0.000468134
-3.08878e-09
0.000433388
0.000366809
0.000181748
0.000433379
0.000366819
0.000201299
0.000250868
0.000468183
0.000139956
0.000139956
0.000492809
7.28475e-05
9.29377e-05
0.000499094
6.81309e-05
0.000515513
-5.06542e-05
3.86048e-05
0.000528357
-9.29375e-05
5.06525e-05
0.00051485
-0.000122454
7.28454e-05
0.000499087
-0.000104055
0.000114839
0.000473441
1.89189e-10
0.00017098
0.000457504
0.000104052
0.000170976
0.000457506
0.000122452
0.000114844
0.000473459
9.29377e-05
7.28475e-05
0.000499094
5.06543e-05
5.06543e-05
0.000514858
3.8606e-05
0.000528364
-3.86062e-05
0.000536965
-6.81312e-05
0.000528357
-8.17125e-05
0.000515508
-6.26111e-05
0.000497406
1.77036e-10
0.000482887
6.26093e-05
0.000482887
8.17112e-05
0.000497416
6.81309e-05
0.000515513
3.8606e-05
0.000528364
0.00053697
-4.05794e-05
-4.05794e-05
0.000618119
-7.15369e-05
-5.32863e-05
0.000612595
-8.57516e-05
-7.52376e-05
0.00060495
-6.53395e-05
-0.000119882
0.000596864
4.83783e-10
-0.000179657
0.000597183
6.53383e-05
-0.000179653
0.000597181
8.57498e-05
-0.000119885
0.000596877
7.15366e-05
-7.52394e-05
0.000604956
4.05791e-05
-5.32876e-05
0.000612602
-4.05803e-05
0.000618124
-5.32863e-05
-7.15369e-05
0.000612595
-9.77576e-05
-9.77576e-05
0.000603785
-0.000129626
-0.000144172
0.000599876
-0.000109449
-0.000266316
0.000599681
5.95427e-10
-0.000453811
0.000622178
0.000109447
-0.000453803
0.00062218
0.000129623
-0.000266329
0.000599708
9.77576e-05
-0.000144179
0.000599884
5.32861e-05
-9.77606e-05
0.000603794
-7.15387e-05
0.000612601
-7.52376e-05
-8.57516e-05
0.00060495
-0.000144172
-0.000129626
0.000599876
-0.000207136
-0.000207136
0.000618706
-0.000179449
-0.000464429
0.000638555
-2.31276e-09
-0.000612645
0.00034622
0.000179445
-0.000612634
0.000346228
0.000207132
-0.000464485
0.000638635
0.000144175
-0.000207158
0.00061873
7.52384e-05
-0.000129633
0.000599896
-8.57549e-05
0.000604962
-0.000119882
-6.53395e-05
0.000596864
-0.000266316
-0.000109449
0.000599681
-0.000464429
-0.000179449
0.000638555
-0.000368049
-0.000368049
-0.00035268
4.08061e-09
-0.000247999
-0.00298607
0.000368072
-0.000247989
-0.00298604
0.000464443
-0.000368137
-0.00035259
0.000266328
-0.000179483
0.000638574
0.000119885
-0.000109461
0.000599712
-6.53429e-05
0.00059688
-0.000179657
4.84748e-10
0.000597183
-0.000453811
5.96541e-10
0.000622178
-0.000612645
-2.31319e-09
0.00034622
-0.000247999
4.07432e-09
-0.00298607
3.75941e-09
3.75661e-09
-0.00595164
0.000248039
2.98662e-09
-0.00595167
0.000612757
2.90252e-09
-0.0029869
0.00045388
-1.77732e-09
0.000346205
0.000179675
8.62372e-10
0.000622247
7.50958e-10
0.000597219
-0.000179653
6.53384e-05
0.000597181
-0.000453803
0.000109447
0.00062218
-0.000612634
0.000179445
0.000346228
-0.000247989
0.000368072
-0.00298604
2.98947e-09
0.000248039
-0.00595167
0.000248031
0.000248031
-0.00595173
0.00061275
0.000368155
-0.00298686
0.000453873
0.000179479
0.000346215
0.000179671
0.00010946
0.000622249
6.53424e-05
0.000597217
-0.000119885
8.57498e-05
0.000596877
-0.000266329
0.000129623
0.000599708
-0.000464485
0.000207132
0.000638635
-0.000368137
0.000464443
-0.00035259
2.90895e-09
0.000612757
-0.0029869
0.000368155
0.00061275
-0.00298686
0.000464495
0.000464495
-0.000352519
0.00026634
0.000207153
0.000638665
0.000119888
0.000129631
0.00059974
8.57534e-05
0.000596893
-7.52394e-05
7.15366e-05
0.000604956
-0.000144179
9.77576e-05
0.000599884
-0.000207158
0.000144175
0.00061873
-0.000179483
0.000266328
0.000638574
-1.77692e-09
0.00045388
0.000346205
0.000179479
0.000453873
0.000346215
0.000207153
0.00026634
0.000638665
0.00014418
0.00014418
0.000618755
7.52399e-05
9.77605e-05
0.000599905
7.15383e-05
0.000604968
-5.32876e-05
4.05791e-05
0.000612602
-9.77606e-05
5.32861e-05
0.000603794
-0.000129633
7.52384e-05
0.000599896
-0.000109461
0.000119885
0.000599712
8.61506e-10
0.000179675
0.000622247
0.00010946
0.000179671
0.000622249
0.000129631
0.000119888
0.00059974
9.77605e-05
7.52399e-05
0.000599905
5.32873e-05
5.32874e-05
0.000603805
4.058e-05
0.000612609
-4.05803e-05
0.000618124
-7.15387e-05
0.000612601
-8.57549e-05
0.000604962
-6.53429e-05
0.00059688
7.50035e-10
0.000597219
6.53424e-05
0.000597217
8.57534e-05
0.000596893
7.15383e-05
0.000604968
4.058e-05
0.000612609
0.00061813
-4.17657e-05
-4.17657e-05
0.00070165
-7.34498e-05
-5.44142e-05
0.000698693
-8.72006e-05
-7.4254e-05
0.000692955
-6.57459e-05
-0.000116833
0.000692242
1.03708e-09
-0.000169154
0.00070059
6.57464e-05
-0.00016915
0.000700586
8.71986e-05
-0.000116832
0.000692257
7.34492e-05
-7.42547e-05
0.00069296
4.17652e-05
-5.44146e-05
0.000698701
-4.17662e-05
0.000701656
-5.44142e-05
-7.34498e-05
0.000698693
-9.92878e-05
-9.92878e-05
0.000693532
-0.000129605
-0.000139827
0.000695767
-0.000105793
-0.000254531
0.000713566
1.39498e-09
-0.000400504
0.000747734
0.000105794
-0.000400499
0.000747736
0.000129601
-0.000254529
0.000713597
9.92871e-05
-0.00013983
0.000695774
5.44136e-05
-9.92885e-05
0.000693542
-7.34504e-05
0.000698699
-7.4254e-05
-8.72006e-05
0.000692955
-0.000139827
-0.000129605
0.000695767
-0.000192188
-0.000192188
0.000723427
-0.000148716
-0.000393321
0.000733874
2.35557e-09
-0.00039572
0.000192718
0.000148724
-0.000395716
0.000192724
0.000192183
-0.000393334
0.000733982
0.000139826
-0.000192196
0.000723452
7.42534e-05
-0.000129609
0.00069579
-8.72021e-05
0.000692967
-0.000116833
-6.57459e-05
0.000692242
-0.000254531
-0.000105793
0.000713566
-0.000393321
-0.000148716
0.000733874
-0.000232921
-0.000232921
-0.00067348
1.30036e-08
-9.24293e-05
-0.00352229
0.000232962
-9.24266e-05
-0.00352228
0.000393321
-0.0002329
-0.000673383
0.000254531
-0.000148718
0.000733887
0.000116833
-0.000105798
0.000713599
-6.57462e-05
0.000692257
-0.000169154
1.03827e-09
0.00070059
-0.000400504
1.39651e-09
0.000747734
-0.00039572
2.3545e-09
0.000192718
-9.24293e-05
1.29971e-08
-0.00352229
6.09227e-09
6.09087e-09
-0.00613651
9.24414e-05
6.1636e-09
-0.00613654
0.000395732
1.25956e-08
-0.0035231
0.000400534
2.72715e-09
0.000192682
0.000169159
1.61e-09
0.000747821
1.30828e-09
0.000700631
-0.00016915
6.57464e-05
0.000700586
-0.000400499
0.000105794
0.000747736
-0.000395716
0.000148724
0.000192724
-9.24266e-05
0.000232962
-0.00352228
6.16509e-09
9.24414e-05
-0.00613654
9.24381e-05
9.24381e-05
-0.00613659
0.00039573
0.000232938
-0.00352308
0.00040053
0.000148725
0.000192692
0.000169156
0.0001058
0.000747824
6.57475e-05
0.000700627
-0.000116832
8.71986e-05
0.000692257
-0.000254529
0.000129601
0.000713597
-0.000393334
0.000192183
0.000733982
-0.0002329
0.000393321
-0.000673383
1.26024e-08
0.000395732
-0.0035231
0.000232938
0.00039573
-0.00352308
0.000393328
0.000393328
-0.000673299
0.000254529
0.000192189
0.000734
0.000116832
0.000129606
0.000713632
8.72004e-05
0.000692272
-7.42547e-05
7.34492e-05
0.00069296
-0.00013983
9.92871e-05
0.000695774
-0.000192196
0.000139826
0.000723452
-0.000148718
0.000254531
0.000733887
2.72823e-09
0.000400534
0.000192682
0.000148725
0.00040053
0.000192692
0.000192189
0.000254529
0.000734
0.000139827
0.000139827
0.000723479
7.42537e-05
9.92877e-05
0.000695796
7.34499e-05
0.000692972
-5.44146e-05
4.17652e-05
0.000698701
-9.92885e-05
5.44136e-05
0.000693542
-0.000129609
7.42534e-05
0.00069579
-0.000105798
0.000116833
0.000713599
1.60862e-09
0.000169159
0.000747821
0.0001058
0.000169156
0.000747824
0.000129606
0.000116832
0.000713632
9.92877e-05
7.42538e-05
0.000695796
5.4414e-05
5.4414e-05
0.000693552
4.17656e-05
0.000698707
-4.17662e-05
0.000701656
-7.34504e-05
0.000698699
-8.72021e-05
0.000692967
-6.57462e-05
0.000692257
1.30687e-09
0.000700631
6.57475e-05
0.000700627
8.72004e-05
0.000692272
7.34499e-05
0.000692972
4.17656e-05
0.000698707
0.000701662
-4.24063e-05
-4.24063e-05
0.000786463
-7.44801e-05
-5.44633e-05
0.00078523
-8.69135e-05
-7.1219e-05
0.000776608
-6.50888e-05
-0.000108417
0.000778834
1.64256e-09
-0.000145142
0.000780641
6.50911e-05
-0.00014514
0.000780637
8.69111e-05
-0.00010841
0.000778846
7.44793e-05
-7.12184e-05
0.00077661
4.24056e-05
-5.44626e-05
0.000785237
-4.24063e-05
0.000786468
-5.44633e-05
-7.44801e-05
0.00078523
-9.86596e-05
-9.86596e-05
0.000781924
-0.000124548
-0.000130405
0.000780841
-9.78594e-05
-0.000223395
0.000801856
2.57244e-09
-0.000308268
0.000812999
9.78631e-05
-0.000308268
0.000813003
0.000124543
-0.000223372
0.000801879
9.86581e-05
-0.000130403
0.000780843
5.44623e-05
-9.86574e-05
0.000781932
-7.44796e-05
0.000785235
-7.1219e-05
-8.69135e-05
0.000776608
-0.000130405
-0.000124548
0.000780841
-0.000163237
-0.000163237
0.000789091
-0.000104109
-0.000285825
0.000737176
6.29437e-09
-0.000195376
-2.42898e-05
0.000104125
-0.000195385
-2.42786e-05
0.000163229
-0.000285775
0.000737281
0.000130399
-0.000163227
0.000789107
7.12166e-05
-0.000124545
0.00078086
-8.69128e-05
0.000776617
-0.000108417
-6.50888e-05
0.000778834
-0.000223395
-9.78594e-05
0.000801856
-0.000285825
-0.000104109
0.000737176
-0.000116317
-0.000116317
-0.0010125
1.52823e-08
1.46288e-05
-0.00384863
0.000116356
1.46156e-05
-0.00384862
0.00028581
-0.000116201
-0.00101241
0.000223382
-0.000104078
0.000737165
0.000108413
-9.78548e-05
0.000801878
-6.50854e-05
0.000778843
-0.000145142
1.64416e-09
0.000780641
-0.000308268
2.57415e-09
0.000812999
-0.000195376
6.29286e-09
-2.42898e-05
1.46289e-05
1.52772e-08
-0.00384863
3.56425e-09
3.5637e-09
-0.00610726
-1.46497e-05
3.55726e-09
-0.00610727
0.00019529
1.49884e-08
-0.00384926
0.000308236
6.6983e-09
-2.43474e-05
0.000145128
2.76259e-09
0.000813072
1.93289e-09
0.000780672
-0.00014514
6.50911e-05
0.000780637
-0.000308268
9.78631e-05
0.000813003
-0.000195385
0.000104125
-2.42786e-05
1.46156e-05
0.000116356
-0.00384862
3.55785e-09
-1.46497e-05
-0.00610727
-1.46375e-05
-1.46375e-05
-0.00610731
0.000195299
0.000116238
-0.00384924
0.000308236
0.000104094
-2.43319e-05
0.000145127
9.78594e-05
0.000813077
6.50883e-05
0.000780668
-0.00010841
8.69112e-05
0.000778846
-0.000223372
0.000124543
0.000801879
-0.000285775
0.000163229
0.000737281
-0.000116201
0.00028581
-0.00101241
1.49932e-08
0.00019529
-0.00384926
0.000116238
0.000195299
-0.00384924
0.000285756
0.000285756
-0.00101234
0.000223359
0.000163219
0.000737273
0.000108406
0.000124541
0.000801903
8.69109e-05
0.000778855
-7.12184e-05
7.44793e-05
0.00077661
-0.000130403
9.86581e-05
0.000780843
-0.000163227
0.000130399
0.000789107
-0.000104078
0.000223382
0.000737165
6.69984e-09
0.000308236
-2.43474e-05
0.000104094
0.000308236
-2.43319e-05
0.000163219
0.000223359
0.000737273
0.000130396
0.000130396
0.000789124
7.12157e-05
9.86559e-05
0.000780862
7.44788e-05
0.00077662
-5.44626e-05
4.24056e-05
0.000785237
-9.86574e-05
5.44623e-05
0.000781932
-0.000124545
7.12166e-05
0.00078086
-9.78548e-05
0.000108413
0.000801878
2.76089e-09
0.000145128
0.000813072
9.78594e-05
0.000145127
0.000813077
0.000124541
0.000108406
0.000801903
9.86559e-05
7.12157e-05
0.000780862
5.44616e-05
5.44616e-05
0.000781941
4.24056e-05
0.000785242
-4.24063e-05
0.000786468
-7.44796e-05
0.000785235
-8.69128e-05
0.000776617
-6.50854e-05
0.000778843
1.93109e-09
0.000780672
6.50883e-05
0.000780668
8.69109e-05
0.000778855
7.44788e-05
0.00077662
4.24056e-05
0.000785242
0.000786473
-4.29184e-05
-4.29184e-05
0.0008723
-7.56612e-05
-5.43132e-05
0.000872286
-8.66356e-05
-6.87023e-05
0.000856284
-6.54698e-05
-0.000100601
0.000858269
2.17598e-09
-0.000121232
0.000836401
6.5473e-05
-0.000121231
0.000836397
8.66332e-05
-0.000100589
0.000858276
7.56602e-05
-6.87011e-05
0.000856284
4.29176e-05
-5.43117e-05
0.000872292
-4.29181e-05
0.000872304
-5.43132e-05
-7.56612e-05
0.000872286
-9.81106e-05
-9.81106e-05
0.000869519
-0.000119095
-0.000123182
0.000856305
-9.19352e-05
-0.000195992
0.000870088
3.87817e-09
-0.000232217
0.000832045
9.19402e-05
-0.000232216
0.000832052
0.00011909
-0.000195955
0.000870096
9.81087e-05
-0.000123179
0.000856302
5.43121e-05
-9.81062e-05
0.000869523
-7.56599e-05
0.000872289
-6.87023e-05
-8.66356e-05
0.000856284
-0.000123182
-0.000119095
0.000856305
-0.000135888
-0.000135888
0.000814503
-6.96722e-05
-0.000204119
0.000679086
9.45103e-09
-1.97909e-05
-0.000306398
6.96912e-05
-1.98002e-05
-0.000306377
0.000135878
-0.000204027
0.000679166
0.000123173
-0.00013587
0.000814504
6.86986e-05
-0.000119087
0.000856315
-8.66335e-05
0.000856289
-0.000100601
-6.54698e-05
0.000858269
-0.000195992
-9.19352e-05
0.000870088
-0.000204119
-6.96722e-05
0.000679086
-5.41232e-05
-5.41232e-05
-0.00131249
1.30271e-08
0.000132502
-0.00405506
5.41542e-05
0.000132487
-0.00405505
0.000204104
-5.39805e-05
-0.00131241
0.000195974
-6.96333e-05
0.000679058
0.000100596
-9.19229e-05
0.000870091
-6.54637e-05
0.000858269
-0.000121232
2.1782e-09
0.000836401
-0.000232217
3.88043e-09
0.000832045
-1.97909e-05
9.44965e-09
-0.000306398
0.000132502
1.30226e-08
-0.00405506
1.2164e-09
1.21618e-09
-0.00584226
-0.000132523
1.44481e-09
-0.00584226
1.96889e-05
1.26363e-08
-0.00405546
0.000232149
1.00305e-08
-0.00030645
0.000121206
4.09486e-09
0.000832087
2.50973e-09
0.000836411
-0.000121231
6.54731e-05
0.000836397
-0.000232216
9.19402e-05
0.000832052
-1.98002e-05
6.96912e-05
-0.000306377
0.000132487
5.41542e-05
-0.00405505
1.44509e-09
-0.000132523
-0.00584226
-0.000132517
-0.000132517
-0.00584227
1.96925e-05
5.40105e-05
-0.00405544
0.000232149
6.96521e-05
-0.00030643
0.000121206
9.19288e-05
0.000832095
6.54676e-05
0.000836408
-0.000100589
8.66332e-05
0.000858276
-0.000195955
0.00011909
0.000870096
-0.000204027
0.000135878
0.000679166
-5.39804e-05
0.000204104
-0.00131241
1.26399e-08
1.96889e-05
-0.00405546
5.40105e-05
1.96925e-05
-0.00405544
0.000204011
0.000204011
-0.00131234
0.000195936
0.00013586
0.00067914
0.000100584
0.000119083
0.000870101
8.66314e-05
0.000858276
-6.87011e-05
7.56602e-05
0.000856284
-0.000123179
9.81087e-05
0.000856302
-0.00013587
0.000123173
0.000814504
-6.96333e-05
0.000195974
0.000679058
1.00316e-08
0.000232149
-0.00030645
6.96521e-05
0.000232149
-0.00030643
0.00013586
0.000195936
0.000679139
0.000123169
0.000123169
0.000814508
6.86972e-05
9.81044e-05
0.000856312
7.5659e-05
0.00085629
-5.43117e-05
4.29176e-05
0.000872292
-9.81062e-05
5.43121e-05
0.000869523
-0.000119087
6.86986e-05
0.000856315
-9.19229e-05
0.000100596
0.000870091
4.09274e-09
0.000121206
0.000832087
9.19288e-05
0.000121206
0.000832095
0.000119083
0.000100584
0.000870101
9.81044e-05
6.86972e-05
0.000856312
5.43106e-05
5.43106e-05
0.000869528
4.29173e-05
0.000872295
-4.29181e-05
0.000872304
-7.56599e-05
0.000872289
-8.66335e-05
0.000856289
-6.54637e-05
0.000858269
2.50728e-09
0.000836411
6.54676e-05
0.000836408
8.66314e-05
0.000858276
7.5659e-05
0.00085629
4.29173e-05
0.000872295
0.000872308
-4.36983e-05
-4.36983e-05
0.000959696
-7.79298e-05
-5.4787e-05
0.000961305
-8.81235e-05
-6.94528e-05
0.000935931
-6.91303e-05
-9.89759e-05
0.000938251
2.48864e-09
-0.000114243
0.000881511
6.91337e-05
-0.000114242
0.000881508
8.81213e-05
-9.89635e-05
0.000938252
7.7929e-05
-6.9452e-05
0.000935929
4.36976e-05
-5.47853e-05
0.000961308
-4.3698e-05
0.000959699
-5.4787e-05
-7.79299e-05
0.000961305
-9.97527e-05
-9.97527e-05
0.000959451
-0.000117757
-0.000125762
0.000930619
-9.3488e-05
-0.000192067
0.000938909
4.82838e-09
-0.000222933
0.000847243
9.34919e-05
-0.000222929
0.000847252
0.000117753
-0.00019203
0.000938901
9.97511e-05
-0.000125761
0.000930612
5.47863e-05
-9.97481e-05
0.000959451
-7.79286e-05
0.000961306
-6.94528e-05
-8.81235e-05
0.000935931
-0.000125762
-0.000117757
0.000930619
-0.000129352
-0.000129352
0.000821682
-7.68238e-05
-0.000173761
0.000608252
1.16698e-08
5.7468e-05
-0.000663635
7.68405e-05
5.74721e-05
-0.000663607
0.000129341
-0.000173664
0.000608299
0.000125752
-0.000129339
0.000821672
6.94492e-05
-0.000117749
0.000930619
-8.8121e-05
0.000935931
-9.89759e-05
-6.91303e-05
0.000938251
-0.000192067
-9.3488e-05
0.000938909
-0.000173761
-7.68238e-05
0.000608252
-4.70565e-05
-4.70565e-05
-0.0015659
2.4286e-09
0.00020614
-0.00425079
4.70821e-05
0.000206136
-0.00425079
0.000173766
-4.69517e-05
-0.0015658
0.000192053
-7.67919e-05
0.000608224
9.89727e-05
-9.34722e-05
0.000938895
-6.91233e-05
0.000938244
-0.000114243
2.49097e-09
0.000881511
-0.000222933
4.83057e-09
0.000847243
5.7468e-05
1.16692e-08
-0.000663635
0.00020614
2.42617e-09
-0.00425079
3.71335e-10
3.71178e-10
-0.00542998
-0.000206146
5.3734e-10
-0.00542998
-5.7565e-05
2.01859e-09
-0.004251
0.00022285
1.1618e-08
-0.000663669
0.000114216
5.11871e-09
0.000847244
2.9019e-09
0.000881501
-0.000114242
6.91337e-05
0.000881508
-0.000222929
9.34919e-05
0.000847252
5.74721e-05
7.68406e-05
-0.000663607
0.000206136
4.70821e-05
-0.00425079
5.37529e-10
-0.000206146
-0.00542998
-0.000206151
-0.000206151
-0.00542997
-5.75728e-05
4.69772e-05
-0.004251
0.000222848
7.6809e-05
-0.000663649
0.000114216
9.3477e-05
0.000847256
6.91274e-05
0.0008815
-9.89635e-05
8.81214e-05
0.000938252
-0.00019203
0.000117753
0.000938901
-0.000173664
0.000129341
0.000608299
-4.69516e-05
0.000173766
-0.0015658
2.02001e-09
-5.7565e-05
-0.004251
4.69771e-05
-5.75728e-05
-0.004251
0.00017367
0.00017367
-0.00156572
0.000192016
0.000129328
0.000608274
9.89604e-05
0.000117745
0.000938889
8.81193e-05
0.000938244
-6.9452e-05
7.7929e-05
0.000935929
-0.000125761
9.97511e-05
0.000930612
-0.000129339
0.000125752
0.000821672
-7.67919e-05
0.000192053
0.000608224
1.16182e-08
0.00022285
-0.000663669
7.6809e-05
0.000222848
-0.000663649
0.000129328
0.000192016
0.000608274
0.00012575
0.00012575
0.000821664
6.94482e-05
9.97465e-05
0.000930612
7.79278e-05
0.00093593
-5.47853e-05
4.36976e-05
0.000961308
-9.97481e-05
5.47863e-05
0.000959451
-0.000117749
6.94492e-05
0.000930619
-9.34722e-05
9.89727e-05
0.000938895
5.11651e-09
0.000114216
0.000847244
9.3477e-05
0.000114216
0.000847256
0.000117745
9.89604e-05
0.000938889
9.97465e-05
6.94482e-05
0.000930612
5.47845e-05
5.47845e-05
0.000959452
4.36973e-05
0.00096131
-4.36979e-05
0.000959699
-7.79286e-05
0.000961306
-8.8121e-05
0.000935931
-6.91233e-05
0.000938244
2.89932e-09
0.000881501
6.91274e-05
0.0008815
8.81193e-05
0.000938244
7.79278e-05
0.00093593
4.36973e-05
0.00096131
0.000959702
-4.49068e-05
-4.49068e-05
0.00104951
-8.1582e-05
-5.62163e-05
0.0010542
-9.22825e-05
-7.51618e-05
0.00102179
-7.73315e-05
-0.000105724
0.00102902
2.47818e-09
-0.000135899
0.000940076
7.73344e-05
-0.000135897
0.000940073
9.22809e-05
-0.000105714
0.00102902
8.15815e-05
-7.51621e-05
0.00102179
4.49065e-05
-5.62149e-05
0.0010542
-4.49068e-05
0.00104951
-5.62163e-05
-8.1582e-05
0.0010542
-0.000104249
-0.000104249
0.00105552
-0.000121733
-0.000141523
0.00101446
-0.000102646
-0.000214372
0.00102847
4.83146e-09
-0.000277952
0.000886646
0.000102647
-0.000277942
0.000886655
0.00012173
-0.000214348
0.00102845
0.000104249
-0.000141526
0.00101446
5.62162e-05
-0.000104246
0.00105551
-8.15815e-05
0.0010542
-7.51618e-05
-9.22825e-05
0.00102179
-0.000141523
-0.000121733
0.00101446
-0.000156962
-0.000156962
0.000852561
-0.000144876
-0.000178586
0.00056038
1.04768e-08
2.01571e-05
-0.00110663
0.000144887
2.01666e-05
-0.00110659
0.000156954
-0.000178519
0.000560403
0.000141514
-0.000156957
0.000852543
7.51594e-05
-0.000121727
0.00101445
-9.22811e-05
0.00102179
-0.000105724
-7.73315e-05
0.00102902
-0.000214372
-0.000102646
0.00102847
-0.000178586
-0.000144876
0.00056038
-5.76737e-05
-5.76737e-05
-0.00180772
-1.81319e-09
0.000175936
-0.00446424
5.7694e-05
0.000175934
-0.00446425
0.00017861
-5.76101e-05
-0.00180763
0.00021437
-0.000144856
0.000560363
0.000105726
-0.000102631
0.00102844
-7.73254e-05
0.00102901
-0.000135899
2.48115e-09
0.000940076
-0.000277952
4.83497e-09
0.000886646
2.01571e-05
1.04782e-08
-0.00110663
0.000175936
-1.81414e-09
-0.00446424
1.38934e-10
1.3879e-10
-0.00507811
-0.000175937
1.11156e-10
-0.00507811
-2.02226e-05
-1.88226e-09
-0.00446432
0.000277879
9.28189e-09
-0.00110664
0.000135879
5.38654e-09
0.000886609
3.05794e-09
0.000940052
-0.000135897
7.73344e-05
0.000940073
-0.000277942
0.000102648
0.000886655
2.01666e-05
0.000144887
-0.00110659
0.000175934
5.7694e-05
-0.00446425
1.11296e-10
-0.000175937
-0.00507811
-0.000175932
-0.000175932
-0.00507811
-2.02274e-05
5.76314e-05
-0.00446434
0.000277874
0.000144867
-0.00110661
0.000135878
0.000102633
0.000886624
7.7329e-05
0.000940051
-0.000105714
9.22809e-05
0.00102902
-0.000214348
0.00012173
0.00102845
-0.000178519
0.000156954
0.000560403
-5.76101e-05
0.00017861
-0.00180763
-1.88155e-09
-2.02227e-05
-0.00446432
5.76314e-05
-2.02274e-05
-0.00446434
0.000178543
0.000178543
-0.00180755
0.000214346
0.00015695
0.000560389
0.000105716
0.000121723
0.00102843
9.228e-05
0.00102901
-7.51621e-05
8.15815e-05
0.00102179
-0.000141526
0.000104249
0.00101446
-0.000156957
0.000141514
0.000852543
-0.000144856
0.00021437
0.000560363
9.28021e-09
0.000277879
-0.00110664
0.000144867
0.000277874
-0.00110661
0.00015695
0.000214346
0.000560389
0.000141517
0.000141517
0.000852529
7.51595e-05
0.000104245
0.00101445
8.1581e-05
0.00102179
-5.62149e-05
4.49065e-05
0.0010542
-0.000104246
5.62162e-05
0.00105551
-0.000121727
7.51594e-05
0.00101445
-0.000102631
0.000105726
0.00102844
5.38294e-09
0.000135879
0.000886609
0.000102633
0.000135878
0.000886624
0.000121723
0.000105716
0.00102843
0.000104245
7.51595e-05
0.00101445
5.62148e-05
5.62148e-05
0.00105551
4.49064e-05
0.0010542
-4.49068e-05
0.00104951
-8.15815e-05
0.0010542
-9.22811e-05
0.00102179
-7.73254e-05
0.00102901
3.05491e-09
0.000940052
7.7329e-05
0.000940051
9.228e-05
0.00102901
8.1581e-05
0.00102179
4.49064e-05
0.0010542
0.00104951
-4.62924e-05
-4.62924e-05
0.00114209
-8.59121e-05
-5.81189e-05
0.00115193
-9.86021e-05
-8.49361e-05
0.00111942
-8.92388e-05
-0.000118729
0.00113839
2.10225e-09
-0.000185205
0.00103604
8.92411e-05
-0.000185203
0.00103604
9.86012e-05
-0.000118724
0.00113838
8.59123e-05
-8.4938e-05
0.00111942
4.62925e-05
-5.81185e-05
0.00115194
-4.62928e-05
0.0011421
-5.81189e-05
-8.59121e-05
0.00115193
-0.000110122
-0.000110122
0.00115952
-0.000129519
-0.000167125
0.00111605
-0.000119662
-0.000246634
0.00114652
3.45616e-09
-0.000336171
0.000917946
0.000119661
-0.000336161
0.000917955
0.000129516
-0.000246628
0.0011465
0.000110123
-0.000167133
0.00111604
5.81197e-05
-0.000110122
0.00115952
-8.59128e-05
0.00115194
-8.49361e-05
-9.86021e-05
0.00111942
-0.000167125
-0.000129519
0.00111605
-0.000216298
-0.000216298
0.000950907
-0.000257094
-0.000178553
0.000533094
4.66316e-09
-8.23521e-05
-0.00161755
0.000257099
-8.23425e-05
-0.0016175
0.000216297
-0.000178532
0.000533109
0.000167122
-0.000216304
0.000950889
8.49357e-05
-0.000129517
0.00111604
-9.86026e-05
0.00111942
-0.000118729
-8.92389e-05
0.00113839
-0.000246634
-0.000119662
0.00114652
-0.000178552
-0.000257094
0.000533094
-4.73521e-05
-4.73521e-05
-0.00207012
-1.75077e-09
5.5389e-05
-0.00464933
4.73584e-05
5.53878e-05
-0.00464934
0.000178575
-4.73264e-05
-0.00207005
0.000246645
-0.0002571
0.000533088
0.000118735
-0.000119654
0.00114649
-8.92351e-05
0.00113838
-0.000185205
2.10497e-09
0.00103604
-0.000336171
3.4603e-09
0.000917946
-8.23521e-05
4.66642e-09
-0.00161755
5.5389e-05
-1.7514e-09
-0.00464933
-5.51223e-11
-5.5191e-11
-0.00496733
-5.53897e-05
3.22767e-11
-0.00496733
8.23306e-05
-1.52783e-09
-0.00464936
0.000336145
3.81927e-09
-0.00161755
0.000185196
4.70467e-09
0.000917899
3.01429e-09
0.00103601
-0.000185203
8.92411e-05
0.00103604
-0.000336161
0.000119661
0.000917955
-8.23425e-05
0.000257099
-0.0016175
5.53877e-05
4.73584e-05
-0.00464934
3.2347e-11
-5.53897e-05
-0.00496733
-5.53851e-05
-5.53852e-05
-0.00496734
8.23244e-05
4.73332e-05
-0.00464938
0.000336136
0.000257105
-0.00161752
0.000185194
0.000119653
0.000917918
8.9238e-05
0.00103601
-0.000118724
9.86013e-05
0.00113838
-0.000246628
0.000129516
0.0011465
-0.000178532
0.000216297
0.000533109
-4.73264e-05
0.000178575
-0.00207005
-1.52719e-09
8.23306e-05
-0.00464936
4.73332e-05
8.23244e-05
-0.00464938
0.000178554
0.000178554
-0.00206999
0.000246638
0.000216303
0.000533107
0.000118729
0.000129514
0.00114648
9.86021e-05
0.00113837
-8.4938e-05
8.59123e-05
0.00111942
-0.000167133
0.000110123
0.00111604
-0.000216304
0.000167122
0.000950889
-0.0002571
0.000246645
0.000533088
3.81558e-09
0.000336145
-0.00161755
0.000257105
0.000336136
-0.00161752
0.000216303
0.000246638
0.000533107
0.000167129
0.000167129
0.000950876
8.49372e-05
0.000110123
0.00111603
8.59129e-05
0.00111941
-5.81185e-05
4.62925e-05
0.00115194
-0.000110122
5.81197e-05
0.00115952
-0.000129517
8.49357e-05
0.00111604
-0.000119654
0.000118735
0.00114649
4.70028e-09
0.000185196
0.000917899
0.000119653
0.000185194
0.000917918
0.000129514
0.000118729
0.00114648
0.000110123
8.49372e-05
0.00111603
5.81191e-05
5.81191e-05
0.00115952
4.62927e-05
0.00115194
-4.62928e-05
0.0011421
-8.59128e-05
0.00115194
-9.86026e-05
0.00111942
-8.92351e-05
0.00113838
3.01119e-09
0.00103601
8.9238e-05
0.00103601
9.86021e-05
0.00113837
8.59129e-05
0.00111941
4.62927e-05
0.00115194
0.0011421
-4.72003e-05
-4.72003e-05
0.0012365
-8.93105e-05
-5.94374e-05
0.00125348
-0.000104807
-9.50404e-05
0.00122996
-0.000101906
-0.000130832
0.00126632
1.54325e-09
-0.00023777
0.0011719
0.000101908
-0.00023777
0.0011719
0.000104807
-0.000130833
0.00126632
8.93115e-05
-9.5044e-05
0.00122996
4.72007e-05
-5.94381e-05
0.00125349
-4.72012e-05
0.0012365
-5.94374e-05
-8.93105e-05
0.00125348
-0.000114826
-0.000114826
0.0012703
-0.000138289
-0.000192486
0.00123696
-0.000142991
-0.0002627
0.00128309
1.17512e-09
-0.000329286
0.000866471
0.000142988
-0.000329282
0.000866482
0.000138288
-0.000262712
0.00128308
0.000114829
-0.000192499
0.00123696
5.94389e-05
-0.000114829
0.0012703
-8.93126e-05
0.00125349
-9.50404e-05
-0.000104807
0.00122996
-0.000192486
-0.000138289
0.00123696
-0.000275062
-0.000275062
0.00111606
-0.000309087
-0.000157464
0.000461883
-1.83511e-09
-8.79172e-05
-0.002168
0.000309087
-8.79124e-05
-0.00216796
0.000275066
-0.00015748
0.000461898
0.000192489
-0.000275082
0.00111605
9.50423e-05
-0.000138295
0.00123695
-0.00010481
0.00122996
-0.000130832
-0.000101906
0.00126632
-0.0002627
-0.000142991
0.00128309
-0.000157464
-0.000309087
0.000461883
-2.67756e-05
-2.67756e-05
-0.0023315
-1.86407e-09
-1.23643e-06
-0.00476279
2.67716e-05
-1.23811e-06
-0.00476279
0.000157486
-2.67741e-05
-0.00233147
0.000262726
-0.000309113
0.000461878
0.000130843
-0.000142993
0.00128307
-0.000101906
0.00126632
-0.00023777
1.54642e-09
0.0011719
-0.000329286
1.17997e-09
0.000866471
-8.79172e-05
-1.83196e-09
-0.002168
-1.23643e-06
-1.86458e-09
-0.00476279
-1.60829e-10
-1.60862e-10
-0.0049698
1.2342e-06
3.49784e-10
-0.0049698
8.79151e-05
-1.46808e-09
-0.00476282
0.000329298
-1.34018e-09
-0.00216805
0.000237778
3.44962e-09
0.000866423
2.93355e-09
0.00117188
-0.00023777
0.000101908
0.0011719
-0.000329282
0.000142988
0.000866482
-8.79124e-05
0.000309087
-0.00216796
-1.23812e-06
2.67716e-05
-0.00476279
3.49794e-10
1.23419e-06
-0.0049698
1.24125e-06
1.24124e-06
-0.00496982
8.79139e-05
2.67701e-05
-0.00476282
0.000329292
0.000309113
-0.00216801
0.000237776
0.00014299
0.000866447
0.000101908
0.00117188
-0.000130833
0.000104807
0.00126632
-0.000262712
0.000138288
0.00128308
-0.00015748
0.000275066
0.000461898
-2.67741e-05
0.000157486
-0.00233147
-1.46751e-09
8.79151e-05
-0.00476282
2.67701e-05
8.79139e-05
-0.00476282
0.000157499
0.000157499
-0.00233145
0.000262735
0.000275086
0.000461898
0.000130843
0.000138293
0.00128307
0.00010481
0.00126632
-9.5044e-05
8.93115e-05
0.00122996
-0.000192499
0.000114829
0.00123696
-0.000275082
0.000192489
0.00111605
-0.000309113
0.000262726
0.000461878
-1.3435e-09
0.000329298
-0.00216805
0.000309113
0.000329292
-0.00216801
0.000275086
0.000262735
0.000461898
0.000192501
0.000192501
0.00111605
9.50452e-05
0.000114831
0.00123695
8.93133e-05
0.00122996
-5.94381e-05
4.72007e-05
0.00125349
-0.000114829
5.94389e-05
0.0012703
-0.000138295
9.50423e-05
0.00123695
-0.000142993
0.000130843
0.00128307
3.4446e-09
0.000237778
0.000866423
0.00014299
0.000237776
0.000866447
0.000138293
0.000130843
0.00128307
0.000114831
9.50452e-05
0.00123695
5.94394e-05
5.94394e-05
0.0012703
4.72014e-05
0.00125349
-4.72012e-05
0.0012365
-8.93126e-05
0.00125349
-0.00010481
0.00122996
-0.000101906
0.00126632
2.93008e-09
0.00117188
0.000101908
0.00117188
0.00010481
0.00126632
8.93133e-05
0.00122996
4.72014e-05
0.00125349
0.0012365
-4.67828e-05
-4.67828e-05
0.00133006
-8.99925e-05
-5.90545e-05
0.00135575
-0.000108313
-0.000101221
0.0013495
-0.000112694
-0.000137862
0.00140856
1.07237e-09
-0.000266524
0.00132573
0.000112695
-0.000266525
0.00132573
0.000108313
-0.000137867
0.00140857
8.99941e-05
-0.000101226
0.0013495
4.67836e-05
-5.90562e-05
0.00135575
-4.6784e-05
0.00133007
-5.90545e-05
-8.99925e-05
0.00135575
-0.000116232
-0.000116232
0.00138466
-0.000145998
-0.000207069
0.00137257
-0.000170067
-0.000257942
0.00142724
-5.42791e-10
-0.000286663
0.000716543
0.000170064
-0.000286664
0.000716556
0.000145998
-0.000257967
0.00142725
0.000116236
-0.000207087
0.00137258
5.90566e-05
-0.000116238
0.00138466
-8.99954e-05
0.00135575
-0.000101221
-0.000108313
0.0013495
-0.000207069
-0.000145998
0.00137257
-0.000301722
-0.000301722
0.00130536
-0.000287943
-0.000137431
0.000327592
-4.59576e-09
-5.37853e-05
-0.00268882
0.000287939
-5.37844e-05
-0.00268879
0.00030173
-0.000137465
0.000327605
0.000207077
-0.000301756
0.00130537
0.000101225
-0.00014601
0.00137257
-0.000108317
0.0013495
-0.000137862
-0.000112694
0.00140856
-0.000257942
-0.000170067
0.00142724
-0.000137431
-0.000287943
0.000327592
-2.24066e-05
-2.24066e-05
-0.00256155
-1.63768e-09
-3.05129e-06
-0.00483593
2.24005e-05
-3.05214e-06
-0.00483592
0.000137456
-2.2416e-05
-0.00256158
0.000257978
-0.000287973
0.000327573
0.000137877
-0.00017008
0.00142724
-0.000112696
0.00140858
-0.000266524
1.0753e-09
0.00132573
-0.000286663
-5.38868e-10
0.000716543
-5.37853e-05
-4.59515e-09
-0.00268882
-3.05129e-06
-1.63801e-09
-0.00483593
-2.04074e-10
-2.04179e-10
-0.00497591
3.0494e-06
2.34169e-10
-0.00497591
5.37924e-05
-1.14143e-09
-0.00483598
0.000286693
-1.4946e-09
-0.00268892
0.000266547
2.91525e-09
0.000716487
3.03842e-09
0.00132573
-0.000266525
0.000112695
0.00132573
-0.000286664
0.000170064
0.000716556
-5.37844e-05
0.000287939
-0.00268879
-3.05214e-06
2.24005e-05
-0.00483592
2.34266e-10
3.0494e-06
-0.00497591
3.05713e-06
3.05713e-06
-0.00497593
5.37954e-05
2.24085e-05
-0.00483597
0.000286688
0.000287966
-0.00268887
0.000266543
0.000170076
0.000716518
0.000112698
0.00132573
-0.000137867
0.000108313
0.00140857
-0.000257967
0.000145998
0.00142725
-0.000137465
0.00030173
0.000327605
-2.2416e-05
0.000137456
-0.00256158
-1.14106e-09
5.37924e-05
-0.00483598
2.24085e-05
5.37954e-05
-0.00483597
0.000137486
0.000137486
-0.0025616
0.000257998
0.00030176
0.000327591
0.000137881
0.000146009
0.00142725
0.000108318
0.00140858
-0.000101226
8.99941e-05
0.0013495
-0.000207087
0.000116236
0.00137258
-0.000301756
0.000207077
0.00130537
-0.000287973
0.000257978
0.000327573
-1.49559e-09
0.000286693
-0.00268892
0.000287966
0.000286688
-0.00268887
0.00030176
0.000257998
0.000327591
0.000207092
0.000207092
0.00130538
0.000101229
0.000116241
0.00137258
8.99967e-05
0.00134951
-5.90562e-05
4.67836e-05
0.00135575
-0.000116238
5.90566e-05
0.00138466
-0.00014601
0.000101225
0.00137257
-0.000170079
0.000137877
0.00142724
2.91059e-09
0.000266547
0.000716487
0.000170076
0.000266543
0.000716518
0.000146009
0.000137881
0.00142725
0.000116241
0.000101229
0.00137258
5.90578e-05
5.90578e-05
0.00138467
4.67845e-05
0.00135576
-4.6784e-05
0.00133007
-8.99954e-05
0.00135575
-0.000108317
0.0013495
-0.000112696
0.00140858
3.03522e-09
0.00132573
0.000112698
0.00132573
0.000108318
0.00140858
8.99967e-05
0.00134951
4.67845e-05
0.00135576
0.00133007
-4.42357e-05
-4.42357e-05
0.00141853
-8.65004e-05
-5.59819e-05
0.00145399
-0.000107249
-0.000101139
0.00147139
-0.000121058
-0.000136032
0.00155841
9.65685e-10
-0.000278409
0.00148308
0.00012106
-0.00027841
0.00148308
0.00010725
-0.00013604
0.00155841
8.65025e-05
-0.000101145
0.00147139
4.42366e-05
-5.59839e-05
0.001454
-4.42368e-05
0.00141854
-5.59819e-05
-8.65004e-05
0.00145399
-0.000112759
-0.000112759
0.00149821
-0.000152199
-0.000206856
0.00151773
-0.000199925
-0.000235835
0.00157477
-6.23796e-10
-0.00025108
0.00048929
0.000199923
-0.000251083
0.000489305
0.0001522
-0.000235866
0.0015748
0.000112764
-0.000206874
0.00151775
5.5984e-05
-0.000112766
0.00149823
-8.65036e-05
0.00145401
-0.000101139
-0.000107249
0.00147139
-0.000206856
-0.000152199
0.00151773
-0.000297259
-0.000297259
0.00148617
-0.000269119
-0.000116614
0.000180231
-2.3918e-09
-2.31791e-05
-0.00318584
0.000269114
-2.31805e-05
-0.00318581
0.000297266
-0.000116656
0.000180243
0.000206866
-0.000297295
0.00148619
0.000101144
-0.000152214
0.00151774
-0.000107255
0.0014714
-0.000136032
-0.000121058
0.00155841
-0.000235835
-0.000199925
0.00157477
-0.000116614
-0.000269119
0.000180231
-3.39236e-05
-3.39236e-05
-0.00272693
-3.16273e-10
1.27524e-06
-0.0048943
3.39198e-05
1.27529e-06
-0.0048943
0.000116641
-3.39385e-05
-0.00272701
0.000235875
-0.000269145
0.000180189
0.000136049
-0.000199943
0.0015748
-0.000121063
0.00155843
-0.000278409
9.68427e-10
0.00148308
-0.00025108
-6.20731e-10
0.00048929
-2.31791e-05
-2.39226e-09
-0.00318584
1.27524e-06
-3.16265e-10
-0.0048943
-2.16304e-10
-2.16311e-10
-0.00497336
-1.27676e-06
-7.00384e-10
-0.00497335
2.31886e-05
3.49475e-10
-0.00489438
0.000251114
4.75603e-09
-0.00318599
0.000278439
4.24369e-09
0.000489214
3.3348e-09
0.0014831
-0.00027841
0.00012106
0.00148308
-0.000251083
0.000199923
0.000489304
-2.31805e-05
0.000269114
-0.00318581
1.27529e-06
3.39198e-05
-0.0048943
-7.00366e-10
-1.27676e-06
-0.00497335
-1.27453e-06
-1.27454e-06
-0.00497338
2.31931e-05
3.39328e-05
-0.00489437
0.000251103
0.000269135
-0.00318591
0.000278431
0.000199941
0.000489254
0.000121065
0.0014831
-0.00013604
0.00010725
0.00155842
-0.000235866
0.0001522
0.0015748
-0.000116656
0.000297266
0.000180243
-3.39385e-05
0.000116641
-0.00272701
3.49487e-10
2.31886e-05
-0.00489438
3.39328e-05
2.31931e-05
-0.00489437
0.000116677
0.000116677
-0.00272709
0.000235898
0.000297295
0.000180209
0.000136054
0.000152214
0.00157482
0.000107256
0.00155844
-0.000101145
8.65025e-05
0.00147139
-0.000206874
0.000112763
0.00151775
-0.000297295
0.000206866
0.00148619
-0.000269145
0.000235875
0.000180189
4.75657e-09
0.000251114
-0.00318599
0.000269135
0.000251103
-0.00318591
0.000297295
0.000235898
0.000180209
0.000206881
0.000206881
0.00148621
0.000101148
0.000112769
0.00151776
8.65052e-05
0.0014714
-5.59839e-05
4.42366e-05
0.001454
-0.000112766
5.5984e-05
0.00149823
-0.000152214
0.000101144
0.00151774
-0.000199943
0.000136049
0.0015748
4.24019e-09
0.000278439
0.000489214
0.000199941
0.000278431
0.000489255
0.000152214
0.000136054
0.00157482
0.000112769
0.000101148
0.00151776
5.59854e-05
5.59854e-05
0.00149824
4.42374e-05
0.00145401
-4.42368e-05
0.00141854
-8.65036e-05
0.00145401
-0.000107255
0.0014714
-0.000121063
0.00155843
3.33191e-09
0.0014831
0.000121065
0.0014831
0.000107256
0.00155844
8.65052e-05
0.0014714
4.42374e-05
0.00145401
0.00141855
-3.90491e-05
-3.90491e-05
0.00149663
-7.79131e-05
-4.94312e-05
0.00154229
-0.00010136
-9.41505e-05
0.00158898
-0.00012772
-0.000121551
0.00170632
1.30411e-09
-0.000296666
0.00165203
0.000127722
-0.000296666
0.00165203
0.000101361
-0.000121557
0.00170633
7.79153e-05
-9.41545e-05
0.001589
3.90499e-05
-4.94325e-05
0.0015423
-3.90497e-05
0.00149664
-4.94312e-05
-7.79131e-05
0.00154229
-0.000102058
-0.000102058
0.00160346
-0.000156779
-0.000191089
0.00166939
-0.000237775
-0.000178314
0.00171253
1.53613e-09
-0.000235875
0.000190722
0.000237777
-0.000235876
0.00019074
0.00015678
-0.000178342
0.00171258
0.000102062
-0.000191105
0.00166942
4.94328e-05
-0.000102063
0.00160349
-7.79154e-05
0.0015423
-9.41505e-05
-0.00010136
0.00158898
-0.000191089
-0.000156779
0.00166939
-0.000284905
-0.000284905
0.0016738
-0.000280758
-5.91512e-05
5.69208e-05
2.13173e-09
-3.2976e-05
-0.00366949
0.000280759
-3.29698e-05
-0.00366947
0.000284911
-5.91933e-05
5.69425e-05
0.000191099
-0.000284932
0.00167383
9.41548e-05
-0.000156794
0.00166942
-0.000101365
0.001589
-0.000121551
-0.00012772
0.00170632
-0.000178314
-0.000237775
0.00171253
-5.91512e-05
-0.000280758
5.69208e-05
-3.85097e-05
-3.85097e-05
-0.00276821
1.84332e-09
-3.04999e-05
-0.00493529
3.8513e-05
-3.04915e-05
-0.00493529
5.91764e-05
-3.85323e-05
-0.00276834
0.000178347
-0.000280767
5.68532e-05
0.000121565
-0.000237796
0.00171258
-0.000127725
0.00170636
-0.000296666
1.30605e-09
0.00165203
-0.000235875
1.5381e-09
0.000190722
-3.2976e-05
2.13255e-09
-0.00366949
-3.04999e-05
1.84328e-09
-0.00493529
-3.05725e-10
-3.05669e-10
-0.00503436
3.05036e-05
1.24971e-09
-0.00503435
3.29964e-05
3.0322e-09
-0.00493541
0.000235904
1.13467e-08
-0.00366968
0.000296695
7.15659e-09
0.000190621
3.47553e-09
0.00165206
-0.000296666
0.000127722
0.00165203
-0.000235876
0.000237777
0.00019074
-3.29698e-05
0.000280759
-0.00366947
-3.04915e-05
3.8513e-05
-0.00493529
1.24968e-09
3.05036e-05
-0.00503435
3.04717e-05
3.04717e-05
-0.00503433
3.29603e-05
3.85354e-05
-0.00493539
0.000235889
0.000280764
-0.00366959
0.000296682
0.000237797
0.000190672
0.000127728
0.00165206
-0.000121557
0.000101361
0.00170633
-0.000178342
0.00015678
0.00171258
-5.91934e-05
0.000284911
5.69424e-05
-3.85323e-05
5.91764e-05
-0.00276834
3.03226e-09
3.29964e-05
-0.00493541
3.85354e-05
3.29603e-05
-0.00493539
5.92135e-05
5.92135e-05
-0.00276845
0.000178367
0.000284926
5.68935e-05
0.000121568
0.000156792
0.00171263
0.000101365
0.00170637
-9.41545e-05
7.79153e-05
0.001589
-0.000191105
0.000102062
0.00166942
-0.000284932
0.000191099
0.00167383
-0.000280767
0.000178347
5.68533e-05
1.13459e-08
0.000235904
-0.00366968
0.000280764
0.000235889
-0.00366959
0.000284926
0.000178367
5.68936e-05
0.000191111
0.000191111
0.00167384
9.4157e-05
0.000102066
0.00166944
7.79172e-05
0.00158901
-4.94325e-05
3.90499e-05
0.0015423
-0.000102063
4.94328e-05
0.00160349
-0.000156794
9.41548e-05
0.00166942
-0.000237796
0.000121565
0.00171258
7.15436e-09
0.000296695
0.000190621
0.000237797
0.000296682
0.000190672
0.000156792
0.000121568
0.00171263
0.000102066
9.4157e-05
0.00166944
4.94335e-05
4.94335e-05
0.0016035
3.90503e-05
0.00154231
-3.90497e-05
0.00149664
-7.79154e-05
0.0015423
-0.000101365
0.001589
-0.000127725
0.00170636
3.4736e-09
0.00165206
0.000127728
0.00165206
0.000101365
0.00170637
7.79172e-05
0.00158901
3.90503e-05
0.00154231
0.00149665
-3.07791e-05
-3.07791e-05
0.00155819
-6.27321e-05
-3.82733e-05
0.00161251
-8.88361e-05
-7.7587e-05
0.00169267
-0.0001297
-8.88394e-05
0.00183602
2.17395e-09
-0.000313531
0.00183586
0.000129705
-0.000313531
0.00183586
8.88377e-05
-8.88391e-05
0.00183604
6.27341e-05
-7.75885e-05
0.00169269
3.07796e-05
-3.82729e-05
0.00161253
-3.07788e-05
0.0015582
-3.82733e-05
-6.27321e-05
0.00161251
-8.11433e-05
-8.11433e-05
0.0016892
-0.000157326
-0.00014869
0.00181668
-0.00027702
-6.48844e-05
0.00180826
5.05309e-09
-0.000256721
-0.000143113
0.000277027
-0.000256721
-0.000143093
0.000157326
-6.48817e-05
0.00180832
8.11453e-05
-0.000148698
0.00181671
3.82737e-05
-8.11447e-05
0.00168923
-6.27324e-05
0.00161253
-7.7587e-05
-8.88361e-05
0.00169267
-0.00014869
-0.000157326
0.00181668
-0.000255303
-0.000255303
0.00188703
-0.000265434
5.48708e-05
-5.27034e-05
4.19301e-09
-0.000170379
-0.00402128
0.000265444
-0.000170369
-0.00402126
0.000255309
5.48431e-05
-5.26471e-05
0.000148696
-0.00025531
0.00188705
7.75894e-05
-0.000157335
0.00181672
-8.88379e-05
0.0016927
-8.88394e-05
-0.0001297
0.00183602
-6.48844e-05
-0.00027702
0.00180826
5.48708e-05
-0.000265434
-5.27035e-05
-5.03799e-06
-5.03798e-06
-0.00264839
3.43295e-09
-0.000131774
-0.00497894
5.05507e-06
-0.000131767
-0.00497894
-5.48597e-05
-5.08125e-06
-0.0026485
6.48909e-05
-0.000265434
-5.27738e-05
8.88434e-05
-0.000277038
0.00180833
-0.000129705
0.00183607
-0.000313531
2.17502e-09
0.00183586
-0.000256721
5.05415e-09
-0.000143113
-0.000170379
4.19372e-09
-0.00402128
-0.000131774
3.43224e-09
-0.00497894
6.16124e-10
6.16478e-10
-0.0052979
0.000131781
3.74981e-09
-0.0052979
0.000170403
4.47915e-09
-0.00497912
0.000256743
6.46528e-09
-0.00402146
0.000313549
8.19153e-09
-0.000143232
2.85104e-09
0.00183591
-0.000313531
0.000129705
0.00183586
-0.000256721
0.000277027
-0.000143094
-0.000170369
0.000265444
-0.00402126
-0.000131767
5.05505e-06
-0.00497894
3.74946e-09
0.000131781
-0.0052979
0.00013175
0.00013175
-0.00529782
0.00017036
5.0955e-06
-0.00497909
0.000256731
0.000265446
-0.00402141
0.000313543
0.000277047
-0.000143178
0.000129711
0.00183589
-8.88391e-05
8.88377e-05
0.00183604
-6.48817e-05
0.000157326
0.00180832
5.48431e-05
0.000255309
-5.26472e-05
-5.08126e-06
-5.48597e-05
-0.0026485
4.47988e-09
0.000170403
-0.00497912
5.09552e-06
0.00017036
-0.00497909
-5.48378e-05
-5.48378e-05
-0.00264858
6.48848e-05
0.000255312
-5.26943e-05
8.88415e-05
0.000157333
0.00180838
8.88392e-05
0.00183608
-7.75885e-05
6.2734e-05
0.00169269
-0.000148698
8.11453e-05
0.00181671
-0.00025531
0.000148696
0.00188705
-0.000265434
6.4891e-05
-5.27738e-05
6.46464e-09
0.000256743
-0.00402146
0.000265446
0.000256731
-0.00402141
0.000255312
6.48848e-05
-5.26942e-05
0.000148702
0.000148702
0.00188706
7.75898e-05
8.11464e-05
0.00181674
6.27343e-05
0.0016927
-3.82729e-05
3.07796e-05
0.00161253
-8.11447e-05
3.82737e-05
0.00168923
-0.000157335
7.75894e-05
0.00181672
-0.000277038
8.88434e-05
0.00180833
8.19054e-09
0.000313549
-0.000143232
0.000277047
0.000313543
-0.000143178
0.000157333
8.88415e-05
0.00180838
8.11464e-05
7.75898e-05
0.00181674
3.82729e-05
3.82729e-05
0.00168925
3.07792e-05
0.00161254
-3.07788e-05
0.0015582
-6.27324e-05
0.00161253
-8.8838e-05
0.0016927
-0.000129705
0.00183607
2.85008e-09
0.00183591
0.000129711
0.00183589
8.88392e-05
0.00183608
6.27343e-05
0.0016927
3.07792e-05
0.00161254
0.00155821
-1.9502e-05
-1.9502e-05
0.00159719
-4.04424e-05
-2.2137e-05
0.00165559
-6.67585e-05
-4.68798e-05
0.00176587
-0.000118571
-3.29997e-05
0.00192083
3.34469e-09
-0.000270394
0.00198767
0.000118578
-0.000270395
0.00198768
6.67604e-05
-3.29922e-05
0.00192085
4.04438e-05
-4.68779e-05
0.00176588
1.95021e-05
-2.21341e-05
0.0016556
-1.95005e-05
0.0015972
-2.2137e-05
-4.04424e-05
0.00165559
-4.72272e-05
-4.72272e-05
0.00173938
-0.000143428
-6.77377e-05
0.00193373
-0.000273774
5.24268e-05
0.00185318
7.70941e-09
-0.000264888
-0.000422401
0.000273788
-0.000264886
-0.000422382
0.000143427
5.24687e-05
0.00185322
4.72257e-05
-6.77326e-05
0.00193376
2.21359e-05
-4.72218e-05
0.00173941
-4.04398e-05
0.00165561
-4.68798e-05
-6.67585e-05
0.00176587
-6.77377e-05
-0.000143428
0.00193373
-0.000158264
-0.000158264
0.00206808
-0.000179912
0.000131005
-0.000109634
3.57438e-09
-0.000321833
-0.00414425
0.000179924
-0.000321827
-0.00414424
0.000158263
0.000131052
-0.00010957
6.77369e-05
-0.000158258
0.00206811
4.68792e-05
-0.000143424
0.00193378
-6.67559e-05
0.00176589
-3.29997e-05
-0.000118571
0.00192083
5.24268e-05
-0.000273774
0.00185318
0.000131005
-0.000179912
-0.000109634
1.98733e-05
1.98734e-05
-0.00242613
3.71081e-09
-0.000191647
-0.00508925
-1.98672e-05
-0.000191646
-0.00508925
-0.00013104
1.98692e-05
-0.00242614
-5.24577e-05
-0.00017992
-0.000109694
3.2991e-05
-0.000273778
0.00185324
-0.000118574
0.00192088
-0.000270394
3.34498e-09
0.00198767
-0.000264888
7.70996e-09
-0.000422401
-0.000321833
3.57355e-09
-0.00414425
-0.000191647
3.70975e-09
-0.00508925
3.21119e-09
3.21227e-09
-0.00568121
0.000191658
3.45796e-09
-0.00568121
0.000321841
4.22342e-09
-0.00508943
0.000264903
1.53746e-09
-0.00414444
0.000270402
5.6365e-09
-0.000422515
2.31016e-09
0.00198773
-0.000270395
0.000118578
0.00198768
-0.000264886
0.000273788
-0.000422382
-0.000321827
0.000179924
-0.00414424
-0.000191646
-1.98672e-05
-0.00508925
3.45677e-09
0.000191658
-0.00568121
0.000191654
0.000191654
-0.00568112
0.000321825
-1.98642e-05
-0.0050894
0.000264905
0.000179939
-0.00414442
0.000270412
0.000273794
-0.000422475
0.000118582
0.00198772
-3.29922e-05
6.67603e-05
0.00192085
5.24687e-05
0.000143427
0.00185322
0.000131052
0.000158263
-0.00010957
1.98692e-05
-0.00013104
-0.00242614
4.22446e-09
0.000321841
-0.00508943
-1.98641e-05
0.000321825
-0.0050894
-0.000131089
-0.000131089
-0.00242613
-5.24945e-05
0.000158266
-0.000109615
3.2986e-05
0.000143423
0.00185327
6.67584e-05
0.00192089
-4.6878e-05
4.04438e-05
0.00176588
-6.77326e-05
4.72257e-05
0.00193376
-0.000158258
6.77369e-05
0.00206811
-0.00017992
-5.24576e-05
-0.000109694
1.53815e-09
0.000264903
-0.00414444
0.000179939
0.000264905
-0.00414442
0.000158266
-5.24945e-05
-0.000109615
6.77355e-05
6.77354e-05
0.00206812
4.68781e-05
4.7221e-05
0.0019338
4.04417e-05
0.0017659
-2.21341e-05
1.95021e-05
0.0016556
-4.72218e-05
2.21359e-05
0.00173941
-0.000143424
4.68792e-05
0.00193378
-0.000273778
3.29911e-05
0.00185324
5.63572e-09
0.000270402
-0.000422515
0.000273794
0.000270412
-0.000422475
0.000143423
3.2986e-05
0.00185327
4.7221e-05
4.68781e-05
0.0019338
2.21332e-05
2.21332e-05
0.00173943
1.95007e-05
0.00165562
-1.95005e-05
0.0015972
-4.04399e-05
0.00165561
-6.67559e-05
0.00176589
-0.000118574
0.00192088
2.30991e-09
0.00198773
0.000118582
0.00198772
6.67584e-05
0.00192089
4.04417e-05
0.0017659
1.95007e-05
0.00165562
0.00159721
-6.32323e-06
-6.32323e-06
0.00160984
-1.24e-05
-1.28952e-06
0.00166296
-3.21627e-05
-1.93581e-06
0.00178757
-8.74496e-05
5.75251e-05
0.00191859
4.51266e-09
-0.000149663
0.00204988
8.74597e-05
-0.000149663
0.00204988
3.21648e-05
5.75425e-05
0.0019186
1.24007e-05
-1.93077e-06
0.00178758
6.32305e-06
-1.2842e-06
0.00166296
-6.32061e-06
0.00160984
-1.28953e-06
-1.24e-05
0.00166296
-7.42253e-07
-7.42232e-07
0.00173829
-9.01053e-05
4.73569e-05
0.00197381
-0.000181645
0.0001739
0.00182835
7.4125e-09
-0.0002198
-0.000533916
0.000181661
-0.000219796
-0.000533903
9.01036e-05
0.000173973
0.00182835
7.36566e-07
4.73769e-05
0.00197382
1.28711e-06
-7.25855e-07
0.0017383
-1.23944e-05
0.00166297
-1.93582e-06
-3.21627e-05
0.00178757
4.73568e-05
-9.01053e-05
0.00197381
4.75302e-06
4.75308e-06
0.00215329
-5.28116e-05
0.000114683
7.14686e-06
2.55187e-09
-0.000365796
-0.00405106
5.28231e-05
-0.000365792
-0.00405106
-4.7608e-06
0.000114822
7.16496e-06
-4.73675e-05
4.77278e-06
0.00215332
1.93349e-06
-9.00827e-05
0.00197383
-3.21544e-05
0.00178759
5.75252e-05
-8.74495e-05
0.00191859
0.0001739
-0.000181645
0.00182835
0.000114683
-5.28115e-05
7.14692e-06
1.01993e-05
1.01993e-05
-0.00221716
1.64424e-09
-0.000121003
-0.00532385
-1.02115e-05
-0.000121004
-0.00532383
-0.000114757
1.02704e-05
-0.00221705
-0.000173968
-5.28077e-05
7.09753e-06
-5.75483e-05
-0.000181628
0.00182836
-8.74471e-05
0.00191862
-0.000149663
4.51238e-09
0.00204988
-0.0002198
7.41306e-09
-0.000533916
-0.000365796
2.55015e-09
-0.00405106
-0.000121003
1.64385e-09
-0.00532385
6.01887e-09
6.02063e-09
-0.00592322
0.000121017
2.54524e-09
-0.00592322
0.0003658
2.7094e-09
-0.00532395
0.000219803
1.6489e-09
-0.00405126
0.000149654
2.73642e-09
-0.000533996
2.46265e-09
0.00204993
-0.000149663
8.74597e-05
0.00204988
-0.000219796
0.000181661
-0.000533903
-0.000365792
5.28231e-05
-0.00405106
-0.000121004
-1.02115e-05
-0.00532383
2.54329e-09
0.000121017
-0.00592322
0.000121015
0.000121015
-0.00592314
0.000365795
-1.0279e-05
-0.0053239
0.000219806
5.2826e-05
-0.00405126
0.000149666
0.000181646
-0.000533979
8.74573e-05
0.00204994
5.75425e-05
3.21648e-05
0.0019186
0.000173973
9.01035e-05
0.00182835
0.000114822
-4.76086e-06
7.16498e-06
1.02703e-05
-0.000114757
-0.00221705
2.70957e-09
0.0003658
-0.00532395
-1.02789e-05
0.000365795
-0.0053239
-0.000114889
-0.000114889
-0.00221691
-0.000174031
-4.769e-06
7.12093e-06
-5.75604e-05
9.00849e-05
0.00182837
3.21579e-05
0.00191863
-1.93077e-06
1.24007e-05
0.00178758
4.73769e-05
7.36547e-07
0.00197382
4.77271e-06
-4.73675e-05
0.00215332
-5.28077e-05
-0.000173968
7.09744e-06
1.65067e-09
0.000219803
-0.00405126
5.2826e-05
0.000219806
-0.00405126
-4.76893e-06
-0.000174031
7.12088e-06
-4.73815e-05
-4.73816e-05
0.00215335
1.93044e-06
7.217e-07
0.00197385
1.23959e-05
0.00178759
-1.28421e-06
6.32304e-06
0.00166297
-7.25878e-07
1.28711e-06
0.0017383
-9.00828e-05
1.93348e-06
0.00197383
-0.000181628
-5.75483e-05
0.00182836
2.73582e-09
0.000149654
-0.000533996
0.000181646
0.000149666
-0.000533979
9.0085e-05
-5.75604e-05
0.00182837
7.2172e-07
1.93043e-06
0.00197385
1.2824e-06
1.28239e-06
0.00173831
6.32073e-06
0.00166297
-6.32061e-06
0.00160984
-1.23944e-05
0.00166297
-3.21545e-05
0.00178759
-8.74471e-05
0.00191862
2.46288e-09
0.00204993
8.74573e-05
0.00204994
3.21579e-05
0.00191863
1.23959e-05
0.00178759
6.32073e-06
0.00166297
0.00160985
8.46046e-06
8.46047e-06
0.00159292
1.7716e-05
2.22285e-05
0.00163147
8.53644e-06
4.51639e-05
0.00175158
-4.41456e-05
0.00014689
0.00182439
4.73982e-09
-1.20682e-05
0.0020178
4.41558e-05
-1.20681e-05
0.0020178
-8.53367e-06
0.000146909
0.00182438
-1.77156e-05
4.51707e-05
0.00175159
-8.46089e-06
2.22359e-05
0.00163147
8.46424e-06
0.00159292
2.22285e-05
1.77161e-05
0.00163147
4.88808e-05
4.88809e-05
0.00168498
5.87487e-06
0.000157594
0.00190438
-4.42632e-05
0.000304514
0.00172086
5.41403e-09
-0.000153911
-0.000436342
4.42771e-05
-0.00015391
-0.000436333
-5.87336e-06
0.000304586
0.00172082
-4.88861e-05
0.000157622
0.00190438
-2.22317e-05
4.88981e-05
0.00168498
1.7724e-05
0.00163148
4.51639e-05
8.53647e-06
0.00175158
0.000157594
5.8749e-06
0.00190438
0.000184687
0.000184687
0.0020991
0.00010798
0.000154283
0.000234084
1.14758e-09
-0.000269244
-0.00382775
-0.00010797
-0.000269246
-0.00382776
-0.000184693
0.000154418
0.000234056
-0.000157607
0.000184735
0.00209912
-4.51669e-05
5.89543e-06
0.00190439
8.54999e-06
0.00175159
0.00014689
-4.41456e-05
0.00182439
0.000304514
-4.42631e-05
0.00172086
0.000154283
0.00010798
0.000234084
9.44594e-05
9.44594e-05
-0.00209751
-9.312e-09
-3.4863e-05
-0.00546376
-9.45029e-05
-3.48653e-05
-0.00546372
-0.000154374
9.45473e-05
-0.00209731
-0.000304589
0.000108024
0.000234023
-0.000146921
-4.42327e-05
0.00172082
-4.41375e-05
0.00182439
-1.20682e-05
4.7393e-09
0.0020178
-0.000153911
5.41461e-09
-0.000436342
-0.000269244
1.1458e-09
-0.00382775
-3.4863e-05
-9.30866e-09
-0.00546376
2.08159e-09
2.08052e-09
-0.00599295
3.48536e-05
-1.17328e-09
-0.00599294
0.000269229
-1.00874e-08
-0.00546377
0.000153886
1.40031e-09
-0.00382789
1.20368e-05
3.71964e-09
-0.000436383
3.02793e-09
0.00201783
-1.20681e-05
4.41558e-05
0.0020178
-0.00015391
4.42771e-05
-0.000436333
-0.000269246
-0.00010797
-0.00382776
-3.48653e-05
-9.45028e-05
-0.00546372
-1.17241e-09
3.48536e-05
-0.00599294
3.48624e-05
3.48624e-05
-0.00599287
0.000269244
-9.45872e-05
-0.0054637
0.000153891
-0.000108007
-0.0038279
1.20436e-05
4.42477e-05
-0.000436375
4.4147e-05
0.00201783
0.000146909
-8.5337e-06
0.00182438
0.000304586
-5.87338e-06
0.00172082
0.000154418
-0.000184693
0.000234056
9.45473e-05
-0.000154374
-0.00209731
-1.00909e-08
0.00026923
-0.00546377
-9.45872e-05
0.000269244
-0.0054637
-0.000154503
-0.000154503
-0.00209708
-0.000304656
-0.000184734
0.000234001
-0.000146938
-5.89223e-06
0.00172079
-8.54615e-06
0.00182439
4.51707e-05
-1.77156e-05
0.00175159
0.000157622
-4.88862e-05
0.00190438
0.000184735
-0.000157607
0.00209912
0.000108024
-0.000304589
0.000234023
1.40217e-09
0.000153886
-0.00382789
-0.000108007
0.000153891
-0.0038279
-0.000184734
-0.000304656
0.000234001
-0.000157631
-0.000157632
0.00209914
-4.51722e-05
-4.89024e-05
0.0019044
-1.77228e-05
0.0017516
2.22359e-05
-8.4609e-06
0.00163147
4.88981e-05
-2.22317e-05
0.00168498
5.8954e-06
-4.51669e-05
0.00190439
-4.42328e-05
-0.000146921
0.00172082
3.71932e-09
1.20368e-05
-0.000436383
4.42478e-05
1.20436e-05
-0.000436375
-5.89221e-06
-0.000146938
0.00172079
-4.89024e-05
-4.51722e-05
0.0019044
-2.22385e-05
-2.22385e-05
0.00168498
-8.4643e-06
0.00163148
8.46423e-06
0.00159292
1.77239e-05
0.00163148
8.54996e-06
0.00175159
-4.41375e-05
0.00182439
3.02845e-09
0.00201783
4.4147e-05
0.00201783
-8.54612e-06
0.00182439
-1.77228e-05
0.0017516
-8.46429e-06
0.00163148
0.00159292
2.14222e-05
2.14222e-05
0.00155007
4.28994e-05
4.16228e-05
0.00156837
4.49136e-05
8.42319e-05
0.00166534
-3.74007e-06
0.000197866
0.00167517
4.65102e-09
0.000144448
0.00186961
3.74827e-06
0.000144447
0.00186961
-4.49104e-05
0.00019788
0.00167516
-4.28989e-05
8.42399e-05
0.00166534
-2.14227e-05
4.16302e-05
0.00156837
2.14264e-05
0.00155007
4.16228e-05
4.28994e-05
0.00156837
8.72608e-05
8.72608e-05
0.00159371
9.28973e-05
0.000233971
0.00174901
7.90466e-05
0.000348048
0.00158453
3.45974e-09
5.7873e-05
-0.000270723
-7.9033e-05
5.78675e-05
-0.000270718
-9.28923e-05
0.000348081
0.00158448
-8.72646e-05
0.000234
0.001749
-4.16254e-05
8.7278e-05
0.00159369
4.29083e-05
0.00156837
8.42319e-05
4.49136e-05
0.00166534
0.000233971
9.28974e-05
0.00174901
0.000318857
0.000318857
0.00192933
0.000286823
0.000191307
0.000422859
3.78368e-10
6.90108e-05
-0.00355207
-0.000286815
6.90028e-05
-0.00355208
-0.000318858
0.000191365
0.000422815
-0.000233982
0.000318912
0.00192933
-8.42367e-05
9.29336e-05
0.00174899
4.49288e-05
0.00166534
0.000197866
-3.74006e-06
0.00167517
0.000348048
7.90466e-05
0.00158453
0.000191307
0.000286823
0.000422859
0.000185442
0.000185442
-0.00208578
-1.62928e-08
0.000137224
-0.00534652
-0.000185487
0.00013722
-0.00534646
-0.000191349
0.000185491
-0.00208557
-0.000348085
0.000286872
0.0004228
-0.00019789
7.90891e-05
0.00158447
-3.729e-06
0.00167516
0.000144449
4.65045e-09
0.00186961
5.7873e-05
3.45869e-09
-0.000270723
6.90108e-05
3.7829e-10
-0.00355207
0.000137224
-1.62892e-08
-0.00534652
-1.21681e-08
-1.21711e-08
-0.00571848
-0.000137248
-1.79662e-08
-0.00571847
-6.90435e-05
-1.86152e-08
-0.00534646
-5.79324e-05
-2.96617e-10
-0.00355213
-0.000144501
3.89934e-09
-0.000270729
3.49742e-09
0.0018696
0.000144447
3.74825e-06
0.00186961
5.78675e-05
-7.9033e-05
-0.000270718
6.90028e-05
-0.000286815
-0.00355208
0.00013722
-0.000185487
-0.00534646
-1.79634e-08
-0.000137248
-0.00571847
-0.000137249
-0.000137249
-0.00571841
-6.90326e-05
-0.000185539
-0.0053464
-5.79256e-05
-0.000286863
-0.00355214
-0.000144498
-7.90752e-05
-0.000270723
3.73638e-06
0.0018696
0.00019788
-4.49104e-05
0.00167516
0.000348081
-9.28924e-05
0.00158448
0.000191365
-0.000318858
0.000422815
0.000185491
-0.000191349
-0.00208557
-1.86189e-08
-6.90435e-05
-0.00534646
-0.000185539
-6.90325e-05
-0.0053464
-0.000191408
-0.000191408
-0.00208534
-0.000348119
-0.000318912
0.00042276
-0.000197903
-9.29284e-05
0.00158442
-4.49252e-05
0.00167515
8.42399e-05
-4.28989e-05
0.00166534
0.000234
-8.72646e-05
0.001749
0.000318912
-0.000233982
0.00192933
0.000286872
-0.000348085
0.0004228
-2.96435e-10
-5.79324e-05
-0.00355213
-0.000286863
-5.79255e-05
-0.00355214
-0.000318912
-0.000348119
0.00042276
-0.00023401
-0.00023401
0.00192934
-8.42438e-05
-8.72814e-05
0.00174899
-4.29073e-05
0.00166533
4.16302e-05
-2.14227e-05
0.00156837
8.72779e-05
-4.16254e-05
0.00159369
9.29335e-05
-8.42367e-05
0.00174899
7.90891e-05
-0.00019789
0.00158447
3.90104e-09
-0.000144501
-0.000270729
-7.90751e-05
-0.000144498
-0.000270723
-9.29284e-05
-0.000197903
0.00158442
-8.72814e-05
-8.42438e-05
0.00174899
-4.16325e-05
-4.16325e-05
0.00159368
-2.14266e-05
0.00156836
2.14264e-05
0.00155007
4.29083e-05
0.00156837
4.49287e-05
0.00166534
-3.72901e-06
0.00167516
3.49808e-09
0.0018696
3.7364e-06
0.0018696
-4.49251e-05
0.00167515
-4.29073e-05
0.00166533
-2.14266e-05
0.00156836
0.00155007
3.02136e-05
3.02136e-05
0.00148965
5.86891e-05
5.27812e-05
0.00148712
6.92634e-05
0.000107065
0.0015477
3.29714e-05
0.000199602
0.00151186
4.1518e-09
0.000249881
0.00165269
-3.29621e-05
0.00024988
0.0016527
-6.92597e-05
0.000199613
0.00151185
-5.86884e-05
0.000107072
0.00154769
-3.0214e-05
5.27873e-05
0.00148711
3.02177e-05
0.00148964
5.27812e-05
5.86891e-05
0.00148712
0.000105594
0.000105594
0.00148808
0.000150962
0.000245716
0.00156499
0.000163726
0.000331449
0.00143992
2.56935e-09
0.000305007
-0.000162126
-0.000163717
0.000305005
-0.000162123
-0.000150956
0.000331453
0.00143988
-0.000105594
0.000245738
0.00156497
-5.27827e-05
0.000105605
0.00148806
5.86975e-05
0.00148711
0.000107065
6.92634e-05
0.0015477
0.000245716
0.000150962
0.00156499
0.000365242
0.000365242
0.00169028
0.000386494
0.000237955
0.000495101
8.90379e-10
0.000331962
-0.00319253
-0.00038649
0.000331957
-0.00319254
-0.000365243
0.000237952
0.000495069
-0.000245724
0.000365285
0.00169026
-0.000107069
0.000150986
0.00156496
6.92774e-05
0.00154769
0.000199602
3.29714e-05
0.00151186
0.000331449
0.000163726
0.00143992
0.000237955
0.000386494
0.000495101
0.000256711
0.000256711
-0.0021233
-1.47558e-08
0.00023746
-0.00499529
-0.000256729
0.000237455
-0.00499525
-0.000237943
0.000256728
-0.00212313
-0.000331453
0.000386534
0.000495062
-0.000199616
0.000163755
0.00143987
3.29854e-05
0.00151183
0.000249881
4.15082e-09
0.00165269
0.000305007
2.56669e-09
-0.000162126
0.000331962
8.9138e-10
-0.00319253
0.00023746
-1.47533e-08
-0.00499529
-1.24267e-08
-1.24291e-08
-0.00524354
-0.000237483
-1.69416e-08
-0.00524352
-0.000331987
-1.62895e-08
-0.00499521
-0.000305059
-4.9525e-10
-0.00319252
-0.000249922
2.32894e-09
-0.000162113
3.42407e-09
0.00165266
0.00024988
-3.29622e-05
0.0016527
0.000305005
-0.000163717
-0.000162123
0.000331957
-0.00038649
-0.00319254
0.000237455
-0.000256729
-0.00499525
-1.69389e-08
-0.000237483
-0.00524352
-0.000237478
-0.000237478
-0.00524349
-0.00033198
-0.000256746
-0.00499517
-0.000305057
-0.000386533
-0.00319253
-0.000249921
-0.000163747
-0.00016211
-3.29769e-05
0.00165266
0.000199613
-6.92598e-05
0.00151185
0.000331453
-0.000150956
0.00143988
0.000237952
-0.000365243
0.00049507
0.000256728
-0.000237943
-0.00212313
-1.62921e-08
-0.000331987
-0.00499521
-0.000256746
-0.00033198
-0.00499517
-0.000237939
-0.000237939
-0.00212295
-0.000331458
-0.000365287
0.000495034
-0.000199627
-0.000150981
0.00143983
-6.92737e-05
0.00151182
0.000107072
-5.86885e-05
0.00154769
0.000245738
-0.000105594
0.00156497
0.000365285
-0.000245724
0.00169026
0.000386534
-0.000331453
0.000495062
-4.96178e-10
-0.000305059
-0.00319252
-0.000386533
-0.000305057
-0.00319253
-0.000365287
-0.000331458
0.000495034
-0.000245745
-0.000245745
0.00169025
-0.000107076
-0.000105606
0.00156494
-5.86966e-05
0.00154768
5.27873e-05
-3.0214e-05
0.00148711
0.000105605
-5.27827e-05
0.00148806
0.000150986
-0.000107069
0.00156496
0.000163755
-0.000199616
0.00143987
2.33237e-09
-0.000249922
-0.000162113
-0.000163747
-0.000249921
-0.00016211
-0.000150981
-0.000199627
0.00143983
-0.000105606
-0.000107076
0.00156494
-5.27886e-05
-5.27886e-05
0.00148804
-3.02178e-05
0.0014871
3.02177e-05
0.00148964
5.86975e-05
0.00148711
6.92774e-05
0.00154769
3.29854e-05
0.00151183
3.42523e-09
0.00165266
-3.29769e-05
0.00165266
-6.92737e-05
0.00151182
-5.86966e-05
0.00154768
-3.02178e-05
0.0014871
0.00148963
3.36728e-05
3.36728e-05
0.0014223
6.4024e-05
5.57814e-05
0.00140098
8.00658e-05
0.000115222
0.00141644
5.41482e-05
0.000191515
0.00134627
3.49066e-09
0.000301394
0.00140545
-5.41407e-05
0.000301394
0.00140545
-8.00623e-05
0.00019152
0.00134625
-6.40231e-05
0.000115228
0.00141643
-3.36729e-05
5.57858e-05
0.00140097
3.36762e-05
0.00142229
5.57814e-05
6.4024e-05
0.00140098
0.000109514
0.000109514
0.00138062
0.000175248
0.00023808
0.00137639
0.000197499
0.000329029
0.00128016
1.47319e-09
0.000450099
-0.000113333
-0.000197492
0.000450097
-0.000113332
-0.000175243
0.000329021
0.00128013
-0.000109513
0.000238094
0.00137637
-5.5782e-05
0.000109521
0.0013806
6.40307e-05
0.00140097
0.000115222
8.00658e-05
0.00141644
0.00023808
0.000175248
0.00137639
0.000373134
0.000373134
0.00142017
0.000417892
0.000365101
0.000414271
3.04214e-10
0.000469867
-0.00279441
-0.000417891
0.000469861
-0.00279441
-0.000373133
0.000365077
0.000414256
-0.000238083
0.00037316
0.00142015
-0.000115225
0.000175261
0.00137636
8.00765e-05
0.00141642
0.000191515
5.41482e-05
0.00134627
0.000329029
0.000197499
0.00128016
0.000365101
0.000417892
0.000414271
0.000371704
0.000371704
-0.0021365
-1.15234e-08
0.000281103
-0.00443481
-0.000371708
0.000281099
-0.00443479
-0.000365074
0.000371703
-0.00213639
-0.000329019
0.000417914
0.000414253
-0.000191518
0.000197513
0.00128011
5.41593e-05
0.00134623
0.000301394
3.48956e-09
0.00140545
0.000450099
1.47124e-09
-0.000113333
0.000469867
3.05589e-10
-0.00279441
0.000281103
-1.15216e-08
-0.00443481
-1.04667e-08
-1.04679e-08
-0.00468131
-0.000281123
-1.21791e-08
-0.0046813
-0.000469879
-1.24323e-08
-0.00443474
-0.000450126
-9.39922e-10
-0.00279436
-0.00030142
1.33698e-09
-0.000113307
2.9296e-09
0.00140539
0.000301394
-5.41407e-05
0.00140545
0.000450097
-0.000197492
-0.000113332
0.000469861
-0.000417891
-0.00279441
0.000281099
-0.000371708
-0.00443479
-1.21776e-08
-0.000281123
-0.0046813
-0.000281118
-0.000281118
-0.00468128
-0.000469872
-0.000371703
-0.00443472
-0.000450124
-0.000417915
-0.00279436
-0.00030142
-0.000197508
-0.000113305
-5.41523e-05
0.0014054
0.00019152
-8.00624e-05
0.00134625
0.000329021
-0.000175243
0.00128013
0.000365077
-0.000373133
0.000414256
0.000371703
-0.000365074
-0.00213639
-1.24344e-08
-0.000469879
-0.00443474
-0.000371703
-0.000469872
-0.00443472
-0.000365044
-0.000365044
-0.00213627
-0.00032901
-0.000373159
0.000414243
-0.000191522
-0.000175256
0.00128009
-8.0073e-05
0.00134621
0.000115228
-6.40231e-05
0.00141643
0.000238094
-0.000109513
0.00137637
0.00037316
-0.000238083
0.00142015
0.000417914
-0.000329019
0.000414253
-9.41081e-10
-0.000450126
-0.00279436
-0.000417915
-0.000450124
-0.00279436
-0.000373159
-0.000329011
0.000414243
-0.000238095
-0.000238095
0.00142013
-0.000115231
-0.00010952
0.00137634
-6.40296e-05
0.00141641
5.57858e-05
-3.36729e-05
0.00140097
0.000109521
-5.5782e-05
0.0013806
0.000175261
-0.000115225
0.00137636
0.000197513
-0.000191518
0.00128011
1.33963e-09
-0.00030142
-0.000113307
-0.000197508
-0.00030142
-0.000113305
-0.000175256
-0.000191522
0.00128009
-0.00010952
-0.000115231
0.00137634
-5.57862e-05
-5.57862e-05
0.00138058
-3.36762e-05
0.00140096
3.36762e-05
0.00142229
6.40307e-05
0.00140097
8.00765e-05
0.00141642
5.41592e-05
0.00134623
2.93094e-09
0.00140539
-5.41523e-05
0.0014054
-8.0073e-05
0.00134621
-6.40296e-05
0.00141641
-3.36762e-05
0.00140096
0.00142228
3.26734e-05
3.26734e-05
0.00135695
6.19744e-05
5.28846e-05
0.0013188
8.07861e-05
0.000110977
0.00128665
6.25757e-05
0.000183919
0.00118056
2.35903e-09
0.00032306
0.00114496
-6.25703e-05
0.00032306
0.00114496
-8.07832e-05
0.00018392
0.00118054
-6.19734e-05
0.000110981
0.00128663
-3.26734e-05
5.28873e-05
0.00131878
3.2676e-05
0.00135694
5.28846e-05
6.19744e-05
0.0013188
0.000104326
0.000104326
0.00127774
0.000176208
0.000222825
0.00119266
0.000196381
0.000350942
0.00109296
1.19743e-09
0.000505287
-9.91803e-05
-0.000196377
0.000505286
-9.91798e-05
-0.000176203
0.000350933
0.00109294
-0.000104324
0.000222831
0.00119264
-5.28845e-05
0.00010433
0.00127772
6.19792e-05
0.00131878
0.000110977
8.07861e-05
0.00128665
0.000222825
0.000176208
0.00119266
0.000367734
0.000367734
0.00113035
0.00039632
0.000495802
0.000240824
7.02873e-10
0.000500712
-0.00239351
-0.00039632
0.000500709
-0.00239351
-0.000367732
0.000495783
0.000240818
-0.000222825
0.000367748
0.00113032
-0.000110978
0.000176212
0.00119263
8.07933e-05
0.00128662
0.000183919
6.25757e-05
0.00118056
0.000350942
0.000196381
0.00109296
0.000495802
0.00039632
0.000240824
0.000436344
0.000436344
-0.00201758
-7.18059e-09
0.000278968
-0.00377671
-0.000436349
0.000278966
-0.0037767
-0.000495783
0.00043634
-0.00201751
-0.00035093
0.000396327
0.000240821
-0.000183918
0.000196385
0.00109293
6.25833e-05
0.00118052
0.00032306
2.35779e-09
0.00114496
0.000505287
1.19588e-09
-9.91802e-05
0.000500712
7.03409e-10
-0.00239351
0.000278968
-7.18006e-09
-0.00377671
-7.86601e-09
-7.86687e-09
-0.00412336
-0.000278984
-9.0976e-09
-0.00412335
-0.00050072
-7.78737e-09
-0.00377666
-0.0005053
-2.63717e-10
-0.00239346
-0.000323069
9.53648e-10
-9.91541e-05
1.96459e-09
0.00114491
0.00032306
-6.25703e-05
0.00114496
0.000505286
-0.000196377
-9.91797e-05
0.000500709
-0.00039632
-0.00239351
0.000278966
-0.000436349
-0.0037767
-9.0964e-09
-0.000278984
-0.00412335
-0.000278981
-0.000278981
-0.00412333
-0.000500717
-0.000436344
-0.00377665
-0.000505299
-0.000396328
-0.00239346
-0.000323069
-0.000196381
-9.9153e-05
-6.25783e-05
0.00114491
0.00018392
-8.07832e-05
0.00118054
0.000350933
-0.000176203
0.00109294
0.000495783
-0.000367732
0.000240819
0.00043634
-0.000495783
-0.00201751
-7.78825e-09
-0.00050072
-0.00377666
-0.000436344
-0.000500717
-0.00377665
-0.000495762
-0.000495762
-0.00201743
-0.000350921
-0.000367746
0.000240821
-0.000183919
-0.000176207
0.00109291
-8.07903e-05
0.00118051
0.000110981
-6.19734e-05
0.00128663
0.000222831
-0.000104324
0.00119264
0.000367748
-0.000222825
0.00113032
0.000396327
-0.00035093
0.000240821
-2.64566e-10
-0.0005053
-0.00239346
-0.000396328
-0.000505299
-0.00239346
-0.000367746
-0.000350921
0.000240821
-0.00022283
-0.00022283
0.00113029
-0.000110982
-0.000104328
0.00119261
-6.1978e-05
0.00128661
5.28873e-05
-3.26734e-05
0.00131878
0.00010433
-5.28845e-05
0.00127772
0.000176212
-0.000110978
0.00119263
0.000196385
-0.000183918
0.00109293
9.55899e-10
-0.000323069
-9.91542e-05
-0.000196381
-0.000323069
-9.91531e-05
-0.000176207
-0.000183919
0.00109291
-0.000104328
-0.000110982
0.00119261
-5.28871e-05
-5.28871e-05
0.0012777
-3.26759e-05
0.00131877
3.2676e-05
0.00135694
6.19791e-05
0.00131878
8.07933e-05
0.00128662
6.25832e-05
0.00118052
1.96607e-09
0.00114491
-6.25783e-05
0.00114491
-8.07903e-05
0.00118051
-6.1978e-05
0.00128661
-3.26759e-05
0.00131877
0.00135693
2.53524e-05
2.53524e-05
0.00130625
4.85673e-05
4.04824e-05
0.0012551
6.63423e-05
8.79923e-05
0.00118088
5.40627e-05
0.000150439
0.0010424
1.52744e-09
0.000310852
0.000888168
-5.40591e-05
0.000310852
0.000888169
-6.63402e-05
0.00015044
0.00104238
-4.85665e-05
8.79947e-05
0.00118087
-2.53523e-05
4.04839e-05
0.00125508
2.53541e-05
0.00130623
4.04824e-05
4.85673e-05
0.0012551
8.2777e-05
8.2777e-05
0.00119315
0.000148575
0.000177535
0.00103732
0.000161758
0.000335196
0.000895019
8.39831e-10
0.00047918
-0.000105751
-0.000161755
0.000479178
-0.00010575
-0.000148571
0.000335191
0.000895007
-8.27755e-05
0.000177537
0.00103731
-4.04821e-05
8.27787e-05
0.00119313
4.85704e-05
0.00125508
8.79923e-05
6.63423e-05
0.00118088
0.000177535
0.000148575
0.00103732
0.000333595
0.000333595
0.000818232
0.000320566
0.000502259
8.67903e-05
8.18269e-10
0.000407942
-0.00200171
-0.000320564
0.000407939
-0.00200171
-0.000333593
0.000502253
8.67852e-05
-0.000177533
0.000333598
0.000818201
-8.79927e-05
0.000148574
0.00103729
6.63468e-05
0.00118085
0.000150439
5.40627e-05
0.0010424
0.000335196
0.000161758
0.000895019
0.000502259
0.000320566
8.67904e-05
0.000380597
0.000380597
-0.00177426
-2.79478e-09
0.000208188
-0.00319636
-0.000380603
0.000208187
-0.00319635
-0.000502254
0.000380596
-0.00177421
-0.000335188
0.000320564
8.67896e-05
-0.000150437
0.000161756
0.000894996
5.40676e-05
0.00104237
0.000310852
1.52629e-09
0.000888168
0.00047918
8.38967e-10
-0.000105751
0.000407942
8.18994e-10
-0.00200171
0.000208188
-2.7946e-09
-0.00319636
-4.12877e-09
-4.12914e-09
-0.00370697
-0.000208197
-4.95067e-09
-0.00370696
-0.000407944
-2.92618e-09
-0.00319631
-0.000479184
3.75546e-10
-0.00200165
-0.000310853
6.02084e-10
-0.000105729
1.27777e-09
0.000888119
0.000310852
-5.40591e-05
0.000888169
0.000479178
-0.000161755
-0.00010575
0.000407939
-0.000320564
-0.00200171
0.000208187
-0.000380603
-0.00319635
-4.95003e-09
-0.000208197
-0.00370696
-0.000208196
-0.000208196
-0.00370695
-0.000407941
-0.000380603
-0.0031963
-0.000479181
-0.000320562
-0.00200165
-0.000310853
-0.000161754
-0.000105727
-5.40643e-05
0.000888122
0.00015044
-6.63402e-05
0.00104238
0.000335191
-0.000148571
0.000895007
0.000502253
-0.000333593
8.67852e-05
0.000380596
-0.000502254
-0.00177421
-2.92663e-09
-0.000407944
-0.00319631
-0.000380603
-0.000407941
-0.0031963
-0.000502246
-0.000502246
-0.00177415
-0.000335181
-0.000333595
8.67892e-05
-0.000150436
-0.000148571
0.000894984
-6.63447e-05
0.00104235
8.79947e-05
-4.85665e-05
0.00118087
0.000177537
-8.27755e-05
0.00103731
0.000333598
-0.000177533
0.000818201
0.000320564
-0.000335188
8.67896e-05
3.74284e-10
-0.000479184
-0.00200165
-0.000320562
-0.000479181
-0.00200165
-0.000333595
-0.000335181
8.67892e-05
-0.000177535
-0.000177535
0.000818172
-8.7995e-05
-8.2777e-05
0.00103728
-4.85695e-05
0.00118084
4.04839e-05
-2.53523e-05
0.00125508
8.27787e-05
-4.04821e-05
0.00119313
0.000148574
-8.79927e-05
0.00103729
0.000161757
-0.000150437
0.000894996
6.03325e-10
-0.000310853
-0.000105729
-0.000161754
-0.000310853
-0.000105727
-0.000148571
-0.000150436
0.000894984
-8.2777e-05
-8.7995e-05
0.00103728
-4.04835e-05
-4.04835e-05
0.00119311
-2.5354e-05
0.00125507
2.53541e-05
0.00130623
4.85704e-05
0.00125508
6.63468e-05
0.00118085
5.40676e-05
0.00104237
1.27918e-09
0.000888119
-5.40642e-05
0.000888122
-6.63447e-05
0.00104235
-4.85695e-05
0.00118084
-2.5354e-05
0.00125507
0.00130622
1.32727e-05
1.32727e-05
2.59564e-05
1.96787e-05
3.77905e-05
4.73213e-05
3.61415e-05
7.14224e-05
5.75868e-10
0.000183963
-3.61401e-05
0.000183963
-3.77895e-05
7.14222e-05
-2.5956e-05
4.73221e-05
-1.32727e-05
1.96792e-05
1.32734e-05
1.96787e-05
2.59564e-05
4.32947e-05
4.32947e-05
7.56736e-05
9.05769e-05
6.32452e-05
0.000198138
3.35819e-10
0.0002371
-6.32439e-05
0.0002371
-7.56723e-05
0.000198136
-4.32941e-05
9.05771e-05
-1.96785e-05
4.32952e-05
2.59575e-05
4.73213e-05
3.77905e-05
9.05769e-05
7.56736e-05
0.000191304
0.000191304
0.000174016
0.00025103
3.04402e-10
0.000147392
-0.000174015
0.000147391
-0.000191303
0.000251029
-9.05759e-05
0.000191303
-4.73212e-05
7.56726e-05
3.7792e-05
7.14224e-05
3.61415e-05
0.000198138
6.32452e-05
0.00025103
0.000174016
0.000149577
0.000149577
-8.53022e-10
7.35397e-05
-0.00014958
7.35396e-05
-0.00025103
0.000149577
-0.000198134
0.000174014
-7.14209e-05
6.32435e-05
3.61432e-05
0.000183963
5.74668e-10
0.0002371
3.34926e-10
0.000147392
3.05e-10
7.35397e-05
-8.52599e-10
-1.2423e-09
-1.24194e-09
-7.35427e-05
-1.4936e-09
-0.000147393
-8.43439e-10
-0.0002371
1.83636e-10
-0.000183961
3.52405e-11
4.81421e-10
0.000183963
-3.61401e-05
0.0002371
-6.32439e-05
0.000147391
-0.000174015
7.35396e-05
-0.00014958
-1.49388e-09
-7.35427e-05
-7.35426e-05
-7.35426e-05
-0.000147392
-0.000149581
-0.000237099
-0.000174013
-0.000183961
-6.32426e-05
-3.61419e-05
7.14222e-05
-3.77895e-05
0.000198136
-7.56723e-05
0.000251029
-0.000191303
0.000149577
-0.00025103
-8.43953e-10
-0.000147393
-0.000149581
-0.000147392
-0.000251028
-0.000251028
-0.000198131
-0.000191302
-7.14204e-05
-7.56711e-05
-3.77911e-05
4.73221e-05
-2.5956e-05
9.05771e-05
-4.32941e-05
0.000191303
-9.05759e-05
0.000174014
-0.000198134
1.82829e-10
-0.0002371
-0.000174013
-0.000237099
-0.000191302
-0.000198131
-9.05759e-05
-9.05759e-05
-4.7322e-05
-4.32944e-05
-2.59571e-05
1.96792e-05
-1.32727e-05
4.32952e-05
-1.96785e-05
7.56726e-05
-4.73212e-05
6.32435e-05
-7.14209e-05
3.61814e-11
-0.000183961
-6.32426e-05
-0.000183961
-7.56711e-05
-7.14204e-05
-4.32944e-05
-4.7322e-05
-1.96789e-05
-1.96789e-05
-1.32733e-05
1.32734e-05
2.59575e-05
3.7792e-05
3.61432e-05
4.82635e-10
-3.61419e-05
-3.77911e-05
-2.59571e-05
-1.32733e-05
)
;

boundaryField
{
    bottom
    {
        type            calculated;
        value           uniform 0;
    }
    atmosphere
    {
        type            calculated;
        value           nonuniform List<scalar> 
100
(
0.0012797
0.00122274
0.00112172
0.000972624
0.000740346
0.000740347
0.00097261
0.00112171
0.00122272
0.00127969
0.00122274
0.00114591
0.000961689
0.000780732
-9.56435e-05
-9.56425e-05
0.000780722
0.000961673
0.0011459
0.00122272
0.00112172
0.000961689
0.000616777
5.11859e-05
-0.00173798
-0.00173799
5.11794e-05
0.000616748
0.000961663
0.0011217
0.000972624
0.000780732
5.11858e-05
-0.00157135
-0.00297293
-0.00297292
-0.00157131
5.11833e-05
0.000780711
0.000972593
0.000740346
-9.56435e-05
-0.00173798
-0.00297293
-0.00355989
-0.00355988
-0.00297289
-0.00173793
-9.56241e-05
0.000740301
0.000740347
-9.56425e-05
-0.00173799
-0.00297292
-0.00355988
-0.00355987
-0.00297287
-0.00173793
-9.56226e-05
0.000740303
0.00097261
0.000780722
5.11793e-05
-0.00157131
-0.00297289
-0.00297287
-0.00157125
5.11804e-05
0.000780702
0.00097258
0.00112171
0.000961673
0.000616748
5.11833e-05
-0.00173793
-0.00173793
5.11804e-05
0.000616721
0.000961649
0.00112169
0.00122272
0.0011459
0.000961663
0.000780711
-9.56241e-05
-9.56225e-05
0.000780702
0.000961649
0.00114588
0.0012227
0.00127969
0.00122272
0.0011217
0.000972593
0.000740301
0.000740303
0.00097258
0.00112169
0.0012227
0.00127967
)
;
    }
    walls
    {
        type            calculated;
        value           uniform 0;
    }
}


// ************************************************************************* //
