/*--------------------------------*- C++ -*----------------------------------*\
| =========                 |                                                 |
| \\      /  F ield         | OpenFOAM: The Open Source CFD Toolbox           |
|  \\    /   O peration     | Version:  2412                                  |
|   \\  /    A nd           | Website:  www.openfoam.com                      |
|    \\/     M anipulation  |                                                 |
\*---------------------------------------------------------------------------*/
FoamFile
{
    version     2.0;
    format      ascii;
    arch        "LSB;label=32;scalar=64";
    class       volVectorField;
    location    "0.74";
    object      U;
}
// * * * * * * * * * * * * * * * * * * * * * * * * * * * * * * * * * * * * * //

dimensions      [0 1 -1 0 0 0 0];

internalField   nonuniform List<vector> 
4000
(
(0.331463 0.331463 -0.178449)
(-0.00901378 0.101586 -0.120048)
(-0.292385 -0.204649 -0.273829)
(-0.212907 -0.098466 -0.28827)
(-0.145356 -0.0966016 -0.230245)
(0.145357 -0.0965995 -0.230245)
(0.212906 -0.0984647 -0.288273)
(0.292384 -0.204649 -0.27383)
(0.0090134 0.101587 -0.120048)
(-0.331463 0.331463 -0.17845)
(0.101587 -0.00901358 -0.120048)
(0.410713 0.410713 -0.138182)
(0.0209905 0.494554 -0.130851)
(-0.0712082 0.119788 -0.290916)
(-0.0944016 0.0732117 -0.410829)
(0.0943999 0.0732056 -0.410826)
(0.0712073 0.119786 -0.290912)
(-0.0209882 0.494556 -0.130849)
(-0.410712 0.410714 -0.138181)
(-0.101587 -0.00901358 -0.120048)
(-0.204649 -0.292384 -0.273828)
(0.494554 0.0209915 -0.130851)
(-0.194421 -0.194418 0.111326)
(-0.00411109 -0.547196 -0.291931)
(-0.0757552 -0.502212 -0.362057)
(0.0757495 -0.502218 -0.36205)
(0.00411453 -0.547202 -0.291921)
(0.194426 -0.194414 0.111335)
(-0.494554 0.0209952 -0.130849)
(0.204649 -0.292384 -0.273828)
(-0.0984663 -0.212906 -0.288269)
(0.11979 -0.0712072 -0.290915)
(-0.547195 -0.00410814 -0.291931)
(-0.20567 -0.20567 -0.362759)
(-0.102884 -0.239455 -0.337914)
(0.102882 -0.239457 -0.337905)
(0.205675 -0.205671 -0.362753)
(0.547199 -0.0041101 -0.29193)
(-0.119791 -0.0712067 -0.290914)
(0.0984665 -0.212905 -0.28827)
(-0.0966022 -0.145356 -0.230244)
(0.0732157 -0.0944013 -0.410831)
(-0.502209 -0.0757542 -0.362057)
(-0.239452 -0.102882 -0.337915)
(-0.092641 -0.0926422 -0.237954)
(0.092639 -0.09264 -0.237955)
(0.239451 -0.102879 -0.33791)
(0.50221 -0.0757528 -0.362052)
(-0.0732157 -0.0944002 -0.410832)
(0.096601 -0.145356 -0.230244)
(-0.0965995 0.145357 -0.230245)
(0.0732066 0.0943991 -0.410827)
(-0.502218 0.0757462 -0.362046)
(-0.239455 0.102879 -0.337902)
(-0.0926392 0.0926376 -0.237955)
(0.0926375 0.0926357 -0.237955)
(0.239455 0.102876 -0.337898)
(0.502218 0.0757458 -0.362042)
(-0.0732072 0.0943983 -0.410827)
(0.0965987 0.145356 -0.230244)
(-0.0984647 0.212906 -0.288273)
(0.119786 0.0712058 -0.29091)
(-0.547205 0.0041136 -0.291919)
(-0.205673 0.205678 -0.362752)
(-0.102879 0.239455 -0.337908)
(0.102878 0.239457 -0.337899)
(0.205679 0.205679 -0.362747)
(0.547208 0.00411595 -0.29192)
(-0.119787 0.0712059 -0.29091)
(0.098465 0.212904 -0.288273)
(-0.204649 0.292384 -0.27383)
(0.494556 -0.0209884 -0.130848)
(-0.194414 0.194425 0.111337)
(-0.00411393 0.5472 -0.29193)
(-0.0757536 0.502214 -0.362051)
(0.0757489 0.502219 -0.362044)
(0.00411779 0.547206 -0.291922)
(0.194419 0.19442 0.111344)
(-0.494555 -0.020992 -0.130848)
(0.204648 0.292383 -0.273829)
(0.101587 0.00901316 -0.120048)
(0.410714 -0.410712 -0.138181)
(0.0209951 -0.494554 -0.13085)
(-0.0712078 -0.11979 -0.290915)
(-0.0944002 -0.0732116 -0.41083)
(0.0943987 -0.0732059 -0.410826)
(0.0712074 -0.119787 -0.290911)
(-0.0209926 -0.494555 -0.130848)
(-0.410713 -0.410713 -0.138181)
(-0.101588 0.00901333 -0.120048)
(0.331463 -0.331463 -0.17845)
(-0.00901362 -0.101587 -0.120048)
(-0.292384 0.204648 -0.273828)
(-0.212905 0.0984662 -0.288271)
(-0.145356 0.0966002 -0.230244)
(0.145356 0.0965984 -0.230245)
(0.212905 0.098465 -0.288273)
(0.292384 0.204648 -0.273829)
(0.00901341 -0.101588 -0.120047)
(-0.331464 -0.331464 -0.17845)
(0.0163777 0.0163778 -0.150748)
(-0.0629094 -0.682377 0.162954)
(-0.295958 -1.04044 0.212629)
(-0.257787 -1.24272 0.205409)
(-0.171109 -1.55153 0.058397)
(0.171109 -1.55153 0.0583997)
(0.257786 -1.24269 0.205413)
(0.295958 -1.04042 0.212628)
(0.062909 -0.682372 0.162953)
(-0.0163781 0.0163781 -0.150748)
(-0.682377 -0.0629092 0.162954)
(0.810502 0.810502 0.245816)
(-0.323221 0.983836 0.367336)
(0.0256386 1.12151 0.558856)
(-0.467971 1.55537 0.518096)
(0.467982 1.55536 0.518097)
(-0.025654 1.12146 0.558854)
(0.323218 0.983804 0.367332)
(-0.810501 0.810496 0.245816)
(0.682376 -0.0629104 0.162953)
(-1.04044 -0.295957 0.212628)
(0.98384 -0.323221 0.367337)
(-0.756697 -0.756704 0.279027)
(0.925674 -1.56335 0.326769)
(-0.960899 -0.820809 0.441947)
(0.960896 -0.820895 0.441936)
(-0.925686 -1.56338 0.326754)
(0.756718 -0.756727 0.279019)
(-0.983833 -0.323239 0.367339)
(1.04044 -0.295958 0.212627)
(-1.24272 -0.257787 0.205407)
(1.12152 0.0256337 0.558855)
(-1.56334 0.925694 0.326771)
(0.901642 0.901648 -0.190866)
(-0.90088 0.040134 -0.058392)
(0.900861 0.040045 -0.0584123)
(-0.901579 0.901574 -0.190881)
(1.56337 0.925708 0.326772)
(-1.1215 0.0256377 0.558856)
(1.24271 -0.257786 0.205406)
(-1.55153 -0.171109 0.0583951)
(1.55537 -0.467975 0.518098)
(-0.820875 -0.960897 0.441947)
(0.0402406 -0.900901 -0.0583925)
(-0.666024 -0.666037 -0.131519)
(0.666014 -0.666066 -0.13152)
(-0.040262 -0.900905 -0.0584062)
(0.821041 -0.960889 0.44194)
(-1.55537 -0.467981 0.518102)
(1.55153 -0.171108 0.0583951)
(-1.55152 0.171109 0.058399)
(1.55536 0.467992 0.518099)
(-0.821027 0.960891 0.441932)
(0.0400717 0.900861 -0.0584205)
(-0.666085 0.666003 -0.131526)
(0.666077 0.666033 -0.131526)
(-0.040093 0.900868 -0.0584326)
(0.821166 0.960883 0.441926)
(-1.55536 0.467996 0.518102)
(1.55152 0.171108 0.0583987)
(-1.24268 0.257786 0.205413)
(1.12145 -0.025652 0.558854)
(-1.56338 -0.925709 0.326751)
(0.901535 -0.90156 -0.190887)
(-0.900902 -0.0401483 -0.0584132)
(0.900886 -0.0400558 -0.0584318)
(-0.901474 -0.901488 -0.190899)
(1.5634 -0.925719 0.326754)
(-1.12143 -0.0256518 0.558855)
(1.24268 0.257785 0.205412)
(-1.04042 0.295957 0.212627)
(0.9838 0.323216 0.367331)
(-0.756728 0.756735 0.279018)
(0.92569 1.56338 0.326772)
(-0.96089 0.821028 0.441937)
(0.960886 0.821088 0.441927)
(-0.925698 1.5634 0.326758)
(0.756748 0.756755 0.279013)
(-0.983795 0.323231 0.367333)
(1.04041 0.295958 0.212626)
(-0.682371 0.0629088 0.162953)
(0.810495 -0.810501 0.245816)
(-0.323244 -0.983826 0.36734)
(0.0256418 -1.12149 0.558858)
(-0.467978 -1.55537 0.518101)
(0.467988 -1.55536 0.518101)
(-0.0256533 -1.12144 0.558857)
(0.323239 -0.983795 0.367335)
(-0.810494 -0.810496 0.245816)
(0.68237 0.0629102 0.162952)
(0.0163781 -0.016378 -0.150748)
(-0.062911 0.682376 0.162953)
(-0.295959 1.04043 0.212627)
(-0.257786 1.2427 0.205408)
(-0.171108 1.55153 0.0583969)
(0.171108 1.55152 0.0583994)
(0.257785 1.24268 0.205412)
(0.295958 1.04042 0.212626)
(0.0629107 0.682371 0.162952)
(-0.0163786 -0.0163785 -0.150748)
(-0.247422 -0.247422 -0.136543)
(0.122096 -1.57201 -0.0241544)
(-0.315875 -1.98912 -0.123163)
(-0.128063 -2.14222 -0.31964)
(-0.219027 -2.14308 -0.451975)
(0.219025 -2.1431 -0.451974)
(0.128064 -2.14223 -0.31963)
(0.315878 -1.98911 -0.123158)
(-0.122092 -1.57201 -0.0241539)
(0.247419 -0.247422 -0.136544)
(-1.57201 0.122096 -0.0241546)
(1.6376 1.6376 -0.439372)
(-0.165296 1.96083 0.159307)
(-0.0478709 2.12788 0.130177)
(-1.28316 1.88421 -0.888085)
(1.28318 1.88418 -0.888028)
(0.0478504 2.12789 0.130219)
(0.165308 1.96082 0.159321)
(-1.63759 1.6376 -0.439361)
(1.57201 0.122097 -0.0241543)
(-1.98912 -0.315875 -0.123165)
(1.96084 -0.165291 0.159305)
(0.497454 0.497454 0.222004)
(0.9338 0.661233 0.0722107)
(-0.757438 -0.437337 0.380176)
(0.757372 -0.437398 0.380212)
(-0.933844 0.661155 0.0722086)
(-0.497525 0.497411 0.221989)
(-1.96083 -0.165285 0.159313)
(1.98911 -0.315876 -0.123165)
(-2.14221 -0.128062 -0.319641)
(2.12788 -0.0478774 0.130176)
(0.661238 0.933793 0.0722149)
(0.7634 0.763401 -0.628706)
(-0.413427 0.247422 -0.278631)
(0.413392 0.247377 -0.278662)
(-0.763364 0.763376 -0.628727)
(-0.661287 0.933761 0.0722236)
(-2.12788 -0.047894 0.130193)
(2.14221 -0.128063 -0.319639)
(-2.14307 -0.219027 -0.451975)
(1.88423 -1.28315 -0.888069)
(-0.43727 -0.757454 0.38015)
(0.247429 -0.413477 -0.278657)
(-0.709221 -0.709324 -0.722126)
(0.709147 -0.709448 -0.722198)
(-0.24733 -0.413498 -0.278737)
(0.437285 -0.757491 0.380158)
(-1.88425 -1.28315 -0.887998)
(2.14308 -0.219026 -0.451974)
(-2.14311 0.219027 -0.451973)
(1.88419 1.28317 -0.887976)
(-0.437405 0.757356 0.380219)
(0.247296 0.413413 -0.278706)
(-0.709468 0.709149 -0.722283)
(0.709395 0.709274 -0.722354)
(-0.247197 0.413439 -0.278776)
(0.437408 0.7574 0.380224)
(-1.88421 1.28317 -0.887919)
(2.14311 0.219025 -0.451973)
(-2.14223 0.128064 -0.319628)
(2.12789 0.0478556 0.130236)
(0.661133 -0.933844 0.0722138)
(0.763353 -0.763351 -0.628734)
(-0.413494 -0.247258 -0.278747)
(0.413465 -0.247213 -0.27877)
(-0.763321 -0.76333 -0.62875)
(-0.661182 -0.933809 0.0722247)
(-2.12789 0.0478748 0.130247)
(2.14223 0.128064 -0.319627)
(-1.98911 0.315878 -0.123157)
(1.96082 0.165297 0.159323)
(0.497399 -0.497543 0.221986)
(0.933758 -0.661289 0.0722259)
(-0.757487 0.437361 0.380191)
(0.757428 0.437415 0.380226)
(-0.9338 -0.661209 0.0722254)
(-0.497464 -0.497493 0.221973)
(-1.96081 0.165291 0.15933)
(1.98911 0.315879 -0.123157)
(-1.57201 -0.122091 -0.024154)
(1.6376 -1.63759 -0.439359)
(-0.165291 -1.96083 0.159319)
(-0.0478908 -2.12788 0.130198)
(-1.28316 -1.88423 -0.887993)
(1.28317 -1.8842 -0.887949)
(0.0478725 -2.12789 0.130235)
(0.165301 -1.96081 0.159332)
(-1.63759 -1.63759 -0.43935)
(1.57201 -0.122091 -0.0241538)
(-0.247422 0.247419 -0.136543)
(0.122097 1.57201 -0.024154)
(-0.315877 1.98911 -0.123163)
(-0.128063 2.14221 -0.319637)
(-0.219026 2.14308 -0.451974)
(0.219023 2.1431 -0.451973)
(0.128064 2.14222 -0.319628)
(0.315879 1.98911 -0.123157)
(-0.122092 1.57201 -0.0241536)
(0.247419 0.247419 -0.136543)
(-0.431595 -0.431594 -0.0452399)
(0.224482 -1.97248 0.133442)
(-0.472545 -1.98499 0.289573)
(-0.108151 -0.825501 0.135139)
(-0.494981 -0.733562 -0.0901468)
(0.494997 -0.733576 -0.0901249)
(0.10816 -0.825572 0.135141)
(0.472539 -1.98501 0.289574)
(-0.224479 -1.97249 0.133443)
(0.431593 -0.431596 -0.0452394)
(-1.97247 0.224481 0.133442)
(1.99762 1.99762 -0.998611)
(-1.28517 2.00891 -0.0650834)
(0.442458 0.217539 -0.213081)
(-1.46043 -0.488189 -0.937198)
(1.46039 -0.48823 -0.93717)
(-0.44236 0.217635 -0.213029)
(1.28499 2.00893 -0.0650777)
(-1.99762 1.99763 -0.998608)
(1.97247 0.224481 0.133442)
(-1.98499 -0.472546 0.289572)
(2.0089 -1.28525 -0.0650773)
(0.457727 0.457707 0.815896)
(0.908513 0.534019 1.22111)
(-0.719597 -0.848824 1.01612)
(0.719477 -0.848802 1.01613)
(-0.90855 0.533945 1.22112)
(-0.457813 0.457672 0.815874)
(-2.0089 -1.28528 -0.0651012)
(1.98499 -0.47255 0.289571)
(-0.825502 -0.108151 0.135137)
(0.217528 0.442471 -0.213092)
(0.534021 0.908506 1.22112)
(-0.355049 -0.355047 0.725562)
(-0.531818 0.04822 0.147272)
(0.531834 0.0481925 0.147234)
(0.355162 -0.355073 0.725535)
(-0.534055 0.908478 1.22113)
(-0.217506 0.442396 -0.213104)
(0.825516 -0.108156 0.135137)
(-0.73358 -0.494975 -0.0901593)
(-0.488171 -1.46045 -0.937219)
(-0.8488 -0.719618 1.01612)
(0.0482589 -0.531835 0.147225)
(-0.766573 -0.766644 -0.80432)
(0.766498 -0.766734 -0.80453)
(-0.048192 -0.531829 0.147112)
(0.848798 -0.719623 1.01612)
(0.488187 -1.46049 -0.937214)
(0.733596 -0.494977 -0.0901612)
(-0.733594 0.495004 -0.090125)
(-0.488232 1.46039 -0.937161)
(-0.848782 0.71944 1.01615)
(0.0481229 0.53186 0.147186)
(-0.766728 0.76644 -0.804767)
(0.766645 0.766523 -0.80496)
(-0.0480458 0.531847 0.147086)
(0.848781 0.719458 1.01616)
(0.488243 1.46044 -0.93716)
(0.733607 0.495003 -0.0901297)
(-0.825592 0.108164 0.135143)
(0.217649 -0.442315 -0.213013)
(0.533924 -0.908549 1.22113)
(-0.355137 0.355198 0.725528)
(-0.53185 -0.0481101 0.147046)
(0.53186 -0.0480724 0.147021)
(0.355239 0.355214 0.725507)
(-0.533957 -0.908522 1.22114)
(-0.217619 -0.442265 -0.213029)
(0.8256 0.108168 0.135142)
(-1.98501 0.472538 0.289574)
(2.00893 1.28497 -0.0650688)
(0.457684 -0.457817 0.815869)
(0.908478 -0.534055 1.22113)
(-0.719614 0.848829 1.01613)
(0.719506 0.848808 1.01614)
(-0.908517 -0.53398 1.22114)
(-0.457761 -0.457772 0.815852)
(-2.00892 1.28503 -0.0650863)
(1.98501 0.472541 0.289573)
(-1.97249 -0.224478 0.133443)
(1.99763 -1.99762 -0.99861)
(-1.28523 -2.0089 -0.0651109)
(0.442388 -0.217501 -0.2131)
(-1.46048 0.488209 -0.937182)
(1.46044 0.488245 -0.937156)
(-0.442312 -0.217592 -0.213048)
(1.28506 -2.00892 -0.0650991)
(-1.99763 -1.99763 -0.998608)
(1.97249 -0.224477 0.133444)
(-0.431596 0.431593 -0.0452393)
(0.224481 1.97248 0.133442)
(-0.47255 1.98499 0.289572)
(-0.108156 0.825519 0.135139)
(-0.494981 0.733583 -0.0901494)
(0.494996 0.733593 -0.09013)
(0.108164 0.825584 0.135142)
(0.472544 1.98501 0.289573)
(-0.224478 1.97248 0.133444)
(0.431594 0.431594 -0.0452388)
(-0.503176 -0.503175 0.0658143)
(0.355905 -1.94954 0.00943502)
(-0.548204 -1.48782 0.0655246)
(-0.00373038 -0.550531 0.00488759)
(-0.434241 -0.897703 -0.135528)
(0.434247 -0.897714 -0.135493)
(0.00373009 -0.55055 0.00489392)
(0.548202 -1.48785 0.0655307)
(-0.355901 -1.94955 0.00943427)
(0.503175 -0.503177 0.0658159)
(-1.94954 0.355904 0.00943546)
(1.9623 1.9623 -0.941081)
(-2.3165 1.47216 -0.28094)
(0.827792 -0.388494 -0.280482)
(-1.37265 -0.411956 -1.05934)
(1.37259 -0.411912 -1.05936)
(-0.827768 -0.388534 -0.280384)
(2.31649 1.47219 -0.280874)
(-1.9623 1.96232 -0.941142)
(1.94954 0.355903 0.00943665)
(-1.48782 -0.548204 0.0655244)
(1.47215 -2.31651 -0.28096)
(0.0881796 0.088162 1.25634)
(0.681652 -0.149366 1.24872)
(-0.76549 -1.57759 0.312426)
(0.765488 -1.57755 0.312397)
(-0.681691 -0.149382 1.24875)
(-0.088215 0.088161 1.25633)
(-1.47215 -2.31651 -0.28096)
(1.48782 -0.548206 0.0655292)
(-0.550542 -0.00373012 0.00488855)
(-0.388475 0.827816 -0.280506)
(-0.149372 0.681645 1.24873)
(-0.241441 -0.241437 0.590645)
(-0.609466 0.270209 -0.619758)
(0.609545 0.270214 -0.619752)
(0.241416 -0.24135 0.590576)
(0.149369 0.681634 1.24876)
(0.388463 0.827798 -0.280498)
(0.55055 -0.00373157 0.00490273)
(-0.897722 -0.434239 -0.135534)
(-0.411974 -1.37265 -1.05934)
(-1.57761 -0.76548 0.312414)
(0.27024 -0.609411 -0.619816)
(-0.648529 -0.648491 -1.2121)
(0.648471 -0.648394 -1.21233)
(-0.270231 -0.60938 -0.619895)
(1.5776 -0.765462 0.312423)
(0.411991 -1.37266 -1.05935)
(0.897734 -0.434243 -0.135521)
(-0.897736 0.434251 -0.135481)
(-0.4119 1.37257 -1.05936)
(-1.57754 0.765489 0.312428)
(0.270243 0.609552 -0.61979)
(-0.648284 0.648318 -1.2126)
(0.648215 0.648211 -1.21285)
(-0.270226 0.609503 -0.619867)
(1.57753 0.765471 0.31245)
(0.41193 1.37258 -1.05937)
(0.897745 0.434254 -0.135473)
(-0.550565 0.00373051 0.00490168)
(-0.388536 -0.827769 -0.28036)
(-0.149389 -0.681692 1.24878)
(-0.241378 0.241405 0.590567)
(-0.609414 -0.270208 -0.619961)
(0.609475 -0.270208 -0.619952)
(0.241355 0.241322 0.590503)
(0.149393 -0.681686 1.2488)
(0.388523 -0.827763 -0.280361)
(0.550573 0.00373414 0.00491381)
(-1.48786 0.548199 0.0655335)
(1.4722 2.31649 -0.280861)
(0.0881862 -0.0882001 1.25633)
(0.681634 0.14936 1.24877)
(-0.765475 1.57758 0.312458)
(0.765474 1.57755 0.312443)
(-0.681678 0.149381 1.2488)
(-0.0882155 -0.0881922 1.25631)
(-1.47219 2.3165 -0.28087)
(1.48786 0.548201 0.0655382)
(-1.94955 -0.355901 0.00943382)
(1.96232 -1.96231 -0.941167)
(-2.31652 -1.47216 -0.28095)
(0.827795 0.388472 -0.280483)
(-1.37267 0.411981 -1.05933)
(1.37261 0.411949 -1.05935)
(-0.82778 0.388512 -0.280388)
(2.31651 -1.47219 -0.28089)
(-1.96232 -1.96232 -0.941211)
(1.94955 -0.355899 0.0094353)
(-0.503178 0.503175 0.0658162)
(0.355903 1.94954 0.00943661)
(-0.548207 1.48782 0.0655321)
(-0.00372964 0.550544 0.00490901)
(-0.434246 0.897719 -0.135512)
(0.434251 0.897728 -0.135481)
(0.00373191 0.550564 0.00491346)
(0.548203 1.48785 0.065538)
(-0.355899 1.94955 0.00943607)
(0.503177 0.503176 0.0658178)
(-0.493236 -0.493236 0.0991919)
(0.472225 -1.92646 0.115923)
(-0.621414 -1.09364 0.370314)
(0.0237601 -0.615216 0.413055)
(-0.514932 -0.953192 0.180444)
(0.514935 -0.953196 0.180456)
(-0.0237836 -0.615232 0.413085)
(0.621412 -1.09368 0.370314)
(-0.472222 -1.92648 0.115922)
(0.493237 -0.493238 0.0991952)
(-1.92646 0.472225 0.115923)
(1.91733 1.91733 -0.519884)
(-2.39323 0.700031 -0.382741)
(1.05535 -0.641794 -0.445723)
(-1.15215 -0.36525 -0.813756)
(1.15207 -0.365091 -0.813809)
(-1.0554 -0.641878 -0.445691)
(2.3933 0.700046 -0.382724)
(-1.91733 1.91735 -0.5199)
(1.92647 0.472226 0.115924)
(-1.09364 -0.621412 0.370315)
(0.700046 -2.39322 -0.382751)
(-0.300003 -0.300018 1.40447)
(0.428376 -1.0252 1.32128)
(-0.751047 -1.30924 0.288826)
(0.751061 -1.30918 0.288878)
(-0.428409 -1.02517 1.32127)
(0.300016 -0.299988 1.40445)
(-0.700097 -2.39325 -0.382771)
(1.09365 -0.621412 0.370314)
(-0.61522 0.023749 0.413048)
(-0.641746 1.05535 -0.445741)
(-1.02521 0.428389 1.32129)
(0.250287 0.250311 0.856239)
(-0.828682 0.308509 -0.80146)
(0.828797 0.308639 -0.801421)
(-0.250344 0.250432 0.856221)
(1.0252 0.428415 1.3213)
(0.641716 1.05539 -0.445746)
(0.615215 0.0237438 0.413046)
(-0.9532 -0.514933 0.180445)
(-0.365299 -1.15216 -0.813752)
(-1.30924 -0.751028 0.288793)
(0.308499 -0.828581 -0.801518)
(-0.543192 -0.543099 -1.31494)
(0.54317 -0.542928 -1.31511)
(-0.308591 -0.828557 -0.801574)
(1.3092 -0.751004 0.288803)
(0.365283 -1.15213 -0.813776)
(0.953206 -0.514936 0.180457)
(-0.953206 0.514941 0.180465)
(-0.365054 1.15204 -0.813822)
(-1.30915 0.751069 0.288907)
(0.30879 0.82881 -0.80147)
(-0.542806 0.543055 -1.31532)
(0.542788 0.542889 -1.31552)
(-0.308863 0.828765 -0.801538)
(1.30913 0.751044 0.288916)
(0.365072 1.15202 -0.813833)
(0.953211 0.514944 0.180475)
(-0.615244 -0.0237861 0.413096)
(-0.641866 -1.05541 -0.445689)
(-1.02516 -0.428431 1.32129)
(0.250422 -0.250385 0.856232)
(-0.828586 -0.308682 -0.801698)
(0.828682 -0.308797 -0.801667)
(-0.250462 -0.250491 0.856196)
(1.02516 -0.428457 1.3213)
(0.641825 -1.05546 -0.445695)
(0.615247 -0.0237764 0.413095)
(-1.09369 0.621407 0.370316)
(0.700054 2.39331 -0.382723)
(-0.299953 0.300039 1.40445)
(0.428404 1.02518 1.32131)
(-0.751001 1.30919 0.288833)
(0.751016 1.30914 0.288885)
(-0.428438 1.02516 1.32129)
(0.299963 0.300007 1.40442)
(-0.700095 2.39333 -0.382734)
(1.0937 0.621403 0.370319)
(-1.92648 -0.472223 0.115922)
(1.91735 -1.91733 -0.519906)
(-2.39327 -0.700103 -0.382772)
(1.05541 0.641721 -0.445742)
(-1.15214 0.365242 -0.813762)
(1.15207 0.365113 -0.8138)
(-1.05546 0.641799 -0.445708)
(2.39333 -0.700109 -0.382746)
(-1.91734 -1.91734 -0.519918)
(1.92649 -0.472224 0.115922)
(-0.493239 0.493237 0.099196)
(0.472226 1.92647 0.115924)
(-0.621412 1.09366 0.370314)
(0.0237553 0.615211 0.41305)
(-0.514937 0.9532 0.180461)
(0.51494 0.953203 0.180473)
(-0.023775 0.615236 0.413083)
(0.621406 1.0937 0.370317)
(-0.472224 1.92648 0.115923)
(0.493239 0.493239 0.0991992)
(-0.510367 -0.510368 0.0485786)
(0.392081 -1.85755 0.106824)
(-0.575726 -0.829878 0.484479)
(-0.0021893 -0.654044 0.584612)
(-0.625699 -0.913668 0.252098)
(0.625702 -0.913671 0.252085)
(0.00216961 -0.654054 0.584664)
(0.575725 -0.829909 0.48448)
(-0.392084 -1.85757 0.106822)
(0.510368 -0.510369 0.0485816)
(-1.85755 0.392083 0.106824)
(1.85762 1.85762 -0.271518)
(-2.27503 0.663021 -0.284995)
(1.20819 0.102187 -0.512673)
(-1.06125 -0.289538 -0.774357)
(1.06118 -0.289403 -0.774419)
(-1.20824 0.102243 -0.512685)
(2.2751 0.66305 -0.284999)
(-1.85763 1.85763 -0.271524)
(1.85756 0.392085 0.106826)
(-0.829882 -0.575721 0.484477)
(0.663071 -2.27502 -0.285025)
(-0.653297 -0.653305 1.44701)
(0.211644 -1.33058 1.07533)
(-0.616606 -0.938734 -0.253833)
(0.616673 -0.938717 -0.253813)
(-0.211585 -1.33058 1.07525)
(0.653333 -0.65328 1.44699)
(-0.663137 -2.27506 -0.285053)
(0.8299 -0.575718 0.48447)
(-0.654053 -0.00221355 0.584596)
(0.102207 1.20816 -0.512689)
(-1.33058 0.211711 1.07536)
(0.541632 0.541711 0.550959)
(-0.719417 0.361385 -1.09772)
(0.719536 0.361616 -1.09767)
(-0.541634 0.54188 0.550933)
(1.3306 0.211813 1.07539)
(-0.102258 1.20819 -0.512715)
(0.654065 -0.00223307 0.584591)
(-0.913672 -0.625701 0.252108)
(-0.289596 -1.06126 -0.774354)
(-0.938734 -0.616571 -0.253867)
(0.361344 -0.719338 -1.09774)
(-0.427772 -0.427663 -1.41)
(0.42779 -0.427509 -1.41002)
(-0.361481 -0.719382 -1.09775)
(0.938719 -0.616549 -0.253859)
(0.289574 -1.06119 -0.774361)
(0.913679 -0.625699 0.252117)
(-0.913678 0.625707 0.25209)
(-0.289381 1.06116 -0.77444)
(-0.938699 0.616702 -0.253809)
(0.361829 0.719581 -1.09769)
(-0.427443 0.427745 -1.41005)
(0.427476 0.427605 -1.4101)
(-0.361935 0.719613 -1.09772)
(0.938676 0.61667 -0.253796)
(0.28939 1.0611 -0.774432)
(0.913683 0.625707 0.252107)
(-0.65407 0.00217701 0.584677)
(0.1023 -1.20824 -0.512706)
(-1.33057 -0.211623 1.07528)
(0.541937 -0.541732 0.550958)
(-0.719384 -0.361624 -1.09783)
(0.719494 -0.361829 -1.0978)
(-0.5419 -0.541864 0.550907)
(1.33059 -0.211734 1.07532)
(-0.102351 -1.20826 -0.512733)
(0.654084 0.0022008 0.584671)
(-0.829919 0.575718 0.484482)
(0.663091 2.27512 -0.285026)
(-0.65325 0.653344 1.44699)
(0.211799 1.33058 1.07539)
(-0.616565 0.938709 -0.253832)
(0.61662 0.938684 -0.253804)
(-0.211749 1.33058 1.07532)
(0.653272 0.653305 1.44696)
(-0.66318 2.27517 -0.285071)
(0.829938 0.575708 0.484479)
(-1.85757 -0.392086 0.106821)
(1.85764 -1.85763 -0.271525)
(-2.27507 -0.663129 -0.285048)
(1.20823 -0.102276 -0.512719)
(-1.06122 0.289517 -0.774355)
(1.06116 0.289405 -0.774401)
(-1.20827 -0.102337 -0.512731)
(2.27515 -0.663177 -0.285066)
(-1.85764 -1.85764 -0.271518)
(1.85758 -0.39209 0.106821)
(-0.51037 0.510369 0.0485821)
(0.392086 1.85757 0.106825)
(-0.575718 0.829906 0.484468)
(-0.00221757 0.654063 0.584599)
(-0.6257 0.913677 0.252114)
(0.625705 0.91368 0.252109)
(0.00220042 0.654078 0.584652)
(0.57571 0.829937 0.484474)
(-0.39209 1.85758 0.106823)
(0.510371 0.51037 0.048585)
(-0.605535 -0.605535 0.221783)
(0.370811 -1.88934 0.118382)
(-0.547054 -0.700603 0.581338)
(-0.0555724 -0.625314 0.689345)
(-0.690765 -0.864374 0.380715)
(0.69076 -0.864376 0.380675)
(0.0555722 -0.625331 0.689367)
(0.547063 -0.700614 0.581331)
(-0.370811 -1.88935 0.118384)
(0.605535 -0.605536 0.221785)
(-1.88934 0.370817 0.118382)
(1.8737 1.8737 0.0108782)
(-2.13424 0.849301 -0.257333)
(1.12856 0.444238 -0.579308)
(-1.10226 -0.324448 -0.655763)
(1.10224 -0.324399 -0.655827)
(-1.12864 0.444351 -0.57935)
(2.13428 0.84931 -0.257379)
(-1.8737 1.87371 0.0108887)
(1.88935 0.370822 0.118385)
(-0.700611 -0.547043 0.581334)
(0.84933 -2.1342 -0.257341)
(-0.851672 -0.851669 1.69065)
(0.430515 -1.19795 0.932823)
(-0.393956 -0.77125 -0.408415)
(0.394213 -0.771334 -0.408388)
(-0.430471 -1.19794 0.932761)
(0.851698 -0.851654 1.69066)
(-0.84937 -2.1342 -0.257372)
(0.700632 -0.547037 0.581325)
(-0.625324 -0.0555935 0.689333)
(0.444235 1.1285 -0.579325)
(-1.19796 0.430545 0.932865)
(0.529538 0.529623 0.294585)
(-0.530501 0.355716 -1.19272)
(0.530531 0.355886 -1.1927)
(-0.52957 0.529793 0.294628)
(1.19799 0.430592 0.932899)
(-0.444255 1.12847 -0.579373)
(0.625341 -0.0556116 0.689315)
(-0.864376 -0.690767 0.380733)
(-0.324483 -1.10223 -0.655772)
(-0.771248 -0.393823 -0.408442)
(0.355697 -0.530503 -1.19269)
(-0.361925 -0.361815 -1.42098)
(0.36199 -0.361717 -1.42089)
(-0.35581 -0.530572 -1.19266)
(0.7713 -0.393804 -0.408415)
(0.324469 -1.10218 -0.655775)
(0.864377 -0.69076 0.380732)
(-0.864381 0.690761 0.380673)
(-0.324403 1.10222 -0.655863)
(-0.771364 0.394226 -0.408406)
(0.35605 0.53057 -1.19269)
(-0.361735 0.362014 -1.4208)
(0.361815 0.36193 -1.42074)
(-0.356142 0.530648 -1.19268)
(0.771391 0.394159 -0.408381)
(0.324402 1.10219 -0.655854)
(0.864382 0.690759 0.380685)
(-0.625348 0.0555901 0.689369)
(0.444406 -1.12861 -0.579387)
(-1.19794 -0.430486 0.932789)
(0.529888 -0.52971 0.29468)
(-0.530549 -0.355923 -1.19269)
(0.530589 -0.356076 -1.1927)
(-0.529888 -0.52985 0.294688)
(1.19798 -0.430555 0.932843)
(-0.444419 -1.12854 -0.579433)
(0.625361 0.0556167 0.689356)
(-0.700621 0.547056 0.581328)
(0.849339 2.13426 -0.257404)
(-0.851646 0.851696 1.69067)
(0.430608 1.19797 0.932889)
(-0.393908 0.771306 -0.408397)
(0.394109 0.771368 -0.408372)
(-0.430585 1.19797 0.932846)
(0.851669 0.851678 1.69069)
(-0.849401 2.13424 -0.257433)
(0.700642 0.54704 0.581319)
(-1.88935 -0.370815 0.118382)
(1.87371 -1.8737 0.0108985)
(-2.13422 -0.849364 -0.257384)
(1.12848 -0.444272 -0.579372)
(-1.10225 0.324426 -0.655775)
(1.10225 0.324386 -0.655828)
(-1.12852 -0.444388 -0.579418)
(2.13425 -0.849395 -0.257429)
(-1.87371 -1.87371 0.0109335)
(1.88936 -0.370821 0.11838)
(-0.605537 0.605535 0.221785)
(0.37082 1.88935 0.118385)
(-0.547041 0.700634 0.581323)
(-0.0556038 0.625342 0.689314)
(-0.690758 0.864377 0.380718)
(0.690757 0.864379 0.380689)
(0.0556113 0.625357 0.689343)
(0.547041 0.700644 0.581316)
(-0.370821 1.88936 0.118381)
(0.605537 0.605536 0.221785)
(-0.676176 -0.676177 0.299256)
(0.531881 -1.96584 0.111128)
(-0.502712 -0.629438 0.603605)
(-0.0336736 -0.537968 0.725202)
(-0.708134 -0.778918 0.450772)
(0.708123 -0.778924 0.450726)
(0.0336754 -0.537984 0.725201)
(0.502729 -0.629438 0.603606)
(-0.531881 -1.96585 0.111133)
(0.676177 -0.676177 0.299257)
(-1.96584 0.531885 0.111126)
(1.9752 1.9752 0.104047)
(-1.12834 1.14197 0.1302)
(0.584496 0.475114 -0.539129)
(-0.952131 -0.310609 -0.718094)
(0.952216 -0.310664 -0.718081)
(-0.584475 0.475175 -0.53918)
(1.12845 1.14195 0.130145)
(-1.97521 1.97521 0.104076)
(1.96586 0.531888 0.111129)
(-0.629455 -0.502695 0.603601)
(1.142 -1.12822 0.130204)
(-0.878307 -0.878297 1.79579)
(0.932499 -0.918339 0.775455)
(-0.239161 -0.704702 -0.556152)
(0.239328 -0.704868 -0.556101)
(-0.932517 -0.918334 0.775443)
(0.878324 -0.878291 1.79582)
(-1.14202 -1.12818 0.130194)
(0.629483 -0.502683 0.603595)
(-0.53798 -0.0336825 0.725199)
(0.475122 0.584538 -0.539139)
(-0.918356 0.932474 0.77548)
(0.602503 0.602495 -0.00526214)
(-0.332772 0.389087 -1.25924)
(0.332724 0.389146 -1.25928)
(-0.60256 0.602492 -0.00525423)
(0.918381 0.932457 0.775493)
(-0.475117 0.584558 -0.53918)
(0.537996 -0.0336851 0.725188)
(-0.778922 -0.708134 0.450791)
(-0.31058 -0.952046 -0.718102)
(-0.704669 -0.239057 -0.556178)
(0.389103 -0.332828 -1.25918)
(-0.313528 -0.313459 -1.41513)
(0.313626 -0.313454 -1.41491)
(-0.389162 -0.332886 -1.25914)
(0.704741 -0.239061 -0.556172)
(0.310562 -0.95204 -0.718073)
(0.778922 -0.708122 0.450785)
(-0.778933 0.708119 0.450723)
(-0.310659 0.952175 -0.718082)
(-0.704926 0.239306 -0.556113)
(0.389238 0.332737 -1.25924)
(-0.31355 0.313719 -1.41467)
(0.313659 0.313725 -1.41449)
(-0.389301 0.332814 -1.25921)
(0.704965 0.239277 -0.556108)
(0.310619 0.952147 -0.718063)
(0.778933 0.708111 0.450729)
(-0.537997 0.033686 0.7252)
(0.475211 -0.584488 -0.53921)
(-0.91835 -0.932509 0.775468)
(0.602525 -0.60262 -0.0052526)
(-0.33285 -0.389215 -1.25914)
(0.332816 -0.38928 -1.25918)
(-0.602595 -0.602631 -0.00525886)
(0.918377 -0.932509 0.775498)
(-0.475205 -0.584491 -0.539233)
(0.538004 0.0337043 0.725198)
(-0.629446 0.502723 0.603601)
(1.14198 1.12838 0.130128)
(-0.878292 0.878311 1.79582)
(0.932493 0.918374 0.775481)
(-0.239153 0.704776 -0.556151)
(0.23928 0.704912 -0.556105)
(-0.932529 0.918371 0.775485)
(0.878296 0.878288 1.79585)
(-1.14203 1.12825 0.130121)
(0.629473 0.502707 0.603588)
(-1.96585 -0.531884 0.11113)
(1.97521 -1.97521 0.104078)
(-1.12822 -1.14201 0.13019)
(0.584498 -0.475127 -0.539178)
(-0.952074 0.31056 -0.718083)
(0.952141 0.310602 -0.71808)
(-0.584452 -0.475192 -0.539217)
(1.12823 -1.14203 0.130138)
(-1.97521 -1.97521 0.104084)
(1.96586 -0.531885 0.111125)
(-0.676177 0.676177 0.299257)
(0.531887 1.96586 0.111129)
(-0.502687 0.629483 0.603593)
(-0.0336817 0.537999 0.725181)
(-0.708121 0.778922 0.450764)
(0.708114 0.778927 0.450728)
(0.033699 0.538006 0.725189)
(0.5027 0.629481 0.603586)
(-0.531886 1.96586 0.111125)
(0.676178 0.676178 0.299258)
(-0.738806 -0.738806 0.352159)
(0.62661 -1.90835 0.00753021)
(-0.215628 -0.884483 0.553602)
(0.071776 -0.470212 0.822101)
(-0.642493 -0.669891 0.520041)
(0.642474 -0.669889 0.520019)
(-0.0717763 -0.470233 0.822096)
(0.215653 -0.884479 0.553605)
(-0.626612 -1.90838 0.00753807)
(0.738807 -0.738806 0.352159)
(-1.90835 0.62661 0.00752476)
(1.64264 1.64266 -0.699045)
(-1.34634 1.14268 0.493604)
(0.416933 0.471823 -0.437192)
(-0.898829 -0.140676 -0.811626)
(0.898836 -0.140779 -0.811574)
(-0.416897 0.471819 -0.437253)
(1.34637 1.14268 0.493559)
(-1.64269 1.64274 -0.699013)
(1.90837 0.626609 0.00752333)
(-0.884497 -0.215612 0.553597)
(1.1427 -1.34625 0.493582)
(-0.829898 -0.829887 1.82541)
(1.0281 -0.770511 0.552192)
(-0.326833 -0.596693 -0.529211)
(0.326813 -0.59683 -0.529124)
(-1.02814 -0.770505 0.552249)
(0.829876 -0.829879 1.82543)
(-1.14274 -1.34612 0.493543)
(0.884522 -0.215604 0.553593)
(-0.470221 0.0717673 0.822099)
(0.471839 0.416968 -0.437193)
(-0.770526 1.02806 0.552184)
(0.617925 0.6179 -0.206278)
(-0.245005 0.376845 -1.25089)
(0.244945 0.376835 -1.25096)
(-0.617909 0.617798 -0.206254)
(0.770535 1.02805 0.552188)
(-0.471843 0.416938 -0.437216)
(0.470244 0.0717577 0.822092)
(-0.6699 -0.642489 0.520047)
(-0.140594 -0.898825 -0.811626)
(-0.596658 -0.326788 -0.529239)
(0.37686 -0.245079 -1.25082)
(-0.294326 -0.29439 -1.36309)
(0.294382 -0.294542 -1.36286)
(-0.376838 -0.245114 -1.25081)
(0.596707 -0.326753 -0.529221)
(0.140585 -0.898846 -0.811578)
(0.669901 -0.642475 0.520039)
(-0.669899 0.642459 0.520014)
(-0.140743 0.89884 -0.81155)
(-0.596874 0.326751 -0.529126)
(0.376853 0.244953 -1.25093)
(-0.294667 0.294499 -1.36258)
(0.294729 0.294657 -1.36237)
(-0.376851 0.245002 -1.25091)
(0.596899 0.326706 -0.52911)
(0.140704 0.89886 -0.811523)
(0.669903 0.642447 0.520007)
(-0.470239 -0.071774 0.822091)
(0.471825 -0.416903 -0.437278)
(-0.770524 -1.02813 0.552273)
(0.617794 -0.617884 -0.206239)
(-0.245098 -0.376822 -1.25081)
(0.245045 -0.376832 -1.25086)
(-0.617805 -0.617807 -0.206228)
(0.770534 -1.02812 0.55228)
(-0.471832 -0.416879 -0.437274)
(0.470237 -0.0717592 0.822089)
(-0.884487 0.21565 0.553597)
(1.14269 1.34634 0.493528)
(-0.829889 0.829851 1.82543)
(1.02809 0.770529 0.552201)
(-0.326766 0.596744 -0.5292)
(0.32674 0.596858 -0.529123)
(-1.02813 0.77052 0.552258)
(0.829878 0.829848 1.82546)
(-1.14273 1.34624 0.493495)
(0.884508 0.215642 0.553581)
(-1.90838 -0.626612 0.0075347)
(1.64274 -1.64269 -0.699024)
(-1.34614 -1.14273 0.493549)
(0.416895 -0.471838 -0.437216)
(-0.898827 0.140666 -0.811586)
(0.898837 0.140751 -0.811555)
(-0.416855 -0.471837 -0.43725)
(1.34619 -1.14274 0.493509)
(-1.64272 -1.6427 -0.699046)
(1.90838 -0.626612 0.00752716)
(-0.738806 0.738807 0.352159)
(0.626609 1.90837 0.00752374)
(-0.215606 0.884523 0.553593)
(0.0717569 0.470252 0.822087)
(-0.642476 0.669894 0.520025)
(0.642458 0.669893 0.520004)
(-0.0717526 0.470249 0.822086)
(0.215629 0.884516 0.553582)
(-0.626612 1.90838 0.00752412)
(0.738807 0.738807 0.35216)
(-0.800094 -0.800094 0.40179)
(0.687436 -1.47601 -0.0276626)
(-0.19307 -0.871142 0.668709)
(0.0927046 -0.419229 0.951665)
(-0.549761 -0.507416 0.53738)
(0.549744 -0.507404 0.537365)
(-0.0927133 -0.419236 0.951669)
(0.193096 -0.87114 0.668712)
(-0.687439 -1.47605 -0.0276698)
(0.800095 -0.800094 0.40179)
(-1.47601 0.687435 -0.0276647)
(0.213553 0.213597 -0.268829)
(-1.43659 0.995797 0.630943)
(0.183033 0.472142 -0.508107)
(-0.895901 0.0143025 -0.979345)
(0.895884 0.0141499 -0.979266)
(-0.182973 0.472069 -0.508182)
(1.43662 0.995787 0.630918)
(-0.213559 0.21369 -0.268867)
(1.47603 0.687438 -0.0276762)
(-0.87115 -0.193055 0.668706)
(0.995808 -1.43656 0.630931)
(-0.843118 -0.843099 1.82829)
(0.959738 -0.647166 0.420548)
(-0.363526 -0.492557 -0.523475)
(0.363474 -0.492649 -0.523475)
(-0.959747 -0.647184 0.420598)
(0.843067 -0.843097 1.82831)
(-0.995829 -1.43652 0.630933)
(0.871168 -0.193038 0.668701)
(-0.419237 0.0926944 0.951659)
(0.472176 0.183058 -0.50808)
(-0.647199 0.959708 0.420539)
(0.557667 0.557648 -0.494784)
(-0.211454 0.35037 -1.22234)
(0.211436 0.350324 -1.22242)
(-0.557618 0.557559 -0.494772)
(0.647203 0.959695 0.420539)
(-0.472173 0.183005 -0.508063)
(0.419243 0.0926844 0.951659)
(-0.50743 -0.549757 0.537373)
(0.0144266 -0.895911 -0.979361)
(-0.492534 -0.363514 -0.52345)
(0.350385 -0.21151 -1.22229)
(-0.269978 -0.270118 -1.33974)
(0.269972 -0.270313 -1.3396)
(-0.350321 -0.211519 -1.22232)
(0.492554 -0.363501 -0.523418)
(-0.0144216 -0.895942 -0.979327)
(0.507425 -0.54975 0.537363)
(-0.50741 0.549725 0.537351)
(0.0142069 0.895884 -0.979245)
(-0.492686 0.363422 -0.523462)
(0.350297 0.211446 -1.22241)
(-0.270371 0.270018 -1.33945)
(0.270362 0.270211 -1.33932)
(-0.350257 0.211451 -1.22241)
(0.49269 0.363401 -0.523422)
(-0.0142231 0.895912 -0.979236)
(0.507405 0.549712 0.537338)
(-0.419243 -0.0927135 0.951662)
(0.472061 -0.182959 -0.508186)
(-0.647243 -0.959732 0.420608)
(0.557552 -0.557566 -0.494765)
(-0.21151 -0.350263 -1.22231)
(0.211484 -0.35024 -1.22237)
(-0.557529 -0.557496 -0.494764)
(0.647255 -0.959732 0.420604)
(-0.472074 -0.182919 -0.508147)
(0.419244 -0.0926978 0.951651)
(-0.871146 0.193101 0.668707)
(0.995788 1.43662 0.630894)
(-0.843121 0.84303 1.8283)
(0.959722 0.647167 0.420548)
(-0.363487 0.492582 -0.523434)
(0.363438 0.492659 -0.523432)
(-0.959746 0.647178 0.420592)
(0.843109 0.843057 1.82833)
(-0.995806 1.43659 0.63088)
(0.871159 0.193103 0.668696)
(-1.47604 -0.687439 -0.0276706)
(0.213678 -0.213567 -0.268874)
(-1.43652 -0.995827 0.630937)
(0.182971 -0.472137 -0.508088)
(-0.895916 -0.0142655 -0.979319)
(0.895904 -0.0141276 -0.979265)
(-0.182915 -0.472078 -0.508143)
(1.43656 -0.995817 0.6309)
(-0.213643 -0.213604 -0.268892)
(1.47604 -0.687441 -0.0276717)
(-0.800094 0.800096 0.40179)
(0.687439 1.47603 -0.0276749)
(-0.193042 0.871168 0.668702)
(0.0926873 0.419243 0.951663)
(-0.549753 0.507412 0.537364)
(0.549729 0.507398 0.537348)
(-0.0926905 0.419245 0.951656)
(0.193084 0.871164 0.668697)
(-0.687442 1.47603 -0.0276717)
(0.800096 0.800096 0.40179)
(-0.834515 -0.834514 0.468773)
(0.738529 -1.23723 0.23787)
(-0.350001 -0.835473 0.803759)
(0.146403 -0.255671 0.952002)
(-0.517348 -0.0765299 0.529319)
(0.517347 -0.0764968 0.529349)
(-0.146431 -0.255654 0.95202)
(0.350021 -0.835471 0.803759)
(-0.738532 -1.23724 0.237861)
(0.834516 -0.834514 0.468772)
(-1.23723 0.738527 0.237874)
(-0.0498759 -0.0498648 -0.372415)
(-1.2443 0.897322 0.495649)
(0.139548 0.558105 -0.514853)
(-0.845053 0.160307 -1.14869)
(0.845065 0.160279 -1.14864)
(-0.139501 0.558027 -0.514924)
(1.24434 0.897312 0.49563)
(0.0498813 -0.0498548 -0.372418)
(1.23724 0.738529 0.237868)
(-0.835476 -0.349993 0.803758)
(0.897327 -1.24429 0.495647)
(-0.840111 -0.840077 1.816)
(0.843564 -0.226514 0.27365)
(-0.453139 -0.326221 -0.46583)
(0.453133 -0.326201 -0.465843)
(-0.843531 -0.226614 0.273705)
(0.840063 -0.840085 1.81602)
(-0.897333 -1.2443 0.495659)
(0.835479 -0.349983 0.803757)
(-0.25568 0.146392 0.951991)
(0.558133 0.139549 -0.51482)
(-0.226546 0.843556 0.27366)
(0.431469 0.431446 -0.567264)
(-0.162185 0.306343 -1.19067)
(0.162233 0.306284 -1.19072)
(-0.43141 0.431375 -0.567264)
(0.226554 0.843549 0.273676)
(-0.558118 0.1395 -0.514802)
(0.255667 0.146389 0.951994)
(-0.0765328 -0.51734 0.529284)
(0.160361 -0.845041 -1.1487)
(-0.326219 -0.453155 -0.465785)
(0.306366 -0.162213 -1.19066)
(-0.213154 -0.213221 -1.30587)
(0.213186 -0.213345 -1.30579)
(-0.30632 -0.162235 -1.1907)
(0.326197 -0.453194 -0.465737)
(-0.160337 -0.845042 -1.14868)
(0.0765013 -0.517338 0.529275)
(-0.0764746 0.517326 0.529323)
(0.160328 0.845055 -1.14861)
(-0.3262 0.453138 -0.465809)
(0.306256 0.162251 -1.19073)
(-0.213389 0.21322 -1.30571)
(0.213409 0.213334 -1.30562)
(-0.306229 0.162246 -1.19074)
(0.326176 0.453161 -0.465758)
(-0.160292 0.845051 -1.14861)
(0.0764369 0.51731 0.529302)
(-0.255663 -0.146436 0.952012)
(0.558017 -0.13947 -0.514919)
(-0.226686 -0.843521 0.273719)
(0.431358 -0.431356 -0.567262)
(-0.162232 -0.306259 -1.1907)
(0.162252 -0.306218 -1.19073)
(-0.431327 -0.431302 -0.567276)
(0.226681 -0.843536 0.273715)
(-0.558019 -0.139426 -0.51488)
(0.255671 -0.14642 0.951997)
(-0.835477 0.350026 0.803754)
(0.897311 1.24435 0.495616)
(-0.840118 0.840029 1.81602)
(0.84355 0.226517 0.273667)
(-0.453168 0.326197 -0.465784)
(0.453163 0.326182 -0.465797)
(-0.843545 0.226587 0.2737)
(0.840121 0.840072 1.81605)
(-0.897324 1.24434 0.495617)
(0.835487 0.350026 0.803745)
(-1.23724 -0.738531 0.237864)
(-0.0498613 0.0498769 -0.372424)
(-1.2443 -0.897331 0.495658)
(0.139491 -0.55808 -0.514839)
(-0.845037 -0.160235 -1.14868)
(0.845051 -0.160195 -1.14864)
(-0.139447 -0.558014 -0.51489)
(1.24432 -0.897329 0.495632)
(0.0498663 0.0498711 -0.372435)
(1.23724 -0.738532 0.237867)
(-0.834515 0.834516 0.468772)
(0.738531 1.23724 0.237867)
(-0.349986 0.835481 0.803757)
(0.146398 0.255653 0.952007)
(-0.517346 0.0764908 0.529317)
(0.517332 0.0764513 0.529336)
(-0.146412 0.255659 0.952008)
(0.350014 0.835487 0.803748)
(-0.738535 1.23724 0.237869)
(0.834517 0.834517 0.468772)
(-0.829414 -0.829413 0.495812)
(0.784476 -1.03212 0.387651)
(-0.444947 -0.805593 0.90307)
(0.231488 0.0693696 0.868473)
(-0.609968 0.800851 0.302929)
(0.609985 0.800889 0.302936)
(-0.231515 0.069422 0.868499)
(0.444956 -0.805582 0.903066)
(-0.784475 -1.03212 0.38765)
(0.829414 -0.829413 0.49581)
(-1.03212 0.784474 0.387651)
(-0.0374517 -0.0374481 -0.152279)
(-1.07068 0.850937 0.407631)
(0.0296298 0.713828 -0.572283)
(-0.710775 0.172727 -1.09703)
(0.71072 0.172806 -1.09696)
(-0.0296236 0.713749 -0.572309)
(1.07071 0.850924 0.407624)
(0.0374719 -0.0374561 -0.152294)
(1.03212 0.784474 0.387643)
(-0.805595 -0.444944 0.90307)
(0.850941 -1.07068 0.407637)
(-0.790827 -0.790784 1.84048)
(0.66882 0.233667 0.217841)
(-0.562263 -0.164113 -0.441059)
(0.562279 -0.164068 -0.441086)
(-0.668781 0.233592 0.217918)
(0.790801 -0.790791 1.8405)
(-0.850942 -1.0707 0.40765)
(0.80559 -0.44494 0.903067)
(0.0693546 0.231468 0.868459)
(0.713842 0.0296221 -0.57226)
(0.23364 0.668833 0.217861)
(0.291476 0.291452 -0.4247)
(-0.0828873 0.264228 -1.13277)
(0.082956 0.264161 -1.13279)
(-0.291406 0.29138 -0.424705)
(-0.233637 0.668809 0.217896)
(-0.713806 0.0295926 -0.572241)
(-0.0693795 0.231461 0.868466)
(0.800859 -0.609994 0.302887)
(0.172705 -0.710762 -1.09704)
(-0.164099 -0.562288 -0.441013)
(0.264258 -0.082897 -1.13277)
(-0.15826 -0.158291 -1.26231)
(0.158294 -0.158367 -1.26226)
(-0.264237 -0.0829303 -1.13281)
(0.164042 -0.562362 -0.440979)
(-0.172665 -0.710718 -1.09702)
(-0.800905 -0.610024 0.302878)
(0.800943 0.610005 0.30288)
(0.172822 0.710677 -1.09693)
(-0.16404 0.562314 -0.441047)
(0.26414 0.0829751 -1.1328)
(-0.15839 0.158312 -1.26221)
(0.158405 0.158371 -1.26216)
(-0.26413 0.0829737 -1.13282)
(0.163991 0.562381 -0.441014)
(-0.172749 0.710648 -1.09693)
(-0.801016 0.610017 0.302855)
(0.0694231 -0.231506 0.868492)
(0.713733 -0.029604 -0.572299)
(0.233549 -0.668772 0.217954)
(0.291354 -0.291351 -0.424706)
(-0.0829308 -0.264181 -1.13281)
(0.0829647 -0.264123 -1.13281)
(-0.291315 -0.291297 -0.424724)
(-0.233577 -0.668759 0.217951)
(-0.713721 -0.0295729 -0.572273)
(-0.0694155 -0.231488 0.868477)
(-0.805583 0.444957 0.903061)
(0.850924 1.07073 0.407625)
(-0.790816 0.790777 1.8405)
(0.668785 -0.233665 0.217882)
(-0.562325 0.164055 -0.441029)
(0.562345 0.164024 -0.441054)
(-0.668761 -0.233619 0.217922)
(0.790831 0.790807 1.84054)
(-0.850933 1.07073 0.407634)
(0.805589 0.444953 0.903055)
(-1.03212 -0.784472 0.387654)
(-0.0374658 0.0374731 -0.152294)
(-1.0707 -0.850937 0.407641)
(0.0296004 -0.713779 -0.572266)
(-0.710727 -0.172662 -1.09701)
(0.710686 -0.172709 -1.09695)
(-0.029593 -0.713717 -0.572288)
(1.07072 -0.850934 0.407632)
(0.0374848 0.0374791 -0.152296)
(1.03212 -0.784474 0.387654)
(-0.829414 0.829414 0.49581)
(0.784477 1.03212 0.387643)
(-0.444942 0.805589 0.903066)
(0.231484 -0.0694075 0.868482)
(-0.609999 -0.800899 0.302933)
(0.610001 -0.80096 0.302926)
(-0.231499 -0.0694246 0.868492)
(0.444948 0.80559 0.903059)
(-0.784479 1.03212 0.387651)
(0.829416 0.829416 0.495809)
(-0.796863 -0.796862 0.507217)
(0.729621 -0.842977 0.540875)
(-0.466749 -0.700103 1.01945)
(0.201047 0.687114 0.624784)
(-0.697403 0.832263 -0.183074)
(0.697564 0.832276 -0.183084)
(-0.201034 0.687125 0.624827)
(0.466746 -0.700076 1.01944)
(-0.72962 -0.842984 0.540878)
(0.796862 -0.796863 0.507217)
(-0.842976 0.729618 0.540876)
(-0.0249773 -0.0249756 -0.0855863)
(-1.04806 0.756759 0.383957)
(-0.0229664 0.833906 -0.594421)
(-0.569132 -0.0230157 -1.02604)
(0.569047 -0.0229411 -1.02602)
(0.0229722 0.83376 -0.594473)
(1.04809 0.756733 0.383941)
(0.0250098 -0.0249896 -0.0855728)
(0.842981 0.729619 0.540879)
(-0.700107 -0.466749 1.01946)
(0.756765 -1.04806 0.383979)
(-0.714575 -0.714528 1.92789)
(0.560734 0.429481 0.314202)
(-0.592503 -0.130152 -0.492669)
(0.592532 -0.130137 -0.492605)
(-0.560742 0.429318 0.314279)
(0.714572 -0.714526 1.92793)
(-0.756762 -1.04807 0.383994)
(0.700097 -0.466745 1.01946)
(0.687111 0.201035 0.624781)
(0.833912 -0.0229606 -0.594387)
(0.429511 0.56073 0.314236)
(0.126224 0.126196 -0.16582)
(-0.0179709 0.230131 -1.08362)
(0.0180261 0.230087 -1.08363)
(-0.126168 0.126131 -0.165815)
(-0.429498 0.560696 0.314296)
(-0.833816 -0.0229812 -0.59438)
(-0.687129 0.201018 0.624806)
(0.832228 -0.697333 -0.183119)
(-0.0230595 -0.569138 -1.02603)
(-0.130129 -0.592521 -0.492669)
(0.230149 -0.0179734 -1.08363)
(-0.140121 -0.140137 -1.21517)
(0.140135 -0.140181 -1.21515)
(-0.230141 -0.018009 -1.08366)
(0.130069 -0.592573 -0.492681)
(0.0230914 -0.569098 -1.02603)
(-0.832174 -0.697402 -0.183137)
(0.832229 0.697551 -0.183159)
(-0.0229609 0.569014 -1.026)
(-0.130117 0.592567 -0.492568)
(0.23007 0.0180415 -1.08365)
(-0.140197 0.140149 -1.21512)
(0.1402 0.140183 -1.21509)
(-0.230064 0.0180496 -1.08367)
(0.130066 0.59262 -0.492601)
(0.0230229 0.568996 -1.026)
(-0.832145 0.697566 -0.183199)
(0.687124 -0.20101 0.624833)
(0.833715 0.0229741 -0.594469)
(0.429283 -0.560733 0.314328)
(0.126112 -0.126118 -0.165815)
(-0.0180149 -0.230102 -1.08368)
(0.0180425 -0.23006 -1.08368)
(-0.126073 -0.12606 -0.165826)
(-0.429326 -0.560696 0.31435)
(-0.833672 0.022986 -0.594454)
(-0.687132 -0.200989 0.624831)
(-0.700069 0.466743 1.01944)
(0.756728 1.0481 0.383949)
(-0.71454 0.714558 1.92794)
(0.560685 -0.429467 0.314274)
(-0.592546 0.130086 -0.492687)
(0.592579 0.130082 -0.492637)
(-0.560696 -0.429344 0.314312)
(0.714569 0.714571 1.92799)
(-0.756735 1.04809 0.383968)
(0.700071 0.466734 1.01944)
(-0.842986 -0.729617 0.540884)
(-0.0249918 0.0250191 -0.0855696)
(-1.04807 -0.756754 0.383974)
(-0.0229834 -0.833785 -0.594418)
(-0.569094 0.0230518 -1.02604)
(0.569027 0.0230065 -1.02602)
(0.0229822 -0.833681 -0.594464)
(1.04808 -0.756738 0.383957)
(0.0250229 0.0250312 -0.0855662)
(0.842983 -0.729621 0.540889)
(-0.796864 0.796862 0.507217)
(0.729623 0.842982 0.540879)
(-0.466744 0.700094 1.01945)
(0.201037 -0.687139 0.624812)
(-0.697451 -0.832203 -0.183069)
(0.697572 -0.832194 -0.183097)
(-0.20102 -0.687132 0.624837)
(0.466734 0.70008 1.01944)
(-0.729625 0.842981 0.540885)
(0.796866 0.796865 0.507217)
(-0.759605 -0.759605 0.525061)
(0.590157 -0.666878 0.64426)
(-0.462436 -0.570554 1.1121)
(0.0518416 0.9253 0.21668)
(-0.600896 0.433791 -0.398862)
(0.600943 0.433794 -0.398846)
(-0.0517399 0.925267 0.21685)
(0.462419 -0.570504 1.11209)
(-0.590145 -0.66689 0.644268)
(0.759603 -0.759609 0.525055)
(-0.666877 0.590158 0.644262)
(0.00449328 0.00448978 0.147058)
(-1.07818 0.642929 0.3858)
(-0.0839866 0.606966 -0.627316)
(-0.470182 -0.168126 -0.945395)
(0.470056 -0.168083 -0.945391)
(0.0839997 0.606924 -0.627317)
(1.0782 0.64288 0.385781)
(-0.0044664 0.00447104 0.147061)
(0.666883 0.59016 0.644272)
(-0.570566 -0.462437 1.1121)
(0.642942 -1.07817 0.385825)
(-0.615006 -0.61497 2.00617)
(0.548451 0.3143 0.494329)
(-0.521446 -0.120205 -0.609435)
(0.521305 -0.120183 -0.609368)
(-0.548487 0.314163 0.494373)
(0.615011 -0.614968 2.00621)
(-0.642939 -1.07816 0.385847)
(0.570557 -0.462424 1.1121)
(0.925279 0.0518639 0.216638)
(0.606925 -0.0839688 -0.62731)
(0.314358 0.548437 0.494366)
(-0.0591829 -0.0591778 0.0290949)
(0.00623356 0.204928 -1.07149)
(-0.00620093 0.204891 -1.07148)
(0.0592073 -0.0591365 0.0290568)
(-0.314386 0.548415 0.49441)
(-0.606848 -0.0839908 -0.627316)
(-0.925221 0.051835 0.21672)
(0.433745 -0.600848 -0.39886)
(-0.168154 -0.470209 -0.945406)
(-0.12019 -0.521475 -0.609448)
(0.20494 0.00623183 -1.0715)
(-0.140482 -0.140502 -1.18146)
(0.140476 -0.140539 -1.18145)
(-0.20493 0.00620077 -1.07153)
(0.120156 -0.521412 -0.609472)
(0.168154 -0.470147 -0.945438)
(-0.433707 -0.600874 -0.398843)
(0.433731 0.600909 -0.398855)
(-0.168106 0.470024 -0.945398)
(-0.120166 0.521274 -0.609343)
(0.204877 -0.00618875 -1.07149)
(-0.140552 0.140491 -1.18145)
(0.140542 0.140525 -1.18145)
(-0.204874 -0.00617139 -1.07152)
(0.120135 0.521265 -0.609389)
(0.168124 0.469996 -0.945434)
(-0.433679 0.600925 -0.398854)
(0.925231 -0.0517077 0.216867)
(0.606876 0.0839861 -0.627318)
(0.31415 -0.548484 0.494417)
(-0.0591361 0.0592107 0.0290381)
(0.00619315 -0.204903 -1.07154)
(-0.00617452 -0.204872 -1.07153)
(0.0591892 0.0591993 0.0289988)
(-0.314208 -0.548454 0.49444)
(-0.606816 0.083987 -0.62733)
(-0.925181 -0.0517023 0.21688)
(-0.570491 0.462412 1.11209)
(0.642869 1.0782 0.385787)
(-0.614973 0.615008 2.00622)
(0.548409 -0.314349 0.494385)
(-0.521381 0.12016 -0.609461)
(0.521278 0.120141 -0.609408)
(-0.548442 -0.314224 0.494403)
(0.615004 0.615021 2.00627)
(-0.642882 1.07818 0.385809)
(0.570498 0.462396 1.11209)
(-0.666896 -0.590143 0.644273)
(0.00447573 -0.0044519 0.147063)
(-1.07816 -0.642928 0.385831)
(-0.0840057 -0.606879 -0.62732)
(-0.470122 0.168118 -0.945426)
(0.470018 0.168093 -0.945424)
(0.0840034 -0.606848 -0.627328)
(1.07817 -0.642893 0.385806)
(-0.00445265 -0.00443695 0.147066)
(0.666897 -0.590152 0.644282)
(-0.759611 0.759603 0.525055)
(0.590163 0.666885 0.644274)
(-0.46242 0.570551 1.1121)
(0.0518327 -0.925249 0.216765)
(-0.600932 -0.433776 -0.398823)
(0.600974 -0.433769 -0.398815)
(-0.0517498 -0.925217 0.21689)
(0.462399 0.570515 1.11209)
(-0.590158 0.666893 0.644281)
(0.759612 0.759609 0.525053)
(-0.767779 -0.76778 0.654382)
(0.429005 -0.560021 0.727156)
(-0.48246 -0.406922 1.21076)
(0.0637154 0.644537 -0.0635645)
(-0.585439 0.288261 -0.60389)
(0.585408 0.2882 -0.603971)
(-0.06338 0.644581 -0.0634108)
(0.482444 -0.406843 1.2108)
(-0.428977 -0.560028 0.727166)
(0.767784 -0.767795 0.654393)
(-0.560021 0.429015 0.727156)
(0.000641924 0.000638304 0.408113)
(-1.04883 0.452488 0.428697)
(-0.0787357 0.350626 -0.631924)
(-0.410067 -0.214613 -0.971536)
(0.409988 -0.214617 -0.971582)
(0.0787506 0.350801 -0.631987)
(1.04887 0.452444 0.428698)
(-0.000621695 0.000623195 0.408122)
(0.560024 0.429029 0.727165)
(-0.406947 -0.482459 1.21075)
(0.452493 -1.04882 0.428713)
(-0.494461 -0.494448 1.98463)
(0.548775 0.104863 0.65479)
(-0.374184 -0.087357 -0.691444)
(0.374043 -0.087364 -0.691392)
(-0.548813 0.104816 0.654768)
(0.494468 -0.494454 1.98465)
(-0.452501 -1.04882 0.428736)
(0.406946 -0.48244 1.21077)
(0.644511 0.0638105 -0.0635706)
(0.350547 -0.0787267 -0.631914)
(0.104905 0.548764 0.654833)
(-0.155053 -0.15502 0.0918054)
(0.003499 0.18324 -1.0862)
(-0.00350337 0.183223 -1.08619)
(0.155008 -0.154855 0.0918056)
(-0.104968 0.548764 0.654842)
(-0.350601 -0.0787549 -0.631959)
(-0.644542 0.0637276 -0.0634437)
(0.288293 -0.585435 -0.603859)
(-0.214608 -0.410082 -0.971537)
(-0.087346 -0.374202 -0.691454)
(0.183249 0.00349731 -1.08621)
(-0.13708 -0.137088 -1.15998)
(0.137051 -0.13709 -1.15999)
(-0.183246 0.00347823 -1.08622)
(0.087355 -0.374123 -0.69147)
(0.214588 -0.410049 -0.971569)
(-0.288337 -0.585448 -0.603885)
(0.288181 0.585387 -0.603985)
(-0.214628 0.409967 -0.971607)
(-0.0873583 0.374006 -0.691375)
(0.183221 -0.00349669 -1.0862)
(-0.13709 0.137052 -1.16001)
(0.137065 0.137059 -1.16002)
(-0.183221 -0.00346991 -1.08622)
(0.08736 0.37398 -0.691403)
(0.214607 0.40996 -0.971627)
(-0.288238 0.585412 -0.603996)
(0.644562 -0.0633274 -0.0633671)
(0.350801 0.0787441 -0.632011)
(0.104824 -0.548813 0.654787)
(-0.154821 0.154972 0.0917979)
(0.00347632 -0.183234 -1.08623)
(-0.00347209 -0.183219 -1.08623)
(0.154842 0.154861 0.0917788)
(-0.104886 -0.548799 0.654797)
(-0.350794 0.0787558 -0.632042)
(-0.644564 -0.0633574 -0.0632967)
(-0.406827 0.482436 1.21081)
(0.452425 1.04888 0.428698)
(-0.494454 0.494471 1.98465)
(0.548762 -0.104963 0.654814)
(-0.374112 0.0873613 -0.691455)
(0.374007 0.0873602 -0.691414)
(-0.54879 -0.104903 0.654781)
(0.494475 0.494489 1.9847)
(-0.452444 1.04887 0.428717)
(0.406844 0.482419 1.21081)
(-0.560032 -0.428976 0.72717)
(0.000625802 -0.000610237 0.408125)
(-1.04883 -0.45251 0.42873)
(-0.078773 -0.350686 -0.631967)
(-0.410042 0.214582 -0.971562)
(0.409978 0.214588 -0.971599)
(0.0787752 -0.350813 -0.63202)
(1.04886 -0.452472 0.428724)
(-0.000612799 -0.000602161 0.408128)
(0.560034 -0.428998 0.727176)
(-0.767798 0.767785 0.654394)
(0.429032 0.560025 0.72717)
(-0.482435 0.406933 1.21077)
(0.0636586 -0.644583 -0.0634296)
(-0.585459 -0.288324 -0.603903)
(0.585437 -0.288277 -0.603969)
(-0.0634011 -0.644605 -0.0633102)
(0.48242 0.406868 1.2108)
(-0.429009 0.560031 0.727177)
(0.767799 0.767796 0.654397)
(-0.827085 -0.827086 0.880562)
(0.503162 -0.567151 0.789311)
(-0.421905 -0.219312 1.2585)
(0.213483 0.55931 -0.222083)
(-0.555385 0.240775 -0.706556)
(0.555336 0.240745 -0.706685)
(-0.213377 0.559646 -0.222046)
(0.42188 -0.219226 1.2586)
(-0.503154 -0.567155 0.789321)
(0.827083 -0.827093 0.880574)
(-0.56715 0.503168 0.78931)
(-0.0711958 -0.071195 0.65377)
(-0.996415 0.313186 0.48274)
(-0.0831339 0.147909 -0.661093)
(-0.350018 -0.220598 -0.992538)
(0.350006 -0.220617 -0.992587)
(0.0830709 0.148286 -0.661119)
(0.996467 0.313188 0.482768)
(0.0712217 -0.071213 0.653788)
(0.567155 0.503195 0.789316)
(-0.219344 -0.421901 1.25848)
(0.31318 -0.996401 0.482744)
(-0.385358 -0.38536 1.87135)
(0.532393 -0.0732741 0.749537)
(-0.247349 -0.0837476 -0.745543)
(0.247279 -0.0837614 -0.745514)
(-0.532415 -0.0732537 0.749489)
(0.385365 -0.385377 1.87135)
(-0.313205 -0.996418 0.482771)
(0.219357 -0.421862 1.25851)
(0.559292 0.213537 -0.222068)
(0.147837 -0.0831457 -0.66109)
(-0.0732539 0.53239 0.749569)
(-0.090349 -0.0903314 0.0897171)
(-0.00390368 0.170467 -1.0991)
(0.00387526 0.170463 -1.09909)
(0.090264 -0.0901621 0.0897357)
(0.0731865 0.532404 0.749557)
(-0.148039 -0.083148 -0.66112)
(-0.559524 0.213539 -0.222016)
(0.24082 -0.55538 -0.706519)
(-0.22058 -0.350021 -0.992529)
(-0.0837406 -0.247351 -0.745544)
(0.170473 -0.00390155 -1.0991)
(-0.122743 -0.122736 -1.14201)
(0.122729 -0.12272 -1.14203)
(-0.170474 -0.0038948 -1.09909)
(0.0837651 -0.247295 -0.745541)
(0.220559 -0.350013 -0.992539)
(-0.240872 -0.55536 -0.706588)
(0.240761 0.55532 -0.706709)
(-0.220619 0.350006 -0.99261)
(-0.0837597 0.247257 -0.745503)
(0.170469 0.00387383 -1.09909)
(-0.122719 0.122719 -1.14204)
(0.122707 0.122707 -1.14206)
(-0.17047 0.0038857 -1.09909)
(0.083778 0.247228 -0.745504)
(0.220593 0.350005 -0.992607)
(-0.24082 0.555319 -0.706745)
(0.559755 -0.21337 -0.222032)
(0.148374 0.0830513 -0.661139)
(-0.0732331 -0.532412 0.749488)
(-0.0901061 0.0902458 0.0897339)
(-0.00389471 -0.170474 -1.09909)
(0.00388639 -0.170471 -1.09909)
(0.0900864 0.0901243 0.0897286)
(0.0731835 -0.532417 0.749488)
(-0.148455 0.0830686 -0.661164)
(-0.559882 -0.213395 -0.221992)
(-0.219211 0.421867 1.25862)
(0.31318 0.996476 0.48277)
(-0.38538 0.385367 1.87135)
(0.532409 0.0731788 0.749543)
(-0.247301 0.0837721 -0.745533)
(0.247248 0.0837778 -0.745512)
(-0.532422 0.0731805 0.749492)
(0.38539 0.385389 1.87139)
(-0.313202 0.996477 0.482787)
(0.219239 0.42184 1.25862)
(-0.567157 -0.503153 0.789323)
(-0.0712199 0.0712269 0.653793)
(-0.996427 -0.313226 0.482775)
(-0.0831543 -0.148116 -0.661123)
(-0.350018 0.22057 -0.992543)
(0.350007 0.220586 -0.992583)
(0.0831 -0.148405 -0.661147)
(0.996471 -0.313226 0.482793)
(0.0712356 0.0712347 0.653802)
(0.567162 -0.503175 0.789326)
(-0.827094 0.827083 0.880575)
(0.503197 0.567157 0.78932)
(-0.421853 0.219342 1.25853)
(0.213482 -0.559538 -0.222029)
(-0.555366 -0.240835 -0.706612)
(0.55533 -0.240812 -0.706716)
(-0.213391 -0.559799 -0.221994)
(0.42184 0.219267 1.2586)
(-0.503183 0.567161 0.789327)
(0.827092 0.827089 0.88058)
(-0.871892 -0.871892 0.955072)
(0.667199 -0.64634 0.846321)
(-0.213211 -0.115805 1.2903)
(0.253283 0.496637 -0.311351)
(-0.498107 0.221666 -0.795614)
(0.498024 0.221667 -0.795734)
(-0.253439 0.496935 -0.311539)
(0.213181 -0.115781 1.29037)
(-0.667212 -0.646349 0.846329)
(0.871887 -0.871892 0.95507)
(-0.646338 0.667195 0.846319)
(-0.163792 -0.163786 0.845142)
(-0.94463 0.26262 0.542058)
(-0.0804411 0.0646468 -0.650933)
(-0.301497 -0.201422 -1.01238)
(0.301558 -0.201445 -1.01241)
(0.0804355 0.0650623 -0.650932)
(0.944679 0.262635 0.54209)
(0.163824 -0.163793 0.845174)
(0.646345 0.667204 0.846323)
(-0.115823 -0.213209 1.29028)
(0.262614 -0.944618 0.542058)
(-0.312006 -0.312011 1.70215)
(0.468705 -0.199763 0.765629)
(-0.146907 -0.092939 -0.782389)
(0.146915 -0.0929527 -0.782363)
(-0.468727 -0.199668 0.76567)
(0.312005 -0.312036 1.70216)
(-0.262641 -0.944632 0.54208)
(0.115852 -0.21317 1.29031)
(0.4966 0.253261 -0.311315)
(0.0645874 -0.08044 -0.65093)
(-0.199767 0.468704 0.76564)
(0.0298979 0.0298894 -0.00858776)
(-0.0115266 0.143944 -1.09204)
(0.0115023 0.143945 -1.09203)
(-0.0299301 0.0299216 -0.00853881)
(0.199697 0.468738 0.765669)
(-0.0648133 -0.0804464 -0.650943)
(-0.496762 0.25331 -0.311385)
(0.221682 -0.498106 -0.795587)
(-0.201405 -0.301484 -1.01237)
(-0.0929348 -0.146899 -0.782386)
(0.143947 -0.0115222 -1.09204)
(-0.115752 -0.115746 -1.12221)
(0.115758 -0.115744 -1.12223)
(-0.143945 -0.0115013 -1.09201)
(0.0929586 -0.146885 -0.782367)
(0.201403 -0.3015 -1.01236)
(-0.221683 -0.498049 -0.795654)
(0.221694 0.497997 -0.795756)
(-0.201442 0.301577 -1.01241)
(-0.0929532 0.146913 -0.782352)
(0.143952 0.0114983 -1.09202)
(-0.115751 0.115755 -1.12223)
(0.115758 0.115755 -1.12224)
(-0.14395 0.0114925 -1.092)
(0.0929739 0.1469 -0.782337)
(0.201436 0.301579 -1.0124)
(-0.221691 0.497974 -0.795795)
(0.497031 -0.253497 -0.311586)
(0.0651805 0.080429 -0.650939)
(-0.199634 -0.468725 0.76569)
(0.029944 -0.0299158 -0.00852801)
(-0.0115033 -0.143951 -1.092)
(0.0114949 -0.143954 -1.092)
(-0.02996 -0.0299389 -0.00851018)
(0.199598 -0.468755 0.765704)
(-0.0652752 0.0804303 -0.650952)
(-0.497105 -0.253488 -0.311605)
(-0.115785 0.213166 1.29038)
(0.262629 0.944689 0.542093)
(-0.312049 0.311995 1.70216)
(0.468755 0.199679 0.765677)
(-0.146899 0.0929627 -0.782363)
(0.146907 0.0929716 -0.782344)
(-0.468771 0.199615 0.765695)
(0.312046 0.312021 1.7022)
(-0.262648 0.944689 0.542107)
(0.11581 0.213143 1.29038)
(-0.646352 -0.667213 0.84633)
(-0.163801 0.163828 0.845183)
(-0.944638 -0.262657 0.542085)
(-0.0804589 -0.0648727 -0.650953)
(-0.301517 0.201417 -1.01238)
(0.301565 0.201437 -1.01239)
(0.0804495 -0.0651956 -0.650951)
(0.944682 -0.262666 0.542109)
(0.163826 0.163825 0.845202)
(0.646357 -0.667216 0.846332)
(-0.871893 0.871886 0.955069)
(0.667207 0.646347 0.846326)
(-0.21316 0.115845 1.29032)
(0.253318 -0.496797 -0.311411)
(-0.498053 -0.22167 -0.795674)
(0.497991 -0.221669 -0.795773)
(-0.253432 -0.497033 -0.311557)
(0.213146 0.115819 1.29037)
(-0.667214 0.646355 0.846332)
(0.871889 0.871888 0.955067)
(-0.918445 -0.918445 1.08815)
(0.690437 -0.701107 0.880066)
(-0.0526306 -0.107561 1.33438)
(0.253529 0.451192 -0.3301)
(-0.438826 0.192496 -0.858315)
(0.438786 0.192483 -0.858372)
(-0.253724 0.451027 -0.330424)
(0.0526012 -0.107592 1.33438)
(-0.690444 -0.701119 0.880069)
(0.918443 -0.918446 1.08815)
(-0.701105 0.69043 0.880066)
(-0.23862 -0.238615 0.964105)
(-0.89866 0.248202 0.567494)
(-0.0571564 0.0264343 -0.644045)
(-0.267362 -0.19011 -1.01433)
(0.267456 -0.190131 -1.01433)
(0.0571822 0.0265839 -0.643995)
(0.898669 0.248228 0.567522)
(0.238642 -0.238615 0.964144)
(0.70111 0.690424 0.880069)
(-0.107564 -0.0526332 1.33438)
(0.248195 -0.898656 0.567491)
(-0.27275 -0.27275 1.58814)
(0.385046 -0.258288 0.735916)
(-0.0763487 -0.0972376 -0.793513)
(0.0763846 -0.0972506 -0.793479)
(-0.38507 -0.25823 0.736059)
(0.272746 -0.272776 1.58815)
(-0.248218 -0.89865 0.567502)
(0.107598 -0.0526086 1.33438)
(0.45122 0.253491 -0.330045)
(0.0264057 -0.0571436 -0.644047)
(-0.258301 0.385039 0.735907)
(0.11199 0.111969 -0.140022)
(-0.0279556 0.121405 -1.06429)
(0.0279483 0.121408 -1.06428)
(-0.111957 0.111887 -0.139954)
(0.258296 0.385068 0.735972)
(-0.0264807 -0.0571399 -0.644031)
(-0.451157 0.253549 -0.330192)
(0.192499 -0.438831 -0.858299)
(-0.190101 -0.267343 -1.01433)
(-0.0972317 -0.0763381 -0.79351)
(0.121408 -0.0279512 -1.06429)
(-0.115553 -0.115549 -1.11785)
(0.115562 -0.115551 -1.11786)
(-0.121409 -0.0279352 -1.06426)
(0.0972469 -0.0763482 -0.79348)
(0.19012 -0.267374 -1.01432)
(-0.192466 -0.438801 -0.858326)
(0.192496 0.438768 -0.858377)
(-0.190128 0.267485 -1.01433)
(-0.0972497 0.076391 -0.793464)
(0.121413 0.0279461 -1.06428)
(-0.115559 0.11556 -1.11787)
(0.115567 0.115562 -1.11788)
(-0.121413 0.0279379 -1.06426)
(0.0972616 0.0763925 -0.793441)
(0.190145 0.267489 -1.01432)
(-0.192464 0.438762 -0.858392)
(0.45099 -0.253792 -0.330515)
(0.0266257 0.0571836 -0.643983)
(-0.258211 -0.385067 0.736108)
(0.111874 -0.111927 -0.139932)
(-0.0279391 -0.121413 -1.06426)
(0.0279393 -0.121416 -1.06426)
(-0.111865 -0.111866 -0.1399)
(0.258223 -0.385094 0.736128)
(-0.0266483 0.0571655 -0.643982)
(-0.450972 -0.253783 -0.330563)
(-0.107611 0.0525875 1.33438)
(0.248226 0.898671 0.567524)
(-0.2728 0.272727 1.58815)
(0.385089 0.258292 0.735996)
(-0.0763636 0.0972503 -0.793477)
(0.0763942 0.0972599 -0.793451)
(-0.385111 0.258242 0.736096)
(0.272793 0.272752 1.58818)
(-0.248237 0.898663 0.567531)
(0.107629 0.0525741 1.33438)
(-0.701123 -0.690444 0.88007)
(-0.238619 0.238646 0.964154)
(-0.898648 -0.248229 0.567505)
(-0.0571544 -0.0265132 -0.644031)
(-0.267393 0.190127 -1.01433)
(0.267469 0.190147 -1.01433)
(0.0571722 -0.0266291 -0.643993)
(0.89866 -0.248247 0.567529)
(0.238638 0.23864 0.964177)
(0.701126 -0.690437 0.880073)
(-0.918447 0.918443 1.08815)
(0.690426 0.701112 0.88007)
(-0.0526001 0.107599 1.33438)
(0.253575 -0.45113 -0.330237)
(-0.438801 -0.192466 -0.858337)
(0.438776 -0.192454 -0.858384)
(-0.253724 -0.451003 -0.330488)
(0.0525821 0.107617 1.33439)
(-0.690434 0.701122 0.880073)
(0.918446 0.918445 1.08815)
(-0.942896 -0.942896 1.17359)
(0.759982 -0.711004 0.908134)
(-0.0725574 -0.0767199 1.39906)
(0.282545 0.398921 -0.33289)
(-0.403933 0.162 -0.895633)
(0.403981 0.161988 -0.89564)
(-0.282564 0.398584 -0.333138)
(0.0725209 -0.0767637 1.39904)
(-0.759982 -0.711015 0.908132)
(0.942895 -0.942897 1.17359)
(-0.711001 0.759976 0.908136)
(-0.290402 -0.290404 1.0416)
(-0.843465 0.256513 0.569459)
(-0.0183157 -0.00813041 -0.635472)
(-0.25777 -0.191028 -1.01305)
(0.257831 -0.191043 -1.01305)
(0.018352 -0.00830058 -0.635477)
(0.843441 0.256522 0.569477)
(0.290405 -0.290407 1.04163)
(0.711004 0.759968 0.908137)
(-0.076717 -0.0725657 1.39907)
(0.256507 -0.84347 0.569456)
(-0.267377 -0.267372 1.52198)
(0.338033 -0.248564 0.669395)
(-0.0348241 -0.0899113 -0.811372)
(0.0348436 -0.0899205 -0.811332)
(-0.338051 -0.24858 0.669573)
(0.267375 -0.267396 1.52198)
(-0.256513 -0.843454 0.569456)
(0.0767418 -0.072557 1.39908)
(0.398974 0.282539 -0.332843)
(-0.00811039 -0.0183008 -0.635464)
(-0.248567 0.338023 0.669377)
(0.159808 0.159791 -0.268348)
(-0.0486589 0.112926 -1.02886)
(0.0486627 0.112933 -1.02886)
(-0.159767 0.159719 -0.268284)
(0.248596 0.338047 0.669451)
(0.00818067 -0.0183004 -0.635466)
(-0.398829 0.282555 -0.332952)
(0.162002 -0.403926 -0.895627)
(-0.191024 -0.25776 -1.01304)
(-0.0899034 -0.0348175 -0.811373)
(0.112929 -0.048656 -1.02886)
(-0.110009 -0.110008 -1.12033)
(0.110013 -0.110013 -1.12034)
(-0.112937 -0.0486505 -1.02886)
(0.0899065 -0.034832 -0.811351)
(0.191049 -0.257788 -1.01305)
(-0.161982 -0.403944 -0.895623)
(0.16199 0.403987 -0.895637)
(-0.191042 0.257852 -1.01305)
(-0.0899171 0.0348446 -0.811318)
(0.112939 0.0486621 -1.02886)
(-0.110017 0.110013 -1.12034)
(0.110022 0.110018 -1.12035)
(-0.112945 0.0486596 -1.02886)
(0.0899164 0.0348536 -0.811305)
(0.191065 0.257862 -1.01305)
(-0.161972 0.403998 -0.895633)
(0.398489 -0.282574 -0.333207)
(-0.00835279 0.0183607 -0.635479)
(-0.248585 -0.338046 0.669633)
(0.159706 -0.159744 -0.268262)
(-0.048654 -0.11294 -1.02886)
(0.0486602 -0.112945 -1.02886)
(-0.159687 -0.159689 -0.268233)
(0.248606 -0.338067 0.669652)
(0.00837842 0.0183454 -0.63548)
(-0.398442 -0.282583 -0.333232)
(-0.0767873 0.0725072 1.39904)
(0.256514 0.843438 0.569478)
(-0.267424 0.267354 1.52199)
(0.33807 0.248602 0.669484)
(-0.0348439 0.0899101 -0.811345)
(0.034861 0.0899168 -0.811315)
(-0.338087 0.248607 0.669612)
(0.267419 0.267374 1.52201)
(-0.256513 0.843429 0.569476)
(0.0767975 0.0725026 1.39905)
(-0.711019 -0.759979 0.90813)
(-0.290409 0.290407 1.04164)
(-0.843445 -0.256522 0.569454)
(-0.0183088 0.00818879 -0.635472)
(-0.257798 0.191051 -1.01306)
(0.257848 0.191066 -1.01306)
(0.0183387 0.00832365 -0.635479)
(0.843428 -0.256526 0.569471)
(0.290412 0.290408 1.04166)
(0.711021 -0.759972 0.908133)
(-0.942898 0.942895 1.17359)
(0.759969 0.711006 0.908137)
(-0.0725522 0.0767413 1.39907)
(0.282557 -0.398781 -0.332988)
(-0.403954 -0.161982 -0.895628)
(0.403996 -0.161972 -0.895635)
(-0.282572 -0.398516 -0.333176)
(0.0725202 0.0767738 1.39905)
(-0.759972 0.711016 0.908135)
(0.942898 0.942897 1.17359)
(-0.95156 -0.951559 1.24723)
(0.808501 -0.682094 0.973287)
(-0.218548 0.020194 1.44992)
(0.314323 0.354085 -0.365685)
(-0.390446 0.137572 -0.906833)
(0.390551 0.137575 -0.906834)
(-0.314246 0.35393 -0.365738)
(0.218525 0.0201664 1.44992)
(-0.808501 -0.682103 0.973282)
(0.95156 -0.951562 1.24724)
(-0.682091 0.808497 0.973289)
(-0.319562 -0.31957 1.08709)
(-0.795051 0.281523 0.579736)
(0.0319957 -0.0397657 -0.632536)
(-0.259035 -0.19694 -1.00779)
(0.259045 -0.196944 -1.00779)
(-0.031987 -0.0400272 -0.63257)
(0.795022 0.281512 0.579763)
(0.319548 -0.319572 1.08711)
(0.682094 0.808496 0.973288)
(0.0201973 -0.218556 1.44993)
(0.281517 -0.795061 0.579731)
(-0.294654 -0.294649 1.4743)
(0.35348 -0.215735 0.569877)
(-0.0146786 -0.078301 -0.81922)
(0.0146637 -0.0783039 -0.819183)
(-0.353498 -0.215816 0.57)
(0.294649 -0.294679 1.47429)
(-0.281518 -0.795054 0.579725)
(-0.0201892 -0.218557 1.44993)
(0.354112 0.31434 -0.365667)
(-0.0397261 0.0320043 -0.632523)
(-0.215722 0.353473 0.569867)
(0.179431 0.179425 -0.363653)
(-0.0623005 0.117069 -0.991806)
(0.062308 0.117077 -0.991813)
(-0.179414 0.179414 -0.363622)
(0.215764 0.353509 0.56992)
(0.0398259 0.0320124 -0.632535)
(-0.354047 0.314326 -0.365702)
(0.137574 -0.390427 -0.906828)
(-0.196938 -0.259035 -1.00778)
(-0.0782933 -0.0146797 -0.819221)
(0.117072 -0.0622996 -0.991807)
(-0.0885866 -0.0885891 -1.11628)
(0.0885811 -0.0885932 -1.11628)
(-0.117085 -0.0623034 -0.991814)
(0.0782884 -0.0146889 -0.819202)
(0.196953 -0.259047 -1.00779)
(-0.137576 -0.390482 -0.906826)
(0.137579 0.390575 -0.906831)
(-0.196944 0.259052 -1.00779)
(-0.0782993 0.0146551 -0.819172)
(0.117085 0.0623079 -0.991817)
(-0.0885932 0.0885802 -1.11628)
(0.0885884 0.0885849 -1.11628)
(-0.117095 0.0623117 -0.991823)
(0.0782919 0.0146667 -0.819162)
(0.196959 0.25906 -1.00779)
(-0.13758 0.390601 -0.90683)
(0.353888 -0.314227 -0.365751)
(-0.0401057 -0.0319824 -0.632581)
(-0.215833 -0.353497 0.570045)
(0.179417 -0.179405 -0.363609)
(-0.0623062 -0.117088 -0.991815)
(0.0623131 -0.117095 -0.991821)
(-0.179404 -0.179396 -0.363596)
(0.215848 -0.353526 0.57006)
(0.0401278 -0.0319941 -0.632585)
(-0.353871 -0.314238 -0.365753)
(0.0201504 0.21852 1.44993)
(0.281497 0.795019 0.579771)
(-0.294709 0.294628 1.47429)
(0.353535 0.215782 0.569947)
(-0.014693 0.0782908 -0.819195)
(0.0146823 0.0782928 -0.819169)
(-0.353547 0.215838 0.570032)
(0.294701 0.294651 1.4743)
(-0.281493 0.79502 0.579761)
(-0.0201488 0.218519 1.44993)
(-0.682106 -0.808498 0.973279)
(-0.31957 0.319547 1.08712)
(-0.795045 -0.281529 0.579717)
(0.0320152 0.0398516 -0.632543)
(-0.259049 0.196954 -1.0078)
(0.259058 0.19696 -1.0078)
(-0.0320038 0.0400557 -0.632575)
(0.79502 -0.281516 0.579741)
(0.319559 0.319554 1.08713)
(0.682109 -0.808498 0.973279)
(-0.951563 0.95156 1.24724)
(0.808499 0.682095 0.973287)
(-0.218554 -0.0201921 1.44993)
(0.314314 -0.354024 -0.365716)
(-0.390501 -0.137575 -0.906833)
(0.390586 -0.137579 -0.906833)
(-0.314253 -0.353902 -0.365747)
(0.21853 -0.0201703 1.44993)
(-0.8085 0.682105 0.973282)
(0.951563 0.951563 1.24724)
(-0.955175 -0.955175 1.28147)
(0.776807 -0.644619 1.06978)
(-0.308752 0.116242 1.45923)
(0.320204 0.329962 -0.425982)
(-0.380943 0.117195 -0.907312)
(0.381019 0.11721 -0.907314)
(-0.320195 0.330023 -0.425935)
(0.308756 0.116202 1.45926)
(-0.776811 -0.644625 1.06978)
(0.955175 -0.955176 1.28147)
(-0.644617 0.776804 1.06978)
(-0.340296 -0.340306 1.14192)
(-0.755684 0.316623 0.602951)
(0.0794424 -0.0469717 -0.638408)
(-0.261426 -0.201347 -0.998828)
(0.261412 -0.201346 -0.998831)
(-0.0794429 -0.0470993 -0.638432)
(0.755683 0.316603 0.602984)
(0.340274 -0.340305 1.14193)
(0.64462 0.776807 1.06978)
(0.116252 -0.308757 1.45923)
(0.316615 -0.755691 0.602944)
(-0.351691 -0.351691 1.42227)
(0.405037 -0.157988 0.439389)
(-0.0178393 -0.0716631 -0.818756)
(0.017809 -0.0716602 -0.818725)
(-0.405061 -0.158059 0.439448)
(0.351684 -0.351735 1.42223)
(-0.316618 -0.755697 0.602933)
(-0.11625 -0.30877 1.45924)
(0.329955 0.320213 -0.425984)
(-0.0469495 0.0794484 -0.638399)
(-0.157971 0.405031 0.439387)
(0.178335 0.178332 -0.416108)
(-0.0625 0.126019 -0.958614)
(0.0625057 0.126027 -0.958619)
(-0.178334 0.178346 -0.416111)
(0.157989 0.405067 0.439414)
(0.0469867 0.0794602 -0.638407)
(-0.329983 0.320219 -0.425979)
(0.117197 -0.38093 -0.90731)
(-0.201345 -0.26143 -0.998825)
(-0.0716572 -0.0178452 -0.818756)
(0.126022 -0.0625004 -0.958615)
(-0.0640393 -0.0640418 -1.09773)
(0.0640324 -0.064044 -1.09773)
(-0.126035 -0.0625071 -0.958618)
(0.0716487 -0.017852 -0.818739)
(0.20135 -0.261434 -0.998834)
(-0.117206 -0.380976 -0.907323)
(0.117217 0.381041 -0.907313)
(-0.201346 0.261413 -0.99883)
(-0.071656 0.0177975 -0.818716)
(0.126035 0.062505 -0.958622)
(-0.0640429 0.0640304 -1.09774)
(0.0640368 0.0640334 -1.09774)
(-0.126045 0.0625113 -0.958626)
(0.0716472 0.0178087 -0.818707)
(0.201351 0.261419 -0.998837)
(-0.117224 0.381061 -0.907326)
(0.330044 -0.320197 -0.425924)
(-0.0471404 -0.0794388 -0.63844)
(-0.158075 -0.40507 0.439475)
(0.178356 -0.178333 -0.416108)
(-0.0625092 -0.126038 -0.958618)
(0.0625139 -0.126044 -0.958623)
(-0.178352 -0.178342 -0.416116)
(0.158072 -0.405099 0.439486)
(0.0471349 -0.0794504 -0.638444)
(-0.330059 -0.320209 -0.425916)
(0.116189 0.308766 1.45928)
(0.316587 0.75569 0.602998)
(-0.351765 0.35167 1.42221)
(0.405089 0.157999 0.43943)
(-0.0178493 0.0716487 -0.818731)
(0.0178248 0.0716468 -0.81871)
(-0.405107 0.158054 0.439468)
(0.351751 0.351703 1.4222)
(-0.316584 0.755698 0.602983)
(-0.116196 0.308771 1.45928)
(-0.644627 -0.77681 1.06977)
(-0.340297 0.340273 1.14193)
(-0.755691 -0.316627 0.60292)
(0.0794674 0.046998 -0.638413)
(-0.261433 0.201352 -0.998839)
(0.261423 0.201352 -0.998841)
(-0.0794628 0.0470946 -0.638438)
(0.755689 -0.316606 0.60295)
(0.340281 0.34028 1.14193)
(0.64463 -0.776812 1.06977)
(-0.955177 0.955175 1.28147)
(0.776811 0.644621 1.06978)
(-0.308766 -0.116249 1.45923)
(0.320216 -0.329993 -0.425977)
(-0.380987 -0.117206 -0.907327)
(0.381046 -0.117219 -0.907328)
(-0.320207 -0.330043 -0.425929)
(0.308764 -0.116217 1.45926)
(-0.776814 0.644628 1.06977)
(0.955177 0.955176 1.28147)
(-0.96432 -0.964319 1.4133)
(0.728906 -0.618415 1.16116)
(-0.281986 0.157093 1.43064)
(0.31219 0.322398 -0.47373)
(-0.351874 0.0996583 -0.90175)
(0.35186 0.0996733 -0.901741)
(-0.312254 0.322547 -0.473689)
(0.282015 0.157059 1.43068)
(-0.72891 -0.618417 1.16116)
(0.964319 -0.96432 1.4133)
(-0.618413 0.728903 1.16116)
(-0.353338 -0.353347 1.20703)
(-0.711226 0.361824 0.628454)
(0.111934 -0.0314611 -0.641382)
(-0.25771 -0.200221 -0.986625)
(0.257698 -0.200218 -0.986628)
(-0.111938 -0.0314172 -0.641374)
(0.711235 0.361826 0.628499)
(0.353314 -0.353337 1.20704)
(0.618413 0.728904 1.16115)
(0.157104 -0.28199 1.43063)
(0.361811 -0.711232 0.628446)
(-0.411582 -0.411581 1.35774)
(0.451379 -0.124641 0.296295)
(-0.0334068 -0.0700464 -0.810044)
(0.0333811 -0.0700424 -0.810016)
(-0.451395 -0.124625 0.296328)
(0.411578 -0.411618 1.35768)
(-0.36182 -0.711241 0.628434)
(-0.157109 -0.282008 1.43064)
(0.322376 0.312186 -0.473735)
(-0.0314673 0.111939 -0.641379)
(-0.12464 0.451373 0.296297)
(0.161068 0.161062 -0.449071)
(-0.0595599 0.131546 -0.932759)
(0.0595565 0.131552 -0.932761)
(-0.161071 0.161063 -0.44907)
(0.124631 0.451387 0.296309)
(0.0314408 0.111958 -0.641375)
(-0.322439 0.312213 -0.473739)
(0.0996585 -0.351877 -0.901751)
(-0.200218 -0.257713 -0.986622)
(-0.0700421 -0.0334121 -0.810043)
(0.131548 -0.0595619 -0.932759)
(-0.0503014 -0.0503035 -1.06125)
(0.0502947 -0.0503048 -1.06125)
(-0.131558 -0.0595641 -0.932762)
(0.0700337 -0.0334164 -0.810027)
(0.200216 -0.257718 -0.986627)
(-0.0996665 -0.35188 -0.901762)
(0.0996807 0.35186 -0.901737)
(-0.200218 0.257698 -0.986627)
(-0.0700401 0.0333733 -0.810007)
(0.131558 0.0595538 -0.932764)
(-0.0503032 0.0502926 -1.06125)
(0.0502975 0.0502946 -1.06125)
(-0.131567 0.0595581 -0.932767)
(0.0700321 0.0333795 -0.809999)
(0.200218 0.257704 -0.986632)
(-0.0996856 0.351863 -0.901751)
(0.322592 -0.312275 -0.473681)
(-0.0314078 -0.111935 -0.641373)
(-0.124618 -0.451405 0.296346)
(0.161068 -0.161072 -0.449066)
(-0.0595638 -0.131561 -0.932761)
(0.0595617 -0.131566 -0.932764)
(-0.161071 -0.161071 -0.449068)
(0.124612 -0.45142 0.296354)
(0.0313892 -0.111952 -0.641373)
(-0.322618 -0.312289 -0.473685)
(0.15705 0.282038 1.4307)
(0.361823 0.711245 0.62852)
(-0.411635 0.411575 1.35765)
(0.451394 0.12463 0.296314)
(-0.0334089 0.0700316 -0.810021)
(0.0333877 0.070029 -0.810002)
(-0.451413 0.124618 0.296336)
(0.411627 0.411604 1.35762)
(-0.361821 0.711252 0.628502)
(-0.157062 0.282047 1.4307)
(-0.618416 -0.728909 1.16116)
(-0.353325 0.353315 1.20704)
(-0.711237 -0.361825 0.62842)
(0.111968 0.0314317 -0.641375)
(-0.257717 0.200218 -0.986631)
(0.257708 0.200217 -0.986634)
(-0.111967 0.0313923 -0.641373)
(0.711243 -0.361822 0.62846)
(0.353309 0.353316 1.20705)
(0.618417 -0.728909 1.16116)
(-0.964321 0.964319 1.4133)
(0.728906 0.618415 1.16115)
(-0.282002 -0.157108 1.43063)
(0.312224 -0.322463 -0.473739)
(-0.351876 -0.0996672 -0.901764)
(0.351864 -0.0996802 -0.901757)
(-0.312273 -0.322585 -0.473697)
(0.282022 -0.157079 1.43067)
(-0.728909 0.618418 1.16115)
(0.964321 0.964321 1.4133)
(-0.964633 -0.964633 1.512)
(0.756566 -0.618004 1.23173)
(-0.176817 0.182293 1.37613)
(0.31191 0.304113 -0.512929)
(-0.311954 0.0835015 -0.882189)
(0.311914 0.0835126 -0.882169)
(-0.311979 0.304084 -0.512988)
(0.176846 0.182272 1.37615)
(-0.75657 -0.618004 1.23173)
(0.964633 -0.964634 1.512)
(-0.618002 0.756563 1.23173)
(-0.352646 -0.352651 1.25483)
(-0.680403 0.411642 0.660224)
(0.131 -0.0258867 -0.635672)
(-0.247114 -0.195303 -0.971345)
(0.247111 -0.195301 -0.971344)
(-0.13101 -0.0258472 -0.635653)
(0.680394 0.411692 0.66027)
(0.352618 -0.352632 1.25484)
(0.618 0.756565 1.23172)
(0.182299 -0.17682 1.37613)
(0.411623 -0.68041 0.660217)
(-0.422395 -0.422379 1.30795)
(0.469562 -0.115703 0.160868)
(-0.0463608 -0.0721781 -0.798685)
(0.0463365 -0.0721798 -0.798661)
(-0.46958 -0.11569 0.160937)
(0.422393 -0.422356 1.3079)
(-0.411645 -0.680414 0.660207)
(-0.182316 -0.17684 1.37612)
(0.304119 0.311902 -0.512919)
(-0.0258959 0.131004 -0.635672)
(-0.115703 0.469554 0.160864)
(0.142733 0.142727 -0.475153)
(-0.0580345 0.131548 -0.912343)
(0.0580277 0.131552 -0.912345)
(-0.142741 0.142726 -0.475147)
(0.115698 0.469552 0.16089)
(0.025888 0.131028 -0.635664)
(-0.304104 0.311927 -0.512963)
(0.0835007 -0.311961 -0.882191)
(-0.1953 -0.247115 -0.971343)
(-0.0721744 -0.0463638 -0.798685)
(0.13155 -0.0580371 -0.912344)
(-0.0437949 -0.0437972 -1.02296)
(0.0437875 -0.0437982 -1.02295)
(-0.131558 -0.0580368 -0.912348)
(0.0721693 -0.0463589 -0.798673)
(0.1953 -0.247122 -0.971344)
(-0.0835028 -0.311954 -0.882194)
(0.0835176 0.311906 -0.882161)
(-0.195302 0.247113 -0.971343)
(-0.0721812 0.0463321 -0.798653)
(0.131558 0.0580241 -0.912348)
(-0.0437958 0.0437857 -1.02295)
(0.0437893 0.0437869 -1.02295)
(-0.131566 0.0580262 -0.912351)
(0.0721753 0.0463301 -0.798646)
(0.195304 0.247119 -0.971345)
(-0.0835175 0.311907 -0.88217)
(0.304072 -0.311998 -0.513013)
(-0.0258379 -0.131008 -0.635649)
(-0.115682 -0.469589 0.160963)
(0.142727 -0.142748 -0.475143)
(-0.058035 -0.131562 -0.912347)
(0.0580299 -0.131566 -0.912349)
(-0.142735 -0.142744 -0.475141)
(0.115679 -0.46959 0.160974)
(0.0258378 -0.131029 -0.635647)
(-0.30407 -0.312007 -0.513029)
(0.182266 0.176867 1.37616)
(0.411711 0.680393 0.660289)
(-0.422335 0.422403 1.30787)
(0.46955 0.115702 0.160901)
(-0.046345 0.0721659 -0.798669)
(0.0463275 0.0721681 -0.798651)
(-0.469572 0.11569 0.160952)
(0.422346 0.422384 1.30784)
(-0.411713 0.680398 0.660271)
(-0.18228 0.176878 1.37615)
(-0.618003 -0.75657 1.23174)
(-0.352617 0.352615 1.25485)
(-0.680411 -0.41165 0.660197)
(0.131041 0.0258848 -0.635659)
(-0.247123 0.195301 -0.971346)
(0.247121 0.195302 -0.971346)
(-0.131045 0.0258483 -0.635646)
(0.680402 -0.411689 0.660236)
(0.352599 0.352607 1.25485)
(0.618003 -0.75657 1.23173)
(-0.964634 0.964633 1.512)
(0.756566 0.618001 1.23172)
(-0.176836 -0.182323 1.37611)
(0.31194 -0.304102 -0.512974)
(-0.311947 -0.083504 -0.882193)
(0.311915 -0.0835137 -0.882178)
(-0.311995 -0.304083 -0.513013)
(0.176856 -0.182297 1.37613)
(-0.75657 0.618003 1.23172)
(0.964634 0.964634 1.512)
(-0.958477 -0.958477 1.58504)
(0.764551 -0.603684 1.28033)
(-0.139362 0.292354 1.30873)
(0.2924 0.243384 -0.53586)
(-0.286283 0.0666434 -0.85068)
(0.28628 0.0666483 -0.850664)
(-0.292365 0.243329 -0.535895)
(0.139386 0.292422 1.30873)
(-0.764552 -0.603685 1.28033)
(0.958477 -0.958477 1.58504)
(-0.603682 0.76455 1.28032)
(-0.34904 -0.349041 1.30499)
(-0.672671 0.442298 0.69618)
(0.142877 -0.0583168 -0.635795)
(-0.230888 -0.193855 -0.952925)
(0.230881 -0.193857 -0.952919)
(-0.142891 -0.0583363 -0.635793)
(0.672655 0.442367 0.696219)
(0.349016 -0.349018 1.305)
(0.603677 0.764551 1.28031)
(0.292336 -0.139363 1.30874)
(0.44228 -0.672677 0.696176)
(-0.357296 -0.357262 1.27217)
(0.464732 -0.112001 0.0412552)
(-0.0490515 -0.0760817 -0.787861)
(0.0490205 -0.0760863 -0.787841)
(-0.464753 -0.111996 0.0413107)
(0.3573 -0.357155 1.27213)
(-0.442304 -0.672677 0.696172)
(-0.292391 -0.139391 1.30871)
(0.243395 0.292408 -0.535855)
(-0.0583195 0.142879 -0.635793)
(-0.112001 0.464727 0.0412602)
(0.135413 0.135406 -0.498591)
(-0.0532431 0.127878 -0.897702)
(0.0532336 0.127881 -0.897703)
(-0.135434 0.135416 -0.498586)
(0.112004 0.464724 0.0412977)
(0.0583497 0.142905 -0.635793)
(-0.243368 0.292394 -0.535885)
(0.0666423 -0.286284 -0.850681)
(-0.193854 -0.230888 -0.952924)
(-0.0760789 -0.0490525 -0.787861)
(0.127879 -0.0532461 -0.897703)
(-0.0380237 -0.038026 -0.981888)
(0.0380157 -0.0380261 -0.981886)
(-0.127888 -0.0532434 -0.897706)
(0.0760768 -0.0490338 -0.787852)
(0.19386 -0.230892 -0.952921)
(-0.0666386 -0.286291 -0.850684)
(0.0666502 0.286283 -0.850657)
(-0.19386 0.230881 -0.952917)
(-0.0760896 0.0490168 -0.787833)
(0.127885 0.0532291 -0.897704)
(-0.0380232 0.0380135 -0.981886)
(0.0380161 0.0380139 -0.981885)
(-0.127893 0.0532293 -0.897708)
(0.0760861 0.0490066 -0.787829)
(0.193867 0.230886 -0.952916)
(-0.0666458 0.286288 -0.850664)
(0.243308 -0.292349 -0.535912)
(-0.0583435 -0.142893 -0.635796)
(-0.111992 -0.464762 0.0413268)
(0.135417 -0.135449 -0.498582)
(-0.0532401 -0.127891 -0.897706)
(0.0532327 -0.127894 -0.897706)
(-0.135435 -0.135451 -0.49858)
(0.111994 -0.464755 0.0413497)
(0.0583637 -0.142915 -0.635796)
(-0.243302 -0.292348 -0.535925)
(0.292446 0.139398 1.30873)
(0.442396 0.672648 0.696231)
(-0.35709 0.357323 1.27211)
(0.46472 0.112004 0.0413138)
(-0.0490152 0.0760729 -0.787849)
(0.0489965 0.0760771 -0.787834)
(-0.464738 0.111999 0.0413497)
(0.357124 0.357232 1.27209)
(-0.442398 0.672652 0.69622)
(-0.292468 0.139416 1.30871)
(-0.603685 -0.764551 1.28034)
(-0.349005 0.349011 1.305)
(-0.672678 -0.442308 0.696171)
(0.142917 0.0583589 -0.63579)
(-0.230892 0.193861 -0.952921)
(0.230888 0.193864 -0.952917)
(-0.142926 0.0583683 -0.63579)
(0.672664 -0.442365 0.696202)
(0.34899 0.348996 1.305)
(0.603682 -0.764552 1.28033)
(-0.958478 0.958476 1.58504)
(0.764552 0.603676 1.28031)
(-0.139396 -0.292414 1.30869)
(0.292392 -0.243362 -0.535893)
(-0.28629 -0.06664 -0.850682)
(0.286286 -0.0666445 -0.85067)
(-0.292365 -0.24332 -0.535915)
(0.139411 -0.292458 1.3087)
(-0.764552 0.603679 1.28032)
(0.958478 0.958477 1.58504)
(-0.949046 -0.949045 1.68136)
(0.748843 -0.551352 1.32907)
(-0.260473 0.476767 1.20055)
(0.24769 0.166098 -0.548529)
(-0.279181 0.0524674 -0.822385)
(0.279186 0.052472 -0.822386)
(-0.24765 0.166077 -0.54855)
(0.260489 0.476811 1.20051)
(-0.748841 -0.551353 1.32908)
(0.949045 -0.949046 1.68136)
(-0.551351 0.748842 1.32907)
(-0.366035 -0.36603 1.36159)
(-0.675293 0.421946 0.75135)
(0.14492 -0.111614 -0.659647)
(-0.209729 -0.195904 -0.931415)
(0.209721 -0.195906 -0.931406)
(-0.144928 -0.111631 -0.659655)
(0.675286 0.422013 0.751383)
(0.366018 -0.365996 1.36159)
(0.551345 0.748842 1.32906)
(0.476754 -0.260472 1.20057)
(0.421933 -0.675297 0.751348)
(-0.264683 -0.264656 1.24034)
(0.450256 -0.113883 -0.0697148)
(-0.0435265 -0.0768256 -0.778704)
(0.043502 -0.0768299 -0.77869)
(-0.450267 -0.113878 -0.0696818)
(0.264694 -0.264534 1.24032)
(-0.421949 -0.6753 0.751361)
(-0.476778 -0.260504 1.20052)
(0.166102 0.2477 -0.548525)
(-0.111617 0.144923 -0.659644)
(-0.113885 0.450254 -0.0697039)
(0.135018 0.135011 -0.526034)
(-0.0424838 0.120966 -0.883405)
(0.0424735 0.120968 -0.883404)
(-0.135046 0.13502 -0.526032)
(0.113889 0.450257 -0.0696524)
(0.11165 0.144944 -0.659645)
(-0.166092 0.247687 -0.548544)
(0.0524667 -0.27918 -0.822384)
(-0.195904 -0.20973 -0.931415)
(-0.0768234 -0.0435255 -0.778704)
(0.120968 -0.0424865 -0.883406)
(-0.0345163 -0.0345185 -0.941251)
(0.034508 -0.034518 -0.941249)
(-0.120977 -0.0424834 -0.883409)
(0.0768217 -0.0435027 -0.778696)
(0.195914 -0.209732 -0.931409)
(-0.0524647 -0.279189 -0.822393)
(0.0524738 0.279191 -0.822386)
(-0.19591 0.20972 -0.931402)
(-0.0768327 0.0435003 -0.778684)
(0.120971 0.0424692 -0.883404)
(-0.034515 0.0345057 -0.941248)
(0.0345077 0.0345057 -0.941246)
(-0.12098 0.0424686 -0.883406)
(0.0768297 0.043486 -0.778679)
(0.195919 0.209724 -0.931399)
(-0.052471 0.279196 -0.822394)
(0.166069 -0.247635 -0.54856)
(-0.111636 -0.14493 -0.65966)
(-0.113878 -0.450271 -0.0696764)
(0.135021 -0.135062 -0.526029)
(-0.0424793 -0.120982 -0.883408)
(0.0424712 -0.120983 -0.883407)
(-0.135043 -0.135062 -0.526028)
(0.113881 -0.45027 -0.0696365)
(0.111659 -0.144951 -0.659659)
(-0.166067 -0.247636 -0.548568)
(0.47683 0.260493 1.2005)
(0.422043 0.675281 0.751386)
(-0.264463 0.264719 1.2403)
(0.450254 0.113884 -0.0696276)
(-0.0434867 0.0768186 -0.778692)
(0.0434738 0.0768224 -0.778681)
(-0.450262 0.113879 -0.0696126)
(0.2645 0.264614 1.24029)
(-0.422044 0.675287 0.751389)
(-0.476836 0.260512 1.20048)
(-0.551354 -0.748839 1.32908)
(-0.365982 0.366014 1.36159)
(-0.675303 -0.421949 0.751371)
(0.144951 0.11166 -0.659644)
(-0.209732 0.195914 -0.931408)
(0.209726 0.195916 -0.931401)
(-0.144958 0.111668 -0.659651)
(0.675297 -0.422007 0.751393)
(0.365974 0.365986 1.36159)
(0.55135 -0.74884 1.32907)
(-0.949046 0.949045 1.68136)
(0.748843 0.551342 1.32906)
(-0.260514 -0.476784 1.2005)
(0.247682 -0.16609 -0.548549)
(-0.279189 -0.0524658 -0.822393)
(0.279193 -0.0524697 -0.822394)
(-0.24765 -0.166076 -0.548562)
(0.260522 -0.476818 1.20047)
(-0.748841 0.551345 1.32907)
(0.949046 0.949046 1.68136)
(-0.935501 -0.935501 1.76719)
(0.74817 -0.478471 1.42201)
(-0.446141 0.549226 1.06429)
(0.209367 0.102 -0.566179)
(-0.273379 0.0462294 -0.800139)
(0.273376 0.0462328 -0.800143)
(-0.209393 0.102022 -0.566185)
(0.446137 0.549193 1.06424)
(-0.74817 -0.478474 1.42201)
(0.935501 -0.935502 1.76719)
(-0.478471 0.748169 1.42201)
(-0.447246 -0.447239 1.47676)
(-0.62337 0.235552 0.802636)
(0.133747 -0.150299 -0.697482)
(-0.182403 -0.190745 -0.908994)
(0.182392 -0.190747 -0.908985)
(-0.13375 -0.150304 -0.697493)
(0.623368 0.235629 0.802648)
(0.447239 -0.447194 1.47677)
(0.478469 0.748172 1.422)
(0.54923 -0.446144 1.06431)
(0.235545 -0.623375 0.802639)
(-0.179407 -0.179403 1.19016)
(0.423017 -0.105284 -0.176116)
(-0.0342062 -0.0703987 -0.772253)
(0.034186 -0.0704015 -0.772243)
(-0.423027 -0.10528 -0.176091)
(0.179404 -0.179347 1.19015)
(-0.235562 -0.62338 0.802659)
(-0.549206 -0.446153 1.06426)
(0.101997 0.209366 -0.566176)
(-0.150302 0.133748 -0.697478)
(-0.105285 0.423016 -0.176107)
(0.134464 0.134459 -0.558149)
(-0.0295784 0.10907 -0.866045)
(0.0295685 0.109072 -0.866041)
(-0.134487 0.134465 -0.558146)
(0.10528 0.42302 -0.176058)
(0.150321 0.133761 -0.697479)
(-0.102006 0.209383 -0.566186)
(0.0462291 -0.27338 -0.800137)
(-0.190745 -0.182406 -0.908993)
(-0.0703962 -0.0342065 -0.772252)
(0.109073 -0.0295812 -0.866046)
(-0.0316596 -0.031662 -0.90382)
(0.0316509 -0.0316613 -0.903818)
(-0.109082 -0.0295787 -0.866047)
(0.0703911 -0.0341907 -0.772245)
(0.190751 -0.182409 -0.908982)
(-0.0462295 -0.273384 -0.800142)
(0.046234 0.273378 -0.800144)
(-0.190749 0.182392 -0.90898)
(-0.0704022 0.0341842 -0.772238)
(0.109075 0.0295649 -0.86604)
(-0.0316584 0.0316486 -0.903816)
(0.0316506 0.0316486 -0.903814)
(-0.109083 0.0295647 -0.866042)
(0.0703962 0.0341741 -0.772232)
(0.190755 0.182398 -0.908972)
(-0.0462339 0.273381 -0.800148)
(0.102027 -0.209401 -0.566188)
(-0.150305 -0.133751 -0.697499)
(-0.10528 -0.423029 -0.17609)
(0.134466 -0.134499 -0.558143)
(-0.0295748 -0.109086 -0.866047)
(0.0295668 -0.109087 -0.866044)
(-0.134485 -0.134499 -0.558142)
(0.105276 -0.423032 -0.176051)
(0.15032 -0.133766 -0.697497)
(-0.102033 -0.209413 -0.566191)
(0.549188 0.446136 1.06423)
(0.235664 0.623366 0.80264)
(-0.179314 0.179412 1.19014)
(0.42302 0.105278 -0.176031)
(-0.0341799 0.07039 -0.772239)
(0.0341673 0.0703924 -0.772232)
(-0.423028 0.105274 -0.176021)
(0.179321 0.179366 1.19014)
(-0.235676 0.623375 0.802653)
(-0.549175 0.446143 1.06421)
(-0.478475 -0.748168 1.42201)
(-0.447174 0.44724 1.47677)
(-0.623383 -0.235561 0.802674)
(0.133764 0.150328 -0.69748)
(-0.182407 0.190751 -0.908981)
(0.1824 0.190753 -0.908974)
(-0.133768 0.150329 -0.69749)
(0.623384 -0.235635 0.802677)
(0.447173 0.447197 1.47677)
(0.478473 -0.748171 1.422)
(-0.935502 0.9355 1.76719)
(0.748174 0.478468 1.422)
(-0.446153 -0.549189 1.06424)
(0.209387 -0.102012 -0.566189)
(-0.273382 -0.0462306 -0.800143)
(0.27338 -0.0462336 -0.800146)
(-0.209409 -0.102032 -0.56619)
(0.446148 -0.549167 1.06421)
(-0.748174 0.47847 1.422)
(0.935502 0.935501 1.76719)
(-0.917637 -0.917637 1.84476)
(0.745515 -0.421387 1.56193)
(-0.492503 0.525146 1.02973)
(0.181307 0.0538604 -0.596141)
(-0.258178 0.0409632 -0.789898)
(0.258167 0.040966 -0.789893)
(-0.18134 0.0538711 -0.596165)
(0.492481 0.525073 1.02967)
(-0.745513 -0.421389 1.56191)
(0.917636 -0.917637 1.84476)
(-0.421387 0.745515 1.56193)
(-0.577945 -0.577944 1.58473)
(-0.476116 -0.159871 0.813305)
(0.113674 -0.165606 -0.732818)
(-0.149307 -0.160114 -0.886018)
(0.149297 -0.160117 -0.886011)
(-0.113673 -0.165606 -0.732825)
(0.476106 -0.159831 0.813297)
(0.577947 -0.577921 1.58474)
(0.421389 0.745519 1.56192)
(0.525159 -0.492511 1.02974)
(-0.159866 -0.476123 0.813309)
(-0.0852362 -0.0852465 1.00948)
(0.385549 -0.0821077 -0.267631)
(-0.0243124 -0.0596716 -0.760654)
(0.0242922 -0.0596736 -0.760647)
(-0.385568 -0.0821069 -0.267609)
(0.0852212 -0.0852563 1.00949)
(0.159861 -0.476128 0.81332)
(-0.525113 -0.492499 1.0297)
(0.0538585 0.181303 -0.596136)
(-0.165608 0.113673 -0.732816)
(-0.0821072 0.385546 -0.267626)
(0.131219 0.131216 -0.58413)
(-0.0186876 0.0935388 -0.845129)
(0.0186785 0.0935403 -0.845125)
(-0.131234 0.131224 -0.584126)
(0.0821008 0.385551 -0.267588)
(0.16561 0.113673 -0.732815)
(-0.0538632 0.181321 -0.596152)
(0.040962 -0.258181 -0.789898)
(-0.160112 -0.149311 -0.886018)
(-0.0596685 -0.024315 -0.760653)
(0.093541 -0.0186902 -0.845129)
(-0.0286261 -0.0286288 -0.871691)
(0.0286171 -0.0286286 -0.871688)
(-0.0935501 -0.0186885 -0.845129)
(0.0596605 -0.0243078 -0.760645)
(0.160111 -0.149316 -0.886011)
(-0.0409604 -0.258179 -0.789898)
(0.0409661 0.258165 -0.789891)
(-0.160119 0.149296 -0.886007)
(-0.0596728 0.0242895 -0.760643)
(0.0935425 0.0186758 -0.845122)
(-0.0286259 0.0286151 -0.871687)
(0.0286176 0.0286155 -0.871685)
(-0.0935515 0.018676 -0.845123)
(0.0596641 0.0242863 -0.760636)
(0.160117 0.149304 -0.886)
(-0.0409642 0.258165 -0.789892)
(0.0538724 -0.181349 -0.596174)
(-0.165605 -0.113671 -0.732828)
(-0.0821061 -0.385572 -0.267607)
(0.131226 -0.131242 -0.584123)
(-0.018685 -0.0935537 -0.845129)
(0.0186777 -0.093555 -0.845125)
(-0.131238 -0.131246 -0.584121)
(0.0821007 -0.385576 -0.267577)
(0.165608 -0.113672 -0.732827)
(-0.0538758 -0.181361 -0.59618)
(0.525054 0.492477 1.02964)
(-0.15981 0.4761 0.813282)
(-0.0852603 0.0852152 1.00949)
(0.385554 0.0821003 -0.267566)
(-0.024301 0.0596609 -0.76064)
(0.0242856 0.0596626 -0.760634)
(-0.385572 0.0821004 -0.267555)
(0.0852413 0.0852249 1.00951)
(0.159796 0.476113 0.81329)
(-0.525031 0.492472 1.02962)
(-0.421388 -0.745511 1.56191)
(-0.577908 0.577952 1.58474)
(-0.47613 0.159864 0.813332)
(0.113675 0.165613 -0.732815)
(-0.149314 0.160113 -0.886009)
(0.149306 0.160116 -0.886002)
(-0.113675 0.165612 -0.732821)
(0.476127 0.159818 0.81332)
(0.577911 0.577929 1.58474)
(0.42139 -0.745515 1.5619)
(-0.917638 0.917636 1.84476)
(0.745522 0.421391 1.56192)
(-0.492489 -0.525086 1.02969)
(0.181329 -0.0538685 -0.596158)
(-0.258176 -0.0409626 -0.789896)
(0.258167 -0.0409652 -0.789892)
(-0.181355 -0.0538783 -0.596174)
(0.492473 -0.525033 1.02964)
(-0.74552 0.42139 1.5619)
(0.917637 0.917637 1.84476)
(-0.896427 -0.896426 1.91586)
(0.740144 -0.379614 1.72271)
(-0.472282 0.440615 1.12412)
(0.156116 0.0123095 -0.61781)
(-0.238518 0.0322418 -0.787396)
(0.23851 0.0322452 -0.78739)
(-0.15613 0.0123102 -0.617822)
(0.472251 0.440484 1.12407)
(-0.740139 -0.379616 1.72269)
(0.896425 -0.896426 1.91586)
(-0.379615 0.740146 1.72272)
(-0.635027 -0.635029 1.60083)
(-0.301961 -0.399731 0.758694)
(0.0867268 -0.163632 -0.746707)
(-0.116054 -0.1327 -0.866296)
(0.116044 -0.132702 -0.866291)
(-0.0867207 -0.163635 -0.746712)
(0.301935 -0.399716 0.758669)
(0.63503 -0.635019 1.60083)
(0.379622 0.740149 1.72271)
(0.440641 -0.472291 1.12413)
(-0.399728 -0.301969 0.758699)
(-0.0269394 -0.0269467 0.56792)
(0.324936 -0.0613121 -0.344221)
(-0.0161732 -0.0530472 -0.745871)
(0.0161555 -0.05305 -0.745865)
(-0.324953 -0.0613096 -0.344204)
(0.0269309 -0.0269688 0.567933)
(0.399725 -0.301965 0.758696)
(-0.44057 -0.472271 1.1241)
(0.0123095 0.156114 -0.617807)
(-0.163631 0.0867266 -0.746705)
(-0.0613128 0.324934 -0.344217)
(0.119409 0.119408 -0.6001)
(-0.0100611 0.0770936 -0.821367)
(0.0100531 0.0770949 -0.821364)
(-0.11942 0.119415 -0.600096)
(0.0613099 0.324943 -0.34419)
(0.163632 0.0867208 -0.746704)
(-0.0123104 0.156124 -0.617818)
(0.0322403 -0.238519 -0.787396)
(-0.132699 -0.116057 -0.866296)
(-0.0530446 -0.0161767 -0.745871)
(0.0770958 -0.0100633 -0.821367)
(-0.0241714 -0.0241741 -0.846414)
(0.024163 -0.0241745 -0.846412)
(-0.0771043 -0.010062 -0.821365)
(0.0530391 -0.0161751 -0.745861)
(0.132699 -0.116058 -0.866296)
(-0.0322388 -0.238518 -0.787391)
(0.0322453 0.238508 -0.787387)
(-0.132703 0.116041 -0.86629)
(-0.05305 0.0161528 -0.745862)
(0.077097 0.0100509 -0.821361)
(-0.0241722 0.0241612 -0.846411)
(0.0241643 0.0241622 -0.846408)
(-0.0771053 0.0100513 -0.821359)
(0.0530438 0.0161539 -0.745853)
(0.132702 0.116045 -0.866289)
(-0.0322436 0.238509 -0.787384)
(0.0123093 -0.156135 -0.617827)
(-0.163635 -0.0867168 -0.746714)
(-0.0613083 -0.324958 -0.344202)
(0.119418 -0.119425 -0.600094)
(-0.0100589 -0.0771074 -0.821365)
(0.0100526 -0.0771084 -0.821362)
(-0.119426 -0.11943 -0.600091)
(0.0613062 -0.324967 -0.344179)
(0.163636 -0.0867131 -0.746713)
(-0.012311 -0.156142 -0.617831)
(0.440443 0.472244 1.12404)
(-0.399704 0.301922 0.758649)
(-0.0269799 0.0269265 0.567933)
(0.324946 0.0613086 -0.344176)
(-0.0161707 0.0530392 -0.745857)
(0.016156 0.0530417 -0.745852)
(-0.324963 0.0613068 -0.344166)
(0.0269625 0.0269425 0.567954)
(0.399698 0.301929 0.758648)
(-0.44041 0.472235 1.12402)
(-0.379614 -0.740136 1.72268)
(-0.63501 0.635034 1.60082)
(-0.301965 0.399726 0.7587)
(0.0867226 0.163631 -0.746704)
(-0.116057 0.132699 -0.866293)
(0.116049 0.132701 -0.866288)
(-0.0867175 0.163635 -0.74671)
(0.301948 0.39971 0.758675)
(0.635014 0.635026 1.60083)
(0.379618 -0.740141 1.72267)
(-0.896426 0.896424 1.91586)
(0.740152 0.379625 1.7227)
(-0.472258 -0.440534 1.12409)
(0.156129 -0.0123134 -0.617821)
(-0.238516 -0.0322413 -0.787389)
(0.23851 -0.0322447 -0.787384)
(-0.156142 -0.0123147 -0.617828)
(0.472235 -0.440432 1.12405)
(-0.740147 0.379623 1.72268)
(0.896425 0.896425 1.91586)
(-0.873783 -0.873783 1.97862)
(0.736868 -0.347918 1.87787)
(-0.44827 0.319527 1.2602)
(0.128 -0.0192037 -0.629421)
(-0.223803 0.0247266 -0.790237)
(0.22379 0.0247311 -0.790232)
(-0.128013 -0.0191984 -0.629427)
(0.448239 0.319382 1.26019)
(-0.736862 -0.347917 1.87784)
(0.87378 -0.873782 1.97862)
(-0.347918 0.736871 1.87787)
(-0.634965 -0.634968 1.57066)
(-0.207011 -0.277685 0.673098)
(0.0590038 -0.158091 -0.750213)
(-0.0897761 -0.111654 -0.849884)
(0.0897679 -0.111656 -0.849883)
(-0.0589905 -0.158087 -0.750212)
(0.206979 -0.277681 0.67303)
(0.634965 -0.634963 1.57065)
(0.347929 0.736875 1.87786)
(0.319556 -0.448277 1.2602)
(-0.277684 -0.207017 0.673112)
(-0.0342274 -0.0342322 0.180777)
(0.259299 -0.0527926 -0.411432)
(-0.0143444 -0.0539134 -0.734473)
(0.0143305 -0.0539177 -0.734468)
(-0.259312 -0.0527879 -0.411421)
(0.0342288 -0.034255 0.180789)
(0.277671 -0.207008 0.673088)
(-0.319488 -0.448257 1.26019)
(-0.0192044 0.127998 -0.62942)
(-0.158092 0.0590062 -0.750212)
(-0.0527941 0.259298 -0.41143)
(0.0985949 0.0985941 -0.612416)
(-0.00175221 0.0635192 -0.802396)
(0.0017459 0.06352 -0.802393)
(-0.0986019 0.0985996 -0.612412)
(0.0527931 0.259305 -0.411411)
(0.158089 0.0590028 -0.750209)
(0.0192011 0.128005 -0.629426)
(0.0247258 -0.223805 -0.790236)
(-0.111653 -0.0897769 -0.849885)
(-0.0539119 -0.0143478 -0.734472)
(0.0635213 -0.00175373 -0.802395)
(-0.0178724 -0.0178747 -0.825363)
(0.0178658 -0.0178758 -0.825361)
(-0.0635283 -0.00175242 -0.802392)
(0.0539115 -0.014349 -0.734464)
(0.111652 -0.0897742 -0.849887)
(-0.0247284 -0.223804 -0.790231)
(0.0247328 0.223786 -0.790229)
(-0.111657 0.0897646 -0.849883)
(-0.0539196 0.0143281 -0.734465)
(0.0635217 0.00174409 -0.802391)
(-0.0178742 0.0178643 -0.82536)
(0.0178679 0.0178658 -0.825358)
(-0.0635286 0.00174417 -0.802388)
(0.0539185 0.0143313 -0.734457)
(0.111655 0.0897637 -0.849884)
(-0.0247352 0.223787 -0.790224)
(-0.0191975 -0.128017 -0.629431)
(-0.158085 -0.0589853 -0.750212)
(-0.0527862 -0.259317 -0.411419)
(0.0986022 -0.0986054 -0.61241)
(-0.00175012 -0.0635308 -0.802392)
(0.00174534 -0.0635313 -0.802389)
(-0.0986078 -0.0986095 -0.612407)
(0.0527861 -0.259323 -0.411403)
(0.158083 -0.0589838 -0.750211)
(0.0191952 -0.128022 -0.629432)
(0.319332 0.448233 1.26018)
(-0.277671 0.206964 0.672997)
(-0.0342641 0.0342288 0.18079)
(0.259308 0.052791 -0.411401)
(-0.0143467 0.0539107 -0.73446)
(0.0143348 0.0539148 -0.734455)
(-0.259321 0.052787 -0.411393)
(0.0342585 0.0342467 0.180806)
(0.277664 0.206962 0.672985)
(-0.319302 0.448223 1.26017)
(-0.347914 -0.736859 1.87783)
(-0.634956 0.634968 1.57064)
(-0.207005 0.277665 0.673082)
(0.059003 0.158085 -0.750208)
(-0.0897746 0.111651 -0.849885)
(0.0897684 0.111653 -0.849882)
(-0.0589901 0.158082 -0.75021)
(0.206979 0.277669 0.673021)
(0.634958 0.634967 1.57064)
(0.347922 -0.736864 1.87782)
(-0.873782 0.873779 1.97862)
(0.736878 0.347934 1.87786)
(-0.448245 -0.319456 1.2602)
(0.12801 0.0191979 -0.629428)
(-0.223801 -0.0247299 -0.790229)
(0.22379 -0.0247346 -0.790224)
(-0.128022 0.0191936 -0.62943)
(0.448222 -0.319337 1.26018)
(-0.736871 0.34793 1.87783)
(0.87378 0.87378 1.97862)
(-0.849999 -0.849999 2.03307)
(0.742319 -0.321463 2.02002)
(-0.433644 0.227759 1.36895)
(0.103778 -0.039504 -0.632265)
(-0.214331 0.019387 -0.799966)
(0.214317 0.0193919 -0.799963)
(-0.103791 -0.0394967 -0.632273)
(0.433615 0.227658 1.36897)
(-0.74231 -0.321462 2.01998)
(0.849996 -0.849998 2.03307)
(-0.321464 0.742323 2.02002)
(-0.612678 -0.612681 1.52214)
(-0.180809 -0.0598508 0.587606)
(0.0343894 -0.152907 -0.756148)
(-0.0728666 -0.0964604 -0.834377)
(0.0728621 -0.0964625 -0.834377)
(-0.0343707 -0.152897 -0.756142)
(0.180784 -0.0598656 0.587517)
(0.612671 -0.612681 1.52211)
(0.321477 0.742327 2.02001)
(0.22778 -0.43365 1.36894)
(-0.0598457 -0.180813 0.587623)
(-0.0522549 -0.0522614 -0.0179726)
(0.213683 -0.0525111 -0.476596)
(-0.016143 -0.0569044 -0.727068)
(0.0161324 -0.0569095 -0.727064)
(-0.213693 -0.0525067 -0.476586)
(0.0522581 -0.0522913 -0.0179618)
(0.0598246 -0.180806 0.58759)
(-0.227741 -0.433634 1.36894)
(-0.0395053 0.103776 -0.632265)
(-0.152908 0.034394 -0.756148)
(-0.0525125 0.213682 -0.476595)
(0.0783129 0.0783128 -0.630608)
(0.00752799 0.055186 -0.789987)
(-0.00753279 0.0551863 -0.789985)
(-0.0783167 0.0783173 -0.630603)
(0.0525114 0.213687 -0.476583)
(0.152902 0.0343931 -0.756144)
(0.0395007 0.103783 -0.632269)
(0.0193866 -0.214333 -0.799965)
(-0.0964594 -0.0728664 -0.834376)
(-0.0569033 -0.0161462 -0.727067)
(0.0551879 0.00752703 -0.789986)
(-0.0137022 -0.0137041 -0.806342)
(0.0136971 -0.0137053 -0.806341)
(-0.0551933 0.00752813 -0.789983)
(0.0569044 -0.0161491 -0.72706)
(0.0964584 -0.072864 -0.834374)
(-0.0193909 -0.214331 -0.79996)
(0.0193941 0.214314 -0.79996)
(-0.0964634 0.0728598 -0.834377)
(-0.0569121 0.0161302 -0.727061)
(0.0551876 -0.00753435 -0.789984)
(-0.0137044 0.0136957 -0.80634)
(0.0136994 0.0136972 -0.806338)
(-0.0551929 -0.00753444 -0.78998)
(0.0569127 0.016135 -0.727054)
(0.0964618 0.0728586 -0.834374)
(-0.0193983 0.214315 -0.799955)
(-0.0394957 -0.103793 -0.632278)
(-0.152893 -0.034364 -0.75614)
(-0.0525052 -0.213696 -0.476584)
(0.0783197 -0.0783189 -0.630601)
(0.00752959 -0.0551954 -0.789982)
(-0.00753322 -0.0551953 -0.789981)
(-0.0783223 -0.0783224 -0.630597)
(0.0525049 -0.213699 -0.476574)
(0.15289 -0.0343644 -0.756137)
(0.0394932 -0.103798 -0.632277)
(0.227621 0.433609 1.36896)
(-0.0598668 0.180772 0.587476)
(-0.0523033 0.0522577 -0.0179583)
(0.21369 0.0525095 -0.476576)
(-0.0161484 0.0569034 -0.727056)
(0.0161394 0.0569084 -0.727053)
(-0.213697 0.0525055 -0.476568)
(0.0523023 0.0522858 -0.0179465)
(0.0598506 0.180768 0.587458)
(-0.227603 0.433601 1.36896)
(-0.321458 -0.742307 2.01996)
(-0.612676 0.612671 1.52209)
(-0.180804 0.0598138 0.58758)
(0.0343927 0.152897 -0.756142)
(-0.0728655 0.0964572 -0.834373)
(0.0728624 0.0964589 -0.834373)
(-0.0343735 0.152889 -0.756138)
(0.180782 0.0598355 0.587502)
(0.612673 0.612675 1.52208)
(0.321468 -0.742313 2.01996)
(-0.849998 0.849995 2.03307)
(0.74233 0.321483 2.02)
(-0.433623 -0.227722 1.36895)
(0.103788 0.0394975 -0.632271)
(-0.214329 -0.0193918 -0.799957)
(0.214318 -0.019397 -0.799954)
(-0.103799 0.039492 -0.632275)
(0.433601 -0.227635 1.36896)
(-0.742321 0.321478 2.01997)
(0.849996 0.849995 2.03307)
(-0.826094 -0.826094 2.0739)
(0.737779 -0.2971 2.15773)
(-0.43343 0.177363 1.46099)
(0.0820958 -0.0500829 -0.632305)
(-0.205117 0.0151208 -0.815106)
(0.205112 0.0151247 -0.815103)
(-0.082099 -0.050079 -0.632312)
(0.4334 0.177311 1.46102)
(-0.737768 -0.297101 2.15769)
(0.826091 -0.826093 2.0739)
(-0.297101 0.737784 2.15773)
(-0.595003 -0.595009 1.47646)
(-0.169392 -0.0133424 0.487767)
(0.00366268 -0.136196 -0.766079)
(-0.0632956 -0.085796 -0.824629)
(0.0632947 -0.085798 -0.824633)
(-0.00364417 -0.136196 -0.76607)
(0.169385 -0.0133749 0.487679)
(0.594988 -0.595013 1.47642)
(0.297115 0.737789 2.15772)
(0.177374 -0.433436 1.46098)
(-0.0133316 -0.169393 0.487783)
(-0.0789701 -0.0789776 -0.128112)
(0.169774 -0.0539311 -0.539922)
(-0.0176248 -0.0578588 -0.726023)
(0.0176173 -0.0578635 -0.726021)
(-0.169779 -0.0539291 -0.539914)
(0.0789704 -0.0790064 -0.128107)
(0.0133162 -0.169392 0.487745)
(-0.177362 -0.433424 1.46097)
(-0.0500837 0.0820952 -0.632305)
(-0.136196 0.00366729 -0.76608)
(-0.0539319 0.169772 -0.539922)
(0.0668863 0.0668866 -0.656176)
(0.0153424 0.0494148 -0.78074)
(-0.0153455 0.0494148 -0.780739)
(-0.066888 0.0668897 -0.656171)
(0.053931 0.169774 -0.539916)
(0.136189 0.00366642 -0.766075)
(0.0500797 0.082101 -0.632309)
(0.0151204 -0.205118 -0.815104)
(-0.0857951 -0.063295 -0.824628)
(-0.0578575 -0.0176275 -0.726022)
(0.0494164 0.0153419 -0.780739)
(-0.0125659 -0.0125674 -0.788926)
(0.0125616 -0.0125686 -0.788924)
(-0.0494206 0.0153426 -0.780736)
(0.0578576 -0.0176311 -0.726016)
(0.0857936 -0.0632942 -0.824626)
(-0.0151236 -0.205116 -0.815099)
(0.0151263 0.205111 -0.815102)
(-0.085799 0.063294 -0.824633)
(-0.0578656 0.0176154 -0.726019)
(0.0494158 -0.0153468 -0.780738)
(-0.012568 0.0125602 -0.788924)
(0.0125639 0.0125617 -0.788923)
(-0.0494198 -0.0153468 -0.780735)
(0.0578652 0.0176207 -0.726013)
(0.085797 0.0632938 -0.82463)
(-0.0151296 0.205111 -0.815096)
(-0.0500793 -0.0820961 -0.632316)
(-0.136197 -0.00363662 -0.766067)
(-0.0539286 -0.169782 -0.539912)
(0.0668916 -0.066889 -0.656169)
(0.0153433 -0.0494222 -0.780735)
(-0.0153456 -0.0494218 -0.780735)
(-0.0668922 -0.0668914 -0.656165)
(0.0539279 -0.169782 -0.539907)
(0.136191 -0.0036362 -0.766064)
(0.0500768 -0.0821019 -0.632316)
(0.17729 0.433391 1.46102)
(-0.0133913 0.169379 0.487637)
(-0.0790193 0.0789682 -0.128105)
(0.169776 0.0539298 -0.539911)
(-0.0176316 0.0578569 -0.726014)
(0.0176254 0.0578615 -0.726012)
(-0.16978 0.0539278 -0.539905)
(0.0790175 0.0789975 -0.128101)
(0.0133755 0.169377 0.487614)
(-0.177285 0.433388 1.46101)
(-0.297099 -0.737763 2.15767)
(-0.595012 0.594984 1.4764)
(-0.169393 0.0133044 0.487734)
(0.00366707 0.136185 -0.766072)
(-0.0632963 0.0857922 -0.824625)
(0.0632962 0.0857938 -0.824628)
(-0.00364732 0.136185 -0.766065)
(0.169385 0.0133398 0.487657)
(0.595 0.594994 1.47638)
(0.297109 -0.73777 2.15766)
(-0.826092 0.82609 2.0739)
(0.737791 0.297123 2.15771)
(-0.433415 -0.177355 1.46098)
(0.0821049 0.0500773 -0.632311)
(-0.205115 -0.0151243 -0.815096)
(0.205112 -0.0151286 -0.815094)
(-0.0821073 0.0500748 -0.632314)
(0.433392 -0.177306 1.46101)
(-0.73778 0.29712 2.15768)
(0.82609 0.826089 2.0739)
(-0.795152 -0.795152 2.10231)
(0.649418 -0.275439 2.29476)
(-0.44051 0.155991 1.57171)
(0.0584716 -0.0493001 -0.637648)
(-0.194364 0.0129831 -0.835427)
(0.194362 0.0129854 -0.835426)
(-0.0584705 -0.0492983 -0.637646)
(0.440484 0.155986 1.57176)
(-0.649401 -0.275445 2.29472)
(0.795148 -0.79515 2.10231)
(-0.275439 0.649424 2.29477)
(-0.586298 -0.586305 1.43925)
(-0.171843 -0.0894969 0.401369)
(-0.0325796 -0.114424 -0.778362)
(-0.0598773 -0.0793869 -0.823639)
(0.0598788 -0.0793889 -0.823644)
(0.0325932 -0.114426 -0.778355)
(0.171851 -0.0895226 0.401296)
(0.58628 -0.586314 1.4392)
(0.275453 0.64943 2.29475)
(0.155994 -0.440516 1.5717)
(-0.0894877 -0.171842 0.401381)
(-0.117575 -0.117581 -0.241936)
(0.128196 -0.0539996 -0.606681)
(-0.0177 -0.0586862 -0.732013)
(0.0176944 -0.0586897 -0.732012)
(-0.1282 -0.054 -0.606675)
(0.117574 -0.117602 -0.241939)
(0.0894783 -0.171846 0.401344)
(-0.156004 -0.440509 1.57169)
(-0.0493002 0.0584723 -0.63765)
(-0.114423 -0.0325759 -0.778363)
(-0.054 0.128194 -0.606682)
(0.0645818 0.0645822 -0.687461)
(0.0193087 0.0434994 -0.771073)
(-0.0193105 0.0434992 -0.771074)
(-0.0645826 0.0645845 -0.687457)
(0.0540001 0.128195 -0.60668)
(0.114417 -0.0325761 -0.778358)
(0.0492968 0.058475 -0.637654)
(0.0129828 -0.194364 -0.835426)
(-0.079386 -0.0598764 -0.823637)
(-0.0586849 -0.0177023 -0.732012)
(0.0435008 0.0193085 -0.771073)
(-0.0134316 -0.0134327 -0.773978)
(0.0134284 -0.0134337 -0.773977)
(-0.043504 0.0193086 -0.77107)
(0.0586847 -0.0177056 -0.732007)
(0.0793846 -0.0598768 -0.823634)
(-0.0129849 -0.194363 -0.83542)
(0.0129865 0.194362 -0.835426)
(-0.0793899 0.0598791 -0.823645)
(-0.0586914 0.0176927 -0.732011)
(0.0435 -0.0193113 -0.771073)
(-0.0134334 0.013427 -0.773977)
(0.0134304 0.0134284 -0.773976)
(-0.0435031 -0.0193111 -0.77107)
(0.0586909 0.0176975 -0.732006)
(0.079388 0.0598796 -0.823641)
(-0.0129889 0.194362 -0.83542)
(-0.0492978 -0.0584681 -0.637645)
(-0.114427 0.0325997 -0.778352)
(-0.0540005 -0.128202 -0.606673)
(0.0645861 -0.0645831 -0.687454)
(0.0193086 -0.0435052 -0.771069)
(-0.0193099 -0.0435048 -0.771069)
(-0.0645859 -0.0645848 -0.687451)
(0.0540004 -0.128202 -0.606672)
(0.114421 0.0326005 -0.778349)
(0.0492953 -0.0584714 -0.637647)
(0.155982 0.440475 1.57177)
(-0.0895393 0.171852 0.401259)
(-0.117612 0.117572 -0.24194)
(0.128197 0.0539994 -0.606678)
(-0.0177065 0.0586841 -0.732006)
(0.0177021 0.0586878 -0.732005)
(-0.1282 0.0539995 -0.606673)
(0.117611 0.117594 -0.241942)
(0.0895281 0.171854 0.401235)
(-0.155988 0.440475 1.57176)
(-0.275445 -0.649393 2.2947)
(-0.586316 0.586272 1.43918)
(-0.171848 0.0894683 0.401332)
(-0.0325744 0.114413 -0.778355)
(-0.0598791 0.0793833 -0.823633)
(0.059881 0.079385 -0.823637)
(0.0325899 0.114416 -0.77835)
(0.171854 0.0894951 0.401269)
(0.586299 0.586285 1.43915)
(0.275455 -0.649403 2.29469)
(-0.795149 0.795146 2.10231)
(0.649434 0.275461 2.29475)
(-0.440503 -0.156008 1.57169)
(0.0584778 0.0492953 -0.637656)
(-0.194363 -0.0129852 -0.835418)
(0.194362 -0.0129881 -0.835417)
(-0.0584766 0.0492944 -0.637651)
(0.440482 -0.155998 1.57174)
(-0.649419 0.275463 2.29471)
(0.795146 0.795145 2.10231)
(-0.73552 -0.735519 2.19119)
(0.450283 -0.258773 2.4315)
(-0.426917 0.132698 1.67808)
(0.0410265 -0.036083 -0.65274)
(-0.183892 0.0136887 -0.860705)
(0.183884 0.0136899 -0.860705)
(-0.0410288 -0.0360776 -0.652732)
(0.426896 0.132714 1.67813)
(-0.450259 -0.258784 2.43145)
(0.735514 -0.735516 2.19119)
(-0.258771 0.45029 2.4315)
(-0.575483 -0.57549 1.41253)
(-0.201373 -0.150305 0.333906)
(-0.0620881 -0.0905176 -0.796997)
(-0.0611376 -0.0758882 -0.832845)
(0.0611397 -0.0758907 -0.832849)
(0.0620965 -0.0905131 -0.796994)
(0.201389 -0.150314 0.333849)
(0.575465 -0.575501 1.41248)
(0.258784 0.450299 2.43148)
(0.132698 -0.426922 1.67806)
(-0.1503 -0.201371 0.333914)
(-0.154571 -0.154575 -0.3798)
(0.0962064 -0.0524556 -0.678046)
(-0.0185034 -0.0617685 -0.744355)
(0.0184992 -0.061771 -0.744355)
(-0.0962108 -0.0524572 -0.678041)
(0.154571 -0.154587 -0.379807)
(0.150291 -0.201382 0.333877)
(-0.132717 -0.42692 1.67805)
(-0.0360836 0.0410263 -0.652745)
(-0.0905174 -0.0620855 -0.796997)
(-0.0524558 0.0962053 -0.678047)
(0.0639403 0.0639406 -0.720067)
(0.0154863 0.0351656 -0.760202)
(-0.0154871 0.0351654 -0.760203)
(-0.0639412 0.0639424 -0.720064)
(0.0524569 0.0962074 -0.678047)
(0.0905124 -0.0620854 -0.796993)
(0.0360798 0.0410279 -0.652749)
(0.0136887 -0.183893 -0.860704)
(-0.0758872 -0.0611368 -0.832843)
(-0.0617677 -0.0185054 -0.744355)
(0.0351669 0.0154862 -0.760201)
(-0.0148703 -0.0148712 -0.762677)
(0.0148678 -0.014872 -0.762677)
(-0.0351694 0.0154859 -0.760199)
(0.0617675 -0.0185078 -0.744351)
(0.0758866 -0.0611377 -0.83284)
(-0.0136901 -0.183891 -0.860698)
(0.0136906 0.183881 -0.860705)
(-0.0758918 0.0611405 -0.83285)
(-0.0617723 0.0184976 -0.744354)
(0.0351661 -0.0154875 -0.760202)
(-0.0148718 0.0148667 -0.762677)
(0.0148696 0.0148679 -0.762676)
(-0.0351685 -0.0154871 -0.7602)
(0.0617722 0.0185014 -0.744351)
(0.0758908 0.0611416 -0.832846)
(-0.0136923 0.183882 -0.8607)
(-0.0360749 -0.0410279 -0.652729)
(-0.0905113 0.0621012 -0.796992)
(-0.0524582 -0.0962129 -0.678039)
(0.063944 -0.0639417 -0.720062)
(0.0154856 -0.0351703 -0.760198)
(-0.0154862 -0.0351699 -0.760199)
(-0.063944 -0.0639429 -0.720059)
(0.0524589 -0.0962132 -0.67804)
(0.0905075 0.0621022 -0.796989)
(0.0360728 -0.0410286 -0.652732)
(0.132717 0.426888 1.67814)
(-0.150321 0.201395 0.333819)
(-0.154594 0.154569 -0.37981)
(0.0962094 0.0524566 -0.678046)
(-0.0185086 0.0617669 -0.74435)
(0.0185054 0.0617696 -0.74435)
(-0.0962121 0.0524577 -0.678042)
(0.154594 0.154582 -0.379816)
(0.150312 0.201402 0.333793)
(-0.132728 0.426891 1.67812)
(-0.258787 -0.450247 2.43143)
(-0.575504 0.575456 1.41246)
(-0.201386 0.150282 0.333864)
(-0.0620835 0.090509 -0.796991)
(-0.0611399 0.0758859 -0.832838)
(0.0611424 0.075888 -0.832842)
(0.0620939 0.0905056 -0.796988)
(0.201398 0.150293 0.333815)
(0.575486 0.575469 1.41243)
(0.258795 -0.45026 2.43142)
(-0.735514 0.735512 2.19119)
(0.450305 0.258791 2.43148)
(-0.426918 -0.132725 1.67805)
(0.0410311 0.0360782 -0.652751)
(-0.183891 -0.0136899 -0.860696)
(0.183885 -0.0136916 -0.860696)
(-0.0410324 0.0360743 -0.652739)
(0.426901 -0.132733 1.6781)
(-0.450283 0.258799 2.43144)
(0.73551 0.73551 2.19119)
(-0.646142 -0.646142 2.3625)
(0.224598 -0.250969 2.57325)
(-0.380236 0.0903863 1.75264)
(0.0545036 -0.0116923 -0.670616)
(-0.168394 0.0163304 -0.885003)
(0.168384 0.0163309 -0.885004)
(-0.054507 -0.0116833 -0.670615)
(0.380217 0.0904098 1.75267)
(-0.224573 -0.250985 2.57321)
(0.646137 -0.646137 2.3625)
(-0.250966 0.224605 2.57326)
(-0.553383 -0.55339 1.40608)
(-0.247303 -0.152719 0.283911)
(-0.0775102 -0.0681503 -0.825695)
(-0.0637429 -0.0704653 -0.846397)
(0.0637448 -0.0704672 -0.8464)
(0.0775145 -0.0681442 -0.825694)
(0.247319 -0.152712 0.283871)
(0.553366 -0.5534 1.40603)
(0.250974 0.224612 2.57324)
(0.0903844 -0.380241 1.75263)
(-0.152718 -0.247302 0.283915)
(-0.168511 -0.168513 -0.516554)
(0.075962 -0.0521698 -0.747775)
(-0.022544 -0.0661661 -0.75872)
(0.0225408 -0.0661678 -0.758721)
(-0.0759668 -0.0521715 -0.747771)
(0.168512 -0.16852 -0.516561)
(0.152707 -0.247316 0.28388)
(-0.0904047 -0.380241 1.75261)
(-0.0116938 0.0545027 -0.67062)
(-0.0681509 -0.0775084 -0.825695)
(-0.05217 0.0759611 -0.747777)
(0.0536001 0.0536003 -0.748442)
(0.00361928 0.0233025 -0.752745)
(-0.00361954 0.0233024 -0.752746)
(-0.0536006 0.0536016 -0.748439)
(0.0521715 0.0759639 -0.747777)
(0.0681474 -0.0775085 -0.825693)
(0.0116898 0.0545026 -0.670627)
(0.0163305 -0.168396 -0.885001)
(-0.0704645 -0.0637423 -0.846395)
(-0.0661656 -0.0225455 -0.758719)
(0.0233035 0.00361922 -0.752744)
(-0.0153809 -0.0153817 -0.756559)
(0.015379 -0.0153823 -0.756559)
(-0.0233055 0.0036187 -0.752742)
(0.0661655 -0.0225472 -0.758717)
(0.0704642 -0.0637436 -0.846392)
(-0.0163313 -0.168394 -0.884996)
(0.0163314 0.16838 -0.885004)
(-0.070468 0.0637457 -0.846401)
(-0.0661689 0.0225395 -0.75872)
(0.023303 -0.00361967 -0.752745)
(-0.0153822 0.0153781 -0.756559)
(0.0153805 0.0153791 -0.756559)
(-0.0233048 -0.00361913 -0.752743)
(0.0661689 0.0225425 -0.758717)
(0.0704673 0.063747 -0.846398)
(-0.0163325 0.168381 -0.884999)
(-0.0116794 -0.0545066 -0.670614)
(-0.0681419 0.0775175 -0.825693)
(-0.0521727 -0.0759691 -0.747769)
(0.0536029 -0.0536007 -0.748438)
(0.00361832 -0.0233062 -0.752741)
(-0.00361845 -0.0233059 -0.752742)
(-0.0536027 -0.0536016 -0.748436)
(0.0521738 -0.07597 -0.74777)
(0.0681398 0.0775191 -0.825691)
(0.0116778 -0.054505 -0.670619)
(0.0904154 0.380208 1.75268)
(-0.152712 0.247326 0.283849)
(-0.168524 0.168511 -0.516564)
(0.0759662 0.0521716 -0.747776)
(-0.0225479 0.0661648 -0.758716)
(0.0225458 0.0661668 -0.758716)
(-0.0759691 0.0521729 -0.747773)
(0.168526 0.168519 -0.51657)
(0.152705 0.247336 0.283822)
(-0.090428 0.380214 1.75266)
(-0.250991 -0.224559 2.57319)
(-0.553404 0.553357 1.40601)
(-0.247321 0.152698 0.283868)
(-0.0775066 0.0681446 -0.825691)
(-0.0637455 0.0704637 -0.84639)
(0.0637477 0.0704652 -0.846394)
(0.0775131 0.0681396 -0.82569)
(0.247334 0.152694 0.283836)
(0.553388 0.55337 1.40598)
(0.250994 -0.22457 2.57318)
(-0.646135 0.646135 2.3625)
(0.224617 0.25098 2.57323)
(-0.380241 -0.090415 1.75261)
(0.0545051 0.0116879 -0.670631)
(-0.168393 -0.0163308 -0.884993)
(0.168385 -0.0163318 -0.884995)
(-0.0545073 0.0116809 -0.670626)
(0.380226 -0.0904314 1.75264)
(-0.224594 0.250992 2.5732)
(0.646131 0.646131 2.3625)
(-0.537423 -0.537423 2.59577)
(0.0342553 -0.248747 2.72199)
(-0.312755 0.054715 1.77163)
(0.0877052 0.0196452 -0.696675)
(-0.134863 0.0189534 -0.897805)
(0.134859 0.0189539 -0.897806)
(-0.0877095 0.0196519 -0.696672)
(0.312738 0.0547387 1.77164)
(-0.0342353 -0.248766 2.72196)
(0.537418 -0.537417 2.59578)
(-0.248742 0.0342591 2.722)
(-0.518563 -0.518569 1.41173)
(-0.286775 -0.104008 0.217271)
(-0.0737832 -0.0492626 -0.864522)
(-0.0632282 -0.0599917 -0.860105)
(0.0632302 -0.0599931 -0.860107)
(0.0737849 -0.0492597 -0.864522)
(0.286789 -0.103997 0.217243)
(0.518548 -0.518577 1.41168)
(0.248746 0.0342595 2.72198)
(0.0547128 -0.31276 1.77162)
(-0.104009 -0.286774 0.217271)
(-0.143911 -0.143912 -0.632186)
(0.0648319 -0.054643 -0.805402)
(-0.0264889 -0.0677127 -0.772438)
(0.0264868 -0.067714 -0.772438)
(-0.0648363 -0.0546449 -0.805398)
(0.143913 -0.143915 -0.632191)
(0.104002 -0.286788 0.217238)
(-0.0547276 -0.31276 1.77159)
(0.019644 0.0877036 -0.696679)
(-0.049263 -0.0737821 -0.864522)
(-0.0546432 0.0648311 -0.805403)
(0.0294394 0.0294395 -0.77159)
(-0.00919586 0.0109234 -0.755282)
(0.00919587 0.0109234 -0.755282)
(-0.0294397 0.02944 -0.771588)
(0.0546451 0.064834 -0.805403)
(0.049262 -0.0737828 -0.864522)
(-0.0196466 0.0877018 -0.696687)
(0.0189535 -0.134865 -0.897803)
(-0.0599912 -0.0632279 -0.860103)
(-0.0677123 -0.02649 -0.772437)
(0.0109242 -0.00919589 -0.755281)
(-0.0150224 -0.0150229 -0.756646)
(0.0150211 -0.0150234 -0.756646)
(-0.0109257 -0.00919648 -0.755279)
(0.0677123 -0.0264913 -0.772435)
(0.0599916 -0.0632294 -0.860101)
(-0.0189539 -0.134865 -0.897799)
(0.0189543 0.134857 -0.897806)
(-0.0599938 0.0632311 -0.860108)
(-0.0677147 0.0264858 -0.772437)
(0.0109239 0.00919582 -0.755282)
(-0.0150233 0.0150204 -0.756646)
(0.0150223 0.0150212 -0.756646)
(-0.0109252 0.00919638 -0.75528)
(0.067715 0.0264881 -0.772435)
(0.0599939 0.0632326 -0.860105)
(-0.0189551 0.134858 -0.897802)
(0.0196551 -0.0877097 -0.696671)
(-0.0492586 0.0737865 -0.864522)
(-0.054646 -0.0648384 -0.805396)
(0.029441 -0.0294398 -0.771587)
(-0.00919691 -0.0109262 -0.755278)
(0.00919697 -0.010926 -0.755279)
(-0.0294408 -0.02944 -0.771585)
(0.0546475 -0.0648395 -0.805397)
(0.049258 0.0737888 -0.864521)
(-0.0196559 -0.0877066 -0.696677)
(0.0547447 0.312728 1.77165)
(-0.103995 0.286795 0.217226)
(-0.143917 0.143912 -0.632193)
(0.0648361 0.0546455 -0.805402)
(-0.0264919 0.0677119 -0.772434)
(0.0264906 0.0677134 -0.772434)
(-0.0648388 0.0546469 -0.805399)
(0.14392 0.143916 -0.632197)
(0.103992 0.286806 0.2172)
(-0.0547538 0.312734 1.77163)
(-0.248774 -0.0342248 2.72193)
(-0.518582 0.518539 1.41166)
(-0.286794 0.103995 0.217225)
(-0.0737813 0.0492608 -0.86452)
(-0.0632312 0.0599915 -0.860099)
(0.0632332 0.0599926 -0.860102)
(0.0737849 0.0492581 -0.86452)
(0.286805 0.103986 0.217204)
(0.518567 0.518549 1.41163)
(0.248772 -0.0342277 2.72193)
(-0.537415 0.537416 2.59578)
(0.0342612 0.248749 2.72197)
(-0.312761 -0.0547376 1.77159)
(0.0877032 -0.0196477 -0.696692)
(-0.134865 -0.0189533 -0.897797)
(0.134861 -0.0189542 -0.897798)
(-0.0877066 -0.0196529 -0.696686)
(0.312748 -0.0547564 1.77161)
(-0.0342432 0.248765 2.72194)
(0.537411 0.537412 2.59578)
(-0.430143 -0.430143 2.85078)
(-0.0879191 -0.246171 2.86075)
(-0.22373 0.0536759 1.73346)
(0.114256 0.0494691 -0.730292)
(-0.0897869 0.0170876 -0.893602)
(0.0897828 0.0170876 -0.893603)
(-0.114259 0.0494736 -0.73029)
(0.223716 0.0536959 1.73346)
(0.0879291 -0.246189 2.86072)
(0.430139 -0.430138 2.85079)
(-0.246165 -0.0879194 2.86076)
(-0.455103 -0.455107 1.44231)
(-0.283945 -0.000841733 0.176578)
(-0.0383534 -0.0311443 -0.906476)
(-0.0546334 -0.0467025 -0.868434)
(0.0546352 -0.0467035 -0.868435)
(0.0383526 -0.0311424 -0.906477)
(0.283956 -0.000831117 0.176563)
(0.455094 -0.455112 1.44226)
(0.246164 -0.0879258 2.86074)
(0.0536736 -0.223734 1.73345)
(-0.00084326 -0.283945 0.176575)
(-0.0667824 -0.0667824 -0.702921)
(0.0648654 -0.0530247 -0.839438)
(-0.0239382 -0.0539246 -0.78157)
(0.0239369 -0.0539249 -0.78157)
(-0.0648686 -0.0530264 -0.839435)
(0.0667858 -0.0667817 -0.702924)
(0.000841139 -0.283955 0.176544)
(-0.0536816 -0.223734 1.73342)
(0.0494678 0.114254 -0.730296)
(-0.0311449 -0.0383532 -0.906476)
(-0.053025 0.0648649 -0.839439)
(0.00569204 0.00569205 -0.79069)
(-0.0158529 0.00330934 -0.766563)
(0.0158531 0.00330947 -0.766564)
(-0.00569218 0.00569207 -0.790689)
(0.053027 0.0648672 -0.839439)
(0.0311459 -0.0383544 -0.906476)
(-0.0494682 0.11425 -0.730305)
(0.0170877 -0.0897882 -0.8936)
(-0.0467021 -0.0546332 -0.868432)
(-0.0539246 -0.023939 -0.781569)
(0.00330992 -0.015853 -0.766562)
(-0.0126511 -0.0126515 -0.761713)
(0.0126504 -0.0126517 -0.761713)
(-0.00331095 -0.0158535 -0.766561)
(0.0539251 -0.0239399 -0.781567)
(0.0467029 -0.0546347 -0.86843)
(-0.0170877 -0.0897886 -0.893597)
(0.0170878 0.0897807 -0.893603)
(-0.0467041 0.054636 -0.868435)
(-0.0539253 0.0239362 -0.781569)
(0.00330987 0.0158531 -0.766563)
(-0.0126517 0.01265 -0.761713)
(0.0126511 0.0126504 -0.761713)
(-0.00331071 0.0158536 -0.766562)
(0.0539259 0.0239379 -0.781567)
(0.0467046 0.0546374 -0.868434)
(-0.0170882 0.0897822 -0.893599)
(0.0494761 -0.114259 -0.730288)
(-0.0311416 0.0383532 -0.906477)
(-0.0530274 -0.0648701 -0.839433)
(0.0056927 -0.00569211 -0.790688)
(-0.015854 -0.00331134 -0.76656)
(0.0158541 -0.00331123 -0.766561)
(-0.00569259 -0.00569197 -0.790687)
(0.053029 -0.064871 -0.839434)
(0.0311425 0.038356 -0.906478)
(-0.0494755 -0.114255 -0.730294)
(0.0537007 0.223707 1.73346)
(-0.000828761 0.283961 0.176552)
(-0.0667829 0.0667855 -0.702926)
(0.0648688 0.0530277 -0.839438)
(-0.0239403 0.0539249 -0.781566)
(0.0239397 0.0539254 -0.781566)
(-0.0648705 0.0530289 -0.839436)
(0.0667875 0.0667859 -0.702928)
(0.000829177 0.283968 0.176526)
(-0.0537045 0.223712 1.73343)
(-0.246198 0.0879341 2.8607)
(-0.455117 0.455087 1.44224)
(-0.283961 0.000837243 0.176533)
(-0.0383532 0.0311461 -0.906476)
(-0.0546363 0.0467032 -0.868429)
(0.0546379 0.046704 -0.868431)
(0.0383541 0.0311439 -0.906477)
(0.283969 0.000828603 0.176525)
(0.455108 0.455093 1.44221)
(0.246192 0.0879397 2.86069)
(-0.430136 0.430138 2.85079)
(-0.0879283 0.246165 2.86073)
(-0.223736 -0.053689 1.7334)
(0.114249 -0.049468 -0.730309)
(-0.0897891 -0.0170869 -0.893595)
(0.0897857 -0.0170873 -0.893596)
(-0.114252 -0.0494719 -0.730303)
(0.223725 -0.0537057 1.73342)
(0.0879368 0.24618 2.8607)
(0.430132 0.430134 2.85079)
(-0.338882 -0.338882 3.0954)
(-0.119009 -0.234941 2.98135)
(-0.106338 0.099231 1.62174)
(0.123026 0.0677817 -0.762521)
(-0.0426891 0.0115614 -0.876837)
(0.0426865 0.0115614 -0.876838)
(-0.123029 0.0677849 -0.762518)
(0.106333 0.0992403 1.62173)
(0.119011 -0.234958 2.98132)
(0.338879 -0.338879 3.09541)
(-0.234935 -0.119013 2.98136)
(-0.378732 -0.378733 1.43161)
(-0.195571 0.13934 0.0808836)
(0.0198839 -0.00812097 -0.942297)
(-0.0362471 -0.0323779 -0.866385)
(0.0362481 -0.0323783 -0.866385)
(-0.0198854 -0.00812006 -0.942299)
(0.195578 0.139349 0.0808701)
(0.378729 -0.378734 1.43156)
(0.234931 -0.119024 2.98134)
(0.0992299 -0.106341 1.62173)
(0.139338 -0.195571 0.0808797)
(0.0373955 0.0373964 -0.722355)
(0.0702437 -0.040297 -0.841461)
(-0.0133419 -0.033773 -0.783879)
(0.0133414 -0.0337732 -0.783878)
(-0.0702455 -0.0402983 -0.841459)
(-0.0373909 0.037398 -0.722357)
(-0.139338 -0.195577 0.0808484)
(-0.0992329 -0.106346 1.6217)
(0.0677801 0.123024 -0.762526)
(-0.00812195 0.0198836 -0.942297)
(-0.0402972 0.0702433 -0.841462)
(-0.00102817 -0.00102819 -0.806171)
(-0.0156668 0.00154131 -0.778924)
(0.0156672 0.0015415 -0.778924)
(0.00102816 -0.00102838 -0.806171)
(0.0402986 0.0702445 -0.841461)
(0.00812456 0.019882 -0.942299)
(-0.0677784 0.123019 -0.762535)
(0.0115614 -0.0426904 -0.876836)
(-0.0323777 -0.0362472 -0.866384)
(-0.033773 -0.0133425 -0.783878)
(0.0015417 -0.0156668 -0.778923)
(-0.00922025 -0.00922046 -0.767624)
(0.00921981 -0.0092206 -0.767624)
(-0.00154242 -0.0156673 -0.778922)
(0.0337732 -0.013343 -0.783877)
(0.0323784 -0.0362482 -0.866383)
(-0.0115611 -0.0426916 -0.876834)
(0.0115615 0.0426849 -0.876839)
(-0.0323786 0.0362485 -0.866386)
(-0.0337734 0.013341 -0.783878)
(0.00154183 0.0156672 -0.778924)
(-0.0092206 0.0092195 -0.767624)
(0.0092203 0.00921982 -0.767624)
(-0.00154236 0.0156676 -0.778923)
(0.0337738 0.0133421 -0.783877)
(0.0323792 0.0362494 -0.866385)
(-0.0115615 0.0426867 -0.876836)
(0.0677869 -0.123029 -0.762515)
(-0.00811952 -0.0198852 -0.942299)
(-0.0402989 -0.0702465 -0.841458)
(-0.00102806 0.00102827 -0.80617)
(-0.0156677 -0.0015427 -0.778922)
(0.0156679 -0.00154268 -0.778922)
(0.00102813 0.00102849 -0.80617)
(0.0402999 -0.0702467 -0.841458)
(0.00812165 -0.0198826 -0.942301)
(-0.0677848 -0.123024 -0.762523)
(0.0992417 0.106327 1.62173)
(0.139352 0.195582 0.080861)
(0.0373974 -0.03739 -0.722357)
(0.0702455 0.0402992 -0.841461)
(-0.0133434 0.033773 -0.783876)
(0.0133432 0.0337734 -0.783876)
(-0.0702463 0.0403001 -0.84146)
(-0.0373921 -0.0373912 -0.722359)
(-0.139349 0.195586 0.0808357)
(-0.0992427 0.106333 1.62171)
(-0.234968 0.119011 2.9813)
(-0.378738 0.378724 1.43154)
(-0.195581 -0.139339 0.0808352)
(0.0198825 0.00812597 -0.942299)
(-0.0362493 0.0323788 -0.866381)
(0.0362501 0.0323791 -0.866383)
(-0.019883 0.00812431 -0.9423)
(0.195587 -0.139346 0.0808294)
(0.378735 0.378725 1.43152)
(0.234959 0.119024 2.9813)
(-0.338877 0.338879 3.09541)
(-0.119029 0.23493 2.98133)
(-0.10635 -0.0992362 1.62168)
(0.123017 -0.0677769 -0.762541)
(-0.0426926 -0.0115604 -0.876833)
(0.0426902 -0.0115607 -0.876834)
(-0.12302 -0.0677801 -0.762534)
(0.106346 -0.099244 1.62169)
(0.119031 0.234945 2.98131)
(0.338874 0.338876 3.09542)
(-0.268816 -0.268816 3.28491)
(-0.125466 -0.234063 3.0656)
(0.0288264 0.130686 1.48495)
(0.12803 0.0633863 -0.779577)
(-0.00184534 0.00553346 -0.847085)
(0.0018442 0.00553347 -0.847086)
(-0.128032 0.063388 -0.779575)
(-0.0288257 0.130689 1.48494)
(0.125464 -0.234079 3.06557)
(0.268814 -0.268815 3.28492)
(-0.234058 -0.125471 3.0656)
(-0.33035 -0.330349 1.42982)
(0.0446889 0.298432 0.0633157)
(0.0763682 0.0163056 -0.932701)
(-0.0113076 -0.0184351 -0.847101)
(0.0113084 -0.0184352 -0.847102)
(-0.0763685 0.0163055 -0.932703)
(-0.0446843 0.298437 0.0633029)
(0.330355 -0.330345 1.42977)
(0.234054 -0.125484 3.06558)
(0.130685 0.028825 1.48494)
(0.29843 0.0446897 0.0633116)
(0.124002 0.124002 -0.646849)
(0.0756668 -0.0137755 -0.807318)
(-0.00302417 -0.0150408 -0.773984)
(0.00302411 -0.0150408 -0.773983)
(-0.0756666 -0.0137764 -0.807317)
(-0.123998 0.124003 -0.646849)
(-0.298426 0.044689 0.0632816)
(-0.130686 0.0288215 1.48491)
(0.0633849 0.128028 -0.779581)
(0.0163047 0.0763679 -0.932702)
(-0.0137757 0.0756666 -0.807319)
(0.00537139 0.00537138 -0.811461)
(-0.00904261 0.00306421 -0.784781)
(0.0090429 0.00306432 -0.784781)
(-0.00537123 0.00537116 -0.811461)
(0.0137769 0.0756661 -0.807318)
(-0.0163017 0.0763667 -0.932704)
(-0.0633828 0.128024 -0.77959)
(0.00553347 -0.00184627 -0.847084)
(-0.018435 -0.0113077 -0.847101)
(-0.0150408 -0.00302442 -0.773983)
(0.00306443 -0.00904258 -0.784781)
(-0.00530212 -0.00530222 -0.770387)
(0.00530191 -0.00530231 -0.770387)
(-0.00306472 -0.00904286 -0.78478)
(0.015041 -0.00302486 -0.773982)
(0.0184353 -0.0113086 -0.8471)
(-0.00553327 -0.00184768 -0.847083)
(0.00553356 0.00184339 -0.847086)
(-0.0184353 0.0113088 -0.847102)
(-0.0150409 0.00302403 -0.773983)
(0.00306446 0.00904298 -0.784781)
(-0.00530232 0.00530174 -0.770387)
(0.00530219 0.00530193 -0.770387)
(-0.00306466 0.00904316 -0.784781)
(0.0150412 0.00302467 -0.773982)
(0.0184355 0.0113095 -0.847102)
(-0.00553348 0.00184485 -0.847085)
(0.0633893 -0.128033 -0.779573)
(0.0163057 -0.0763684 -0.932703)
(-0.0137769 -0.0756666 -0.807316)
(0.00537126 -0.00537109 -0.811461)
(-0.00904311 -0.00306483 -0.784779)
(0.00904331 -0.00306482 -0.78478)
(-0.00537111 -0.00537091 -0.81146)
(0.0137778 -0.0756661 -0.807316)
(-0.0163034 -0.076367 -0.932704)
(-0.0633872 -0.128029 -0.779579)
(0.13069 -0.0288271 1.48494)
(0.298439 -0.0446823 0.0632949)
(0.124002 -0.123997 -0.646849)
(0.0756661 0.0137775 -0.807318)
(-0.00302519 0.015041 -0.773982)
(0.00302529 0.0150411 -0.773982)
(-0.0756658 0.013778 -0.807318)
(-0.123999 -0.123997 -0.646849)
(-0.298434 -0.0446829 0.0632711)
(-0.13069 -0.0288237 1.48491)
(-0.234088 0.125463 3.06556)
(-0.330346 0.330354 1.42975)
(0.0446878 -0.298424 0.063268)
(0.0763666 -0.0163 -0.932704)
(-0.0113094 0.0184355 -0.847099)
(0.01131 0.0184356 -0.8471)
(-0.0763667 -0.0163009 -0.932705)
(-0.0446841 -0.298429 0.0632633)
(0.33035 0.330349 1.42973)
(0.23408 0.125478 3.06555)
(-0.268814 0.268814 3.28492)
(-0.12549 0.234052 3.06558)
(0.028817 -0.130688 1.48489)
(0.128022 -0.0633811 -0.779595)
(-0.00184875 -0.00553279 -0.847083)
(0.00184741 -0.00553295 -0.847084)
(-0.128025 -0.0633832 -0.77959)
(-0.0288166 -0.13069 1.48489)
(0.125488 0.234065 3.06556)
(0.26881 0.268812 3.28493)
(-0.206701 -0.206701 3.52089)
(-0.0858371 -0.218283 3.13161)
(0.207025 0.162985 1.24142)
(0.0494294 0.0332547 -0.738125)
(0.0152872 0.00112062 -0.816085)
(-0.0152871 0.00112062 -0.816085)
(-0.0494298 0.0332552 -0.738124)
(-0.207022 0.162986 1.24141)
(0.0858353 -0.218297 3.13159)
(0.206699 -0.2067 3.5209)
(-0.218278 -0.0858405 3.13162)
(-0.339456 -0.339454 1.14141)
(0.135474 0.204122 -0.11808)
(0.0506219 0.0224772 -0.856692)
(0.00279564 -0.00569651 -0.823056)
(-0.00279479 -0.00569654 -0.823056)
(-0.0506211 0.0224767 -0.856695)
(-0.135467 0.204117 -0.118094)
(0.339462 -0.339446 1.14137)
(0.218275 -0.0858482 3.1316)
(0.162985 0.207026 1.24141)
(0.20412 0.135474 -0.118083)
(0.0719299 0.0719302 -0.51586)
(0.038517 0.00222456 -0.765425)
(0.00178194 -0.00330833 -0.762828)
(-0.00178172 -0.00330836 -0.762828)
(-0.0385157 0.00222382 -0.765426)
(-0.0719272 0.0719282 -0.515864)
(-0.204108 0.135465 -0.118107)
(-0.162987 0.207024 1.24138)
(0.0332544 0.049429 -0.738128)
(0.0224769 0.0506217 -0.856692)
(0.00222445 0.0385169 -0.765426)
(0.00533441 0.00533442 -0.806375)
(-0.00210143 0.00204234 -0.784585)
(0.00210158 0.00204232 -0.784585)
(-0.00533415 0.00533418 -0.806375)
(-0.0022234 0.0385156 -0.765426)
(-0.0224753 0.0506204 -0.856696)
(-0.0332541 0.0494285 -0.738136)
(0.00112065 0.0152869 -0.816084)
(-0.00569649 0.00279561 -0.823056)
(-0.00330836 0.0017819 -0.762827)
(0.0020424 -0.00210142 -0.784585)
(-0.00163773 -0.00163776 -0.770583)
(0.00163769 -0.00163779 -0.770583)
(-0.00204242 -0.00210158 -0.784584)
(0.0033085 0.0017816 -0.762826)
(0.00569651 0.0027947 -0.823056)
(-0.00112068 0.0152862 -0.816085)
(0.00112066 -0.0152872 -0.816086)
(-0.00569654 -0.00279441 -0.823057)
(-0.00330842 -0.00178165 -0.762827)
(0.00204234 0.00210164 -0.784585)
(-0.0016378 0.00163763 -0.770583)
(0.00163778 0.00163769 -0.770583)
(-0.00204234 0.00210173 -0.784585)
(0.00330858 -0.00178138 -0.762827)
(0.00569656 -0.00279381 -0.823057)
(-0.00112072 -0.0152867 -0.816086)
(0.0332556 -0.0494301 -0.738122)
(0.0224766 -0.0506206 -0.856695)
(0.00222343 -0.0385151 -0.765425)
(0.0053341 -0.00533401 -0.806375)
(-0.00210169 -0.00204243 -0.784584)
(0.00210179 -0.0020424 -0.784584)
(-0.00533392 -0.00533386 -0.806375)
(-0.00222268 -0.0385143 -0.765426)
(-0.0224755 -0.0506197 -0.856698)
(-0.0332552 -0.0494296 -0.738128)
(0.162987 -0.20702 1.2414)
(0.204115 -0.135463 -0.118101)
(0.0719272 -0.0719259 -0.515865)
(0.0385149 -0.00222282 -0.765427)
(0.00178137 0.00330853 -0.762827)
(-0.00178119 0.00330857 -0.762827)
(-0.0385142 -0.00222243 -0.765427)
(-0.0719252 -0.0719248 -0.515868)
(-0.204105 -0.135457 -0.11812)
(-0.162988 -0.20702 1.24138)
(-0.218305 0.0858336 3.13158)
(-0.339444 0.339462 1.14134)
(0.135461 -0.204102 -0.118118)
(0.0506198 -0.0224743 -0.856698)
(0.0027941 0.00569656 -0.823055)
(-0.00279359 0.00569659 -0.823056)
(-0.0506194 -0.0224744 -0.856699)
(-0.135456 -0.204101 -0.118125)
(0.339449 0.339454 1.14133)
(0.218298 0.0858436 3.13157)
(-0.206699 0.206699 3.5209)
(-0.0858522 0.218274 3.13159)
(0.207022 -0.162989 1.24136)
(0.0494282 -0.0332537 -0.738141)
(0.0152856 -0.00112056 -0.816085)
(-0.0152858 -0.00112058 -0.816086)
(-0.0494286 -0.0332542 -0.738138)
(-0.207019 -0.162989 1.24136)
(0.0858515 0.218285 3.13158)
(0.206695 0.206697 3.52091)
)
;

boundaryField
{
    bottom
    {
        type            noSlip;
    }
    atmosphere
    {
        type            pressureInletOutletVelocity;
        value           nonuniform List<vector> 
100
(
(-0.206701 -0.206701 3.52089)
(-0.218278 -0.0858405 3.13162)
(0.162985 0.207026 1.24141)
(0 0 -0.738128)
(0 0 -0.816084)
(0 0 -0.816086)
(0 0 -0.738122)
(0.162987 -0.20702 1.2414)
(-0.218305 0.0858336 3.13158)
(-0.206699 0.206699 3.5209)
(-0.0858371 -0.218283 3.13161)
(-0.339456 -0.339454 1.14141)
(0 0 -0.118083)
(0 0 -0.856692)
(0 0 -0.823056)
(0 0 -0.823057)
(0 0 -0.856695)
(0 0 -0.118101)
(-0.339444 0.339462 1.14134)
(-0.0858522 0.218274 3.13159)
(0.207025 0.162985 1.24142)
(0 0 -0.11808)
(0 0 -0.51586)
(0 0 -0.765426)
(0 0 -0.762827)
(0 0 -0.762827)
(0 0 -0.765425)
(0 0 -0.515865)
(0 0 -0.118118)
(0.207022 -0.162989 1.24136)
(0 0 -0.738125)
(0 0 -0.856692)
(0 0 -0.765425)
(0 0 -0.806375)
(0 0 -0.784585)
(0 0 -0.784585)
(0 0 -0.806375)
(0 0 -0.765427)
(0 0 -0.856698)
(0 0 -0.738141)
(0 0 -0.816085)
(0 0 -0.823056)
(0 0 -0.762828)
(0 0 -0.784585)
(0 0 -0.770583)
(0 0 -0.770583)
(0 0 -0.784584)
(0 0 -0.762827)
(0 0 -0.823055)
(0 0 -0.816085)
(0 0 -0.816085)
(0 0 -0.823056)
(0 0 -0.762828)
(0 0 -0.784585)
(0 0 -0.770583)
(0 0 -0.770583)
(0 0 -0.784584)
(0 0 -0.762827)
(0 0 -0.823056)
(0 0 -0.816086)
(0 0 -0.738124)
(0 0 -0.856695)
(0 0 -0.765426)
(0 0 -0.806375)
(0 0 -0.784584)
(0 0 -0.784585)
(0 0 -0.806375)
(0 0 -0.765427)
(0 0 -0.856699)
(0 0 -0.738138)
(-0.207022 0.162986 1.24141)
(0 0 -0.118094)
(0 0 -0.515864)
(0 0 -0.765426)
(0 0 -0.762826)
(0 0 -0.762827)
(0 0 -0.765426)
(0 0 -0.515868)
(0 0 -0.118125)
(-0.207019 -0.162989 1.24136)
(0.0858353 -0.218297 3.13159)
(0.339462 -0.339446 1.14137)
(0 0 -0.118107)
(0 0 -0.856696)
(0 0 -0.823056)
(0 0 -0.823057)
(0 0 -0.856698)
(0 0 -0.11812)
(0.339449 0.339454 1.14133)
(0.0858515 0.218285 3.13158)
(0.206699 -0.2067 3.5209)
(0.218275 -0.0858482 3.1316)
(-0.162987 0.207024 1.24138)
(0 0 -0.738136)
(0 0 -0.816085)
(0 0 -0.816086)
(0 0 -0.738128)
(-0.162988 -0.20702 1.24138)
(0.218298 0.0858436 3.13157)
(0.206695 0.206697 3.52091)
)
;
    }
    walls
    {
        type            noSlip;
    }
}


// ************************************************************************* //
