/*--------------------------------*- C++ -*----------------------------------*\
| =========                 |                                                 |
| \\      /  F ield         | OpenFOAM: The Open Source CFD Toolbox           |
|  \\    /   O peration     | Version:  2412                                  |
|   \\  /    A nd           | Website:  www.openfoam.com                      |
|    \\/     M anipulation  |                                                 |
\*---------------------------------------------------------------------------*/
FoamFile
{
    version     2.0;
    format      ascii;
    arch        "LSB;label=32;scalar=64";
    class       surfaceScalarField;
    location    "0.59";
    object      phi;
}
// * * * * * * * * * * * * * * * * * * * * * * * * * * * * * * * * * * * * * //

dimensions      [0 3 -1 0 0 0 0];

oriented        oriented;

internalField   nonuniform List<scalar> 
11100
(
-0.000277872
-0.000277872
0.000555744
-0.00079074
-0.000138769
0.000651636
-0.000688054
-0.000670238
0.000567552
-0.000319003
-0.000873734
0.000504683
2.30686e-10
-0.000844316
0.000525313
0.000319003
-0.000844316
0.000525313
0.000688054
-0.000873735
0.000504684
0.00079074
-0.000670238
0.000567552
0.000277873
-0.000138769
0.000651637
-0.000277873
0.000555745
-0.000138769
-0.00079074
0.000651636
-0.000427781
-0.000427782
0.000578026
-0.00070727
-0.00087843
0.00048768
-0.000409352
-0.00112076
-5.08951e-05
1.64743e-09
-0.00108312
-0.00017055
0.000409355
-0.00108312
-0.000170547
0.00070727
-0.00112076
-5.08861e-05
0.00042778
-0.000878433
0.000487684
0.000138768
-0.000427783
0.000578026
-0.000790741
0.000651636
-0.000670238
-0.000688054
0.000567552
-0.000878429
-0.000707271
0.00048768
-0.00079894
-0.000798941
-0.000158978
-0.000354752
-0.000872338
-0.000692608
-1.48613e-09
-0.000853103
-0.000584767
0.000354752
-0.000853106
-0.00058477
0.000798945
-0.000872343
-0.000692613
0.000878432
-0.000798947
-0.000158972
0.000670239
-0.000707273
0.000487682
-0.000688054
0.000567552
-0.000873734
-0.000319003
0.000504683
-0.00112076
-0.000409352
-5.0896e-05
-0.000872337
-0.000354752
-0.000692608
-0.000367457
-0.000367459
-0.00100976
-3.25416e-09
-0.000368694
-0.000851862
0.000367455
-0.000368694
-0.000851869
0.000872341
-0.000367458
-0.00100977
0.00112076
-0.000354754
-0.000692613
0.000873735
-0.000409353
-5.08933e-05
-0.000319003
0.000504684
-0.000844316
2.46878e-10
0.000525313
-0.00108312
1.98527e-09
-0.000170549
-0.000853103
-1.84387e-09
-0.000584768
-0.000368694
-4.21558e-09
-0.000851864
1.81146e-10
1.89408e-10
-0.000737389
0.000368694
1.4815e-10
-0.000737388
0.000853105
-3.56061e-09
-0.000851866
0.00108312
-1.43764e-09
-0.000584771
0.000844317
1.90856e-09
-0.000170549
2.23323e-10
0.000525314
-0.000844316
0.000319003
0.000525313
-0.00108312
0.000409355
-0.000170545
-0.000853107
0.000354752
-0.000584772
-0.000368694
0.000367455
-0.000851873
1.33763e-10
0.000368694
-0.000737388
0.000368694
0.000368694
-0.000737388
0.000853108
0.000367456
-0.000851873
0.00108313
0.000354754
-0.000584775
0.000844317
0.000409357
-0.000170546
0.000319004
0.000525314
-0.000873735
0.000688054
0.000504684
-0.00112076
0.00070727
-5.08847e-05
-0.000872344
0.000798947
-0.000692615
-0.000367457
0.000872343
-0.00100977
-2.60421e-09
0.000853105
-0.000851864
0.000367455
0.000853107
-0.00085187
0.000872347
0.000872348
-0.00100978
0.00112077
0.000798952
-0.000692618
0.000873736
0.000707272
-5.08833e-05
0.000688054
0.000504685
-0.000670238
0.00079074
0.000567551
-0.000878433
0.000427779
0.000487685
-0.000798948
0.000878432
-0.00015897
-0.000354754
0.00112076
-0.000692614
-1.07444e-09
0.00108312
-0.00058477
0.000354754
0.00108312
-0.000584773
0.000798951
0.00112077
-0.000692617
0.000878435
0.000878435
-0.000158966
0.000670238
0.000427781
0.000487687
0.000790741
0.000567552
-0.000138769
0.000277873
0.000651637
-0.000427783
0.000138768
0.000578025
-0.000707273
0.000670238
0.000487684
-0.000409354
0.000873736
-5.08917e-05
1.56381e-09
0.000844317
-0.00017055
0.000409357
0.000844317
-0.000170547
0.000707273
0.000873736
-5.0884e-05
0.000427782
0.000670238
0.000487687
0.000138769
0.000138769
0.000578025
0.000277873
0.000651637
-0.000277873
0.000555745
-0.000790741
0.000651636
-0.000688054
0.000567552
-0.000319003
0.000504684
2.05919e-10
0.000525313
0.000319003
0.000525314
0.000688054
0.000504685
0.000790741
0.000567552
0.000277873
0.000651637
0.000555746
-0.000512367
-0.000512367
0.00158048
-0.0009307
-0.000696827
0.0017668
-0.00080801
-0.00116162
0.00160649
-0.000405944
-0.00112371
0.00122632
-1.41583e-09
-0.000944571
0.00106394
0.000405945
-0.000944581
0.00106395
0.000808013
-0.00112372
0.00122633
0.000930702
-0.00116163
0.00160649
0.000512368
-0.000696826
0.0017668
-0.000512367
0.00158048
-0.000696827
-0.0009307
0.0017668
-0.00118554
-0.00118554
0.00155546
-0.000937755
-0.00142838
0.000506648
-0.000803626
-0.001419
0.00011027
-9.48787e-09
-0.00125529
-0.000663452
0.000803615
-0.00125532
-0.000663433
0.000937743
-0.00141905
0.000110322
0.00118554
-0.00142841
0.000506681
0.000696824
-0.00118555
0.00155546
-0.000930702
0.00176679
-0.00116162
-0.000808011
0.00160649
-0.00142838
-0.000937754
0.000506644
-0.000543654
-0.000543665
-0.00192842
-9.75573e-05
-0.000732818
-0.00182489
-4.99168e-08
-0.000709684
-0.00122788
9.74933e-05
-0.000709705
-0.00122793
0.000543669
-0.000732864
-0.00182498
0.0014284
-0.000543706
-0.00192841
0.00116163
-0.000937754
0.000506664
-0.000808013
0.00160649
-0.00112371
-0.000405946
0.00122633
-0.001419
-0.000803627
0.00011027
-0.000732804
-9.75728e-05
-0.0018249
-0.000152814
-0.000152842
-0.00216972
-7.77355e-08
0.00018713
-0.00190141
0.000152748
0.000187127
-0.00190153
0.000732833
-0.000152838
-0.00216988
0.00141903
-9.7558e-05
-0.00182496
0.00112372
-0.000803618
0.000110286
-0.000405947
0.00122634
-0.000944579
-1.69928e-09
0.00106395
-0.0012553
-1.4538e-08
-0.000663436
-0.000709675
-6.20553e-08
-0.00122791
0.000187151
-9.90475e-08
-0.00190143
-6.80909e-09
-8.77768e-09
-0.000363092
-0.00018716
-7.26557e-09
-0.000363101
0.000709685
-8.49327e-08
-0.00190146
0.00125533
-5.27001e-08
-0.00122792
0.000944587
-9.9206e-09
-0.000663418
-1.46499e-09
0.00106396
-0.000944589
0.000405946
0.00106395
-0.00125534
0.000803615
-0.000663425
-0.000709699
9.74934e-05
-0.00122797
0.000187148
0.00015276
-0.00190158
-5.29524e-09
-0.000187141
-0.000363102
-0.000187156
-0.000187135
-0.000363109
0.000709705
0.000152771
-0.00190159
0.00125535
9.74908e-05
-0.00122797
0.000944596
0.000803612
-0.000663409
0.000405947
0.00106396
-0.00112372
0.000808014
0.00122634
-0.00141907
0.000937743
0.000110333
-0.000732861
0.000543684
-0.00182501
-0.000152811
0.000732857
-0.00216992
-6.37345e-08
0.000709698
-0.00190145
0.000152761
0.000709715
-0.00190154
0.000732888
0.0007329
-0.00217004
0.00141909
0.00054372
-0.00182505
0.00112373
0.000937747
0.000110346
0.000808016
0.00122634
-0.00116162
0.000930702
0.00160649
-0.00142842
0.00118553
0.000506688
-0.000543706
0.00142841
-0.0019284
-9.75405e-05
0.00141904
-0.00182497
-4.05069e-08
0.00125531
-0.00122789
9.74887e-05
0.00125534
-0.00122793
0.000543715
0.00141909
-0.00182504
0.00142843
0.00142843
-0.00192839
0.00116163
0.00118554
0.000506701
0.000930703
0.00160649
-0.000696825
0.000512368
0.0017668
-0.00118555
0.000696823
0.00155546
-0.000937755
0.00116163
0.000506673
-0.000803613
0.00112372
0.000110291
-4.92474e-09
0.000944582
-0.000663427
0.000803609
0.000944591
-0.000663411
0.000937748
0.00112373
0.00011034
0.00118554
0.00116163
0.0005067
0.000696823
0.000696823
0.00155546
0.000512368
0.0017668
-0.000512368
0.00158048
-0.000930702
0.00176679
-0.000808013
0.00160649
-0.000405946
0.00122634
-1.16912e-09
0.00106395
0.000405946
0.00106396
0.000808015
0.00122634
0.000930703
0.00160649
0.000512368
0.0017668
0.00158048
-0.000502948
-0.000502948
0.00258637
-0.000801475
-0.000380439
0.00244576
-0.000864592
3.85238e-05
0.00163108
-0.000442279
2.32756e-05
0.000780734
7.22046e-10
1.12588e-05
0.000610402
0.000442281
1.1259e-05
0.000610408
0.000864593
2.32765e-05
0.000780745
0.000801475
3.85229e-05
0.00163108
0.000502948
-0.000380434
0.00244576
-0.000502948
0.00258638
-0.000380439
-0.000801475
0.00244576
-0.00079269
-0.000792691
0.00237996
-0.0014065
0.000857508
0.000301474
-0.000812135
0.000747382
-0.0012082
-3.38622e-08
0.000770688
-0.00223498
0.000812159
0.000770629
-0.002235
0.00140655
0.000747308
-0.0012081
0.000792703
0.000857468
0.000301584
0.000380441
-0.000792682
0.00237997
-0.000801475
0.00244576
3.85239e-05
-0.000864592
0.00163108
0.000857513
-0.0014065
0.000301462
-0.000117553
-0.000117566
2.17244e-05
-7.47684e-05
-0.000531881
-0.000588406
-5.29408e-08
-0.000208417
-0.000323487
7.47179e-05
-0.000208505
-0.000323564
0.000117572
-0.000531972
-0.000588552
-0.0008575
-0.000117608
2.17357e-05
-3.85231e-05
-0.0014065
0.000301505
-0.000864592
0.00163108
2.32755e-05
-0.000442279
0.000780737
0.000747386
-0.000812143
-0.0012082
-0.000531877
-7.47793e-05
-0.000588419
-0.000500727
-0.000500722
-0.00223203
-2.26118e-08
-0.000196375
-0.00241416
0.000500727
-0.000196365
-0.00241442
0.000531936
-0.000500722
-0.00223234
-0.000747353
-7.4751e-05
-0.000588529
-2.32752e-05
-0.000812155
-0.00120814
-0.000442279
0.000780748
1.12595e-05
6.59284e-10
0.000610409
0.000770682
-4.86173e-08
-0.00223495
-0.000208405
-6.53917e-08
-0.000323535
-0.000196342
-2.80477e-08
-0.00241419
-2.85803e-08
-3.7856e-08
-0.000755743
0.000196301
-3.29535e-08
-0.000755762
0.000208419
-2.26109e-08
-0.00241428
-0.000770665
-5.57091e-08
-0.00032353
-1.12593e-05
-4.18802e-08
-0.00223494
5.69426e-10
0.000610416
1.12589e-05
0.000442281
0.000610415
0.000770613
0.000812178
-0.00223501
-0.000208509
7.47192e-05
-0.00032363
-0.000196324
0.000500723
-0.00241451
-2.36066e-08
0.000196323
-0.000755764
0.000196285
0.000196316
-0.000755766
0.000208514
0.000500727
-0.00241457
-0.000770601
7.4702e-05
-0.00032361
-1.12589e-05
0.000812191
-0.00223498
0.000442281
0.000610422
2.32767e-05
0.000864593
0.000780748
0.000747293
0.00140657
-0.00120808
-0.00053199
0.000117592
-0.0005886
-0.000500728
0.000531958
-0.00223242
-1.72045e-08
0.000208435
-0.00241427
0.000500733
0.000208515
-0.00241449
0.00053204
0.00053204
-0.00223266
-0.000747267
0.000117632
-0.000588675
-2.32765e-05
0.00140658
-0.00120803
0.000864592
0.000780757
3.85228e-05
0.000801474
0.00163108
0.000857464
0.000792709
0.00030161
-0.000117604
-0.000857492
2.17469e-05
-7.47328e-05
-0.000747337
-0.000588542
-4.31708e-08
-0.000770667
-0.000323474
7.46937e-05
-0.000770614
-0.000323536
0.000117621
-0.00074727
-0.000588652
-0.000857454
-0.000857454
2.17655e-05
-3.85224e-05
0.000792711
0.000301635
0.000801474
0.00163109
-0.000380432
0.000502948
0.00244576
-0.000792679
0.000380442
0.00237997
-0.0014065
-3.85228e-05
0.000301524
-0.000812144
-2.32752e-05
-0.00120813
-2.74352e-08
-1.12587e-05
-0.00223495
0.000812169
-1.1259e-05
-0.00223496
0.00140655
-2.32763e-05
-0.00120804
0.000792703
-3.85224e-05
0.000301618
0.000380438
0.000380441
0.00238
0.000502947
0.00244576
-0.000502948
0.00258638
-0.000801475
0.00244576
-0.000864592
0.00163108
-0.00044228
0.000780748
6.1138e-10
0.000610412
0.000442282
0.000610417
0.000864592
0.000780757
0.000801474
0.00163109
0.000502948
0.00244576
0.00258638
-0.000494434
-0.000494434
0.00357524
-0.000829967
1.41897e-05
0.00276711
-0.00104511
-2.74268e-05
0.00187365
-0.000464088
-0.00128301
0.00148271
-1.33462e-09
-0.00103408
0.0011804
0.000464092
-0.0010341
0.00118042
0.00104512
-0.001283
0.00148272
0.000829967
-2.74228e-05
0.00187366
0.000494433
1.41913e-05
0.0027671
-0.000494434
0.00357524
1.41893e-05
-0.000829966
0.00276711
-0.000149396
-0.000149395
0.00270713
-0.00130839
0.0007365
0.000696541
-0.000457922
-0.00118888
-0.00215279
-6.28629e-08
-0.000703029
-0.0030239
0.000457898
-0.000703001
-0.00302406
0.00130843
-0.00118884
-0.00215279
0.000149407
0.000736498
0.000696683
-1.41872e-05
-0.000149379
0.00270713
-0.000829967
0.00276711
-2.74273e-05
-0.00104511
0.00187365
0.000736502
-0.00130839
0.000696524
-0.000754893
-0.000754899
0.00300452
-0.000783069
-0.00128938
-0.000459729
-5.57483e-08
-0.00113702
-0.000672513
0.000782984
-0.00113697
-0.000672635
0.000754889
-0.00128934
-0.000459958
-0.000736489
-0.000754916
0.00300453
2.74304e-05
-0.00130839
0.0006966
-0.00104511
0.00187366
-0.001283
-0.000464087
0.00148272
-0.00118888
-0.000457921
-0.00215279
-0.00128939
-0.000783073
-0.000459735
-0.00108948
-0.00108946
-0.00263186
1.67536e-09
-0.00109657
-0.00354408
0.00108945
-0.00109655
-0.00354429
0.00128935
-0.00108945
-0.00263213
0.00118886
-0.000783054
-0.000459898
0.00128301
-0.000457931
-0.00215275
-0.00046409
0.00148273
-0.00103408
-2.37064e-09
0.0011804
-0.000703013
-8.43747e-08
-0.00302385
-0.001137
-7.01049e-08
-0.000672547
-0.00109656
3.45409e-09
-0.0035441
-9.62801e-09
-1.36337e-08
-0.00294885
0.00109654
-1.3407e-08
-0.00294884
0.00113698
3.91115e-09
-0.00354418
0.000703004
-6.17981e-08
-0.000672542
0.00103408
-7.59867e-08
-0.00302387
-2.14165e-09
0.00118041
-0.00103411
0.000464094
0.00118042
-0.000702978
0.000457893
-0.00302411
-0.00113694
0.000782963
-0.000672699
-0.00109653
0.00108943
-0.00354436
-9.42115e-09
0.00109654
-0.00294884
0.00109651
0.00109652
-0.00294881
0.00113693
0.00108942
-0.00354441
0.000702972
0.000782957
-0.000672674
0.00103411
0.000457901
-0.0030241
0.000464095
0.00118043
-0.001283
0.00104512
0.00148272
-0.00118883
0.00130844
-0.0021528
-0.00128933
0.000754893
-0.000460026
-0.00108946
0.00128934
-0.0026322
2.21732e-09
0.001137
-0.00354418
0.00108944
0.00113695
-0.00354437
0.0012893
0.0012893
-0.00263241
0.00118881
0.000754911
-0.000460135
0.00128301
0.00130846
-0.00215278
0.00104512
0.00148274
-2.74236e-05
0.000829966
0.00187366
0.000736497
0.000149414
0.000696717
-0.000754913
-0.000736484
0.00300453
-0.000783044
0.00118886
-0.000459933
-4.73644e-08
0.00070302
-0.000672495
0.000782973
0.000702996
-0.000672598
0.00075491
0.00118882
-0.000460109
-0.000736483
-0.000736479
0.00300455
2.74293e-05
0.000149419
0.00069676
0.000829966
0.00187367
1.41915e-05
0.000494433
0.0027671
-0.000149378
-1.41867e-05
0.00270714
-0.0013084
2.74306e-05
0.00069663
-0.000457933
0.00128301
-0.00215275
-5.46829e-08
0.00103409
-0.0030239
0.000457907
0.00103411
-0.00302403
0.00130844
0.00128301
-0.00215276
0.000149409
2.74294e-05
0.00069674
-1.41884e-05
-1.41873e-05
0.0027072
0.000494433
0.00276711
-0.000494434
0.00357524
-0.000829968
0.00276711
-0.00104511
0.00187366
-0.00046409
0.00148274
-1.17068e-09
0.00118041
0.000464094
0.00118043
0.00104512
0.00148274
0.000829967
0.00187367
0.000494433
0.00276711
0.00357524
-0.000435625
-0.000435625
0.00444649
-0.000762053
2.62587e-05
0.00306727
-0.00098644
-0.000635078
0.00273312
-0.000431759
-0.00162943
0.00255746
3.90226e-09
-0.00135434
0.00210298
0.000431762
-0.0013543
0.00210296
0.000986444
-0.00162943
0.00255747
0.000762052
-0.000635059
0.00273311
0.000435624
2.62587e-05
0.00306727
-0.000435624
0.00444649
2.62587e-05
-0.000762053
0.00306727
-2.25106e-05
-2.25113e-05
0.00280467
-0.00101015
-0.000317436
0.00136654
-0.000440768
-0.00180299
-0.00254862
-2.48263e-08
-0.00121805
-0.00360093
0.000440757
-0.00121791
-0.00360124
0.00101016
-0.00180291
-0.00254871
2.24988e-05
-0.0003174
0.00136668
-2.62584e-05
-2.25016e-05
0.00280465
-0.000762052
0.00306728
-0.000635078
-0.000986439
0.00273312
-0.000317435
-0.00101014
0.00136651
-0.00102238
-0.00102238
0.0044144
-0.00085192
-0.00124651
-0.00118667
-3.23526e-08
-0.000931424
-0.00181102
0.000851856
-0.000931371
-0.00181106
0.00102236
-0.00124647
-0.00118691
0.000317418
-0.00102239
0.00441446
0.000635065
-0.00101015
0.0013666
-0.000986439
0.00273311
-0.00162943
-0.000431759
0.00255746
-0.00180299
-0.000440754
-0.00254862
-0.00124652
-0.000851915
-0.00118666
-0.00104181
-0.0010418
-0.00304128
3.57692e-08
-0.000859948
-0.00465741
0.00104183
-0.000860009
-0.00465745
0.00124649
-0.00104183
-0.00304142
0.00180294
-0.000851934
-0.00118681
0.00162942
-0.00044076
-0.00254862
-0.000431761
0.00255748
-0.00135434
4.93386e-09
0.00210298
-0.00121805
-3.30738e-08
-0.00360087
-0.000931425
-4.22967e-08
-0.00181104
-0.000859945
4.76523e-08
-0.00465743
2.32751e-08
2.7663e-08
-0.0046688
0.00085997
1.96631e-08
-0.00466882
0.000931401
4.02714e-08
-0.00465748
0.001218
-4.10603e-08
-0.00181103
0.00135434
-3.17331e-08
-0.00360093
4.0392e-09
0.00210298
-0.00135429
0.000431762
0.00210296
-0.00121786
0.00044074
-0.00360131
-0.000931356
0.00085183
-0.00181107
-0.000860027
0.00104182
-0.00465746
1.52036e-08
0.000859971
-0.00466883
0.00086004
0.000860019
-0.00466884
0.000931334
0.00104184
-0.00465751
0.00121783
0.000851854
-0.00181106
0.00135429
0.000440738
-0.00360133
0.000431763
0.00210296
-0.00162943
0.000986446
0.00255747
-0.00180289
0.00101015
-0.00254875
-0.00124647
0.00102236
-0.00118698
-0.00104185
0.00124646
-0.00304146
2.85128e-08
0.000931395
-0.00465749
0.00104186
0.000931344
-0.00465753
0.00124644
0.00124643
-0.00304157
0.00180286
0.00102237
-0.00118707
0.00162943
0.00101017
-0.00254878
0.000986444
0.00255748
-0.000635058
0.000762052
0.00273311
-0.000317398
2.24975e-05
0.00136671
-0.00102239
0.000317418
0.00441447
-0.000851942
0.00180293
-0.00118685
-3.12068e-08
0.001218
-0.00181101
0.000851885
0.00121787
-0.00181104
0.00102238
0.00180287
-0.00118704
0.000317411
0.000317414
0.00441448
0.000635068
2.25058e-05
0.00136676
0.000762052
0.00273313
2.62584e-05
0.000435623
0.00306727
-2.25016e-05
-2.62586e-05
0.00280466
-0.00101016
0.000635064
0.00136664
-0.000440778
0.00162942
-0.00254862
-2.36269e-08
0.00135433
-0.00360099
0.00044076
0.0013543
-0.00360125
0.00101017
0.00162943
-0.00254873
2.25076e-05
0.000635068
0.00136675
-2.62578e-05
-2.62582e-05
0.00280473
0.000435623
0.00306728
-0.000435624
0.00444649
-0.000762052
0.00306728
-0.00098644
0.00273311
-0.000431762
0.00255748
2.99667e-09
0.00210298
0.000431763
0.00210297
0.000986443
0.00255749
0.000762052
0.00273313
0.000435624
0.00306728
0.00444649
-0.000343558
-0.000343558
0.00513361
-0.000634448
1.88586e-05
0.00333931
-0.000890735
-0.00075133
0.00374073
-0.000455858
-0.00129787
0.00342046
1.06026e-08
-0.00125102
0.00289813
0.000455861
-0.00125095
0.00289806
0.000890727
-0.00129784
0.00342044
0.00063445
-0.00075135
0.00374074
0.000343558
1.88569e-05
0.0033393
-0.000343557
0.00513361
1.88588e-05
-0.000634449
0.00333931
2.73108e-05
2.73015e-05
0.00278778
-0.000718889
-0.000756075
0.00211748
-0.000427646
-0.00175492
-0.00238281
2.03911e-08
-0.00140577
-0.00387386
0.000427637
-0.00140564
-0.00387416
0.00071888
-0.00175486
-0.00238293
-2.7285e-05
-0.000756087
0.00211758
-1.88575e-05
2.72585e-05
0.00278782
-0.000634449
0.00333931
-0.000751332
-0.000890736
0.00374073
-0.000756075
-0.000718899
0.00211746
-0.000972189
-0.000972186
0.00484663
-0.000762465
-0.00121755
-0.00193376
3.42308e-08
-0.000863694
-0.00311559
0.000762467
-0.000863667
-0.00311546
0.000972169
-0.00121753
-0.00193394
0.000756084
-0.000972201
0.00484666
0.00075135
-0.000718928
0.00211752
-0.000890731
0.00374074
-0.00129788
-0.000455858
0.00342046
-0.00175492
-0.000427644
-0.00238283
-0.00121756
-0.000762452
-0.00193376
-0.000758309
-0.000758292
-0.00395978
5.09384e-08
-0.000560249
-0.00571921
0.000758351
-0.00056028
-0.00571914
0.00121754
-0.000758301
-0.00395984
0.00175488
-0.000762475
-0.00193387
0.00129786
-0.000427644
-0.00238288
-0.000455859
0.00342046
-0.00125104
1.44578e-08
0.00289815
-0.00140579
2.59683e-08
-0.00387379
-0.000863704
4.79696e-08
-0.00311563
-0.000560253
7.03245e-08
-0.00571924
1.19525e-08
1.20164e-08
-0.00578932
0.000560276
6.16275e-09
-0.00578937
0.000863699
6.09526e-08
-0.00571926
0.00140575
4.09685e-08
-0.00311559
0.00125102
1.91791e-08
-0.00387388
1.2462e-08
0.00289813
-0.00125093
0.000455861
0.00289804
-0.0014056
0.000427622
-0.00387424
-0.000863668
0.000762451
-0.00311541
-0.000560296
0.00075835
-0.00571911
6.19414e-09
0.000560268
-0.00578938
0.00056031
0.00056029
-0.00578942
0.000863664
0.00075835
-0.00571915
0.00140558
0.000762462
-0.0031154
0.00125093
0.000427611
-0.00387427
0.000455862
0.00289804
-0.00129783
0.000890726
0.00342044
-0.00175485
0.000718861
-0.00238297
-0.00121753
0.000972157
-0.001934
-0.000758309
0.00121753
-0.00395986
4.21598e-08
0.000863687
-0.00571926
0.000758344
0.00086366
-0.0057192
0.00121752
0.00121751
-0.00395991
0.00175482
0.000972168
-0.00193407
0.00129782
0.000718839
-0.00238301
0.000890724
0.00342044
-0.00075135
0.00063445
0.00374074
-0.000756088
-2.72883e-05
0.0021176
-0.000972213
0.000756086
0.00484666
-0.000762495
0.00175487
-0.00193391
2.73809e-08
0.00140573
-0.00311557
0.000762486
0.00140562
-0.00311546
0.000972188
0.00175482
-0.00193405
0.000756065
0.000756066
0.0048467
0.000751334
-2.73073e-05
0.00211764
0.000634446
0.00374074
1.88565e-05
0.000343558
0.0033393
2.72549e-05
-1.88576e-05
0.00278783
-0.000718934
0.000751352
0.00211756
-0.000427656
0.00129785
-0.00238287
1.33346e-08
0.00125101
-0.00387394
0.000427635
0.00125095
-0.0038742
0.000718872
0.00129782
-0.00238297
-2.72928e-05
0.000751337
0.00211764
-1.88573e-05
-1.88579e-05
0.00278784
0.000343557
0.00333931
-0.000343557
0.00513361
-0.000634449
0.00333931
-0.00089073
0.00374075
-0.000455861
0.00342047
8.68934e-09
0.00289812
0.000455863
0.00289806
0.000890725
0.00342045
0.000634446
0.00374074
0.000343557
0.00333931
0.0051336
-0.00029494
-0.000294939
0.00572349
-0.000525641
1.4331e-05
0.00355568
-0.000772363
-0.00061129
0.00459874
-0.000485647
-0.000876599
0.00401034
1.09717e-08
-0.00104067
0.00345314
0.000485653
-0.0010406
0.00345302
0.000772351
-0.000876542
0.00401029
0.000525643
-0.000611304
0.00459875
0.000294941
1.43289e-05
0.00355568
-0.000294937
0.00572348
1.43312e-05
-0.000525642
0.00355568
3.06285e-05
3.06142e-05
0.00275519
-0.000530917
-0.000647694
0.00271543
-0.00033269
-0.00112833
-0.00232931
2.68767e-08
-0.00112415
-0.00412309
0.000332687
-0.00112415
-0.00412328
0.000530887
-0.00112831
-0.00232936
-3.06169e-05
-0.000647714
0.0027155
-1.43294e-05
3.05747e-05
0.00275529
-0.000525642
0.00355569
-0.000611293
-0.000772364
0.00459875
-0.000647693
-0.000530935
0.00271541
-0.000554279
-0.00055428
0.0046598
-0.000400387
-0.000733714
-0.00248227
7.60457e-08
-0.000534276
-0.00410593
0.000400435
-0.00053431
-0.00410566
0.000554255
-0.000733707
-0.00248236
0.000647699
-0.00055429
0.00465979
0.000611307
-0.00053096
0.00271545
-0.000772361
0.00459877
-0.000876606
-0.000485646
0.00401035
-0.00112833
-0.000332696
-0.00232935
-0.000733718
-0.000400369
-0.00248228
-0.000434264
-0.000434241
-0.00455871
4.535e-08
-0.00033901
-0.00634879
0.000434302
-0.000339015
-0.00634869
0.000733708
-0.000434219
-0.00455873
0.0011283
-0.000400392
-0.00248236
0.000876581
-0.000332697
-0.00232943
-0.000485648
0.00401033
-0.00104069
1.51198e-08
0.00345317
-0.00112416
3.47967e-08
-0.00412305
-0.000534283
1.08886e-07
-0.00410598
-0.000339016
6.44866e-08
-0.00634881
6.22443e-09
3.23589e-09
-0.00646736
0.000339035
-1.08804e-09
-0.00646741
0.000534303
5.72299e-08
-0.00634881
0.00112415
9.77736e-08
-0.00410594
0.00104067
2.69434e-08
-0.00412312
1.30206e-08
0.00345315
-0.00104059
0.000485654
0.00345299
-0.00112416
0.000332682
-0.00412331
-0.000534331
0.000400435
-0.00410557
-0.00033902
0.0004343
-0.00634866
2.32785e-09
0.000339026
-0.00646743
0.000339034
0.000339025
-0.00646748
0.000534343
0.000434272
-0.00634868
0.00112416
0.000400445
-0.00410556
0.00104059
0.000332676
-0.00412335
0.000485655
0.00345298
-0.000876526
0.000772348
0.00401027
-0.00112829
0.00053087
-0.00232939
-0.000733703
0.000554245
-0.0024824
-0.000434221
0.000733701
-0.00455874
3.89623e-08
0.000534298
-0.00634879
0.000434255
0.000534325
-0.00634871
0.000733694
0.000733695
-0.00455877
0.00112826
0.000554256
-0.00248246
0.000876513
0.00053086
-0.00232945
0.000772347
0.00401026
-0.000611304
0.000525643
0.00459875
-0.000647716
-3.06202e-05
0.0027155
-0.000554297
0.000647702
0.00465979
-0.000400416
0.00112829
-0.00248238
6.50569e-08
0.00112415
-0.0041059
0.000400451
0.00112415
-0.00410566
0.000554274
0.00112827
-0.00248244
0.000647699
0.000647697
0.00465984
0.000611292
-3.06296e-05
0.00271554
0.000525638
0.00459874
1.43285e-05
0.000294941
0.00355568
3.05739e-05
-1.43294e-05
0.00275529
-0.00053096
0.000611308
0.00271549
-0.000332703
0.000876569
-0.00232941
1.83966e-08
0.00104066
-0.00412318
0.00033269
0.0010406
-0.00412332
0.000530891
0.000876523
-0.00232943
-3.06161e-05
0.000611295
0.00271555
-1.43294e-05
-1.43299e-05
0.00275526
0.000294939
0.00355568
-0.000294937
0.00572348
-0.000525641
0.00355569
-0.000772359
0.00459877
-0.000485651
0.00401033
9.04056e-09
0.00345312
0.000485656
0.00345301
0.00077235
0.00401028
0.000525638
0.00459875
0.000294939
0.00355568
0.00572348
-0.000279212
-0.000279212
0.00628191
-0.000399122
-8.77889e-05
0.00376338
-0.000642844
-0.000478773
0.00532124
-0.000491166
-0.000386844
0.00424551
4.56181e-09
-0.000675629
0.0036376
0.000491175
-0.000675605
0.00363746
0.000642839
-0.000386791
0.00424541
0.000399124
-0.000478766
0.00532123
0.000279215
-8.77822e-05
0.00376337
-0.00027921
0.00628191
-8.7787e-05
-0.000399124
0.00376338
-0.000103588
-0.000103603
0.00278681
-0.000549236
-0.000424179
0.00310649
-0.000273938
-0.000356193
-0.00263526
1.12673e-08
-0.000653796
-0.00441888
0.000273909
-0.000653903
-0.00441888
0.000549174
-0.00035617
-0.00263525
0.000103545
-0.000424182
0.00310654
8.77749e-05
-0.000103604
0.00278688
-0.000399125
0.00376338
-0.000478775
-0.000642846
0.00532125
-0.000424175
-0.000549258
0.00310646
-0.000173195
-0.0001732
0.00415784
-0.000143655
-0.000342718
-0.00252529
8.43659e-08
-0.000281223
-0.00462224
0.000143725
-0.000281274
-0.00462193
0.000173173
-0.000342694
-0.00252529
0.000424164
-0.0001732
0.00415782
0.00047877
-0.000549263
0.0031065
-0.000642847
0.00532126
-0.000386854
-0.000491164
0.00424552
-0.000356189
-0.000273967
-0.0026353
-0.000342721
-0.000143635
-0.00252531
-0.000264738
-0.000264715
-0.00471469
3.56918e-08
-0.00019416
-0.00670062
0.000264768
-0.000194143
-0.00670055
0.000342707
-0.00026468
-0.00471469
0.000356173
-0.00014365
-0.00252538
0.000386839
-0.00027397
-0.00263539
-0.000491167
0.00424549
-0.000675636
5.84739e-09
0.00363764
-0.000653786
1.35433e-08
-0.00441888
-0.000281228
1.2411e-07
-0.0046223
-0.000194167
5.17692e-08
-0.00670064
-5.22621e-09
-1.13476e-08
-0.00685567
0.000194176
-9.79543e-09
-0.00685573
0.00028126
4.72229e-08
-0.00670062
0.000653802
1.12442e-07
-0.00462224
0.000675626
1.09158e-08
-0.00441893
4.46101e-09
0.0036376
-0.000675601
0.000491177
0.00363742
-0.000653943
0.000273918
-0.00441887
-0.000281301
0.00014374
-0.00462183
-0.000194142
0.000264765
-0.00670053
-3.82177e-09
0.000194165
-0.00685574
0.000194151
0.000194149
-0.00685579
0.000281323
0.000264729
-0.00670053
0.000653947
0.000143742
-0.00462181
0.000675597
0.000273927
-0.00441891
0.000491178
0.00363741
-0.000386776
0.000642838
0.00424538
-0.000356154
0.000549163
-0.00263526
-0.000342683
0.00017317
-0.0025253
-0.000264679
0.000342701
-0.00471468
3.202e-08
0.000281261
-0.00670059
0.000264709
0.000281302
-0.00670054
0.000342674
0.000342682
-0.00471469
0.000356142
0.000173173
-0.00252535
0.000386772
0.000549179
-0.00263533
0.000642838
0.00424538
-0.000478763
0.000399124
0.00532123
-0.000424182
0.000103543
0.00310654
-0.000173199
0.000424166
0.00415781
-0.000143668
0.000356166
-0.00252538
7.25711e-08
0.000653814
-0.00462219
0.000143726
0.000653907
-0.00462192
0.00017318
0.000356148
-0.00252536
0.000424178
0.000424176
0.00415783
0.00047876
0.000103573
0.00310656
0.000399119
0.00532122
-8.77828e-05
0.000279215
0.00376337
-0.000103603
8.77749e-05
0.00278688
-0.00054925
0.000478766
0.00310654
-0.000273948
0.000386825
-0.00263537
7.53114e-09
0.000675619
-0.00441894
0.000273922
0.0006756
-0.00441893
0.000549196
0.000386782
-0.00263534
0.000103586
0.000478761
0.00310658
8.77858e-05
8.77838e-05
0.00278685
0.000279213
0.00376337
-0.000279209
0.00628191
-0.000399123
0.00376338
-0.000642846
0.00532126
-0.00049117
0.00424548
3.29075e-09
0.00363756
0.000491177
0.00363744
0.000642839
0.0042454
0.000399119
0.00532123
0.000279212
0.00376337
0.00628191
-0.000248417
-0.000248418
0.00677875
-0.000231009
-0.000436003
0.00418197
-0.000517431
-0.000400384
0.00600805
-0.000450274
5.99363e-05
0.00411841
-5.62787e-09
-0.000292715
0.00348005
0.000450282
-0.000292747
0.00347992
0.000517433
5.99706e-05
0.00411829
0.000231013
-0.000400375
0.00600802
0.000248419
-0.000435991
0.00418195
-0.000248415
0.00677874
-0.000435999
-0.000231011
0.00418197
-0.0004901
-0.000490111
0.00289502
-0.000539685
-0.000288995
0.00304468
-0.000276574
0.00024569
-0.00308412
-2.59019e-08
-0.000237616
-0.00475052
0.000276524
-0.000237807
-0.00475037
0.000539623
0.000245698
-0.00308407
0.000490045
-0.000288998
0.00304474
0.000435978
-0.000490091
0.00289505
-0.000231014
0.00418195
-0.000400385
-0.000517433
0.00600805
-0.00028899
-0.000539704
0.00304466
5.83028e-06
5.82651e-06
0.0035682
-5.87409e-05
3.61582e-06
-0.00221864
7.29951e-08
-8.68574e-05
-0.00483182
5.88257e-05
-8.69091e-05
-0.00483158
-5.84939e-06
3.6583e-06
-0.00221857
0.000288971
5.83187e-06
0.00356817
0.000400374
-0.000539701
0.00304471
-0.000517437
0.00600806
5.99259e-05
-0.000450274
0.00411844
0.00024569
-0.000276606
-0.00308416
3.60799e-06
-5.87244e-05
-0.00221868
-8.78188e-05
-8.78015e-05
-0.00453185
1.37788e-08
-8.63151e-05
-0.006789
8.78304e-05
-8.62776e-05
-0.006789
-3.61904e-06
-8.77592e-05
-0.00453182
-0.000245687
-5.87409e-05
-0.00221874
-5.99249e-05
-0.000276617
-0.00308423
-0.000450277
0.00411841
-0.000292704
-9.10887e-09
0.00348008
-0.000237582
-4.19276e-08
-0.00475057
-8.68594e-05
1.08636e-07
-0.00483186
-8.6323e-05
1.94282e-08
-0.006789
-1.30698e-08
-2.01564e-08
-0.00702827
8.63206e-05
-1.46655e-08
-0.00702832
8.68949e-05
1.97965e-08
-0.00678897
0.000237627
9.88263e-08
-0.00483181
0.00029271
-3.67426e-08
-0.00475059
-9.10985e-09
0.00348004
-0.000292754
0.000450286
0.00347988
-0.000237869
0.000276529
-0.00475033
-8.69338e-05
5.88523e-05
-0.00483151
-8.62694e-05
8.78238e-05
-0.006789
-7.58171e-09
8.63097e-05
-0.00702834
8.62752e-05
8.62797e-05
-0.00702837
8.696e-05
8.77851e-05
-0.00678898
0.00023789
5.88561e-05
-0.0048315
0.000292757
0.000276551
-0.00475037
0.000450286
0.00347987
5.9978e-05
0.000517435
0.00411826
0.000245704
0.000539616
-0.00308407
3.67217e-06
-5.85225e-06
-0.00221857
-8.77536e-05
-3.62808e-06
-0.00453181
1.46237e-08
8.68979e-05
-0.00678895
8.77707e-05
8.69401e-05
-0.00678896
-3.67233e-06
-3.66117e-06
-0.0045318
-0.000245697
-5.8539e-06
-0.00221862
-5.99709e-05
0.000539639
-0.00308414
0.000517435
0.00411826
-0.000400372
0.000231014
0.00600802
-0.000288997
0.000490046
0.00304474
5.83506e-06
0.000288971
0.00356815
-5.8753e-05
-0.000245692
-0.00221873
6.31528e-08
0.000237662
-0.00483177
5.88247e-05
0.000237829
-0.00483157
-5.85128e-06
-0.000245697
-0.00221865
0.000288991
0.000288987
0.00356815
0.000400368
0.000490076
0.00304475
0.00023101
0.00600802
-0.000435989
0.00024842
0.00418195
-0.000490084
0.000435978
0.00289504
-0.000539685
0.000400369
0.00304474
-0.00027659
-5.99374e-05
-0.00308422
-2.2262e-08
0.000292719
-0.00475056
0.000276549
0.000292748
-0.00475042
0.000539647
-5.99671e-05
-0.00308416
0.000490079
0.000400367
0.00304477
0.00043599
0.000435988
0.00289502
0.000248418
0.00418195
-0.000248414
0.00677874
-0.000231011
0.00418195
-0.000517436
0.00600805
-0.000450278
0.00411838
-5.57627e-09
0.00348001
0.000450284
0.0034799
0.000517433
0.00411828
0.000231008
0.00600802
0.000248417
0.00418195
0.00677874
-0.000256845
-0.000256845
0.00729244
-0.000146163
-0.000696581
0.00476787
-0.000455447
-0.000221661
0.00653899
-0.000421153
0.000599264
0.00348486
-8.69668e-09
8.35657e-05
0.00297534
0.000421163
8.34901e-05
0.00297525
0.000455453
0.000599289
0.00348471
0.000146168
-0.000221668
0.00653898
0.000256847
-0.000696578
0.00476785
-0.000256843
0.00729243
-0.000696576
-0.000146165
0.00476787
-0.000761909
-0.000761917
0.00302569
-0.000600136
-0.000126026
0.00278728
-0.000290647
0.000624562
-0.00341891
-4.12691e-08
8.88488e-05
-0.00504641
0.000290595
8.87224e-05
-0.00504624
0.000600097
0.000624589
-0.00341887
0.000761882
-0.000126047
0.00278734
0.000696566
-0.000761911
0.0030257
-0.000146166
0.00476784
-0.000221657
-0.000455449
0.006539
-0.000126013
-0.000600154
0.00278725
7.7656e-05
7.76538e-05
0.00316085
-1.75031e-05
0.000319222
-0.00181814
1.45768e-08
8.94141e-05
-0.0048499
1.75578e-05
8.94001e-05
-0.0048498
-7.76639e-05
0.000319272
-0.00181803
0.000125993
7.76582e-05
0.00316081
0.00022165
-0.000600151
0.00278729
-0.000455453
0.00653899
0.000599255
-0.000421154
0.00348489
0.000624552
-0.000290678
-0.00341894
0.000319206
-1.75038e-05
-0.00181818
3.43425e-05
3.43482e-05
-0.00396211
-1.02113e-08
-2.43398e-05
-0.00664089
-3.43498e-05
-2.42741e-05
-0.00664099
-0.0003192
3.4372e-05
-0.00396207
-0.000624546
-1.75278e-05
-0.0018182
-0.000599254
-0.000290697
-0.00341898
-0.000421158
0.00348486
8.35853e-05
-1.28451e-08
0.00297535
8.88713e-05
-6.34062e-08
-0.00504647
8.94002e-05
2.17305e-08
-0.00484991
-2.43551e-05
-1.62392e-08
-0.00664088
-9.69039e-09
-1.5046e-08
-0.00707694
2.4349e-05
-1.08466e-08
-0.00707695
-8.93537e-05
-1.1821e-08
-0.00664089
-8.88235e-05
1.97651e-08
-0.00484989
-8.35642e-05
-5.50752e-08
-0.00504649
-1.21562e-08
0.00297533
8.3468e-05
0.000421171
0.00297523
8.86795e-05
0.000290597
-0.0050462
8.93809e-05
1.75862e-05
-0.00484977
-2.42611e-05
-3.43577e-05
-0.00664101
-5.63386e-09
2.43327e-05
-0.00707694
2.42676e-05
2.42788e-05
-0.00707693
-8.93386e-05
-3.43762e-05
-0.00664101
-8.86479e-05
1.76038e-05
-0.00484977
-8.34545e-05
0.000290629
-0.00504624
0.000421173
0.00297523
0.000599291
0.000455458
0.00348468
0.000624592
0.000600099
-0.00341888
0.00031928
-7.76639e-05
-0.00181801
3.43742e-05
-0.000319208
-0.00396205
-5.76007e-09
-8.9361e-05
-0.00664088
-3.43752e-05
-8.93513e-05
-0.00664096
-0.000319261
-0.000319248
-0.00396204
-0.000624576
-7.76654e-05
-0.00181804
-0.000599283
0.000600113
-0.00341892
0.000455458
0.00348469
-0.000221667
0.00014617
0.00653897
-0.000126047
0.000761885
0.00278733
7.76642e-05
0.000125993
0.00316079
-1.75185e-05
-0.000624558
-0.00181819
1.28007e-08
-8.88008e-05
-0.00484987
1.75666e-05
-8.86902e-05
-0.00484979
-7.76701e-05
-0.000624577
-0.00181809
0.000126033
0.000126021
0.00316076
0.000221664
0.0007619
0.00278733
0.000146165
0.00653897
-0.000696575
0.000256848
0.00476785
-0.000761905
0.000696567
0.00302569
-0.000600137
0.000221648
0.00278732
-0.000290671
-0.000599266
-0.00341898
-3.34882e-08
-8.35474e-05
-0.00504645
0.000290629
-8.34798e-05
-0.00504629
0.000600113
-0.000599286
-0.00341894
0.000761898
0.000221659
0.00278734
0.000696573
0.000696573
0.00302567
0.000256846
0.00476784
-0.000256842
0.00729243
-0.000146163
0.00476784
-0.000455452
0.00653899
-0.000421159
0.00348482
-8.0169e-09
0.00297531
0.000421167
0.00297524
0.000455454
0.00348471
0.000146162
0.00653897
0.000256844
0.00476784
0.00729243
-0.000271824
-0.000271825
0.00783609
-0.0001795
-0.000446514
0.00512206
-0.00051187
5.29915e-05
0.00681837
-0.000423707
0.00111788
0.00227881
-7.27942e-09
0.000600057
0.00195158
0.000423718
0.00060001
0.00195152
0.000511878
0.00111789
0.00227866
0.000179505
5.29837e-05
0.00681837
0.000271827
-0.000446518
0.00512205
-0.000271823
0.00783608
-0.000446514
-0.000179501
0.00512206
-0.000345166
-0.000345165
0.00282299
-0.000659857
0.000166124
0.00298883
-0.000366855
0.000854823
-0.00344885
-1.01665e-08
0.000255887
-0.00506909
0.00036686
0.000255857
-0.00506895
0.000659879
0.000854854
-0.00344886
0.000345188
0.000166111
0.0029889
0.000446523
-0.00034517
0.00282301
-0.000179499
0.00512204
5.29953e-05
-0.000511871
0.00681837
0.000166133
-0.00065986
0.00298881
0.0001805
0.000180507
0.0031321
2.56756e-05
0.000425966
-0.00123446
-6.78698e-08
0.000206023
-0.00477429
-2.56917e-05
0.000206067
-0.00477439
-0.000180475
0.000425998
-0.00123439
-0.000166145
0.000180514
0.00313207
-5.29948e-05
-0.000659861
0.00298883
-0.000511873
0.00681837
0.00111787
-0.00042371
0.00227885
0.000854809
-0.000366868
-0.00344886
0.000425946
2.56676e-05
-0.00123447
9.45406e-05
9.45463e-05
-0.00329929
-1.41586e-08
1.48891e-05
-0.0063552
-9.45424e-05
1.48968e-05
-0.00635529
-0.000425923
9.45589e-05
-0.00329925
-0.000854805
2.56667e-05
-0.00123447
-0.00111787
-0.000366893
-0.00344888
-0.000423715
0.00227883
0.00060006
-9.92952e-09
0.00195159
0.000255883
-1.42686e-08
-0.00506914
0.000206007
-1.01617e-07
-0.00477427
1.48894e-05
-2.20168e-08
-0.00635519
1.72893e-09
6.85626e-10
-0.00704717
-1.4894e-05
-4.23893e-10
-0.00704715
-0.000205999
-1.71832e-08
-0.00635521
-0.000255843
-9.18054e-08
-0.00477429
-0.000600043
-1.01541e-08
-0.00506917
-9.0499e-09
0.00195158
0.000599987
0.000423728
0.0019515
0.000255835
0.000366877
-0.00506894
0.000206073
-2.56909e-05
-0.00477442
1.48997e-05
-9.455e-05
-0.00635531
6.08077e-10
-1.4895e-05
-0.00704714
-1.49027e-05
-1.49016e-05
-0.00704713
-0.000206057
-9.45584e-05
-0.00635531
-0.000255796
-2.56867e-05
-0.00477444
-0.000599972
0.000366907
-0.00506898
0.000423732
0.00195151
0.00111788
0.000511886
0.00227864
0.000854853
0.000659894
-0.00344887
0.000425993
-0.000180469
-0.00123437
9.45534e-05
-0.000425929
-0.00329923
-9.29664e-09
-0.000206011
-0.0063552
-9.45499e-05
-0.000206049
-0.00635527
-0.000425961
-0.000425955
-0.00329923
-0.000854839
-0.000180476
-0.00123437
-0.00111787
0.000659906
-0.00344888
0.000511884
0.00227866
5.29832e-05
0.000179507
0.00681837
0.000166112
0.000345195
0.0029889
0.000180513
-0.000166145
0.00313206
2.56772e-05
-0.000854817
-0.00123447
-5.77149e-08
-0.000255842
-0.0047743
-2.56896e-05
-0.000255815
-0.00477439
-0.000180489
-0.00085484
-0.0012344
-0.00016612
-0.000166128
0.00313204
-5.29812e-05
0.000345208
0.00298889
0.0001795
0.00681838
-0.000446517
0.000271828
0.00512204
-0.00034517
0.000446527
0.00282301
-0.000659859
-5.29946e-05
0.00298885
-0.000366884
-0.00111788
-0.00344889
-5.63636e-09
-0.000600043
-0.00506913
0.000366894
-0.0006
-0.00506901
0.000659891
-0.00111789
-0.00344889
0.0003452
-5.29851e-05
0.00298889
0.000446528
0.000446532
0.00282302
0.000271826
0.00512205
-0.000271822
0.00783608
-0.000179497
0.00512204
-0.000511871
0.00681837
-0.000423714
0.00227878
-6.47655e-09
0.00195156
0.000423722
0.00195152
0.000511877
0.00227867
0.000179497
0.00681837
0.000271824
0.00512205
0.00783608
-0.000269394
-0.000269394
0.00837487
-0.000235604
-0.000157367
0.00524564
-0.000612907
0.000348808
0.00684687
-0.000575
0.00159539
0.000645521
6.49844e-09
0.00102358
0.00035299
0.000575027
0.00102359
0.000352909
0.00061292
0.00159534
0.000645429
0.000235607
0.000348807
0.00684687
0.000269397
-0.000157368
0.00524563
-0.000269392
0.00837487
-0.000157368
-0.000235603
0.00524563
0.000177846
0.000177852
0.00215256
-0.000507879
0.000507328
0.00351604
-0.000401141
0.000868451
-0.00282866
1.46604e-08
0.000289248
-0.00473591
0.000401194
0.000289304
-0.00473585
0.000507933
0.000868415
-0.00282867
-0.000177818
0.000507328
0.00351613
0.000157377
0.000177847
0.0021526
-0.0002356
0.00524563
0.000348809
-0.00061291
0.00684687
0.000507332
-0.00050787
0.00351601
0.000376627
0.000376639
0.00339349
6.27259e-05
0.000438469
-0.00049058
-5.32834e-08
0.000221279
-0.00464354
-6.2747e-05
0.000221283
-0.00464368
-0.000376598
0.00043846
-0.000490588
-0.000507338
0.000376648
0.00339349
-0.000348805
-0.00050788
0.00351602
-0.00061291
0.00684688
0.00159539
-0.000575008
0.00064556
0.000868447
-0.000401136
-0.00282866
0.000438456
6.27185e-05
-0.000490562
0.000142193
0.000142202
-0.00270676
5.25436e-09
4.75984e-05
-0.00603933
-0.000142177
4.75597e-05
-0.00603938
-0.000438434
0.000142206
-0.00270674
-0.000868436
6.2731e-05
-0.000490556
-0.00159538
-0.000401159
-0.00282866
-0.000575012
0.000645555
0.00102357
1.09811e-08
0.000353008
0.000289217
2.37127e-08
-0.00473596
0.000221281
-7.93032e-08
-0.00464353
4.76121e-05
6.72814e-09
-0.00603933
4.80531e-09
4.50499e-09
-0.00695197
-4.7614e-05
1.67371e-09
-0.00695198
-0.000221291
9.53886e-09
-0.00603933
-0.000289206
-7.03589e-08
-0.00464357
-0.00102355
2.43245e-08
-0.00473601
1.17191e-08
0.00035301
0.00102357
0.000575052
0.000352888
0.000289299
0.000401219
-0.00473586
0.000221285
-6.27481e-05
-0.00464374
4.75541e-05
-0.000142181
-0.00603939
1.67429e-09
-4.76019e-05
-0.00695199
-4.75605e-05
-4.75685e-05
-0.006952
-0.000221291
-0.000142182
-0.00603939
-0.000289275
-6.27558e-05
-0.00464377
-0.00102355
0.000401239
-0.00473592
0.000575055
0.000352918
0.00159531
0.000612931
0.00064545
0.000868388
0.000507954
-0.00282868
0.000438442
-0.000376593
-0.000490576
0.000142195
-0.000438437
-0.00270673
8.10355e-09
-0.000221288
-0.00603933
-0.000142175
-0.000221289
-0.00603937
-0.000438417
-0.000438428
-0.00270674
-0.000868376
-0.000376603
-0.000490563
-0.0015953
0.000507967
-0.00282869
0.00061293
0.000645485
0.000348805
0.000235608
0.00684689
0.000507329
-0.000177811
0.00351614
0.000376644
-0.000507341
0.00339349
6.27379e-05
-0.000868438
-0.000490563
-4.4528e-08
-0.000289231
-0.00464357
-6.27536e-05
-0.000289277
-0.00464369
-0.000376615
-0.000868403
-0.000490566
-0.000507331
-0.000507336
0.00339349
-0.0003488
-0.000177804
0.00351613
0.000235602
0.0068469
-0.000157369
0.000269398
0.00524562
0.000177842
0.000157379
0.00215261
-0.000507888
-0.000348805
0.00351605
-0.000401164
-0.00159538
-0.00282867
1.57087e-08
-0.00102357
-0.00473597
0.000401216
-0.00102357
-0.00473592
0.000507948
-0.00159534
-0.00282869
-0.000177811
-0.000348803
0.00351612
0.000157376
0.000157378
0.00215265
0.000269396
0.00524563
-0.000269392
0.00837487
-0.000235599
0.00524563
-0.000612907
0.00684687
-0.000575006
0.000645503
6.78952e-09
0.000352981
0.000575032
0.00035292
0.000612919
0.000645443
0.0002356
0.00684689
0.000269395
0.00524563
0.00837487
-0.000236738
-0.000236737
0.00884835
-0.000232301
-0.000107782
0.00534898
-0.000629456
0.000490322
0.0067537
-0.00063068
0.00111767
-0.000470925
1.94673e-08
0.000672123
-0.000949831
0.000630714
0.000672188
-0.000949974
0.000629453
0.00111756
-0.000470872
0.000232302
0.000490317
0.00675371
0.00023674
-0.000107784
0.00534897
-0.000236736
0.00884835
-0.000107783
-0.000232301
0.00534898
0.000117687
0.000117687
0.00170162
-0.000484121
0.00065238
0.00395579
-0.00034635
0.000545877
-0.00239463
1.60364e-08
0.000142938
-0.00455309
0.000346408
0.000143014
-0.00455307
0.000484153
0.000545812
-0.00239467
-0.000117685
0.000652387
0.0039559
0.000107787
0.000117679
0.00170167
-0.000232299
0.00534898
0.00049032
-0.000629465
0.00675371
0.000652378
-0.000484113
0.00395575
0.000485166
0.000485177
0.00372791
0.000123709
0.000343348
7.34061e-05
2.60789e-08
0.000190139
-0.00456706
-0.000123671
0.000190106
-0.00456707
-0.000485152
0.000343334
7.33716e-05
-0.000652385
0.000485187
0.00372793
-0.000490312
-0.000484129
0.00395576
-0.000629461
0.00675373
0.00111768
-0.00063067
-0.000470911
0.000545876
-0.000346334
-0.00239463
0.000343338
0.000123722
7.34312e-05
0.000167427
0.000167434
-0.00235493
1.54015e-08
7.83853e-05
-0.00576017
-0.000167415
7.83499e-05
-0.00576019
-0.00034333
0.000167438
-0.00235493
-0.000545862
0.000123733
7.34294e-05
-0.00111765
-0.000346347
-0.00239465
-0.000630669
-0.000470891
0.000672076
3.3265e-08
-0.000949771
0.000142908
2.45541e-08
-0.00455315
0.000190158
4.00799e-08
-0.0045671
7.8402e-05
2.25846e-08
-0.00576016
1.59548e-10
-3.09775e-09
-0.00679518
-7.84088e-05
-5.40012e-09
-0.00679521
-0.000190177
2.33189e-08
-0.00576015
-0.00014291
3.92406e-08
-0.00456715
-0.000672053
2.38226e-08
-0.00455324
3.75147e-08
-0.000949749
0.000672178
0.00063073
-0.000949987
0.000143026
0.000346424
-0.00455311
0.000190107
-0.000123661
-0.00456712
7.83493e-05
-0.000167418
-0.0057602
-2.25504e-09
-7.83968e-05
-0.00679524
-7.836e-05
-7.83659e-05
-0.00679528
-0.000190128
-0.000167418
-0.00576018
-0.000143014
-0.000123675
-0.00456717
-0.000672142
0.00034643
-0.0045532
0.000630739
-0.000949925
0.0011175
0.000629463
-0.000470789
0.000545772
0.000484167
-0.00239469
0.000343317
-0.000485155
7.33735e-05
0.000167431
-0.000343337
-0.00235492
1.62382e-08
-0.00019016
-0.00576015
-0.000167413
-0.000190131
-0.00576017
-0.000343309
-0.000343325
-0.00235494
-0.000545761
-0.000485166
7.33794e-05
-0.00111749
0.000484182
-0.00239471
0.000629467
-0.000470732
0.000490309
0.000232299
0.00675374
0.000652384
-0.00011768
0.00395591
0.000485183
-0.000652391
0.00372793
0.000123721
-0.00054586
7.34219e-05
2.44702e-08
-0.000142935
-0.0045671
-0.000123685
-0.000143001
-0.00456711
-0.000485169
-0.0005458
7.33938e-05
-0.000652387
-0.000652394
0.00372794
-0.000490301
-0.000117674
0.0039559
0.000232295
0.00675378
-0.000107785
0.00023674
0.00534897
0.000117678
0.000107788
0.00170168
-0.000484137
-0.000490314
0.00395579
-0.000346362
-0.00111764
-0.00239466
1.55981e-08
-0.000672097
-0.00455319
0.000346416
-0.000672152
-0.00455316
0.000484169
-0.00111755
-0.0023947
-0.000117676
-0.000490309
0.00395588
0.000107787
0.000107788
0.00170173
0.000236738
0.00534897
-0.000236736
0.00884835
-0.000232299
0.00534898
-0.000629453
0.00675371
-0.00063068
-0.000470914
2.16669e-08
-0.000949818
0.00063072
-0.00094993
0.000629455
-0.000470837
0.000232297
0.00675373
0.000236738
0.00534898
0.00884835
-0.00018196
-0.000181959
0.00921227
-0.000204239
-0.000249115
0.00562038
-0.000542238
0.000514563
0.00657713
-0.000482874
0.000626245
-0.00115653
7.34894e-08
0.000360774
-0.00179355
0.000483039
0.000360871
-0.00179381
0.000542298
0.000626164
-0.0011563
0.000204235
0.000514551
0.00657722
0.00018196
-0.000249116
0.00562036
-0.000181959
0.00921227
-0.000249115
-0.000204238
0.00562037
-0.000431475
-0.00043148
0.00206634
-0.000644115
0.000548769
0.00413422
-0.000301955
0.00015693
-0.00226748
-1.59063e-08
3.3537e-05
-0.00452779
0.000301967
3.36122e-05
-0.00452779
0.000644122
0.000156886
-0.00226754
0.000431449
0.000548773
0.00413435
0.00024911
-0.000431482
0.00206637
-0.000204238
0.00562037
0.000514555
-0.000542216
0.00657713
0.00054876
-0.000644108
0.00413418
0.000423388
0.000423395
0.00397865
0.000180595
0.00022677
0.00024636
3.37912e-08
0.000154197
-0.00450716
-0.000180568
0.000154183
-0.00450704
-0.000423401
0.000226764
0.000246327
-0.000548766
0.000423402
0.00397866
-0.000514544
-0.000644118
0.00413417
-0.000542215
0.00657716
0.000626246
-0.000482817
-0.00115656
0.000156924
-0.000301939
-0.00226748
0.000226764
0.000180609
0.000246378
0.000170411
0.000170412
-0.00224222
1.28876e-08
9.32091e-05
-0.00552878
-0.00017041
9.3206e-05
-0.00552879
-0.000226765
0.000170414
-0.00224222
-0.000156918
0.000180617
0.000246368
-0.000626239
-0.000301919
-0.00226753
-0.00048284
-0.0011565
0.000360733
1.18691e-07
-0.00179344
3.35245e-05
-2.72549e-08
-0.00452785
0.000154214
5.18469e-08
-0.00450723
9.32182e-05
1.98176e-08
-0.00552877
-7.26575e-09
-1.69294e-08
-0.00660872
-9.32307e-05
-1.93267e-08
-0.00660876
-0.000154235
1.90842e-08
-0.00552875
-3.35492e-05
4.89087e-08
-0.00450726
-0.000360735
-2.65205e-08
-0.00452794
1.20026e-07
-0.00179344
0.000360885
0.000483087
-0.00179384
3.36422e-05
0.000301957
-0.00452785
0.000154192
-0.000180566
-0.00450705
9.32157e-05
-0.000170413
-0.00552879
-9.73502e-09
-9.32306e-05
-0.0066088
-9.323e-05
-9.32295e-05
-0.00660885
-0.000154216
-0.000170413
-0.00552877
-3.36575e-05
-0.000180577
-0.0045071
-0.000360873
0.000301932
-0.00452794
0.000483109
-0.00179379
0.000626111
0.000542317
-0.00115613
0.00015685
0.000644125
-0.0022676
0.000226755
-0.000423412
0.000246315
0.000170413
-0.000226773
-0.00224222
1.23138e-08
-0.000154221
-0.00552876
-0.00017041
-0.00015421
-0.00552877
-0.000226755
-0.000226768
-0.00224224
-0.00015684
-0.000423419
0.000246305
-0.000626103
0.000644131
-0.00226765
0.000542317
-0.00115604
0.000514531
0.00020423
0.0065773
0.000548761
0.000431446
0.00413436
0.0004234
-0.000548779
0.00397866
0.000180604
-0.000156921
0.000246366
3.0319e-08
-3.35609e-05
-0.00450719
-0.000180579
-3.36282e-05
-0.00450709
-0.00042341
-0.000156876
0.000246333
-0.000548762
-0.00054878
0.00397865
-0.000514517
0.000431445
0.00413434
0.000204229
0.00657735
-0.000249117
0.000181958
0.00562036
-0.000431479
0.000249108
0.00206638
-0.000644122
-0.000514551
0.0041342
-0.000301934
-0.000626237
-0.00226753
-1.47875e-08
-0.000360775
-0.00452789
0.000301944
-0.000360859
-0.00452789
0.000644127
-0.000626158
-0.0022676
0.00043145
-0.000514538
0.00413431
0.00024911
0.000249107
0.00206641
0.000181958
0.00562035
-0.00018196
0.00921227
-0.00020424
0.00562037
-0.000542236
0.00657716
-0.000482898
-0.00115649
7.20121e-08
-0.00179356
0.000483058
-0.00179378
0.000542296
-0.00115623
0.000204235
0.00657726
0.00018196
0.00562036
0.00921227
-0.000160211
-0.00016021
0.00953269
-0.000195685
-0.000336028
0.00599188
-0.000460852
0.000517604
0.0063247
-0.000441519
0.000408517
-0.00158438
-2.97391e-09
0.00016448
-0.00239955
0.000441596
0.000164505
-0.00239991
0.000460907
0.000408575
-0.00158418
0.00019568
0.000517581
0.00632486
0.00016021
-0.000336029
0.00599186
-0.00016021
0.00953269
-0.000336028
-0.000195684
0.00599188
-0.000728348
-0.00072835
0.00285098
-0.000664554
0.000408067
0.00417996
-0.000222499
-4.5945e-05
-0.00225507
-2.39198e-08
-5.42681e-05
-0.00453152
0.000222458
-5.42447e-05
-0.00453152
0.000664533
-4.59498e-05
-0.00225509
0.000728329
0.000408067
0.00418007
0.000336024
-0.000728344
0.00285099
-0.000195684
0.00599186
0.000517594
-0.000460822
0.00632468
0.000408052
-0.000664552
0.00417992
0.000332982
0.000332991
0.0041288
0.000233332
0.000166281
0.000133783
4.07898e-09
0.000118046
-0.00444615
-0.000233329
0.000118063
-0.00444601
-0.000332993
0.000166274
0.000133768
-0.000408051
0.000333002
0.00412878
-0.000517584
-0.00066454
0.0041799
-0.000460813
0.00632471
0.00040852
-0.000441508
-0.00158439
-4.59494e-05
-0.000222484
-0.00225508
0.000166282
0.000233339
0.000133798
0.000169604
0.0001696
-0.00224886
7.1293e-09
9.67053e-05
-0.00533784
-0.00016961
9.67241e-05
-0.00533784
-0.000166284
0.000169595
-0.00224887
4.59433e-05
0.000233346
0.000133797
-0.000408565
-0.000222427
-0.00225513
-0.000441529
-0.00158435
0.00016451
-2.28005e-09
-0.00239946
-5.42346e-05
-3.9001e-08
-0.00453155
0.000118053
7.90516e-09
-0.00444619
9.67047e-05
1.19767e-08
-0.00533784
-7.5716e-09
-1.72945e-08
-0.00641529
-9.67167e-05
-2.01901e-08
-0.00641531
-0.000118072
1.10469e-08
-0.00533781
5.41725e-05
7.72325e-09
-0.00444617
-0.000164566
-3.57097e-08
-0.0045316
7.18673e-09
-0.00239955
0.00016455
0.000441639
-0.00240003
-5.41974e-05
0.000222418
-0.00453156
0.00011808
-0.000233332
-0.00444599
9.67436e-05
-0.000169609
-0.00533783
-1.04904e-08
-9.67285e-05
-0.00641534
-9.67589e-05
-9.67505e-05
-0.00641537
-0.000118101
-0.000169603
-0.00533781
5.41308e-05
-0.000233339
-0.00444599
-0.000164613
0.000222366
-0.0045316
0.000441667
-0.00240006
0.000408616
0.000460914
-0.00158402
-4.59573e-05
0.000664524
-0.00225513
0.000166271
-0.000333005
0.000133759
0.000169599
-0.000166289
-0.00224887
6.37298e-09
-0.000118069
-0.00533782
-0.000169604
-0.000118088
-0.00533782
-0.000166275
-0.000166282
-0.00224889
4.59562e-05
-0.000333014
0.000133749
-0.000408661
0.000664514
-0.00225518
0.000460903
-0.00158394
0.000517552
0.000195676
0.00632498
0.000408047
0.000728324
0.00418007
0.000333001
-0.000408067
0.00412877
0.000233341
4.59403e-05
0.000133797
4.21198e-09
5.4202e-05
-0.00444612
-0.000233336
5.41746e-05
-0.00444601
-0.000333007
4.5948e-05
0.000133774
-0.000408039
-0.000408063
0.00412873
-0.000517534
0.000728319
0.00418003
0.000195676
0.00632504
-0.00033603
0.000160207
0.00599185
-0.000728343
0.000336021
0.002851
-0.000664537
-0.000517593
0.00417992
-0.000222441
-0.000408563
-0.00225513
-2.15049e-08
-0.000164539
-0.00453157
0.000222404
-0.00016457
-0.00453157
0.000664519
-0.00040862
-0.00225515
0.000728323
-0.000517567
0.00418001
0.000336024
0.00033602
0.002851
0.000160207
0.00599184
-0.000160212
0.00953269
-0.000195686
0.00599186
-0.000460841
0.00632472
-0.00044154
-0.00158435
3.7273e-09
-0.00239965
0.000441619
-0.00239996
0.000460893
-0.00158413
0.000195682
0.0063249
0.000160211
0.00599185
0.00953268
-0.000217915
-0.000217915
0.00996852
-0.000256207
-0.000327272
0.00635744
-0.000377842
0.000584444
0.00586189
-0.000383238
0.000248296
-0.00182728
-1.5625e-07
5.08304e-05
-0.00283346
0.000382925
5.07555e-05
-0.00283375
0.000377689
0.000248393
-0.00182734
0.000256179
0.000584397
0.00586198
0.000217906
-0.000327278
0.00635741
-0.000217914
0.00996851
-0.000327272
-0.00025621
0.00635744
-0.000787932
-0.000787933
0.0037723
-0.000597617
0.00033875
0.00423534
-0.000133537
-0.000177246
-0.00229361
3.40225e-09
-0.00010296
-0.00451127
0.000133505
-0.000102988
-0.00451128
0.000597584
-0.000177232
-0.00229355
0.000787915
0.000338747
0.00423539
0.000327268
-0.000787926
0.00377229
-0.000256203
0.00635742
0.000584443
-0.000377857
0.00586188
0.000338734
-0.000597619
0.00423532
0.000282944
0.000282959
0.00424038
0.000264836
0.000142143
-0.000167497
-9.81049e-09
8.57692e-05
-0.00437003
-0.000264845
8.578e-05
-0.00436995
-0.000282949
0.000142135
-0.000167494
-0.00033873
0.000282979
0.00424033
-0.000584436
-0.000597592
0.00423527
-0.000377807
0.00586188
0.000248306
-0.000383305
-0.00182725
-0.000177247
-0.000133534
-0.00229361
0.000142149
0.000264838
-0.000167477
0.00017478
0.000174772
-0.00231412
2.38258e-09
9.89101e-05
-0.00517621
-0.000174787
9.89372e-05
-0.00517621
-0.000142153
0.00017476
-0.00231413
0.000177237
0.000264845
-0.00016746
-0.000248361
-0.000133499
-0.00229363
-0.000383249
-0.00182727
5.09141e-05
-2.46791e-07
-0.00283343
-0.000102921
3.80434e-09
-0.00451125
8.57744e-05
-1.13449e-08
-0.00437004
9.89047e-05
4.81559e-09
-0.0051762
-2.43877e-09
-3.21287e-09
-0.00621747
-9.89167e-05
-2.18333e-09
-0.00621746
-8.57835e-05
4.33471e-09
-0.00517619
0.000102883
-9.45022e-09
-0.00436998
-5.09898e-05
1.49818e-09
-0.00451122
-2.33375e-07
-0.00283355
5.07941e-05
0.000382815
-0.00283389
-0.000102965
0.000133484
-0.00451128
8.57947e-05
-0.000264848
-0.00436991
9.89595e-05
-0.000174784
-0.00517621
-1.28169e-09
-9.89344e-05
-0.00621744
-9.89757e-05
-9.89656e-05
-0.00621743
-8.58106e-05
-0.000174772
-0.0051762
0.000102916
-0.000264853
-0.00436987
-5.08951e-05
0.000133453
-0.00451124
0.000382803
-0.00283399
0.000248473
0.000377623
-0.0018273
-0.000177218
0.000597572
-0.00229353
0.00014214
-0.000282963
-0.000167485
0.000174768
-0.000142153
-0.00231413
1.90856e-09
-8.57893e-05
-0.0051762
-0.000174776
-8.5806e-05
-0.00517621
-0.000142147
-0.000142147
-0.00231414
0.000177205
-0.000282978
-0.000167477
-0.000248539
0.000597553
-0.00229353
0.0003776
-0.00182728
0.000584363
0.000256166
0.00586208
0.000338729
0.000787908
0.00423537
0.000282976
-0.000338741
0.0042403
0.000264848
0.000177237
-0.000167464
-6.7246e-09
0.000102917
-0.00436998
-0.000264852
0.000102935
-0.0043699
-0.000282973
0.00017722
-0.000167472
-0.000338715
-0.000338734
0.00424023
-0.000584346
0.000787905
0.00423531
0.000256164
0.00586213
-0.000327282
0.000217901
0.0063574
-0.000787925
0.000327265
0.00377228
-0.000597586
-0.000584437
0.00423528
-0.0001335
-0.000248354
-0.00229362
1.83442e-09
-5.09124e-05
-0.00451124
0.000133472
-5.08588e-05
-0.00451125
0.000597559
-0.000248457
-0.00229356
0.00078791
-0.000584386
0.00423531
0.000327277
0.00032727
0.00377227
0.0002179
0.00635739
-0.000217915
0.0099685
-0.000256202
0.00635741
-0.00037779
0.00586187
-0.000383184
-0.00182731
-1.42197e-07
-0.0028336
0.000382907
-0.00283387
0.000377658
-0.00182733
0.000256178
0.005862
0.000217907
0.00635739
0.00996849
-0.000340204
-0.000340205
0.0106489
-0.000412952
-0.000249158
0.00667935
-0.000359643
0.000781516
0.00502706
-0.000363894
0.000122782
-0.00194582
-1.47082e-07
-1.6102e-05
-0.00318111
0.000363309
-1.61548e-05
-0.00318105
0.000359259
0.000122734
-0.00194602
0.000412957
0.000781584
0.0050267
0.000340193
-0.000249159
0.00667934
-0.000340203
0.0106489
-0.000249159
-0.000412954
0.00667935
-0.000759506
-0.000759505
0.004793
-0.000516659
0.000337739
0.00443627
-7.59857e-05
-0.000242599
-0.0023689
1.68393e-08
-0.000133211
-0.00447016
7.5973e-05
-0.000133251
-0.00447014
0.000516629
-0.00024262
-0.00236885
0.000759497
0.000337779
0.00443632
0.000249155
-0.000759499
0.00479297
-0.000412964
0.00667934
0.000781512
-0.000359717
0.00502713
0.000337722
-0.000516658
0.00443626
0.000286702
0.000286722
0.00434242
0.000277949
0.000131882
-0.000533225
-2.94839e-09
5.99787e-05
-0.00428527
-0.000277954
5.99846e-05
-0.00428523
-0.000286705
0.000131879
-0.000533244
-0.00033773
0.000286764
0.00434237
-0.000781554
-0.000516628
0.00443623
-0.000359632
0.00502699
0.000122794
-0.000363979
-0.00194578
-0.0002426
-7.59847e-05
-0.00236889
0.000131887
0.00027795
-0.000533192
0.000183026
0.000183018
-0.0024164
-1.49469e-09
9.81126e-05
-0.00503131
-0.000183036
9.813e-05
-0.00503132
-0.000131889
0.000183008
-0.0024164
0.000242613
0.00027796
-0.000533158
-0.000122782
-7.59717e-05
-0.00236889
-0.000363835
-0.00194585
-1.60517e-05
-2.35695e-07
-0.00318112
-0.00013318
2.50364e-08
-0.00447013
5.99832e-05
-4.45112e-10
-0.00428525
9.81088e-05
-1.4668e-09
-0.00503131
2.5687e-09
8.72017e-09
-0.00602126
-9.81173e-05
1.28738e-08
-0.00602122
-5.99885e-05
-1.28516e-09
-0.00503131
0.000133169
9.01172e-10
-0.00428518
1.60129e-05
1.96872e-08
-0.00447006
-2.39659e-07
-0.00318113
-1.61387e-05
0.000363058
-0.00318104
-0.000133246
7.59634e-05
-0.00447011
5.99978e-05
-0.000277956
-0.0042852
9.81467e-05
-0.000183035
-0.00503132
6.78823e-09
-9.81297e-05
-0.00602117
-9.81586e-05
-9.81505e-05
-0.0060211
-6.00104e-05
-0.000183024
-0.00503132
0.000133224
-0.000277963
-0.00428514
1.60893e-05
7.59485e-05
-0.00447003
0.000362979
-0.00318112
0.000122736
0.000359118
-0.0019461
-0.000242625
0.000516615
-0.00236882
0.000131884
-0.00028672
-0.00053323
0.000183016
-0.00013189
-0.00241641
-1.37219e-09
-5.99977e-05
-0.00503132
-0.000183027
-6.00102e-05
-0.00503132
-0.000131889
-0.000131888
-0.00241642
0.000242623
-0.000286756
-0.000533196
-0.000122754
0.000516592
-0.0023688
0.000359096
-0.00194615
0.000781617
0.000412962
0.00502662
0.000337788
0.000759493
0.00443632
0.000286769
-0.000337738
0.00434234
0.000277969
0.000242615
-0.000533169
3.54617e-10
0.000133194
-0.0042852
-0.00027797
0.000133226
-0.00428517
-0.000286762
0.000242626
-0.000533193
-0.00033778
-0.00033777
0.00434226
-0.000781638
0.000759489
0.00443627
0.000412972
0.00502662
-0.00024916
0.000340188
0.00667933
-0.000759497
0.000249152
0.00479296
-0.000516622
-0.000781559
0.00443622
-7.5967e-05
-0.000122768
-0.00236889
1.35131e-08
1.60618e-05
-0.00447009
7.59542e-05
1.61049e-05
-0.00447007
0.000516598
-0.000122741
-0.00236883
0.00075949
-0.000781614
0.00443627
0.000249156
0.000249152
0.00479294
0.000340186
0.00667933
-0.000340202
0.0106489
-0.000412963
0.00667933
-0.000359558
0.00502691
-0.000363746
-0.00194589
-1.44761e-07
-0.00318114
0.000363218
-0.00318113
0.000359225
-0.00194608
0.000412969
0.00502664
0.000340192
0.00667932
0.0106489
-0.000445736
-0.000445732
0.0115404
-0.000633824
-0.00016619
0.00703363
-0.00047528
0.000824043
0.00404448
-0.00035143
3.57834e-07
-0.00207002
7.82777e-08
-5.96078e-05
-0.00347301
0.000351358
-5.95862e-05
-0.00347274
0.000475045
1.07597e-07
-0.00206982
0.000633834
0.000824237
0.00404367
0.000445755
-0.000166168
0.00703358
-0.000445729
0.0115404
-0.000166196
-0.000633825
0.00703364
-0.000723454
-0.000723449
0.00590751
-0.000461912
0.00029368
0.00470509
-6.92947e-05
-0.000284297
-0.00247686
1.6614e-08
-0.000160198
-0.00443888
6.93279e-05
-0.000160214
-0.00443883
0.000461919
-0.000284369
-0.00247696
0.000723461
0.000293795
0.00470522
0.000166195
-0.000723434
0.0059075
-0.000633825
0.00703363
0.000824026
-0.000475322
0.00404461
0.000293658
-0.000461907
0.00470509
0.000277671
0.000277684
0.0043744
0.000269208
0.000115382
-0.000924442
-3.74974e-09
3.78538e-05
-0.00421411
-0.000269228
3.78497e-05
-0.00421407
-0.00027768
0.000115376
-0.000924537
-0.000293678
0.000277738
0.00437443
-0.000824095
-0.000461893
0.0047051
-0.000475268
0.00404434
3.77208e-07
-0.000351417
-0.00207006
-0.000284293
-6.92929e-05
-0.00247684
0.000115389
0.000269203
-0.000924393
0.000180184
0.000180178
-0.00254599
-1.53117e-09
9.40504e-05
-0.00490732
-0.000180194
9.4053e-05
-0.00490733
-0.000115397
0.000180174
-0.002546
0.000284327
0.000269211
-0.000924354
-2.67986e-07
-6.93099e-05
-0.00247688
-0.000351377
-0.00207001
-5.96096e-05
1.14578e-07
-0.00347304
-0.000160196
2.47321e-08
-0.00443886
3.78579e-05
-3.72071e-09
-0.0042141
9.40505e-05
-1.77718e-09
-0.00490732
2.44227e-09
5.66376e-09
-0.00583317
-9.4053e-05
7.31342e-09
-0.00583312
-3.78573e-05
-1.2039e-09
-0.00490733
0.00016022
-2.04862e-09
-0.00421404
5.9621e-05
2.04899e-08
-0.00443879
8.35541e-08
-0.00347297
-5.95745e-05
0.000351291
-0.00347264
-0.00016022
6.93424e-05
-0.00443878
3.78551e-05
-0.000269232
-0.00421405
9.40591e-05
-0.000180195
-0.00490733
4.10483e-09
-9.40578e-05
-0.00583305
-9.40641e-05
-9.40629e-05
-0.00583296
-3.78595e-05
-0.000180189
-0.00490734
0.000160241
-0.000269237
-0.00421401
5.95936e-05
6.93498e-05
-0.00443871
0.000351235
-0.00347268
1.20006e-08
0.000474957
-0.00206977
-0.000284395
0.00046192
-0.00247699
0.00011538
-0.000277689
-0.000924548
0.00018018
-0.000115398
-0.002546
-1.00484e-09
-3.78621e-05
-0.00490733
-0.00018019
-3.78622e-05
-0.00490733
-0.00011539
-0.000115392
-0.00254601
0.000284405
-0.000277738
-0.000924491
3.37701e-08
0.000461905
-0.00247699
0.000474939
-0.00206982
0.000824335
0.000633846
0.00404339
0.000293845
0.000723461
0.00470527
0.000277761
-0.000293685
0.00437442
0.000269228
0.000284335
-0.000924369
-8.91295e-10
0.000160223
-0.00421406
-0.000269243
0.000160237
-0.00421403
-0.000277761
0.00028439
-0.000924457
-0.000293844
-0.000293786
0.00437439
-0.000824379
0.000723446
0.00470526
0.00063385
0.00404333
-0.000166158
0.000445764
0.00703357
-0.000723428
0.000166194
0.0059075
-0.00046189
-0.000824112
0.00470511
-6.93047e-05
-2.43031e-07
-0.0024769
1.38412e-08
5.9625e-05
-0.00443881
6.93312e-05
5.9611e-05
-0.00443876
0.000461897
-3.73917e-08
-0.00247697
0.000723434
-0.000824285
0.00470523
0.00016616
0.000166173
0.00590749
0.000445757
0.00703358
-0.000445726
0.0115404
-0.000633821
0.00703362
-0.000475221
0.0040442
-0.000351376
-0.00206998
5.64997e-08
-0.00347295
0.000351298
-0.00347276
0.000475019
-0.00206984
0.000633833
0.00404354
0.000445743
0.00703358
0.0115404
-0.000399568
-0.000399562
0.0123395
-0.000713107
-0.000113421
0.00746059
-0.000593774
0.000543695
0.00338145
-0.000331653
-5.38752e-05
-0.00227827
2.44771e-07
-9.52627e-05
-0.00370964
0.00033251
-9.53268e-05
-0.00370968
0.000594124
-5.40736e-05
-0.00227736
0.000712923
0.000543724
0.00338115
0.000399594
-0.000113402
0.00746031
-0.000399552
0.0123395
-0.000113425
-0.000713129
0.00746063
-0.000686354
-0.00068635
0.00705337
-0.00042565
5.9097e-05
0.00492899
-9.26728e-05
-0.00026898
-0.00259474
8.98819e-09
-0.000182412
-0.00444442
9.27226e-05
-0.000182466
-0.0044444
0.000425698
-0.000269055
-0.00259496
0.000686369
5.92044e-05
0.00492907
0.000113431
-0.000686338
0.00705338
-0.000713046
0.00746055
0.000543699
-0.000593719
0.0033815
5.90857e-05
-0.000425644
0.00492899
0.000195454
0.000195454
0.00410168
0.000229443
0.000112924
-0.00134033
-1.92891e-09
1.85345e-05
-0.00418561
-0.000229456
1.85163e-05
-0.0041856
-0.000195455
0.000112929
-0.00134052
-5.90989e-05
0.000195464
0.00410181
-0.000543691
-0.000425655
0.00492901
-0.000593815
0.00338142
-5.38619e-05
-0.000331506
-0.00227841
-0.000268976
-9.26742e-05
-0.00259469
0.000112929
0.000229438
-0.00134028
0.000172442
0.000172439
-0.00266501
-7.29695e-10
8.67958e-05
-0.00480314
-0.00017245
8.67884e-05
-0.00480315
-0.00011294
0.000172439
-0.00266502
0.000269016
0.000229442
-0.00134029
5.39579e-05
-9.27053e-05
-0.00259477
-0.00033174
-0.00227813
-9.52654e-05
3.72267e-07
-0.00370965
-0.000182411
1.34858e-08
-0.00444441
1.85396e-05
-3.37582e-09
-0.0041856
8.6798e-05
-9.39769e-10
-0.00480314
2.8702e-09
4.81828e-09
-0.00565958
-8.67957e-05
5.07673e-09
-0.00565954
-1.85327e-05
-2.29471e-10
-0.00480315
0.000182462
-2.73828e-09
-0.00418559
9.534e-05
1.15165e-08
-0.00444439
3.36213e-07
-0.00370971
-9.53552e-05
0.000332806
-0.00370972
-0.000182487
9.27491e-05
-0.00444438
1.85127e-05
-0.000229459
-0.00418559
8.67866e-05
-0.000172452
-0.00480316
3.09847e-09
-8.67948e-05
-0.00565946
-8.67858e-05
-8.67885e-05
-0.00565938
-1.85091e-05
-0.000172452
-0.00480316
0.00018253
-0.000229461
-0.00418559
9.54216e-05
9.27698e-05
-0.00444436
0.00033288
-0.0037098
-5.41463e-05
0.000594252
-0.00227707
-0.00026908
0.000425716
-0.00259502
0.000112937
-0.000195456
-0.00134057
0.000172444
-0.000112943
-0.00266502
-1.03405e-11
-1.85308e-05
-0.00480315
-0.000172451
-1.85149e-05
-0.00480316
-0.000112947
-0.000112945
-0.00266502
0.000269093
-0.000195465
-0.00134053
5.41871e-05
0.000425718
-0.00259503
0.000594283
-0.00227703
0.000543777
0.000712865
0.003381
5.92685e-05
0.000686376
0.00492911
0.000195475
-5.90997e-05
0.00410185
0.000229455
0.000269021
-0.00134031
-7.96684e-10
0.000182466
-0.0041856
-0.000229466
0.000182514
-0.00418559
-0.000195476
0.00026908
-0.00134047
-5.92815e-05
-5.92049e-05
0.00410194
-0.000543802
0.000686363
0.00492914
0.000712832
0.00338098
-0.00011339
0.000399609
0.00746022
-0.000686329
0.000113434
0.00705338
-0.000425654
-0.000543683
0.00492902
-9.26991e-05
5.39742e-05
-0.00259481
7.73161e-09
9.53406e-05
-0.00444439
9.27408e-05
9.54008e-05
-0.00444438
0.000425694
5.41337e-05
-0.00259498
0.000686341
-0.000543735
0.00492911
0.000113394
0.000113415
0.00705339
0.000399597
0.00746021
-0.000399543
0.0123395
-0.000713011
0.00746052
-0.00059386
0.00338136
-0.000331872
-0.002278
2.14617e-07
-0.00370969
0.000332609
-0.00370975
0.000594166
-0.00227726
0.000712865
0.0033811
0.000399569
0.00746029
0.0123395
-0.000281311
-0.000281311
0.0129021
-0.000661113
-7.85558e-05
0.00791894
-0.000589631
-0.000140649
0.00345061
-0.000299285
-6.34515e-05
-0.00250516
-4.45182e-09
-0.000114737
-0.00389419
0.000299738
-0.000114847
-0.00389458
0.000590155
-6.32034e-05
-0.00250457
0.000661185
-0.000140899
0.00345101
0.00028131
-7.8544e-05
0.00791873
-0.000281302
0.0129021
-7.85582e-05
-0.000661099
0.00791898
-0.000608829
-0.000608833
0.00811392
-0.000333526
-0.000453622
0.00496666
-0.000105499
-0.000197659
-0.00268856
-2.58194e-09
-0.000183165
-0.00448148
0.000105517
-0.000183238
-0.00448153
0.00033355
-0.000197506
-0.00268869
0.000608821
-0.000453685
0.00496659
7.85577e-05
-0.000608836
0.00811393
-0.000661122
0.00791893
-0.000140608
-0.000589553
0.00345056
-0.000453605
-0.000333529
0.00496669
8.82521e-05
8.82413e-05
0.00301796
0.000163477
0.000125812
-0.00173903
-4.36551e-09
5.08235e-06
-0.00421037
-0.000163486
5.05569e-06
-0.00421041
-8.82461e-05
0.000125833
-0.0017391
0.000453642
8.82071e-05
0.00301803
0.000140706
-0.000333541
0.00496665
-0.000589724
0.00345072
-6.34932e-05
-0.000299216
-0.00250526
-0.000197686
-0.000105506
-0.00268852
0.000125811
0.000163472
-0.00173901
0.000165504
0.000165502
-0.0027444
-1.29445e-09
8.03747e-05
-0.00471293
-0.000165511
8.03623e-05
-0.00471295
-0.00012582
0.00016551
-0.00274439
0.000197641
0.000163475
-0.00173902
6.34185e-05
-0.000105524
-0.00268856
-0.000299355
-0.00250508
-0.000114721
-1.2739e-08
-0.00389414
-0.000183154
-3.59909e-09
-0.00448148
5.08822e-06
-8.05775e-09
-0.00421037
8.03789e-05
-2.29282e-09
-0.00471293
3.64996e-09
6.01886e-09
-0.00549884
-8.03752e-05
5.93902e-09
-0.0054988
-5.07643e-06
-1.41981e-09
-0.00471294
0.000183199
-7.58259e-09
-0.00421039
0.000114795
-3.0377e-09
-0.0044815
1.08928e-08
-0.00389428
-0.000114882
0.000299886
-0.00389474
-0.000183261
0.000105533
-0.00448154
5.04408e-06
-0.000163489
-0.00421042
8.03554e-05
-0.000165513
-0.00471296
3.51363e-09
-8.03687e-05
-0.00549874
-8.03511e-05
-8.03554e-05
-0.00549867
-5.03231e-06
-0.000165518
-0.00471297
0.000183296
-0.00016349
-0.00421043
0.000114939
0.000105549
-0.00448156
0.000299941
-0.00389479
-6.31175e-05
0.000590329
-0.0025044
-0.000197452
0.000333565
-0.00268872
0.000125843
-8.82413e-05
-0.00173911
0.000165512
-0.000125824
-0.00274438
-2.86008e-10
-5.06661e-06
-0.00471294
-0.000165517
-5.03895e-06
-0.00471296
-0.000125846
-0.00012584
-0.00274437
0.000197442
-8.82102e-05
-0.0017391
6.30969e-05
0.000333575
-0.00268871
0.000590372
-0.00250437
-0.00014097
0.000661205
0.0034511
-0.000453683
0.000608823
0.00496657
8.8202e-05
0.000453663
0.00301806
0.00016348
0.000197614
-0.00173903
-4.18258e-09
0.000183212
-0.00421039
-0.000163488
0.000183276
-0.00421042
-8.82014e-05
0.000197485
-0.00173908
0.000453683
0.0004537
0.00301814
0.000140984
0.00060883
0.00496658
0.000661204
0.00345113
-7.85387e-05
0.000281314
0.00791865
-0.000608836
7.8559e-05
0.00811394
-0.000333536
0.00014075
0.00496664
-0.000105515
6.33769e-05
-0.00268859
-2.18973e-09
0.00011481
-0.00448151
0.00010553
0.000114907
-0.00448154
0.000333558
6.31679e-05
-0.00268869
0.000608827
0.000140939
0.0049666
7.8541e-05
7.85501e-05
0.00811395
0.000281309
0.00791865
-0.000281296
0.0129021
-0.000661128
0.00791891
-0.000589795
0.00345078
-0.000299425
-0.00250499
1.08045e-08
-0.00389432
0.000299813
-0.00389465
0.000590227
-0.00250451
0.000661183
0.00345109
0.000281297
0.00791873
0.0129021
-0.000242637
-0.000242636
0.0133874
-0.000607902
-0.00013443
0.00841864
-0.000512926
-0.000649623
0.00400526
-0.000268743
-4.7412e-05
-0.00270193
-1.92099e-07
-0.000112737
-0.00405
0.000268116
-0.000112739
-0.00405015
0.000512626
-4.71251e-05
-0.00270196
0.000607958
-0.000649721
0.0040054
0.000242642
-0.000134454
0.0084185
-0.000242633
0.0133874
-0.000134427
-0.000607892
0.00841866
-0.000555431
-0.000555436
0.00895593
-0.000215222
-0.000734545
0.00471137
-8.83868e-05
-0.000111257
-0.00275155
-3.34336e-09
-0.000159805
-0.0045228
8.83686e-05
-0.000159815
-0.00452283
0.000215208
-0.000111107
-0.00275155
0.000555425
-0.000734594
0.00471124
0.000134427
-0.000555453
0.00895593
-0.000607919
0.00841864
-0.000649609
-0.000512971
0.00400525
-0.000734536
-0.00021523
0.00471141
2.48597e-05
2.48491e-05
0.00149917
0.000107072
0.000143881
-0.00207638
-4.88285e-09
5.05988e-07
-0.00426361
-0.000107084
4.96858e-07
-0.00426364
-2.4868e-05
0.000143891
-0.00207632
0.000734557
2.48302e-05
0.00149918
0.000649637
-0.000215229
0.00471135
-0.000512879
0.00400532
-4.74553e-05
-0.000268848
-0.00270193
-0.00011128
-8.83927e-05
-0.00275154
0.000143881
0.00010707
-0.00207639
0.000165326
0.000165325
-0.00278729
-3.32809e-09
7.68689e-05
-0.00462396
-0.000165332
7.68527e-05
-0.00462398
-0.000143889
0.000165331
-0.00278727
0.000111222
0.00010708
-0.00207638
4.73484e-05
-8.83866e-05
-0.00275153
-0.000268684
-0.00270192
-0.000112733
-2.97987e-07
-0.00404995
-0.000159802
-4.53624e-09
-0.0045228
5.08338e-07
-8.57266e-09
-0.0042636
7.68748e-05
-7.21332e-09
-0.00462396
3.29826e-09
5.88974e-09
-0.0053451
-7.68692e-05
5.90359e-09
-0.00534508
-5.04967e-07
-7.61586e-09
-0.00462397
0.000159812
-8.2746e-09
-0.00426362
0.000112744
-3.53314e-09
-0.00452282
-2.58187e-07
-0.00404996
-0.000112736
0.000267894
-0.0040502
-0.000159819
8.83668e-05
-0.00452283
4.90007e-07
-0.000107089
-0.00426365
7.684e-05
-0.000165334
-0.00462398
3.21014e-09
-7.68554e-05
-0.00534504
-7.68305e-05
-7.68352e-05
-0.00534499
-4.8371e-07
-0.000165339
-0.00462398
0.00015983
-0.000107096
-0.00426366
0.00011275
8.8365e-05
-0.00452285
0.000267855
-0.00405016
-4.70283e-05
0.00051251
-0.00270199
-0.000111057
0.00021521
-0.00275153
0.000143897
-2.48639e-05
-0.00207629
0.000165332
-0.000143888
-0.00278726
-3.65577e-09
-4.96599e-07
-0.00462396
-0.000165336
-4.84431e-07
-0.00462397
-0.000143901
-0.000143896
-0.00278725
0.000111039
-2.48428e-05
-0.00207629
4.6993e-05
0.000215218
-0.00275152
0.000512466
-0.00270199
-0.000649766
0.000607971
0.0040054
-0.000734607
0.000555429
0.00471119
2.48323e-05
0.000734571
0.00149919
0.000107082
0.0001112
-0.00207637
-4.95502e-09
0.000159818
-0.00426362
-0.000107091
0.000159828
-0.00426365
-2.48389e-05
0.000111079
-0.00207631
0.000734622
0.000734614
0.00149923
0.000649781
0.000555452
0.00471119
0.000607976
0.0040054
-0.000134467
0.000242646
0.00841844
-0.000555458
0.00013443
0.00895593
-0.000215222
0.000649654
0.00471132
-8.83805e-05
4.73061e-05
-0.00275154
-2.6543e-09
0.000112749
-0.00452281
8.83657e-05
0.000112752
-0.00452284
0.000215214
4.70704e-05
-0.00275153
0.000555456
0.00064974
0.00471123
0.000134466
0.000134454
0.00895594
0.000242643
0.00841844
-0.00024263
0.0133874
-0.000607925
0.00841863
-0.000512833
0.00400534
-0.000268585
-0.00270193
-1.59567e-07
-0.00404999
0.000268055
-0.00405011
0.000512569
-0.00270195
0.000607966
0.00400543
0.000242635
0.00841851
0.0133874
-0.000229727
-0.000229725
0.0138469
-0.000537539
-0.00026801
0.00899446
-0.000404191
-0.000659932
0.00453185
-0.000223983
-7.81084e-06
-0.00287433
-4.37185e-08
-9.44114e-05
-0.00417953
0.000223666
-9.43729e-05
-0.00417948
0.000403965
-7.77583e-06
-0.00287448
0.000537562
-0.000659926
0.00453173
0.000229732
-0.000268035
0.00899437
-0.000229723
0.0138469
-0.000268005
-0.000537536
0.00899447
-0.000592646
-0.000592651
0.00960521
-0.000142975
-0.00066049
0.00426226
-4.46432e-05
-1.38653e-05
-0.00284382
2.27813e-09
-0.000119094
-0.00454276
4.46377e-05
-0.000119073
-0.00454276
0.000142975
-1.38945e-05
-0.00284376
0.000592647
-0.000660509
0.00426215
0.000268002
-0.000592674
0.00960521
-0.000537551
0.00899447
-0.000659935
-0.000404226
0.00453187
-0.00066049
-0.000142978
0.00426229
-2.54076e-06
-2.54108e-06
0.000183269
8.5405e-05
0.000168507
-0.0023467
-3.11294e-09
9.67836e-06
-0.00430697
-8.54051e-05
9.67185e-06
-0.00430699
2.54002e-06
0.000168503
-0.00234666
0.000660496
-2.54389e-06
0.000183262
0.000659921
-0.000142979
0.00426223
-0.000404149
0.00453184
-7.81626e-06
-0.00022404
-0.0028743
-1.38605e-05
-4.46397e-05
-0.00284383
0.000168509
8.54067e-05
-0.00234671
0.000178564
0.000178564
-0.0028074
-1.56743e-09
7.81975e-05
-0.00451392
-0.000178568
7.81856e-05
-0.00451392
-0.000168513
0.000178567
-0.00280739
1.38547e-05
8.54142e-05
-0.0023467
7.79136e-06
-4.46255e-05
-0.00284382
-0.000223955
-0.00287433
-9.44195e-05
-5.20699e-08
-0.00417952
-0.000119099
3.62221e-09
-0.00454276
9.68125e-06
-5.39918e-09
-0.00430697
7.82026e-05
-3.77362e-09
-0.00451391
1.00362e-09
1.30911e-09
-0.0051887
-7.81994e-05
5.38661e-10
-0.00518869
-9.68122e-06
-4.47226e-09
-0.00451391
0.000119091
-5.91415e-09
-0.00430697
9.44043e-05
3.2176e-09
-0.00454276
-4.79466e-08
-0.00417947
-9.43681e-05
0.000223586
-0.00417947
-0.000119072
4.46331e-05
-0.00454275
9.66679e-06
-8.54083e-05
-0.00430698
7.81769e-05
-0.000178571
-0.00451392
9.01021e-11
-7.81896e-05
-0.00518867
-7.81715e-05
-7.81753e-05
-0.00518864
-9.66454e-06
-0.000178574
-0.00451392
0.000119068
-8.54156e-05
-0.00430698
9.43589e-05
4.46196e-05
-0.00454275
0.00022357
-0.00417941
-7.76494e-06
0.00040389
-0.00287453
-1.3903e-05
0.00014298
-0.00284374
0.000168503
2.5395e-06
-0.00234664
0.000178568
-0.000168511
-0.00280738
-2.16817e-09
-9.67294e-06
-0.00451391
-0.000178572
-9.6641e-06
-0.00451391
-0.000168507
-0.000168507
-0.00280738
1.38949e-05
2.54233e-06
-0.00234665
7.75346e-06
0.000142985
-0.00284374
0.000403862
-0.00287452
-0.000659933
0.000537567
0.00453166
-0.000660517
0.000592656
0.0042621
-2.5462e-06
0.0006605
0.000183259
8.54104e-05
1.38598e-05
-0.00234669
-3.74504e-09
0.000119089
-0.00430697
-8.54105e-05
0.00011907
-0.00430698
2.54573e-06
1.38862e-05
-0.00234666
0.000660528
0.00066052
0.000183266
0.000659936
0.000592682
0.00426209
0.000537574
0.00453162
-0.00026805
0.000229735
0.00899432
-0.00059268
0.000268004
0.00960521
-0.000142978
0.000659919
0.00426219
-4.46311e-05
7.78623e-06
-0.00284381
1.82215e-09
9.43977e-05
-0.00454276
4.4626e-05
9.43638e-05
-0.00454275
0.00014298
7.76035e-06
-0.00284376
0.000592685
0.000659923
0.00426213
0.000268046
0.000268029
0.00960523
0.000229733
0.00899433
-0.000229722
0.0138469
-0.000537554
0.00899447
-0.000404116
0.00453182
-0.000223904
-0.00287436
-3.86854e-08
-0.00417946
0.000223639
-0.00417942
0.000403926
-0.00287448
0.00053757
0.00453171
0.000229727
0.00899439
0.0138469
-0.000218864
-0.000218864
0.0142846
-0.000428234
-0.000439187
0.00964302
-0.000243187
-0.000352303
0.0046991
-0.000120126
6.59687e-05
-0.00306336
4.10503e-08
-6.69971e-05
-0.0042327
0.000120244
-6.6986e-05
-0.0042327
0.000243253
6.5911e-05
-0.0030634
0.000428248
-0.000352299
0.00469904
0.000218864
-0.000439213
0.00964297
-0.000218864
0.0142846
-0.00043918
-0.000428235
0.00964303
-0.000677958
-0.000677964
0.0100828
-8.33126e-05
-0.000404351
0.00371966
2.53589e-05
7.49896e-05
-0.00296152
-1.84641e-10
-7.01812e-05
-0.00451422
-2.53552e-05
-7.01766e-05
-0.00451421
8.33273e-05
7.4967e-05
-0.0029615
0.000677961
-0.00040437
0.00371959
0.000439175
-0.000677985
0.0100828
-0.000428245
0.00964303
-0.000352307
-0.000243177
0.00469912
-0.000404353
-8.3312e-05
0.00371968
4.42394e-05
4.42385e-05
-0.000713913
0.000116965
0.00020666
-0.0025511
-2.1999e-09
3.16475e-05
-0.00429183
-0.000116971
3.16448e-05
-0.00429184
-4.42394e-05
0.000206658
-0.00255108
0.000404353
4.42316e-05
-0.000713932
0.000352287
-8.33167e-05
0.00371962
-0.000243194
0.00469907
6.59769e-05
-0.000120094
-0.00306335
7.49916e-05
2.53633e-05
-0.00296152
0.000206658
0.000116963
-0.0025511
0.000197691
0.000197692
-0.00278946
2.67589e-10
8.85847e-05
-0.00437316
-0.000197691
8.85796e-05
-0.00437317
-0.000206656
0.000197692
-0.00278946
-7.49851e-05
0.000116962
-0.0025511
-6.59631e-05
2.53707e-05
-0.00296153
-0.000120097
-0.00306339
-6.69979e-05
6.23954e-08
-0.00423268
-7.01804e-05
6.7145e-11
-0.00451421
3.16496e-05
-3.31469e-09
-0.00429183
8.85874e-05
1.66815e-10
-0.00437316
-5.57664e-10
-2.26224e-09
-0.00501153
-8.85873e-05
-3.90029e-09
-0.00501152
-3.1651e-05
-1.02855e-10
-0.00437316
7.0174e-05
-3.93993e-09
-0.00429183
6.69861e-05
-1.12408e-09
-0.0045142
5.41997e-08
-0.00423263
-6.6989e-05
0.000120279
-0.00423269
-7.01787e-05
-2.53565e-05
-0.00451421
3.16428e-05
-0.000116972
-0.00429184
8.85766e-05
-0.000197692
-0.00437316
-2.24641e-09
-8.85839e-05
-0.00501151
-8.85763e-05
-8.85785e-05
-0.0050115
-3.16438e-05
-0.000197692
-0.00437316
7.01713e-05
-0.000116971
-0.00429183
6.6977e-05
-2.53663e-05
-0.0045142
0.000120262
-0.00423265
6.589e-05
0.000243277
-0.00306342
7.49582e-05
8.33355e-05
-0.0029615
0.000206656
-4.42394e-05
-0.00255107
0.000197692
-0.000206657
-0.00278945
6.51593e-11
-3.16468e-05
-0.00437315
-0.000197692
-3.16436e-05
-0.00437316
-0.000206655
-0.000206656
-0.00278945
-7.49576e-05
-4.42331e-05
-0.00255108
-6.58876e-05
8.33365e-05
-0.00296151
0.000243285
-0.00306343
-0.000352301
0.000428252
0.00469898
-0.000404378
0.000677968
0.00371955
4.42293e-05
0.00040435
-0.000713939
0.000116962
-7.49838e-05
-0.0025511
-2.92309e-09
7.01758e-05
-0.00429183
-0.000116967
7.01706e-05
-0.00429183
-4.42301e-05
-7.49659e-05
-0.00255109
0.000404382
0.000404373
-0.000713952
0.000352296
0.000677989
0.00371952
0.00042826
0.00469895
-0.000439229
0.000218865
0.00964294
-0.000677992
0.000439175
0.0100828
-8.33192e-05
0.000352277
0.0037196
2.53646e-05
-6.59552e-05
-0.00296153
-1.01623e-09
6.69854e-05
-0.0045142
-2.53629e-05
6.69745e-05
-0.0045142
8.3331e-05
-6.59064e-05
-0.00296151
0.000677994
0.000352286
0.00371955
0.000439223
0.000439202
0.0100828
0.000218865
0.00964295
-0.000218864
0.0142846
-0.000428247
0.00964303
-0.000243206
0.00469906
-0.000120128
-0.00306339
3.3636e-08
-0.00423264
0.00012023
-0.00423264
0.000243263
-0.00306342
0.000428258
0.004699
0.000218865
0.00964298
0.0142846
-0.000201779
-0.00020178
0.0146882
-0.000237949
-0.000605346
0.0102845
-1.10396e-05
8.02613e-05
0.00439193
9.97208e-06
0.000146197
-0.00323057
2.49839e-08
-3.64902e-05
-0.00418626
-9.92474e-06
-3.64878e-05
-0.00418626
1.10782e-05
0.000146175
-0.00323058
0.000237944
8.02479e-05
0.00439192
0.000201775
-0.000605371
0.0102845
-0.000201783
0.0146882
-0.000605339
-0.000237953
0.0102845
-0.00071867
-0.000718675
0.0103094
6.26632e-05
-4.16468e-05
0.00306024
0.000117348
0.000183649
-0.00305365
-4.50805e-09
-1.8145e-05
-0.00441521
-0.000117352
-1.81425e-05
-0.00441521
-6.2654e-05
0.000183645
-0.00305367
0.000718669
-4.16729e-05
0.00306019
0.000605332
-0.000718691
0.0103094
-0.000237956
0.0102845
8.02616e-05
-1.10353e-05
0.00439194
-4.16443e-05
6.26638e-05
0.00306025
0.000169832
0.00016983
-0.00113687
0.000179581
0.000257808
-0.002635
-5.68513e-10
6.21193e-05
-0.00419252
-0.000179582
6.2118e-05
-0.00419252
-0.000169831
0.000257807
-0.00263499
4.16365e-05
0.000169825
-0.0011369
-8.02784e-05
6.26609e-05
0.00306019
-1.10505e-05
0.00439189
0.000146201
9.98416e-06
-0.00323057
0.000183649
0.000117349
-0.00305365
0.000257807
0.000179579
-0.00263501
0.000217863
0.000217863
-0.00270957
5.12407e-10
0.000106074
-0.00419925
-0.000217861
0.000106071
-0.00419926
-0.000257804
0.000217862
-0.00270957
-0.000183647
0.000179573
-0.00263501
-0.000146193
0.00011735
-0.00305367
9.98379e-06
-0.00323061
-3.64871e-05
3.53635e-08
-0.00418625
-1.81416e-05
-5.76448e-09
-0.0044152
6.21207e-05
-5.02867e-10
-0.00419251
0.000106075
7.48628e-10
-0.00419925
-7.78355e-10
-2.4855e-09
-0.00479938
-0.000106076
-3.9164e-09
-0.00479937
-6.21219e-05
2.49589e-10
-0.00419925
1.81324e-05
-1.44025e-09
-0.00419251
3.64753e-05
-6.74502e-09
-0.00441519
3.12984e-08
-0.0041862
-3.64854e-05
-9.91285e-06
-0.00418626
-1.81398e-05
-0.000117353
-0.00441521
6.2117e-05
-0.00017958
-0.00419251
0.000106071
-0.00021786
-0.00419926
-2.22398e-09
-0.000106075
-0.00479937
-0.000106072
-0.000106073
-0.00479936
-6.21185e-05
-0.00021786
-0.00419925
1.81302e-05
-0.000179575
-0.0041925
3.64737e-05
-0.000117358
-0.00441519
-9.92348e-06
-0.00418622
0.000146168
1.1094e-05
-0.00323059
0.000183642
-6.26489e-05
-0.00305368
0.000257805
-0.000169829
-0.00263499
0.000217861
-0.000257804
-0.00270957
5.26412e-11
-6.2119e-05
-0.00419925
-0.00021786
-6.2118e-05
-0.00419925
-0.000257804
-0.000257805
-0.00270956
-0.000183643
-0.000169825
-0.002635
-0.000146168
-6.26512e-05
-0.00305369
1.10993e-05
-0.00323063
8.02438e-05
0.000237943
0.00439189
-4.16819e-05
0.000718672
0.00306015
0.000169823
4.16373e-05
-0.00113691
0.000179573
-0.000183647
-0.00263501
-1.60239e-09
1.81364e-05
-0.00419251
-0.000179575
1.81336e-05
-0.0041925
-0.000169825
-0.000183645
-0.002635
4.16715e-05
4.16618e-05
-0.00113694
-8.02554e-05
0.000718686
0.00306011
0.000237946
0.00439184
-0.000605385
0.000201774
0.0102845
-0.000718699
0.000605331
0.0103094
6.26582e-05
-8.02836e-05
0.00306016
0.000117348
-0.00014619
-0.00305367
-5.35086e-09
3.64782e-05
-0.00441519
-0.000117355
3.64758e-05
-0.00441519
-6.26538e-05
-0.000146174
-0.00305368
0.000718695
-8.02647e-05
0.00306013
0.000605378
0.000605358
0.0103094
0.000201777
0.0102845
-0.000201785
0.0146882
-0.000237958
0.0102845
-1.10577e-05
0.00439188
9.97203e-06
-0.00323061
2.0535e-08
-0.00418621
-9.93421e-06
-0.00418621
1.10872e-05
-0.00323061
0.000237952
0.00439187
0.000201781
0.0102845
0.0146882
-0.000173606
-0.000173608
0.0150354
1.37007e-05
-0.000771947
0.0108692
0.000302784
0.000380044
0.0037228
0.000120771
0.000231214
-0.00327977
-7.2066e-09
-7.97246e-06
-0.00405751
-0.000120783
-7.97739e-06
-0.00405751
-0.000302795
0.000231212
-0.00327978
-1.37093e-05
0.000380032
0.00372281
0.0001736
-0.000771969
0.0108692
-0.000173611
0.0150354
-0.00077194
1.36979e-05
0.0108692
-0.000664231
-0.000664235
0.010094
0.000308479
0.000234074
0.0022335
0.00023304
0.000299839
-0.00304684
9.09025e-10
3.36244e-05
-0.00422377
-0.000233034
3.36227e-05
-0.00422378
-0.000308472
0.000299835
-0.00304685
0.000664226
0.000234065
0.00223346
0.000771936
-0.000664247
0.010094
1.36961e-05
0.0108692
0.000380047
0.000302782
0.00372281
0.000234077
0.000308479
0.00223351
0.00035091
0.000350909
-0.00137054
0.000252807
0.000324724
-0.00256179
1.03087e-09
0.000100959
-0.00400705
-0.000252804
0.000100959
-0.00400705
-0.000350908
0.000324723
-0.00256178
-0.000234083
0.000350907
-0.00137056
-0.000380058
0.000308475
0.00223344
0.000302777
0.00372275
0.000231214
0.000120767
-0.00327977
0.00029984
0.000233039
-0.00304684
0.000324723
0.000252806
-0.00256179
0.000246163
0.000246163
-0.00255245
4.75661e-10
0.000126062
-0.0039782
-0.000246162
0.00012606
-0.0039782
-0.000324721
0.000246163
-0.00255245
-0.000299838
0.000252802
-0.00256179
-0.000231213
0.000233028
-0.00304685
0.000120752
-0.0032798
-7.96928e-06
-8.58502e-09
-0.0040575
3.3627e-05
2.55098e-09
-0.00422376
0.00010096
1.99302e-09
-0.00400704
0.000126064
9.0401e-10
-0.00397819
-2.6592e-10
-9.91627e-10
-0.00454725
-0.000126063
-1.98633e-09
-0.00454725
-0.000100962
1.48301e-10
-0.00397819
-3.36339e-05
5.09783e-10
-0.00400703
7.96208e-06
5.80816e-10
-0.00422375
-8.84842e-09
-0.00405748
-7.97742e-06
-0.000120779
-0.00405751
3.36232e-05
-0.000233027
-0.00422378
0.000100958
-0.000252801
-0.00400704
0.000126059
-0.00024616
-0.0039782
-1.25926e-09
-0.000126062
-0.00454724
-0.00012606
-0.000126061
-0.00454724
-0.00010096
-0.000246161
-0.00397819
-3.3631e-05
-0.0002528
-0.00400703
7.9695e-06
-0.000233021
-0.00422377
-0.000120767
-0.00405749
0.00023121
-0.000302793
-0.00327979
0.000299832
-0.000308466
-0.00304686
0.000324721
-0.000350904
-0.00256177
0.000246162
-0.000324719
-0.00255245
-2.21892e-10
-0.000100959
-0.00397819
-0.000246162
-0.000100959
-0.00397819
-0.000324721
-0.000324721
-0.00255245
-0.000299833
-0.000350906
-0.00256178
-0.000231211
-0.000308467
-0.00304687
-0.00030279
-0.00327981
0.000380027
-1.37118e-05
0.00372278
0.00023406
0.000664227
0.00223342
0.000350904
-0.00023408
-0.00137058
0.0002528
-0.000299837
-0.00256178
-4.37545e-10
-3.36308e-05
-0.00400703
-0.000252801
-3.36299e-05
-0.00400703
-0.000350907
-0.000299836
-0.00256178
-0.000234072
-0.000234075
-0.0013706
-0.000380038
0.000664237
0.00223337
-1.37106e-05
0.00372273
-0.000771978
0.000173599
0.0108692
-0.000664253
0.000771935
0.010094
0.000308472
-0.000380058
0.00223341
0.000233026
-0.000231212
-0.00304685
-9.26481e-10
7.96501e-06
-0.00422376
-0.000233026
7.96916e-06
-0.00422376
-0.000308471
-0.000231212
-0.00304686
0.000664245
-0.000380046
0.00223338
0.000771974
0.000771958
0.010094
0.000173602
0.0108692
-0.000173613
0.0150354
1.36944e-05
0.0108692
0.000302776
0.00372274
0.000120754
-0.0032798
-7.74545e-09
-0.00405748
-0.000120768
-0.00405748
-0.000302789
-0.00327981
-1.3704e-05
0.00372274
0.000173607
0.0108692
0.0150354
-0.00011347
-0.000113471
0.0152623
0.000269441
-0.000769173
0.0112554
0.000614631
0.00055975
0.00281786
0.000251529
0.000295764
-0.00321243
-1.79235e-09
1.6451e-05
-0.00382243
-0.000251535
1.645e-05
-0.00382243
-0.000614643
0.000295764
-0.00321244
-0.000269454
0.000559748
0.00281787
0.000113464
-0.000769193
0.0112554
-0.000113473
0.0152623
-0.000769167
0.000269437
0.0112554
-0.000419795
-0.000419799
0.00939526
0.000618423
0.000488367
0.00126666
0.000356955
0.000401768
-0.00289138
2.64024e-09
8.33859e-05
-0.00393375
-0.000356949
8.33853e-05
-0.00393376
-0.000618423
0.000401767
-0.00289138
0.000419787
0.000488368
0.00126663
0.000769163
-0.000419807
0.00939524
0.000269436
0.0112554
0.000559752
0.00061463
0.00281786
0.000488369
0.000618423
0.00126667
0.000556035
0.000556035
-0.00150587
0.000328317
0.000397665
-0.00232996
9.91871e-10
0.000143078
-0.00373842
-0.000328315
0.000143078
-0.00373842
-0.000556033
0.000397665
-0.00232996
-0.000488373
0.000556035
-0.00150589
-0.000559762
0.000618421
0.0012666
0.000614626
0.0028178
0.000295764
0.000251525
-0.00321243
0.000401768
0.000356954
-0.00289137
0.000397664
0.000328317
-0.00232996
0.000280047
0.000280047
-0.00231722
6.72446e-10
0.00014973
-0.0037048
-0.000280045
0.000149728
-0.0037048
-0.000397662
0.000280047
-0.00231722
-0.000401766
0.000328314
-0.00232996
-0.000295762
0.000356942
-0.00289138
0.000251504
-0.00321244
1.64513e-05
-1.05686e-09
-0.00382243
8.33863e-05
5.45133e-09
-0.00393375
0.000143078
2.01316e-09
-0.00373842
0.00014973
1.3485e-09
-0.0037048
2.56678e-10
3.03575e-10
-0.00424779
-0.00014973
-3.51576e-10
-0.00424779
-0.000143078
5.72377e-10
-0.0037048
-8.33862e-05
4.94179e-10
-0.00373841
-1.64505e-05
3.44001e-09
-0.00393375
-2.08628e-09
-0.00382242
1.64482e-05
-0.000251531
-0.00382243
8.33838e-05
-0.000356941
-0.00393377
0.000143077
-0.000328312
-0.00373842
0.000149728
-0.000280044
-0.0037048
-4.07244e-10
-0.000149729
-0.00424779
-0.000149728
-0.000149728
-0.00424778
-0.000143077
-0.000280045
-0.0037048
-8.33842e-05
-0.000328312
-0.00373841
-1.64477e-05
-0.000356935
-0.00393376
-0.000251512
-0.00382243
0.000295763
-0.000614642
-0.00321244
0.000401765
-0.000618419
-0.00289139
0.000397664
-0.000556029
-0.00232996
0.000280046
-0.000397661
-0.00231721
-8.81025e-11
-0.000143077
-0.0037048
-0.000280046
-0.000143077
-0.0037048
-0.000397663
-0.000397663
-0.00231721
-0.000401765
-0.000556035
-0.00232995
-0.000295762
-0.000618423
-0.00289139
-0.000614641
-0.00321245
0.000559746
-0.000269457
0.00281785
0.000488366
0.000419786
0.0012666
0.000556032
-0.00048837
-0.0015059
0.000328313
-0.000401764
-0.00232996
-5.08001e-10
-8.3385e-05
-0.00373841
-0.000328313
-8.33849e-05
-0.00373841
-0.000556035
-0.000401766
-0.00232995
-0.000488376
-0.000488378
-0.00150592
-0.000559757
0.000419791
0.00126654
-0.000269459
0.00281779
-0.0007692
0.000113462
0.0112554
-0.000419811
0.000769162
0.00939523
0.000618417
-0.000559761
0.00126658
0.000356941
-0.000295761
-0.00289138
6.83294e-10
-1.64501e-05
-0.00393375
-0.000356941
-1.64493e-05
-0.00393376
-0.000618424
-0.000295763
-0.00289138
0.000419798
-0.000559761
0.00126654
0.000769194
0.000769182
0.0093952
0.000113463
0.0112554
-0.000113474
0.0152623
0.000269434
0.0112554
0.000614624
0.00281778
0.000251505
-0.00321244
-2.99314e-09
-0.00382242
-0.000251515
-0.00382242
-0.000614639
-0.00321244
-0.00026945
0.00281779
0.000113468
0.0112554
0.0152623
3.05646e-05
3.05627e-05
0.0152012
0.000658497
-0.000392814
0.0110203
0.00098452
0.000749192
0.00174265
0.000406826
0.000322541
-0.00295728
-3.99032e-10
3.11485e-05
-0.00344675
-0.000406827
3.11496e-05
-0.00344675
-0.000984528
0.000322543
-0.00295728
-0.000658507
0.000749195
0.00174265
-3.0569e-05
-0.000392822
0.0110203
3.05652e-05
0.0152012
-0.000392811
0.000658494
0.0110203
0.000124202
0.0001242
0.00836124
0.000982417
0.000780474
0.000377167
0.000495901
0.000466141
-0.00254846
2.26479e-09
0.000120773
-0.00352748
-0.000495899
0.000120772
-0.00352748
-0.000982419
0.000466142
-0.00254846
-0.000124213
0.000780479
0.000377136
0.000392801
0.000124203
0.0083612
0.0006585
0.0110203
0.000749192
0.00098452
0.00174264
0.000780474
0.000982417
0.000377169
0.000761308
0.000761308
-0.00146754
0.000391217
0.00045876
-0.00195249
1.2139e-09
0.000178371
-0.0034048
-0.000391214
0.00017837
-0.00340481
-0.000761303
0.00045876
-0.00195249
-0.000780474
0.000761308
-0.00146755
-0.000749198
0.000982418
0.00037711
0.00098452
0.00174258
0.000322541
0.000406826
-0.00295728
0.000466141
0.000495903
-0.00254846
0.00045876
0.000391217
-0.00195249
0.000308209
0.000308209
-0.00201612
9.31824e-10
0.000171662
-0.00338988
-0.000308207
0.000171661
-0.00338989
-0.000458757
0.000308209
-0.00201611
-0.000466137
0.000391214
-0.00195249
-0.000322538
0.0004959
-0.00254846
0.000406824
-0.00295728
3.11478e-05
8.8492e-10
-0.00344675
0.000120772
4.86309e-09
-0.00352748
0.000178371
2.31416e-09
-0.0034048
0.000171662
1.74906e-09
-0.00338988
5.29795e-10
9.03003e-10
-0.00390447
-0.000171661
3.82284e-10
-0.00390447
-0.000178369
9.90519e-10
-0.00338988
-0.000120767
9.48436e-10
-0.0034048
-3.11444e-05
2.85735e-09
-0.00352748
-4.68863e-10
-0.00344675
3.11488e-05
-0.000406826
-0.00344675
0.000120769
-0.000495896
-0.00352749
0.000178368
-0.000391211
-0.00340481
0.00017166
-0.000308206
-0.00338989
-8.78432e-12
-0.00017166
-0.00390446
-0.00017166
-0.00017166
-0.00390446
-0.000178367
-0.000308207
-0.00338988
-0.000120764
-0.000391212
-0.0034048
-3.11451e-05
-0.000495899
-0.00352748
-0.000406827
-0.00344675
0.000322542
-0.000984526
-0.00295728
0.00046614
-0.000982417
-0.00254846
0.000458759
-0.0007613
-0.00195249
0.000308208
-0.000458755
-0.00201611
1.75697e-10
-0.000178368
-0.00338988
-0.000308208
-0.000178367
-0.00338988
-0.000458758
-0.000458757
-0.00201611
-0.000466137
-0.000761306
-0.00195248
-0.000322539
-0.000982424
-0.00254846
-0.000984531
-0.00295728
0.000749195
-0.000658509
0.00174264
0.000780477
-0.000124215
0.000377115
0.000761305
-0.000780472
-0.00146756
0.000391213
-0.000466136
-0.00195249
-1.7365e-10
-0.000120767
-0.0034048
-0.000391213
-0.000120766
-0.0034048
-0.000761306
-0.000466138
-0.00195248
-0.000780483
-0.000780484
-0.00146756
-0.000749201
-0.000124228
0.000377062
-0.000658518
0.00174257
-0.000392823
-3.05711e-05
0.0110203
0.000124204
0.000392799
0.00836119
0.000982415
-0.000749198
0.00037709
0.000495897
-0.000322537
-0.00254846
2.18716e-10
-3.11447e-05
-0.00352748
-0.0004959
-3.11454e-05
-0.00352748
-0.000982424
-0.000322539
-0.00254846
-0.000124225
-0.000749203
0.000377064
0.000392808
0.000392802
0.00836114
-3.05752e-05
0.0110203
3.05641e-05
0.0152012
0.000658499
0.0110203
0.000984517
0.00174257
0.000406821
-0.00295728
-1.93698e-09
-0.00344674
-0.000406827
-0.00344674
-0.000984529
-0.00295728
-0.000658513
0.00174257
-3.05705e-05
0.0110203
0.0152012
0.000369118
0.000369117
0.014463
0.00121605
0.000564796
0.00960859
0.00134906
0.000894022
0.000715621
0.000532976
0.000300087
-0.00244128
2.86695e-10
4.38668e-05
-0.00295764
-0.000532977
4.38676e-05
-0.00295764
-0.00134906
0.000300088
-0.00244128
-0.00121606
0.000894028
0.00071562
-0.000369121
0.000564804
0.00960858
0.000369124
0.0144629
0.000564796
0.00121605
0.00960858
0.00127375
0.00127375
0.00694333
0.00140395
0.00109659
4.43967e-05
0.000614839
0.000493713
-0.00195298
1.61948e-09
0.000154693
-0.00302347
-0.000614837
0.000154692
-0.00302347
-0.00140395
0.000493713
-0.00195297
-0.00127377
0.0010966
4.43809e-05
-0.000564814
0.00127377
0.00694328
0.00121606
0.00960853
0.000894021
0.00134906
0.000715618
0.00109659
0.00140395
4.43976e-05
0.000909764
0.000909765
-0.00109388
0.000429891
0.000496896
-0.0014758
1.59652e-09
0.000206074
-0.0030263
-0.000429888
0.000206073
-0.0030263
-0.000909759
0.000496895
-0.0014758
-0.00109659
0.000909764
-0.00109389
-0.000894023
0.00140395
4.43629e-05
0.00134906
0.000715566
0.000300087
0.000532977
-0.00244128
0.000493712
0.000614841
-0.00195298
0.000496895
0.000429891
-0.0014758
0.000327613
0.000327614
-0.00167755
1.11331e-09
0.0001867
-0.0030429
-0.000327611
0.000186699
-0.0030429
-0.000496892
0.000327613
-0.00167755
-0.000493708
0.00042989
-0.0014758
-0.000300083
0.000614839
-0.00195297
0.000532975
-0.00244128
4.38665e-05
1.66286e-09
-0.00295764
0.000154693
3.50692e-09
-0.00302347
0.000206074
2.79311e-09
-0.0030263
0.0001867
2.02099e-09
-0.0030429
7.42455e-10
1.28777e-09
-0.00353107
-0.000186699
8.89655e-10
-0.00353107
-0.000206071
1.35451e-09
-0.0030429
-0.000154689
1.63924e-09
-0.00302629
-4.38649e-05
2.00208e-09
-0.00302346
4.13845e-10
-0.00295764
4.3867e-05
-0.000532976
-0.00295764
0.000154691
-0.000614836
-0.00302347
0.000206072
-0.000429886
-0.0030263
0.000186698
-0.00032761
-0.0030429
3.36353e-10
-0.000186698
-0.00353107
-0.000186697
-0.000186697
-0.00353107
-0.00020607
-0.000327611
-0.0030429
-0.000154688
-0.000429887
-0.0030263
-4.38653e-05
-0.000614837
-0.00302347
-0.000532975
-0.00295764
0.000300088
-0.00134906
-0.00244128
0.000493712
-0.00140395
-0.00195297
0.000496894
-0.000909756
-0.0014758
0.000327612
-0.000496891
-0.00167755
4.54131e-10
-0.00020607
-0.0030429
-0.000327611
-0.00020607
-0.0030429
-0.000496892
-0.000496892
-0.00167755
-0.000493708
-0.00090976
-0.00147579
-0.000300084
-0.00140396
-0.00195296
-0.00134906
-0.00244128
0.000894029
-0.00121606
0.000715611
0.0010966
-0.00127377
4.43677e-05
0.000909761
-0.00109659
-0.00109389
0.000429888
-0.000493707
-0.0014758
4.18114e-10
-0.000154689
-0.00302629
-0.000429888
-0.000154689
-0.00302629
-0.00090976
-0.000493708
-0.00147579
-0.0010966
-0.0010966
-0.00109389
-0.00089403
-0.0012738
4.43385e-05
-0.00121608
0.000715555
0.000564807
-0.000369122
0.00960858
0.00127377
-0.000564817
0.00694327
0.00140395
-0.000894023
4.43503e-05
0.000614837
-0.000300082
-0.00195297
5.73406e-11
-4.38649e-05
-0.00302346
-0.000614838
-4.38655e-05
-0.00302346
-0.00140396
-0.000300083
-0.00195296
-0.0012738
-0.000894029
4.43401e-05
-0.000564833
-0.000564833
0.0069432
-0.000369132
0.00960852
0.000369124
0.0144629
0.00121606
0.00960852
0.00134905
0.000715555
0.000532972
-0.00244128
-1.03052e-09
-0.00295764
-0.000532975
-0.00295763
-0.00134906
-0.00244127
-0.00121607
0.000715551
-0.00036913
0.0096085
0.0144629
0.000975916
0.000975916
0.0125111
0.00192405
0.00131707
0.00734338
0.0015387
0.000864842
0.000236133
0.00057416
0.000253958
-0.00173071
6.98426e-10
5.60776e-05
-0.00243956
-0.000574158
5.60779e-05
-0.00243956
-0.0015387
0.000253959
-0.0017307
-0.00192405
0.000864845
0.000236133
-0.00097592
0.00131708
0.00734336
0.000975924
0.0125111
0.00131707
0.00192405
0.00734337
0.00215661
0.00215662
0.00526424
0.00158601
0.00120516
0.000274688
0.000625717
0.0004881
-0.00122683
1.83728e-09
0.000182912
-0.00252459
-0.000625713
0.000182912
-0.00252459
-0.001586
0.0004881
-0.00122682
-0.00215662
0.00120516
0.000274682
-0.00131708
0.00215663
0.0052642
0.00192406
0.00734332
0.000864841
0.0015387
0.00023613
0.00120516
0.00158601
0.000274688
0.000904872
0.000904872
-0.000493313
0.000432068
0.000503043
-0.00101794
1.7599e-09
0.000222249
-0.00263357
-0.000432064
0.000222248
-0.00263357
-0.000904864
0.000503043
-0.00101794
-0.00120515
0.000904869
-0.000493314
-0.000864834
0.001586
0.000274668
0.00153869
0.000236099
0.000253958
0.000574161
-0.00173071
0.0004881
0.000625718
-0.00122683
0.000503043
0.000432068
-0.00101794
0.000335756
0.000335757
-0.00134298
1.2992e-09
0.00019382
-0.00267871
-0.000335754
0.000193819
-0.00267872
-0.00050304
0.000335756
-0.00134298
-0.000488097
0.000432067
-0.00101794
-0.000253955
0.000625715
-0.00122682
0.000574158
-0.0017307
5.60775e-05
1.73903e-09
-0.00243956
0.000182912
3.35277e-09
-0.00252458
0.000222249
2.8748e-09
-0.00263357
0.00019382
2.23894e-09
-0.00267871
9.59033e-10
1.58752e-09
-0.00314343
-0.000193818
1.31965e-09
-0.00314343
-0.000222247
1.73234e-09
-0.00267871
-0.000182909
2.03661e-09
-0.00263357
-5.60762e-05
2.48515e-09
-0.00252458
9.46637e-10
-0.00243956
5.60777e-05
-0.000574157
-0.00243956
0.000182911
-0.000625711
-0.00252459
0.000222247
-0.000432062
-0.00263357
0.000193818
-0.000335753
-0.00267872
6.87169e-10
-0.000193817
-0.00314343
-0.000193817
-0.000193817
-0.00314343
-0.000222245
-0.000335753
-0.00267872
-0.000182908
-0.000432062
-0.00263357
-5.60763e-05
-0.000625708
-0.00252459
-0.000574155
-0.00243956
0.000253958
-0.0015387
-0.0017307
0.0004881
-0.001586
-0.00122682
0.000503042
-0.000904862
-0.00101794
0.000335755
-0.000503039
-0.00134298
7.9878e-10
-0.000222246
-0.00267871
-0.000335754
-0.000222245
-0.00267871
-0.000503039
-0.000503039
-0.00134298
-0.000488096
-0.000904859
-0.00101794
-0.000253955
-0.001586
-0.00122681
-0.00153869
-0.00173069
0.000864844
-0.00192406
0.000236127
0.00120516
-0.00215662
0.000274672
0.000904866
-0.00120515
-0.000493318
0.000432065
-0.000488096
-0.00101794
9.10185e-10
-0.000182909
-0.00263357
-0.000432062
-0.000182909
-0.00263357
-0.00090486
-0.000488096
-0.00101794
-0.00120515
-0.00120515
-0.000493311
-0.000864836
-0.00215663
0.000274659
-0.00192407
0.000236095
0.00131708
-0.00097592
0.00734336
0.00215663
-0.00131708
0.00526418
0.001586
-0.000864833
0.000274659
0.000625713
-0.000253954
-0.00122682
9.55183e-10
-5.6076e-05
-0.00252459
-0.000625709
-5.60762e-05
-0.00252459
-0.001586
-0.000253954
-0.00122681
-0.00215663
-0.000864834
0.00027466
-0.00131709
-0.00131709
0.00526412
-0.000975932
0.00734329
0.000975924
0.0125111
0.00192406
0.00734331
0.00153869
0.000236091
0.000574156
-0.0017307
-1.77817e-10
-0.00243956
-0.000574155
-0.00243955
-0.00153869
-0.00173069
-0.00192407
0.000236093
-0.000975932
0.00734328
0.012511
0.00152882
0.00152882
0.00945349
0.00225232
0.0014607
0.00515918
0.0014191
0.000666078
0.000403272
0.00052849
0.000228289
-0.00106839
1.15132e-09
6.19693e-05
-0.00197304
-0.000528487
6.19693e-05
-0.00197304
-0.00141909
0.00022829
-0.00106838
-0.00225231
0.000666078
0.000403272
-0.00152882
0.0014607
0.00515917
0.00152882
0.00945345
0.0014607
0.00225232
0.00515917
0.00213841
0.00213841
0.00390883
0.0014071
0.0010001
0.000671975
0.000545824
0.000471491
-0.000608751
1.98431e-09
0.000189381
-0.00210618
-0.000545818
0.000189381
-0.00210618
-0.00140709
0.000471491
-0.00060875
-0.0021384
0.0010001
0.00067197
-0.0014607
0.00213841
0.00390879
0.00225231
0.00515913
0.000666077
0.0014191
0.000403271
0.0010001
0.0014071
0.000671975
0.000778956
0.000778957
-5.10306e-05
0.000406665
0.000481284
-0.000655442
1.83558e-09
0.000221785
-0.00225931
-0.000406661
0.000221784
-0.00225931
-0.00077895
0.000481283
-0.000655443
-0.00100009
0.000778953
-5.10343e-05
-0.000666069
0.00140709
0.000671961
0.00141909
0.000403253
0.000228289
0.00052849
-0.00106839
0.000471491
0.000545824
-0.000608752
0.000481284
0.000406665
-0.000655442
0.000329679
0.00032968
-0.00103977
1.37912e-09
0.000193082
-0.00232033
-0.000329677
0.000193082
-0.00232034
-0.000481281
0.000329679
-0.00103977
-0.000471488
0.000406664
-0.000655442
-0.000228287
0.000545821
-0.000608751
0.000528486
-0.00106839
6.19694e-05
2.06819e-09
-0.00197304
0.000189381
3.23463e-09
-0.00210618
0.000221785
2.85328e-09
-0.00225931
0.000193082
2.29514e-09
-0.00232033
1.0689e-09
1.69559e-09
-0.00275727
-0.00019308
1.52065e-09
-0.00275727
-0.000221783
1.94359e-09
-0.00232033
-0.000189379
2.32085e-09
-0.00225931
-6.19687e-05
2.82662e-09
-0.00210618
1.65121e-09
-0.00197304
6.19692e-05
-0.000528485
-0.00197304
0.00018938
-0.000545817
-0.00210618
0.000221783
-0.000406659
-0.00225931
0.000193081
-0.000329676
-0.00232034
8.91379e-10
-0.000193079
-0.00275727
-0.000193079
-0.000193079
-0.00275727
-0.000221781
-0.000329676
-0.00232034
-0.000189378
-0.000406658
-0.00225931
-6.19685e-05
-0.000545813
-0.00210618
-0.000528481
-0.00197304
0.00022829
-0.00141909
-0.00106838
0.000471491
-0.00140709
-0.000608753
0.000481282
-0.000778948
-0.000655445
0.000329678
-0.00048128
-0.00103977
1.03128e-09
-0.000221782
-0.00232033
-0.000329676
-0.000221781
-0.00232034
-0.00048128
-0.000481279
-0.00103977
-0.000471488
-0.000778944
-0.000655443
-0.000228288
-0.00140708
-0.000608748
-0.00141908
-0.00106838
0.000666077
-0.00225231
0.000403268
0.00100009
-0.0021384
0.000671963
0.000778951
-0.00100009
-5.10383e-05
0.000406662
-0.000471487
-0.000655444
1.29615e-09
-0.000189378
-0.00225931
-0.000406659
-0.000189378
-0.00225931
-0.000778944
-0.000471487
-0.000655442
-0.00100008
-0.00100008
-5.10368e-05
-0.000666067
-0.00213839
0.000671953
-0.00225231
0.000403253
0.0014607
-0.00152882
0.00515917
0.0021384
-0.0014607
0.00390878
0.00140709
-0.000666068
0.000671954
0.000545819
-0.000228287
-0.000608753
1.56457e-09
-6.19684e-05
-0.00210618
-0.000545814
-6.19684e-05
-0.00210618
-0.00140708
-0.000228287
-0.000608747
-0.00213839
-0.000666066
0.000671954
-0.0014607
-0.0014607
0.00390873
-0.00152882
0.00515911
0.00152882
0.00945345
0.00225231
0.00515912
0.00141909
0.000403247
0.000528484
-0.00106839
6.7521e-10
-0.00197304
-0.000528482
-0.00197304
-0.00141908
-0.00106838
-0.00225231
0.000403251
-0.00152882
0.0051591
0.00945339
0.00158187
0.00158187
0.00628976
0.00190255
0.00116586
0.00367263
0.0011283
0.000480076
0.000697443
0.000456878
0.000213673
-0.000610638
1.2589e-09
6.15066e-05
-0.00157767
-0.000456875
6.15067e-05
-0.00157767
-0.00112829
0.000213674
-0.000610638
-0.00190254
0.000480077
0.000697443
-0.00158187
0.00116586
0.00367263
0.00158186
0.00628972
0.00116586
0.00190255
0.00367263
0.00159521
0.00159521
0.00305013
0.00107363
0.000781274
0.000892356
0.000461282
0.000435385
-0.000218114
1.83668e-09
0.00017864
-0.00176203
-0.000461277
0.00017864
-0.00176203
-0.00107362
0.000435385
-0.000218116
-0.0015952
0.000781272
0.000892349
-0.00116585
0.0015952
0.00305011
0.00190254
0.0036726
0.000480075
0.0011283
0.000697442
0.000781274
0.00107363
0.000892356
0.000652005
0.000652006
0.000207506
0.000369689
0.000441704
-0.000379445
1.7569e-09
0.000209344
-0.00192032
-0.000369686
0.000209343
-0.00192033
-0.000652
0.000441703
-0.000379447
-0.000781266
0.000652003
0.000207501
-0.00048007
0.00107362
0.000892343
0.00112829
0.000697428
0.000213673
0.000456879
-0.000610639
0.000435385
0.000461282
-0.000218115
0.000441703
0.00036969
-0.000379445
0.00031319
0.000313191
-0.000782745
1.38791e-09
0.000186127
-0.00198393
-0.000313188
0.000186127
-0.00198393
-0.0004417
0.000313191
-0.000782747
-0.000435382
0.000369689
-0.000379446
-0.000213671
0.00046128
-0.000218117
0.000456876
-0.000610642
6.15066e-05
2.03437e-09
-0.00157767
0.00017864
2.80061e-09
-0.00176203
0.000209343
2.66242e-09
-0.00192032
0.000186127
2.26158e-09
-0.00198393
1.09657e-09
1.69541e-09
-0.00238502
-0.000186125
1.59411e-09
-0.00238502
-0.000209341
2.04745e-09
-0.00198393
-0.000178638
2.35347e-09
-0.00192032
-6.15057e-05
2.67652e-09
-0.00176203
1.88334e-09
-0.00157767
6.15066e-05
-0.000456875
-0.00157767
0.00017864
-0.000461276
-0.00176203
0.000209342
-0.000369685
-0.00192033
0.000186126
-0.000313187
-0.00198393
9.93664e-10
-0.000186124
-0.00238502
-0.000186124
-0.000186124
-0.00238502
-0.00020934
-0.000313187
-0.00198393
-0.000178637
-0.000369684
-0.00192033
-6.15057e-05
-0.000461273
-0.00176204
-0.000456872
-0.00157767
0.000213674
-0.00112829
-0.00061064
0.000435384
-0.00107362
-0.000218118
0.000441702
-0.000651999
-0.000379449
0.00031319
-0.000441699
-0.000782748
1.17542e-09
-0.000209341
-0.00198393
-0.000313188
-0.00020934
-0.00198393
-0.000441699
-0.000441699
-0.000782749
-0.000435381
-0.000651995
-0.000379449
-0.000213672
-0.00107361
-0.000218119
-0.00112828
-0.000610641
0.000480077
-0.00190254
0.000697439
0.000781271
-0.0015952
0.000892344
0.000652002
-0.000781265
0.000207497
0.000369688
-0.000435381
-0.000379448
1.44335e-09
-0.000178638
-0.00192033
-0.000369684
-0.000178637
-0.00192033
-0.000651996
-0.000435381
-0.000379449
-0.000781262
-0.000781261
0.000207495
-0.000480071
-0.00159518
0.000892331
-0.00190253
0.000697427
0.00116586
-0.00158187
0.00367263
0.0015952
-0.00116585
0.0030501
0.00107362
-0.00048007
0.000892338
0.000461279
-0.000213671
-0.000218119
1.70128e-09
-6.15055e-05
-0.00176203
-0.000461274
-6.15056e-05
-0.00176204
-0.00107361
-0.000213672
-0.000218119
-0.00159518
-0.00048007
0.000892331
-0.00116585
-0.00116585
0.00305007
-0.00158186
0.00367259
0.00158186
0.00628972
0.00190254
0.00367259
0.00112829
0.000697424
0.000456875
-0.000610643
1.0633e-09
-0.00157767
-0.000456872
-0.00157767
-0.00112828
-0.000610641
-0.00190253
0.000697426
-0.00158186
0.00367258
0.00628967
0.00109376
0.00109376
0.00410224
0.00128018
0.000725573
0.00276063
0.000843502
0.000362747
0.000771378
0.000384385
0.000191584
-0.000343105
1.39977e-09
5.8427e-05
-0.00125171
-0.000384382
5.8427e-05
-0.00125171
-0.000843498
0.000191584
-0.000343106
-0.00128018
0.000362748
0.000771377
-0.00109375
0.000725573
0.00276063
0.00109375
0.00410222
0.000725572
0.00128018
0.00276063
0.00106856
0.00106856
0.00236416
0.000807958
0.00061315
0.000902555
0.000387623
0.000383878
9.92619e-06
1.744e-09
0.000159308
-0.00147529
-0.000387619
0.000159308
-0.00147529
-0.000807952
0.000383878
9.92359e-06
-0.00106855
0.000613149
0.000902547
-0.000725565
0.00106856
0.00236414
0.00128018
0.00276061
0.000362747
0.000843502
0.000771378
0.00061315
0.000807958
0.000902555
0.00054137
0.00054137
0.000351067
0.000328868
0.000395423
-0.000178488
1.61312e-09
0.000190499
-0.00162265
-0.000328865
0.000190499
-0.00162265
-0.000541365
0.000395422
-0.000178491
-0.000613145
0.000541368
0.000351062
-0.000362743
0.000807954
0.000902543
0.000843497
0.000771365
0.000191584
0.000384385
-0.000343106
0.000383878
0.000387623
9.92591e-06
0.000395422
0.000328869
-0.000178488
0.000291382
0.000291383
-0.000574665
1.33969e-09
0.00017537
-0.00167742
-0.00029138
0.00017537
-0.00167742
-0.00039542
0.000291382
-0.000574667
-0.000383875
0.000328868
-0.000178491
-0.000191582
0.000387622
9.92167e-06
0.000384383
-0.00034311
5.84269e-05
2.1509e-09
-0.00125171
0.000159308
2.54013e-09
-0.00147529
0.000190499
2.40787e-09
-0.00162265
0.00017537
2.13962e-09
-0.00167742
1.09464e-09
1.63448e-09
-0.00203428
-0.000175368
1.58239e-09
-0.00203428
-0.000190497
2.03044e-09
-0.00167742
-0.000159306
2.2613e-09
-0.00162265
-5.84261e-05
2.56059e-09
-0.00147529
2.14222e-09
-0.00125172
5.84269e-05
-0.000384381
-0.00125172
0.000159307
-0.000387618
-0.00147529
0.000190498
-0.000328864
-0.00162265
0.000175369
-0.000291379
-0.00167742
1.04151e-09
-0.000175367
-0.00203428
-0.000175367
-0.000175367
-0.00203428
-0.000190496
-0.000291379
-0.00167742
-0.000159305
-0.000328863
-0.00162265
-5.8426e-05
-0.000387616
-0.0014753
-0.000384379
-0.00125172
0.000191584
-0.000843497
-0.000343108
0.000383878
-0.000807951
9.92113e-06
0.000395421
-0.000541364
-0.000178493
0.000291382
-0.000395419
-0.000574668
1.23071e-09
-0.000190496
-0.00167742
-0.000291379
-0.000190496
-0.00167742
-0.000395419
-0.000395418
-0.00057467
-0.000383875
-0.000541362
-0.000178494
-0.000191583
-0.000807945
9.91761e-06
-0.000843491
-0.000343111
0.000362748
-0.00128018
0.000771374
0.000613148
-0.00106855
0.000902543
0.000541367
-0.000613144
0.000351059
0.000328867
-0.000383875
-0.000178492
1.46339e-09
-0.000159306
-0.00162265
-0.000328864
-0.000159305
-0.00162265
-0.000541362
-0.000383874
-0.000178494
-0.000613142
-0.000613142
0.000351055
-0.000362745
-0.00106854
0.000902531
-0.00128017
0.000771361
0.000725573
-0.00109375
0.00276062
0.00106856
-0.000725565
0.00236413
0.000807953
-0.000362743
0.000902539
0.000387621
-0.000191582
9.91961e-06
1.75431e-09
-5.84259e-05
-0.00147529
-0.000387617
-5.84259e-05
-0.0014753
-0.000807945
-0.000191582
9.91776e-06
-0.00106854
-0.000362744
0.000902531
-0.000725564
-0.000725563
0.00236411
-0.00109374
0.0027606
0.00109375
0.00410222
0.00128018
0.00276061
0.000843496
0.000771361
0.000384382
-0.000343112
1.3558e-09
-0.00125172
-0.000384379
-0.00125172
-0.000843491
-0.000343111
-0.00128017
0.00077136
-0.00109374
0.00276059
0.00410219
0.000640656
0.000640656
0.00282093
0.000846275
0.000475137
0.00207988
0.000633434
0.000281649
0.000702571
0.000318649
0.000164136
-0.000192456
1.30666e-09
5.75781e-05
-0.000990644
-0.000318646
5.75782e-05
-0.000990645
-0.000633431
0.000164136
-0.000192457
-0.000846271
0.000281649
0.000702568
-0.00064065
0.000475137
0.00207987
0.000640655
0.00282092
0.000475136
0.000846275
0.00207988
0.000752264
0.000752265
0.0018099
0.000617498
0.000483325
0.000835645
0.000326467
0.000329299
0.000135793
1.53482e-09
0.000139875
-0.00123112
-0.000326464
0.000139875
-0.00123112
-0.000617493
0.000329298
0.00013579
-0.000752259
0.000483325
0.000835638
-0.000475133
0.000752262
0.00180989
0.000846272
0.00207986
0.000281649
0.000633434
0.00070257
0.000483325
0.000617498
0.000835645
0.000447007
0.000447007
0.000423703
0.000289203
0.000350819
-4.22042e-05
1.43545e-09
0.000169515
-0.00136309
-0.0002892
0.000169515
-0.00136309
-0.000447004
0.000350819
-4.22072e-05
-0.000483322
0.000447006
0.000423698
-0.000281646
0.000617495
0.000835635
0.000633431
0.00070256
0.000164136
0.000318649
-0.000192456
0.000329299
0.000326468
0.000135793
0.000350819
0.000289203
-4.22043e-05
0.000268792
0.000268793
-0.000410612
1.27547e-09
0.000162118
-0.00140123
-0.00026879
0.000162117
-0.00140123
-0.000350817
0.000268792
-0.000410614
-0.000329296
0.000289202
-4.22073e-05
-0.000164135
0.000326467
0.000135788
0.000318648
-0.000192461
5.75781e-05
1.93017e-09
-0.000990645
0.000139875
2.16832e-09
-0.00123112
0.000169515
2.11767e-09
-0.00136309
0.000162117
1.99051e-09
-0.00140123
1.04794e-09
1.52303e-09
-0.00171005
-0.000162115
1.50343e-09
-0.00171005
-0.000169513
1.94746e-09
-0.00140123
-0.000139873
2.07464e-09
-0.00136309
-5.75774e-05
2.26174e-09
-0.00123112
2.01206e-09
-0.000990648
5.7578e-05
-0.000318646
-0.000990646
0.000139874
-0.000326463
-0.00123112
0.000169514
-0.000289199
-0.00136309
0.000162117
-0.000268789
-0.00140123
1.02773e-09
-0.000162115
-0.00171005
-0.000162115
-0.000162115
-0.00171005
-0.000169512
-0.000268789
-0.00140123
-0.000139873
-0.000289198
-0.00136309
-5.75773e-05
-0.000326462
-0.00123113
-0.000318644
-0.000990649
0.000164136
-0.00063343
-0.000192459
0.000329298
-0.000617492
0.000135788
0.000350818
-0.000447003
-4.2209e-05
0.000268792
-0.000350816
-0.000410615
1.23179e-09
-0.000169513
-0.00140123
-0.000268789
-0.000169512
-0.00140123
-0.000350816
-0.000350815
-0.000410617
-0.000329295
-0.000447001
-4.22115e-05
-0.000164135
-0.000617488
0.000135784
-0.000633426
-0.000192464
0.000281649
-0.000846271
0.000702565
0.000483324
-0.000752259
0.000835635
0.000447005
-0.000483321
0.000423696
0.000289202
-0.000329296
-4.2209e-05
1.39048e-09
-0.000139873
-0.00136309
-0.000289199
-0.000139873
-0.00136309
-0.000447001
-0.000329295
-4.22114e-05
-0.00048332
-0.000483319
0.000423691
-0.000281647
-0.000752255
0.000835625
-0.000846266
0.000702554
0.000475138
-0.00064065
0.00207987
0.000752262
-0.000475133
0.00180988
0.000617494
-0.000281646
0.000835632
0.000326466
-0.000164134
0.000135786
1.62105e-09
-5.75773e-05
-0.00123113
-0.000326462
-5.75773e-05
-0.00123113
-0.000617489
-0.000164135
0.000135784
-0.000752255
-0.000281647
0.000835625
-0.000475133
-0.000475133
0.00180987
-0.000640647
0.00207984
0.000640655
0.00282091
0.000846272
0.00207985
0.00063343
0.000702557
0.000318647
-0.000192463
1.36411e-09
-0.000990649
-0.000318644
-0.00099065
-0.000633426
-0.000192464
-0.000846266
0.000702553
-0.000640648
0.00207984
0.00282089
0.000414248
0.000414249
0.00199243
0.000593655
0.000337408
0.00156306
0.000478353
0.000217885
0.000599988
0.000263054
0.000135713
-0.00011287
1.21624e-09
6.28279e-05
-0.000790419
-0.000263051
6.28279e-05
-0.00079042
-0.00047835
0.000135713
-0.000112872
-0.000593652
0.000217885
0.000599984
-0.000414245
0.000337408
0.00156305
0.000414248
0.00199242
0.000337408
0.000593655
0.00156306
0.000547367
0.000547367
0.00138998
0.000476937
0.000379349
0.00074461
0.000278578
0.000278397
0.000191468
1.35088e-09
0.000126186
-0.0010159
-0.000278576
0.000126186
-0.0010159
-0.000476934
0.000278397
0.000191464
-0.000547363
0.000379349
0.000744604
-0.000337406
0.000547365
0.00138997
0.000593653
0.00156305
0.000217885
0.000478353
0.000599988
0.000379349
0.000476937
0.000744609
0.000368678
0.000368678
0.000445046
0.000253203
0.000309669
4.19991e-05
1.25677e-09
0.000149626
-0.00113333
-0.0002532
0.000149626
-0.00113333
-0.000368675
0.000309669
4.19962e-05
-0.000379347
0.000368677
0.000445041
-0.000217883
0.000476935
0.000744602
0.000478351
0.000599979
0.000135713
0.000263054
-0.000112871
0.000278397
0.000278579
0.000191467
0.000309669
0.000253203
4.19991e-05
0.000245898
0.000245899
-0.000283071
1.18089e-09
0.000146591
-0.0011523
-0.000245896
0.000146591
-0.0011523
-0.000309667
0.000245898
-0.000283073
-0.000278395
0.000253202
4.19957e-05
-0.000135712
0.000278578
0.000191462
0.000263053
-0.000112876
6.28278e-05
1.7533e-09
-0.00079042
0.000126186
1.87623e-09
-0.0010159
0.000149626
1.84451e-09
-0.00113333
0.000146591
1.80802e-09
-0.0011523
9.5948e-10
1.36274e-09
-0.00141687
-0.000146589
1.36269e-09
-0.00141687
-0.000149624
1.80959e-09
-0.0011523
-0.000126184
1.86258e-09
-0.00113333
-6.28273e-05
2.00035e-09
-0.00101591
1.87675e-09
-0.000790424
6.28279e-05
-0.000263051
-0.000790422
0.000126185
-0.000278575
-0.0010159
0.000149625
-0.0002532
-0.00113333
0.000146591
-0.000245896
-0.0011523
9.59162e-10
-0.000146589
-0.00141687
-0.000146589
-0.000146589
-0.00141687
-0.000149624
-0.000245895
-0.0011523
-0.000126184
-0.000253199
-0.00113333
-6.28273e-05
-0.000278574
-0.00101591
-0.00026305
-0.000790425
0.000135713
-0.000478349
-0.000112874
0.000278397
-0.000476933
0.000191462
0.000309668
-0.000368675
4.19945e-05
0.000245898
-0.000309666
-0.000283075
1.18116e-09
-0.000149624
-0.0011523
-0.000245896
-0.000149624
-0.0011523
-0.000309666
-0.000309666
-0.000283077
-0.000278395
-0.000368673
4.19914e-05
-0.000135712
-0.00047693
0.000191457
-0.000478347
-0.000112879
0.000217885
-0.000593651
0.000599982
0.000379348
-0.000547363
0.000744601
0.000368676
-0.000379346
0.000445039
0.000253202
-0.000278395
4.19942e-05
1.27339e-09
-0.000126184
-0.00113333
-0.000253199
-0.000126184
-0.00113333
-0.000368673
-0.000278394
4.19914e-05
-0.000379345
-0.000379345
0.000445035
-0.000217883
-0.00054736
0.000744592
-0.000593648
0.000599972
0.000337409
-0.000414245
0.00156305
0.000547365
-0.000337406
0.00138997
0.000476935
-0.000217883
0.000744599
0.000278578
-0.000135712
0.000191461
1.46986e-09
-6.28272e-05
-0.00101591
-0.000278574
-6.28272e-05
-0.00101591
-0.000476931
-0.000135712
0.000191457
-0.00054736
-0.000217883
0.000744592
-0.000337406
-0.000337405
0.00138996
-0.000414244
0.00156303
0.000414248
0.00199242
0.000593653
0.00156304
0.00047835
0.000599977
0.000263053
-0.000112877
1.32252e-09
-0.000790425
-0.00026305
-0.000790426
-0.000478347
-0.000112879
-0.000593648
0.000599972
-0.000414244
0.00156303
0.0019924
0.000280671
0.000280671
0.00143109
0.000421675
0.000242697
0.00117936
0.0003622
0.000167643
0.00049182
0.000216701
0.000109264
-7.66349e-05
1.06363e-09
7.08568e-05
-0.000644577
-0.000216699
7.08569e-05
-0.000644578
-0.000362198
0.000109264
-7.66372e-05
-0.000421673
0.000167643
0.000491816
-0.000280669
0.000242697
0.00117935
0.00028067
0.00143108
0.000242697
0.000421675
0.00117936
0.000401485
0.000401485
0.00107241
0.000374382
0.000298088
0.000641267
0.000242029
0.000232288
0.000200797
1.16373e-09
0.000118789
-0.000821806
-0.000242027
0.000118789
-0.000821808
-0.00037438
0.000232287
0.000200794
-0.000401482
0.000298088
0.000641262
-0.000242695
0.000401484
0.0010724
0.000421674
0.00117935
0.000167643
0.0003622
0.00049182
0.000298088
0.000374383
0.000641267
0.000306693
0.000306694
0.000427835
0.000224648
0.000270885
8.54465e-05
1.10181e-09
0.000132312
-0.000922203
-0.000224646
0.000132312
-0.000922205
-0.000306691
0.000270885
8.54437e-05
-0.000298086
0.000306693
0.000427831
-0.000167642
0.000374381
0.00064126
0.000362199
0.000491812
0.000109264
0.000216701
-7.66354e-05
0.000232287
0.000242029
0.000200797
0.000270885
0.000224649
8.54464e-05
0.000222859
0.000222859
-0.000187018
1.0419e-09
0.000130354
-0.000927481
-0.000222857
0.000130354
-0.000927483
-0.000270883
0.000222859
-0.000187021
-0.000232286
0.000224648
8.5443e-05
-0.000109263
0.000242029
0.000200792
0.0002167
-7.66403e-05
7.08568e-05
1.50284e-09
-0.000644577
0.000118789
1.60471e-09
-0.000821806
0.000132312
1.6154e-09
-0.000922203
0.000130354
1.57739e-09
-0.000927481
8.436e-10
1.18307e-09
-0.00115616
-0.000130352
1.19356e-09
-0.00115616
-0.000132311
1.60257e-09
-0.000927483
-0.000118788
1.66382e-09
-0.000922205
-7.08563e-05
1.73892e-09
-0.00082181
1.63852e-09
-0.000644582
7.08568e-05
-0.000216698
-0.000644579
0.000118789
-0.000242026
-0.000821809
0.000132312
-0.000224646
-0.000922206
0.000130353
-0.000222856
-0.000927483
8.53989e-10
-0.000130352
-0.00115616
-0.000130352
-0.000130352
-0.00115617
-0.00013231
-0.000222856
-0.000927485
-0.000118787
-0.000224645
-0.000922208
-7.08564e-05
-0.000242025
-0.000821813
-0.000216697
-0.000644583
0.000109264
-0.000362197
-7.66388e-05
0.000232287
-0.000374379
0.000200792
0.000270885
-0.000306691
8.54422e-05
0.000222858
-0.000270883
-0.000187022
1.06539e-09
-0.000132311
-0.000927484
-0.000222856
-0.00013231
-0.000927485
-0.000270883
-0.000270882
-0.000187024
-0.000232285
-0.00030669
8.54387e-05
-0.000109263
-0.000374377
0.000200787
-0.000362195
-7.6644e-05
0.000167643
-0.000421672
0.000491814
0.000298087
-0.000401482
0.00064126
0.000306692
-0.000298086
0.000427829
0.000224648
-0.000232286
8.54415e-05
1.14893e-09
-0.000118788
-0.000922206
-0.000224645
-0.000118787
-0.000922208
-0.00030669
-0.000232285
8.54387e-05
-0.000298085
-0.000298085
0.000427825
-0.000167642
-0.00040148
0.000641252
-0.00042167
0.000491806
0.000242697
-0.000280669
0.00117935
0.000401484
-0.000242695
0.0010724
0.000374381
-0.000167642
0.000641258
0.000242028
-0.000109263
0.00020079
1.29456e-09
-7.08562e-05
-0.000821811
-0.000242026
-7.08563e-05
-0.000821813
-0.000374378
-0.000109263
0.000200787
-0.00040148
-0.000167642
0.000641252
-0.000242695
-0.000242694
0.00107238
-0.000280668
0.00117934
0.00028067
0.00143108
0.000421674
0.00117935
0.000362198
0.00049181
0.0002167
-7.66417e-05
1.18796e-09
-0.000644583
-0.000216697
-0.000644584
-0.000362195
-7.66442e-05
-0.00042167
0.000491805
-0.000280668
0.00117934
0.00143107
0.000192788
0.000192788
0.00104552
0.000301001
0.000174853
0.000896294
0.000273269
0.000128276
0.000391276
0.000175311
8.34844e-05
-6.21619e-05
8.88748e-10
7.35123e-05
-0.000542779
-0.00017531
7.35124e-05
-0.00054278
-0.000273267
8.34845e-05
-6.21643e-05
-0.000300999
0.000128276
0.000391272
-0.000192786
0.000174853
0.000896287
0.000192788
0.00104551
0.000174853
0.000301001
0.000896294
0.000294844
0.000294845
0.000832425
0.000296079
0.000234701
0.000533608
0.000209094
0.00018639
0.000184877
9.89387e-10
0.000113141
-0.000652342
-0.000209092
0.000113141
-0.000652343
-0.000296077
0.00018639
0.000184874
-0.000294843
0.000234701
0.000533603
-0.000174852
0.000294844
0.000832417
0.000301
0.000896285
0.000128276
0.000273269
0.000391275
0.000234701
0.00029608
0.000533607
0.000256421
0.000256421
0.000384395
0.000199003
0.000229356
9.9899e-05
9.44666e-10
0.000117252
-0.000727313
-0.000199001
0.000117252
-0.000727314
-0.000256419
0.000229355
9.98964e-05
-0.000234699
0.00025642
0.000384391
-0.000128275
0.000296079
0.000533601
0.000273268
0.000391269
8.34843e-05
0.000175311
-6.21623e-05
0.00018639
0.000209094
0.000184877
0.000229355
0.000199003
9.98989e-05
0.000199057
0.000199057
-0.000126422
8.68838e-10
0.000113808
-0.000724981
-0.000199056
0.000113808
-0.000724982
-0.000229354
0.000199057
-0.000126424
-0.000186389
0.000199003
9.98955e-05
-8.34838e-05
0.000209094
0.000184872
0.000175311
-6.21672e-05
7.35122e-05
1.2334e-09
-0.000542779
0.000113141
1.37216e-09
-0.000652342
0.000117252
1.39046e-09
-0.000727313
0.000113808
1.31073e-09
-0.000724981
6.95086e-10
9.65552e-10
-0.00092855
-0.000113806
9.79545e-10
-0.000928551
-0.000117251
1.34855e-09
-0.000724982
-0.00011314
1.45288e-09
-0.000727316
-7.35119e-05
1.50133e-09
-0.000652346
1.36124e-09
-0.000542784
7.35123e-05
-0.000175309
-0.000542781
0.00011314
-0.000209091
-0.000652344
0.000117252
-0.000199
-0.000727315
0.000113807
-0.000199055
-0.000724982
7.09168e-10
-0.000113806
-0.000928551
-0.000113806
-0.000113806
-0.000928552
-0.000117251
-0.000199055
-0.000724984
-0.00011314
-0.000199
-0.000727318
-7.3512e-05
-0.000209091
-0.000652348
-0.000175308
-0.000542785
8.34844e-05
-0.000273267
-6.21658e-05
0.00018639
-0.000296077
0.000184873
0.000229355
-0.000256419
9.98951e-05
0.000199057
-0.000229354
-0.000126425
9.04851e-10
-0.000117251
-0.000724983
-0.000199055
-0.000117251
-0.000724984
-0.000229354
-0.000229353
-0.000126427
-0.000186388
-0.000256418
9.98914e-05
-8.34838e-05
-0.000296076
0.000184868
-0.000273265
-6.21711e-05
0.000128276
-0.000300999
0.00039127
0.0002347
-0.000294842
0.000533601
0.00025642
-0.000234699
0.00038439
0.000199002
-0.000186389
9.98942e-05
1.00567e-09
-0.00011314
-0.000727316
-0.000199
-0.00011314
-0.000727318
-0.000256418
-0.000186388
9.98914e-05
-0.000234699
-0.000234698
0.000384385
-0.000128275
-0.000294841
0.000533594
-0.000300997
0.000391262
0.000174853
-0.000192786
0.000896285
0.000294844
-0.000174852
0.000832415
0.000296078
-0.000128275
0.000533599
0.000209093
-8.34837e-05
0.000184871
1.11621e-09
-7.35118e-05
-0.000652346
-0.000209091
-7.35119e-05
-0.000652348
-0.000296076
-8.34837e-05
0.000184868
-0.000294841
-0.000128275
0.000533594
-0.000174852
-0.000174851
0.000832406
-0.000192786
0.000896275
0.000192788
0.00104551
0.000301
0.000896283
0.000273268
0.000391267
0.000175311
-6.21686e-05
1.0093e-09
-0.000542785
-0.000175309
-0.000542786
-0.000273265
-6.21713e-05
-0.000300997
0.000391262
-0.000192786
0.000896274
0.0010455
0.000135021
0.000135021
0.000775475
0.000218349
0.000125895
0.000687071
0.000209428
9.89913e-05
0.000301205
0.000141426
6.28121e-05
-5.69722e-05
6.92137e-10
6.91168e-05
-0.00047047
-0.000141425
6.91168e-05
-0.000470471
-0.000209427
6.28122e-05
-5.69746e-05
-0.000218348
9.89913e-05
0.000301201
-0.00013502
0.000125894
0.000687065
0.000135021
0.000775468
0.000125894
0.000218349
0.000687071
0.000216517
0.000216517
0.000651179
0.000236333
0.000185693
0.00042709
0.000175443
0.000146536
0.000162044
7.76234e-10
0.00010584
-0.000513623
-0.000175442
0.00010584
-0.000513624
-0.000236332
0.000146536
0.000162041
-0.000216516
0.000185693
0.000427085
-0.000125894
0.000216517
0.000651173
0.000218348
0.000687064
9.89912e-05
0.000209428
0.000301205
0.000185693
0.000236333
0.000427089
0.000217316
0.000217317
0.000321148
0.00017607
0.000195293
9.23881e-05
7.41028e-10
0.000104982
-0.000550386
-0.000176069
0.000104982
-0.000550387
-0.000217315
0.000195293
9.23856e-05
-0.000185692
0.000217316
0.000321145
-9.89906e-05
0.000236333
0.000427084
0.000209428
0.000301199
6.28121e-05
0.000141426
-5.69726e-05
0.000146536
0.000175443
0.000162043
0.000195293
0.00017607
9.2388e-05
0.000175849
0.000175849
-8.75332e-05
6.79839e-10
9.64572e-05
-0.000540608
-0.000175848
9.64571e-05
-0.000540609
-0.000195292
0.000175849
-8.75355e-05
-0.000146535
0.00017607
9.23846e-05
-6.28117e-05
0.000175443
0.000162039
0.000141426
-5.69774e-05
6.91167e-05
9.38113e-10
-0.000470471
0.00010584
1.09396e-09
-0.000513623
0.000104982
1.09349e-09
-0.000550386
9.64571e-05
1.02116e-09
-0.000540608
5.39568e-10
7.44594e-10
-0.000735637
-9.64562e-05
7.57833e-10
-0.000735638
-0.000104981
1.06119e-09
-0.000540609
-0.000105839
1.15403e-09
-0.000550388
-6.91164e-05
1.20445e-09
-0.000513627
1.04348e-09
-0.000470475
6.91168e-05
-0.000141425
-0.000470472
0.00010584
-0.000175441
-0.000513625
0.000104982
-0.000176068
-0.000550387
9.64569e-05
-0.000175847
-0.000540609
5.52997e-10
-9.6456e-05
-0.000735638
-9.64559e-05
-9.64558e-05
-0.000735639
-0.000104981
-0.000175847
-0.000540611
-0.000105839
-0.000176068
-0.00055039
-6.91164e-05
-0.000175441
-0.000513629
-0.000141424
-0.000470477
6.28121e-05
-0.000209426
-5.6976e-05
0.000146536
-0.000236331
0.000162039
0.000195293
-0.000217315
9.23844e-05
0.000175849
-0.000195292
-8.75364e-05
7.18239e-10
-0.000104981
-0.00054061
-0.000175847
-0.000104981
-0.000540611
-0.000195292
-0.000195292
-8.75388e-05
-0.000146535
-0.000217314
9.23808e-05
-6.28116e-05
-0.000236331
0.000162034
-0.000209425
-5.69813e-05
9.89912e-05
-0.000218347
0.0003012
0.000185693
-0.000216516
0.000427084
0.000217316
-0.000185692
0.000321143
0.00017607
-0.000146535
9.23834e-05
8.00111e-10
-0.000105839
-0.000550389
-0.000176068
-0.000105839
-0.00055039
-0.000217315
-0.000146535
9.23807e-05
-0.000185691
-0.000185691
0.000321139
-9.89905e-05
-0.000216515
0.000427077
-0.000218346
0.000301193
0.000125894
-0.00013502
0.000687063
0.000216516
-0.000125894
0.000651171
0.000236332
-9.89906e-05
0.000427082
0.000175443
-6.28116e-05
0.000162037
8.84876e-10
-6.91163e-05
-0.000513627
-0.000175441
-6.91164e-05
-0.000513629
-0.000236331
-6.28116e-05
0.000162034
-0.000216515
-9.89904e-05
0.000427077
-0.000125893
-0.000125893
0.000651163
-0.000135019
0.000687054
0.000135021
0.000775466
0.000218348
0.000687062
0.000209427
0.000301197
0.000141426
-5.69787e-05
7.93143e-10
-0.000470476
-0.000141424
-0.000470477
-0.000209426
-5.69815e-05
-0.000218347
0.000301193
-0.00013502
0.000687054
0.000775457
9.3041e-05
9.30411e-05
0.000589393
0.000156794
8.85501e-05
0.000534768
0.000156482
7.60459e-05
0.000225471
0.000107519
4.64963e-05
-5.45048e-05
4.89515e-10
5.798e-05
-0.000420932
-0.000107518
5.79801e-05
-0.000420933
-0.000156481
4.64963e-05
-5.45072e-05
-0.000156793
7.60459e-05
0.000225467
-9.30404e-05
8.855e-05
0.000534762
9.30409e-05
0.000589387
8.855e-05
0.000156794
0.000534768
0.000153477
0.000153477
0.000521326
0.000179765
0.000143793
0.000333054
0.000135935
0.000108801
0.00014357
5.49603e-10
8.81934e-05
-0.000407902
-0.000135934
8.81934e-05
-0.000407903
-0.000179764
0.0001088
0.000143567
-0.000153476
0.000143793
0.00033305
-8.85495e-05
0.000153476
0.00052132
0.000156794
0.000534761
7.60458e-05
0.000156482
0.000225471
0.000143793
0.000179765
0.000333054
0.000177271
0.000177271
0.000254192
0.00014827
0.000159127
7.1063e-05
5.32491e-10
8.69625e-05
-0.000400886
-0.000148269
8.69625e-05
-0.000400887
-0.00017727
0.000159127
7.10606e-05
-0.000143792
0.000177271
0.000254188
-7.60454e-05
0.000179765
0.000333049
0.000156482
0.000225465
4.64963e-05
0.000107519
-5.45052e-05
0.0001088
0.000135935
0.00014357
0.000159127
0.00014827
7.10628e-05
0.000149216
0.000149216
-6.77112e-05
4.76936e-10
7.67969e-05
-0.000381227
-0.000149215
7.67968e-05
-0.000381228
-0.000159126
0.000149216
-6.77134e-05
-0.0001088
0.00014827
7.10595e-05
-4.6496e-05
0.000135935
0.000143565
0.000107519
-5.45099e-05
5.798e-05
6.42416e-10
-0.000420933
8.81935e-05
7.85109e-10
-0.000407902
8.69625e-05
7.91612e-10
-0.000400886
7.67968e-05
7.13505e-10
-0.000381227
3.84736e-10
5.29074e-10
-0.000582044
-7.67962e-05
5.39393e-10
-0.000582045
-8.69619e-05
7.47951e-10
-0.000381229
-8.8193e-05
8.40837e-10
-0.000400888
-5.79798e-05
8.68018e-10
-0.000407906
7.19153e-10
-0.000420937
5.798e-05
-0.000107517
-0.000420934
8.81932e-05
-0.000135933
-0.000407904
8.69623e-05
-0.000148268
-0.000400887
7.67967e-05
-0.000149215
-0.000381228
3.95257e-10
-7.6796e-05
-0.000582045
-7.6796e-05
-7.67959e-05
-0.000582046
-8.69617e-05
-0.000149215
-0.00038123
-8.81927e-05
-0.000148268
-0.00040089
-5.79797e-05
-0.000135933
-0.000407908
-0.000107517
-0.000420938
4.64963e-05
-0.000156481
-5.45086e-05
0.0001088
-0.000179764
0.000143566
0.000159127
-0.00017727
7.10595e-05
0.000149216
-0.000159126
-6.77142e-05
5.10141e-10
-8.69618e-05
-0.000381229
-0.000149215
-8.69617e-05
-0.00038123
-0.000159126
-0.000159126
-6.77166e-05
-0.0001088
-0.00017727
7.10558e-05
-4.6496e-05
-0.000179763
0.000143561
-0.000156481
-5.45138e-05
7.60458e-05
-0.000156793
0.000225466
0.000143792
-0.000153476
0.000333049
0.000177271
-0.000143792
0.000254187
0.00014827
-0.0001088
7.10584e-05
5.80287e-10
-8.81929e-05
-0.000400889
-0.000148269
-8.81928e-05
-0.00040089
-0.00017727
-0.0001088
7.10557e-05
-0.000143792
-0.000143792
0.000254183
-7.60453e-05
-0.000153475
0.000333043
-0.000156793
0.000225459
8.855e-05
-9.30404e-05
0.000534761
0.000153476
-8.85494e-05
0.000521318
0.000179765
-7.60454e-05
0.000333047
0.000135935
-4.6496e-05
0.000143564
6.31177e-10
-5.79797e-05
-0.000407907
-0.000135933
-5.79797e-05
-0.000407908
-0.000179763
-4.6496e-05
0.000143561
-0.000153475
-7.60453e-05
0.000333043
-8.85493e-05
-8.85493e-05
0.000521311
-9.30401e-05
0.000534752
9.30409e-05
0.000589385
0.000156794
0.000534759
0.000156482
0.000225464
0.000107518
-5.45112e-05
5.64017e-10
-0.000420938
-0.000107517
-0.000420939
-0.000156481
-5.4514e-05
-0.000156793
0.000225459
-9.30402e-05
0.000534752
0.000589377
6.5442e-05
6.5442e-05
0.000458509
0.000115547
6.40843e-05
0.000420578
0.000124027
6.17402e-05
0.000155252
8.15299e-05
4.83227e-05
-6.03308e-05
2.91903e-10
3.22805e-05
-0.000371683
-8.15293e-05
3.22805e-05
-0.000371684
-0.000124026
4.83227e-05
-6.03332e-05
-0.000115547
6.17402e-05
0.000155248
-6.54417e-05
6.40842e-05
0.000420573
6.5442e-05
0.000458503
6.40842e-05
0.000115547
0.000420578
0.000114446
0.000114446
0.000420603
0.000148804
0.000114669
0.000245768
0.000108318
0.000105821
0.000126557
3.23545e-10
5.22201e-05
-0.000319524
-0.000108318
5.222e-05
-0.000319525
-0.000148803
0.000105821
0.000126554
-0.000114445
0.000114669
0.000245764
-6.40839e-05
0.000114446
0.000420597
0.000115547
0.000420572
6.17402e-05
0.000124027
0.000155252
0.000114669
0.000148804
0.000245768
0.00015965
0.00015965
0.000164229
0.000135927
0.000156792
4.38153e-05
3.27033e-10
6.57278e-05
-0.000278467
-0.000135926
6.57277e-05
-0.000278468
-0.00015965
0.000156792
4.3813e-05
-0.000114668
0.00015965
0.000164225
-6.174e-05
0.000148804
0.000245763
0.000124026
0.000155246
4.83227e-05
8.153e-05
-6.03311e-05
0.000105821
0.000108319
0.000126557
0.000156792
0.000135927
4.38152e-05
0.000129313
0.000129313
-1.27532e-05
2.8491e-10
5.42141e-05
-0.000240401
-0.000129312
5.42141e-05
-0.000240402
-0.000156791
0.000129313
-1.27553e-05
-0.000105821
0.000135927
4.38119e-05
-4.83225e-05
0.000108318
0.000126552
8.15299e-05
-6.03359e-05
3.22805e-05
3.7734e-10
-0.000371684
5.22201e-05
4.69468e-10
-0.000319524
6.57278e-05
4.8331e-10
-0.000278467
5.42141e-05
4.27013e-10
-0.000240401
2.2659e-10
3.13858e-10
-0.000473617
-5.42137e-05
3.20087e-10
-0.000473617
-6.57274e-05
4.51523e-10
-0.000240402
-5.22198e-05
5.16356e-10
-0.00027847
-3.22803e-05
5.19052e-10
-0.000319528
4.24578e-10
-0.000371688
3.22805e-05
-8.15292e-05
-0.000371685
5.22199e-05
-0.000108318
-0.000319525
6.57276e-05
-0.000135926
-0.000278468
5.4214e-05
-0.000129312
-0.000240402
2.32934e-10
-5.42136e-05
-0.000473618
-5.42136e-05
-5.42135e-05
-0.000473618
-6.57272e-05
-0.000129312
-0.000240404
-5.22195e-05
-0.000135926
-0.000278471
-3.22802e-05
-0.000108317
-0.000319529
-8.1529e-05
-0.000371689
4.83227e-05
-0.000124026
-6.03345e-05
0.000105821
-0.000148803
0.000126553
0.000156792
-0.000159649
4.38119e-05
0.000129313
-0.000156791
-1.2756e-05
3.08679e-10
-6.57273e-05
-0.000240403
-0.000129312
-6.57272e-05
-0.000240404
-0.000156791
-0.000156791
-1.27583e-05
-0.000105821
-0.000159649
4.38084e-05
-4.83225e-05
-0.000148803
0.000126548
-0.000124026
-6.03396e-05
6.17402e-05
-0.000115547
0.000155246
0.000114668
-0.000114445
0.000245763
0.00015965
-0.000114668
0.000164224
0.000135927
-0.000105821
4.38109e-05
3.59105e-10
-5.22197e-05
-0.00027847
-0.000135926
-5.22196e-05
-0.000278471
-0.000159649
-0.000105821
4.38083e-05
-0.000114668
-0.000114668
0.00016422
-6.17399e-05
-0.000114445
0.000245757
-0.000115546
0.00015524
6.40842e-05
-6.54417e-05
0.000420571
0.000114446
-6.40839e-05
0.000420596
0.000148804
-6.17399e-05
0.000245761
0.000108318
-4.83225e-05
0.000126551
3.72207e-10
-3.22803e-05
-0.000319528
-0.000108318
-3.22802e-05
-0.000319529
-0.000148803
-4.83225e-05
0.000126548
-0.000114445
-6.17399e-05
0.000245757
-6.40838e-05
-6.40838e-05
0.000420589
-6.54415e-05
0.000420564
6.54419e-05
0.000458501
0.000115547
0.00042057
0.000124026
0.000155245
8.15298e-05
-6.03371e-05
3.38078e-10
-0.000371689
-8.15291e-05
-0.00037169
-0.000124026
-6.03399e-05
-0.000115546
0.00015524
-6.54415e-05
0.000420564
0.000458494
3.60804e-05
3.60804e-05
6.08996e-05
3.86729e-05
5.78078e-05
4.86747e-05
2.95747e-05
3.97954e-05
9.33291e-11
1.17327e-06
-2.95745e-05
1.17327e-06
-5.78076e-05
3.97953e-05
-6.08994e-05
4.86747e-05
-3.60803e-05
3.86729e-05
3.60804e-05
3.86729e-05
6.08996e-05
6.94522e-05
6.94522e-05
9.15476e-05
8.06759e-05
5.80785e-05
8.24956e-05
1.08262e-10
8.03516e-06
-5.80783e-05
8.03514e-06
-9.15474e-05
8.24956e-05
-6.9452e-05
8.06759e-05
-3.86728e-05
6.94521e-05
6.08995e-05
4.86747e-05
5.78079e-05
8.06759e-05
9.15477e-05
0.000113105
0.000113105
8.63148e-05
0.000120872
1.12215e-10
2.56203e-05
-8.63146e-05
2.56203e-05
-0.000113105
0.000120872
-8.06757e-05
0.000113105
-4.86746e-05
9.15476e-05
5.78077e-05
3.97953e-05
2.95747e-05
8.24956e-05
5.80786e-05
0.000120871
8.63149e-05
8.73787e-05
8.73787e-05
8.87516e-11
2.55378e-05
-8.73785e-05
2.55378e-05
-0.000120871
8.73787e-05
-8.24955e-05
8.63149e-05
-3.97952e-05
5.80785e-05
2.95746e-05
1.17327e-06
1.24226e-10
8.03518e-06
1.61626e-10
2.56203e-05
1.62244e-10
2.55378e-05
1.35556e-10
7.00386e-11
1.01272e-10
-2.55377e-05
1.03926e-10
-2.56202e-05
1.46149e-10
-8.03505e-06
1.74866e-10
-1.17319e-06
1.79058e-10
1.3989e-10
1.17326e-06
-2.95744e-05
8.03512e-06
-5.80782e-05
2.56203e-05
-8.63146e-05
2.55378e-05
-8.73785e-05
7.26731e-11
-2.55377e-05
-2.55376e-05
-2.55376e-05
-2.56201e-05
-8.73784e-05
-8.03497e-06
-8.63145e-05
-1.17317e-06
-5.80782e-05
-2.95743e-05
3.97953e-05
-5.78075e-05
8.24956e-05
-9.15474e-05
0.000120871
-0.000113105
8.73787e-05
-0.000120871
9.91869e-11
-2.56202e-05
-8.73785e-05
-2.56201e-05
-0.000120871
-0.000120871
-8.24954e-05
-0.000113105
-3.97952e-05
-9.15473e-05
-5.78073e-05
4.86747e-05
-6.08994e-05
8.06759e-05
-6.9452e-05
0.000113105
-8.06757e-05
8.63148e-05
-8.24954e-05
1.24539e-10
-8.03502e-06
-8.63146e-05
-8.03499e-06
-0.000113105
-8.24954e-05
-8.06757e-05
-8.06756e-05
-4.86746e-05
-6.94519e-05
-6.08992e-05
3.86729e-05
-3.60803e-05
6.94521e-05
-3.86728e-05
9.15476e-05
-4.86746e-05
5.80785e-05
-3.97952e-05
1.25335e-10
-1.17317e-06
-5.80782e-05
-1.17316e-06
-9.15473e-05
-3.97952e-05
-6.94519e-05
-4.86746e-05
-3.86728e-05
-3.86728e-05
-3.60802e-05
3.60803e-05
6.08995e-05
5.78077e-05
2.95746e-05
1.0863e-10
-2.95743e-05
-5.78074e-05
-6.08992e-05
-3.60802e-05
)
;

boundaryField
{
    bottom
    {
        type            calculated;
        value           uniform 0;
    }
    atmosphere
    {
        type            calculated;
        value           nonuniform List<scalar> 
100
(
0.000386349
0.000357086
0.000109669
-7.18933e-05
-0.000343282
-0.000343283
-7.18967e-05
0.000109663
0.000357079
0.000386341
0.000357086
0.000359044
0.000191671
0.000117325
-0.000268307
-0.000268309
0.000117322
0.000191666
0.000359037
0.000357078
0.000109669
0.000191671
9.93699e-05
3.22299e-05
-0.000209737
-0.000209739
3.22266e-05
9.9365e-05
0.000191665
0.000109662
-7.1893e-05
0.000117326
3.223e-05
5.42324e-05
-0.00015294
-0.000152941
5.42296e-05
3.22256e-05
0.00011732
-7.18992e-05
-0.000343282
-0.000268307
-0.000209737
-0.00015294
-0.000422541
-0.000422542
-0.000152942
-0.000209741
-0.000268312
-0.000343288
-0.000343283
-0.000268308
-0.000209738
-0.00015294
-0.000422542
-0.000422543
-0.000152943
-0.000209742
-0.000268313
-0.000343289
-7.18954e-05
0.000117323
3.22277e-05
5.42304e-05
-0.000152941
-0.000152943
5.42274e-05
3.2223e-05
0.000117317
-7.19021e-05
0.000109665
0.000191667
9.93663e-05
3.22266e-05
-0.00020974
-0.000209742
3.22231e-05
9.93609e-05
0.00019166
0.000109657
0.000357081
0.000359039
0.000191666
0.000117321
-0.000268311
-0.000268313
0.000117317
0.00019166
0.000359031
0.000357072
0.000386343
0.00035708
0.000109663
-7.1898e-05
-0.000343287
-0.000343288
-7.19018e-05
0.000109657
0.000357072
0.000386333
)
;
    }
    walls
    {
        type            calculated;
        value           uniform 0;
    }
}


// ************************************************************************* //
