/*--------------------------------*- C++ -*----------------------------------*\
| =========                 |                                                 |
| \\      /  F ield         | OpenFOAM: The Open Source CFD Toolbox           |
|  \\    /   O peration     | Version:  2412                                  |
|   \\  /    A nd           | Website:  www.openfoam.com                      |
|    \\/     M anipulation  |                                                 |
\*---------------------------------------------------------------------------*/
FoamFile
{
    version     2.0;
    format      ascii;
    arch        "LSB;label=32;scalar=64";
    note        "nPoints:27247  nCells:23976  nFaces:75088  nInternalFaces:73176";
    class       labelList;
    location    "constant/polyMesh";
    object      neighbour;
}
// * * * * * * * * * * * * * * * * * * * * * * * * * * * * * * * * * * * * * //


73176
(
1
10
100
2
11
101
3
12
102
4
13
103
5
14
104
6
15
105
7
16
106
8
17
107
9
18
108
19
109
11
20
110
12
21
111
13
22
112
14
23
113
15
24
114
16
25
115
17
26
116
18
27
117
19
28
118
29
119
21
30
120
22
31
121
23
32
122
24
33
123
25
34
124
26
35
125
27
36
126
28
37
127
29
38
128
39
129
31
40
130
32
41
131
33
42
132
34
43
133
35
44
134
36
45
135
37
46
136
38
47
137
39
48
138
49
139
41
50
140
42
51
141
43
52
142
44
53
143
45
54
144
46
55
145
47
56
146
48
57
147
49
58
148
59
149
51
60
150
52
61
151
53
62
152
54
63
153
55
64
154
56
65
155
57
66
156
58
67
157
59
68
158
69
159
61
70
160
62
71
161
63
72
162
64
73
163
65
74
164
66
75
165
67
76
166
68
77
167
69
78
168
79
169
71
80
170
72
81
171
73
82
172
74
83
173
75
84
174
76
85
175
77
86
176
78
87
177
79
88
178
89
179
81
90
180
82
91
181
83
92
182
84
93
183
85
94
184
86
95
185
87
96
186
88
97
187
89
98
188
99
189
91
190
92
191
93
192
94
193
95
194
96
195
97
196
98
197
99
198
199
101
110
200
102
111
201
103
112
202
104
113
203
105
114
204
106
115
205
107
116
206
108
117
207
109
118
208
119
209
111
120
210
112
121
211
113
122
212
114
123
213
115
124
214
116
125
215
117
126
216
118
127
217
119
128
218
129
219
121
130
220
122
131
221
123
132
222
124
133
223
125
134
224
126
135
225
127
136
226
128
137
227
129
138
228
139
229
131
140
230
132
141
231
133
142
232
134
143
233
135
144
234
136
145
235
137
146
236
138
147
237
139
148
238
149
239
141
150
240
142
151
241
143
152
242
144
153
243
145
154
244
146
155
245
147
156
246
148
157
247
149
158
248
159
249
151
160
250
152
161
251
153
162
252
154
163
253
155
164
254
156
165
255
157
166
256
158
167
257
159
168
258
169
259
161
170
260
162
171
261
163
172
262
164
173
263
165
174
264
166
175
265
167
176
266
168
177
267
169
178
268
179
269
171
180
270
172
181
271
173
182
272
174
183
273
175
184
274
176
185
275
177
186
276
178
187
277
179
188
278
189
279
181
190
280
182
191
281
183
192
282
184
193
283
185
194
284
186
195
285
187
196
286
188
197
287
189
198
288
199
289
191
290
192
291
193
292
194
293
195
294
196
295
197
296
198
297
199
298
299
201
210
300
202
211
301
203
212
302
204
213
303
205
214
304
206
215
305
207
216
306
208
217
307
209
218
308
219
309
211
220
310
212
221
311
213
222
312
214
223
313
215
224
314
216
225
315
217
226
316
218
227
317
219
228
318
229
319
221
230
320
222
231
321
223
232
322
224
233
323
225
234
324
226
235
325
227
236
326
228
237
327
229
238
328
239
329
231
240
330
232
241
331
233
242
332
234
243
333
235
244
334
236
245
335
237
246
336
238
247
337
239
248
338
249
339
241
250
340
242
251
341
243
252
342
244
253
343
245
254
344
246
255
345
247
256
346
248
257
347
249
258
348
259
349
251
260
350
252
261
351
253
262
352
254
263
353
255
264
354
256
265
355
257
266
356
258
267
357
259
268
358
269
359
261
270
360
262
271
361
263
272
362
264
273
363
265
274
364
266
275
365
267
276
366
268
277
367
269
278
368
279
369
271
280
370
272
281
371
273
282
372
274
283
373
275
284
374
276
285
375
277
286
376
278
287
377
279
288
378
289
379
281
290
380
282
291
381
283
292
382
284
293
383
285
294
384
286
295
385
287
296
386
288
297
387
289
298
388
299
389
291
390
292
391
293
392
294
393
295
394
296
395
297
396
298
397
299
398
399
301
310
400
302
311
401
303
312
402
304
313
403
305
314
404
306
315
405
307
316
406
308
317
407
309
318
408
319
409
311
320
410
312
321
411
313
322
412
314
323
413
315
324
414
316
325
415
317
326
416
318
327
417
319
328
418
329
419
321
330
420
322
331
421
323
332
422
324
333
423
325
334
424
326
335
425
327
336
426
328
337
427
329
338
428
339
429
331
340
430
332
341
431
333
342
432
334
343
433
335
344
434
336
345
435
337
346
436
338
347
437
339
348
438
349
439
341
350
440
342
351
441
343
352
442
344
353
443
345
354
444
346
355
445
347
356
446
348
357
447
349
358
448
359
449
351
360
450
352
361
451
353
362
452
354
363
453
355
364
454
356
365
455
357
366
456
358
367
457
359
368
458
369
459
361
370
460
362
371
461
363
372
462
364
373
463
365
374
464
366
375
465
367
376
466
368
377
467
369
378
468
379
469
371
380
470
372
381
471
373
382
472
374
383
473
375
384
474
376
385
475
377
386
476
378
387
477
379
388
478
389
479
381
390
480
382
391
481
383
392
482
384
393
483
385
394
484
386
395
485
387
396
486
388
397
487
389
398
488
399
489
391
490
392
491
393
492
394
493
395
494
396
495
397
496
398
497
399
498
499
401
410
500
402
411
501
403
412
502
404
413
503
405
414
504
406
415
505
407
416
506
408
417
507
409
418
508
419
509
411
420
510
412
421
511
413
422
512
414
423
513
415
424
514
416
425
515
417
426
516
418
427
517
419
428
518
429
519
421
430
520
422
431
521
423
432
522
424
433
523
425
434
524
426
435
525
427
436
526
428
437
527
429
438
528
439
529
431
440
530
432
441
531
433
442
532
434
443
533
435
444
534
436
445
535
437
446
536
438
447
537
439
448
538
449
539
441
450
540
442
451
541
443
452
542
444
453
543
445
454
544
446
455
545
447
456
546
448
457
547
449
458
548
459
549
451
460
550
452
461
551
453
462
552
454
463
553
455
464
554
456
465
555
457
466
556
458
467
557
459
468
558
469
559
461
470
560
462
471
561
463
472
562
464
473
563
465
474
564
466
475
565
467
476
566
468
477
567
469
478
568
479
569
471
480
570
472
481
571
473
482
572
474
483
573
475
484
574
476
485
575
477
486
576
478
487
577
479
488
578
489
579
481
490
580
482
491
581
483
492
582
484
493
583
485
494
584
486
495
585
487
496
586
488
497
587
489
498
588
499
589
491
590
492
591
493
592
494
593
495
594
496
595
497
596
498
597
499
598
599
501
510
600
502
511
601
503
512
602
504
513
603
505
514
604
506
515
605
507
516
606
508
517
607
509
518
608
519
609
511
520
610
512
521
611
513
522
612
514
523
613
515
524
614
516
525
615
517
526
616
518
527
617
519
528
618
529
619
521
530
620
522
531
621
523
532
622
524
533
623
525
534
624
526
535
625
527
536
626
528
537
627
529
538
628
539
629
531
540
630
532
541
631
533
542
632
534
543
633
535
544
634
536
545
635
537
546
636
538
547
637
539
548
638
549
639
541
550
640
542
551
641
543
552
642
544
553
643
545
554
644
546
555
645
547
556
646
548
557
647
549
558
648
559
649
551
560
650
552
561
651
553
562
652
554
563
653
555
564
654
556
565
655
557
566
656
558
567
657
559
568
658
569
659
561
570
660
562
571
661
563
572
662
564
573
663
565
574
664
566
575
665
567
576
666
568
577
667
569
578
668
579
669
571
580
670
572
581
671
573
582
672
574
583
673
575
584
674
576
585
675
577
586
676
578
587
677
579
588
678
589
679
581
590
680
582
591
681
583
592
682
584
593
683
585
594
684
586
595
685
587
596
686
588
597
687
589
598
688
599
689
591
690
592
691
593
692
594
693
595
694
596
695
597
696
598
697
599
698
699
601
610
700
602
611
701
603
612
702
604
613
703
605
614
704
606
615
705
607
616
706
608
617
707
609
618
708
619
709
611
620
710
612
621
711
613
622
712
614
623
713
615
624
714
616
625
715
617
626
716
618
627
717
619
628
718
629
719
621
630
720
622
631
721
623
632
722
624
633
723
625
634
724
626
635
725
627
636
726
628
637
727
629
638
728
639
729
631
640
730
632
641
731
633
642
732
634
643
733
635
644
734
636
645
735
637
646
736
638
647
737
639
648
738
649
739
641
650
740
642
651
741
643
652
742
644
653
743
645
654
744
646
655
745
647
656
746
648
657
747
649
658
748
659
749
651
660
750
652
661
751
653
662
752
654
663
753
655
664
754
656
665
755
657
666
756
658
667
757
659
668
758
669
759
661
670
760
662
671
761
663
672
762
664
673
763
665
674
764
666
675
765
667
676
766
668
677
767
669
678
768
679
769
671
680
770
672
681
771
673
682
772
674
683
773
675
684
774
676
685
775
677
686
776
678
687
777
679
688
778
689
779
681
690
780
682
691
781
683
692
782
684
693
783
685
694
784
686
695
785
687
696
786
688
697
787
689
698
788
699
789
691
790
692
791
693
792
694
793
695
794
696
795
697
796
698
797
699
798
799
701
710
800
702
711
801
703
712
802
704
713
803
705
714
804
706
715
805
707
716
806
708
717
807
709
718
808
719
809
711
720
810
712
721
811
713
722
812
714
723
813
715
724
814
716
725
815
717
726
816
718
727
817
719
728
818
729
819
721
730
820
722
731
821
723
732
822
724
733
823
725
734
824
726
735
825
727
736
826
728
737
827
729
738
828
739
829
731
740
830
732
741
831
733
742
832
734
743
833
735
744
834
736
745
835
737
746
836
738
747
837
739
748
838
749
839
741
750
840
742
751
841
743
752
842
744
753
843
745
754
844
746
755
845
747
756
846
748
757
847
749
758
848
759
849
751
760
850
752
761
851
753
762
852
754
763
853
755
764
854
756
765
855
757
766
856
758
767
857
759
768
858
769
859
761
770
860
762
771
861
763
772
862
764
773
863
765
774
864
766
775
865
767
776
866
768
777
867
769
778
868
779
869
771
780
870
772
781
871
773
782
872
774
783
873
775
784
874
776
785
875
777
786
876
778
787
877
779
788
878
789
879
781
790
880
782
791
881
783
792
882
784
793
883
785
794
884
786
795
885
787
796
886
788
797
887
789
798
888
799
889
791
890
792
891
793
892
794
893
795
894
796
895
797
896
798
897
799
898
899
801
810
900
802
811
901
803
812
902
804
813
903
805
814
904
806
815
905
807
816
906
808
817
907
809
818
908
819
909
811
820
910
812
821
911
813
822
912
814
823
913
815
824
914
816
825
915
817
826
916
818
827
917
819
828
918
829
919
821
830
920
822
831
921
823
832
922
824
833
923
825
834
924
826
835
925
827
836
926
828
837
927
829
838
928
839
929
831
840
930
832
841
931
833
842
932
834
843
933
835
844
934
836
845
935
837
846
936
838
847
937
839
848
938
849
939
841
850
940
842
851
941
843
852
942
844
853
943
845
854
944
846
855
945
847
856
946
848
857
947
849
858
948
859
949
851
860
950
852
861
951
853
862
952
854
863
953
855
864
954
856
865
955
857
866
956
858
867
957
859
868
958
869
959
861
870
960
862
871
961
863
872
962
864
873
963
865
874
964
866
875
965
867
876
966
868
877
967
869
878
968
879
969
871
880
970
872
881
971
873
882
972
874
883
973
875
884
974
876
885
975
877
886
976
878
887
977
879
888
978
889
979
881
890
980
882
891
981
883
892
982
884
893
983
885
894
984
886
895
985
887
896
986
888
897
987
889
898
988
899
989
891
990
892
991
893
992
894
993
895
994
896
995
897
996
898
997
899
998
999
901
910
1000
902
911
1001
903
912
1002
904
913
1003
905
914
1004
906
915
1005
907
916
1006
908
917
1007
909
918
1008
919
1009
911
920
1010
912
921
1011
913
922
1012
914
923
1013
915
924
1014
916
925
1015
917
926
1016
918
927
1017
919
928
1018
929
1019
921
930
1020
922
931
1021
923
932
1022
924
933
1023
925
934
1024
926
935
1025
927
936
1026
928
937
1027
929
938
1028
939
1029
931
940
1030
932
941
1031
933
942
1032
934
943
1033
935
944
1034
936
945
1035
937
946
1036
938
947
1037
939
948
1038
949
1039
941
950
1040
942
951
1041
943
952
1042
944
953
1043
945
954
1044
946
955
1045
947
956
1046
948
957
1047
949
958
1048
959
1049
951
960
1050
952
961
1051
953
962
1052
954
963
1053
955
964
1054
956
965
1055
957
966
1056
958
967
1057
959
968
1058
969
1059
961
970
1060
962
971
1061
963
972
1062
964
973
1063
965
974
1064
966
975
1065
967
976
1066
968
977
1067
969
978
1068
979
1069
971
980
1070
972
981
1071
973
982
1072
974
983
1073
975
984
1074
976
985
1075
977
986
1076
978
987
1077
979
988
1078
989
1079
981
990
1080
982
991
1081
983
992
1082
984
993
1083
985
994
1084
986
995
1085
987
996
1086
988
997
1087
989
998
1088
999
1089
991
1090
992
1091
993
1092
994
1093
995
1094
996
1095
997
1096
998
1097
999
1098
1099
1001
1010
1100
1002
1011
1101
1003
1012
1102
1004
1013
1103
1005
1014
1104
1006
1015
1105
1007
1016
1106
1008
1017
1107
1009
1018
1108
1019
1109
1011
1020
1110
1012
1021
1111
1013
1022
1112
1014
1023
1113
1015
1024
1114
1016
1025
1115
1017
1026
1116
1018
1027
1117
1019
1028
1118
1029
1119
1021
1030
1120
1022
1031
1121
1023
1032
1122
1024
1033
1123
1025
1034
1124
1026
1035
1125
1027
1036
1126
1028
1037
1127
1029
1038
1128
1039
1129
1031
1040
1130
1032
1041
1131
1033
1042
1132
1034
1043
1133
1035
1044
1134
1036
1045
1135
1037
1046
1136
1038
1047
1137
1039
1048
1138
1049
1139
1041
1050
1140
1042
1051
1141
1043
1052
1142
1044
1053
1143
1045
1054
1144
1046
1055
1145
1047
1056
1146
1048
1057
1147
1049
1058
1148
1059
1149
1051
1060
1150
1052
1061
1151
1053
1062
1152
1054
1063
1153
1055
1064
1154
1056
1065
1155
1057
1066
1156
1058
1067
1157
1059
1068
1158
1069
1159
1061
1070
1160
1062
1071
1161
1063
1072
1162
1064
1073
1163
1065
1074
1164
1066
1075
1165
1067
1076
1166
1068
1077
1167
1069
1078
1168
1079
1169
1071
1080
1170
1072
1081
1171
1073
1082
1172
1074
1083
1173
1075
1084
1174
1076
1085
1175
1077
1086
1176
1078
1087
1177
1079
1088
1178
1089
1179
1081
1090
1180
1082
1091
1181
1083
1092
1182
1084
1093
1183
1085
1094
1184
1086
1095
1185
1087
1096
1186
1088
1097
1187
1089
1098
1188
1099
1189
1091
1190
1092
1191
1093
1192
1094
1193
1095
1194
1096
1195
1097
1196
1098
1197
1099
1198
1199
1101
1110
1200
1102
1111
1201
1103
1112
1202
1104
1113
1203
1105
1114
1204
1106
1115
1205
1107
1116
1206
1108
1117
1207
1109
1118
1208
1119
1209
1111
1120
1210
1112
1121
1211
1113
1122
1212
1114
1123
1213
1115
1124
1214
1116
1125
1215
1117
1126
1216
1118
1127
1217
1119
1128
1218
1129
1219
1121
1130
1220
1122
1131
1221
1123
1132
1222
1124
1133
1223
1125
1134
1224
1126
1135
1225
1127
1136
1226
1128
1137
1227
1129
1138
1228
1139
1229
1131
1140
1230
1132
1141
1231
1133
1142
1232
1134
1143
1233
1135
1144
1234
1136
1145
1235
1137
1146
1236
1138
1147
1237
1139
1148
1238
1149
1239
1141
1150
1240
1142
1151
1241
1143
1152
1242
1144
1153
1243
1145
1154
1244
1146
1155
1245
1147
1156
1246
1148
1157
1247
1149
1158
1248
1159
1249
1151
1160
1250
1152
1161
1251
1153
1162
1252
1154
1163
1253
1155
1164
1254
1156
1165
1255
1157
1166
1256
1158
1167
1257
1159
1168
1258
1169
1259
1161
1170
1260
1162
1171
1261
1163
1172
1262
1164
1173
1263
1165
1174
1264
1166
1175
1265
1167
1176
1266
1168
1177
1267
1169
1178
1268
1179
1269
1171
1180
1270
1172
1181
1271
1173
1182
1272
1174
1183
1273
1175
1184
1274
1176
1185
1275
1177
1186
1276
1178
1187
1277
1179
1188
1278
1189
1279
1181
1190
1280
1182
1191
1281
1183
1192
1282
1184
1193
1283
1185
1194
1284
1186
1195
1285
1187
1196
1286
1188
1197
1287
1189
1198
1288
1199
1289
1191
1290
1192
1291
1193
1292
1194
1293
1195
1294
1196
1295
1197
1296
1198
1297
1199
1298
1299
1201
1210
1300
1202
1211
1301
1203
1212
1302
1204
1213
1303
1205
1214
1304
1206
1215
1305
1207
1216
1306
1208
1217
1307
1209
1218
1308
1219
1309
1211
1220
1310
1212
1221
1311
1213
1222
1312
1214
1223
1313
1215
1224
1314
1216
1225
1315
1217
1226
1316
1218
1227
1317
1219
1228
1318
1229
1319
1221
1230
1320
1222
1231
1321
1223
1232
1322
1224
1233
1323
1225
1234
1324
1226
1235
1325
1227
1236
1326
1228
1237
1327
1229
1238
1328
1239
1329
1231
1240
1330
1232
1241
1331
1233
1242
1332
1234
1243
1333
1235
1244
1334
1236
1245
1335
1237
1246
1336
1238
1247
1337
1239
1248
1338
1249
1339
1241
1250
1340
1242
1251
1341
1243
1252
1342
1244
1253
1343
1245
1254
1344
1246
1255
1345
1247
1256
1346
1248
1257
1347
1249
1258
1348
1259
1349
1251
1260
1350
1252
1261
1351
1253
1262
1352
1254
1263
1353
1255
1264
1354
1256
1265
1355
1257
1266
1356
1258
1267
1357
1259
1268
1358
1269
1359
1261
1270
1360
1262
1271
1361
1263
1272
1362
1264
1273
1363
1265
1274
1364
1266
1275
1365
1267
1276
1366
1268
1277
1367
1269
1278
1368
1279
1369
1271
1280
1370
1272
1281
1371
1273
1282
1372
1274
1283
1373
1275
1284
1374
1276
1285
1375
1277
1286
1376
1278
1287
1377
1279
1288
1378
1289
1379
1281
1290
1380
1282
1291
1381
1283
1292
1382
1284
1293
1383
1285
1294
1384
1286
1295
1385
1287
1296
1386
1288
1297
1387
1289
1298
1388
1299
1389
1291
1390
1292
1391
1293
1392
1294
1393
1295
1394
1296
1395
1297
1396
1298
1397
1299
1398
1399
1301
1310
1400
1302
1311
1401
1303
1312
1402
1304
1313
1403
1305
1314
1404
1306
1315
1405
1307
1316
1406
1308
1317
1407
1309
1318
1408
1319
1409
1311
1320
1410
1312
1321
1411
1313
1322
1412
1314
1323
1413
1315
1324
1414
1316
1325
1415
1317
1326
1416
1318
1327
1417
1319
1328
1418
1329
1419
1321
1330
1420
1322
1331
1421
1323
1332
1422
1324
1333
1423
1325
1334
1424
1326
1335
1425
1327
1336
1426
1328
1337
1427
1329
1338
1428
1339
1429
1331
1340
1430
1332
1341
1431
1333
1342
1432
1334
1343
1433
1335
1344
1434
1336
1345
1435
1337
1346
1436
1338
1347
1437
1339
1348
1438
1349
1439
1341
1350
1440
1342
1351
1441
1343
1352
1442
1344
1353
1443
1345
1354
1444
1346
1355
1445
1347
1356
1446
1348
1357
1447
1349
1358
1448
1359
1449
1351
1360
1450
1352
1361
1451
1353
1362
1452
1354
1363
1453
1355
1364
1454
1356
1365
1455
1357
1366
1456
1358
1367
1457
1359
1368
1458
1369
1459
1361
1370
1460
1362
1371
1461
1363
1372
1462
1364
1373
1463
1365
1374
1464
1366
1375
1465
1367
1376
1466
1368
1377
1467
1369
1378
1468
1379
1469
1371
1380
1470
1372
1381
1471
1373
1382
1472
1374
1383
1473
1375
1384
1474
1376
1385
1475
1377
1386
1476
1378
1387
1477
1379
1388
1478
1389
1479
1381
1390
1480
1382
1391
1481
1383
1392
1482
1384
1393
1483
1385
1394
1484
1386
1395
1485
1387
1396
1486
1388
1397
1487
1389
1398
1488
1399
1489
1391
1490
1392
1491
1393
1492
1394
1493
1395
1494
1396
1495
1397
1496
1398
1497
1399
1498
1499
1401
1410
1500
1402
1411
1501
1403
1412
1502
1404
1413
1503
1405
1414
1504
1406
1415
1505
1407
1416
1506
1408
1417
1507
1409
1418
1508
1419
1509
1411
1420
1510
1412
1421
1511
1413
1422
1512
1414
1423
1513
1415
1424
1514
1416
1425
1515
1417
1426
1516
1418
1427
1517
1419
1428
1518
1429
1519
1421
1430
1520
1422
1431
1521
1423
1432
1522
1424
1433
1523
1425
1434
1524
1426
1435
1525
1427
1436
1526
1428
1437
1527
1429
1438
1528
1439
1529
1431
1440
1530
1432
1441
1531
1433
1442
1532
1434
1443
1533
1435
1444
1534
1436
1445
1535
1437
1446
1536
1438
1447
1537
1439
1448
1538
1449
1539
1441
1450
1540
1442
1451
1541
1443
1452
1542
1444
1453
1543
1445
1454
1544
1446
1455
1545
1447
1456
1546
1448
1457
1547
1449
1458
1548
1459
1549
1451
1460
1550
1452
1461
1551
1453
1462
1552
1454
1463
1553
1455
1464
1554
1456
1465
1555
1457
1466
1556
1458
1467
1557
1459
1468
1558
1469
1559
1461
1470
1560
1462
1471
1561
1463
1472
1562
1464
1473
1563
1465
1474
1564
1466
1475
1565
1467
1476
1566
1468
1477
1567
1469
1478
1568
1479
1569
1471
1480
1570
1472
1481
1571
1473
1482
1572
1474
1483
1573
1475
1484
1574
1476
1485
1575
1477
1486
1576
1478
1487
1577
1479
1488
1578
1489
1579
1481
1490
1580
1482
1491
1581
1483
1492
1582
1484
1493
1583
1485
1494
1584
1486
1495
1585
1487
1496
1586
1488
1497
1587
1489
1498
1588
1499
1589
1491
1590
1492
1591
1493
1592
1494
1593
1495
1594
1496
1595
1497
1596
1498
1597
1499
1598
1599
1501
1510
1600
1502
1511
1601
1503
1512
1602
1504
1513
1603
1505
1514
1604
1506
1515
1605
1507
1516
1606
1508
1517
1607
1509
1518
1608
1519
1609
1511
1520
1610
1512
1521
1611
1513
1522
1612
1514
1523
1613
1515
1524
1614
1516
1525
1615
1517
1526
1616
1518
1527
1617
1519
1528
1618
1529
1619
1521
1530
1620
1522
1531
1621
1523
1532
1622
1524
1533
1623
1525
1534
1624
1526
1535
1625
1527
1536
1626
1528
1537
1627
1529
1538
1628
1539
1629
1531
1540
1630
1532
1541
1631
1533
1542
1632
1534
1543
1633
1535
1544
1634
1536
1545
1635
1537
1546
1636
1538
1547
1637
1539
1548
1638
1549
1639
1541
1550
1640
1542
1551
1641
1543
1552
1642
1544
1553
1643
1545
1554
1644
1546
1555
1645
1547
1556
1646
1548
1557
1647
1549
1558
1648
1559
1649
1551
1560
1650
1552
1561
1651
1553
1562
1652
1554
1563
1653
1555
1564
1654
1556
1565
1655
1557
1566
1656
1558
1567
1657
1559
1568
1658
1569
1659
1561
1570
1660
1562
1571
1661
1563
1572
1662
1564
1573
1663
1565
1574
1664
1566
1575
1665
1567
1576
1666
1568
1577
1667
1569
1578
1668
1579
1669
1571
1580
1670
1572
1581
1671
1573
1582
1672
1574
1583
1673
1575
1584
1674
1576
1585
1675
1577
1586
1676
1578
1587
1677
1579
1588
1678
1589
1679
1581
1590
1680
1582
1591
1681
1583
1592
1682
1584
1593
1683
1585
1594
1684
1586
1595
1685
1587
1596
1686
1588
1597
1687
1589
1598
1688
1599
1689
1591
1690
1592
1691
1593
1692
1594
1693
1595
1694
1596
1695
1597
1696
1598
1697
1599
1698
1699
1601
1610
1700
1602
1611
1701
1603
1612
1702
1604
1613
1703
1605
1614
1704
1606
1615
1705
1607
1616
1706
1608
1617
1707
1609
1618
1708
1619
1709
1611
1620
1710
1612
1621
1711
1613
1622
1712
1614
1623
1713
1615
1624
1714
1616
1625
1715
1617
1626
1716
1618
1627
1717
1619
1628
1718
1629
1719
1621
1630
1720
1622
1631
1721
1623
1632
1722
6016
6017
6018
1624
1633
1723
6023
6024
6025
1625
1634
1724
6030
6031
6032
1626
1635
1725
6037
6038
6039
1627
1636
1726
6044
6045
6046
1628
1637
1727
6051
6052
6053
1629
1638
1728
1639
1729
1631
1640
1730
1632
1641
1731
1633
1642
1732
6058
6059
6060
1634
1643
1733
6065
6066
6067
1635
1644
1734
6072
6073
6074
1636
1645
1735
6079
6080
6081
1637
1646
1736
6086
6087
6088
1638
1647
1737
6093
6094
6095
1639
1648
1738
1649
1739
1641
1650
1740
1642
1651
1741
1643
1652
1742
6100
6101
6102
1644
1653
1743
6107
6108
6109
1645
1654
1744
6114
6115
6116
1646
1655
1745
6121
6122
6123
1647
1656
1746
6128
6129
6130
1648
1657
1747
6135
6136
6137
1649
1658
1748
1659
1749
1651
1660
1750
1652
1661
1751
1653
1662
1752
6142
6143
6144
1654
1663
1753
6149
6150
6151
1655
1664
1754
6156
6157
6158
1656
1665
1755
6163
6164
6165
1657
1666
1756
6170
6171
6172
1658
1667
1757
6177
6178
6179
1659
1668
1758
1669
1759
1661
1670
1760
1662
1671
1761
1663
1672
1762
6184
6185
6186
1664
1673
1763
6191
6192
6193
1665
1674
1764
6198
6199
6200
1666
1675
1765
6205
6206
6207
1667
1676
1766
6212
6213
6214
1668
1677
1767
6219
6220
6221
1669
1678
1768
1679
1769
1671
1680
1770
1672
1681
1771
1673
1682
1772
6226
6227
6228
1674
1683
1773
6233
6234
6235
1675
1684
1774
6240
6241
6242
1676
1685
1775
6247
6248
6249
1677
1686
1776
6254
6255
6256
1678
1687
1777
6261
6262
6263
1679
1688
1778
1689
1779
1681
1690
1780
1682
1691
1781
1683
1692
1782
1684
1693
1783
1685
1694
1784
1686
1695
1785
1687
1696
1786
1688
1697
1787
1689
1698
1788
1699
1789
1691
1790
1692
1791
1693
1792
1694
1793
1695
1794
1696
1795
1697
1796
1698
1797
1699
1798
1799
1701
1710
1800
1702
1711
1801
1703
1712
1802
1704
1713
1803
1705
1714
1804
1706
1715
1805
1707
1716
1806
1708
1717
1807
1709
1718
1808
1719
1809
1711
1720
1810
1712
1721
1811
1713
1722
1812
6016
6019
6020
6268
6269
6270
1714
1723
1813
6023
6026
6027
6275
6276
6277
1715
1724
1814
6030
6033
6034
6282
6283
6284
1716
1725
1815
6037
6040
6041
6289
6290
6291
1717
1726
1816
6044
6047
6048
6296
6297
6298
1718
1727
1817
6051
6054
6055
6303
6304
6305
1719
1728
1818
1729
1819
1721
1730
1820
1722
1731
1821
6017
6019
6021
6310
6311
6312
6016
6017
6019
6016
6023
6024
6026
6023
6030
6031
6033
6030
6037
6038
6040
6037
6044
6045
6047
6044
6051
6052
6054
1729
1738
1828
6051
6053
6055
6057
6359
6360
6361
1739
1829
1731
1740
1830
1732
1741
1831
6059
6061
6063
6366
6367
6368
6017
6058
6059
6061
6024
6058
6065
6066
6068
6031
6065
6072
6073
6075
6038
6072
6079
6080
6082
6045
6079
6086
6087
6089
6052
6086
6093
6094
6096
1739
1748
1838
6093
6095
6097
6099
6415
6416
6417
1749
1839
1741
1750
1840
1742
1751
1841
6101
6103
6105
6422
6423
6424
6059
6100
6101
6103
6066
6100
6107
6108
6110
6073
6107
6114
6115
6117
6080
6114
6121
6122
6124
6087
6121
6128
6129
6131
6094
6128
6135
6136
6138
1749
1758
1848
6135
6137
6139
6141
6471
6472
6473
1759
1849
1751
1760
1850
1752
1761
1851
6143
6145
6147
6478
6479
6480
6101
6142
6143
6145
6108
6142
6149
6150
6152
6115
6149
6156
6157
6159
6122
6156
6163
6164
6166
6129
6163
6170
6171
6173
6136
6170
6177
6178
6180
1759
1768
1858
6177
6179
6181
6183
6527
6528
6529
1769
1859
1761
1770
1860
1762
1771
1861
6185
6187
6189
6534
6535
6536
6143
6184
6185
6187
6150
6184
6191
6192
6194
6157
6191
6198
6199
6201
6164
6198
6205
6206
6208
6171
6205
6212
6213
6215
6178
6212
6219
6220
6222
1769
1778
1868
6219
6221
6223
6225
6583
6584
6585
1779
1869
1771
1780
1870
1772
1781
1871
6227
6229
6231
6590
6591
6592
6185
6226
6227
6229
6192
6226
6233
6234
6236
6199
6233
6240
6241
6243
6206
6240
6247
6248
6250
6213
6247
6254
6255
6257
6220
6254
6261
6262
6264
1779
1788
1878
6261
6263
6265
6267
6639
6640
6641
1789
1879
1781
1790
1880
1782
1791
1881
1783
1792
1882
6227
6228
6231
6232
6646
6647
6648
1784
1793
1883
6234
6235
6238
6239
6653
6654
6655
1785
1794
1884
6241
6242
6245
6246
6660
6661
6662
1786
1795
1885
6248
6249
6252
6253
6667
6668
6669
1787
1796
1886
6255
6256
6259
6260
6674
6675
6676
1788
1797
1887
6262
6263
6266
6267
6681
6682
6683
1789
1798
1888
1799
1889
1791
1890
1792
1891
1793
1892
1794
1893
1795
1894
1796
1895
1797
1896
1798
1897
1799
1898
1899
1801
1810
1900
1802
1811
1901
1803
1812
1902
6268
6271
6272
1804
1813
1903
6275
6278
6279
1805
1814
1904
6282
6285
6286
1806
1815
1905
6289
6292
6293
1807
1816
1906
6296
6299
6300
1808
1817
1907
6303
6306
6307
1809
1818
1908
1819
1909
1811
1820
1910
1812
1821
1911
6269
6271
6273
6310
6313
6314
6268
6269
6271
6268
6275
6276
6278
6275
6282
6283
6285
6282
6289
6290
6292
6289
6296
6297
6299
6296
6303
6304
6306
1819
1828
1918
6303
6305
6307
6309
6359
6362
6363
1829
1919
1821
1830
1920
6311
6313
6315
6310
6311
6313
6019
6269
6310
6318
6319
6320
4000
6026
6276
6325
6326
6327
4007
6033
6283
6332
6333
6334
4014
6040
6290
6339
6340
6341
4021
6047
6297
6346
6347
6348
4028
6054
6304
6353
6354
6355
4035
6359
6360
6362
10125
10126
10129
1839
1929
6359
6361
6363
6365
1831
1840
1930
6367
6369
6371
6311
6366
6367
6369
4001
6061
6366
6374
6375
6376
4008
4042
6068
6381
6382
6383
4015
4049
6075
6388
6389
6390
4022
4056
6082
6395
6396
6397
4029
4063
6089
6402
6403
6404
4036
4070
6096
6409
6410
6411
4077
6360
6415
6416
6418
10419
10420
10423
1849
1939
6415
6417
6419
6421
1841
1850
1940
6423
6425
6427
6367
6422
6423
6425
4043
6103
6422
6430
6431
6432
4050
4084
6110
6437
6438
6439
4057
4091
6117
6444
6445
6446
4064
4098
6124
6451
6452
6453
4071
4105
6131
6458
6459
6460
4078
4112
6138
6465
6466
6467
4119
6416
6471
6472
6474
10713
10714
10717
1859
1949
6471
6473
6475
6477
1851
1860
1950
6479
6481
6483
6423
6478
6479
6481
4085
6145
6478
6486
6487
6488
4092
4126
6152
6493
6494
6495
4099
4133
6159
6500
6501
6502
4106
4140
6166
6507
6508
6509
4113
4147
6173
6514
6515
6516
4120
4154
6180
6521
6522
6523
4161
6472
6527
6528
6530
11007
11008
11011
1869
1959
6527
6529
6531
6533
1861
1870
1960
6535
6537
6539
6479
6534
6535
6537
4127
6187
6534
6542
6543
6544
4134
4168
6194
6549
6550
6551
4141
4175
6201
6556
6557
6558
4148
4182
6208
6563
6564
6565
4155
4189
6215
6570
6571
6572
4162
4196
6222
6577
6578
6579
4203
6528
6583
6584
6586
11301
11302
11305
1879
1969
6583
6585
6587
6589
1871
1880
1970
6591
6593
6595
6535
6590
6591
6593
4169
6229
6590
6598
6599
6600
4176
4210
6236
6605
6606
6607
4183
4217
6243
6612
6613
6614
4190
4224
6250
6619
6620
6621
4197
4231
6257
6626
6627
6628
4204
4238
6264
6633
6634
6635
4245
6584
6639
6640
6642
11595
11596
11599
1889
1979
6639
6641
6643
6645
1881
1890
1980
1882
1891
1981
6591
6592
6595
6596
6647
6649
6651
4211
6646
6647
6649
11357
11358
11361
4218
6646
6653
6654
6656
11406
11407
11410
4225
6653
6660
6661
6663
11455
11456
11459
4232
6660
6667
6668
6670
11504
11505
11508
4239
6667
6674
6675
6677
11553
11554
11557
4246
6674
6681
6682
6684
11602
11603
11606
1889
1898
1988
6640
6641
6644
6645
6681
6683
6685
6687
1899
1989
1891
1990
1892
1991
1893
1992
6647
6648
6651
6652
1894
1993
6654
6655
6658
6659
1895
1994
6661
6662
6665
6666
1896
1995
6668
6669
6672
6673
1897
1996
6675
6676
6679
6680
1898
1997
6682
6683
6686
6687
1899
1998
1999
1901
1910
2000
1902
1911
2001
1903
1912
2002
6688
6691
6692
1904
1913
2003
6695
6698
6699
1905
1914
2004
6702
6705
6706
1906
1915
2005
6709
6712
6713
1907
1916
2006
6716
6719
6720
1908
1917
2007
6723
6726
6727
1909
1918
2008
1919
2009
1911
1920
2010
1912
1921
2011
6689
6691
6693
6730
6733
6734
6271
6688
6689
6691
6278
6688
6695
6696
6698
6285
6695
6702
6703
6705
6292
6702
6709
6710
6712
6299
6709
6716
6717
6719
6306
6716
6723
6724
6726
1919
1928
2018
6723
6725
6727
6729
6779
6782
6783
1929
2019
1921
1930
2020
6731
6733
6735
6313
6730
6731
6733
4003
6689
6730
6738
6739
6740
4010
4252
6696
6745
6746
6747
4017
4259
6703
6752
6753
6754
4024
4266
6710
6759
6760
6761
4031
4273
6717
6766
6767
6768
4038
4280
6724
6773
6774
6775
4287
6362
6779
6780
6782
11889
11890
11893
1939
2029
6779
6781
6783
6785
1931
1940
2030
6787
6789
6791
6369
6731
6786
6787
6789
4045
4253
6786
6794
6795
6796
4052
4260
4294
6801
6802
6803
4059
4267
4301
6808
6809
6810
4066
4274
4308
6815
6816
6817
4073
4281
4315
6822
6823
6824
4080
4288
4322
6829
6830
6831
4329
6418
6780
6835
6836
6838
12183
12184
12187
1949
2039
6835
6837
6839
6841
1941
1950
2040
6843
6845
6847
6425
6787
6842
6843
6845
4087
4295
6842
6850
6851
6852
4094
4302
4336
6857
6858
6859
4101
4309
4343
6864
6865
6866
4108
4316
4350
6871
6872
6873
4115
4323
4357
6878
6879
6880
4122
4330
4364
6885
6886
6887
4371
6474
6836
6891
6892
6894
12477
12478
12481
1959
2049
6891
6893
6895
6897
1951
1960
2050
6899
6901
6903
6481
6843
6898
6899
6901
4129
4337
6898
6906
6907
6908
4136
4344
4378
6913
6914
6915
4143
4351
4385
6920
6921
6922
4150
4358
4392
6927
6928
6929
4157
4365
4399
6934
6935
6936
4164
4372
4406
6941
6942
6943
4413
6530
6892
6947
6948
6950
12771
12772
12775
1969
2059
6947
6949
6951
6953
1961
1970
2060
6955
6957
6959
6537
6899
6954
6955
6957
4171
4379
6954
6962
6963
6964
4178
4386
4420
6969
6970
6971
4185
4393
4427
6976
6977
6978
4192
4400
4434
6983
6984
6985
4199
4407
4441
6990
6991
6992
4206
4414
4448
6997
6998
6999
4455
6586
6948
7003
7004
7006
13065
13066
13069
1979
2069
7003
7005
7007
7009
1971
1980
2070
7011
7013
7015
6593
6955
7010
7011
7013
4213
4421
7010
7018
7019
7020
4220
4428
4462
7025
7026
7027
4227
4435
4469
7032
7033
7034
4234
4442
4476
7039
7040
7041
4241
4449
4483
7046
7047
7048
4248
4456
4490
7053
7054
7055
4497
6642
7004
7059
7060
7062
13359
13360
13363
1989
2079
7059
7061
7063
7065
1981
1990
2080
1982
1991
2081
7011
7012
7015
7016
7067
7069
7071
4463
6649
7066
7067
7069
13121
13122
13125
4470
6656
7066
7073
7074
7076
13170
13171
13174
4477
6663
7073
7080
7081
7083
13219
13220
13223
4484
6670
7080
7087
7088
7090
13268
13269
13272
4491
6677
7087
7094
7095
7097
13317
13318
13321
4498
6684
7094
7101
7102
7104
13366
13367
13370
1989
1998
2088
7060
7061
7064
7065
7101
7103
7105
7107
1999
2089
1991
2090
1992
2091
1993
2092
7067
7068
7071
7072
1994
2093
7074
7075
7078
7079
1995
2094
7081
7082
7085
7086
1996
2095
7088
7089
7092
7093
1997
2096
7095
7096
7099
7100
1998
2097
7102
7103
7106
7107
1999
2098
2099
2001
2010
2100
2002
2011
2101
2003
2012
2102
7108
7111
7112
2004
2013
2103
7115
7118
7119
2005
2014
2104
7122
7125
7126
2006
2015
2105
7129
7132
7133
2007
2016
2106
7136
7139
7140
2008
2017
2107
7143
7146
7147
2009
2018
2108
2019
2109
2011
2020
2110
2012
2021
2111
7109
7111
7113
7150
7153
7154
6691
7108
7109
7111
6698
7108
7115
7116
7118
6705
7115
7122
7123
7125
6712
7122
7129
7130
7132
6719
7129
7136
7137
7139
6726
7136
7143
7144
7146
2019
2028
2118
7143
7145
7147
7149
7199
7202
7203
2029
2119
2021
2030
2120
7151
7153
7155
6733
7150
7151
7153
4255
7109
7150
7158
7159
7160
4262
4504
7116
7165
7166
7167
4269
4511
7123
7172
7173
7174
4276
4518
7130
7179
7180
7181
4283
4525
7137
7186
7187
7188
4290
4532
7144
7193
7194
7195
4539
6782
7199
7200
7202
13653
13654
13657
2039
2129
7199
7201
7203
7205
2031
2040
2130
7207
7209
7211
6789
7151
7206
7207
7209
4297
4505
7206
7214
7215
7216
4304
4512
4546
7221
7222
7223
4311
4519
4553
7228
7229
7230
4318
4526
4560
7235
7236
7237
4325
4533
4567
7242
7243
7244
4332
4540
4574
7249
7250
7251
4581
6838
7200
7255
7256
7258
13947
13948
13951
2049
2139
7255
7257
7259
7261
2041
2050
2140
7263
7265
7267
6845
7207
7262
7263
7265
4339
4547
7262
7270
7271
7272
4346
4554
4588
7277
7278
7279
4353
4561
4595
7284
7285
7286
4360
4568
4602
7291
7292
7293
4367
4575
4609
7298
7299
7300
4374
4582
4616
7305
7306
7307
4623
6894
7256
7311
7312
7314
14241
14242
14245
2059
2149
7311
7313
7315
7317
2051
2060
2150
7319
7321
7323
6901
7263
7318
7319
7321
4381
4589
7318
7326
7327
7328
4388
4596
4630
7333
7334
7335
4395
4603
4637
7340
7341
7342
4402
4610
4644
7347
7348
7349
4409
4617
4651
7354
7355
7356
4416
4624
4658
7361
7362
7363
4665
6950
7312
7367
7368
7370
14535
14536
14539
2069
2159
7367
7369
7371
7373
2061
2070
2160
7375
7377
7379
6957
7319
7374
7375
7377
4423
4631
7374
7382
7383
7384
4430
4638
4672
7389
7390
7391
4437
4645
4679
7396
7397
7398
4444
4652
4686
7403
7404
7405
4451
4659
4693
7410
7411
7412
4458
4666
4700
7417
7418
7419
4707
7006
7368
7423
7424
7426
14829
14830
14833
2079
2169
7423
7425
7427
7429
2071
2080
2170
7431
7433
7435
7013
7375
7430
7431
7433
4465
4673
7430
7438
7439
7440
4472
4680
4714
7445
7446
7447
4479
4687
4721
7452
7453
7454
4486
4694
4728
7459
7460
7461
4493
4701
4735
7466
7467
7468
4500
4708
4742
7473
7474
7475
4749
7062
7424
7479
7480
7482
15123
15124
15127
2089
2179
7479
7481
7483
7485
2081
2090
2180
2082
2091
2181
7431
7432
7435
7436
7487
7489
7491
4715
7069
7486
7487
7489
14885
14886
14889
4722
7076
7486
7493
7494
7496
14934
14935
14938
4729
7083
7493
7500
7501
7503
14983
14984
14987
4736
7090
7500
7507
7508
7510
15032
15033
15036
4743
7097
7507
7514
7515
7517
15081
15082
15085
4750
7104
7514
7521
7522
7524
15130
15131
15134
2089
2098
2188
7480
7481
7484
7485
7521
7523
7525
7527
2099
2189
2091
2190
2092
2191
2093
2192
7487
7488
7491
7492
2094
2193
7494
7495
7498
7499
2095
2194
7501
7502
7505
7506
2096
2195
7508
7509
7512
7513
2097
2196
7515
7516
7519
7520
2098
2197
7522
7523
7526
7527
2099
2198
2199
2101
2110
2200
2102
2111
2201
2103
2112
2202
7528
7531
7532
2104
2113
2203
7535
7538
7539
2105
2114
2204
7542
7545
7546
2106
2115
2205
7549
7552
7553
2107
2116
2206
7556
7559
7560
2108
2117
2207
7563
7566
7567
2109
2118
2208
2119
2209
2111
2120
2210
2112
2121
2211
7529
7531
7533
7570
7573
7574
7111
7528
7529
7531
7118
7528
7535
7536
7538
7125
7535
7542
7543
7545
7132
7542
7549
7550
7552
7139
7549
7556
7557
7559
7146
7556
7563
7564
7566
2119
2128
2218
7563
7565
7567
7569
7619
7622
7623
2129
2219
2121
2130
2220
7571
7573
7575
7153
7570
7571
7573
4507
7529
7570
7578
7579
7580
4514
4756
7536
7585
7586
7587
4521
4763
7543
7592
7593
7594
4528
4770
7550
7599
7600
7601
4535
4777
7557
7606
7607
7608
4542
4784
7564
7613
7614
7615
4791
7202
7619
7620
7622
15417
15418
15421
2139
2229
7619
7621
7623
7625
2131
2140
2230
7627
7629
7631
7209
7571
7626
7627
7629
4549
4757
7626
7634
7635
7636
4556
4764
4798
7641
7642
7643
4563
4771
4805
7648
7649
7650
4570
4778
4812
7655
7656
7657
4577
4785
4819
7662
7663
7664
4584
4792
4826
7669
7670
7671
4833
7258
7620
7675
7676
7678
15711
15712
15715
2149
2239
7675
7677
7679
7681
2141
2150
2240
7683
7685
7687
7265
7627
7682
7683
7685
4591
4799
7682
7690
7691
7692
4598
4806
4840
7697
7698
7699
4605
4813
4847
7704
7705
7706
4612
4820
4854
7711
7712
7713
4619
4827
4861
7718
7719
7720
4626
4834
4868
7725
7726
7727
4875
7314
7676
7731
7732
7734
16001
16002
16005
2159
2249
7731
7733
7735
7737
2151
2160
2250
7739
7741
7743
7321
7683
7738
7739
7741
4633
4841
7738
7746
7747
7748
4640
4848
4882
7753
7754
7755
4647
4855
4889
7760
7761
7762
4654
4862
4896
7767
7768
7769
4661
4869
4903
7774
7775
7776
4668
4876
4910
7781
7782
7783
4917
7370
7732
7787
7788
7790
16291
16292
16295
2169
2259
7787
7789
7791
7793
2161
2170
2260
7795
7797
7799
7377
7739
7794
7795
7797
4675
4883
7794
7802
7803
7804
4682
4890
4924
7809
7810
7811
4689
4897
4931
7816
7817
7818
4696
4904
4938
7823
7824
7825
4703
4911
4945
7830
7831
7832
4710
4918
4952
7837
7838
7839
4959
7426
7788
7843
7844
7846
16585
16586
16589
2179
2269
7843
7845
7847
7849
2171
2180
2270
7851
7853
7855
7433
7795
7850
7851
7853
4717
4925
7850
7858
7859
7860
4724
4932
4966
7865
7866
7867
4731
4939
4973
7872
7873
7874
4738
4946
4980
7879
7880
7881
4745
4953
4987
7886
7887
7888
4752
4960
4994
7893
7894
7895
5001
7482
7844
7899
7900
7902
16879
16880
16883
2189
2279
7899
7901
7903
7905
2181
2190
2280
2182
2191
2281
7851
7852
7855
7856
7907
7909
7911
4967
7489
7906
7907
7909
16641
16642
16645
4974
7496
7906
7913
7914
7916
16690
16691
16694
4981
7503
7913
7920
7921
7923
16739
16740
16743
4988
7510
7920
7927
7928
7930
16788
16789
16792
4995
7517
7927
7934
7935
7937
16837
16838
16841
5002
7524
7934
7941
7942
7944
16886
16887
16890
2189
2198
2288
7900
7901
7904
7905
7941
7943
7945
7947
2199
2289
2191
2290
2192
2291
2193
2292
7907
7908
7911
7912
2194
2293
7914
7915
7918
7919
2195
2294
7921
7922
7925
7926
2196
2295
7928
7929
7932
7933
2197
2296
7935
7936
7939
7940
2198
2297
7942
7943
7946
7947
2199
2298
2299
2201
2210
2300
2202
2211
2301
2203
2212
2302
7948
7951
7952
2204
2213
2303
7955
7958
7959
2205
2214
2304
7962
7965
7966
2206
2215
2305
7969
7972
7973
2207
2216
2306
7976
7979
7980
2208
2217
2307
7983
7986
7987
2209
2218
2308
2219
2309
2211
2220
2310
2212
2221
2311
7949
7951
7953
7990
7993
7994
7531
7948
7949
7951
7538
7948
7955
7956
7958
7545
7955
7962
7963
7965
7552
7962
7969
7970
7972
7559
7969
7976
7977
7979
7566
7976
7983
7984
7986
2219
2228
2318
7983
7985
7987
7989
8039
8042
8043
2229
2319
2221
2230
2320
7991
7993
7995
7573
7990
7991
7993
4759
7949
7990
7998
7999
8000
4766
5008
7956
8005
8006
8007
4773
5015
7963
8012
8013
8014
4780
5022
7970
8019
8020
8021
4787
5029
7977
8026
8027
8028
4794
5036
7984
8033
8034
8035
5043
7622
8039
8040
8042
17173
17174
17177
2239
2329
8039
8041
8043
8045
2231
2240
2330
8047
8049
8051
7629
7991
8046
8047
8049
4801
5009
8046
8054
8055
8056
4808
5016
5050
8061
8062
8063
4815
5023
5057
8068
8069
8070
4822
5030
5064
8075
8076
8077
4829
5037
5071
8082
8083
8084
4836
5044
5078
8089
8090
8091
5085
7678
8040
8095
8096
8098
17467
17468
17471
2249
2339
8095
8097
8099
8101
2241
2250
2340
8103
8105
8107
7685
8047
8102
8103
8105
4843
5051
8102
8110
8111
8112
4850
5058
5092
8117
8118
8119
4857
5065
5099
8124
8125
8126
4864
5106
8131
8132
4871
5079
5113
8137
8138
8139
4878
5086
5120
8144
8145
8146
5127
7734
8096
8150
8151
8153
17758
17759
17762
2259
2349
8150
8152
8154
8156
2251
2260
2350
8158
8160
8162
7741
8103
8157
8158
8160
4885
5093
8157
8165
8166
8167
4892
5100
5134
8172
8173
8174
4899
5107
8179
8180
4906
5114
5148
8185
8186
8187
4913
5121
8192
8193
8194
4920
5128
5162
8199
8200
8201
5169
7790
8151
8205
8206
8208
18049
18050
18053
2269
2359
8205
8207
8209
8211
2261
2270
2360
8213
8215
8217
7797
8158
8212
8213
8215
4927
5135
8212
8220
8221
8222
4934
5142
5176
8227
8228
8229
4941
5149
5183
8234
8235
8236
4948
5190
8241
8242
8243
4955
5163
5197
8248
8249
8250
4962
5170
5204
8255
8256
8257
5211
7846
8206
8261
8262
8264
18343
18344
18347
2279
2369
8261
8263
8265
8267
2271
2280
2370
8269
8271
8273
7853
8213
8268
8269
8271
4969
5177
8268
8276
8277
8278
4976
5184
5218
8283
8284
8285
4983
5191
5225
8290
8291
8292
4990
5198
5232
8297
8298
8299
4997
5205
5239
8304
8305
8306
5004
5212
5246
8311
8312
8313
5253
7902
8262
8317
8318
8320
18637
18638
18641
2289
2379
8317
8319
8321
8323
2281
2290
2380
2282
2291
2381
8269
8270
8273
8274
8325
8327
8329
5219
7909
8324
8325
8327
18399
18400
18403
5226
7916
8324
8331
8332
8334
18448
18449
18452
5233
7923
8331
8338
8339
8341
18497
18498
18501
5240
7930
8338
8345
8346
8348
18546
18547
18550
5247
7937
8345
8352
8353
8355
18595
18596
18599
5254
7944
8352
8359
8360
8362
18644
18645
18648
2289
2298
2388
8318
8319
8322
8323
8359
8361
8363
8365
2299
2389
2291
2390
2292
2391
2293
2392
8325
8326
8329
8330
2294
2393
8332
8333
8336
8337
2295
2394
8339
8340
8343
8344
2296
2395
8346
8347
8350
8351
2297
2396
8353
8354
8357
8358
2298
2397
8360
8361
8364
8365
2299
2398
2399
2301
2310
2400
2302
2311
2401
2303
2312
2402
8366
8369
8370
2304
2313
2403
8373
8376
8377
2305
2314
2404
8380
8383
8384
2306
2315
2405
8387
8390
8391
2307
2316
2406
8394
8397
8398
2308
2317
2407
8401
8404
8405
2309
2318
2408
2319
2409
2311
2320
2410
2312
2321
2411
8367
8369
8371
8408
8411
8412
7951
8366
8367
8369
7958
8366
8373
8374
8376
7965
8373
8380
8381
8383
7972
8380
8387
8388
8390
7979
8387
8394
8395
8397
7986
8394
8401
8402
8404
2319
2328
2418
8401
8403
8405
8407
8457
8460
8461
2329
2419
2321
2330
2420
8409
8411
8413
7993
8408
8409
8411
5011
8367
8408
8416
8417
8418
5018
5260
8374
8423
8424
8425
5025
5267
8381
8430
8431
8432
5032
5274
8388
8437
8438
8439
5039
5281
8395
8444
8445
8446
5046
5288
8402
8451
8452
8453
5295
8042
8457
8458
8460
18931
18932
18935
2339
2429
8457
8459
8461
8463
2331
2340
2430
8465
8467
8469
8049
8409
8464
8465
8467
5053
5261
8464
8472
8473
8474
5060
5268
5302
8479
8480
8481
5067
5275
5309
8486
8487
8488
5074
5282
5316
8493
8494
8495
5081
5289
5323
8500
8501
8502
5088
5296
5330
8507
8508
8509
5337
8098
8458
8513
8514
8516
19225
19226
19229
2349
2439
8513
8515
8517
8519
2341
2350
2440
8521
8523
8525
8105
8465
8520
8521
8523
5095
5303
8520
8528
8529
8530
5102
5310
5344
8535
8536
8537
5109
5317
5351
8542
8543
8544
5116
5324
5358
8549
8550
8551
5123
5331
5365
8556
8557
8558
5130
5338
5372
8563
8564
8565
5379
8153
8514
8569
8570
8572
19519
19520
19523
2359
2449
8569
8571
8573
8575
2351
2360
2450
8577
8579
8581
8160
8521
8576
8577
8579
5137
5345
8576
8584
8585
8586
5144
5352
5386
8591
8592
8593
5151
5359
5393
8598
8599
8600
5158
5366
5400
8605
8606
8607
5165
5373
5407
8612
8613
8614
5172
5380
5414
8619
8620
8621
5421
8208
8570
8625
8626
8628
19813
19814
19817
2369
2459
8625
8627
8629
8631
2361
2370
2460
8633
8635
8637
8215
8577
8632
8633
8635
5179
5387
8632
8640
8641
8642
5186
5394
5428
8647
8648
8649
5193
5401
5435
8654
8655
8656
5200
5408
5442
8661
8662
8663
5207
5415
5449
8668
8669
8670
5214
5422
5456
8675
8676
8677
5463
8264
8626
8681
8682
8684
20107
20108
20111
2379
2469
8681
8683
8685
8687
2371
2380
2470
8689
8691
8693
8271
8633
8688
8689
8691
5221
5429
8688
8696
8697
8698
5228
5436
5470
8703
8704
8705
5235
5443
5477
8710
8711
8712
5242
5450
5484
8717
8718
8719
5249
5457
5491
8724
8725
8726
5256
5464
5498
8731
8732
8733
5505
8320
8682
8737
8738
8740
20401
20402
20405
2389
2479
8737
8739
8741
8743
2381
2390
2480
2382
2391
2481
8689
8690
8693
8694
8745
8747
8749
5471
8327
8744
8745
8747
20163
20164
20167
5478
8334
8744
8751
8752
8754
20212
20213
20216
5485
8341
8751
8758
8759
8761
20261
20262
20265
5492
8348
8758
8765
8766
8768
20310
20311
20314
5499
8355
8765
8772
8773
8775
20359
20360
20363
5506
8362
8772
8779
8780
8782
20408
20409
20412
2389
2398
2488
8738
8739
8742
8743
8779
8781
8783
8785
2399
2489
2391
2490
2392
2491
2393
2492
8745
8746
8749
8750
2394
2493
8752
8753
8756
8757
2395
2494
8759
8760
8763
8764
2396
2495
8766
8767
8770
8771
2397
2496
8773
8774
8777
8778
2398
2497
8780
8781
8784
8785
2399
2498
2499
2401
2410
2500
2402
2411
2501
2403
2412
2502
8786
8789
8790
2404
2413
2503
8793
8796
8797
2405
2414
2504
8800
8803
8804
2406
2415
2505
8807
8810
8811
2407
2416
2506
8814
8817
8818
2408
2417
2507
8821
8824
8825
2409
2418
2508
2419
2509
2411
2420
2510
2412
2421
2511
8787
8789
8791
8828
8831
8832
8369
8786
8787
8789
8376
8786
8793
8794
8796
8383
8793
8800
8801
8803
8390
8800
8807
8808
8810
8397
8807
8814
8815
8817
8404
8814
8821
8822
8824
2419
2428
2518
8821
8823
8825
8827
8877
8880
8881
2429
2519
2421
2430
2520
8829
8831
8833
8411
8828
8829
8831
5263
8787
8828
8836
8837
8838
5270
5512
8794
8843
8844
8845
5277
5519
8801
8850
8851
8852
5284
5526
8808
8857
8858
8859
5291
5533
8815
8864
8865
8866
5298
5540
8822
8871
8872
8873
5547
8460
8877
8878
8880
20695
20696
20699
2439
2529
8877
8879
8881
8883
2431
2440
2530
8885
8887
8889
8467
8829
8884
8885
8887
5305
5513
8884
8892
8893
8894
5312
5520
5554
8899
8900
8901
5319
5527
5561
8906
8907
8908
5326
5534
5568
8913
8914
8915
5333
5541
5575
8920
8921
8922
5340
5548
5582
8927
8928
8929
5589
8516
8878
8933
8934
8936
20989
20990
20993
2449
2539
8933
8935
8937
8939
2441
2450
2540
8941
8943
8945
8523
8885
8940
8941
8943
5347
5555
8940
8948
8949
8950
5354
5562
5596
8955
8956
8957
5361
5569
5603
8962
8963
8964
5368
5576
5610
8969
8970
8971
5375
5583
5617
8976
8977
8978
5382
5590
5624
8983
8984
8985
5631
8572
8934
8989
8990
8992
21283
21284
21287
2459
2549
8989
8991
8993
8995
2451
2460
2550
8997
8999
9001
8579
8941
8996
8997
8999
5389
5597
8996
9004
9005
9006
5396
5604
5638
9011
9012
9013
5403
5611
5645
9018
9019
9020
5410
5618
5652
9025
9026
9027
5417
5625
5659
9032
9033
9034
5424
5632
5666
9039
9040
9041
5673
8628
8990
9045
9046
9048
21577
21578
21581
2469
2559
9045
9047
9049
9051
2461
2470
2560
9053
9055
9057
8635
8997
9052
9053
9055
5431
5639
9052
9060
9061
9062
5438
5646
5680
9067
9068
9069
5445
5653
5687
9074
9075
9076
5452
5660
5694
9081
9082
9083
5459
5667
5701
9088
9089
9090
5466
5674
5708
9095
9096
9097
5715
8684
9046
9101
9102
9104
21871
21872
21875
2479
2569
9101
9103
9105
9107
2471
2480
2570
9109
9111
9113
8691
9053
9108
9109
9111
5473
5681
9108
9116
9117
9118
5480
5688
5722
9123
9124
9125
5487
5695
5729
9130
9131
9132
5494
5702
5736
9137
9138
9139
5501
5709
5743
9144
9145
9146
5508
5716
5750
9151
9152
9153
5757
8740
9102
9157
9158
9160
22165
22166
22169
2489
2579
9157
9159
9161
9163
2481
2490
2580
2482
2491
2581
9109
9110
9113
9114
9165
9167
9169
5723
8747
9164
9165
9167
21927
21928
21931
5730
8754
9164
9171
9172
9174
21976
21977
21980
5737
8761
9171
9178
9179
9181
22025
22026
22029
5744
8768
9178
9185
9186
9188
22074
22075
22078
5751
8775
9185
9192
9193
9195
22123
22124
22127
5758
8782
9192
9199
9200
9202
22172
22173
22176
2489
2498
2588
9158
9159
9162
9163
9199
9201
9203
9205
2499
2589
2491
2590
2492
2591
2493
2592
9165
9166
9169
9170
2494
2593
9172
9173
9176
9177
2495
2594
9179
9180
9183
9184
2496
2595
9186
9187
9190
9191
2497
2596
9193
9194
9197
9198
2498
2597
9200
9201
9204
9205
2499
2598
2599
2501
2510
2600
2502
2511
2601
2503
2512
2602
9206
9209
9210
2504
2513
2603
9213
9216
9217
2505
2514
2604
9220
9223
9224
2506
2515
2605
9227
9230
9231
2507
2516
2606
9234
9237
9238
2508
2517
2607
9241
9244
9245
2509
2518
2608
2519
2609
2511
2520
2610
2512
2521
2611
9207
9209
9211
9248
9251
9252
8789
9206
9207
9209
8796
9206
9213
9214
9216
8803
9213
9220
9221
9223
8810
9220
9227
9228
9230
8817
9227
9234
9235
9237
8824
9234
9241
9242
9244
2519
2528
2618
9241
9243
9245
9247
9297
9300
9301
2529
2619
2521
2530
2620
9249
9251
9253
8831
9248
9249
9251
5515
9207
9248
9256
9257
9258
5522
5764
9214
9263
9264
9265
5529
5771
9221
9270
9271
9272
5536
5778
9228
9277
9278
9279
5543
5785
9235
9284
9285
9286
5550
5792
9242
9291
9292
9293
5799
8880
9297
9298
9300
22459
22460
22463
2539
2629
9297
9299
9301
9303
2531
2540
2630
9305
9307
9309
8887
9249
9304
9305
9307
5557
5765
9304
9312
9313
9314
5564
5772
5806
9319
9320
9321
5571
5779
5813
9326
9327
9328
5578
5786
5820
9333
9334
9335
5585
5793
5827
9340
9341
9342
5592
5800
5834
9347
9348
9349
5841
8936
9298
9353
9354
9356
22753
22754
22757
2549
2639
9353
9355
9357
9359
2541
2550
2640
9361
9363
9365
8943
9305
9360
9361
9363
5599
5807
9360
9368
9369
9370
5606
5814
5848
9375
9376
9377
5613
5821
5855
9382
9383
9384
5620
5828
5862
9389
9390
9391
5627
5835
5869
9396
9397
9398
5634
5842
5876
9403
9404
9405
5883
8992
9354
9409
9410
9412
23047
23048
23051
2559
2649
9409
9411
9413
9415
2551
2560
2650
9417
9419
9421
8999
9361
9416
9417
9419
5641
5849
9416
9424
9425
9426
5648
5856
5890
9431
9432
9433
5655
5863
5897
9438
9439
9440
5662
5870
5904
9445
9446
9447
5669
5877
5911
9452
9453
9454
5676
5884
5918
9459
9460
9461
5925
9048
9410
9465
9466
9468
23341
23342
23345
2569
2659
9465
9467
9469
9471
2561
2570
2660
9473
9475
9477
9055
9417
9472
9473
9475
5683
5891
9472
9480
9481
9482
5690
5898
5932
9487
9488
9489
5697
5905
5939
9494
9495
9496
5704
5912
5946
9501
9502
9503
5711
5919
5953
9508
9509
9510
5718
5926
5960
9515
9516
9517
5967
9104
9466
9521
9522
9524
23635
23636
23639
2579
2669
9521
9523
9525
9527
2571
2580
2670
9529
9531
9533
9111
9473
9528
9529
9531
5725
5933
9528
9536
9537
9538
5732
5940
5974
9543
9544
9545
5739
5947
5981
9550
9551
9552
5746
5954
5988
9557
9558
9559
5753
5961
5995
9564
9565
9566
5760
5968
6002
9571
9572
9573
6009
9160
9522
9577
9578
9580
23929
23930
23933
2589
2679
9577
9579
9581
9583
2581
2590
2680
2582
2591
2681
9529
9530
9533
9534
9585
9587
9589
5975
9167
9584
9585
9587
23691
23692
23695
5982
9174
9584
9591
9592
9594
23740
23741
23744
5989
9181
9591
9598
9599
9601
23789
23790
23793
5996
9188
9598
9605
9606
9608
23838
23839
23842
6003
9195
9605
9612
9613
9615
23887
23888
23891
6010
9202
9612
9619
9620
9622
23936
23937
23940
2589
2598
2688
9578
9579
9582
9583
9619
9621
9623
9625
2599
2689
2591
2690
2592
2691
2593
2692
9585
9586
9589
9590
2594
2693
9592
9593
9596
9597
2595
2694
9599
9600
9603
9604
2596
2695
9606
9607
9610
9611
2597
2696
9613
9614
9617
9618
2598
2697
9620
9621
9624
9625
2599
2698
2699
2601
2610
2700
2602
2611
2701
2603
2612
2702
2604
2613
2703
2605
2614
2704
2606
2615
2705
2607
2616
2706
2608
2617
2707
2609
2618
2708
2619
2709
2611
2620
2710
2612
2621
2711
2613
2622
2712
9209
9210
9211
9212
9626
9629
9630
2614
2623
2713
9216
9217
9218
9219
9633
9636
9637
2615
2624
2714
9223
9224
9225
9226
9640
9643
9644
2616
2625
2715
9230
9231
9232
9233
9647
9650
9651
2617
2626
2716
9237
9238
9239
9240
9654
9657
9658
2618
2627
2717
9244
9245
9246
9247
9661
9664
9665
2619
2628
2718
2629
2719
2621
2630
2720
2622
2631
2721
9251
9252
9253
9254
9627
9629
9631
5767
9626
9627
9629
22235
22236
22239
5774
9626
9633
9634
9636
22284
22285
22288
5781
9633
9640
9641
9643
22333
22334
22337
5788
9640
9647
9648
9650
22382
22383
22386
5795
9647
9654
9655
9657
22431
22432
22435
5802
9654
9661
9662
9664
22480
22481
22484
2629
2638
2728
9300
9301
9302
9303
9661
9663
9665
9667
2639
2729
2631
2640
2730
2632
2641
2731
9307
9308
9309
9310
9669
9671
9673
5809
9627
9668
9669
9671
22529
22530
22533
5816
9634
9668
9675
9676
9678
22578
22579
22582
5823
9641
9675
9682
9683
9685
22627
22628
22631
5830
9648
9682
9689
9690
9692
22676
22677
22680
5837
9655
9689
9696
9697
9699
22725
22726
22729
5844
9662
9696
9703
9704
9706
22774
22775
22778
2639
2648
2738
9356
9357
9358
9359
9703
9705
9707
9709
2649
2739
2641
2650
2740
2642
2651
2741
9363
9364
9365
9366
9711
9713
9715
5851
9669
9710
9711
9713
22823
22824
22827
5858
9676
9710
9717
9718
9720
22872
22873
22876
5865
9683
9717
9724
9725
9727
22921
22922
22925
5872
9690
9724
9731
9732
9734
22970
22971
22974
5879
9697
9731
9738
9739
9741
23019
23020
23023
5886
9704
9738
9745
9746
9748
23068
23069
23072
2649
2658
2748
9412
9413
9414
9415
9745
9747
9749
9751
2659
2749
2651
2660
2750
2652
2661
2751
9419
9420
9421
9422
9753
9755
9757
5893
9711
9752
9753
9755
23117
23118
23121
5900
9718
9752
9759
9760
9762
23166
23167
23170
5907
9725
9759
9766
9767
9769
23215
23216
23219
5914
9732
9766
9773
9774
9776
23264
23265
23268
5921
9739
9773
9780
9781
9783
23313
23314
23317
5928
9746
9780
9787
9788
9790
23362
23363
23366
2659
2668
2758
9468
9469
9470
9471
9787
9789
9791
9793
2669
2759
2661
2670
2760
2662
2671
2761
9475
9476
9477
9478
9795
9797
9799
5935
9753
9794
9795
9797
23411
23412
23415
5942
9760
9794
9801
9802
9804
23460
23461
23464
5949
9767
9801
9808
9809
9811
23509
23510
23513
5956
9774
9808
9815
9816
9818
23558
23559
23562
5963
9781
9815
9822
9823
9825
23607
23608
23611
5970
9788
9822
9829
9830
9832
23656
23657
23660
2669
2678
2768
9524
9525
9526
9527
9829
9831
9833
9835
2679
2769
2671
2680
2770
2672
2681
2771
9531
9532
9533
9534
9837
9839
9841
5977
9795
9836
9837
9839
23705
23706
23709
5984
9802
9836
9843
9844
9846
23754
23755
23758
5991
9809
9843
9850
9851
9853
23803
23804
23807
5998
9816
9850
9857
9858
9860
23852
23853
23856
6005
9823
9857
9864
9865
9867
23901
23902
23905
6012
9830
9864
9871
9872
9874
23950
23951
23954
2679
2688
2778
9580
9581
9582
9583
9871
9873
9875
9877
2689
2779
2681
2690
2780
2682
2691
2781
2683
2692
2782
9587
9588
9589
9590
9837
9838
9841
9842
2684
2693
2783
9594
9595
9596
9597
9844
9845
9848
9849
2685
2694
2784
9601
9602
9603
9604
9851
9852
9855
9856
2686
2695
2785
9608
9609
9610
9611
9858
9859
9862
9863
2687
2696
2786
9615
9616
9617
9618
9865
9866
9869
9870
2688
2697
2787
9622
9623
9624
9625
9872
9873
9876
9877
2689
2698
2788
2699
2789
2691
2790
2692
2791
2693
2792
2694
2793
2695
2794
2696
2795
2697
2796
2698
2797
2699
2798
2799
2701
2710
2800
2702
2711
2801
2703
2712
2802
2704
2713
2803
2705
2714
2804
2706
2715
2805
2707
2716
2806
2708
2717
2807
2709
2718
2808
2719
2809
2711
2720
2810
2712
2721
2811
2713
2722
2812
2714
2723
2813
2715
2724
2814
2716
2725
2815
2717
2726
2816
2718
2727
2817
2719
2728
2818
2729
2819
2721
2730
2820
2722
2731
2821
2723
2732
2822
9629
9630
9631
9632
2724
2733
2823
9636
9637
9638
9639
2725
2734
2824
9643
9644
9645
9646
2726
2735
2825
9650
9651
9652
9653
2727
2736
2826
9657
9658
9659
9660
2728
2737
2827
9664
9665
9666
9667
2729
2738
2828
2739
2829
2731
2740
2830
2732
2741
2831
2733
2742
2832
9671
9672
9673
9674
2734
2743
2833
9678
9679
9680
9681
2735
2744
2834
9685
9686
9687
9688
2736
2745
2835
9692
9693
9694
9695
2737
2746
2836
9699
9700
9701
9702
2738
2747
2837
9706
9707
9708
9709
2739
2748
2838
2749
2839
2741
2750
2840
2742
2751
2841
2743
2752
2842
9713
9714
9715
9716
2744
2753
2843
9720
9721
9722
9723
2745
2754
2844
9727
9728
9729
9730
2746
2755
2845
9734
9735
9736
9737
2747
2756
2846
9741
9742
9743
9744
2748
2757
2847
9748
9749
9750
9751
2749
2758
2848
2759
2849
2751
2760
2850
2752
2761
2851
2753
2762
2852
9755
9756
9757
9758
2754
2763
2853
9762
9763
9764
9765
2755
2764
2854
9769
9770
9771
9772
2756
2765
2855
9776
9777
9778
9779
2757
2766
2856
9783
9784
9785
9786
2758
2767
2857
9790
9791
9792
9793
2759
2768
2858
2769
2859
2761
2770
2860
2762
2771
2861
2763
2772
2862
9797
9798
9799
9800
2764
2773
2863
9804
9805
9806
9807
2765
2774
2864
9811
9812
9813
9814
2766
2775
2865
9818
9819
9820
9821
2767
2776
2866
9825
9826
9827
9828
2768
2777
2867
9832
9833
9834
9835
2769
2778
2868
2779
2869
2771
2780
2870
2772
2781
2871
2773
2782
2872
9839
9840
9841
9842
2774
2783
2873
9846
9847
9848
9849
2775
2784
2874
9853
9854
9855
9856
2776
2785
2875
9860
9861
9862
9863
2777
2786
2876
9867
9868
9869
9870
2778
2787
2877
9874
9875
9876
9877
2779
2788
2878
2789
2879
2781
2790
2880
2782
2791
2881
2783
2792
2882
2784
2793
2883
2785
2794
2884
2786
2795
2885
2787
2796
2886
2788
2797
2887
2789
2798
2888
2799
2889
2791
2890
2792
2891
2793
2892
2794
2893
2795
2894
2796
2895
2797
2896
2798
2897
2799
2898
2899
2801
2810
2900
2802
2811
2901
2803
2812
2902
2804
2813
2903
2805
2814
2904
2806
2815
2905
2807
2816
2906
2808
2817
2907
2809
2818
2908
2819
2909
2811
2820
2910
2812
2821
2911
2813
2822
2912
2814
2823
2913
2815
2824
2914
2816
2825
2915
2817
2826
2916
2818
2827
2917
2819
2828
2918
2829
2919
2821
2830
2920
2822
2831
2921
2823
2832
2922
2824
2833
2923
2825
2834
2924
2826
2835
2925
2827
2836
2926
2828
2837
2927
2829
2838
2928
2839
2929
2831
2840
2930
2832
2841
2931
2833
2842
2932
2834
2843
2933
2835
2844
2934
2836
2845
2935
2837
2846
2936
2838
2847
2937
2839
2848
2938
2849
2939
2841
2850
2940
2842
2851
2941
2843
2852
2942
2844
2853
2943
2845
2854
2944
2846
2855
2945
2847
2856
2946
2848
2857
2947
2849
2858
2948
2859
2949
2851
2860
2950
2852
2861
2951
2853
2862
2952
2854
2863
2953
2855
2864
2954
2856
2865
2955
2857
2866
2956
2858
2867
2957
2859
2868
2958
2869
2959
2861
2870
2960
2862
2871
2961
2863
2872
2962
2864
2873
2963
2865
2874
2964
2866
2875
2965
2867
2876
2966
2868
2877
2967
2869
2878
2968
2879
2969
2871
2880
2970
2872
2881
2971
2873
2882
2972
2874
2883
2973
2875
2884
2974
2876
2885
2975
2877
2886
2976
2878
2887
2977
2879
2888
2978
2889
2979
2881
2890
2980
2882
2891
2981
2883
2892
2982
2884
2893
2983
2885
2894
2984
2886
2895
2985
2887
2896
2986
2888
2897
2987
2889
2898
2988
2899
2989
2891
2990
2892
2991
2893
2992
2894
2993
2895
2994
2896
2995
2897
2996
2898
2997
2899
2998
2999
2901
2910
3000
2902
2911
3001
2903
2912
3002
2904
2913
3003
2905
2914
3004
2906
2915
3005
2907
2916
3006
2908
2917
3007
2909
2918
3008
2919
3009
2911
2920
3010
2912
2921
3011
2913
2922
3012
2914
2923
3013
2915
2924
3014
2916
2925
3015
2917
2926
3016
2918
2927
3017
2919
2928
3018
2929
3019
2921
2930
3020
2922
2931
3021
2923
2932
3022
2924
2933
3023
2925
2934
3024
2926
2935
3025
2927
2936
3026
2928
2937
3027
2929
2938
3028
2939
3029
2931
2940
3030
2932
2941
3031
2933
2942
3032
2934
2943
3033
2935
2944
3034
2936
2945
3035
2937
2946
3036
2938
2947
3037
2939
2948
3038
2949
3039
2941
2950
3040
2942
2951
3041
2943
2952
3042
2944
2953
3043
2945
2954
3044
2946
2955
3045
2947
2956
3046
2948
2957
3047
2949
2958
3048
2959
3049
2951
2960
3050
2952
2961
3051
2953
2962
3052
2954
2963
3053
2955
2964
3054
2956
2965
3055
2957
2966
3056
2958
2967
3057
2959
2968
3058
2969
3059
2961
2970
3060
2962
2971
3061
2963
2972
3062
2964
2973
3063
2965
2974
3064
2966
2975
3065
2967
2976
3066
2968
2977
3067
2969
2978
3068
2979
3069
2971
2980
3070
2972
2981
3071
2973
2982
3072
2974
2983
3073
2975
2984
3074
2976
2985
3075
2977
2986
3076
2978
2987
3077
2979
2988
3078
2989
3079
2981
2990
3080
2982
2991
3081
2983
2992
3082
2984
2993
3083
2985
2994
3084
2986
2995
3085
2987
2996
3086
2988
2997
3087
2989
2998
3088
2999
3089
2991
3090
2992
3091
2993
3092
2994
3093
2995
3094
2996
3095
2997
3096
2998
3097
2999
3098
3099
3001
3010
3100
3002
3011
3101
3003
3012
3102
3004
3013
3103
3005
3014
3104
3006
3015
3105
3007
3016
3106
3008
3017
3107
3009
3018
3108
3019
3109
3011
3020
3110
3012
3021
3111
3013
3022
3112
3014
3023
3113
3015
3024
3114
3016
3025
3115
3017
3026
3116
3018
3027
3117
3019
3028
3118
3029
3119
3021
3030
3120
3022
3031
3121
3023
3032
3122
3024
3033
3123
3025
3034
3124
3026
3035
3125
3027
3036
3126
3028
3037
3127
3029
3038
3128
3039
3129
3031
3040
3130
3032
3041
3131
3033
3042
3132
3034
3043
3133
3035
3044
3134
3036
3045
3135
3037
3046
3136
3038
3047
3137
3039
3048
3138
3049
3139
3041
3050
3140
3042
3051
3141
3043
3052
3142
3044
3053
3143
3045
3054
3144
3046
3055
3145
3047
3056
3146
3048
3057
3147
3049
3058
3148
3059
3149
3051
3060
3150
3052
3061
3151
3053
3062
3152
3054
3063
3153
3055
3064
3154
3056
3065
3155
3057
3066
3156
3058
3067
3157
3059
3068
3158
3069
3159
3061
3070
3160
3062
3071
3161
3063
3072
3162
3064
3073
3163
3065
3074
3164
3066
3075
3165
3067
3076
3166
3068
3077
3167
3069
3078
3168
3079
3169
3071
3080
3170
3072
3081
3171
3073
3082
3172
3074
3083
3173
3075
3084
3174
3076
3085
3175
3077
3086
3176
3078
3087
3177
3079
3088
3178
3089
3179
3081
3090
3180
3082
3091
3181
3083
3092
3182
3084
3093
3183
3085
3094
3184
3086
3095
3185
3087
3096
3186
3088
3097
3187
3089
3098
3188
3099
3189
3091
3190
3092
3191
3093
3192
3094
3193
3095
3194
3096
3195
3097
3196
3098
3197
3099
3198
3199
3101
3110
3200
3102
3111
3201
3103
3112
3202
3104
3113
3203
3105
3114
3204
3106
3115
3205
3107
3116
3206
3108
3117
3207
3109
3118
3208
3119
3209
3111
3120
3210
3112
3121
3211
3113
3122
3212
3114
3123
3213
3115
3124
3214
3116
3125
3215
3117
3126
3216
3118
3127
3217
3119
3128
3218
3129
3219
3121
3130
3220
3122
3131
3221
3123
3132
3222
3124
3133
3223
3125
3134
3224
3126
3135
3225
3127
3136
3226
3128
3137
3227
3129
3138
3228
3139
3229
3131
3140
3230
3132
3141
3231
3133
3142
3232
3134
3143
3233
3135
3144
3234
3136
3145
3235
3137
3146
3236
3138
3147
3237
3139
3148
3238
3149
3239
3141
3150
3240
3142
3151
3241
3143
3152
3242
3144
3153
3243
3145
3154
3244
3146
3155
3245
3147
3156
3246
3148
3157
3247
3149
3158
3248
3159
3249
3151
3160
3250
3152
3161
3251
3153
3162
3252
3154
3163
3253
3155
3164
3254
3156
3165
3255
3157
3166
3256
3158
3167
3257
3159
3168
3258
3169
3259
3161
3170
3260
3162
3171
3261
3163
3172
3262
3164
3173
3263
3165
3174
3264
3166
3175
3265
3167
3176
3266
3168
3177
3267
3169
3178
3268
3179
3269
3171
3180
3270
3172
3181
3271
3173
3182
3272
3174
3183
3273
3175
3184
3274
3176
3185
3275
3177
3186
3276
3178
3187
3277
3179
3188
3278
3189
3279
3181
3190
3280
3182
3191
3281
3183
3192
3282
3184
3193
3283
3185
3194
3284
3186
3195
3285
3187
3196
3286
3188
3197
3287
3189
3198
3288
3199
3289
3191
3290
3192
3291
3193
3292
3194
3293
3195
3294
3196
3295
3197
3296
3198
3297
3199
3298
3299
3201
3210
3300
3202
3211
3301
3203
3212
3302
3204
3213
3303
3205
3214
3304
3206
3215
3305
3207
3216
3306
3208
3217
3307
3209
3218
3308
3219
3309
3211
3220
3310
3212
3221
3311
3213
3222
3312
3214
3223
3313
3215
3224
3314
3216
3225
3315
3217
3226
3316
3218
3227
3317
3219
3228
3318
3229
3319
3221
3230
3320
3222
3231
3321
3223
3232
3322
3224
3233
3323
3225
3234
3324
3226
3235
3325
3227
3236
3326
3228
3237
3327
3229
3238
3328
3239
3329
3231
3240
3330
3232
3241
3331
3233
3242
3332
3234
3243
3333
3235
3244
3334
3236
3245
3335
3237
3246
3336
3238
3247
3337
3239
3248
3338
3249
3339
3241
3250
3340
3242
3251
3341
3243
3252
3342
3244
3253
3343
3245
3254
3344
3246
3255
3345
3247
3256
3346
3248
3257
3347
3249
3258
3348
3259
3349
3251
3260
3350
3252
3261
3351
3253
3262
3352
3254
3263
3353
3255
3264
3354
3256
3265
3355
3257
3266
3356
3258
3267
3357
3259
3268
3358
3269
3359
3261
3270
3360
3262
3271
3361
3263
3272
3362
3264
3273
3363
3265
3274
3364
3266
3275
3365
3267
3276
3366
3268
3277
3367
3269
3278
3368
3279
3369
3271
3280
3370
3272
3281
3371
3273
3282
3372
3274
3283
3373
3275
3284
3374
3276
3285
3375
3277
3286
3376
3278
3287
3377
3279
3288
3378
3289
3379
3281
3290
3380
3282
3291
3381
3283
3292
3382
3284
3293
3383
3285
3294
3384
3286
3295
3385
3287
3296
3386
3288
3297
3387
3289
3298
3388
3299
3389
3291
3390
3292
3391
3293
3392
3294
3393
3295
3394
3296
3395
3297
3396
3298
3397
3299
3398
3399
3301
3310
3400
3302
3311
3401
3303
3312
3402
3304
3313
3403
3305
3314
3404
3306
3315
3405
3307
3316
3406
3308
3317
3407
3309
3318
3408
3319
3409
3311
3320
3410
3312
3321
3411
3313
3322
3412
3314
3323
3413
3315
3324
3414
3316
3325
3415
3317
3326
3416
3318
3327
3417
3319
3328
3418
3329
3419
3321
3330
3420
3322
3331
3421
3323
3332
3422
3324
3333
3423
3325
3334
3424
3326
3335
3425
3327
3336
3426
3328
3337
3427
3329
3338
3428
3339
3429
3331
3340
3430
3332
3341
3431
3333
3342
3432
3334
3343
3433
3335
3344
3434
3336
3345
3435
3337
3346
3436
3338
3347
3437
3339
3348
3438
3349
3439
3341
3350
3440
3342
3351
3441
3343
3352
3442
3344
3353
3443
3345
3354
3444
3346
3355
3445
3347
3356
3446
3348
3357
3447
3349
3358
3448
3359
3449
3351
3360
3450
3352
3361
3451
3353
3362
3452
3354
3363
3453
3355
3364
3454
3356
3365
3455
3357
3366
3456
3358
3367
3457
3359
3368
3458
3369
3459
3361
3370
3460
3362
3371
3461
3363
3372
3462
3364
3373
3463
3365
3374
3464
3366
3375
3465
3367
3376
3466
3368
3377
3467
3369
3378
3468
3379
3469
3371
3380
3470
3372
3381
3471
3373
3382
3472
3374
3383
3473
3375
3384
3474
3376
3385
3475
3377
3386
3476
3378
3387
3477
3379
3388
3478
3389
3479
3381
3390
3480
3382
3391
3481
3383
3392
3482
3384
3393
3483
3385
3394
3484
3386
3395
3485
3387
3396
3486
3388
3397
3487
3389
3398
3488
3399
3489
3391
3490
3392
3491
3393
3492
3394
3493
3395
3494
3396
3495
3397
3496
3398
3497
3399
3498
3499
3401
3410
3500
3402
3411
3501
3403
3412
3502
3404
3413
3503
3405
3414
3504
3406
3415
3505
3407
3416
3506
3408
3417
3507
3409
3418
3508
3419
3509
3411
3420
3510
3412
3421
3511
3413
3422
3512
3414
3423
3513
3415
3424
3514
3416
3425
3515
3417
3426
3516
3418
3427
3517
3419
3428
3518
3429
3519
3421
3430
3520
3422
3431
3521
3423
3432
3522
3424
3433
3523
3425
3434
3524
3426
3435
3525
3427
3436
3526
3428
3437
3527
3429
3438
3528
3439
3529
3431
3440
3530
3432
3441
3531
3433
3442
3532
3434
3443
3533
3435
3444
3534
3436
3445
3535
3437
3446
3536
3438
3447
3537
3439
3448
3538
3449
3539
3441
3450
3540
3442
3451
3541
3443
3452
3542
3444
3453
3543
3445
3454
3544
3446
3455
3545
3447
3456
3546
3448
3457
3547
3449
3458
3548
3459
3549
3451
3460
3550
3452
3461
3551
3453
3462
3552
3454
3463
3553
3455
3464
3554
3456
3465
3555
3457
3466
3556
3458
3467
3557
3459
3468
3558
3469
3559
3461
3470
3560
3462
3471
3561
3463
3472
3562
3464
3473
3563
3465
3474
3564
3466
3475
3565
3467
3476
3566
3468
3477
3567
3469
3478
3568
3479
3569
3471
3480
3570
3472
3481
3571
3473
3482
3572
3474
3483
3573
3475
3484
3574
3476
3485
3575
3477
3486
3576
3478
3487
3577
3479
3488
3578
3489
3579
3481
3490
3580
3482
3491
3581
3483
3492
3582
3484
3493
3583
3485
3494
3584
3486
3495
3585
3487
3496
3586
3488
3497
3587
3489
3498
3588
3499
3589
3491
3590
3492
3591
3493
3592
3494
3593
3495
3594
3496
3595
3497
3596
3498
3597
3499
3598
3599
3501
3510
3600
3502
3511
3601
3503
3512
3602
3504
3513
3603
3505
3514
3604
3506
3515
3605
3507
3516
3606
3508
3517
3607
3509
3518
3608
3519
3609
3511
3520
3610
3512
3521
3611
3513
3522
3612
3514
3523
3613
3515
3524
3614
3516
3525
3615
3517
3526
3616
3518
3527
3617
3519
3528
3618
3529
3619
3521
3530
3620
3522
3531
3621
3523
3532
3622
3524
3533
3623
3525
3534
3624
3526
3535
3625
3527
3536
3626
3528
3537
3627
3529
3538
3628
3539
3629
3531
3540
3630
3532
3541
3631
3533
3542
3632
3534
3543
3633
3535
3544
3634
3536
3545
3635
3537
3546
3636
3538
3547
3637
3539
3548
3638
3549
3639
3541
3550
3640
3542
3551
3641
3543
3552
3642
3544
3553
3643
3545
3554
3644
3546
3555
3645
3547
3556
3646
3548
3557
3647
3549
3558
3648
3559
3649
3551
3560
3650
3552
3561
3651
3553
3562
3652
3554
3563
3653
3555
3564
3654
3556
3565
3655
3557
3566
3656
3558
3567
3657
3559
3568
3658
3569
3659
3561
3570
3660
3562
3571
3661
3563
3572
3662
3564
3573
3663
3565
3574
3664
3566
3575
3665
3567
3576
3666
3568
3577
3667
3569
3578
3668
3579
3669
3571
3580
3670
3572
3581
3671
3573
3582
3672
3574
3583
3673
3575
3584
3674
3576
3585
3675
3577
3586
3676
3578
3587
3677
3579
3588
3678
3589
3679
3581
3590
3680
3582
3591
3681
3583
3592
3682
3584
3593
3683
3585
3594
3684
3586
3595
3685
3587
3596
3686
3588
3597
3687
3589
3598
3688
3599
3689
3591
3690
3592
3691
3593
3692
3594
3693
3595
3694
3596
3695
3597
3696
3598
3697
3599
3698
3699
3601
3610
3700
3602
3611
3701
3603
3612
3702
3604
3613
3703
3605
3614
3704
3606
3615
3705
3607
3616
3706
3608
3617
3707
3609
3618
3708
3619
3709
3611
3620
3710
3612
3621
3711
3613
3622
3712
3614
3623
3713
3615
3624
3714
3616
3625
3715
3617
3626
3716
3618
3627
3717
3619
3628
3718
3629
3719
3621
3630
3720
3622
3631
3721
3623
3632
3722
3624
3633
3723
3625
3634
3724
3626
3635
3725
3627
3636
3726
3628
3637
3727
3629
3638
3728
3639
3729
3631
3640
3730
3632
3641
3731
3633
3642
3732
3634
3643
3733
3635
3644
3734
3636
3645
3735
3637
3646
3736
3638
3647
3737
3639
3648
3738
3649
3739
3641
3650
3740
3642
3651
3741
3643
3652
3742
3644
3653
3743
3645
3654
3744
3646
3655
3745
3647
3656
3746
3648
3657
3747
3649
3658
3748
3659
3749
3651
3660
3750
3652
3661
3751
3653
3662
3752
3654
3663
3753
3655
3664
3754
3656
3665
3755
3657
3666
3756
3658
3667
3757
3659
3668
3758
3669
3759
3661
3670
3760
3662
3671
3761
3663
3672
3762
3664
3673
3763
3665
3674
3764
3666
3675
3765
3667
3676
3766
3668
3677
3767
3669
3678
3768
3679
3769
3671
3680
3770
3672
3681
3771
3673
3682
3772
3674
3683
3773
3675
3684
3774
3676
3685
3775
3677
3686
3776
3678
3687
3777
3679
3688
3778
3689
3779
3681
3690
3780
3682
3691
3781
3683
3692
3782
3684
3693
3783
3685
3694
3784
3686
3695
3785
3687
3696
3786
3688
3697
3787
3689
3698
3788
3699
3789
3691
3790
3692
3791
3693
3792
3694
3793
3695
3794
3696
3795
3697
3796
3698
3797
3699
3798
3799
3701
3710
3800
3702
3711
3801
3703
3712
3802
3704
3713
3803
3705
3714
3804
3706
3715
3805
3707
3716
3806
3708
3717
3807
3709
3718
3808
3719
3809
3711
3720
3810
3712
3721
3811
3713
3722
3812
3714
3723
3813
3715
3724
3814
3716
3725
3815
3717
3726
3816
3718
3727
3817
3719
3728
3818
3729
3819
3721
3730
3820
3722
3731
3821
3723
3732
3822
3724
3733
3823
3725
3734
3824
3726
3735
3825
3727
3736
3826
3728
3737
3827
3729
3738
3828
3739
3829
3731
3740
3830
3732
3741
3831
3733
3742
3832
3734
3743
3833
3735
3744
3834
3736
3745
3835
3737
3746
3836
3738
3747
3837
3739
3748
3838
3749
3839
3741
3750
3840
3742
3751
3841
3743
3752
3842
3744
3753
3843
3745
3754
3844
3746
3755
3845
3747
3756
3846
3748
3757
3847
3749
3758
3848
3759
3849
3751
3760
3850
3752
3761
3851
3753
3762
3852
3754
3763
3853
3755
3764
3854
3756
3765
3855
3757
3766
3856
3758
3767
3857
3759
3768
3858
3769
3859
3761
3770
3860
3762
3771
3861
3763
3772
3862
3764
3773
3863
3765
3774
3864
3766
3775
3865
3767
3776
3866
3768
3777
3867
3769
3778
3868
3779
3869
3771
3780
3870
3772
3781
3871
3773
3782
3872
3774
3783
3873
3775
3784
3874
3776
3785
3875
3777
3786
3876
3778
3787
3877
3779
3788
3878
3789
3879
3781
3790
3880
3782
3791
3881
3783
3792
3882
3784
3793
3883
3785
3794
3884
3786
3795
3885
3787
3796
3886
3788
3797
3887
3789
3798
3888
3799
3889
3791
3890
3792
3891
3793
3892
3794
3893
3795
3894
3796
3895
3797
3896
3798
3897
3799
3898
3899
3801
3810
3900
3802
3811
3901
3803
3812
3902
3804
3813
3903
3805
3814
3904
3806
3815
3905
3807
3816
3906
3808
3817
3907
3809
3818
3908
3819
3909
3811
3820
3910
3812
3821
3911
3813
3822
3912
3814
3823
3913
3815
3824
3914
3816
3825
3915
3817
3826
3916
3818
3827
3917
3819
3828
3918
3829
3919
3821
3830
3920
3822
3831
3921
3823
3832
3922
3824
3833
3923
3825
3834
3924
3826
3835
3925
3827
3836
3926
3828
3837
3927
3829
3838
3928
3839
3929
3831
3840
3930
3832
3841
3931
3833
3842
3932
3834
3843
3933
3835
3844
3934
3836
3845
3935
3837
3846
3936
3838
3847
3937
3839
3848
3938
3849
3939
3841
3850
3940
3842
3851
3941
3843
3852
3942
3844
3853
3943
3845
3854
3944
3846
3855
3945
3847
3856
3946
3848
3857
3947
3849
3858
3948
3859
3949
3851
3860
3950
3852
3861
3951
3853
3862
3952
3854
3863
3953
3855
3864
3954
3856
3865
3955
3857
3866
3956
3858
3867
3957
3859
3868
3958
3869
3959
3861
3870
3960
3862
3871
3961
3863
3872
3962
3864
3873
3963
3865
3874
3964
3866
3875
3965
3867
3876
3966
3868
3877
3967
3869
3878
3968
3879
3969
3871
3880
3970
3872
3881
3971
3873
3882
3972
3874
3883
3973
3875
3884
3974
3876
3885
3975
3877
3886
3976
3878
3887
3977
3879
3888
3978
3889
3979
3881
3890
3980
3882
3891
3981
3883
3892
3982
3884
3893
3983
3885
3894
3984
3886
3895
3985
3887
3896
3986
3888
3897
3987
3889
3898
3988
3899
3989
3891
3990
3892
3991
3893
3992
3894
3993
3895
3994
3896
3995
3897
3996
3898
3997
3899
3998
3999
3901
3910
3902
3911
3903
3912
3904
3913
3905
3914
3906
3915
3907
3916
3908
3917
3909
3918
3919
3911
3920
3912
3921
3913
3922
3914
3923
3915
3924
3916
3925
3917
3926
3918
3927
3919
3928
3929
3921
3930
3922
3931
3923
3932
3924
3933
3925
3934
3926
3935
3927
3936
3928
3937
3929
3938
3939
3931
3940
3932
3941
3933
3942
3934
3943
3935
3944
3936
3945
3937
3946
3938
3947
3939
3948
3949
3941
3950
3942
3951
3943
3952
3944
3953
3945
3954
3946
3955
3947
3956
3948
3957
3949
3958
3959
3951
3960
3952
3961
3953
3962
3954
3963
3955
3964
3956
3965
3957
3966
3958
3967
3959
3968
3969
3961
3970
3962
3971
3963
3972
3964
3973
3965
3974
3966
3975
3967
3976
3968
3977
3969
3978
3979
3971
3980
3972
3981
3973
3982
3974
3983
3975
3984
3976
3985
3977
3986
3978
3987
3979
3988
3989
3981
3990
3982
3991
3983
3992
3984
3993
3985
3994
3986
3995
3987
3996
3988
3997
3989
3998
3999
3991
3992
3993
3994
3995
3996
3997
3998
3999
6020
6270
9879
9880
9881
6021
6312
9886
9887
9888
4008
4042
6022
9893
9894
9895
6273
6314
9900
9901
9902
4010
4252
6274
9907
9908
9909
4045
4253
6316
9914
9915
9916
4012
4046
4254
9921
9922
9923
6027
6277
9928
9929
9930
6028
9935
9936
9937
4015
4049
6029
9942
9943
9944
6280
9949
9950
9951
4017
4259
6281
9956
9957
9958
4052
4260
9963
9964
9965
4019
4053
4261
9970
9971
9972
6034
6284
9977
9978
9979
6035
9984
9985
9986
4022
4056
6036
9991
9992
9993
6287
9998
9999
10000
4024
4266
6288
10005
10006
10007
4059
4267
10012
10013
10014
4026
4060
4268
10019
10020
10021
6041
6291
10026
10027
10028
6042
10033
10034
10035
4029
4063
6043
10040
10041
10042
6294
10047
10048
10049
4031
4273
6295
10054
10055
10056
4066
4274
10061
10062
10063
4033
4067
4275
10068
10069
10070
6048
6298
10075
10076
10077
6049
10082
10083
10084
4036
4070
6050
10089
10090
10091
6301
10096
10097
10098
4038
4280
6302
10103
10104
10105
4073
4281
10110
10111
10112
4040
4074
4282
10117
10118
10119
6055
6305
10124
10125
10126
6056
10131
10132
10133
4077
6057
6360
10138
10139
10140
6308
10145
10146
10147
4287
6309
6362
10152
10153
10154
4080
4288
10159
10160
10161
4081
4289
6364
10166
10167
10168
6062
10173
10174
10175
6063
6368
10180
10181
10182
4050
4084
6064
10187
10188
10189
6370
10194
10195
10196
4052
4294
10201
10202
10203
4087
4295
6372
10208
10209
10210
4054
4088
4296
10215
10216
10217
6069
10222
10223
10224
6070
10229
10230
10231
4057
4091
6071
10236
10237
10238
10243
10244
10245
4059
4301
10250
10251
10252
4094
4302
10257
10258
10259
4061
4095
4303
10264
10265
10266
6076
10271
10272
10273
6077
10278
10279
10280
4064
4098
6078
10285
10286
10287
10292
10293
10294
4066
4308
10299
10300
10301
4101
4309
10306
10307
10308
4068
4102
4310
10313
10314
10315
6083
10320
10321
10322
6084
10327
10328
10329
4071
4105
6085
10334
10335
10336
10341
10342
10343
4073
4315
10348
10349
10350
4108
4316
10355
10356
10357
4075
4109
4317
10362
10363
10364
6090
10369
10370
10371
6091
10376
10377
10378
4078
4112
6092
10383
10384
10385
10390
10391
10392
4080
4322
10397
10398
10399
4115
4323
10404
10405
10406
4082
4116
4324
10411
10412
10413
6097
10418
10419
10420
6098
10425
10426
10427
4119
6099
6416
10432
10433
10434
10439
10440
10441
4329
6418
10446
10447
10448
4122
4330
10453
10454
10455
4123
4331
6420
10460
10461
10462
6104
10467
10468
10469
6105
6424
10474
10475
10476
4092
4126
6106
10481
10482
10483
6426
10488
10489
10490
4094
4336
10495
10496
10497
4129
4337
6428
10502
10503
10504
4096
4130
4338
10509
10510
10511
6111
10516
10517
10518
6112
10523
10524
10525
4099
4133
6113
10530
10531
10532
10537
10538
10539
4101
4343
10544
10545
10546
4136
4344
10551
10552
10553
4103
4137
4345
10558
10559
10560
6118
10565
10566
10567
6119
10572
10573
10574
4106
4140
6120
10579
10580
10581
10586
10587
10588
4108
4350
10593
10594
10595
4143
4351
10600
10601
10602
4110
4144
4352
10607
10608
10609
6125
10614
10615
10616
6126
10621
10622
10623
4113
4147
6127
10628
10629
10630
10635
10636
10637
4115
4357
10642
10643
10644
4150
4358
10649
10650
10651
4117
4151
4359
10656
10657
10658
6132
10663
10664
10665
6133
10670
10671
10672
4120
4154
6134
10677
10678
10679
10684
10685
10686
4122
4364
10691
10692
10693
4157
4365
10698
10699
10700
4124
4158
4366
10705
10706
10707
6139
10712
10713
10714
6140
10719
10720
10721
4161
6141
6472
10726
10727
10728
10733
10734
10735
4371
6474
10740
10741
10742
4164
4372
10747
10748
10749
4165
4373
6476
10754
10755
10756
6146
10761
10762
10763
6147
6480
10768
10769
10770
4134
4168
6148
10775
10776
10777
6482
10782
10783
10784
4136
4378
10789
10790
10791
4171
4379
6484
10796
10797
10798
4138
4172
4380
10803
10804
10805
6153
10810
10811
10812
6154
10817
10818
10819
4141
4175
6155
10824
10825
10826
10831
10832
10833
4143
4385
10838
10839
10840
4178
4386
10845
10846
10847
4145
4179
4387
10852
10853
10854
6160
10859
10860
10861
6161
10866
10867
10868
4148
4182
6162
10873
10874
10875
10880
10881
10882
4150
4392
10887
10888
10889
4185
4393
10894
10895
10896
4152
4186
4394
10901
10902
10903
6167
10908
10909
10910
6168
10915
10916
10917
4155
4189
6169
10922
10923
10924
10929
10930
10931
4157
4399
10936
10937
10938
4192
4400
10943
10944
10945
4159
4193
4401
10950
10951
10952
6174
10957
10958
10959
6175
10964
10965
10966
4162
4196
6176
10971
10972
10973
10978
10979
10980
4164
4406
10985
10986
10987
4199
4407
10992
10993
10994
4166
4200
4408
10999
11000
11001
6181
11006
11007
11008
6182
11013
11014
11015
4203
6183
6528
11020
11021
11022
11027
11028
11029
4413
6530
11034
11035
11036
4206
4414
11041
11042
11043
4207
4415
6532
11048
11049
11050
6188
11055
11056
11057
6189
6536
11062
11063
11064
4176
4210
6190
11069
11070
11071
6538
11076
11077
11078
4178
4420
11083
11084
11085
4213
4421
6540
11090
11091
11092
4180
4214
4422
11097
11098
11099
6195
11104
11105
11106
6196
11111
11112
11113
4183
4217
6197
11118
11119
11120
11125
11126
11127
4185
4427
11132
11133
11134
4220
4428
11139
11140
11141
4187
4221
4429
11146
11147
11148
6202
11153
11154
11155
6203
11160
11161
11162
4190
4224
6204
11167
11168
11169
11174
11175
11176
4192
4434
11181
11182
11183
4227
4435
11188
11189
11190
4194
4228
4436
11195
11196
11197
6209
11202
11203
11204
6210
11209
11210
11211
4197
4231
6211
11216
11217
11218
11223
11224
11225
4199
4441
11230
11231
11232
4234
4442
11237
11238
11239
4201
4235
4443
11244
11245
11246
6216
11251
11252
11253
6217
11258
11259
11260
4204
4238
6218
11265
11266
11267
11272
11273
11274
4206
4448
11279
11280
11281
4241
4449
11286
11287
11288
4208
4242
4450
11293
11294
11295
6223
11300
11301
11302
6224
11307
11308
11309
4245
6225
6584
11314
11315
11316
11321
11322
11323
4455
6586
11328
11329
11330
4248
4456
11335
11336
11337
4249
4457
6588
11342
11343
11344
6230
11349
11350
11351
6231
6592
11356
11357
11358
4218
6232
6646
11363
11364
11365
6594
11370
11371
11372
4220
4462
11377
11378
11379
4463
6596
6649
11384
11385
11386
4222
4464
6650
11391
11392
11393
6237
11398
11399
11400
6238
11405
11406
11407
4225
6239
6653
11412
11413
11414
11419
11420
11421
4227
4469
11426
11427
11428
4470
6656
11433
11434
11435
4229
4471
6657
11440
11441
11442
6244
11447
11448
11449
6245
11454
11455
11456
4232
6246
6660
11461
11462
11463
11468
11469
11470
4234
4476
11475
11476
11477
4477
6663
11482
11483
11484
4236
4478
6664
11489
11490
11491
6251
11496
11497
11498
6252
11503
11504
11505
4239
6253
6667
11510
11511
11512
11517
11518
11519
4241
4483
11524
11525
11526
4484
6670
11531
11532
11533
4243
4485
6671
11538
11539
11540
6258
11545
11546
11547
6259
11552
11553
11554
4246
6260
6674
11559
11560
11561
11566
11567
11568
4248
4490
11573
11574
11575
4491
6677
11580
11581
11582
4250
4492
6678
11587
11588
11589
6265
11594
11595
11596
6266
11601
11602
11603
6267
6640
6681
11608
11609
11610
11615
11616
11617
4497
6642
11622
11623
11624
4498
6684
11629
11630
11631
4499
6644
6685
11636
11637
11638
6690
11643
11644
11645
6732
11650
11651
11652
4260
4294
11657
11658
11659
6693
6734
11664
11665
11666
4262
4504
6694
11671
11672
11673
4297
4505
6736
11678
11679
11680
4264
4298
4506
11685
11686
11687
6697
11692
11693
11694
11699
11700
11701
4267
4301
11706
11707
11708
6700
11713
11714
11715
4269
4511
6701
11720
11721
11722
4304
4512
11727
11728
11729
4271
4305
4513
11734
11735
11736
6704
11741
11742
11743
11748
11749
11750
4274
4308
11755
11756
11757
6707
11762
11763
11764
4276
4518
6708
11769
11770
11771
4311
4519
11776
11777
11778
4278
4312
4520
11783
11784
11785
6711
11790
11791
11792
11797
11798
11799
4281
4315
11804
11805
11806
6714
11811
11812
11813
4283
4525
6715
11818
11819
11820
4318
4526
11825
11826
11827
4285
4319
4527
11832
11833
11834
6718
11839
11840
11841
11846
11847
11848
4288
4322
11853
11854
11855
6721
11860
11861
11862
4290
4532
6722
11867
11868
11869
4325
4533
11874
11875
11876
4292
4326
4534
11881
11882
11883
6725
11888
11889
11890
11895
11896
11897
4329
6780
11902
11903
11904
6728
11909
11910
11911
4539
6729
6782
11916
11917
11918
4332
4540
11923
11924
11925
4333
4541
6784
11930
11931
11932
11937
11938
11939
6788
11944
11945
11946
4302
4336
11951
11952
11953
6790
11958
11959
11960
4304
4546
11965
11966
11967
4339
4547
6792
11972
11973
11974
4306
4340
4548
11979
11980
11981
11986
11987
11988
11993
11994
11995
4309
4343
12000
12001
12002
12007
12008
12009
4311
4553
12014
12015
12016
4346
4554
12021
12022
12023
4313
4347
4555
12028
12029
12030
12035
12036
12037
12042
12043
12044
4316
4350
12049
12050
12051
12056
12057
12058
4318
4560
12063
12064
12065
4353
4561
12070
12071
12072
4320
4354
4562
12077
12078
12079
12084
12085
12086
12091
12092
12093
4323
4357
12098
12099
12100
12105
12106
12107
4325
4567
12112
12113
12114
4360
4568
12119
12120
12121
4327
4361
4569
12126
12127
12128
12133
12134
12135
12140
12141
12142
4330
4364
12147
12148
12149
12154
12155
12156
4332
4574
12161
12162
12163
4367
4575
12168
12169
12170
4334
4368
4576
12175
12176
12177
12182
12183
12184
12189
12190
12191
4371
6836
12196
12197
12198
12203
12204
12205
4581
6838
12210
12211
12212
4374
4582
12217
12218
12219
4375
4583
6840
12224
12225
12226
12231
12232
12233
6844
12238
12239
12240
4344
4378
12245
12246
12247
6846
12252
12253
12254
4346
4588
12259
12260
12261
4381
4589
6848
12266
12267
12268
4348
4382
4590
12273
12274
12275
12280
12281
12282
12287
12288
12289
4351
4385
12294
12295
12296
12301
12302
12303
4353
4595
12308
12309
12310
4388
4596
12315
12316
12317
4355
4389
4597
12322
12323
12324
12329
12330
12331
12336
12337
12338
4358
4392
12343
12344
12345
12350
12351
12352
4360
4602
12357
12358
12359
4395
4603
12364
12365
12366
4362
4396
4604
12371
12372
12373
12378
12379
12380
12385
12386
12387
4365
4399
12392
12393
12394
12399
12400
12401
4367
4609
12406
12407
12408
4402
4610
12413
12414
12415
4369
4403
4611
12420
12421
12422
12427
12428
12429
12434
12435
12436
4372
4406
12441
12442
12443
12448
12449
12450
4374
4616
12455
12456
12457
4409
4617
12462
12463
12464
4376
4410
4618
12469
12470
12471
12476
12477
12478
12483
12484
12485
4413
6892
12490
12491
12492
12497
12498
12499
4623
6894
12504
12505
12506
4416
4624
12511
12512
12513
4417
4625
6896
12518
12519
12520
12525
12526
12527
6900
12532
12533
12534
4386
4420
12539
12540
12541
6902
12546
12547
12548
4388
4630
12553
12554
12555
4423
4631
6904
12560
12561
12562
4390
4424
4632
12567
12568
12569
12574
12575
12576
12581
12582
12583
4393
4427
12588
12589
12590
12595
12596
12597
4395
4637
12602
12603
12604
4430
4638
12609
12610
12611
4397
4431
4639
12616
12617
12618
12623
12624
12625
12630
12631
12632
4400
4434
12637
12638
12639
12644
12645
12646
4402
4644
12651
12652
12653
4437
4645
12658
12659
12660
4404
4438
4646
12665
12666
12667
12672
12673
12674
12679
12680
12681
4407
4441
12686
12687
12688
12693
12694
12695
4409
4651
12700
12701
12702
4444
4652
12707
12708
12709
4411
4445
4653
12714
12715
12716
12721
12722
12723
12728
12729
12730
4414
4448
12735
12736
12737
12742
12743
12744
4416
4658
12749
12750
12751
4451
4659
12756
12757
12758
4418
4452
4660
12763
12764
12765
12770
12771
12772
12777
12778
12779
4455
6948
12784
12785
12786
12791
12792
12793
4665
6950
12798
12799
12800
4458
4666
12805
12806
12807
4459
4667
6952
12812
12813
12814
12819
12820
12821
6956
12826
12827
12828
4428
4462
12833
12834
12835
6958
12840
12841
12842
4430
4672
12847
12848
12849
4465
4673
6960
12854
12855
12856
4432
4466
4674
12861
12862
12863
12868
12869
12870
12875
12876
12877
4435
4469
12882
12883
12884
12889
12890
12891
4437
4679
12896
12897
12898
4472
4680
12903
12904
12905
4439
4473
4681
12910
12911
12912
12917
12918
12919
12924
12925
12926
4442
4476
12931
12932
12933
12938
12939
12940
4444
4686
12945
12946
12947
4479
4687
12952
12953
12954
4446
4480
4688
12959
12960
12961
12966
12967
12968
12973
12974
12975
4449
4483
12980
12981
12982
12987
12988
12989
4451
4693
12994
12995
12996
4486
4694
13001
13002
13003
4453
4487
4695
13008
13009
13010
13015
13016
13017
13022
13023
13024
4456
4490
13029
13030
13031
13036
13037
13038
4458
4700
13043
13044
13045
4493
4701
13050
13051
13052
4460
4494
4702
13057
13058
13059
13064
13065
13066
13071
13072
13073
4497
7004
13078
13079
13080
13085
13086
13087
4707
7006
13092
13093
13094
4500
4708
13099
13100
13101
4501
4709
7008
13106
13107
13108
13113
13114
13115
7012
13120
13121
13122
4470
7066
13127
13128
13129
7014
13134
13135
13136
4472
4714
13141
13142
13143
4715
7016
7069
13148
13149
13150
4474
4716
7070
13155
13156
13157
13162
13163
13164
13169
13170
13171
4477
7073
13176
13177
13178
13183
13184
13185
4479
4721
13190
13191
13192
4722
7076
13197
13198
13199
4481
4723
7077
13204
13205
13206
13211
13212
13213
13218
13219
13220
4484
7080
13225
13226
13227
13232
13233
13234
4486
4728
13239
13240
13241
4729
7083
13246
13247
13248
4488
4730
7084
13253
13254
13255
13260
13261
13262
13267
13268
13269
4491
7087
13274
13275
13276
13281
13282
13283
4493
4735
13288
13289
13290
4736
7090
13295
13296
13297
4495
4737
7091
13302
13303
13304
13309
13310
13311
13316
13317
13318
4498
7094
13323
13324
13325
13330
13331
13332
4500
4742
13337
13338
13339
4743
7097
13344
13345
13346
4502
4744
7098
13351
13352
13353
13358
13359
13360
13365
13366
13367
7060
7101
13372
13373
13374
13379
13380
13381
4749
7062
13386
13387
13388
4750
7104
13393
13394
13395
4751
7064
7105
13400
13401
13402
7110
13407
13408
13409
7152
13414
13415
13416
4512
4546
13421
13422
13423
7113
7154
13428
13429
13430
4514
4756
7114
13435
13436
13437
4549
4757
7156
13442
13443
13444
4516
4550
4758
13449
13450
13451
7117
13456
13457
13458
13463
13464
13465
4519
4553
13470
13471
13472
7120
13477
13478
13479
4521
4763
7121
13484
13485
13486
4556
4764
13491
13492
13493
4523
4557
4765
13498
13499
13500
7124
13505
13506
13507
13512
13513
13514
4526
4560
13519
13520
13521
7127
13526
13527
13528
4528
4770
7128
13533
13534
13535
4563
4771
13540
13541
13542
4530
4564
4772
13547
13548
13549
7131
13554
13555
13556
13561
13562
13563
4533
4567
13568
13569
13570
7134
13575
13576
13577
4535
4777
7135
13582
13583
13584
4570
4778
13589
13590
13591
4537
4571
4779
13596
13597
13598
7138
13603
13604
13605
13610
13611
13612
4540
4574
13617
13618
13619
7141
13624
13625
13626
4542
4784
7142
13631
13632
13633
4577
4785
13638
13639
13640
4544
4578
4786
13645
13646
13647
7145
13652
13653
13654
13659
13660
13661
4581
7200
13666
13667
13668
7148
13673
13674
13675
4791
7149
7202
13680
13681
13682
4584
4792
13687
13688
13689
4585
4793
7204
13694
13695
13696
13701
13702
13703
7208
13708
13709
13710
4554
4588
13715
13716
13717
7210
13722
13723
13724
4556
4798
13729
13730
13731
4591
4799
7212
13736
13737
13738
4558
4592
4800
13743
13744
13745
13750
13751
13752
13757
13758
13759
4561
4595
13764
13765
13766
13771
13772
13773
4563
4805
13778
13779
13780
4598
4806
13785
13786
13787
4565
4599
4807
13792
13793
13794
13799
13800
13801
13806
13807
13808
4568
4602
13813
13814
13815
13820
13821
13822
4570
4812
13827
13828
13829
4605
4813
13834
13835
13836
4572
4606
4814
13841
13842
13843
13848
13849
13850
13855
13856
13857
4575
4609
13862
13863
13864
13869
13870
13871
4577
4819
13876
13877
13878
4612
4820
13883
13884
13885
4579
4613
4821
13890
13891
13892
13897
13898
13899
13904
13905
13906
4582
4616
13911
13912
13913
13918
13919
13920
4584
4826
13925
13926
13927
4619
4827
13932
13933
13934
4586
4620
4828
13939
13940
13941
13946
13947
13948
13953
13954
13955
4623
7256
13960
13961
13962
13967
13968
13969
4833
7258
13974
13975
13976
4626
4834
13981
13982
13983
4627
4835
7260
13988
13989
13990
13995
13996
13997
7264
14002
14003
14004
4596
4630
14009
14010
14011
7266
14016
14017
14018
4598
4840
14023
14024
14025
4633
4841
7268
14030
14031
14032
4600
4634
4842
14037
14038
14039
14044
14045
14046
14051
14052
14053
4603
4637
14058
14059
14060
14065
14066
14067
4605
4847
14072
14073
14074
4640
4848
14079
14080
14081
4607
4641
4849
14086
14087
14088
14093
14094
14095
14100
14101
14102
4610
4644
14107
14108
14109
14114
14115
14116
4612
4854
14121
14122
14123
4647
4855
14128
14129
14130
4614
4648
4856
14135
14136
14137
14142
14143
14144
14149
14150
14151
4617
4651
14156
14157
14158
14163
14164
14165
4619
4861
14170
14171
14172
4654
4862
14177
14178
14179
4621
4655
4863
14184
14185
14186
14191
14192
14193
14198
14199
14200
4624
4658
14205
14206
14207
14212
14213
14214
4626
4868
14219
14220
14221
4661
4869
14226
14227
14228
4628
4662
4870
14233
14234
14235
14240
14241
14242
14247
14248
14249
4665
7312
14254
14255
14256
14261
14262
14263
4875
7314
14268
14269
14270
4668
4876
14275
14276
14277
4669
4877
7316
14282
14283
14284
14289
14290
14291
7320
14296
14297
14298
4638
4672
14303
14304
14305
7322
14310
14311
14312
4640
4882
14317
14318
14319
4675
4883
7324
14324
14325
14326
4642
4676
4884
14331
14332
14333
14338
14339
14340
14345
14346
14347
4645
4679
14352
14353
14354
14359
14360
14361
4647
4889
14366
14367
14368
4682
4890
14373
14374
14375
4649
4683
4891
14380
14381
14382
14387
14388
14389
14394
14395
14396
4652
4686
14401
14402
14403
14408
14409
14410
4654
4896
14415
14416
14417
4689
4897
14422
14423
14424
4656
4690
4898
14429
14430
14431
14436
14437
14438
14443
14444
14445
4659
4693
14450
14451
14452
14457
14458
14459
4661
4903
14464
14465
14466
4696
4904
14471
14472
14473
4663
4697
4905
14478
14479
14480
14485
14486
14487
14492
14493
14494
4666
4700
14499
14500
14501
14506
14507
14508
4668
4910
14513
14514
14515
4703
4911
14520
14521
14522
4670
4704
4912
14527
14528
14529
14534
14535
14536
14541
14542
14543
4707
7368
14548
14549
14550
14555
14556
14557
4917
7370
14562
14563
14564
4710
4918
14569
14570
14571
4711
4919
7372
14576
14577
14578
14583
14584
14585
7376
14590
14591
14592
4680
4714
14597
14598
14599
7378
14604
14605
14606
4682
4924
14611
14612
14613
4717
4925
7380
14618
14619
14620
4684
4718
4926
14625
14626
14627
14632
14633
14634
14639
14640
14641
4687
4721
14646
14647
14648
14653
14654
14655
4689
4931
14660
14661
14662
4724
4932
14667
14668
14669
4691
4725
4933
14674
14675
14676
14681
14682
14683
14688
14689
14690
4694
4728
14695
14696
14697
14702
14703
14704
4696
4938
14709
14710
14711
4731
4939
14716
14717
14718
4698
4732
4940
14723
14724
14725
14730
14731
14732
14737
14738
14739
4701
4735
14744
14745
14746
14751
14752
14753
4703
4945
14758
14759
14760
4738
4946
14765
14766
14767
4705
4739
4947
14772
14773
14774
14779
14780
14781
14786
14787
14788
4708
4742
14793
14794
14795
14800
14801
14802
4710
4952
14807
14808
14809
4745
4953
14814
14815
14816
4712
4746
4954
14821
14822
14823
14828
14829
14830
14835
14836
14837
4749
7424
14842
14843
14844
14849
14850
14851
4959
7426
14856
14857
14858
4752
4960
14863
14864
14865
4753
4961
7428
14870
14871
14872
14877
14878
14879
7432
14884
14885
14886
4722
7486
14891
14892
14893
7434
14898
14899
14900
4724
4966
14905
14906
14907
4967
7436
7489
14912
14913
14914
4726
4968
7490
14919
14920
14921
14926
14927
14928
14933
14934
14935
4729
7493
14940
14941
14942
14947
14948
14949
4731
4973
14954
14955
14956
4974
7496
14961
14962
14963
4733
4975
7497
14968
14969
14970
14975
14976
14977
14982
14983
14984
4736
7500
14989
14990
14991
14996
14997
14998
4738
4980
15003
15004
15005
4981
7503
15010
15011
15012
4740
4982
7504
15017
15018
15019
15024
15025
15026
15031
15032
15033
4743
7507
15038
15039
15040
15045
15046
15047
4745
4987
15052
15053
15054
4988
7510
15059
15060
15061
4747
4989
7511
15066
15067
15068
15073
15074
15075
15080
15081
15082
4750
7514
15087
15088
15089
15094
15095
15096
4752
4994
15101
15102
15103
4995
7517
15108
15109
15110
4754
4996
7518
15115
15116
15117
15122
15123
15124
15129
15130
15131
7480
7521
15136
15137
15138
15143
15144
15145
5001
7482
15150
15151
15152
5002
7524
15157
15158
15159
5003
7484
7525
15164
15165
15166
7530
15171
15172
15173
7572
15178
15179
15180
4764
4798
15185
15186
15187
7533
7574
15192
15193
15194
4766
5008
7534
15199
15200
15201
4801
5009
7576
15206
15207
15208
4768
4802
5010
15213
15214
15215
7537
15220
15221
15222
15227
15228
15229
4771
4805
15234
15235
15236
7540
15241
15242
15243
4773
5015
7541
15248
15249
15250
4808
5016
15255
15256
15257
4775
4809
5017
15262
15263
15264
7544
15269
15270
15271
15276
15277
15278
4778
4812
15283
15284
15285
7547
15290
15291
15292
4780
5022
7548
15297
15298
15299
4815
5023
15304
15305
15306
4782
4816
5024
15311
15312
15313
7551
15318
15319
15320
15325
15326
15327
4785
4819
15332
15333
15334
7554
15339
15340
15341
4787
5029
7555
15346
15347
15348
4822
5030
15353
15354
15355
4789
4823
5031
15360
15361
15362
7558
15367
15368
15369
15374
15375
15376
4792
4826
15381
15382
15383
7561
15388
15389
15390
4794
5036
7562
15395
15396
15397
4829
5037
15402
15403
15404
4796
4830
5038
15409
15410
15411
7565
15416
15417
15418
15423
15424
15425
4833
7620
15430
15431
15432
7568
15437
15438
15439
5043
7569
7622
15444
15445
15446
4836
5044
15451
15452
15453
4837
5045
7624
15458
15459
15460
15465
15466
15467
7628
15472
15473
15474
4806
4840
15479
15480
15481
7630
15486
15487
15488
4808
5050
15493
15494
15495
4843
5051
7632
15500
15501
15502
4810
4844
5052
15507
15508
15509
15514
15515
15516
15521
15522
15523
4813
4847
15528
15529
15530
15535
15536
15537
4815
5057
15542
15543
15544
4850
5058
15549
15550
15551
4817
4851
5059
15556
15557
15558
15563
15564
15565
15570
15571
15572
4820
4854
15577
15578
15579
15584
15585
15586
4822
5064
15591
15592
15593
4857
5065
15598
15599
15600
4824
5066
15605
15606
15607
15612
15613
15614
15619
15620
15621
4827
4861
15626
15627
15628
15633
15634
15635
4829
5071
15640
15641
15642
5072
15647
15648
15649
4831
4865
5073
15654
15655
15656
15661
15662
15663
15668
15669
15670
4834
4868
15675
15676
15677
15682
15683
15684
4836
5078
15689
15690
15691
4871
5079
15696
15697
15698
4838
4872
5080
15703
15704
15705
15710
15711
15712
15717
15718
15719
4875
7676
15724
15725
15726
15731
15732
15733
5085
7678
15738
15739
15740
4878
5086
15745
15746
15747
4879
5087
7680
15752
15753
15754
15759
15760
15761
7684
15766
15767
15768
4848
4882
15773
15774
15775
7686
15780
15781
15782
4850
5092
15787
15788
15789
4885
5093
7688
15794
15795
15796
4852
4886
5094
15801
15802
15803
15808
15809
15810
15815
15816
15817
4855
4889
15822
15823
15824
15829
15830
15831
4857
5099
15836
15837
15838
4892
5100
15843
15844
15845
4893
5101
15850
15851
15852
15857
15858
15859
15864
15865
15866
4862
4896
15871
15872
15873
15878
15879
15880
4864
5106
15885
15886
4899
5107
15891
15892
4866
4900
5108
15897
15898
15899
15904
15905
15906
15911
15912
15913
4869
4903
15918
15919
15920
15925
15926
4871
5113
15931
15932
15933
4906
5114
15938
15939
15940
4907
5115
15945
15946
15951
15952
15953
15958
15959
15960
4876
4910
15965
15966
15967
15972
15973
15974
4878
5120
15979
15980
15981
4913
5121
15986
15987
15988
4880
4914
5122
15993
15994
15995
16000
16001
16002
16007
16008
16009
4917
7732
16014
16015
16016
16021
16022
16023
5127
7734
16028
16029
16030
4920
5128
16035
16036
16037
4921
5129
7736
16042
16043
16044
16049
16050
16051
7740
16056
16057
16058
4890
4924
16063
16064
16065
7742
16070
16071
16072
4892
5134
16077
16078
16079
4927
5135
7744
16084
16085
16086
4894
4928
5136
16091
16092
16093
16098
16099
16100
16105
16106
16107
4897
4931
16112
16113
16114
16119
16120
16121
5141
16126
16127
16128
4934
5142
16133
16134
16135
4901
4935
5143
16140
16141
16142
16147
16148
16149
16154
16155
16156
4904
4938
16161
16162
16163
16168
16169
4906
5148
16174
16175
16176
4941
5149
16181
16182
16183
4908
5150
16188
16189
16194
16195
16196
16201
16202
16203
4911
4945
16208
16209
16210
16215
16216
16217
5155
16222
16223
5156
16228
16229
4915
4949
5157
16234
16235
16236
16241
16242
16243
16248
16249
16250
4918
4952
16255
16256
16257
16262
16263
16264
4920
5162
16269
16270
16271
4955
5163
16276
16277
16278
4922
4956
5164
16283
16284
16285
16290
16291
16292
16297
16298
16299
4959
7788
16304
16305
16306
16311
16312
16313
5169
7790
16318
16319
16320
4962
5170
16325
16326
16327
4963
5171
7792
16332
16333
16334
16339
16340
16341
7796
16346
16347
16348
4932
4966
16353
16354
16355
7798
16360
16361
16362
4934
5176
16367
16368
16369
4969
5177
7800
16374
16375
16376
4936
4970
5178
16381
16382
16383
16388
16389
16390
16395
16396
16397
4939
4973
16402
16403
16404
16409
16410
16411
4941
5183
16416
16417
16418
4976
5184
16423
16424
16425
4943
4977
5185
16430
16431
16432
16437
16438
16439
16444
16445
16446
4946
4980
16451
16452
16453
16458
16459
16460
4948
5190
16465
16466
16467
4983
5191
16472
16473
16474
4950
4984
5192
16479
16480
16481
16486
16487
16488
16493
16494
16495
4953
4987
16500
16501
16502
16507
16508
16509
4955
5197
16514
16515
16516
4990
5198
16521
16522
16523
4957
4991
5199
16528
16529
16530
16535
16536
16537
16542
16543
16544
4960
4994
16549
16550
16551
16556
16557
16558
4962
5204
16563
16564
16565
4997
5205
16570
16571
16572
4964
4998
5206
16577
16578
16579
16584
16585
16586
16591
16592
16593
5001
7844
16598
16599
16600
16605
16606
16607
5211
7846
16612
16613
16614
5004
5212
16619
16620
16621
5005
5213
7848
16626
16627
16628
16633
16634
16635
7852
16640
16641
16642
4974
7906
16647
16648
16649
7854
16654
16655
16656
4976
5218
16661
16662
16663
5219
7856
7909
16668
16669
16670
4978
5220
7910
16675
16676
16677
16682
16683
16684
16689
16690
16691
4981
7913
16696
16697
16698
16703
16704
16705
4983
5225
16710
16711
16712
5226
7916
16717
16718
16719
4985
5227
7917
16724
16725
16726
16731
16732
16733
16738
16739
16740
4988
7920
16745
16746
16747
16752
16753
16754
4990
5232
16759
16760
16761
5233
7923
16766
16767
16768
4992
5234
7924
16773
16774
16775
16780
16781
16782
16787
16788
16789
4995
7927
16794
16795
16796
16801
16802
16803
4997
5239
16808
16809
16810
5240
7930
16815
16816
16817
4999
5241
7931
16822
16823
16824
16829
16830
16831
16836
16837
16838
5002
7934
16843
16844
16845
16850
16851
16852
5004
5246
16857
16858
16859
5247
7937
16864
16865
16866
5006
5248
7938
16871
16872
16873
16878
16879
16880
16885
16886
16887
7900
7941
16892
16893
16894
16899
16900
16901
5253
7902
16906
16907
16908
5254
7944
16913
16914
16915
5255
7904
7945
16920
16921
16922
7950
16927
16928
16929
7992
16934
16935
16936
5016
5050
16941
16942
16943
7953
7994
16948
16949
16950
5018
5260
7954
16955
16956
16957
5053
5261
7996
16962
16963
16964
5020
5054
5262
16969
16970
16971
7957
16976
16977
16978
16983
16984
16985
5023
5057
16990
16991
16992
7960
16997
16998
16999
5025
5267
7961
17004
17005
17006
5060
5268
17011
17012
17013
5027
5061
5269
17018
17019
17020
7964
17025
17026
17027
17032
17033
17034
5030
5064
17039
17040
17041
7967
17046
17047
17048
5032
5274
7968
17053
17054
17055
5067
5275
17060
17061
17062
5034
5068
5276
17067
17068
17069
7971
17074
17075
17076
17081
17082
17083
5037
5071
17088
17089
17090
7974
17095
17096
17097
5039
5281
7975
17102
17103
17104
5074
5282
17109
17110
17111
5041
5075
5283
17116
17117
17118
7978
17123
17124
17125
17130
17131
17132
5044
5078
17137
17138
17139
7981
17144
17145
17146
5046
5288
7982
17151
17152
17153
5081
5289
17158
17159
17160
5048
5082
5290
17165
17166
17167
7985
17172
17173
17174
17179
17180
17181
5085
8040
17186
17187
17188
7988
17193
17194
17195
5295
7989
8042
17200
17201
17202
5088
5296
17207
17208
17209
5089
5297
8044
17214
17215
17216
17221
17222
17223
8048
17228
17229
17230
5058
5092
17235
17236
17237
8050
17242
17243
17244
5060
5302
17249
17250
17251
5095
5303
8052
17256
17257
17258
5062
5096
5304
17263
17264
17265
17270
17271
17272
17277
17278
17279
5065
5099
17284
17285
17286
17291
17292
17293
5067
5309
17298
17299
17300
5102
5310
17305
17306
17307
5069
5103
5311
17312
17313
17314
17319
17320
17321
17326
17327
17328
5072
17333
17334
17335
17340
17341
17342
5074
5316
17347
17348
17349
5109
5317
17354
17355
17356
5076
5110
5318
17361
17362
17363
17368
17369
17370
17375
17376
17377
5079
5113
17382
17383
17384
17389
17390
17391
5081
5323
17396
17397
17398
5116
5324
17403
17404
17405
5083
5117
5325
17410
17411
17412
17417
17418
17419
17424
17425
17426
5086
5120
17431
17432
17433
17438
17439
17440
5088
5330
17445
17446
17447
5123
5331
17452
17453
17454
5090
5124
5332
17459
17460
17461
17466
17467
17468
17473
17474
17475
5127
8096
17480
17481
17482
17487
17488
17489
5337
8098
17494
17495
17496
5130
5338
17501
17502
17503
5131
5339
8100
17508
17509
17510
17515
17516
17517
8104
17522
17523
17524
5100
5134
17529
17530
17531
8106
17536
17537
17538
5102
5344
17543
17544
17545
5137
5345
8108
17550
17551
17552
5104
5138
5346
17557
17558
17559
17564
17565
17566
17571
17572
17573
5141
17578
17579
17580
17585
17586
17587
5109
5351
17592
17593
17594
5144
5352
17599
17600
17601
5111
5145
5353
17606
17607
17608
17613
17614
17619
17620
5114
5148
17625
17626
17627
17632
17633
17634
5116
5358
17639
17640
17641
5151
5359
17646
17647
17648
5118
5152
5360
17653
17654
17655
17660
17661
17662
17667
17668
17669
5155
17674
17675
17680
17681
17682
5123
5365
17687
17688
17689
5158
5366
17694
17695
17696
5125
5159
5367
17701
17702
17703
17708
17709
17710
17715
17716
17717
5128
5162
17722
17723
17724
17729
17730
17731
5130
5372
17736
17737
17738
5165
5373
17743
17744
17745
5132
5166
5374
17750
17751
17752
17757
17758
17759
17764
17765
17766
5169
8151
17771
17772
17773
17778
17779
17780
5379
8153
17785
17786
17787
5172
5380
17792
17793
17794
5173
5381
8155
17799
17800
17801
17806
17807
17808
8159
17813
17814
17815
5142
5176
17820
17821
17822
8161
17827
17828
17829
5144
5386
17834
17835
17836
5179
5387
8163
17841
17842
17843
5146
5180
5388
17848
17849
17850
17855
17856
17857
17862
17863
17864
5149
5183
17869
17870
17871
17876
17877
17878
5151
5393
17883
17884
17885
5186
5394
17890
17891
17892
5153
5187
5395
17897
17898
17899
17904
17905
17906
17911
17912
17913
5156
17918
17919
17924
17925
17926
5158
5400
17931
17932
17933
5193
5401
17938
17939
17940
5160
5194
5402
17945
17946
17947
17952
17953
17958
17959
5163
5197
17964
17965
17966
17971
17972
17973
5165
5407
17978
17979
17980
5200
5408
17985
17986
17987
5167
5201
5409
17992
17993
17994
17999
18000
18001
18006
18007
18008
5170
5204
18013
18014
18015
18020
18021
18022
5172
5414
18027
18028
18029
5207
5415
18034
18035
18036
5174
5208
5416
18041
18042
18043
18048
18049
18050
18055
18056
18057
5211
8206
18062
18063
18064
18069
18070
18071
5421
8208
18076
18077
18078
5214
5422
18083
18084
18085
5215
5423
8210
18090
18091
18092
18097
18098
18099
8214
18104
18105
18106
5184
5218
18111
18112
18113
8216
18118
18119
18120
5186
5428
18125
18126
18127
5221
5429
8218
18132
18133
18134
5188
5222
5430
18139
18140
18141
18146
18147
18148
18153
18154
18155
5191
5225
18160
18161
18162
18167
18168
18169
5193
5435
18174
18175
18176
5228
5436
18181
18182
18183
5195
5229
5437
18188
18189
18190
18195
18196
18197
18202
18203
18204
5198
5232
18209
18210
18211
18216
18217
18218
5200
5442
18223
18224
18225
5235
5443
18230
18231
18232
5202
5236
5444
18237
18238
18239
18244
18245
18246
18251
18252
18253
5205
5239
18258
18259
18260
18265
18266
18267
5207
5449
18272
18273
18274
5242
5450
18279
18280
18281
5209
5243
5451
18286
18287
18288
18293
18294
18295
18300
18301
18302
5212
5246
18307
18308
18309
18314
18315
18316
5214
5456
18321
18322
18323
5249
5457
18328
18329
18330
5216
5250
5458
18335
18336
18337
18342
18343
18344
18349
18350
18351
5253
8262
18356
18357
18358
18363
18364
18365
5463
8264
18370
18371
18372
5256
5464
18377
18378
18379
5257
5465
8266
18384
18385
18386
18391
18392
18393
8270
18398
18399
18400
5226
8324
18405
18406
18407
8272
18412
18413
18414
5228
5470
18419
18420
18421
5471
8274
8327
18426
18427
18428
5230
5472
8328
18433
18434
18435
18440
18441
18442
18447
18448
18449
5233
8331
18454
18455
18456
18461
18462
18463
5235
5477
18468
18469
18470
5478
8334
18475
18476
18477
5237
5479
8335
18482
18483
18484
18489
18490
18491
18496
18497
18498
5240
8338
18503
18504
18505
18510
18511
18512
5242
5484
18517
18518
18519
5485
8341
18524
18525
18526
5244
5486
8342
18531
18532
18533
18538
18539
18540
18545
18546
18547
5247
8345
18552
18553
18554
18559
18560
18561
5249
5491
18566
18567
18568
5492
8348
18573
18574
18575
5251
5493
8349
18580
18581
18582
18587
18588
18589
18594
18595
18596
5254
8352
18601
18602
18603
18608
18609
18610
5256
5498
18615
18616
18617
5499
8355
18622
18623
18624
5258
5500
8356
18629
18630
18631
18636
18637
18638
18643
18644
18645
8318
8359
18650
18651
18652
18657
18658
18659
5505
8320
18664
18665
18666
5506
8362
18671
18672
18673
5507
8322
8363
18678
18679
18680
8368
18685
18686
18687
8410
18692
18693
18694
5268
5302
18699
18700
18701
8371
8412
18706
18707
18708
5270
5512
8372
18713
18714
18715
5305
5513
8414
18720
18721
18722
5272
5306
5514
18727
18728
18729
8375
18734
18735
18736
18741
18742
18743
5275
5309
18748
18749
18750
8378
18755
18756
18757
5277
5519
8379
18762
18763
18764
5312
5520
18769
18770
18771
5279
5313
5521
18776
18777
18778
8382
18783
18784
18785
18790
18791
18792
5282
5316
18797
18798
18799
8385
18804
18805
18806
5284
5526
8386
18811
18812
18813
5319
5527
18818
18819
18820
5286
5320
5528
18825
18826
18827
8389
18832
18833
18834
18839
18840
18841
5289
5323
18846
18847
18848
8392
18853
18854
18855
5291
5533
8393
18860
18861
18862
5326
5534
18867
18868
18869
5293
5327
5535
18874
18875
18876
8396
18881
18882
18883
18888
18889
18890
5296
5330
18895
18896
18897
8399
18902
18903
18904
5298
5540
8400
18909
18910
18911
5333
5541
18916
18917
18918
5300
5334
5542
18923
18924
18925
8403
18930
18931
18932
18937
18938
18939
5337
8458
18944
18945
18946
8406
18951
18952
18953
5547
8407
8460
18958
18959
18960
5340
5548
18965
18966
18967
5341
5549
8462
18972
18973
18974
18979
18980
18981
8466
18986
18987
18988
5310
5344
18993
18994
18995
8468
19000
19001
19002
5312
5554
19007
19008
19009
5347
5555
8470
19014
19015
19016
5314
5348
5556
19021
19022
19023
19028
19029
19030
19035
19036
19037
5317
5351
19042
19043
19044
19049
19050
19051
5319
5561
19056
19057
19058
5354
5562
19063
19064
19065
5321
5355
5563
19070
19071
19072
19077
19078
19079
19084
19085
19086
5324
5358
19091
19092
19093
19098
19099
19100
5326
5568
19105
19106
19107
5361
5569
19112
19113
19114
5328
5362
5570
19119
19120
19121
19126
19127
19128
19133
19134
19135
5331
5365
19140
19141
19142
19147
19148
19149
5333
5575
19154
19155
19156
5368
5576
19161
19162
19163
5335
5369
5577
19168
19169
19170
19175
19176
19177
19182
19183
19184
5338
5372
19189
19190
19191
19196
19197
19198
5340
5582
19203
19204
19205
5375
5583
19210
19211
19212
5342
5376
5584
19217
19218
19219
19224
19225
19226
19231
19232
19233
5379
8514
19238
19239
19240
19245
19246
19247
5589
8516
19252
19253
19254
5382
5590
19259
19260
19261
5383
5591
8518
19266
19267
19268
19273
19274
19275
8522
19280
19281
19282
5352
5386
19287
19288
19289
8524
19294
19295
19296
5354
5596
19301
19302
19303
5389
5597
8526
19308
19309
19310
5356
5390
5598
19315
19316
19317
19322
19323
19324
19329
19330
19331
5359
5393
19336
19337
19338
19343
19344
19345
5361
5603
19350
19351
19352
5396
5604
19357
19358
19359
5363
5397
5605
19364
19365
19366
19371
19372
19373
19378
19379
19380
5366
5400
19385
19386
19387
19392
19393
19394
5368
5610
19399
19400
19401
5403
5611
19406
19407
19408
5370
5404
5612
19413
19414
19415
19420
19421
19422
19427
19428
19429
5373
5407
19434
19435
19436
19441
19442
19443
5375
5617
19448
19449
19450
5410
5618
19455
19456
19457
5377
5411
5619
19462
19463
19464
19469
19470
19471
19476
19477
19478
5380
5414
19483
19484
19485
19490
19491
19492
5382
5624
19497
19498
19499
5417
5625
19504
19505
19506
5384
5418
5626
19511
19512
19513
19518
19519
19520
19525
19526
19527
5421
8570
19532
19533
19534
19539
19540
19541
5631
8572
19546
19547
19548
5424
5632
19553
19554
19555
5425
5633
8574
19560
19561
19562
19567
19568
19569
8578
19574
19575
19576
5394
5428
19581
19582
19583
8580
19588
19589
19590
5396
5638
19595
19596
19597
5431
5639
8582
19602
19603
19604
5398
5432
5640
19609
19610
19611
19616
19617
19618
19623
19624
19625
5401
5435
19630
19631
19632
19637
19638
19639
5403
5645
19644
19645
19646
5438
5646
19651
19652
19653
5405
5439
5647
19658
19659
19660
19665
19666
19667
19672
19673
19674
5408
5442
19679
19680
19681
19686
19687
19688
5410
5652
19693
19694
19695
5445
5653
19700
19701
19702
5412
5446
5654
19707
19708
19709
19714
19715
19716
19721
19722
19723
5415
5449
19728
19729
19730
19735
19736
19737
5417
5659
19742
19743
19744
5452
5660
19749
19750
19751
5419
5453
5661
19756
19757
19758
19763
19764
19765
19770
19771
19772
5422
5456
19777
19778
19779
19784
19785
19786
5424
5666
19791
19792
19793
5459
5667
19798
19799
19800
5426
5460
5668
19805
19806
19807
19812
19813
19814
19819
19820
19821
5463
8626
19826
19827
19828
19833
19834
19835
5673
8628
19840
19841
19842
5466
5674
19847
19848
19849
5467
5675
8630
19854
19855
19856
19861
19862
19863
8634
19868
19869
19870
5436
5470
19875
19876
19877
8636
19882
19883
19884
5438
5680
19889
19890
19891
5473
5681
8638
19896
19897
19898
5440
5474
5682
19903
19904
19905
19910
19911
19912
19917
19918
19919
5443
5477
19924
19925
19926
19931
19932
19933
5445
5687
19938
19939
19940
5480
5688
19945
19946
19947
5447
5481
5689
19952
19953
19954
19959
19960
19961
19966
19967
19968
5450
5484
19973
19974
19975
19980
19981
19982
5452
5694
19987
19988
19989
5487
5695
19994
19995
19996
5454
5488
5696
20001
20002
20003
20008
20009
20010
20015
20016
20017
5457
5491
20022
20023
20024
20029
20030
20031
5459
5701
20036
20037
20038
5494
5702
20043
20044
20045
5461
5495
5703
20050
20051
20052
20057
20058
20059
20064
20065
20066
5464
5498
20071
20072
20073
20078
20079
20080
5466
5708
20085
20086
20087
5501
5709
20092
20093
20094
5468
5502
5710
20099
20100
20101
20106
20107
20108
20113
20114
20115
5505
8682
20120
20121
20122
20127
20128
20129
5715
8684
20134
20135
20136
5508
5716
20141
20142
20143
5509
5717
8686
20148
20149
20150
20155
20156
20157
8690
20162
20163
20164
5478
8744
20169
20170
20171
8692
20176
20177
20178
5480
5722
20183
20184
20185
5723
8694
8747
20190
20191
20192
5482
5724
8748
20197
20198
20199
20204
20205
20206
20211
20212
20213
5485
8751
20218
20219
20220
20225
20226
20227
5487
5729
20232
20233
20234
5730
8754
20239
20240
20241
5489
5731
8755
20246
20247
20248
20253
20254
20255
20260
20261
20262
5492
8758
20267
20268
20269
20274
20275
20276
5494
5736
20281
20282
20283
5737
8761
20288
20289
20290
5496
5738
8762
20295
20296
20297
20302
20303
20304
20309
20310
20311
5499
8765
20316
20317
20318
20323
20324
20325
5501
5743
20330
20331
20332
5744
8768
20337
20338
20339
5503
5745
8769
20344
20345
20346
20351
20352
20353
20358
20359
20360
5506
8772
20365
20366
20367
20372
20373
20374
5508
5750
20379
20380
20381
5751
8775
20386
20387
20388
5510
5752
8776
20393
20394
20395
20400
20401
20402
20407
20408
20409
8738
8779
20414
20415
20416
20421
20422
20423
5757
8740
20428
20429
20430
5758
8782
20435
20436
20437
5759
8742
8783
20442
20443
20444
8788
20449
20450
20451
8830
20456
20457
20458
5520
5554
20463
20464
20465
8791
8832
20470
20471
20472
5522
5764
8792
20477
20478
20479
5557
5765
8834
20484
20485
20486
5524
5558
5766
20491
20492
20493
8795
20498
20499
20500
20505
20506
20507
5527
5561
20512
20513
20514
8798
20519
20520
20521
5529
5771
8799
20526
20527
20528
5564
5772
20533
20534
20535
5531
5565
5773
20540
20541
20542
8802
20547
20548
20549
20554
20555
20556
5534
5568
20561
20562
20563
8805
20568
20569
20570
5536
5778
8806
20575
20576
20577
5571
5779
20582
20583
20584
5538
5572
5780
20589
20590
20591
8809
20596
20597
20598
20603
20604
20605
5541
5575
20610
20611
20612
8812
20617
20618
20619
5543
5785
8813
20624
20625
20626
5578
5786
20631
20632
20633
5545
5579
5787
20638
20639
20640
8816
20645
20646
20647
20652
20653
20654
5548
5582
20659
20660
20661
8819
20666
20667
20668
5550
5792
8820
20673
20674
20675
5585
5793
20680
20681
20682
5552
5586
5794
20687
20688
20689
8823
20694
20695
20696
20701
20702
20703
5589
8878
20708
20709
20710
8826
20715
20716
20717
5799
8827
8880
20722
20723
20724
5592
5800
20729
20730
20731
5593
5801
8882
20736
20737
20738
20743
20744
20745
8886
20750
20751
20752
5562
5596
20757
20758
20759
8888
20764
20765
20766
5564
5806
20771
20772
20773
5599
5807
8890
20778
20779
20780
5566
5600
5808
20785
20786
20787
20792
20793
20794
20799
20800
20801
5569
5603
20806
20807
20808
20813
20814
20815
5571
5813
20820
20821
20822
5606
5814
20827
20828
20829
5573
5607
5815
20834
20835
20836
20841
20842
20843
20848
20849
20850
5576
5610
20855
20856
20857
20862
20863
20864
5578
5820
20869
20870
20871
5613
5821
20876
20877
20878
5580
5614
5822
20883
20884
20885
20890
20891
20892
20897
20898
20899
5583
5617
20904
20905
20906
20911
20912
20913
5585
5827
20918
20919
20920
5620
5828
20925
20926
20927
5587
5621
5829
20932
20933
20934
20939
20940
20941
20946
20947
20948
5590
5624
20953
20954
20955
20960
20961
20962
5592
5834
20967
20968
20969
5627
5835
20974
20975
20976
5594
5628
5836
20981
20982
20983
20988
20989
20990
20995
20996
20997
5631
8934
21002
21003
21004
21009
21010
21011
5841
8936
21016
21017
21018
5634
5842
21023
21024
21025
5635
5843
8938
21030
21031
21032
21037
21038
21039
8942
21044
21045
21046
5604
5638
21051
21052
21053
8944
21058
21059
21060
5606
5848
21065
21066
21067
5641
5849
8946
21072
21073
21074
5608
5642
5850
21079
21080
21081
21086
21087
21088
21093
21094
21095
5611
5645
21100
21101
21102
21107
21108
21109
5613
5855
21114
21115
21116
5648
5856
21121
21122
21123
5615
5649
5857
21128
21129
21130
21135
21136
21137
21142
21143
21144
5618
5652
21149
21150
21151
21156
21157
21158
5620
5862
21163
21164
21165
5655
5863
21170
21171
21172
5622
5656
5864
21177
21178
21179
21184
21185
21186
21191
21192
21193
5625
5659
21198
21199
21200
21205
21206
21207
5627
5869
21212
21213
21214
5662
5870
21219
21220
21221
5629
5663
5871
21226
21227
21228
21233
21234
21235
21240
21241
21242
5632
5666
21247
21248
21249
21254
21255
21256
5634
5876
21261
21262
21263
5669
5877
21268
21269
21270
5636
5670
5878
21275
21276
21277
21282
21283
21284
21289
21290
21291
5673
8990
21296
21297
21298
21303
21304
21305
5883
8992
21310
21311
21312
5676
5884
21317
21318
21319
5677
5885
8994
21324
21325
21326
21331
21332
21333
8998
21338
21339
21340
5646
5680
21345
21346
21347
9000
21352
21353
21354
5648
5890
21359
21360
21361
5683
5891
9002
21366
21367
21368
5650
5684
5892
21373
21374
21375
21380
21381
21382
21387
21388
21389
5653
5687
21394
21395
21396
21401
21402
21403
5655
5897
21408
21409
21410
5690
5898
21415
21416
21417
5657
5691
5899
21422
21423
21424
21429
21430
21431
21436
21437
21438
5660
5694
21443
21444
21445
21450
21451
21452
5662
5904
21457
21458
21459
5697
5905
21464
21465
21466
5664
5698
5906
21471
21472
21473
21478
21479
21480
21485
21486
21487
5667
5701
21492
21493
21494
21499
21500
21501
5669
5911
21506
21507
21508
5704
5912
21513
21514
21515
5671
5705
5913
21520
21521
21522
21527
21528
21529
21534
21535
21536
5674
5708
21541
21542
21543
21548
21549
21550
5676
5918
21555
21556
21557
5711
5919
21562
21563
21564
5678
5712
5920
21569
21570
21571
21576
21577
21578
21583
21584
21585
5715
9046
21590
21591
21592
21597
21598
21599
5925
9048
21604
21605
21606
5718
5926
21611
21612
21613
5719
5927
9050
21618
21619
21620
21625
21626
21627
9054
21632
21633
21634
5688
5722
21639
21640
21641
9056
21646
21647
21648
5690
5932
21653
21654
21655
5725
5933
9058
21660
21661
21662
5692
5726
5934
21667
21668
21669
21674
21675
21676
21681
21682
21683
5695
5729
21688
21689
21690
21695
21696
21697
5697
5939
21702
21703
21704
5732
5940
21709
21710
21711
5699
5733
5941
21716
21717
21718
21723
21724
21725
21730
21731
21732
5702
5736
21737
21738
21739
21744
21745
21746
5704
5946
21751
21752
21753
5739
5947
21758
21759
21760
5706
5740
5948
21765
21766
21767
21772
21773
21774
21779
21780
21781
5709
5743
21786
21787
21788
21793
21794
21795
5711
5953
21800
21801
21802
5746
5954
21807
21808
21809
5713
5747
5955
21814
21815
21816
21821
21822
21823
21828
21829
21830
5716
5750
21835
21836
21837
21842
21843
21844
5718
5960
21849
21850
21851
5753
5961
21856
21857
21858
5720
5754
5962
21863
21864
21865
21870
21871
21872
21877
21878
21879
5757
9102
21884
21885
21886
21891
21892
21893
5967
9104
21898
21899
21900
5760
5968
21905
21906
21907
5761
5969
9106
21912
21913
21914
21919
21920
21921
9110
21926
21927
21928
5730
9164
21933
21934
21935
9112
21940
21941
21942
5732
5974
21947
21948
21949
5975
9114
9167
21954
21955
21956
5734
5976
9168
21961
21962
21963
21968
21969
21970
21975
21976
21977
5737
9171
21982
21983
21984
21989
21990
21991
5739
5981
21996
21997
21998
5982
9174
22003
22004
22005
5741
5983
9175
22010
22011
22012
22017
22018
22019
22024
22025
22026
5744
9178
22031
22032
22033
22038
22039
22040
5746
5988
22045
22046
22047
5989
9181
22052
22053
22054
5748
5990
9182
22059
22060
22061
22066
22067
22068
22073
22074
22075
5751
9185
22080
22081
22082
22087
22088
22089
5753
5995
22094
22095
22096
5996
9188
22101
22102
22103
5755
5997
9189
22108
22109
22110
22115
22116
22117
22122
22123
22124
5758
9192
22129
22130
22131
22136
22137
22138
5760
6002
22143
22144
22145
6003
9195
22150
22151
22152
5762
6004
9196
22157
22158
22159
22164
22165
22166
22171
22172
22173
9158
9199
22178
22179
22180
22185
22186
22187
6009
9160
22192
22193
22194
6010
9202
22199
22200
22201
6011
9162
9203
22206
22207
22208
9208
22213
22214
22215
9250
22220
22221
22222
5772
5806
22227
22228
22229
9211
9252
22234
22235
22236
5774
9212
9626
22241
22242
22243
5809
9254
9627
22248
22249
22250
5776
5810
9628
22255
22256
22257
9215
22262
22263
22264
22269
22270
22271
5779
5813
22276
22277
22278
9218
22283
22284
22285
5781
9219
9633
22290
22291
22292
5816
9634
22297
22298
22299
5783
5817
9635
22304
22305
22306
9222
22311
22312
22313
22318
22319
22320
5786
5820
22325
22326
22327
9225
22332
22333
22334
5788
9226
9640
22339
22340
22341
5823
9641
22346
22347
22348
5790
5824
9642
22353
22354
22355
9229
22360
22361
22362
22367
22368
22369
5793
5827
22374
22375
22376
9232
22381
22382
22383
5795
9233
9647
22388
22389
22390
5830
9648
22395
22396
22397
5797
5831
9649
22402
22403
22404
9236
22409
22410
22411
22416
22417
22418
5800
5834
22423
22424
22425
9239
22430
22431
22432
5802
9240
9654
22437
22438
22439
5837
9655
22444
22445
22446
5804
5838
9656
22451
22452
22453
9243
22458
22459
22460
22465
22466
22467
5841
9298
22472
22473
22474
9246
22479
22480
22481
9247
9300
9661
22486
22487
22488
5844
9662
22493
22494
22495
5845
9302
9663
22500
22501
22502
22507
22508
22509
9306
22514
22515
22516
5814
5848
22521
22522
22523
9308
22528
22529
22530
5816
9668
22535
22536
22537
5851
9310
9669
22542
22543
22544
5818
5852
9670
22549
22550
22551
22556
22557
22558
22563
22564
22565
5821
5855
22570
22571
22572
22577
22578
22579
5823
9675
22584
22585
22586
5858
9676
22591
22592
22593
5825
5859
9677
22598
22599
22600
22605
22606
22607
22612
22613
22614
5828
5862
22619
22620
22621
22626
22627
22628
5830
9682
22633
22634
22635
5865
9683
22640
22641
22642
5832
5866
9684
22647
22648
22649
22654
22655
22656
22661
22662
22663
5835
5869
22668
22669
22670
22675
22676
22677
5837
9689
22682
22683
22684
5872
9690
22689
22690
22691
5839
5873
9691
22696
22697
22698
22703
22704
22705
22710
22711
22712
5842
5876
22717
22718
22719
22724
22725
22726
5844
9696
22731
22732
22733
5879
9697
22738
22739
22740
5846
5880
9698
22745
22746
22747
22752
22753
22754
22759
22760
22761
5883
9354
22766
22767
22768
22773
22774
22775
9356
9703
22780
22781
22782
5886
9704
22787
22788
22789
5887
9358
9705
22794
22795
22796
22801
22802
22803
9362
22808
22809
22810
5856
5890
22815
22816
22817
9364
22822
22823
22824
5858
9710
22829
22830
22831
5893
9366
9711
22836
22837
22838
5860
5894
9712
22843
22844
22845
22850
22851
22852
22857
22858
22859
5863
5897
22864
22865
22866
22871
22872
22873
5865
9717
22878
22879
22880
5900
9718
22885
22886
22887
5867
5901
9719
22892
22893
22894
22899
22900
22901
22906
22907
22908
5870
5904
22913
22914
22915
22920
22921
22922
5872
9724
22927
22928
22929
5907
9725
22934
22935
22936
5874
5908
9726
22941
22942
22943
22948
22949
22950
22955
22956
22957
5877
5911
22962
22963
22964
22969
22970
22971
5879
9731
22976
22977
22978
5914
9732
22983
22984
22985
5881
5915
9733
22990
22991
22992
22997
22998
22999
23004
23005
23006
5884
5918
23011
23012
23013
23018
23019
23020
5886
9738
23025
23026
23027
5921
9739
23032
23033
23034
5888
5922
9740
23039
23040
23041
23046
23047
23048
23053
23054
23055
5925
9410
23060
23061
23062
23067
23068
23069
9412
9745
23074
23075
23076
5928
9746
23081
23082
23083
5929
9414
9747
23088
23089
23090
23095
23096
23097
9418
23102
23103
23104
5898
5932
23109
23110
23111
9420
23116
23117
23118
5900
9752
23123
23124
23125
5935
9422
9753
23130
23131
23132
5902
5936
9754
23137
23138
23139
23144
23145
23146
23151
23152
23153
5905
5939
23158
23159
23160
23165
23166
23167
5907
9759
23172
23173
23174
5942
9760
23179
23180
23181
5909
5943
9761
23186
23187
23188
23193
23194
23195
23200
23201
23202
5912
5946
23207
23208
23209
23214
23215
23216
5914
9766
23221
23222
23223
5949
9767
23228
23229
23230
5916
5950
9768
23235
23236
23237
23242
23243
23244
23249
23250
23251
5919
5953
23256
23257
23258
23263
23264
23265
5921
9773
23270
23271
23272
5956
9774
23277
23278
23279
5923
5957
9775
23284
23285
23286
23291
23292
23293
23298
23299
23300
5926
5960
23305
23306
23307
23312
23313
23314
5928
9780
23319
23320
23321
5963
9781
23326
23327
23328
5930
5964
9782
23333
23334
23335
23340
23341
23342
23347
23348
23349
5967
9466
23354
23355
23356
23361
23362
23363
9468
9787
23368
23369
23370
5970
9788
23375
23376
23377
5971
9470
9789
23382
23383
23384
23389
23390
23391
9474
23396
23397
23398
5940
5974
23403
23404
23405
9476
23410
23411
23412
5942
9794
23417
23418
23419
5977
9478
9795
23424
23425
23426
5944
5978
9796
23431
23432
23433
23438
23439
23440
23445
23446
23447
5947
5981
23452
23453
23454
23459
23460
23461
5949
9801
23466
23467
23468
5984
9802
23473
23474
23475
5951
5985
9803
23480
23481
23482
23487
23488
23489
23494
23495
23496
5954
5988
23501
23502
23503
23508
23509
23510
5956
9808
23515
23516
23517
5991
9809
23522
23523
23524
5958
5992
9810
23529
23530
23531
23536
23537
23538
23543
23544
23545
5961
5995
23550
23551
23552
23557
23558
23559
5963
9815
23564
23565
23566
5998
9816
23571
23572
23573
5965
5999
9817
23578
23579
23580
23585
23586
23587
23592
23593
23594
5968
6002
23599
23600
23601
23606
23607
23608
5970
9822
23613
23614
23615
6005
9823
23620
23621
23622
5972
6006
9824
23627
23628
23629
23634
23635
23636
23641
23642
23643
6009
9522
23648
23649
23650
23655
23656
23657
9524
9829
23662
23663
23664
6012
9830
23669
23670
23671
6013
9526
9831
23676
23677
23678
23683
23684
23685
9530
23690
23691
23692
5982
9584
23697
23698
23699
9532
23704
23705
23706
5984
9836
23711
23712
23713
9534
9587
9837
23718
23719
23720
5986
9588
9838
23725
23726
23727
23732
23733
23734
23739
23740
23741
5989
9591
23746
23747
23748
23753
23754
23755
5991
9843
23760
23761
23762
9594
9844
23767
23768
23769
5993
9595
9845
23774
23775
23776
23781
23782
23783
23788
23789
23790
5996
9598
23795
23796
23797
23802
23803
23804
5998
9850
23809
23810
23811
9601
9851
23816
23817
23818
6000
9602
9852
23823
23824
23825
23830
23831
23832
23837
23838
23839
6003
9605
23844
23845
23846
23851
23852
23853
6005
9857
23858
23859
23860
9608
9858
23865
23866
23867
6007
9609
9859
23872
23873
23874
23879
23880
23881
23886
23887
23888
6010
9612
23893
23894
23895
23900
23901
23902
6012
9864
23907
23908
23909
9615
9865
23914
23915
23916
6014
9616
9866
23921
23922
23923
23928
23929
23930
23935
23936
23937
9578
9619
23942
23943
23944
23949
23950
23951
9580
9871
23956
23957
23958
9622
9872
23963
23964
23965
9582
9623
9873
23970
23971
23972
6018
6020
6018
6021
6022
6024
6058
6020
6021
6318
6319
6321
6022
6026
9879
9880
9882
6022
6061
9886
9887
9889
6028
6062
9893
9894
9896
6025
6027
6025
6028
6029
6031
6065
6027
6028
6325
6326
6328
6029
6033
9928
9929
9931
6029
6068
9935
9936
9938
6035
6069
9942
9943
9945
6032
6034
6032
6035
6036
6038
6072
6034
6035
6332
6333
6335
6036
6040
9977
9978
9980
6036
6075
9984
9985
9987
6042
6076
9991
9992
9994
6039
6041
6039
6042
6043
6045
6079
6041
6042
6339
6340
6342
6043
6047
10026
10027
10029
6043
6082
10033
10034
10036
6049
6083
10040
10041
10043
6046
6048
6046
6049
6050
6052
6086
6048
6049
6346
6347
6349
6050
6054
10075
10076
10078
6050
6089
10082
10083
10085
6056
6090
10089
10090
10092
6053
6055
6053
6056
6057
6093
6055
6056
6353
6354
6356
6057
10124
10125
10127
6057
6096
10131
10132
10134
6097
10138
10139
10141
6060
6062
6060
6063
6064
6066
6100
6062
6063
6374
6375
6377
6064
6068
10173
10174
10176
6064
6103
10180
10181
10183
6070
6104
10187
10188
10190
6067
6069
6067
6070
6071
6073
6107
6069
6070
6381
6382
6384
6071
6075
10222
10223
10225
6071
6110
10229
10230
10232
6077
6111
10236
10237
10239
6074
6076
6074
6077
6078
6080
6114
6076
6077
6388
6389
6391
6078
6082
10271
10272
10274
6078
6117
10278
10279
10281
6084
6118
10285
10286
10288
6081
6083
6081
6084
6085
6087
6121
6083
6084
6395
6396
6398
6085
6089
10320
10321
10323
6085
6124
10327
10328
10330
6091
6125
10334
10335
10337
6088
6090
6088
6091
6092
6094
6128
6090
6091
6402
6403
6405
6092
6096
10369
10370
10372
6092
6131
10376
10377
10379
6098
6132
10383
10384
10386
6095
6097
6095
6098
6099
6135
6097
6098
6409
6410
6412
6099
10418
10419
10421
6099
6138
10425
10426
10428
6139
10432
10433
10435
6102
6104
6102
6105
6106
6108
6142
6104
6105
6430
6431
6433
6106
6110
10467
10468
10470
6106
6145
10474
10475
10477
6112
6146
10481
10482
10484
6109
6111
6109
6112
6113
6115
6149
6111
6112
6437
6438
6440
6113
6117
10516
10517
10519
6113
6152
10523
10524
10526
6119
6153
10530
10531
10533
6116
6118
6116
6119
6120
6122
6156
6118
6119
6444
6445
6447
6120
6124
10565
10566
10568
6120
6159
10572
10573
10575
6126
6160
10579
10580
10582
6123
6125
6123
6126
6127
6129
6163
6125
6126
6451
6452
6454
6127
6131
10614
10615
10617
6127
6166
10621
10622
10624
6133
6167
10628
10629
10631
6130
6132
6130
6133
6134
6136
6170
6132
6133
6458
6459
6461
6134
6138
10663
10664
10666
6134
6173
10670
10671
10673
6140
6174
10677
10678
10680
6137
6139
6137
6140
6141
6177
6139
6140
6465
6466
6468
6141
10712
10713
10715
6141
6180
10719
10720
10722
6181
10726
10727
10729
6144
6146
6144
6147
6148
6150
6184
6146
6147
6486
6487
6489
6148
6152
10761
10762
10764
6148
6187
10768
10769
10771
6154
6188
10775
10776
10778
6151
6153
6151
6154
6155
6157
6191
6153
6154
6493
6494
6496
6155
6159
10810
10811
10813
6155
6194
10817
10818
10820
6161
6195
10824
10825
10827
6158
6160
6158
6161
6162
6164
6198
6160
6161
6500
6501
6503
6162
6166
10859
10860
10862
6162
6201
10866
10867
10869
6168
6202
10873
10874
10876
6165
6167
6165
6168
6169
6171
6205
6167
6168
6507
6508
6510
6169
6173
10908
10909
10911
6169
6208
10915
10916
10918
6175
6209
10922
10923
10925
6172
6174
6172
6175
6176
6178
6212
6174
6175
6514
6515
6517
6176
6180
10957
10958
10960
6176
6215
10964
10965
10967
6182
6216
10971
10972
10974
6179
6181
6179
6182
6183
6219
6181
6182
6521
6522
6524
6183
11006
11007
11009
6183
6222
11013
11014
11016
6223
11020
11021
11023
6186
6188
6186
6189
6190
6192
6226
6188
6189
6542
6543
6545
6190
6194
11055
11056
11058
6190
6229
11062
11063
11065
6196
6230
11069
11070
11072
6193
6195
6193
6196
6197
6199
6233
6195
6196
6549
6550
6552
6197
6201
11104
11105
11107
6197
6236
11111
11112
11114
6203
6237
11118
11119
11121
6200
6202
6200
6203
6204
6206
6240
6202
6203
6556
6557
6559
6204
6208
11153
11154
11156
6204
6243
11160
11161
11163
6210
6244
11167
11168
11170
6207
6209
6207
6210
6211
6213
6247
6209
6210
6563
6564
6566
6211
6215
11202
11203
11205
6211
6250
11209
11210
11212
6217
6251
11216
11217
11219
6214
6216
6214
6217
6218
6220
6254
6216
6217
6570
6571
6573
6218
6222
11251
11252
11254
6218
6257
11258
11259
11261
6224
6258
11265
11266
11268
6221
6223
6221
6224
6225
6261
6223
6224
6577
6578
6580
6225
11300
11301
11303
6225
6264
11307
11308
11310
6265
11314
11315
11317
6228
6230
6228
6231
6232
6234
6230
6231
6598
6599
6601
6232
6236
11349
11350
11352
6232
11356
11357
11359
6238
11363
11364
11366
6235
6237
6235
6238
6239
6241
6237
6238
6605
6606
6608
6239
6243
11398
11399
11401
6239
11405
11406
11408
6245
11412
11413
11415
6242
6244
6242
6245
6246
6248
6244
6245
6612
6613
6615
6246
6250
11447
11448
11450
6246
11454
11455
11457
6252
11461
11462
11464
6249
6251
6249
6252
6253
6255
6251
6252
6619
6620
6622
6253
6257
11496
11497
11499
6253
11503
11504
11506
6259
11510
11511
11513
6256
6258
6256
6259
6260
6262
6258
6259
6626
6627
6629
6260
6264
11545
11546
11548
6260
11552
11553
11555
6266
11559
11560
11562
6263
6265
6263
6266
6267
6265
6266
6633
6634
6636
6267
11594
11595
11597
6267
11601
11602
11604
11608
11609
11611
6270
6272
6270
6273
6318
6320
6322
6274
6276
9879
9881
9883
6272
6273
6274
6278
6688
6274
6689
9900
9901
9903
6280
6690
9907
9908
9910
6277
6279
6277
6280
6325
6327
6329
6281
6283
9928
9930
9932
6279
6280
6281
6285
6695
6281
6696
9949
9950
9952
6287
6697
9956
9957
9959
6284
6286
6284
6287
6332
6334
6336
6288
6290
9977
9979
9981
6286
6287
6288
6292
6702
6288
6703
9998
9999
10001
6294
6704
10005
10006
10008
6291
6293
6291
6294
6339
6341
6343
6295
6297
10026
10028
10030
6293
6294
6295
6299
6709
6295
6710
10047
10048
10050
6301
6711
10054
10055
10057
6298
6300
6298
6301
6346
6348
6350
6302
6304
10075
10077
10079
6300
6301
6302
6306
6716
6302
6717
10096
10097
10099
6308
6718
10103
10104
10106
6305
6307
6305
6308
6353
6355
6357
6309
10124
10126
10128
6307
6308
6309
6723
6309
6724
10145
10146
10148
6725
10152
10153
10155
6312
6314
6319
6320
6323
6312
6315
6316
6366
9886
9888
9890
6314
6315
6316
6730
9900
9902
9904
6316
6369
6731
6370
6732
9914
9915
9917
6321
6322
6323
9878
9885
9899
6321
6322
9879
6321
6323
9886
6322
6323
9900
9882
9889
9883
9903
9890
9904
6328
6329
6330
9927
9934
9948
6328
6329
9928
6328
6330
9880
9935
6329
6330
9881
9949
9931
9938
9932
9952
9884
9939
9953
6335
6336
6337
9976
9983
9997
6335
6336
9977
6335
6337
9929
9984
6336
6337
9930
9998
9980
9987
9981
10001
9933
9988
10002
6342
6343
6344
10025
10032
10046
6342
6343
10026
6342
6344
9978
10033
6343
6344
9979
10047
10029
10036
10030
10050
9982
10037
10051
6349
6350
6351
10074
10081
10095
6349
6350
10075
6349
6351
10027
10082
6350
6351
10028
10096
10078
10085
10079
10099
10031
10086
10100
6356
6357
6358
10123
10130
10144
6356
6357
10124
6356
6358
10076
10131
6357
6358
10077
10145
10127
10134
10128
10148
10080
10135
10149
6361
6363
6361
6364
10138
10140
10142
6365
6415
6363
6364
10152
10154
10156
6365
6779
6365
6418
6780
10166
10167
10169
6419
6781
6368
6370
6375
6376
6379
6368
6371
6372
6422
10180
10182
10184
6370
6371
6372
6786
10194
10196
10198
6372
6425
6787
6426
6788
10208
10209
10211
6377
6378
6379
10172
10179
10193
6377
6378
9887
10173
6377
6379
10180
6378
6379
9888
10194
10176
10183
9891
10177
10197
10184
10198
6384
6385
6386
10221
10228
10242
6384
6385
9936
10222
6384
6386
10174
10229
6385
6386
9937
10175
10243
10225
10232
9940
10226
10246
10178
10233
10247
6391
6392
6393
10270
10277
10291
6391
6392
9985
10271
6391
6393
10223
10278
6392
6393
9986
10224
10292
10274
10281
9989
10275
10295
10227
10282
10296
6398
6399
6400
10319
10326
10340
6398
6399
10034
10320
6398
6400
10272
10327
6399
6400
10035
10273
10341
10323
10330
10038
10324
10344
10276
10331
10345
6405
6406
6407
10368
10375
10389
6405
6406
10083
10369
6405
6407
10321
10376
6406
6407
10084
10322
10390
10372
10379
10087
10373
10393
10325
10380
10394
6412
6413
6414
10417
10424
10438
6412
6413
10132
10418
6412
6414
10370
10425
6413
6414
10133
10371
10439
10421
10428
10136
10422
10442
10374
10429
10443
6417
6419
6417
6420
10432
10434
10436
6421
6471
6419
6420
10446
10448
10450
6421
6835
6421
6474
6836
10460
10461
10463
6475
6837
6424
6426
6431
6432
6435
6424
6427
6428
6478
10474
10476
10478
6426
6427
6428
6842
10488
10490
10492
6428
6481
6843
6482
6844
10502
10503
10505
6433
6434
6435
10466
10473
10487
6433
6434
10181
10467
6433
6435
10474
6434
6435
10182
10488
10470
10477
10185
10471
10491
10478
10492
6440
6441
6442
10515
10522
10536
6440
6441
10230
10516
6440
6442
10468
10523
6441
6442
10231
10469
10537
10519
10526
10234
10520
10540
10472
10527
10541
6447
6448
6449
10564
10571
10585
6447
6448
10279
10565
6447
6449
10517
10572
6448
6449
10280
10518
10586
10568
10575
10283
10569
10589
10521
10576
10590
6454
6455
6456
10613
10620
10634
6454
6455
10328
10614
6454
6456
10566
10621
6455
6456
10329
10567
10635
10617
10624
10332
10618
10638
10570
10625
10639
6461
6462
6463
10662
10669
10683
6461
6462
10377
10663
6461
6463
10615
10670
6462
6463
10378
10616
10684
10666
10673
10381
10667
10687
10619
10674
10688
6468
6469
6470
10711
10718
10732
6468
6469
10426
10712
6468
6470
10664
10719
6469
6470
10427
10665
10733
10715
10722
10430
10716
10736
10668
10723
10737
6473
6475
6473
6476
10726
10728
10730
6477
6527
6475
6476
10740
10742
10744
6477
6891
6477
6530
6892
10754
10755
10757
6531
6893
6480
6482
6487
6488
6491
6480
6483
6484
6534
10768
10770
10772
6482
6483
6484
6898
10782
10784
10786
6484
6537
6899
6538
6900
10796
10797
10799
6489
6490
6491
10760
10767
10781
6489
6490
10475
10761
6489
6491
10768
6490
6491
10476
10782
10764
10771
10479
10765
10785
10772
10786
6496
6497
6498
10809
10816
10830
6496
6497
10524
10810
6496
6498
10762
10817
6497
6498
10525
10763
10831
10813
10820
10528
10814
10834
10766
10821
10835
6503
6504
6505
10858
10865
10879
6503
6504
10573
10859
6503
6505
10811
10866
6504
6505
10574
10812
10880
10862
10869
10577
10863
10883
10815
10870
10884
6510
6511
6512
10907
10914
10928
6510
6511
10622
10908
6510
6512
10860
10915
6511
6512
10623
10861
10929
10911
10918
10626
10912
10932
10864
10919
10933
6517
6518
6519
10956
10963
10977
6517
6518
10671
10957
6517
6519
10909
10964
6518
6519
10672
10910
10978
10960
10967
10675
10961
10981
10913
10968
10982
6524
6525
6526
11005
11012
11026
6524
6525
10720
11006
6524
6526
10958
11013
6525
6526
10721
10959
11027
11009
11016
10724
11010
11030
10962
11017
11031
6529
6531
6529
6532
11020
11022
11024
6533
6583
6531
6532
11034
11036
11038
6533
6947
6533
6586
6948
11048
11049
11051
6587
6949
6536
6538
6543
6544
6547
6536
6539
6540
6590
11062
11064
11066
6538
6539
6540
6954
11076
11078
11080
6540
6593
6955
6594
6956
11090
11091
11093
6545
6546
6547
11054
11061
11075
6545
6546
10769
11055
6545
6547
11062
6546
6547
10770
11076
11058
11065
10773
11059
11079
11066
11080
6552
6553
6554
11103
11110
11124
6552
6553
10818
11104
6552
6554
11056
11111
6553
6554
10819
11057
11125
11107
11114
10822
11108
11128
11060
11115
11129
6559
6560
6561
11152
11159
11173
6559
6560
10867
11153
6559
6561
11105
11160
6560
6561
10868
11106
11174
11156
11163
10871
11157
11177
11109
11164
11178
6566
6567
6568
11201
11208
11222
6566
6567
10916
11202
6566
6568
11154
11209
6567
6568
10917
11155
11223
11205
11212
10920
11206
11226
11158
11213
11227
6573
6574
6575
11250
11257
11271
6573
6574
10965
11251
6573
6575
11203
11258
6574
6575
10966
11204
11272
11254
11261
10969
11255
11275
11207
11262
11276
6580
6581
6582
11299
11306
11320
6580
6581
11014
11300
6580
6582
11252
11307
6581
6582
11015
11253
11321
11303
11310
11018
11304
11324
11256
11311
11325
6585
6587
6585
6588
11314
11316
11318
6589
6639
6587
6588
11328
11330
11332
6589
7003
6589
6642
7004
11342
11343
11345
6643
7005
6592
6594
6599
6600
6603
6592
6595
6596
11356
11358
11360
6594
6595
6596
7010
11370
11372
11374
6596
7011
7012
11384
11385
11387
6601
6602
6603
11348
11355
11369
6601
6602
11063
11349
6601
6603
11356
6602
6603
11064
11370
11352
11359
11067
11353
11373
11360
11374
6608
6609
6610
11397
11404
11418
6608
6609
11112
11398
6608
6610
11350
11405
6609
6610
11113
11351
11419
11401
11408
11116
11402
11422
11354
11409
11423
6615
6616
6617
11446
11453
11467
6615
6616
11161
11447
6615
6617
11399
11454
6616
6617
11162
11400
11468
11450
11457
11165
11451
11471
11403
11458
11472
6622
6623
6624
11495
11502
11516
6622
6623
11210
11496
6622
6624
11448
11503
6623
6624
11211
11449
11517
11499
11506
11214
11500
11520
11452
11507
11521
6629
6630
6631
11544
11551
11565
6629
6630
11259
11545
6629
6631
11497
11552
6630
6631
11260
11498
11566
11548
11555
11263
11549
11569
11501
11556
11570
6636
6637
6638
11593
11600
11614
6636
6637
11308
11594
6636
6638
11546
11601
6637
6638
11309
11547
11615
11597
11604
11312
11598
11618
11550
11605
11619
6641
6643
6641
6644
11608
11610
11612
6645
6643
6644
11622
11624
11626
6645
7059
6645
7060
11636
11637
11639
7061
6648
6650
11364
11365
11368
6648
6651
6652
6654
6650
6651
11384
11386
11388
6652
6656
7066
11391
11393
11395
6652
7067
6658
7068
6655
6657
11413
11414
11417
6655
6658
6659
6661
6657
6658
11433
11435
11437
6659
6663
7073
11440
11442
11444
6659
7074
6665
7075
6662
6664
11462
11463
11466
6662
6665
6666
6668
6664
6665
11482
11484
11486
6666
6670
7080
11489
11491
11493
6666
7081
6672
7082
6669
6671
11511
11512
11515
6669
6672
6673
6675
6671
6672
11531
11533
11535
6673
6677
7087
11538
11540
11542
6673
7088
6679
7089
6676
6678
11560
11561
11564
6676
6679
6680
6682
6678
6679
11580
11582
11584
6680
6684
7094
11587
11589
11591
6680
7095
6686
7096
6683
6685
11609
11610
11613
6683
6686
6687
6685
6686
11629
11631
11633
6687
7101
11636
11638
11640
6687
7102
7103
6690
6692
6690
6693
6738
6740
6742
6694
6696
11643
11645
11647
6692
6693
6694
6698
7108
6694
7109
11664
11665
11667
6700
7110
11671
11672
11674
6697
6699
6697
6700
6745
6747
6749
6701
6703
11692
11694
11696
6699
6700
6701
6705
7115
6701
7116
11713
11714
11716
6707
7117
11720
11721
11723
6704
6706
6704
6707
6752
6754
6756
6708
6710
11741
11743
11745
6706
6707
6708
6712
7122
6708
7123
11762
11763
11765
6714
7124
11769
11770
11772
6711
6713
6711
6714
6759
6761
6763
6715
6717
11790
11792
11794
6713
6714
6715
6719
7129
6715
7130
11811
11812
11814
6721
7131
11818
11819
11821
6718
6720
6718
6721
6766
6768
6770
6722
6724
11839
11841
11843
6720
6721
6722
6726
7136
6722
7137
11860
11861
11863
6728
7138
11867
11868
11870
6725
6727
6725
6728
6773
6775
6777
6729
11888
11890
11892
6727
6728
6729
7143
6729
7144
11909
11910
11912
7145
11916
11917
11919
6732
6734
6739
6740
6743
6732
6735
6736
6786
11650
11652
11654
6734
6735
6736
7150
11664
11666
11668
6736
6789
7151
6790
7152
11678
11679
11681
6741
6742
6743
11642
11649
11663
6741
6742
9901
11643
6741
6743
9902
11650
6742
6743
11664
9905
11646
11653
11647
11667
11654
11668
6748
6749
6750
11691
11698
11712
6748
6749
9950
11692
6748
6750
9951
11644
11699
6749
6750
11645
11713
9954
11695
11702
11696
11716
11648
11703
11717
6755
6756
6757
11740
11747
11761
6755
6756
9999
11741
6755
6757
10000
11693
11748
6756
6757
11694
11762
10003
11744
11751
11745
11765
11697
11752
11766
6762
6763
6764
11789
11796
11810
6762
6763
10048
11790
6762
6764
10049
11742
11797
6763
6764
11743
11811
10052
11793
11800
11794
11814
11746
11801
11815
6769
6770
6771
11838
11845
11859
6769
6770
10097
11839
6769
6771
10098
11791
11846
6770
6771
11792
11860
10101
11842
11849
11843
11863
11795
11850
11864
6776
6777
6778
11887
11894
11908
6776
6777
10146
11888
6776
6778
10147
11840
11895
6777
6778
11841
11909
10150
11891
11898
11892
11912
11844
11899
11913
6781
6783
6781
6784
11902
11904
11906
6785
6835
6783
6784
11916
11918
11920
6785
7199
6785
6838
7200
11930
11931
11933
6839
7201
6788
6790
6795
6796
6799
6788
6791
6792
6842
11944
11946
11948
6790
6791
6792
7206
11958
11960
11962
6792
6845
7207
6846
7208
11972
11973
11975
6797
6798
6799
11936
11943
11957
6797
6798
10195
11651
11937
6797
6799
10196
11944
6798
6799
11652
11958
10199
11940
11947
11655
11941
11961
11948
11962
6804
6805
6806
11985
11992
12006
6804
6805
10244
11700
11986
6804
6806
10245
11938
11993
6805
6806
11701
11939
12007
10248
11989
11996
11704
11990
12010
11942
11997
12011
6811
6812
6813
12034
12041
12055
6811
6812
10293
11749
12035
6811
6813
10294
11987
12042
6812
6813
11750
11988
12056
10297
12038
12045
11753
12039
12059
11991
12046
12060
6818
6819
6820
12083
12090
12104
6818
6819
10342
11798
12084
6818
6820
10343
12036
12091
6819
6820
11799
12037
12105
10346
12087
12094
11802
12088
12108
12040
12095
12109
6825
6826
6827
12132
12139
12153
6825
6826
10391
11847
12133
6825
6827
10392
12085
12140
6826
6827
11848
12086
12154
10395
12136
12143
11851
12137
12157
12089
12144
12158
6832
6833
6834
12181
12188
12202
6832
6833
10440
11896
12182
6832
6834
10441
12134
12189
6833
6834
11897
12135
12203
10444
12185
12192
11900
12186
12206
12138
12193
12207
6837
6839
6837
6840
12196
12198
12200
6841
6891
6839
6840
12210
12212
12214
6841
7255
6841
6894
7256
12224
12225
12227
6895
7257
6844
6846
6851
6852
6855
6844
6847
6848
6898
12238
12240
12242
6846
6847
6848
7262
12252
12254
12256
6848
6901
7263
6902
7264
12266
12267
12269
6853
6854
6855
12230
12237
12251
6853
6854
10489
11945
12231
6853
6855
10490
12238
6854
6855
11946
12252
10493
12234
12241
11949
12235
12255
12242
12256
6860
6861
6862
12279
12286
12300
6860
6861
10538
11994
12280
6860
6862
10539
12232
12287
6861
6862
11995
12233
12301
10542
12283
12290
11998
12284
12304
12236
12291
12305
6867
6868
6869
12328
12335
12349
6867
6868
10587
12043
12329
6867
6869
10588
12281
12336
6868
6869
12044
12282
12350
10591
12332
12339
12047
12333
12353
12285
12340
12354
6874
6875
6876
12377
12384
12398
6874
6875
10636
12092
12378
6874
6876
10637
12330
12385
6875
6876
12093
12331
12399
10640
12381
12388
12096
12382
12402
12334
12389
12403
6881
6882
6883
12426
12433
12447
6881
6882
10685
12141
12427
6881
6883
10686
12379
12434
6882
6883
12142
12380
12448
10689
12430
12437
12145
12431
12451
12383
12438
12452
6888
6889
6890
12475
12482
12496
6888
6889
10734
12190
12476
6888
6890
10735
12428
12483
6889
6890
12191
12429
12497
10738
12479
12486
12194
12480
12500
12432
12487
12501
6893
6895
6893
6896
12490
12492
12494
6897
6947
6895
6896
12504
12506
12508
6897
7311
6897
6950
7312
12518
12519
12521
6951
7313
6900
6902
6907
6908
6911
6900
6903
6904
6954
12532
12534
12536
6902
6903
6904
7318
12546
12548
12550
6904
6957
7319
6958
7320
12560
12561
12563
6909
6910
6911
12524
12531
12545
6909
6910
10783
12239
12525
6909
6911
10784
12532
6910
6911
12240
12546
10787
12528
12535
12243
12529
12549
12536
12550
6916
6917
6918
12573
12580
12594
6916
6917
10832
12288
12574
6916
6918
10833
12526
12581
6917
6918
12289
12527
12595
10836
12577
12584
12292
12578
12598
12530
12585
12599
6923
6924
6925
12622
12629
12643
6923
6924
10881
12337
12623
6923
6925
10882
12575
12630
6924
6925
12338
12576
12644
10885
12626
12633
12341
12627
12647
12579
12634
12648
6930
6931
6932
12671
12678
12692
6930
6931
10930
12386
12672
6930
6932
10931
12624
12679
6931
6932
12387
12625
12693
10934
12675
12682
12390
12676
12696
12628
12683
12697
6937
6938
6939
12720
12727
12741
6937
6938
10979
12435
12721
6937
6939
10980
12673
12728
6938
6939
12436
12674
12742
10983
12724
12731
12439
12725
12745
12677
12732
12746
6944
6945
6946
12769
12776
12790
6944
6945
11028
12484
12770
6944
6946
11029
12722
12777
6945
6946
12485
12723
12791
11032
12773
12780
12488
12774
12794
12726
12781
12795
6949
6951
6949
6952
12784
12786
12788
6953
7003
6951
6952
12798
12800
12802
6953
7367
6953
7006
7368
12812
12813
12815
7007
7369
6956
6958
6963
6964
6967
6956
6959
6960
7010
12826
12828
12830
6958
6959
6960
7374
12840
12842
12844
6960
7013
7375
7014
7376
12854
12855
12857
6965
6966
6967
12818
12825
12839
6965
6966
11077
12533
12819
6965
6967
11078
12826
6966
6967
12534
12840
11081
12822
12829
12537
12823
12843
12830
12844
6972
6973
6974
12867
12874
12888
6972
6973
11126
12582
12868
6972
6974
11127
12820
12875
6973
6974
12583
12821
12889
11130
12871
12878
12586
12872
12892
12824
12879
12893
6979
6980
6981
12916
12923
12937
6979
6980
11175
12631
12917
6979
6981
11176
12869
12924
6980
6981
12632
12870
12938
11179
12920
12927
12635
12921
12941
12873
12928
12942
6986
6987
6988
12965
12972
12986
6986
6987
11224
12680
12966
6986
6988
11225
12918
12973
6987
6988
12681
12919
12987
11228
12969
12976
12684
12970
12990
12922
12977
12991
6993
6994
6995
13014
13021
13035
6993
6994
11273
12729
13015
6993
6995
11274
12967
13022
6994
6995
12730
12968
13036
11277
13018
13025
12733
13019
13039
12971
13026
13040
7000
7001
7002
13063
13070
13084
7000
7001
11322
12778
13064
7000
7002
11323
13016
13071
7001
7002
12779
13017
13085
11326
13067
13074
12782
13068
13088
13020
13075
13089
7005
7007
7005
7008
13078
13080
13082
7009
7059
7007
7008
13092
13094
13096
7009
7423
7009
7062
7424
13106
13107
13109
7063
7425
7012
7014
7019
7020
7023
7012
7015
7016
13120
13122
13124
7014
7015
7016
7430
13134
13136
13138
7016
7431
7432
13148
13149
13151
7021
7022
7023
13112
13119
13133
7021
7022
11371
12827
13113
7021
7023
11372
13120
7022
7023
12828
13134
11375
13116
13123
12831
13117
13137
13124
13138
7028
7029
7030
13161
13168
13182
7028
7029
11420
12876
13162
7028
7030
11421
13114
13169
7029
7030
12877
13115
13183
11424
13165
13172
12880
13166
13186
13118
13173
13187
7035
7036
7037
13210
13217
13231
7035
7036
11469
12925
13211
7035
7037
11470
13163
13218
7036
7037
12926
13164
13232
11473
13214
13221
12929
13215
13235
13167
13222
13236
7042
7043
7044
13259
13266
13280
7042
7043
11518
12974
13260
7042
7044
11519
13212
13267
7043
7044
12975
13213
13281
11522
13263
13270
12978
13264
13284
13216
13271
13285
7049
7050
7051
13308
13315
13329
7049
7050
11567
13023
13309
7049
7051
11568
13261
13316
7050
7051
13024
13262
13330
11571
13312
13319
13027
13313
13333
13265
13320
13334
7056
7057
7058
13357
13364
13378
7056
7057
11616
13072
13358
7056
7058
11617
13310
13365
7057
7058
13073
13311
13379
11620
13361
13368
13076
13362
13382
13314
13369
13383
7061
7063
7061
7064
13372
13374
13376
7065
7063
7064
13386
13388
13390
7065
7479
7065
7480
13400
13401
13403
7481
7068
7070
13128
13129
13132
7068
7071
7072
7074
7070
7071
13148
13150
13152
7072
7076
7486
13155
13157
13159
7072
7487
7078
7488
7075
7077
13177
13178
13181
7075
7078
7079
7081
7077
7078
13197
13199
13201
7079
7083
7493
13204
13206
13208
7079
7494
7085
7495
7082
7084
13226
13227
13230
7082
7085
7086
7088
7084
7085
13246
13248
13250
7086
7090
7500
13253
13255
13257
7086
7501
7092
7502
7089
7091
13275
13276
13279
7089
7092
7093
7095
7091
7092
13295
13297
13299
7093
7097
7507
13302
13304
13306
7093
7508
7099
7509
7096
7098
13324
13325
13328
7096
7099
7100
7102
7098
7099
13344
13346
13348
7100
7104
7514
13351
13353
13355
7100
7515
7106
7516
7103
7105
13373
13374
13377
7103
7106
7107
7105
7106
13393
13395
13397
7107
7521
13400
13402
13404
7107
7522
7523
7110
7112
7110
7113
7158
7160
7162
7114
7116
13407
13409
13411
7112
7113
7114
7118
7528
7114
7529
13428
13429
13431
7120
7530
13435
13436
13438
7117
7119
7117
7120
7165
7167
7169
7121
7123
13456
13458
13460
7119
7120
7121
7125
7535
7121
7536
13477
13478
13480
7127
7537
13484
13485
13487
7124
7126
7124
7127
7172
7174
7176
7128
7130
13505
13507
13509
7126
7127
7128
7132
7542
7128
7543
13526
13527
13529
7134
7544
13533
13534
13536
7131
7133
7131
7134
7179
7181
7183
7135
7137
13554
13556
13558
7133
7134
7135
7139
7549
7135
7550
13575
13576
13578
7141
7551
13582
13583
13585
7138
7140
7138
7141
7186
7188
7190
7142
7144
13603
13605
13607
7140
7141
7142
7146
7556
7142
7557
13624
13625
13627
7148
7558
13631
13632
13634
7145
7147
7145
7148
7193
7195
7197
7149
13652
13654
13656
7147
7148
7149
7563
7149
7564
13673
13674
13676
7565
13680
13681
13683
7152
7154
7159
7160
7163
7152
7155
7156
7206
13414
13416
13418
7154
7155
7156
7570
13428
13430
13432
7156
7209
7571
7210
7572
13442
13443
13445
7161
7162
7163
13406
13413
13427
7161
7162
11665
13407
7161
7163
11666
13414
7162
7163
13428
11669
13410
13417
13411
13431
13418
13432
7168
7169
7170
13455
13462
13476
7168
7169
11714
13456
7168
7170
11715
13408
13463
7169
7170
13409
13477
11718
13459
13466
13460
13480
13412
13467
13481
7175
7176
7177
13504
13511
13525
7175
7176
11763
13505
7175
7177
11764
13457
13512
7176
7177
13458
13526
11767
13508
13515
13509
13529
13461
13516
13530
7182
7183
7184
13553
13560
13574
7182
7183
11812
13554
7182
7184
11813
13506
13561
7183
7184
13507
13575
11816
13557
13564
13558
13578
13510
13565
13579
7189
7190
7191
13602
13609
13623
7189
7190
11861
13603
7189
7191
11862
13555
13610
7190
7191
13556
13624
11865
13606
13613
13607
13627
13559
13614
13628
7196
7197
7198
13651
13658
13672
7196
7197
11910
13652
7196
7198
11911
13604
13659
7197
7198
13605
13673
11914
13655
13662
13656
13676
13608
13663
13677
7201
7203
7201
7204
13666
13668
13670
7205
7255
7203
7204
13680
13682
13684
7205
7619
7205
7258
7620
13694
13695
13697
7259
7621
7208
7210
7215
7216
7219
7208
7211
7212
7262
13708
13710
13712
7210
7211
7212
7626
13722
13724
13726
7212
7265
7627
7266
7628
13736
13737
13739
7217
7218
7219
13700
13707
13721
7217
7218
11959
13415
13701
7217
7219
11960
13708
7218
7219
13416
13722
11963
13704
13711
13419
13705
13725
13712
13726
7224
7225
7226
13749
13756
13770
7224
7225
12008
13464
13750
7224
7226
12009
13702
13757
7225
7226
13465
13703
13771
12012
13753
13760
13468
13754
13774
13706
13761
13775
7231
7232
7233
13798
13805
13819
7231
7232
12057
13513
13799
7231
7233
12058
13751
13806
7232
7233
13514
13752
13820
12061
13802
13809
13517
13803
13823
13755
13810
13824
7238
7239
7240
13847
13854
13868
7238
7239
12106
13562
13848
7238
7240
12107
13800
13855
7239
7240
13563
13801
13869
12110
13851
13858
13566
13852
13872
13804
13859
13873
7245
7246
7247
13896
13903
13917
7245
7246
12155
13611
13897
7245
7247
12156
13849
13904
7246
7247
13612
13850
13918
12159
13900
13907
13615
13901
13921
13853
13908
13922
7252
7253
7254
13945
13952
13966
7252
7253
12204
13660
13946
7252
7254
12205
13898
13953
7253
7254
13661
13899
13967
12208
13949
13956
13664
13950
13970
13902
13957
13971
7257
7259
7257
7260
13960
13962
13964
7261
7311
7259
7260
13974
13976
13978
7261
7675
7261
7314
7676
13988
13989
13991
7315
7677
7264
7266
7271
7272
7275
7264
7267
7268
7318
14002
14004
14006
7266
7267
7268
7682
14016
14018
14020
7268
7321
7683
7322
7684
14030
14031
14033
7273
7274
7275
13994
14001
14015
7273
7274
12253
13709
13995
7273
7275
12254
14002
7274
7275
13710
14016
12257
13998
14005
13713
13999
14019
14006
14020
7280
7281
7282
14043
14050
14064
7280
7281
12302
13758
14044
7280
7282
12303
13996
14051
7281
7282
13759
13997
14065
12306
14047
14054
13762
14048
14068
14000
14055
14069
7287
7288
7289
14092
14099
14113
7287
7288
12351
13807
14093
7287
7289
12352
14045
14100
7288
7289
13808
14046
14114
12355
14096
14103
13811
14097
14117
14049
14104
14118
7294
7295
7296
14141
14148
14162
7294
7295
12400
13856
14142
7294
7296
12401
14094
14149
7295
7296
13857
14095
14163
12404
14145
14152
13860
14146
14166
14098
14153
14167
7301
7302
7303
14190
14197
14211
7301
7302
12449
13905
14191
7301
7303
12450
14143
14198
7302
7303
13906
14144
14212
12453
14194
14201
13909
14195
14215
14147
14202
14216
7308
7309
7310
14239
14246
14260
7308
7309
12498
13954
14240
7308
7310
12499
14192
14247
7309
7310
13955
14193
14261
12502
14243
14250
13958
14244
14264
14196
14251
14265
7313
7315
7313
7316
14254
14256
14258
7317
7367
7315
7316
14268
14270
14272
7317
7731
7317
7370
7732
14282
14283
14285
7371
7733
7320
7322
7327
7328
7331
7320
7323
7324
7374
14296
14298
14300
7322
7323
7324
7738
14310
14312
14314
7324
7377
7739
7378
7740
14324
14325
14327
7329
7330
7331
14288
14295
14309
7329
7330
12547
14003
14289
7329
7331
12548
14296
7330
7331
14004
14310
12551
14292
14299
14007
14293
14313
14300
14314
7336
7337
7338
14337
14344
14358
7336
7337
12596
14052
14338
7336
7338
12597
14290
14345
7337
7338
14053
14291
14359
12600
14341
14348
14056
14342
14362
14294
14349
14363
7343
7344
7345
14386
14393
14407
7343
7344
12645
14101
14387
7343
7345
12646
14339
14394
7344
7345
14102
14340
14408
12649
14390
14397
14105
14391
14411
14343
14398
14412
7350
7351
7352
14435
14442
14456
7350
7351
12694
14150
14436
7350
7352
12695
14388
14443
7351
7352
14151
14389
14457
12698
14439
14446
14154
14440
14460
14392
14447
14461
7357
7358
7359
14484
14491
14505
7357
7358
12743
14199
14485
7357
7359
12744
14437
14492
7358
7359
14200
14438
14506
12747
14488
14495
14203
14489
14509
14441
14496
14510
7364
7365
7366
14533
14540
14554
7364
7365
12792
14248
14534
7364
7366
12793
14486
14541
7365
7366
14249
14487
14555
12796
14537
14544
14252
14538
14558
14490
14545
14559
7369
7371
7369
7372
14548
14550
14552
7373
7423
7371
7372
14562
14564
14566
7373
7787
7373
7426
7788
14576
14577
14579
7427
7789
7376
7378
7383
7384
7387
7376
7379
7380
7430
14590
14592
14594
7378
7379
7380
7794
14604
14606
14608
7380
7433
7795
7434
7796
14618
14619
14621
7385
7386
7387
14582
14589
14603
7385
7386
12841
14297
14583
7385
7387
12842
14590
7386
7387
14298
14604
12845
14586
14593
14301
14587
14607
14594
14608
7392
7393
7394
14631
14638
14652
7392
7393
12890
14346
14632
7392
7394
12891
14584
14639
7393
7394
14347
14585
14653
12894
14635
14642
14350
14636
14656
14588
14643
14657
7399
7400
7401
14680
14687
14701
7399
7400
12939
14395
14681
7399
7401
12940
14633
14688
7400
7401
14396
14634
14702
12943
14684
14691
14399
14685
14705
14637
14692
14706
7406
7407
7408
14729
14736
14750
7406
7407
12988
14444
14730
7406
7408
12989
14682
14737
7407
7408
14445
14683
14751
12992
14733
14740
14448
14734
14754
14686
14741
14755
7413
7414
7415
14778
14785
14799
7413
7414
13037
14493
14779
7413
7415
13038
14731
14786
7414
7415
14494
14732
14800
13041
14782
14789
14497
14783
14803
14735
14790
14804
7420
7421
7422
14827
14834
14848
7420
7421
13086
14542
14828
7420
7422
13087
14780
14835
7421
7422
14543
14781
14849
13090
14831
14838
14546
14832
14852
14784
14839
14853
7425
7427
7425
7428
14842
14844
14846
7429
7479
7427
7428
14856
14858
14860
7429
7843
7429
7482
7844
14870
14871
14873
7483
7845
7432
7434
7439
7440
7443
7432
7435
7436
14884
14886
14888
7434
7435
7436
7850
14898
14900
14902
7436
7851
7852
14912
14913
14915
7441
7442
7443
14876
14883
14897
7441
7442
13135
14591
14877
7441
7443
13136
14884
7442
7443
14592
14898
13139
14880
14887
14595
14881
14901
14888
14902
7448
7449
7450
14925
14932
14946
7448
7449
13184
14640
14926
7448
7450
13185
14878
14933
7449
7450
14641
14879
14947
13188
14929
14936
14644
14930
14950
14882
14937
14951
7455
7456
7457
14974
14981
14995
7455
7456
13233
14689
14975
7455
7457
13234
14927
14982
7456
7457
14690
14928
14996
13237
14978
14985
14693
14979
14999
14931
14986
15000
7462
7463
7464
15023
15030
15044
7462
7463
13282
14738
15024
7462
7464
13283
14976
15031
7463
7464
14739
14977
15045
13286
15027
15034
14742
15028
15048
14980
15035
15049
7469
7470
7471
15072
15079
15093
7469
7470
13331
14787
15073
7469
7471
13332
15025
15080
7470
7471
14788
15026
15094
13335
15076
15083
14791
15077
15097
15029
15084
15098
7476
7477
7478
15121
15128
15142
7476
7477
13380
14836
15122
7476
7478
13381
15074
15129
7477
7478
14837
15075
15143
13384
15125
15132
14840
15126
15146
15078
15133
15147
7481
7483
7481
7484
15136
15138
15140
7485
7483
7484
15150
15152
15154
7485
7899
7485
7900
15164
15165
15167
7901
7488
7490
14892
14893
14896
7488
7491
7492
7494
7490
7491
14912
14914
14916
7492
7496
7906
14919
14921
14923
7492
7907
7498
7908
7495
7497
14941
14942
14945
7495
7498
7499
7501
7497
7498
14961
14963
14965
7499
7503
7913
14968
14970
14972
7499
7914
7505
7915
7502
7504
14990
14991
14994
7502
7505
7506
7508
7504
7505
15010
15012
15014
7506
7510
7920
15017
15019
15021
7506
7921
7512
7922
7509
7511
15039
15040
15043
7509
7512
7513
7515
7511
7512
15059
15061
15063
7513
7517
7927
15066
15068
15070
7513
7928
7519
7929
7516
7518
15088
15089
15092
7516
7519
7520
7522
7518
7519
15108
15110
15112
7520
7524
7934
15115
15117
15119
7520
7935
7526
7936
7523
7525
15137
15138
15141
7523
7526
7527
7525
7526
15157
15159
15161
7527
7941
15164
15166
15168
7527
7942
7943
7530
7532
7530
7533
7578
7580
7582
7534
7536
15171
15173
15175
7532
7533
7534
7538
7948
7534
7949
15192
15193
15195
7540
7950
15199
15200
15202
7537
7539
7537
7540
7585
7587
7589
7541
7543
15220
15222
15224
7539
7540
7541
7545
7955
7541
7956
15241
15242
15244
7547
7957
15248
15249
15251
7544
7546
7544
7547
7592
7594
7596
7548
7550
15269
15271
15273
7546
7547
7548
7552
7962
7548
7963
15290
15291
15293
7554
7964
15297
15298
15300
7551
7553
7551
7554
7599
7601
7603
7555
7557
15318
15320
15322
7553
7554
7555
7559
7969
7555
7970
15339
15340
15342
7561
7971
15346
15347
15349
7558
7560
7558
7561
7606
7608
7610
7562
7564
15367
15369
15371
7560
7561
7562
7566
7976
7562
7977
15388
15389
15391
7568
7978
15395
15396
15398
7565
7567
7565
7568
7613
7615
7617
7569
15416
15418
15420
7567
7568
7569
7983
7569
7984
15437
15438
15440
7985
15444
15445
15447
7572
7574
7579
7580
7583
7572
7575
7576
7626
15178
15180
15182
7574
7575
7576
7990
15192
15194
15196
7576
7629
7991
7630
7992
15206
15207
15209
7581
7582
7583
15170
15177
15191
7581
7582
13429
15171
7581
7583
13430
15178
7582
7583
15192
13433
15174
15181
15175
15195
15182
15196
7588
7589
7590
15219
15226
15240
7588
7589
13478
15220
7588
7590
13479
15172
15227
7589
7590
15173
15241
13482
15223
15230
15224
15244
15176
15231
15245
7595
7596
7597
15268
15275
15289
7595
7596
13527
15269
7595
7597
13528
15221
15276
7596
7597
15222
15290
13531
15272
15279
15273
15293
15225
15280
15294
7602
7603
7604
15317
15324
15338
7602
7603
13576
15318
7602
7604
13577
15270
15325
7603
7604
15271
15339
13580
15321
15328
15322
15342
15274
15329
15343
7609
7610
7611
15366
15373
15387
7609
7610
13625
15367
7609
7611
13626
15319
15374
7610
7611
15320
15388
13629
15370
15377
15371
15391
15323
15378
15392
7616
7617
7618
15415
15422
15436
7616
7617
13674
15416
7616
7618
13675
15368
15423
7617
7618
15369
15437
13678
15419
15426
15420
15440
15372
15427
15441
7621
7623
7621
7624
15430
15432
15434
7625
7675
7623
7624
15444
15446
15448
7625
8039
7625
7678
8040
15458
15459
15461
7679
8041
7628
7630
7635
7636
7639
7628
7631
7632
7682
15472
15474
15476
7630
7631
7632
8046
15486
15488
15490
7632
7685
8047
7686
8048
15500
15501
15503
7637
7638
7639
15464
15471
15485
7637
7638
13723
15179
15465
7637
7639
13724
15472
7638
7639
15180
15486
13727
15468
15475
15183
15469
15489
15476
15490
7644
7645
7646
15513
15520
15534
7644
7645
13772
15228
15514
7644
7646
13773
15466
15521
7645
7646
15229
15467
15535
13776
15517
15524
15232
15518
15538
15470
15525
15539
7651
7652
7653
15562
15569
15583
7651
7652
13821
15277
15563
7651
7653
13822
15515
15570
7652
7653
15278
15516
15584
13825
15566
15573
15281
15567
15587
15519
15574
15588
7658
7659
7660
15611
15618
15632
7658
7659
13870
15326
15612
7658
7660
13871
15564
15619
7659
7660
15327
15565
15633
13874
15615
15622
15330
15616
15636
15568
15623
15637
7665
7666
7667
15660
15667
15681
7665
7666
13919
15375
15661
7665
7667
13920
15613
15668
7666
7667
15376
15614
15682
13923
15664
15671
15379
15665
15685
15617
15672
15686
7672
7673
7674
15709
15716
15730
7672
7673
13968
15424
15710
7672
7674
13969
15662
15717
7673
7674
15425
15663
15731
13972
15713
15720
15428
15714
15734
15666
15721
15735
7677
7679
7677
7680
15724
15726
15728
7681
7731
7679
7680
15738
15740
15742
7681
8095
7681
7734
8096
15752
15753
15755
7735
8097
7684
7686
7691
7692
7695
7684
7687
7688
7738
15766
15768
15770
7686
7687
7688
8102
15780
15782
15784
7688
7741
8103
7742
8104
15794
15795
15797
7693
7694
7695
15758
15765
15779
7693
7694
14017
15473
15759
7693
7695
14018
15766
7694
7695
15474
15780
14021
15762
15769
15477
15763
15783
15770
15784
7700
7701
7702
15807
15814
15828
7700
7701
14066
15522
15808
7700
7702
14067
15760
15815
7701
7702
15523
15761
15829
14070
15811
15818
15526
15812
15832
15764
15819
15833
7707
7708
7709
15856
15863
15877
7707
7708
14115
15571
15857
7707
7709
14116
15809
15864
7708
7709
15572
15810
15878
14119
15860
15867
15575
15861
15881
15813
15868
15882
7714
7715
7716
15903
15910
15924
7714
7715
14164
15620
15904
7714
7716
14165
15858
15911
7715
7716
15621
15859
15925
14168
15907
15914
15624
15908
15927
15862
15915
15928
7721
7722
7723
15950
15957
15971
7721
7722
14213
15669
15951
7721
7723
14214
15905
15958
7722
7723
15670
15906
15972
14217
15954
15961
15673
15955
15975
15909
15962
15976
7728
7729
7730
15999
16006
16020
7728
7729
14262
15718
16000
7728
7730
14263
15952
16007
7729
7730
15719
15953
16021
14266
16003
16010
15722
16004
16024
15956
16011
16025
7733
7735
7733
7736
16014
16016
16018
7737
7787
7735
7736
16028
16030
16032
7737
8150
7737
7790
8151
16042
16043
16045
7791
8152
7740
7742
7747
7748
7751
7740
7743
7744
7794
16056
16058
16060
7742
7743
7744
8157
16070
16072
16074
7744
7797
8158
7798
8159
16084
16085
16087
7749
7750
7751
16048
16055
16069
7749
7750
14311
15767
16049
7749
7751
14312
16056
7750
7751
15768
16070
14315
16052
16059
15771
16053
16073
16060
16074
7756
7757
7758
16097
16104
16118
7756
7757
14360
15816
16098
7756
7758
14361
16050
16105
7757
7758
15817
16051
16119
14364
16101
16108
15820
16102
16122
16054
16109
16123
7763
7764
7765
16146
16153
16167
7763
7764
14409
15865
16147
7763
7765
14410
16099
16154
7764
7765
15866
16100
16168
14413
16150
16157
15869
16151
16170
16103
16158
16171
7770
7771
7772
16193
16200
16214
7770
7771
14458
15912
16194
7770
7772
14459
16148
16201
7771
7772
15913
16149
16215
14462
16197
16204
15916
16198
16218
16152
16205
16219
7777
7778
7779
16240
16247
16261
7777
7778
14507
15959
16241
7777
7779
14508
16195
16248
7778
7779
15960
16196
16262
14511
16244
16251
15963
16245
16265
16199
16252
16266
7784
7785
7786
16289
16296
16310
7784
7785
14556
16008
16290
7784
7786
14557
16242
16297
7785
7786
16009
16243
16311
14560
16293
16300
16012
16294
16314
16246
16301
16315
7789
7791
7789
7792
16304
16306
16308
7793
7843
7791
7792
16318
16320
16322
7793
8205
7793
7846
8206
16332
16333
16335
7847
8207
7796
7798
7803
7804
7807
7796
7799
7800
7850
16346
16348
16350
7798
7799
7800
8212
16360
16362
16364
7800
7853
8213
7854
8214
16374
16375
16377
7805
7806
7807
16338
16345
16359
7805
7806
14605
16057
16339
7805
7807
14606
16346
7806
7807
16058
16360
14609
16342
16349
16061
16343
16363
16350
16364
7812
7813
7814
16387
16394
16408
7812
7813
14654
16106
16388
7812
7814
14655
16340
16395
7813
7814
16107
16341
16409
14658
16391
16398
16110
16392
16412
16344
16399
16413
7819
7820
7821
16436
16443
16457
7819
7820
14703
16155
16437
7819
7821
14704
16389
16444
7820
7821
16156
16390
16458
14707
16440
16447
16159
16441
16461
16393
16448
16462
7826
7827
7828
16485
16492
16506
7826
7827
14752
16202
16486
7826
7828
14753
16438
16493
7827
7828
16203
16439
16507
14756
16489
16496
16206
16490
16510
16442
16497
16511
7833
7834
7835
16534
16541
16555
7833
7834
14801
16249
16535
7833
7835
14802
16487
16542
7834
7835
16250
16488
16556
14805
16538
16545
16253
16539
16559
16491
16546
16560
7840
7841
7842
16583
16590
16604
7840
7841
14850
16298
16584
7840
7842
14851
16536
16591
7841
7842
16299
16537
16605
14854
16587
16594
16302
16588
16608
16540
16595
16609
7845
7847
7845
7848
16598
16600
16602
7849
7899
7847
7848
16612
16614
16616
7849
8261
7849
7902
8262
16626
16627
16629
7903
8263
7852
7854
7859
7860
7863
7852
7855
7856
16640
16642
16644
7854
7855
7856
8268
16654
16656
16658
7856
8269
8270
16668
16669
16671
7861
7862
7863
16632
16639
16653
7861
7862
14899
16347
16633
7861
7863
14900
16640
7862
7863
16348
16654
14903
16636
16643
16351
16637
16657
16644
16658
7868
7869
7870
16681
16688
16702
7868
7869
14948
16396
16682
7868
7870
14949
16634
16689
7869
7870
16397
16635
16703
14952
16685
16692
16400
16686
16706
16638
16693
16707
7875
7876
7877
16730
16737
16751
7875
7876
14997
16445
16731
7875
7877
14998
16683
16738
7876
7877
16446
16684
16752
15001
16734
16741
16449
16735
16755
16687
16742
16756
7882
7883
7884
16779
16786
16800
7882
7883
15046
16494
16780
7882
7884
15047
16732
16787
7883
7884
16495
16733
16801
15050
16783
16790
16498
16784
16804
16736
16791
16805
7889
7890
7891
16828
16835
16849
7889
7890
15095
16543
16829
7889
7891
15096
16781
16836
7890
7891
16544
16782
16850
15099
16832
16839
16547
16833
16853
16785
16840
16854
7896
7897
7898
16877
16884
16898
7896
7897
15144
16592
16878
7896
7898
15145
16830
16885
7897
7898
16593
16831
16899
15148
16881
16888
16596
16882
16902
16834
16889
16903
7901
7903
7901
7904
16892
16894
16896
7905
7903
7904
16906
16908
16910
7905
8317
7905
8318
16920
16921
16923
8319
7908
7910
16648
16649
16652
7908
7911
7912
7914
7910
7911
16668
16670
16672
7912
7916
8324
16675
16677
16679
7912
8325
7918
8326
7915
7917
16697
16698
16701
7915
7918
7919
7921
7917
7918
16717
16719
16721
7919
7923
8331
16724
16726
16728
7919
8332
7925
8333
7922
7924
16746
16747
16750
7922
7925
7926
7928
7924
7925
16766
16768
16770
7926
7930
8338
16773
16775
16777
7926
8339
7932
8340
7929
7931
16795
16796
16799
7929
7932
7933
7935
7931
7932
16815
16817
16819
7933
7937
8345
16822
16824
16826
7933
8346
7939
8347
7936
7938
16844
16845
16848
7936
7939
7940
7942
7938
7939
16864
16866
16868
7940
7944
8352
16871
16873
16875
7940
8353
7946
8354
7943
7945
16893
16894
16897
7943
7946
7947
7945
7946
16913
16915
16917
7947
8359
16920
16922
16924
7947
8360
8361
7950
7952
7950
7953
7998
8000
8002
7954
7956
16927
16929
16931
7952
7953
7954
7958
8366
7954
8367
16948
16949
16951
7960
8368
16955
16956
16958
7957
7959
7957
7960
8005
8007
8009
7961
7963
16976
16978
16980
7959
7960
7961
7965
8373
7961
8374
16997
16998
17000
7967
8375
17004
17005
17007
7964
7966
7964
7967
8012
8014
8016
7968
7970
17025
17027
17029
7966
7967
7968
7972
8380
7968
8381
17046
17047
17049
7974
8382
17053
17054
17056
7971
7973
7971
7974
8019
8021
8023
7975
7977
17074
17076
17078
7973
7974
7975
7979
8387
7975
8388
17095
17096
17098
7981
8389
17102
17103
17105
7978
7980
7978
7981
8026
8028
8030
7982
7984
17123
17125
17127
7980
7981
7982
7986
8394
7982
8395
17144
17145
17147
7988
8396
17151
17152
17154
7985
7987
7985
7988
8033
8035
8037
7989
17172
17174
17176
7987
7988
7989
8401
7989
8402
17193
17194
17196
8403
17200
17201
17203
7992
7994
7999
8000
8003
7992
7995
7996
8046
16934
16936
16938
7994
7995
7996
8408
16948
16950
16952
7996
8049
8409
8050
8410
16962
16963
16965
8001
8002
8003
16926
16933
16947
8001
8002
15193
16927
8001
8003
15194
16934
8002
8003
16948
15197
16930
16937
16931
16951
16938
16952
8008
8009
8010
16975
16982
16996
8008
8009
15242
16976
8008
8010
15243
16928
16983
8009
8010
16929
16997
15246
16979
16986
16980
17000
16932
16987
17001
8015
8016
8017
17024
17031
17045
8015
8016
15291
17025
8015
8017
15292
16977
17032
8016
8017
16978
17046
15295
17028
17035
17029
17049
16981
17036
17050
8022
8023
8024
17073
17080
17094
8022
8023
15340
17074
8022
8024
15341
17026
17081
8023
8024
17027
17095
15344
17077
17084
17078
17098
17030
17085
17099
8029
8030
8031
17122
17129
17143
8029
8030
15389
17123
8029
8031
15390
17075
17130
8030
8031
17076
17144
15393
17126
17133
17127
17147
17079
17134
17148
8036
8037
8038
17171
17178
17192
8036
8037
15438
17172
8036
8038
15439
17124
17179
8037
8038
17125
17193
15442
17175
17182
17176
17196
17128
17183
17197
8041
8043
8041
8044
17186
17188
17190
8045
8095
8043
8044
17200
17202
17204
8045
8457
8045
8098
8458
17214
17215
17217
8099
8459
8048
8050
8055
8056
8059
8048
8051
8052
8102
17228
17230
17232
8050
8051
8052
8464
17242
17244
17246
8052
8105
8465
8106
8466
17256
17257
17259
8057
8058
8059
17220
17227
17241
8057
8058
15487
16935
17221
8057
8059
15488
17228
8058
8059
16936
17242
15491
17224
17231
16939
17225
17245
17232
17246
8064
8065
8066
17269
17276
17290
8064
8065
15536
16984
17270
8064
8066
15537
17222
17277
8065
8066
16985
17223
17291
15540
17273
17280
16988
17274
17294
17226
17281
17295
8071
8072
8073
17318
17325
17339
8071
8072
15585
17033
17319
8071
8073
15586
17271
17326
8072
8073
17034
17272
17340
15589
17322
17329
17037
17323
17343
17275
17330
17344
8078
8079
8080
17367
17374
17388
8078
8079
15634
17082
17368
8078
8080
15635
17320
17375
8079
8080
17083
17321
17389
15638
17371
17378
17086
17372
17392
17324
17379
17393
8085
8086
8087
17416
17423
17437
8085
8086
15683
17131
17417
8085
8087
15684
17369
17424
8086
8087
17132
17370
17438
15687
17420
17427
17135
17421
17441
17373
17428
17442
8092
8093
8094
17465
17472
17486
8092
8093
15732
17180
17466
8092
8094
15733
17418
17473
8093
8094
17181
17419
17487
15736
17469
17476
17184
17470
17490
17422
17477
17491
8097
8099
8097
8100
17480
17482
17484
8101
8150
8099
8100
17494
17496
17498
8101
8513
8101
8153
8514
17508
17509
17511
8154
8515
8104
8106
8111
8112
8115
8104
8107
8108
8157
17522
17524
17526
8106
8107
8108
8520
17536
17538
17540
8108
8160
8521
8161
8522
17550
17551
17553
8113
8114
8115
17514
17521
17535
8113
8114
15781
17229
17515
8113
8115
15782
17522
8114
8115
17230
17536
15785
17518
17525
17233
17519
17539
17526
17540
8120
8121
8122
17563
17570
17584
8120
8121
15830
17278
17564
8120
8122
15831
17516
17571
8121
8122
17279
17517
17585
15834
17567
17574
17282
17568
17588
17520
17575
17589
8127
8128
8129
17612
17618
17631
8128
15879
17327
8129
15880
17565
8128
8129
17328
17566
17632
15883
17615
17621
17331
17616
17635
17569
17622
17636
8133
8134
8135
17659
17666
17679
8133
8135
15926
17613
17667
8134
8135
17377
17614
17680
15929
17663
17670
17380
17664
17683
17617
17671
17684
8140
8141
8142
17707
17714
17728
8140
8141
15973
17425
17708
8140
8142
15974
17661
17715
8141
8142
17426
17662
17729
15977
17711
17718
17429
17712
17732
17665
17719
17733
8147
8148
8149
17756
17763
17777
8147
8148
16022
17474
17757
8147
8149
16023
17709
17764
8148
8149
17475
17710
17778
16026
17760
17767
17478
17761
17781
17713
17768
17782
8152
8154
8152
8155
17771
17773
17775
8156
8205
8154
8155
17785
17787
17789
8156
8569
8156
8208
8570
17799
17800
17802
8209
8571
8159
8161
8166
8167
8170
8159
8162
8163
8212
17813
17815
17817
8161
8162
8163
8576
17827
17829
17831
8163
8215
8577
8216
8578
17841
17842
17844
8168
8169
8170
17805
17812
17826
8168
8169
16071
17523
17806
8168
8170
16072
17813
8169
8170
17524
17827
16075
17809
17816
17527
17810
17830
17817
17831
8175
8176
8177
17854
17861
17875
8175
8176
16120
17572
17855
8175
8177
16121
17807
17862
8176
8177
17573
17808
17876
16124
17858
17865
17576
17859
17879
17811
17866
17880
8181
8182
8183
17903
17910
17923
8181
8182
16169
17619
17904
8182
8183
17620
17857
17924
16172
17907
17914
17623
17908
17927
17860
17915
17928
8188
8189
8190
17951
17957
17970
8188
8189
16216
17668
17952
8188
8190
16217
17905
17958
8189
8190
17669
17906
17971
16220
17954
17960
17672
17955
17974
17909
17961
17975
8195
8196
8197
17998
18005
18019
8195
8196
16263
17716
17999
8195
8197
16264
18006
8196
8197
17717
17953
18020
16267
18002
18009
17720
18003
18023
17956
18010
18024
8202
8203
8204
18047
18054
18068
8202
8203
16312
17765
18048
8202
8204
16313
18000
18055
8203
8204
17766
18001
18069
16316
18051
18058
17769
18052
18072
18004
18059
18073
8207
8209
8207
8210
18062
18064
18066
8211
8261
8209
8210
18076
18078
18080
8211
8625
8211
8264
8626
18090
18091
18093
8265
8627
8214
8216
8221
8222
8225
8214
8217
8218
8268
18104
18106
18108
8216
8217
8218
8632
18118
18120
18122
8218
8271
8633
8272
8634
18132
18133
18135
8223
8224
8225
18096
18103
18117
8223
8224
16361
17814
18097
8223
8225
16362
18104
8224
8225
17815
18118
16365
18100
18107
17818
18101
18121
18108
18122
8230
8231
8232
18145
18152
18166
8230
8231
16410
17863
18146
8230
8232
16411
18098
18153
8231
8232
17864
18099
18167
16414
18149
18156
17867
18150
18170
18102
18157
18171
8237
8238
8239
18194
18201
18215
8237
8238
16459
17912
18195
8237
8239
16460
18147
18202
8238
8239
17913
18148
18216
16463
18198
18205
17916
18199
18219
18151
18206
18220
8244
8245
8246
18243
18250
18264
8244
8245
16508
18244
8244
8246
16509
18196
18251
8245
8246
17959
18197
18265
16512
18247
18254
17962
18248
18268
18200
18255
18269
8251
8252
8253
18292
18299
18313
8251
8252
16557
18007
18293
8251
8253
16558
18245
18300
8252
8253
18008
18246
18314
16561
18296
18303
18011
18297
18317
18249
18304
18318
8258
8259
8260
18341
18348
18362
8258
8259
16606
18056
18342
8258
8260
16607
18294
18349
8259
8260
18057
18295
18363
16610
18345
18352
18060
18346
18366
18298
18353
18367
8263
8265
8263
8266
18356
18358
18360
8267
8317
8265
8266
18370
18372
18374
8267
8681
8267
8320
8682
18384
18385
18387
8321
8683
8270
8272
8277
8278
8281
8270
8273
8274
18398
18400
18402
8272
8273
8274
8688
18412
18414
18416
8274
8689
8690
18426
18427
18429
8279
8280
8281
18390
18397
18411
8279
8280
16655
18105
18391
8279
8281
16656
18398
8280
8281
18106
18412
16659
18394
18401
18109
18395
18415
18402
18416
8286
8287
8288
18439
18446
18460
8286
8287
16704
18154
18440
8286
8288
16705
18392
18447
8287
8288
18155
18393
18461
16708
18443
18450
18158
18444
18464
18396
18451
18465
8293
8294
8295
18488
18495
18509
8293
8294
16753
18203
18489
8293
8295
16754
18441
18496
8294
8295
18204
18442
18510
16757
18492
18499
18207
18493
18513
18445
18500
18514
8300
8301
8302
18537
18544
18558
8300
8301
16802
18252
18538
8300
8302
16803
18490
18545
8301
8302
18253
18491
18559
16806
18541
18548
18256
18542
18562
18494
18549
18563
8307
8308
8309
18586
18593
18607
8307
8308
16851
18301
18587
8307
8309
16852
18539
18594
8308
8309
18302
18540
18608
16855
18590
18597
18305
18591
18611
18543
18598
18612
8314
8315
8316
18635
18642
18656
8314
8315
16900
18350
18636
8314
8316
16901
18588
18643
8315
8316
18351
18589
18657
16904
18639
18646
18354
18640
18660
18592
18647
18661
8319
8321
8319
8322
18650
18652
18654
8323
8321
8322
18664
18666
18668
8323
8737
8323
8738
18678
18679
18681
8739
8326
8328
18406
18407
18410
8326
8329
8330
8332
8328
8329
18426
18428
18430
8330
8334
8744
18433
18435
18437
8330
8745
8336
8746
8333
8335
18455
18456
18459
8333
8336
8337
8339
8335
8336
18475
18477
18479
8337
8341
8751
18482
18484
18486
8337
8752
8343
8753
8340
8342
18504
18505
18508
8340
8343
8344
8346
8342
8343
18524
18526
18528
8344
8348
8758
18531
18533
18535
8344
8759
8350
8760
8347
8349
18553
18554
18557
8347
8350
8351
8353
8349
8350
18573
18575
18577
8351
8355
8765
18580
18582
18584
8351
8766
8357
8767
8354
8356
18602
18603
18606
8354
8357
8358
8360
8356
8357
18622
18624
18626
8358
8362
8772
18629
18631
18633
8358
8773
8364
8774
8361
8363
18651
18652
18655
8361
8364
8365
8363
8364
18671
18673
18675
8365
8779
18678
18680
18682
8365
8780
8781
8368
8370
8368
8371
8416
8418
8420
8372
8374
18685
18687
18689
8370
8371
8372
8376
8786
8372
8787
18706
18707
18709
8378
8788
18713
18714
18716
8375
8377
8375
8378
8423
8425
8427
8379
8381
18734
18736
18738
8377
8378
8379
8383
8793
8379
8794
18755
18756
18758
8385
8795
18762
18763
18765
8382
8384
8382
8385
8430
8432
8434
8386
8388
18783
18785
18787
8384
8385
8386
8390
8800
8386
8801
18804
18805
18807
8392
8802
18811
18812
18814
8389
8391
8389
8392
8437
8439
8441
8393
8395
18832
18834
18836
8391
8392
8393
8397
8807
8393
8808
18853
18854
18856
8399
8809
18860
18861
18863
8396
8398
8396
8399
8444
8446
8448
8400
8402
18881
18883
18885
8398
8399
8400
8404
8814
8400
8815
18902
18903
18905
8406
8816
18909
18910
18912
8403
8405
8403
8406
8451
8453
8455
8407
18930
18932
18934
8405
8406
8407
8821
8407
8822
18951
18952
18954
8823
18958
18959
18961
8410
8412
8417
8418
8421
8410
8413
8414
8464
18692
18694
18696
8412
8413
8414
8828
18706
18708
18710
8414
8467
8829
8468
8830
18720
18721
18723
8419
8420
8421
18684
18691
18705
8419
8420
16949
18685
8419
8421
16950
18692
8420
8421
18706
16953
18688
18695
18689
18709
18696
18710
8426
8427
8428
18733
18740
18754
8426
8427
16998
18734
8426
8428
16999
18686
18741
8427
8428
18687
18755
17002
18737
18744
18738
18758
18690
18745
18759
8433
8434
8435
18782
18789
18803
8433
8434
17047
18783
8433
8435
17048
18735
18790
8434
8435
18736
18804
17051
18786
18793
18787
18807
18739
18794
18808
8440
8441
8442
18831
18838
18852
8440
8441
17096
18832
8440
8442
17097
18784
18839
8441
8442
18785
18853
17100
18835
18842
18836
18856
18788
18843
18857
8447
8448
8449
18880
18887
18901
8447
8448
17145
18881
8447
8449
17146
18833
18888
8448
8449
18834
18902
17149
18884
18891
18885
18905
18837
18892
18906
8454
8455
8456
18929
18936
18950
8454
8455
17194
18930
8454
8456
17195
18882
18937
8455
8456
18883
18951
17198
18933
18940
18934
18954
18886
18941
18955
8459
8461
8459
8462
18944
18946
18948
8463
8513
8461
8462
18958
18960
18962
8463
8877
8463
8516
8878
18972
18973
18975
8517
8879
8466
8468
8473
8474
8477
8466
8469
8470
8520
18986
18988
18990
8468
8469
8470
8884
19000
19002
19004
8470
8523
8885
8524
8886
19014
19015
19017
8475
8476
8477
18978
18985
18999
8475
8476
17243
18693
18979
8475
8477
17244
18986
8476
8477
18694
19000
17247
18982
18989
18697
18983
19003
18990
19004
8482
8483
8484
19027
19034
19048
8482
8483
17292
18742
19028
8482
8484
17293
18980
19035
8483
8484
18743
18981
19049
17296
19031
19038
18746
19032
19052
18984
19039
19053
8489
8490
8491
19076
19083
19097
8489
8490
17341
18791
19077
8489
8491
17342
19029
19084
8490
8491
18792
19030
19098
17345
19080
19087
18795
19081
19101
19033
19088
19102
8496
8497
8498
19125
19132
19146
8496
8497
17390
18840
19126
8496
8498
17391
19078
19133
8497
8498
18841
19079
19147
17394
19129
19136
18844
19130
19150
19082
19137
19151
8503
8504
8505
19174
19181
19195
8503
8504
17439
18889
19175
8503
8505
17440
19127
19182
8504
8505
18890
19128
19196
17443
19178
19185
18893
19179
19199
19131
19186
19200
8510
8511
8512
19223
19230
19244
8510
8511
17488
18938
19224
8510
8512
17489
19176
19231
8511
8512
18939
19177
19245
17492
19227
19234
18942
19228
19248
19180
19235
19249
8515
8517
8515
8518
19238
19240
19242
8519
8569
8517
8518
19252
19254
19256
8519
8933
8519
8572
8934
19266
19267
19269
8573
8935
8522
8524
8529
8530
8533
8522
8525
8526
8576
19280
19282
19284
8524
8525
8526
8940
19294
19296
19298
8526
8579
8941
8580
8942
19308
19309
19311
8531
8532
8533
19272
19279
19293
8531
8532
17537
18987
19273
8531
8533
17538
19280
8532
8533
18988
19294
17541
19276
19283
18991
19277
19297
19284
19298
8538
8539
8540
19321
19328
19342
8538
8539
17586
19036
19322
8538
8540
17587
19274
19329
8539
8540
19037
19275
19343
17590
19325
19332
19040
19326
19346
19278
19333
19347
8545
8546
8547
19370
19377
19391
8545
8546
17633
19085
19371
8545
8547
17634
19323
19378
8546
8547
19086
19324
19392
17637
19374
19381
19089
19375
19395
19327
19382
19396
8552
8553
8554
19419
19426
19440
8552
8553
17681
19134
19420
8552
8554
17682
19372
19427
8553
8554
19135
19373
19441
17685
19423
19430
19138
19424
19444
19376
19431
19445
8559
8560
8561
19468
19475
19489
8559
8560
17730
19183
19469
8559
8561
17731
19421
19476
8560
8561
19184
19422
19490
17734
19472
19479
19187
19473
19493
19425
19480
19494
8566
8567
8568
19517
19524
19538
8566
8567
17779
19232
19518
8566
8568
17780
19470
19525
8567
8568
19233
19471
19539
17783
19521
19528
19236
19522
19542
19474
19529
19543
8571
8573
8571
8574
19532
19534
19536
8575
8625
8573
8574
19546
19548
19550
8575
8989
8575
8628
8990
19560
19561
19563
8629
8991
8578
8580
8585
8586
8589
8578
8581
8582
8632
19574
19576
19578
8580
8581
8582
8996
19588
19590
19592
8582
8635
8997
8636
8998
19602
19603
19605
8587
8588
8589
19566
19573
19587
8587
8588
17828
19281
19567
8587
8589
17829
19574
8588
8589
19282
19588
17832
19570
19577
19285
19571
19591
19578
19592
8594
8595
8596
19615
19622
19636
8594
8595
17877
19330
19616
8594
8596
17878
19568
19623
8595
8596
19331
19569
19637
17881
19619
19626
19334
19620
19640
19572
19627
19641
8601
8602
8603
19664
19671
19685
8601
8602
17925
19379
19665
8601
8603
17926
19617
19672
8602
8603
19380
19618
19686
17929
19668
19675
19383
19669
19689
19621
19676
19690
8608
8609
8610
19713
19720
19734
8608
8609
17972
19428
19714
8608
8610
17973
19666
19721
8609
8610
19429
19667
19735
17976
19717
19724
19432
19718
19738
19670
19725
19739
8615
8616
8617
19762
19769
19783
8615
8616
18021
19477
19763
8615
8617
18022
19715
19770
8616
8617
19478
19716
19784
18025
19766
19773
19481
19767
19787
19719
19774
19788
8622
8623
8624
19811
19818
19832
8622
8623
18070
19526
19812
8622
8624
18071
19764
19819
8623
8624
19527
19765
19833
18074
19815
19822
19530
19816
19836
19768
19823
19837
8627
8629
8627
8630
19826
19828
19830
8631
8681
8629
8630
19840
19842
19844
8631
9045
8631
8684
9046
19854
19855
19857
8685
9047
8634
8636
8641
8642
8645
8634
8637
8638
8688
19868
19870
19872
8636
8637
8638
9052
19882
19884
19886
8638
8691
9053
8692
9054
19896
19897
19899
8643
8644
8645
19860
19867
19881
8643
8644
18119
19575
19861
8643
8645
18120
19868
8644
8645
19576
19882
18123
19864
19871
19579
19865
19885
19872
19886
8650
8651
8652
19909
19916
19930
8650
8651
18168
19624
19910
8650
8652
18169
19862
19917
8651
8652
19625
19863
19931
18172
19913
19920
19628
19914
19934
19866
19921
19935
8657
8658
8659
19958
19965
19979
8657
8658
18217
19673
19959
8657
8659
18218
19911
19966
8658
8659
19674
19912
19980
18221
19962
19969
19677
19963
19983
19915
19970
19984
8664
8665
8666
20007
20014
20028
8664
8665
18266
19722
20008
8664
8666
18267
19960
20015
8665
8666
19723
19961
20029
18270
20011
20018
19726
20012
20032
19964
20019
20033
8671
8672
8673
20056
20063
20077
8671
8672
18315
19771
20057
8671
8673
18316
20009
20064
8672
8673
19772
20010
20078
18319
20060
20067
19775
20061
20081
20013
20068
20082
8678
8679
8680
20105
20112
20126
8678
8679
18364
19820
20106
8678
8680
18365
20058
20113
8679
8680
19821
20059
20127
18368
20109
20116
19824
20110
20130
20062
20117
20131
8683
8685
8683
8686
20120
20122
20124
8687
8737
8685
8686
20134
20136
20138
8687
9101
8687
8740
9102
20148
20149
20151
8741
9103
8690
8692
8697
8698
8701
8690
8693
8694
20162
20164
20166
8692
8693
8694
9108
20176
20178
20180
8694
9109
9110
20190
20191
20193
8699
8700
8701
20154
20161
20175
8699
8700
18413
19869
20155
8699
8701
18414
20162
8700
8701
19870
20176
18417
20158
20165
19873
20159
20179
20166
20180
8706
8707
8708
20203
20210
20224
8706
8707
18462
19918
20204
8706
8708
18463
20156
20211
8707
8708
19919
20157
20225
18466
20207
20214
19922
20208
20228
20160
20215
20229
8713
8714
8715
20252
20259
20273
8713
8714
18511
19967
20253
8713
8715
18512
20205
20260
8714
8715
19968
20206
20274
18515
20256
20263
19971
20257
20277
20209
20264
20278
8720
8721
8722
20301
20308
20322
8720
8721
18560
20016
20302
8720
8722
18561
20254
20309
8721
8722
20017
20255
20323
18564
20305
20312
20020
20306
20326
20258
20313
20327
8727
8728
8729
20350
20357
20371
8727
8728
18609
20065
20351
8727
8729
18610
20303
20358
8728
8729
20066
20304
20372
18613
20354
20361
20069
20355
20375
20307
20362
20376
8734
8735
8736
20399
20406
20420
8734
8735
18658
20114
20400
8734
8736
18659
20352
20407
8735
8736
20115
20353
20421
18662
20403
20410
20118
20404
20424
20356
20411
20425
8739
8741
8739
8742
20414
20416
20418
8743
8741
8742
20428
20430
20432
8743
9157
8743
9158
20442
20443
20445
9159
8746
8748
20170
20171
20174
8746
8749
8750
8752
8748
8749
20190
20192
20194
8750
8754
9164
20197
20199
20201
8750
9165
8756
9166
8753
8755
20219
20220
20223
8753
8756
8757
8759
8755
8756
20239
20241
20243
8757
8761
9171
20246
20248
20250
8757
9172
8763
9173
8760
8762
20268
20269
20272
8760
8763
8764
8766
8762
8763
20288
20290
20292
8764
8768
9178
20295
20297
20299
8764
9179
8770
9180
8767
8769
20317
20318
20321
8767
8770
8771
8773
8769
8770
20337
20339
20341
8771
8775
9185
20344
20346
20348
8771
9186
8777
9187
8774
8776
20366
20367
20370
8774
8777
8778
8780
8776
8777
20386
20388
20390
8778
8782
9192
20393
20395
20397
8778
9193
8784
9194
8781
8783
20415
20416
20419
8781
8784
8785
8783
8784
20435
20437
20439
8785
9199
20442
20444
20446
8785
9200
9201
8788
8790
8788
8791
8836
8838
8840
8792
8794
20449
20451
20453
8790
8791
8792
8796
9206
8792
9207
20470
20471
20473
8798
9208
20477
20478
20480
8795
8797
8795
8798
8843
8845
8847
8799
8801
20498
20500
20502
8797
8798
8799
8803
9213
8799
9214
20519
20520
20522
8805
9215
20526
20527
20529
8802
8804
8802
8805
8850
8852
8854
8806
8808
20547
20549
20551
8804
8805
8806
8810
9220
8806
9221
20568
20569
20571
8812
9222
20575
20576
20578
8809
8811
8809
8812
8857
8859
8861
8813
8815
20596
20598
20600
8811
8812
8813
8817
9227
8813
9228
20617
20618
20620
8819
9229
20624
20625
20627
8816
8818
8816
8819
8864
8866
8868
8820
8822
20645
20647
20649
8818
8819
8820
8824
9234
8820
9235
20666
20667
20669
8826
9236
20673
20674
20676
8823
8825
8823
8826
8871
8873
8875
8827
20694
20696
20698
8825
8826
8827
9241
8827
9242
20715
20716
20718
9243
20722
20723
20725
8830
8832
8837
8838
8841
8830
8833
8834
8884
20456
20458
20460
8832
8833
8834
9248
20470
20472
20474
8834
8887
9249
8888
9250
20484
20485
20487
8839
8840
8841
20448
20455
20469
8839
8840
18707
20449
8839
8841
18708
20456
8840
8841
20470
18711
20452
20459
20453
20473
20460
20474
8846
8847
8848
20497
20504
20518
8846
8847
18756
20498
8846
8848
18757
20450
20505
8847
8848
20451
20519
18760
20501
20508
20502
20522
20454
20509
20523
8853
8854
8855
20546
20553
20567
8853
8854
18805
20547
8853
8855
18806
20499
20554
8854
8855
20500
20568
18809
20550
20557
20551
20571
20503
20558
20572
8860
8861
8862
20595
20602
20616
8860
8861
18854
20596
8860
8862
18855
20548
20603
8861
8862
20549
20617
18858
20599
20606
20600
20620
20552
20607
20621
8867
8868
8869
20644
20651
20665
8867
8868
18903
20645
8867
8869
18904
20597
20652
8868
8869
20598
20666
18907
20648
20655
20649
20669
20601
20656
20670
8874
8875
8876
20693
20700
20714
8874
8875
18952
20694
8874
8876
18953
20646
20701
8875
8876
20647
20715
18956
20697
20704
20698
20718
20650
20705
20719
8879
8881
8879
8882
20708
20710
20712
8883
8933
8881
8882
20722
20724
20726
8883
9297
8883
8936
9298
20736
20737
20739
8937
9299
8886
8888
8893
8894
8897
8886
8889
8890
8940
20750
20752
20754
8888
8889
8890
9304
20764
20766
20768
8890
8943
9305
8944
9306
20778
20779
20781
8895
8896
8897
20742
20749
20763
8895
8896
19001
20457
20743
8895
8897
19002
20750
8896
8897
20458
20764
19005
20746
20753
20461
20747
20767
20754
20768
8902
8903
8904
20791
20798
20812
8902
8903
19050
20506
20792
8902
8904
19051
20744
20799
8903
8904
20507
20745
20813
19054
20795
20802
20510
20796
20816
20748
20803
20817
8909
8910
8911
20840
20847
20861
8909
8910
19099
20555
20841
8909
8911
19100
20793
20848
8910
8911
20556
20794
20862
19103
20844
20851
20559
20845
20865
20797
20852
20866
8916
8917
8918
20889
20896
20910
8916
8917
19148
20604
20890
8916
8918
19149
20842
20897
8917
8918
20605
20843
20911
19152
20893
20900
20608
20894
20914
20846
20901
20915
8923
8924
8925
20938
20945
20959
8923
8924
19197
20653
20939
8923
8925
19198
20891
20946
8924
8925
20654
20892
20960
19201
20942
20949
20657
20943
20963
20895
20950
20964
8930
8931
8932
20987
20994
21008
8930
8931
19246
20702
20988
8930
8932
19247
20940
20995
8931
8932
20703
20941
21009
19250
20991
20998
20706
20992
21012
20944
20999
21013
8935
8937
8935
8938
21002
21004
21006
8939
8989
8937
8938
21016
21018
21020
8939
9353
8939
8992
9354
21030
21031
21033
8993
9355
8942
8944
8949
8950
8953
8942
8945
8946
8996
21044
21046
21048
8944
8945
8946
9360
21058
21060
21062
8946
8999
9361
9000
9362
21072
21073
21075
8951
8952
8953
21036
21043
21057
8951
8952
19295
20751
21037
8951
8953
19296
21044
8952
8953
20752
21058
19299
21040
21047
20755
21041
21061
21048
21062
8958
8959
8960
21085
21092
21106
8958
8959
19344
20800
21086
8958
8960
19345
21038
21093
8959
8960
20801
21039
21107
19348
21089
21096
20804
21090
21110
21042
21097
21111
8965
8966
8967
21134
21141
21155
8965
8966
19393
20849
21135
8965
8967
19394
21087
21142
8966
8967
20850
21088
21156
19397
21138
21145
20853
21139
21159
21091
21146
21160
8972
8973
8974
21183
21190
21204
8972
8973
19442
20898
21184
8972
8974
19443
21136
21191
8973
8974
20899
21137
21205
19446
21187
21194
20902
21188
21208
21140
21195
21209
8979
8980
8981
21232
21239
21253
8979
8980
19491
20947
21233
8979
8981
19492
21185
21240
8980
8981
20948
21186
21254
19495
21236
21243
20951
21237
21257
21189
21244
21258
8986
8987
8988
21281
21288
21302
8986
8987
19540
20996
21282
8986
8988
19541
21234
21289
8987
8988
20997
21235
21303
19544
21285
21292
21000
21286
21306
21238
21293
21307
8991
8993
8991
8994
21296
21298
21300
8995
9045
8993
8994
21310
21312
21314
8995
9409
8995
9048
9410
21324
21325
21327
9049
9411
8998
9000
9005
9006
9009
8998
9001
9002
9052
21338
21340
21342
9000
9001
9002
9416
21352
21354
21356
9002
9055
9417
9056
9418
21366
21367
21369
9007
9008
9009
21330
21337
21351
9007
9008
19589
21045
21331
9007
9009
19590
21338
9008
9009
21046
21352
19593
21334
21341
21049
21335
21355
21342
21356
9014
9015
9016
21379
21386
21400
9014
9015
19638
21094
21380
9014
9016
19639
21332
21387
9015
9016
21095
21333
21401
19642
21383
21390
21098
21384
21404
21336
21391
21405
9021
9022
9023
21428
21435
21449
9021
9022
19687
21143
21429
9021
9023
19688
21381
21436
9022
9023
21144
21382
21450
19691
21432
21439
21147
21433
21453
21385
21440
21454
9028
9029
9030
21477
21484
21498
9028
9029
19736
21192
21478
9028
9030
19737
21430
21485
9029
9030
21193
21431
21499
19740
21481
21488
21196
21482
21502
21434
21489
21503
9035
9036
9037
21526
21533
21547
9035
9036
19785
21241
21527
9035
9037
19786
21479
21534
9036
9037
21242
21480
21548
19789
21530
21537
21245
21531
21551
21483
21538
21552
9042
9043
9044
21575
21582
21596
9042
9043
19834
21290
21576
9042
9044
19835
21528
21583
9043
9044
21291
21529
21597
19838
21579
21586
21294
21580
21600
21532
21587
21601
9047
9049
9047
9050
21590
21592
21594
9051
9101
9049
9050
21604
21606
21608
9051
9465
9051
9104
9466
21618
21619
21621
9105
9467
9054
9056
9061
9062
9065
9054
9057
9058
9108
21632
21634
21636
9056
9057
9058
9472
21646
21648
21650
9058
9111
9473
9112
9474
21660
21661
21663
9063
9064
9065
21624
21631
21645
9063
9064
19883
21339
21625
9063
9065
19884
21632
9064
9065
21340
21646
19887
21628
21635
21343
21629
21649
21636
21650
9070
9071
9072
21673
21680
21694
9070
9071
19932
21388
21674
9070
9072
19933
21626
21681
9071
9072
21389
21627
21695
19936
21677
21684
21392
21678
21698
21630
21685
21699
9077
9078
9079
21722
21729
21743
9077
9078
19981
21437
21723
9077
9079
19982
21675
21730
9078
9079
21438
21676
21744
19985
21726
21733
21441
21727
21747
21679
21734
21748
9084
9085
9086
21771
21778
21792
9084
9085
20030
21486
21772
9084
9086
20031
21724
21779
9085
9086
21487
21725
21793
20034
21775
21782
21490
21776
21796
21728
21783
21797
9091
9092
9093
21820
21827
21841
9091
9092
20079
21535
21821
9091
9093
20080
21773
21828
9092
9093
21536
21774
21842
20083
21824
21831
21539
21825
21845
21777
21832
21846
9098
9099
9100
21869
21876
21890
9098
9099
20128
21584
21870
9098
9100
20129
21822
21877
9099
9100
21585
21823
21891
20132
21873
21880
21588
21874
21894
21826
21881
21895
9103
9105
9103
9106
21884
21886
21888
9107
9157
9105
9106
21898
21900
21902
9107
9521
9107
9160
9522
21912
21913
21915
9161
9523
9110
9112
9117
9118
9121
9110
9113
9114
21926
21928
21930
9112
9113
9114
9528
21940
21942
21944
9114
9529
9530
21954
21955
21957
9119
9120
9121
21918
21925
21939
9119
9120
20177
21633
21919
9119
9121
20178
21926
9120
9121
21634
21940
20181
21922
21929
21637
21923
21943
21930
21944
9126
9127
9128
21967
21974
21988
9126
9127
20226
21682
21968
9126
9128
20227
21920
21975
9127
9128
21683
21921
21989
20230
21971
21978
21686
21972
21992
21924
21979
21993
9133
9134
9135
22016
22023
22037
9133
9134
20275
21731
22017
9133
9135
20276
21969
22024
9134
9135
21732
21970
22038
20279
22020
22027
21735
22021
22041
21973
22028
22042
9140
9141
9142
22065
22072
22086
9140
9141
20324
21780
22066
9140
9142
20325
22018
22073
9141
9142
21781
22019
22087
20328
22069
22076
21784
22070
22090
22022
22077
22091
9147
9148
9149
22114
22121
22135
9147
9148
20373
21829
22115
9147
9149
20374
22067
22122
9148
9149
21830
22068
22136
20377
22118
22125
21833
22119
22139
22071
22126
22140
9154
9155
9156
22163
22170
22184
9154
9155
20422
21878
22164
9154
9156
20423
22116
22171
9155
9156
21879
22117
22185
20426
22167
22174
21882
22168
22188
22120
22175
22189
9159
9161
9159
9162
22178
22180
22182
9163
9161
9162
22192
22194
22196
9163
9577
9163
9578
22206
22207
22209
9579
9166
9168
21934
21935
21938
9166
9169
9170
9172
9168
9169
21954
21956
21958
9170
9174
9584
21961
21963
21965
9170
9585
9176
9586
9173
9175
21983
21984
21987
9173
9176
9177
9179
9175
9176
22003
22005
22007
9177
9181
9591
22010
22012
22014
9177
9592
9183
9593
9180
9182
22032
22033
22036
9180
9183
9184
9186
9182
9183
22052
22054
22056
9184
9188
9598
22059
22061
22063
9184
9599
9190
9600
9187
9189
22081
22082
22085
9187
9190
9191
9193
9189
9190
22101
22103
22105
9191
9195
9605
22108
22110
22112
9191
9606
9197
9607
9194
9196
22130
22131
22134
9194
9197
9198
9200
9196
9197
22150
22152
22154
9198
9202
9612
22157
22159
22161
9198
9613
9204
9614
9201
9203
22179
22180
22183
9201
9204
9205
9203
9204
22199
22201
22203
9205
9619
22206
22208
22210
9205
9620
9621
9208
9210
9208
9211
9256
9258
9260
9212
9214
22213
22215
22217
9210
9211
9212
9216
9212
22234
22235
22237
9218
22241
22242
22244
9215
9217
9215
9218
9263
9265
9267
9219
9221
22262
22264
22266
9217
9218
9219
9223
9219
22283
22284
22286
9225
22290
22291
22293
9222
9224
9222
9225
9270
9272
9274
9226
9228
22311
22313
22315
9224
9225
9226
9230
9226
22332
22333
22335
9232
22339
22340
22342
9229
9231
9229
9232
9277
9279
9281
9233
9235
22360
22362
22364
9231
9232
9233
9237
9233
22381
22382
22384
9239
22388
22389
22391
9236
9238
9236
9239
9284
9286
9288
9240
9242
22409
22411
22413
9238
9239
9240
9244
9240
22430
22431
22433
9246
22437
22438
22440
9243
9245
9243
9246
9291
9293
9295
9247
22458
22460
22462
9245
9246
9247
9247
22479
22480
22482
22486
22487
22489
9250
9252
9257
9258
9261
9250
9253
9254
9304
22220
22222
22224
9252
9253
9254
22234
22236
22238
9254
9307
9308
22248
22249
22251
9259
9260
9261
22212
22219
22233
9259
9260
20471
22213
9259
9261
20472
22220
9260
9261
22234
20475
22216
22223
22217
22237
22224
22238
9266
9267
9268
22261
22268
22282
9266
9267
20520
22262
9266
9268
20521
22214
22269
9267
9268
22215
22283
20524
22265
22272
22266
22286
22218
22273
22287
9273
9274
9275
22310
22317
22331
9273
9274
20569
22311
9273
9275
20570
22263
22318
9274
9275
22264
22332
20573
22314
22321
22315
22335
22267
22322
22336
9280
9281
9282
22359
22366
22380
9280
9281
20618
22360
9280
9282
20619
22312
22367
9281
9282
22313
22381
20622
22363
22370
22364
22384
22316
22371
22385
9287
9288
9289
22408
22415
22429
9287
9288
20667
22409
9287
9289
20668
22361
22416
9288
9289
22362
22430
20671
22412
22419
22413
22433
22365
22420
22434
9294
9295
9296
22457
22464
22478
9294
9295
20716
22458
9294
9296
20717
22410
22465
9295
9296
22411
22479
20720
22461
22468
22462
22482
22414
22469
22483
9299
9301
9299
9302
22472
22474
22476
9303
9353
9301
9302
22486
22488
22490
9303
9303
9356
22500
22501
22503
9357
9306
9308
9313
9314
9317
9306
9309
9310
9360
22514
22516
22518
9308
9309
9310
22528
22530
22532
9310
9363
9364
22542
22543
22545
9315
9316
9317
22506
22513
22527
9315
9316
20765
22221
22507
9315
9317
20766
22514
9316
9317
22222
22528
20769
22510
22517
22225
22511
22531
22518
22532
9322
9323
9324
22555
22562
22576
9322
9323
20814
22270
22556
9322
9324
20815
22508
22563
9323
9324
22271
22509
22577
20818
22559
22566
22274
22560
22580
22512
22567
22581
9329
9330
9331
22604
22611
22625
9329
9330
20863
22319
22605
9329
9331
20864
22557
22612
9330
9331
22320
22558
22626
20867
22608
22615
22323
22609
22629
22561
22616
22630
9336
9337
9338
22653
22660
22674
9336
9337
20912
22368
22654
9336
9338
20913
22606
22661
9337
9338
22369
22607
22675
20916
22657
22664
22372
22658
22678
22610
22665
22679
9343
9344
9345
22702
22709
22723
9343
9344
20961
22417
22703
9343
9345
20962
22655
22710
9344
9345
22418
22656
22724
20965
22706
22713
22421
22707
22727
22659
22714
22728
9350
9351
9352
22751
22758
22772
9350
9351
21010
22466
22752
9350
9352
21011
22704
22759
9351
9352
22467
22705
22773
21014
22755
22762
22470
22756
22776
22708
22763
22777
9355
9357
9355
9358
22766
22768
22770
9359
9409
9357
9358
22780
22782
22784
9359
9359
9412
22794
22795
22797
9413
9362
9364
9369
9370
9373
9362
9365
9366
9416
22808
22810
22812
9364
9365
9366
22822
22824
22826
9366
9419
9420
22836
22837
22839
9371
9372
9373
22800
22807
22821
9371
9372
21059
22515
22801
9371
9373
21060
22808
9372
9373
22516
22822
21063
22804
22811
22519
22805
22825
22812
22826
9378
9379
9380
22849
22856
22870
9378
9379
21108
22564
22850
9378
9380
21109
22802
22857
9379
9380
22565
22803
22871
21112
22853
22860
22568
22854
22874
22806
22861
22875
9385
9386
9387
22898
22905
22919
9385
9386
21157
22613
22899
9385
9387
21158
22851
22906
9386
9387
22614
22852
22920
21161
22902
22909
22617
22903
22923
22855
22910
22924
9392
9393
9394
22947
22954
22968
9392
9393
21206
22662
22948
9392
9394
21207
22900
22955
9393
9394
22663
22901
22969
21210
22951
22958
22666
22952
22972
22904
22959
22973
9399
9400
9401
22996
23003
23017
9399
9400
21255
22711
22997
9399
9401
21256
22949
23004
9400
9401
22712
22950
23018
21259
23000
23007
22715
23001
23021
22953
23008
23022
9406
9407
9408
23045
23052
23066
9406
9407
21304
22760
23046
9406
9408
21305
22998
23053
9407
9408
22761
22999
23067
21308
23049
23056
22764
23050
23070
23002
23057
23071
9411
9413
9411
9414
23060
23062
23064
9415
9465
9413
9414
23074
23076
23078
9415
9415
9468
23088
23089
23091
9469
9418
9420
9425
9426
9429
9418
9421
9422
9472
23102
23104
23106
9420
9421
9422
23116
23118
23120
9422
9475
9476
23130
23131
23133
9427
9428
9429
23094
23101
23115
9427
9428
21353
22809
23095
9427
9429
21354
23102
9428
9429
22810
23116
21357
23098
23105
22813
23099
23119
23106
23120
9434
9435
9436
23143
23150
23164
9434
9435
21402
22858
23144
9434
9436
21403
23096
23151
9435
9436
22859
23097
23165
21406
23147
23154
22862
23148
23168
23100
23155
23169
9441
9442
9443
23192
23199
23213
9441
9442
21451
22907
23193
9441
9443
21452
23145
23200
9442
9443
22908
23146
23214
21455
23196
23203
22911
23197
23217
23149
23204
23218
9448
9449
9450
23241
23248
23262
9448
9449
21500
22956
23242
9448
9450
21501
23194
23249
9449
9450
22957
23195
23263
21504
23245
23252
22960
23246
23266
23198
23253
23267
9455
9456
9457
23290
23297
23311
9455
9456
21549
23005
23291
9455
9457
21550
23243
23298
9456
9457
23006
23244
23312
21553
23294
23301
23009
23295
23315
23247
23302
23316
9462
9463
9464
23339
23346
23360
9462
9463
21598
23054
23340
9462
9464
21599
23292
23347
9463
9464
23055
23293
23361
21602
23343
23350
23058
23344
23364
23296
23351
23365
9467
9469
9467
9470
23354
23356
23358
9471
9521
9469
9470
23368
23370
23372
9471
9471
9524
23382
23383
23385
9525
9474
9476
9481
9482
9485
9474
9477
9478
9528
23396
23398
23400
9476
9477
9478
23410
23412
23414
9478
9531
9532
23424
23425
23427
9483
9484
9485
23388
23395
23409
9483
9484
21647
23103
23389
9483
9485
21648
23396
9484
9485
23104
23410
21651
23392
23399
23107
23393
23413
23400
23414
9490
9491
9492
23437
23444
23458
9490
9491
21696
23152
23438
9490
9492
21697
23390
23445
9491
9492
23153
23391
23459
21700
23441
23448
23156
23442
23462
23394
23449
23463
9497
9498
9499
23486
23493
23507
9497
9498
21745
23201
23487
9497
9499
21746
23439
23494
9498
9499
23202
23440
23508
21749
23490
23497
23205
23491
23511
23443
23498
23512
9504
9505
9506
23535
23542
23556
9504
9505
21794
23250
23536
9504
9506
21795
23488
23543
9505
9506
23251
23489
23557
21798
23539
23546
23254
23540
23560
23492
23547
23561
9511
9512
9513
23584
23591
23605
9511
9512
21843
23299
23585
9511
9513
21844
23537
23592
9512
9513
23300
23538
23606
21847
23588
23595
23303
23589
23609
23541
23596
23610
9518
9519
9520
23633
23640
23654
9518
9519
21892
23348
23634
9518
9520
21893
23586
23641
9519
9520
23349
23587
23655
21896
23637
23644
23352
23638
23658
23590
23645
23659
9523
9525
9523
9526
23648
23650
23652
9527
9577
9525
9526
23662
23664
23666
9527
9527
9580
23676
23677
23679
9581
9530
9532
9537
9538
9541
9530
9533
9534
23690
23692
23694
9532
9533
9534
23704
23706
23708
9534
23718
23719
23721
9539
9540
9541
23682
23689
23703
9539
9540
21941
23397
23683
9539
9541
21942
23690
9540
9541
23398
23704
21945
23686
23693
23401
23687
23707
23694
23708
9546
9547
9548
23731
23738
23752
9546
9547
21990
23446
23732
9546
9548
21991
23684
23739
9547
9548
23447
23685
23753
21994
23735
23742
23450
23736
23756
23688
23743
23757
9553
9554
9555
23780
23787
23801
9553
9554
22039
23495
23781
9553
9555
22040
23733
23788
9554
9555
23496
23734
23802
22043
23784
23791
23499
23785
23805
23737
23792
23806
9560
9561
9562
23829
23836
23850
9560
9561
22088
23544
23830
9560
9562
22089
23782
23837
9561
9562
23545
23783
23851
22092
23833
23840
23548
23834
23854
23786
23841
23855
9567
9568
9569
23878
23885
23899
9567
9568
22137
23593
23879
9567
9569
22138
23831
23886
9568
9569
23594
23832
23900
22141
23882
23889
23597
23883
23903
23835
23890
23904
9574
9575
9576
23927
23934
23948
9574
9575
22186
23642
23928
9574
9576
22187
23880
23935
9575
9576
23643
23881
23949
22190
23931
23938
23646
23932
23952
23884
23939
23953
9579
9581
9579
9582
23942
23944
23946
9583
9581
9582
23956
23958
23960
9583
9583
23970
23971
23973
9586
9588
23698
23699
23702
9586
9589
9590
9592
9588
9589
23718
23720
23722
9590
9594
23725
23727
23729
9590
9596
9593
9595
23747
23748
23751
9593
9596
9597
9599
9595
9596
23767
23769
23771
9597
9601
23774
23776
23778
9597
9603
9600
9602
23796
23797
23800
9600
9603
9604
9606
9602
9603
23816
23818
23820
9604
9608
23823
23825
23827
9604
9610
9607
9609
23845
23846
23849
9607
9610
9611
9613
9609
9610
23865
23867
23869
9611
9615
23872
23874
23876
9611
9617
9614
9616
23894
23895
23898
9614
9617
9618
9620
9616
9617
23914
23916
23918
9618
9622
23921
23923
23925
9618
9624
9621
9623
23943
23944
23947
9621
9624
9625
9623
9624
23963
23965
23967
9625
23970
23972
23974
9625
9628
9630
22242
22243
22246
9628
9631
22249
22250
22253
9632
9634
9668
22256
22257
22260
9630
9631
9632
9636
9632
9671
9638
9672
9635
9637
22291
22292
22295
9635
9638
22298
22299
22302
9639
9641
9675
22305
22306
22309
9637
9638
9639
9643
9639
9678
9645
9679
9642
9644
22340
22341
22344
9642
9645
22347
22348
22351
9646
9648
9682
22354
22355
22358
9644
9645
9646
9650
9646
9685
9652
9686
9649
9651
22389
22390
22393
9649
9652
22396
22397
22400
9653
9655
9689
22403
22404
22407
9651
9652
9653
9657
9653
9692
9659
9693
9656
9658
22438
22439
22442
9656
9659
22445
22446
22449
9660
9662
9696
22452
22453
22456
9658
9659
9660
9664
9660
9699
9666
9700
9663
9665
22487
22488
22491
9663
9666
22494
22495
22498
9667
9703
22501
22502
22505
9665
9666
9667
9667
9706
9707
9670
9672
22536
22537
22540
9670
9673
22543
22544
22547
9674
9676
9710
22550
22551
22554
9672
9673
9674
9678
9674
9713
9680
9714
9677
9679
22585
22586
22589
9677
9680
22592
22593
22596
9681
9683
9717
22599
22600
22603
9679
9680
9681
9685
9681
9720
9687
9721
9684
9686
22634
22635
22638
9684
9687
22641
22642
22645
9688
9690
9724
22648
22649
22652
9686
9687
9688
9692
9688
9727
9694
9728
9691
9693
22683
22684
22687
9691
9694
22690
22691
22694
9695
9697
9731
22697
22698
22701
9693
9694
9695
9699
9695
9734
9701
9735
9698
9700
22732
22733
22736
9698
9701
22739
22740
22743
9702
9704
9738
22746
22747
22750
9700
9701
9702
9706
9702
9741
9708
9742
9705
9707
22781
22782
22785
9705
9708
22788
22789
22792
9709
9745
22795
22796
22799
9707
9708
9709
9709
9748
9749
9712
9714
22830
22831
22834
9712
9715
22837
22838
22841
9716
9718
9752
22844
22845
22848
9714
9715
9716
9720
9716
9755
9722
9756
9719
9721
22879
22880
22883
9719
9722
22886
22887
22890
9723
9725
9759
22893
22894
22897
9721
9722
9723
9727
9723
9762
9729
9763
9726
9728
22928
22929
22932
9726
9729
22935
22936
22939
9730
9732
9766
22942
22943
22946
9728
9729
9730
9734
9730
9769
9736
9770
9733
9735
22977
22978
22981
9733
9736
22984
22985
22988
9737
9739
9773
22991
22992
22995
9735
9736
9737
9741
9737
9776
9743
9777
9740
9742
23026
23027
23030
9740
9743
23033
23034
23037
9744
9746
9780
23040
23041
23044
9742
9743
9744
9748
9744
9783
9750
9784
9747
9749
23075
23076
23079
9747
9750
23082
23083
23086
9751
9787
23089
23090
23093
9749
9750
9751
9751
9790
9791
9754
9756
23124
23125
23128
9754
9757
23131
23132
23135
9758
9760
9794
23138
23139
23142
9756
9757
9758
9762
9758
9797
9764
9798
9761
9763
23173
23174
23177
9761
9764
23180
23181
23184
9765
9767
9801
23187
23188
23191
9763
9764
9765
9769
9765
9804
9771
9805
9768
9770
23222
23223
23226
9768
9771
23229
23230
23233
9772
9774
9808
23236
23237
23240
9770
9771
9772
9776
9772
9811
9778
9812
9775
9777
23271
23272
23275
9775
9778
23278
23279
23282
9779
9781
9815
23285
23286
23289
9777
9778
9779
9783
9779
9818
9785
9819
9782
9784
23320
23321
23324
9782
9785
23327
23328
23331
9786
9788
9822
23334
23335
23338
9784
9785
9786
9790
9786
9825
9792
9826
9789
9791
23369
23370
23373
9789
9792
23376
23377
23380
9793
9829
23383
23384
23387
9791
9792
9793
9793
9832
9833
9796
9798
23418
23419
23422
9796
9799
23425
23426
23429
9800
9802
9836
23432
23433
23436
9798
9799
9800
9804
9800
9839
9806
9840
9803
9805
23467
23468
23471
9803
9806
23474
23475
23478
9807
9809
9843
23481
23482
23485
9805
9806
9807
9811
9807
9846
9813
9847
9810
9812
23516
23517
23520
9810
9813
23523
23524
23527
9814
9816
9850
23530
23531
23534
9812
9813
9814
9818
9814
9853
9820
9854
9817
9819
23565
23566
23569
9817
9820
23572
23573
23576
9821
9823
9857
23579
23580
23583
9819
9820
9821
9825
9821
9860
9827
9861
9824
9826
23614
23615
23618
9824
9827
23621
23622
23625
9828
9830
9864
23628
23629
23632
9826
9827
9828
9832
9828
9867
9834
9868
9831
9833
23663
23664
23667
9831
9834
23670
23671
23674
9835
9871
23677
23678
23681
9833
9834
9835
9835
9874
9875
9838
9840
23712
23713
23716
9838
9841
23719
23720
23723
9842
9844
23726
23727
23730
9840
9841
9842
9846
9842
9848
9845
9847
23761
23762
23765
9845
9848
23768
23769
23772
9849
9851
23775
23776
23779
9847
9848
9849
9853
9849
9855
9852
9854
23810
23811
23814
9852
9855
23817
23818
23821
9856
9858
23824
23825
23828
9854
9855
9856
9860
9856
9862
9859
9861
23859
23860
23863
9859
9862
23866
23867
23870
9863
9865
23873
23874
23877
9861
9862
9863
9867
9863
9869
9866
9868
23908
23909
23912
9866
9869
23915
23916
23919
9870
9872
23922
23923
23926
9868
9869
9870
9874
9870
9876
9873
9875
23957
23958
23961
9873
9876
23964
23965
23968
9877
23971
23972
23975
9875
9876
9877
9877
9882
9883
9884
9892
9906
9882
9883
9882
9884
9893
9883
9884
9907
9896
9910
9897
9911
9889
9890
9891
9892
9913
9889
9890
9889
9891
9894
9890
9891
9914
9896
9917
9898
9918
9896
9897
9898
9920
9896
9897
9935
9896
9898
10173
9897
9898
9921
9937
10175
9924
9939
9925
10177
9903
9904
9905
9906
9913
9903
9904
9903
9905
9908
9904
9905
9915
9910
9917
9912
9919
9910
9911
9912
9920
9910
9911
9949
9910
9912
11643
9911
9912
9922
9951
11644
9924
9953
9926
11646
9917
9918
9919
9920
9917
9918
10194
9917
9919
11650
9918
9919
9923
10195
11651
9925
10197
9926
11653
9924
9925
9926
9924
9925
9963
10201
9924
9926
9964
11657
9925
9926
10202
11658
9966
10204
11660
9931
9932
9933
9941
9955
9931
9932
9931
9933
9942
9932
9933
9956
9945
9959
9946
9960
9938
9939
9940
9941
9962
9938
9939
9938
9940
9943
9939
9940
9963
9945
9966
9947
9967
9945
9946
9947
9969
9945
9946
9984
9945
9947
10222
9946
9947
9970
9986
10224
9973
9988
9974
10226
9952
9953
9954
9955
9962
9952
9953
9952
9954
9957
9953
9954
9964
9959
9966
9961
9968
9959
9960
9961
9969
9959
9960
9998
9959
9961
11692
9960
9961
9971
10000
11693
9973
10002
9975
11695
9966
9967
9968
9969
9966
9967
10243
9966
9968
11699
9967
9968
9972
10244
11700
9974
10246
9975
11702
9973
9974
9975
9973
9974
10012
10250
9973
9975
10013
11706
9974
9975
10251
11707
10015
10253
11709
9980
9981
9982
9990
10004
9980
9981
9980
9982
9991
9981
9982
10005
9994
10008
9995
10009
9987
9988
9989
9990
10011
9987
9988
9987
9989
9992
9988
9989
10012
9994
10015
9996
10016
9994
9995
9996
10018
9994
9995
10033
9994
9996
10271
9995
9996
10019
10035
10273
10022
10037
10023
10275
10001
10002
10003
10004
10011
10001
10002
10001
10003
10006
10002
10003
10013
10008
10015
10010
10017
10008
10009
10010
10018
10008
10009
10047
10008
10010
11741
10009
10010
10020
10049
11742
10022
10051
10024
11744
10015
10016
10017
10018
10015
10016
10292
10015
10017
11748
10016
10017
10021
10293
11749
10023
10295
10024
11751
10022
10023
10024
10022
10023
10061
10299
10022
10024
10062
11755
10023
10024
10300
11756
10064
10302
11758
10029
10030
10031
10039
10053
10029
10030
10029
10031
10040
10030
10031
10054
10043
10057
10044
10058
10036
10037
10038
10039
10060
10036
10037
10036
10038
10041
10037
10038
10061
10043
10064
10045
10065
10043
10044
10045
10067
10043
10044
10082
10043
10045
10320
10044
10045
10068
10084
10322
10071
10086
10072
10324
10050
10051
10052
10053
10060
10050
10051
10050
10052
10055
10051
10052
10062
10057
10064
10059
10066
10057
10058
10059
10067
10057
10058
10096
10057
10059
11790
10058
10059
10069
10098
11791
10071
10100
10073
11793
10064
10065
10066
10067
10064
10065
10341
10064
10066
11797
10065
10066
10070
10342
11798
10072
10344
10073
11800
10071
10072
10073
10071
10072
10110
10348
10071
10073
10111
11804
10072
10073
10349
11805
10113
10351
11807
10078
10079
10080
10088
10102
10078
10079
10078
10080
10089
10079
10080
10103
10092
10106
10093
10107
10085
10086
10087
10088
10109
10085
10086
10085
10087
10090
10086
10087
10110
10092
10113
10094
10114
10092
10093
10094
10116
10092
10093
10131
10092
10094
10369
10093
10094
10117
10133
10371
10120
10135
10121
10373
10099
10100
10101
10102
10109
10099
10100
10099
10101
10104
10100
10101
10111
10106
10113
10108
10115
10106
10107
10108
10116
10106
10107
10145
10106
10108
11839
10107
10108
10118
10147
11840
10120
10149
10122
11842
10113
10114
10115
10116
10113
10114
10390
10113
10115
11846
10114
10115
10119
10391
11847
10121
10393
10122
11849
10120
10121
10122
10120
10121
10159
10397
10120
10122
10160
11853
10121
10122
10398
11854
10162
10400
11856
10127
10128
10129
10137
10151
10127
10128
10127
10129
10138
10128
10129
10152
10141
10155
10142
10156
10134
10135
10136
10137
10158
10134
10135
10134
10136
10139
10135
10136
10159
10141
10162
10143
10163
10141
10142
10143
10165
10141
10142
10141
10143
10418
10142
10143
10166
10420
10169
10170
10422
10148
10149
10150
10151
10158
10148
10149
10148
10150
10153
10149
10150
10160
10155
10162
10157
10164
10155
10156
10157
10165
10155
10156
10155
10157
11888
10156
10157
10167
11889
10169
10171
11891
10162
10163
10164
10165
10162
10163
10439
10162
10164
11895
10163
10164
10168
10440
11896
10170
10442
10171
11898
10169
10170
10171
10169
10170
10446
10169
10171
11902
10170
10171
10447
11903
10449
11905
10176
10177
10178
10186
10200
10176
10177
10176
10178
10187
10177
10178
10201
10190
10204
10191
10205
10183
10184
10185
10186
10207
10183
10184
10183
10185
10188
10184
10185
10208
10190
10211
10192
10212
10190
10191
10192
10214
10190
10191
10229
10190
10192
10467
10191
10192
10215
10231
10469
10218
10233
10219
10471
10197
10198
10199
10200
10207
10197
10198
10197
10199
10202
10198
10199
10209
10204
10211
10206
10213
10204
10205
10206
10214
10204
10205
10243
10204
10206
11937
10205
10206
10216
10245
11938
10218
10247
10220
11940
10211
10212
10213
10214
10211
10212
10488
10211
10213
11944
10212
10213
10217
10489
11945
10219
10491
10220
11947
10218
10219
10220
10218
10219
10257
10495
10218
10220
10258
11951
10219
10220
10496
11952
10260
10498
11954
10225
10226
10227
10235
10249
10225
10226
10225
10227
10236
10226
10227
10250
10239
10253
10240
10254
10232
10233
10234
10235
10256
10232
10233
10232
10234
10237
10233
10234
10257
10239
10260
10241
10261
10239
10240
10241
10263
10239
10240
10278
10239
10241
10516
10240
10241
10264
10280
10518
10267
10282
10268
10520
10246
10247
10248
10249
10256
10246
10247
10246
10248
10251
10247
10248
10258
10253
10260
10255
10262
10253
10254
10255
10263
10253
10254
10292
10253
10255
11986
10254
10255
10265
10294
11987
10267
10296
10269
11989
10260
10261
10262
10263
10260
10261
10537
10260
10262
11993
10261
10262
10266
10538
11994
10268
10540
10269
11996
10267
10268
10269
10267
10268
10306
10544
10267
10269
10307
12000
10268
10269
10545
12001
10309
10547
12003
10274
10275
10276
10284
10298
10274
10275
10274
10276
10285
10275
10276
10299
10288
10302
10289
10303
10281
10282
10283
10284
10305
10281
10282
10281
10283
10286
10282
10283
10306
10288
10309
10290
10310
10288
10289
10290
10312
10288
10289
10327
10288
10290
10565
10289
10290
10313
10329
10567
10316
10331
10317
10569
10295
10296
10297
10298
10305
10295
10296
10295
10297
10300
10296
10297
10307
10302
10309
10304
10311
10302
10303
10304
10312
10302
10303
10341
10302
10304
12035
10303
10304
10314
10343
12036
10316
10345
10318
12038
10309
10310
10311
10312
10309
10310
10586
10309
10311
12042
10310
10311
10315
10587
12043
10317
10589
10318
12045
10316
10317
10318
10316
10317
10355
10593
10316
10318
10356
12049
10317
10318
10594
12050
10358
10596
12052
10323
10324
10325
10333
10347
10323
10324
10323
10325
10334
10324
10325
10348
10337
10351
10338
10352
10330
10331
10332
10333
10354
10330
10331
10330
10332
10335
10331
10332
10355
10337
10358
10339
10359
10337
10338
10339
10361
10337
10338
10376
10337
10339
10614
10338
10339
10362
10378
10616
10365
10380
10366
10618
10344
10345
10346
10347
10354
10344
10345
10344
10346
10349
10345
10346
10356
10351
10358
10353
10360
10351
10352
10353
10361
10351
10352
10390
10351
10353
12084
10352
10353
10363
10392
12085
10365
10394
10367
12087
10358
10359
10360
10361
10358
10359
10635
10358
10360
12091
10359
10360
10364
10636
12092
10366
10638
10367
12094
10365
10366
10367
10365
10366
10404
10642
10365
10367
10405
12098
10366
10367
10643
12099
10407
10645
12101
10372
10373
10374
10382
10396
10372
10373
10372
10374
10383
10373
10374
10397
10386
10400
10387
10401
10379
10380
10381
10382
10403
10379
10380
10379
10381
10384
10380
10381
10404
10386
10407
10388
10408
10386
10387
10388
10410
10386
10387
10425
10386
10388
10663
10387
10388
10411
10427
10665
10414
10429
10415
10667
10393
10394
10395
10396
10403
10393
10394
10393
10395
10398
10394
10395
10405
10400
10407
10402
10409
10400
10401
10402
10410
10400
10401
10439
10400
10402
12133
10401
10402
10412
10441
12134
10414
10443
10416
12136
10407
10408
10409
10410
10407
10408
10684
10407
10409
12140
10408
10409
10413
10685
12141
10415
10687
10416
12143
10414
10415
10416
10414
10415
10453
10691
10414
10416
10454
12147
10415
10416
10692
12148
10456
10694
12150
10421
10422
10423
10431
10445
10421
10422
10421
10423
10432
10422
10423
10446
10435
10449
10436
10450
10428
10429
10430
10431
10452
10428
10429
10428
10430
10433
10429
10430
10453
10435
10456
10437
10457
10435
10436
10437
10459
10435
10436
10435
10437
10712
10436
10437
10460
10714
10463
10464
10716
10442
10443
10444
10445
10452
10442
10443
10442
10444
10447
10443
10444
10454
10449
10456
10451
10458
10449
10450
10451
10459
10449
10450
10449
10451
12182
10450
10451
10461
12183
10463
10465
12185
10456
10457
10458
10459
10456
10457
10733
10456
10458
12189
10457
10458
10462
10734
12190
10464
10736
10465
12192
10463
10464
10465
10463
10464
10740
10463
10465
12196
10464
10465
10741
12197
10743
12199
10470
10471
10472
10480
10494
10470
10471
10470
10472
10481
10471
10472
10495
10484
10498
10485
10499
10477
10478
10479
10480
10501
10477
10478
10477
10479
10482
10478
10479
10502
10484
10505
10486
10506
10484
10485
10486
10508
10484
10485
10523
10484
10486
10761
10485
10486
10509
10525
10763
10512
10527
10513
10765
10491
10492
10493
10494
10501
10491
10492
10491
10493
10496
10492
10493
10503
10498
10505
10500
10507
10498
10499
10500
10508
10498
10499
10537
10498
10500
12231
10499
10500
10510
10539
12232
10512
10541
10514
12234
10505
10506
10507
10508
10505
10506
10782
10505
10507
12238
10506
10507
10511
10783
12239
10513
10785
10514
12241
10512
10513
10514
10512
10513
10551
10789
10512
10514
10552
12245
10513
10514
10790
12246
10554
10792
12248
10519
10520
10521
10529
10543
10519
10520
10519
10521
10530
10520
10521
10544
10533
10547
10534
10548
10526
10527
10528
10529
10550
10526
10527
10526
10528
10531
10527
10528
10551
10533
10554
10535
10555
10533
10534
10535
10557
10533
10534
10572
10533
10535
10810
10534
10535
10558
10574
10812
10561
10576
10562
10814
10540
10541
10542
10543
10550
10540
10541
10540
10542
10545
10541
10542
10552
10547
10554
10549
10556
10547
10548
10549
10557
10547
10548
10586
10547
10549
12280
10548
10549
10559
10588
12281
10561
10590
10563
12283
10554
10555
10556
10557
10554
10555
10831
10554
10556
12287
10555
10556
10560
10832
12288
10562
10834
10563
12290
10561
10562
10563
10561
10562
10600
10838
10561
10563
10601
12294
10562
10563
10839
12295
10603
10841
12297
10568
10569
10570
10578
10592
10568
10569
10568
10570
10579
10569
10570
10593
10582
10596
10583
10597
10575
10576
10577
10578
10599
10575
10576
10575
10577
10580
10576
10577
10600
10582
10603
10584
10604
10582
10583
10584
10606
10582
10583
10621
10582
10584
10859
10583
10584
10607
10623
10861
10610
10625
10611
10863
10589
10590
10591
10592
10599
10589
10590
10589
10591
10594
10590
10591
10601
10596
10603
10598
10605
10596
10597
10598
10606
10596
10597
10635
10596
10598
12329
10597
10598
10608
10637
12330
10610
10639
10612
12332
10603
10604
10605
10606
10603
10604
10880
10603
10605
12336
10604
10605
10609
10881
12337
10611
10883
10612
12339
10610
10611
10612
10610
10611
10649
10887
10610
10612
10650
12343
10611
10612
10888
12344
10652
10890
12346
10617
10618
10619
10627
10641
10617
10618
10617
10619
10628
10618
10619
10642
10631
10645
10632
10646
10624
10625
10626
10627
10648
10624
10625
10624
10626
10629
10625
10626
10649
10631
10652
10633
10653
10631
10632
10633
10655
10631
10632
10670
10631
10633
10908
10632
10633
10656
10672
10910
10659
10674
10660
10912
10638
10639
10640
10641
10648
10638
10639
10638
10640
10643
10639
10640
10650
10645
10652
10647
10654
10645
10646
10647
10655
10645
10646
10684
10645
10647
12378
10646
10647
10657
10686
12379
10659
10688
10661
12381
10652
10653
10654
10655
10652
10653
10929
10652
10654
12385
10653
10654
10658
10930
12386
10660
10932
10661
12388
10659
10660
10661
10659
10660
10698
10936
10659
10661
10699
12392
10660
10661
10937
12393
10701
10939
12395
10666
10667
10668
10676
10690
10666
10667
10666
10668
10677
10667
10668
10691
10680
10694
10681
10695
10673
10674
10675
10676
10697
10673
10674
10673
10675
10678
10674
10675
10698
10680
10701
10682
10702
10680
10681
10682
10704
10680
10681
10719
10680
10682
10957
10681
10682
10705
10721
10959
10708
10723
10709
10961
10687
10688
10689
10690
10697
10687
10688
10687
10689
10692
10688
10689
10699
10694
10701
10696
10703
10694
10695
10696
10704
10694
10695
10733
10694
10696
12427
10695
10696
10706
10735
12428
10708
10737
10710
12430
10701
10702
10703
10704
10701
10702
10978
10701
10703
12434
10702
10703
10707
10979
12435
10709
10981
10710
12437
10708
10709
10710
10708
10709
10747
10985
10708
10710
10748
12441
10709
10710
10986
12442
10750
10988
12444
10715
10716
10717
10725
10739
10715
10716
10715
10717
10726
10716
10717
10740
10729
10743
10730
10744
10722
10723
10724
10725
10746
10722
10723
10722
10724
10727
10723
10724
10747
10729
10750
10731
10751
10729
10730
10731
10753
10729
10730
10729
10731
11006
10730
10731
10754
11008
10757
10758
11010
10736
10737
10738
10739
10746
10736
10737
10736
10738
10741
10737
10738
10748
10743
10750
10745
10752
10743
10744
10745
10753
10743
10744
10743
10745
12476
10744
10745
10755
12477
10757
10759
12479
10750
10751
10752
10753
10750
10751
11027
10750
10752
12483
10751
10752
10756
11028
12484
10758
11030
10759
12486
10757
10758
10759
10757
10758
11034
10757
10759
12490
10758
10759
11035
12491
11037
12493
10764
10765
10766
10774
10788
10764
10765
10764
10766
10775
10765
10766
10789
10778
10792
10779
10793
10771
10772
10773
10774
10795
10771
10772
10771
10773
10776
10772
10773
10796
10778
10799
10780
10800
10778
10779
10780
10802
10778
10779
10817
10778
10780
11055
10779
10780
10803
10819
11057
10806
10821
10807
11059
10785
10786
10787
10788
10795
10785
10786
10785
10787
10790
10786
10787
10797
10792
10799
10794
10801
10792
10793
10794
10802
10792
10793
10831
10792
10794
12525
10793
10794
10804
10833
12526
10806
10835
10808
12528
10799
10800
10801
10802
10799
10800
11076
10799
10801
12532
10800
10801
10805
11077
12533
10807
11079
10808
12535
10806
10807
10808
10806
10807
10845
11083
10806
10808
10846
12539
10807
10808
11084
12540
10848
11086
12542
10813
10814
10815
10823
10837
10813
10814
10813
10815
10824
10814
10815
10838
10827
10841
10828
10842
10820
10821
10822
10823
10844
10820
10821
10820
10822
10825
10821
10822
10845
10827
10848
10829
10849
10827
10828
10829
10851
10827
10828
10866
10827
10829
11104
10828
10829
10852
10868
11106
10855
10870
10856
11108
10834
10835
10836
10837
10844
10834
10835
10834
10836
10839
10835
10836
10846
10841
10848
10843
10850
10841
10842
10843
10851
10841
10842
10880
10841
10843
12574
10842
10843
10853
10882
12575
10855
10884
10857
12577
10848
10849
10850
10851
10848
10849
11125
10848
10850
12581
10849
10850
10854
11126
12582
10856
11128
10857
12584
10855
10856
10857
10855
10856
10894
11132
10855
10857
10895
12588
10856
10857
11133
12589
10897
11135
12591
10862
10863
10864
10872
10886
10862
10863
10862
10864
10873
10863
10864
10887
10876
10890
10877
10891
10869
10870
10871
10872
10893
10869
10870
10869
10871
10874
10870
10871
10894
10876
10897
10878
10898
10876
10877
10878
10900
10876
10877
10915
10876
10878
11153
10877
10878
10901
10917
11155
10904
10919
10905
11157
10883
10884
10885
10886
10893
10883
10884
10883
10885
10888
10884
10885
10895
10890
10897
10892
10899
10890
10891
10892
10900
10890
10891
10929
10890
10892
12623
10891
10892
10902
10931
12624
10904
10933
10906
12626
10897
10898
10899
10900
10897
10898
11174
10897
10899
12630
10898
10899
10903
11175
12631
10905
11177
10906
12633
10904
10905
10906
10904
10905
10943
11181
10904
10906
10944
12637
10905
10906
11182
12638
10946
11184
12640
10911
10912
10913
10921
10935
10911
10912
10911
10913
10922
10912
10913
10936
10925
10939
10926
10940
10918
10919
10920
10921
10942
10918
10919
10918
10920
10923
10919
10920
10943
10925
10946
10927
10947
10925
10926
10927
10949
10925
10926
10964
10925
10927
11202
10926
10927
10950
10966
11204
10953
10968
10954
11206
10932
10933
10934
10935
10942
10932
10933
10932
10934
10937
10933
10934
10944
10939
10946
10941
10948
10939
10940
10941
10949
10939
10940
10978
10939
10941
12672
10940
10941
10951
10980
12673
10953
10982
10955
12675
10946
10947
10948
10949
10946
10947
11223
10946
10948
12679
10947
10948
10952
11224
12680
10954
11226
10955
12682
10953
10954
10955
10953
10954
10992
11230
10953
10955
10993
12686
10954
10955
11231
12687
10995
11233
12689
10960
10961
10962
10970
10984
10960
10961
10960
10962
10971
10961
10962
10985
10974
10988
10975
10989
10967
10968
10969
10970
10991
10967
10968
10967
10969
10972
10968
10969
10992
10974
10995
10976
10996
10974
10975
10976
10998
10974
10975
11013
10974
10976
11251
10975
10976
10999
11015
11253
11002
11017
11003
11255
10981
10982
10983
10984
10991
10981
10982
10981
10983
10986
10982
10983
10993
10988
10995
10990
10997
10988
10989
10990
10998
10988
10989
11027
10988
10990
12721
10989
10990
11000
11029
12722
11002
11031
11004
12724
10995
10996
10997
10998
10995
10996
11272
10995
10997
12728
10996
10997
11001
11273
12729
11003
11275
11004
12731
11002
11003
11004
11002
11003
11041
11279
11002
11004
11042
12735
11003
11004
11280
12736
11044
11282
12738
11009
11010
11011
11019
11033
11009
11010
11009
11011
11020
11010
11011
11034
11023
11037
11024
11038
11016
11017
11018
11019
11040
11016
11017
11016
11018
11021
11017
11018
11041
11023
11044
11025
11045
11023
11024
11025
11047
11023
11024
11023
11025
11300
11024
11025
11048
11302
11051
11052
11304
11030
11031
11032
11033
11040
11030
11031
11030
11032
11035
11031
11032
11042
11037
11044
11039
11046
11037
11038
11039
11047
11037
11038
11037
11039
12770
11038
11039
11049
12771
11051
11053
12773
11044
11045
11046
11047
11044
11045
11321
11044
11046
12777
11045
11046
11050
11322
12778
11052
11324
11053
12780
11051
11052
11053
11051
11052
11328
11051
11053
12784
11052
11053
11329
12785
11331
12787
11058
11059
11060
11068
11082
11058
11059
11058
11060
11069
11059
11060
11083
11072
11086
11073
11087
11065
11066
11067
11068
11089
11065
11066
11065
11067
11070
11066
11067
11090
11072
11093
11074
11094
11072
11073
11074
11096
11072
11073
11111
11072
11074
11349
11073
11074
11097
11113
11351
11100
11115
11101
11353
11079
11080
11081
11082
11089
11079
11080
11079
11081
11084
11080
11081
11091
11086
11093
11088
11095
11086
11087
11088
11096
11086
11087
11125
11086
11088
12819
11087
11088
11098
11127
12820
11100
11129
11102
12822
11093
11094
11095
11096
11093
11094
11370
11093
11095
12826
11094
11095
11099
11371
12827
11101
11373
11102
12829
11100
11101
11102
11100
11101
11139
11377
11100
11102
11140
12833
11101
11102
11378
12834
11142
11380
12836
11107
11108
11109
11117
11131
11107
11108
11107
11109
11118
11108
11109
11132
11121
11135
11122
11136
11114
11115
11116
11117
11138
11114
11115
11114
11116
11119
11115
11116
11139
11121
11142
11123
11143
11121
11122
11123
11145
11121
11122
11160
11121
11123
11398
11122
11123
11146
11162
11400
11149
11164
11150
11402
11128
11129
11130
11131
11138
11128
11129
11128
11130
11133
11129
11130
11140
11135
11142
11137
11144
11135
11136
11137
11145
11135
11136
11174
11135
11137
12868
11136
11137
11147
11176
12869
11149
11178
11151
12871
11142
11143
11144
11145
11142
11143
11419
11142
11144
12875
11143
11144
11148
11420
12876
11150
11422
11151
12878
11149
11150
11151
11149
11150
11188
11426
11149
11151
11189
12882
11150
11151
11427
12883
11191
11429
12885
11156
11157
11158
11166
11180
11156
11157
11156
11158
11167
11157
11158
11181
11170
11184
11171
11185
11163
11164
11165
11166
11187
11163
11164
11163
11165
11168
11164
11165
11188
11170
11191
11172
11192
11170
11171
11172
11194
11170
11171
11209
11170
11172
11447
11171
11172
11195
11211
11449
11198
11213
11199
11451
11177
11178
11179
11180
11187
11177
11178
11177
11179
11182
11178
11179
11189
11184
11191
11186
11193
11184
11185
11186
11194
11184
11185
11223
11184
11186
12917
11185
11186
11196
11225
12918
11198
11227
11200
12920
11191
11192
11193
11194
11191
11192
11468
11191
11193
12924
11192
11193
11197
11469
12925
11199
11471
11200
12927
11198
11199
11200
11198
11199
11237
11475
11198
11200
11238
12931
11199
11200
11476
12932
11240
11478
12934
11205
11206
11207
11215
11229
11205
11206
11205
11207
11216
11206
11207
11230
11219
11233
11220
11234
11212
11213
11214
11215
11236
11212
11213
11212
11214
11217
11213
11214
11237
11219
11240
11221
11241
11219
11220
11221
11243
11219
11220
11258
11219
11221
11496
11220
11221
11244
11260
11498
11247
11262
11248
11500
11226
11227
11228
11229
11236
11226
11227
11226
11228
11231
11227
11228
11238
11233
11240
11235
11242
11233
11234
11235
11243
11233
11234
11272
11233
11235
12966
11234
11235
11245
11274
12967
11247
11276
11249
12969
11240
11241
11242
11243
11240
11241
11517
11240
11242
12973
11241
11242
11246
11518
12974
11248
11520
11249
12976
11247
11248
11249
11247
11248
11286
11524
11247
11249
11287
12980
11248
11249
11525
12981
11289
11527
12983
11254
11255
11256
11264
11278
11254
11255
11254
11256
11265
11255
11256
11279
11268
11282
11269
11283
11261
11262
11263
11264
11285
11261
11262
11261
11263
11266
11262
11263
11286
11268
11289
11270
11290
11268
11269
11270
11292
11268
11269
11307
11268
11270
11545
11269
11270
11293
11309
11547
11296
11311
11297
11549
11275
11276
11277
11278
11285
11275
11276
11275
11277
11280
11276
11277
11287
11282
11289
11284
11291
11282
11283
11284
11292
11282
11283
11321
11282
11284
13015
11283
11284
11294
11323
13016
11296
11325
11298
13018
11289
11290
11291
11292
11289
11290
11566
11289
11291
13022
11290
11291
11295
11567
13023
11297
11569
11298
13025
11296
11297
11298
11296
11297
11335
11573
11296
11298
11336
13029
11297
11298
11574
13030
11338
11576
13032
11303
11304
11305
11313
11327
11303
11304
11303
11305
11314
11304
11305
11328
11317
11331
11318
11332
11310
11311
11312
11313
11334
11310
11311
11310
11312
11315
11311
11312
11335
11317
11338
11319
11339
11317
11318
11319
11341
11317
11318
11317
11319
11594
11318
11319
11342
11596
11345
11346
11598
11324
11325
11326
11327
11334
11324
11325
11324
11326
11329
11325
11326
11336
11331
11338
11333
11340
11331
11332
11333
11341
11331
11332
11331
11333
13064
11332
11333
11343
13065
11345
11347
13067
11338
11339
11340
11341
11338
11339
11615
11338
11340
13071
11339
11340
11344
11616
13072
11346
11618
11347
13074
11345
11346
11347
11345
11346
11622
11345
11347
13078
11346
11347
11623
13079
11625
13081
11352
11353
11354
11362
11376
11352
11353
11352
11354
11363
11353
11354
11377
11366
11380
11367
11381
11359
11360
11361
11362
11383
11359
11360
11359
11361
11364
11360
11361
11384
11366
11387
11368
11388
11366
11367
11368
11390
11366
11367
11405
11366
11368
11367
11368
11391
11407
11394
11409
11395
11373
11374
11375
11376
11383
11373
11374
11373
11375
11378
11374
11375
11385
11380
11387
11382
11389
11380
11381
11382
11390
11380
11381
11419
11380
11382
13113
11381
11382
11392
11421
13114
11394
11423
11396
13116
11387
11388
11389
11390
11387
11388
11387
11389
13120
11388
11389
11393
13121
11395
11396
13123
11394
11395
11396
11394
11395
11433
11394
11396
11434
13127
11395
11396
13128
11436
13130
11401
11402
11403
11411
11425
11401
11402
11401
11403
11412
11402
11403
11426
11415
11429
11416
11430
11408
11409
11410
11411
11432
11408
11409
11408
11410
11413
11409
11410
11433
11415
11436
11417
11437
11415
11416
11417
11439
11415
11416
11454
11415
11417
11416
11417
11440
11456
11443
11458
11444
11422
11423
11424
11425
11432
11422
11423
11422
11424
11427
11423
11424
11434
11429
11436
11431
11438
11429
11430
11431
11439
11429
11430
11468
11429
11431
13162
11430
11431
11441
11470
13163
11443
11472
11445
13165
11436
11437
11438
11439
11436
11437
11436
11438
13169
11437
11438
11442
13170
11444
11445
13172
11443
11444
11445
11443
11444
11482
11443
11445
11483
13176
11444
11445
13177
11485
13179
11450
11451
11452
11460
11474
11450
11451
11450
11452
11461
11451
11452
11475
11464
11478
11465
11479
11457
11458
11459
11460
11481
11457
11458
11457
11459
11462
11458
11459
11482
11464
11485
11466
11486
11464
11465
11466
11488
11464
11465
11503
11464
11466
11465
11466
11489
11505
11492
11507
11493
11471
11472
11473
11474
11481
11471
11472
11471
11473
11476
11472
11473
11483
11478
11485
11480
11487
11478
11479
11480
11488
11478
11479
11517
11478
11480
13211
11479
11480
11490
11519
13212
11492
11521
11494
13214
11485
11486
11487
11488
11485
11486
11485
11487
13218
11486
11487
11491
13219
11493
11494
13221
11492
11493
11494
11492
11493
11531
11492
11494
11532
13225
11493
11494
13226
11534
13228
11499
11500
11501
11509
11523
11499
11500
11499
11501
11510
11500
11501
11524
11513
11527
11514
11528
11506
11507
11508
11509
11530
11506
11507
11506
11508
11511
11507
11508
11531
11513
11534
11515
11535
11513
11514
11515
11537
11513
11514
11552
11513
11515
11514
11515
11538
11554
11541
11556
11542
11520
11521
11522
11523
11530
11520
11521
11520
11522
11525
11521
11522
11532
11527
11534
11529
11536
11527
11528
11529
11537
11527
11528
11566
11527
11529
13260
11528
11529
11539
11568
13261
11541
11570
11543
13263
11534
11535
11536
11537
11534
11535
11534
11536
13267
11535
11536
11540
13268
11542
11543
13270
11541
11542
11543
11541
11542
11580
11541
11543
11581
13274
11542
11543
13275
11583
13277
11548
11549
11550
11558
11572
11548
11549
11548
11550
11559
11549
11550
11573
11562
11576
11563
11577
11555
11556
11557
11558
11579
11555
11556
11555
11557
11560
11556
11557
11580
11562
11583
11564
11584
11562
11563
11564
11586
11562
11563
11601
11562
11564
11563
11564
11587
11603
11590
11605
11591
11569
11570
11571
11572
11579
11569
11570
11569
11571
11574
11570
11571
11581
11576
11583
11578
11585
11576
11577
11578
11586
11576
11577
11615
11576
11578
13309
11577
11578
11588
11617
13310
11590
11619
11592
13312
11583
11584
11585
11586
11583
11584
11583
11585
13316
11584
11585
11589
13317
11591
11592
13319
11590
11591
11592
11590
11591
11629
11590
11592
11630
13323
11591
11592
13324
11632
13326
11597
11598
11599
11607
11621
11597
11598
11597
11599
11608
11598
11599
11622
11611
11625
11612
11626
11604
11605
11606
11607
11628
11604
11605
11604
11606
11609
11605
11606
11629
11611
11632
11613
11633
11611
11612
11613
11635
11611
11612
11611
11613
11612
11613
11636
11639
11640
11618
11619
11620
11621
11628
11618
11619
11618
11620
11623
11619
11620
11630
11625
11632
11627
11634
11625
11626
11627
11635
11625
11626
11625
11627
13358
11626
11627
11637
13359
11639
11641
13361
11632
11633
11634
11635
11632
11633
11632
11634
13365
11633
11634
11638
13366
11640
11641
13368
11639
11640
11641
11639
11640
11639
11641
13372
11640
11641
13373
13375
11646
11647
11648
11656
11670
11646
11647
11646
11648
11657
11647
11648
11671
11660
11674
11661
11675
11653
11654
11655
11656
11677
11653
11654
11653
11655
11658
11654
11655
11678
11660
11681
11662
11682
11660
11661
11662
11684
11660
11661
11699
11660
11662
11937
11661
11662
11685
11701
11939
11688
11703
11689
11941
11667
11668
11669
11670
11677
11667
11668
11667
11669
11672
11668
11669
11679
11674
11681
11676
11683
11674
11675
11676
11684
11674
11675
11713
11674
11676
13407
11675
11676
11686
11715
13408
11688
11717
11690
13410
11681
11682
11683
11684
11681
11682
11958
11681
11683
13414
11682
11683
11687
11959
13415
11689
11961
11690
13417
11688
11689
11690
11688
11689
11727
11965
11688
11690
11728
13421
11689
11690
11966
13422
11730
11968
13424
11695
11696
11697
11705
11719
11695
11696
11695
11697
11706
11696
11697
11720
11709
11723
11710
11724
11702
11703
11704
11705
11726
11702
11703
11702
11704
11707
11703
11704
11727
11709
11730
11711
11731
11709
11710
11711
11733
11709
11710
11748
11709
11711
11986
11710
11711
11734
11750
11988
11737
11752
11738
11990
11716
11717
11718
11719
11726
11716
11717
11716
11718
11721
11717
11718
11728
11723
11730
11725
11732
11723
11724
11725
11733
11723
11724
11762
11723
11725
13456
11724
11725
11735
11764
13457
11737
11766
11739
13459
11730
11731
11732
11733
11730
11731
12007
11730
11732
13463
11731
11732
11736
12008
13464
11738
12010
11739
13466
11737
11738
11739
11737
11738
11776
12014
11737
11739
11777
13470
11738
11739
12015
13471
11779
12017
13473
11744
11745
11746
11754
11768
11744
11745
11744
11746
11755
11745
11746
11769
11758
11772
11759
11773
11751
11752
11753
11754
11775
11751
11752
11751
11753
11756
11752
11753
11776
11758
11779
11760
11780
11758
11759
11760
11782
11758
11759
11797
11758
11760
12035
11759
11760
11783
11799
12037
11786
11801
11787
12039
11765
11766
11767
11768
11775
11765
11766
11765
11767
11770
11766
11767
11777
11772
11779
11774
11781
11772
11773
11774
11782
11772
11773
11811
11772
11774
13505
11773
11774
11784
11813
13506
11786
11815
11788
13508
11779
11780
11781
11782
11779
11780
12056
11779
11781
13512
11780
11781
11785
12057
13513
11787
12059
11788
13515
11786
11787
11788
11786
11787
11825
12063
11786
11788
11826
13519
11787
11788
12064
13520
11828
12066
13522
11793
11794
11795
11803
11817
11793
11794
11793
11795
11804
11794
11795
11818
11807
11821
11808
11822
11800
11801
11802
11803
11824
11800
11801
11800
11802
11805
11801
11802
11825
11807
11828
11809
11829
11807
11808
11809
11831
11807
11808
11846
11807
11809
12084
11808
11809
11832
11848
12086
11835
11850
11836
12088
11814
11815
11816
11817
11824
11814
11815
11814
11816
11819
11815
11816
11826
11821
11828
11823
11830
11821
11822
11823
11831
11821
11822
11860
11821
11823
13554
11822
11823
11833
11862
13555
11835
11864
11837
13557
11828
11829
11830
11831
11828
11829
12105
11828
11830
13561
11829
11830
11834
12106
13562
11836
12108
11837
13564
11835
11836
11837
11835
11836
11874
12112
11835
11837
11875
13568
11836
11837
12113
13569
11877
12115
13571
11842
11843
11844
11852
11866
11842
11843
11842
11844
11853
11843
11844
11867
11856
11870
11857
11871
11849
11850
11851
11852
11873
11849
11850
11849
11851
11854
11850
11851
11874
11856
11877
11858
11878
11856
11857
11858
11880
11856
11857
11895
11856
11858
12133
11857
11858
11881
11897
12135
11884
11899
11885
12137
11863
11864
11865
11866
11873
11863
11864
11863
11865
11868
11864
11865
11875
11870
11877
11872
11879
11870
11871
11872
11880
11870
11871
11909
11870
11872
13603
11871
11872
11882
11911
13604
11884
11913
11886
13606
11877
11878
11879
11880
11877
11878
12154
11877
11879
13610
11878
11879
11883
12155
13611
11885
12157
11886
13613
11884
11885
11886
11884
11885
11923
12161
11884
11886
11924
13617
11885
11886
12162
13618
11926
12164
13620
11891
11892
11893
11901
11915
11891
11892
11891
11893
11902
11892
11893
11916
11905
11919
11906
11920
11898
11899
11900
11901
11922
11898
11899
11898
11900
11903
11899
11900
11923
11905
11926
11907
11927
11905
11906
11907
11929
11905
11906
11905
11907
12182
11906
11907
11930
12184
11933
11934
12186
11912
11913
11914
11915
11922
11912
11913
11912
11914
11917
11913
11914
11924
11919
11926
11921
11928
11919
11920
11921
11929
11919
11920
11919
11921
13652
11920
11921
11931
13653
11933
11935
13655
11926
11927
11928
11929
11926
11927
12203
11926
11928
13659
11927
11928
11932
12204
13660
11934
12206
11935
13662
11933
11934
11935
11933
11934
12210
11933
11935
13666
11934
11935
12211
13667
12213
13669
11940
11941
11942
11950
11964
11940
11941
11940
11942
11951
11941
11942
11965
11954
11968
11955
11969
11947
11948
11949
11950
11971
11947
11948
11947
11949
11952
11948
11949
11972
11954
11975
11956
11976
11954
11955
11956
11978
11954
11955
11993
11954
11956
12231
11955
11956
11979
11995
12233
11982
11997
11983
12235
11961
11962
11963
11964
11971
11961
11962
11961
11963
11966
11962
11963
11973
11968
11975
11970
11977
11968
11969
11970
11978
11968
11969
12007
11968
11970
13701
11969
11970
11980
12009
13702
11982
12011
11984
13704
11975
11976
11977
11978
11975
11976
12252
11975
11977
13708
11976
11977
11981
12253
13709
11983
12255
11984
13711
11982
11983
11984
11982
11983
12021
12259
11982
11984
12022
13715
11983
11984
12260
13716
12024
12262
13718
11989
11990
11991
11999
12013
11989
11990
11989
11991
12000
11990
11991
12014
12003
12017
12004
12018
11996
11997
11998
11999
12020
11996
11997
11996
11998
12001
11997
11998
12021
12003
12024
12005
12025
12003
12004
12005
12027
12003
12004
12042
12003
12005
12280
12004
12005
12028
12044
12282
12031
12046
12032
12284
12010
12011
12012
12013
12020
12010
12011
12010
12012
12015
12011
12012
12022
12017
12024
12019
12026
12017
12018
12019
12027
12017
12018
12056
12017
12019
13750
12018
12019
12029
12058
13751
12031
12060
12033
13753
12024
12025
12026
12027
12024
12025
12301
12024
12026
13757
12025
12026
12030
12302
13758
12032
12304
12033
13760
12031
12032
12033
12031
12032
12070
12308
12031
12033
12071
13764
12032
12033
12309
13765
12073
12311
13767
12038
12039
12040
12048
12062
12038
12039
12038
12040
12049
12039
12040
12063
12052
12066
12053
12067
12045
12046
12047
12048
12069
12045
12046
12045
12047
12050
12046
12047
12070
12052
12073
12054
12074
12052
12053
12054
12076
12052
12053
12091
12052
12054
12329
12053
12054
12077
12093
12331
12080
12095
12081
12333
12059
12060
12061
12062
12069
12059
12060
12059
12061
12064
12060
12061
12071
12066
12073
12068
12075
12066
12067
12068
12076
12066
12067
12105
12066
12068
13799
12067
12068
12078
12107
13800
12080
12109
12082
13802
12073
12074
12075
12076
12073
12074
12350
12073
12075
13806
12074
12075
12079
12351
13807
12081
12353
12082
13809
12080
12081
12082
12080
12081
12119
12357
12080
12082
12120
13813
12081
12082
12358
13814
12122
12360
13816
12087
12088
12089
12097
12111
12087
12088
12087
12089
12098
12088
12089
12112
12101
12115
12102
12116
12094
12095
12096
12097
12118
12094
12095
12094
12096
12099
12095
12096
12119
12101
12122
12103
12123
12101
12102
12103
12125
12101
12102
12140
12101
12103
12378
12102
12103
12126
12142
12380
12129
12144
12130
12382
12108
12109
12110
12111
12118
12108
12109
12108
12110
12113
12109
12110
12120
12115
12122
12117
12124
12115
12116
12117
12125
12115
12116
12154
12115
12117
13848
12116
12117
12127
12156
13849
12129
12158
12131
13851
12122
12123
12124
12125
12122
12123
12399
12122
12124
13855
12123
12124
12128
12400
13856
12130
12402
12131
13858
12129
12130
12131
12129
12130
12168
12406
12129
12131
12169
13862
12130
12131
12407
13863
12171
12409
13865
12136
12137
12138
12146
12160
12136
12137
12136
12138
12147
12137
12138
12161
12150
12164
12151
12165
12143
12144
12145
12146
12167
12143
12144
12143
12145
12148
12144
12145
12168
12150
12171
12152
12172
12150
12151
12152
12174
12150
12151
12189
12150
12152
12427
12151
12152
12175
12191
12429
12178
12193
12179
12431
12157
12158
12159
12160
12167
12157
12158
12157
12159
12162
12158
12159
12169
12164
12171
12166
12173
12164
12165
12166
12174
12164
12165
12203
12164
12166
13897
12165
12166
12176
12205
13898
12178
12207
12180
13900
12171
12172
12173
12174
12171
12172
12448
12171
12173
13904
12172
12173
12177
12449
13905
12179
12451
12180
13907
12178
12179
12180
12178
12179
12217
12455
12178
12180
12218
13911
12179
12180
12456
13912
12220
12458
13914
12185
12186
12187
12195
12209
12185
12186
12185
12187
12196
12186
12187
12210
12199
12213
12200
12214
12192
12193
12194
12195
12216
12192
12193
12192
12194
12197
12193
12194
12217
12199
12220
12201
12221
12199
12200
12201
12223
12199
12200
12199
12201
12476
12200
12201
12224
12478
12227
12228
12480
12206
12207
12208
12209
12216
12206
12207
12206
12208
12211
12207
12208
12218
12213
12220
12215
12222
12213
12214
12215
12223
12213
12214
12213
12215
13946
12214
12215
12225
13947
12227
12229
13949
12220
12221
12222
12223
12220
12221
12497
12220
12222
13953
12221
12222
12226
12498
13954
12228
12500
12229
13956
12227
12228
12229
12227
12228
12504
12227
12229
13960
12228
12229
12505
13961
12507
13963
12234
12235
12236
12244
12258
12234
12235
12234
12236
12245
12235
12236
12259
12248
12262
12249
12263
12241
12242
12243
12244
12265
12241
12242
12241
12243
12246
12242
12243
12266
12248
12269
12250
12270
12248
12249
12250
12272
12248
12249
12287
12248
12250
12525
12249
12250
12273
12289
12527
12276
12291
12277
12529
12255
12256
12257
12258
12265
12255
12256
12255
12257
12260
12256
12257
12267
12262
12269
12264
12271
12262
12263
12264
12272
12262
12263
12301
12262
12264
13995
12263
12264
12274
12303
13996
12276
12305
12278
13998
12269
12270
12271
12272
12269
12270
12546
12269
12271
14002
12270
12271
12275
12547
14003
12277
12549
12278
14005
12276
12277
12278
12276
12277
12315
12553
12276
12278
12316
14009
12277
12278
12554
14010
12318
12556
14012
12283
12284
12285
12293
12307
12283
12284
12283
12285
12294
12284
12285
12308
12297
12311
12298
12312
12290
12291
12292
12293
12314
12290
12291
12290
12292
12295
12291
12292
12315
12297
12318
12299
12319
12297
12298
12299
12321
12297
12298
12336
12297
12299
12574
12298
12299
12322
12338
12576
12325
12340
12326
12578
12304
12305
12306
12307
12314
12304
12305
12304
12306
12309
12305
12306
12316
12311
12318
12313
12320
12311
12312
12313
12321
12311
12312
12350
12311
12313
14044
12312
12313
12323
12352
14045
12325
12354
12327
14047
12318
12319
12320
12321
12318
12319
12595
12318
12320
14051
12319
12320
12324
12596
14052
12326
12598
12327
14054
12325
12326
12327
12325
12326
12364
12602
12325
12327
12365
14058
12326
12327
12603
14059
12367
12605
14061
12332
12333
12334
12342
12356
12332
12333
12332
12334
12343
12333
12334
12357
12346
12360
12347
12361
12339
12340
12341
12342
12363
12339
12340
12339
12341
12344
12340
12341
12364
12346
12367
12348
12368
12346
12347
12348
12370
12346
12347
12385
12346
12348
12623
12347
12348
12371
12387
12625
12374
12389
12375
12627
12353
12354
12355
12356
12363
12353
12354
12353
12355
12358
12354
12355
12365
12360
12367
12362
12369
12360
12361
12362
12370
12360
12361
12399
12360
12362
14093
12361
12362
12372
12401
14094
12374
12403
12376
14096
12367
12368
12369
12370
12367
12368
12644
12367
12369
14100
12368
12369
12373
12645
14101
12375
12647
12376
14103
12374
12375
12376
12374
12375
12413
12651
12374
12376
12414
14107
12375
12376
12652
14108
12416
12654
14110
12381
12382
12383
12391
12405
12381
12382
12381
12383
12392
12382
12383
12406
12395
12409
12396
12410
12388
12389
12390
12391
12412
12388
12389
12388
12390
12393
12389
12390
12413
12395
12416
12397
12417
12395
12396
12397
12419
12395
12396
12434
12395
12397
12672
12396
12397
12420
12436
12674
12423
12438
12424
12676
12402
12403
12404
12405
12412
12402
12403
12402
12404
12407
12403
12404
12414
12409
12416
12411
12418
12409
12410
12411
12419
12409
12410
12448
12409
12411
14142
12410
12411
12421
12450
14143
12423
12452
12425
14145
12416
12417
12418
12419
12416
12417
12693
12416
12418
14149
12417
12418
12422
12694
14150
12424
12696
12425
14152
12423
12424
12425
12423
12424
12462
12700
12423
12425
12463
14156
12424
12425
12701
14157
12465
12703
14159
12430
12431
12432
12440
12454
12430
12431
12430
12432
12441
12431
12432
12455
12444
12458
12445
12459
12437
12438
12439
12440
12461
12437
12438
12437
12439
12442
12438
12439
12462
12444
12465
12446
12466
12444
12445
12446
12468
12444
12445
12483
12444
12446
12721
12445
12446
12469
12485
12723
12472
12487
12473
12725
12451
12452
12453
12454
12461
12451
12452
12451
12453
12456
12452
12453
12463
12458
12465
12460
12467
12458
12459
12460
12468
12458
12459
12497
12458
12460
14191
12459
12460
12470
12499
14192
12472
12501
12474
14194
12465
12466
12467
12468
12465
12466
12742
12465
12467
14198
12466
12467
12471
12743
14199
12473
12745
12474
14201
12472
12473
12474
12472
12473
12511
12749
12472
12474
12512
14205
12473
12474
12750
14206
12514
12752
14208
12479
12480
12481
12489
12503
12479
12480
12479
12481
12490
12480
12481
12504
12493
12507
12494
12508
12486
12487
12488
12489
12510
12486
12487
12486
12488
12491
12487
12488
12511
12493
12514
12495
12515
12493
12494
12495
12517
12493
12494
12493
12495
12770
12494
12495
12518
12772
12521
12522
12774
12500
12501
12502
12503
12510
12500
12501
12500
12502
12505
12501
12502
12512
12507
12514
12509
12516
12507
12508
12509
12517
12507
12508
12507
12509
14240
12508
12509
12519
14241
12521
12523
14243
12514
12515
12516
12517
12514
12515
12791
12514
12516
14247
12515
12516
12520
12792
14248
12522
12794
12523
14250
12521
12522
12523
12521
12522
12798
12521
12523
14254
12522
12523
12799
14255
12801
14257
12528
12529
12530
12538
12552
12528
12529
12528
12530
12539
12529
12530
12553
12542
12556
12543
12557
12535
12536
12537
12538
12559
12535
12536
12535
12537
12540
12536
12537
12560
12542
12563
12544
12564
12542
12543
12544
12566
12542
12543
12581
12542
12544
12819
12543
12544
12567
12583
12821
12570
12585
12571
12823
12549
12550
12551
12552
12559
12549
12550
12549
12551
12554
12550
12551
12561
12556
12563
12558
12565
12556
12557
12558
12566
12556
12557
12595
12556
12558
14289
12557
12558
12568
12597
14290
12570
12599
12572
14292
12563
12564
12565
12566
12563
12564
12840
12563
12565
14296
12564
12565
12569
12841
14297
12571
12843
12572
14299
12570
12571
12572
12570
12571
12609
12847
12570
12572
12610
14303
12571
12572
12848
14304
12612
12850
14306
12577
12578
12579
12587
12601
12577
12578
12577
12579
12588
12578
12579
12602
12591
12605
12592
12606
12584
12585
12586
12587
12608
12584
12585
12584
12586
12589
12585
12586
12609
12591
12612
12593
12613
12591
12592
12593
12615
12591
12592
12630
12591
12593
12868
12592
12593
12616
12632
12870
12619
12634
12620
12872
12598
12599
12600
12601
12608
12598
12599
12598
12600
12603
12599
12600
12610
12605
12612
12607
12614
12605
12606
12607
12615
12605
12606
12644
12605
12607
14338
12606
12607
12617
12646
14339
12619
12648
12621
14341
12612
12613
12614
12615
12612
12613
12889
12612
12614
14345
12613
12614
12618
12890
14346
12620
12892
12621
14348
12619
12620
12621
12619
12620
12658
12896
12619
12621
12659
14352
12620
12621
12897
14353
12661
12899
14355
12626
12627
12628
12636
12650
12626
12627
12626
12628
12637
12627
12628
12651
12640
12654
12641
12655
12633
12634
12635
12636
12657
12633
12634
12633
12635
12638
12634
12635
12658
12640
12661
12642
12662
12640
12641
12642
12664
12640
12641
12679
12640
12642
12917
12641
12642
12665
12681
12919
12668
12683
12669
12921
12647
12648
12649
12650
12657
12647
12648
12647
12649
12652
12648
12649
12659
12654
12661
12656
12663
12654
12655
12656
12664
12654
12655
12693
12654
12656
14387
12655
12656
12666
12695
14388
12668
12697
12670
14390
12661
12662
12663
12664
12661
12662
12938
12661
12663
14394
12662
12663
12667
12939
14395
12669
12941
12670
14397
12668
12669
12670
12668
12669
12707
12945
12668
12670
12708
14401
12669
12670
12946
14402
12710
12948
14404
12675
12676
12677
12685
12699
12675
12676
12675
12677
12686
12676
12677
12700
12689
12703
12690
12704
12682
12683
12684
12685
12706
12682
12683
12682
12684
12687
12683
12684
12707
12689
12710
12691
12711
12689
12690
12691
12713
12689
12690
12728
12689
12691
12966
12690
12691
12714
12730
12968
12717
12732
12718
12970
12696
12697
12698
12699
12706
12696
12697
12696
12698
12701
12697
12698
12708
12703
12710
12705
12712
12703
12704
12705
12713
12703
12704
12742
12703
12705
14436
12704
12705
12715
12744
14437
12717
12746
12719
14439
12710
12711
12712
12713
12710
12711
12987
12710
12712
14443
12711
12712
12716
12988
14444
12718
12990
12719
14446
12717
12718
12719
12717
12718
12756
12994
12717
12719
12757
14450
12718
12719
12995
14451
12759
12997
14453
12724
12725
12726
12734
12748
12724
12725
12724
12726
12735
12725
12726
12749
12738
12752
12739
12753
12731
12732
12733
12734
12755
12731
12732
12731
12733
12736
12732
12733
12756
12738
12759
12740
12760
12738
12739
12740
12762
12738
12739
12777
12738
12740
13015
12739
12740
12763
12779
13017
12766
12781
12767
13019
12745
12746
12747
12748
12755
12745
12746
12745
12747
12750
12746
12747
12757
12752
12759
12754
12761
12752
12753
12754
12762
12752
12753
12791
12752
12754
14485
12753
12754
12764
12793
14486
12766
12795
12768
14488
12759
12760
12761
12762
12759
12760
13036
12759
12761
14492
12760
12761
12765
13037
14493
12767
13039
12768
14495
12766
12767
12768
12766
12767
12805
13043
12766
12768
12806
14499
12767
12768
13044
14500
12808
13046
14502
12773
12774
12775
12783
12797
12773
12774
12773
12775
12784
12774
12775
12798
12787
12801
12788
12802
12780
12781
12782
12783
12804
12780
12781
12780
12782
12785
12781
12782
12805
12787
12808
12789
12809
12787
12788
12789
12811
12787
12788
12787
12789
13064
12788
12789
12812
13066
12815
12816
13068
12794
12795
12796
12797
12804
12794
12795
12794
12796
12799
12795
12796
12806
12801
12808
12803
12810
12801
12802
12803
12811
12801
12802
12801
12803
14534
12802
12803
12813
14535
12815
12817
14537
12808
12809
12810
12811
12808
12809
13085
12808
12810
14541
12809
12810
12814
13086
14542
12816
13088
12817
14544
12815
12816
12817
12815
12816
13092
12815
12817
14548
12816
12817
13093
14549
13095
14551
12822
12823
12824
12832
12846
12822
12823
12822
12824
12833
12823
12824
12847
12836
12850
12837
12851
12829
12830
12831
12832
12853
12829
12830
12829
12831
12834
12830
12831
12854
12836
12857
12838
12858
12836
12837
12838
12860
12836
12837
12875
12836
12838
13113
12837
12838
12861
12877
13115
12864
12879
12865
13117
12843
12844
12845
12846
12853
12843
12844
12843
12845
12848
12844
12845
12855
12850
12857
12852
12859
12850
12851
12852
12860
12850
12851
12889
12850
12852
14583
12851
12852
12862
12891
14584
12864
12893
12866
14586
12857
12858
12859
12860
12857
12858
13134
12857
12859
14590
12858
12859
12863
13135
14591
12865
13137
12866
14593
12864
12865
12866
12864
12865
12903
13141
12864
12866
12904
14597
12865
12866
13142
14598
12906
13144
14600
12871
12872
12873
12881
12895
12871
12872
12871
12873
12882
12872
12873
12896
12885
12899
12886
12900
12878
12879
12880
12881
12902
12878
12879
12878
12880
12883
12879
12880
12903
12885
12906
12887
12907
12885
12886
12887
12909
12885
12886
12924
12885
12887
13162
12886
12887
12910
12926
13164
12913
12928
12914
13166
12892
12893
12894
12895
12902
12892
12893
12892
12894
12897
12893
12894
12904
12899
12906
12901
12908
12899
12900
12901
12909
12899
12900
12938
12899
12901
14632
12900
12901
12911
12940
14633
12913
12942
12915
14635
12906
12907
12908
12909
12906
12907
13183
12906
12908
14639
12907
12908
12912
13184
14640
12914
13186
12915
14642
12913
12914
12915
12913
12914
12952
13190
12913
12915
12953
14646
12914
12915
13191
14647
12955
13193
14649
12920
12921
12922
12930
12944
12920
12921
12920
12922
12931
12921
12922
12945
12934
12948
12935
12949
12927
12928
12929
12930
12951
12927
12928
12927
12929
12932
12928
12929
12952
12934
12955
12936
12956
12934
12935
12936
12958
12934
12935
12973
12934
12936
13211
12935
12936
12959
12975
13213
12962
12977
12963
13215
12941
12942
12943
12944
12951
12941
12942
12941
12943
12946
12942
12943
12953
12948
12955
12950
12957
12948
12949
12950
12958
12948
12949
12987
12948
12950
14681
12949
12950
12960
12989
14682
12962
12991
12964
14684
12955
12956
12957
12958
12955
12956
13232
12955
12957
14688
12956
12957
12961
13233
14689
12963
13235
12964
14691
12962
12963
12964
12962
12963
13001
13239
12962
12964
13002
14695
12963
12964
13240
14696
13004
13242
14698
12969
12970
12971
12979
12993
12969
12970
12969
12971
12980
12970
12971
12994
12983
12997
12984
12998
12976
12977
12978
12979
13000
12976
12977
12976
12978
12981
12977
12978
13001
12983
13004
12985
13005
12983
12984
12985
13007
12983
12984
13022
12983
12985
13260
12984
12985
13008
13024
13262
13011
13026
13012
13264
12990
12991
12992
12993
13000
12990
12991
12990
12992
12995
12991
12992
13002
12997
13004
12999
13006
12997
12998
12999
13007
12997
12998
13036
12997
12999
14730
12998
12999
13009
13038
14731
13011
13040
13013
14733
13004
13005
13006
13007
13004
13005
13281
13004
13006
14737
13005
13006
13010
13282
14738
13012
13284
13013
14740
13011
13012
13013
13011
13012
13050
13288
13011
13013
13051
14744
13012
13013
13289
14745
13053
13291
14747
13018
13019
13020
13028
13042
13018
13019
13018
13020
13029
13019
13020
13043
13032
13046
13033
13047
13025
13026
13027
13028
13049
13025
13026
13025
13027
13030
13026
13027
13050
13032
13053
13034
13054
13032
13033
13034
13056
13032
13033
13071
13032
13034
13309
13033
13034
13057
13073
13311
13060
13075
13061
13313
13039
13040
13041
13042
13049
13039
13040
13039
13041
13044
13040
13041
13051
13046
13053
13048
13055
13046
13047
13048
13056
13046
13047
13085
13046
13048
14779
13047
13048
13058
13087
14780
13060
13089
13062
14782
13053
13054
13055
13056
13053
13054
13330
13053
13055
14786
13054
13055
13059
13331
14787
13061
13333
13062
14789
13060
13061
13062
13060
13061
13099
13337
13060
13062
13100
14793
13061
13062
13338
14794
13102
13340
14796
13067
13068
13069
13077
13091
13067
13068
13067
13069
13078
13068
13069
13092
13081
13095
13082
13096
13074
13075
13076
13077
13098
13074
13075
13074
13076
13079
13075
13076
13099
13081
13102
13083
13103
13081
13082
13083
13105
13081
13082
13081
13083
13358
13082
13083
13106
13360
13109
13110
13362
13088
13089
13090
13091
13098
13088
13089
13088
13090
13093
13089
13090
13100
13095
13102
13097
13104
13095
13096
13097
13105
13095
13096
13095
13097
14828
13096
13097
13107
14829
13109
13111
14831
13102
13103
13104
13105
13102
13103
13379
13102
13104
14835
13103
13104
13108
13380
14836
13110
13382
13111
14838
13109
13110
13111
13109
13110
13386
13109
13111
14842
13110
13111
13387
14843
13389
14845
13116
13117
13118
13126
13140
13116
13117
13116
13118
13127
13117
13118
13141
13130
13144
13131
13145
13123
13124
13125
13126
13147
13123
13124
13123
13125
13128
13124
13125
13148
13130
13151
13132
13152
13130
13131
13132
13154
13130
13131
13169
13130
13132
13131
13132
13155
13171
13158
13173
13159
13137
13138
13139
13140
13147
13137
13138
13137
13139
13142
13138
13139
13149
13144
13151
13146
13153
13144
13145
13146
13154
13144
13145
13183
13144
13146
14877
13145
13146
13156
13185
14878
13158
13187
13160
14880
13151
13152
13153
13154
13151
13152
13151
13153
14884
13152
13153
13157
14885
13159
13160
14887
13158
13159
13160
13158
13159
13197
13158
13160
13198
14891
13159
13160
14892
13200
14894
13165
13166
13167
13175
13189
13165
13166
13165
13167
13176
13166
13167
13190
13179
13193
13180
13194
13172
13173
13174
13175
13196
13172
13173
13172
13174
13177
13173
13174
13197
13179
13200
13181
13201
13179
13180
13181
13203
13179
13180
13218
13179
13181
13180
13181
13204
13220
13207
13222
13208
13186
13187
13188
13189
13196
13186
13187
13186
13188
13191
13187
13188
13198
13193
13200
13195
13202
13193
13194
13195
13203
13193
13194
13232
13193
13195
14926
13194
13195
13205
13234
14927
13207
13236
13209
14929
13200
13201
13202
13203
13200
13201
13200
13202
14933
13201
13202
13206
14934
13208
13209
14936
13207
13208
13209
13207
13208
13246
13207
13209
13247
14940
13208
13209
14941
13249
14943
13214
13215
13216
13224
13238
13214
13215
13214
13216
13225
13215
13216
13239
13228
13242
13229
13243
13221
13222
13223
13224
13245
13221
13222
13221
13223
13226
13222
13223
13246
13228
13249
13230
13250
13228
13229
13230
13252
13228
13229
13267
13228
13230
13229
13230
13253
13269
13256
13271
13257
13235
13236
13237
13238
13245
13235
13236
13235
13237
13240
13236
13237
13247
13242
13249
13244
13251
13242
13243
13244
13252
13242
13243
13281
13242
13244
14975
13243
13244
13254
13283
14976
13256
13285
13258
14978
13249
13250
13251
13252
13249
13250
13249
13251
14982
13250
13251
13255
14983
13257
13258
14985
13256
13257
13258
13256
13257
13295
13256
13258
13296
14989
13257
13258
14990
13298
14992
13263
13264
13265
13273
13287
13263
13264
13263
13265
13274
13264
13265
13288
13277
13291
13278
13292
13270
13271
13272
13273
13294
13270
13271
13270
13272
13275
13271
13272
13295
13277
13298
13279
13299
13277
13278
13279
13301
13277
13278
13316
13277
13279
13278
13279
13302
13318
13305
13320
13306
13284
13285
13286
13287
13294
13284
13285
13284
13286
13289
13285
13286
13296
13291
13298
13293
13300
13291
13292
13293
13301
13291
13292
13330
13291
13293
15024
13292
13293
13303
13332
15025
13305
13334
13307
15027
13298
13299
13300
13301
13298
13299
13298
13300
15031
13299
13300
13304
15032
13306
13307
15034
13305
13306
13307
13305
13306
13344
13305
13307
13345
15038
13306
13307
15039
13347
15041
13312
13313
13314
13322
13336
13312
13313
13312
13314
13323
13313
13314
13337
13326
13340
13327
13341
13319
13320
13321
13322
13343
13319
13320
13319
13321
13324
13320
13321
13344
13326
13347
13328
13348
13326
13327
13328
13350
13326
13327
13365
13326
13328
13327
13328
13351
13367
13354
13369
13355
13333
13334
13335
13336
13343
13333
13334
13333
13335
13338
13334
13335
13345
13340
13347
13342
13349
13340
13341
13342
13350
13340
13341
13379
13340
13342
15073
13341
13342
13352
13381
15074
13354
13383
13356
15076
13347
13348
13349
13350
13347
13348
13347
13349
15080
13348
13349
13353
15081
13355
13356
15083
13354
13355
13356
13354
13355
13393
13354
13356
13394
15087
13355
13356
15088
13396
15090
13361
13362
13363
13371
13385
13361
13362
13361
13363
13372
13362
13363
13386
13375
13389
13376
13390
13368
13369
13370
13371
13392
13368
13369
13368
13370
13373
13369
13370
13393
13375
13396
13377
13397
13375
13376
13377
13399
13375
13376
13375
13377
13376
13377
13400
13403
13404
13382
13383
13384
13385
13392
13382
13383
13382
13384
13387
13383
13384
13394
13389
13396
13391
13398
13389
13390
13391
13399
13389
13390
13389
13391
15122
13390
13391
13401
15123
13403
13405
15125
13396
13397
13398
13399
13396
13397
13396
13398
15129
13397
13398
13402
15130
13404
13405
15132
13403
13404
13405
13403
13404
13403
13405
15136
13404
13405
15137
15139
13410
13411
13412
13420
13434
13410
13411
13410
13412
13421
13411
13412
13435
13424
13438
13425
13439
13417
13418
13419
13420
13441
13417
13418
13417
13419
13422
13418
13419
13442
13424
13445
13426
13446
13424
13425
13426
13448
13424
13425
13463
13424
13426
13701
13425
13426
13449
13465
13703
13452
13467
13453
13705
13431
13432
13433
13434
13441
13431
13432
13431
13433
13436
13432
13433
13443
13438
13445
13440
13447
13438
13439
13440
13448
13438
13439
13477
13438
13440
15171
13439
13440
13450
13479
15172
13452
13481
13454
15174
13445
13446
13447
13448
13445
13446
13722
13445
13447
15178
13446
13447
13451
13723
15179
13453
13725
13454
15181
13452
13453
13454
13452
13453
13491
13729
13452
13454
13492
15185
13453
13454
13730
15186
13494
13732
15188
13459
13460
13461
13469
13483
13459
13460
13459
13461
13470
13460
13461
13484
13473
13487
13474
13488
13466
13467
13468
13469
13490
13466
13467
13466
13468
13471
13467
13468
13491
13473
13494
13475
13495
13473
13474
13475
13497
13473
13474
13512
13473
13475
13750
13474
13475
13498
13514
13752
13501
13516
13502
13754
13480
13481
13482
13483
13490
13480
13481
13480
13482
13485
13481
13482
13492
13487
13494
13489
13496
13487
13488
13489
13497
13487
13488
13526
13487
13489
15220
13488
13489
13499
13528
15221
13501
13530
13503
15223
13494
13495
13496
13497
13494
13495
13771
13494
13496
15227
13495
13496
13500
13772
15228
13502
13774
13503
15230
13501
13502
13503
13501
13502
13540
13778
13501
13503
13541
15234
13502
13503
13779
15235
13543
13781
15237
13508
13509
13510
13518
13532
13508
13509
13508
13510
13519
13509
13510
13533
13522
13536
13523
13537
13515
13516
13517
13518
13539
13515
13516
13515
13517
13520
13516
13517
13540
13522
13543
13524
13544
13522
13523
13524
13546
13522
13523
13561
13522
13524
13799
13523
13524
13547
13563
13801
13550
13565
13551
13803
13529
13530
13531
13532
13539
13529
13530
13529
13531
13534
13530
13531
13541
13536
13543
13538
13545
13536
13537
13538
13546
13536
13537
13575
13536
13538
15269
13537
13538
13548
13577
15270
13550
13579
13552
15272
13543
13544
13545
13546
13543
13544
13820
13543
13545
15276
13544
13545
13549
13821
15277
13551
13823
13552
15279
13550
13551
13552
13550
13551
13589
13827
13550
13552
13590
15283
13551
13552
13828
15284
13592
13830
15286
13557
13558
13559
13567
13581
13557
13558
13557
13559
13568
13558
13559
13582
13571
13585
13572
13586
13564
13565
13566
13567
13588
13564
13565
13564
13566
13569
13565
13566
13589
13571
13592
13573
13593
13571
13572
13573
13595
13571
13572
13610
13571
13573
13848
13572
13573
13596
13612
13850
13599
13614
13600
13852
13578
13579
13580
13581
13588
13578
13579
13578
13580
13583
13579
13580
13590
13585
13592
13587
13594
13585
13586
13587
13595
13585
13586
13624
13585
13587
15318
13586
13587
13597
13626
15319
13599
13628
13601
15321
13592
13593
13594
13595
13592
13593
13869
13592
13594
15325
13593
13594
13598
13870
15326
13600
13872
13601
15328
13599
13600
13601
13599
13600
13638
13876
13599
13601
13639
15332
13600
13601
13877
15333
13641
13879
15335
13606
13607
13608
13616
13630
13606
13607
13606
13608
13617
13607
13608
13631
13620
13634
13621
13635
13613
13614
13615
13616
13637
13613
13614
13613
13615
13618
13614
13615
13638
13620
13641
13622
13642
13620
13621
13622
13644
13620
13621
13659
13620
13622
13897
13621
13622
13645
13661
13899
13648
13663
13649
13901
13627
13628
13629
13630
13637
13627
13628
13627
13629
13632
13628
13629
13639
13634
13641
13636
13643
13634
13635
13636
13644
13634
13635
13673
13634
13636
15367
13635
13636
13646
13675
15368
13648
13677
13650
15370
13641
13642
13643
13644
13641
13642
13918
13641
13643
15374
13642
13643
13647
13919
15375
13649
13921
13650
15377
13648
13649
13650
13648
13649
13687
13925
13648
13650
13688
15381
13649
13650
13926
15382
13690
13928
15384
13655
13656
13657
13665
13679
13655
13656
13655
13657
13666
13656
13657
13680
13669
13683
13670
13684
13662
13663
13664
13665
13686
13662
13663
13662
13664
13667
13663
13664
13687
13669
13690
13671
13691
13669
13670
13671
13693
13669
13670
13669
13671
13946
13670
13671
13694
13948
13697
13698
13950
13676
13677
13678
13679
13686
13676
13677
13676
13678
13681
13677
13678
13688
13683
13690
13685
13692
13683
13684
13685
13693
13683
13684
13683
13685
15416
13684
13685
13695
15417
13697
13699
15419
13690
13691
13692
13693
13690
13691
13967
13690
13692
15423
13691
13692
13696
13968
15424
13698
13970
13699
15426
13697
13698
13699
13697
13698
13974
13697
13699
15430
13698
13699
13975
15431
13977
15433
13704
13705
13706
13714
13728
13704
13705
13704
13706
13715
13705
13706
13729
13718
13732
13719
13733
13711
13712
13713
13714
13735
13711
13712
13711
13713
13716
13712
13713
13736
13718
13739
13720
13740
13718
13719
13720
13742
13718
13719
13757
13718
13720
13995
13719
13720
13743
13759
13997
13746
13761
13747
13999
13725
13726
13727
13728
13735
13725
13726
13725
13727
13730
13726
13727
13737
13732
13739
13734
13741
13732
13733
13734
13742
13732
13733
13771
13732
13734
15465
13733
13734
13744
13773
15466
13746
13775
13748
15468
13739
13740
13741
13742
13739
13740
14016
13739
13741
15472
13740
13741
13745
14017
15473
13747
14019
13748
15475
13746
13747
13748
13746
13747
13785
14023
13746
13748
13786
15479
13747
13748
14024
15480
13788
14026
15482
13753
13754
13755
13763
13777
13753
13754
13753
13755
13764
13754
13755
13778
13767
13781
13768
13782
13760
13761
13762
13763
13784
13760
13761
13760
13762
13765
13761
13762
13785
13767
13788
13769
13789
13767
13768
13769
13791
13767
13768
13806
13767
13769
14044
13768
13769
13792
13808
14046
13795
13810
13796
14048
13774
13775
13776
13777
13784
13774
13775
13774
13776
13779
13775
13776
13786
13781
13788
13783
13790
13781
13782
13783
13791
13781
13782
13820
13781
13783
15514
13782
13783
13793
13822
15515
13795
13824
13797
15517
13788
13789
13790
13791
13788
13789
14065
13788
13790
15521
13789
13790
13794
14066
15522
13796
14068
13797
15524
13795
13796
13797
13795
13796
13834
14072
13795
13797
13835
15528
13796
13797
14073
15529
13837
14075
15531
13802
13803
13804
13812
13826
13802
13803
13802
13804
13813
13803
13804
13827
13816
13830
13817
13831
13809
13810
13811
13812
13833
13809
13810
13809
13811
13814
13810
13811
13834
13816
13837
13818
13838
13816
13817
13818
13840
13816
13817
13855
13816
13818
14093
13817
13818
13841
13857
14095
13844
13859
13845
14097
13823
13824
13825
13826
13833
13823
13824
13823
13825
13828
13824
13825
13835
13830
13837
13832
13839
13830
13831
13832
13840
13830
13831
13869
13830
13832
15563
13831
13832
13842
13871
15564
13844
13873
13846
15566
13837
13838
13839
13840
13837
13838
14114
13837
13839
15570
13838
13839
13843
14115
15571
13845
14117
13846
15573
13844
13845
13846
13844
13845
13883
14121
13844
13846
13884
15577
13845
13846
14122
15578
13886
14124
15580
13851
13852
13853
13861
13875
13851
13852
13851
13853
13862
13852
13853
13876
13865
13879
13866
13880
13858
13859
13860
13861
13882
13858
13859
13858
13860
13863
13859
13860
13883
13865
13886
13867
13887
13865
13866
13867
13889
13865
13866
13904
13865
13867
14142
13866
13867
13890
13906
14144
13893
13908
13894
14146
13872
13873
13874
13875
13882
13872
13873
13872
13874
13877
13873
13874
13884
13879
13886
13881
13888
13879
13880
13881
13889
13879
13880
13918
13879
13881
15612
13880
13881
13891
13920
15613
13893
13922
13895
15615
13886
13887
13888
13889
13886
13887
14163
13886
13888
15619
13887
13888
13892
14164
15620
13894
14166
13895
15622
13893
13894
13895
13893
13894
13932
14170
13893
13895
13933
15626
13894
13895
14171
15627
13935
14173
15629
13900
13901
13902
13910
13924
13900
13901
13900
13902
13911
13901
13902
13925
13914
13928
13915
13929
13907
13908
13909
13910
13931
13907
13908
13907
13909
13912
13908
13909
13932
13914
13935
13916
13936
13914
13915
13916
13938
13914
13915
13953
13914
13916
14191
13915
13916
13939
13955
14193
13942
13957
13943
14195
13921
13922
13923
13924
13931
13921
13922
13921
13923
13926
13922
13923
13933
13928
13935
13930
13937
13928
13929
13930
13938
13928
13929
13967
13928
13930
15661
13929
13930
13940
13969
15662
13942
13971
13944
15664
13935
13936
13937
13938
13935
13936
14212
13935
13937
15668
13936
13937
13941
14213
15669
13943
14215
13944
15671
13942
13943
13944
13942
13943
13981
14219
13942
13944
13982
15675
13943
13944
14220
15676
13984
14222
15678
13949
13950
13951
13959
13973
13949
13950
13949
13951
13960
13950
13951
13974
13963
13977
13964
13978
13956
13957
13958
13959
13980
13956
13957
13956
13958
13961
13957
13958
13981
13963
13984
13965
13985
13963
13964
13965
13987
13963
13964
13963
13965
14240
13964
13965
13988
14242
13991
13992
14244
13970
13971
13972
13973
13980
13970
13971
13970
13972
13975
13971
13972
13982
13977
13984
13979
13986
13977
13978
13979
13987
13977
13978
13977
13979
15710
13978
13979
13989
15711
13991
13993
15713
13984
13985
13986
13987
13984
13985
14261
13984
13986
15717
13985
13986
13990
14262
15718
13992
14264
13993
15720
13991
13992
13993
13991
13992
14268
13991
13993
15724
13992
13993
14269
15725
14271
15727
13998
13999
14000
14008
14022
13998
13999
13998
14000
14009
13999
14000
14023
14012
14026
14013
14027
14005
14006
14007
14008
14029
14005
14006
14005
14007
14010
14006
14007
14030
14012
14033
14014
14034
14012
14013
14014
14036
14012
14013
14051
14012
14014
14289
14013
14014
14037
14053
14291
14040
14055
14041
14293
14019
14020
14021
14022
14029
14019
14020
14019
14021
14024
14020
14021
14031
14026
14033
14028
14035
14026
14027
14028
14036
14026
14027
14065
14026
14028
15759
14027
14028
14038
14067
15760
14040
14069
14042
15762
14033
14034
14035
14036
14033
14034
14310
14033
14035
15766
14034
14035
14039
14311
15767
14041
14313
14042
15769
14040
14041
14042
14040
14041
14079
14317
14040
14042
14080
15773
14041
14042
14318
15774
14082
14320
15776
14047
14048
14049
14057
14071
14047
14048
14047
14049
14058
14048
14049
14072
14061
14075
14062
14076
14054
14055
14056
14057
14078
14054
14055
14054
14056
14059
14055
14056
14079
14061
14082
14063
14083
14061
14062
14063
14085
14061
14062
14100
14061
14063
14338
14062
14063
14086
14102
14340
14089
14104
14090
14342
14068
14069
14070
14071
14078
14068
14069
14068
14070
14073
14069
14070
14080
14075
14082
14077
14084
14075
14076
14077
14085
14075
14076
14114
14075
14077
15808
14076
14077
14087
14116
15809
14089
14118
14091
15811
14082
14083
14084
14085
14082
14083
14359
14082
14084
15815
14083
14084
14088
14360
15816
14090
14362
14091
15818
14089
14090
14091
14089
14090
14128
14366
14089
14091
14129
15822
14090
14091
14367
15823
14131
14369
15825
14096
14097
14098
14106
14120
14096
14097
14096
14098
14107
14097
14098
14121
14110
14124
14111
14125
14103
14104
14105
14106
14127
14103
14104
14103
14105
14108
14104
14105
14128
14110
14131
14112
14132
14110
14111
14112
14134
14110
14111
14149
14110
14112
14387
14111
14112
14135
14151
14389
14138
14153
14139
14391
14117
14118
14119
14120
14127
14117
14118
14117
14119
14122
14118
14119
14129
14124
14131
14126
14133
14124
14125
14126
14134
14124
14125
14163
14124
14126
15857
14125
14126
14136
14165
15858
14138
14167
14140
15860
14131
14132
14133
14134
14131
14132
14408
14131
14133
15864
14132
14133
14137
14409
15865
14139
14411
14140
15867
14138
14139
14140
14138
14139
14177
14415
14138
14140
14178
15871
14139
14140
14416
15872
14180
14418
15874
14145
14146
14147
14155
14169
14145
14146
14145
14147
14156
14146
14147
14170
14159
14173
14160
14174
14152
14153
14154
14155
14176
14152
14153
14152
14154
14157
14153
14154
14177
14159
14180
14161
14181
14159
14160
14161
14183
14159
14160
14198
14159
14161
14436
14160
14161
14184
14200
14438
14187
14202
14188
14440
14166
14167
14168
14169
14176
14166
14167
14166
14168
14171
14167
14168
14178
14173
14180
14175
14182
14173
14174
14175
14183
14173
14174
14212
14173
14175
15904
14174
14175
14185
14214
15905
14187
14216
14189
15907
14180
14181
14182
14183
14180
14181
14457
14180
14182
15911
14181
14182
14186
14458
15912
14188
14460
14189
15914
14187
14188
14189
14187
14188
14226
14464
14187
14189
14227
15918
14188
14189
14465
15919
14229
14467
15921
14194
14195
14196
14204
14218
14194
14195
14194
14196
14205
14195
14196
14219
14208
14222
14209
14223
14201
14202
14203
14204
14225
14201
14202
14201
14203
14206
14202
14203
14226
14208
14229
14210
14230
14208
14209
14210
14232
14208
14209
14247
14208
14210
14485
14209
14210
14233
14249
14487
14236
14251
14237
14489
14215
14216
14217
14218
14225
14215
14216
14215
14217
14220
14216
14217
14227
14222
14229
14224
14231
14222
14223
14224
14232
14222
14223
14261
14222
14224
15951
14223
14224
14234
14263
15952
14236
14265
14238
15954
14229
14230
14231
14232
14229
14230
14506
14229
14231
15958
14230
14231
14235
14507
15959
14237
14509
14238
15961
14236
14237
14238
14236
14237
14275
14513
14236
14238
14276
15965
14237
14238
14514
15966
14278
14516
15968
14243
14244
14245
14253
14267
14243
14244
14243
14245
14254
14244
14245
14268
14257
14271
14258
14272
14250
14251
14252
14253
14274
14250
14251
14250
14252
14255
14251
14252
14275
14257
14278
14259
14279
14257
14258
14259
14281
14257
14258
14257
14259
14534
14258
14259
14282
14536
14285
14286
14538
14264
14265
14266
14267
14274
14264
14265
14264
14266
14269
14265
14266
14276
14271
14278
14273
14280
14271
14272
14273
14281
14271
14272
14271
14273
16000
14272
14273
14283
16001
14285
14287
16003
14278
14279
14280
14281
14278
14279
14555
14278
14280
16007
14279
14280
14284
14556
16008
14286
14558
14287
16010
14285
14286
14287
14285
14286
14562
14285
14287
16014
14286
14287
14563
16015
14565
16017
14292
14293
14294
14302
14316
14292
14293
14292
14294
14303
14293
14294
14317
14306
14320
14307
14321
14299
14300
14301
14302
14323
14299
14300
14299
14301
14304
14300
14301
14324
14306
14327
14308
14328
14306
14307
14308
14330
14306
14307
14345
14306
14308
14583
14307
14308
14331
14347
14585
14334
14349
14335
14587
14313
14314
14315
14316
14323
14313
14314
14313
14315
14318
14314
14315
14325
14320
14327
14322
14329
14320
14321
14322
14330
14320
14321
14359
14320
14322
16049
14321
14322
14332
14361
16050
14334
14363
14336
16052
14327
14328
14329
14330
14327
14328
14604
14327
14329
16056
14328
14329
14333
14605
16057
14335
14607
14336
16059
14334
14335
14336
14334
14335
14373
14611
14334
14336
14374
16063
14335
14336
14612
16064
14376
14614
16066
14341
14342
14343
14351
14365
14341
14342
14341
14343
14352
14342
14343
14366
14355
14369
14356
14370
14348
14349
14350
14351
14372
14348
14349
14348
14350
14353
14349
14350
14373
14355
14376
14357
14377
14355
14356
14357
14379
14355
14356
14394
14355
14357
14632
14356
14357
14380
14396
14634
14383
14398
14384
14636
14362
14363
14364
14365
14372
14362
14363
14362
14364
14367
14363
14364
14374
14369
14376
14371
14378
14369
14370
14371
14379
14369
14370
14408
14369
14371
16098
14370
14371
14381
14410
16099
14383
14412
14385
16101
14376
14377
14378
14379
14376
14377
14653
14376
14378
16105
14377
14378
14382
14654
16106
14384
14656
14385
16108
14383
14384
14385
14383
14384
14422
14660
14383
14385
14423
16112
14384
14385
14661
16113
14425
14663
16115
14390
14391
14392
14400
14414
14390
14391
14390
14392
14401
14391
14392
14415
14404
14418
14405
14419
14397
14398
14399
14400
14421
14397
14398
14397
14399
14402
14398
14399
14422
14404
14425
14406
14426
14404
14405
14406
14428
14404
14405
14443
14404
14406
14681
14405
14406
14429
14445
14683
14432
14447
14433
14685
14411
14412
14413
14414
14421
14411
14412
14411
14413
14416
14412
14413
14423
14418
14425
14420
14427
14418
14419
14420
14428
14418
14419
14457
14418
14420
16147
14419
14420
14430
14459
16148
14432
14461
14434
16150
14425
14426
14427
14428
14425
14426
14702
14425
14427
16154
14426
14427
14431
14703
16155
14433
14705
14434
16157
14432
14433
14434
14432
14433
14471
14709
14432
14434
14472
16161
14433
14434
14710
16162
14474
14712
16164
14439
14440
14441
14449
14463
14439
14440
14439
14441
14450
14440
14441
14464
14453
14467
14454
14468
14446
14447
14448
14449
14470
14446
14447
14446
14448
14451
14447
14448
14471
14453
14474
14455
14475
14453
14454
14455
14477
14453
14454
14492
14453
14455
14730
14454
14455
14478
14494
14732
14481
14496
14482
14734
14460
14461
14462
14463
14470
14460
14461
14460
14462
14465
14461
14462
14472
14467
14474
14469
14476
14467
14468
14469
14477
14467
14468
14506
14467
14469
16194
14468
14469
14479
14508
16195
14481
14510
14483
16197
14474
14475
14476
14477
14474
14475
14751
14474
14476
16201
14475
14476
14480
14752
16202
14482
14754
14483
16204
14481
14482
14483
14481
14482
14520
14758
14481
14483
14521
16208
14482
14483
14759
16209
14523
14761
16211
14488
14489
14490
14498
14512
14488
14489
14488
14490
14499
14489
14490
14513
14502
14516
14503
14517
14495
14496
14497
14498
14519
14495
14496
14495
14497
14500
14496
14497
14520
14502
14523
14504
14524
14502
14503
14504
14526
14502
14503
14541
14502
14504
14779
14503
14504
14527
14543
14781
14530
14545
14531
14783
14509
14510
14511
14512
14519
14509
14510
14509
14511
14514
14510
14511
14521
14516
14523
14518
14525
14516
14517
14518
14526
14516
14517
14555
14516
14518
16241
14517
14518
14528
14557
16242
14530
14559
14532
16244
14523
14524
14525
14526
14523
14524
14800
14523
14525
16248
14524
14525
14529
14801
16249
14531
14803
14532
16251
14530
14531
14532
14530
14531
14569
14807
14530
14532
14570
16255
14531
14532
14808
16256
14572
14810
16258
14537
14538
14539
14547
14561
14537
14538
14537
14539
14548
14538
14539
14562
14551
14565
14552
14566
14544
14545
14546
14547
14568
14544
14545
14544
14546
14549
14545
14546
14569
14551
14572
14553
14573
14551
14552
14553
14575
14551
14552
14551
14553
14828
14552
14553
14576
14830
14579
14580
14832
14558
14559
14560
14561
14568
14558
14559
14558
14560
14563
14559
14560
14570
14565
14572
14567
14574
14565
14566
14567
14575
14565
14566
14565
14567
16290
14566
14567
14577
16291
14579
14581
16293
14572
14573
14574
14575
14572
14573
14849
14572
14574
16297
14573
14574
14578
14850
16298
14580
14852
14581
16300
14579
14580
14581
14579
14580
14856
14579
14581
16304
14580
14581
14857
16305
14859
16307
14586
14587
14588
14596
14610
14586
14587
14586
14588
14597
14587
14588
14611
14600
14614
14601
14615
14593
14594
14595
14596
14617
14593
14594
14593
14595
14598
14594
14595
14618
14600
14621
14602
14622
14600
14601
14602
14624
14600
14601
14639
14600
14602
14877
14601
14602
14625
14641
14879
14628
14643
14629
14881
14607
14608
14609
14610
14617
14607
14608
14607
14609
14612
14608
14609
14619
14614
14621
14616
14623
14614
14615
14616
14624
14614
14615
14653
14614
14616
16339
14615
14616
14626
14655
16340
14628
14657
14630
16342
14621
14622
14623
14624
14621
14622
14898
14621
14623
16346
14622
14623
14627
14899
16347
14629
14901
14630
16349
14628
14629
14630
14628
14629
14667
14905
14628
14630
14668
16353
14629
14630
14906
16354
14670
14908
16356
14635
14636
14637
14645
14659
14635
14636
14635
14637
14646
14636
14637
14660
14649
14663
14650
14664
14642
14643
14644
14645
14666
14642
14643
14642
14644
14647
14643
14644
14667
14649
14670
14651
14671
14649
14650
14651
14673
14649
14650
14688
14649
14651
14926
14650
14651
14674
14690
14928
14677
14692
14678
14930
14656
14657
14658
14659
14666
14656
14657
14656
14658
14661
14657
14658
14668
14663
14670
14665
14672
14663
14664
14665
14673
14663
14664
14702
14663
14665
16388
14664
14665
14675
14704
16389
14677
14706
14679
16391
14670
14671
14672
14673
14670
14671
14947
14670
14672
16395
14671
14672
14676
14948
16396
14678
14950
14679
16398
14677
14678
14679
14677
14678
14716
14954
14677
14679
14717
16402
14678
14679
14955
16403
14719
14957
16405
14684
14685
14686
14694
14708
14684
14685
14684
14686
14695
14685
14686
14709
14698
14712
14699
14713
14691
14692
14693
14694
14715
14691
14692
14691
14693
14696
14692
14693
14716
14698
14719
14700
14720
14698
14699
14700
14722
14698
14699
14737
14698
14700
14975
14699
14700
14723
14739
14977
14726
14741
14727
14979
14705
14706
14707
14708
14715
14705
14706
14705
14707
14710
14706
14707
14717
14712
14719
14714
14721
14712
14713
14714
14722
14712
14713
14751
14712
14714
16437
14713
14714
14724
14753
16438
14726
14755
14728
16440
14719
14720
14721
14722
14719
14720
14996
14719
14721
16444
14720
14721
14725
14997
16445
14727
14999
14728
16447
14726
14727
14728
14726
14727
14765
15003
14726
14728
14766
16451
14727
14728
15004
16452
14768
15006
16454
14733
14734
14735
14743
14757
14733
14734
14733
14735
14744
14734
14735
14758
14747
14761
14748
14762
14740
14741
14742
14743
14764
14740
14741
14740
14742
14745
14741
14742
14765
14747
14768
14749
14769
14747
14748
14749
14771
14747
14748
14786
14747
14749
15024
14748
14749
14772
14788
15026
14775
14790
14776
15028
14754
14755
14756
14757
14764
14754
14755
14754
14756
14759
14755
14756
14766
14761
14768
14763
14770
14761
14762
14763
14771
14761
14762
14800
14761
14763
16486
14762
14763
14773
14802
16487
14775
14804
14777
16489
14768
14769
14770
14771
14768
14769
15045
14768
14770
16493
14769
14770
14774
15046
16494
14776
15048
14777
16496
14775
14776
14777
14775
14776
14814
15052
14775
14777
14815
16500
14776
14777
15053
16501
14817
15055
16503
14782
14783
14784
14792
14806
14782
14783
14782
14784
14793
14783
14784
14807
14796
14810
14797
14811
14789
14790
14791
14792
14813
14789
14790
14789
14791
14794
14790
14791
14814
14796
14817
14798
14818
14796
14797
14798
14820
14796
14797
14835
14796
14798
15073
14797
14798
14821
14837
15075
14824
14839
14825
15077
14803
14804
14805
14806
14813
14803
14804
14803
14805
14808
14804
14805
14815
14810
14817
14812
14819
14810
14811
14812
14820
14810
14811
14849
14810
14812
16535
14811
14812
14822
14851
16536
14824
14853
14826
16538
14817
14818
14819
14820
14817
14818
15094
14817
14819
16542
14818
14819
14823
15095
16543
14825
15097
14826
16545
14824
14825
14826
14824
14825
14863
15101
14824
14826
14864
16549
14825
14826
15102
16550
14866
15104
16552
14831
14832
14833
14841
14855
14831
14832
14831
14833
14842
14832
14833
14856
14845
14859
14846
14860
14838
14839
14840
14841
14862
14838
14839
14838
14840
14843
14839
14840
14863
14845
14866
14847
14867
14845
14846
14847
14869
14845
14846
14845
14847
15122
14846
14847
14870
15124
14873
14874
15126
14852
14853
14854
14855
14862
14852
14853
14852
14854
14857
14853
14854
14864
14859
14866
14861
14868
14859
14860
14861
14869
14859
14860
14859
14861
16584
14860
14861
14871
16585
14873
14875
16587
14866
14867
14868
14869
14866
14867
15143
14866
14868
16591
14867
14868
14872
15144
16592
14874
15146
14875
16594
14873
14874
14875
14873
14874
15150
14873
14875
16598
14874
14875
15151
16599
15153
16601
14880
14881
14882
14890
14904
14880
14881
14880
14882
14891
14881
14882
14905
14894
14908
14895
14909
14887
14888
14889
14890
14911
14887
14888
14887
14889
14892
14888
14889
14912
14894
14915
14896
14916
14894
14895
14896
14918
14894
14895
14933
14894
14896
14895
14896
14919
14935
14922
14937
14923
14901
14902
14903
14904
14911
14901
14902
14901
14903
14906
14902
14903
14913
14908
14915
14910
14917
14908
14909
14910
14918
14908
14909
14947
14908
14910
16633
14909
14910
14920
14949
16634
14922
14951
14924
16636
14915
14916
14917
14918
14915
14916
14915
14917
16640
14916
14917
14921
16641
14923
14924
16643
14922
14923
14924
14922
14923
14961
14922
14924
14962
16647
14923
14924
16648
14964
16650
14929
14930
14931
14939
14953
14929
14930
14929
14931
14940
14930
14931
14954
14943
14957
14944
14958
14936
14937
14938
14939
14960
14936
14937
14936
14938
14941
14937
14938
14961
14943
14964
14945
14965
14943
14944
14945
14967
14943
14944
14982
14943
14945
14944
14945
14968
14984
14971
14986
14972
14950
14951
14952
14953
14960
14950
14951
14950
14952
14955
14951
14952
14962
14957
14964
14959
14966
14957
14958
14959
14967
14957
14958
14996
14957
14959
16682
14958
14959
14969
14998
16683
14971
15000
14973
16685
14964
14965
14966
14967
14964
14965
14964
14966
16689
14965
14966
14970
16690
14972
14973
16692
14971
14972
14973
14971
14972
15010
14971
14973
15011
16696
14972
14973
16697
15013
16699
14978
14979
14980
14988
15002
14978
14979
14978
14980
14989
14979
14980
15003
14992
15006
14993
15007
14985
14986
14987
14988
15009
14985
14986
14985
14987
14990
14986
14987
15010
14992
15013
14994
15014
14992
14993
14994
15016
14992
14993
15031
14992
14994
14993
14994
15017
15033
15020
15035
15021
14999
15000
15001
15002
15009
14999
15000
14999
15001
15004
15000
15001
15011
15006
15013
15008
15015
15006
15007
15008
15016
15006
15007
15045
15006
15008
16731
15007
15008
15018
15047
16732
15020
15049
15022
16734
15013
15014
15015
15016
15013
15014
15013
15015
16738
15014
15015
15019
16739
15021
15022
16741
15020
15021
15022
15020
15021
15059
15020
15022
15060
16745
15021
15022
16746
15062
16748
15027
15028
15029
15037
15051
15027
15028
15027
15029
15038
15028
15029
15052
15041
15055
15042
15056
15034
15035
15036
15037
15058
15034
15035
15034
15036
15039
15035
15036
15059
15041
15062
15043
15063
15041
15042
15043
15065
15041
15042
15080
15041
15043
15042
15043
15066
15082
15069
15084
15070
15048
15049
15050
15051
15058
15048
15049
15048
15050
15053
15049
15050
15060
15055
15062
15057
15064
15055
15056
15057
15065
15055
15056
15094
15055
15057
16780
15056
15057
15067
15096
16781
15069
15098
15071
16783
15062
15063
15064
15065
15062
15063
15062
15064
16787
15063
15064
15068
16788
15070
15071
16790
15069
15070
15071
15069
15070
15108
15069
15071
15109
16794
15070
15071
16795
15111
16797
15076
15077
15078
15086
15100
15076
15077
15076
15078
15087
15077
15078
15101
15090
15104
15091
15105
15083
15084
15085
15086
15107
15083
15084
15083
15085
15088
15084
15085
15108
15090
15111
15092
15112
15090
15091
15092
15114
15090
15091
15129
15090
15092
15091
15092
15115
15131
15118
15133
15119
15097
15098
15099
15100
15107
15097
15098
15097
15099
15102
15098
15099
15109
15104
15111
15106
15113
15104
15105
15106
15114
15104
15105
15143
15104
15106
16829
15105
15106
15116
15145
16830
15118
15147
15120
16832
15111
15112
15113
15114
15111
15112
15111
15113
16836
15112
15113
15117
16837
15119
15120
16839
15118
15119
15120
15118
15119
15157
15118
15120
15158
16843
15119
15120
16844
15160
16846
15125
15126
15127
15135
15149
15125
15126
15125
15127
15136
15126
15127
15150
15139
15153
15140
15154
15132
15133
15134
15135
15156
15132
15133
15132
15134
15137
15133
15134
15157
15139
15160
15141
15161
15139
15140
15141
15163
15139
15140
15139
15141
15140
15141
15164
15167
15168
15146
15147
15148
15149
15156
15146
15147
15146
15148
15151
15147
15148
15158
15153
15160
15155
15162
15153
15154
15155
15163
15153
15154
15153
15155
16878
15154
15155
15165
16879
15167
15169
16881
15160
15161
15162
15163
15160
15161
15160
15162
16885
15161
15162
15166
16886
15168
15169
16888
15167
15168
15169
15167
15168
15167
15169
16892
15168
15169
16893
16895
15174
15175
15176
15184
15198
15174
15175
15174
15176
15185
15175
15176
15199
15188
15202
15189
15203
15181
15182
15183
15184
15205
15181
15182
15181
15183
15186
15182
15183
15206
15188
15209
15190
15210
15188
15189
15190
15212
15188
15189
15227
15188
15190
15465
15189
15190
15213
15229
15467
15216
15231
15217
15469
15195
15196
15197
15198
15205
15195
15196
15195
15197
15200
15196
15197
15207
15202
15209
15204
15211
15202
15203
15204
15212
15202
15203
15241
15202
15204
16927
15203
15204
15214
15243
16928
15216
15245
15218
16930
15209
15210
15211
15212
15209
15210
15486
15209
15211
16934
15210
15211
15215
15487
16935
15217
15489
15218
16937
15216
15217
15218
15216
15217
15255
15493
15216
15218
15256
16941
15217
15218
15494
16942
15258
15496
16944
15223
15224
15225
15233
15247
15223
15224
15223
15225
15234
15224
15225
15248
15237
15251
15238
15252
15230
15231
15232
15233
15254
15230
15231
15230
15232
15235
15231
15232
15255
15237
15258
15239
15259
15237
15238
15239
15261
15237
15238
15276
15237
15239
15514
15238
15239
15262
15278
15516
15265
15280
15266
15518
15244
15245
15246
15247
15254
15244
15245
15244
15246
15249
15245
15246
15256
15251
15258
15253
15260
15251
15252
15253
15261
15251
15252
15290
15251
15253
16976
15252
15253
15263
15292
16977
15265
15294
15267
16979
15258
15259
15260
15261
15258
15259
15535
15258
15260
16983
15259
15260
15264
15536
16984
15266
15538
15267
16986
15265
15266
15267
15265
15266
15304
15542
15265
15267
15305
16990
15266
15267
15543
16991
15307
15545
16993
15272
15273
15274
15282
15296
15272
15273
15272
15274
15283
15273
15274
15297
15286
15300
15287
15301
15279
15280
15281
15282
15303
15279
15280
15279
15281
15284
15280
15281
15304
15286
15307
15288
15308
15286
15287
15288
15310
15286
15287
15325
15286
15288
15563
15287
15288
15311
15327
15565
15314
15329
15315
15567
15293
15294
15295
15296
15303
15293
15294
15293
15295
15298
15294
15295
15305
15300
15307
15302
15309
15300
15301
15302
15310
15300
15301
15339
15300
15302
17025
15301
15302
15312
15341
17026
15314
15343
15316
17028
15307
15308
15309
15310
15307
15308
15584
15307
15309
17032
15308
15309
15313
15585
17033
15315
15587
15316
17035
15314
15315
15316
15314
15315
15353
15591
15314
15316
15354
17039
15315
15316
15592
17040
15356
15594
17042
15321
15322
15323
15331
15345
15321
15322
15321
15323
15332
15322
15323
15346
15335
15349
15336
15350
15328
15329
15330
15331
15352
15328
15329
15328
15330
15333
15329
15330
15353
15335
15356
15337
15357
15335
15336
15337
15359
15335
15336
15374
15335
15337
15612
15336
15337
15360
15376
15614
15363
15378
15364
15616
15342
15343
15344
15345
15352
15342
15343
15342
15344
15347
15343
15344
15354
15349
15356
15351
15358
15349
15350
15351
15359
15349
15350
15388
15349
15351
17074
15350
15351
15361
15390
17075
15363
15392
15365
17077
15356
15357
15358
15359
15356
15357
15633
15356
15358
17081
15357
15358
15362
15634
17082
15364
15636
15365
17084
15363
15364
15365
15363
15364
15402
15640
15363
15365
15403
17088
15364
15365
15641
17089
15405
15643
17091
15370
15371
15372
15380
15394
15370
15371
15370
15372
15381
15371
15372
15395
15384
15398
15385
15399
15377
15378
15379
15380
15401
15377
15378
15377
15379
15382
15378
15379
15402
15384
15405
15386
15406
15384
15385
15386
15408
15384
15385
15423
15384
15386
15661
15385
15386
15409
15425
15663
15412
15427
15413
15665
15391
15392
15393
15394
15401
15391
15392
15391
15393
15396
15392
15393
15403
15398
15405
15400
15407
15398
15399
15400
15408
15398
15399
15437
15398
15400
17123
15399
15400
15410
15439
17124
15412
15441
15414
17126
15405
15406
15407
15408
15405
15406
15682
15405
15407
17130
15406
15407
15411
15683
17131
15413
15685
15414
17133
15412
15413
15414
15412
15413
15451
15689
15412
15414
15452
17137
15413
15414
15690
17138
15454
15692
17140
15419
15420
15421
15429
15443
15419
15420
15419
15421
15430
15420
15421
15444
15433
15447
15434
15448
15426
15427
15428
15429
15450
15426
15427
15426
15428
15431
15427
15428
15451
15433
15454
15435
15455
15433
15434
15435
15457
15433
15434
15433
15435
15710
15434
15435
15458
15712
15461
15462
15714
15440
15441
15442
15443
15450
15440
15441
15440
15442
15445
15441
15442
15452
15447
15454
15449
15456
15447
15448
15449
15457
15447
15448
15447
15449
17172
15448
15449
15459
17173
15461
15463
17175
15454
15455
15456
15457
15454
15455
15731
15454
15456
17179
15455
15456
15460
15732
17180
15462
15734
15463
17182
15461
15462
15463
15461
15462
15738
15461
15463
17186
15462
15463
15739
17187
15741
17189
15468
15469
15470
15478
15492
15468
15469
15468
15470
15479
15469
15470
15493
15482
15496
15483
15497
15475
15476
15477
15478
15499
15475
15476
15475
15477
15480
15476
15477
15500
15482
15503
15484
15504
15482
15483
15484
15506
15482
15483
15521
15482
15484
15759
15483
15484
15507
15523
15761
15510
15525
15511
15763
15489
15490
15491
15492
15499
15489
15490
15489
15491
15494
15490
15491
15501
15496
15503
15498
15505
15496
15497
15498
15506
15496
15497
15535
15496
15498
17221
15497
15498
15508
15537
17222
15510
15539
15512
17224
15503
15504
15505
15506
15503
15504
15780
15503
15505
17228
15504
15505
15509
15781
17229
15511
15783
15512
17231
15510
15511
15512
15510
15511
15549
15787
15510
15512
15550
17235
15511
15512
15788
17236
15552
15790
17238
15517
15518
15519
15527
15541
15517
15518
15517
15519
15528
15518
15519
15542
15531
15545
15532
15546
15524
15525
15526
15527
15548
15524
15525
15524
15526
15529
15525
15526
15549
15531
15552
15533
15553
15531
15532
15533
15555
15531
15532
15570
15531
15533
15808
15532
15533
15556
15572
15810
15559
15574
15560
15812
15538
15539
15540
15541
15548
15538
15539
15538
15540
15543
15539
15540
15550
15545
15552
15547
15554
15545
15546
15547
15555
15545
15546
15584
15545
15547
17270
15546
15547
15557
15586
17271
15559
15588
15561
17273
15552
15553
15554
15555
15552
15553
15829
15552
15554
17277
15553
15554
15558
15830
17278
15560
15832
15561
17280
15559
15560
15561
15559
15560
15598
15836
15559
15561
15599
17284
15560
15561
15837
17285
15601
15839
17287
15566
15567
15568
15576
15590
15566
15567
15566
15568
15577
15567
15568
15591
15580
15594
15581
15595
15573
15574
15575
15576
15597
15573
15574
15573
15575
15578
15574
15575
15598
15580
15601
15582
15602
15580
15581
15582
15604
15580
15581
15619
15580
15582
15857
15581
15582
15605
15621
15859
15608
15623
15609
15861
15587
15588
15589
15590
15597
15587
15588
15587
15589
15592
15588
15589
15599
15594
15601
15596
15603
15594
15595
15596
15604
15594
15595
15633
15594
15596
17319
15595
15596
15606
15635
17320
15608
15637
15610
17322
15601
15602
15603
15604
15601
15602
15878
15601
15603
17326
15602
15603
15607
15879
17327
15609
15881
15610
17329
15608
15609
15610
15608
15609
15647
15885
15608
15610
15648
17333
15609
15610
17334
15650
15887
17336
15615
15616
15617
15625
15639
15615
15616
15615
15617
15626
15616
15617
15640
15629
15643
15630
15644
15622
15623
15624
15625
15646
15622
15623
15622
15624
15627
15623
15624
15647
15629
15650
15631
15651
15629
15630
15631
15653
15629
15630
15668
15629
15631
15904
15630
15631
15654
15670
15906
15657
15672
15658
15908
15636
15637
15638
15639
15646
15636
15637
15636
15638
15641
15637
15638
15648
15643
15650
15645
15652
15643
15644
15645
15653
15643
15644
15682
15643
15645
17368
15644
15645
15655
15684
17369
15657
15686
15659
17371
15650
15651
15652
15653
15650
15651
15925
15650
15652
17375
15651
15652
15656
17376
15658
15927
15659
17378
15657
15658
15659
15657
15658
15696
15931
15657
15659
15697
17382
15658
15659
15932
17383
15699
15934
17385
15664
15665
15666
15674
15688
15664
15665
15664
15666
15675
15665
15666
15689
15678
15692
15679
15693
15671
15672
15673
15674
15695
15671
15672
15671
15673
15676
15672
15673
15696
15678
15699
15680
15700
15678
15679
15680
15702
15678
15679
15717
15678
15680
15951
15679
15680
15703
15719
15953
15706
15721
15707
15955
15685
15686
15687
15688
15695
15685
15686
15685
15687
15690
15686
15687
15697
15692
15699
15694
15701
15692
15693
15694
15702
15692
15693
15731
15692
15694
17417
15693
15694
15704
15733
17418
15706
15735
15708
17420
15699
15700
15701
15702
15699
15700
15972
15699
15701
17424
15700
15701
15705
15973
17425
15707
15975
15708
17427
15706
15707
15708
15706
15707
15745
15979
15706
15708
15746
17431
15707
15708
15980
17432
15748
15982
17434
15713
15714
15715
15723
15737
15713
15714
15713
15715
15724
15714
15715
15738
15727
15741
15728
15742
15720
15721
15722
15723
15744
15720
15721
15720
15722
15725
15721
15722
15745
15727
15748
15729
15749
15727
15728
15729
15751
15727
15728
15727
15729
16000
15728
15729
15752
16002
15755
15756
16004
15734
15735
15736
15737
15744
15734
15735
15734
15736
15739
15735
15736
15746
15741
15748
15743
15750
15741
15742
15743
15751
15741
15742
15741
15743
17466
15742
15743
15753
17467
15755
15757
17469
15748
15749
15750
15751
15748
15749
16021
15748
15750
17473
15749
15750
15754
16022
17474
15756
16024
15757
17476
15755
15756
15757
15755
15756
16028
15755
15757
17480
15756
15757
16029
17481
16031
17483
15762
15763
15764
15772
15786
15762
15763
15762
15764
15773
15763
15764
15787
15776
15790
15777
15791
15769
15770
15771
15772
15793
15769
15770
15769
15771
15774
15770
15771
15794
15776
15797
15778
15798
15776
15777
15778
15800
15776
15777
15815
15776
15778
16049
15777
15778
15801
15817
16051
15804
15819
15805
16053
15783
15784
15785
15786
15793
15783
15784
15783
15785
15788
15784
15785
15795
15790
15797
15792
15799
15790
15791
15792
15800
15790
15791
15829
15790
15792
17515
15791
15792
15802
15831
17516
15804
15833
15806
17518
15797
15798
15799
15800
15797
15798
16070
15797
15799
17522
15798
15799
15803
16071
17523
15805
16073
15806
17525
15804
15805
15806
15804
15805
15843
16077
15804
15806
15844
17529
15805
15806
16078
17530
15846
16080
17532
15811
15812
15813
15821
15835
15811
15812
15811
15813
15822
15812
15813
15836
15825
15839
15826
15840
15818
15819
15820
15821
15842
15818
15819
15818
15820
15823
15819
15820
15843
15825
15846
15827
15847
15825
15826
15827
15849
15825
15826
15864
15825
15827
16098
15826
15827
15850
15866
16100
15853
15868
15854
16102
15832
15833
15834
15835
15842
15832
15833
15832
15834
15837
15833
15834
15844
15839
15846
15841
15848
15839
15840
15841
15849
15839
15840
15878
15839
15841
17564
15840
15841
15851
15880
17565
15853
15882
15855
17567
15846
15847
15848
15849
15846
15847
16119
15846
15848
17571
15847
15848
15852
16120
17572
15854
16122
15855
17574
15853
15854
15855
15853
15854
15891
16126
15853
15855
17578
15854
15855
16127
17579
15893
16129
17581
15860
15861
15862
15870
15884
15860
15861
15860
15862
15871
15861
15862
15885
15874
15887
15875
15888
15867
15868
15869
15870
15890
15867
15868
15867
15869
15872
15868
15869
15891
15874
15893
15876
15894
15874
15875
15876
15896
15874
15875
15911
15874
15876
16147
15875
15876
15897
15913
16149
15900
15915
15901
16151
15881
15882
15883
15884
15890
15881
15882
15881
15882
15887
15893
15889
15895
15887
15888
15889
15896
15887
15888
15925
15888
15889
15898
15926
17613
15900
15928
15902
17615
15893
15894
15895
15896
15893
15894
16168
15894
15895
15899
16169
17619
15901
16170
15902
17621
15900
15901
15902
15900
15901
15938
16174
15900
15902
15939
17625
15901
15902
16175
17626
15941
16177
17628
15907
15908
15909
15917
15930
15907
15908
15907
15909
15918
15908
15909
15931
15921
15934
15922
15935
15914
15915
15916
15917
15937
15914
15915
15914
15916
15919
15915
15916
15938
15921
15941
15923
15942
15921
15922
15923
15944
15921
15922
15958
15921
15923
16194
15922
15923
15945
15960
16196
15947
15962
15948
16198
15927
15928
15929
15930
15937
15927
15928
15928
15929
15939
15934
15941
15936
15943
15934
15935
15936
15944
15934
15935
15972
15934
17660
15935
15974
17661
15947
15976
15949
17663
15941
15942
15943
15944
15941
15942
16215
15941
15943
17667
15942
15943
15946
16216
17668
15948
16218
15949
17670
15947
15948
15949
15947
15948
15986
16222
15948
15949
16223
17674
15989
16224
17676
15954
15955
15956
15964
15978
15954
15955
15954
15956
15965
15955
15956
15979
15968
15982
15969
15983
15961
15962
15963
15964
15985
15961
15962
15961
15963
15966
15962
15963
15986
15968
15989
15970
15990
15968
15969
15970
15992
15968
15969
16007
15968
15970
16241
15969
15970
15993
16009
16243
15996
16011
15997
16245
15975
15976
15977
15978
15985
15975
15976
15975
15977
15980
15976
15977
15987
15982
15989
15984
15991
15982
15983
15984
15992
15982
15983
16021
15982
15984
17708
15983
15984
15994
16023
17709
15996
16025
15998
17711
15989
15990
15991
15992
15989
15990
16262
15989
15991
17715
15990
15991
15995
16263
17716
15997
16265
15998
17718
15996
15997
15998
15996
15997
16035
16269
15996
15998
16036
17722
15997
15998
16270
17723
16038
16272
17725
16003
16004
16005
16013
16027
16003
16004
16003
16005
16014
16004
16005
16028
16017
16031
16018
16032
16010
16011
16012
16013
16034
16010
16011
16010
16012
16015
16011
16012
16035
16017
16038
16019
16039
16017
16018
16019
16041
16017
16018
16017
16019
16290
16018
16019
16042
16292
16045
16046
16294
16024
16025
16026
16027
16034
16024
16025
16024
16026
16029
16025
16026
16036
16031
16038
16033
16040
16031
16032
16033
16041
16031
16032
16031
16033
17757
16032
16033
16043
17758
16045
16047
17760
16038
16039
16040
16041
16038
16039
16311
16038
16040
17764
16039
16040
16044
16312
17765
16046
16314
16047
17767
16045
16046
16047
16045
16046
16318
16045
16047
17771
16046
16047
16319
17772
16321
17774
16052
16053
16054
16062
16076
16052
16053
16052
16054
16063
16053
16054
16077
16066
16080
16067
16081
16059
16060
16061
16062
16083
16059
16060
16059
16061
16064
16060
16061
16084
16066
16087
16068
16088
16066
16067
16068
16090
16066
16067
16105
16066
16068
16339
16067
16068
16091
16107
16341
16094
16109
16095
16343
16073
16074
16075
16076
16083
16073
16074
16073
16075
16078
16074
16075
16085
16080
16087
16082
16089
16080
16081
16082
16090
16080
16081
16119
16080
16082
17806
16081
16082
16092
16121
17807
16094
16123
16096
17809
16087
16088
16089
16090
16087
16088
16360
16087
16089
17813
16088
16089
16093
16361
17814
16095
16363
16096
17816
16094
16095
16096
16094
16095
16133
16367
16094
16096
16134
17820
16095
16096
16368
17821
16136
16370
17823
16101
16102
16103
16111
16125
16101
16102
16101
16103
16112
16102
16103
16126
16115
16129
16116
16130
16108
16109
16110
16111
16132
16108
16109
16108
16110
16113
16109
16110
16133
16115
16136
16117
16137
16115
16116
16117
16139
16115
16116
16154
16115
16117
16388
16116
16117
16140
16156
16390
16143
16158
16144
16392
16122
16123
16124
16125
16132
16122
16123
16122
16124
16127
16123
16124
16134
16129
16136
16131
16138
16129
16130
16131
16139
16129
16130
16168
16129
16131
17855
16130
16131
16141
17856
16143
16171
16145
17858
16136
16137
16138
16139
16136
16137
16409
16136
16138
17862
16137
16138
16142
16410
17863
16144
16412
16145
17865
16143
16144
16145
16143
16144
16181
16416
16143
16145
16182
17869
16144
16145
16417
17870
16184
16419
17872
16150
16151
16152
16160
16173
16150
16151
16150
16152
16161
16151
16152
16174
16164
16177
16165
16178
16157
16158
16159
16160
16180
16157
16158
16157
16159
16162
16158
16159
16181
16164
16184
16166
16185
16164
16165
16166
16187
16164
16165
16201
16164
16166
16437
16165
16166
16188
16203
16439
16190
16205
16191
16441
16170
16171
16172
16173
16180
16170
16171
16170
16172
16175
16177
16184
16179
16186
16177
16178
16179
16187
16177
16178
16215
16177
16179
17904
16178
16179
16189
16217
17905
16190
16219
16192
17907
16184
16185
16186
16187
16184
16185
16458
16184
17911
16185
16459
17912
16191
16461
16192
17914
16190
16191
16192
16190
16191
16228
16465
16190
16192
16229
17918
16230
16468
17920
16197
16198
16199
16207
16221
16197
16198
16197
16199
16208
16198
16199
16222
16211
16224
16212
16225
16204
16205
16206
16207
16227
16204
16205
16204
16206
16209
16205
16206
16228
16211
16230
16213
16231
16211
16212
16213
16233
16211
16212
16248
16211
16213
16486
16212
16213
16234
16250
16488
16237
16252
16238
16490
16218
16219
16220
16221
16227
16218
16219
16218
16220
16223
16219
16220
16229
16224
16230
16226
16232
16224
16225
16226
16233
16224
16225
16262
16224
16226
17952
16237
16266
16239
17954
16230
16231
16232
16233
16230
16231
16507
16230
16232
17958
16238
16510
16239
17960
16237
16238
16239
16237
16238
16276
16514
16237
16277
17964
16238
16515
17965
16279
16517
17967
16244
16245
16246
16254
16268
16244
16245
16244
16246
16255
16245
16246
16269
16258
16272
16259
16273
16251
16252
16253
16254
16275
16251
16252
16251
16253
16256
16252
16253
16276
16258
16279
16260
16280
16258
16259
16260
16282
16258
16259
16297
16258
16260
16535
16259
16260
16283
16299
16537
16286
16301
16287
16539
16265
16266
16267
16268
16275
16265
16266
16265
16267
16270
16266
16267
16277
16272
16279
16274
16281
16272
16273
16274
16282
16272
16273
16311
16272
16274
17999
16273
16274
16284
16313
18000
16286
16315
16288
18002
16279
16280
16281
16282
16279
16280
16556
16279
16281
18006
16280
16281
16285
16557
18007
16287
16559
16288
18009
16286
16287
16288
16286
16287
16325
16563
16286
16288
16326
18013
16287
16288
16564
18014
16328
16566
18016
16293
16294
16295
16303
16317
16293
16294
16293
16295
16304
16294
16295
16318
16307
16321
16308
16322
16300
16301
16302
16303
16324
16300
16301
16300
16302
16305
16301
16302
16325
16307
16328
16309
16329
16307
16308
16309
16331
16307
16308
16307
16309
16584
16308
16309
16332
16586
16335
16336
16588
16314
16315
16316
16317
16324
16314
16315
16314
16316
16319
16315
16316
16326
16321
16328
16323
16330
16321
16322
16323
16331
16321
16322
16321
16323
18048
16322
16323
16333
18049
16335
16337
18051
16328
16329
16330
16331
16328
16329
16605
16328
16330
18055
16329
16330
16334
16606
18056
16336
16608
16337
18058
16335
16336
16337
16335
16336
16612
16335
16337
18062
16336
16337
16613
18063
16615
18065
16342
16343
16344
16352
16366
16342
16343
16342
16344
16353
16343
16344
16367
16356
16370
16357
16371
16349
16350
16351
16352
16373
16349
16350
16349
16351
16354
16350
16351
16374
16356
16377
16358
16378
16356
16357
16358
16380
16356
16357
16395
16356
16358
16633
16357
16358
16381
16397
16635
16384
16399
16385
16637
16363
16364
16365
16366
16373
16363
16364
16363
16365
16368
16364
16365
16375
16370
16377
16372
16379
16370
16371
16372
16380
16370
16371
16409
16370
16372
18097
16371
16372
16382
16411
18098
16384
16413
16386
18100
16377
16378
16379
16380
16377
16378
16654
16377
16379
18104
16378
16379
16383
16655
18105
16385
16657
16386
18107
16384
16385
16386
16384
16385
16423
16661
16384
16386
16424
18111
16385
16386
16662
18112
16426
16664
18114
16391
16392
16393
16401
16415
16391
16392
16391
16393
16402
16392
16393
16416
16405
16419
16406
16420
16398
16399
16400
16401
16422
16398
16399
16398
16400
16403
16399
16400
16423
16405
16426
16407
16427
16405
16406
16407
16429
16405
16406
16444
16405
16407
16682
16406
16407
16430
16446
16684
16433
16448
16434
16686
16412
16413
16414
16415
16422
16412
16413
16412
16414
16417
16413
16414
16424
16419
16426
16421
16428
16419
16420
16421
16429
16419
16420
16458
16419
16421
18146
16420
16421
16431
16460
18147
16433
16462
16435
18149
16426
16427
16428
16429
16426
16427
16703
16426
16428
18153
16427
16428
16432
16704
18154
16434
16706
16435
18156
16433
16434
16435
16433
16434
16472
16710
16433
16435
16473
18160
16434
16435
16711
18161
16475
16713
18163
16440
16441
16442
16450
16464
16440
16441
16440
16442
16451
16441
16442
16465
16454
16468
16455
16469
16447
16448
16449
16450
16471
16447
16448
16447
16449
16452
16448
16449
16472
16454
16475
16456
16476
16454
16455
16456
16478
16454
16455
16493
16454
16456
16731
16455
16456
16479
16495
16733
16482
16497
16483
16735
16461
16462
16463
16464
16471
16461
16462
16461
16463
16466
16462
16463
16473
16468
16475
16470
16477
16468
16469
16470
16478
16468
16469
16507
16468
16470
18195
16469
16470
16480
16509
18196
16482
16511
16484
18198
16475
16476
16477
16478
16475
16476
16752
16475
16477
18202
16476
16477
16481
16753
18203
16483
16755
16484
18205
16482
16483
16484
16482
16483
16521
16759
16482
16484
16522
18209
16483
16484
16760
18210
16524
16762
18212
16489
16490
16491
16499
16513
16489
16490
16489
16491
16500
16490
16491
16514
16503
16517
16504
16518
16496
16497
16498
16499
16520
16496
16497
16496
16498
16501
16497
16498
16521
16503
16524
16505
16525
16503
16504
16505
16527
16503
16504
16542
16503
16505
16780
16504
16505
16528
16544
16782
16531
16546
16532
16784
16510
16511
16512
16513
16520
16510
16511
16510
16512
16515
16511
16512
16522
16517
16524
16519
16526
16517
16518
16519
16527
16517
16518
16556
16517
16519
18244
16518
16519
16529
16558
18245
16531
16560
16533
18247
16524
16525
16526
16527
16524
16525
16801
16524
16526
18251
16525
16526
16530
16802
18252
16532
16804
16533
18254
16531
16532
16533
16531
16532
16570
16808
16531
16533
16571
18258
16532
16533
16809
18259
16573
16811
18261
16538
16539
16540
16548
16562
16538
16539
16538
16540
16549
16539
16540
16563
16552
16566
16553
16567
16545
16546
16547
16548
16569
16545
16546
16545
16547
16550
16546
16547
16570
16552
16573
16554
16574
16552
16553
16554
16576
16552
16553
16591
16552
16554
16829
16553
16554
16577
16593
16831
16580
16595
16581
16833
16559
16560
16561
16562
16569
16559
16560
16559
16561
16564
16560
16561
16571
16566
16573
16568
16575
16566
16567
16568
16576
16566
16567
16605
16566
16568
18293
16567
16568
16578
16607
18294
16580
16609
16582
18296
16573
16574
16575
16576
16573
16574
16850
16573
16575
18300
16574
16575
16579
16851
18301
16581
16853
16582
18303
16580
16581
16582
16580
16581
16619
16857
16580
16582
16620
18307
16581
16582
16858
18308
16622
16860
18310
16587
16588
16589
16597
16611
16587
16588
16587
16589
16598
16588
16589
16612
16601
16615
16602
16616
16594
16595
16596
16597
16618
16594
16595
16594
16596
16599
16595
16596
16619
16601
16622
16603
16623
16601
16602
16603
16625
16601
16602
16601
16603
16878
16602
16603
16626
16880
16629
16630
16882
16608
16609
16610
16611
16618
16608
16609
16608
16610
16613
16609
16610
16620
16615
16622
16617
16624
16615
16616
16617
16625
16615
16616
16615
16617
18342
16616
16617
16627
18343
16629
16631
18345
16622
16623
16624
16625
16622
16623
16899
16622
16624
18349
16623
16624
16628
16900
18350
16630
16902
16631
18352
16629
16630
16631
16629
16630
16906
16629
16631
18356
16630
16631
16907
18357
16909
18359
16636
16637
16638
16646
16660
16636
16637
16636
16638
16647
16637
16638
16661
16650
16664
16651
16665
16643
16644
16645
16646
16667
16643
16644
16643
16645
16648
16644
16645
16668
16650
16671
16652
16672
16650
16651
16652
16674
16650
16651
16689
16650
16652
16651
16652
16675
16691
16678
16693
16679
16657
16658
16659
16660
16667
16657
16658
16657
16659
16662
16658
16659
16669
16664
16671
16666
16673
16664
16665
16666
16674
16664
16665
16703
16664
16666
18391
16665
16666
16676
16705
18392
16678
16707
16680
18394
16671
16672
16673
16674
16671
16672
16671
16673
18398
16672
16673
16677
18399
16679
16680
18401
16678
16679
16680
16678
16679
16717
16678
16680
16718
18405
16679
16680
18406
16720
18408
16685
16686
16687
16695
16709
16685
16686
16685
16687
16696
16686
16687
16710
16699
16713
16700
16714
16692
16693
16694
16695
16716
16692
16693
16692
16694
16697
16693
16694
16717
16699
16720
16701
16721
16699
16700
16701
16723
16699
16700
16738
16699
16701
16700
16701
16724
16740
16727
16742
16728
16706
16707
16708
16709
16716
16706
16707
16706
16708
16711
16707
16708
16718
16713
16720
16715
16722
16713
16714
16715
16723
16713
16714
16752
16713
16715
18440
16714
16715
16725
16754
18441
16727
16756
16729
18443
16720
16721
16722
16723
16720
16721
16720
16722
18447
16721
16722
16726
18448
16728
16729
18450
16727
16728
16729
16727
16728
16766
16727
16729
16767
18454
16728
16729
18455
16769
18457
16734
16735
16736
16744
16758
16734
16735
16734
16736
16745
16735
16736
16759
16748
16762
16749
16763
16741
16742
16743
16744
16765
16741
16742
16741
16743
16746
16742
16743
16766
16748
16769
16750
16770
16748
16749
16750
16772
16748
16749
16787
16748
16750
16749
16750
16773
16789
16776
16791
16777
16755
16756
16757
16758
16765
16755
16756
16755
16757
16760
16756
16757
16767
16762
16769
16764
16771
16762
16763
16764
16772
16762
16763
16801
16762
16764
18489
16763
16764
16774
16803
18490
16776
16805
16778
18492
16769
16770
16771
16772
16769
16770
16769
16771
18496
16770
16771
16775
18497
16777
16778
18499
16776
16777
16778
16776
16777
16815
16776
16778
16816
18503
16777
16778
18504
16818
18506
16783
16784
16785
16793
16807
16783
16784
16783
16785
16794
16784
16785
16808
16797
16811
16798
16812
16790
16791
16792
16793
16814
16790
16791
16790
16792
16795
16791
16792
16815
16797
16818
16799
16819
16797
16798
16799
16821
16797
16798
16836
16797
16799
16798
16799
16822
16838
16825
16840
16826
16804
16805
16806
16807
16814
16804
16805
16804
16806
16809
16805
16806
16816
16811
16818
16813
16820
16811
16812
16813
16821
16811
16812
16850
16811
16813
18538
16812
16813
16823
16852
18539
16825
16854
16827
18541
16818
16819
16820
16821
16818
16819
16818
16820
18545
16819
16820
16824
18546
16826
16827
18548
16825
16826
16827
16825
16826
16864
16825
16827
16865
18552
16826
16827
18553
16867
18555
16832
16833
16834
16842
16856
16832
16833
16832
16834
16843
16833
16834
16857
16846
16860
16847
16861
16839
16840
16841
16842
16863
16839
16840
16839
16841
16844
16840
16841
16864
16846
16867
16848
16868
16846
16847
16848
16870
16846
16847
16885
16846
16848
16847
16848
16871
16887
16874
16889
16875
16853
16854
16855
16856
16863
16853
16854
16853
16855
16858
16854
16855
16865
16860
16867
16862
16869
16860
16861
16862
16870
16860
16861
16899
16860
16862
18587
16861
16862
16872
16901
18588
16874
16903
16876
18590
16867
16868
16869
16870
16867
16868
16867
16869
18594
16868
16869
16873
18595
16875
16876
18597
16874
16875
16876
16874
16875
16913
16874
16876
16914
18601
16875
16876
18602
16916
18604
16881
16882
16883
16891
16905
16881
16882
16881
16883
16892
16882
16883
16906
16895
16909
16896
16910
16888
16889
16890
16891
16912
16888
16889
16888
16890
16893
16889
16890
16913
16895
16916
16897
16917
16895
16896
16897
16919
16895
16896
16895
16897
16896
16897
16920
16923
16924
16902
16903
16904
16905
16912
16902
16903
16902
16904
16907
16903
16904
16914
16909
16916
16911
16918
16909
16910
16911
16919
16909
16910
16909
16911
18636
16910
16911
16921
18637
16923
16925
18639
16916
16917
16918
16919
16916
16917
16916
16918
18643
16917
16918
16922
18644
16924
16925
18646
16923
16924
16925
16923
16924
16923
16925
18650
16924
16925
18651
18653
16930
16931
16932
16940
16954
16930
16931
16930
16932
16941
16931
16932
16955
16944
16958
16945
16959
16937
16938
16939
16940
16961
16937
16938
16937
16939
16942
16938
16939
16962
16944
16965
16946
16966
16944
16945
16946
16968
16944
16945
16983
16944
16946
17221
16945
16946
16969
16985
17223
16972
16987
16973
17225
16951
16952
16953
16954
16961
16951
16952
16951
16953
16956
16952
16953
16963
16958
16965
16960
16967
16958
16959
16960
16968
16958
16959
16997
16958
16960
18685
16959
16960
16970
16999
18686
16972
17001
16974
18688
16965
16966
16967
16968
16965
16966
17242
16965
16967
18692
16966
16967
16971
17243
18693
16973
17245
16974
18695
16972
16973
16974
16972
16973
17011
17249
16972
16974
17012
18699
16973
16974
17250
18700
17014
17252
18702
16979
16980
16981
16989
17003
16979
16980
16979
16981
16990
16980
16981
17004
16993
17007
16994
17008
16986
16987
16988
16989
17010
16986
16987
16986
16988
16991
16987
16988
17011
16993
17014
16995
17015
16993
16994
16995
17017
16993
16994
17032
16993
16995
17270
16994
16995
17018
17034
17272
17021
17036
17022
17274
17000
17001
17002
17003
17010
17000
17001
17000
17002
17005
17001
17002
17012
17007
17014
17009
17016
17007
17008
17009
17017
17007
17008
17046
17007
17009
18734
17008
17009
17019
17048
18735
17021
17050
17023
18737
17014
17015
17016
17017
17014
17015
17291
17014
17016
18741
17015
17016
17020
17292
18742
17022
17294
17023
18744
17021
17022
17023
17021
17022
17060
17298
17021
17023
17061
18748
17022
17023
17299
18749
17063
17301
18751
17028
17029
17030
17038
17052
17028
17029
17028
17030
17039
17029
17030
17053
17042
17056
17043
17057
17035
17036
17037
17038
17059
17035
17036
17035
17037
17040
17036
17037
17060
17042
17063
17044
17064
17042
17043
17044
17066
17042
17043
17081
17042
17044
17319
17043
17044
17067
17083
17321
17070
17085
17071
17323
17049
17050
17051
17052
17059
17049
17050
17049
17051
17054
17050
17051
17061
17056
17063
17058
17065
17056
17057
17058
17066
17056
17057
17095
17056
17058
18783
17057
17058
17068
17097
18784
17070
17099
17072
18786
17063
17064
17065
17066
17063
17064
17340
17063
17065
18790
17064
17065
17069
17341
18791
17071
17343
17072
18793
17070
17071
17072
17070
17071
17109
17347
17070
17072
17110
18797
17071
17072
17348
18798
17112
17350
18800
17077
17078
17079
17087
17101
17077
17078
17077
17079
17088
17078
17079
17102
17091
17105
17092
17106
17084
17085
17086
17087
17108
17084
17085
17084
17086
17089
17085
17086
17109
17091
17112
17093
17113
17091
17092
17093
17115
17091
17092
17130
17091
17093
17368
17092
17093
17116
17132
17370
17119
17134
17120
17372
17098
17099
17100
17101
17108
17098
17099
17098
17100
17103
17099
17100
17110
17105
17112
17107
17114
17105
17106
17107
17115
17105
17106
17144
17105
17107
18832
17106
17107
17117
17146
18833
17119
17148
17121
18835
17112
17113
17114
17115
17112
17113
17389
17112
17114
18839
17113
17114
17118
17390
18840
17120
17392
17121
18842
17119
17120
17121
17119
17120
17158
17396
17119
17121
17159
18846
17120
17121
17397
18847
17161
17399
18849
17126
17127
17128
17136
17150
17126
17127
17126
17128
17137
17127
17128
17151
17140
17154
17141
17155
17133
17134
17135
17136
17157
17133
17134
17133
17135
17138
17134
17135
17158
17140
17161
17142
17162
17140
17141
17142
17164
17140
17141
17179
17140
17142
17417
17141
17142
17165
17181
17419
17168
17183
17169
17421
17147
17148
17149
17150
17157
17147
17148
17147
17149
17152
17148
17149
17159
17154
17161
17156
17163
17154
17155
17156
17164
17154
17155
17193
17154
17156
18881
17155
17156
17166
17195
18882
17168
17197
17170
18884
17161
17162
17163
17164
17161
17162
17438
17161
17163
18888
17162
17163
17167
17439
18889
17169
17441
17170
18891
17168
17169
17170
17168
17169
17207
17445
17168
17170
17208
18895
17169
17170
17446
18896
17210
17448
18898
17175
17176
17177
17185
17199
17175
17176
17175
17177
17186
17176
17177
17200
17189
17203
17190
17204
17182
17183
17184
17185
17206
17182
17183
17182
17184
17187
17183
17184
17207
17189
17210
17191
17211
17189
17190
17191
17213
17189
17190
17189
17191
17466
17190
17191
17214
17468
17217
17218
17470
17196
17197
17198
17199
17206
17196
17197
17196
17198
17201
17197
17198
17208
17203
17210
17205
17212
17203
17204
17205
17213
17203
17204
17203
17205
18930
17204
17205
17215
18931
17217
17219
18933
17210
17211
17212
17213
17210
17211
17487
17210
17212
18937
17211
17212
17216
17488
18938
17218
17490
17219
18940
17217
17218
17219
17217
17218
17494
17217
17219
18944
17218
17219
17495
18945
17497
18947
17224
17225
17226
17234
17248
17224
17225
17224
17226
17235
17225
17226
17249
17238
17252
17239
17253
17231
17232
17233
17234
17255
17231
17232
17231
17233
17236
17232
17233
17256
17238
17259
17240
17260
17238
17239
17240
17262
17238
17239
17277
17238
17240
17515
17239
17240
17263
17279
17517
17266
17281
17267
17519
17245
17246
17247
17248
17255
17245
17246
17245
17247
17250
17246
17247
17257
17252
17259
17254
17261
17252
17253
17254
17262
17252
17253
17291
17252
17254
18979
17253
17254
17264
17293
18980
17266
17295
17268
18982
17259
17260
17261
17262
17259
17260
17536
17259
17261
18986
17260
17261
17265
17537
18987
17267
17539
17268
18989
17266
17267
17268
17266
17267
17305
17543
17266
17268
17306
18993
17267
17268
17544
18994
17308
17546
18996
17273
17274
17275
17283
17297
17273
17274
17273
17275
17284
17274
17275
17298
17287
17301
17288
17302
17280
17281
17282
17283
17304
17280
17281
17280
17282
17285
17281
17282
17305
17287
17308
17289
17309
17287
17288
17289
17311
17287
17288
17326
17287
17289
17564
17288
17289
17312
17328
17566
17315
17330
17316
17568
17294
17295
17296
17297
17304
17294
17295
17294
17296
17299
17295
17296
17306
17301
17308
17303
17310
17301
17302
17303
17311
17301
17302
17340
17301
17303
19028
17302
17303
17313
17342
19029
17315
17344
17317
19031
17308
17309
17310
17311
17308
17309
17585
17308
17310
19035
17309
17310
17314
17586
19036
17316
17588
17317
19038
17315
17316
17317
17315
17316
17354
17592
17315
17317
17355
19042
17316
17317
17593
19043
17357
17595
19045
17322
17323
17324
17332
17346
17322
17323
17322
17324
17333
17323
17324
17347
17336
17350
17337
17351
17329
17330
17331
17332
17353
17329
17330
17329
17331
17334
17330
17331
17354
17336
17357
17338
17358
17336
17337
17338
17360
17336
17337
17375
17336
17338
17337
17338
17361
17377
17614
17364
17379
17365
17616
17343
17344
17345
17346
17353
17343
17344
17343
17345
17348
17344
17345
17355
17350
17357
17352
17359
17350
17351
17352
17360
17350
17351
17389
17350
17352
19077
17351
17352
17362
17391
19078
17364
17393
17366
19080
17357
17358
17359
17360
17357
17358
17632
17357
17359
19084
17358
17359
17363
17633
19085
17365
17635
17366
19087
17364
17365
17366
17364
17365
17403
17639
17364
17366
17404
19091
17365
17366
17640
19092
17406
17642
19094
17371
17372
17373
17381
17395
17371
17372
17371
17373
17382
17372
17373
17396
17385
17399
17386
17400
17378
17379
17380
17381
17402
17378
17379
17378
17380
17383
17379
17380
17403
17385
17406
17387
17407
17385
17386
17387
17409
17385
17386
17424
17385
17387
17660
17386
17387
17410
17426
17662
17413
17428
17414
17664
17392
17393
17394
17395
17402
17392
17393
17392
17394
17397
17393
17394
17404
17399
17406
17401
17408
17399
17400
17401
17409
17399
17400
17438
17399
17401
19126
17400
17401
17411
17440
19127
17413
17442
17415
19129
17406
17407
17408
17409
17406
17407
17680
17406
17408
19133
17407
17408
17412
17681
19134
17414
17683
17415
19136
17413
17414
17415
17413
17414
17452
17687
17413
17415
17453
19140
17414
17415
17688
19141
17455
17690
19143
17420
17421
17422
17430
17444
17420
17421
17420
17422
17431
17421
17422
17445
17434
17448
17435
17449
17427
17428
17429
17430
17451
17427
17428
17427
17429
17432
17428
17429
17452
17434
17455
17436
17456
17434
17435
17436
17458
17434
17435
17473
17434
17436
17708
17435
17436
17459
17475
17710
17462
17477
17463
17712
17441
17442
17443
17444
17451
17441
17442
17441
17443
17446
17442
17443
17453
17448
17455
17450
17457
17448
17449
17450
17458
17448
17449
17487
17448
17450
19175
17449
17450
17460
17489
19176
17462
17491
17464
19178
17455
17456
17457
17458
17455
17456
17729
17455
17457
19182
17456
17457
17461
17730
19183
17463
17732
17464
19185
17462
17463
17464
17462
17463
17501
17736
17462
17464
17502
19189
17463
17464
17737
19190
17504
17739
19192
17469
17470
17471
17479
17493
17469
17470
17469
17471
17480
17470
17471
17494
17483
17497
17484
17498
17476
17477
17478
17479
17500
17476
17477
17476
17478
17481
17477
17478
17501
17483
17504
17485
17505
17483
17484
17485
17507
17483
17484
17483
17485
17757
17484
17485
17508
17759
17511
17512
17761
17490
17491
17492
17493
17500
17490
17491
17490
17492
17495
17491
17492
17502
17497
17504
17499
17506
17497
17498
17499
17507
17497
17498
17497
17499
19224
17498
17499
17509
19225
17511
17513
19227
17504
17505
17506
17507
17504
17505
17778
17504
17506
19231
17505
17506
17510
17779
19232
17512
17781
17513
19234
17511
17512
17513
17511
17512
17785
17511
17513
19238
17512
17513
17786
19239
17788
19241
17518
17519
17520
17528
17542
17518
17519
17518
17520
17529
17519
17520
17543
17532
17546
17533
17547
17525
17526
17527
17528
17549
17525
17526
17525
17527
17530
17526
17527
17550
17532
17553
17534
17554
17532
17533
17534
17556
17532
17533
17571
17532
17534
17806
17533
17534
17557
17573
17808
17560
17575
17561
17810
17539
17540
17541
17542
17549
17539
17540
17539
17541
17544
17540
17541
17551
17546
17553
17548
17555
17546
17547
17548
17556
17546
17547
17585
17546
17548
19273
17547
17548
17558
17587
19274
17560
17589
17562
19276
17553
17554
17555
17556
17553
17554
17827
17553
17555
19280
17554
17555
17559
17828
19281
17561
17830
17562
19283
17560
17561
17562
17560
17561
17599
17834
17560
17562
17600
19287
17561
17562
17835
19288
17602
17837
19290
17567
17568
17569
17577
17591
17567
17568
17567
17569
17578
17568
17569
17592
17581
17595
17582
17596
17574
17575
17576
17577
17598
17574
17575
17574
17576
17579
17575
17576
17599
17581
17602
17583
17603
17581
17582
17583
17605
17581
17582
17581
17583
17855
17582
17583
17606
17620
17857
17609
17622
17610
17859
17588
17589
17590
17591
17598
17588
17589
17588
17590
17593
17589
17590
17600
17595
17602
17597
17604
17595
17596
17597
17605
17595
17596
17632
17595
17597
19322
17596
17597
17607
17634
19323
17609
17636
17611
19325
17602
17603
17604
17605
17602
17603
17876
17602
17604
19329
17603
17604
17608
17877
19330
17610
17879
17611
19332
17609
17610
17611
17609
17610
17646
17883
17609
17611
17647
19336
17610
17611
17884
19337
17649
17886
19339
17615
17616
17617
17624
17638
17615
17617
17625
17616
17617
17639
17628
17642
17629
17643
17621
17622
17623
17624
17645
17621
17623
17626
17622
17623
17646
17628
17649
17630
17650
17628
17629
17630
17652
17628
17629
17667
17628
17630
17904
17629
17630
17653
17669
17906
17656
17671
17657
17908
17635
17636
17637
17638
17645
17635
17636
17635
17637
17640
17636
17637
17647
17642
17649
17644
17651
17642
17643
17644
17652
17642
17643
17680
17642
17644
19371
17643
17644
17654
17682
19372
17656
17684
17658
19374
17649
17650
17651
17652
17649
17650
17924
17649
17651
19378
17650
17651
17655
17925
19379
17657
17927
17658
19381
17656
17657
17658
17656
17657
17694
17931
17656
17658
17695
19385
17657
17658
17932
19386
17697
17934
19388
17663
17664
17665
17673
17686
17664
17665
17664
17665
17687
17676
17690
17677
17691
17670
17671
17672
17673
17693
17670
17671
17670
17672
17674
17671
17672
17694
17676
17697
17678
17698
17676
17677
17678
17700
17676
17678
17952
17677
17678
17701
17717
17953
17704
17719
17705
17955
17683
17684
17685
17686
17693
17683
17684
17683
17685
17688
17684
17685
17695
17690
17697
17692
17699
17690
17691
17692
17700
17690
17691
17729
17690
17692
19420
17691
17692
17702
17731
19421
17704
17733
17706
19423
17697
17698
17699
17700
17697
17698
17971
17697
17699
19427
17698
17699
17703
17972
19428
17705
17974
17706
19430
17704
17705
17706
17704
17705
17743
17978
17704
17706
17744
19434
17705
17706
17979
19435
17746
17981
19437
17711
17712
17713
17721
17735
17711
17712
17711
17713
17722
17712
17713
17736
17725
17739
17726
17740
17718
17719
17720
17721
17742
17718
17719
17718
17720
17723
17719
17720
17743
17725
17746
17727
17747
17725
17726
17727
17749
17725
17726
17764
17725
17727
17999
17726
17727
17750
17766
18001
17753
17768
17754
18003
17732
17733
17734
17735
17742
17732
17733
17732
17734
17737
17733
17734
17744
17739
17746
17741
17748
17739
17740
17741
17749
17739
17740
17778
17739
17741
19469
17740
17741
17751
17780
19470
17753
17782
17755
19472
17746
17747
17748
17749
17746
17747
18020
17746
17748
19476
17747
17748
17752
18021
19477
17754
18023
17755
19479
17753
17754
17755
17753
17754
17792
18027
17753
17755
17793
19483
17754
17755
18028
19484
17795
18030
19486
17760
17761
17762
17770
17784
17760
17761
17760
17762
17771
17761
17762
17785
17774
17788
17775
17789
17767
17768
17769
17770
17791
17767
17768
17767
17769
17772
17768
17769
17792
17774
17795
17776
17796
17774
17775
17776
17798
17774
17775
17774
17776
18048
17775
17776
17799
18050
17802
17803
18052
17781
17782
17783
17784
17791
17781
17782
17781
17783
17786
17782
17783
17793
17788
17795
17790
17797
17788
17789
17790
17798
17788
17789
17788
17790
19518
17789
17790
17800
19519
17802
17804
19521
17795
17796
17797
17798
17795
17796
18069
17795
17797
19525
17796
17797
17801
18070
19526
17803
18072
17804
19528
17802
17803
17804
17802
17803
18076
17802
17804
19532
17803
17804
18077
19533
18079
19535
17809
17810
17811
17819
17833
17809
17810
17809
17811
17820
17810
17811
17834
17823
17837
17824
17838
17816
17817
17818
17819
17840
17816
17817
17816
17818
17821
17817
17818
17841
17823
17844
17825
17845
17823
17824
17825
17847
17823
17824
17862
17823
17825
18097
17824
17825
17848
17864
18099
17851
17866
17852
18101
17830
17831
17832
17833
17840
17830
17831
17830
17832
17835
17831
17832
17842
17837
17844
17839
17846
17837
17838
17839
17847
17837
17838
17876
17837
17839
19567
17838
17839
17849
17878
19568
17851
17880
17853
19570
17844
17845
17846
17847
17844
17845
18118
17844
17846
19574
17845
17846
17850
18119
19575
17852
18121
17853
19577
17851
17852
17853
17851
17852
17890
18125
17851
17853
17891
19581
17852
17853
18126
19582
17893
18128
19584
17858
17859
17860
17868
17882
17858
17859
17858
17860
17869
17859
17860
17883
17872
17886
17873
17887
17865
17866
17867
17868
17889
17865
17866
17865
17867
17870
17866
17867
17890
17872
17893
17874
17894
17872
17873
17874
17896
17872
17873
17911
17872
17874
18146
17873
17874
17897
17913
18148
17900
17915
17901
18150
17879
17880
17881
17882
17889
17879
17880
17879
17881
17884
17880
17881
17891
17886
17893
17888
17895
17886
17887
17888
17896
17886
17887
17924
17886
17888
19616
17887
17888
17898
17926
19617
17900
17928
17902
19619
17893
17894
17895
17896
17893
17894
18167
17893
17895
19623
17894
17895
17899
18168
19624
17901
18170
17902
19626
17900
17901
17902
17900
17901
17938
18174
17900
17902
17939
19630
17901
17902
18175
19631
17941
18177
19633
17907
17908
17909
17917
17930
17907
17908
17907
17909
17918
17908
17909
17931
17920
17934
17921
17935
17914
17915
17916
17917
17937
17915
17916
17915
17916
17938
17920
17941
17922
17942
17920
17921
17922
17944
17920
17921
17958
17921
17922
17945
17959
18197
17948
17961
17949
18199
17927
17928
17929
17930
17937
17927
17928
17927
17929
17932
17928
17929
17939
17934
17941
17936
17943
17934
17935
17936
17944
17934
17935
17971
17934
17936
19665
17935
17936
17946
17973
19666
17948
17975
17950
19668
17941
17942
17943
17944
17941
17942
18216
17941
17943
19672
17942
17943
17947
18217
19673
17949
18219
17950
19675
17948
17949
17950
17948
17949
17985
18223
17948
17950
17986
19679
17949
17950
18224
19680
17988
18226
19682
17954
17955
17956
17963
17977
17954
17955
17955
17956
17978
17967
17981
17968
17982
17960
17961
17962
17963
17984
17960
17961
17961
17962
17985
17967
17988
17969
17989
17967
17968
17969
17991
17968
18006
17969
18244
17968
17969
17992
18008
18246
17995
18010
17996
18248
17974
17975
17976
17977
17984
17974
17975
17974
17976
17979
17975
17976
17986
17981
17988
17983
17990
17981
17982
17983
17991
17981
17982
18020
17981
17983
19714
17982
17983
17993
18022
19715
17995
18024
17997
19717
17988
17989
17990
17991
17988
17989
18265
17988
17990
19721
17989
17990
17994
18266
19722
17996
18268
17997
19724
17995
17996
17997
17995
17996
18034
18272
17995
17997
18035
19728
17996
17997
18273
19729
18037
18275
19731
18002
18003
18004
18012
18026
18002
18003
18002
18004
18013
18003
18004
18027
18016
18030
18017
18031
18009
18010
18011
18012
18033
18009
18010
18009
18011
18014
18010
18011
18034
18016
18037
18018
18038
18016
18017
18018
18040
18016
18017
18055
18016
18018
18293
18017
18018
18041
18057
18295
18044
18059
18045
18297
18023
18024
18025
18026
18033
18023
18024
18023
18025
18028
18024
18025
18035
18030
18037
18032
18039
18030
18031
18032
18040
18030
18031
18069
18030
18032
19763
18031
18032
18042
18071
19764
18044
18073
18046
19766
18037
18038
18039
18040
18037
18038
18314
18037
18039
19770
18038
18039
18043
18315
19771
18045
18317
18046
19773
18044
18045
18046
18044
18045
18083
18321
18044
18046
18084
19777
18045
18046
18322
19778
18086
18324
19780
18051
18052
18053
18061
18075
18051
18052
18051
18053
18062
18052
18053
18076
18065
18079
18066
18080
18058
18059
18060
18061
18082
18058
18059
18058
18060
18063
18059
18060
18083
18065
18086
18067
18087
18065
18066
18067
18089
18065
18066
18065
18067
18342
18066
18067
18090
18344
18093
18094
18346
18072
18073
18074
18075
18082
18072
18073
18072
18074
18077
18073
18074
18084
18079
18086
18081
18088
18079
18080
18081
18089
18079
18080
18079
18081
19812
18080
18081
18091
19813
18093
18095
19815
18086
18087
18088
18089
18086
18087
18363
18086
18088
19819
18087
18088
18092
18364
19820
18094
18366
18095
19822
18093
18094
18095
18093
18094
18370
18093
18095
19826
18094
18095
18371
19827
18373
19829
18100
18101
18102
18110
18124
18100
18101
18100
18102
18111
18101
18102
18125
18114
18128
18115
18129
18107
18108
18109
18110
18131
18107
18108
18107
18109
18112
18108
18109
18132
18114
18135
18116
18136
18114
18115
18116
18138
18114
18115
18153
18114
18116
18391
18115
18116
18139
18155
18393
18142
18157
18143
18395
18121
18122
18123
18124
18131
18121
18122
18121
18123
18126
18122
18123
18133
18128
18135
18130
18137
18128
18129
18130
18138
18128
18129
18167
18128
18130
19861
18129
18130
18140
18169
19862
18142
18171
18144
19864
18135
18136
18137
18138
18135
18136
18412
18135
18137
19868
18136
18137
18141
18413
19869
18143
18415
18144
19871
18142
18143
18144
18142
18143
18181
18419
18142
18144
18182
19875
18143
18144
18420
19876
18184
18422
19878
18149
18150
18151
18159
18173
18149
18150
18149
18151
18160
18150
18151
18174
18163
18177
18164
18178
18156
18157
18158
18159
18180
18156
18157
18156
18158
18161
18157
18158
18181
18163
18184
18165
18185
18163
18164
18165
18187
18163
18164
18202
18163
18165
18440
18164
18165
18188
18204
18442
18191
18206
18192
18444
18170
18171
18172
18173
18180
18170
18171
18170
18172
18175
18171
18172
18182
18177
18184
18179
18186
18177
18178
18179
18187
18177
18178
18216
18177
18179
19910
18178
18179
18189
18218
19911
18191
18220
18193
19913
18184
18185
18186
18187
18184
18185
18461
18184
18186
19917
18185
18186
18190
18462
19918
18192
18464
18193
19920
18191
18192
18193
18191
18192
18230
18468
18191
18193
18231
19924
18192
18193
18469
19925
18233
18471
19927
18198
18199
18200
18208
18222
18198
18199
18198
18200
18209
18199
18200
18223
18212
18226
18213
18227
18205
18206
18207
18208
18229
18205
18206
18205
18207
18210
18206
18207
18230
18212
18233
18214
18234
18212
18213
18214
18236
18212
18213
18251
18212
18214
18489
18213
18214
18237
18253
18491
18240
18255
18241
18493
18219
18220
18221
18222
18229
18219
18220
18219
18221
18224
18220
18221
18231
18226
18233
18228
18235
18226
18227
18228
18236
18226
18227
18265
18226
18228
19959
18227
18228
18238
18267
19960
18240
18269
18242
19962
18233
18234
18235
18236
18233
18234
18510
18233
18235
19966
18234
18235
18239
18511
19967
18241
18513
18242
19969
18240
18241
18242
18240
18241
18279
18517
18240
18242
18280
19973
18241
18242
18518
19974
18282
18520
19976
18247
18248
18249
18257
18271
18247
18248
18247
18249
18258
18248
18249
18272
18261
18275
18262
18276
18254
18255
18256
18257
18278
18254
18255
18254
18256
18259
18255
18256
18279
18261
18282
18263
18283
18261
18262
18263
18285
18261
18262
18300
18261
18263
18538
18262
18263
18286
18302
18540
18289
18304
18290
18542
18268
18269
18270
18271
18278
18268
18269
18268
18270
18273
18269
18270
18280
18275
18282
18277
18284
18275
18276
18277
18285
18275
18276
18314
18275
18277
20008
18276
18277
18287
18316
20009
18289
18318
18291
20011
18282
18283
18284
18285
18282
18283
18559
18282
18284
20015
18283
18284
18288
18560
20016
18290
18562
18291
20018
18289
18290
18291
18289
18290
18328
18566
18289
18291
18329
20022
18290
18291
18567
20023
18331
18569
20025
18296
18297
18298
18306
18320
18296
18297
18296
18298
18307
18297
18298
18321
18310
18324
18311
18325
18303
18304
18305
18306
18327
18303
18304
18303
18305
18308
18304
18305
18328
18310
18331
18312
18332
18310
18311
18312
18334
18310
18311
18349
18310
18312
18587
18311
18312
18335
18351
18589
18338
18353
18339
18591
18317
18318
18319
18320
18327
18317
18318
18317
18319
18322
18318
18319
18329
18324
18331
18326
18333
18324
18325
18326
18334
18324
18325
18363
18324
18326
20057
18325
18326
18336
18365
20058
18338
18367
18340
20060
18331
18332
18333
18334
18331
18332
18608
18331
18333
20064
18332
18333
18337
18609
20065
18339
18611
18340
20067
18338
18339
18340
18338
18339
18377
18615
18338
18340
18378
20071
18339
18340
18616
20072
18380
18618
20074
18345
18346
18347
18355
18369
18345
18346
18345
18347
18356
18346
18347
18370
18359
18373
18360
18374
18352
18353
18354
18355
18376
18352
18353
18352
18354
18357
18353
18354
18377
18359
18380
18361
18381
18359
18360
18361
18383
18359
18360
18359
18361
18636
18360
18361
18384
18638
18387
18388
18640
18366
18367
18368
18369
18376
18366
18367
18366
18368
18371
18367
18368
18378
18373
18380
18375
18382
18373
18374
18375
18383
18373
18374
18373
18375
20106
18374
18375
18385
20107
18387
18389
20109
18380
18381
18382
18383
18380
18381
18657
18380
18382
20113
18381
18382
18386
18658
20114
18388
18660
18389
20116
18387
18388
18389
18387
18388
18664
18387
18389
20120
18388
18389
18665
20121
18667
20123
18394
18395
18396
18404
18418
18394
18395
18394
18396
18405
18395
18396
18419
18408
18422
18409
18423
18401
18402
18403
18404
18425
18401
18402
18401
18403
18406
18402
18403
18426
18408
18429
18410
18430
18408
18409
18410
18432
18408
18409
18447
18408
18410
18409
18410
18433
18449
18436
18451
18437
18415
18416
18417
18418
18425
18415
18416
18415
18417
18420
18416
18417
18427
18422
18429
18424
18431
18422
18423
18424
18432
18422
18423
18461
18422
18424
20155
18423
18424
18434
18463
20156
18436
18465
18438
20158
18429
18430
18431
18432
18429
18430
18429
18431
20162
18430
18431
18435
20163
18437
18438
20165
18436
18437
18438
18436
18437
18475
18436
18438
18476
20169
18437
18438
20170
18478
20172
18443
18444
18445
18453
18467
18443
18444
18443
18445
18454
18444
18445
18468
18457
18471
18458
18472
18450
18451
18452
18453
18474
18450
18451
18450
18452
18455
18451
18452
18475
18457
18478
18459
18479
18457
18458
18459
18481
18457
18458
18496
18457
18459
18458
18459
18482
18498
18485
18500
18486
18464
18465
18466
18467
18474
18464
18465
18464
18466
18469
18465
18466
18476
18471
18478
18473
18480
18471
18472
18473
18481
18471
18472
18510
18471
18473
20204
18472
18473
18483
18512
20205
18485
18514
18487
20207
18478
18479
18480
18481
18478
18479
18478
18480
20211
18479
18480
18484
20212
18486
18487
20214
18485
18486
18487
18485
18486
18524
18485
18487
18525
20218
18486
18487
20219
18527
20221
18492
18493
18494
18502
18516
18492
18493
18492
18494
18503
18493
18494
18517
18506
18520
18507
18521
18499
18500
18501
18502
18523
18499
18500
18499
18501
18504
18500
18501
18524
18506
18527
18508
18528
18506
18507
18508
18530
18506
18507
18545
18506
18508
18507
18508
18531
18547
18534
18549
18535
18513
18514
18515
18516
18523
18513
18514
18513
18515
18518
18514
18515
18525
18520
18527
18522
18529
18520
18521
18522
18530
18520
18521
18559
18520
18522
20253
18521
18522
18532
18561
20254
18534
18563
18536
20256
18527
18528
18529
18530
18527
18528
18527
18529
20260
18528
18529
18533
20261
18535
18536
20263
18534
18535
18536
18534
18535
18573
18534
18536
18574
20267
18535
18536
20268
18576
20270
18541
18542
18543
18551
18565
18541
18542
18541
18543
18552
18542
18543
18566
18555
18569
18556
18570
18548
18549
18550
18551
18572
18548
18549
18548
18550
18553
18549
18550
18573
18555
18576
18557
18577
18555
18556
18557
18579
18555
18556
18594
18555
18557
18556
18557
18580
18596
18583
18598
18584
18562
18563
18564
18565
18572
18562
18563
18562
18564
18567
18563
18564
18574
18569
18576
18571
18578
18569
18570
18571
18579
18569
18570
18608
18569
18571
20302
18570
18571
18581
18610
20303
18583
18612
18585
20305
18576
18577
18578
18579
18576
18577
18576
18578
20309
18577
18578
18582
20310
18584
18585
20312
18583
18584
18585
18583
18584
18622
18583
18585
18623
20316
18584
18585
20317
18625
20319
18590
18591
18592
18600
18614
18590
18591
18590
18592
18601
18591
18592
18615
18604
18618
18605
18619
18597
18598
18599
18600
18621
18597
18598
18597
18599
18602
18598
18599
18622
18604
18625
18606
18626
18604
18605
18606
18628
18604
18605
18643
18604
18606
18605
18606
18629
18645
18632
18647
18633
18611
18612
18613
18614
18621
18611
18612
18611
18613
18616
18612
18613
18623
18618
18625
18620
18627
18618
18619
18620
18628
18618
18619
18657
18618
18620
20351
18619
18620
18630
18659
20352
18632
18661
18634
20354
18625
18626
18627
18628
18625
18626
18625
18627
20358
18626
18627
18631
20359
18633
18634
20361
18632
18633
18634
18632
18633
18671
18632
18634
18672
20365
18633
18634
20366
18674
20368
18639
18640
18641
18649
18663
18639
18640
18639
18641
18650
18640
18641
18664
18653
18667
18654
18668
18646
18647
18648
18649
18670
18646
18647
18646
18648
18651
18647
18648
18671
18653
18674
18655
18675
18653
18654
18655
18677
18653
18654
18653
18655
18654
18655
18678
18681
18682
18660
18661
18662
18663
18670
18660
18661
18660
18662
18665
18661
18662
18672
18667
18674
18669
18676
18667
18668
18669
18677
18667
18668
18667
18669
20400
18668
18669
18679
20401
18681
18683
20403
18674
18675
18676
18677
18674
18675
18674
18676
20407
18675
18676
18680
20408
18682
18683
20410
18681
18682
18683
18681
18682
18681
18683
20414
18682
18683
20415
20417
18688
18689
18690
18698
18712
18688
18689
18688
18690
18699
18689
18690
18713
18702
18716
18703
18717
18695
18696
18697
18698
18719
18695
18696
18695
18697
18700
18696
18697
18720
18702
18723
18704
18724
18702
18703
18704
18726
18702
18703
18741
18702
18704
18979
18703
18704
18727
18743
18981
18730
18745
18731
18983
18709
18710
18711
18712
18719
18709
18710
18709
18711
18714
18710
18711
18721
18716
18723
18718
18725
18716
18717
18718
18726
18716
18717
18755
18716
18718
20449
18717
18718
18728
18757
20450
18730
18759
18732
20452
18723
18724
18725
18726
18723
18724
19000
18723
18725
20456
18724
18725
18729
19001
20457
18731
19003
18732
20459
18730
18731
18732
18730
18731
18769
19007
18730
18732
18770
20463
18731
18732
19008
20464
18772
19010
20466
18737
18738
18739
18747
18761
18737
18738
18737
18739
18748
18738
18739
18762
18751
18765
18752
18766
18744
18745
18746
18747
18768
18744
18745
18744
18746
18749
18745
18746
18769
18751
18772
18753
18773
18751
18752
18753
18775
18751
18752
18790
18751
18753
19028
18752
18753
18776
18792
19030
18779
18794
18780
19032
18758
18759
18760
18761
18768
18758
18759
18758
18760
18763
18759
18760
18770
18765
18772
18767
18774
18765
18766
18767
18775
18765
18766
18804
18765
18767
20498
18766
18767
18777
18806
20499
18779
18808
18781
20501
18772
18773
18774
18775
18772
18773
19049
18772
18774
20505
18773
18774
18778
19050
20506
18780
19052
18781
20508
18779
18780
18781
18779
18780
18818
19056
18779
18781
18819
20512
18780
18781
19057
20513
18821
19059
20515
18786
18787
18788
18796
18810
18786
18787
18786
18788
18797
18787
18788
18811
18800
18814
18801
18815
18793
18794
18795
18796
18817
18793
18794
18793
18795
18798
18794
18795
18818
18800
18821
18802
18822
18800
18801
18802
18824
18800
18801
18839
18800
18802
19077
18801
18802
18825
18841
19079
18828
18843
18829
19081
18807
18808
18809
18810
18817
18807
18808
18807
18809
18812
18808
18809
18819
18814
18821
18816
18823
18814
18815
18816
18824
18814
18815
18853
18814
18816
20547
18815
18816
18826
18855
20548
18828
18857
18830
20550
18821
18822
18823
18824
18821
18822
19098
18821
18823
20554
18822
18823
18827
19099
20555
18829
19101
18830
20557
18828
18829
18830
18828
18829
18867
19105
18828
18830
18868
20561
18829
18830
19106
20562
18870
19108
20564
18835
18836
18837
18845
18859
18835
18836
18835
18837
18846
18836
18837
18860
18849
18863
18850
18864
18842
18843
18844
18845
18866
18842
18843
18842
18844
18847
18843
18844
18867
18849
18870
18851
18871
18849
18850
18851
18873
18849
18850
18888
18849
18851
19126
18850
18851
18874
18890
19128
18877
18892
18878
19130
18856
18857
18858
18859
18866
18856
18857
18856
18858
18861
18857
18858
18868
18863
18870
18865
18872
18863
18864
18865
18873
18863
18864
18902
18863
18865
20596
18864
18865
18875
18904
20597
18877
18906
18879
20599
18870
18871
18872
18873
18870
18871
19147
18870
18872
20603
18871
18872
18876
19148
20604
18878
19150
18879
20606
18877
18878
18879
18877
18878
18916
19154
18877
18879
18917
20610
18878
18879
19155
20611
18919
19157
20613
18884
18885
18886
18894
18908
18884
18885
18884
18886
18895
18885
18886
18909
18898
18912
18899
18913
18891
18892
18893
18894
18915
18891
18892
18891
18893
18896
18892
18893
18916
18898
18919
18900
18920
18898
18899
18900
18922
18898
18899
18937
18898
18900
19175
18899
18900
18923
18939
19177
18926
18941
18927
19179
18905
18906
18907
18908
18915
18905
18906
18905
18907
18910
18906
18907
18917
18912
18919
18914
18921
18912
18913
18914
18922
18912
18913
18951
18912
18914
20645
18913
18914
18924
18953
20646
18926
18955
18928
20648
18919
18920
18921
18922
18919
18920
19196
18919
18921
20652
18920
18921
18925
19197
20653
18927
19199
18928
20655
18926
18927
18928
18926
18927
18965
19203
18926
18928
18966
20659
18927
18928
19204
20660
18968
19206
20662
18933
18934
18935
18943
18957
18933
18934
18933
18935
18944
18934
18935
18958
18947
18961
18948
18962
18940
18941
18942
18943
18964
18940
18941
18940
18942
18945
18941
18942
18965
18947
18968
18949
18969
18947
18948
18949
18971
18947
18948
18947
18949
19224
18948
18949
18972
19226
18975
18976
19228
18954
18955
18956
18957
18964
18954
18955
18954
18956
18959
18955
18956
18966
18961
18968
18963
18970
18961
18962
18963
18971
18961
18962
18961
18963
20694
18962
18963
18973
20695
18975
18977
20697
18968
18969
18970
18971
18968
18969
19245
18968
18970
20701
18969
18970
18974
19246
20702
18976
19248
18977
20704
18975
18976
18977
18975
18976
19252
18975
18977
20708
18976
18977
19253
20709
19255
20711
18982
18983
18984
18992
19006
18982
18983
18982
18984
18993
18983
18984
19007
18996
19010
18997
19011
18989
18990
18991
18992
19013
18989
18990
18989
18991
18994
18990
18991
19014
18996
19017
18998
19018
18996
18997
18998
19020
18996
18997
19035
18996
18998
19273
18997
18998
19021
19037
19275
19024
19039
19025
19277
19003
19004
19005
19006
19013
19003
19004
19003
19005
19008
19004
19005
19015
19010
19017
19012
19019
19010
19011
19012
19020
19010
19011
19049
19010
19012
20743
19011
19012
19022
19051
20744
19024
19053
19026
20746
19017
19018
19019
19020
19017
19018
19294
19017
19019
20750
19018
19019
19023
19295
20751
19025
19297
19026
20753
19024
19025
19026
19024
19025
19063
19301
19024
19026
19064
20757
19025
19026
19302
20758
19066
19304
20760
19031
19032
19033
19041
19055
19031
19032
19031
19033
19042
19032
19033
19056
19045
19059
19046
19060
19038
19039
19040
19041
19062
19038
19039
19038
19040
19043
19039
19040
19063
19045
19066
19047
19067
19045
19046
19047
19069
19045
19046
19084
19045
19047
19322
19046
19047
19070
19086
19324
19073
19088
19074
19326
19052
19053
19054
19055
19062
19052
19053
19052
19054
19057
19053
19054
19064
19059
19066
19061
19068
19059
19060
19061
19069
19059
19060
19098
19059
19061
20792
19060
19061
19071
19100
20793
19073
19102
19075
20795
19066
19067
19068
19069
19066
19067
19343
19066
19068
20799
19067
19068
19072
19344
20800
19074
19346
19075
20802
19073
19074
19075
19073
19074
19112
19350
19073
19075
19113
20806
19074
19075
19351
20807
19115
19353
20809
19080
19081
19082
19090
19104
19080
19081
19080
19082
19091
19081
19082
19105
19094
19108
19095
19109
19087
19088
19089
19090
19111
19087
19088
19087
19089
19092
19088
19089
19112
19094
19115
19096
19116
19094
19095
19096
19118
19094
19095
19133
19094
19096
19371
19095
19096
19119
19135
19373
19122
19137
19123
19375
19101
19102
19103
19104
19111
19101
19102
19101
19103
19106
19102
19103
19113
19108
19115
19110
19117
19108
19109
19110
19118
19108
19109
19147
19108
19110
20841
19109
19110
19120
19149
20842
19122
19151
19124
20844
19115
19116
19117
19118
19115
19116
19392
19115
19117
20848
19116
19117
19121
19393
20849
19123
19395
19124
20851
19122
19123
19124
19122
19123
19161
19399
19122
19124
19162
20855
19123
19124
19400
20856
19164
19402
20858
19129
19130
19131
19139
19153
19129
19130
19129
19131
19140
19130
19131
19154
19143
19157
19144
19158
19136
19137
19138
19139
19160
19136
19137
19136
19138
19141
19137
19138
19161
19143
19164
19145
19165
19143
19144
19145
19167
19143
19144
19182
19143
19145
19420
19144
19145
19168
19184
19422
19171
19186
19172
19424
19150
19151
19152
19153
19160
19150
19151
19150
19152
19155
19151
19152
19162
19157
19164
19159
19166
19157
19158
19159
19167
19157
19158
19196
19157
19159
20890
19158
19159
19169
19198
20891
19171
19200
19173
20893
19164
19165
19166
19167
19164
19165
19441
19164
19166
20897
19165
19166
19170
19442
20898
19172
19444
19173
20900
19171
19172
19173
19171
19172
19210
19448
19171
19173
19211
20904
19172
19173
19449
20905
19213
19451
20907
19178
19179
19180
19188
19202
19178
19179
19178
19180
19189
19179
19180
19203
19192
19206
19193
19207
19185
19186
19187
19188
19209
19185
19186
19185
19187
19190
19186
19187
19210
19192
19213
19194
19214
19192
19193
19194
19216
19192
19193
19231
19192
19194
19469
19193
19194
19217
19233
19471
19220
19235
19221
19473
19199
19200
19201
19202
19209
19199
19200
19199
19201
19204
19200
19201
19211
19206
19213
19208
19215
19206
19207
19208
19216
19206
19207
19245
19206
19208
20939
19207
19208
19218
19247
20940
19220
19249
19222
20942
19213
19214
19215
19216
19213
19214
19490
19213
19215
20946
19214
19215
19219
19491
20947
19221
19493
19222
20949
19220
19221
19222
19220
19221
19259
19497
19220
19222
19260
20953
19221
19222
19498
20954
19262
19500
20956
19227
19228
19229
19237
19251
19227
19228
19227
19229
19238
19228
19229
19252
19241
19255
19242
19256
19234
19235
19236
19237
19258
19234
19235
19234
19236
19239
19235
19236
19259
19241
19262
19243
19263
19241
19242
19243
19265
19241
19242
19241
19243
19518
19242
19243
19266
19520
19269
19270
19522
19248
19249
19250
19251
19258
19248
19249
19248
19250
19253
19249
19250
19260
19255
19262
19257
19264
19255
19256
19257
19265
19255
19256
19255
19257
20988
19256
19257
19267
20989
19269
19271
20991
19262
19263
19264
19265
19262
19263
19539
19262
19264
20995
19263
19264
19268
19540
20996
19270
19542
19271
20998
19269
19270
19271
19269
19270
19546
19269
19271
21002
19270
19271
19547
21003
19549
21005
19276
19277
19278
19286
19300
19276
19277
19276
19278
19287
19277
19278
19301
19290
19304
19291
19305
19283
19284
19285
19286
19307
19283
19284
19283
19285
19288
19284
19285
19308
19290
19311
19292
19312
19290
19291
19292
19314
19290
19291
19329
19290
19292
19567
19291
19292
19315
19331
19569
19318
19333
19319
19571
19297
19298
19299
19300
19307
19297
19298
19297
19299
19302
19298
19299
19309
19304
19311
19306
19313
19304
19305
19306
19314
19304
19305
19343
19304
19306
21037
19305
19306
19316
19345
21038
19318
19347
19320
21040
19311
19312
19313
19314
19311
19312
19588
19311
19313
21044
19312
19313
19317
19589
21045
19319
19591
19320
21047
19318
19319
19320
19318
19319
19357
19595
19318
19320
19358
21051
19319
19320
19596
21052
19360
19598
21054
19325
19326
19327
19335
19349
19325
19326
19325
19327
19336
19326
19327
19350
19339
19353
19340
19354
19332
19333
19334
19335
19356
19332
19333
19332
19334
19337
19333
19334
19357
19339
19360
19341
19361
19339
19340
19341
19363
19339
19340
19378
19339
19341
19616
19340
19341
19364
19380
19618
19367
19382
19368
19620
19346
19347
19348
19349
19356
19346
19347
19346
19348
19351
19347
19348
19358
19353
19360
19355
19362
19353
19354
19355
19363
19353
19354
19392
19353
19355
21086
19354
19355
19365
19394
21087
19367
19396
19369
21089
19360
19361
19362
19363
19360
19361
19637
19360
19362
21093
19361
19362
19366
19638
21094
19368
19640
19369
21096
19367
19368
19369
19367
19368
19406
19644
19367
19369
19407
21100
19368
19369
19645
21101
19409
19647
21103
19374
19375
19376
19384
19398
19374
19375
19374
19376
19385
19375
19376
19399
19388
19402
19389
19403
19381
19382
19383
19384
19405
19381
19382
19381
19383
19386
19382
19383
19406
19388
19409
19390
19410
19388
19389
19390
19412
19388
19389
19427
19388
19390
19665
19389
19390
19413
19429
19667
19416
19431
19417
19669
19395
19396
19397
19398
19405
19395
19396
19395
19397
19400
19396
19397
19407
19402
19409
19404
19411
19402
19403
19404
19412
19402
19403
19441
19402
19404
21135
19403
19404
19414
19443
21136
19416
19445
19418
21138
19409
19410
19411
19412
19409
19410
19686
19409
19411
21142
19410
19411
19415
19687
21143
19417
19689
19418
21145
19416
19417
19418
19416
19417
19455
19693
19416
19418
19456
21149
19417
19418
19694
21150
19458
19696
21152
19423
19424
19425
19433
19447
19423
19424
19423
19425
19434
19424
19425
19448
19437
19451
19438
19452
19430
19431
19432
19433
19454
19430
19431
19430
19432
19435
19431
19432
19455
19437
19458
19439
19459
19437
19438
19439
19461
19437
19438
19476
19437
19439
19714
19438
19439
19462
19478
19716
19465
19480
19466
19718
19444
19445
19446
19447
19454
19444
19445
19444
19446
19449
19445
19446
19456
19451
19458
19453
19460
19451
19452
19453
19461
19451
19452
19490
19451
19453
21184
19452
19453
19463
19492
21185
19465
19494
19467
21187
19458
19459
19460
19461
19458
19459
19735
19458
19460
21191
19459
19460
19464
19736
21192
19466
19738
19467
21194
19465
19466
19467
19465
19466
19504
19742
19465
19467
19505
21198
19466
19467
19743
21199
19507
19745
21201
19472
19473
19474
19482
19496
19472
19473
19472
19474
19483
19473
19474
19497
19486
19500
19487
19501
19479
19480
19481
19482
19503
19479
19480
19479
19481
19484
19480
19481
19504
19486
19507
19488
19508
19486
19487
19488
19510
19486
19487
19525
19486
19488
19763
19487
19488
19511
19527
19765
19514
19529
19515
19767
19493
19494
19495
19496
19503
19493
19494
19493
19495
19498
19494
19495
19505
19500
19507
19502
19509
19500
19501
19502
19510
19500
19501
19539
19500
19502
21233
19501
19502
19512
19541
21234
19514
19543
19516
21236
19507
19508
19509
19510
19507
19508
19784
19507
19509
21240
19508
19509
19513
19785
21241
19515
19787
19516
21243
19514
19515
19516
19514
19515
19553
19791
19514
19516
19554
21247
19515
19516
19792
21248
19556
19794
21250
19521
19522
19523
19531
19545
19521
19522
19521
19523
19532
19522
19523
19546
19535
19549
19536
19550
19528
19529
19530
19531
19552
19528
19529
19528
19530
19533
19529
19530
19553
19535
19556
19537
19557
19535
19536
19537
19559
19535
19536
19535
19537
19812
19536
19537
19560
19814
19563
19564
19816
19542
19543
19544
19545
19552
19542
19543
19542
19544
19547
19543
19544
19554
19549
19556
19551
19558
19549
19550
19551
19559
19549
19550
19549
19551
21282
19550
19551
19561
21283
19563
19565
21285
19556
19557
19558
19559
19556
19557
19833
19556
19558
21289
19557
19558
19562
19834
21290
19564
19836
19565
21292
19563
19564
19565
19563
19564
19840
19563
19565
21296
19564
19565
19841
21297
19843
21299
19570
19571
19572
19580
19594
19570
19571
19570
19572
19581
19571
19572
19595
19584
19598
19585
19599
19577
19578
19579
19580
19601
19577
19578
19577
19579
19582
19578
19579
19602
19584
19605
19586
19606
19584
19585
19586
19608
19584
19585
19623
19584
19586
19861
19585
19586
19609
19625
19863
19612
19627
19613
19865
19591
19592
19593
19594
19601
19591
19592
19591
19593
19596
19592
19593
19603
19598
19605
19600
19607
19598
19599
19600
19608
19598
19599
19637
19598
19600
21331
19599
19600
19610
19639
21332
19612
19641
19614
21334
19605
19606
19607
19608
19605
19606
19882
19605
19607
21338
19606
19607
19611
19883
21339
19613
19885
19614
21341
19612
19613
19614
19612
19613
19651
19889
19612
19614
19652
21345
19613
19614
19890
21346
19654
19892
21348
19619
19620
19621
19629
19643
19619
19620
19619
19621
19630
19620
19621
19644
19633
19647
19634
19648
19626
19627
19628
19629
19650
19626
19627
19626
19628
19631
19627
19628
19651
19633
19654
19635
19655
19633
19634
19635
19657
19633
19634
19672
19633
19635
19910
19634
19635
19658
19674
19912
19661
19676
19662
19914
19640
19641
19642
19643
19650
19640
19641
19640
19642
19645
19641
19642
19652
19647
19654
19649
19656
19647
19648
19649
19657
19647
19648
19686
19647
19649
21380
19648
19649
19659
19688
21381
19661
19690
19663
21383
19654
19655
19656
19657
19654
19655
19931
19654
19656
21387
19655
19656
19660
19932
21388
19662
19934
19663
21390
19661
19662
19663
19661
19662
19700
19938
19661
19663
19701
21394
19662
19663
19939
21395
19703
19941
21397
19668
19669
19670
19678
19692
19668
19669
19668
19670
19679
19669
19670
19693
19682
19696
19683
19697
19675
19676
19677
19678
19699
19675
19676
19675
19677
19680
19676
19677
19700
19682
19703
19684
19704
19682
19683
19684
19706
19682
19683
19721
19682
19684
19959
19683
19684
19707
19723
19961
19710
19725
19711
19963
19689
19690
19691
19692
19699
19689
19690
19689
19691
19694
19690
19691
19701
19696
19703
19698
19705
19696
19697
19698
19706
19696
19697
19735
19696
19698
21429
19697
19698
19708
19737
21430
19710
19739
19712
21432
19703
19704
19705
19706
19703
19704
19980
19703
19705
21436
19704
19705
19709
19981
21437
19711
19983
19712
21439
19710
19711
19712
19710
19711
19749
19987
19710
19712
19750
21443
19711
19712
19988
21444
19752
19990
21446
19717
19718
19719
19727
19741
19717
19718
19717
19719
19728
19718
19719
19742
19731
19745
19732
19746
19724
19725
19726
19727
19748
19724
19725
19724
19726
19729
19725
19726
19749
19731
19752
19733
19753
19731
19732
19733
19755
19731
19732
19770
19731
19733
20008
19732
19733
19756
19772
20010
19759
19774
19760
20012
19738
19739
19740
19741
19748
19738
19739
19738
19740
19743
19739
19740
19750
19745
19752
19747
19754
19745
19746
19747
19755
19745
19746
19784
19745
19747
21478
19746
19747
19757
19786
21479
19759
19788
19761
21481
19752
19753
19754
19755
19752
19753
20029
19752
19754
21485
19753
19754
19758
20030
21486
19760
20032
19761
21488
19759
19760
19761
19759
19760
19798
20036
19759
19761
19799
21492
19760
19761
20037
21493
19801
20039
21495
19766
19767
19768
19776
19790
19766
19767
19766
19768
19777
19767
19768
19791
19780
19794
19781
19795
19773
19774
19775
19776
19797
19773
19774
19773
19775
19778
19774
19775
19798
19780
19801
19782
19802
19780
19781
19782
19804
19780
19781
19819
19780
19782
20057
19781
19782
19805
19821
20059
19808
19823
19809
20061
19787
19788
19789
19790
19797
19787
19788
19787
19789
19792
19788
19789
19799
19794
19801
19796
19803
19794
19795
19796
19804
19794
19795
19833
19794
19796
21527
19795
19796
19806
19835
21528
19808
19837
19810
21530
19801
19802
19803
19804
19801
19802
20078
19801
19803
21534
19802
19803
19807
20079
21535
19809
20081
19810
21537
19808
19809
19810
19808
19809
19847
20085
19808
19810
19848
21541
19809
19810
20086
21542
19850
20088
21544
19815
19816
19817
19825
19839
19815
19816
19815
19817
19826
19816
19817
19840
19829
19843
19830
19844
19822
19823
19824
19825
19846
19822
19823
19822
19824
19827
19823
19824
19847
19829
19850
19831
19851
19829
19830
19831
19853
19829
19830
19829
19831
20106
19830
19831
19854
20108
19857
19858
20110
19836
19837
19838
19839
19846
19836
19837
19836
19838
19841
19837
19838
19848
19843
19850
19845
19852
19843
19844
19845
19853
19843
19844
19843
19845
21576
19844
19845
19855
21577
19857
19859
21579
19850
19851
19852
19853
19850
19851
20127
19850
19852
21583
19851
19852
19856
20128
21584
19858
20130
19859
21586
19857
19858
19859
19857
19858
20134
19857
19859
21590
19858
19859
20135
21591
20137
21593
19864
19865
19866
19874
19888
19864
19865
19864
19866
19875
19865
19866
19889
19878
19892
19879
19893
19871
19872
19873
19874
19895
19871
19872
19871
19873
19876
19872
19873
19896
19878
19899
19880
19900
19878
19879
19880
19902
19878
19879
19917
19878
19880
20155
19879
19880
19903
19919
20157
19906
19921
19907
20159
19885
19886
19887
19888
19895
19885
19886
19885
19887
19890
19886
19887
19897
19892
19899
19894
19901
19892
19893
19894
19902
19892
19893
19931
19892
19894
21625
19893
19894
19904
19933
21626
19906
19935
19908
21628
19899
19900
19901
19902
19899
19900
20176
19899
19901
21632
19900
19901
19905
20177
21633
19907
20179
19908
21635
19906
19907
19908
19906
19907
19945
20183
19906
19908
19946
21639
19907
19908
20184
21640
19948
20186
21642
19913
19914
19915
19923
19937
19913
19914
19913
19915
19924
19914
19915
19938
19927
19941
19928
19942
19920
19921
19922
19923
19944
19920
19921
19920
19922
19925
19921
19922
19945
19927
19948
19929
19949
19927
19928
19929
19951
19927
19928
19966
19927
19929
20204
19928
19929
19952
19968
20206
19955
19970
19956
20208
19934
19935
19936
19937
19944
19934
19935
19934
19936
19939
19935
19936
19946
19941
19948
19943
19950
19941
19942
19943
19951
19941
19942
19980
19941
19943
21674
19942
19943
19953
19982
21675
19955
19984
19957
21677
19948
19949
19950
19951
19948
19949
20225
19948
19950
21681
19949
19950
19954
20226
21682
19956
20228
19957
21684
19955
19956
19957
19955
19956
19994
20232
19955
19957
19995
21688
19956
19957
20233
21689
19997
20235
21691
19962
19963
19964
19972
19986
19962
19963
19962
19964
19973
19963
19964
19987
19976
19990
19977
19991
19969
19970
19971
19972
19993
19969
19970
19969
19971
19974
19970
19971
19994
19976
19997
19978
19998
19976
19977
19978
20000
19976
19977
20015
19976
19978
20253
19977
19978
20001
20017
20255
20004
20019
20005
20257
19983
19984
19985
19986
19993
19983
19984
19983
19985
19988
19984
19985
19995
19990
19997
19992
19999
19990
19991
19992
20000
19990
19991
20029
19990
19992
21723
19991
19992
20002
20031
21724
20004
20033
20006
21726
19997
19998
19999
20000
19997
19998
20274
19997
19999
21730
19998
19999
20003
20275
21731
20005
20277
20006
21733
20004
20005
20006
20004
20005
20043
20281
20004
20006
20044
21737
20005
20006
20282
21738
20046
20284
21740
20011
20012
20013
20021
20035
20011
20012
20011
20013
20022
20012
20013
20036
20025
20039
20026
20040
20018
20019
20020
20021
20042
20018
20019
20018
20020
20023
20019
20020
20043
20025
20046
20027
20047
20025
20026
20027
20049
20025
20026
20064
20025
20027
20302
20026
20027
20050
20066
20304
20053
20068
20054
20306
20032
20033
20034
20035
20042
20032
20033
20032
20034
20037
20033
20034
20044
20039
20046
20041
20048
20039
20040
20041
20049
20039
20040
20078
20039
20041
21772
20040
20041
20051
20080
21773
20053
20082
20055
21775
20046
20047
20048
20049
20046
20047
20323
20046
20048
21779
20047
20048
20052
20324
21780
20054
20326
20055
21782
20053
20054
20055
20053
20054
20092
20330
20053
20055
20093
21786
20054
20055
20331
21787
20095
20333
21789
20060
20061
20062
20070
20084
20060
20061
20060
20062
20071
20061
20062
20085
20074
20088
20075
20089
20067
20068
20069
20070
20091
20067
20068
20067
20069
20072
20068
20069
20092
20074
20095
20076
20096
20074
20075
20076
20098
20074
20075
20113
20074
20076
20351
20075
20076
20099
20115
20353
20102
20117
20103
20355
20081
20082
20083
20084
20091
20081
20082
20081
20083
20086
20082
20083
20093
20088
20095
20090
20097
20088
20089
20090
20098
20088
20089
20127
20088
20090
21821
20089
20090
20100
20129
21822
20102
20131
20104
21824
20095
20096
20097
20098
20095
20096
20372
20095
20097
21828
20096
20097
20101
20373
21829
20103
20375
20104
21831
20102
20103
20104
20102
20103
20141
20379
20102
20104
20142
21835
20103
20104
20380
21836
20144
20382
21838
20109
20110
20111
20119
20133
20109
20110
20109
20111
20120
20110
20111
20134
20123
20137
20124
20138
20116
20117
20118
20119
20140
20116
20117
20116
20118
20121
20117
20118
20141
20123
20144
20125
20145
20123
20124
20125
20147
20123
20124
20123
20125
20400
20124
20125
20148
20402
20151
20152
20404
20130
20131
20132
20133
20140
20130
20131
20130
20132
20135
20131
20132
20142
20137
20144
20139
20146
20137
20138
20139
20147
20137
20138
20137
20139
21870
20138
20139
20149
21871
20151
20153
21873
20144
20145
20146
20147
20144
20145
20421
20144
20146
21877
20145
20146
20150
20422
21878
20152
20424
20153
21880
20151
20152
20153
20151
20152
20428
20151
20153
21884
20152
20153
20429
21885
20431
21887
20158
20159
20160
20168
20182
20158
20159
20158
20160
20169
20159
20160
20183
20172
20186
20173
20187
20165
20166
20167
20168
20189
20165
20166
20165
20167
20170
20166
20167
20190
20172
20193
20174
20194
20172
20173
20174
20196
20172
20173
20211
20172
20174
20173
20174
20197
20213
20200
20215
20201
20179
20180
20181
20182
20189
20179
20180
20179
20181
20184
20180
20181
20191
20186
20193
20188
20195
20186
20187
20188
20196
20186
20187
20225
20186
20188
21919
20187
20188
20198
20227
21920
20200
20229
20202
21922
20193
20194
20195
20196
20193
20194
20193
20195
21926
20194
20195
20199
21927
20201
20202
21929
20200
20201
20202
20200
20201
20239
20200
20202
20240
21933
20201
20202
21934
20242
21936
20207
20208
20209
20217
20231
20207
20208
20207
20209
20218
20208
20209
20232
20221
20235
20222
20236
20214
20215
20216
20217
20238
20214
20215
20214
20216
20219
20215
20216
20239
20221
20242
20223
20243
20221
20222
20223
20245
20221
20222
20260
20221
20223
20222
20223
20246
20262
20249
20264
20250
20228
20229
20230
20231
20238
20228
20229
20228
20230
20233
20229
20230
20240
20235
20242
20237
20244
20235
20236
20237
20245
20235
20236
20274
20235
20237
21968
20236
20237
20247
20276
21969
20249
20278
20251
21971
20242
20243
20244
20245
20242
20243
20242
20244
21975
20243
20244
20248
21976
20250
20251
21978
20249
20250
20251
20249
20250
20288
20249
20251
20289
21982
20250
20251
21983
20291
21985
20256
20257
20258
20266
20280
20256
20257
20256
20258
20267
20257
20258
20281
20270
20284
20271
20285
20263
20264
20265
20266
20287
20263
20264
20263
20265
20268
20264
20265
20288
20270
20291
20272
20292
20270
20271
20272
20294
20270
20271
20309
20270
20272
20271
20272
20295
20311
20298
20313
20299
20277
20278
20279
20280
20287
20277
20278
20277
20279
20282
20278
20279
20289
20284
20291
20286
20293
20284
20285
20286
20294
20284
20285
20323
20284
20286
22017
20285
20286
20296
20325
22018
20298
20327
20300
22020
20291
20292
20293
20294
20291
20292
20291
20293
22024
20292
20293
20297
22025
20299
20300
22027
20298
20299
20300
20298
20299
20337
20298
20300
20338
22031
20299
20300
22032
20340
22034
20305
20306
20307
20315
20329
20305
20306
20305
20307
20316
20306
20307
20330
20319
20333
20320
20334
20312
20313
20314
20315
20336
20312
20313
20312
20314
20317
20313
20314
20337
20319
20340
20321
20341
20319
20320
20321
20343
20319
20320
20358
20319
20321
20320
20321
20344
20360
20347
20362
20348
20326
20327
20328
20329
20336
20326
20327
20326
20328
20331
20327
20328
20338
20333
20340
20335
20342
20333
20334
20335
20343
20333
20334
20372
20333
20335
22066
20334
20335
20345
20374
22067
20347
20376
20349
22069
20340
20341
20342
20343
20340
20341
20340
20342
22073
20341
20342
20346
22074
20348
20349
22076
20347
20348
20349
20347
20348
20386
20347
20349
20387
22080
20348
20349
22081
20389
22083
20354
20355
20356
20364
20378
20354
20355
20354
20356
20365
20355
20356
20379
20368
20382
20369
20383
20361
20362
20363
20364
20385
20361
20362
20361
20363
20366
20362
20363
20386
20368
20389
20370
20390
20368
20369
20370
20392
20368
20369
20407
20368
20370
20369
20370
20393
20409
20396
20411
20397
20375
20376
20377
20378
20385
20375
20376
20375
20377
20380
20376
20377
20387
20382
20389
20384
20391
20382
20383
20384
20392
20382
20383
20421
20382
20384
22115
20383
20384
20394
20423
22116
20396
20425
20398
22118
20389
20390
20391
20392
20389
20390
20389
20391
22122
20390
20391
20395
22123
20397
20398
22125
20396
20397
20398
20396
20397
20435
20396
20398
20436
22129
20397
20398
22130
20438
22132
20403
20404
20405
20413
20427
20403
20404
20403
20405
20414
20404
20405
20428
20417
20431
20418
20432
20410
20411
20412
20413
20434
20410
20411
20410
20412
20415
20411
20412
20435
20417
20438
20419
20439
20417
20418
20419
20441
20417
20418
20417
20419
20418
20419
20442
20445
20446
20424
20425
20426
20427
20434
20424
20425
20424
20426
20429
20425
20426
20436
20431
20438
20433
20440
20431
20432
20433
20441
20431
20432
20431
20433
22164
20432
20433
20443
22165
20445
20447
22167
20438
20439
20440
20441
20438
20439
20438
20440
22171
20439
20440
20444
22172
20446
20447
22174
20445
20446
20447
20445
20446
20445
20447
22178
20446
20447
22179
22181
20452
20453
20454
20462
20476
20452
20453
20452
20454
20463
20453
20454
20477
20466
20480
20467
20481
20459
20460
20461
20462
20483
20459
20460
20459
20461
20464
20460
20461
20484
20466
20487
20468
20488
20466
20467
20468
20490
20466
20467
20505
20466
20468
20743
20467
20468
20491
20507
20745
20494
20509
20495
20747
20473
20474
20475
20476
20483
20473
20474
20473
20475
20478
20474
20475
20485
20480
20487
20482
20489
20480
20481
20482
20490
20480
20481
20519
20480
20482
22213
20481
20482
20492
20521
22214
20494
20523
20496
22216
20487
20488
20489
20490
20487
20488
20764
20487
20489
22220
20488
20489
20493
20765
22221
20495
20767
20496
22223
20494
20495
20496
20494
20495
20533
20771
20494
20496
20534
22227
20495
20496
20772
22228
20536
20774
22230
20501
20502
20503
20511
20525
20501
20502
20501
20503
20512
20502
20503
20526
20515
20529
20516
20530
20508
20509
20510
20511
20532
20508
20509
20508
20510
20513
20509
20510
20533
20515
20536
20517
20537
20515
20516
20517
20539
20515
20516
20554
20515
20517
20792
20516
20517
20540
20556
20794
20543
20558
20544
20796
20522
20523
20524
20525
20532
20522
20523
20522
20524
20527
20523
20524
20534
20529
20536
20531
20538
20529
20530
20531
20539
20529
20530
20568
20529
20531
22262
20530
20531
20541
20570
22263
20543
20572
20545
22265
20536
20537
20538
20539
20536
20537
20813
20536
20538
22269
20537
20538
20542
20814
22270
20544
20816
20545
22272
20543
20544
20545
20543
20544
20582
20820
20543
20545
20583
22276
20544
20545
20821
22277
20585
20823
22279
20550
20551
20552
20560
20574
20550
20551
20550
20552
20561
20551
20552
20575
20564
20578
20565
20579
20557
20558
20559
20560
20581
20557
20558
20557
20559
20562
20558
20559
20582
20564
20585
20566
20586
20564
20565
20566
20588
20564
20565
20603
20564
20566
20841
20565
20566
20589
20605
20843
20592
20607
20593
20845
20571
20572
20573
20574
20581
20571
20572
20571
20573
20576
20572
20573
20583
20578
20585
20580
20587
20578
20579
20580
20588
20578
20579
20617
20578
20580
22311
20579
20580
20590
20619
22312
20592
20621
20594
22314
20585
20586
20587
20588
20585
20586
20862
20585
20587
22318
20586
20587
20591
20863
22319
20593
20865
20594
22321
20592
20593
20594
20592
20593
20631
20869
20592
20594
20632
22325
20593
20594
20870
22326
20634
20872
22328
20599
20600
20601
20609
20623
20599
20600
20599
20601
20610
20600
20601
20624
20613
20627
20614
20628
20606
20607
20608
20609
20630
20606
20607
20606
20608
20611
20607
20608
20631
20613
20634
20615
20635
20613
20614
20615
20637
20613
20614
20652
20613
20615
20890
20614
20615
20638
20654
20892
20641
20656
20642
20894
20620
20621
20622
20623
20630
20620
20621
20620
20622
20625
20621
20622
20632
20627
20634
20629
20636
20627
20628
20629
20637
20627
20628
20666
20627
20629
22360
20628
20629
20639
20668
22361
20641
20670
20643
22363
20634
20635
20636
20637
20634
20635
20911
20634
20636
22367
20635
20636
20640
20912
22368
20642
20914
20643
22370
20641
20642
20643
20641
20642
20680
20918
20641
20643
20681
22374
20642
20643
20919
22375
20683
20921
22377
20648
20649
20650
20658
20672
20648
20649
20648
20650
20659
20649
20650
20673
20662
20676
20663
20677
20655
20656
20657
20658
20679
20655
20656
20655
20657
20660
20656
20657
20680
20662
20683
20664
20684
20662
20663
20664
20686
20662
20663
20701
20662
20664
20939
20663
20664
20687
20703
20941
20690
20705
20691
20943
20669
20670
20671
20672
20679
20669
20670
20669
20671
20674
20670
20671
20681
20676
20683
20678
20685
20676
20677
20678
20686
20676
20677
20715
20676
20678
22409
20677
20678
20688
20717
22410
20690
20719
20692
22412
20683
20684
20685
20686
20683
20684
20960
20683
20685
22416
20684
20685
20689
20961
22417
20691
20963
20692
22419
20690
20691
20692
20690
20691
20729
20967
20690
20692
20730
22423
20691
20692
20968
22424
20732
20970
22426
20697
20698
20699
20707
20721
20697
20698
20697
20699
20708
20698
20699
20722
20711
20725
20712
20726
20704
20705
20706
20707
20728
20704
20705
20704
20706
20709
20705
20706
20729
20711
20732
20713
20733
20711
20712
20713
20735
20711
20712
20711
20713
20988
20712
20713
20736
20990
20739
20740
20992
20718
20719
20720
20721
20728
20718
20719
20718
20720
20723
20719
20720
20730
20725
20732
20727
20734
20725
20726
20727
20735
20725
20726
20725
20727
22458
20726
20727
20737
22459
20739
20741
22461
20732
20733
20734
20735
20732
20733
21009
20732
20734
22465
20733
20734
20738
21010
22466
20740
21012
20741
22468
20739
20740
20741
20739
20740
21016
20739
20741
22472
20740
20741
21017
22473
21019
22475
20746
20747
20748
20756
20770
20746
20747
20746
20748
20757
20747
20748
20771
20760
20774
20761
20775
20753
20754
20755
20756
20777
20753
20754
20753
20755
20758
20754
20755
20778
20760
20781
20762
20782
20760
20761
20762
20784
20760
20761
20799
20760
20762
21037
20761
20762
20785
20801
21039
20788
20803
20789
21041
20767
20768
20769
20770
20777
20767
20768
20767
20769
20772
20768
20769
20779
20774
20781
20776
20783
20774
20775
20776
20784
20774
20775
20813
20774
20776
22507
20775
20776
20786
20815
22508
20788
20817
20790
22510
20781
20782
20783
20784
20781
20782
21058
20781
20783
22514
20782
20783
20787
21059
22515
20789
21061
20790
22517
20788
20789
20790
20788
20789
20827
21065
20788
20790
20828
22521
20789
20790
21066
22522
20830
21068
22524
20795
20796
20797
20805
20819
20795
20796
20795
20797
20806
20796
20797
20820
20809
20823
20810
20824
20802
20803
20804
20805
20826
20802
20803
20802
20804
20807
20803
20804
20827
20809
20830
20811
20831
20809
20810
20811
20833
20809
20810
20848
20809
20811
21086
20810
20811
20834
20850
21088
20837
20852
20838
21090
20816
20817
20818
20819
20826
20816
20817
20816
20818
20821
20817
20818
20828
20823
20830
20825
20832
20823
20824
20825
20833
20823
20824
20862
20823
20825
22556
20824
20825
20835
20864
22557
20837
20866
20839
22559
20830
20831
20832
20833
20830
20831
21107
20830
20832
22563
20831
20832
20836
21108
22564
20838
21110
20839
22566
20837
20838
20839
20837
20838
20876
21114
20837
20839
20877
22570
20838
20839
21115
22571
20879
21117
22573
20844
20845
20846
20854
20868
20844
20845
20844
20846
20855
20845
20846
20869
20858
20872
20859
20873
20851
20852
20853
20854
20875
20851
20852
20851
20853
20856
20852
20853
20876
20858
20879
20860
20880
20858
20859
20860
20882
20858
20859
20897
20858
20860
21135
20859
20860
20883
20899
21137
20886
20901
20887
21139
20865
20866
20867
20868
20875
20865
20866
20865
20867
20870
20866
20867
20877
20872
20879
20874
20881
20872
20873
20874
20882
20872
20873
20911
20872
20874
22605
20873
20874
20884
20913
22606
20886
20915
20888
22608
20879
20880
20881
20882
20879
20880
21156
20879
20881
22612
20880
20881
20885
21157
22613
20887
21159
20888
22615
20886
20887
20888
20886
20887
20925
21163
20886
20888
20926
22619
20887
20888
21164
22620
20928
21166
22622
20893
20894
20895
20903
20917
20893
20894
20893
20895
20904
20894
20895
20918
20907
20921
20908
20922
20900
20901
20902
20903
20924
20900
20901
20900
20902
20905
20901
20902
20925
20907
20928
20909
20929
20907
20908
20909
20931
20907
20908
20946
20907
20909
21184
20908
20909
20932
20948
21186
20935
20950
20936
21188
20914
20915
20916
20917
20924
20914
20915
20914
20916
20919
20915
20916
20926
20921
20928
20923
20930
20921
20922
20923
20931
20921
20922
20960
20921
20923
22654
20922
20923
20933
20962
22655
20935
20964
20937
22657
20928
20929
20930
20931
20928
20929
21205
20928
20930
22661
20929
20930
20934
21206
22662
20936
21208
20937
22664
20935
20936
20937
20935
20936
20974
21212
20935
20937
20975
22668
20936
20937
21213
22669
20977
21215
22671
20942
20943
20944
20952
20966
20942
20943
20942
20944
20953
20943
20944
20967
20956
20970
20957
20971
20949
20950
20951
20952
20973
20949
20950
20949
20951
20954
20950
20951
20974
20956
20977
20958
20978
20956
20957
20958
20980
20956
20957
20995
20956
20958
21233
20957
20958
20981
20997
21235
20984
20999
20985
21237
20963
20964
20965
20966
20973
20963
20964
20963
20965
20968
20964
20965
20975
20970
20977
20972
20979
20970
20971
20972
20980
20970
20971
21009
20970
20972
22703
20971
20972
20982
21011
22704
20984
21013
20986
22706
20977
20978
20979
20980
20977
20978
21254
20977
20979
22710
20978
20979
20983
21255
22711
20985
21257
20986
22713
20984
20985
20986
20984
20985
21023
21261
20984
20986
21024
22717
20985
20986
21262
22718
21026
21264
22720
20991
20992
20993
21001
21015
20991
20992
20991
20993
21002
20992
20993
21016
21005
21019
21006
21020
20998
20999
21000
21001
21022
20998
20999
20998
21000
21003
20999
21000
21023
21005
21026
21007
21027
21005
21006
21007
21029
21005
21006
21005
21007
21282
21006
21007
21030
21284
21033
21034
21286
21012
21013
21014
21015
21022
21012
21013
21012
21014
21017
21013
21014
21024
21019
21026
21021
21028
21019
21020
21021
21029
21019
21020
21019
21021
22752
21020
21021
21031
22753
21033
21035
22755
21026
21027
21028
21029
21026
21027
21303
21026
21028
22759
21027
21028
21032
21304
22760
21034
21306
21035
22762
21033
21034
21035
21033
21034
21310
21033
21035
22766
21034
21035
21311
22767
21313
22769
21040
21041
21042
21050
21064
21040
21041
21040
21042
21051
21041
21042
21065
21054
21068
21055
21069
21047
21048
21049
21050
21071
21047
21048
21047
21049
21052
21048
21049
21072
21054
21075
21056
21076
21054
21055
21056
21078
21054
21055
21093
21054
21056
21331
21055
21056
21079
21095
21333
21082
21097
21083
21335
21061
21062
21063
21064
21071
21061
21062
21061
21063
21066
21062
21063
21073
21068
21075
21070
21077
21068
21069
21070
21078
21068
21069
21107
21068
21070
22801
21069
21070
21080
21109
22802
21082
21111
21084
22804
21075
21076
21077
21078
21075
21076
21352
21075
21077
22808
21076
21077
21081
21353
22809
21083
21355
21084
22811
21082
21083
21084
21082
21083
21121
21359
21082
21084
21122
22815
21083
21084
21360
22816
21124
21362
22818
21089
21090
21091
21099
21113
21089
21090
21089
21091
21100
21090
21091
21114
21103
21117
21104
21118
21096
21097
21098
21099
21120
21096
21097
21096
21098
21101
21097
21098
21121
21103
21124
21105
21125
21103
21104
21105
21127
21103
21104
21142
21103
21105
21380
21104
21105
21128
21144
21382
21131
21146
21132
21384
21110
21111
21112
21113
21120
21110
21111
21110
21112
21115
21111
21112
21122
21117
21124
21119
21126
21117
21118
21119
21127
21117
21118
21156
21117
21119
22850
21118
21119
21129
21158
22851
21131
21160
21133
22853
21124
21125
21126
21127
21124
21125
21401
21124
21126
22857
21125
21126
21130
21402
22858
21132
21404
21133
22860
21131
21132
21133
21131
21132
21170
21408
21131
21133
21171
22864
21132
21133
21409
22865
21173
21411
22867
21138
21139
21140
21148
21162
21138
21139
21138
21140
21149
21139
21140
21163
21152
21166
21153
21167
21145
21146
21147
21148
21169
21145
21146
21145
21147
21150
21146
21147
21170
21152
21173
21154
21174
21152
21153
21154
21176
21152
21153
21191
21152
21154
21429
21153
21154
21177
21193
21431
21180
21195
21181
21433
21159
21160
21161
21162
21169
21159
21160
21159
21161
21164
21160
21161
21171
21166
21173
21168
21175
21166
21167
21168
21176
21166
21167
21205
21166
21168
22899
21167
21168
21178
21207
22900
21180
21209
21182
22902
21173
21174
21175
21176
21173
21174
21450
21173
21175
22906
21174
21175
21179
21451
22907
21181
21453
21182
22909
21180
21181
21182
21180
21181
21219
21457
21180
21182
21220
22913
21181
21182
21458
22914
21222
21460
22916
21187
21188
21189
21197
21211
21187
21188
21187
21189
21198
21188
21189
21212
21201
21215
21202
21216
21194
21195
21196
21197
21218
21194
21195
21194
21196
21199
21195
21196
21219
21201
21222
21203
21223
21201
21202
21203
21225
21201
21202
21240
21201
21203
21478
21202
21203
21226
21242
21480
21229
21244
21230
21482
21208
21209
21210
21211
21218
21208
21209
21208
21210
21213
21209
21210
21220
21215
21222
21217
21224
21215
21216
21217
21225
21215
21216
21254
21215
21217
22948
21216
21217
21227
21256
22949
21229
21258
21231
22951
21222
21223
21224
21225
21222
21223
21499
21222
21224
22955
21223
21224
21228
21500
22956
21230
21502
21231
22958
21229
21230
21231
21229
21230
21268
21506
21229
21231
21269
22962
21230
21231
21507
22963
21271
21509
22965
21236
21237
21238
21246
21260
21236
21237
21236
21238
21247
21237
21238
21261
21250
21264
21251
21265
21243
21244
21245
21246
21267
21243
21244
21243
21245
21248
21244
21245
21268
21250
21271
21252
21272
21250
21251
21252
21274
21250
21251
21289
21250
21252
21527
21251
21252
21275
21291
21529
21278
21293
21279
21531
21257
21258
21259
21260
21267
21257
21258
21257
21259
21262
21258
21259
21269
21264
21271
21266
21273
21264
21265
21266
21274
21264
21265
21303
21264
21266
22997
21265
21266
21276
21305
22998
21278
21307
21280
23000
21271
21272
21273
21274
21271
21272
21548
21271
21273
23004
21272
21273
21277
21549
23005
21279
21551
21280
23007
21278
21279
21280
21278
21279
21317
21555
21278
21280
21318
23011
21279
21280
21556
23012
21320
21558
23014
21285
21286
21287
21295
21309
21285
21286
21285
21287
21296
21286
21287
21310
21299
21313
21300
21314
21292
21293
21294
21295
21316
21292
21293
21292
21294
21297
21293
21294
21317
21299
21320
21301
21321
21299
21300
21301
21323
21299
21300
21299
21301
21576
21300
21301
21324
21578
21327
21328
21580
21306
21307
21308
21309
21316
21306
21307
21306
21308
21311
21307
21308
21318
21313
21320
21315
21322
21313
21314
21315
21323
21313
21314
21313
21315
23046
21314
21315
21325
23047
21327
21329
23049
21320
21321
21322
21323
21320
21321
21597
21320
21322
23053
21321
21322
21326
21598
23054
21328
21600
21329
23056
21327
21328
21329
21327
21328
21604
21327
21329
23060
21328
21329
21605
23061
21607
23063
21334
21335
21336
21344
21358
21334
21335
21334
21336
21345
21335
21336
21359
21348
21362
21349
21363
21341
21342
21343
21344
21365
21341
21342
21341
21343
21346
21342
21343
21366
21348
21369
21350
21370
21348
21349
21350
21372
21348
21349
21387
21348
21350
21625
21349
21350
21373
21389
21627
21376
21391
21377
21629
21355
21356
21357
21358
21365
21355
21356
21355
21357
21360
21356
21357
21367
21362
21369
21364
21371
21362
21363
21364
21372
21362
21363
21401
21362
21364
23095
21363
21364
21374
21403
23096
21376
21405
21378
23098
21369
21370
21371
21372
21369
21370
21646
21369
21371
23102
21370
21371
21375
21647
23103
21377
21649
21378
23105
21376
21377
21378
21376
21377
21415
21653
21376
21378
21416
23109
21377
21378
21654
23110
21418
21656
23112
21383
21384
21385
21393
21407
21383
21384
21383
21385
21394
21384
21385
21408
21397
21411
21398
21412
21390
21391
21392
21393
21414
21390
21391
21390
21392
21395
21391
21392
21415
21397
21418
21399
21419
21397
21398
21399
21421
21397
21398
21436
21397
21399
21674
21398
21399
21422
21438
21676
21425
21440
21426
21678
21404
21405
21406
21407
21414
21404
21405
21404
21406
21409
21405
21406
21416
21411
21418
21413
21420
21411
21412
21413
21421
21411
21412
21450
21411
21413
23144
21412
21413
21423
21452
23145
21425
21454
21427
23147
21418
21419
21420
21421
21418
21419
21695
21418
21420
23151
21419
21420
21424
21696
23152
21426
21698
21427
23154
21425
21426
21427
21425
21426
21464
21702
21425
21427
21465
23158
21426
21427
21703
23159
21467
21705
23161
21432
21433
21434
21442
21456
21432
21433
21432
21434
21443
21433
21434
21457
21446
21460
21447
21461
21439
21440
21441
21442
21463
21439
21440
21439
21441
21444
21440
21441
21464
21446
21467
21448
21468
21446
21447
21448
21470
21446
21447
21485
21446
21448
21723
21447
21448
21471
21487
21725
21474
21489
21475
21727
21453
21454
21455
21456
21463
21453
21454
21453
21455
21458
21454
21455
21465
21460
21467
21462
21469
21460
21461
21462
21470
21460
21461
21499
21460
21462
23193
21461
21462
21472
21501
23194
21474
21503
21476
23196
21467
21468
21469
21470
21467
21468
21744
21467
21469
23200
21468
21469
21473
21745
23201
21475
21747
21476
23203
21474
21475
21476
21474
21475
21513
21751
21474
21476
21514
23207
21475
21476
21752
23208
21516
21754
23210
21481
21482
21483
21491
21505
21481
21482
21481
21483
21492
21482
21483
21506
21495
21509
21496
21510
21488
21489
21490
21491
21512
21488
21489
21488
21490
21493
21489
21490
21513
21495
21516
21497
21517
21495
21496
21497
21519
21495
21496
21534
21495
21497
21772
21496
21497
21520
21536
21774
21523
21538
21524
21776
21502
21503
21504
21505
21512
21502
21503
21502
21504
21507
21503
21504
21514
21509
21516
21511
21518
21509
21510
21511
21519
21509
21510
21548
21509
21511
23242
21510
21511
21521
21550
23243
21523
21552
21525
23245
21516
21517
21518
21519
21516
21517
21793
21516
21518
23249
21517
21518
21522
21794
23250
21524
21796
21525
23252
21523
21524
21525
21523
21524
21562
21800
21523
21525
21563
23256
21524
21525
21801
23257
21565
21803
23259
21530
21531
21532
21540
21554
21530
21531
21530
21532
21541
21531
21532
21555
21544
21558
21545
21559
21537
21538
21539
21540
21561
21537
21538
21537
21539
21542
21538
21539
21562
21544
21565
21546
21566
21544
21545
21546
21568
21544
21545
21583
21544
21546
21821
21545
21546
21569
21585
21823
21572
21587
21573
21825
21551
21552
21553
21554
21561
21551
21552
21551
21553
21556
21552
21553
21563
21558
21565
21560
21567
21558
21559
21560
21568
21558
21559
21597
21558
21560
23291
21559
21560
21570
21599
23292
21572
21601
21574
23294
21565
21566
21567
21568
21565
21566
21842
21565
21567
23298
21566
21567
21571
21843
23299
21573
21845
21574
23301
21572
21573
21574
21572
21573
21611
21849
21572
21574
21612
23305
21573
21574
21850
23306
21614
21852
23308
21579
21580
21581
21589
21603
21579
21580
21579
21581
21590
21580
21581
21604
21593
21607
21594
21608
21586
21587
21588
21589
21610
21586
21587
21586
21588
21591
21587
21588
21611
21593
21614
21595
21615
21593
21594
21595
21617
21593
21594
21593
21595
21870
21594
21595
21618
21872
21621
21622
21874
21600
21601
21602
21603
21610
21600
21601
21600
21602
21605
21601
21602
21612
21607
21614
21609
21616
21607
21608
21609
21617
21607
21608
21607
21609
23340
21608
21609
21619
23341
21621
21623
23343
21614
21615
21616
21617
21614
21615
21891
21614
21616
23347
21615
21616
21620
21892
23348
21622
21894
21623
23350
21621
21622
21623
21621
21622
21898
21621
21623
23354
21622
21623
21899
23355
21901
23357
21628
21629
21630
21638
21652
21628
21629
21628
21630
21639
21629
21630
21653
21642
21656
21643
21657
21635
21636
21637
21638
21659
21635
21636
21635
21637
21640
21636
21637
21660
21642
21663
21644
21664
21642
21643
21644
21666
21642
21643
21681
21642
21644
21919
21643
21644
21667
21683
21921
21670
21685
21671
21923
21649
21650
21651
21652
21659
21649
21650
21649
21651
21654
21650
21651
21661
21656
21663
21658
21665
21656
21657
21658
21666
21656
21657
21695
21656
21658
23389
21657
21658
21668
21697
23390
21670
21699
21672
23392
21663
21664
21665
21666
21663
21664
21940
21663
21665
23396
21664
21665
21669
21941
23397
21671
21943
21672
23399
21670
21671
21672
21670
21671
21709
21947
21670
21672
21710
23403
21671
21672
21948
23404
21712
21950
23406
21677
21678
21679
21687
21701
21677
21678
21677
21679
21688
21678
21679
21702
21691
21705
21692
21706
21684
21685
21686
21687
21708
21684
21685
21684
21686
21689
21685
21686
21709
21691
21712
21693
21713
21691
21692
21693
21715
21691
21692
21730
21691
21693
21968
21692
21693
21716
21732
21970
21719
21734
21720
21972
21698
21699
21700
21701
21708
21698
21699
21698
21700
21703
21699
21700
21710
21705
21712
21707
21714
21705
21706
21707
21715
21705
21706
21744
21705
21707
23438
21706
21707
21717
21746
23439
21719
21748
21721
23441
21712
21713
21714
21715
21712
21713
21989
21712
21714
23445
21713
21714
21718
21990
23446
21720
21992
21721
23448
21719
21720
21721
21719
21720
21758
21996
21719
21721
21759
23452
21720
21721
21997
23453
21761
21999
23455
21726
21727
21728
21736
21750
21726
21727
21726
21728
21737
21727
21728
21751
21740
21754
21741
21755
21733
21734
21735
21736
21757
21733
21734
21733
21735
21738
21734
21735
21758
21740
21761
21742
21762
21740
21741
21742
21764
21740
21741
21779
21740
21742
22017
21741
21742
21765
21781
22019
21768
21783
21769
22021
21747
21748
21749
21750
21757
21747
21748
21747
21749
21752
21748
21749
21759
21754
21761
21756
21763
21754
21755
21756
21764
21754
21755
21793
21754
21756
23487
21755
21756
21766
21795
23488
21768
21797
21770
23490
21761
21762
21763
21764
21761
21762
22038
21761
21763
23494
21762
21763
21767
22039
23495
21769
22041
21770
23497
21768
21769
21770
21768
21769
21807
22045
21768
21770
21808
23501
21769
21770
22046
23502
21810
22048
23504
21775
21776
21777
21785
21799
21775
21776
21775
21777
21786
21776
21777
21800
21789
21803
21790
21804
21782
21783
21784
21785
21806
21782
21783
21782
21784
21787
21783
21784
21807
21789
21810
21791
21811
21789
21790
21791
21813
21789
21790
21828
21789
21791
22066
21790
21791
21814
21830
22068
21817
21832
21818
22070
21796
21797
21798
21799
21806
21796
21797
21796
21798
21801
21797
21798
21808
21803
21810
21805
21812
21803
21804
21805
21813
21803
21804
21842
21803
21805
23536
21804
21805
21815
21844
23537
21817
21846
21819
23539
21810
21811
21812
21813
21810
21811
22087
21810
21812
23543
21811
21812
21816
22088
23544
21818
22090
21819
23546
21817
21818
21819
21817
21818
21856
22094
21817
21819
21857
23550
21818
21819
22095
23551
21859
22097
23553
21824
21825
21826
21834
21848
21824
21825
21824
21826
21835
21825
21826
21849
21838
21852
21839
21853
21831
21832
21833
21834
21855
21831
21832
21831
21833
21836
21832
21833
21856
21838
21859
21840
21860
21838
21839
21840
21862
21838
21839
21877
21838
21840
22115
21839
21840
21863
21879
22117
21866
21881
21867
22119
21845
21846
21847
21848
21855
21845
21846
21845
21847
21850
21846
21847
21857
21852
21859
21854
21861
21852
21853
21854
21862
21852
21853
21891
21852
21854
23585
21853
21854
21864
21893
23586
21866
21895
21868
23588
21859
21860
21861
21862
21859
21860
22136
21859
21861
23592
21860
21861
21865
22137
23593
21867
22139
21868
23595
21866
21867
21868
21866
21867
21905
22143
21866
21868
21906
23599
21867
21868
22144
23600
21908
22146
23602
21873
21874
21875
21883
21897
21873
21874
21873
21875
21884
21874
21875
21898
21887
21901
21888
21902
21880
21881
21882
21883
21904
21880
21881
21880
21882
21885
21881
21882
21905
21887
21908
21889
21909
21887
21888
21889
21911
21887
21888
21887
21889
22164
21888
21889
21912
22166
21915
21916
22168
21894
21895
21896
21897
21904
21894
21895
21894
21896
21899
21895
21896
21906
21901
21908
21903
21910
21901
21902
21903
21911
21901
21902
21901
21903
23634
21902
21903
21913
23635
21915
21917
23637
21908
21909
21910
21911
21908
21909
22185
21908
21910
23641
21909
21910
21914
22186
23642
21916
22188
21917
23644
21915
21916
21917
21915
21916
22192
21915
21917
23648
21916
21917
22193
23649
22195
23651
21922
21923
21924
21932
21946
21922
21923
21922
21924
21933
21923
21924
21947
21936
21950
21937
21951
21929
21930
21931
21932
21953
21929
21930
21929
21931
21934
21930
21931
21954
21936
21957
21938
21958
21936
21937
21938
21960
21936
21937
21975
21936
21938
21937
21938
21961
21977
21964
21979
21965
21943
21944
21945
21946
21953
21943
21944
21943
21945
21948
21944
21945
21955
21950
21957
21952
21959
21950
21951
21952
21960
21950
21951
21989
21950
21952
23683
21951
21952
21962
21991
23684
21964
21993
21966
23686
21957
21958
21959
21960
21957
21958
21957
21959
23690
21958
21959
21963
23691
21965
21966
23693
21964
21965
21966
21964
21965
22003
21964
21966
22004
23697
21965
21966
23698
22006
23700
21971
21972
21973
21981
21995
21971
21972
21971
21973
21982
21972
21973
21996
21985
21999
21986
22000
21978
21979
21980
21981
22002
21978
21979
21978
21980
21983
21979
21980
22003
21985
22006
21987
22007
21985
21986
21987
22009
21985
21986
22024
21985
21987
21986
21987
22010
22026
22013
22028
22014
21992
21993
21994
21995
22002
21992
21993
21992
21994
21997
21993
21994
22004
21999
22006
22001
22008
21999
22000
22001
22009
21999
22000
22038
21999
22001
23732
22000
22001
22011
22040
23733
22013
22042
22015
23735
22006
22007
22008
22009
22006
22007
22006
22008
23739
22007
22008
22012
23740
22014
22015
23742
22013
22014
22015
22013
22014
22052
22013
22015
22053
23746
22014
22015
23747
22055
23749
22020
22021
22022
22030
22044
22020
22021
22020
22022
22031
22021
22022
22045
22034
22048
22035
22049
22027
22028
22029
22030
22051
22027
22028
22027
22029
22032
22028
22029
22052
22034
22055
22036
22056
22034
22035
22036
22058
22034
22035
22073
22034
22036
22035
22036
22059
22075
22062
22077
22063
22041
22042
22043
22044
22051
22041
22042
22041
22043
22046
22042
22043
22053
22048
22055
22050
22057
22048
22049
22050
22058
22048
22049
22087
22048
22050
23781
22049
22050
22060
22089
23782
22062
22091
22064
23784
22055
22056
22057
22058
22055
22056
22055
22057
23788
22056
22057
22061
23789
22063
22064
23791
22062
22063
22064
22062
22063
22101
22062
22064
22102
23795
22063
22064
23796
22104
23798
22069
22070
22071
22079
22093
22069
22070
22069
22071
22080
22070
22071
22094
22083
22097
22084
22098
22076
22077
22078
22079
22100
22076
22077
22076
22078
22081
22077
22078
22101
22083
22104
22085
22105
22083
22084
22085
22107
22083
22084
22122
22083
22085
22084
22085
22108
22124
22111
22126
22112
22090
22091
22092
22093
22100
22090
22091
22090
22092
22095
22091
22092
22102
22097
22104
22099
22106
22097
22098
22099
22107
22097
22098
22136
22097
22099
23830
22098
22099
22109
22138
23831
22111
22140
22113
23833
22104
22105
22106
22107
22104
22105
22104
22106
23837
22105
22106
22110
23838
22112
22113
23840
22111
22112
22113
22111
22112
22150
22111
22113
22151
23844
22112
22113
23845
22153
23847
22118
22119
22120
22128
22142
22118
22119
22118
22120
22129
22119
22120
22143
22132
22146
22133
22147
22125
22126
22127
22128
22149
22125
22126
22125
22127
22130
22126
22127
22150
22132
22153
22134
22154
22132
22133
22134
22156
22132
22133
22171
22132
22134
22133
22134
22157
22173
22160
22175
22161
22139
22140
22141
22142
22149
22139
22140
22139
22141
22144
22140
22141
22151
22146
22153
22148
22155
22146
22147
22148
22156
22146
22147
22185
22146
22148
23879
22147
22148
22158
22187
23880
22160
22189
22162
23882
22153
22154
22155
22156
22153
22154
22153
22155
23886
22154
22155
22159
23887
22161
22162
23889
22160
22161
22162
22160
22161
22199
22160
22162
22200
23893
22161
22162
23894
22202
23896
22167
22168
22169
22177
22191
22167
22168
22167
22169
22178
22168
22169
22192
22181
22195
22182
22196
22174
22175
22176
22177
22198
22174
22175
22174
22176
22179
22175
22176
22199
22181
22202
22183
22203
22181
22182
22183
22205
22181
22182
22181
22183
22182
22183
22206
22209
22210
22188
22189
22190
22191
22198
22188
22189
22188
22190
22193
22189
22190
22200
22195
22202
22197
22204
22195
22196
22197
22205
22195
22196
22195
22197
23928
22196
22197
22207
23929
22209
22211
23931
22202
22203
22204
22205
22202
22203
22202
22204
23935
22203
22204
22208
23936
22210
22211
23938
22209
22210
22211
22209
22210
22209
22211
23942
22210
22211
23943
23945
22216
22217
22218
22226
22240
22216
22217
22216
22218
22227
22217
22218
22241
22230
22244
22231
22245
22223
22224
22225
22226
22247
22223
22224
22223
22225
22228
22224
22225
22248
22230
22251
22232
22252
22230
22231
22232
22254
22230
22231
22269
22230
22232
22507
22231
22232
22255
22271
22509
22258
22273
22259
22511
22237
22238
22239
22240
22247
22237
22238
22237
22239
22242
22238
22239
22249
22244
22251
22246
22253
22244
22245
22246
22254
22244
22245
22283
22244
22246
22245
22246
22256
22285
22258
22287
22260
22251
22252
22253
22254
22251
22252
22528
22251
22253
22252
22253
22257
22529
22259
22531
22260
22258
22259
22260
22258
22259
22297
22535
22258
22260
22298
22259
22260
22536
22300
22538
22265
22266
22267
22275
22289
22265
22266
22265
22267
22276
22266
22267
22290
22279
22293
22280
22294
22272
22273
22274
22275
22296
22272
22273
22272
22274
22277
22273
22274
22297
22279
22300
22281
22301
22279
22280
22281
22303
22279
22280
22318
22279
22281
22556
22280
22281
22304
22320
22558
22307
22322
22308
22560
22286
22287
22288
22289
22296
22286
22287
22286
22288
22291
22287
22288
22298
22293
22300
22295
22302
22293
22294
22295
22303
22293
22294
22332
22293
22295
22294
22295
22305
22334
22307
22336
22309
22300
22301
22302
22303
22300
22301
22577
22300
22302
22301
22302
22306
22578
22308
22580
22309
22307
22308
22309
22307
22308
22346
22584
22307
22309
22347
22308
22309
22585
22349
22587
22314
22315
22316
22324
22338
22314
22315
22314
22316
22325
22315
22316
22339
22328
22342
22329
22343
22321
22322
22323
22324
22345
22321
22322
22321
22323
22326
22322
22323
22346
22328
22349
22330
22350
22328
22329
22330
22352
22328
22329
22367
22328
22330
22605
22329
22330
22353
22369
22607
22356
22371
22357
22609
22335
22336
22337
22338
22345
22335
22336
22335
22337
22340
22336
22337
22347
22342
22349
22344
22351
22342
22343
22344
22352
22342
22343
22381
22342
22344
22343
22344
22354
22383
22356
22385
22358
22349
22350
22351
22352
22349
22350
22626
22349
22351
22350
22351
22355
22627
22357
22629
22358
22356
22357
22358
22356
22357
22395
22633
22356
22358
22396
22357
22358
22634
22398
22636
22363
22364
22365
22373
22387
22363
22364
22363
22365
22374
22364
22365
22388
22377
22391
22378
22392
22370
22371
22372
22373
22394
22370
22371
22370
22372
22375
22371
22372
22395
22377
22398
22379
22399
22377
22378
22379
22401
22377
22378
22416
22377
22379
22654
22378
22379
22402
22418
22656
22405
22420
22406
22658
22384
22385
22386
22387
22394
22384
22385
22384
22386
22389
22385
22386
22396
22391
22398
22393
22400
22391
22392
22393
22401
22391
22392
22430
22391
22393
22392
22393
22403
22432
22405
22434
22407
22398
22399
22400
22401
22398
22399
22675
22398
22400
22399
22400
22404
22676
22406
22678
22407
22405
22406
22407
22405
22406
22444
22682
22405
22407
22445
22406
22407
22683
22447
22685
22412
22413
22414
22422
22436
22412
22413
22412
22414
22423
22413
22414
22437
22426
22440
22427
22441
22419
22420
22421
22422
22443
22419
22420
22419
22421
22424
22420
22421
22444
22426
22447
22428
22448
22426
22427
22428
22450
22426
22427
22465
22426
22428
22703
22427
22428
22451
22467
22705
22454
22469
22455
22707
22433
22434
22435
22436
22443
22433
22434
22433
22435
22438
22434
22435
22445
22440
22447
22442
22449
22440
22441
22442
22450
22440
22441
22479
22440
22442
22441
22442
22452
22481
22454
22483
22456
22447
22448
22449
22450
22447
22448
22724
22447
22449
22448
22449
22453
22725
22455
22727
22456
22454
22455
22456
22454
22455
22493
22731
22454
22456
22494
22455
22456
22732
22496
22734
22461
22462
22463
22471
22485
22461
22462
22461
22463
22472
22462
22463
22486
22475
22489
22476
22490
22468
22469
22470
22471
22492
22468
22469
22468
22470
22473
22469
22470
22493
22475
22496
22477
22497
22475
22476
22477
22499
22475
22476
22475
22477
22752
22476
22477
22500
22754
22503
22504
22756
22482
22483
22484
22485
22492
22482
22483
22482
22484
22487
22483
22484
22494
22489
22496
22491
22498
22489
22490
22491
22499
22489
22490
22489
22491
22490
22491
22501
22503
22505
22496
22497
22498
22499
22496
22497
22773
22496
22498
22497
22498
22502
22774
22504
22776
22505
22503
22504
22505
22503
22504
22780
22503
22505
22504
22505
22781
22783
22510
22511
22512
22520
22534
22510
22511
22510
22512
22521
22511
22512
22535
22524
22538
22525
22539
22517
22518
22519
22520
22541
22517
22518
22517
22519
22522
22518
22519
22542
22524
22545
22526
22546
22524
22525
22526
22548
22524
22525
22563
22524
22526
22801
22525
22526
22549
22565
22803
22552
22567
22553
22805
22531
22532
22533
22534
22541
22531
22532
22531
22533
22536
22532
22533
22543
22538
22545
22540
22547
22538
22539
22540
22548
22538
22539
22577
22538
22540
22539
22540
22550
22579
22552
22581
22554
22545
22546
22547
22548
22545
22546
22822
22545
22547
22546
22547
22551
22823
22553
22825
22554
22552
22553
22554
22552
22553
22591
22829
22552
22554
22592
22553
22554
22830
22594
22832
22559
22560
22561
22569
22583
22559
22560
22559
22561
22570
22560
22561
22584
22573
22587
22574
22588
22566
22567
22568
22569
22590
22566
22567
22566
22568
22571
22567
22568
22591
22573
22594
22575
22595
22573
22574
22575
22597
22573
22574
22612
22573
22575
22850
22574
22575
22598
22614
22852
22601
22616
22602
22854
22580
22581
22582
22583
22590
22580
22581
22580
22582
22585
22581
22582
22592
22587
22594
22589
22596
22587
22588
22589
22597
22587
22588
22626
22587
22589
22588
22589
22599
22628
22601
22630
22603
22594
22595
22596
22597
22594
22595
22871
22594
22596
22595
22596
22600
22872
22602
22874
22603
22601
22602
22603
22601
22602
22640
22878
22601
22603
22641
22602
22603
22879
22643
22881
22608
22609
22610
22618
22632
22608
22609
22608
22610
22619
22609
22610
22633
22622
22636
22623
22637
22615
22616
22617
22618
22639
22615
22616
22615
22617
22620
22616
22617
22640
22622
22643
22624
22644
22622
22623
22624
22646
22622
22623
22661
22622
22624
22899
22623
22624
22647
22663
22901
22650
22665
22651
22903
22629
22630
22631
22632
22639
22629
22630
22629
22631
22634
22630
22631
22641
22636
22643
22638
22645
22636
22637
22638
22646
22636
22637
22675
22636
22638
22637
22638
22648
22677
22650
22679
22652
22643
22644
22645
22646
22643
22644
22920
22643
22645
22644
22645
22649
22921
22651
22923
22652
22650
22651
22652
22650
22651
22689
22927
22650
22652
22690
22651
22652
22928
22692
22930
22657
22658
22659
22667
22681
22657
22658
22657
22659
22668
22658
22659
22682
22671
22685
22672
22686
22664
22665
22666
22667
22688
22664
22665
22664
22666
22669
22665
22666
22689
22671
22692
22673
22693
22671
22672
22673
22695
22671
22672
22710
22671
22673
22948
22672
22673
22696
22712
22950
22699
22714
22700
22952
22678
22679
22680
22681
22688
22678
22679
22678
22680
22683
22679
22680
22690
22685
22692
22687
22694
22685
22686
22687
22695
22685
22686
22724
22685
22687
22686
22687
22697
22726
22699
22728
22701
22692
22693
22694
22695
22692
22693
22969
22692
22694
22693
22694
22698
22970
22700
22972
22701
22699
22700
22701
22699
22700
22738
22976
22699
22701
22739
22700
22701
22977
22741
22979
22706
22707
22708
22716
22730
22706
22707
22706
22708
22717
22707
22708
22731
22720
22734
22721
22735
22713
22714
22715
22716
22737
22713
22714
22713
22715
22718
22714
22715
22738
22720
22741
22722
22742
22720
22721
22722
22744
22720
22721
22759
22720
22722
22997
22721
22722
22745
22761
22999
22748
22763
22749
23001
22727
22728
22729
22730
22737
22727
22728
22727
22729
22732
22728
22729
22739
22734
22741
22736
22743
22734
22735
22736
22744
22734
22735
22773
22734
22736
22735
22736
22746
22775
22748
22777
22750
22741
22742
22743
22744
22741
22742
23018
22741
22743
22742
22743
22747
23019
22749
23021
22750
22748
22749
22750
22748
22749
22787
23025
22748
22750
22788
22749
22750
23026
22790
23028
22755
22756
22757
22765
22779
22755
22756
22755
22757
22766
22756
22757
22780
22769
22783
22770
22784
22762
22763
22764
22765
22786
22762
22763
22762
22764
22767
22763
22764
22787
22769
22790
22771
22791
22769
22770
22771
22793
22769
22770
22769
22771
23046
22770
22771
22794
23048
22797
22798
23050
22776
22777
22778
22779
22786
22776
22777
22776
22778
22781
22777
22778
22788
22783
22790
22785
22792
22783
22784
22785
22793
22783
22784
22783
22785
22784
22785
22795
22797
22799
22790
22791
22792
22793
22790
22791
23067
22790
22792
22791
22792
22796
23068
22798
23070
22799
22797
22798
22799
22797
22798
23074
22797
22799
22798
22799
23075
23077
22804
22805
22806
22814
22828
22804
22805
22804
22806
22815
22805
22806
22829
22818
22832
22819
22833
22811
22812
22813
22814
22835
22811
22812
22811
22813
22816
22812
22813
22836
22818
22839
22820
22840
22818
22819
22820
22842
22818
22819
22857
22818
22820
23095
22819
22820
22843
22859
23097
22846
22861
22847
23099
22825
22826
22827
22828
22835
22825
22826
22825
22827
22830
22826
22827
22837
22832
22839
22834
22841
22832
22833
22834
22842
22832
22833
22871
22832
22834
22833
22834
22844
22873
22846
22875
22848
22839
22840
22841
22842
22839
22840
23116
22839
22841
22840
22841
22845
23117
22847
23119
22848
22846
22847
22848
22846
22847
22885
23123
22846
22848
22886
22847
22848
23124
22888
23126
22853
22854
22855
22863
22877
22853
22854
22853
22855
22864
22854
22855
22878
22867
22881
22868
22882
22860
22861
22862
22863
22884
22860
22861
22860
22862
22865
22861
22862
22885
22867
22888
22869
22889
22867
22868
22869
22891
22867
22868
22906
22867
22869
23144
22868
22869
22892
22908
23146
22895
22910
22896
23148
22874
22875
22876
22877
22884
22874
22875
22874
22876
22879
22875
22876
22886
22881
22888
22883
22890
22881
22882
22883
22891
22881
22882
22920
22881
22883
22882
22883
22893
22922
22895
22924
22897
22888
22889
22890
22891
22888
22889
23165
22888
22890
22889
22890
22894
23166
22896
23168
22897
22895
22896
22897
22895
22896
22934
23172
22895
22897
22935
22896
22897
23173
22937
23175
22902
22903
22904
22912
22926
22902
22903
22902
22904
22913
22903
22904
22927
22916
22930
22917
22931
22909
22910
22911
22912
22933
22909
22910
22909
22911
22914
22910
22911
22934
22916
22937
22918
22938
22916
22917
22918
22940
22916
22917
22955
22916
22918
23193
22917
22918
22941
22957
23195
22944
22959
22945
23197
22923
22924
22925
22926
22933
22923
22924
22923
22925
22928
22924
22925
22935
22930
22937
22932
22939
22930
22931
22932
22940
22930
22931
22969
22930
22932
22931
22932
22942
22971
22944
22973
22946
22937
22938
22939
22940
22937
22938
23214
22937
22939
22938
22939
22943
23215
22945
23217
22946
22944
22945
22946
22944
22945
22983
23221
22944
22946
22984
22945
22946
23222
22986
23224
22951
22952
22953
22961
22975
22951
22952
22951
22953
22962
22952
22953
22976
22965
22979
22966
22980
22958
22959
22960
22961
22982
22958
22959
22958
22960
22963
22959
22960
22983
22965
22986
22967
22987
22965
22966
22967
22989
22965
22966
23004
22965
22967
23242
22966
22967
22990
23006
23244
22993
23008
22994
23246
22972
22973
22974
22975
22982
22972
22973
22972
22974
22977
22973
22974
22984
22979
22986
22981
22988
22979
22980
22981
22989
22979
22980
23018
22979
22981
22980
22981
22991
23020
22993
23022
22995
22986
22987
22988
22989
22986
22987
23263
22986
22988
22987
22988
22992
23264
22994
23266
22995
22993
22994
22995
22993
22994
23032
23270
22993
22995
23033
22994
22995
23271
23035
23273
23000
23001
23002
23010
23024
23000
23001
23000
23002
23011
23001
23002
23025
23014
23028
23015
23029
23007
23008
23009
23010
23031
23007
23008
23007
23009
23012
23008
23009
23032
23014
23035
23016
23036
23014
23015
23016
23038
23014
23015
23053
23014
23016
23291
23015
23016
23039
23055
23293
23042
23057
23043
23295
23021
23022
23023
23024
23031
23021
23022
23021
23023
23026
23022
23023
23033
23028
23035
23030
23037
23028
23029
23030
23038
23028
23029
23067
23028
23030
23029
23030
23040
23069
23042
23071
23044
23035
23036
23037
23038
23035
23036
23312
23035
23037
23036
23037
23041
23313
23043
23315
23044
23042
23043
23044
23042
23043
23081
23319
23042
23044
23082
23043
23044
23320
23084
23322
23049
23050
23051
23059
23073
23049
23050
23049
23051
23060
23050
23051
23074
23063
23077
23064
23078
23056
23057
23058
23059
23080
23056
23057
23056
23058
23061
23057
23058
23081
23063
23084
23065
23085
23063
23064
23065
23087
23063
23064
23063
23065
23340
23064
23065
23088
23342
23091
23092
23344
23070
23071
23072
23073
23080
23070
23071
23070
23072
23075
23071
23072
23082
23077
23084
23079
23086
23077
23078
23079
23087
23077
23078
23077
23079
23078
23079
23089
23091
23093
23084
23085
23086
23087
23084
23085
23361
23084
23086
23085
23086
23090
23362
23092
23364
23093
23091
23092
23093
23091
23092
23368
23091
23093
23092
23093
23369
23371
23098
23099
23100
23108
23122
23098
23099
23098
23100
23109
23099
23100
23123
23112
23126
23113
23127
23105
23106
23107
23108
23129
23105
23106
23105
23107
23110
23106
23107
23130
23112
23133
23114
23134
23112
23113
23114
23136
23112
23113
23151
23112
23114
23389
23113
23114
23137
23153
23391
23140
23155
23141
23393
23119
23120
23121
23122
23129
23119
23120
23119
23121
23124
23120
23121
23131
23126
23133
23128
23135
23126
23127
23128
23136
23126
23127
23165
23126
23128
23127
23128
23138
23167
23140
23169
23142
23133
23134
23135
23136
23133
23134
23410
23133
23135
23134
23135
23139
23411
23141
23413
23142
23140
23141
23142
23140
23141
23179
23417
23140
23142
23180
23141
23142
23418
23182
23420
23147
23148
23149
23157
23171
23147
23148
23147
23149
23158
23148
23149
23172
23161
23175
23162
23176
23154
23155
23156
23157
23178
23154
23155
23154
23156
23159
23155
23156
23179
23161
23182
23163
23183
23161
23162
23163
23185
23161
23162
23200
23161
23163
23438
23162
23163
23186
23202
23440
23189
23204
23190
23442
23168
23169
23170
23171
23178
23168
23169
23168
23170
23173
23169
23170
23180
23175
23182
23177
23184
23175
23176
23177
23185
23175
23176
23214
23175
23177
23176
23177
23187
23216
23189
23218
23191
23182
23183
23184
23185
23182
23183
23459
23182
23184
23183
23184
23188
23460
23190
23462
23191
23189
23190
23191
23189
23190
23228
23466
23189
23191
23229
23190
23191
23467
23231
23469
23196
23197
23198
23206
23220
23196
23197
23196
23198
23207
23197
23198
23221
23210
23224
23211
23225
23203
23204
23205
23206
23227
23203
23204
23203
23205
23208
23204
23205
23228
23210
23231
23212
23232
23210
23211
23212
23234
23210
23211
23249
23210
23212
23487
23211
23212
23235
23251
23489
23238
23253
23239
23491
23217
23218
23219
23220
23227
23217
23218
23217
23219
23222
23218
23219
23229
23224
23231
23226
23233
23224
23225
23226
23234
23224
23225
23263
23224
23226
23225
23226
23236
23265
23238
23267
23240
23231
23232
23233
23234
23231
23232
23508
23231
23233
23232
23233
23237
23509
23239
23511
23240
23238
23239
23240
23238
23239
23277
23515
23238
23240
23278
23239
23240
23516
23280
23518
23245
23246
23247
23255
23269
23245
23246
23245
23247
23256
23246
23247
23270
23259
23273
23260
23274
23252
23253
23254
23255
23276
23252
23253
23252
23254
23257
23253
23254
23277
23259
23280
23261
23281
23259
23260
23261
23283
23259
23260
23298
23259
23261
23536
23260
23261
23284
23300
23538
23287
23302
23288
23540
23266
23267
23268
23269
23276
23266
23267
23266
23268
23271
23267
23268
23278
23273
23280
23275
23282
23273
23274
23275
23283
23273
23274
23312
23273
23275
23274
23275
23285
23314
23287
23316
23289
23280
23281
23282
23283
23280
23281
23557
23280
23282
23281
23282
23286
23558
23288
23560
23289
23287
23288
23289
23287
23288
23326
23564
23287
23289
23327
23288
23289
23565
23329
23567
23294
23295
23296
23304
23318
23294
23295
23294
23296
23305
23295
23296
23319
23308
23322
23309
23323
23301
23302
23303
23304
23325
23301
23302
23301
23303
23306
23302
23303
23326
23308
23329
23310
23330
23308
23309
23310
23332
23308
23309
23347
23308
23310
23585
23309
23310
23333
23349
23587
23336
23351
23337
23589
23315
23316
23317
23318
23325
23315
23316
23315
23317
23320
23316
23317
23327
23322
23329
23324
23331
23322
23323
23324
23332
23322
23323
23361
23322
23324
23323
23324
23334
23363
23336
23365
23338
23329
23330
23331
23332
23329
23330
23606
23329
23331
23330
23331
23335
23607
23337
23609
23338
23336
23337
23338
23336
23337
23375
23613
23336
23338
23376
23337
23338
23614
23378
23616
23343
23344
23345
23353
23367
23343
23344
23343
23345
23354
23344
23345
23368
23357
23371
23358
23372
23350
23351
23352
23353
23374
23350
23351
23350
23352
23355
23351
23352
23375
23357
23378
23359
23379
23357
23358
23359
23381
23357
23358
23357
23359
23634
23358
23359
23382
23636
23385
23386
23638
23364
23365
23366
23367
23374
23364
23365
23364
23366
23369
23365
23366
23376
23371
23378
23373
23380
23371
23372
23373
23381
23371
23372
23371
23373
23372
23373
23383
23385
23387
23378
23379
23380
23381
23378
23379
23655
23378
23380
23379
23380
23384
23656
23386
23658
23387
23385
23386
23387
23385
23386
23662
23385
23387
23386
23387
23663
23665
23392
23393
23394
23402
23416
23392
23393
23392
23394
23403
23393
23394
23417
23406
23420
23407
23421
23399
23400
23401
23402
23423
23399
23400
23399
23401
23404
23400
23401
23424
23406
23427
23408
23428
23406
23407
23408
23430
23406
23407
23445
23406
23408
23683
23407
23408
23431
23447
23685
23434
23449
23435
23687
23413
23414
23415
23416
23423
23413
23414
23413
23415
23418
23414
23415
23425
23420
23427
23422
23429
23420
23421
23422
23430
23420
23421
23459
23420
23422
23421
23422
23432
23461
23434
23463
23436
23427
23428
23429
23430
23427
23428
23704
23427
23429
23428
23429
23433
23705
23435
23707
23436
23434
23435
23436
23434
23435
23473
23711
23434
23436
23474
23435
23436
23712
23476
23714
23441
23442
23443
23451
23465
23441
23442
23441
23443
23452
23442
23443
23466
23455
23469
23456
23470
23448
23449
23450
23451
23472
23448
23449
23448
23450
23453
23449
23450
23473
23455
23476
23457
23477
23455
23456
23457
23479
23455
23456
23494
23455
23457
23732
23456
23457
23480
23496
23734
23483
23498
23484
23736
23462
23463
23464
23465
23472
23462
23463
23462
23464
23467
23463
23464
23474
23469
23476
23471
23478
23469
23470
23471
23479
23469
23470
23508
23469
23471
23470
23471
23481
23510
23483
23512
23485
23476
23477
23478
23479
23476
23477
23753
23476
23478
23477
23478
23482
23754
23484
23756
23485
23483
23484
23485
23483
23484
23522
23760
23483
23485
23523
23484
23485
23761
23525
23763
23490
23491
23492
23500
23514
23490
23491
23490
23492
23501
23491
23492
23515
23504
23518
23505
23519
23497
23498
23499
23500
23521
23497
23498
23497
23499
23502
23498
23499
23522
23504
23525
23506
23526
23504
23505
23506
23528
23504
23505
23543
23504
23506
23781
23505
23506
23529
23545
23783
23532
23547
23533
23785
23511
23512
23513
23514
23521
23511
23512
23511
23513
23516
23512
23513
23523
23518
23525
23520
23527
23518
23519
23520
23528
23518
23519
23557
23518
23520
23519
23520
23530
23559
23532
23561
23534
23525
23526
23527
23528
23525
23526
23802
23525
23527
23526
23527
23531
23803
23533
23805
23534
23532
23533
23534
23532
23533
23571
23809
23532
23534
23572
23533
23534
23810
23574
23812
23539
23540
23541
23549
23563
23539
23540
23539
23541
23550
23540
23541
23564
23553
23567
23554
23568
23546
23547
23548
23549
23570
23546
23547
23546
23548
23551
23547
23548
23571
23553
23574
23555
23575
23553
23554
23555
23577
23553
23554
23592
23553
23555
23830
23554
23555
23578
23594
23832
23581
23596
23582
23834
23560
23561
23562
23563
23570
23560
23561
23560
23562
23565
23561
23562
23572
23567
23574
23569
23576
23567
23568
23569
23577
23567
23568
23606
23567
23569
23568
23569
23579
23608
23581
23610
23583
23574
23575
23576
23577
23574
23575
23851
23574
23576
23575
23576
23580
23852
23582
23854
23583
23581
23582
23583
23581
23582
23620
23858
23581
23583
23621
23582
23583
23859
23623
23861
23588
23589
23590
23598
23612
23588
23589
23588
23590
23599
23589
23590
23613
23602
23616
23603
23617
23595
23596
23597
23598
23619
23595
23596
23595
23597
23600
23596
23597
23620
23602
23623
23604
23624
23602
23603
23604
23626
23602
23603
23641
23602
23604
23879
23603
23604
23627
23643
23881
23630
23645
23631
23883
23609
23610
23611
23612
23619
23609
23610
23609
23611
23614
23610
23611
23621
23616
23623
23618
23625
23616
23617
23618
23626
23616
23617
23655
23616
23618
23617
23618
23628
23657
23630
23659
23632
23623
23624
23625
23626
23623
23624
23900
23623
23625
23624
23625
23629
23901
23631
23903
23632
23630
23631
23632
23630
23631
23669
23907
23630
23632
23670
23631
23632
23908
23672
23910
23637
23638
23639
23647
23661
23637
23638
23637
23639
23648
23638
23639
23662
23651
23665
23652
23666
23644
23645
23646
23647
23668
23644
23645
23644
23646
23649
23645
23646
23669
23651
23672
23653
23673
23651
23652
23653
23675
23651
23652
23651
23653
23928
23652
23653
23676
23930
23679
23680
23932
23658
23659
23660
23661
23668
23658
23659
23658
23660
23663
23659
23660
23670
23665
23672
23667
23674
23665
23666
23667
23675
23665
23666
23665
23667
23666
23667
23677
23679
23681
23672
23673
23674
23675
23672
23673
23949
23672
23674
23673
23674
23678
23950
23680
23952
23681
23679
23680
23681
23679
23680
23956
23679
23681
23680
23681
23957
23959
23686
23687
23688
23696
23710
23686
23687
23686
23688
23697
23687
23688
23711
23700
23714
23701
23715
23693
23694
23695
23696
23717
23693
23694
23693
23695
23698
23694
23695
23718
23700
23721
23702
23722
23700
23701
23702
23724
23700
23701
23739
23700
23702
23701
23702
23725
23741
23728
23743
23729
23707
23708
23709
23710
23717
23707
23708
23707
23709
23712
23708
23709
23719
23714
23721
23716
23723
23714
23715
23716
23724
23714
23715
23753
23714
23716
23715
23716
23726
23755
23728
23757
23730
23721
23722
23723
23724
23721
23722
23721
23723
23722
23723
23727
23729
23730
23728
23729
23730
23728
23729
23767
23728
23730
23768
23729
23730
23770
23735
23736
23737
23745
23759
23735
23736
23735
23737
23746
23736
23737
23760
23749
23763
23750
23764
23742
23743
23744
23745
23766
23742
23743
23742
23744
23747
23743
23744
23767
23749
23770
23751
23771
23749
23750
23751
23773
23749
23750
23788
23749
23751
23750
23751
23774
23790
23777
23792
23778
23756
23757
23758
23759
23766
23756
23757
23756
23758
23761
23757
23758
23768
23763
23770
23765
23772
23763
23764
23765
23773
23763
23764
23802
23763
23765
23764
23765
23775
23804
23777
23806
23779
23770
23771
23772
23773
23770
23771
23770
23772
23771
23772
23776
23778
23779
23777
23778
23779
23777
23778
23816
23777
23779
23817
23778
23779
23819
23784
23785
23786
23794
23808
23784
23785
23784
23786
23795
23785
23786
23809
23798
23812
23799
23813
23791
23792
23793
23794
23815
23791
23792
23791
23793
23796
23792
23793
23816
23798
23819
23800
23820
23798
23799
23800
23822
23798
23799
23837
23798
23800
23799
23800
23823
23839
23826
23841
23827
23805
23806
23807
23808
23815
23805
23806
23805
23807
23810
23806
23807
23817
23812
23819
23814
23821
23812
23813
23814
23822
23812
23813
23851
23812
23814
23813
23814
23824
23853
23826
23855
23828
23819
23820
23821
23822
23819
23820
23819
23821
23820
23821
23825
23827
23828
23826
23827
23828
23826
23827
23865
23826
23828
23866
23827
23828
23868
23833
23834
23835
23843
23857
23833
23834
23833
23835
23844
23834
23835
23858
23847
23861
23848
23862
23840
23841
23842
23843
23864
23840
23841
23840
23842
23845
23841
23842
23865
23847
23868
23849
23869
23847
23848
23849
23871
23847
23848
23886
23847
23849
23848
23849
23872
23888
23875
23890
23876
23854
23855
23856
23857
23864
23854
23855
23854
23856
23859
23855
23856
23866
23861
23868
23863
23870
23861
23862
23863
23871
23861
23862
23900
23861
23863
23862
23863
23873
23902
23875
23904
23877
23868
23869
23870
23871
23868
23869
23868
23870
23869
23870
23874
23876
23877
23875
23876
23877
23875
23876
23914
23875
23877
23915
23876
23877
23917
23882
23883
23884
23892
23906
23882
23883
23882
23884
23893
23883
23884
23907
23896
23910
23897
23911
23889
23890
23891
23892
23913
23889
23890
23889
23891
23894
23890
23891
23914
23896
23917
23898
23918
23896
23897
23898
23920
23896
23897
23935
23896
23898
23897
23898
23921
23937
23924
23939
23925
23903
23904
23905
23906
23913
23903
23904
23903
23905
23908
23904
23905
23915
23910
23917
23912
23919
23910
23911
23912
23920
23910
23911
23949
23910
23912
23911
23912
23922
23951
23924
23953
23926
23917
23918
23919
23920
23917
23918
23917
23919
23918
23919
23923
23925
23926
23924
23925
23926
23924
23925
23963
23924
23926
23964
23925
23926
23966
23931
23932
23933
23941
23955
23931
23932
23931
23933
23942
23932
23933
23956
23945
23959
23946
23960
23938
23939
23940
23941
23962
23938
23939
23938
23940
23943
23939
23940
23963
23945
23966
23947
23967
23945
23946
23947
23969
23945
23946
23945
23947
23946
23947
23970
23973
23974
23952
23953
23954
23955
23962
23952
23953
23952
23954
23957
23953
23954
23964
23959
23966
23961
23968
23959
23960
23961
23969
23959
23960
23959
23961
23960
23961
23971
23973
23975
23966
23967
23968
23969
23966
23967
23966
23968
23967
23968
23972
23974
23975
23973
23974
23975
23973
23974
23973
23975
23974
23975
)


// ************************************************************************* //
