/*--------------------------------*- C++ -*----------------------------------*\
| =========                 |                                                 |
| \\      /  F ield         | OpenFOAM: The Open Source CFD Toolbox           |
|  \\    /   O peration     | Version:  2412                                  |
|   \\  /    A nd           | Website:  www.openfoam.com                      |
|    \\/     M anipulation  |                                                 |
\*---------------------------------------------------------------------------*/
FoamFile
{
    version     2.0;
    format      ascii;
    arch        "LSB;label=32;scalar=64";
    class       volVectorField;
    location    "0.42";
    object      U;
}
// * * * * * * * * * * * * * * * * * * * * * * * * * * * * * * * * * * * * * //

dimensions      [0 1 -1 0 0 0 0];

internalField   nonuniform List<vector> 
4000
(
(-0.443303 -0.443302 0.711764)
(-2.37447 -1.27103 0.782368)
(-3.31347 -3.38933 0.263386)
(-2.68936 -4.82629 -0.136262)
(-0.715724 -5.80517 -0.16621)
(0.715723 -5.80517 -0.166208)
(2.68935 -4.82629 -0.136263)
(3.31347 -3.38933 0.263384)
(2.37447 -1.27104 0.782368)
(0.443303 -0.443309 0.711767)
(-1.27103 -2.37447 0.782368)
(-3.20731 -3.20731 -0.196023)
(-3.53128 -4.68774 -1.09565)
(-2.26835 -5.52322 -1.44241)
(-0.600955 -6.20075 -1.38316)
(0.600955 -6.20075 -1.38316)
(2.26835 -5.52322 -1.44241)
(3.53128 -4.68774 -1.09565)
(3.20732 -3.20732 -0.196027)
(1.27105 -2.37448 0.782367)
(-3.38933 -3.31347 0.263386)
(-4.68774 -3.53128 -1.09565)
(-4.2481 -4.2481 -1.55286)
(-2.59361 -4.87085 -1.69897)
(-0.582832 -5.73078 -1.66155)
(0.582831 -5.73078 -1.66155)
(2.59361 -4.87085 -1.69897)
(4.2481 -4.2481 -1.55286)
(4.68774 -3.53128 -1.09565)
(3.38934 -3.31347 0.263383)
(-4.82629 -2.68936 -0.136262)
(-5.52322 -2.26835 -1.44241)
(-4.87085 -2.59361 -1.69897)
(-3.02839 -3.02839 -1.85032)
(-0.59509 -3.38389 -1.92259)
(0.59509 -3.38389 -1.92259)
(3.02839 -3.02839 -1.85032)
(4.87085 -2.59362 -1.69897)
(5.52322 -2.26836 -1.44241)
(4.82629 -2.68936 -0.136263)
(-5.80517 -0.715724 -0.16621)
(-6.20075 -0.600955 -1.38316)
(-5.73078 -0.582832 -1.66155)
(-3.38389 -0.59509 -1.92259)
(-0.631804 -0.631804 -2.05742)
(0.631804 -0.631804 -2.05742)
(3.38389 -0.59509 -1.92259)
(5.73078 -0.582832 -1.66155)
(6.20075 -0.600956 -1.38316)
(5.80517 -0.715724 -0.166209)
(-5.80517 0.715723 -0.166208)
(-6.20075 0.600955 -1.38316)
(-5.73078 0.582831 -1.66155)
(-3.38389 0.59509 -1.92259)
(-0.631804 0.631804 -2.05742)
(0.631804 0.631804 -2.05742)
(3.38389 0.59509 -1.92259)
(5.73078 0.582832 -1.66155)
(6.20075 0.600956 -1.38316)
(5.80517 0.715723 -0.166209)
(-4.82629 2.68935 -0.136263)
(-5.52322 2.26835 -1.44241)
(-4.87085 2.59361 -1.69897)
(-3.02839 3.02839 -1.85032)
(-0.59509 3.38389 -1.92259)
(0.59509 3.38389 -1.92259)
(3.02839 3.02839 -1.85032)
(4.87085 2.59361 -1.69897)
(5.52322 2.26836 -1.44241)
(4.82629 2.68936 -0.136262)
(-3.38933 3.31347 0.263384)
(-4.68774 3.53128 -1.09565)
(-4.2481 4.2481 -1.55286)
(-2.59362 4.87085 -1.69897)
(-0.582832 5.73078 -1.66155)
(0.582832 5.73078 -1.66155)
(2.59361 4.87085 -1.69897)
(4.2481 4.2481 -1.55286)
(4.68774 3.53128 -1.09565)
(3.38934 3.31347 0.263385)
(-1.27104 2.37447 0.782368)
(-3.20732 3.20732 -0.196027)
(-3.53128 4.68774 -1.09565)
(-2.26836 5.52322 -1.44241)
(-0.600956 6.20075 -1.38316)
(0.600956 6.20075 -1.38316)
(2.26836 5.52322 -1.44241)
(3.53128 4.68774 -1.09565)
(3.20732 3.20732 -0.196025)
(1.27104 2.37448 0.782367)
(-0.443309 0.443303 0.711767)
(-2.37448 1.27105 0.782367)
(-3.31347 3.38934 0.263383)
(-2.68936 4.82629 -0.136263)
(-0.715724 5.80517 -0.166209)
(0.715723 5.80517 -0.166209)
(2.68936 4.82629 -0.136262)
(3.31347 3.38934 0.263385)
(2.37448 1.27104 0.782367)
(0.443305 0.443305 0.711766)
(-0.117894 -0.117894 1.84059)
(-1.6804 -0.0273034 2.63003)
(-2.50007 -2.43751 3.14124)
(-2.27077 -4.2252 3.19201)
(-0.81122 -4.8801 3.28573)
(0.81122 -4.8801 3.28573)
(2.27077 -4.2252 3.19201)
(2.50007 -2.43752 3.14124)
(1.6804 -0.0273029 2.63004)
(0.117891 -0.117898 1.84059)
(-0.0273034 -1.6804 2.63003)
(-1.15844 -1.15844 2.04216)
(-1.29278 -2.1038 1.00536)
(-0.748734 -1.48837 -0.00168348)
(-0.226397 -2.15872 -0.366161)
(0.226401 -2.15872 -0.36616)
(0.748736 -1.48836 -0.00168501)
(1.29278 -2.1038 1.00535)
(1.15845 -1.15844 2.04215)
(0.0273132 -1.68042 2.63004)
(-2.43751 -2.50007 3.14124)
(-2.1038 -1.29278 1.00536)
(-1.58021 -1.58021 -0.996557)
(-1.41791 -1.97627 -1.62873)
(-0.289066 -2.32684 -1.7377)
(0.289067 -2.32684 -1.7377)
(1.41791 -1.97627 -1.62873)
(1.58021 -1.58022 -0.996561)
(2.1038 -1.29278 1.00535)
(2.43753 -2.50007 3.14124)
(-4.2252 -2.27077 3.19201)
(-1.48837 -0.748734 -0.00168349)
(-1.97627 -1.41791 -1.62873)
(-1.40576 -1.40576 -2.14707)
(-0.195026 -1.37429 -2.48254)
(0.195026 -1.37429 -2.48253)
(1.40576 -1.40576 -2.14707)
(1.97627 -1.41791 -1.62873)
(1.48836 -0.748742 -0.00168801)
(4.22521 -2.27078 3.19201)
(-4.8801 -0.81122 3.28573)
(-2.15872 -0.226397 -0.366161)
(-2.32684 -0.289066 -1.7377)
(-1.37429 -0.195026 -2.48254)
(-0.177199 -0.177199 -2.83183)
(0.177199 -0.177199 -2.83183)
(1.37429 -0.195026 -2.48254)
(2.32684 -0.289066 -1.7377)
(2.15872 -0.226399 -0.366164)
(4.8801 -0.811222 3.28573)
(-4.8801 0.81122 3.28573)
(-2.15872 0.226401 -0.36616)
(-2.32684 0.289067 -1.7377)
(-1.37429 0.195026 -2.48253)
(-0.177199 0.177199 -2.83183)
(0.177199 0.177199 -2.83183)
(1.37429 0.195026 -2.48254)
(2.32684 0.289068 -1.7377)
(2.15872 0.226404 -0.366163)
(4.8801 0.81122 3.28573)
(-4.2252 2.27077 3.19201)
(-1.48836 0.748736 -0.001685)
(-1.97627 1.41791 -1.62873)
(-1.40576 1.40576 -2.14707)
(-0.195026 1.37429 -2.48254)
(0.195026 1.37429 -2.48254)
(1.40576 1.40576 -2.14707)
(1.97627 1.41791 -1.62873)
(1.48836 0.748742 -0.00168666)
(4.2252 2.27077 3.19201)
(-2.43752 2.50007 3.14124)
(-2.1038 1.29278 1.00535)
(-1.58022 1.58021 -0.996561)
(-1.41791 1.97627 -1.62873)
(-0.289066 2.32684 -1.7377)
(0.289068 2.32684 -1.7377)
(1.41791 1.97627 -1.62873)
(1.58022 1.58022 -0.99656)
(2.1038 1.29278 1.00535)
(2.43753 2.50007 3.14124)
(-0.0273029 1.6804 2.63004)
(-1.15844 1.15845 2.04215)
(-1.29278 2.1038 1.00535)
(-0.748742 1.48836 -0.00168799)
(-0.226399 2.15872 -0.366164)
(0.226404 2.15872 -0.366163)
(0.748742 1.48836 -0.00168666)
(1.29278 2.1038 1.00535)
(1.15845 1.15845 2.04216)
(0.0273088 1.68041 2.63004)
(-0.117898 0.117891 1.84059)
(-1.68042 0.0273132 2.63004)
(-2.50007 2.43753 3.14124)
(-2.27078 4.2252 3.19201)
(-0.811222 4.8801 3.28573)
(0.81122 4.8801 3.28573)
(2.27077 4.2252 3.19201)
(2.50007 2.43753 3.14124)
(1.68041 0.0273088 2.63004)
(0.117894 0.117894 1.84059)
(0.0422129 0.0422129 2.40347)
(-0.625833 0.700017 2.84799)
(-1.53058 -0.193597 3.35512)
(-1.65887 -2.49037 3.20092)
(-0.716495 -3.57775 3.14137)
(0.716495 -3.57775 3.14137)
(1.65887 -2.49037 3.20091)
(1.53058 -0.193598 3.35512)
(0.625829 0.700021 2.84799)
(-0.0422161 0.0422117 2.40347)
(0.700017 -0.625833 2.84799)
(0.864586 0.864586 2.05778)
(0.670442 0.56691 -0.287187)
(0.435196 0.452176 -2.03776)
(-0.203493 -0.972554 -2.19652)
(0.203501 -0.972551 -2.19652)
(-0.435194 0.452178 -2.03776)
(-0.670443 0.566916 -0.287198)
(-0.864585 0.864587 2.05778)
(-0.700021 -0.62584 2.848)
(-0.193597 -1.53058 3.35512)
(0.56691 0.670442 -0.287187)
(-0.297722 -0.297722 -2.06514)
(-1.27353 -1.30804 -2.08349)
(-0.350208 -1.53586 -2.6672)
(0.350209 -1.53586 -2.6672)
(1.27353 -1.30804 -2.08349)
(0.297725 -0.297724 -2.06514)
(-0.566909 0.670446 -0.287203)
(0.193613 -1.53058 3.35512)
(-2.49037 -1.65887 3.20092)
(0.452176 0.435196 -2.03776)
(-1.30804 -1.27353 -2.08349)
(-0.977145 -0.977145 -2.80374)
(-0.143018 -0.754731 -3.35589)
(0.143018 -0.754731 -3.35589)
(0.977147 -0.977147 -2.80374)
(1.30804 -1.27353 -2.08349)
(-0.452176 0.435193 -2.03777)
(2.49038 -1.65888 3.20091)
(-3.57775 -0.716495 3.14137)
(-0.972554 -0.203493 -2.19652)
(-1.53586 -0.350208 -2.6672)
(-0.754731 -0.143018 -3.35589)
(-0.0674569 -0.0674569 -3.58237)
(0.0674565 -0.0674567 -3.58237)
(0.754731 -0.143018 -3.35589)
(1.53586 -0.350207 -2.6672)
(0.972561 -0.203498 -2.19652)
(3.57775 -0.716497 3.14136)
(-3.57775 0.716495 3.14137)
(-0.972551 0.203501 -2.19652)
(-1.53586 0.350209 -2.6672)
(-0.754731 0.143018 -3.35589)
(-0.0674567 0.0674566 -3.58237)
(0.0674563 0.0674563 -3.58236)
(0.754731 0.143018 -3.35589)
(1.53586 0.350209 -2.6672)
(0.972558 0.203505 -2.19652)
(3.57775 0.716496 3.14137)
(-2.49037 1.65887 3.20091)
(0.452178 -0.435194 -2.03776)
(-1.30804 1.27353 -2.08349)
(-0.977147 0.977147 -2.80374)
(-0.143018 0.754731 -3.35589)
(0.143018 0.754731 -3.35589)
(0.97715 0.97715 -2.80374)
(1.30804 1.27354 -2.08349)
(-0.452178 -0.435191 -2.03776)
(2.49038 1.65888 3.20091)
(-0.193597 1.53058 3.35512)
(0.566916 -0.670443 -0.287198)
(-0.297724 0.297725 -2.06514)
(-1.27353 1.30804 -2.08349)
(-0.350207 1.53586 -2.6672)
(0.350209 1.53586 -2.6672)
(1.27354 1.30804 -2.08349)
(0.297726 0.297726 -2.06514)
(-0.566909 -0.670445 -0.287196)
(0.193608 1.53058 3.35512)
(0.700021 0.625829 2.84799)
(0.864587 -0.864585 2.05778)
(0.670446 -0.566909 -0.287203)
(0.435193 -0.452176 -2.03777)
(-0.203498 0.972561 -2.19652)
(0.203505 0.972558 -2.19652)
(-0.435192 -0.452178 -2.03776)
(-0.670445 -0.566909 -0.287196)
(-0.864587 -0.864587 2.05778)
(-0.700021 0.625836 2.848)
(0.0422117 -0.0422162 2.40347)
(-0.62584 -0.700021 2.848)
(-1.53058 0.193612 3.35512)
(-1.65888 2.49038 3.20091)
(-0.716497 3.57775 3.14136)
(0.716496 3.57775 3.14137)
(1.65888 2.49038 3.20091)
(1.53058 0.193608 3.35512)
(0.625836 -0.700021 2.848)
(-0.0422146 -0.0422146 2.40347)
(0.101295 0.101295 2.46301)
(-0.109531 0.601284 2.58693)
(-0.606482 0.97469 2.94677)
(-1.01662 0.238226 3.04605)
(-0.577433 -1.15728 3.24613)
(0.577434 -1.15728 3.24613)
(1.01662 0.238224 3.04605)
(0.606482 0.974692 2.94677)
(0.109526 0.601287 2.58693)
(-0.101298 0.101295 2.46302)
(0.601284 -0.10953 2.58693)
(0.916459 0.916459 1.90639)
(1.07866 1.10529 0.679485)
(0.537022 0.821804 -0.264713)
(-0.208954 -0.208133 -1.54312)
(0.208962 -0.20813 -1.54312)
(-0.537018 0.821806 -0.264713)
(-1.07866 1.1053 0.679484)
(-0.916464 0.916465 1.90639)
(-0.601289 -0.109531 2.58693)
(0.97469 -0.606482 2.94677)
(1.10529 1.07866 0.679485)
(0.0647556 0.0647556 -0.205009)
(-0.872364 -0.312355 -1.36353)
(-0.224434 -0.495639 -2.99927)
(0.224434 -0.495637 -2.99927)
(0.87237 -0.312342 -1.36352)
(-0.0647558 0.0647575 -0.205006)
(-1.1053 1.07866 0.679482)
(-0.974693 -0.606485 2.94677)
(0.238226 -1.01662 3.04605)
(0.821804 0.537022 -0.264713)
(-0.312355 -0.872364 -1.36353)
(-0.401612 -0.401612 -2.85416)
(-0.0915219 -0.272791 -3.72471)
(0.0915217 -0.272791 -3.72471)
(0.401615 -0.401614 -2.85416)
(0.312346 -0.872364 -1.36353)
(-0.821804 0.53702 -0.264718)
(-0.238218 -1.01663 3.04605)
(-1.15728 -0.577433 3.24613)
(-0.208133 -0.208954 -1.54312)
(-0.495639 -0.224434 -2.99927)
(-0.272791 -0.0915219 -3.72471)
(-0.0298845 -0.0298846 -3.8586)
(0.0298842 -0.0298843 -3.8586)
(0.272791 -0.0915216 -3.72471)
(0.495638 -0.224432 -2.99928)
(0.20814 -0.208958 -1.54313)
(1.15729 -0.577435 3.24613)
(-1.15728 0.577434 3.24613)
(-0.20813 0.208962 -1.54312)
(-0.495637 0.224434 -2.99927)
(-0.272791 0.0915217 -3.72471)
(-0.0298843 0.0298842 -3.8586)
(0.0298839 0.0298839 -3.8586)
(0.272792 0.0915213 -3.72471)
(0.495636 0.224432 -2.99928)
(0.208137 0.208964 -1.54313)
(1.15729 0.577436 3.24613)
(0.238224 1.01662 3.04605)
(0.821806 -0.537018 -0.264713)
(-0.312342 0.87237 -1.36352)
(-0.401614 0.401615 -2.85416)
(-0.0915216 0.272791 -3.72471)
(0.0915214 0.272792 -3.72471)
(0.401617 0.401617 -2.85415)
(0.312332 0.87237 -1.36352)
(-0.821808 -0.537018 -0.264716)
(-0.238216 1.01663 3.04605)
(0.974692 0.606482 2.94677)
(1.1053 -1.07866 0.679484)
(0.0647576 -0.0647558 -0.205006)
(-0.872364 0.312346 -1.36353)
(-0.224433 0.495638 -2.99928)
(0.224432 0.495636 -2.99928)
(0.87237 0.312332 -1.36352)
(-0.0647623 -0.0647622 -0.205003)
(-1.1053 -1.07866 0.679483)
(-0.974693 0.606484 2.94677)
(0.601287 0.109526 2.58693)
(0.916465 -0.916464 1.90639)
(1.07866 -1.1053 0.679482)
(0.53702 -0.821804 -0.264718)
(-0.208958 0.20814 -1.54313)
(0.208964 0.208137 -1.54313)
(-0.537018 -0.821808 -0.264716)
(-1.07866 -1.1053 0.679483)
(-0.916465 -0.916465 1.90639)
(-0.601289 0.109529 2.58693)
(0.101295 -0.101298 2.46302)
(-0.109531 -0.601289 2.58693)
(-0.606485 -0.974693 2.94677)
(-1.01663 -0.238218 3.04605)
(-0.577435 1.15729 3.24613)
(0.577436 1.15729 3.24613)
(1.01663 -0.238216 3.04605)
(0.606484 -0.974693 2.94677)
(0.109529 -0.601289 2.58693)
(-0.101297 -0.101297 2.46302)
(0.105756 0.105756 2.39589)
(0.000295762 0.382367 2.36126)
(-0.196148 0.791582 2.47847)
(-0.534253 1.03085 2.55524)
(-0.417674 0.793446 2.89394)
(0.417677 0.793444 2.89394)
(0.534254 1.03085 2.55524)
(0.196146 0.791584 2.47847)
(-0.000299272 0.382369 2.36126)
(-0.105758 0.105756 2.3959)
(0.382367 0.000295774 2.36126)
(0.581743 0.581743 1.7869)
(0.645622 0.70299 0.952153)
(0.0965544 0.534809 -0.207049)
(-0.355894 -0.222919 -1.60345)
(0.355899 -0.222917 -1.60345)
(-0.0965502 0.534812 -0.20705)
(-0.645624 0.702994 0.952151)
(-0.581748 0.581748 1.7869)
(-0.382371 0.000297568 2.36126)
(0.791582 -0.196148 2.47847)
(0.70299 0.645622 0.952153)
(-0.0773988 -0.0773988 0.0165201)
(-0.62418 0.384999 -1.32244)
(-0.0745946 -0.103417 -3.34716)
(0.0745933 -0.103417 -3.34716)
(0.624184 0.385013 -1.32243)
(0.0773954 -0.0773914 0.0165241)
(-0.702996 0.645628 0.952149)
(-0.791587 -0.196145 2.47848)
(1.03085 -0.534253 2.55524)
(0.534809 0.0965544 -0.207049)
(0.384999 -0.62418 -1.32244)
(-0.116895 -0.116895 -2.7174)
(-0.0572604 -0.182923 -3.87265)
(0.05726 -0.182923 -3.87265)
(0.116895 -0.116895 -2.71739)
(-0.385012 -0.624174 -1.32244)
(-0.534812 0.0965555 -0.207054)
(-1.03086 -0.534253 2.55524)
(0.793446 -0.417674 2.89394)
(-0.222919 -0.355894 -1.60345)
(-0.103417 -0.0745946 -3.34716)
(-0.182923 -0.0572604 -3.87265)
(-0.0242902 -0.0242902 -3.98288)
(0.0242903 -0.0242903 -3.98288)
(0.182923 -0.05726 -3.87265)
(0.103418 -0.0745935 -3.34717)
(0.222919 -0.355894 -1.60346)
(-0.793444 -0.417675 2.89394)
(0.793444 0.417677 2.89394)
(-0.222917 0.355899 -1.60345)
(-0.103417 0.0745933 -3.34716)
(-0.182923 0.05726 -3.87265)
(-0.0242903 0.0242903 -3.98288)
(0.0242903 0.0242903 -3.98288)
(0.182923 0.0572596 -3.87265)
(0.103418 0.0745922 -3.34717)
(0.222917 0.355898 -1.60346)
(-0.793442 0.417677 2.89394)
(1.03085 0.534254 2.55524)
(0.534812 -0.0965502 -0.20705)
(0.385014 0.624184 -1.32243)
(-0.116895 0.116895 -2.71739)
(-0.05726 0.182923 -3.87265)
(0.0572596 0.182923 -3.87265)
(0.116895 0.116895 -2.71738)
(-0.385027 0.624178 -1.32243)
(-0.534816 -0.0965523 -0.207054)
(-1.03086 0.534254 2.55524)
(0.791584 0.196146 2.47847)
(0.702994 -0.645624 0.952151)
(-0.0773913 0.0773954 0.0165241)
(-0.624174 -0.385012 -1.32244)
(-0.0745935 0.103418 -3.34717)
(0.0745922 0.103417 -3.34717)
(0.624178 -0.385027 -1.32243)
(0.0773859 0.0773859 0.0165278)
(-0.702997 -0.645629 0.95215)
(-0.791587 0.196146 2.47848)
(0.382369 -0.000299293 2.36126)
(0.581748 -0.581748 1.7869)
(0.645629 -0.702996 0.952149)
(0.0965557 -0.534812 -0.207054)
(-0.355894 0.222919 -1.60346)
(0.355898 0.222917 -1.60346)
(-0.0965523 -0.534816 -0.207053)
(-0.645629 -0.702997 0.95215)
(-0.581749 -0.581749 1.7869)
(-0.382371 -0.000298467 2.36126)
(0.105756 -0.105758 2.3959)
(0.000297594 -0.382371 2.36126)
(-0.196145 -0.791587 2.47848)
(-0.534253 -1.03086 2.55524)
(-0.417675 -0.793444 2.89394)
(0.417677 -0.793442 2.89394)
(0.534254 -1.03086 2.55524)
(0.196145 -0.791587 2.47848)
(-0.000298485 -0.382371 2.36126)
(-0.105757 -0.105757 2.3959)
(0.0844348 0.0844348 2.32819)
(-0.00839203 0.232817 2.23988)
(-0.132539 0.449572 2.2721)
(-0.400148 0.805592 2.21213)
(-0.368175 0.78522 2.33259)
(0.368179 0.785221 2.33259)
(0.40015 0.805594 2.21212)
(0.132538 0.449574 2.2721)
(0.00838953 0.232818 2.23988)
(-0.084436 0.0844353 2.32819)
(0.232817 -0.00839202 2.23988)
(0.275715 0.275715 1.7823)
(0.281128 0.319998 1.30443)
(-0.319797 0.142062 0.533033)
(-0.450322 -0.248601 -1.35735)
(0.450325 -0.248599 -1.35735)
(0.3198 0.142066 0.533031)
(-0.28113 0.320002 1.30442)
(-0.275718 0.275717 1.7823)
(-0.232819 -0.00839022 2.23988)
(0.449572 -0.132539 2.2721)
(0.319998 0.281128 1.30443)
(-0.164712 -0.164712 0.719804)
(-0.47601 0.489274 -1.31277)
(-0.0224426 -0.0997628 -3.53871)
(0.022442 -0.0997636 -3.53871)
(0.476013 0.489282 -1.31276)
(0.164709 -0.164703 0.719809)
(-0.320004 0.281133 1.30442)
(-0.449576 -0.132535 2.2721)
(0.805592 -0.400148 2.21213)
(0.142062 -0.319797 0.533033)
(0.489274 -0.47601 -1.31277)
(0.0832161 0.083216 -2.21319)
(-0.0410283 -0.209468 -3.90178)
(0.0410278 -0.209468 -3.90178)
(-0.0832187 0.0832178 -2.21316)
(-0.489283 -0.476005 -1.31276)
(-0.142066 -0.319795 0.533028)
(-0.805597 -0.400146 2.21212)
(0.78522 -0.368175 2.33259)
(-0.248601 -0.450322 -1.35735)
(-0.0997628 -0.0224426 -3.53871)
(-0.209468 -0.0410283 -3.90178)
(-0.0159245 -0.0159244 -4.09246)
(0.0159257 -0.0159256 -4.09246)
(0.209468 -0.041028 -3.90178)
(0.0997635 -0.022442 -3.53872)
(0.248598 -0.450321 -1.35736)
(-0.785223 -0.368176 2.33259)
(0.785221 0.368179 2.33259)
(-0.248599 0.450325 -1.35735)
(-0.0997636 0.022442 -3.53871)
(-0.209468 0.0410278 -3.90178)
(-0.0159256 0.0159255 -4.09246)
(0.0159268 0.0159267 -4.09246)
(0.209469 0.0410275 -3.90178)
(0.0997644 0.0224414 -3.53872)
(0.248597 0.450323 -1.35736)
(-0.785224 0.368179 2.33259)
(0.805594 0.40015 2.21212)
(0.142066 0.3198 0.533031)
(0.489282 0.476013 -1.31276)
(0.0832179 -0.0832188 -2.21316)
(-0.041028 0.209468 -3.90178)
(0.0410275 0.209469 -3.90178)
(-0.0832206 -0.0832206 -2.21314)
(-0.489291 0.476007 -1.31276)
(-0.14207 0.319797 0.533027)
(-0.805598 0.400148 2.21212)
(0.449574 0.132538 2.2721)
(0.320003 -0.28113 1.30442)
(-0.164703 0.164709 0.719809)
(-0.476005 -0.489283 -1.31276)
(-0.022442 0.0997635 -3.53872)
(0.0224414 0.0997644 -3.53872)
(0.476007 -0.489291 -1.31276)
(0.164699 0.164699 0.719815)
(-0.320007 -0.281134 1.30442)
(-0.449577 0.132536 2.2721)
(0.232818 0.00838951 2.23988)
(0.275717 -0.275718 1.7823)
(0.281134 -0.320004 1.30442)
(-0.319795 -0.142066 0.533028)
(-0.450321 0.248598 -1.35736)
(0.450323 0.248597 -1.35736)
(0.319797 -0.14207 0.533027)
(-0.281134 -0.320007 1.30442)
(-0.275719 -0.275719 1.78229)
(-0.23282 0.00838954 2.23988)
(0.0844354 -0.0844361 2.32819)
(-0.00839019 -0.232819 2.23988)
(-0.132535 -0.449576 2.2721)
(-0.400146 -0.805597 2.21212)
(-0.368176 -0.785223 2.33259)
(0.368179 -0.785224 2.33259)
(0.400148 -0.805598 2.21212)
(0.132536 -0.449577 2.2721)
(0.00838952 -0.23282 2.23988)
(-0.0844361 -0.0844361 2.32819)
(0.0563134 0.0563134 2.29476)
(-0.0406671 0.138883 2.20207)
(-0.15164 0.220285 2.22166)
(-0.415628 0.395899 2.17617)
(-0.367733 0.189492 2.08896)
(0.367737 0.189494 2.08896)
(0.415629 0.395901 2.17617)
(0.151639 0.220286 2.22166)
(0.0406653 0.138885 2.20207)
(-0.0563143 0.056314 2.29476)
(0.138883 -0.0406671 2.20207)
(0.0920654 0.0920654 1.85841)
(-0.00785677 0.075657 1.6238)
(-0.644919 -0.112272 0.717678)
(-0.393409 -0.169917 -1.51976)
(0.393409 -0.169916 -1.51976)
(0.644921 -0.112268 0.717677)
(0.00785504 0.075661 1.6238)
(-0.0920677 0.0920673 1.85841)
(-0.138885 -0.0406655 2.20208)
(0.220285 -0.15164 2.22166)
(0.075657 -0.00785676 1.6238)
(-0.172769 -0.172769 0.945012)
(-0.324801 0.410425 -1.49448)
(-0.00862451 -0.137361 -3.63523)
(0.00862422 -0.137361 -3.63523)
(0.324801 0.410423 -1.49448)
(0.172768 -0.172762 0.94502)
(-0.075662 -0.00785195 1.6238)
(-0.220287 -0.151637 2.22166)
(0.395899 -0.415628 2.17617)
(-0.112272 -0.644919 0.717678)
(0.410425 -0.324801 -1.49448)
(0.21207 0.21207 -1.9337)
(-0.0291345 -0.212444 -3.90075)
(0.0291344 -0.212444 -3.90075)
(-0.212071 0.212071 -1.93368)
(-0.410426 -0.324797 -1.49447)
(0.11227 -0.644915 0.717673)
(-0.395903 -0.415625 2.17617)
(0.189492 -0.367733 2.08896)
(-0.169917 -0.393409 -1.51976)
(-0.137361 -0.00862452 -3.63523)
(-0.212444 -0.0291345 -3.90075)
(0.0198413 0.0198415 -4.23754)
(-0.0198378 0.0198382 -4.23754)
(0.212444 -0.0291344 -3.90076)
(0.137361 -0.00862404 -3.63523)
(0.169916 -0.393408 -1.51976)
(-0.189497 -0.367733 2.08896)
(0.189494 0.367737 2.08896)
(-0.169916 0.393409 -1.51976)
(-0.137361 0.00862422 -3.63523)
(-0.212444 0.0291344 -3.90075)
(0.0198383 -0.0198382 -4.23754)
(-0.0198347 -0.0198348 -4.23754)
(0.212444 0.0291344 -3.90076)
(0.137361 0.00862376 -3.63523)
(0.169915 0.393407 -1.51976)
(-0.189498 0.367736 2.08896)
(0.395901 0.415629 2.17617)
(-0.112268 0.644921 0.717677)
(0.410423 0.324801 -1.49448)
(0.212072 -0.212071 -1.93368)
(-0.0291344 0.212444 -3.90076)
(0.0291343 0.212444 -3.90076)
(-0.212073 -0.212073 -1.93366)
(-0.410424 0.324797 -1.49447)
(0.112266 0.644918 0.717672)
(-0.395904 0.415627 2.17617)
(0.220286 0.151639 2.22166)
(0.0756611 0.00785501 1.6238)
(-0.172762 0.172768 0.94502)
(-0.324797 -0.410426 -1.49447)
(-0.00862403 0.137361 -3.63523)
(0.00862376 0.137361 -3.63523)
(0.324797 -0.410424 -1.49447)
(0.172761 0.172761 0.945027)
(-0.0756653 0.00785153 1.62379)
(-0.220287 0.151637 2.22166)
(0.138885 0.0406653 2.20207)
(0.0920673 -0.0920677 1.8584)
(-0.00785186 -0.075662 1.6238)
(-0.644915 0.11227 0.717673)
(-0.393408 0.169916 -1.51976)
(0.393407 0.169915 -1.51976)
(0.644918 0.112266 0.717672)
(0.00785146 -0.0756653 1.62379)
(-0.0920683 -0.0920682 1.8584)
(-0.138885 0.0406649 2.20207)
(0.056314 -0.0563143 2.29476)
(-0.0406654 -0.138885 2.20208)
(-0.151637 -0.220287 2.22166)
(-0.415625 -0.395903 2.17617)
(-0.367733 -0.189497 2.08896)
(0.367736 -0.189498 2.08896)
(0.415627 -0.395904 2.17617)
(0.151637 -0.220287 2.22166)
(0.0406649 -0.138885 2.20207)
(-0.0563146 -0.0563145 2.29476)
(0.0311214 0.0311215 2.29533)
(-0.0680585 0.0730508 2.2228)
(-0.171937 0.105011 2.25356)
(-0.433623 0.108215 2.22405)
(-0.372383 -0.294534 1.9343)
(0.372386 -0.294533 1.9343)
(0.433624 0.108216 2.22405)
(0.171937 0.105011 2.25356)
(0.0680574 0.0730515 2.2228)
(-0.0311221 0.031122 2.29533)
(0.0730508 -0.0680585 2.2228)
(-0.0074158 -0.00741578 1.98583)
(-0.184622 -0.0285862 1.88224)
(-0.754587 -0.136173 0.773017)
(-0.260622 -0.0579989 -1.77875)
(0.260621 -0.0579988 -1.77875)
(0.754588 -0.136169 0.773017)
(0.184621 -0.0285832 1.88224)
(0.00741426 -0.00741452 1.98583)
(-0.0730517 -0.0680573 2.2228)
(0.105011 -0.171937 2.25356)
(-0.0285862 -0.184622 1.88224)
(-0.108671 -0.108671 1.07442)
(-0.222517 0.310548 -1.64153)
(0.00261123 -0.160571 -3.66605)
(-0.00261134 -0.160571 -3.66605)
(0.222515 0.310544 -1.64153)
(0.108671 -0.108667 1.07443)
(0.0285831 -0.184619 1.88224)
(-0.105012 -0.171935 2.25356)
(0.108215 -0.433623 2.22405)
(-0.136173 -0.754587 0.773017)
(0.310548 -0.222517 -1.64153)
(0.240433 0.240432 -1.74715)
(0.0636795 -0.210601 -3.90366)
(-0.0636782 -0.210601 -3.90366)
(-0.240433 0.240435 -1.74712)
(-0.310546 -0.222515 -1.64153)
(0.136173 -0.754583 0.773013)
(-0.108217 -0.43362 2.22405)
(-0.294534 -0.372383 1.9343)
(-0.0579989 -0.260623 -1.77875)
(-0.160571 0.00261123 -3.66605)
(-0.210601 0.0636796 -3.90366)
(0.0380217 0.0380218 -4.28879)
(-0.0380175 0.0380189 -4.28879)
(0.210601 0.0636795 -3.90366)
(0.160571 0.00261167 -3.66605)
(0.057998 -0.260622 -1.77875)
(0.29453 -0.372382 1.9343)
(-0.294533 0.372386 1.9343)
(-0.0579987 0.260621 -1.77875)
(-0.160571 -0.00261134 -3.66605)
(-0.210601 -0.0636782 -3.90366)
(0.038019 -0.0380178 -4.28879)
(-0.0380146 -0.0380147 -4.28879)
(0.210601 -0.0636783 -3.90366)
(0.160571 -0.00261178 -3.66605)
(0.0579979 0.26062 -1.77875)
(0.294529 0.372385 1.93431)
(0.108216 0.433624 2.22405)
(-0.136169 0.754588 0.773017)
(0.310544 0.222515 -1.64153)
(0.240435 -0.240433 -1.74712)
(0.0636795 0.210601 -3.90366)
(-0.0636784 0.210601 -3.90366)
(-0.240435 -0.240435 -1.7471)
(-0.310542 0.222513 -1.64152)
(0.13617 0.754584 0.773013)
(-0.108217 0.433622 2.22405)
(0.105011 0.171937 2.25356)
(-0.0285832 0.184621 1.88224)
(-0.108667 0.108671 1.07443)
(-0.222515 -0.310546 -1.64153)
(0.00261167 0.160571 -3.66605)
(-0.0026118 0.160571 -3.66605)
(0.222513 -0.310542 -1.64152)
(0.108667 0.108667 1.07444)
(0.0285807 0.184619 1.88224)
(-0.105012 0.171935 2.25355)
(0.0730515 0.0680573 2.2228)
(-0.00741449 0.00741427 1.98583)
(-0.184619 0.0285831 1.88224)
(-0.754583 0.136173 0.773013)
(-0.260622 0.0579981 -1.77875)
(0.26062 0.057998 -1.77875)
(0.754584 0.13617 0.773013)
(0.184619 0.0285807 1.88224)
(0.0074138 0.00741385 1.98583)
(-0.073052 0.068057 2.2228)
(0.031122 -0.0311221 2.29533)
(-0.0680572 -0.0730517 2.2228)
(-0.171935 -0.105012 2.25356)
(-0.43362 -0.108217 2.22405)
(-0.372382 0.29453 1.9343)
(0.372385 0.294529 1.93431)
(0.433622 -0.108218 2.22405)
(0.171935 -0.105012 2.25355)
(0.0680569 -0.073052 2.2228)
(-0.0311223 -0.0311223 2.29533)
(0.0145787 0.0145788 2.3157)
(-0.0783169 0.0299968 2.27449)
(-0.169893 0.0483954 2.32578)
(-0.427014 -0.0297447 2.31212)
(-0.35755 -0.38217 1.82225)
(0.357551 -0.38217 1.82225)
(0.427015 -0.0297445 2.31212)
(0.169893 0.0483959 2.32578)
(0.0783162 0.0299973 2.27449)
(-0.0145791 0.0145791 2.3157)
(0.0299968 -0.0783169 2.27449)
(-0.0522494 -0.0522494 2.13349)
(-0.246479 -0.0417054 2.09869)
(-0.699931 -0.0554983 0.716809)
(-0.158957 -0.0224773 -2.07482)
(0.158956 -0.0224775 -2.07482)
(0.699931 -0.0554962 0.71681)
(0.246479 -0.0417039 2.09868)
(0.0522485 -0.0522486 2.13349)
(-0.0299973 -0.0783161 2.27449)
(0.0483954 -0.169893 2.32578)
(-0.0417054 -0.246479 2.09869)
(-0.0167525 -0.0167525 1.1393)
(-0.159711 0.26019 -1.74316)
(0.0325542 -0.176994 -3.66767)
(-0.0325542 -0.176994 -3.66767)
(0.15971 0.260187 -1.74316)
(0.0167532 -0.0167515 1.13931)
(0.0417049 -0.246478 2.09868)
(-0.0483959 -0.169892 2.32578)
(-0.0297447 -0.427014 2.31212)
(-0.0554983 -0.699931 0.716809)
(0.26019 -0.159711 -1.74316)
(0.233318 0.233318 -1.65188)
(0.213604 -0.189363 -3.86662)
(-0.213604 -0.189363 -3.86662)
(-0.233318 0.233322 -1.65186)
(-0.260187 -0.15971 -1.74315)
(0.0555 -0.699928 0.716807)
(0.0297447 -0.427013 2.31212)
(-0.38217 -0.35755 1.82225)
(-0.0224773 -0.158957 -2.07482)
(-0.176994 0.0325542 -3.66767)
(-0.189363 0.213604 -3.86662)
(-0.0483305 -0.0483305 -4.40574)
(0.0483342 -0.048334 -4.40574)
(0.189363 0.213606 -3.86662)
(0.176994 0.0325546 -3.66767)
(0.022476 -0.158957 -2.07482)
(0.382169 -0.357549 1.82225)
(-0.38217 0.357551 1.82225)
(-0.0224774 0.158955 -2.07482)
(-0.176994 -0.0325542 -3.66767)
(-0.189363 -0.213604 -3.86662)
(-0.0483339 0.048334 -4.40574)
(0.0483375 0.0483375 -4.40574)
(0.189363 -0.213606 -3.86662)
(0.176994 -0.0325546 -3.66767)
(0.0224763 0.158956 -2.07482)
(0.382169 0.35755 1.82225)
(-0.0297445 0.427015 2.31212)
(-0.0554961 0.699931 0.71681)
(0.260187 0.15971 -1.74316)
(0.233322 -0.233318 -1.65186)
(0.213606 0.189362 -3.86662)
(-0.213606 0.189363 -3.86662)
(-0.233321 -0.233321 -1.65184)
(-0.260183 0.159708 -1.74315)
(0.055498 0.699929 0.716806)
(0.029745 0.427013 2.31212)
(0.0483958 0.169893 2.32578)
(-0.0417038 0.246479 2.09868)
(-0.0167515 0.0167531 1.13931)
(-0.15971 -0.260187 -1.74315)
(0.0325546 0.176994 -3.66767)
(-0.0325546 0.176994 -3.66767)
(0.159708 -0.260183 -1.74315)
(0.0167525 0.0167525 1.13932)
(0.0417038 0.246479 2.09868)
(-0.0483961 0.169892 2.32578)
(0.0299973 0.0783162 2.27449)
(-0.0522486 0.0522485 2.13349)
(-0.246478 0.0417049 2.09868)
(-0.699928 0.0555001 0.716807)
(-0.158957 0.022476 -2.07482)
(0.158956 0.0224763 -2.07482)
(0.699929 0.055498 0.716807)
(0.246479 0.0417038 2.09868)
(0.0522482 0.0522483 2.13349)
(-0.0299975 0.078316 2.27449)
(0.0145791 -0.0145791 2.3157)
(-0.0783161 -0.0299973 2.27449)
(-0.169892 -0.0483959 2.32578)
(-0.427012 0.0297448 2.31212)
(-0.357549 0.382169 1.82225)
(0.35755 0.382169 1.82226)
(0.427013 0.0297449 2.31212)
(0.169892 -0.0483961 2.32578)
(0.078316 -0.0299975 2.27449)
(-0.0145793 -0.0145793 2.3157)
(0.00799461 0.00799461 2.34386)
(-0.0726503 0.00729834 2.33322)
(-0.144649 0.0268046 2.40081)
(-0.392488 -0.0662166 2.39137)
(-0.325933 -0.343543 1.71675)
(0.325934 -0.343542 1.71675)
(0.392489 -0.066217 2.39137)
(0.144649 0.0268047 2.40081)
(0.07265 0.00729846 2.33321)
(-0.00799476 0.00799483 2.34386)
(0.00729833 -0.0726503 2.33322)
(-0.0602239 -0.0602239 2.27157)
(-0.235258 -0.0161791 2.23796)
(-0.583259 0.0344744 0.612865)
(-0.0721459 -0.0171491 -2.31499)
(0.072145 -0.017149 -2.31499)
(0.583258 0.0344747 0.612865)
(0.235259 -0.0161795 2.23796)
(0.0602237 -0.0602238 2.27156)
(-0.00729845 -0.0726499 2.33321)
(0.0268046 -0.144649 2.40081)
(-0.0161792 -0.235258 2.23796)
(0.0825257 0.0825258 1.18212)
(-0.117458 0.217454 -1.77935)
(0.0779063 -0.20544 -3.6539)
(-0.0779061 -0.20544 -3.6539)
(0.117457 0.217452 -1.77935)
(-0.0825237 0.0825242 1.18213)
(0.0161805 -0.235258 2.23795)
(-0.0268045 -0.144649 2.40081)
(-0.0662165 -0.392488 2.39137)
(0.0344744 -0.583259 0.612865)
(0.217454 -0.117458 -1.77935)
(0.189259 0.189259 -1.65906)
(0.274243 -0.140383 -3.74778)
(-0.274243 -0.140383 -3.74778)
(-0.189258 0.189262 -1.65904)
(-0.21745 -0.117456 -1.77934)
(-0.034472 -0.583259 0.612863)
(0.0662183 -0.392487 2.39137)
(-0.343543 -0.325934 1.71675)
(-0.017149 -0.072146 -2.31499)
(-0.20544 0.0779064 -3.6539)
(-0.140383 0.274243 -3.74778)
(-0.0730752 -0.0730752 -4.53731)
(0.0730771 -0.073079 -4.53731)
(0.140382 0.274245 -3.74778)
(0.205441 0.0779066 -3.6539)
(0.0171483 -0.0721461 -2.31499)
(0.343542 -0.325933 1.71675)
(-0.343542 0.325933 1.71675)
(-0.0171489 0.0721449 -2.31499)
(-0.20544 -0.0779061 -3.6539)
(-0.140382 -0.274243 -3.74778)
(-0.0730789 0.0730769 -4.53731)
(0.0730807 0.0730807 -4.53731)
(0.140381 -0.274245 -3.74777)
(0.20544 -0.0779063 -3.6539)
(0.0171483 0.0721452 -2.31499)
(0.343542 0.325933 1.71675)
(-0.0662171 0.392489 2.39137)
(0.0344747 0.583258 0.612865)
(0.217452 0.117457 -1.77935)
(0.189262 -0.189258 -1.65904)
(0.274245 0.140382 -3.74778)
(-0.274245 0.140381 -3.74777)
(-0.189262 -0.189262 -1.65902)
(-0.217448 0.117455 -1.77934)
(-0.0344722 0.583258 0.612862)
(0.0662191 0.392488 2.39137)
(0.0268047 0.144649 2.40081)
(-0.0161794 0.235259 2.23796)
(0.0825242 -0.0825237 1.18213)
(-0.117456 -0.21745 -1.77934)
(0.0779066 0.205441 -3.6539)
(-0.0779063 0.20544 -3.6539)
(0.117455 -0.217448 -1.77934)
(-0.0825218 -0.0825218 1.18213)
(0.0161812 0.23526 2.23795)
(-0.0268044 0.144649 2.40081)
(0.00729845 0.0726501 2.33321)
(-0.0602238 0.0602237 2.27156)
(-0.235258 0.0161805 2.23795)
(-0.583259 -0.034472 0.612863)
(-0.072146 0.0171483 -2.31499)
(0.0721453 0.0171483 -2.31499)
(0.583258 -0.0344722 0.612863)
(0.23526 0.0161812 2.23795)
(0.0602239 0.060224 2.27156)
(-0.00729838 0.0726501 2.33321)
(0.00799483 -0.00799475 2.34386)
(-0.0726499 -0.00729843 2.33321)
(-0.144649 -0.0268045 2.40081)
(-0.392487 0.0662184 2.39137)
(-0.325933 0.343542 1.71675)
(0.325933 0.343542 1.71675)
(0.392488 0.066219 2.39137)
(0.144649 -0.0268044 2.40081)
(0.0726501 -0.00729837 2.33321)
(-0.00799481 -0.0079948 2.34386)
(0.00876801 0.00876802 2.36871)
(-0.0550511 0.00160338 2.38349)
(-0.103216 0.0276438 2.45974)
(-0.332803 -0.048447 2.4432)
(-0.28448 -0.279599 1.61385)
(0.284479 -0.279599 1.61385)
(0.332803 -0.0484481 2.4432)
(0.103216 0.0276436 2.45974)
(0.0550512 0.00160327 2.38348)
(-0.00876801 0.00876812 2.36871)
(0.00160338 -0.055051 2.38349)
(-0.0419588 -0.0419588 2.38508)
(-0.173703 0.0225902 2.3214)
(-0.431219 0.103225 0.524151)
(-0.00234962 -0.0155444 -2.45061)
(0.00234889 -0.0155437 -2.4506)
(0.431218 0.103224 0.524151)
(0.173704 0.0225884 2.3214)
(0.0419593 -0.0419593 2.38508)
(-0.00160322 -0.055051 2.38348)
(0.0276438 -0.103216 2.45974)
(0.0225902 -0.173703 2.3214)
(0.160949 0.160949 1.21968)
(-0.0787115 0.167433 -1.78163)
(0.14882 -0.272311 -3.64031)
(-0.14882 -0.272309 -3.64031)
(0.0787116 0.16743 -1.78163)
(-0.160946 0.160946 1.21969)
(-0.0225874 -0.173704 2.3214)
(-0.0276432 -0.103215 2.45974)
(-0.048447 -0.332803 2.4432)
(0.103225 -0.431219 0.524151)
(0.167433 -0.0787115 -1.78163)
(0.125775 0.125775 -1.72055)
(0.299871 -0.14388 -3.67297)
(-0.299871 -0.143879 -3.67296)
(-0.125775 0.125778 -1.72053)
(-0.167429 -0.0787103 -1.78162)
(-0.103223 -0.43122 0.524149)
(0.0484492 -0.332802 2.4432)
(-0.279599 -0.28448 1.61385)
(-0.0155444 -0.0023497 -2.45061)
(-0.272311 0.14882 -3.64031)
(-0.14388 0.299871 -3.67297)
(-0.0131797 -0.0131797 -4.6362)
(0.0131793 -0.0131821 -4.6362)
(0.143878 0.299874 -3.67296)
(0.272311 0.14882 -3.64031)
(0.0155441 -0.00234962 -2.45061)
(0.279599 -0.28448 1.61385)
(-0.279599 0.284479 1.61385)
(-0.0155437 0.00234873 -2.4506)
(-0.272309 -0.14882 -3.64031)
(-0.143879 -0.299871 -3.67296)
(-0.0131819 0.0131791 -4.6362)
(0.0131816 0.0131816 -4.6362)
(0.143877 -0.299874 -3.67296)
(0.27231 -0.148819 -3.64031)
(0.0155435 0.00234884 -2.4506)
(0.279599 0.284479 1.61385)
(-0.0484483 0.332803 2.4432)
(0.103224 0.431218 0.524151)
(0.16743 0.0787116 -1.78163)
(0.125778 -0.125775 -1.72053)
(0.299874 0.143878 -3.67296)
(-0.299874 0.143877 -3.67296)
(-0.125778 -0.125778 -1.72051)
(-0.167426 0.0787104 -1.78162)
(-0.103222 0.431219 0.524148)
(0.0484506 0.332803 2.4432)
(0.0276435 0.103216 2.45974)
(0.0225884 0.173704 2.3214)
(0.160946 -0.160946 1.21969)
(-0.0787102 -0.167429 -1.78162)
(0.14882 0.272311 -3.64031)
(-0.148819 0.27231 -3.64031)
(0.0787105 -0.167426 -1.78162)
(-0.160943 -0.160943 1.21969)
(-0.0225854 0.173706 2.3214)
(-0.0276429 0.103216 2.45974)
(0.00160324 0.0550512 2.38348)
(-0.0419593 0.0419593 2.38508)
(-0.173704 -0.0225874 2.3214)
(-0.43122 -0.103223 0.524149)
(-0.00234954 0.0155441 -2.45061)
(0.002349 0.0155436 -2.4506)
(0.431219 -0.103222 0.524149)
(0.173705 -0.0225854 2.3214)
(0.04196 0.0419601 2.38507)
(-0.00160296 0.0550515 2.38348)
(0.00876811 -0.00876799 2.36871)
(-0.055051 -0.00160318 2.38348)
(-0.103215 -0.0276432 2.45974)
(-0.332802 0.0484493 2.4432)
(-0.28448 0.279599 1.61385)
(0.284479 0.279599 1.61385)
(0.332803 0.0484505 2.4432)
(0.103216 -0.0276429 2.45974)
(0.0550514 -0.00160294 2.38348)
(-0.00876798 -0.00876796 2.36871)
(0.014169 0.014169 2.38172)
(-0.0289938 0.00734992 2.4154)
(-0.0518267 0.0416434 2.49373)
(-0.256018 -0.00351536 2.46386)
(-0.236767 -0.211405 1.52626)
(0.236766 -0.211405 1.52626)
(0.256018 -0.00351713 2.46386)
(0.0518271 0.041643 2.49373)
(0.0289941 0.00734961 2.4154)
(-0.0141688 0.014169 2.38172)
(0.00734991 -0.0289937 2.4154)
(-0.00888914 -0.00888907 2.4626)
(-0.0865037 0.06413 2.36051)
(-0.289392 0.148525 0.465212)
(0.0513403 -0.00515483 -2.50622)
(-0.0513413 -0.00515369 -2.50622)
(0.289392 0.148524 0.465212)
(0.0865057 0.0641276 2.36051)
(0.00889011 -0.0088899 2.4626)
(-0.00734951 -0.0289939 2.4154)
(0.0416435 -0.0518267 2.49373)
(0.06413 -0.0865036 2.36051)
(0.209835 0.209835 1.25163)
(-0.0283624 0.100526 -1.77269)
(0.20231 -0.353624 -3.58164)
(-0.202309 -0.353621 -3.58164)
(0.0283634 0.100523 -1.77269)
(-0.209831 0.209832 1.25164)
(-0.064127 -0.0865049 2.36051)
(-0.0416427 -0.0518265 2.49373)
(-0.00351531 -0.256018 2.46386)
(0.148525 -0.289392 0.465213)
(0.100526 -0.0283624 -1.77269)
(0.0506091 0.0506092 -1.82212)
(0.302358 -0.170359 -3.65927)
(-0.302358 -0.170358 -3.65926)
(-0.0506102 0.0506108 -1.82211)
(-0.100522 -0.0283617 -1.77269)
(-0.148525 -0.289393 0.465211)
(0.00351718 -0.256018 2.46386)
(-0.211405 -0.236767 1.52626)
(-0.00515487 0.0513401 -2.50622)
(-0.353624 0.20231 -3.58164)
(-0.170359 0.302358 -3.65927)
(0.0355291 0.0355291 -4.70985)
(-0.0355314 0.0355285 -4.70985)
(0.170357 0.302361 -3.65926)
(0.353625 0.20231 -3.58164)
(0.00515419 0.0513401 -2.50622)
(0.211405 -0.236767 1.52626)
(-0.211405 0.236766 1.52626)
(-0.00515347 -0.0513417 -2.50622)
(-0.35362 -0.202309 -3.58164)
(-0.170358 -0.302359 -3.65926)
(0.0355287 -0.0355315 -4.70985)
(-0.035531 -0.0355308 -4.70985)
(0.170356 -0.302361 -3.65926)
(0.353621 -0.202309 -3.58164)
(0.00515295 -0.0513415 -2.50622)
(0.211405 0.236766 1.52626)
(-0.00351732 0.256018 2.46386)
(0.148524 0.289392 0.465212)
(0.100523 0.0283633 -1.77269)
(0.0506109 -0.0506102 -1.82211)
(0.302361 0.170357 -3.65926)
(-0.302361 0.170356 -3.65926)
(-0.0506118 -0.0506117 -1.82209)
(-0.100519 0.0283627 -1.77269)
(-0.148524 0.289393 0.465209)
(0.00351928 0.256018 2.46386)
(0.041643 0.0518272 2.49373)
(0.0641277 0.086506 2.36051)
(0.209832 -0.209831 1.25164)
(-0.0283617 -0.100522 -1.77269)
(0.20231 0.353624 -3.58164)
(-0.202309 0.353622 -3.58164)
(0.0283628 -0.100519 -1.77269)
(-0.209828 -0.209828 1.25164)
(-0.0641245 0.0865074 2.36051)
(-0.0416422 0.0518272 2.49372)
(0.00734957 0.0289942 2.4154)
(-0.00888991 0.0088902 2.4626)
(-0.0865049 -0.0641269 2.36051)
(-0.289393 -0.148525 0.465211)
(0.0513403 0.00515414 -2.50622)
(-0.0513412 0.00515315 -2.50622)
(0.289393 -0.148524 0.46521)
(0.0865071 -0.0641244 2.36051)
(0.00889106 0.0088912 2.4626)
(-0.0073491 0.0289946 2.4154)
(0.014169 -0.0141688 2.38172)
(-0.0289939 -0.00734946 2.4154)
(-0.0518265 -0.0416427 2.49373)
(-0.256018 0.00351729 2.46386)
(-0.236767 0.211405 1.52626)
(0.236766 0.211405 1.52626)
(0.256018 0.00351915 2.46386)
(0.0518271 -0.0416422 2.49372)
(0.0289945 -0.00734908 2.4154)
(-0.0141688 -0.0141687 2.38172)
(0.0242813 0.0242813 2.37761)
(-0.000452573 0.021376 2.42218)
(0.00397413 0.061319 2.50069)
(-0.176084 0.0528709 2.45502)
(-0.187385 -0.148307 1.46037)
(0.187383 -0.148308 1.46037)
(0.176084 0.0528687 2.45502)
(-0.00397363 0.0613183 2.50069)
(0.000453153 0.0213756 2.42218)
(-0.0242811 0.0242813 2.37761)
(0.021376 -0.000452508 2.42218)
(0.0294391 0.0294392 2.50123)
(0.00907427 0.104728 2.37088)
(-0.1674 0.182493 0.460546)
(0.0965354 0.0157264 -2.48752)
(-0.0965373 0.0157282 -2.48752)
(0.167401 0.182494 0.460544)
(-0.00907178 0.104726 2.37088)
(-0.0294378 0.0294384 2.50123)
(-0.0213754 -0.000452753 2.42218)
(0.061319 0.00397421 2.50069)
(0.104728 0.00907445 2.37088)
(0.239435 0.239435 1.28492)
(0.0218931 0.00684178 -1.73472)
(0.207674 -0.413517 -3.47955)
(-0.207673 -0.413513 -3.47955)
(-0.0218921 0.00683983 -1.73472)
(-0.239431 0.239434 1.28492)
(-0.104726 0.00907342 2.37088)
(-0.0613182 0.00397462 2.50069)
(0.052871 -0.176083 2.45502)
(0.182493 -0.1674 0.460546)
(0.00684174 0.0218931 -1.73472)
(-0.0399892 -0.0399892 -1.94177)
(0.276045 -0.14288 -3.68739)
(-0.276046 -0.14288 -3.68738)
(0.0399872 -0.0399881 -1.94175)
(-0.00683881 0.021894 -1.73472)
(-0.182495 -0.167401 0.460545)
(-0.0528698 -0.176083 2.45502)
(-0.148307 -0.187386 1.46037)
(0.0157263 0.0965349 -2.48752)
(-0.413518 0.207674 -3.47955)
(-0.14288 0.276045 -3.68739)
(0.0409672 0.0409672 -4.76681)
(-0.0409706 0.0409681 -4.76681)
(0.142878 0.276046 -3.68738)
(0.413518 0.207674 -3.47955)
(-0.0157275 0.096535 -2.48752)
(0.148307 -0.187386 1.46037)
(-0.148307 0.187383 1.46037)
(0.0157287 -0.096538 -2.48752)
(-0.413512 -0.207673 -3.47955)
(-0.14288 -0.276047 -3.68738)
(0.0409685 -0.0409708 -4.76681)
(-0.0409717 -0.0409716 -4.76681)
(0.142878 -0.276048 -3.68737)
(0.413512 -0.207673 -3.47955)
(-0.0157297 -0.0965377 -2.48752)
(0.148308 0.187383 1.46037)
(0.0528686 0.176084 2.45502)
(0.182493 0.1674 0.460542)
(0.00683973 -0.0218922 -1.73472)
(-0.0399881 0.0399873 -1.94175)
(0.276047 0.142878 -3.68738)
(-0.276048 0.142878 -3.68737)
(0.0399864 0.0399864 -1.94174)
(-0.00683643 -0.021893 -1.73472)
(-0.182495 0.167401 0.460541)
(-0.0528673 0.176084 2.45502)
(0.0613182 -0.00397355 2.50069)
(0.104726 -0.00907166 2.37088)
(0.239434 -0.239431 1.28492)
(0.0218941 -0.00683869 -1.73472)
(0.207674 0.413517 -3.47955)
(-0.207673 0.413513 -3.47955)
(-0.021893 -0.00683637 -1.73472)
(-0.23943 -0.23943 1.28492)
(-0.104724 -0.00907057 2.37088)
(-0.0613174 -0.00397381 2.50069)
(0.0213755 0.00045323 2.42218)
(0.0294383 -0.0294377 2.50123)
(0.00907329 -0.104726 2.37088)
(-0.167401 -0.182495 0.460545)
(0.0965355 -0.0157277 -2.48752)
(-0.096537 -0.0157292 -2.48752)
(0.167401 -0.182495 0.460542)
(-0.00907075 -0.104724 2.37088)
(-0.0294369 -0.0294367 2.50123)
(-0.021375 0.000453584 2.42218)
(0.0242813 -0.0242811 2.37761)
(-0.000452762 -0.0213754 2.42218)
(0.00397463 -0.0613181 2.50069)
(-0.176083 -0.0528696 2.45502)
(-0.187385 0.148307 1.46037)
(0.187384 0.148308 1.46037)
(0.176084 -0.0528674 2.45502)
(-0.00397398 -0.0613174 2.50069)
(0.000453454 -0.021375 2.42218)
(-0.024281 -0.024281 2.37761)
(0.0367838 0.0367838 2.35251)
(0.0298846 0.0399804 2.40214)
(0.0602782 0.0835459 2.48046)
(-0.0927746 0.110001 2.42074)
(-0.140532 -0.0899927 1.40929)
(0.14053 -0.0899955 1.40929)
(0.0927756 0.109998 2.42074)
(-0.0602777 0.0835452 2.48046)
(-0.0298839 0.03998 2.40214)
(-0.0367835 0.0367837 2.35251)
(0.0399804 0.0298847 2.40214)
(0.0700273 0.0700275 2.49573)
(0.102063 0.142999 2.36439)
(-0.0556111 0.214978 0.505468)
(0.135818 0.0549898 -2.40137)
(-0.135821 0.0549917 -2.40137)
(0.0556147 0.214979 0.505465)
(-0.10206 0.142998 2.36439)
(-0.0700257 0.0700269 2.49573)
(-0.0399798 0.0298845 2.40214)
(0.083546 0.0602783 2.48046)
(0.142999 0.102063 2.36439)
(0.26925 0.26925 1.31679)
(0.0559296 -0.0719905 -1.65851)
(0.178532 -0.434805 -3.3847)
(-0.17853 -0.434798 -3.3847)
(-0.0559297 -0.0719914 -1.65851)
(-0.269248 0.269251 1.31679)
(-0.142998 0.102063 2.36439)
(-0.0835454 0.060279 2.48046)
(0.110001 -0.0927744 2.42074)
(0.214977 -0.0556107 0.505469)
(-0.0719907 0.0559296 -1.65851)
(-0.100361 -0.100361 -2.07421)
(0.210802 -0.0787808 -3.76557)
(-0.210806 -0.0787816 -3.76557)
(0.100358 -0.10036 -2.0742)
(0.0719926 0.0559317 -1.65851)
(-0.21498 -0.0556103 0.505468)
(-0.110001 -0.0927743 2.42074)
(-0.0899924 -0.140533 1.40929)
(0.0549897 0.135817 -2.40137)
(-0.434807 0.178532 -3.3847)
(-0.0787807 0.210802 -3.76557)
(0.0217009 0.0217009 -4.804)
(-0.0217048 0.0217029 -4.804)
(0.0787791 0.210803 -3.76557)
(0.434806 0.178534 -3.3847)
(-0.0549914 0.135817 -2.40137)
(0.0899926 -0.140533 1.40929)
(-0.0899963 0.14053 1.40929)
(0.0549923 -0.135821 -2.40137)
(-0.434795 -0.17853 -3.3847)
(-0.0787817 -0.210806 -3.76557)
(0.0217033 -0.021705 -4.804)
(-0.021707 -0.0217068 -4.804)
(0.07878 -0.210807 -3.76556)
(0.434796 -0.178532 -3.3847)
(-0.0549937 -0.135821 -2.40137)
(0.0899963 0.14053 1.40929)
(0.109998 0.0927759 2.42074)
(0.214979 0.0556156 0.505465)
(-0.0719914 -0.0559298 -1.65851)
(-0.10036 0.100359 -2.0742)
(0.210804 0.0787792 -3.76557)
(-0.210807 0.0787799 -3.76556)
(0.100358 0.100358 -2.07419)
(0.0719937 -0.0559317 -1.65851)
(-0.214982 0.0556149 0.505463)
(-0.109998 0.0927757 2.42074)
(0.083545 -0.0602776 2.48046)
(0.142998 -0.10206 2.36439)
(0.269251 -0.269248 1.31679)
(0.0559317 0.0719927 -1.65851)
(0.178533 0.434805 -3.3847)
(-0.178532 0.434798 -3.3847)
(-0.0559316 0.0719939 -1.65851)
(-0.269249 -0.269249 1.31679)
(-0.142997 -0.102059 2.36439)
(-0.0835445 -0.0602781 2.48046)
(0.0399799 -0.0298838 2.40214)
(0.0700268 -0.0700255 2.49573)
(0.102062 -0.142998 2.36439)
(-0.0556107 -0.21498 0.505467)
(0.135818 -0.0549916 -2.40137)
(-0.13582 -0.0549932 -2.40137)
(0.0556139 -0.214982 0.505464)
(-0.10206 -0.142997 2.36439)
(-0.0700252 -0.070025 2.49573)
(-0.0399793 -0.0298835 2.40214)
(0.0367837 -0.0367835 2.35251)
(0.0298845 -0.0399797 2.40214)
(0.0602789 -0.0835453 2.48046)
(-0.0927744 -0.11 2.42074)
(-0.140532 0.0899929 1.40929)
(0.140531 0.0899955 1.40929)
(0.0927754 -0.109998 2.42074)
(-0.0602783 -0.0835446 2.48046)
(-0.0298837 -0.0399793 2.40214)
(-0.0367834 -0.0367834 2.35251)
(0.0508534 0.0508534 2.30438)
(0.0614041 0.0608539 2.35639)
(0.11404 0.107425 2.43203)
(-0.010964 0.166363 2.36491)
(-0.101202 -0.024606 1.36461)
(0.101199 -0.0246144 1.3646)
(0.0109664 0.166359 2.36491)
(-0.11404 0.107425 2.43203)
(-0.0614034 0.0608535 2.35639)
(-0.0508532 0.0508533 2.30438)
(0.0608539 0.0614042 2.35639)
(0.112321 0.112321 2.46601)
(0.188934 0.182058 2.33661)
(0.0603719 0.259706 0.57805)
(0.1727 0.118997 -2.26498)
(-0.172702 0.118995 -2.265)
(-0.0603618 0.259709 0.578045)
(-0.188931 0.182058 2.33661)
(-0.112319 0.112321 2.46601)
(-0.0608533 0.0614042 2.35639)
(0.107426 0.11404 2.43203)
(0.182058 0.188935 2.33661)
(0.307456 0.307456 1.35537)
(0.0746721 -0.0816066 -1.54339)
(0.131872 -0.346469 -3.30531)
(-0.131872 -0.346455 -3.30531)
(-0.0746732 -0.0816063 -1.54339)
(-0.307456 0.307458 1.35537)
(-0.182058 0.188935 2.33661)
(-0.107425 0.114041 2.43203)
(0.166363 -0.0109636 2.36491)
(0.259706 0.0603731 0.578051)
(-0.0816068 0.0746721 -1.54339)
(-0.125876 -0.125876 -2.23671)
(0.149873 -0.00755539 -3.8626)
(-0.149879 -0.00755732 -3.86259)
(0.125874 -0.125876 -2.2367)
(0.0816069 0.0746732 -1.54339)
(-0.259708 0.0603736 0.578051)
(-0.166363 -0.0109637 2.36491)
(-0.0246049 -0.101203 1.36461)
(0.118998 0.172698 -2.26498)
(-0.346471 0.131872 -3.30531)
(-0.00755522 0.149873 -3.8626)
(0.00642796 0.00642802 -4.81909)
(-0.00643183 0.00643013 -4.81909)
(0.00755422 0.149875 -3.86259)
(0.346467 0.131876 -3.30531)
(-0.118999 0.172698 -2.26498)
(0.0246057 -0.101203 1.36461)
(-0.0246175 0.101199 1.3646)
(0.118994 -0.172703 -2.265)
(-0.34645 -0.131872 -3.30531)
(-0.00755752 -0.149879 -3.86259)
(0.00643055 -0.00643195 -4.81909)
(-0.00643419 -0.00643386 -4.81909)
(0.00755642 -0.149881 -3.86259)
(0.346448 -0.131875 -3.3053)
(-0.118996 -0.172702 -2.265)
(0.0246172 0.101199 1.3646)
(0.166358 0.0109671 2.36491)
(0.259709 -0.0603583 0.578043)
(-0.0816062 -0.0746732 -1.54339)
(-0.125876 0.125874 -2.2367)
(0.149875 0.00755435 -3.86259)
(-0.14988 0.00755617 -3.86259)
(0.125874 0.125874 -2.23669)
(0.0816066 -0.0746741 -1.54339)
(-0.259711 -0.0603601 0.578043)
(-0.166359 0.0109669 2.36491)
(0.107424 -0.11404 2.43203)
(0.182058 -0.18893 2.33661)
(0.307459 -0.307456 1.35537)
(0.0746731 0.0816069 -1.54339)
(0.131875 0.346465 -3.30531)
(-0.131875 0.346453 -3.30531)
(-0.074674 0.0816069 -1.54339)
(-0.307458 -0.307458 1.35537)
(-0.182058 -0.18893 2.33661)
(-0.107424 -0.114041 2.43203)
(0.0608534 -0.0614032 2.35639)
(0.112321 -0.112319 2.46601)
(0.188934 -0.182058 2.33661)
(0.0603724 -0.259708 0.57805)
(0.172699 -0.118998 -2.26499)
(-0.172702 -0.118996 -2.265)
(-0.0603635 -0.259711 0.578045)
(-0.188931 -0.182058 2.33661)
(-0.112319 -0.112319 2.46601)
(-0.0608528 -0.0614032 2.35639)
(0.0508533 -0.0508531 2.30438)
(0.0614041 -0.0608532 2.35639)
(0.114041 -0.107425 2.43203)
(-0.010964 -0.166362 2.36491)
(-0.101202 0.0246067 1.36461)
(0.1012 0.0246141 1.3646)
(0.0109661 -0.166359 2.36491)
(-0.114041 -0.107424 2.43203)
(-0.0614034 -0.0608528 2.35639)
(-0.0508531 -0.0508531 2.30438)
(0.0644747 0.0644747 2.23316)
(0.0922796 0.0822 2.2851)
(0.163996 0.132889 2.355)
(0.0614022 0.223635 2.2872)
(-0.0675618 0.0562445 1.29813)
(0.0675578 0.0562285 1.29812)
(-0.0613983 0.22363 2.2872)
(-0.163996 0.132888 2.355)
(-0.0922789 0.0821996 2.2851)
(-0.0644745 0.0644746 2.23316)
(0.0822 0.0922797 2.2851)
(0.155556 0.155557 2.40167)
(0.271825 0.226093 2.28375)
(0.18287 0.334647 0.680397)
(0.20479 0.202531 -2.10563)
(-0.20479 0.202516 -2.10566)
(-0.182852 0.33465 0.680396)
(-0.27182 0.226094 2.28375)
(-0.155555 0.155557 2.40167)
(-0.0821995 0.0922799 2.2851)
(0.132889 0.163996 2.355)
(0.226093 0.271826 2.28375)
(0.37089 0.370891 1.39776)
(0.121856 -0.00398301 -1.38345)
(0.10449 -0.123139 -3.23571)
(-0.10449 -0.123129 -3.23571)
(-0.121858 -0.00398278 -1.38345)
(-0.370891 0.370892 1.39776)
(-0.226093 0.271826 2.28375)
(-0.132889 0.163997 2.355)
(0.223636 0.0614028 2.2872)
(0.334647 0.182873 0.680398)
(-0.00398324 0.121856 -1.38345)
(-0.132312 -0.132312 -2.33414)
(0.0998422 0.0732795 -3.92776)
(-0.0998472 0.073276 -3.92776)
(0.13231 -0.132312 -2.33414)
(0.00398441 0.121856 -1.38345)
(-0.334648 0.18287 0.680398)
(-0.223636 0.0614024 2.2872)
(0.0562475 -0.067563 1.29813)
(0.202533 0.204789 -2.10563)
(-0.12314 0.104491 -3.23572)
(0.0732799 0.099842 -3.92776)
(0.018182 0.018182 -4.80172)
(-0.0181848 0.0181832 -4.80172)
(-0.0732807 0.0998436 -3.92776)
(0.123139 0.104493 -3.23571)
(-0.202531 0.204788 -2.10563)
(-0.0562429 -0.067563 1.29813)
(0.0562234 0.0675569 1.29812)
(0.202511 -0.20479 -2.10567)
(-0.123126 -0.10449 -3.23571)
(0.0732753 -0.0998473 -3.92775)
(0.0181835 -0.0181848 -4.80172)
(-0.0181861 -0.0181858 -4.80172)
(-0.0732764 -0.0998485 -3.92775)
(0.123126 -0.104492 -3.2357)
(-0.202511 -0.204789 -2.10567)
(-0.0562211 0.0675577 1.29812)
(0.223629 -0.061397 2.2872)
(0.334651 -0.182846 0.680396)
(-0.00398251 -0.121858 -1.38345)
(-0.132312 0.13231 -2.33414)
(0.0998438 -0.0732803 -3.92776)
(-0.0998485 -0.0732772 -3.92775)
(0.132311 0.132311 -2.33413)
(0.00398391 -0.121858 -1.38345)
(-0.334652 -0.182845 0.680396)
(-0.223629 -0.0613971 2.2872)
(0.132888 -0.163996 2.355)
(0.226094 -0.271819 2.28375)
(0.370893 -0.370891 1.39776)
(0.121856 0.00398424 -1.38345)
(0.104492 0.123137 -3.23571)
(-0.104492 0.123129 -3.2357)
(-0.121857 0.00398422 -1.38345)
(-0.370893 -0.370893 1.39776)
(-0.226094 -0.27182 2.28375)
(-0.132888 -0.163996 2.355)
(0.0821995 -0.0922788 2.2851)
(0.155556 -0.155554 2.40167)
(0.271825 -0.226093 2.28375)
(0.182867 -0.334649 0.680398)
(0.204789 -0.20253 -2.10564)
(-0.20479 -0.202517 -2.10566)
(-0.182851 -0.334652 0.680396)
(-0.271821 -0.226094 2.28375)
(-0.155555 -0.155555 2.40167)
(-0.082199 -0.092279 2.2851)
(0.0644746 -0.0644745 2.23316)
(0.0922798 -0.0821993 2.2851)
(0.163997 -0.132889 2.355)
(0.061402 -0.223635 2.2872)
(-0.0675617 -0.0562399 1.29813)
(0.0675585 -0.0562261 1.29812)
(-0.0613984 -0.223631 2.2872)
(-0.163997 -0.132888 2.355)
(-0.0922792 -0.082199 2.2851)
(-0.0644745 -0.0644744 2.23316)
(0.0767109 0.0767109 2.14027)
(0.120754 0.102881 2.18947)
(0.207583 0.15903 2.25001)
(0.122699 0.278191 2.17981)
(-0.0393616 0.149941 1.21351)
(0.0393583 0.149933 1.21351)
(-0.122695 0.278188 2.17982)
(-0.207583 0.15903 2.25002)
(-0.120754 0.10288 2.18947)
(-0.0767108 0.0767109 2.14027)
(0.102881 0.120754 2.18947)
(0.198073 0.198073 2.30818)
(0.350257 0.273916 2.20065)
(0.306455 0.430872 0.767242)
(0.228455 0.282288 -1.95102)
(-0.228445 0.282259 -1.95107)
(-0.306444 0.430875 0.767229)
(-0.350254 0.273917 2.20066)
(-0.198072 0.198074 2.30818)
(-0.10288 0.120755 2.18947)
(0.159031 0.207583 2.25001)
(0.273916 0.350258 2.20065)
(0.454226 0.454226 1.42069)
(0.212285 0.163411 -1.17392)
(0.130221 0.0951412 -3.15352)
(-0.130221 0.0951393 -3.15352)
(-0.212288 0.163409 -1.17392)
(-0.454227 0.454228 1.42069)
(-0.273917 0.350259 2.20065)
(-0.159031 0.207584 2.25001)
(0.278191 0.1227 2.17981)
(0.430872 0.306458 0.767244)
(0.163411 0.212285 -1.17392)
(-0.0486917 -0.0486918 -2.33663)
(0.100342 0.152216 -3.93522)
(-0.100344 0.152212 -3.93522)
(0.0486936 -0.0486944 -2.33663)
(-0.163408 0.212285 -1.17392)
(-0.430874 0.306455 0.767244)
(-0.278191 0.122699 2.17981)
(0.149944 -0.0393626 1.21351)
(0.282293 0.228457 -1.95101)
(0.0951422 0.130222 -3.15352)
(0.152217 0.100342 -3.93522)
(0.0640568 0.0640567 -4.7403)
(-0.0640577 0.064057 -4.7403)
(-0.152217 0.100343 -3.93522)
(-0.0951378 0.130222 -3.15352)
(-0.282284 0.228455 -1.95102)
(-0.149939 -0.0393626 1.21351)
(0.149932 0.0393575 1.21352)
(0.28225 -0.228442 -1.95109)
(0.0951397 -0.130221 -3.15352)
(0.152211 -0.100344 -3.93521)
(0.064057 -0.0640575 -4.7403)
(-0.0640579 -0.0640577 -4.7403)
(-0.152212 -0.100345 -3.93521)
(-0.0951355 -0.13022 -3.15351)
(-0.282246 -0.228441 -1.95109)
(-0.149929 0.0393582 1.21352)
(0.278187 -0.122694 2.17982)
(0.430875 -0.306442 0.767226)
(0.163409 -0.212289 -1.17392)
(-0.0486944 0.0486936 -2.33663)
(0.100343 -0.152216 -3.93522)
(-0.100345 -0.152213 -3.93521)
(0.0486962 0.048696 -2.33662)
(-0.163407 -0.212289 -1.17392)
(-0.430876 -0.30644 0.767227)
(-0.278187 -0.122694 2.17982)
(0.15903 -0.207583 2.25002)
(0.273917 -0.350254 2.20066)
(0.454228 -0.454228 1.42069)
(0.212285 -0.163408 -1.17392)
(0.13022 -0.0951369 -3.15352)
(-0.13022 -0.0951352 -3.15352)
(-0.212288 -0.163407 -1.17392)
(-0.454229 -0.454229 1.42069)
(-0.273919 -0.350255 2.20066)
(-0.15903 -0.207583 2.25002)
(0.10288 -0.120754 2.18947)
(0.198074 -0.198072 2.30818)
(0.350258 -0.273917 2.20065)
(0.306452 -0.430874 0.767242)
(0.228452 -0.282279 -1.95103)
(-0.228444 -0.282254 -1.95107)
(-0.306442 -0.430876 0.767231)
(-0.350256 -0.273918 2.20066)
(-0.198073 -0.198073 2.30818)
(-0.10288 -0.120754 2.18947)
(0.0767109 -0.0767108 2.14027)
(0.120754 -0.10288 2.18947)
(0.207584 -0.15903 2.25001)
(0.122699 -0.278191 2.17981)
(-0.0393616 -0.149936 1.21351)
(0.039359 -0.14993 1.21352)
(-0.122695 -0.278188 2.17982)
(-0.207584 -0.15903 2.25002)
(-0.120754 -0.10288 2.18947)
(-0.0767108 -0.0767108 2.14027)
(0.0877872 0.0877872 2.02811)
(0.144939 0.12094 2.07184)
(0.243292 0.183312 2.11917)
(0.172652 0.321685 2.03968)
(-0.0168084 0.242043 1.10592)
(0.0168079 0.242053 1.10593)
(-0.17265 0.321686 2.03968)
(-0.243292 0.183312 2.11917)
(-0.144938 0.12094 2.07184)
(-0.0877871 0.0877872 2.02811)
(0.12094 0.144939 2.07184)
(0.236485 0.236485 2.18484)
(0.416067 0.317784 2.08432)
(0.416281 0.52725 0.841284)
(0.255045 0.370389 -1.77159)
(-0.255031 0.37037 -1.77163)
(-0.416289 0.527251 0.841285)
(-0.416067 0.317785 2.08432)
(-0.236485 0.236485 2.18484)
(-0.12094 0.144939 2.07184)
(0.183312 0.243292 2.11917)
(0.317784 0.416067 2.08432)
(0.534037 0.534037 1.40949)
(0.313591 0.348084 -0.950361)
(0.186756 0.261371 -3.0265)
(-0.186757 0.261364 -3.0265)
(-0.313595 0.348081 -0.950356)
(-0.534038 0.534039 1.4095)
(-0.317785 0.416068 2.08432)
(-0.183312 0.243293 2.11917)
(0.321685 0.172652 2.03968)
(0.52725 0.416281 0.841284)
(0.348085 0.31359 -0.950362)
(0.122955 0.122955 -2.25802)
(0.143571 0.241195 -3.86026)
(-0.143571 0.241193 -3.86026)
(-0.122953 0.122952 -2.25802)
(-0.348083 0.313592 -0.95036)
(-0.527252 0.416283 0.841287)
(-0.321686 0.172653 2.03968)
(0.242043 -0.0168085 1.10591)
(0.370394 0.255049 -1.77159)
(0.261373 0.186757 -3.0265)
(0.241196 0.143571 -3.86026)
(0.122497 0.122497 -4.61536)
(-0.122497 0.122498 -4.61537)
(-0.241195 0.143571 -3.86026)
(-0.261368 0.186756 -3.0265)
(-0.370388 0.255047 -1.77159)
(-0.242043 -0.0168082 1.10592)
(0.242058 0.0168076 1.10593)
(0.370364 -0.255028 -1.77164)
(0.261363 -0.186757 -3.0265)
(0.241193 -0.143571 -3.86026)
(0.122498 -0.122497 -4.61537)
(-0.122497 -0.122497 -4.61537)
(-0.241192 -0.143571 -3.86026)
(-0.261359 -0.186756 -3.0265)
(-0.370361 -0.255028 -1.77164)
(-0.242057 0.0168075 1.10593)
(0.321686 -0.17265 2.03969)
(0.527251 -0.416293 0.841286)
(0.348081 -0.313596 -0.950355)
(0.122952 -0.122953 -2.25802)
(0.14357 -0.241195 -3.86026)
(-0.143571 -0.241193 -3.86026)
(-0.12295 -0.12295 -2.25802)
(-0.34808 -0.313598 -0.950354)
(-0.527253 -0.416293 0.841288)
(-0.321687 -0.172651 2.03968)
(0.183313 -0.243292 2.11917)
(0.317786 -0.416068 2.08432)
(0.534039 -0.534038 1.4095)
(0.313593 -0.348083 -0.950358)
(0.186756 -0.261366 -3.0265)
(-0.186756 -0.26136 -3.0265)
(-0.313597 -0.34808 -0.950354)
(-0.53404 -0.53404 1.4095)
(-0.317787 -0.416069 2.08432)
(-0.183313 -0.243293 2.11917)
(0.12094 -0.144939 2.07184)
(0.236485 -0.236485 2.18484)
(0.416068 -0.317785 2.08432)
(0.416283 -0.527252 0.841287)
(0.255044 -0.370383 -1.7716)
(-0.255032 -0.370366 -1.77163)
(-0.416289 -0.527253 0.841288)
(-0.416069 -0.317787 2.08432)
(-0.236486 -0.236486 2.18484)
(-0.12094 -0.144939 2.07184)
(0.0877872 -0.0877871 2.02811)
(0.144939 -0.12094 2.07184)
(0.243293 -0.183312 2.11917)
(0.172653 -0.321685 2.03968)
(-0.0168081 -0.242043 1.10592)
(0.0168078 -0.242052 1.10593)
(-0.172651 -0.321686 2.03968)
(-0.243293 -0.183312 2.11917)
(-0.144939 -0.12094 2.07184)
(-0.0877872 -0.0877871 2.02811)
(0.0968494 0.0968494 1.90019)
(0.163091 0.134543 1.93666)
(0.268643 0.201513 1.96768)
(0.208993 0.345821 1.8731)
(-0.000506869 0.2898 0.971268)
(0.000508444 0.289816 0.971274)
(-0.208994 0.345823 1.87311)
(-0.268643 0.201514 1.96768)
(-0.163091 0.134543 1.93666)
(-0.0968494 0.0968495 1.90019)
(0.134543 0.163091 1.93666)
(0.265815 0.265815 2.03739)
(0.459251 0.349967 1.94483)
(0.475361 0.602751 0.865206)
(0.271977 0.449359 -1.58695)
(-0.271972 0.449363 -1.58696)
(-0.475376 0.602751 0.865206)
(-0.459253 0.349968 1.94483)
(-0.265816 0.265816 2.03739)
(-0.134543 0.163091 1.93666)
(0.201513 0.268643 1.96768)
(0.349967 0.459251 1.94483)
(0.596392 0.596391 1.36743)
(0.398745 0.503449 -0.759431)
(0.238498 0.380155 -2.8698)
(-0.2385 0.380151 -2.86981)
(-0.398748 0.503446 -0.759429)
(-0.596392 0.596392 1.36743)
(-0.349968 0.459252 1.94483)
(-0.201513 0.268643 1.96768)
(0.345821 0.208993 1.8731)
(0.602751 0.475358 0.865207)
(0.503449 0.398743 -0.759433)
(0.312389 0.312389 -2.12665)
(0.20056 0.320419 -3.71045)
(-0.200561 0.320419 -3.71045)
(-0.312387 0.312387 -2.12665)
(-0.503449 0.398747 -0.759425)
(-0.602752 0.475365 0.865209)
(-0.345821 0.208995 1.8731)
(0.289797 -0.000506408 0.971266)
(0.449359 0.271978 -1.58694)
(0.380156 0.238498 -2.8698)
(0.320419 0.20056 -3.71045)
(0.16649 0.16649 -4.3867)
(-0.166489 0.166491 -4.3867)
(-0.320419 0.20056 -3.71045)
(-0.380153 0.238499 -2.8698)
(-0.449361 0.27198 -1.58695)
(-0.289803 -0.000505449 0.971271)
(0.28982 0.000508704 0.971276)
(0.449365 -0.271971 -1.58696)
(0.380151 -0.2385 -2.86981)
(0.320419 -0.20056 -3.71045)
(0.166491 -0.166489 -4.3867)
(-0.16649 -0.16649 -4.3867)
(-0.320419 -0.20056 -3.71045)
(-0.380148 -0.2385 -2.86981)
(-0.449367 -0.271974 -1.58696)
(-0.289824 0.00050773 0.97128)
(0.345824 -0.208994 1.87311)
(0.602751 -0.47538 0.865206)
(0.503446 -0.398748 -0.75943)
(0.312387 -0.312387 -2.12665)
(0.20056 -0.320418 -3.71045)
(-0.20056 -0.320418 -3.71045)
(-0.312386 -0.312386 -2.12665)
(-0.503447 -0.398751 -0.759423)
(-0.602752 -0.475385 0.865208)
(-0.345824 -0.208995 1.87311)
(0.201514 -0.268643 1.96768)
(0.349969 -0.459253 1.94483)
(0.596392 -0.596392 1.36743)
(0.398748 -0.503449 -0.759424)
(0.238499 -0.380152 -2.8698)
(-0.2385 -0.380149 -2.8698)
(-0.398751 -0.503447 -0.759422)
(-0.596392 -0.596392 1.36743)
(-0.34997 -0.459254 1.94483)
(-0.201514 -0.268644 1.96768)
(0.134543 -0.163091 1.93666)
(0.265816 -0.265816 2.03739)
(0.459252 -0.349969 1.94483)
(0.475367 -0.602752 0.865209)
(0.271978 -0.449361 -1.58695)
(-0.271975 -0.449365 -1.58696)
(-0.47538 -0.602752 0.865208)
(-0.459254 -0.34997 1.94483)
(-0.265817 -0.265817 2.03739)
(-0.134543 -0.163092 1.93666)
(0.0968495 -0.0968494 1.90019)
(0.163091 -0.134543 1.93666)
(0.268643 -0.201513 1.96768)
(0.208995 -0.345822 1.8731)
(-0.000505936 -0.289806 0.971273)
(0.000507479 -0.28982 0.971279)
(-0.208995 -0.345824 1.87311)
(-0.268644 -0.201514 1.96768)
(-0.163092 -0.134543 1.93666)
(-0.0968495 -0.0968495 1.90019)
(0.103138 0.103138 1.76118)
(0.174436 0.142742 1.78966)
(0.282693 0.211636 1.80369)
(0.230229 0.350849 1.69157)
(0.00896769 0.305335 0.827339)
(-0.00896575 0.305347 0.82734)
(-0.23023 0.350851 1.69157)
(-0.282694 0.211637 1.80369)
(-0.174436 0.142742 1.78966)
(-0.103138 0.103138 1.76118)
(0.142742 0.174436 1.78966)
(0.283575 0.283575 1.87555)
(0.479219 0.366839 1.79314)
(0.492885 0.650978 0.862402)
(0.264893 0.476667 -1.42067)
(-0.264895 0.476674 -1.42067)
(-0.492898 0.650978 0.862402)
(-0.479221 0.366839 1.79314)
(-0.283576 0.283576 1.87555)
(-0.142742 0.174436 1.78966)
(0.211636 0.282693 1.80369)
(0.366839 0.479219 1.79314)
(0.63448 0.63448 1.30082)
(0.459985 0.61289 -0.592787)
(0.274069 0.45952 -2.67807)
(-0.27407 0.45952 -2.67807)
(-0.459986 0.612889 -0.592784)
(-0.63448 0.634477 1.30082)
(-0.366839 0.479219 1.79314)
(-0.211637 0.282694 1.80369)
(0.350848 0.230229 1.69157)
(0.650978 0.492881 0.862403)
(0.61289 0.459984 -0.592787)
(0.424883 0.424883 -1.93966)
(0.253512 0.362555 -3.488)
(-0.253513 0.362555 -3.488)
(-0.424883 0.424883 -1.93966)
(-0.612891 0.459986 -0.592784)
(-0.650976 0.492889 0.862404)
(-0.350848 0.230231 1.69157)
(0.305332 0.00896819 0.827339)
(0.476665 0.264892 -1.42067)
(0.45952 0.274069 -2.67807)
(0.362556 0.253512 -3.488)
(0.192867 0.192866 -4.13448)
(-0.192866 0.192867 -4.13448)
(-0.362556 0.253512 -3.488)
(-0.459523 0.27407 -2.67807)
(-0.476672 0.264895 -1.42066)
(-0.305339 0.00896943 0.827341)
(0.305349 -0.00896525 0.82734)
(0.476675 -0.264895 -1.42067)
(0.459519 -0.27407 -2.67807)
(0.362556 -0.253513 -3.488)
(0.192867 -0.192866 -4.13448)
(-0.192867 -0.192867 -4.13448)
(-0.362556 -0.253513 -3.488)
(-0.459522 -0.274071 -2.67807)
(-0.476682 -0.264898 -1.42067)
(-0.305355 -0.00896659 0.827342)
(0.350851 -0.230231 1.69157)
(0.650978 -0.4929 0.862402)
(0.612889 -0.459986 -0.592785)
(0.424883 -0.424883 -1.93966)
(0.253512 -0.362556 -3.488)
(-0.253513 -0.362556 -3.488)
(-0.424884 -0.424884 -1.93966)
(-0.61289 -0.459987 -0.592782)
(-0.650976 -0.492907 0.862403)
(-0.350851 -0.230232 1.69156)
(0.211638 -0.282694 1.80369)
(0.366839 -0.479222 1.79314)
(0.634477 -0.63448 1.30082)
(0.459986 -0.612891 -0.592783)
(0.274071 -0.459523 -2.67807)
(-0.274072 -0.459523 -2.67807)
(-0.459987 -0.61289 -0.592782)
(-0.634477 -0.634478 1.30082)
(-0.36684 -0.479222 1.79314)
(-0.211638 -0.282694 1.80369)
(0.142742 -0.174436 1.78966)
(0.283576 -0.283577 1.87555)
(0.47922 -0.36684 1.79314)
(0.492893 -0.650976 0.862403)
(0.264895 -0.476675 -1.42066)
(-0.264898 -0.476681 -1.42067)
(-0.492904 -0.650976 0.862403)
(-0.479221 -0.36684 1.79314)
(-0.283577 -0.283577 1.87555)
(-0.142742 -0.174436 1.78966)
(0.103138 -0.103138 1.76118)
(0.174436 -0.142742 1.78966)
(0.282694 -0.211637 1.80369)
(0.230231 -0.350849 1.69157)
(0.00896889 -0.305342 0.827341)
(-0.00896707 -0.305352 0.827342)
(-0.230232 -0.350851 1.69156)
(-0.282694 -0.211638 1.80369)
(-0.174436 -0.142742 1.78966)
(-0.103138 -0.103138 1.76118)
(0.106446 0.106446 1.61624)
(0.179038 0.145646 1.63719)
(0.286068 0.214977 1.63555)
(0.238749 0.339843 1.50602)
(0.0138397 0.311783 0.687358)
(-0.0138389 0.311787 0.687355)
(-0.23875 0.339844 1.50602)
(-0.286068 0.214978 1.63555)
(-0.179038 0.145646 1.63719)
(-0.106446 0.106446 1.61624)
(0.145646 0.179038 1.63719)
(0.291133 0.291133 1.70859)
(0.479047 0.3686 1.63903)
(0.495376 0.666298 0.842434)
(0.248393 0.483277 -1.2639)
(-0.248395 0.483277 -1.2639)
(-0.49538 0.666298 0.842433)
(-0.479048 0.368599 1.63903)
(-0.291134 0.291134 1.70859)
(-0.145646 0.179038 1.63719)
(0.214977 0.286068 1.63555)
(0.3686 0.479047 1.63903)
(0.646516 0.646516 1.22086)
(0.493355 0.664892 -0.435552)
(0.289505 0.498505 -2.46586)
(-0.289506 0.498505 -2.46586)
(-0.493356 0.664891 -0.435551)
(-0.646516 0.646514 1.22086)
(-0.3686 0.479046 1.63903)
(-0.214977 0.286068 1.63555)
(0.339843 0.238749 1.50602)
(0.666299 0.495375 0.842435)
(0.664892 0.493356 -0.435552)
(0.482071 0.482072 -1.73155)
(0.278945 0.380027 -3.23395)
(-0.278946 0.380027 -3.23395)
(-0.482072 0.482072 -1.73155)
(-0.664893 0.493354 -0.435552)
(-0.666298 0.495377 0.842435)
(-0.339842 0.23875 1.50602)
(0.311782 0.01384 0.687359)
(0.483277 0.248393 -1.2639)
(0.498505 0.289505 -2.46586)
(0.380027 0.278945 -3.23395)
(0.211553 0.211553 -3.84571)
(-0.211553 0.211553 -3.84572)
(-0.380028 0.278945 -3.23395)
(-0.498506 0.289505 -2.46586)
(-0.483278 0.248392 -1.2639)
(-0.311784 0.0138407 0.687359)
(0.311787 -0.0138386 0.687355)
(0.483278 -0.248395 -1.2639)
(0.498505 -0.289506 -2.46586)
(0.380026 -0.278946 -3.23395)
(0.211553 -0.211553 -3.84572)
(-0.211554 -0.211554 -3.84572)
(-0.380027 -0.278946 -3.23395)
(-0.498507 -0.289506 -2.46585)
(-0.483279 -0.248394 -1.2639)
(-0.311789 -0.0138393 0.687354)
(0.339845 -0.238751 1.50602)
(0.666299 -0.495381 0.842433)
(0.664891 -0.493356 -0.435551)
(0.482071 -0.482072 -1.73155)
(0.278945 -0.380028 -3.23395)
(-0.278946 -0.380028 -3.23394)
(-0.482072 -0.482072 -1.73154)
(-0.664891 -0.493354 -0.435552)
(-0.666298 -0.495382 0.842433)
(-0.339844 -0.238751 1.50602)
(0.214978 -0.286068 1.63555)
(0.368599 -0.479049 1.63903)
(0.646514 -0.646517 1.22086)
(0.493353 -0.664893 -0.435552)
(0.289505 -0.498507 -2.46585)
(-0.289506 -0.498507 -2.46585)
(-0.493354 -0.664892 -0.435552)
(-0.646514 -0.646515 1.22086)
(-0.368599 -0.479048 1.63903)
(-0.214978 -0.286068 1.63555)
(0.145646 -0.179038 1.63719)
(0.291134 -0.291134 1.70859)
(0.479046 -0.3686 1.63903)
(0.495378 -0.666298 0.842435)
(0.248392 -0.483278 -1.2639)
(-0.248394 -0.483278 -1.2639)
(-0.495382 -0.666298 0.842434)
(-0.479048 -0.368599 1.63903)
(-0.291134 -0.291134 1.70859)
(-0.145646 -0.179038 1.63719)
(0.106446 -0.106446 1.61624)
(0.179038 -0.145646 1.63719)
(0.286068 -0.214978 1.63555)
(0.23875 -0.339843 1.50602)
(0.0138403 -0.311785 0.687358)
(-0.0138395 -0.311788 0.687355)
(-0.238751 -0.339844 1.50602)
(-0.286068 -0.214978 1.63555)
(-0.179038 -0.145646 1.63719)
(-0.106446 -0.106446 1.61624)
(0.106986 0.106986 1.4702)
(0.177862 0.143964 1.4847)
(0.280481 0.21207 1.47008)
(0.237023 0.317272 1.32554)
(0.0154316 0.305566 0.553018)
(-0.0154315 0.305563 0.553016)
(-0.237024 0.317272 1.32554)
(-0.280481 0.21207 1.47007)
(-0.177862 0.143964 1.4847)
(-0.106986 0.106986 1.4702)
(0.143964 0.177862 1.4847)
(0.289557 0.289557 1.54356)
(0.46362 0.358877 1.48779)
(0.480828 0.65249 0.811558)
(0.220558 0.461599 -1.13592)
(-0.220559 0.461598 -1.13592)
(-0.480828 0.652489 0.811557)
(-0.463621 0.358877 1.48779)
(-0.289557 0.289557 1.54356)
(-0.143964 0.177862 1.4847)
(0.21207 0.280481 1.47008)
(0.358877 0.46362 1.48779)
(0.629223 0.629224 1.13564)
(0.50441 0.681762 -0.304135)
(0.288117 0.50139 -2.25101)
(-0.288118 0.501389 -2.25101)
(-0.50441 0.68176 -0.304134)
(-0.629224 0.629223 1.13564)
(-0.358877 0.463619 1.48779)
(-0.21207 0.280481 1.47007)
(0.317272 0.237023 1.32554)
(0.65249 0.480828 0.811558)
(0.681762 0.504411 -0.304135)
(0.512159 0.512159 -1.53076)
(0.287464 0.378507 -2.97117)
(-0.287465 0.378507 -2.97117)
(-0.512159 0.512159 -1.53076)
(-0.681762 0.504409 -0.304133)
(-0.652489 0.480826 0.811558)
(-0.317271 0.237023 1.32554)
(0.305567 0.0154317 0.553019)
(0.461599 0.220558 -1.13592)
(0.50139 0.288118 -2.25101)
(0.378507 0.287464 -2.97117)
(0.220025 0.220025 -3.55984)
(-0.220026 0.220025 -3.55984)
(-0.378508 0.287464 -2.97118)
(-0.501389 0.288117 -2.25101)
(-0.461598 0.220557 -1.13591)
(-0.305564 0.0154318 0.553019)
(0.305563 -0.0154314 0.553016)
(0.461598 -0.22056 -1.13592)
(0.501389 -0.288119 -2.25101)
(0.378506 -0.287465 -2.97117)
(0.220025 -0.220026 -3.55984)
(-0.220026 -0.220026 -3.55984)
(-0.378508 -0.287464 -2.97118)
(-0.501388 -0.288118 -2.25101)
(-0.461597 -0.220558 -1.13591)
(-0.30556 -0.0154315 0.553016)
(0.317273 -0.237024 1.32554)
(0.652489 -0.480828 0.811557)
(0.681761 -0.50441 -0.304134)
(0.512159 -0.512159 -1.53076)
(0.287464 -0.378508 -2.97118)
(-0.287464 -0.378508 -2.97118)
(-0.512158 -0.512158 -1.53075)
(-0.68176 -0.504408 -0.304132)
(-0.652489 -0.480825 0.811557)
(-0.317271 -0.237024 1.32554)
(0.21207 -0.280481 1.47007)
(0.358877 -0.463621 1.48779)
(0.629223 -0.629224 1.13564)
(0.504408 -0.681762 -0.304133)
(0.288117 -0.501389 -2.25101)
(-0.288118 -0.501388 -2.25101)
(-0.504408 -0.68176 -0.304132)
(-0.629223 -0.629223 1.13564)
(-0.358876 -0.46362 1.48779)
(-0.21207 -0.280481 1.47007)
(0.143964 -0.177862 1.4847)
(0.289557 -0.289558 1.54356)
(0.463619 -0.358877 1.48779)
(0.480826 -0.652489 0.811558)
(0.220557 -0.461598 -1.13591)
(-0.220558 -0.461597 -1.13591)
(-0.480825 -0.652489 0.811557)
(-0.46362 -0.358876 1.48779)
(-0.289557 -0.289557 1.54356)
(-0.143964 -0.177862 1.4847)
(0.106986 -0.106986 1.4702)
(0.177862 -0.143964 1.4847)
(0.280481 -0.21207 1.47007)
(0.237023 -0.317271 1.32554)
(0.0154316 -0.305563 0.553018)
(-0.0154316 -0.305561 0.553017)
(-0.237024 -0.317271 1.32554)
(-0.280481 -0.21207 1.47007)
(-0.177862 -0.143964 1.4847)
(-0.106986 -0.106986 1.4702)
(0.105167 0.105167 1.32706)
(0.172254 0.138762 1.33654)
(0.268607 0.203452 1.31225)
(0.229085 0.287511 1.15649)
(0.0154609 0.282978 0.430746)
(-0.0154611 0.282975 0.430746)
(-0.229085 0.287511 1.15648)
(-0.268607 0.203452 1.31225)
(-0.172254 0.138762 1.33654)
(-0.105167 0.105167 1.32706)
(0.138762 0.172254 1.33654)
(0.280166 0.280166 1.3858)
(0.438305 0.342107 1.34392)
(0.451217 0.623319 0.773189)
(0.192098 0.423415 -1.02305)
(-0.192098 0.423415 -1.02305)
(-0.451216 0.623318 0.773189)
(-0.438305 0.342106 1.34392)
(-0.280166 0.280165 1.3858)
(-0.138762 0.172254 1.33654)
(0.203452 0.268607 1.31225)
(0.342107 0.438305 1.34392)
(0.600848 0.600848 1.0513)
(0.501398 0.68014 -0.186109)
(0.280748 0.477968 -2.03987)
(-0.280749 0.477967 -2.03987)
(-0.501398 0.680138 -0.186109)
(-0.600848 0.600847 1.0513)
(-0.342106 0.438303 1.34392)
(-0.203451 0.268607 1.31225)
(0.287511 0.229085 1.15649)
(0.623319 0.451218 0.773189)
(0.68014 0.501399 -0.186109)
(0.522107 0.522107 -1.32643)
(0.291937 0.367809 -2.70584)
(-0.291938 0.367808 -2.70584)
(-0.522107 0.522106 -1.32643)
(-0.680139 0.501398 -0.186109)
(-0.623318 0.451215 0.77319)
(-0.28751 0.229085 1.15649)
(0.282979 0.015461 0.430746)
(0.423416 0.192098 -1.02305)
(0.477968 0.280748 -2.03987)
(0.367809 0.291938 -2.70584)
(0.225425 0.225425 -3.25812)
(-0.225425 0.225425 -3.25812)
(-0.367809 0.291937 -2.70584)
(-0.477968 0.280748 -2.03986)
(-0.423416 0.192097 -1.02305)
(-0.282975 0.0154608 0.430748)
(0.282975 -0.015461 0.430746)
(0.423415 -0.192098 -1.02305)
(0.477967 -0.280749 -2.03987)
(0.367808 -0.291938 -2.70584)
(0.225425 -0.225425 -3.25812)
(-0.225425 -0.225425 -3.25812)
(-0.367809 -0.291938 -2.70584)
(-0.477967 -0.280748 -2.03986)
(-0.423415 -0.192097 -1.02305)
(-0.282972 -0.0154607 0.430748)
(0.287511 -0.229085 1.15648)
(0.623318 -0.451216 0.773189)
(0.680138 -0.501398 -0.186109)
(0.522106 -0.522107 -1.32643)
(0.291937 -0.367809 -2.70584)
(-0.291938 -0.367809 -2.70584)
(-0.522106 -0.522106 -1.32643)
(-0.680137 -0.501397 -0.186109)
(-0.623317 -0.451213 0.773189)
(-0.28751 -0.229085 1.15648)
(0.203452 -0.268607 1.31225)
(0.342106 -0.438305 1.34392)
(0.600847 -0.600848 1.0513)
(0.501398 -0.680139 -0.186109)
(0.280747 -0.477968 -2.03986)
(-0.280748 -0.477967 -2.03986)
(-0.501397 -0.680137 -0.186109)
(-0.600847 -0.600847 1.0513)
(-0.342106 -0.438304 1.34392)
(-0.203451 -0.268607 1.31225)
(0.138762 -0.172254 1.33654)
(0.280165 -0.280166 1.3858)
(0.438303 -0.342106 1.34392)
(0.451214 -0.623318 0.77319)
(0.192097 -0.423416 -1.02305)
(-0.192097 -0.423415 -1.02305)
(-0.451213 -0.623317 0.77319)
(-0.438304 -0.342106 1.34392)
(-0.280165 -0.280165 1.3858)
(-0.138762 -0.172254 1.33654)
(0.105167 -0.105167 1.32706)
(0.172254 -0.138762 1.33654)
(0.268607 -0.203451 1.31225)
(0.229085 -0.28751 1.15649)
(0.0154607 -0.282975 0.430748)
(-0.0154608 -0.282972 0.430748)
(-0.229085 -0.28751 1.15648)
(-0.268607 -0.203451 1.31225)
(-0.172254 -0.138762 1.33654)
(-0.105167 -0.105167 1.32706)
(0.101432 0.101432 1.1898)
(0.163629 0.131098 1.19584)
(0.2528 0.19032 1.1649)
(0.218342 0.254676 1.00127)
(0.0157359 0.252023 0.327218)
(-0.0157363 0.252022 0.327219)
(-0.218342 0.254676 1.00127)
(-0.2528 0.190319 1.1649)
(-0.163629 0.131098 1.19584)
(-0.101432 0.101432 1.1898)
(0.131098 0.163629 1.19584)
(0.264875 0.264875 1.23858)
(0.407841 0.321289 1.20963)
(0.414875 0.583171 0.727253)
(0.169164 0.382824 -0.924797)
(-0.169165 0.382823 -0.924797)
(-0.414874 0.58317 0.727253)
(-0.407841 0.321288 1.20963)
(-0.264875 0.264875 1.23858)
(-0.131098 0.163629 1.19584)
(0.19032 0.2528 1.1649)
(0.321289 0.407841 1.20963)
(0.564975 0.564975 0.968256)
(0.489883 0.665318 -0.0812052)
(0.273815 0.44323 -1.83199)
(-0.273815 0.44323 -1.83199)
(-0.489882 0.665317 -0.0812054)
(-0.564975 0.564974 0.968256)
(-0.321288 0.40784 1.20963)
(-0.190319 0.252799 1.1649)
(0.254676 0.218342 1.00127)
(0.583171 0.414875 0.727253)
(0.665318 0.489883 -0.0812052)
(0.517754 0.517754 -1.12982)
(0.295265 0.35085 -2.44264)
(-0.295264 0.350849 -2.44264)
(-0.517754 0.517753 -1.12982)
(-0.665317 0.489882 -0.0812047)
(-0.58317 0.414873 0.727253)
(-0.254675 0.218342 1.00127)
(0.252024 0.015736 0.327218)
(0.382824 0.169165 -0.924797)
(0.44323 0.273815 -1.83199)
(0.35085 0.295265 -2.44264)
(0.225468 0.225467 -2.96437)
(-0.225467 0.225467 -2.96437)
(-0.35085 0.295264 -2.44264)
(-0.44323 0.273814 -1.83199)
(-0.382824 0.169164 -0.924796)
(-0.252023 0.0157356 0.32722)
(0.252022 -0.0157363 0.327218)
(0.382823 -0.169165 -0.924797)
(0.44323 -0.273815 -1.83199)
(0.350849 -0.295265 -2.44264)
(0.225467 -0.225467 -2.96437)
(-0.225467 -0.225467 -2.96437)
(-0.35085 -0.295264 -2.44264)
(-0.443229 -0.273815 -1.83199)
(-0.382823 -0.169164 -0.924796)
(-0.252022 -0.0157358 0.32722)
(0.254676 -0.218343 1.00127)
(0.58317 -0.414874 0.727253)
(0.665317 -0.489882 -0.0812053)
(0.517753 -0.517754 -1.12982)
(0.295264 -0.35085 -2.44264)
(-0.295264 -0.35085 -2.44264)
(-0.517753 -0.517753 -1.12982)
(-0.665316 -0.489882 -0.0812048)
(-0.583169 -0.414872 0.727253)
(-0.254675 -0.218342 1.00127)
(0.190319 -0.2528 1.1649)
(0.321288 -0.407841 1.20963)
(0.564974 -0.564975 0.968256)
(0.489882 -0.665318 -0.0812046)
(0.273814 -0.44323 -1.83199)
(-0.273815 -0.443229 -1.83199)
(-0.489882 -0.665316 -0.0812047)
(-0.564973 -0.564973 0.968257)
(-0.321288 -0.40784 1.20963)
(-0.190319 -0.2528 1.1649)
(0.131098 -0.163629 1.19584)
(0.264875 -0.264875 1.23858)
(0.40784 -0.321288 1.20963)
(0.414872 -0.58317 0.727253)
(0.169164 -0.382823 -0.924796)
(-0.169164 -0.382823 -0.924796)
(-0.414872 -0.583169 0.727253)
(-0.40784 -0.321288 1.20963)
(-0.264875 -0.264875 1.23858)
(-0.131097 -0.163629 1.19584)
(0.101432 -0.101432 1.1898)
(0.163629 -0.131098 1.19584)
(0.252799 -0.190319 1.1649)
(0.218342 -0.254675 1.00127)
(0.0157355 -0.252023 0.32722)
(-0.0157358 -0.252022 0.327221)
(-0.218342 -0.254675 1.00127)
(-0.2528 -0.190319 1.1649)
(-0.163629 -0.131097 1.19584)
(-0.101432 -0.101432 1.1898)
(0.0962614 0.0962614 1.06039)
(0.153171 0.121849 1.06452)
(0.234609 0.174662 1.02919)
(0.205542 0.222005 0.860566)
(0.0162067 0.224011 0.239701)
(-0.0162071 0.22401 0.239701)
(-0.205542 0.222005 0.860566)
(-0.234609 0.174662 1.02919)
(-0.153171 0.121849 1.06452)
(-0.0962614 0.0962613 1.06039)
(0.121849 0.153171 1.06452)
(0.246191 0.246191 1.10317)
(0.37536 0.29783 1.08377)
(0.377237 0.534708 0.676864)
(0.149191 0.337897 -0.840344)
(-0.149192 0.337897 -0.840343)
(-0.377237 0.534708 0.676864)
(-0.37536 0.297829 1.08377)
(-0.246191 0.24619 1.10317)
(-0.121849 0.153171 1.06452)
(0.174662 0.234609 1.02919)
(0.29783 0.37536 1.08377)
(0.523197 0.523197 0.886347)
(0.468371 0.638656 0.00195286)
(0.266259 0.402267 -1.63668)
(-0.266259 0.402266 -1.63668)
(-0.468371 0.638655 0.00195257)
(-0.523196 0.523196 0.886347)
(-0.297829 0.375359 1.08377)
(-0.174662 0.234608 1.02919)
(0.222005 0.205542 0.860566)
(0.534708 0.377238 0.676864)
(0.638656 0.468372 0.00195292)
(0.502044 0.502044 -0.948689)
(0.294359 0.329779 -2.19428)
(-0.294359 0.329779 -2.19428)
(-0.502044 0.502043 -0.948689)
(-0.638655 0.468371 0.00195301)
(-0.534708 0.377236 0.676864)
(-0.222005 0.205541 0.860567)
(0.224011 0.0162067 0.239701)
(0.337897 0.149191 -0.840344)
(0.402267 0.266259 -1.63668)
(0.329779 0.294359 -2.19428)
(0.222102 0.222102 -2.68171)
(-0.222101 0.222102 -2.68171)
(-0.32978 0.294359 -2.19428)
(-0.402267 0.266259 -1.63668)
(-0.337897 0.149191 -0.840343)
(-0.224011 0.0162062 0.239703)
(0.22401 -0.016207 0.239701)
(0.337897 -0.149192 -0.840343)
(0.402266 -0.266259 -1.63668)
(0.329779 -0.294359 -2.19428)
(0.222102 -0.222102 -2.68171)
(-0.222101 -0.222101 -2.68171)
(-0.329779 -0.294358 -2.19428)
(-0.402267 -0.266259 -1.63668)
(-0.337897 -0.149191 -0.840343)
(-0.224011 -0.0162065 0.239703)
(0.222005 -0.205542 0.860566)
(0.534708 -0.377237 0.676864)
(0.638655 -0.468371 0.00195266)
(0.502043 -0.502044 -0.948689)
(0.294359 -0.32978 -2.19428)
(-0.294358 -0.329779 -2.19428)
(-0.502043 -0.502043 -0.948689)
(-0.638654 -0.468371 0.00195275)
(-0.534708 -0.377236 0.676865)
(-0.222005 -0.205541 0.860567)
(0.174662 -0.234609 1.02919)
(0.297829 -0.37536 1.08377)
(0.523196 -0.523196 0.886347)
(0.468371 -0.638655 0.0019531)
(0.266259 -0.402267 -1.63668)
(-0.266259 -0.402267 -1.63668)
(-0.468371 -0.638654 0.00195283)
(-0.523195 -0.523195 0.886348)
(-0.297829 -0.375359 1.08377)
(-0.174661 -0.234608 1.02919)
(0.121849 -0.153171 1.06452)
(0.24619 -0.246191 1.10317)
(0.375359 -0.297829 1.08377)
(0.377236 -0.534708 0.676864)
(0.149191 -0.337897 -0.840343)
(-0.149191 -0.337897 -0.840343)
(-0.377236 -0.534708 0.676865)
(-0.375359 -0.297829 1.08377)
(-0.24619 -0.24619 1.10317)
(-0.121849 -0.153171 1.06452)
(0.0962613 -0.0962614 1.06039)
(0.153171 -0.121849 1.06452)
(0.234608 -0.174662 1.02919)
(0.205541 -0.222005 0.860567)
(0.0162061 -0.224011 0.239703)
(-0.0162065 -0.224011 0.239703)
(-0.205541 -0.222005 0.860567)
(-0.234608 -0.174661 1.02919)
(-0.153171 -0.121849 1.06452)
(-0.0962613 -0.0962613 1.06039)
(0.0901086 0.0901086 0.939993)
(0.1418 0.1118 0.943474)
(0.215301 0.158251 0.905445)
(0.191459 0.191186 0.7347)
(0.0169456 0.199529 0.166125)
(-0.0169459 0.199529 0.166126)
(-0.191459 0.191186 0.7347)
(-0.215301 0.158251 0.905445)
(-0.1418 0.1118 0.943474)
(-0.0901086 0.0901086 0.939993)
(0.1118 0.1418 0.943474)
(0.226277 0.226277 0.979462)
(0.342597 0.272847 0.969159)
(0.342279 0.482383 0.623741)
(0.13219 0.292971 -0.765217)
(-0.13219 0.292972 -0.765216)
(-0.342279 0.482383 0.623742)
(-0.342597 0.272847 0.969159)
(-0.226277 0.226277 0.979462)
(-0.1118 0.141799 0.943474)
(0.158251 0.215301 0.905445)
(0.272847 0.342597 0.969159)
(0.478402 0.478402 0.807783)
(0.439476 0.601509 0.0685204)
(0.256646 0.360329 -1.45512)
(-0.256646 0.360329 -1.45512)
(-0.439476 0.601508 0.06852)
(-0.478402 0.478402 0.807783)
(-0.272847 0.342597 0.969159)
(-0.158251 0.215301 0.905445)
(0.191186 0.191459 0.7347)
(0.482383 0.342279 0.623741)
(0.601509 0.439476 0.0685205)
(0.477367 0.477367 -0.783311)
(0.289297 0.307458 -1.96096)
(-0.289297 0.307457 -1.96096)
(-0.477367 0.477366 -0.783312)
(-0.601509 0.439476 0.0685206)
(-0.482384 0.342279 0.623742)
(-0.191186 0.191458 0.734701)
(0.199529 0.0169456 0.166125)
(0.292971 0.13219 -0.765217)
(0.360329 0.256646 -1.45512)
(0.307458 0.289298 -1.96096)
(0.216215 0.216215 -2.41151)
(-0.216215 0.216215 -2.41151)
(-0.307458 0.289297 -1.96096)
(-0.360329 0.256645 -1.45512)
(-0.292971 0.132189 -0.765216)
(-0.19953 0.0169453 0.166126)
(0.199529 -0.0169459 0.166126)
(0.292972 -0.13219 -0.765216)
(0.360329 -0.256646 -1.45512)
(0.307457 -0.289297 -1.96096)
(0.216215 -0.216215 -2.41151)
(-0.216215 -0.216215 -2.41151)
(-0.307458 -0.289297 -1.96096)
(-0.360329 -0.256646 -1.45512)
(-0.292971 -0.13219 -0.765216)
(-0.199529 -0.0169455 0.166127)
(0.191186 -0.191459 0.7347)
(0.482383 -0.342279 0.623741)
(0.601508 -0.439476 0.06852)
(0.477366 -0.477367 -0.783311)
(0.289297 -0.307458 -1.96096)
(-0.289297 -0.307458 -1.96096)
(-0.477366 -0.477366 -0.783312)
(-0.601508 -0.439476 0.0685202)
(-0.482383 -0.342279 0.623742)
(-0.191186 -0.191458 0.734701)
(0.158251 -0.215301 0.905445)
(0.272847 -0.342597 0.969159)
(0.478402 -0.478402 0.807783)
(0.439476 -0.601509 0.0685207)
(0.256645 -0.360329 -1.45512)
(-0.256646 -0.360329 -1.45512)
(-0.439476 -0.601508 0.0685203)
(-0.478401 -0.478401 0.807784)
(-0.272846 -0.342597 0.969159)
(-0.158251 -0.215301 0.905445)
(0.1118 -0.1418 0.943474)
(0.226277 -0.226277 0.979462)
(0.342597 -0.272847 0.969159)
(0.342279 -0.482384 0.623742)
(0.132189 -0.292971 -0.765216)
(-0.13219 -0.292971 -0.765216)
(-0.342279 -0.482383 0.623742)
(-0.342597 -0.272846 0.969159)
(-0.226277 -0.226277 0.979462)
(-0.1118 -0.141799 0.943474)
(0.0901086 -0.0901086 0.939993)
(0.141799 -0.1118 0.943474)
(0.215301 -0.158251 0.905445)
(0.191458 -0.191186 0.734701)
(0.0169452 -0.19953 0.166126)
(-0.0169455 -0.199529 0.166127)
(-0.191458 -0.191186 0.734701)
(-0.215301 -0.158251 0.905445)
(-0.141799 -0.1118 0.943474)
(-0.0901086 -0.0901086 0.939993)
(0.083345 0.083345 0.829114)
(0.130206 0.101623 0.832957)
(0.196007 0.141829 0.793513)
(0.177437 0.162893 0.623849)
(0.0181739 0.176466 0.105904)
(-0.0181742 0.176466 0.105905)
(-0.177437 0.162892 0.623849)
(-0.196007 0.141829 0.793513)
(-0.130206 0.101623 0.832957)
(-0.083345 0.0833449 0.829114)
(0.101623 0.130206 0.832957)
(0.206199 0.206199 0.8671)
(0.310652 0.247528 0.864248)
(0.310341 0.429942 0.570021)
(0.118524 0.251311 -0.697432)
(-0.118525 0.251311 -0.697432)
(-0.310341 0.429942 0.570021)
(-0.310652 0.247527 0.864248)
(-0.206199 0.206199 0.8671)
(-0.101623 0.130205 0.832957)
(0.141829 0.196007 0.793513)
(0.247528 0.310652 0.864248)
(0.433233 0.433233 0.733177)
(0.407261 0.556865 0.117974)
(0.243675 0.319697 -1.28934)
(-0.243675 0.319697 -1.28934)
(-0.407261 0.556865 0.117974)
(-0.433232 0.433233 0.733178)
(-0.247528 0.310652 0.864248)
(-0.141829 0.196007 0.793513)
(0.162893 0.177437 0.623849)
(0.429942 0.310341 0.570021)
(0.556865 0.407261 0.117974)
(0.448225 0.448225 -0.6406)
(0.281247 0.286576 -1.74572)
(-0.281246 0.286576 -1.74572)
(-0.448225 0.448225 -0.6406)
(-0.556865 0.407261 0.117974)
(-0.429942 0.310341 0.570021)
(-0.162893 0.177436 0.623849)
(0.176466 0.018174 0.105904)
(0.251311 0.118524 -0.697432)
(0.319697 0.243675 -1.28934)
(0.286576 0.281247 -1.74572)
(0.208484 0.208484 -2.1558)
(-0.208484 0.208484 -2.1558)
(-0.286576 0.281246 -1.74572)
(-0.319697 0.243675 -1.28934)
(-0.251311 0.118524 -0.697431)
(-0.176466 0.0181738 0.105905)
(0.176466 -0.0181742 0.105905)
(0.251311 -0.118524 -0.697432)
(0.319697 -0.243675 -1.28934)
(0.286576 -0.281246 -1.74572)
(0.208484 -0.208484 -2.1558)
(-0.208484 -0.208484 -2.1558)
(-0.286576 -0.281246 -1.74572)
(-0.319697 -0.243675 -1.28934)
(-0.251311 -0.118524 -0.697431)
(-0.176466 -0.018174 0.105905)
(0.162892 -0.177437 0.623849)
(0.429942 -0.310341 0.570021)
(0.556865 -0.407261 0.117974)
(0.448225 -0.448225 -0.6406)
(0.281246 -0.286576 -1.74572)
(-0.281246 -0.286576 -1.74572)
(-0.448225 -0.448225 -0.6406)
(-0.556865 -0.407261 0.117974)
(-0.429942 -0.310341 0.570022)
(-0.162892 -0.177436 0.62385)
(0.141829 -0.196007 0.793513)
(0.247527 -0.310652 0.864248)
(0.433233 -0.433232 0.733178)
(0.407261 -0.556865 0.117974)
(0.243675 -0.319697 -1.28934)
(-0.243675 -0.319697 -1.28934)
(-0.407261 -0.556865 0.117974)
(-0.433232 -0.433232 0.733178)
(-0.247527 -0.310652 0.864248)
(-0.141829 -0.196007 0.793513)
(0.101623 -0.130206 0.832957)
(0.206199 -0.206199 0.8671)
(0.310652 -0.247528 0.864248)
(0.310341 -0.429942 0.570021)
(0.118524 -0.251311 -0.697431)
(-0.118524 -0.251311 -0.697431)
(-0.310341 -0.429943 0.570022)
(-0.310652 -0.247527 0.864248)
(-0.206199 -0.206199 0.8671)
(-0.101623 -0.130205 0.832957)
(0.0833449 -0.083345 0.829114)
(0.130205 -0.101623 0.832957)
(0.196007 -0.141829 0.793513)
(0.177436 -0.162893 0.623849)
(0.0181738 -0.176466 0.105905)
(-0.018174 -0.176466 0.105905)
(-0.177436 -0.162892 0.62385)
(-0.196007 -0.141829 0.793513)
(-0.130205 -0.101623 0.832957)
(-0.0833449 -0.0833449 0.829114)
(0.0762652 0.0762652 0.727784)
(0.118887 0.0918078 0.732699)
(0.177527 0.12606 0.692763)
(0.164157 0.137688 0.527158)
(0.0195974 0.155861 0.0578534)
(-0.0195976 0.155861 0.0578537)
(-0.164157 0.137688 0.527158)
(-0.177527 0.12606 0.692763)
(-0.118887 0.0918078 0.732699)
(-0.0762652 0.0762652 0.727784)
(0.0918078 0.118887 0.732699)
(0.186872 0.186872 0.765684)
(0.280426 0.223041 0.768641)
(0.281413 0.380727 0.517068)
(0.10802 0.21343 -0.634362)
(-0.10802 0.21343 -0.634362)
(-0.281413 0.380728 0.517068)
(-0.280426 0.223041 0.768641)
(-0.186872 0.186871 0.765684)
(-0.0918078 0.118887 0.732699)
(0.12606 0.177527 0.692763)
(0.223041 0.280426 0.768641)
(0.390162 0.390162 0.662708)
(0.374008 0.510284 0.156383)
(0.22871 0.280961 -1.14052)
(-0.22871 0.280961 -1.14052)
(-0.374008 0.510283 0.156383)
(-0.390161 0.390162 0.662708)
(-0.223041 0.280426 0.768641)
(-0.12606 0.177527 0.692764)
(0.137688 0.164157 0.527158)
(0.380727 0.281413 0.517068)
(0.510284 0.374008 0.156383)
(0.420572 0.420572 -0.511788)
(0.272172 0.269672 -1.54575)
(-0.272172 0.269672 -1.54575)
(-0.420572 0.420572 -0.511788)
(-0.510284 0.374008 0.156383)
(-0.380728 0.281413 0.517068)
(-0.137688 0.164157 0.527159)
(0.155861 0.0195974 0.0578534)
(0.21343 0.10802 -0.634362)
(0.280961 0.22871 -1.14052)
(0.269672 0.272172 -1.54575)
(0.199583 0.199583 -1.91334)
(-0.199583 0.199583 -1.91334)
(-0.269672 0.272172 -1.54575)
(-0.280961 0.22871 -1.14052)
(-0.21343 0.10802 -0.634362)
(-0.155861 0.0195973 0.0578539)
(0.155861 -0.0195976 0.0578537)
(0.21343 -0.10802 -0.634362)
(0.28096 -0.22871 -1.14052)
(0.269672 -0.272172 -1.54575)
(0.199583 -0.199583 -1.91334)
(-0.199583 -0.199583 -1.91334)
(-0.269672 -0.272172 -1.54575)
(-0.280961 -0.22871 -1.14052)
(-0.21343 -0.10802 -0.634361)
(-0.155861 -0.0195975 0.0578542)
(0.137688 -0.164157 0.527158)
(0.380728 -0.281413 0.517068)
(0.510283 -0.374008 0.156383)
(0.420572 -0.420572 -0.511788)
(0.272172 -0.269672 -1.54575)
(-0.272172 -0.269672 -1.54575)
(-0.420572 -0.420572 -0.511788)
(-0.510283 -0.374008 0.156383)
(-0.380728 -0.281413 0.517068)
(-0.137688 -0.164157 0.527159)
(0.12606 -0.177527 0.692763)
(0.223041 -0.280426 0.768641)
(0.390162 -0.390161 0.662708)
(0.374008 -0.510284 0.156383)
(0.22871 -0.280961 -1.14052)
(-0.22871 -0.280961 -1.14052)
(-0.374008 -0.510283 0.156383)
(-0.390161 -0.390161 0.662709)
(-0.223041 -0.280426 0.768641)
(-0.12606 -0.177527 0.692764)
(0.0918078 -0.118887 0.732699)
(0.186871 -0.186872 0.765684)
(0.280426 -0.223041 0.768641)
(0.281413 -0.380728 0.517068)
(0.10802 -0.21343 -0.634362)
(-0.10802 -0.21343 -0.634361)
(-0.281413 -0.380728 0.517068)
(-0.280426 -0.223041 0.768641)
(-0.186871 -0.186871 0.765684)
(-0.0918077 -0.118887 0.732699)
(0.0762652 -0.0762652 0.727784)
(0.118887 -0.0918078 0.732699)
(0.177527 -0.12606 0.692764)
(0.164157 -0.137688 0.527159)
(0.0195973 -0.155861 0.057854)
(-0.0195975 -0.155861 0.0578542)
(-0.164157 -0.137688 0.527159)
(-0.177527 -0.12606 0.692764)
(-0.118887 -0.0918077 0.732699)
(-0.0762652 -0.0762652 0.727784)
(0.0690844 0.0690844 0.635742)
(0.108147 0.0826039 0.642061)
(0.160239 0.111442 0.602259)
(0.151662 0.116027 0.443085)
(0.0209844 0.13797 0.0201053)
(-0.0209846 0.13797 0.0201056)
(-0.151662 0.116027 0.443085)
(-0.16024 0.111442 0.602259)
(-0.108147 0.0826039 0.642061)
(-0.0690844 0.0690844 0.635742)
(0.0826039 0.108147 0.642061)
(0.168936 0.168936 0.67446)
(0.252626 0.200135 0.681697)
(0.256128 0.336185 0.465295)
(0.100488 0.179071 -0.575389)
(-0.100489 0.179071 -0.575388)
(-0.256128 0.336185 0.465296)
(-0.252626 0.200135 0.681697)
(-0.168936 0.168936 0.67446)
(-0.0826039 0.108147 0.642061)
(0.111442 0.160239 0.602259)
(0.200135 0.252626 0.681697)
(0.350527 0.350527 0.5965)
(0.341067 0.462851 0.182001)
(0.215907 0.247336 -1.01006)
(-0.215907 0.247336 -1.01006)
(-0.341067 0.462851 0.182)
(-0.350527 0.350527 0.5965)
(-0.200135 0.252626 0.681697)
(-0.111442 0.160239 0.60226)
(0.116027 0.151662 0.443085)
(0.336185 0.256128 0.465295)
(0.462851 0.341067 0.182001)
(0.393362 0.393362 -0.406596)
(0.262318 0.255078 -1.36208)
(-0.262318 0.255078 -1.36208)
(-0.393362 0.393361 -0.406597)
(-0.462851 0.341067 0.182001)
(-0.336185 0.256128 0.465296)
(-0.116027 0.151662 0.443085)
(0.13797 0.0209844 0.0201053)
(0.179071 0.100488 -0.575389)
(0.247336 0.215907 -1.01006)
(0.255078 0.262318 -1.36208)
(0.189066 0.189066 -1.68359)
(-0.189066 0.189066 -1.68359)
(-0.255078 0.262318 -1.36208)
(-0.247337 0.215907 -1.01006)
(-0.179071 0.100488 -0.575388)
(-0.13797 0.0209844 0.0201058)
(0.13797 -0.0209846 0.0201056)
(0.179071 -0.100489 -0.575388)
(0.247336 -0.215907 -1.01006)
(0.255078 -0.262318 -1.36208)
(0.189066 -0.189066 -1.68359)
(-0.189066 -0.189066 -1.68359)
(-0.255078 -0.262318 -1.36208)
(-0.247337 -0.215907 -1.01006)
(-0.179071 -0.100489 -0.575388)
(-0.13797 -0.0209846 0.0201061)
(0.116027 -0.151662 0.443085)
(0.336185 -0.256128 0.465296)
(0.462851 -0.341067 0.182)
(0.393361 -0.393362 -0.406597)
(0.262318 -0.255078 -1.36208)
(-0.262318 -0.255078 -1.36208)
(-0.393362 -0.393362 -0.406597)
(-0.462851 -0.341067 0.182001)
(-0.336186 -0.256128 0.465296)
(-0.116027 -0.151662 0.443085)
(0.111442 -0.16024 0.602259)
(0.200135 -0.252626 0.681697)
(0.350527 -0.350527 0.5965)
(0.341067 -0.462851 0.182001)
(0.215907 -0.247336 -1.01006)
(-0.215907 -0.247337 -1.01006)
(-0.341067 -0.462851 0.182001)
(-0.350527 -0.350527 0.5965)
(-0.200135 -0.252626 0.681697)
(-0.111442 -0.16024 0.60226)
(0.0826039 -0.108147 0.642061)
(0.168936 -0.168936 0.67446)
(0.252626 -0.200135 0.681697)
(0.256128 -0.336185 0.465296)
(0.100489 -0.179071 -0.575388)
(-0.100489 -0.179071 -0.575388)
(-0.256128 -0.336186 0.465296)
(-0.252626 -0.200135 0.681697)
(-0.168936 -0.168936 0.67446)
(-0.0826038 -0.108147 0.642061)
(0.0690844 -0.0690844 0.635742)
(0.108147 -0.0826039 0.642061)
(0.160239 -0.111442 0.60226)
(0.151662 -0.116027 0.443085)
(0.0209844 -0.13797 0.0201059)
(-0.0209846 -0.13797 0.0201061)
(-0.151662 -0.116027 0.443085)
(-0.16024 -0.111442 0.60226)
(-0.108147 -0.0826038 0.642061)
(-0.0690844 -0.0690844 0.635742)
(0.0619387 0.0619387 0.552536)
(0.0981606 0.0740897 0.560208)
(0.144256 0.0981289 0.521001)
(0.139903 0.0977673 0.369828)
(0.0224908 0.121137 -0.00847289)
(-0.022491 0.121137 -0.00847273)
(-0.139903 0.0977672 0.369828)
(-0.144256 0.0981289 0.521001)
(-0.0981607 0.0740897 0.560209)
(-0.0619387 0.0619387 0.552536)
(0.0740897 0.0981606 0.560208)
(0.152595 0.152595 0.59227)
(0.227646 0.179241 0.602292)
(0.234614 0.296259 0.415463)
(0.0941048 0.149444 -0.519083)
(-0.0941049 0.149444 -0.519083)
(-0.234614 0.296259 0.415463)
(-0.227646 0.179241 0.602292)
(-0.152595 0.152595 0.59227)
(-0.0740897 0.0981606 0.560209)
(0.0981289 0.144256 0.521001)
(0.179241 0.227646 0.602292)
(0.314386 0.314386 0.534765)
(0.310303 0.416275 0.197982)
(0.206928 0.222392 -0.894838)
(-0.206928 0.222392 -0.894838)
(-0.310303 0.416275 0.197982)
(-0.314386 0.314386 0.534766)
(-0.179241 0.227646 0.602292)
(-0.0981288 0.144256 0.521001)
(0.0977673 0.139903 0.369828)
(0.296259 0.234614 0.415462)
(0.416275 0.310303 0.197983)
(0.3661 0.3661 -0.322066)
(0.250056 0.237611 -1.19271)
(-0.250056 0.237611 -1.19271)
(-0.3661 0.3661 -0.322066)
(-0.416275 0.310303 0.197983)
(-0.296259 0.234614 0.415463)
(-0.0977673 0.139903 0.369828)
(0.121137 0.0224908 -0.00847293)
(0.149444 0.0941048 -0.519083)
(0.222392 0.206928 -0.894838)
(0.237611 0.250056 -1.19271)
(0.175478 0.175478 -1.46726)
(-0.175477 0.175478 -1.46726)
(-0.237611 0.250056 -1.19271)
(-0.222392 0.206928 -0.894838)
(-0.149444 0.0941048 -0.519082)
(-0.121137 0.0224909 -0.00847248)
(0.121137 -0.022491 -0.00847274)
(0.149444 -0.094105 -0.519083)
(0.222392 -0.206928 -0.894838)
(0.237611 -0.250056 -1.19271)
(0.175478 -0.175477 -1.46726)
(-0.175477 -0.175478 -1.46726)
(-0.237611 -0.250056 -1.19271)
(-0.222392 -0.206928 -0.894838)
(-0.149444 -0.094105 -0.519082)
(-0.121137 -0.022491 -0.00847231)
(0.0977672 -0.139903 0.369828)
(0.296259 -0.234614 0.415463)
(0.416275 -0.310303 0.197982)
(0.3661 -0.3661 -0.322066)
(0.250056 -0.237611 -1.19271)
(-0.250056 -0.237611 -1.19271)
(-0.3661 -0.3661 -0.322066)
(-0.416275 -0.310303 0.197983)
(-0.296259 -0.234614 0.415463)
(-0.0977672 -0.139903 0.369828)
(0.0981289 -0.144256 0.521001)
(0.179241 -0.227646 0.602292)
(0.314386 -0.314386 0.534766)
(0.310303 -0.416275 0.197983)
(0.206928 -0.222392 -0.894838)
(-0.206928 -0.222392 -0.894838)
(-0.310303 -0.416275 0.197983)
(-0.314386 -0.314386 0.534766)
(-0.179241 -0.227646 0.602292)
(-0.0981288 -0.144256 0.521001)
(0.0740897 -0.0981607 0.560209)
(0.152595 -0.152595 0.59227)
(0.227646 -0.179241 0.602292)
(0.234614 -0.296259 0.415463)
(0.0941049 -0.149444 -0.519082)
(-0.094105 -0.149444 -0.519082)
(-0.234614 -0.296259 0.415463)
(-0.227646 -0.179241 0.602292)
(-0.152595 -0.152595 0.59227)
(-0.0740896 -0.0981606 0.560209)
(0.0619387 -0.0619387 0.552536)
(0.0981606 -0.0740897 0.560209)
(0.144256 -0.0981288 0.521001)
(0.139903 -0.0977673 0.369828)
(0.0224909 -0.121137 -0.00847241)
(-0.022491 -0.121137 -0.00847228)
(-0.139903 -0.0977672 0.369828)
(-0.144256 -0.0981288 0.521001)
(-0.0981606 -0.0740896 0.560209)
(-0.0619387 -0.0619387 0.552536)
(0.0549132 0.0549132 0.477693)
(0.0890307 0.066219 0.48635)
(0.129647 0.0859273 0.44816)
(0.129134 0.08222 0.3059)
(0.0247432 0.103905 -0.0289613)
(-0.0247434 0.103905 -0.0289612)
(-0.129134 0.0822199 0.3059)
(-0.129647 0.0859273 0.44816)
(-0.0890307 0.0662189 0.48635)
(-0.0549132 0.0549132 0.477693)
(0.066219 0.0890307 0.48635)
(0.137691 0.137691 0.518061)
(0.205334 0.160688 0.529458)
(0.21562 0.260115 0.369262)
(0.0887144 0.127073 -0.468509)
(-0.0887145 0.127073 -0.468509)
(-0.21562 0.260115 0.369262)
(-0.205334 0.160688 0.529458)
(-0.137691 0.13769 0.518062)
(-0.0662189 0.0890307 0.48635)
(0.0859273 0.129647 0.44816)
(0.160688 0.205334 0.529458)
(0.281322 0.281322 0.477495)
(0.283723 0.370509 0.20236)
(0.198376 0.199605 -0.791385)
(-0.198376 0.199605 -0.791385)
(-0.283723 0.370509 0.20236)
(-0.281322 0.281322 0.477495)
(-0.160688 0.205334 0.529458)
(-0.0859273 0.129646 0.44816)
(0.08222 0.129134 0.3059)
(0.260115 0.21562 0.369262)
(0.370509 0.283723 0.20236)
(0.343501 0.343501 -0.246595)
(0.236904 0.216725 -1.03387)
(-0.236904 0.216725 -1.03387)
(-0.343501 0.3435 -0.246595)
(-0.370509 0.283723 0.20236)
(-0.260115 0.21562 0.369262)
(-0.0822199 0.129134 0.3059)
(0.103905 0.0247432 -0.0289613)
(0.127073 0.0887143 -0.468509)
(0.199605 0.198376 -0.791385)
(0.216725 0.236904 -1.03387)
(0.160074 0.160074 -1.26859)
(-0.160074 0.160074 -1.26859)
(-0.216725 0.236904 -1.03387)
(-0.199605 0.198376 -0.791385)
(-0.127073 0.0887143 -0.468509)
(-0.103905 0.0247433 -0.0289608)
(0.103905 -0.0247434 -0.0289612)
(0.127073 -0.0887145 -0.468509)
(0.199605 -0.198376 -0.791385)
(0.216725 -0.236904 -1.03387)
(0.160074 -0.160074 -1.26859)
(-0.160074 -0.160074 -1.26859)
(-0.216725 -0.236904 -1.03387)
(-0.199605 -0.198376 -0.791385)
(-0.127073 -0.0887145 -0.468509)
(-0.103905 -0.0247435 -0.0289607)
(0.0822199 -0.129134 0.3059)
(0.260115 -0.21562 0.369262)
(0.370509 -0.283723 0.20236)
(0.3435 -0.343501 -0.246595)
(0.236904 -0.216725 -1.03387)
(-0.236904 -0.216725 -1.03387)
(-0.3435 -0.3435 -0.246595)
(-0.370509 -0.283723 0.20236)
(-0.260115 -0.21562 0.369262)
(-0.0822198 -0.129134 0.3059)
(0.0859273 -0.129647 0.44816)
(0.160688 -0.205334 0.529458)
(0.281322 -0.281322 0.477495)
(0.283723 -0.370509 0.20236)
(0.198376 -0.199605 -0.791385)
(-0.198376 -0.199605 -0.791385)
(-0.283723 -0.370509 0.20236)
(-0.281322 -0.281322 0.477495)
(-0.160688 -0.205334 0.529458)
(-0.0859273 -0.129647 0.448161)
(0.0662189 -0.0890307 0.48635)
(0.13769 -0.137691 0.518062)
(0.205334 -0.160688 0.529458)
(0.21562 -0.260115 0.369262)
(0.0887144 -0.127073 -0.468509)
(-0.0887145 -0.127073 -0.468509)
(-0.21562 -0.260115 0.369262)
(-0.205334 -0.160688 0.529458)
(-0.137691 -0.137691 0.518062)
(-0.0662189 -0.0890307 0.48635)
(0.0549132 -0.0549132 0.477693)
(0.0890307 -0.0662189 0.48635)
(0.129646 -0.0859273 0.44816)
(0.129134 -0.0822199 0.3059)
(0.0247433 -0.103905 -0.0289608)
(-0.0247435 -0.103905 -0.0289607)
(-0.129134 -0.0822198 0.3059)
(-0.129647 -0.0859273 0.448161)
(-0.0890307 -0.0662189 0.48635)
(-0.0549132 -0.0549132 0.477693)
(0.0480857 0.0480857 0.410534)
(0.080812 0.0589117 0.419648)
(0.116469 0.0744376 0.382619)
(0.119456 0.069345 0.249919)
(0.0280393 0.0874944 -0.0423736)
(-0.0280395 0.0874944 -0.0423735)
(-0.119456 0.0693449 0.249919)
(-0.116469 0.0744376 0.382619)
(-0.080812 0.0589116 0.419648)
(-0.0480857 0.0480857 0.410534)
(0.0589117 0.080812 0.419648)
(0.123935 0.123935 0.450702)
(0.185767 0.145046 0.46244)
(0.198165 0.227019 0.326487)
(0.0850749 0.110083 -0.421896)
(-0.085075 0.110083 -0.421895)
(-0.198165 0.227019 0.326487)
(-0.185767 0.145046 0.46244)
(-0.123935 0.123935 0.450703)
(-0.0589116 0.080812 0.419648)
(0.0744376 0.116469 0.382619)
(0.145046 0.185767 0.46244)
(0.250876 0.250876 0.423531)
(0.263474 0.333699 0.198268)
(0.18781 0.176844 -0.692114)
(-0.18781 0.176845 -0.692114)
(-0.263474 0.333699 0.198268)
(-0.250876 0.250876 0.423531)
(-0.145046 0.185766 0.46244)
(-0.0744376 0.116469 0.382619)
(0.069345 0.119456 0.249919)
(0.227019 0.198165 0.326487)
(0.333699 0.263474 0.198268)
(0.324213 0.324213 -0.194819)
(0.219047 0.193335 -0.88475)
(-0.219047 0.193336 -0.88475)
(-0.324213 0.324212 -0.194819)
(-0.333699 0.263473 0.198269)
(-0.227019 0.198165 0.326487)
(-0.069345 0.119456 0.249919)
(0.0874945 0.0280393 -0.0423737)
(0.110083 0.0850749 -0.421896)
(0.176844 0.18781 -0.692114)
(0.193336 0.219047 -0.88475)
(0.146739 0.146739 -1.08986)
(-0.146739 0.146739 -1.08986)
(-0.193336 0.219047 -0.88475)
(-0.176845 0.18781 -0.692114)
(-0.110083 0.0850748 -0.421895)
(-0.0874944 0.0280393 -0.0423731)
(0.0874944 -0.0280395 -0.0423735)
(0.110083 -0.0850751 -0.421896)
(0.176844 -0.18781 -0.692114)
(0.193336 -0.219047 -0.88475)
(0.146739 -0.146739 -1.08986)
(-0.146739 -0.146739 -1.08986)
(-0.193336 -0.219047 -0.88475)
(-0.176845 -0.18781 -0.692114)
(-0.110083 -0.085075 -0.421895)
(-0.0874943 -0.0280395 -0.0423729)
(0.0693449 -0.119456 0.249919)
(0.227019 -0.198165 0.326487)
(0.333699 -0.263474 0.198268)
(0.324212 -0.324213 -0.194819)
(0.219047 -0.193336 -0.88475)
(-0.219047 -0.193336 -0.88475)
(-0.324212 -0.324212 -0.194819)
(-0.333699 -0.263474 0.198269)
(-0.227019 -0.198165 0.326487)
(-0.0693449 -0.119456 0.249919)
(0.0744376 -0.116469 0.382619)
(0.145046 -0.185767 0.46244)
(0.250876 -0.250876 0.423531)
(0.263473 -0.333699 0.198269)
(0.18781 -0.176845 -0.692114)
(-0.18781 -0.176845 -0.692113)
(-0.263474 -0.333699 0.198269)
(-0.250876 -0.250876 0.423531)
(-0.145046 -0.185766 0.46244)
(-0.0744376 -0.116469 0.38262)
(0.0589116 -0.080812 0.419648)
(0.123935 -0.123935 0.450703)
(0.185766 -0.145046 0.46244)
(0.198165 -0.227019 0.326487)
(0.0850749 -0.110083 -0.421895)
(-0.085075 -0.110083 -0.421895)
(-0.198165 -0.227019 0.326487)
(-0.185766 -0.145046 0.46244)
(-0.123935 -0.123935 0.450703)
(-0.0589116 -0.080812 0.419648)
(0.0480857 -0.0480858 0.410534)
(0.080812 -0.0589116 0.419648)
(0.116469 -0.0744376 0.382619)
(0.119456 -0.069345 0.249919)
(0.0280393 -0.0874944 -0.042373)
(-0.0280395 -0.0874943 -0.0423729)
(-0.119456 -0.0693449 0.249919)
(-0.116469 -0.0744376 0.38262)
(-0.080812 -0.0589116 0.419649)
(-0.0480857 -0.0480857 0.410534)
(0.0415745 0.0415745 0.350709)
(0.07353 0.0519708 0.359653)
(0.104695 0.0634809 0.323692)
(0.111096 0.0581932 0.200878)
(0.0326387 0.0728965 -0.0497781)
(-0.0326389 0.0728964 -0.0497781)
(-0.111096 0.0581932 0.200879)
(-0.104695 0.0634808 0.323692)
(-0.07353 0.0519707 0.359653)
(-0.0415746 0.0415745 0.350709)
(0.0519708 0.07353 0.359653)
(0.111162 0.111162 0.389364)
(0.168247 0.131285 0.400958)
(0.18275 0.196848 0.285258)
(0.0841813 0.0978457 -0.377769)
(-0.0841814 0.0978458 -0.377769)
(-0.182751 0.196848 0.285258)
(-0.168247 0.131285 0.400958)
(-0.111162 0.111162 0.389364)
(-0.0519708 0.07353 0.359653)
(0.0634809 0.104695 0.323692)
(0.131285 0.168247 0.400958)
(0.223481 0.223481 0.371195)
(0.242775 0.30232 0.186153)
(0.17476 0.152783 -0.601291)
(-0.17476 0.152783 -0.601291)
(-0.242775 0.30232 0.186153)
(-0.223481 0.223481 0.371195)
(-0.131285 0.168246 0.400958)
(-0.0634809 0.104695 0.323692)
(0.0581932 0.111096 0.200878)
(0.196848 0.182751 0.285258)
(0.30232 0.242775 0.186153)
(0.303164 0.303164 -0.140151)
(0.198067 0.174511 -0.750693)
(-0.198067 0.174511 -0.750693)
(-0.303164 0.303164 -0.140152)
(-0.30232 0.242774 0.186153)
(-0.196848 0.18275 0.285258)
(-0.0581932 0.111096 0.200879)
(0.0728965 0.0326387 -0.0497782)
(0.0978458 0.0841813 -0.377769)
(0.152783 0.17476 -0.601291)
(0.174511 0.198067 -0.750693)
(0.135104 0.135104 -0.926224)
(-0.135104 0.135104 -0.926224)
(-0.174511 0.198067 -0.750693)
(-0.152783 0.17476 -0.601291)
(-0.097846 0.0841812 -0.377768)
(-0.0728965 0.0326387 -0.0497777)
(0.0728964 -0.032639 -0.0497781)
(0.0978457 -0.0841815 -0.377769)
(0.152783 -0.17476 -0.601291)
(0.174511 -0.198067 -0.750693)
(0.135104 -0.135104 -0.926224)
(-0.135104 -0.135104 -0.926224)
(-0.174511 -0.198067 -0.750693)
(-0.152783 -0.17476 -0.601291)
(-0.0978459 -0.0841814 -0.377768)
(-0.0728964 -0.0326389 -0.0497776)
(0.0581932 -0.111096 0.200879)
(0.196848 -0.182751 0.285258)
(0.30232 -0.242775 0.186153)
(0.303164 -0.303164 -0.140152)
(0.198067 -0.174511 -0.750693)
(-0.198067 -0.174512 -0.750693)
(-0.303164 -0.303164 -0.140152)
(-0.30232 -0.242774 0.186153)
(-0.196848 -0.18275 0.285258)
(-0.0581931 -0.111096 0.200879)
(0.0634808 -0.104695 0.323692)
(0.131285 -0.168247 0.400958)
(0.223481 -0.223481 0.371195)
(0.242774 -0.30232 0.186153)
(0.17476 -0.152783 -0.601291)
(-0.17476 -0.152783 -0.601291)
(-0.242774 -0.30232 0.186153)
(-0.223481 -0.223481 0.371196)
(-0.131285 -0.168246 0.400958)
(-0.0634808 -0.104695 0.323692)
(0.0519707 -0.07353 0.359653)
(0.111162 -0.111162 0.389364)
(0.168246 -0.131285 0.400958)
(0.18275 -0.196848 0.285258)
(0.0841813 -0.097846 -0.377768)
(-0.0841814 -0.097846 -0.377768)
(-0.18275 -0.196848 0.285258)
(-0.168246 -0.131285 0.400958)
(-0.111162 -0.111162 0.389364)
(-0.0519707 -0.07353 0.359653)
(0.0415745 -0.0415746 0.350709)
(0.07353 -0.0519708 0.359653)
(0.104695 -0.0634809 0.323692)
(0.111096 -0.0581932 0.200879)
(0.0326387 -0.0728965 -0.0497776)
(-0.0326389 -0.0728964 -0.0497776)
(-0.111096 -0.0581931 0.200879)
(-0.104695 -0.0634808 0.323692)
(-0.07353 -0.0519707 0.359653)
(-0.0415745 -0.0415745 0.350709)
(0.0353429 0.0353429 0.296926)
(0.0673167 0.0451956 0.305395)
(0.0940122 0.0527282 0.270211)
(0.103914 0.0476772 0.15739)
(0.0384032 0.063274 -0.0522362)
(-0.0384033 0.0632739 -0.0522361)
(-0.103914 0.0476772 0.15739)
(-0.0940123 0.0527282 0.270211)
(-0.0673167 0.0451956 0.305395)
(-0.0353429 0.0353428 0.296926)
(0.0451956 0.0673167 0.305395)
(0.099165 0.099165 0.33278)
(0.151664 0.120121 0.3437)
(0.170087 0.169184 0.244631)
(0.0857192 0.0906053 -0.3347)
(-0.0857193 0.0906052 -0.3347)
(-0.170087 0.169184 0.244631)
(-0.151664 0.120121 0.3437)
(-0.099165 0.099165 0.33278)
(-0.0451956 0.0673167 0.305395)
(0.0527282 0.0940122 0.270211)
(0.120121 0.151664 0.3437)
(0.198208 0.198208 0.3211)
(0.224451 0.269561 0.169222)
(0.15966 0.132802 -0.516007)
(-0.15966 0.132802 -0.516007)
(-0.224451 0.269561 0.169222)
(-0.198208 0.198208 0.3211)
(-0.120121 0.151664 0.3437)
(-0.0527282 0.0940122 0.270211)
(0.0476772 0.103914 0.157389)
(0.169184 0.170087 0.244631)
(0.269561 0.224451 0.169222)
(0.275824 0.275824 -0.0931337)
(0.18019 0.15837 -0.631135)
(-0.18019 0.15837 -0.631135)
(-0.275824 0.275824 -0.0931339)
(-0.269561 0.224451 0.169222)
(-0.169184 0.170087 0.244631)
(-0.0476772 0.103913 0.15739)
(0.063274 0.0384032 -0.0522362)
(0.0906053 0.0857192 -0.3347)
(0.132802 0.15966 -0.516007)
(0.15837 0.18019 -0.631134)
(0.121732 0.121732 -0.777797)
(-0.121732 0.121732 -0.777797)
(-0.15837 0.18019 -0.631135)
(-0.132802 0.15966 -0.516007)
(-0.0906055 0.0857191 -0.3347)
(-0.0632741 0.038403 -0.0522358)
(0.0632739 -0.0384034 -0.0522361)
(0.0906052 -0.0857194 -0.3347)
(0.132802 -0.15966 -0.516007)
(0.15837 -0.18019 -0.631135)
(0.121732 -0.121732 -0.777797)
(-0.121732 -0.121732 -0.777797)
(-0.15837 -0.18019 -0.631135)
(-0.132802 -0.15966 -0.516007)
(-0.0906053 -0.0857193 -0.3347)
(-0.063274 -0.0384032 -0.0522357)
(0.0476772 -0.103914 0.15739)
(0.169184 -0.170087 0.244631)
(0.269561 -0.224451 0.169222)
(0.275824 -0.275824 -0.0931339)
(0.18019 -0.15837 -0.631135)
(-0.18019 -0.15837 -0.631135)
(-0.275824 -0.275824 -0.093134)
(-0.269561 -0.224451 0.169222)
(-0.169184 -0.170087 0.244631)
(-0.0476772 -0.103913 0.15739)
(0.0527282 -0.0940123 0.270211)
(0.120121 -0.151664 0.3437)
(0.198208 -0.198209 0.3211)
(0.224451 -0.269561 0.169222)
(0.15966 -0.132802 -0.516007)
(-0.15966 -0.132802 -0.516007)
(-0.224451 -0.269561 0.169222)
(-0.198208 -0.198208 0.321101)
(-0.120121 -0.151664 0.3437)
(-0.0527282 -0.0940123 0.270211)
(0.0451956 -0.0673167 0.305395)
(0.099165 -0.099165 0.33278)
(0.151664 -0.120121 0.3437)
(0.170087 -0.169184 0.244631)
(0.0857192 -0.0906055 -0.3347)
(-0.0857193 -0.0906054 -0.3347)
(-0.170087 -0.169184 0.244631)
(-0.151664 -0.120121 0.3437)
(-0.099165 -0.099165 0.33278)
(-0.0451956 -0.0673167 0.305395)
(0.0353428 -0.0353429 0.296926)
(0.0673167 -0.0451956 0.305395)
(0.0940122 -0.0527283 0.270211)
(0.103913 -0.0476772 0.15739)
(0.0384031 -0.063274 -0.0522357)
(-0.0384032 -0.063274 -0.0522357)
(-0.103914 -0.0476772 0.15739)
(-0.0940123 -0.0527282 0.270211)
(-0.0673167 -0.0451956 0.305395)
(-0.0353429 -0.0353429 0.296926)
(0.0294661 0.0294661 0.249791)
(0.0623507 0.0383271 0.257524)
(0.0843685 0.0420023 0.222432)
(0.0977984 0.036455 0.11953)
(0.0442804 0.0619169 -0.0523962)
(-0.0442805 0.0619169 -0.0523962)
(-0.0977984 0.036455 0.11953)
(-0.0843685 0.0420023 0.222432)
(-0.0623507 0.0383271 0.257524)
(-0.0294661 0.029466 0.249791)
(0.0383271 0.0623507 0.257524)
(0.0878289 0.087829 0.281854)
(0.135397 0.112253 0.290601)
(0.160596 0.145285 0.205769)
(0.0877452 0.0891847 -0.289546)
(-0.0877453 0.0891846 -0.289546)
(-0.160596 0.145285 0.205769)
(-0.135397 0.112253 0.290602)
(-0.087829 0.087829 0.281854)
(-0.0383271 0.0623507 0.257524)
(0.0420023 0.0843685 0.222432)
(0.112253 0.135397 0.290601)
(0.174929 0.174929 0.274699)
(0.209589 0.230809 0.151869)
(0.141239 0.11624 -0.437399)
(-0.141239 0.11624 -0.437399)
(-0.209589 0.230809 0.151869)
(-0.174929 0.174928 0.274699)
(-0.112253 0.135397 0.290602)
(-0.0420023 0.0843684 0.222432)
(0.036455 0.0977984 0.11953)
(0.145285 0.160596 0.205769)
(0.230809 0.209589 0.151869)
(0.254134 0.254134 -0.0547595)
(0.164869 0.145729 -0.520985)
(-0.164869 0.145729 -0.520985)
(-0.254134 0.254134 -0.0547596)
(-0.230809 0.209589 0.151869)
(-0.145285 0.160596 0.205769)
(-0.036455 0.0977983 0.11953)
(0.0619169 0.0442804 -0.0523963)
(0.0891847 0.0877451 -0.289546)
(0.11624 0.141239 -0.437399)
(0.145729 0.164869 -0.520985)
(0.106986 0.106986 -0.643289)
(-0.106986 0.106986 -0.643289)
(-0.14573 0.164869 -0.520985)
(-0.11624 0.141239 -0.437399)
(-0.0891848 0.0877451 -0.289546)
(-0.0619171 0.0442803 -0.052396)
(0.0619169 -0.0442806 -0.0523962)
(0.0891845 -0.0877453 -0.289546)
(0.11624 -0.141239 -0.437399)
(0.145729 -0.164869 -0.520985)
(0.106986 -0.106986 -0.643289)
(-0.106986 -0.106986 -0.643289)
(-0.145729 -0.164869 -0.520985)
(-0.11624 -0.141239 -0.437399)
(-0.0891846 -0.0877453 -0.289546)
(-0.0619171 -0.0442805 -0.0523959)
(0.036455 -0.0977984 0.11953)
(0.145285 -0.160596 0.205769)
(0.230809 -0.209589 0.151869)
(0.254134 -0.254134 -0.0547596)
(0.164869 -0.14573 -0.520985)
(-0.164869 -0.14573 -0.520985)
(-0.254134 -0.254134 -0.0547597)
(-0.230809 -0.209589 0.151869)
(-0.145285 -0.160596 0.205769)
(-0.036455 -0.0977983 0.11953)
(0.0420023 -0.0843686 0.222432)
(0.112253 -0.135397 0.290602)
(0.174928 -0.174929 0.274699)
(0.209589 -0.230809 0.151869)
(0.141239 -0.11624 -0.437399)
(-0.141239 -0.11624 -0.437399)
(-0.209589 -0.230809 0.151869)
(-0.174929 -0.174929 0.274699)
(-0.112253 -0.135397 0.290602)
(-0.0420023 -0.0843685 0.222432)
(0.0383271 -0.0623507 0.257524)
(0.0878289 -0.0878289 0.281854)
(0.135397 -0.112253 0.290602)
(0.160596 -0.145285 0.205769)
(0.0877452 -0.0891848 -0.289546)
(-0.0877453 -0.0891848 -0.289545)
(-0.160596 -0.145285 0.205769)
(-0.135397 -0.112253 0.290602)
(-0.087829 -0.0878289 0.281854)
(-0.0383271 -0.0623507 0.257524)
(0.029466 -0.0294661 0.249791)
(0.0623507 -0.0383272 0.257524)
(0.0843684 -0.0420024 0.222432)
(0.0977983 -0.036455 0.11953)
(0.0442803 -0.061917 -0.0523959)
(-0.0442804 -0.061917 -0.0523959)
(-0.0977984 -0.036455 0.11953)
(-0.0843685 -0.0420023 0.222432)
(-0.0623507 -0.0383271 0.257524)
(-0.0294661 -0.0294661 0.249791)
(0.0239757 0.0239757 0.205715)
(0.0579959 0.031204 0.213762)
(0.076101 0.0318325 0.177559)
(0.0904108 0.023819 0.0857229)
(0.0467398 0.0640265 -0.0542453)
(-0.0467399 0.0640265 -0.0542453)
(-0.0904108 0.023819 0.085723)
(-0.0761011 0.0318325 0.177559)
(-0.0579959 0.031204 0.213762)
(-0.0239757 0.0239757 0.205715)
(0.0312041 0.0579959 0.213762)
(0.0773249 0.077325 0.234172)
(0.117707 0.10596 0.238845)
(0.151986 0.124245 0.169529)
(0.0864305 0.0973993 -0.240862)
(-0.0864306 0.0973993 -0.240862)
(-0.151986 0.124245 0.169529)
(-0.117707 0.10596 0.238845)
(-0.0773249 0.077325 0.234172)
(-0.0312041 0.0579959 0.213762)
(0.0318325 0.076101 0.177559)
(0.10596 0.117707 0.238845)
(0.15224 0.15224 0.229542)
(0.19595 0.185884 0.132232)
(0.12078 0.10665 -0.36502)
(-0.12078 0.10665 -0.36502)
(-0.19595 0.185884 0.132232)
(-0.15224 0.15224 0.229542)
(-0.10596 0.117707 0.238845)
(-0.0318326 0.076101 0.177559)
(0.023819 0.0904108 0.0857229)
(0.124245 0.151986 0.169529)
(0.185884 0.19595 0.132232)
(0.235051 0.235051 -0.030039)
(0.144128 0.131342 -0.420156)
(-0.144128 0.131342 -0.420156)
(-0.235051 0.235052 -0.030039)
(-0.185884 0.19595 0.132232)
(-0.124245 0.151986 0.169529)
(-0.0238191 0.0904107 0.0857232)
(0.0640264 0.0467398 -0.0542454)
(0.0973994 0.0864305 -0.240862)
(0.10665 0.12078 -0.36502)
(0.131342 0.144128 -0.420156)
(0.0904606 0.0904606 -0.522796)
(-0.0904607 0.0904606 -0.522796)
(-0.131342 0.144128 -0.420156)
(-0.10665 0.12078 -0.36502)
(-0.0973995 0.0864305 -0.240862)
(-0.0640266 0.0467397 -0.0542452)
(0.0640265 -0.0467399 -0.0542453)
(0.0973992 -0.0864306 -0.240862)
(0.10665 -0.12078 -0.36502)
(0.131342 -0.144128 -0.420156)
(0.0904606 -0.0904607 -0.522796)
(-0.0904606 -0.0904607 -0.522796)
(-0.131342 -0.144128 -0.420156)
(-0.10665 -0.12078 -0.36502)
(-0.0973993 -0.0864306 -0.240862)
(-0.0640267 -0.0467398 -0.0542451)
(0.0238191 -0.0904108 0.085723)
(0.124245 -0.151986 0.169529)
(0.185884 -0.19595 0.132232)
(0.235052 -0.235051 -0.030039)
(0.144128 -0.131342 -0.420156)
(-0.144128 -0.131342 -0.420156)
(-0.235052 -0.235051 -0.0300391)
(-0.185884 -0.19595 0.132232)
(-0.124245 -0.151986 0.169529)
(-0.0238191 -0.0904107 0.0857232)
(0.0318325 -0.0761011 0.177559)
(0.10596 -0.117707 0.238845)
(0.15224 -0.152241 0.229542)
(0.19595 -0.185884 0.132232)
(0.12078 -0.10665 -0.36502)
(-0.12078 -0.10665 -0.36502)
(-0.19595 -0.185884 0.132232)
(-0.15224 -0.15224 0.229542)
(-0.10596 -0.117707 0.238845)
(-0.0318326 -0.0761011 0.177559)
(0.031204 -0.0579959 0.213762)
(0.0773249 -0.0773249 0.234172)
(0.117707 -0.10596 0.238845)
(0.151986 -0.124245 0.169529)
(0.0864305 -0.0973995 -0.240862)
(-0.0864306 -0.0973994 -0.240862)
(-0.151986 -0.124245 0.169529)
(-0.117707 -0.10596 0.238845)
(-0.077325 -0.0773249 0.234172)
(-0.0312041 -0.0579959 0.213762)
(0.0239757 -0.0239757 0.205715)
(0.0579959 -0.0312041 0.213762)
(0.076101 -0.0318326 0.177559)
(0.0904107 -0.0238191 0.0857232)
(0.0467397 -0.0640266 -0.0542451)
(-0.0467398 -0.0640266 -0.0542451)
(-0.0904108 -0.0238191 0.0857233)
(-0.0761011 -0.0318326 0.177559)
(-0.0579959 -0.0312041 0.213762)
(-0.0239757 -0.0239757 0.205715)
(0.0198738 0.0198738 0.169883)
(0.0540488 0.0237651 0.177508)
(0.0717825 0.0243263 0.140143)
(0.0845309 0.0133822 0.0597914)
(0.0464966 0.0540074 -0.0626738)
(-0.0464967 0.0540075 -0.0626738)
(-0.084531 0.0133822 0.0597915)
(-0.0717825 0.0243263 0.140143)
(-0.0540488 0.0237651 0.177508)
(-0.0198738 0.0198738 0.169883)
(0.0237651 0.0540488 0.177508)
(0.0690478 0.0690479 0.195131)
(0.0996662 0.0965859 0.192438)
(0.144436 0.103995 0.138317)
(0.0771427 0.113864 -0.194422)
(-0.0771427 0.113864 -0.194422)
(-0.144436 0.103995 0.138317)
(-0.0996663 0.0965859 0.192438)
(-0.0690479 0.0690479 0.195132)
(-0.0237651 0.0540488 0.177508)
(0.0243263 0.0717825 0.140143)
(0.0965859 0.0996662 0.192438)
(0.130634 0.130634 0.190779)
(0.185137 0.14374 0.112634)
(0.0978577 0.099565 -0.292104)
(-0.0978577 0.099565 -0.292104)
(-0.185137 0.14374 0.112634)
(-0.130634 0.130634 0.190779)
(-0.0965859 0.0996662 0.192438)
(-0.0243263 0.0717825 0.140143)
(0.0133822 0.084531 0.0597914)
(0.103995 0.144436 0.138317)
(0.14374 0.185137 0.112634)
(0.217824 0.217824 -0.0189022)
(0.116409 0.112811 -0.326457)
(-0.116409 0.112811 -0.326457)
(-0.217824 0.217824 -0.0189022)
(-0.14374 0.185137 0.112634)
(-0.103995 0.144436 0.138317)
(-0.0133823 0.084531 0.0597915)
(0.0540074 0.0464966 -0.0626739)
(0.113864 0.0771427 -0.194422)
(0.099565 0.0978578 -0.292104)
(0.112811 0.116409 -0.326457)
(0.071797 0.071797 -0.419082)
(-0.0717971 0.0717969 -0.419082)
(-0.112811 0.116409 -0.326457)
(-0.0995651 0.0978578 -0.292104)
(-0.113864 0.0771427 -0.194422)
(-0.0540075 0.0464966 -0.0626738)
(0.0540075 -0.0464967 -0.0626738)
(0.113864 -0.0771428 -0.194422)
(0.0995649 -0.0978576 -0.292104)
(0.112811 -0.116408 -0.326457)
(0.071797 -0.0717971 -0.419082)
(-0.071797 -0.0717971 -0.419082)
(-0.112811 -0.116408 -0.326457)
(-0.099565 -0.0978577 -0.292104)
(-0.113864 -0.0771428 -0.194422)
(-0.0540076 -0.0464967 -0.0626737)
(0.0133822 -0.084531 0.0597914)
(0.103995 -0.144436 0.138317)
(0.14374 -0.185137 0.112634)
(0.217824 -0.217824 -0.0189022)
(0.116409 -0.112811 -0.326457)
(-0.116409 -0.112811 -0.326457)
(-0.217824 -0.217824 -0.0189022)
(-0.14374 -0.185137 0.112634)
(-0.103995 -0.144436 0.138317)
(-0.0133823 -0.084531 0.0597916)
(0.0243263 -0.0717825 0.140143)
(0.0965859 -0.0996663 0.192438)
(0.130634 -0.130634 0.190779)
(0.185137 -0.14374 0.112634)
(0.0978577 -0.0995651 -0.292104)
(-0.0978578 -0.0995651 -0.292104)
(-0.185137 -0.14374 0.112634)
(-0.130634 -0.130634 0.190779)
(-0.0965859 -0.0996663 0.192438)
(-0.0243263 -0.0717825 0.140143)
(0.0237651 -0.0540488 0.177508)
(0.0690479 -0.0690478 0.195132)
(0.0996662 -0.0965859 0.192438)
(0.144436 -0.103995 0.138317)
(0.0771427 -0.113864 -0.194421)
(-0.0771428 -0.113864 -0.194421)
(-0.144436 -0.103995 0.138317)
(-0.0996663 -0.0965859 0.192438)
(-0.0690479 -0.0690478 0.195132)
(-0.0237651 -0.0540488 0.177509)
(0.0198738 -0.0198738 0.169883)
(0.0540488 -0.0237652 0.177508)
(0.0717825 -0.0243263 0.140143)
(0.0845309 -0.0133823 0.0597916)
(0.0464966 -0.0540075 -0.0626737)
(-0.0464967 -0.0540075 -0.0626737)
(-0.084531 -0.0133823 0.0597916)
(-0.0717825 -0.0243263 0.140143)
(-0.0540488 -0.0237652 0.177509)
(-0.0198738 -0.0198738 0.169883)
(0.0161217 0.0161217 0.130656)
(0.0489144 0.0169753 0.139629)
(0.0665931 0.0189478 0.102197)
(0.0726148 0.0085582 0.0389466)
(0.0393983 0.0380878 -0.0709771)
(-0.0393984 0.0380878 -0.070977)
(-0.0726149 0.00855822 0.0389466)
(-0.0665931 0.0189478 0.102197)
(-0.0489144 0.0169753 0.139629)
(-0.0161217 0.0161216 0.130656)
(0.0169753 0.0489144 0.139629)
(0.0612553 0.0612554 0.156137)
(0.0796363 0.0866637 0.146351)
(0.130388 0.0844185 0.114231)
(0.0555332 0.129503 -0.153738)
(-0.0555333 0.129503 -0.153738)
(-0.130388 0.0844185 0.114231)
(-0.0796364 0.0866637 0.146351)
(-0.0612553 0.0612554 0.156137)
(-0.0169753 0.0489144 0.139629)
(0.0189478 0.0665931 0.102197)
(0.0866637 0.0796363 0.146351)
(0.108063 0.108063 0.143826)
(0.168301 0.108555 0.0924906)
(0.0713324 0.0898475 -0.219765)
(-0.0713324 0.0898475 -0.219765)
(-0.168301 0.108556 0.0924907)
(-0.108063 0.108063 0.143826)
(-0.0866637 0.0796364 0.146351)
(-0.0189478 0.0665931 0.102197)
(0.0085582 0.0726149 0.0389466)
(0.0844185 0.130388 0.114231)
(0.108555 0.168301 0.0924906)
(0.195852 0.195852 -0.00349984)
(0.0831704 0.0885862 -0.241151)
(-0.0831704 0.0885862 -0.241151)
(-0.195852 0.195853 -0.0034998)
(-0.108556 0.168301 0.0924907)
(-0.0844186 0.130388 0.114231)
(-0.00855824 0.0726149 0.0389467)
(0.0380878 0.0393983 -0.0709771)
(0.129503 0.0555333 -0.153738)
(0.0898476 0.0713325 -0.219765)
(0.0885863 0.0831704 -0.241151)
(0.0520928 0.0520928 -0.335816)
(-0.0520929 0.0520928 -0.335816)
(-0.0885864 0.0831705 -0.241151)
(-0.0898477 0.0713325 -0.219765)
(-0.129503 0.0555333 -0.153738)
(-0.0380878 0.0393983 -0.070977)
(0.0380878 -0.0393984 -0.070977)
(0.129503 -0.0555333 -0.153738)
(0.0898475 -0.0713324 -0.219765)
(0.0885862 -0.0831704 -0.241151)
(0.0520928 -0.0520929 -0.335816)
(-0.0520928 -0.0520929 -0.335816)
(-0.0885863 -0.0831704 -0.241151)
(-0.0898476 -0.0713324 -0.219765)
(-0.129503 -0.0555334 -0.153738)
(-0.0380878 -0.0393984 -0.070977)
(0.00855822 -0.0726149 0.0389466)
(0.0844185 -0.130388 0.114231)
(0.108555 -0.168301 0.0924907)
(0.195853 -0.195853 -0.00349976)
(0.0831704 -0.0885864 -0.241151)
(-0.0831704 -0.0885864 -0.241151)
(-0.195853 -0.195853 -0.00349972)
(-0.108556 -0.168301 0.0924908)
(-0.0844185 -0.130388 0.114231)
(-0.00855826 -0.0726149 0.0389467)
(0.0189478 -0.0665931 0.102197)
(0.0866637 -0.0796364 0.146351)
(0.108063 -0.108063 0.143826)
(0.168301 -0.108555 0.0924907)
(0.0713325 -0.0898477 -0.219765)
(-0.0713325 -0.0898477 -0.219765)
(-0.168301 -0.108556 0.0924908)
(-0.108063 -0.108063 0.143826)
(-0.0866637 -0.0796364 0.146351)
(-0.0189478 -0.0665931 0.102197)
(0.0169753 -0.0489144 0.139629)
(0.0612553 -0.0612553 0.156137)
(0.0796364 -0.0866637 0.146351)
(0.130388 -0.0844186 0.114231)
(0.0555334 -0.129503 -0.153738)
(-0.0555334 -0.129503 -0.153738)
(-0.130388 -0.0844186 0.114231)
(-0.0796364 -0.0866637 0.146351)
(-0.0612554 -0.0612553 0.156137)
(-0.0169754 -0.0489144 0.13963)
(0.0161217 -0.0161217 0.130656)
(0.0489144 -0.0169754 0.139629)
(0.0665931 -0.0189478 0.102197)
(0.0726148 -0.00855824 0.0389467)
(0.0393983 -0.0380878 -0.070977)
(-0.0393984 -0.0380878 -0.070977)
(-0.0726149 -0.00855826 0.0389468)
(-0.0665931 -0.0189478 0.102197)
(-0.0489144 -0.0169754 0.13963)
(-0.0161217 -0.0161217 0.130656)
(0.0154042 0.0154042 0.10837)
(0.04665 0.0135954 0.115314)
(0.0647256 0.0183152 0.0784789)
(0.0698305 0.0133109 0.0269478)
(0.0330365 0.031489 -0.090225)
(-0.0330365 0.031489 -0.0902249)
(-0.0698306 0.0133109 0.0269478)
(-0.0647256 0.0183152 0.078479)
(-0.04665 0.0135954 0.115315)
(-0.0154042 0.0154042 0.10837)
(0.0135954 0.04665 0.115314)
(0.058477 0.058477 0.134021)
(0.0748258 0.0807758 0.114158)
(0.125814 0.0778797 0.0981701)
(0.0261699 0.110318 -0.130109)
(-0.0261699 0.110318 -0.130109)
(-0.125814 0.0778797 0.0981702)
(-0.0748259 0.0807758 0.114158)
(-0.058477 0.058477 0.134021)
(-0.0135954 0.04665 0.115315)
(0.0183152 0.0647256 0.0784789)
(0.0807758 0.0748258 0.114158)
(0.0905187 0.0905188 0.114527)
(0.175391 0.123286 0.0742701)
(0.0459396 0.0660674 -0.150865)
(-0.0459396 0.0660674 -0.150865)
(-0.175391 0.123286 0.0742702)
(-0.0905188 0.0905188 0.114527)
(-0.0807758 0.0748258 0.114158)
(-0.0183152 0.0647256 0.0784791)
(0.0133109 0.0698306 0.0269478)
(0.0778797 0.125814 0.0981701)
(0.123286 0.175391 0.0742702)
(0.169798 0.169797 0.000265102)
(0.0454233 0.0593214 -0.171549)
(-0.0454233 0.0593214 -0.171549)
(-0.169798 0.169798 0.000265167)
(-0.123286 0.175391 0.0742702)
(-0.0778798 0.125814 0.0981702)
(-0.0133109 0.0698306 0.0269479)
(0.0314889 0.0330365 -0.090225)
(0.110318 0.0261699 -0.130108)
(0.0660675 0.0459396 -0.150865)
(0.0593215 0.0454233 -0.171549)
(0.0319202 0.0319202 -0.27683)
(-0.0319202 0.0319202 -0.27683)
(-0.0593215 0.0454233 -0.171549)
(-0.0660676 0.0459397 -0.150865)
(-0.110319 0.0261699 -0.130108)
(-0.031489 0.0330365 -0.090225)
(0.031489 -0.0330366 -0.0902249)
(0.110318 -0.0261699 -0.130109)
(0.0660674 -0.0459396 -0.150865)
(0.0593214 -0.0454233 -0.171549)
(0.0319202 -0.0319202 -0.27683)
(-0.0319202 -0.0319202 -0.27683)
(-0.0593215 -0.0454233 -0.171549)
(-0.0660674 -0.0459396 -0.150865)
(-0.110318 -0.0261699 -0.130108)
(-0.031489 -0.0330366 -0.0902249)
(0.0133109 -0.0698306 0.0269478)
(0.0778796 -0.125814 0.0981702)
(0.123286 -0.175391 0.0742702)
(0.169798 -0.169798 0.000265209)
(0.0454232 -0.0593215 -0.171549)
(-0.0454233 -0.0593215 -0.171549)
(-0.169798 -0.169798 0.000265271)
(-0.123286 -0.175391 0.0742703)
(-0.0778797 -0.125814 0.0981702)
(-0.0133109 -0.0698306 0.0269479)
(0.0183152 -0.0647256 0.078479)
(0.0807758 -0.0748259 0.114159)
(0.0905188 -0.0905188 0.114527)
(0.175391 -0.123286 0.0742703)
(0.0459396 -0.0660676 -0.150865)
(-0.0459396 -0.0660675 -0.150865)
(-0.175391 -0.123286 0.0742703)
(-0.0905189 -0.0905188 0.114527)
(-0.0807758 -0.0748259 0.114159)
(-0.0183152 -0.0647256 0.0784792)
(0.0135954 -0.04665 0.115315)
(0.058477 -0.058477 0.134021)
(0.0748258 -0.0807758 0.114158)
(0.125814 -0.0778798 0.0981702)
(0.02617 -0.110319 -0.130108)
(-0.02617 -0.110318 -0.130108)
(-0.125814 -0.0778798 0.0981703)
(-0.0748259 -0.0807758 0.114159)
(-0.058477 -0.058477 0.134021)
(-0.0135954 -0.04665 0.115315)
(0.0154042 -0.0154042 0.10837)
(0.04665 -0.0135954 0.115315)
(0.0647256 -0.0183152 0.0784791)
(0.0698306 -0.0133109 0.0269479)
(0.0330365 -0.0314889 -0.0902249)
(-0.0330365 -0.0314889 -0.0902249)
(-0.0698306 -0.0133109 0.0269479)
(-0.0647257 -0.0183152 0.0784792)
(-0.04665 -0.0135954 0.115315)
(-0.0154042 -0.0154042 0.10837)
(0.011165 0.011165 0.0645816)
(0.0355833 0.00992853 0.075287)
(0.0445648 0.0130165 0.0391179)
(0.0367927 0.016434 0.00899833)
(0.0090047 0.0188693 -0.0885342)
(-0.00900472 0.0188693 -0.0885342)
(-0.0367927 0.016434 0.00899838)
(-0.0445648 0.0130165 0.039118)
(-0.0355833 0.00992854 0.0752871)
(-0.011165 0.011165 0.0645817)
(0.00992853 0.0355833 0.075287)
(0.0415473 0.0415473 0.0911322)
(0.055064 0.068204 0.0747329)
(0.0785391 0.0549589 0.0831746)
(-0.000273983 0.0216771 -0.0926346)
(0.000273979 0.0216771 -0.0926346)
(-0.0785391 0.0549589 0.0831746)
(-0.055064 0.068204 0.074733)
(-0.0415473 0.0415473 0.0911323)
(-0.00992854 0.0355833 0.0752871)
(0.0130165 0.0445648 0.0391178)
(0.068204 0.055064 0.0747329)
(0.0571743 0.0571743 0.0470865)
(0.138244 0.100223 0.0723923)
(0.0155057 0.0181593 -0.078327)
(-0.0155057 0.0181593 -0.078327)
(-0.138244 0.100224 0.0723923)
(-0.0571743 0.0571744 0.0470866)
(-0.068204 0.055064 0.074733)
(-0.0130165 0.0445648 0.039118)
(0.016434 0.0367927 0.00899833)
(0.0549589 0.0785391 0.0831746)
(0.100223 0.138244 0.0723923)
(0.0977311 0.0977311 0.077527)
(0.0163139 0.0246569 -0.114795)
(-0.0163139 0.0246569 -0.114795)
(-0.0977312 0.0977311 0.077527)
(-0.100223 0.138244 0.0723924)
(-0.0549589 0.0785392 0.0831747)
(-0.016434 0.0367927 0.00899843)
(0.0188693 0.0090047 -0.0885343)
(0.0216772 -0.000273965 -0.0926345)
(0.0181594 0.0155057 -0.0783268)
(0.024657 0.0163139 -0.114795)
(0.011876 0.011876 -0.240846)
(-0.011876 0.011876 -0.240846)
(-0.024657 0.0163139 -0.114795)
(-0.0181594 0.0155057 -0.0783267)
(-0.0216772 -0.000273967 -0.0926344)
(-0.0188693 0.0090047 -0.0885343)
(0.0188693 -0.00900473 -0.0885342)
(0.0216771 0.000273983 -0.0926346)
(0.0181593 -0.0155057 -0.078327)
(0.024657 -0.0163139 -0.114795)
(0.011876 -0.011876 -0.240846)
(-0.011876 -0.011876 -0.240846)
(-0.024657 -0.0163139 -0.114795)
(-0.0181594 -0.0155057 -0.0783268)
(-0.0216771 0.000273986 -0.0926345)
(-0.0188693 -0.00900473 -0.0885342)
(0.016434 -0.0367927 0.00899837)
(0.0549589 -0.0785391 0.0831746)
(0.100224 -0.138244 0.0723924)
(0.0977311 -0.0977312 0.0775271)
(0.0163139 -0.024657 -0.114795)
(-0.0163139 -0.024657 -0.114795)
(-0.0977311 -0.0977312 0.0775272)
(-0.100224 -0.138244 0.0723924)
(-0.0549589 -0.0785391 0.0831747)
(-0.016434 -0.0367927 0.00899845)
(0.0130165 -0.0445648 0.039118)
(0.068204 -0.055064 0.074733)
(0.0571744 -0.0571743 0.0470866)
(0.138244 -0.100223 0.0723924)
(0.0155057 -0.0181594 -0.0783266)
(-0.0155057 -0.0181594 -0.0783267)
(-0.138244 -0.100224 0.0723925)
(-0.0571744 -0.0571744 0.0470867)
(-0.068204 -0.055064 0.0747331)
(-0.0130165 -0.0445648 0.0391181)
(0.00992854 -0.0355833 0.0752871)
(0.0415473 -0.0415473 0.0911323)
(0.055064 -0.068204 0.074733)
(0.0785392 -0.0549589 0.0831747)
(-0.000273976 -0.0216772 -0.0926343)
(0.000273974 -0.0216772 -0.0926343)
(-0.0785391 -0.0549589 0.0831747)
(-0.055064 -0.068204 0.0747331)
(-0.0415473 -0.0415473 0.0911324)
(-0.00992854 -0.0355833 0.0752872)
(0.011165 -0.011165 0.0645817)
(0.0355833 -0.00992854 0.0752871)
(0.0445648 -0.0130165 0.039118)
(0.0367927 -0.016434 0.00899843)
(0.00900472 -0.0188693 -0.0885342)
(-0.00900473 -0.0188693 -0.0885342)
(-0.0367927 -0.016434 0.00899847)
(-0.0445648 -0.0130165 0.0391181)
(-0.0355833 -0.00992854 0.0752872)
(-0.011165 -0.011165 0.0645818)
)
;

boundaryField
{
    bottom
    {
        type            noSlip;
    }
    atmosphere
    {
        type            pressureInletOutletVelocity;
        value           nonuniform List<vector> 
100
(
(0.011165 0.011165 0.0645816)
(0.00992853 0.0355833 0.075287)
(0.0130165 0.0445648 0.0391178)
(0.016434 0.0367927 0.00899833)
(0 0 -0.0885343)
(0 0 -0.0885342)
(0.016434 -0.0367927 0.00899837)
(0.0130165 -0.0445648 0.039118)
(0.00992854 -0.0355833 0.0752871)
(0.011165 -0.011165 0.0645817)
(0.0355833 0.00992853 0.075287)
(0.0415473 0.0415473 0.0911322)
(0.068204 0.055064 0.0747329)
(0.0549589 0.0785391 0.0831746)
(0 0 -0.0926345)
(0 0 -0.0926346)
(0.0549589 -0.0785391 0.0831746)
(0.068204 -0.055064 0.074733)
(0.0415473 -0.0415473 0.0911323)
(0.0355833 -0.00992854 0.0752871)
(0.0445648 0.0130165 0.0391179)
(0.055064 0.068204 0.0747329)
(0.0571743 0.0571743 0.0470865)
(0.100223 0.138244 0.0723923)
(0 0 -0.0783268)
(0 0 -0.078327)
(0.100224 -0.138244 0.0723924)
(0.0571744 -0.0571743 0.0470866)
(0.055064 -0.068204 0.074733)
(0.0445648 -0.0130165 0.039118)
(0.0367927 0.016434 0.00899833)
(0.0785391 0.0549589 0.0831746)
(0.138244 0.100223 0.0723923)
(0.0977311 0.0977311 0.077527)
(0 0 -0.114795)
(0 0 -0.114795)
(0.0977311 -0.0977312 0.0775271)
(0.138244 -0.100223 0.0723924)
(0.0785392 -0.0549589 0.0831747)
(0.0367927 -0.016434 0.00899843)
(0 0 -0.0885342)
(0 0 -0.0926346)
(0 0 -0.078327)
(0 0 -0.114795)
(0 0 -0.240846)
(0 0 -0.240846)
(0 0 -0.114795)
(0 0 -0.0783266)
(0 0 -0.0926343)
(0 0 -0.0885342)
(0 0 -0.0885342)
(0 0 -0.0926346)
(0 0 -0.078327)
(0 0 -0.114795)
(0 0 -0.240846)
(0 0 -0.240846)
(0 0 -0.114795)
(0 0 -0.0783267)
(0 0 -0.0926343)
(0 0 -0.0885342)
(-0.0367927 0.016434 0.00899838)
(-0.0785391 0.0549589 0.0831746)
(-0.138244 0.100224 0.0723923)
(-0.0977312 0.0977311 0.077527)
(0 0 -0.114795)
(0 0 -0.114795)
(-0.0977311 -0.0977312 0.0775272)
(-0.138244 -0.100224 0.0723925)
(-0.0785391 -0.0549589 0.0831747)
(-0.0367927 -0.016434 0.00899847)
(-0.0445648 0.0130165 0.039118)
(-0.055064 0.068204 0.074733)
(-0.0571743 0.0571744 0.0470866)
(-0.100223 0.138244 0.0723924)
(0 0 -0.0783267)
(0 0 -0.0783268)
(-0.100224 -0.138244 0.0723924)
(-0.0571744 -0.0571744 0.0470867)
(-0.055064 -0.068204 0.0747331)
(-0.0445648 -0.0130165 0.0391181)
(-0.0355833 0.00992854 0.0752871)
(-0.0415473 0.0415473 0.0911323)
(-0.068204 0.055064 0.074733)
(-0.0549589 0.0785392 0.0831747)
(0 0 -0.0926344)
(0 0 -0.0926345)
(-0.0549589 -0.0785391 0.0831747)
(-0.068204 -0.055064 0.0747331)
(-0.0415473 -0.0415473 0.0911324)
(-0.0355833 -0.00992854 0.0752872)
(-0.011165 0.011165 0.0645817)
(-0.00992854 0.0355833 0.0752871)
(-0.0130165 0.0445648 0.039118)
(-0.016434 0.0367927 0.00899843)
(0 0 -0.0885343)
(0 0 -0.0885342)
(-0.016434 -0.0367927 0.00899845)
(-0.0130165 -0.0445648 0.0391181)
(-0.00992854 -0.0355833 0.0752872)
(-0.011165 -0.011165 0.0645818)
)
;
    }
    walls
    {
        type            noSlip;
    }
}


// ************************************************************************* //
