/*--------------------------------*- C++ -*----------------------------------*\
| =========                 |                                                 |
| \\      /  F ield         | OpenFOAM: The Open Source CFD Toolbox           |
|  \\    /   O peration     | Version:  2412                                  |
|   \\  /    A nd           | Website:  www.openfoam.com                      |
|    \\/     M anipulation  |                                                 |
\*---------------------------------------------------------------------------*/
FoamFile
{
    version     2.0;
    format      ascii;
    arch        "LSB;label=32;scalar=64";
    class       surfaceScalarField;
    location    "0.02";
    object      phi;
}
// * * * * * * * * * * * * * * * * * * * * * * * * * * * * * * * * * * * * * //

dimensions      [0 3 -1 0 0 0 0];

oriented        oriented;

internalField   nonuniform List<scalar> 
11100
(
-7.18219e-09
-7.19215e-09
1.44834e-08
-1.1648e-08
-7.3253e-09
1.19035e-08
-1.16821e-08
-7.54299e-09
7.68757e-09
-7.23363e-09
-7.76459e-09
3.42435e-09
2.8861e-11
-7.90516e-09
7.48351e-10
7.28978e-09
-7.90549e-09
7.47605e-10
1.17329e-08
-7.76552e-09
3.42246e-09
1.16904e-08
-7.54436e-09
7.6837e-09
7.21217e-09
-7.32684e-09
1.19011e-08
-7.19384e-09
1.44786e-08
-7.31533e-09
-1.16661e-08
1.19032e-08
-1.18661e-08
-1.18843e-08
9.22625e-09
-1.19036e-08
-1.22406e-08
4.84962e-09
-7.37328e-09
-1.26036e-08
4.20724e-10
2.85661e-11
-1.28342e-08
-2.36321e-09
7.4289e-09
-1.28349e-08
-2.36403e-09
1.19542e-08
-1.26056e-08
4.18624e-10
1.19083e-08
-1.22436e-08
4.84553e-09
7.34524e-09
-1.18879e-08
9.22334e-09
-1.167e-08
1.18982e-08
-7.53302e-09
-1.1707e-08
7.68701e-09
-1.22225e-08
-1.19286e-08
4.84931e-09
-1.22656e-08
-1.22907e-08
2.06708e-10
-7.60147e-09
-1.26596e-08
-4.49685e-09
2.79213e-11
-1.28945e-08
-7.46024e-09
7.65582e-09
-1.28954e-08
-7.46106e-09
1.23151e-08
-1.26623e-08
-4.49906e-09
1.22639e-08
-1.22947e-08
2.02509e-10
7.56253e-09
-1.19335e-08
4.84619e-09
-1.17119e-08
7.68198e-09
-7.75468e-09
-7.2602e-09
3.42339e-09
-1.25855e-08
-7.39994e-09
4.19994e-10
-1.26346e-08
-7.62827e-09
-4.49727e-09
-7.83443e-09
-7.86134e-09
-9.48452e-09
2.6933e-11
-8.01015e-09
-1.26338e-08
7.88702e-09
-8.01124e-09
-1.26347e-08
1.26828e-08
-7.8646e-09
-9.4868e-09
1.26263e-08
-7.63319e-09
-4.50155e-09
7.78406e-09
-7.40612e-09
4.16772e-10
-7.26672e-09
3.41858e-09
-7.89532e-09
8.75408e-13
7.47457e-10
-1.28163e-08
4.21547e-13
-2.36391e-09
-1.28695e-08
-4.37799e-13
-7.46061e-09
-7.98322e-09
-1.55449e-12
-1.26338e-08
2.57961e-11
-2.7667e-12
-1.59058e-08
8.03369e-09
-3.83809e-12
-1.59068e-08
1.2916e-08
-4.72133e-12
-1.26363e-08
1.28558e-08
-5.1941e-12
-7.46504e-09
7.92404e-09
-5.43354e-12
-2.36733e-09
-5.12077e-12
7.42699e-10
-7.89577e-09
7.2659e-09
7.46518e-10
-1.28171e-08
7.40487e-09
-2.36497e-09
-1.28706e-08
7.63161e-09
-7.46174e-09
-7.98441e-09
7.86255e-09
-1.2635e-08
2.46992e-11
8.00903e-09
-1.59071e-08
8.03285e-09
8.00805e-09
-1.5908e-08
1.29155e-08
7.85966e-09
-1.26375e-08
1.28558e-08
7.62717e-09
-7.46618e-09
7.92432e-09
7.39926e-09
-2.36839e-09
7.25978e-09
7.41962e-10
-7.7559e-09
1.17124e-08
3.42178e-09
-1.25879e-08
1.19335e-08
4.18063e-10
-1.26378e-08
1.22943e-08
-4.49933e-09
-7.8379e-09
1.26617e-08
-9.4867e-09
2.37212e-11
1.28948e-08
-1.26361e-08
7.88448e-09
1.28941e-08
-1.26371e-08
1.26811e-08
1.26598e-08
-9.48908e-09
1.26254e-08
1.22915e-08
-4.50372e-09
7.78375e-09
1.19299e-08
4.14676e-10
1.17084e-08
3.41738e-09
-7.53495e-09
1.16777e-08
7.6829e-09
-1.22262e-08
1.18955e-08
4.84485e-09
-1.22705e-08
1.22511e-08
2.02092e-10
-7.60673e-09
1.2613e-08
-4.50162e-09
2.30358e-11
1.28425e-08
-7.46512e-09
7.652e-09
1.28421e-08
-7.46603e-09
1.23127e-08
1.26119e-08
-4.50389e-09
1.2263e-08
1.22493e-08
1.97876e-10
7.56288e-09
1.18928e-08
4.84171e-09
1.16752e-08
7.67833e-09
-7.31748e-09
7.2064e-09
1.19007e-08
-1.18705e-08
7.33933e-09
9.22303e-09
-1.19095e-08
7.55661e-09
4.84617e-09
-7.37964e-09
7.7777e-09
4.17103e-10
2.26841e-11
7.91773e-09
-2.36694e-09
7.42424e-09
7.91756e-09
-2.3678e-09
1.19511e-08
7.77709e-09
4.15004e-10
1.19065e-08
7.55592e-09
4.84209e-09
7.34433e-09
7.33741e-09
9.21971e-09
7.20516e-09
1.18971e-08
-7.18465e-09
1.4479e-08
-1.16528e-08
1.18986e-08
-1.16883e-08
7.68257e-09
-7.24045e-09
3.41939e-09
2.24797e-11
7.434e-10
7.28459e-09
7.4267e-10
1.17292e-08
3.41778e-09
1.16889e-08
7.67869e-09
7.21204e-09
1.18971e-08
1.44753e-08
-7.77334e-09
-7.78339e-09
3.01746e-08
-1.26133e-08
-7.93887e-09
2.48129e-08
-1.26574e-08
-8.19299e-09
1.60522e-08
-7.84319e-09
-8.45212e-09
7.18675e-09
2.87544e-11
-8.61715e-09
1.61495e-09
7.89906e-09
-8.6175e-09
1.61298e-09
1.27086e-08
-8.45312e-09
7.18073e-09
1.26546e-08
-8.19443e-09
1.60432e-08
7.79984e-09
-7.94068e-09
2.48024e-08
-7.78444e-09
3.01632e-08
-7.92881e-09
-1.26315e-08
2.48124e-08
-1.28679e-08
-1.28861e-08
1.92415e-08
-1.29162e-08
-1.33025e-08
1.01334e-08
-8.00675e-09
-1.37274e-08
9.09639e-10
2.84508e-11
-1.39985e-08
-4.89703e-09
8.06204e-09
-1.39991e-08
-4.89896e-09
1.2967e-08
-1.37294e-08
9.03659e-10
1.29093e-08
-1.33055e-08
1.01245e-08
7.95598e-09
-1.28899e-08
1.92309e-08
-1.26349e-08
2.48013e-08
-8.18293e-09
-1.26824e-08
1.6051e-08
-1.32843e-08
-1.29413e-08
1.01327e-08
-1.33398e-08
-1.3365e-08
4.48814e-10
-8.27451e-09
-1.37977e-08
-9.37078e-09
2.77621e-11
-1.40742e-08
-1.55683e-08
8.3285e-09
-1.40751e-08
-1.55702e-08
1.33896e-08
-1.38004e-08
-9.37684e-09
1.3325e-08
-1.33691e-08
4.39821e-10
8.20983e-09
-1.29462e-08
1.01221e-08
-1.26872e-08
1.60397e-08
-8.44212e-09
-7.86982e-09
7.18469e-09
-1.37092e-08
-8.03347e-09
9.08073e-10
-1.37725e-08
-8.30136e-09
-9.37167e-09
-8.54839e-09
-8.57536e-09
-1.98075e-08
2.67482e-11
-8.75111e-09
-2.64111e-08
8.60062e-09
-8.75222e-09
-2.64132e-08
1.38209e-08
-8.57866e-09
-1.98137e-08
1.37493e-08
-8.30633e-09
-9.38074e-09
8.46899e-09
-8.03969e-09
8.97466e-10
-7.87631e-09
7.17322e-09
-8.60722e-09
6.84286e-13
1.61262e-09
-1.39804e-08
1.99126e-13
-4.89879e-09
-1.40491e-08
-6.73452e-13
-1.55694e-08
-8.72411e-09
-1.80365e-12
-2.64114e-08
2.56055e-11
-3.02925e-12
-3.32844e-08
8.7742e-09
-4.11024e-12
-3.32865e-08
1.40958e-08
-4.98286e-12
-2.64176e-08
1.40192e-08
-5.44259e-12
-1.55785e-08
8.63347e-09
-5.66227e-12
-4.90941e-09
-5.26992e-12
1.60099e-09
-8.6077e-09
7.87519e-09
1.61005e-09
-1.39812e-08
8.03803e-09
-4.90135e-09
-1.40502e-08
8.30431e-09
-1.5572e-08
-8.72531e-09
8.57616e-09
-2.6414e-08
2.45029e-11
8.74955e-09
-3.32871e-08
8.77337e-09
8.74858e-09
-3.32892e-08
1.40954e-08
8.57328e-09
-2.64202e-08
1.40192e-08
8.29989e-09
-1.5581e-08
8.63383e-09
8.0324e-09
-4.91174e-09
7.86912e-09
1.59859e-09
-8.44342e-09
1.26882e-08
7.17826e-09
-1.37117e-08
1.29464e-08
9.01768e-10
-1.37757e-08
1.33688e-08
-9.37808e-09
-8.55189e-09
1.37998e-08
-1.98141e-08
2.35314e-11
1.40746e-08
-2.64177e-08
8.5981e-09
1.4074e-08
-2.64198e-08
1.38193e-08
1.3798e-08
-1.98202e-08
1.37484e-08
1.3366e-08
-9.38691e-09
8.4689e-09
1.29428e-08
8.91583e-10
1.26842e-08
7.16695e-09
-8.18494e-09
1.26419e-08
1.60407e-08
-1.3288e-08
1.28965e-08
1.01225e-08
-1.33447e-08
1.33121e-08
4.38451e-10
-8.2798e-09
1.3736e-08
-9.38133e-09
2.2857e-11
1.40059e-08
-1.55789e-08
8.32473e-09
1.40055e-08
-1.55808e-08
1.33873e-08
1.37349e-08
-9.3871e-09
1.33241e-08
1.33104e-08
4.3006e-10
8.21041e-09
1.2894e-08
1.01129e-08
1.26385e-08
1.60301e-08
-7.93126e-09
7.79413e-09
2.48004e-08
-1.28724e-08
7.95014e-09
1.92296e-08
-1.29221e-08
8.20397e-09
1.01214e-08
-8.01315e-09
8.46269e-09
8.97457e-10
2.25174e-11
8.62719e-09
-4.90919e-09
8.05739e-09
8.62707e-09
-4.91108e-09
1.2964e-08
8.46222e-09
8.91937e-10
1.29078e-08
8.20343e-09
1.01134e-08
7.95588e-09
7.94896e-09
1.92204e-08
7.7915e-09
2.47907e-08
-7.77516e-09
3.01609e-08
-1.26176e-08
2.47996e-08
-1.26636e-08
1.60387e-08
-7.85e-09
7.17301e-09
2.2383e-11
1.60118e-09
7.89394e-09
1.59927e-09
1.2705e-08
7.16746e-09
1.26522e-08
1.60307e-08
7.79838e-09
2.47908e-08
3.01491e-08
-9.00229e-09
-9.01246e-09
4.82926e-08
-1.46131e-08
-9.21472e-09
3.97469e-08
-1.46753e-08
-9.54714e-09
2.57683e-08
-9.10489e-09
-9.88711e-09
1.16082e-08
2.81518e-11
-1.01052e-08
2.68943e-09
9.1597e-09
-1.01055e-08
2.68687e-09
1.47249e-08
-9.88808e-09
1.16009e-08
1.46554e-08
-9.54854e-09
2.57557e-08
9.03501e-09
-9.21623e-09
3.97338e-08
-9.01474e-09
4.82762e-08
-9.20455e-09
-1.46315e-08
3.97462e-08
-1.49456e-08
-1.49639e-08
3.08459e-08
-1.50144e-08
-1.55099e-08
1.62773e-08
-9.32007e-09
-1.60688e-08
1.50706e-09
2.78257e-11
-1.64277e-08
-7.81473e-09
9.37434e-09
-1.64284e-08
-7.8174e-09
1.50637e-08
-1.60708e-08
1.49945e-09
1.49875e-08
-1.55129e-08
1.62644e-08
9.2366e-09
-1.49676e-08
3.08322e-08
-1.46358e-08
3.97293e-08
-9.53697e-09
-1.47005e-08
2.57665e-08
-1.54916e-08
-1.50397e-08
1.62763e-08
-1.55715e-08
-1.55969e-08
7.27037e-10
-9.67372e-09
-1.61676e-08
-1.50607e-08
2.70991e-11
-1.65349e-08
-2.50549e-08
9.72666e-09
-1.65359e-08
-2.50577e-08
1.56197e-08
-1.61703e-08
-1.50685e-08
1.55327e-08
-1.56009e-08
7.13945e-10
9.56852e-09
-1.50446e-08
1.62623e-08
-1.47055e-08
2.57495e-08
-9.877e-09
-9.13154e-09
1.16052e-08
-1.60505e-08
-9.34682e-09
1.50482e-09
-1.61422e-08
-9.70061e-09
-1.50619e-08
-1.00366e-08
-1.00637e-08
-3.19046e-08
2.61381e-11
-1.02983e-08
-4.26e-08
1.00878e-08
-1.02994e-08
-4.2603e-08
1.61891e-08
-1.0067e-08
-3.19126e-08
1.60909e-08
-9.70559e-09
-1.50752e-08
9.90842e-09
-9.35307e-09
1.49062e-09
-9.1381e-09
1.15885e-08
-1.00951e-08
4.3222e-14
2.68643e-09
-1.64095e-08
-4.26395e-13
-7.81707e-09
-1.65097e-08
-1.30398e-12
-2.50563e-08
-1.02712e-08
-2.4418e-12
-4.26004e-08
2.50004e-11
-3.66977e-12
-5.37661e-08
1.03203e-08
-4.74582e-12
-5.37692e-08
1.65548e-08
-5.60225e-12
-4.26087e-08
1.64487e-08
-6.03184e-12
-2.50699e-08
1.01259e-08
-6.21863e-12
-7.83157e-09
-5.86369e-12
2.66981e-09
-1.00956e-08
9.13593e-09
2.68323e-09
-1.64104e-08
9.35042e-09
-7.82045e-09
-1.65108e-08
9.70256e-09
-2.50598e-08
-1.02724e-08
1.00634e-08
-4.2604e-08
2.39058e-11
1.02957e-08
-5.37699e-08
1.03195e-08
1.02947e-08
-5.3773e-08
1.65544e-08
1.00606e-08
-4.26124e-08
1.64488e-08
9.69819e-09
-2.50733e-08
1.01262e-08
9.34488e-09
-7.83482e-09
9.12988e-09
2.6671e-09
-9.87827e-09
1.47045e-08
1.15982e-08
-1.6053e-08
1.50431e-08
1.49729e-09
-1.61455e-08
1.5599e-08
-1.50697e-08
-1.00402e-08
1.61681e-08
-3.19127e-08
2.29451e-11
1.65337e-08
-4.26085e-08
1.00853e-08
1.65331e-08
-4.26115e-08
1.61875e-08
1.61663e-08
-3.19209e-08
1.60902e-08
1.55963e-08
-1.50829e-08
9.90822e-09
1.50396e-08
1.48316e-09
1.47007e-08
1.15824e-08
-9.53896e-09
1.46429e-08
2.57529e-08
-1.54954e-08
1.49748e-08
1.62622e-08
-1.55765e-08
1.552e-08
7.12563e-10
-9.67903e-09
1.60778e-08
-1.50755e-08
2.2296e-11
1.64356e-08
-2.50701e-08
9.72297e-09
1.64353e-08
-2.50729e-08
1.56175e-08
1.60768e-08
-1.50832e-08
1.55319e-08
1.55183e-08
6.99937e-10
9.56896e-09
1.49721e-08
1.62488e-08
1.46409e-08
2.57374e-08
-9.20671e-09
9.02944e-09
3.9732e-08
-1.495e-08
9.23087e-09
3.08308e-08
-1.50203e-08
9.56278e-09
1.62618e-08
-9.32649e-09
9.90222e-09
1.49115e-09
2.1987e-11
1.01197e-08
-7.83078e-09
9.36982e-09
1.01196e-08
-7.83351e-09
1.50608e-08
9.90168e-09
1.48386e-09
1.49858e-08
9.56208e-09
1.62496e-08
9.23577e-09
9.22893e-09
3.08175e-08
9.02948e-09
3.97175e-08
-9.00542e-09
4.82757e-08
-1.46184e-08
3.9729e-08
-1.46817e-08
2.57501e-08
-9.11176e-09
1.15899e-08
2.17921e-11
2.67119e-09
9.15463e-09
2.66868e-09
1.47214e-08
1.15834e-08
1.46545e-08
2.57383e-08
9.03627e-09
3.97177e-08
4.82629e-08
-1.09531e-08
-1.09635e-08
7.03469e-08
-1.77993e-08
-1.12466e-08
5.79715e-08
-1.78977e-08
-1.17123e-08
3.77072e-08
-1.1123e-08
-1.21903e-08
1.71485e-08
2.75399e-11
-1.24992e-08
4.15975e-09
1.11767e-08
-1.24995e-08
4.15588e-09
1.79475e-08
-1.21913e-08
1.71367e-08
1.78392e-08
-1.17138e-08
3.769e-08
1.09772e-08
-1.12486e-08
5.795e-08
-1.09642e-08
7.03235e-08
-1.12362e-08
-1.78179e-08
5.79706e-08
-1.8265e-08
-1.82836e-08
4.50404e-08
-1.83738e-08
-1.90505e-08
2.38497e-08
-1.14266e-08
-1.98382e-08
2.32984e-09
2.71824e-11
-2.03484e-08
-1.13001e-08
1.14796e-08
-2.03491e-08
-1.1304e-08
1.84231e-08
-1.98403e-08
2.31803e-09
1.83052e-08
-1.90536e-08
2.38325e-08
1.12614e-08
-1.82876e-08
4.5019e-08
-1.78212e-08
5.79474e-08
-1.17019e-08
-1.79234e-08
3.77047e-08
-1.90319e-08
-1.83995e-08
2.38481e-08
-1.91589e-08
-1.91847e-08
1.11066e-09
-1.19276e-08
-1.99917e-08
-2.20191e-08
2.64479e-11
-2.0516e-08
-3.67246e-08
1.19793e-08
-2.0517e-08
-3.67285e-08
1.92071e-08
-1.99946e-08
-2.20311e-08
1.90714e-08
-1.91888e-08
1.09324e-09
1.17269e-08
-1.84045e-08
2.38265e-08
-1.79281e-08
3.76813e-08
-1.21799e-08
-1.11498e-08
1.71443e-08
-1.98196e-08
-1.14534e-08
2.3266e-09
-1.9966e-08
-1.19547e-08
-2.20208e-08
-1.24438e-08
-1.2471e-08
-4.68258e-08
2.54649e-11
-1.2808e-08
-6.26579e-08
1.24936e-08
-1.28091e-08
-6.2662e-08
2.00129e-08
-1.24744e-08
-4.6838e-08
1.98585e-08
-1.19597e-08
-2.20384e-08
1.22049e-08
-1.14598e-08
2.30509e-09
-1.11564e-08
1.71206e-08
-1.24889e-08
-6.66173e-13
4.15483e-09
-2.03299e-08
-1.1794e-12
-1.13039e-08
-2.04904e-08
-2.08497e-12
-3.6727e-08
-1.27808e-08
-3.25275e-12
-6.26586e-08
2.4294e-11
-4.50651e-12
-7.9257e-08
1.28284e-08
-5.59589e-12
-7.92611e-08
2.05355e-08
-6.4178e-12
-6.26709e-08
2.03675e-08
-6.79781e-12
-3.67447e-08
1.25133e-08
-6.94328e-12
-1.13254e-08
-6.45332e-12
4.131e-09
-1.24894e-08
1.1153e-08
4.14993e-09
-2.03308e-08
1.14557e-08
-1.13088e-08
-2.04916e-08
1.19553e-08
-3.6732e-08
-1.2782e-08
1.24694e-08
-6.26637e-08
2.31925e-11
1.28039e-08
-7.92621e-08
1.28277e-08
1.2803e-08
-7.92662e-08
2.05352e-08
1.24666e-08
-6.26759e-08
2.03676e-08
1.1951e-08
-3.67493e-08
1.25138e-08
1.14502e-08
-1.13298e-08
1.11471e-08
4.12657e-09
-1.21813e-08
1.79273e-08
1.71316e-08
-1.98222e-08
1.84026e-08
2.31408e-09
-1.99694e-08
1.91865e-08
-2.20335e-08
-1.24474e-08
1.99919e-08
-4.68389e-08
2.22553e-11
2.05144e-08
-6.26711e-08
1.24913e-08
2.05138e-08
-6.26751e-08
2.00114e-08
1.99902e-08
-4.68507e-08
1.98579e-08
1.91839e-08
-2.20505e-08
1.2205e-08
1.83994e-08
2.2936e-09
1.79236e-08
1.71085e-08
-1.1704e-08
1.78268e-08
3.76849e-08
-1.90358e-08
1.82926e-08
2.38285e-08
-1.9164e-08
1.90588e-08
1.09064e-09
-1.1933e-08
1.98455e-08
-2.20395e-08
2.16474e-11
2.03545e-08
-3.67452e-08
1.19757e-08
2.03542e-08
-3.6749e-08
1.92051e-08
1.98446e-08
-2.20508e-08
1.90708e-08
1.90573e-08
1.07455e-09
1.17277e-08
1.82906e-08
2.3809e-08
1.78232e-08
3.76635e-08
-1.12389e-08
1.09716e-08
5.79461e-08
-1.82698e-08
1.12557e-08
4.50162e-08
-1.83799e-08
1.17212e-08
2.38252e-08
-1.1433e-08
1.21988e-08
2.30512e-09
2.13673e-11
1.25072e-08
-1.13248e-08
1.14752e-08
1.25071e-08
-1.13285e-08
1.84204e-08
1.21985e-08
2.29433e-09
1.83041e-08
1.17208e-08
2.38099e-08
1.1262e-08
1.12552e-08
4.49977e-08
1.09683e-08
5.79255e-08
-1.09546e-08
7.03189e-08
-1.78035e-08
5.79441e-08
-1.7904e-08
3.76795e-08
-1.11299e-08
1.71203e-08
2.13066e-11
4.13148e-09
1.11718e-08
4.12789e-09
1.79443e-08
1.71096e-08
1.78367e-08
3.76646e-08
1.09751e-08
5.79258e-08
7.02966e-08
-1.37899e-08
-1.38006e-08
9.80327e-08
-2.24261e-08
-1.42087e-08
8.09183e-08
-2.25782e-08
-1.48838e-08
5.28433e-08
-1.40597e-08
-1.55794e-08
2.43074e-08
2.63942e-11
-1.60333e-08
6.20303e-09
1.41113e-08
-1.60337e-08
6.19857e-09
2.26251e-08
-1.55804e-08
2.42949e-08
2.24671e-08
-1.48853e-08
5.28225e-08
1.38236e-08
-1.42101e-08
8.08954e-08
-1.38033e-08
9.80047e-08
-1.4198e-08
-2.24451e-08
8.09169e-08
-2.31001e-08
-2.3119e-08
6.29617e-08
-2.327e-08
-2.42343e-08
3.34768e-08
-1.45034e-08
-2.53843e-08
3.4725e-09
2.60674e-11
-2.61363e-08
-1.56243e-08
1.45545e-08
-2.61371e-08
-1.56289e-08
2.33166e-08
-2.53864e-08
3.45955e-09
2.31406e-08
-2.42375e-08
3.34556e-08
1.42306e-08
-2.31228e-08
6.29382e-08
-2.24497e-08
8.08882e-08
-1.48732e-08
-2.26043e-08
5.28399e-08
-2.42154e-08
-2.32961e-08
3.34748e-08
-2.44161e-08
-2.44423e-08
1.62454e-09
-1.52394e-08
-2.5625e-08
-3.08522e-08
2.53223e-11
-2.64015e-08
-5.16232e-08
1.52891e-08
-2.64025e-08
-5.1628e-08
2.44616e-08
-2.56279e-08
-3.08655e-08
2.42551e-08
-2.44465e-08
1.60304e-09
1.49053e-08
-2.33011e-08
3.34508e-08
-2.26092e-08
5.28111e-08
-1.55688e-08
-1.40865e-08
2.4302e-08
-2.53654e-08
-1.45304e-08
3.46838e-09
-2.55988e-08
-1.52665e-08
-3.08543e-08
-1.60008e-08
-1.60282e-08
-6.59137e-08
2.43147e-11
-1.65311e-08
-8.8448e-08
1.60487e-08
-1.65323e-08
-8.8453e-08
2.5643e-08
-1.60316e-08
-6.59274e-08
2.54045e-08
-1.52716e-08
-3.08761e-08
1.56008e-08
-1.45367e-08
3.44418e-09
-1.40932e-08
2.42737e-08
-1.60228e-08
-1.86859e-12
6.19717e-09
-2.61176e-08
-2.37053e-12
-1.56289e-08
-2.63755e-08
-3.29153e-12
-5.16258e-08
-1.65038e-08
-4.48087e-12
-8.84489e-08
2.31375e-11
-5.73831e-12
-1.12205e-07
1.65495e-08
-6.8127e-12
-1.12211e-07
2.64179e-08
-7.59613e-12
-8.84632e-08
2.61556e-08
-7.91724e-12
-5.16482e-08
1.60542e-08
-7.99887e-12
-1.56535e-08
-7.54234e-12
6.16907e-09
-1.60233e-08
1.40878e-08
6.19185e-09
-2.61185e-08
1.45308e-08
-1.56344e-08
-2.63767e-08
1.52652e-08
-5.16316e-08
-1.6505e-08
1.60245e-08
-8.84549e-08
2.20542e-11
1.65251e-08
-1.12211e-07
1.65487e-08
1.65241e-08
-1.12217e-07
2.64176e-08
1.60218e-08
-8.84691e-08
2.61557e-08
1.5261e-08
-5.16537e-08
1.60546e-08
1.45255e-08
-1.56587e-08
1.4082e-08
6.16465e-09
-1.55701e-08
2.2605e-08
2.42896e-08
-2.5368e-08
2.32963e-08
3.45531e-09
-2.56023e-08
2.44412e-08
-3.08678e-08
-1.60045e-08
2.56222e-08
-6.59278e-08
2.11404e-11
2.63969e-08
-8.84627e-08
1.60464e-08
2.63964e-08
-8.84678e-08
2.56417e-08
2.56207e-08
-6.59416e-08
2.5404e-08
2.44388e-08
-3.08893e-08
1.56007e-08
2.32932e-08
3.43153e-09
2.26017e-08
2.4263e-08
-1.48753e-08
2.24551e-08
5.28173e-08
-2.42194e-08
2.31283e-08
3.34514e-08
-2.44213e-08
2.42428e-08
1.60063e-09
-1.52448e-08
2.53917e-08
-3.08768e-08
2.05847e-11
2.61427e-08
-5.16483e-08
1.52857e-08
2.61425e-08
-5.16531e-08
2.44599e-08
2.53909e-08
-3.08897e-08
2.42548e-08
2.42414e-08
1.58022e-09
1.4906e-08
2.31259e-08
3.34289e-08
2.24538e-08
5.27914e-08
-1.42002e-08
1.38183e-08
8.08916e-08
-2.31047e-08
1.42251e-08
6.29353e-08
-2.32762e-08
1.48998e-08
3.34498e-08
-1.45099e-08
1.55948e-08
3.44489e-09
2.03603e-11
1.60482e-08
-1.56522e-08
1.45503e-08
1.60481e-08
-1.56567e-08
2.33142e-08
1.55944e-08
3.43269e-09
2.31393e-08
1.48993e-08
3.34302e-08
1.42299e-08
1.42233e-08
6.29131e-08
1.38195e-08
8.08667e-08
-1.37936e-08
9.80032e-08
-2.24318e-08
8.08873e-08
-2.25849e-08
5.28119e-08
-1.40666e-08
2.42758e-08
2.02207e-11
6.17129e-09
1.41066e-08
6.16707e-09
2.26222e-08
2.42646e-08
2.24672e-08
5.27929e-08
1.38261e-08
8.08671e-08
9.79815e-08
-1.77046e-08
-1.77157e-08
1.33592e-07
-2.8832e-08
-1.83155e-08
1.10492e-07
-2.90754e-08
-1.93105e-08
7.25232e-08
-1.81477e-08
-2.03393e-08
3.3841e-08
2.53717e-11
-2.10179e-08
9.16673e-09
1.81973e-08
-2.10183e-08
9.16096e-09
2.91223e-08
-2.03405e-08
3.38235e-08
2.88696e-08
-1.93121e-08
7.24981e-08
1.7726e-08
-1.83177e-08
1.1046e-07
-1.77161e-08
1.33557e-07
-1.83044e-08
-2.88515e-08
1.1049e-07
-2.98243e-08
-2.98438e-08
8.61359e-08
-3.00973e-08
-3.14925e-08
4.60533e-08
-1.88072e-08
-3.31988e-08
5.15991e-09
2.49811e-11
-3.43277e-08
-2.10314e-08
1.88562e-08
-3.43285e-08
-2.10372e-08
3.01436e-08
-3.32011e-08
5.14251e-09
2.98623e-08
-3.14957e-08
4.60281e-08
1.83273e-08
-2.9848e-08
8.61043e-08
-2.88547e-08
1.10456e-07
-1.92994e-08
-2.91022e-08
7.25188e-08
-3.14729e-08
-3.01241e-08
4.60506e-08
-3.17981e-08
-3.1825e-08
2.3997e-09
-1.99074e-08
-3.35874e-08
-4.22406e-08
2.41917e-11
-3.47589e-08
-7.10123e-08
1.99549e-08
-3.476e-08
-7.10182e-08
3.18433e-08
-3.35903e-08
-4.22582e-08
3.15103e-08
-3.18292e-08
2.37424e-09
1.93222e-08
-3.01291e-08
4.60189e-08
-2.91068e-08
7.24844e-08
-2.03283e-08
-1.81748e-08
3.38338e-08
-3.31793e-08
-1.88345e-08
5.15453e-09
-3.35605e-08
-1.99349e-08
-4.22432e-08
-2.10508e-08
-2.10785e-08
-9.08158e-08
2.31439e-11
-2.18446e-08
-1.22322e-07
2.10965e-08
-2.18458e-08
-1.22328e-07
3.36044e-08
-2.10821e-08
-9.08338e-08
3.32162e-08
-1.99401e-08
-4.2269e-08
2.03512e-08
-1.8841e-08
5.12311e-09
-1.81814e-08
3.37992e-08
-2.10068e-08
-3.10837e-12
9.15838e-09
-3.43085e-08
-3.66228e-12
-2.10379e-08
-3.47323e-08
-4.62928e-12
-7.10162e-08
-2.18169e-08
-5.86798e-12
-1.22323e-07
2.18996e-11
-7.17777e-12
-1.55768e-07
2.18602e-08
-8.26863e-12
-1.55775e-07
3.47745e-08
-8.985e-12
-1.22342e-07
3.43441e-08
-9.21068e-12
-7.1042e-08
2.10292e-08
-9.2144e-12
-2.10693e-08
-8.58849e-12
9.12366e-09
-2.10074e-08
1.81739e-08
9.15125e-09
-3.43094e-08
1.88326e-08
-2.10451e-08
-3.47335e-08
1.99312e-08
-7.10235e-08
-2.18182e-08
2.10724e-08
-1.22331e-07
2.08047e-11
2.18359e-08
-1.55776e-07
2.18595e-08
2.1835e-08
-1.55782e-07
3.47743e-08
2.10699e-08
-1.22349e-07
3.43444e-08
1.99272e-08
-7.10486e-08
2.10298e-08
1.88274e-08
-2.10754e-08
1.81683e-08
9.11751e-09
-2.03298e-08
2.91024e-08
3.3815e-08
-3.31821e-08
3.01234e-08
5.13594e-09
-3.35641e-08
3.1823e-08
-4.22622e-08
-2.10546e-08
3.35837e-08
-9.08353e-08
1.99417e-11
3.47535e-08
-1.22342e-07
2.10943e-08
3.47531e-08
-1.22348e-07
3.36034e-08
3.35824e-08
-9.08525e-08
3.32159e-08
3.18209e-08
-4.22867e-08
2.03515e-08
3.01207e-08
5.10643e-09
2.90993e-08
3.37819e-08
-1.93016e-08
2.88576e-08
7.24898e-08
-3.14771e-08
2.98502e-08
4.60217e-08
-3.18035e-08
3.14981e-08
2.37029e-09
-1.9913e-08
3.32036e-08
-4.22706e-08
1.94678e-11
3.43315e-08
-7.10426e-08
1.99518e-08
3.43313e-08
-7.10481e-08
3.18419e-08
3.3203e-08
-4.22869e-08
3.15103e-08
3.14971e-08
2.3473e-09
1.93234e-08
2.98488e-08
4.59937e-08
2.88541e-08
7.24591e-08
-1.83074e-08
1.77208e-08
1.10453e-07
-2.98294e-08
1.8322e-08
8.60999e-08
-3.01036e-08
1.93168e-08
4.6017e-08
-1.88139e-08
2.03453e-08
5.12326e-09
1.93014e-11
2.10234e-08
-2.10682e-08
1.88522e-08
2.10234e-08
-2.10735e-08
3.01415e-08
2.03453e-08
5.10769e-09
2.9862e-08
1.93167e-08
4.5995e-08
1.83286e-08
1.83221e-08
8.60733e-08
1.7717e-08
1.10424e-07
-1.77059e-08
1.3355e-07
-2.88361e-08
1.10451e-07
-2.90818e-08
7.24818e-08
-1.81546e-08
3.37989e-08
1.93367e-11
9.12469e-09
1.81929e-08
9.11959e-09
2.91198e-08
3.37836e-08
2.88673e-08
7.24609e-08
1.77235e-08
1.10424e-07
1.33519e-07
-2.30065e-08
-2.30181e-08
1.79702e-07
-3.75076e-08
-2.39021e-08
1.48988e-07
-3.78871e-08
-2.53776e-08
9.83716e-08
-2.37103e-08
-2.69093e-08
4.66628e-08
2.37408e-11
-2.79326e-08
1.34528e-08
2.37571e-08
-2.7933e-08
1.34464e-08
3.79298e-08
-2.69104e-08
4.66453e-08
3.75464e-08
-2.53792e-08
9.83429e-08
2.30406e-08
-2.39036e-08
1.48956e-07
-2.30212e-08
1.79663e-07
-2.38906e-08
-3.75277e-08
1.48986e-07
-3.89764e-08
-3.89964e-08
1.16417e-07
-3.94064e-08
-4.145e-08
6.26542e-08
-2.46988e-08
-4.40003e-08
7.63954e-09
2.33732e-11
-4.57102e-08
-2.78816e-08
2.47449e-08
-4.5711e-08
-2.7888e-08
3.94489e-08
-4.40026e-08
7.62148e-09
3.90146e-08
-4.14533e-08
6.26252e-08
2.39233e-08
-3.90003e-08
1.16385e-07
-3.75327e-08
1.48946e-07
-2.5366e-08
-3.79145e-08
9.8366e-08
-4.14299e-08
-3.94338e-08
6.26509e-08
-4.19493e-08
-4.19768e-08
3.54196e-09
-2.63571e-08
-4.46228e-08
-5.71165e-08
2.25624e-11
-4.64078e-08
-9.66021e-08
2.64017e-08
-4.64089e-08
-9.66088e-08
4.19906e-08
-4.46259e-08
-5.7135e-08
4.14674e-08
-4.19811e-08
3.51255e-09
2.53982e-08
-3.94388e-08
6.26179e-08
-3.79193e-08
9.83266e-08
-2.68978e-08
-2.37376e-08
4.6654e-08
-4.39803e-08
-2.47262e-08
7.63302e-09
-4.45953e-08
-2.63847e-08
-5.71196e-08
-2.80892e-08
-2.81172e-08
-1.23729e-07
2.14696e-11
-2.92972e-08
-1.67445e-07
2.81319e-08
-2.92985e-08
-1.67452e-07
4.46354e-08
-2.81208e-08
-1.23748e-07
4.40174e-08
-2.639e-08
-5.71492e-08
2.69299e-08
-2.47326e-08
7.59994e-09
-2.37442e-08
4.66157e-08
-2.79211e-08
-4.8229e-12
1.34432e-08
-4.56904e-08
-5.37956e-12
-2.7889e-08
-4.63805e-08
-6.37016e-12
-9.66063e-08
-2.92693e-08
-7.64594e-12
-1.67447e-07
2.022e-11
-8.95341e-12
-2.14249e-07
2.93097e-08
-1.00078e-11
-2.14257e-07
4.64189e-08
-1.06613e-11
-1.67467e-07
4.57264e-08
-1.0791e-11
-9.66368e-08
2.79527e-08
-1.07029e-11
-2.79225e-08
-1.00743e-11
1.34054e-08
-2.79217e-08
2.37339e-08
1.34359e-08
-4.56915e-08
2.47216e-08
-2.78966e-08
-4.63818e-08
2.63782e-08
-9.66141e-08
-2.92706e-08
2.81081e-08
-1.67455e-07
1.91681e-11
2.92856e-08
-2.14258e-07
2.93091e-08
2.92847e-08
-2.14265e-07
4.64188e-08
2.81057e-08
-1.67475e-07
4.57268e-08
2.63744e-08
-9.66441e-08
2.79533e-08
2.47166e-08
-2.79292e-08
2.37286e-08
1.33996e-08
-2.68993e-08
3.79102e-08
4.66366e-08
-4.39832e-08
3.9429e-08
7.61471e-09
-4.45991e-08
4.19706e-08
-5.71385e-08
-2.80931e-08
4.4615e-08
-1.23749e-07
1.83387e-11
4.63981e-08
-1.67466e-07
2.813e-08
4.63978e-08
-1.67474e-07
4.46347e-08
4.46139e-08
-1.23768e-07
4.40174e-08
4.19688e-08
-5.71675e-08
2.69302e-08
3.94266e-08
7.58278e-09
3.79075e-08
4.66012e-08
-2.53684e-08
3.75351e-08
9.83347e-08
-4.14343e-08
3.9003e-08
6.26188e-08
-4.19548e-08
4.14557e-08
3.50916e-09
-2.63627e-08
4.40051e-08
-5.71502e-08
1.79548e-11
4.5714e-08
-9.66367e-08
2.63989e-08
4.57139e-08
-9.66434e-08
4.19897e-08
4.40047e-08
-5.7168e-08
4.14679e-08
4.14549e-08
3.4819e-09
2.53994e-08
3.9001e-08
6.25887e-08
3.75349e-08
9.83004e-08
-2.38928e-08
2.30358e-08
1.4895e-07
-3.89812e-08
2.39182e-08
1.1638e-07
-3.94128e-08
2.53931e-08
6.26165e-08
-2.47054e-08
2.69243e-08
7.60102e-09
1.78687e-11
2.79471e-08
-2.79204e-08
2.47413e-08
2.79471e-08
-2.79266e-08
3.94472e-08
2.69242e-08
7.58452e-09
3.9014e-08
2.5393e-08
6.25905e-08
2.39229e-08
2.39166e-08
1.16351e-07
2.30382e-08
1.48917e-07
-2.30107e-08
1.79661e-07
-3.75139e-08
1.48945e-07
-3.7894e-08
9.83278e-08
-2.37173e-08
4.66188e-08
1.78393e-11
1.34087e-08
2.3753e-08
1.34029e-08
3.79278e-08
4.66035e-08
3.75478e-08
9.83024e-08
2.30445e-08
1.48918e-07
1.79632e-07
-3.00504e-08
-3.00627e-08
2.39953e-07
-4.90721e-08
-3.13709e-08
1.99508e-07
-4.96707e-08
-3.35637e-08
1.32655e-07
-3.11821e-08
-3.58496e-08
6.41399e-08
2.22517e-11
-3.73988e-08
1.97606e-08
3.12259e-08
-3.73992e-08
1.97531e-08
4.97132e-08
-3.58508e-08
6.41174e-08
4.91066e-08
-3.35654e-08
1.32622e-07
3.00687e-08
-3.13732e-08
1.99467e-07
-3.00627e-08
2.39908e-07
-3.13586e-08
-4.90931e-08
1.99505e-07
-5.1252e-08
-5.12729e-08
1.56334e-07
-5.19351e-08
-5.49336e-08
8.48227e-08
-3.26678e-08
-5.87553e-08
1.13891e-08
2.1816e-11
-6.13584e-08
-3.65029e-08
3.27109e-08
-6.13593e-08
-3.65105e-08
5.1977e-08
-5.87578e-08
1.13666e-08
5.1287e-08
-5.49371e-08
8.47902e-08
3.13788e-08
-5.12773e-08
1.56293e-07
-4.90962e-08
1.99461e-07
-3.35513e-08
-4.96992e-08
1.32648e-07
-5.49127e-08
-5.19637e-08
8.48185e-08
-5.57478e-08
-5.57764e-08
5.32905e-09
-3.51786e-08
-5.97624e-08
-7.65739e-08
2.09428e-11
-6.24982e-08
-1.30559e-07
3.52201e-08
-6.24993e-08
-1.30567e-07
5.57887e-08
-5.97655e-08
-7.65967e-08
5.49472e-08
-5.57808e-08
5.29644e-09
3.35715e-08
-5.19686e-08
8.47781e-08
-4.97035e-08
1.32604e-07
-3.58373e-08
-3.12098e-08
6.41292e-08
-5.87344e-08
-3.26957e-08
1.13811e-08
-5.97337e-08
-3.52067e-08
-7.65777e-08
-3.7815e-08
-3.78435e-08
-1.67458e-07
1.97987e-11
-3.96764e-08
-2.27996e-07
3.78546e-08
-3.96778e-08
-2.28004e-07
5.97734e-08
-3.78474e-08
-1.67482e-07
5.87686e-08
-3.52121e-08
-7.66105e-08
3.58577e-08
-3.27022e-08
1.13415e-08
-3.12163e-08
6.40859e-08
-3.73865e-08
-6.59335e-12
1.97481e-08
-6.13378e-08
-7.19555e-12
-3.65127e-08
-6.24699e-08
-8.2484e-12
-1.30565e-07
-3.96479e-08
-9.5903e-12
-2.27998e-07
1.84246e-11
-1.09933e-11
-2.93474e-07
3.9685e-08
-1.20811e-11
-2.93482e-07
6.25079e-08
-1.26097e-11
-2.28021e-07
6.13708e-08
-1.25782e-11
-1.30597e-07
3.74066e-08
-1.23502e-11
-3.65519e-08
-1.15364e-11
1.97052e-08
-3.73872e-08
3.12029e-08
1.97389e-08
-6.13389e-08
3.26878e-08
-3.65218e-08
-6.24713e-08
3.51967e-08
-1.30574e-07
-3.96493e-08
3.78309e-08
-2.28007e-07
1.73499e-11
3.96611e-08
-2.93483e-07
3.96846e-08
3.96603e-08
-2.93491e-07
6.2508e-08
3.78287e-08
-2.2803e-07
6.13714e-08
3.51932e-08
-1.30605e-07
3.74074e-08
3.26831e-08
-3.65592e-08
3.11979e-08
1.96979e-08
-3.58389e-08
4.9694e-08
6.41048e-08
-5.87375e-08
5.19576e-08
1.1357e-08
-5.97377e-08
5.5769e-08
-7.66023e-08
-3.78191e-08
5.97532e-08
-1.67484e-07
1.66208e-11
6.24872e-08
-2.28021e-07
3.78529e-08
6.2487e-08
-2.28028e-07
5.97731e-08
5.97524e-08
-1.67505e-07
5.87689e-08
5.57675e-08
-7.66327e-08
3.58585e-08
5.19555e-08
1.13208e-08
4.96918e-08
6.40646e-08
-3.35538e-08
4.90954e-08
1.32611e-07
-5.49172e-08
5.12756e-08
8.47813e-08
-5.57536e-08
5.49357e-08
5.29128e-09
-3.51844e-08
5.87566e-08
-7.66126e-08
1.63781e-11
6.13587e-08
-1.30598e-07
3.52176e-08
6.13588e-08
-1.30605e-07
5.57882e-08
5.87566e-08
-7.66328e-08
5.49481e-08
5.49353e-08
5.26298e-09
3.35733e-08
5.1275e-08
8.47471e-08
4.90922e-08
1.32574e-07
-3.13618e-08
3.0064e-08
1.99458e-07
-5.12573e-08
3.1374e-08
1.56287e-07
-5.19418e-08
3.35668e-08
8.47759e-08
-3.26746e-08
3.58524e-08
1.13421e-08
1.64022e-11
3.74013e-08
-3.65499e-08
3.27077e-08
3.74015e-08
-3.65565e-08
5.1976e-08
3.58528e-08
1.13228e-08
5.12877e-08
3.35671e-08
8.4749e-08
3.13809e-08
3.13749e-08
1.56255e-07
3.00598e-08
1.99422e-07
-3.00515e-08
2.39899e-07
-4.90763e-08
1.99455e-07
-4.96773e-08
1.32602e-07
-3.1189e-08
6.40861e-08
1.65679e-11
1.97072e-08
3.12223e-08
1.9701e-08
4.97119e-08
6.40674e-08
4.91049e-08
1.32576e-07
3.00659e-08
1.99423e-07
2.39862e-07
-3.93548e-08
-3.93678e-08
3.1875e-07
-6.43666e-08
-4.12985e-08
2.65901e-07
-6.52954e-08
-4.45563e-08
1.7822e-07
-4.1141e-08
-4.79679e-08
8.80321e-08
2.01964e-11
-5.03204e-08
2.89972e-08
4.11813e-08
-5.03208e-08
2.89892e-08
6.53328e-08
-4.79691e-08
8.80102e-08
6.44025e-08
-4.4558e-08
1.78185e-07
3.93889e-08
-4.12999e-08
2.65862e-07
-3.93711e-08
3.18703e-07
-4.12855e-08
-6.43885e-08
2.65898e-07
-6.75985e-08
-6.76204e-08
2.09061e-07
-6.86707e-08
-7.3084e-08
1.14511e-07
-4.33787e-08
-7.88154e-08
1.70307e-08
1.97717e-11
-8.27915e-08
-4.73453e-08
4.34182e-08
-8.27924e-08
-4.73534e-08
6.87079e-08
-7.88179e-08
1.70083e-08
6.76338e-08
-7.30875e-08
1.14475e-07
4.13178e-08
-6.76244e-08
2.09021e-07
-6.43938e-08
2.6585e-07
-4.45432e-08
-6.53249e-08
1.78212e-07
-7.30621e-08
-6.87002e-08
1.14506e-07
-7.43936e-08
-7.44233e-08
8.08454e-09
-4.71894e-08
-8.04353e-08
-1.02076e-07
1.88792e-11
-8.46469e-08
-1.7583e-07
4.72273e-08
-8.46482e-08
-1.75839e-07
7.44298e-08
-8.04386e-08
-1.02099e-07
7.30968e-08
-7.44277e-08
8.04877e-09
4.45751e-08
-6.87051e-08
1.14466e-07
-6.53294e-08
1.78165e-07
-4.79548e-08
-4.11691e-08
8.80191e-08
-7.87936e-08
-4.34069e-08
1.70212e-08
-8.04057e-08
-4.72179e-08
-1.0208e-07
-5.12142e-08
-5.12432e-08
-2.25753e-07
1.76686e-11
-5.41095e-08
-3.09675e-07
5.12501e-08
-5.41108e-08
-3.09684e-07
8.04406e-08
-5.12469e-08
-2.25776e-07
7.8828e-08
-4.72232e-08
-1.02116e-07
4.79869e-08
-4.34132e-08
1.6982e-08
-4.11754e-08
8.79742e-08
-5.03074e-08
-8.73541e-12
2.89831e-08
-8.27701e-08
-9.35993e-12
-4.7356e-08
-8.46178e-08
-1.0435e-11
-1.75836e-07
-5.40805e-08
-1.18247e-11
-3.09678e-07
1.63063e-11
-1.32007e-11
-4.01577e-07
5.41141e-08
-1.42147e-11
-4.01587e-07
8.46511e-08
-1.46595e-11
-3.09703e-07
8.28037e-08
-1.44995e-11
-1.75873e-07
5.03391e-08
-1.41566e-11
-4.73953e-08
-1.32706e-11
2.89396e-08
-5.03081e-08
4.11587e-08
2.89742e-08
-8.27713e-08
4.33954e-08
-4.73653e-08
-8.46192e-08
4.72043e-08
-1.75846e-07
-5.40819e-08
5.12268e-08
-3.09688e-07
1.53233e-11
5.40903e-08
-4.01588e-07
5.41137e-08
5.40896e-08
-4.01598e-07
8.46513e-08
5.12248e-08
-3.09713e-07
8.28044e-08
4.72011e-08
-1.75881e-07
5.03399e-08
4.33911e-08
-4.7403e-08
4.1154e-08
2.89331e-08
-4.79565e-08
6.53142e-08
8.79975e-08
-7.87968e-08
6.86889e-08
1.69987e-08
-8.04099e-08
7.44105e-08
-1.02103e-07
-5.12184e-08
8.04208e-08
-2.25777e-07
1.46293e-11
8.46307e-08
-3.09701e-07
5.12488e-08
8.46306e-08
-3.09711e-07
8.04407e-08
8.04204e-08
-2.25801e-07
7.88288e-08
7.44096e-08
-1.02138e-07
4.79877e-08
6.86873e-08
1.6962e-08
6.53123e-08
8.79576e-08
-4.45458e-08
6.43922e-08
1.78173e-07
-7.30669e-08
6.76231e-08
1.14467e-07
-7.43997e-08
7.3086e-08
8.04468e-09
-4.71953e-08
7.88166e-08
-1.02117e-07
1.45251e-11
8.2792e-08
-1.75872e-07
4.72254e-08
8.27921e-08
-1.75881e-07
7.443e-08
7.88168e-08
-1.02138e-07
7.30984e-08
7.3086e-08
8.01285e-09
4.45771e-08
6.76219e-08
1.14432e-07
6.43932e-08
1.78135e-07
-4.12878e-08
3.93848e-08
2.65853e-07
-6.76036e-08
4.13136e-08
2.09015e-07
-6.86774e-08
4.45708e-08
1.14465e-07
-4.33854e-08
4.7982e-08
1.69839e-08
1.46478e-11
5.03342e-08
-4.73922e-08
4.34156e-08
5.03344e-08
-4.73996e-08
6.87075e-08
4.79824e-08
1.69645e-08
6.76342e-08
4.45713e-08
1.14435e-07
4.1318e-08
4.13123e-08
2.08982e-07
3.93888e-08
2.65816e-07
-3.93595e-08
3.18699e-07
-6.43734e-08
2.65848e-07
-6.53027e-08
1.78167e-07
-4.1148e-08
8.79789e-08
1.48069e-11
2.89443e-08
4.11782e-08
2.89373e-08
6.53321e-08
8.79608e-08
6.44055e-08
1.78138e-07
3.93945e-08
2.65817e-07
3.18666e-07
-5.1517e-08
-5.15311e-08
4.21934e-07
-8.44334e-08
-5.43786e-08
3.53318e-07
-8.58796e-08
-5.92132e-08
2.38994e-07
-5.43474e-08
-6.43e-08
1.20909e-07
1.8262e-11
-6.78776e-08
4.2616e-08
5.43839e-08
-6.78781e-08
4.26072e-08
8.59167e-08
-6.43014e-08
1.20882e-07
8.44641e-08
-5.92149e-08
2.38956e-07
5.15319e-08
-5.4381e-08
3.53271e-07
-5.15306e-08
4.21883e-07
-5.43645e-08
-8.44567e-08
3.53314e-07
-8.92201e-08
-8.92433e-08
2.78896e-07
-9.09061e-08
-9.73924e-08
1.54484e-07
-5.77181e-08
-1.05983e-07
2.5629e-08
1.77908e-11
-1.12074e-07
-6.07828e-08
5.77537e-08
-1.12075e-07
-6.07917e-08
9.09426e-08
-1.05986e-07
2.56029e-08
8.92515e-08
-9.7396e-08
1.54446e-07
5.43818e-08
-8.92478e-08
2.78849e-07
-8.44595e-08
3.53265e-07
-5.9199e-08
-8.59106e-08
2.38984e-07
-9.73692e-08
-9.09372e-08
1.54478e-07
-9.94959e-08
-9.9527e-08
1.24447e-08
-6.35129e-08
-1.08598e-07
-1.3535e-07
1.68299e-11
-1.15108e-07
-2.36233e-07
6.35469e-08
-1.1511e-07
-2.36242e-07
9.95313e-08
-1.08602e-07
-1.35376e-07
9.74003e-08
-9.95313e-08
1.24076e-08
5.92164e-08
-9.09418e-08
1.54432e-07
-8.59143e-08
2.38936e-07
-6.42857e-08
-5.4376e-08
1.20893e-07
-1.0596e-07
-5.77468e-08
2.56178e-08
-1.08567e-07
-6.3542e-08
-1.35355e-07
-6.96713e-08
-6.97011e-08
-3.03448e-07
1.5572e-11
-7.42149e-08
-4.20158e-07
6.97033e-08
-7.42166e-08
-4.20167e-07
1.08602e-07
-6.97052e-08
-3.03475e-07
1.05991e-07
-6.35475e-08
-1.35392e-07
6.43038e-08
-5.77531e-08
2.55742e-08
-5.43821e-08
1.20847e-07
-6.78635e-08
-1.09704e-11
4.25983e-08
-1.12052e-07
-1.16122e-11
-6.07965e-08
-1.15078e-07
-1.27549e-11
-2.36241e-07
-7.41852e-08
-1.42159e-11
-4.20161e-07
1.39913e-11
-1.57615e-11
-5.49874e-07
7.42147e-08
-1.68667e-11
-5.49883e-07
1.15111e-07
-1.70924e-11
-4.20187e-07
1.12082e-07
-1.66733e-11
-2.36277e-07
6.78813e-08
-1.60964e-11
-6.08389e-08
-1.50245e-11
4.25532e-08
-6.78641e-08
5.43616e-08
4.25878e-08
-1.12053e-07
5.77312e-08
-6.08069e-08
-1.15079e-07
6.35242e-08
-2.36252e-07
-7.41867e-08
6.96803e-08
-4.20172e-07
1.29601e-11
7.41911e-08
-5.49884e-07
7.42145e-08
7.41906e-08
-5.49892e-07
1.15111e-07
6.96786e-08
-4.20196e-07
1.12083e-07
6.35214e-08
-2.36286e-07
6.78824e-08
5.77274e-08
-6.08465e-08
5.43574e-08
4.25456e-08
-6.42875e-08
8.58987e-08
1.20865e-07
-1.05964e-07
9.09242e-08
2.55901e-08
-1.08572e-07
9.95126e-08
-1.35384e-07
-6.96758e-08
1.08582e-07
-3.03477e-07
1.24484e-11
1.15091e-07
-4.20187e-07
6.97024e-08
1.15091e-07
-4.20195e-07
1.08602e-07
1.08582e-07
-3.03501e-07
1.05993e-07
9.95122e-08
-1.35416e-07
6.43051e-08
9.09231e-08
2.55519e-08
8.58974e-08
1.20824e-07
-5.92016e-08
8.44542e-08
2.38941e-07
-9.73741e-08
8.92413e-08
1.54435e-07
-9.95022e-08
9.73899e-08
1.24015e-08
-6.35191e-08
1.0598e-07
-1.35394e-07
1.25684e-11
1.12071e-07
-2.36277e-07
6.35456e-08
1.12071e-07
-2.36285e-07
9.95324e-08
1.05981e-07
-1.35416e-07
9.74025e-08
9.73905e-08
1.23713e-08
5.92191e-08
8.92417e-08
1.54399e-07
8.44515e-08
2.38904e-07
-5.43679e-08
5.15283e-08
3.53259e-07
-8.92258e-08
5.4378e-08
2.78842e-07
-9.0913e-08
5.92127e-08
1.5443e-07
-5.7725e-08
6.42994e-08
2.55759e-08
1.28838e-11
6.78769e-08
-6.08355e-08
5.77517e-08
6.78772e-08
-6.08427e-08
9.0943e-08
6.43002e-08
2.5555e-08
8.92536e-08
5.92136e-08
1.54402e-07
5.4385e-08
5.43797e-08
2.78808e-07
5.15238e-08
3.53224e-07
-5.15178e-08
4.21871e-07
-8.44376e-08
3.53257e-07
-8.58864e-08
2.38933e-07
-5.43543e-08
1.20848e-07
1.32289e-11
4.2557e-08
5.43816e-08
4.25505e-08
8.59169e-08
1.20829e-07
8.44634e-08
2.38907e-07
5.15291e-08
3.53225e-07
4.21834e-07
-6.73575e-08
-6.73727e-08
5.56728e-07
-1.10634e-07
-7.15562e-08
4.68224e-07
-1.12862e-07
-7.87157e-08
3.20007e-07
-7.17936e-08
-8.62874e-08
1.66195e-07
1.59605e-11
-9.17381e-08
6.26125e-08
7.18261e-08
-9.17386e-08
6.26035e-08
1.12893e-07
-8.62887e-08
1.66171e-07
1.10666e-07
-7.87174e-08
3.19968e-07
6.73914e-08
-7.15573e-08
4.68181e-07
-6.73761e-08
5.56676e-07
-7.15409e-08
-1.10659e-07
4.68219e-07
-1.17705e-07
-1.17729e-07
3.71316e-07
-1.20336e-07
-1.29868e-07
2.08345e-07
-7.68731e-08
-1.42734e-07
3.86891e-08
1.54857e-11
-1.52089e-07
-7.72441e-08
7.69048e-08
-1.5209e-07
-7.72533e-08
1.20367e-07
-1.42737e-07
3.86647e-08
1.17736e-07
-1.29871e-07
2.08306e-07
7.15728e-08
-1.17733e-07
3.71273e-07
-1.10664e-07
4.68167e-07
-7.87003e-08
-1.12895e-07
3.19995e-07
-1.29843e-07
-1.20368e-07
2.08338e-07
-1.33224e-07
-1.33256e-07
1.92862e-08
-8.56985e-08
-1.46941e-07
-1.78597e-07
1.4528e-11
-1.57044e-07
-3.1692e-07
8.57286e-08
-1.57045e-07
-3.16929e-07
1.33254e-07
-1.46945e-07
-1.78622e-07
1.29875e-07
-1.3326e-07
1.92481e-08
7.87319e-08
-1.20372e-07
2.08296e-07
-1.12898e-07
3.19946e-07
-8.62719e-08
-7.18227e-08
1.66177e-07
-1.4271e-07
-7.69023e-08
3.86761e-08
-1.46908e-07
-8.57282e-08
-1.78603e-07
-9.51397e-08
-9.51702e-08
-4.06907e-07
1.31839e-11
-1.0233e-07
-5.6994e-07
9.51678e-08
-1.02332e-07
-5.6995e-07
1.46938e-07
-9.51741e-08
-4.06932e-07
1.42741e-07
-8.57334e-08
-1.7864e-07
8.63042e-08
-7.6908e-08
3.86366e-08
-7.18282e-08
1.66132e-07
-9.17228e-08
-1.33728e-11
6.25925e-08
-1.52065e-07
-1.40515e-11
-7.7259e-08
-1.57012e-07
-1.51926e-11
-3.16928e-07
-1.023e-07
-1.67039e-11
-5.69944e-07
1.16808e-11
-1.81716e-11
-7.54409e-07
1.02325e-07
-1.91434e-11
-7.54421e-07
1.5704e-07
-1.92784e-11
-5.69971e-07
1.52096e-07
-1.87061e-11
-3.16966e-07
9.17549e-08
-1.80032e-11
-7.72973e-08
-1.6784e-11
6.2551e-08
-9.17234e-08
7.18043e-08
6.25827e-08
-1.52066e-07
7.68827e-08
-7.7269e-08
-1.57013e-07
8.57063e-08
-3.16938e-07
-1.02301e-07
9.51452e-08
-5.69955e-07
1.0844e-11
1.02302e-07
-7.5442e-07
1.02325e-07
1.02301e-07
-7.54433e-07
1.5704e-07
9.51438e-08
-5.69982e-07
1.52098e-07
8.57039e-08
-3.16974e-07
9.1756e-08
7.68792e-08
-7.73049e-08
7.18005e-08
6.25448e-08
-8.62737e-08
1.12876e-07
1.66153e-07
-1.42713e-07
1.20349e-07
3.86519e-08
-1.46913e-07
1.33236e-07
-1.78628e-07
-9.51443e-08
1.46919e-07
-4.06933e-07
1.03401e-11
1.5702e-07
-5.69968e-07
9.51674e-08
1.5702e-07
-5.69979e-07
1.46939e-07
1.46919e-07
-4.06958e-07
1.42743e-07
1.33236e-07
-1.78662e-07
8.63056e-08
1.20348e-07
3.86171e-08
1.12875e-07
1.66117e-07
-7.8703e-08
1.10658e-07
3.19953e-07
-1.29848e-07
1.17727e-07
2.08295e-07
-1.3323e-07
1.29865e-07
1.92435e-08
-8.57046e-08
1.42731e-07
-1.78641e-07
1.06191e-11
1.52086e-07
-3.16964e-07
8.5728e-08
1.52086e-07
-3.16974e-07
1.33256e-07
1.42732e-07
-1.78663e-07
1.29878e-07
1.29866e-07
1.92118e-08
7.8735e-08
1.17727e-07
2.08263e-07
1.1066e-07
3.19917e-07
-7.15432e-08
6.73888e-08
4.68169e-07
-1.1771e-07
7.15698e-08
3.71266e-07
-1.20342e-07
7.87289e-08
2.08295e-07
-7.68796e-08
8.63004e-08
3.86402e-08
1.10274e-11
9.17511e-08
-7.72924e-08
7.69034e-08
9.17516e-08
-7.73003e-08
1.20368e-07
8.63014e-08
3.86209e-08
1.17738e-07
7.87301e-08
2.08266e-07
7.15738e-08
7.15691e-08
3.71235e-07
6.73943e-08
4.68134e-07
-6.73626e-08
5.56671e-07
-1.10641e-07
4.68165e-07
-1.12869e-07
3.1995e-07
-7.18002e-08
1.6614e-07
1.14688e-11
6.25583e-08
7.18245e-08
6.25509e-08
1.12894e-07
1.66122e-07
1.10671e-07
3.19921e-07
6.73991e-08
4.68136e-07
5.5664e-07
-8.78193e-08
-8.78361e-08
7.32517e-07
-1.44629e-07
-9.39652e-08
6.19116e-07
-1.4806e-07
-1.04542e-07
4.28088e-07
-9.47679e-08
-1.15788e-07
2.28795e-07
1.37454e-11
-1.24102e-07
9.20365e-08
9.4796e-08
-1.24103e-07
9.20274e-08
1.48091e-07
-1.15789e-07
2.28768e-07
1.44656e-07
-1.04544e-07
4.2805e-07
8.78308e-08
-9.39672e-08
6.19068e-07
-8.78347e-08
7.32468e-07
-9.39483e-08
-1.44656e-07
6.19111e-07
-1.55046e-07
-1.55072e-07
4.93631e-07
-1.59148e-07
-1.73122e-07
2.81128e-07
-1.02418e-07
-1.92362e-07
5.86315e-08
1.32798e-11
-2.06769e-07
-9.69108e-08
1.02446e-07
-2.0677e-07
-9.692e-08
1.59178e-07
-1.92365e-07
5.86051e-08
1.55074e-07
-1.73126e-07
2.8109e-07
9.39627e-08
-1.55076e-07
4.93584e-07
-1.44658e-07
6.19063e-07
-1.04525e-07
-1.48094e-07
4.28074e-07
-1.73096e-07
-1.59182e-07
2.8112e-07
-1.78468e-07
-1.78503e-07
3.01281e-08
-1.1588e-07
-1.99138e-07
-2.34325e-07
1.22802e-11
-2.14883e-07
-4.24613e-07
1.15906e-07
-2.14884e-07
-4.24622e-07
1.78498e-07
-1.99141e-07
-2.34351e-07
1.73124e-07
-1.78507e-07
3.00918e-08
1.0454e-07
-1.59186e-07
2.81076e-07
-1.48096e-07
4.2803e-07
-1.15771e-07
-9.47976e-08
2.28773e-07
-1.92336e-07
-1.02448e-07
5.8616e-08
-1.99103e-07
-1.15911e-07
-2.34332e-07
-1.30382e-07
-1.30414e-07
-5.44262e-07
1.10026e-11
-1.41861e-07
-7.73262e-07
1.30406e-07
-1.41863e-07
-7.73272e-07
1.99132e-07
-1.30418e-07
-5.44288e-07
1.92364e-07
-1.15916e-07
-2.34368e-07
1.15787e-07
-1.02454e-07
5.85757e-08
-9.48025e-08
2.28732e-07
-1.24085e-07
-1.58758e-11
9.20116e-08
-2.06744e-07
-1.65175e-11
-9.69299e-08
-2.14849e-07
-1.77187e-11
-4.24625e-07
-1.4183e-07
-1.92773e-11
-7.73268e-07
9.44028e-12
-2.10696e-11
-1.03799e-06
1.41851e-07
-2.22635e-11
-1.03799e-06
2.14877e-07
-2.19926e-11
-7.73292e-07
2.06772e-07
-2.10182e-11
-4.24658e-07
1.24102e-07
-1.99613e-11
-9.69675e-08
-1.85697e-11
9.19736e-08
-1.24086e-07
9.47746e-08
9.20006e-08
-2.06745e-07
1.02424e-07
-9.69407e-08
-2.14851e-07
1.15884e-07
-4.24635e-07
-1.41831e-07
1.30384e-07
-7.73278e-07
8.45971e-12
1.41828e-07
-1.03799e-06
1.41851e-07
1.41828e-07
-1.038e-06
2.14878e-07
1.30383e-07
-7.733e-07
2.06774e-07
1.15883e-07
-4.24666e-07
1.24103e-07
1.02421e-07
-9.69745e-08
9.47714e-08
9.19665e-08
-1.15772e-07
1.48075e-07
2.28744e-07
-1.9234e-07
1.59161e-07
5.85876e-08
-1.99108e-07
1.78481e-07
-2.34361e-07
-1.30387e-07
1.99114e-07
-5.44291e-07
8.24091e-12
2.14858e-07
-7.73291e-07
1.30406e-07
2.14858e-07
-7.73299e-07
1.99134e-07
1.99115e-07
-5.44313e-07
1.92367e-07
1.78481e-07
-2.3439e-07
1.15789e-07
1.59161e-07
5.85554e-08
1.48074e-07
2.28711e-07
-1.04528e-07
1.44648e-07
4.2803e-07
-1.73101e-07
1.55065e-07
2.81076e-07
-1.78475e-07
1.73115e-07
3.00845e-08
-1.15887e-07
1.92355e-07
-2.34369e-07
8.82807e-12
2.06762e-07
-4.24657e-07
1.15907e-07
2.06763e-07
-4.24664e-07
1.78501e-07
1.92357e-07
-2.34389e-07
1.73128e-07
1.73117e-07
3.00581e-08
1.04544e-07
1.55067e-07
2.81046e-07
1.44645e-07
4.28001e-07
-9.39516e-08
8.78289e-08
6.19054e-07
-1.55052e-07
9.39606e-08
4.93576e-07
-1.59154e-07
1.04538e-07
2.81074e-07
-1.02425e-07
1.15784e-07
5.85799e-08
9.27466e-12
1.24099e-07
-9.69612e-08
1.02445e-07
1.24099e-07
-9.6968e-08
1.5918e-07
1.15785e-07
5.85611e-08
1.55077e-07
1.04539e-07
2.8105e-07
9.39672e-08
9.3963e-08
4.93547e-07
8.7824e-08
6.19025e-07
-8.78196e-08
7.32453e-07
-1.44633e-07
6.19055e-07
-1.48066e-07
4.28029e-07
-9.47741e-08
2.28737e-07
9.82089e-12
9.19819e-08
9.47954e-08
9.19762e-08
1.48093e-07
2.2872e-07
1.44656e-07
4.28007e-07
8.78283e-08
6.19028e-07
7.32425e-07
-1.1413e-07
-1.14149e-07
9.60852e-07
-1.88511e-07
-1.23087e-07
8.16649e-07
-1.93753e-07
-1.38665e-07
5.72056e-07
-1.24928e-07
-1.55322e-07
3.15353e-07
1.15713e-11
-1.68024e-07
1.35185e-07
1.24952e-07
-1.68025e-07
1.35176e-07
1.93777e-07
-1.55323e-07
3.1533e-07
1.8854e-07
-1.38666e-07
5.72018e-07
1.14164e-07
-1.23087e-07
8.16609e-07
-1.14152e-07
9.60802e-07
-1.23068e-07
-1.8854e-07
8.16641e-07
-2.03803e-07
-2.03831e-07
6.55186e-07
-2.10161e-07
-2.30614e-07
3.79506e-07
-1.36447e-07
-2.59334e-07
8.90001e-08
1.1127e-11
-2.81582e-07
-1.19738e-07
1.36471e-07
-2.81583e-07
-1.19747e-07
2.10185e-07
-2.59336e-07
8.89779e-08
2.03831e-07
-2.30617e-07
3.7947e-07
1.231e-07
-2.03834e-07
6.55148e-07
-1.88544e-07
8.16593e-07
-1.38646e-07
-1.9379e-07
5.72038e-07
-2.30586e-07
-2.10197e-07
3.79496e-07
-2.39096e-07
-2.39133e-07
4.72208e-08
-1.57012e-07
-2.70222e-07
-3.05458e-07
1.04301e-11
-2.94873e-07
-5.68278e-07
1.57034e-07
-2.94875e-07
-5.68286e-07
2.3912e-07
-2.70226e-07
-3.05478e-07
2.30614e-07
-2.39136e-07
4.71874e-08
1.38678e-07
-2.102e-07
3.79462e-07
-1.93791e-07
5.71996e-07
-1.55303e-07
-1.24958e-07
3.15326e-07
-2.59305e-07
-1.36478e-07
8.89812e-08
-2.70185e-07
-1.57043e-07
-3.05466e-07
-1.79326e-07
-1.79358e-07
-7.25907e-07
8.99808e-12
-1.97817e-07
-1.04957e-06
1.79346e-07
-1.97819e-07
-1.04957e-06
2.70209e-07
-1.79362e-07
-7.25927e-07
2.59335e-07
-1.57048e-07
-3.05497e-07
1.55336e-07
-1.36482e-07
8.89508e-08
-1.24962e-07
3.15291e-07
-1.68005e-07
-1.8296e-11
1.35155e-07
-2.81555e-07
-1.8978e-11
-1.1976e-07
-2.94837e-07
-2.01148e-11
-5.68291e-07
-1.97785e-07
-2.17365e-11
-1.04957e-06
7.2095e-12
-2.33576e-11
-1.43347e-06
1.97803e-07
-2.4235e-11
-1.43349e-06
2.9486e-07
-2.39352e-11
-1.0496e-06
2.81585e-07
-2.28441e-11
-5.68321e-07
1.68039e-07
-2.16961e-11
-1.19787e-07
-2.01245e-11
1.35125e-07
-1.68006e-07
1.24932e-07
1.35145e-07
-2.81556e-07
1.3645e-07
-1.19769e-07
-2.94838e-07
1.57013e-07
-5.683e-07
-1.97786e-07
1.79324e-07
-1.04958e-06
6.61965e-12
1.9778e-07
-1.43349e-06
1.97803e-07
1.9778e-07
-1.4335e-06
2.94861e-07
1.79324e-07
-1.04961e-06
2.81587e-07
1.57011e-07
-5.68329e-07
1.6804e-07
1.36447e-07
-1.19794e-07
1.24929e-07
1.3512e-07
-1.55305e-07
1.93763e-07
3.15303e-07
-2.59309e-07
2.1017e-07
8.89589e-08
-2.7019e-07
2.39104e-07
-3.05488e-07
-1.79331e-07
2.70192e-07
-7.25929e-07
6.33389e-12
2.94841e-07
-1.04959e-06
1.79347e-07
2.94842e-07
-1.0496e-06
2.70212e-07
2.70194e-07
-7.25951e-07
2.59338e-07
2.39106e-07
-3.05516e-07
1.55338e-07
2.1017e-07
8.89352e-08
1.93763e-07
3.15279e-07
-1.38649e-07
1.88534e-07
5.71996e-07
-2.30591e-07
2.03824e-07
3.79455e-07
-2.39103e-07
2.30607e-07
4.71814e-08
-1.57018e-07
2.59327e-07
-3.05496e-07
7.04977e-12
2.81576e-07
-5.68318e-07
1.57035e-07
2.81577e-07
-5.68326e-07
2.39124e-07
2.59329e-07
-3.05514e-07
2.30619e-07
2.30609e-07
4.71566e-08
1.38682e-07
2.03825e-07
3.79434e-07
1.88538e-07
5.71972e-07
-1.2307e-07
1.14164e-07
8.16593e-07
-2.03807e-07
1.23099e-07
6.55139e-07
-2.10167e-07
1.38677e-07
3.79462e-07
-1.36453e-07
1.55334e-07
8.89581e-08
7.88795e-12
1.68037e-07
-1.19778e-07
1.36471e-07
1.68038e-07
-1.19785e-07
2.10188e-07
1.55336e-07
8.89433e-08
2.03834e-07
1.38679e-07
3.79439e-07
1.23101e-07
1.23098e-07
6.55118e-07
1.14171e-07
8.16568e-07
-1.14135e-07
9.60795e-07
-1.88518e-07
8.16592e-07
-1.93759e-07
5.72003e-07
-1.24933e-07
3.15305e-07
8.52562e-12
1.3514e-07
1.24952e-07
1.35133e-07
1.9378e-07
3.15291e-07
1.88547e-07
5.7198e-07
1.14174e-07
8.16572e-07
9.60773e-07
-1.47675e-07
-1.47696e-07
1.25636e-06
-2.44769e-07
-1.60673e-07
1.07453e-06
-2.52751e-07
-1.83538e-07
7.63684e-07
-1.64395e-07
-2.08132e-07
4.35233e-07
9.69343e-12
-2.27558e-07
1.98447e-07
1.64415e-07
-2.27559e-07
1.98439e-07
2.52776e-07
-2.08133e-07
4.3521e-07
2.44792e-07
-1.83539e-07
7.63652e-07
1.47684e-07
-1.60674e-07
1.07449e-06
-1.47693e-07
1.25632e-06
-1.60652e-07
-2.448e-07
1.07452e-06
-2.67128e-07
-2.67159e-07
8.6826e-07
-2.76957e-07
-3.06799e-07
5.12697e-07
-1.81722e-07
-3.4957e-07
1.35303e-07
9.22035e-12
-3.84026e-07
-1.44897e-07
1.81741e-07
-3.84027e-07
-1.44905e-07
2.76982e-07
-3.49573e-07
1.35281e-07
2.67152e-07
-3.06801e-07
5.12666e-07
1.60664e-07
-2.67162e-07
8.68221e-07
-2.448e-07
1.07449e-06
-1.83517e-07
-2.52791e-07
7.63663e-07
-3.06768e-07
-2.76997e-07
5.12685e-07
-3.20235e-07
-3.20274e-07
7.42492e-08
-2.13185e-07
-3.67065e-07
-3.94931e-07
8.19023e-12
-4.05845e-07
-7.59566e-07
2.13204e-07
-4.05847e-07
-7.59573e-07
3.20259e-07
-3.67068e-07
-3.94951e-07
3.06793e-07
-3.20277e-07
7.42211e-08
1.83531e-07
-2.76998e-07
5.12651e-07
-2.5279e-07
7.63632e-07
-2.0811e-07
-1.64426e-07
4.352e-07
-3.4954e-07
-1.81753e-07
1.35279e-07
-3.67025e-07
-2.13218e-07
-3.94943e-07
-2.4758e-07
-2.47614e-07
-9.64713e-07
7.04344e-12
-2.77653e-07
-1.42525e-06
2.47597e-07
-2.77655e-07
-1.42526e-06
3.67049e-07
-2.47619e-07
-9.64733e-07
3.49566e-07
-2.13222e-07
-3.94969e-07
2.08125e-07
-1.81757e-07
1.35251e-07
-1.64429e-07
4.35174e-07
-2.27537e-07
-2.07658e-11
1.98408e-07
-3.83997e-07
-2.13438e-11
-1.44927e-07
-4.05807e-07
-2.25338e-11
-7.59587e-07
-2.77619e-07
-2.40917e-11
-1.42526e-06
5.13825e-12
-2.63489e-11
-1.98861e-06
2.77633e-07
-2.76976e-11
-1.98862e-06
4.05832e-07
-2.66865e-11
-1.42528e-06
3.84024e-07
-2.50052e-11
-7.59609e-07
2.27553e-07
-2.33883e-11
-1.44951e-07
-2.16667e-11
1.98386e-07
-2.27538e-07
1.64395e-07
1.98398e-07
-3.83998e-07
1.81721e-07
-1.44937e-07
-4.05808e-07
2.13183e-07
-7.59596e-07
-2.77621e-07
2.47576e-07
-1.42527e-06
3.79366e-12
2.77611e-07
-1.98862e-06
2.77634e-07
2.77611e-07
-1.98862e-06
4.05833e-07
2.47576e-07
-1.42528e-06
3.84027e-07
2.13182e-07
-7.59615e-07
2.27555e-07
1.81719e-07
-1.44957e-07
1.64393e-07
1.9838e-07
-2.08112e-07
2.52763e-07
4.35173e-07
-3.49543e-07
2.76968e-07
1.35254e-07
-3.6703e-07
3.20245e-07
-3.94968e-07
-2.47586e-07
3.67034e-07
-9.64739e-07
4.21834e-12
4.05814e-07
-1.42528e-06
2.47599e-07
4.05815e-07
-1.42528e-06
3.67054e-07
3.67037e-07
-9.64752e-07
3.4957e-07
3.20247e-07
-3.94987e-07
2.08128e-07
2.76969e-07
1.35235e-07
2.52763e-07
4.35157e-07
-1.8352e-07
2.44787e-07
7.63622e-07
-3.06773e-07
2.67147e-07
5.12645e-07
-3.20241e-07
3.06787e-07
7.42108e-08
-2.13192e-07
3.49559e-07
-3.94969e-07
5.48017e-12
3.84016e-07
-7.59604e-07
2.13206e-07
3.84018e-07
-7.59608e-07
3.20264e-07
3.49562e-07
-3.94981e-07
3.06799e-07
3.0679e-07
7.41947e-08
1.83535e-07
2.67149e-07
5.12628e-07
2.44785e-07
7.63609e-07
-1.60655e-07
1.47685e-07
1.07447e-06
-2.67133e-07
1.60665e-07
8.68211e-07
-2.76963e-07
1.83531e-07
5.12651e-07
-1.81727e-07
2.08125e-07
1.35261e-07
6.28642e-12
2.27553e-07
-1.44936e-07
1.81743e-07
2.27554e-07
-1.44941e-07
2.76986e-07
2.08127e-07
1.35249e-07
2.67157e-07
1.83533e-07
5.12636e-07
1.6067e-07
1.60668e-07
8.68194e-07
1.47679e-07
1.07446e-06
-1.47675e-07
1.2563e-06
-2.44771e-07
1.07448e-06
-2.52756e-07
7.63635e-07
-1.644e-07
4.35189e-07
7.31454e-12
1.98407e-07
1.64416e-07
1.98405e-07
2.5278e-07
4.35179e-07
2.44793e-07
7.63624e-07
1.47682e-07
1.07446e-06
1.25629e-06
-1.90155e-07
-1.90178e-07
1.63674e-06
-3.164e-07
-2.08909e-07
1.40975e-06
-3.28473e-07
-2.42334e-07
1.01815e-06
-2.15851e-07
-2.78506e-07
6.01179e-07
7.73776e-12
-3.08251e-07
2.90907e-07
2.15868e-07
-3.08251e-07
2.90901e-07
3.28491e-07
-2.78507e-07
6.01163e-07
3.16425e-07
-2.42334e-07
1.01812e-06
1.90189e-07
-2.08908e-07
1.40972e-06
-1.90179e-07
1.6367e-06
-2.08886e-07
-3.16435e-07
1.40974e-06
-3.48937e-07
-3.48972e-07
1.14845e-06
-3.64054e-07
-4.07461e-07
6.93013e-07
-2.41883e-07
-4.70987e-07
2.05687e-07
7.38729e-12
-5.24498e-07
-1.70461e-07
2.419e-07
-5.24499e-07
-1.70467e-07
3.64073e-07
-4.70989e-07
2.05672e-07
3.48963e-07
-4.07463e-07
6.92986e-07
2.08918e-07
-3.48972e-07
1.14842e-06
-3.16437e-07
1.4097e-06
-2.4231e-07
-3.28516e-07
1.01812e-06
-4.07427e-07
-3.64097e-07
6.92997e-07
-4.28683e-07
-4.28727e-07
1.16831e-07
-2.90093e-07
-4.99047e-07
-5.05399e-07
6.97677e-12
-5.60367e-07
-1.01373e-06
2.90109e-07
-5.60369e-07
-1.01373e-06
4.28702e-07
-4.9905e-07
-5.05411e-07
4.07454e-07
-4.28729e-07
1.1681e-07
2.42342e-07
-3.64097e-07
6.92977e-07
-3.28514e-07
1.01809e-06
-2.78482e-07
-2.15884e-07
6.01135e-07
-4.70954e-07
-2.41917e-07
2.05655e-07
-4.99003e-07
-2.90128e-07
-5.05416e-07
-3.43194e-07
-3.4323e-07
-1.27626e-06
5.62842e-12
-3.92587e-07
-1.93613e-06
3.43209e-07
-3.92589e-07
-1.93613e-06
4.99023e-07
-3.43234e-07
-1.27626e-06
4.70982e-07
-2.90131e-07
-5.05432e-07
2.78516e-07
-2.41919e-07
2.05642e-07
-2.15885e-07
6.01116e-07
-3.08227e-07
-2.30485e-11
2.90856e-07
-5.24467e-07
-2.36323e-11
-1.70499e-07
-5.60324e-07
-2.45944e-11
-1.01375e-06
-3.92551e-07
-2.62351e-11
-1.93614e-06
3.58252e-12
-2.81003e-11
-2.77361e-06
3.92563e-07
-2.88292e-11
-2.77362e-06
5.60344e-07
-2.8002e-11
-1.93616e-06
5.24496e-07
-2.63671e-11
-1.01377e-06
3.08262e-07
-2.47823e-11
-1.70507e-07
-2.29478e-11
2.90845e-07
-3.08228e-07
2.15849e-07
2.90848e-07
-5.24468e-07
2.41881e-07
-1.70507e-07
-5.60326e-07
2.90089e-07
-1.01376e-06
-3.92553e-07
3.43189e-07
-1.93615e-06
3.02892e-12
3.92541e-07
-2.77362e-06
3.92564e-07
3.92542e-07
-2.77363e-06
5.60346e-07
3.43189e-07
-1.93617e-06
5.24499e-07
2.90089e-07
-1.01378e-06
3.08264e-07
2.41879e-07
-1.70512e-07
2.15847e-07
2.90841e-07
-2.78483e-07
3.28481e-07
6.01116e-07
-4.70957e-07
3.64063e-07
2.05638e-07
-4.99008e-07
4.28691e-07
-5.05432e-07
-3.432e-07
4.9901e-07
-1.27627e-06
2.98778e-12
5.60329e-07
-1.93615e-06
3.43211e-07
5.60331e-07
-1.93616e-06
4.99027e-07
4.99013e-07
-1.27628e-06
4.70986e-07
4.28693e-07
-5.05444e-07
2.78519e-07
3.64063e-07
2.05632e-07
3.28481e-07
6.01109e-07
-2.42312e-07
3.16424e-07
1.01809e-06
-4.07432e-07
3.4896e-07
6.92962e-07
-4.28689e-07
4.07451e-07
1.168e-07
-2.90099e-07
4.70978e-07
-5.05428e-07
4.6412e-12
5.24491e-07
-1.01376e-06
2.90112e-07
5.24492e-07
-1.01376e-06
4.28708e-07
4.70981e-07
-5.05436e-07
4.0746e-07
4.07454e-07
1.16788e-07
2.42347e-07
3.48961e-07
6.92957e-07
3.16428e-07
1.01808e-06
-2.08887e-07
1.90192e-07
1.4097e-06
-3.4894e-07
2.08921e-07
1.14841e-06
-3.64059e-07
2.42345e-07
6.9298e-07
-2.41888e-07
2.78518e-07
2.0566e-07
5.61938e-12
3.08265e-07
-1.70484e-07
2.41902e-07
3.08266e-07
-1.70487e-07
3.64078e-07
2.78521e-07
2.05654e-07
3.48967e-07
2.42348e-07
6.92969e-07
2.0892e-07
2.08921e-07
1.1484e-06
1.902e-07
1.40969e-06
-1.90159e-07
1.63669e-06
-3.16405e-07
1.4097e-06
-3.28477e-07
1.01811e-06
-2.15854e-07
6.01146e-07
6.53127e-12
2.9088e-07
2.15869e-07
2.90877e-07
3.28495e-07
6.01141e-07
3.16433e-07
1.0181e-06
1.902e-07
1.40969e-06
1.63668e-06
-2.43395e-07
-2.43422e-07
2.12371e-06
-4.06806e-07
-2.70295e-07
1.84358e-06
-4.24974e-07
-3.1892e-07
1.35535e-06
-2.82651e-07
-3.71885e-07
8.30858e-07
6.43334e-12
-4.1746e-07
4.25835e-07
2.82664e-07
-4.1746e-07
4.25831e-07
4.24994e-07
-3.71886e-07
8.30844e-07
4.06826e-07
-3.1892e-07
1.35533e-06
2.43402e-07
-2.70294e-07
1.84355e-06
-2.43416e-07
2.12368e-06
-2.70268e-07
-4.06845e-07
1.84357e-06
-4.53899e-07
-4.53937e-07
1.51584e-06
-4.77053e-07
-5.39927e-07
9.37284e-07
-3.2169e-07
-6.33964e-07
3.12516e-07
6.19225e-12
-7.17299e-07
-1.92197e-07
3.21704e-07
-7.173e-07
-1.92201e-07
4.77073e-07
-6.33965e-07
3.12503e-07
4.5392e-07
-5.39928e-07
9.37266e-07
2.70279e-07
-4.53937e-07
1.51582e-06
-4.06841e-07
1.84355e-06
-3.18893e-07
-4.25022e-07
1.35532e-06
-5.3989e-07
-4.77101e-07
9.37264e-07
-5.7338e-07
-5.73429e-07
1.83911e-07
-3.95666e-07
-6.78921e-07
-6.38071e-07
5.65685e-12
-7.76388e-07
-1.35022e-06
3.9568e-07
-7.76389e-07
-1.35022e-06
5.734e-07
-6.78923e-07
-6.38079e-07
5.39913e-07
-5.7343e-07
1.83897e-07
3.18905e-07
-4.77099e-07
9.37245e-07
-4.25017e-07
1.3553e-06
-3.71858e-07
-2.82686e-07
8.308e-07
-6.33927e-07
-3.21725e-07
3.12472e-07
-6.78871e-07
-3.95703e-07
-6.38096e-07
-4.77764e-07
-4.77803e-07
-1.67838e-06
4.41816e-12
-5.59725e-07
-2.63046e-06
4.77776e-07
-5.59728e-07
-2.63047e-06
6.78893e-07
-4.77808e-07
-1.67839e-06
6.33953e-07
-3.95707e-07
-6.38107e-07
3.71873e-07
-3.21727e-07
3.12459e-07
-2.82685e-07
8.30791e-07
-4.17433e-07
-2.52272e-11
4.25764e-07
-7.17265e-07
-2.56456e-11
-1.92254e-07
-7.7634e-07
-2.66526e-11
-1.35026e-06
-5.59687e-07
-2.79331e-11
-2.63048e-06
1.53875e-12
-3.09993e-11
-3.89286e-06
5.59696e-07
-3.30004e-11
-3.89286e-06
7.76363e-07
-3.07938e-11
-2.63048e-06
7.17292e-07
-2.82517e-11
-1.35027e-06
4.1745e-07
-2.60968e-11
-1.92261e-07
-2.41258e-11
4.25759e-07
-4.17434e-07
2.82647e-07
4.25754e-07
-7.17266e-07
3.21686e-07
-1.92263e-07
-7.76341e-07
3.95662e-07
-1.35027e-06
-5.59689e-07
4.77758e-07
-2.63049e-06
-8.98684e-14
5.59675e-07
-3.89287e-06
5.59698e-07
5.59676e-07
-3.89286e-06
7.76366e-07
4.77759e-07
-2.63048e-06
7.17295e-07
3.95661e-07
-1.35027e-06
4.17452e-07
3.21684e-07
-1.92266e-07
2.82645e-07
4.25753e-07
-3.71859e-07
4.24987e-07
8.30777e-07
-6.3393e-07
4.77066e-07
3.1245e-07
-6.78876e-07
5.73393e-07
-6.38115e-07
-4.77771e-07
6.78884e-07
-1.6784e-06
9.24504e-13
7.76352e-07
-2.63048e-06
4.7778e-07
7.76354e-07
-2.63048e-06
6.78899e-07
6.78888e-07
-1.67841e-06
6.33958e-07
5.73395e-07
-6.3812e-07
3.71876e-07
4.77066e-07
3.12448e-07
4.24987e-07
8.30776e-07
-3.18895e-07
4.06826e-07
1.35528e-06
-5.39893e-07
4.5392e-07
9.37231e-07
-5.73386e-07
5.39912e-07
1.8388e-07
-3.95673e-07
6.33951e-07
-6.38101e-07
3.07699e-12
7.17289e-07
-1.35025e-06
3.95684e-07
7.17291e-07
-1.35025e-06
5.73408e-07
6.33955e-07
-6.38102e-07
5.3992e-07
5.39916e-07
1.83878e-07
3.18911e-07
4.53923e-07
9.37228e-07
4.06824e-07
1.35529e-06
-2.7027e-07
2.43407e-07
1.84352e-06
-4.53901e-07
2.70284e-07
1.5158e-06
-4.77056e-07
3.18911e-07
9.3725e-07
-3.21694e-07
3.71878e-07
3.12487e-07
4.87894e-12
4.17455e-07
-1.92221e-07
3.21707e-07
4.17456e-07
-1.92221e-07
4.77078e-07
3.7188e-07
3.12485e-07
4.53926e-07
3.18913e-07
9.37247e-07
2.70285e-07
2.70287e-07
1.5158e-06
2.43401e-07
1.84352e-06
-2.43392e-07
2.12366e-06
-4.06805e-07
1.84354e-06
-4.24976e-07
1.35532e-06
-2.82653e-07
8.30832e-07
5.86882e-12
4.25816e-07
2.82667e-07
4.25817e-07
4.24998e-07
8.30831e-07
4.06826e-07
1.35532e-06
2.43398e-07
1.84354e-06
2.12366e-06
-3.09453e-07
-3.09483e-07
2.7427e-06
-5.19801e-07
-3.47749e-07
2.40174e-06
-5.46946e-07
-4.18091e-07
1.80065e-06
-3.68916e-07
-4.95239e-07
1.14814e-06
5.20479e-12
-5.65096e-07
6.2209e-07
3.68929e-07
-5.65096e-07
6.22086e-07
5.4696e-07
-4.95239e-07
1.14813e-06
5.19823e-07
-4.1809e-07
1.80064e-06
3.09488e-07
-3.47746e-07
2.40173e-06
-3.09483e-07
2.74267e-06
-3.47719e-07
-5.19845e-07
2.40172e-06
-5.87523e-07
-5.87566e-07
1.99554e-06
-6.22792e-07
-7.13437e-07
1.26798e-06
-4.27331e-07
-8.52086e-07
4.73984e-07
5.08181e-12
-9.82185e-07
-2.02352e-07
4.27344e-07
-9.82185e-07
-2.02353e-07
6.22807e-07
-8.52086e-07
4.7398e-07
5.87545e-07
-7.13437e-07
1.26796e-06
3.47752e-07
-5.87564e-07
1.99553e-06
-5.19844e-07
2.4017e-06
-4.1806e-07
-5.47e-07
1.80061e-06
-7.13394e-07
-6.22847e-07
1.26795e-06
-7.66023e-07
-7.6608e-07
2.89242e-07
-5.40982e-07
-9.23968e-07
-7.91167e-07
5.25352e-12
-1.0797e-06
-1.79362e-06
5.40995e-07
-1.0797e-06
-1.79362e-06
7.66038e-07
-9.23969e-07
-7.91166e-07
7.13418e-07
-7.66079e-07
2.89237e-07
4.18093e-07
-6.22843e-07
1.26794e-06
-5.46994e-07
1.80059e-06
-4.95208e-07
-3.68955e-07
1.14806e-06
-8.52044e-07
-4.2737e-07
4.73923e-07
-9.23909e-07
-5.41024e-07
-7.91205e-07
-6.68048e-07
-6.68091e-07
-2.19003e-06
3.84541e-12
-8.05474e-07
-3.57263e-06
6.6806e-07
-8.05476e-07
-3.57262e-06
9.23927e-07
-6.68094e-07
-2.19002e-06
8.52071e-07
-5.41025e-07
-7.91202e-07
4.95244e-07
-4.2737e-07
4.73927e-07
-3.68954e-07
1.14805e-06
-5.65066e-07
-2.74102e-11
6.2199e-07
-9.82147e-07
-2.77654e-11
-2.0243e-07
-1.07965e-06
-2.81431e-11
-1.79368e-06
-8.05432e-07
-2.96216e-11
-3.57265e-06
1.9671e-12
-3.19827e-11
-5.5036e-06
8.05442e-07
-3.26776e-11
-5.5036e-06
1.07967e-06
-3.12387e-11
-3.57264e-06
9.82176e-07
-2.9085e-11
-1.79367e-06
5.65103e-07
-2.72189e-11
-2.0242e-07
-2.53131e-11
6.21991e-07
-5.65066e-07
3.68914e-07
6.21982e-07
-9.82147e-07
4.27328e-07
-2.02436e-07
-1.07965e-06
5.40979e-07
-1.79368e-06
-8.05434e-07
6.68043e-07
-3.57265e-06
1.56996e-12
8.05422e-07
-5.50361e-06
8.05444e-07
8.05423e-07
-5.50362e-06
1.07967e-06
6.68044e-07
-3.57266e-06
9.82178e-07
5.40979e-07
-1.79368e-06
5.65104e-07
4.27327e-07
-2.02425e-07
3.68912e-07
6.21987e-07
-4.95209e-07
5.46959e-07
1.14804e-06
-8.52047e-07
6.22806e-07
4.7391e-07
-9.23914e-07
7.66038e-07
-7.91213e-07
-6.68054e-07
9.23926e-07
-2.19003e-06
1.66267e-12
1.07966e-06
-3.57264e-06
6.68064e-07
1.07966e-06
-3.57265e-06
9.23933e-07
9.23929e-07
-2.19004e-06
8.52076e-07
7.6604e-07
-7.91208e-07
4.95246e-07
6.22806e-07
4.73921e-07
5.46958e-07
1.14805e-06
-4.18061e-07
5.1983e-07
1.80057e-06
-7.13397e-07
5.87551e-07
1.26792e-06
-7.66028e-07
7.13423e-07
2.8922e-07
-5.40988e-07
8.52075e-07
-7.91184e-07
3.57493e-12
9.82178e-07
-1.79364e-06
5.41e-07
9.8218e-07
-1.79364e-06
7.66046e-07
8.52079e-07
-7.9118e-07
7.13425e-07
7.13427e-07
2.89223e-07
4.18098e-07
5.87551e-07
1.26793e-06
5.19834e-07
1.80057e-06
-3.47718e-07
3.09497e-07
2.40169e-06
-5.87523e-07
3.47761e-07
1.99551e-06
-6.22794e-07
4.18103e-07
1.26795e-06
-4.27334e-07
4.95253e-07
4.73972e-07
4.94133e-12
5.65114e-07
-2.02358e-07
4.27347e-07
5.65115e-07
-2.02357e-07
6.22811e-07
4.95256e-07
4.73977e-07
5.87549e-07
4.18106e-07
1.26796e-06
3.47753e-07
3.4776e-07
1.99552e-06
3.09505e-07
2.40168e-06
-3.09455e-07
2.74265e-06
-5.19802e-07
2.4017e-06
-5.46946e-07
1.80062e-06
-3.68916e-07
1.14812e-06
6.15316e-12
6.22079e-07
3.68931e-07
6.2208e-07
5.46962e-07
1.14812e-06
5.1983e-07
1.80062e-06
3.09498e-07
2.4017e-06
2.74264e-06
-3.90295e-07
-3.9033e-07
3.52348e-06
-6.59305e-07
-4.44366e-07
3.11526e-06
-6.99586e-07
-5.45448e-07
2.38651e-06
-4.79595e-07
-6.57124e-07
1.58541e-06
4.34916e-12
-7.64143e-07
9.06778e-07
4.79605e-07
-7.64143e-07
9.06777e-07
6.99602e-07
-6.57123e-07
1.5854e-06
6.59321e-07
-5.45446e-07
2.3865e-06
3.90299e-07
-4.44363e-07
3.11523e-06
-3.90322e-07
3.52347e-06
-4.44331e-07
-6.59356e-07
3.11523e-06
-7.55967e-07
-7.56018e-07
2.61897e-06
-8.09384e-07
-9.39302e-07
1.71537e-06
-5.66693e-07
-1.14275e-06
7.17044e-07
4.42644e-12
-1.34631e-06
-1.86741e-07
5.66703e-07
-1.34631e-06
-1.86742e-07
8.09401e-07
-1.14275e-06
7.1704e-07
7.55986e-07
-9.393e-07
1.71536e-06
4.4434e-07
-7.56015e-07
2.61895e-06
-6.5935e-07
3.11522e-06
-5.45413e-07
-6.99649e-07
2.38645e-06
-9.39252e-07
-8.09449e-07
1.71533e-06
-1.02174e-06
-1.02181e-06
4.54337e-07
-7.41506e-07
-1.25742e-06
-9.56644e-07
4.69953e-12
-1.50753e-06
-2.37382e-06
7.41518e-07
-1.50753e-06
-2.37382e-06
1.02176e-06
-1.25742e-06
-9.56642e-07
9.39273e-07
-1.02181e-06
4.54333e-07
5.45423e-07
-8.09442e-07
1.71532e-06
-6.99639e-07
2.38644e-06
-6.57089e-07
-4.79639e-07
1.5853e-06
-1.1427e-06
-5.66736e-07
7.16957e-07
-1.25735e-06
-7.41553e-07
-9.567e-07
-9.38295e-07
-9.38343e-07
-2.82807e-06
4.23572e-12
-1.17117e-06
-4.84719e-06
9.38307e-07
-1.17117e-06
-4.8472e-06
1.25737e-06
-9.38349e-07
-2.82807e-06
1.14272e-06
-7.41555e-07
-9.567e-07
6.57102e-07
-5.66734e-07
7.16951e-07
-4.79635e-07
1.58529e-06
-7.64108e-07
-2.92482e-11
9.0664e-07
-1.34627e-06
-2.93088e-11
-1.86856e-07
-1.50746e-06
-2.979e-11
-2.37391e-06
-1.17112e-06
-3.05288e-11
-4.84722e-06
9.35018e-13
-3.50627e-11
-7.84575e-06
1.17113e-06
-3.83294e-11
-7.84574e-06
1.50749e-06
-3.44524e-11
-4.84722e-06
1.34629e-06
-3.08605e-11
-2.37391e-06
7.64124e-07
-2.82701e-11
-1.86856e-07
-2.62212e-11
9.06639e-07
-7.64108e-07
4.79593e-07
9.0663e-07
-1.34627e-06
5.6669e-07
-1.86866e-07
-1.50746e-06
7.41506e-07
-2.37392e-06
-1.17112e-06
9.38293e-07
-4.84723e-06
-1.81776e-12
1.17111e-06
-7.84575e-06
1.17113e-06
1.17111e-06
-7.84573e-06
1.50749e-06
9.38296e-07
-4.84722e-06
1.3463e-06
7.41506e-07
-2.37392e-06
7.64126e-07
5.66689e-07
-1.86861e-07
4.79592e-07
9.06632e-07
-6.57089e-07
6.99608e-07
1.58528e-06
-1.1427e-06
8.09408e-07
7.16938e-07
-1.25736e-06
1.02177e-06
-9.56713e-07
-9.38305e-07
1.25738e-06
-2.82809e-06
-8.24686e-14
1.50749e-06
-4.84721e-06
9.38313e-07
1.50749e-06
-4.8472e-06
1.25738e-06
1.25739e-06
-2.82808e-06
1.14273e-06
1.02177e-06
-9.56708e-07
6.57105e-07
8.09407e-07
7.16941e-07
6.99606e-07
1.58528e-06
-5.45412e-07
6.59333e-07
2.38642e-06
-9.39254e-07
7.55997e-07
1.7153e-06
-1.02175e-06
9.39284e-07
4.54311e-07
-7.41513e-07
1.14273e-06
-9.56668e-07
2.98444e-12
1.3463e-06
-2.37385e-06
7.41524e-07
1.3463e-06
-2.37385e-06
1.02177e-06
1.14274e-06
-9.56662e-07
9.3928e-07
9.39288e-07
4.54316e-07
5.45428e-07
7.56e-07
1.7153e-06
6.5933e-07
2.38642e-06
-4.4433e-07
3.90313e-07
3.11519e-06
-7.55966e-07
4.44353e-07
2.61893e-06
-8.09384e-07
5.45438e-07
1.71534e-06
-5.66693e-07
6.57117e-07
7.17021e-07
4.99141e-12
7.6414e-07
-1.86758e-07
5.66706e-07
7.64141e-07
-1.86755e-07
8.09405e-07
6.5712e-07
7.17026e-07
7.5599e-07
5.4544e-07
1.71535e-06
4.44344e-07
4.44356e-07
2.61893e-06
3.90305e-07
3.11519e-06
-3.90289e-07
3.52344e-06
-6.59299e-07
3.11522e-06
-6.99582e-07
2.38649e-06
-4.79593e-07
1.58539e-06
6.21868e-12
9.0677e-07
4.79607e-07
9.06772e-07
6.99604e-07
1.58539e-06
6.5932e-07
2.38649e-06
3.90293e-07
3.11522e-06
3.52345e-06
-4.87748e-07
-4.87789e-07
4.49907e-06
-8.29064e-07
-5.63344e-07
4.01998e-06
-8.88344e-07
-7.07462e-07
3.15332e-06
-6.2045e-07
-8.67942e-07
2.18553e-06
3.89377e-12
-1.0318e-06
1.31821e-06
6.2046e-07
-1.0318e-06
1.31821e-06
8.88354e-07
-8.6794e-07
2.18552e-06
8.29084e-07
-7.07459e-07
3.1533e-06
4.87783e-07
-5.63338e-07
4.01997e-06
-4.87787e-07
4.49904e-06
-5.63303e-07
-8.29127e-07
4.01995e-06
-9.65832e-07
-9.65892e-07
3.42413e-06
-1.04623e-06
-1.23107e-06
2.31946e-06
-7.499e-07
-1.52786e-06
1.08071e-06
4.3759e-12
-1.84676e-06
-1.21596e-07
7.4991e-07
-1.84676e-06
-1.21595e-07
1.04624e-06
-1.52785e-06
1.08071e-06
9.65851e-07
-1.23107e-06
2.31945e-06
5.63335e-07
-9.65887e-07
3.42412e-06
-8.29123e-07
4.01992e-06
-7.07421e-07
-8.8842e-07
3.15324e-06
-1.23101e-06
-1.04631e-06
2.31941e-06
-1.35989e-06
-1.35997e-06
7.1216e-07
-1.01883e-06
-1.71023e-06
-1.11528e-06
5.56493e-12
-2.11372e-06
-3.12566e-06
1.01884e-06
-2.11372e-06
-3.12566e-06
1.3599e-06
-1.71023e-06
-1.11528e-06
1.23103e-06
-1.35997e-06
7.12159e-07
7.07453e-07
-1.0463e-06
2.3194e-06
-8.88409e-07
3.15321e-06
-8.67902e-07
-6.20502e-07
2.18538e-06
-1.5278e-06
-7.49953e-07
1.08059e-06
-1.71014e-06
-1.01889e-06
-1.11536e-06
-1.32357e-06
-1.32363e-06
-3.60116e-06
5.01858e-12
-1.72232e-06
-6.56207e-06
1.32359e-06
-1.72232e-06
-6.56206e-06
1.71016e-06
-1.32363e-06
-3.60114e-06
1.52782e-06
-1.01889e-06
-1.11535e-06
8.67937e-07
-7.49951e-07
1.0806e-06
-6.20498e-07
2.18537e-06
-1.03176e-06
-3.15914e-11
1.31802e-06
-1.84671e-06
-3.14961e-11
-1.21751e-07
-2.11363e-06
-3.06895e-11
-3.12578e-06
-1.72227e-06
-3.19092e-11
-6.56211e-06
3.71651e-12
-3.49359e-11
-1.12902e-05
1.72228e-06
-3.53756e-11
-1.12902e-05
2.11365e-06
-3.36895e-11
-6.56208e-06
1.84673e-06
-3.12101e-11
-3.12576e-06
1.0318e-06
-2.94117e-11
-1.2174e-07
-2.7618e-11
1.31802e-06
-1.03176e-06
6.20454e-07
1.31801e-06
-1.84671e-06
7.49905e-07
-1.21756e-07
-2.11363e-06
1.01884e-06
-3.12579e-06
-1.72227e-06
1.32358e-06
-6.5621e-06
3.42154e-12
1.72227e-06
-1.12902e-05
1.72228e-06
1.72227e-06
-1.12902e-05
2.11365e-06
1.32358e-06
-6.56209e-06
1.84674e-06
1.01884e-06
-3.12577e-06
1.0318e-06
7.49905e-07
-1.21745e-07
6.20453e-07
1.31801e-06
-8.67901e-07
8.88372e-07
2.18536e-06
-1.5278e-06
1.04626e-06
1.08058e-06
-1.71015e-06
1.35993e-06
-1.11536e-06
-1.32358e-06
1.71018e-06
-3.60115e-06
2.92458e-12
2.11367e-06
-6.56206e-06
1.32359e-06
2.11367e-06
-6.56206e-06
1.71017e-06
1.71018e-06
-3.60114e-06
1.52783e-06
1.35993e-06
-1.11535e-06
8.67939e-07
1.04626e-06
1.0806e-06
8.88369e-07
2.18536e-06
-7.0742e-07
8.29107e-07
3.1532e-06
-1.23101e-06
9.65873e-07
2.31938e-06
-1.35989e-06
1.23106e-06
7.12141e-07
-1.01884e-06
1.52784e-06
-1.11529e-06
4.88264e-12
1.84675e-06
-3.12567e-06
1.01885e-06
1.84675e-06
-3.12566e-06
1.35991e-06
1.52785e-06
-1.11528e-06
1.23104e-06
1.23106e-06
7.12149e-07
7.07457e-07
9.65873e-07
2.31939e-06
8.2911e-07
3.15319e-06
-5.63299e-07
4.87803e-07
4.01991e-06
-9.65828e-07
5.63355e-07
3.42409e-06
-1.04623e-06
7.07475e-07
2.31944e-06
-7.499e-07
8.67959e-07
1.0807e-06
5.58704e-12
1.03182e-06
-1.21599e-07
7.49914e-07
1.03182e-06
-1.21597e-07
1.04624e-06
8.67961e-07
1.08071e-06
9.65852e-07
7.07477e-07
2.31944e-06
5.63334e-07
5.63353e-07
3.4241e-06
4.8781e-07
4.0199e-06
-4.87748e-07
4.49902e-06
-8.29061e-07
4.01993e-06
-8.88338e-07
3.15328e-06
-6.20446e-07
2.1855e-06
6.93129e-12
1.31819e-06
6.20461e-07
1.31819e-06
8.88354e-07
2.18551e-06
8.29087e-07
3.15328e-06
4.87792e-07
4.01993e-06
4.49899e-06
-6.02932e-07
-6.02981e-07
5.70516e-06
-1.03189e-06
-7.07426e-07
5.15651e-06
-1.11833e-06
-9.10975e-07
4.15088e-06
-7.97764e-07
-1.13957e-06
3.00467e-06
3.42666e-12
-1.38956e-06
1.91014e-06
7.97771e-07
-1.38955e-06
1.91014e-06
1.11834e-06
-1.13957e-06
3.00466e-06
1.0319e-06
-9.1097e-07
4.15086e-06
6.02934e-07
-7.0742e-07
5.15648e-06
-6.02971e-07
5.70514e-06
-7.07377e-07
-1.03196e-06
5.15647e-06
-1.22339e-06
-1.22346e-06
4.45631e-06
-1.34332e-06
-1.6042e-06
3.13274e-06
-9.88679e-07
-2.03411e-06
1.62074e-06
4.12193e-12
-2.53442e-06
3.47121e-08
9.88688e-07
-2.53442e-06
3.47093e-08
1.34333e-06
-2.03411e-06
1.62073e-06
1.2234e-06
-1.60419e-06
3.13272e-06
7.07383e-07
-1.22346e-06
4.45628e-06
-1.03195e-06
5.15645e-06
-9.10926e-07
-1.11843e-06
4.15077e-06
-1.60413e-06
-1.34341e-06
3.13267e-06
-1.80468e-06
-1.80478e-06
1.11338e-06
-1.40294e-06
-2.32291e-06
-1.22818e-06
5.57247e-12
-2.97808e-06
-4.08492e-06
1.40295e-06
-2.97808e-06
-4.08492e-06
1.80469e-06
-2.3229e-06
-1.22819e-06
1.60414e-06
-1.80477e-06
1.11336e-06
9.10932e-07
-1.3434e-06
3.13264e-06
-1.11841e-06
4.15075e-06
-1.13953e-06
-7.97825e-07
3.00448e-06
-2.03405e-06
-9.88738e-07
1.62058e-06
-2.3228e-06
-1.40301e-06
-1.22829e-06
-1.87433e-06
-1.87439e-06
-4.49807e-06
6.45982e-12
-2.56426e-06
-8.8502e-06
1.87434e-06
-2.56426e-06
-8.85021e-06
2.32282e-06
-1.8744e-06
-4.49808e-06
2.03407e-06
-1.40301e-06
-1.22829e-06
1.13954e-06
-9.88733e-07
1.62056e-06
-7.97819e-07
3.00447e-06
-1.38951e-06
-3.31495e-11
1.90991e-06
-2.53436e-06
-3.24102e-11
3.45142e-08
-2.97797e-06
-3.19221e-11
-4.08508e-06
-2.56419e-06
-3.22962e-11
-8.85024e-06
2.79265e-12
-3.85157e-11
-1.64186e-05
2.56421e-06
-4.34147e-11
-1.64186e-05
2.978e-06
-3.79285e-11
-8.85024e-06
2.53439e-06
-3.30105e-11
-4.08509e-06
1.38952e-06
-3.01993e-11
3.44985e-08
-2.83062e-11
1.90988e-06
-1.38951e-06
7.97773e-07
1.9099e-06
-2.53436e-06
9.88687e-07
3.45048e-08
-2.97797e-06
1.40296e-06
-4.08508e-06
-2.5642e-06
1.87434e-06
-8.85026e-06
-1.62713e-12
2.5642e-06
-1.64186e-05
2.56421e-06
2.5642e-06
-1.64186e-05
2.978e-06
1.87435e-06
-8.85025e-06
2.53439e-06
1.40296e-06
-4.0851e-06
1.38952e-06
9.88685e-07
3.44932e-08
7.97772e-07
1.90988e-06
-1.13952e-06
1.11838e-06
3.00446e-06
-2.03404e-06
1.34337e-06
1.62057e-06
-2.3228e-06
1.80474e-06
-1.22829e-06
-1.87434e-06
2.32286e-06
-4.49809e-06
6.06558e-13
2.97804e-06
-8.85021e-06
1.87435e-06
2.97804e-06
-8.8502e-06
2.32283e-06
2.32286e-06
-4.49808e-06
2.03407e-06
1.80474e-06
-1.2283e-06
1.13954e-06
1.34336e-06
1.62055e-06
1.11837e-06
3.00445e-06
-9.10923e-07
1.03193e-06
4.15074e-06
-1.60412e-06
1.22344e-06
3.13264e-06
-1.80468e-06
1.60418e-06
1.11335e-06
-1.40295e-06
2.0341e-06
-1.22821e-06
4.22299e-12
2.53442e-06
-4.08495e-06
1.40296e-06
2.53442e-06
-4.08495e-06
1.8047e-06
2.0341e-06
-1.22821e-06
1.60415e-06
1.60418e-06
1.11334e-06
9.10936e-07
1.22344e-06
3.13262e-06
1.03193e-06
4.15072e-06
-7.07374e-07
6.02961e-07
5.15642e-06
-1.22338e-06
7.07411e-07
4.45626e-06
-1.34331e-06
9.10962e-07
3.1327e-06
-9.88675e-07
1.13956e-06
1.6207e-06
5.82668e-12
1.38955e-06
3.46821e-08
9.88688e-07
1.38955e-06
3.46821e-08
1.34333e-06
1.13957e-06
1.6207e-06
1.2234e-06
9.10963e-07
3.13269e-06
7.07385e-07
7.07411e-07
4.45625e-06
6.0295e-07
5.1564e-06
-6.02924e-07
5.70512e-06
-1.03188e-06
5.15647e-06
-1.11832e-06
4.15084e-06
-7.97757e-07
3.00464e-06
7.00008e-12
1.91011e-06
7.97772e-07
1.91011e-06
1.11834e-06
3.00463e-06
1.03189e-06
4.15083e-06
6.02924e-07
5.15644e-06
5.7051e-06
-7.35927e-07
-7.35984e-07
7.17711e-06
-1.26877e-06
-8.78464e-07
6.56787e-06
-1.39354e-06
-1.16272e-06
5.43841e-06
-1.01803e-06
-1.48502e-06
4.11423e-06
2.14894e-12
-1.86601e-06
2.75815e-06
1.01804e-06
-1.866e-06
2.75814e-06
1.39355e-06
-1.48502e-06
4.1142e-06
1.26879e-06
-1.16272e-06
5.43837e-06
7.3596e-07
-8.78457e-07
6.56783e-06
-7.35981e-07
7.17705e-06
-8.78407e-07
-1.26886e-06
6.56783e-06
-1.53369e-06
-1.53378e-06
5.76699e-06
-1.71152e-06
-2.07515e-06
4.22306e-06
-1.29895e-06
-2.69255e-06
2.41574e-06
3.26303e-12
-3.47611e-06
3.45887e-07
1.29896e-06
-3.47611e-06
3.45887e-07
1.71153e-06
-2.69255e-06
2.41572e-06
1.53371e-06
-2.07515e-06
4.22302e-06
8.78437e-07
-1.53378e-06
5.76695e-06
-1.26886e-06
6.56777e-06
-1.16266e-06
-1.39366e-06
5.43829e-06
-2.07506e-06
-1.71164e-06
4.22298e-06
-2.38566e-06
-2.3858e-06
1.73462e-06
-1.93515e-06
-3.14801e-06
-1.22327e-06
5.62893e-12
-4.2198e-06
-5.27645e-06
1.93516e-06
-4.2198e-06
-5.27646e-06
2.38567e-06
-3.148e-06
-1.22328e-06
2.07508e-06
-2.38578e-06
1.73459e-06
1.16269e-06
-1.71163e-06
4.22294e-06
-1.39364e-06
5.43823e-06
-1.48497e-06
-1.01811e-06
4.114e-06
-2.69247e-06
-1.29903e-06
2.41555e-06
-3.14787e-06
-1.93523e-06
-1.2234e-06
-2.6627e-06
-2.66277e-06
-5.46849e-06
6.8286e-12
-3.86818e-06
-1.18646e-05
2.66271e-06
-3.86817e-06
-1.18645e-05
3.14789e-06
-2.66277e-06
-5.46847e-06
2.69249e-06
-1.93523e-06
-1.2234e-06
1.485e-06
-1.29902e-06
2.41554e-06
-1.0181e-06
4.11396e-06
-1.86596e-06
-3.58219e-11
2.75788e-06
-3.47603e-06
-3.51376e-11
3.4565e-07
-4.21967e-06
-3.26617e-11
-5.27663e-06
-3.8681e-06
-3.38676e-11
-1.18646e-05
8.0929e-12
-3.52553e-11
-2.41549e-05
3.86811e-06
-3.39944e-11
-2.41549e-05
4.21968e-06
-3.45496e-11
-1.18646e-05
3.47605e-06
-3.26934e-11
-5.27663e-06
1.86599e-06
-3.15002e-11
3.45638e-07
-2.99691e-11
2.75783e-06
-1.86596e-06
1.01805e-06
2.75787e-06
-3.47602e-06
1.29897e-06
3.45648e-07
-4.21967e-06
1.93518e-06
-5.27664e-06
-3.8681e-06
2.66272e-06
-1.18646e-05
9.37517e-12
3.86812e-06
-2.41549e-05
3.86811e-06
3.86812e-06
-2.41549e-05
4.21968e-06
2.66272e-06
-1.18646e-05
3.47605e-06
1.93518e-06
-5.27663e-06
1.86599e-06
1.29898e-06
3.45636e-07
1.01805e-06
2.75783e-06
-1.48497e-06
1.3936e-06
4.11399e-06
-2.69246e-06
1.71159e-06
2.41554e-06
-3.14787e-06
2.38574e-06
-1.22339e-06
-2.6627e-06
3.14796e-06
-5.46846e-06
5.8282e-12
4.21975e-06
-1.18645e-05
2.66271e-06
4.21974e-06
-1.18645e-05
3.14789e-06
3.14795e-06
-5.46845e-06
2.69249e-06
2.38574e-06
-1.22338e-06
1.485e-06
1.71158e-06
2.41554e-06
1.39359e-06
4.11395e-06
-1.16266e-06
1.26884e-06
5.43825e-06
-2.07506e-06
1.53376e-06
4.22294e-06
-2.38566e-06
2.07513e-06
1.7346e-06
-1.93516e-06
2.69253e-06
-1.22328e-06
5.60559e-12
3.47609e-06
-5.27646e-06
1.93517e-06
3.4761e-06
-5.27645e-06
2.38568e-06
2.69254e-06
-1.22328e-06
2.07508e-06
2.07513e-06
1.73458e-06
1.1627e-06
1.53376e-06
4.22292e-06
1.26884e-06
5.4382e-06
-8.78401e-07
7.35998e-07
6.56778e-06
-1.53368e-06
8.78474e-07
5.76694e-06
-1.71152e-06
1.16273e-06
4.22302e-06
-1.29895e-06
1.48504e-06
2.41571e-06
5.71295e-12
1.86603e-06
3.45864e-07
1.29896e-06
1.86603e-06
3.45861e-07
1.71153e-06
1.48504e-06
2.4157e-06
1.53371e-06
1.16273e-06
4.22299e-06
8.78434e-07
8.78469e-07
5.76692e-06
7.36003e-07
6.56773e-06
-7.35925e-07
7.17704e-06
-1.26876e-06
6.5678e-06
-1.39353e-06
5.43834e-06
-1.01803e-06
4.11416e-06
6.1971e-12
2.75809e-06
1.01804e-06
2.75809e-06
1.39354e-06
4.11415e-06
1.26879e-06
5.43831e-06
7.35968e-07
6.56777e-06
7.17698e-06
-8.84813e-07
-8.8488e-07
8.94698e-06
-1.53728e-06
-1.07621e-06
8.29669e-06
-1.71517e-06
-1.46772e-06
7.08413e-06
-1.28643e-06
-1.9165e-06
5.60208e-06
3.19604e-13
-2.49358e-06
3.96539e-06
1.28643e-06
-2.49357e-06
3.96538e-06
1.71518e-06
-1.9165e-06
5.60204e-06
1.53729e-06
-1.46771e-06
7.08408e-06
8.84809e-07
-1.07621e-06
8.29662e-06
-8.8487e-07
8.94692e-06
-1.07614e-06
-1.53739e-06
8.29664e-06
-1.89837e-06
-1.89848e-06
7.4116e-06
-2.15846e-06
-2.65933e-06
5.67485e-06
-1.69403e-06
-3.53662e-06
3.57149e-06
2.40838e-12
-4.76219e-06
9.20493e-07
1.69404e-06
-4.76218e-06
9.20478e-07
2.15847e-06
-3.53661e-06
3.57145e-06
1.89838e-06
-2.65932e-06
5.6748e-06
1.07614e-06
-1.89847e-06
7.41154e-06
-1.53739e-06
8.29658e-06
-1.46765e-06
-1.71531e-06
7.084e-06
-2.65921e-06
-2.15861e-06
5.67476e-06
-3.13772e-06
-3.13788e-06
2.69173e-06
-2.67077e-06
-4.25319e-06
-9.7369e-07
4.85664e-12
-6.02071e-06
-6.68883e-06
2.67078e-06
-6.0207e-06
-6.68882e-06
3.13773e-06
-4.25318e-06
-9.73723e-07
2.65923e-06
-3.13787e-06
2.69167e-06
1.46765e-06
-2.15858e-06
5.67469e-06
-1.71529e-06
7.08394e-06
-1.91644e-06
-1.28651e-06
5.60185e-06
-3.53651e-06
-1.69412e-06
3.57129e-06
-4.25303e-06
-2.67086e-06
-9.73823e-07
-3.79045e-06
-3.79054e-06
-6.39377e-06
9.30921e-12
-5.91604e-06
-1.57599e-05
3.79047e-06
-5.91604e-06
-1.57599e-05
4.25305e-06
-3.79055e-06
-6.39381e-06
3.53653e-06
-2.67087e-06
-9.73865e-07
1.91644e-06
-1.69411e-06
3.57123e-06
-1.28651e-06
5.60179e-06
-2.49352e-06
-3.69742e-11
3.9651e-06
-4.76208e-06
-3.52802e-11
9.20243e-07
-6.02055e-06
-3.25265e-11
-6.68901e-06
-5.91595e-06
-3.15367e-11
-1.57599e-05
8.05044e-12
-3.55364e-11
-3.59873e-05
5.91596e-06
-4.17414e-11
-3.59873e-05
6.02057e-06
-3.76783e-11
-1.57599e-05
4.76211e-06
-3.26345e-11
-6.68907e-06
2.49352e-06
-3.13083e-11
9.20182e-07
-2.98953e-11
3.96504e-06
-2.49352e-06
1.28646e-06
3.96509e-06
-4.76208e-06
1.69407e-06
9.20234e-07
-6.02055e-06
2.67081e-06
-6.689e-06
-5.91595e-06
3.79049e-06
-1.57599e-05
2.80477e-12
5.91598e-06
-3.59873e-05
5.91596e-06
5.91598e-06
-3.59873e-05
6.02058e-06
3.7905e-06
-1.57599e-05
4.76211e-06
2.67082e-06
-6.68907e-06
2.49353e-06
1.69406e-06
9.20179e-07
1.28646e-06
3.96503e-06
-1.91644e-06
1.71525e-06
5.60183e-06
-3.53651e-06
2.15855e-06
3.57128e-06
-4.25303e-06
3.13783e-06
-9.73816e-07
-3.79046e-06
4.25314e-06
-6.39377e-06
3.14435e-12
6.02066e-06
-1.57599e-05
3.79047e-06
6.02066e-06
-1.57599e-05
4.25306e-06
4.25314e-06
-6.39381e-06
3.53653e-06
3.13782e-06
-9.73865e-07
1.91644e-06
2.15854e-06
3.57122e-06
1.71524e-06
5.60178e-06
-1.46765e-06
1.53736e-06
7.08396e-06
-2.65921e-06
1.89845e-06
5.67473e-06
-3.13772e-06
2.65929e-06
2.6917e-06
-2.67078e-06
3.53659e-06
-9.73718e-07
4.55596e-12
4.76217e-06
-6.68888e-06
2.67079e-06
4.76217e-06
-6.68888e-06
3.13774e-06
3.53659e-06
-9.73758e-07
2.65923e-06
2.6593e-06
2.69164e-06
1.46765e-06
1.89844e-06
5.67467e-06
1.53735e-06
7.08391e-06
-1.07614e-06
8.84856e-07
8.29657e-06
-1.89836e-06
1.07619e-06
7.41154e-06
-2.15845e-06
1.4677e-06
5.67479e-06
-1.69403e-06
1.91649e-06
3.57142e-06
5.16082e-12
2.49357e-06
9.20421e-07
1.69404e-06
2.49357e-06
9.20412e-07
2.15846e-06
1.91649e-06
3.57138e-06
1.89838e-06
1.4677e-06
5.67474e-06
1.07614e-06
1.07619e-06
7.41148e-06
8.84841e-07
8.29652e-06
-8.84802e-07
8.94692e-06
-1.53727e-06
8.29662e-06
-1.71516e-06
7.08406e-06
-1.28642e-06
5.602e-06
5.11065e-12
3.96529e-06
1.28643e-06
3.96528e-06
1.71517e-06
5.60196e-06
1.53728e-06
7.08401e-06
8.84797e-07
8.29656e-06
8.94687e-06
-1.04499e-06
-1.04507e-06
1.10371e-05
-1.82975e-06
-1.2973e-06
1.03788e-05
-2.07981e-06
-1.82742e-06
9.1616e-06
-1.60522e-06
-2.44339e-06
7.57084e-06
-3.07659e-12
-3.31265e-06
5.67276e-06
1.60521e-06
-3.31265e-06
5.67274e-06
2.07981e-06
-2.44339e-06
7.57079e-06
1.82976e-06
-1.82742e-06
9.16153e-06
1.04503e-06
-1.29729e-06
1.03787e-05
-1.04507e-06
1.10369e-05
-1.29722e-06
-1.82988e-06
1.03787e-05
-2.31332e-06
-2.31345e-06
9.44389e-06
-2.68886e-06
-3.36668e-06
7.58964e-06
-2.18996e-06
-4.59654e-06
5.22566e-06
-1.48739e-12
-6.50385e-06
1.92161e-06
2.18996e-06
-6.50385e-06
1.92161e-06
2.68886e-06
-4.59653e-06
5.22561e-06
2.31333e-06
-3.36667e-06
7.58956e-06
1.29725e-06
-2.31345e-06
9.44382e-06
-1.82988e-06
1.03786e-05
-1.82735e-06
-2.07998e-06
9.16149e-06
-3.36654e-06
-2.68903e-06
7.58956e-06
-4.09985e-06
-4.10004e-06
4.15833e-06
-3.68148e-06
-5.72207e-06
-2.66717e-07
2.19591e-12
-8.65699e-06
-8.21743e-06
3.68148e-06
-8.65698e-06
-8.21743e-06
4.09985e-06
-5.72205e-06
-2.66748e-07
3.36655e-06
-4.10002e-06
4.15826e-06
1.82737e-06
-2.68901e-06
7.58948e-06
-2.07995e-06
9.16138e-06
-2.44333e-06
-1.60532e-06
7.57063e-06
-4.59641e-06
-2.19006e-06
5.22547e-06
-5.72189e-06
-3.68159e-06
-2.6684e-07
-5.39834e-06
-5.39844e-06
-7.04112e-06
4.50235e-12
-9.1767e-06
-2.06388e-05
5.39834e-06
-9.17669e-06
-2.06388e-05
5.7219e-06
-5.39843e-06
-7.04114e-06
4.59643e-06
-3.68159e-06
-2.66871e-07
2.44336e-06
-2.19006e-06
5.22541e-06
-1.60531e-06
7.57053e-06
-3.31259e-06
-3.93687e-11
5.6725e-06
-6.50373e-06
-3.76257e-11
1.92138e-06
-8.65681e-06
-3.24896e-11
-8.21758e-06
-9.17659e-06
-3.51761e-11
-2.06388e-05
1.33822e-11
-2.89185e-11
-5.4341e-05
9.1766e-06
-2.32547e-11
-5.43409e-05
8.65681e-06
-3.28037e-11
-2.06388e-05
6.50375e-06
-3.23517e-11
-8.21764e-06
3.31262e-06
-3.21761e-11
1.92133e-06
-3.13128e-11
5.6724e-06
-3.31259e-06
1.60526e-06
5.67249e-06
-6.50372e-06
2.19e-06
1.92139e-06
-8.65681e-06
3.68153e-06
-8.21757e-06
-9.17658e-06
5.39839e-06
-2.06388e-05
1.77883e-11
9.17664e-06
-5.43409e-05
9.17659e-06
9.17663e-06
-5.43408e-05
8.65681e-06
5.39838e-06
-2.06388e-05
6.50375e-06
3.68154e-06
-8.21763e-06
3.31262e-06
2.19001e-06
1.92134e-06
1.60526e-06
5.6724e-06
-2.44332e-06
2.07991e-06
7.57061e-06
-4.5964e-06
2.68897e-06
5.22547e-06
-5.72188e-06
4.09998e-06
-2.66806e-07
-5.39833e-06
5.72201e-06
-7.04109e-06
6.20114e-12
8.65692e-06
-2.06387e-05
5.39834e-06
8.65691e-06
-2.06387e-05
5.72189e-06
5.722e-06
-7.0411e-06
4.59642e-06
4.09997e-06
-2.66842e-07
2.44336e-06
2.68896e-06
5.22542e-06
2.0799e-06
7.57053e-06
-1.82734e-06
1.82985e-06
9.16144e-06
-3.36653e-06
2.31342e-06
7.58952e-06
-4.09985e-06
3.36664e-06
4.15831e-06
-3.68148e-06
4.5965e-06
-2.66716e-07
1.82877e-12
6.50382e-06
-8.21745e-06
3.68149e-06
6.50382e-06
-8.21745e-06
4.09986e-06
4.5965e-06
-2.66748e-07
3.36656e-06
3.36664e-06
4.15825e-06
1.82738e-06
2.31341e-06
7.58945e-06
1.82985e-06
9.16135e-06
-1.29721e-06
1.04508e-06
1.03787e-05
-2.31331e-06
1.2973e-06
9.44383e-06
-2.68885e-06
1.82743e-06
7.58958e-06
-2.18996e-06
2.4434e-06
5.2256e-06
1.55968e-12
3.31266e-06
1.92156e-06
2.18996e-06
3.31266e-06
1.92155e-06
2.68886e-06
2.4434e-06
5.22556e-06
2.31333e-06
1.82742e-06
7.58951e-06
1.29724e-06
1.2973e-06
9.44377e-06
1.04509e-06
1.03786e-05
-1.04499e-06
1.1037e-05
-1.82974e-06
1.03787e-05
-2.0798e-06
9.1615e-06
-1.60521e-06
7.57072e-06
8.47375e-13
5.67262e-06
1.60522e-06
5.67261e-06
2.07981e-06
7.57067e-06
1.82976e-06
9.16142e-06
1.04503e-06
1.03786e-05
1.10369e-05
-1.20792e-06
-1.20801e-06
1.34531e-05
-2.13056e-06
-1.53331e-06
1.28348e-05
-2.47624e-06
-2.23605e-06
1.17434e-05
-1.9698e-06
-3.06795e-06
1.01324e-05
-7.05273e-12
-4.36435e-06
8.0673e-06
1.96978e-06
-4.36435e-06
8.06729e-06
2.47624e-06
-3.06795e-06
1.01323e-05
2.13057e-06
-2.23605e-06
1.17433e-05
1.20791e-06
-1.5333e-06
1.28347e-05
-1.208e-06
1.3453e-05
-1.53322e-06
-2.13072e-06
1.28348e-05
-2.76458e-06
-2.76474e-06
1.19068e-05
-3.29837e-06
-4.19475e-06
1.00822e-05
-2.79585e-06
-5.89288e-06
7.54804e-06
-4.26145e-12
-8.83514e-06
3.59649e-06
2.79584e-06
-8.83513e-06
3.59649e-06
3.29837e-06
-5.89286e-06
7.54798e-06
2.76459e-06
-4.19474e-06
1.00821e-05
1.53321e-06
-2.76473e-06
1.19067e-05
-2.13071e-06
1.28347e-05
-2.23597e-06
-2.47643e-06
1.17433e-05
-4.19459e-06
-3.29857e-06
1.00821e-05
-5.31276e-06
-5.31298e-06
6.39476e-06
-5.0522e-06
-7.64908e-06
1.22888e-06
3.69258e-12
-1.25557e-05
-9.54922e-06
5.05219e-06
-1.25557e-05
-9.54921e-06
5.31276e-06
-7.64906e-06
1.22884e-06
4.19459e-06
-5.31294e-06
6.39469e-06
2.23596e-06
-3.29854e-06
1.0082e-05
-2.4764e-06
1.17432e-05
-3.06788e-06
-1.96991e-06
1.01322e-05
-5.89274e-06
-2.79597e-06
7.54791e-06
-7.64888e-06
-5.05232e-06
1.2288e-06
-7.67321e-06
-7.67332e-06
-6.99262e-06
1.8699e-11
-1.44407e-05
-2.64272e-05
7.67322e-06
-1.44407e-05
-2.64271e-05
7.64889e-06
-7.6733e-06
-6.99262e-06
5.89273e-06
-5.05231e-06
1.22875e-06
3.06787e-06
-2.79595e-06
7.54784e-06
-1.9699e-06
1.01321e-05
-4.36428e-06
-3.96527e-11
8.06713e-06
-8.835e-06
-3.63513e-11
3.59634e-06
-1.25555e-05
-2.60219e-11
-9.5493e-06
-1.44406e-05
-1.69203e-11
-2.64272e-05
3.16283e-11
-3.08673e-12
-8.32227e-05
1.44406e-05
-8.24669e-12
-8.32226e-05
1.25555e-05
-2.0897e-11
-2.64272e-05
8.835e-06
-2.42461e-11
-9.54938e-06
4.36427e-06
-2.89933e-11
3.59627e-06
-2.94366e-11
8.06705e-06
-4.36428e-06
1.96984e-06
8.06714e-06
-8.83498e-06
2.79591e-06
3.59636e-06
-1.25555e-05
5.05227e-06
-9.54928e-06
-1.44406e-05
7.67328e-06
-2.64271e-05
2.56304e-11
1.44407e-05
-8.32226e-05
1.44406e-05
1.44406e-05
-8.32225e-05
1.25555e-05
7.67326e-06
-2.64271e-05
8.835e-06
5.05226e-06
-9.54933e-06
4.36427e-06
2.7959e-06
3.59629e-06
1.96985e-06
8.06706e-06
-3.06787e-06
2.47636e-06
1.01322e-05
-5.89271e-06
3.2985e-06
7.54792e-06
-7.64887e-06
5.3129e-06
1.22884e-06
-7.67319e-06
7.64901e-06
-6.99254e-06
1.27039e-11
1.25556e-05
-2.64271e-05
7.6732e-06
1.25556e-05
-2.6427e-05
7.64888e-06
7.649e-06
-6.99255e-06
5.89272e-06
5.31288e-06
1.22879e-06
3.06786e-06
3.29848e-06
7.54786e-06
2.47635e-06
1.01321e-05
-2.23596e-06
2.13067e-06
1.17433e-05
-4.19457e-06
2.76469e-06
1.00821e-05
-5.31275e-06
4.19469e-06
6.39476e-06
-5.0522e-06
5.89282e-06
1.22888e-06
4.4387e-12
8.83509e-06
-9.54923e-06
5.0522e-06
8.83508e-06
-9.54921e-06
5.31276e-06
5.89281e-06
1.22885e-06
4.19459e-06
4.19469e-06
6.39469e-06
2.23596e-06
2.76469e-06
1.0082e-05
2.13066e-06
1.17432e-05
-1.53321e-06
1.20797e-06
1.28347e-05
-2.76457e-06
1.53328e-06
1.19067e-05
-3.29836e-06
2.23602e-06
1.00821e-05
-2.79584e-06
3.06791e-06
7.54798e-06
1.07275e-13
4.36431e-06
3.59643e-06
2.79584e-06
4.36431e-06
3.59643e-06
3.29837e-06
3.06791e-06
7.54794e-06
2.76459e-06
2.23601e-06
1.0082e-05
1.53322e-06
1.53327e-06
1.19066e-05
1.20796e-06
1.28346e-05
-1.20791e-06
1.34531e-05
-2.13055e-06
1.28347e-05
-2.47623e-06
1.17433e-05
-1.96979e-06
1.01323e-05
-2.0211e-12
8.06718e-06
1.96979e-06
8.06717e-06
2.47624e-06
1.01322e-05
2.13056e-06
1.17432e-05
1.2079e-06
1.28346e-05
1.3453e-05
-1.36032e-06
-1.36042e-06
1.61738e-05
-2.41347e-06
-1.7691e-06
1.5657e-05
-2.88142e-06
-2.67531e-06
1.48866e-05
-2.36271e-06
-3.77547e-06
1.3389e-05
-1.27297e-11
-5.67863e-06
1.13831e-05
2.36269e-06
-5.67862e-06
1.13831e-05
2.88141e-06
-3.77546e-06
1.33889e-05
2.41348e-06
-2.6753e-06
1.48865e-05
1.36035e-06
-1.7691e-06
1.56569e-05
-1.36042e-06
1.61737e-05
-1.76901e-06
-2.41364e-06
1.5657e-05
-3.22345e-06
-3.22362e-06
1.48158e-05
-3.96811e-06
-5.11201e-06
1.32635e-05
-3.50703e-06
-7.40859e-06
1.072e-05
-6.43209e-12
-1.18846e-05
6.29531e-06
3.50701e-06
-1.18846e-05
6.29531e-06
3.9681e-06
-7.40858e-06
1.072e-05
3.22346e-06
-5.112e-06
1.32634e-05
1.76903e-06
-3.22361e-06
1.48156e-05
-2.41363e-06
1.56569e-05
-2.67521e-06
-2.88162e-06
1.48866e-05
-5.11183e-06
-3.96832e-06
1.32634e-05
-6.79486e-06
-6.79508e-06
9.76089e-06
-6.86522e-06
-1.01356e-05
4.02612e-06
-3.91303e-13
-1.83848e-05
-9.91441e-06
6.86521e-06
-1.83847e-05
-9.91431e-06
6.79485e-06
-1.01356e-05
4.02614e-06
5.11183e-06
-6.79506e-06
9.76081e-06
2.67524e-06
-3.96829e-06
1.32634e-05
-2.8816e-06
1.48864e-05
-3.77539e-06
-2.36283e-06
1.33889e-05
-7.40843e-06
-3.50715e-06
1.072e-05
-1.01354e-05
-6.86535e-06
4.0261e-06
-1.08473e-05
-1.08474e-05
-5.56881e-06
9.87442e-12
-2.30471e-05
-3.26122e-05
1.08473e-05
-2.30471e-05
-3.26121e-05
1.01354e-05
-1.08474e-05
-5.56878e-06
7.40844e-06
-6.86535e-06
4.02611e-06
3.77541e-06
-3.50714e-06
1.07199e-05
-2.36282e-06
1.33888e-05
-5.67855e-06
-4.08346e-11
1.1383e-05
-1.18844e-05
-3.33074e-11
6.29527e-06
-1.83846e-05
-2.24378e-11
-9.91441e-06
-2.3047e-05
-1.40217e-11
-3.26122e-05
2.32038e-11
-5.43178e-12
-0.000129317
2.3047e-05
-3.17797e-12
-0.000129317
1.83845e-05
-1.41546e-11
-3.2612e-05
1.18844e-05
-1.79062e-11
-9.91446e-06
5.67857e-06
-2.55817e-11
6.29525e-06
-2.82592e-11
1.13829e-05
-5.67854e-06
2.36276e-06
1.13831e-05
-1.18844e-05
3.50709e-06
6.29529e-06
-1.83845e-05
6.8653e-06
-9.9143e-06
-2.30469e-05
1.08474e-05
-3.26121e-05
2.56413e-11
2.3047e-05
-0.000129317
2.30469e-05
2.3047e-05
-0.000129316
1.83845e-05
1.08473e-05
-3.26118e-05
1.18844e-05
6.8653e-06
-9.91437e-06
5.67857e-06
3.50709e-06
6.29529e-06
2.36277e-06
1.1383e-05
-3.77537e-06
2.88155e-06
1.33889e-05
-7.40841e-06
3.96824e-06
1.072e-05
-1.01354e-05
6.795e-06
4.0262e-06
-1.08473e-05
1.01355e-05
-5.5687e-06
9.60729e-12
1.83847e-05
-3.26119e-05
1.08473e-05
1.83846e-05
-3.26118e-05
1.01354e-05
1.01355e-05
-5.56864e-06
7.40843e-06
6.79499e-06
4.02621e-06
3.7754e-06
3.96822e-06
1.072e-05
2.88153e-06
1.33889e-05
-2.67521e-06
2.41359e-06
1.48865e-05
-5.11182e-06
3.22357e-06
1.32634e-05
-6.79486e-06
5.11194e-06
9.76088e-06
-6.86523e-06
7.40853e-06
4.02619e-06
4.16517e-14
1.18845e-05
-9.91438e-06
6.86522e-06
1.18845e-05
-9.91432e-06
6.79486e-06
7.40853e-06
4.02621e-06
5.11183e-06
5.11194e-06
9.76085e-06
2.67524e-06
3.22356e-06
1.32634e-05
2.41359e-06
1.48864e-05
-1.769e-06
1.36042e-06
1.5657e-05
-3.22344e-06
1.7691e-06
1.48157e-05
-3.9681e-06
2.67529e-06
1.32634e-05
-3.50703e-06
3.77545e-06
1.072e-05
-3.03286e-12
5.67861e-06
6.29531e-06
3.50701e-06
5.67861e-06
6.29533e-06
3.9681e-06
3.77544e-06
1.072e-05
3.22345e-06
2.67529e-06
1.32634e-05
1.76903e-06
1.76909e-06
1.48156e-05
1.36043e-06
1.56569e-05
-1.36032e-06
1.61737e-05
-2.41347e-06
1.56569e-05
-2.88142e-06
1.48865e-05
-2.36271e-06
1.33889e-05
-6.9177e-12
1.1383e-05
2.3627e-06
1.1383e-05
2.88142e-06
1.33888e-05
2.41349e-06
1.48864e-05
1.36037e-06
1.56568e-05
1.61736e-05
-1.48339e-06
-1.48349e-06
1.91408e-05
-2.6389e-06
-1.98113e-06
1.87937e-05
-3.25671e-06
-3.10832e-06
1.86127e-05
-2.74748e-06
-4.52619e-06
1.7406e-05
-1.34228e-11
-7.2727e-06
1.59083e-05
2.74744e-06
-7.27269e-06
1.59083e-05
3.25669e-06
-4.52619e-06
1.74059e-05
2.6389e-06
-3.10831e-06
1.86127e-05
1.48338e-06
-1.98113e-06
1.87936e-05
-1.48348e-06
1.91407e-05
-1.98103e-06
-2.63907e-06
1.87937e-05
-3.64216e-06
-3.64234e-06
1.81381e-05
-4.65838e-06
-6.04502e-06
1.72165e-05
-4.29746e-06
-9.0808e-06
1.49137e-05
-1.18471e-11
-1.57901e-05
1.05153e-05
4.29743e-06
-1.579e-05
1.05154e-05
4.65837e-06
-9.08077e-06
1.49137e-05
3.64216e-06
-6.04501e-06
1.72164e-05
1.98102e-06
-3.64233e-06
1.81381e-05
-2.63906e-06
1.87937e-05
-3.10822e-06
-3.25691e-06
1.86128e-05
-6.04483e-06
-4.65859e-06
1.72165e-05
-8.54814e-06
-8.54835e-06
1.47677e-05
-9.21951e-06
-1.32616e-05
8.87878e-06
2.04126e-11
-2.71861e-05
-7.73738e-06
9.21949e-06
-2.71861e-05
-7.73739e-06
8.5481e-06
-1.32616e-05
8.87883e-06
6.04483e-06
-8.54831e-06
1.47677e-05
3.10821e-06
-4.65856e-06
1.72164e-05
-3.25688e-06
1.86127e-05
-4.52611e-06
-2.7476e-06
1.74061e-05
-9.08063e-06
-4.29758e-06
1.49138e-05
-1.32614e-05
-9.21964e-06
8.87885e-06
-1.51932e-05
-1.51933e-05
-1.70469e-06
2.39342e-11
-3.73195e-05
-3.76711e-05
1.51932e-05
-3.73195e-05
-3.76708e-05
1.32614e-05
-1.51932e-05
-1.70459e-06
9.08061e-06
-9.21964e-06
8.87887e-06
4.52609e-06
-4.29755e-06
1.49138e-05
-2.74759e-06
1.7406e-05
-7.27262e-06
-3.62792e-11
1.59085e-05
-1.57899e-05
-3.14747e-11
1.05155e-05
-2.71859e-05
4.26641e-12
-7.73728e-06
-3.73194e-05
1.10579e-12
-3.7671e-05
7.09029e-11
4.69253e-11
-0.000203955
3.73194e-05
5.17949e-11
-0.000203955
2.71858e-05
-2.32772e-12
-3.76708e-05
1.57899e-05
-4.60122e-12
-7.73739e-06
7.2726e-06
-1.71803e-11
1.05155e-05
-2.28998e-11
1.59084e-05
-7.27261e-06
2.74753e-06
1.59085e-05
-1.57899e-05
4.29752e-06
1.05156e-05
-2.71859e-05
9.21959e-06
-7.73727e-06
-3.73193e-05
1.51932e-05
-3.76707e-05
7.60651e-11
3.73195e-05
-0.000203955
3.73193e-05
3.73194e-05
-0.000203955
2.71858e-05
1.51932e-05
-3.76705e-05
1.57899e-05
9.2196e-06
-7.73727e-06
7.27259e-06
4.2975e-06
1.05155e-05
2.74753e-06
1.59085e-05
-4.5261e-06
3.25683e-06
1.74061e-05
-9.08059e-06
4.65851e-06
1.49139e-05
-1.32614e-05
8.54825e-06
8.87897e-06
-1.51931e-05
1.32615e-05
-1.70452e-06
1.82736e-11
2.7186e-05
-3.76707e-05
1.51931e-05
2.71859e-05
-3.76705e-05
1.32614e-05
1.32615e-05
-1.70443e-06
9.08058e-06
8.54822e-06
8.87898e-06
4.52608e-06
4.65849e-06
1.49139e-05
3.25681e-06
1.74061e-05
-3.10821e-06
2.63901e-06
1.86128e-05
-6.04482e-06
3.64227e-06
1.72165e-05
-8.54811e-06
6.04494e-06
1.47678e-05
-9.21952e-06
9.08069e-06
8.87887e-06
7.65435e-12
1.579e-05
-7.73741e-06
9.21951e-06
1.57899e-05
-7.73732e-06
8.54809e-06
9.08068e-06
8.87892e-06
6.04482e-06
6.04493e-06
1.47678e-05
3.1082e-06
3.64226e-06
1.72165e-05
2.639e-06
1.86127e-05
-1.98103e-06
1.48344e-06
1.87937e-05
-3.64215e-06
1.98108e-06
1.81381e-05
-4.65837e-06
3.10826e-06
1.72165e-05
-4.29744e-06
4.52613e-06
1.49138e-05
-2.55587e-12
7.27263e-06
1.05154e-05
4.29742e-06
7.27262e-06
1.05154e-05
4.65836e-06
4.52612e-06
1.49138e-05
3.64215e-06
3.10825e-06
1.72164e-05
1.98102e-06
1.98108e-06
1.8138e-05
1.48343e-06
1.87936e-05
-1.48339e-06
1.91408e-05
-2.63889e-06
1.87937e-05
-3.2567e-06
1.86127e-05
-2.74748e-06
1.74059e-05
-7.62771e-12
1.59083e-05
2.74746e-06
1.59083e-05
3.2567e-06
1.74059e-05
2.6389e-06
1.86126e-05
1.48337e-06
1.87936e-05
1.91407e-05
-1.55293e-06
-1.55302e-06
2.22467e-05
-2.75141e-06
-2.13605e-06
2.21282e-05
-3.53951e-06
-3.46448e-06
2.28653e-05
-3.04528e-06
-5.22687e-06
2.21385e-05
-2.13456e-11
-8.9966e-06
2.18596e-05
3.04523e-06
-8.99658e-06
2.18597e-05
3.53949e-06
-5.22686e-06
2.21385e-05
2.75141e-06
-3.46448e-06
2.28652e-05
1.55296e-06
-2.13604e-06
2.21281e-05
-1.55303e-06
2.22466e-05
-2.13595e-06
-2.75158e-06
2.21283e-05
-3.94639e-06
-3.94656e-06
2.17592e-05
-5.28649e-06
-6.81801e-06
2.19101e-05
-5.06995e-06
-1.07024e-05
2.0173e-05
-4.90184e-13
-2.03045e-05
1.67536e-05
5.06991e-06
-2.03045e-05
1.67536e-05
5.28645e-06
-1.07023e-05
2.01729e-05
3.94639e-06
-6.81797e-06
2.19101e-05
2.13597e-06
-3.94655e-06
2.17591e-05
-2.75157e-06
2.21281e-05
-3.46439e-06
-3.5397e-06
2.28654e-05
-6.81783e-06
-5.28668e-06
2.19102e-05
-1.03915e-05
-1.03917e-05
2.19156e-05
-1.18455e-05
-1.69765e-05
1.66074e-05
-5.7283e-12
-4.06217e-05
7.35006e-07
1.18455e-05
-4.06216e-05
7.35195e-07
1.03915e-05
-1.69764e-05
1.66075e-05
6.81779e-06
-1.03917e-05
2.19155e-05
3.46441e-06
-5.28662e-06
2.19102e-05
-3.53967e-06
2.28653e-05
-5.2268e-06
-3.04539e-06
2.21388e-05
-1.07022e-05
-5.07006e-06
2.01732e-05
-1.69763e-05
-1.18456e-05
1.66076e-05
-2.08246e-05
-2.08248e-05
5.99308e-06
4.89791e-11
-6.12176e-05
-3.78988e-05
2.08246e-05
-6.12176e-05
-3.78986e-05
1.69762e-05
-2.08247e-05
5.9931e-06
1.07022e-05
-1.18456e-05
1.66075e-05
5.22679e-06
-5.07004e-06
2.01731e-05
-3.04537e-06
2.21387e-05
-8.99652e-06
-3.86324e-11
2.18599e-05
-2.03043e-05
-1.05815e-11
1.67539e-05
-4.06215e-05
-1.17635e-11
7.3519e-07
-6.12175e-05
3.45664e-11
-3.78987e-05
8.25189e-11
6.82631e-11
-0.00032639
6.12175e-05
4.44249e-11
-0.000326389
4.06214e-05
3.0474e-11
-3.78983e-05
2.03043e-05
2.79125e-12
7.34877e-07
8.99653e-06
-1.05499e-11
1.67538e-05
-1.83393e-11
2.18598e-05
-8.9965e-06
3.04531e-06
2.186e-05
-2.03043e-05
5.06999e-06
1.67539e-05
-4.06214e-05
1.18456e-05
7.35399e-07
-6.12175e-05
2.08247e-05
-3.78985e-05
5.99116e-11
6.12176e-05
-0.000326389
6.12175e-05
6.12176e-05
-0.000326389
4.06213e-05
2.08247e-05
-3.78981e-05
2.03043e-05
1.18456e-05
7.35011e-07
8.99651e-06
5.06999e-06
1.67539e-05
3.04531e-06
2.18599e-05
-5.22676e-06
3.53961e-06
2.21388e-05
-1.07022e-05
5.28657e-06
2.01732e-05
-1.69762e-05
1.03916e-05
1.66076e-05
-2.08246e-05
1.69763e-05
5.99315e-06
4.36732e-11
4.06215e-05
-3.78983e-05
2.08246e-05
4.06214e-05
-3.78981e-05
1.69762e-05
1.69763e-05
5.99316e-06
1.07022e-05
1.03916e-05
1.66076e-05
5.22678e-06
5.28654e-06
2.01731e-05
3.53959e-06
2.21387e-05
-3.46438e-06
2.75151e-06
2.28654e-05
-6.81779e-06
3.94649e-06
2.19102e-05
-1.03915e-05
6.81789e-06
2.19155e-05
-1.18455e-05
1.07023e-05
1.66074e-05
1.02467e-11
2.03044e-05
7.34753e-07
1.18455e-05
2.03044e-05
7.34868e-07
1.03914e-05
1.07022e-05
1.66075e-05
6.81779e-06
6.81788e-06
2.19155e-05
3.4644e-06
3.94647e-06
2.19102e-05
2.75151e-06
2.28653e-05
-2.13594e-06
1.55301e-06
2.21282e-05
-3.94638e-06
2.13602e-06
2.17591e-05
-5.28645e-06
3.46445e-06
2.19101e-05
-5.06993e-06
5.22681e-06
2.01729e-05
-2.19621e-12
8.99654e-06
1.67536e-05
5.06991e-06
8.99653e-06
1.67536e-05
5.28643e-06
5.2268e-06
2.01729e-05
3.94638e-06
3.46444e-06
2.19101e-05
2.13597e-06
2.13601e-06
2.17591e-05
1.55302e-06
2.21281e-05
-1.55293e-06
2.22466e-05
-2.75141e-06
2.21281e-05
-3.53951e-06
2.28652e-05
-3.04527e-06
2.21385e-05
-8.24264e-12
2.18596e-05
3.04525e-06
2.18596e-05
3.5395e-06
2.21385e-05
2.75142e-06
2.28652e-05
1.55297e-06
2.21281e-05
2.22466e-05
-1.54174e-06
-1.54182e-06
2.53303e-05
-2.68842e-06
-2.19544e-06
2.54704e-05
-3.65557e-06
-3.65848e-06
2.74909e-05
-3.16934e-06
-5.76593e-06
2.74184e-05
-9.86259e-12
-1.08893e-05
2.95798e-05
3.16929e-06
-1.08893e-05
2.95798e-05
3.65554e-06
-5.76591e-06
2.74184e-05
2.68841e-06
-3.65846e-06
2.74909e-05
1.54171e-06
-2.19544e-06
2.54703e-05
-1.54181e-06
2.53303e-05
-2.19536e-06
-2.68857e-06
2.54704e-05
-4.05026e-06
-4.05042e-06
2.54691e-05
-5.75658e-06
-7.23121e-06
2.71895e-05
-5.72704e-06
-1.20412e-05
2.6419e-05
-1.28407e-11
-2.56098e-05
2.57474e-05
5.72701e-06
-2.56096e-05
2.57476e-05
5.75655e-06
-1.20411e-05
2.6419e-05
4.05024e-06
-7.23119e-06
2.71894e-05
2.19534e-06
-4.05038e-06
2.5469e-05
-2.68855e-06
2.54704e-05
-3.6584e-06
-3.65573e-06
2.74911e-05
-7.23105e-06
-5.75674e-06
2.71896e-05
-1.23195e-05
-1.23197e-05
3.20929e-05
-1.50182e-05
-2.12259e-05
2.8492e-05
7.01737e-11
-6.13924e-05
2.15007e-05
1.50182e-05
-6.13924e-05
2.15007e-05
1.23194e-05
-2.12259e-05
2.8492e-05
7.23104e-06
-1.23196e-05
3.20929e-05
3.65836e-06
-5.7567e-06
2.71895e-05
-3.65569e-06
2.74911e-05
-5.76586e-06
-3.16943e-06
2.74188e-05
-1.20411e-05
-5.72714e-06
2.64193e-05
-2.12258e-05
-1.50183e-05
2.84922e-05
-2.80421e-05
-2.80422e-05
1.96272e-05
3.78307e-11
-0.00010223
-2.51015e-05
2.80421e-05
-0.00010223
-2.51012e-05
2.12258e-05
-2.8042e-05
1.96271e-05
1.2041e-05
-1.50184e-05
2.84921e-05
5.76582e-06
-5.72711e-06
2.64192e-05
-3.16942e-06
2.74187e-05
-1.08893e-05
-2.20123e-11
2.95803e-05
-2.56096e-05
-2.01629e-11
2.57478e-05
-6.13923e-05
6.75579e-11
2.1501e-05
-0.00010223
3.07266e-11
-2.51014e-05
1.86802e-10
1.80137e-10
-0.000530852
0.00010223
2.0717e-10
-0.000530851
6.13921e-05
3.72116e-11
-2.51009e-05
2.56096e-05
2.75272e-11
2.15002e-05
1.08892e-05
-5.07199e-12
2.57478e-05
-1.37453e-11
2.95802e-05
-1.08892e-05
3.16935e-06
2.95803e-05
-2.56095e-05
5.72708e-06
2.5748e-05
-6.13922e-05
1.50183e-05
2.1501e-05
-0.00010223
2.80421e-05
-2.5101e-05
2.14576e-10
0.00010223
-0.000530851
0.00010223
0.00010223
-0.00053085
6.1392e-05
2.8042e-05
-2.51006e-05
2.56095e-05
1.50184e-05
2.15003e-05
1.08892e-05
5.72707e-06
2.57478e-05
3.16937e-06
2.95802e-05
-5.76583e-06
3.65563e-06
2.74187e-05
-1.2041e-05
5.75665e-06
2.64193e-05
-2.12257e-05
1.23195e-05
2.84922e-05
-2.80419e-05
2.12258e-05
1.96271e-05
4.39063e-11
6.13922e-05
-2.5101e-05
2.80419e-05
6.1392e-05
-2.51007e-05
2.12257e-05
2.12258e-05
1.9627e-05
1.2041e-05
1.23195e-05
2.84921e-05
5.7658e-06
5.75662e-06
2.64192e-05
3.65562e-06
2.74187e-05
-3.65837e-06
2.68849e-06
2.74911e-05
-7.23103e-06
4.05032e-06
2.71896e-05
-1.23195e-05
7.23111e-06
3.20929e-05
-1.50183e-05
1.20411e-05
2.84919e-05
3.01666e-11
2.56096e-05
2.14999e-05
1.50183e-05
2.56096e-05
2.15001e-05
1.23194e-05
1.2041e-05
2.84919e-05
7.23102e-06
7.2311e-06
3.20929e-05
3.65835e-06
4.0503e-06
2.71895e-05
2.68847e-06
2.74911e-05
-2.19536e-06
1.54176e-06
2.54704e-05
-4.05023e-06
2.19538e-06
2.54691e-05
-5.75656e-06
3.65838e-06
2.71894e-05
-5.72703e-06
5.76583e-06
2.6419e-05
3.88391e-13
1.08892e-05
2.57474e-05
5.727e-06
1.08892e-05
2.57475e-05
5.75654e-06
5.76581e-06
2.6419e-05
4.05022e-06
3.65838e-06
2.71894e-05
2.19534e-06
2.19537e-06
2.5469e-05
1.54174e-06
2.54704e-05
-1.54173e-06
2.53303e-05
-2.68842e-06
2.54703e-05
-3.65556e-06
2.74909e-05
-3.16934e-06
2.74184e-05
-6.19567e-12
2.95798e-05
3.16931e-06
2.95798e-05
3.65554e-06
2.74184e-05
2.68841e-06
2.74909e-05
1.54171e-06
2.54703e-05
2.53303e-05
-1.41895e-06
-1.41901e-06
2.81682e-05
-2.38794e-06
-2.10966e-06
2.85489e-05
-3.46335e-06
-3.47474e-06
3.20411e-05
-2.86411e-06
-5.84383e-06
3.2663e-05
-1.91773e-11
-1.16941e-05
3.84099e-05
2.86407e-06
-1.1694e-05
3.841e-05
3.46331e-06
-5.84379e-06
3.2663e-05
2.38792e-06
-3.47473e-06
3.20411e-05
1.41897e-06
-2.10965e-06
2.85489e-05
-1.41902e-06
2.81682e-05
-2.1096e-06
-2.38805e-06
2.85491e-05
-3.83289e-06
-3.833e-06
2.89158e-05
-5.83439e-06
-6.69525e-06
3.24115e-05
-5.86682e-06
-1.22327e-05
3.28408e-05
9.61126e-12
-2.86584e-05
3.68456e-05
5.86677e-06
-2.86584e-05
3.68455e-05
5.83432e-06
-1.22326e-05
3.28407e-05
3.83287e-06
-6.6952e-06
3.24115e-05
2.1096e-06
-3.83298e-06
2.89158e-05
-2.38803e-06
2.8549e-05
-3.47468e-06
-3.46346e-06
3.20414e-05
-6.69513e-06
-5.8345e-06
3.24117e-05
-1.29865e-05
-1.29866e-05
4.46765e-05
-1.60362e-05
-2.45859e-05
4.38958e-05
1.23318e-11
-9.33094e-05
7.01163e-05
1.60362e-05
-9.33092e-05
7.01165e-05
1.29864e-05
-2.45858e-05
4.38957e-05
6.69508e-06
-1.29866e-05
4.46762e-05
3.47468e-06
-5.83444e-06
3.24117e-05
-3.46343e-06
3.20412e-05
-5.84377e-06
-2.86418e-06
3.26635e-05
-1.22326e-05
-5.86689e-06
3.28412e-05
-2.45858e-05
-1.60363e-05
4.38961e-05
-3.47465e-05
-3.47466e-05
3.99499e-05
1.09924e-10
-0.000171732
1.85745e-05
3.47465e-05
-0.000171731
1.85747e-05
2.45857e-05
-3.47464e-05
3.99495e-05
1.22326e-05
-1.60365e-05
4.38957e-05
5.84374e-06
-5.86688e-06
3.28409e-05
-2.86418e-06
3.26633e-05
-1.1694e-05
-3.03219e-11
3.84105e-05
-2.86583e-05
4.10937e-12
3.6846e-05
-9.33093e-05
1.28406e-11
7.01167e-05
-0.000171732
1.08906e-10
1.85746e-05
2.34239e-10
2.34617e-10
-0.000874319
0.000171732
1.92867e-10
-0.000874317
9.33089e-05
8.31962e-11
1.85756e-05
2.86584e-05
3.68974e-11
7.01149e-05
1.1694e-05
-1.55115e-12
3.68457e-05
-1.17181e-11
3.84102e-05
-1.1694e-05
2.86411e-06
3.84106e-05
-2.86582e-05
5.86682e-06
3.6846e-05
-9.3309e-05
1.60363e-05
7.01169e-05
-0.000171731
3.47465e-05
1.85748e-05
1.931e-10
0.000171732
-0.000874317
0.000171731
0.000171732
-0.000874315
9.33088e-05
3.47464e-05
1.85759e-05
2.86583e-05
1.60364e-05
7.01151e-05
1.1694e-05
5.86683e-06
3.68457e-05
2.86413e-06
3.84102e-05
-5.84372e-06
3.46337e-06
3.26634e-05
-1.22325e-05
5.83438e-06
3.28411e-05
-2.45857e-05
1.29865e-05
4.38959e-05
-3.47464e-05
2.45857e-05
3.99495e-05
8.27417e-11
9.3309e-05
1.85755e-05
3.47463e-05
9.33088e-05
1.85758e-05
2.45856e-05
2.45857e-05
3.99491e-05
1.22325e-05
1.29865e-05
4.38955e-05
5.84372e-06
5.83436e-06
3.28409e-05
3.46336e-06
3.26633e-05
-3.47466e-06
2.38798e-06
3.20413e-05
-6.69508e-06
3.83292e-06
3.24117e-05
-1.29865e-05
6.69513e-06
4.46762e-05
-1.60364e-05
1.22326e-05
4.38955e-05
3.7794e-11
2.86584e-05
7.01146e-05
1.60364e-05
2.86583e-05
7.01147e-05
1.29865e-05
1.22326e-05
4.38954e-05
6.69508e-06
6.69512e-06
4.4676e-05
3.47467e-06
3.8329e-06
3.24116e-05
2.38797e-06
3.20412e-05
-2.10958e-06
1.419e-06
2.85491e-05
-3.83286e-06
2.10962e-06
2.89158e-05
-5.83434e-06
3.47469e-06
3.24116e-05
-5.86681e-06
5.84374e-06
3.28406e-05
2.21484e-12
1.1694e-05
3.68453e-05
5.86678e-06
1.1694e-05
3.68453e-05
5.83431e-06
5.84372e-06
3.28406e-05
3.83285e-06
3.47469e-06
3.24115e-05
2.10959e-06
2.10961e-06
2.89157e-05
1.419e-06
2.8549e-05
-1.41896e-06
2.81682e-05
-2.38793e-06
2.85489e-05
-3.46334e-06
3.2041e-05
-2.86412e-06
3.26629e-05
-4.99177e-12
3.84098e-05
2.86409e-06
3.84098e-05
3.46332e-06
3.26629e-05
2.38793e-06
3.2041e-05
1.41899e-06
2.85489e-05
2.81681e-05
-1.17452e-06
-1.17455e-06
3.05173e-05
-1.85684e-06
-1.8724e-06
3.11037e-05
-2.9291e-06
-2.87309e-06
3.59864e-05
-2.13026e-06
-5.41455e-06
3.72788e-05
-5.97358e-12
-1.15714e-05
4.78512e-05
2.1302e-06
-1.15713e-05
4.78512e-05
2.92905e-06
-5.41453e-06
3.72788e-05
1.85682e-06
-2.87308e-06
3.59865e-05
1.17448e-06
-1.87239e-06
3.11037e-05
-1.17455e-06
3.05173e-05
-1.87236e-06
-1.85691e-06
3.11038e-05
-3.31508e-06
-3.31515e-06
3.18013e-05
-5.48914e-06
-5.31404e-06
3.70268e-05
-5.48079e-06
-1.12688e-05
3.86869e-05
-1.59508e-11
-2.94332e-05
4.92268e-05
5.48075e-06
-2.94331e-05
4.92269e-05
5.48911e-06
-1.12688e-05
3.86868e-05
3.31504e-06
-5.31405e-06
3.70268e-05
1.87233e-06
-3.31512e-06
3.18013e-05
-1.8569e-06
3.11038e-05
-2.87305e-06
-2.92916e-06
3.59867e-05
-5.31397e-06
-5.4892e-06
3.7027e-05
-1.25299e-05
-1.25299e-05
5.91085e-05
-1.4534e-05
-2.71044e-05
6.17361e-05
8.16122e-11
-0.000133067
0.000159217
1.45339e-05
-0.000133067
0.000159217
1.25298e-05
-2.71043e-05
6.17359e-05
5.31396e-06
-1.253e-05
5.91084e-05
2.87301e-06
-5.4892e-06
3.70269e-05
-2.92915e-06
3.59867e-05
-5.41452e-06
-2.1303e-06
3.72794e-05
-1.12688e-05
-5.48083e-06
3.86873e-05
-2.71043e-05
-1.4534e-05
6.17364e-05
-4.05737e-05
-4.05737e-05
6.6889e-05
1.38879e-11
-0.000179924
2.4858e-05
4.05736e-05
-0.000179924
2.48586e-05
2.71043e-05
-4.05739e-05
6.68887e-05
1.12688e-05
-1.45344e-05
6.17361e-05
5.41449e-06
-5.48084e-06
3.86871e-05
-2.13033e-06
3.72792e-05
-1.15713e-05
-1.67436e-11
4.78518e-05
-2.94331e-05
-2.01969e-11
4.92273e-05
-0.000133067
8.06835e-11
0.000159217
-0.000179924
1.46494e-11
2.48581e-05
9.29134e-11
9.34689e-11
-0.00123417
0.000179926
1.05534e-10
-0.00123416
0.000133068
6.12743e-11
2.48589e-05
2.94333e-05
3.41499e-11
0.000159216
1.15714e-05
-7.12119e-12
4.92271e-05
-1.43313e-11
4.78515e-05
-1.15713e-05
2.13022e-06
4.78518e-05
-2.9433e-05
5.48077e-06
4.92274e-05
-0.000133067
1.45339e-05
0.000159217
-0.000179924
4.05736e-05
2.48588e-05
1.05321e-10
0.000179926
-0.00123416
0.000179925
0.000179925
-0.00123416
0.000133068
4.05737e-05
2.48594e-05
2.94332e-05
1.45343e-05
0.000159216
1.15713e-05
5.48078e-06
4.9227e-05
2.13027e-06
4.78515e-05
-5.41448e-06
2.92906e-06
3.72793e-05
-1.12687e-05
5.48912e-06
3.86872e-05
-2.71043e-05
1.25298e-05
6.17361e-05
-4.05739e-05
2.71043e-05
6.68887e-05
5.92043e-11
0.000133068
2.48587e-05
4.05737e-05
0.000133068
2.48592e-05
2.71042e-05
2.71043e-05
6.68884e-05
1.12688e-05
1.25299e-05
6.17358e-05
5.41447e-06
5.48912e-06
3.8687e-05
2.92908e-06
3.72791e-05
-2.87304e-06
1.85684e-06
3.59867e-05
-5.31398e-06
3.31506e-06
3.70269e-05
-1.253e-05
5.31397e-06
5.91083e-05
-1.45343e-05
1.12688e-05
6.17358e-05
3.85692e-11
2.94333e-05
0.000159216
1.45343e-05
2.94332e-05
0.000159216
1.25299e-05
1.12688e-05
6.17356e-05
5.31399e-06
5.314e-06
5.91081e-05
2.87302e-06
3.31505e-06
3.70268e-05
1.85683e-06
3.59866e-05
-1.87235e-06
1.17449e-06
3.11038e-05
-3.31505e-06
1.87233e-06
3.18013e-05
-5.48914e-06
2.87301e-06
3.70267e-05
-5.4808e-06
5.41447e-06
3.86868e-05
-1.75269e-12
1.15713e-05
4.92267e-05
5.48076e-06
1.15713e-05
4.92266e-05
5.48912e-06
5.41446e-06
3.86867e-05
3.31504e-06
2.87301e-06
3.70267e-05
1.87233e-06
1.87233e-06
3.18012e-05
1.17448e-06
3.11038e-05
-1.17451e-06
3.05173e-05
-1.85684e-06
3.11037e-05
-2.9291e-06
3.59864e-05
-2.13029e-06
3.72788e-05
-5.31571e-12
4.7851e-05
2.13026e-06
4.7851e-05
2.92908e-06
3.72788e-05
1.85683e-06
3.59864e-05
1.17448e-06
3.11037e-05
3.05173e-05
-7.78234e-07
-7.78244e-07
3.20737e-05
-1.05262e-06
-1.44118e-06
3.28192e-05
-1.7066e-06
-1.14732e-06
3.77877e-05
-3.80285e-07
-3.65761e-06
3.96101e-05
-1.88291e-11
-4.84478e-06
5.23157e-05
3.80247e-07
-4.84473e-06
5.23157e-05
1.70656e-06
-3.6576e-06
3.96101e-05
1.05261e-06
-1.14733e-06
3.77877e-05
7.78245e-07
-1.44118e-06
3.28192e-05
-7.78253e-07
3.20737e-05
-1.44117e-06
-1.05264e-06
3.28193e-05
-2.39153e-06
-2.39155e-06
3.3702e-05
-4.22574e-06
-1.73698e-06
3.94506e-05
-3.62164e-06
-7.06359e-06
4.14889e-05
4.51539e-12
-1.24386e-05
5.3199e-05
3.62158e-06
-1.24385e-05
5.31989e-05
4.22567e-06
-7.06361e-06
4.14888e-05
2.39152e-06
-1.73701e-06
3.94506e-05
1.44118e-06
-2.39155e-06
3.3702e-05
-1.05264e-06
3.28192e-05
-1.14731e-06
-1.70661e-06
3.7788e-05
-1.73696e-06
-4.22575e-06
3.94508e-05
-4.98563e-06
-4.98564e-06
6.56061e-05
-7.87381e-07
-1.82913e-05
6.87655e-05
6.097e-12
-8.76721e-05
0.000233663
7.87341e-07
-8.76713e-05
0.000233662
4.98556e-06
-1.82913e-05
6.87654e-05
1.73696e-06
-4.986e-06
6.5606e-05
1.14732e-06
-4.22575e-06
3.94507e-05
-1.70664e-06
3.77879e-05
-3.65759e-06
-3.80304e-07
3.96106e-05
-7.06357e-06
-3.62166e-06
4.14893e-05
-1.82913e-05
-7.87386e-07
6.87658e-05
-1.89422e-05
-1.89422e-05
6.81907e-05
4.40179e-11
-4.88531e-05
-3.29034e-05
1.8942e-05
-4.88524e-05
-3.29031e-05
1.82912e-05
-1.89425e-05
6.81905e-05
7.0636e-06
-7.879e-07
6.87655e-05
3.6576e-06
-3.62169e-06
4.1489e-05
-3.80347e-07
3.96104e-05
-4.84476e-06
-3.27768e-11
5.23163e-05
-1.24385e-05
-1.42741e-12
5.31995e-05
-8.76721e-05
1.99063e-12
0.000233663
-4.88531e-05
4.62641e-11
-3.29033e-05
6.78602e-11
6.78881e-11
-0.00133187
4.88555e-05
6.50318e-11
-0.00133187
8.76755e-05
-8.92644e-12
-3.29038e-05
1.24389e-05
3.33555e-11
0.000233664
4.84505e-06
-1.47669e-11
5.31992e-05
-1.8153e-11
5.23161e-05
-4.8447e-06
3.80235e-07
5.23163e-05
-1.24384e-05
3.62156e-06
5.31993e-05
-8.76713e-05
7.87326e-07
0.000233663
-4.88524e-05
1.8942e-05
-3.2903e-05
6.50392e-11
4.88555e-05
-0.00133187
4.88547e-05
4.88547e-05
-0.00133187
8.76748e-05
1.89424e-05
-3.29033e-05
1.24388e-05
7.87826e-07
0.000233664
4.845e-06
3.62161e-06
5.31991e-05
3.8029e-07
5.23161e-05
-3.65757e-06
1.70652e-06
3.96106e-05
-7.06357e-06
4.22563e-06
4.14892e-05
-1.82913e-05
4.98551e-06
6.87656e-05
-1.89425e-05
1.82911e-05
6.81905e-05
-1.00588e-11
8.76755e-05
-3.29039e-05
1.89424e-05
8.76748e-05
-3.29035e-05
1.82913e-05
1.82912e-05
6.81904e-05
7.06363e-06
4.98585e-06
6.87653e-05
3.65761e-06
4.22567e-06
4.14889e-05
1.70656e-06
3.96103e-05
-1.14731e-06
1.05259e-06
3.7788e-05
-1.73698e-06
2.3915e-06
3.94507e-05
-4.98598e-06
1.73693e-06
6.56059e-05
-7.87892e-07
7.06357e-06
6.87653e-05
4.18466e-11
1.24389e-05
0.000233664
7.8784e-07
1.24388e-05
0.000233664
4.98589e-06
7.06361e-06
6.87652e-05
1.737e-06
1.73698e-06
6.56058e-05
1.14734e-06
2.3915e-06
3.94506e-05
1.0526e-06
3.77878e-05
-1.44116e-06
7.78227e-07
3.28193e-05
-2.39153e-06
1.44116e-06
3.3702e-05
-4.22573e-06
1.14729e-06
3.94506e-05
-3.62167e-06
3.65758e-06
4.14887e-05
-6.88057e-12
4.84503e-06
5.31988e-05
3.62162e-06
4.84498e-06
5.31987e-05
4.2257e-06
3.65759e-06
4.14887e-05
2.39153e-06
1.14732e-06
3.94505e-05
1.44118e-06
1.44116e-06
3.3702e-05
7.78249e-07
3.28192e-05
-7.78241e-07
3.20737e-05
-1.05263e-06
3.28192e-05
-1.70663e-06
3.77877e-05
-3.80332e-07
3.961e-05
-5.88968e-12
5.23157e-05
3.80306e-07
5.23157e-05
1.7066e-06
3.961e-05
1.05263e-06
3.77877e-05
7.78269e-07
3.28192e-05
3.20736e-05
-3.66851e-07
-3.66834e-07
3.28073e-05
-3.1825e-07
-9.8455e-07
3.3755e-05
-4.16146e-07
4.69449e-07
3.74161e-05
1.27533e-06
-1.79978e-06
3.97184e-05
-5.67502e-12
7.58752e-06
4.60034e-05
-1.27538e-06
7.58756e-06
4.60034e-05
4.16092e-07
-1.7998e-06
3.97183e-05
3.18232e-07
4.69422e-07
3.74161e-05
3.66814e-07
-9.84557e-07
3.37551e-05
-3.66842e-07
3.28073e-05
-9.84565e-07
-3.18232e-07
3.37552e-05
-1.52021e-06
-1.52019e-06
3.47732e-05
-2.86526e-06
1.64801e-06
3.96171e-05
-1.76119e-06
-3.15344e-06
4.17382e-05
-5.42135e-11
1.43128e-05
4.47122e-05
1.76115e-06
1.43128e-05
4.47123e-05
2.86524e-06
-3.15348e-06
4.17382e-05
1.5202e-06
1.64793e-06
3.9617e-05
9.84537e-07
-1.52021e-06
3.47732e-05
-3.18248e-07
3.37551e-05
4.69436e-07
-4.16112e-07
3.74163e-05
1.64798e-06
-2.86522e-06
3.96172e-05
8.25451e-06
8.25455e-06
5.23925e-05
2.67011e-05
-6.11415e-06
5.32793e-05
6.54839e-11
0.00019662
7.80554e-05
-2.67013e-05
0.00019662
7.80551e-05
-8.25464e-06
-6.11422e-06
5.32791e-05
-1.64797e-06
8.25443e-06
5.23925e-05
-4.69446e-07
-2.86528e-06
3.96171e-05
-4.16154e-07
3.74163e-05
-1.79978e-06
1.27533e-06
3.97188e-05
-3.15346e-06
-1.76118e-06
4.17385e-05
-6.11419e-06
2.67012e-05
5.32795e-05
3.35286e-07
3.35328e-07
5.52902e-05
-2.33634e-10
0.000256703
-9.26516e-05
-3.35367e-07
0.000256703
-9.2651e-05
6.11425e-06
3.35519e-07
5.529e-05
3.15349e-06
2.67009e-05
5.32793e-05
1.79979e-06
-1.76121e-06
4.17384e-05
1.27528e-06
3.97186e-05
7.58752e-06
-2.28632e-11
4.60039e-05
1.43128e-05
-6.41201e-11
4.47126e-05
0.00019662
5.47871e-11
7.80557e-05
0.000256703
-2.2661e-10
-9.26515e-05
-5.72241e-13
-8.03354e-13
-0.000818458
-0.000256703
-1.06335e-13
-0.000818458
-0.00019662
-1.38881e-10
-9.26514e-05
-1.43127e-05
-1.84533e-11
7.80565e-05
-7.58747e-06
-3.21799e-11
4.47124e-05
-2.79787e-11
4.60038e-05
7.58756e-06
-1.27543e-06
4.60038e-05
1.43128e-05
1.7611e-06
4.47127e-05
0.00019662
-2.67013e-05
7.80553e-05
0.000256703
-3.3544e-07
-9.26508e-05
1.94861e-13
-0.000256703
-0.000818458
-0.000256703
-0.000256703
-0.000818458
-0.00019662
-3.35636e-07
-9.26509e-05
-1.43127e-05
-2.6701e-05
7.80562e-05
-7.58748e-06
1.76112e-06
4.47124e-05
-1.27535e-06
4.60037e-05
-1.7998e-06
4.16005e-07
3.97187e-05
-3.15348e-06
2.86516e-06
4.17384e-05
-6.11426e-06
-8.25472e-06
5.32792e-05
3.35475e-07
6.11416e-06
5.529e-05
-1.45939e-10
-0.00019662
-9.26516e-05
-3.35564e-07
-0.00019662
-9.26512e-05
6.11424e-06
6.11416e-06
5.52899e-05
3.15352e-06
-8.25453e-06
5.32791e-05
1.7998e-06
2.86521e-06
4.17383e-05
4.1608e-07
3.97186e-05
4.69413e-07
3.18183e-07
3.74163e-05
1.64791e-06
1.52014e-06
3.96171e-05
8.25441e-06
-1.64804e-06
5.23925e-05
2.67009e-05
3.15343e-06
5.32791e-05
-5.67676e-12
-1.43128e-05
7.80562e-05
-2.6701e-05
-1.43128e-05
7.8056e-05
-8.25447e-06
3.15347e-06
5.3279e-05
-1.6479e-06
-1.64796e-06
5.23925e-05
-4.69416e-07
1.52017e-06
3.9617e-05
3.18207e-07
3.74163e-05
-9.84565e-07
3.66776e-07
3.37552e-05
-1.52022e-06
9.845e-07
3.47732e-05
-2.8653e-06
-4.69479e-07
3.9617e-05
-1.76122e-06
1.79975e-06
4.17381e-05
-2.10073e-11
-7.5875e-06
4.47121e-05
1.76117e-06
-7.58751e-06
4.47121e-05
2.86528e-06
1.79977e-06
4.17381e-05
1.52022e-06
-4.69447e-07
3.96169e-05
9.84549e-07
9.84518e-07
3.47732e-05
3.66784e-07
3.37552e-05
-3.66855e-07
3.28073e-05
-3.18263e-07
3.37551e-05
-4.16177e-07
3.74161e-05
1.27527e-06
3.97183e-05
-1.00422e-11
4.60035e-05
-1.27531e-06
4.60034e-05
4.16152e-07
3.97183e-05
3.18252e-07
3.74161e-05
3.6682e-07
3.37551e-05
3.28074e-05
8.79086e-08
8.79371e-08
3.26313e-05
5.51044e-07
-4.27517e-07
3.37193e-05
1.03002e-06
2.52726e-06
3.44098e-05
3.29745e-06
1.34053e-08
3.74373e-05
-2.84528e-11
1.48086e-05
3.44921e-05
-3.29749e-06
1.48086e-05
3.44921e-05
-1.03003e-06
1.33893e-08
3.74373e-05
-5.51061e-07
2.52724e-06
3.44098e-05
-8.78991e-08
-4.27538e-07
3.37194e-05
8.79202e-08
3.26313e-05
-4.27558e-07
5.51107e-07
3.37194e-05
-6.08436e-07
-6.08379e-07
3.51348e-05
-1.89388e-06
5.59496e-06
3.78344e-05
-1.53261e-06
-1.92778e-06
4.33178e-05
9.38633e-12
4.85827e-06
5.31296e-05
1.53253e-06
4.85827e-06
5.31294e-05
1.8938e-06
-1.92784e-06
4.33178e-05
6.08433e-07
5.59491e-06
3.78345e-05
4.27567e-07
-6.08421e-07
3.51348e-05
5.5107e-07
3.37194e-05
2.52723e-06
1.03008e-06
3.44099e-05
5.59489e-06
-1.8938e-06
3.78345e-05
1.65398e-05
1.65399e-05
3.05025e-05
3.79305e-05
-1.97017e-05
4.96612e-05
-1.12909e-10
0.00015465
-3.38064e-05
-3.79305e-05
0.00015465
-3.38063e-05
-1.65398e-05
-1.97018e-05
4.96612e-05
-5.59491e-06
1.65397e-05
3.05024e-05
-2.52722e-06
-1.89385e-06
3.78346e-05
1.03002e-06
3.44099e-05
1.33854e-08
3.29747e-06
3.74376e-05
-1.92783e-06
-1.53257e-06
4.33181e-05
-1.97018e-05
3.79305e-05
4.96614e-05
-3.59951e-05
-3.5995e-05
8.78752e-05
1.76565e-11
0.000193211
-0.000167208
3.59949e-05
0.000193211
-0.000167208
1.97016e-05
-3.59951e-05
8.78753e-05
1.92787e-06
3.79303e-05
4.96614e-05
-1.33658e-08
-1.53264e-06
4.33179e-05
3.29742e-06
3.74375e-05
1.48086e-05
-4.92017e-11
3.44924e-05
4.85822e-06
-4.62774e-12
5.31298e-05
0.000154649
-1.26659e-10
-3.38062e-05
0.000193211
1.62229e-11
-0.000167208
-6.85738e-14
-7.99466e-14
-0.000432036
-0.000193211
-1.60606e-13
-0.000432036
-0.00015465
-3.62747e-11
-0.000167208
-4.85804e-06
-4.00258e-11
-3.38057e-05
-1.48085e-05
-3.40202e-11
5.31297e-05
-3.13468e-11
3.44924e-05
1.48086e-05
-3.29756e-06
3.44924e-05
4.85824e-06
1.53245e-06
5.31297e-05
0.00015465
-3.79306e-05
-3.38061e-05
0.000193211
3.59948e-05
-0.000167207
-1.47505e-13
-0.000193211
-0.000432036
-0.000193211
-0.000193211
-0.000432036
-0.00015465
3.5995e-05
-0.000167207
-4.85809e-06
-3.79304e-05
-3.38058e-05
-1.48085e-05
1.53254e-06
5.31297e-05
-3.29751e-06
3.44923e-05
1.33731e-08
-1.03013e-06
3.74376e-05
-1.92788e-06
1.89368e-06
4.3318e-05
-1.97019e-05
-1.65399e-05
4.96613e-05
-3.59952e-05
1.97015e-05
8.78752e-05
-3.58454e-11
-0.00015465
-0.000167208
3.5995e-05
-0.00015465
-0.000167208
1.97018e-05
1.97017e-05
8.78752e-05
1.92792e-06
-1.65398e-05
4.96614e-05
-1.33457e-08
1.89377e-06
4.33179e-05
-1.03008e-06
3.74375e-05
2.52722e-06
-5.51152e-07
3.44099e-05
5.59486e-06
6.08353e-07
3.78345e-05
1.65396e-05
-5.595e-06
3.05024e-05
3.79303e-05
1.9278e-06
4.96613e-05
-2.24939e-11
-4.85812e-06
-3.38058e-05
-3.79303e-05
-4.85816e-06
-3.38059e-05
-1.65397e-05
1.92785e-06
4.96613e-05
-5.59484e-06
-5.59492e-06
3.05024e-05
-2.52719e-06
6.08397e-07
3.78345e-05
-5.51099e-07
3.44099e-05
-4.27573e-07
-8.79392e-08
3.37195e-05
-6.08466e-07
4.27513e-07
3.51348e-05
-1.8939e-06
-2.52726e-06
3.78345e-05
-1.53266e-06
-1.3394e-08
4.33178e-05
-1.7947e-11
-1.48085e-05
5.31295e-05
1.5326e-06
-1.48085e-05
5.31295e-05
1.89387e-06
-1.33718e-08
4.33177e-05
6.08465e-07
-2.52723e-06
3.78345e-05
4.27587e-07
4.27539e-07
3.51348e-05
-8.7909e-08
3.37194e-05
8.78978e-08
3.26314e-05
5.51021e-07
3.37194e-05
1.02998e-06
3.44098e-05
3.29741e-06
3.74373e-05
-1.00762e-11
3.44922e-05
-3.29744e-06
3.44921e-05
-1.03e-06
3.74373e-05
-5.51021e-07
3.44098e-05
-8.78743e-08
3.37194e-05
3.26314e-05
1.64539e-07
1.64585e-07
3.23021e-05
6.9065e-07
-1.91706e-07
3.33848e-05
5.21719e-07
1.01216e-06
3.35663e-05
1.54857e-06
-9.49174e-08
3.65052e-05
1.22791e-12
1.40003e-06
3.46404e-05
-1.54862e-06
1.40006e-06
3.46403e-05
-5.21757e-07
-9.4971e-08
3.65052e-05
-6.90669e-07
1.01212e-06
3.35664e-05
-1.64565e-07
-1.91734e-07
3.33849e-05
1.64569e-07
3.23021e-05
-1.91766e-07
6.90741e-07
3.33848e-05
-9.91882e-08
-9.91127e-08
3.49493e-05
-9.13346e-07
2.73908e-06
3.69215e-05
-3.33438e-07
3.16663e-07
4.23258e-05
-6.05693e-11
3.33314e-06
5.08624e-05
3.33388e-07
3.33322e-06
5.08625e-05
9.13342e-07
3.16593e-07
4.23258e-05
9.91699e-08
2.73898e-06
3.69215e-05
1.91739e-07
-9.9153e-08
3.49494e-05
6.90694e-07
3.33849e-05
1.01211e-06
5.21804e-07
3.35664e-05
2.73898e-06
-9.13243e-07
3.69215e-05
2.29429e-06
2.29439e-06
3.13909e-05
5.46236e-06
-2.04174e-06
4.88508e-05
6.21488e-11
-1.66552e-05
-8.35644e-06
-5.4625e-06
-1.66552e-05
-8.3567e-06
-2.29442e-06
-2.04185e-06
4.88508e-05
-2.73895e-06
2.29432e-06
3.1391e-05
-1.01212e-06
-9.13343e-07
3.69215e-05
5.21751e-07
3.35665e-05
-9.49745e-08
1.54861e-06
3.65054e-05
3.16573e-07
-3.33391e-07
4.23259e-05
-2.04186e-06
5.46242e-06
4.88508e-05
-8.68983e-07
-8.68914e-07
8.55285e-05
-2.81433e-11
-2.50579e-05
-0.000159675
8.68941e-07
-2.50579e-05
-0.000159675
2.04181e-06
-8.68959e-07
8.55284e-05
-3.16569e-07
5.46231e-06
4.88509e-05
9.49825e-08
-3.33443e-07
4.23259e-05
1.54855e-06
3.65053e-05
1.4e-06
-2.05248e-11
3.46405e-05
3.33307e-06
-7.62752e-11
5.08625e-05
-1.66552e-05
3.77957e-11
-8.35642e-06
-2.50579e-05
-2.18327e-11
-0.000159675
-1.1972e-15
-2.84276e-14
-0.000482151
2.50579e-05
-2.11754e-14
-0.000482151
1.66552e-05
-6.27555e-12
-0.000159675
-3.33303e-06
-5.27898e-11
-8.3562e-06
-1.39999e-06
-4.02376e-11
5.08625e-05
-3.79488e-11
3.46405e-05
1.40003e-06
-1.54872e-06
3.46404e-05
3.33317e-06
3.33293e-07
5.08626e-05
-1.66552e-05
-5.46262e-06
-8.35668e-06
-2.50579e-05
8.68838e-07
-0.000159674
7.39634e-15
2.50578e-05
-0.000482151
2.50579e-05
2.50578e-05
-0.000482151
1.66551e-05
8.68844e-07
-0.000159675
-3.33306e-06
-5.46245e-06
-8.35624e-06
-1.39999e-06
3.3334e-07
5.08625e-05
-1.54864e-06
3.46405e-05
-9.50238e-08
-5.21877e-07
3.65054e-05
3.16509e-07
9.132e-07
4.23259e-05
-2.04196e-06
-2.29456e-06
4.88508e-05
-8.69035e-07
2.04166e-06
8.55283e-05
-9.94556e-12
1.66551e-05
-0.000159675
8.68954e-07
1.66551e-05
-0.000159675
2.04187e-06
2.04171e-06
8.55283e-05
-3.16511e-07
-2.2944e-06
4.88508e-05
9.50211e-08
9.13277e-07
4.23259e-05
-5.21798e-07
3.65053e-05
1.01208e-06
-6.90778e-07
3.35665e-05
2.7389e-06
9.90814e-08
3.69215e-05
2.29424e-06
-2.73906e-06
3.1391e-05
5.46225e-06
-3.16667e-07
4.88508e-05
-2.88208e-11
-3.33309e-06
-8.35621e-06
-5.46234e-06
-3.33311e-06
-8.35624e-06
-2.29429e-06
-3.16604e-07
4.88508e-05
-2.73888e-06
-2.73898e-06
3.1391e-05
-1.01209e-06
9.91356e-08
3.69215e-05
-6.90725e-07
3.35665e-05
-1.91786e-07
-1.64616e-07
3.33849e-05
-9.92144e-08
1.91674e-07
3.49495e-05
-9.1342e-07
-1.01217e-06
3.69215e-05
-3.33477e-07
9.4925e-08
4.23258e-05
-2.15912e-11
-1.40002e-06
5.08625e-05
3.33422e-07
-1.40002e-06
5.08625e-05
9.13389e-07
9.49649e-08
4.23258e-05
9.92103e-08
-1.01213e-06
3.69215e-05
1.91768e-07
1.91711e-07
3.49495e-05
-1.64602e-07
3.33849e-05
1.64532e-07
3.23022e-05
6.90624e-07
3.33849e-05
5.21693e-07
3.35665e-05
1.54853e-06
3.65053e-05
-1.24192e-11
3.46405e-05
-1.54856e-06
3.46405e-05
-5.21706e-07
3.65053e-05
-6.90636e-07
3.35665e-05
-1.64559e-07
3.33849e-05
3.23022e-05
3.56054e-07
3.56111e-07
3.15898e-05
1.12353e-06
2.40908e-07
3.23763e-05
1.31871e-06
2.23571e-06
3.11354e-05
2.56469e-06
2.24182e-06
3.30172e-05
-3.0149e-11
8.22205e-06
2.89828e-05
-2.56472e-06
8.22204e-06
2.89828e-05
-1.31871e-06
2.2418e-06
3.30172e-05
-1.12354e-06
2.23568e-06
3.11354e-05
-3.56042e-07
2.40881e-07
3.23764e-05
3.56084e-07
3.15899e-05
2.4085e-07
1.12363e-06
3.23763e-05
9.05811e-07
9.05919e-07
3.36192e-05
1.12181e-06
5.90835e-06
3.30324e-05
2.571e-06
6.63817e-06
3.64799e-05
1.45259e-11
2.62757e-05
3.53794e-05
-2.57108e-06
2.62757e-05
3.53792e-05
-1.12188e-06
6.63809e-06
3.648e-05
-9.05813e-07
5.9083e-06
3.30325e-05
-2.4084e-07
9.05849e-07
3.36193e-05
1.12358e-06
3.23764e-05
2.23565e-06
1.3188e-06
3.11354e-05
5.90824e-06
1.12192e-06
3.30324e-05
9.58482e-06
9.58494e-06
2.40374e-05
1.53926e-05
1.93211e-05
3.03592e-05
-1.36892e-10
2.7952e-05
5.35876e-06
-1.53926e-05
2.79522e-05
5.35882e-06
-9.58479e-06
1.9321e-05
3.03591e-05
-5.90826e-06
9.58479e-06
2.40375e-05
-2.23564e-06
1.12186e-06
3.30325e-05
1.31873e-06
3.11354e-05
2.24177e-06
2.56473e-06
3.30172e-05
6.63807e-06
2.57105e-06
3.64799e-05
1.9321e-05
1.53927e-05
3.03591e-05
4.10354e-05
4.10355e-05
4.20983e-05
4.53943e-11
-1.19655e-06
-8.94925e-05
-4.10356e-05
-1.1965e-06
-8.94916e-05
-1.93212e-05
4.10355e-05
4.20984e-05
-6.63804e-06
1.53925e-05
3.03592e-05
-2.24175e-06
2.57098e-06
3.64799e-05
2.56468e-06
3.30172e-05
8.22199e-06
-5.6285e-11
2.89828e-05
2.62756e-05
-5.8495e-12
3.53794e-05
2.79519e-05
-1.59522e-10
5.3587e-06
-1.1966e-06
4.91596e-11
-8.94924e-05
-5.35369e-14
-1.01204e-13
-0.000484545
1.19649e-06
-9.03881e-14
-0.000484545
-2.7952e-05
2.35974e-11
-8.94925e-05
-2.62755e-05
-5.61598e-11
5.35898e-06
-8.22194e-06
-3.86077e-11
3.53793e-05
-3.85278e-11
2.89829e-05
8.222e-06
-2.56482e-06
2.89828e-05
2.62757e-05
-2.57118e-06
3.53792e-05
2.79521e-05
-1.53928e-05
5.35875e-06
-1.19656e-06
-4.10358e-05
-8.94913e-05
-3.9741e-14
1.19643e-06
-0.000484545
1.19647e-06
1.19641e-06
-0.000484545
-2.79522e-05
-4.10357e-05
-8.94915e-05
-2.62757e-05
-1.53927e-05
5.35894e-06
-8.22195e-06
-2.5711e-06
3.53793e-05
-2.56477e-06
2.89829e-05
2.24175e-06
-1.31885e-06
3.30172e-05
6.63799e-06
-1.12202e-06
3.648e-05
1.93209e-05
-9.58493e-06
3.03591e-05
4.10353e-05
-1.93213e-05
4.20984e-05
2.23385e-11
-2.79521e-05
-8.94927e-05
-4.10355e-05
-2.79523e-05
-8.9492e-05
-1.93211e-05
-1.93212e-05
4.20985e-05
-6.63797e-06
-9.58486e-06
3.03592e-05
-2.24172e-06
-1.12192e-06
3.648e-05
-1.31878e-06
3.30173e-05
2.23563e-06
-1.12366e-06
3.11354e-05
5.9082e-06
-9.05929e-07
3.30325e-05
9.5847e-06
-5.90837e-06
2.40375e-05
1.53925e-05
-6.63813e-06
3.03592e-05
-2.98702e-11
-2.62756e-05
5.35907e-06
-1.53926e-05
-2.62757e-05
5.35903e-06
-9.58474e-06
-6.63806e-06
3.03592e-05
-5.90819e-06
-5.90829e-06
2.40375e-05
-2.23561e-06
-9.05859e-07
3.30326e-05
-1.12359e-06
3.11355e-05
2.40831e-07
-3.56101e-07
3.23764e-05
9.0576e-07
-2.40896e-07
3.36193e-05
1.12178e-06
-2.23569e-06
3.30326e-05
2.57095e-06
-2.24179e-06
3.648e-05
-1.81302e-11
-8.22197e-06
3.53794e-05
-2.57101e-06
-8.22198e-06
3.53794e-05
-1.12181e-06
-2.24176e-06
3.648e-05
-9.05761e-07
-2.23565e-06
3.30326e-05
-2.40818e-07
-2.40866e-07
3.36193e-05
-3.5606e-07
3.23764e-05
3.56039e-07
3.15899e-05
1.1235e-06
3.23764e-05
1.31866e-06
3.11355e-05
2.56465e-06
3.30173e-05
-1.1726e-11
2.8983e-05
-2.56469e-06
2.8983e-05
-1.31868e-06
3.30173e-05
-1.1235e-06
3.11355e-05
-3.56013e-07
3.23765e-05
3.159e-05
3.48566e-07
3.48624e-07
3.08925e-05
1.00628e-06
2.81746e-07
3.14367e-05
9.36441e-07
1.26307e-06
2.99419e-05
1.47426e-06
1.33133e-06
3.11479e-05
8.34856e-13
2.42374e-06
2.80331e-05
-1.4743e-06
2.42374e-06
2.80331e-05
-9.36466e-07
1.33129e-06
3.11479e-05
-1.0063e-06
1.26304e-06
2.9942e-05
-3.4859e-07
2.81716e-07
3.14368e-05
3.48605e-07
3.08926e-05
2.81686e-07
1.00639e-06
3.14367e-05
9.14433e-07
9.14542e-07
3.23534e-05
8.67075e-07
3.23685e-06
3.11059e-05
1.50716e-06
4.09765e-06
3.30731e-05
-5.09659e-11
9.20136e-06
3.01084e-05
-1.5072e-06
9.2014e-06
3.01084e-05
-8.67076e-07
4.09757e-06
3.30731e-05
-9.14453e-07
3.23676e-06
3.11059e-05
-2.81703e-07
9.14483e-07
3.23535e-05
1.00634e-06
3.14368e-05
1.26302e-06
9.36538e-07
2.99419e-05
3.23674e-06
8.67178e-07
3.11058e-05
3.26571e-06
3.26582e-06
2.39788e-05
2.80709e-06
9.08541e-06
2.58293e-05
2.50852e-11
1.35411e-05
3.82558e-06
-2.80721e-06
1.35411e-05
3.8255e-06
-3.26579e-06
9.08534e-06
2.58293e-05
-3.23672e-06
3.26578e-06
2.39789e-05
-1.26303e-06
8.67085e-07
3.11059e-05
9.3648e-07
2.9942e-05
1.33127e-06
1.4743e-06
3.11477e-05
4.09754e-06
1.50721e-06
3.3073e-05
9.08533e-06
2.80713e-06
2.58292e-05
1.70669e-05
1.70669e-05
2.61344e-05
-1.16662e-10
-2.76415e-07
-5.86092e-05
-1.70671e-05
-2.76426e-07
-5.86083e-05
-9.08539e-06
1.70668e-05
2.61344e-05
-4.09754e-06
2.80712e-06
2.58293e-05
-1.33127e-06
1.50714e-06
3.30731e-05
1.47425e-06
3.11478e-05
2.42368e-06
-2.17095e-11
2.8033e-05
9.20124e-06
-7.10179e-11
3.01082e-05
1.3541e-05
-9.21828e-13
3.82545e-06
-2.76454e-07
-1.24701e-10
-5.86093e-05
-4.80965e-14
-8.4804e-14
-0.000485097
2.76367e-07
-1.07165e-13
-0.000485097
-1.3541e-05
-9.6999e-11
-5.86091e-05
-9.20126e-06
-6.12456e-11
3.82563e-06
-2.42369e-06
-4.5062e-11
3.01084e-05
-3.84747e-11
2.80331e-05
2.42369e-06
-1.4744e-06
2.80329e-05
9.2013e-06
-1.50731e-06
3.01083e-05
1.35409e-05
-2.8073e-06
3.82536e-06
-2.76472e-07
-1.70671e-05
-5.86081e-05
-7.14823e-14
2.76324e-07
-0.000485097
2.76368e-07
2.76318e-07
-0.000485097
-1.35411e-05
-1.7067e-05
-5.8608e-05
-9.20126e-06
-2.80724e-06
3.82561e-06
-2.4237e-06
-1.50725e-06
3.01084e-05
-1.47434e-06
2.80331e-05
1.33123e-06
-9.36593e-07
3.11478e-05
4.09748e-06
-8.67206e-07
3.30731e-05
9.08526e-06
-3.26593e-06
2.58293e-05
1.70668e-05
-9.08548e-06
2.61345e-05
-8.95954e-11
-1.35412e-05
-5.86092e-05
-1.7067e-05
-1.35412e-05
-5.86084e-05
-9.08532e-06
-9.08541e-06
2.61345e-05
-4.09749e-06
-3.26583e-06
2.58294e-05
-1.33124e-06
-8.67131e-07
3.30732e-05
-9.36517e-07
3.11479e-05
1.26299e-06
-1.00641e-06
2.9942e-05
3.23666e-06
-9.14564e-07
3.11059e-05
3.26569e-06
-3.23682e-06
2.39789e-05
2.80709e-06
-4.09763e-06
2.58294e-05
-3.65659e-11
-9.20136e-06
3.8258e-06
-2.80717e-06
-9.20135e-06
3.82578e-06
-3.26573e-06
-4.09757e-06
2.58295e-05
-3.23666e-06
-3.23675e-06
2.3979e-05
-1.263e-06
-9.1449e-07
3.1106e-05
-1.00635e-06
2.99421e-05
2.81665e-07
-3.48647e-07
3.14368e-05
9.14394e-07
-2.81756e-07
3.23536e-05
8.67008e-07
-1.26308e-06
3.1106e-05
1.50711e-06
-1.33131e-06
3.30733e-05
-2.36177e-11
-2.42373e-06
3.01086e-05
-1.50716e-06
-2.42373e-06
3.01085e-05
-8.6703e-07
-1.33128e-06
3.30733e-05
-9.14397e-07
-1.26304e-06
3.1106e-05
-2.81676e-07
-2.81722e-07
3.23536e-05
-3.48631e-07
3.14369e-05
3.48559e-07
3.08927e-05
1.00626e-06
3.14369e-05
9.36415e-07
2.99421e-05
1.47423e-06
3.1148e-05
-1.18418e-11
2.80333e-05
-1.47426e-06
2.80333e-05
-9.36423e-07
3.11481e-05
-1.00627e-06
2.99422e-05
-3.48586e-07
3.14369e-05
3.08927e-05
3.42914e-07
3.42967e-07
3.02065e-05
9.39763e-07
3.48337e-07
3.04914e-05
9.5808e-07
1.32454e-06
2.8599e-05
1.42313e-06
1.61588e-06
2.90668e-05
-1.82928e-11
3.75578e-06
2.57003e-05
-1.42316e-06
3.75576e-06
2.57003e-05
-9.58088e-07
1.61585e-06
2.90668e-05
-9.39771e-07
1.32451e-06
2.8599e-05
-3.42904e-07
3.48312e-07
3.04915e-05
3.4294e-07
3.02066e-05
3.48283e-07
9.39856e-07
3.04914e-05
1.00839e-06
1.00849e-06
3.1033e-05
1.12148e-06
3.40408e-06
2.89129e-05
1.69288e-06
4.46617e-06
2.96511e-05
-1.10477e-11
9.79182e-06
2.57649e-05
-1.69293e-06
9.79176e-06
2.57648e-05
-1.12151e-06
4.4661e-06
2.96511e-05
-1.00839e-06
3.404e-06
2.8913e-05
-3.48276e-07
1.00842e-06
3.10331e-05
9.39802e-07
3.04915e-05
1.32449e-06
9.58163e-07
2.85989e-05
3.40398e-06
1.12157e-06
2.89129e-05
4.55794e-06
4.55803e-06
2.16705e-05
5.92594e-06
7.89984e-06
2.10271e-05
-9.42268e-11
9.81091e-06
9.7318e-06
-5.92601e-06
9.81094e-06
9.7318e-06
-4.55792e-06
7.89973e-06
2.10272e-05
-3.40397e-06
4.55791e-06
2.16706e-05
-1.32447e-06
1.1215e-06
2.8913e-05
9.58095e-07
2.8599e-05
1.61583e-06
1.42317e-06
2.90665e-05
4.46608e-06
1.69292e-06
2.96509e-05
7.89976e-06
5.92598e-06
2.10269e-05
1.25237e-05
1.25237e-05
1.68858e-05
-3.36037e-11
-1.87778e-07
-3.60872e-05
-1.25239e-05
-1.87775e-07
-3.60862e-05
-7.89983e-06
1.25236e-05
1.68861e-05
-4.46606e-06
5.92588e-06
2.10271e-05
-1.61581e-06
1.69286e-06
2.96511e-05
1.42312e-06
2.90667e-05
3.75573e-06
-4.18951e-11
2.57e-05
9.79172e-06
-2.92773e-11
2.57647e-05
9.81078e-06
-1.15082e-10
9.73165e-06
-1.8781e-07
-5.10634e-11
-3.60874e-05
-1.44688e-13
-1.80483e-13
-0.000485473
1.87735e-07
-1.52146e-13
-0.000485473
-9.81083e-06
-5.03617e-11
-3.60873e-05
-9.79162e-06
-5.58974e-11
9.73197e-06
-3.75568e-06
-4.18216e-11
2.5765e-05
-3.48144e-11
2.57002e-05
3.75572e-06
-1.42324e-06
2.57e-05
9.79168e-06
-1.69302e-06
2.57647e-05
9.81081e-06
-5.9261e-06
9.73166e-06
-1.87815e-07
-1.25239e-05
-3.60861e-05
-1.15971e-13
1.87698e-07
-0.000485473
1.87746e-07
1.87704e-07
-0.000485473
-9.81084e-06
-1.25237e-05
-3.6086e-05
-9.79163e-06
-5.926e-06
9.73198e-06
-3.75568e-06
-1.69295e-06
2.5765e-05
-1.42319e-06
2.57003e-05
1.6158e-06
-9.58197e-07
2.90666e-05
4.46601e-06
-1.12162e-06
2.9651e-05
7.89965e-06
-4.55804e-06
2.10271e-05
1.25236e-05
-7.89992e-06
1.68861e-05
-3.2792e-11
-9.81095e-06
-3.60873e-05
-1.25237e-05
-9.81097e-06
-3.60864e-05
-7.89973e-06
-7.89981e-06
1.68863e-05
-4.466e-06
-4.55796e-06
2.10273e-05
-1.61578e-06
-1.12154e-06
2.96512e-05
-9.58132e-07
2.90668e-05
1.32446e-06
-9.39865e-07
2.8599e-05
3.40392e-06
-1.00848e-06
2.8913e-05
4.55784e-06
-3.40406e-06
2.16707e-05
5.92584e-06
-4.46614e-06
2.10273e-05
-3.16223e-11
-9.7917e-06
9.73217e-06
-5.92592e-06
-9.7917e-06
9.73216e-06
-4.55787e-06
-4.46608e-06
2.10275e-05
-3.40391e-06
-3.40399e-06
2.16709e-05
-1.32444e-06
-1.00842e-06
2.89132e-05
-9.39805e-07
2.85991e-05
3.48265e-07
-3.42953e-07
3.04915e-05
1.00834e-06
-3.48322e-07
3.10332e-05
1.12143e-06
-1.32451e-06
2.89131e-05
1.69283e-06
-1.61584e-06
2.96513e-05
-2.10329e-11
-3.75571e-06
2.57652e-05
-1.69288e-06
-3.7557e-06
2.57652e-05
-1.12145e-06
-1.61581e-06
2.96514e-05
-1.00834e-06
-1.32448e-06
2.89132e-05
-3.48257e-07
-3.48295e-07
3.10333e-05
-3.42917e-07
3.04916e-05
3.42899e-07
3.02067e-05
9.39735e-07
3.04916e-05
9.58041e-07
2.85992e-05
1.4231e-06
2.9067e-05
-1.12309e-11
2.57005e-05
-1.42312e-06
2.57005e-05
-9.58053e-07
2.9067e-05
-9.39732e-07
2.85992e-05
-3.4288e-07
3.04917e-05
3.02068e-05
2.65801e-07
2.65842e-07
2.96748e-05
6.97697e-07
2.75292e-07
2.97842e-05
6.58186e-07
8.17591e-07
2.78208e-05
8.63731e-07
9.59651e-07
2.79015e-05
-4.5808e-12
1.44403e-06
2.51198e-05
-8.63752e-07
1.44402e-06
2.51198e-05
-6.58193e-07
9.59619e-07
2.79015e-05
-6.97699e-07
8.17564e-07
2.78209e-05
-2.65811e-07
2.75267e-07
2.97842e-05
2.65825e-07
2.96749e-05
2.7525e-07
6.97767e-07
2.97841e-05
7.49831e-07
7.49905e-07
3.00837e-05
7.28997e-07
1.9769e-06
2.77743e-05
9.14813e-07
2.48824e-06
2.79365e-05
-3.02345e-11
3.63263e-06
2.44909e-05
-9.14849e-07
3.63264e-06
2.44909e-05
-7.29002e-07
2.48819e-06
2.79366e-05
-7.49831e-07
1.97684e-06
2.77744e-05
-2.75253e-07
7.49852e-07
3.00838e-05
6.97725e-07
2.97842e-05
8.17549e-07
6.58249e-07
2.78207e-05
1.97683e-06
7.29065e-07
2.77742e-05
1.93976e-06
1.93983e-06
2.17443e-05
1.59912e-06
3.60473e-06
2.02509e-05
-7.2334e-12
4.51618e-06
1.04473e-05
-1.5992e-06
4.51616e-06
1.04474e-05
-1.9398e-06
3.60468e-06
2.02511e-05
-1.97682e-06
1.9398e-06
2.17445e-05
-8.17549e-07
7.29003e-07
2.77744e-05
6.58202e-07
2.78208e-05
9.59608e-07
8.63758e-07
2.79012e-05
2.48817e-06
9.14848e-07
2.79362e-05
3.60464e-06
1.59914e-06
2.02507e-05
4.54453e-06
4.54458e-06
1.5006e-05
-5.54992e-11
2.43666e-07
-2.72702e-05
-4.54464e-06
2.43648e-07
-2.72693e-05
-3.60468e-06
4.54447e-06
1.50062e-05
-2.48816e-06
1.59915e-06
2.02511e-05
-9.596e-07
9.14802e-07
2.79365e-05
8.63725e-07
2.79014e-05
1.44398e-06
-2.20374e-11
2.51195e-05
3.63258e-06
-4.67811e-11
2.44906e-05
4.51612e-06
-2.10659e-11
1.04471e-05
2.43646e-07
-8.7238e-11
-2.72704e-05
-8.12215e-14
-8.83227e-14
-0.000484986
-2.43675e-07
-1.16394e-13
-0.000484986
-4.51612e-06
-9.17411e-11
-2.72703e-05
-3.63259e-06
-4.0113e-11
1.04475e-05
-1.444e-06
-3.47816e-11
2.4491e-05
-2.64429e-11
2.51198e-05
1.44398e-06
-8.63816e-07
2.51195e-05
3.63259e-06
-9.14917e-07
2.44907e-05
4.51608e-06
-1.59926e-06
1.04472e-05
2.43624e-07
-4.54471e-06
-2.72693e-05
-1.14183e-13
-2.43695e-07
-0.000484986
-2.43654e-07
-2.43677e-07
-0.000484986
-4.51608e-06
-4.54458e-06
-2.72691e-05
-3.63256e-06
-1.59923e-06
1.04476e-05
-1.44399e-06
-9.14868e-07
2.4491e-05
-8.63778e-07
2.51198e-05
9.59579e-07
-6.58275e-07
2.79013e-05
2.48812e-06
-7.29086e-07
2.79364e-05
3.60461e-06
-1.93987e-06
2.0251e-05
4.54446e-06
-3.60477e-06
1.50063e-05
-5.45344e-11
-4.51619e-06
-2.72702e-05
-4.54455e-06
-4.51617e-06
-2.72693e-05
-3.60464e-06
-3.6047e-06
1.50065e-05
-2.48813e-06
-1.93983e-06
2.02513e-05
-9.59583e-07
-7.29031e-07
2.79367e-05
-6.58224e-07
2.79015e-05
8.17528e-07
-6.9777e-07
2.78208e-05
1.97678e-06
-7.49903e-07
2.77744e-05
1.93975e-06
-1.97688e-06
2.17446e-05
1.59914e-06
-2.48822e-06
2.02513e-05
-2.31477e-11
-3.63264e-06
1.04478e-05
-1.59919e-06
-3.63262e-06
1.04478e-05
-1.93977e-06
-2.48818e-06
2.02514e-05
-1.97678e-06
-1.97684e-06
2.17448e-05
-8.1753e-07
-7.49852e-07
2.77746e-05
-6.97729e-07
2.7821e-05
2.75231e-07
-2.65848e-07
2.97843e-05
7.49793e-07
-2.75288e-07
3.00839e-05
7.28953e-07
-8.17579e-07
2.77745e-05
9.14781e-07
-9.59626e-07
2.79368e-05
-1.74431e-11
-1.44402e-06
2.44913e-05
-9.14816e-07
-1.44402e-06
2.44913e-05
-7.28966e-07
-9.59607e-07
2.79369e-05
-7.49793e-07
-8.17557e-07
2.77747e-05
-2.75234e-07
-2.75263e-07
3.0084e-05
-2.65835e-07
2.97844e-05
2.65794e-07
2.9675e-05
6.97675e-07
2.97844e-05
6.58162e-07
2.7821e-05
8.6371e-07
2.79017e-05
-8.37448e-12
2.51201e-05
-8.63729e-07
2.51202e-05
-6.58165e-07
2.79018e-05
-6.97675e-07
2.78211e-05
-2.65807e-07
2.97844e-05
2.96751e-05
1.70097e-07
1.70123e-07
2.93346e-05
4.37103e-07
1.80864e-07
2.93363e-05
4.15226e-07
5.11782e-07
2.73309e-05
5.34096e-07
5.91509e-07
2.7191e-05
-6.90139e-12
1.07638e-06
2.45775e-05
-5.34107e-07
1.07636e-06
2.45775e-05
-4.1523e-07
5.9149e-07
2.71911e-05
-4.37106e-07
5.11761e-07
2.7331e-05
-1.70098e-07
1.8085e-07
2.93363e-05
1.70109e-07
2.93347e-05
1.80838e-07
4.37146e-07
2.93362e-05
4.76732e-07
4.76777e-07
2.94919e-05
4.51742e-07
1.23249e-06
2.70785e-05
5.28499e-07
1.4359e-06
2.70152e-05
-1.84273e-11
2.0193e-06
2.40764e-05
-5.28524e-07
2.01923e-06
2.40765e-05
-4.51746e-07
1.43588e-06
2.70153e-05
-4.76732e-07
1.23245e-06
2.70786e-05
-1.80839e-07
4.76743e-07
2.9492e-05
4.37117e-07
2.93363e-05
5.11756e-07
4.15264e-07
2.73307e-05
1.23245e-06
4.51784e-07
2.70784e-05
1.37788e-06
1.37793e-06
2.14533e-05
1.64251e-06
1.29705e-06
2.0125e-05
-3.54744e-11
7.19058e-07
1.33905e-05
-1.64255e-06
7.19004e-07
1.33905e-05
-1.37789e-06
1.29704e-06
2.01252e-05
-1.23244e-06
1.37787e-06
2.14535e-05
-5.11751e-07
4.51746e-07
2.70786e-05
4.15232e-07
2.73309e-05
5.91482e-07
5.34113e-07
2.71907e-05
1.43586e-06
5.28521e-07
2.7015e-05
1.29699e-06
1.64253e-06
2.01249e-05
1.94993e-07
1.95021e-07
1.72099e-05
-8.42251e-11
4.09824e-07
-2.6766e-05
-1.95035e-07
4.09803e-07
-2.67652e-05
-1.29698e-06
1.95037e-07
1.72101e-05
-1.43585e-06
1.64249e-06
2.01253e-05
-5.91473e-07
5.28498e-07
2.70153e-05
5.3409e-07
2.7191e-05
1.07635e-06
-1.84216e-11
2.45772e-05
2.01928e-06
-2.9427e-11
2.40761e-05
7.19033e-07
-4.55166e-11
1.33903e-05
4.09806e-07
-1.07621e-10
-2.67662e-05
-5.96953e-14
-5.91288e-14
-0.000484167
-4.09819e-07
-3.93421e-14
-0.000484167
-7.1908e-07
-9.73808e-11
-2.67659e-05
-2.01927e-06
-2.44363e-11
1.33906e-05
-1.07633e-06
-2.44716e-11
2.40765e-05
-1.67958e-11
2.45775e-05
1.07634e-06
-5.34146e-07
2.45772e-05
2.0192e-06
-5.28566e-07
2.40762e-05
7.18964e-07
-1.64259e-06
1.33903e-05
4.09784e-07
-1.9507e-07
-2.67652e-05
-4.23298e-14
-4.09836e-07
-0.000484167
-4.09795e-07
-4.09811e-07
-0.000484167
-7.1901e-07
-1.95079e-07
-2.67649e-05
-2.01921e-06
-1.64253e-06
1.33907e-05
-1.07633e-06
-5.28536e-07
2.40766e-05
-5.34122e-07
2.45775e-05
5.91466e-07
-4.1528e-07
2.71908e-05
1.43584e-06
-4.51797e-07
2.70152e-05
1.29699e-06
-1.37794e-06
2.01251e-05
1.9503e-07
-1.29703e-06
1.72102e-05
-7.15513e-11
-7.19117e-07
-2.67658e-05
-1.95064e-07
-7.19062e-07
-2.67651e-05
-1.29699e-06
-1.29702e-06
1.72104e-05
-1.43584e-06
-1.3779e-06
2.01255e-05
-5.91464e-07
-4.51764e-07
2.70154e-05
-4.15248e-07
2.71911e-05
5.11739e-07
-4.3715e-07
2.73309e-05
1.23241e-06
-4.76776e-07
2.70787e-05
1.37784e-06
-1.23248e-06
2.14537e-05
1.64247e-06
-1.43589e-06
2.01255e-05
-1.3382e-11
-2.0193e-06
1.33909e-05
-1.6425e-06
-2.01925e-06
1.33909e-05
-1.37785e-06
-1.43587e-06
2.01256e-05
-1.23242e-06
-1.23245e-06
2.14538e-05
-5.11739e-07
-4.76747e-07
2.70788e-05
-4.37122e-07
2.73311e-05
1.80828e-07
-1.7012e-07
2.93364e-05
4.76707e-07
-1.8086e-07
2.94921e-05
4.51716e-07
-5.11769e-07
2.70788e-05
5.28484e-07
-5.91488e-07
2.70156e-05
-1.30623e-11
-1.07634e-06
2.40768e-05
-5.28504e-07
-1.07634e-06
2.40768e-05
-4.51724e-07
-5.91478e-07
2.70157e-05
-4.76711e-07
-5.11755e-07
2.70789e-05
-1.80831e-07
-1.80848e-07
2.94922e-05
-1.70106e-07
2.93365e-05
1.7009e-07
2.93348e-05
4.37087e-07
2.93365e-05
4.15208e-07
2.73311e-05
5.3408e-07
2.71913e-05
-5.46333e-12
2.45778e-05
-5.34092e-07
2.45779e-05
-4.15213e-07
2.71914e-05
-4.37089e-07
2.73312e-05
-1.70089e-07
2.93365e-05
2.93348e-05
5.66677e-08
5.66762e-08
1.41749e-07
5.64301e-08
1.21441e-07
1.3835e-07
1.40395e-07
1.11608e-07
-1.6346e-12
2.11883e-08
-1.404e-07
2.11949e-08
-1.21442e-07
1.11602e-07
-1.41748e-07
1.38344e-07
-5.6669e-08
5.64242e-08
5.66721e-08
5.64214e-08
1.41763e-07
1.40476e-07
1.40491e-07
8.40199e-08
2.89352e-07
2.75192e-08
1.62259e-07
-5.04348e-12
-8.85567e-07
-2.75273e-08
-8.85551e-07
-8.40218e-08
1.6225e-07
-1.40474e-07
2.89343e-07
-5.64213e-08
1.40479e-07
1.41753e-07
1.38342e-07
1.21453e-07
2.89338e-07
8.40333e-08
9.99849e-08
9.99941e-08
-1.93178e-08
-9.68514e-07
5.30347e-12
-3.1988e-06
1.93045e-08
-3.1988e-06
-9.99953e-08
-9.68521e-07
-2.89337e-07
1.00001e-07
-1.38341e-07
8.40223e-08
1.21443e-07
1.11599e-07
1.404e-07
1.62244e-07
2.7525e-08
-9.68531e-07
-1.93174e-08
-2.81281e-06
-2.81279e-06
-1.03633e-12
-1.38032e-06
2.81279e-06
-1.38032e-06
9.68517e-07
-2.8128e-06
-1.62247e-07
-1.92995e-08
-1.11599e-07
2.75202e-08
1.40395e-07
2.11784e-08
-5.57369e-12
-8.85576e-07
-8.6183e-12
-3.1988e-06
1.04076e-12
-1.38032e-06
-5.40963e-12
-1.64689e-15
-3.76695e-15
1.38032e-06
-1.67278e-14
3.1988e-06
-5.20416e-12
8.8556e-07
-6.0491e-12
-2.11923e-08
-6.15258e-12
-5.45528e-12
2.11852e-08
-1.40413e-07
-8.85561e-07
-2.75388e-08
-3.1988e-06
1.92981e-08
-1.38033e-06
2.81277e-06
-1.47521e-14
1.38032e-06
1.38033e-06
1.38032e-06
3.19881e-06
2.81279e-06
8.85557e-07
1.92856e-08
-2.11934e-08
-2.75313e-08
-1.40406e-07
1.11593e-07
-1.21458e-07
1.62237e-07
-8.40385e-08
-9.68534e-07
-1.00007e-07
-2.81281e-06
9.68501e-07
-1.80621e-14
3.1988e-06
2.8128e-06
3.1988e-06
9.68524e-07
9.68511e-07
-1.62242e-07
-1.00008e-07
-1.11597e-07
-8.40287e-08
-1.21448e-07
1.38337e-07
-1.41762e-07
2.89332e-07
-1.40488e-07
9.9995e-08
-2.8935e-07
-1.9297e-08
-1.6226e-07
-2.95189e-12
8.85551e-07
1.92889e-08
8.85547e-07
-9.99984e-08
-1.62253e-07
-2.89333e-07
-2.89344e-07
-1.38339e-07
-1.40479e-07
-1.41753e-07
5.64169e-08
-5.66763e-08
1.40467e-07
-5.64281e-08
8.40126e-08
-1.38347e-07
2.75166e-08
-1.11605e-07
-2.54897e-12
-2.11992e-08
-2.75224e-08
-2.12001e-08
-8.40158e-08
-1.11602e-07
-1.40467e-07
-1.38344e-07
-5.64173e-08
-5.6423e-08
-5.66743e-08
5.66658e-08
1.41744e-07
1.21435e-07
1.40392e-07
-1.65852e-12
-1.40397e-07
-1.21437e-07
-1.41743e-07
-5.66688e-08
)
;

boundaryField
{
    bottom
    {
        type            calculated;
        value           uniform 0;
    }
    atmosphere
    {
        type            calculated;
        value           nonuniform List<scalar> 
100
(
2.92213e-05
2.91947e-05
2.72127e-05
2.70601e-05
2.46964e-05
2.46964e-05
2.70603e-05
2.72129e-05
2.91948e-05
2.92214e-05
2.91948e-05
2.93237e-05
2.69839e-05
2.70208e-05
2.50104e-05
2.50105e-05
2.7021e-05
2.69841e-05
2.9324e-05
2.9195e-05
2.72128e-05
2.69839e-05
2.1832e-05
2.1375e-05
1.56841e-05
1.56842e-05
2.13753e-05
2.18323e-05
2.69842e-05
2.72131e-05
2.70605e-05
2.7021e-05
2.13752e-05
2.08985e-05
-3.13977e-05
-3.13967e-05
2.08988e-05
2.13756e-05
2.70214e-05
2.70608e-05
2.46967e-05
2.50107e-05
1.56842e-05
-3.13976e-05
-0.000486927
-0.000486927
-3.13974e-05
1.56847e-05
2.50111e-05
2.4697e-05
2.46967e-05
2.50108e-05
1.56843e-05
-3.13968e-05
-0.000486927
-0.000486927
-3.13966e-05
1.56847e-05
2.50111e-05
2.46971e-05
2.70605e-05
2.70212e-05
2.13753e-05
2.08987e-05
-3.13975e-05
-3.13965e-05
2.0899e-05
2.13757e-05
2.70215e-05
2.70608e-05
2.72129e-05
2.69841e-05
2.18322e-05
2.13754e-05
1.56845e-05
1.56845e-05
2.13755e-05
2.18325e-05
2.69843e-05
2.72131e-05
2.91948e-05
2.93238e-05
2.6984e-05
2.70211e-05
2.50108e-05
2.50109e-05
2.70213e-05
2.69843e-05
2.93241e-05
2.9195e-05
2.92213e-05
2.91948e-05
2.72128e-05
2.70604e-05
2.46967e-05
2.46967e-05
2.70606e-05
2.7213e-05
2.9195e-05
2.92215e-05
)
;
    }
    walls
    {
        type            calculated;
        value           uniform 0;
    }
}


// ************************************************************************* //
