/*--------------------------------*- C++ -*----------------------------------*\
| =========                 |                                                 |
| \\      /  F ield         | OpenFOAM: The Open Source CFD Toolbox           |
|  \\    /   O peration     | Version:  2412                                  |
|   \\  /    A nd           | Website:  www.openfoam.com                      |
|    \\/     M anipulation  |                                                 |
\*---------------------------------------------------------------------------*/
FoamFile
{
    version     2.0;
    format      ascii;
    arch        "LSB;label=32;scalar=64";
    class       volVectorField;
    location    "0.02";
    object      U;
}
// * * * * * * * * * * * * * * * * * * * * * * * * * * * * * * * * * * * * * //

dimensions      [0 1 -1 0 0 0 0];

internalField   nonuniform List<vector> 
4000
(
(-3.10468e-06 -3.10884e-06 2.84034e-06)
(-8.14168e-06 -3.16605e-06 2.33482e-06)
(-1.00927e-05 -3.25981e-06 1.5044e-06)
(-8.19113e-06 -3.3552e-06 6.64622e-07)
(-3.12337e-06 -3.41554e-06 1.37977e-07)
(3.1687e-06 -3.41567e-06 1.37856e-07)
(8.23562e-06 -3.35555e-06 6.64391e-07)
(1.01284e-05 -3.2603e-06 1.50364e-06)
(8.17343e-06 -3.16652e-06 2.33667e-06)
(3.12326e-06 -3.10945e-06 2.83463e-06)
(-3.16188e-06 -8.15298e-06 2.33476e-06)
(-8.29309e-06 -8.3044e-06 1.81002e-06)
(-1.02828e-05 -8.55174e-06 9.48332e-07)
(-8.34786e-06 -8.8036e-06 7.63973e-08)
(-3.18438e-06 -8.96353e-06 -4.71135e-07)
(3.22924e-06 -8.96392e-06 -4.71281e-07)
(8.39198e-06 -8.80476e-06 7.61e-08)
(1.03183e-05 -8.55346e-06 9.47489e-07)
(8.32472e-06 -8.30642e-06 1.8115e-06)
(3.18033e-06 -8.15527e-06 2.33018e-06)
(-3.25565e-06 -1.01102e-05 1.50425e-06)
(-8.54044e-06 -1.03003e-05 9.48245e-07)
(-1.05931e-05 -1.06106e-05 3.50006e-08)
(-8.60388e-06 -1.09268e-05 -8.90213e-07)
(-3.28406e-06 -1.11278e-05 -1.4724e-06)
(3.32784e-06 -1.11284e-05 -1.47254e-06)
(8.64705e-06 -1.09287e-05 -8.90536e-07)
(1.06279e-05 -1.06135e-05 3.41321e-08)
(8.57162e-06 -1.03038e-05 9.49642e-07)
(3.27397e-06 -1.01137e-05 1.49983e-06)
(-3.35107e-06 -8.21191e-06 6.64367e-07)
(-8.79235e-06 -8.3687e-06 7.62036e-08)
(-1.09093e-05 -8.6248e-06 -8.90317e-07)
(-8.865e-06 -8.88595e-06 -1.87039e-06)
(-3.38598e-06 -9.05236e-06 -2.48851e-06)
(3.4283e-06 -9.05316e-06 -2.48867e-06)
(8.90692e-06 -8.88837e-06 -1.87073e-06)
(1.09433e-05 -8.62842e-06 -8.91206e-07)
(8.82327e-06 -8.37319e-06 7.75747e-08)
(3.36945e-06 -8.21653e-06 6.60045e-07)
(-3.41144e-06 -3.14547e-06 1.37697e-07)
(-8.95235e-06 -3.20657e-06 -4.71356e-07)
(-1.11104e-05 -3.30637e-06 -1.47252e-06)
(-9.03144e-06 -3.4084e-06 -2.48854e-06)
(-3.45127e-06 -3.47375e-06 -3.13031e-06)
(3.49183e-06 -3.47463e-06 -3.13049e-06)
(9.07179e-06 -3.41101e-06 -2.48891e-06)
(1.11431e-05 -3.31029e-06 -1.47344e-06)
(8.98254e-06 -3.21142e-06 -4.70012e-07)
(3.42963e-06 -3.15048e-06 1.33354e-07)
(-3.41162e-06 3.14747e-06 1.37508e-07)
(-8.95287e-06 3.2079e-06 -4.71573e-07)
(-1.11111e-05 3.30637e-06 -1.47275e-06)
(-9.03238e-06 3.40666e-06 -2.48879e-06)
(-3.4522e-06 3.47009e-06 -3.13056e-06)
(3.49104e-06 3.46926e-06 -3.13075e-06)
(9.07126e-06 3.40422e-06 -2.48916e-06)
(1.11429e-05 3.30269e-06 -1.47368e-06)
(8.9827e-06 3.20332e-06 -4.70235e-07)
(3.42984e-06 3.14265e-06 1.33219e-07)
(-3.35156e-06 8.21767e-06 6.64097e-07)
(-8.79381e-06 8.37388e-06 7.58675e-08)
(-1.09116e-05 8.62881e-06 -8.90683e-07)
(-8.86773e-06 8.88844e-06 -1.87079e-06)
(-3.38868e-06 9.05317e-06 -2.48893e-06)
(3.42596e-06 9.0525e-06 -2.48911e-06)
(8.90522e-06 8.88647e-06 -1.87115e-06)
(1.09422e-05 8.62579e-06 -8.91602e-07)
(8.82287e-06 8.37008e-06 7.72061e-08)
(3.36951e-06 8.21365e-06 6.59861e-07)
(-3.2564e-06 1.01148e-05 1.50328e-06)
(-8.5427e-06 1.03046e-05 9.47203e-07)
(-1.05966e-05 1.06141e-05 3.39257e-08)
(-8.60801e-06 1.09292e-05 -8.91324e-07)
(-3.28814e-06 1.1129e-05 -1.47353e-06)
(3.32433e-06 1.11286e-05 -1.4737e-06)
(8.64455e-06 1.0928e-05 -8.91668e-07)
(1.06265e-05 1.06123e-05 3.30514e-08)
(8.57152e-06 1.03022e-05 9.48546e-07)
(3.2744e-06 1.01117e-05 1.499e-06)
(-3.16266e-06 8.16671e-06 2.33644e-06)
(-8.29567e-06 8.31788e-06 1.81132e-06)
(-1.0287e-05 8.56477e-06 9.49543e-07)
(-8.35286e-06 8.81606e-06 7.75658e-08)
(-3.18932e-06 8.97535e-06 -4.69988e-07)
(3.22496e-06 8.97515e-06 -4.70151e-07)
(8.3889e-06 8.81538e-06 7.72518e-08)
(1.03164e-05 8.5638e-06 9.48628e-07)
(8.3235e-06 8.31576e-06 1.81274e-06)
(3.17988e-06 8.16527e-06 2.33244e-06)
(-3.10567e-06 3.12178e-06 2.83433e-06)
(-8.14464e-06 3.17876e-06 2.32996e-06)
(-1.00972e-05 3.27236e-06 1.4997e-06)
(-8.19647e-06 3.3676e-06 6.59989e-07)
(-3.12868e-06 3.42776e-06 1.33326e-07)
(3.164e-06 3.4277e-06 1.33227e-07)
(8.23224e-06 3.36734e-06 6.59845e-07)
(1.01257e-05 3.27203e-06 1.49902e-06)
(8.17298e-06 3.17749e-06 2.33242e-06)
(3.12435e-06 3.12196e-06 2.82738e-06)
(-3.35876e-06 -3.36296e-06 8.80082e-06)
(-8.81373e-06 -3.42994e-06 7.23355e-06)
(-1.09326e-05 -3.53939e-06 4.67593e-06)
(-8.87846e-06 -3.65093e-06 2.08917e-06)
(-3.38849e-06 -3.72182e-06 4.64677e-07)
(3.43366e-06 -3.72195e-06 4.64126e-07)
(8.92263e-06 -3.65132e-06 2.08755e-06)
(1.09693e-05 -3.53993e-06 4.67344e-06)
(8.84302e-06 -3.4306e-06 7.22966e-06)
(3.37358e-06 -3.36301e-06 8.80117e-06)
(-3.42574e-06 -8.82512e-06 7.23341e-06)
(-8.99043e-06 -9.00182e-06 5.60701e-06)
(-1.11543e-05 -9.29063e-06 2.95085e-06)
(-9.06179e-06 -9.58528e-06 2.62488e-07)
(-3.46005e-06 -9.77303e-06 -1.42831e-06)
(3.50471e-06 -9.77344e-06 -1.42886e-06)
(9.10556e-06 -9.58648e-06 2.60849e-07)
(1.11907e-05 -9.29241e-06 2.94836e-06)
(9.02021e-06 -9.00408e-06 5.60318e-06)
(3.44117e-06 -8.82677e-06 7.23299e-06)
(-3.5352e-06 -1.09501e-05 4.67559e-06)
(-9.27925e-06 -1.11719e-05 2.95066e-06)
(-1.15172e-05 -1.15348e-05 1.31234e-07)
(-9.3619e-06 -1.19052e-05 -2.72568e-06)
(-3.57711e-06 -1.21416e-05 -4.52688e-06)
(3.62067e-06 -1.21422e-05 -4.52743e-06)
(9.4047e-06 -1.19071e-05 -2.72737e-06)
(1.15529e-05 -1.15377e-05 1.28703e-07)
(9.30866e-06 -1.11754e-05 2.94678e-06)
(3.55062e-06 -1.09535e-05 4.675e-06)
(-3.64677e-06 -8.89932e-06 2.08859e-06)
(-9.57394e-06 -9.08271e-06 2.62044e-07)
(-1.18876e-05 -9.38289e-06 -2.72594e-06)
(-9.66853e-06 -9.68956e-06 -5.75718e-06)
(-3.69706e-06 -9.88586e-06 -7.67277e-06)
(3.73914e-06 -9.88667e-06 -7.67335e-06)
(9.71008e-06 -9.69201e-06 -5.7589e-06)
(1.19224e-05 -9.38653e-06 -2.72852e-06)
(9.60315e-06 -9.08722e-06 2.58151e-07)
(3.66231e-06 -8.90389e-06 2.08797e-06)
(-3.71768e-06 -3.41065e-06 4.6407e-07)
(-9.76177e-06 -3.48231e-06 -1.42878e-06)
(-1.21241e-05 -3.59949e-06 -4.52716e-06)
(-9.86487e-06 -3.71956e-06 -7.67281e-06)
(-3.77422e-06 -3.79677e-06 -9.66405e-06)
(3.81452e-06 -3.79767e-06 -9.66466e-06)
(9.90484e-06 -3.72218e-06 -7.67458e-06)
(1.21576e-05 -3.60343e-06 -4.52977e-06)
(9.79025e-06 -3.48718e-06 -1.43274e-06)
(3.73304e-06 -3.41565e-06 4.63438e-07)
(-3.71788e-06 3.4124e-06 4.6337e-07)
(-9.76231e-06 3.48334e-06 -1.42949e-06)
(-1.21248e-05 3.59918e-06 -4.52791e-06)
(-9.86581e-06 3.71748e-06 -7.67358e-06)
(-3.77516e-06 3.79275e-06 -9.66484e-06)
(3.81373e-06 3.79192e-06 -9.66545e-06)
(9.90432e-06 3.71503e-06 -7.67535e-06)
(1.21574e-05 3.59549e-06 -4.5305e-06)
(9.79047e-06 3.47876e-06 -1.43342e-06)
(3.73329e-06 3.40764e-06 4.62803e-07)
(-3.64728e-06 8.90467e-06 2.08697e-06)
(-9.57545e-06 9.08746e-06 2.60386e-07)
(-1.18899e-05 9.38645e-06 -2.72765e-06)
(-9.67129e-06 9.69159e-06 -5.75895e-06)
(-3.69978e-06 9.88621e-06 -7.67458e-06)
(3.7368e-06 9.88554e-06 -7.67518e-06)
(9.70841e-06 9.68964e-06 -5.76067e-06)
(1.19214e-05 9.38346e-06 -2.73021e-06)
(9.60286e-06 9.08366e-06 2.56534e-07)
(3.66246e-06 8.90065e-06 2.08645e-06)
(-3.53599e-06 1.09557e-05 4.67284e-06)
(-9.28157e-06 1.1177e-05 2.94786e-06)
(-1.15207e-05 1.15391e-05 1.28366e-07)
(-9.36606e-06 1.19084e-05 -2.72863e-06)
(-3.58122e-06 1.21436e-05 -4.52986e-06)
(3.61716e-06 1.21432e-05 -4.53043e-06)
(9.40224e-06 1.19072e-05 -2.73028e-06)
(1.15514e-05 1.15372e-05 1.25938e-07)
(9.3087e-06 1.11747e-05 2.94418e-06)
(3.55119e-06 1.09527e-05 4.67243e-06)
(-3.42671e-06 8.83631e-06 7.22926e-06)
(-8.99324e-06 9.0134e-06 5.60286e-06)
(-1.11586e-05 9.30185e-06 2.94664e-06)
(-9.06682e-06 9.59597e-06 2.58221e-07)
(-3.46501e-06 9.78309e-06 -1.43262e-06)
(3.50043e-06 9.78292e-06 -1.43317e-06)
(9.10248e-06 9.59539e-06 2.56671e-07)
(1.11889e-05 9.30098e-06 2.94435e-06)
(9.01954e-06 9.01183e-06 5.59916e-06)
(3.44123e-06 8.83354e-06 7.22915e-06)
(-3.35918e-06 3.37205e-06 8.80099e-06)
(-8.81604e-06 3.43958e-06 7.23287e-06)
(-1.0937e-05 3.549e-06 4.67504e-06)
(-8.88378e-06 3.66044e-06 2.08818e-06)
(-3.3938e-06 3.73114e-06 4.63681e-07)
(3.429e-06 3.73111e-06 4.63132e-07)
(8.91926e-06 3.66026e-06 2.08667e-06)
(1.09667e-05 3.54879e-06 4.67265e-06)
(8.84125e-06 3.43882e-06 7.22921e-06)
(3.37316e-06 3.37076e-06 8.80224e-06)
(-3.88989e-06 -3.89413e-06 1.54495e-05)
(-1.02085e-05 -3.981e-06 1.27089e-05)
(-1.26697e-05 -4.12393e-06 8.22698e-06)
(-1.03007e-05 -4.27011e-06 3.68982e-06)
(-3.93739e-06 -4.36366e-06 8.35747e-07)
(3.98164e-06 -4.36378e-06 8.34855e-07)
(1.03442e-05 -4.27047e-06 3.68724e-06)
(1.27043e-05 -4.12443e-06 8.22263e-06)
(1.02417e-05 -3.98144e-06 1.27053e-05)
(3.91061e-06 -3.89513e-06 1.54416e-05)
(-3.97676e-06 -1.022e-05 1.27086e-05)
(-1.04387e-05 -1.04502e-05 9.8583e-06)
(-1.29599e-05 -1.08284e-05 5.19452e-06)
(-1.05414e-05 -1.12154e-05 4.69518e-07)
(-4.03164e-06 -1.14636e-05 -2.50788e-06)
(4.07541e-06 -1.1464e-05 -2.50879e-06)
(1.05846e-05 -1.12166e-05 4.66871e-07)
(1.29943e-05 -1.08302e-05 5.19012e-06)
(1.04714e-05 -1.04522e-05 9.85447e-06)
(3.99693e-06 -1.02227e-05 1.27012e-05)
(-4.1197e-06 -1.26874e-05 8.22636e-06)
(-1.0817e-05 -1.29776e-05 5.19415e-06)
(-1.34363e-05 -1.3454e-05 2.28498e-07)
(-1.09371e-05 -1.39417e-05 -4.80896e-06)
(-4.18657e-06 -1.42552e-05 -7.99212e-06)
(4.22924e-06 -1.42559e-05 -7.99305e-06)
(1.09792e-05 -1.39437e-05 -4.81168e-06)
(1.347e-05 -1.34569e-05 2.24023e-07)
(1.08491e-05 -1.29811e-05 5.19022e-06)
(4.13968e-06 -1.26911e-05 8.21899e-06)
(-4.26591e-06 -1.03216e-05 3.68876e-06)
(-1.12039e-05 -1.05624e-05 4.68714e-07)
(-1.3924e-05 -1.09581e-05 -4.8094e-06)
(-1.13426e-05 -1.13638e-05 -1.01705e-05)
(-4.34575e-06 -1.16253e-05 -1.35676e-05)
(4.38691e-06 -1.16261e-05 -1.35686e-05)
(1.13836e-05 -1.13662e-05 -1.01733e-05)
(1.39569e-05 -1.09618e-05 -4.81392e-06)
(1.12359e-05 -1.0567e-05 4.64742e-07)
(4.28593e-06 -1.03262e-05 3.68144e-06)
(-4.35948e-06 -3.95959e-06 8.34587e-07)
(-1.14523e-05 -4.05394e-06 -2.50878e-06)
(-1.42376e-05 -4.20899e-06 -7.99266e-06)
(-1.16042e-05 -4.3683e-06 -1.35677e-05)
(-4.44891e-06 -4.47151e-06 -1.71075e-05)
(4.48829e-06 -4.4724e-06 -1.71085e-05)
(1.16435e-05 -4.37093e-06 -1.35706e-05)
(1.42692e-05 -4.21293e-06 -7.99726e-06)
(1.14835e-05 -4.05881e-06 -2.51282e-06)
(4.37935e-06 -3.96457e-06 8.27241e-07)
(-4.35968e-06 3.9604e-06 8.33426e-07)
(-1.14528e-05 4.05406e-06 -2.50997e-06)
(-1.42384e-05 4.20775e-06 -7.99391e-06)
(-1.16052e-05 4.36527e-06 -1.3569e-05)
(-4.44985e-06 4.46653e-06 -1.71088e-05)
(4.4875e-06 4.4657e-06 -1.71098e-05)
(1.1643e-05 4.36284e-06 -1.35719e-05)
(1.4269e-05 4.20409e-06 -7.99846e-06)
(1.14837e-05 4.04954e-06 -2.51395e-06)
(4.37958e-06 3.95565e-06 8.26207e-07)
(-4.26641e-06 1.03263e-05 3.68607e-06)
(-1.12055e-05 1.05666e-05 4.65962e-07)
(-1.39264e-05 1.09611e-05 -4.81224e-06)
(-1.13454e-05 1.13651e-05 -1.01734e-05)
(-4.34848e-06 1.1625e-05 -1.35706e-05)
(4.3846e-06 1.16243e-05 -1.35716e-05)
(1.13819e-05 1.13632e-05 -1.01762e-05)
(1.39559e-05 1.09581e-05 -4.81671e-06)
(1.12355e-05 1.05629e-05 4.6208e-07)
(4.28604e-06 1.03224e-05 3.67897e-06)
(-4.12048e-06 1.26908e-05 8.22142e-06)
(-1.08193e-05 1.29807e-05 5.18914e-06)
(-1.34398e-05 1.34562e-05 2.23387e-07)
(-1.09412e-05 1.39429e-05 -4.81419e-06)
(-4.19067e-06 1.42552e-05 -7.99742e-06)
(4.22576e-06 1.42548e-05 -7.99837e-06)
(1.09769e-05 1.39418e-05 -4.81683e-06)
(1.34687e-05 1.34545e-05 2.19117e-07)
(1.08491e-05 1.29784e-05 5.18552e-06)
(4.14013e-06 1.26879e-05 8.21447e-06)
(-3.97753e-06 1.02351e-05 1.27044e-05)
(-1.04413e-05 1.04648e-05 9.85381e-06)
(-1.29641e-05 1.08425e-05 5.1899e-06)
(-1.05465e-05 1.12288e-05 4.64794e-07)
(-4.0366e-06 1.14764e-05 -2.51266e-06)
(4.0712e-06 1.14762e-05 -2.51357e-06)
(1.05817e-05 1.12282e-05 4.62287e-07)
(1.29925e-05 1.08415e-05 5.18579e-06)
(1.04703e-05 1.04626e-05 9.8503e-06)
(3.99656e-06 1.02345e-05 1.2698e-05)
(-3.89131e-06 3.90924e-06 1.54407e-05)
(-1.0212e-05 3.99546e-06 1.27007e-05)
(-1.26744e-05 4.13816e-06 8.21875e-06)
(-1.03061e-05 4.28416e-06 3.68156e-06)
(-3.9427e-06 4.37754e-06 8.2749e-07)
(3.97699e-06 4.37748e-06 8.26627e-07)
(1.03409e-05 4.28392e-06 3.67924e-06)
(1.27018e-05 4.13777e-06 8.21477e-06)
(1.02421e-05 3.9942e-06 1.26981e-05)
(3.91246e-06 3.91009e-06 1.54327e-05)
(-4.72997e-06 -4.73429e-06 2.33702e-05)
(-1.24258e-05 -4.856e-06 1.9244e-05)
(-1.54421e-05 -5.05591e-06 1.24934e-05)
(-1.2574e-05 -5.26112e-06 5.65118e-06)
(-4.81597e-06 -5.39352e-06 1.33603e-06)
(4.8594e-06 -5.39367e-06 1.33475e-06)
(1.26165e-05 -5.26154e-06 5.64733e-06)
(1.54783e-05 -5.05646e-06 1.24876e-05)
(1.24533e-05 -4.85679e-06 1.9236e-05)
(4.7426e-06 -4.73407e-06 2.33645e-05)
(-4.85167e-06 -1.24375e-05 1.92436e-05)
(-1.27482e-05 -1.27599e-05 1.4941e-05)
(-1.58487e-05 -1.32903e-05 7.89614e-06)
(-1.2913e-05 -1.38349e-05 7.49139e-07)
(-4.94921e-06 -1.4187e-05 -3.76804e-06)
(4.99208e-06 -1.41874e-05 -3.76933e-06)
(1.2955e-05 -1.38362e-05 7.45242e-07)
(1.58845e-05 -1.32922e-05 7.89026e-06)
(1.27765e-05 -1.27623e-05 1.49331e-05)
(4.86532e-06 -1.24389e-05 1.92373e-05)
(-5.05158e-06 -1.54601e-05 1.24926e-05)
(-1.32786e-05 -1.58667e-05 7.89563e-06)
(-1.65188e-05 -1.65368e-05 3.60559e-07)
(-1.34722e-05 -1.72252e-05 -7.2954e-06)
(-5.16916e-06 -1.76714e-05 -1.21507e-05)
(5.21089e-06 -1.76721e-05 -1.2152e-05)
(1.35132e-05 -1.72272e-05 -7.29939e-06)
(1.65538e-05 -1.65397e-05 3.54584e-07)
(1.33066e-05 -1.58703e-05 7.88765e-06)
(5.06528e-06 -1.54634e-05 1.24861e-05)
(-5.25683e-06 -1.25952e-05 5.64974e-06)
(-1.38232e-05 -1.29342e-05 7.48042e-07)
(-1.72072e-05 -1.34935e-05 -7.296e-06)
(-1.40476e-05 -1.40689e-05 -1.54806e-05)
(-5.39611e-06 -1.44435e-05 -2.0689e-05)
(5.4363e-06 -1.44444e-05 -2.06904e-05)
(1.40874e-05 -1.40715e-05 -1.54847e-05)
(1.72414e-05 -1.34972e-05 -7.30205e-06)
(1.38511e-05 -1.29387e-05 7.40045e-07)
(5.2707e-06 -1.25997e-05 5.64326e-06)
(-5.38925e-06 -4.83831e-06 1.33446e-06)
(-1.41754e-05 -4.97165e-06 -3.76926e-06)
(-1.76535e-05 -5.19174e-06 -1.21514e-05)
(-1.44223e-05 -5.41883e-06 -2.06892e-05)
(-5.54461e-06 -5.56737e-06 -2.61358e-05)
(5.58296e-06 -5.56828e-06 -2.61372e-05)
(1.44605e-05 -5.42149e-06 -2.06933e-05)
(1.76865e-05 -5.1957e-06 -1.21576e-05)
(1.42025e-05 -4.97652e-06 -3.77733e-06)
(5.40296e-06 -4.84326e-06 1.32795e-06)
(-5.38947e-06 4.83814e-06 1.33285e-06)
(-1.4176e-05 4.97071e-06 -3.77091e-06)
(-1.76544e-05 5.18939e-06 -1.21531e-05)
(-1.44233e-05 5.41463e-06 -2.06909e-05)
(-5.54556e-06 5.56119e-06 -2.61376e-05)
(5.58218e-06 5.56036e-06 -2.6139e-05)
(1.446e-05 5.41223e-06 -2.06951e-05)
(1.76864e-05 5.18576e-06 -1.21592e-05)
(1.42028e-05 4.96621e-06 -3.77884e-06)
(5.40326e-06 4.8335e-06 1.32653e-06)
(-5.25738e-06 1.25986e-05 5.64579e-06)
(-1.38248e-05 1.2937e-05 7.44024e-07)
(-1.72096e-05 1.34951e-05 -7.30012e-06)
(-1.40505e-05 1.4069e-05 -1.54849e-05)
(-5.39888e-06 1.44419e-05 -2.06933e-05)
(5.434e-06 1.44413e-05 -2.06947e-05)
(1.40859e-05 1.40672e-05 -1.54889e-05)
(1.72405e-05 1.34923e-05 -7.30605e-06)
(1.38509e-05 1.29334e-05 7.36237e-07)
(5.27094e-06 1.25948e-05 5.63963e-06)
(-5.05241e-06 1.54649e-05 1.24861e-05)
(-1.3281e-05 1.5871e-05 7.88901e-06)
(-1.65224e-05 1.65402e-05 3.53791e-07)
(-1.34765e-05 1.72275e-05 -7.30235e-06)
(-5.17331e-06 1.76725e-05 -1.21577e-05)
(5.20746e-06 1.76722e-05 -1.21591e-05)
(1.3511e-05 1.72264e-05 -7.30616e-06)
(1.65526e-05 1.65385e-05 3.48164e-07)
(1.33068e-05 1.58688e-05 7.88158e-06)
(5.06595e-06 1.54622e-05 1.24803e-05)
(-4.85279e-06 1.24468e-05 1.92349e-05)
(-1.27512e-05 1.27699e-05 1.49322e-05)
(-1.58531e-05 1.33e-05 7.88726e-06)
(-1.29181e-05 1.38441e-05 7.4014e-07)
(-4.9542e-06 1.41956e-05 -3.77708e-06)
(4.9879e-06 1.41955e-05 -3.77835e-06)
(1.29522e-05 1.38436e-05 7.36511e-07)
(1.58829e-05 1.32993e-05 7.88191e-06)
(1.27764e-05 1.27688e-05 1.4925e-05)
(4.86585e-06 1.24434e-05 1.92293e-05)
(-4.73012e-06 4.74111e-06 2.33636e-05)
(-1.24278e-05 4.86378e-06 1.92367e-05)
(-1.54465e-05 5.06371e-06 1.24859e-05)
(-1.25794e-05 5.26885e-06 5.64352e-06)
(-4.82126e-06 5.4011e-06 1.32833e-06)
(4.85487e-06 5.4011e-06 1.32711e-06)
(1.26133e-05 5.26878e-06 5.64002e-06)
(1.54761e-05 5.06356e-06 1.24807e-05)
(1.2451e-05 4.86348e-06 1.92294e-05)
(4.74137e-06 4.739e-06 2.33596e-05)
(-5.95427e-06 -5.95869e-06 3.3163e-05)
(-1.56482e-05 -6.13363e-06 2.73478e-05)
(-1.94662e-05 -6.423e-06 1.78167e-05)
(-1.58793e-05 -6.72121e-06 8.13975e-06)
(-6.0956e-06 -6.9155e-06 2.01474e-06)
(6.13728e-06 -6.91563e-06 2.01308e-06)
(1.59206e-05 -6.7216e-06 8.13492e-06)
(1.94986e-05 -6.42353e-06 1.7809e-05)
(1.56814e-05 -6.13403e-06 2.734e-05)
(5.97612e-06 -5.95999e-06 3.31507e-05)
(-6.12921e-06 -1.56601e-05 2.73474e-05)
(-1.61136e-05 -1.61255e-05 2.12609e-05)
(-2.00558e-05 -1.68955e-05 1.12761e-05)
(-1.63735e-05 -1.7689e-05 1.12781e-06)
(-6.29088e-06 -1.8207e-05 -5.31296e-06)
(6.33205e-06 -1.82075e-05 -5.31465e-06)
(1.64144e-05 -1.76902e-05 1.1229e-06)
(2.00882e-05 -1.68974e-05 1.12684e-05)
(1.61461e-05 -1.61275e-05 2.12528e-05)
(6.15016e-06 -1.56632e-05 2.73354e-05)
(-6.41859e-06 -1.94844e-05 1.78154e-05)
(-1.68836e-05 -2.00741e-05 1.12754e-05)
(-2.10318e-05 -2.10501e-05 5.31735e-07)
(-1.71927e-05 -2.20566e-05 -1.04074e-05)
(-6.61488e-06 -2.27157e-05 -1.738e-05)
(6.65489e-06 -2.27164e-05 -1.73818e-05)
(1.72325e-05 -2.20587e-05 -1.04124e-05)
(2.10635e-05 -2.1053e-05 5.23865e-07)
(1.69155e-05 -2.00776e-05 1.12672e-05)
(6.43932e-06 -1.94881e-05 1.78035e-05)
(-6.71684e-06 -1.59006e-05 8.13769e-06)
(-1.76771e-05 -1.63949e-05 1.12626e-06)
(-2.20384e-05 -1.72141e-05 -1.04082e-05)
(-1.80391e-05 -1.80606e-05 -2.21718e-05)
(-6.95063e-06 -1.86178e-05 -2.97025e-05)
(6.98906e-06 -1.86187e-05 -2.97043e-05)
(1.80777e-05 -1.80632e-05 -2.21769e-05)
(2.20693e-05 -1.72179e-05 -1.04161e-05)
(1.77088e-05 -1.63995e-05 1.11803e-06)
(6.73763e-06 -1.59053e-05 8.12582e-06)
(-6.91115e-06 -6.11802e-06 2.01243e-06)
(-1.81953e-05 -6.31342e-06 -5.31477e-06)
(-2.26975e-05 -6.63757e-06 -1.73811e-05)
(-1.85964e-05 -6.97346e-06 -2.97029e-05)
(-7.17293e-06 -7.1958e-06 -3.76163e-05)
(7.20951e-06 -7.19671e-06 -3.76182e-05)
(1.86334e-05 -6.97611e-06 -2.97081e-05)
(2.27272e-05 -6.6415e-06 -1.73892e-05)
(1.82263e-05 -6.31825e-06 -5.32311e-06)
(6.93179e-06 -6.12293e-06 2.00052e-06)
(-6.91137e-06 6.11606e-06 2.01036e-06)
(-1.81959e-05 6.3107e-06 -5.31688e-06)
(-2.26984e-05 6.63341e-06 -1.73833e-05)
(-1.85974e-05 6.96742e-06 -2.97051e-05)
(-7.17388e-06 7.18775e-06 -3.76186e-05)
(7.20875e-06 7.18694e-06 -3.76205e-05)
(1.86329e-05 6.96506e-06 -2.97103e-05)
(2.27271e-05 6.62986e-06 -1.73913e-05)
(1.82266e-05 6.30632e-06 -5.32504e-06)
(6.93208e-06 6.11148e-06 1.99872e-06)
(-6.71738e-06 1.59029e-05 8.13263e-06)
(-1.76787e-05 1.63965e-05 1.12111e-06)
(-2.20408e-05 1.72145e-05 -1.04135e-05)
(-1.8042e-05 1.80594e-05 -2.21772e-05)
(-6.95341e-06 1.86149e-05 -2.97081e-05)
(6.98682e-06 1.86143e-05 -2.97099e-05)
(1.80763e-05 1.80577e-05 -2.21823e-05)
(2.20685e-05 1.72118e-05 -1.04212e-05)
(1.77087e-05 1.63931e-05 1.11318e-06)
(6.73782e-06 1.58992e-05 8.1212e-06)
(-6.41943e-06 1.94853e-05 1.78067e-05)
(-1.68861e-05 2.00748e-05 1.12666e-05)
(-2.10355e-05 2.10499e-05 5.22751e-07)
(-1.7197e-05 2.20554e-05 -1.04166e-05)
(-6.61903e-06 2.27133e-05 -1.73894e-05)
(6.65154e-06 2.2713e-05 -1.73911e-05)
(1.72305e-05 2.20545e-05 -1.04214e-05)
(2.10626e-05 2.10485e-05 5.1536e-07)
(1.69159e-05 2.00728e-05 1.12591e-05)
(6.4399e-06 1.94828e-05 1.77957e-05)
(-6.12997e-06 1.56752e-05 2.73383e-05)
(-1.61163e-05 1.61397e-05 2.12515e-05)
(-2.00602e-05 1.69092e-05 1.12666e-05)
(-1.63787e-05 1.77021e-05 1.11812e-06)
(-6.29585e-06 1.82195e-05 -5.32276e-06)
(6.328e-06 1.82194e-05 -5.32439e-06)
(1.64118e-05 1.77016e-05 1.11356e-06)
(2.00867e-05 1.69084e-05 1.12595e-05)
(1.61451e-05 1.61377e-05 2.12443e-05)
(6.14985e-06 1.56755e-05 2.73278e-05)
(-5.95604e-06 5.97488e-06 3.31491e-05)
(-1.56521e-05 6.14881e-06 2.73344e-05)
(-1.9471e-05 6.43791e-06 1.78031e-05)
(-1.58848e-05 6.73593e-06 8.12608e-06)
(-6.10089e-06 6.93006e-06 2.00104e-06)
(6.13283e-06 6.93002e-06 1.99948e-06)
(1.59176e-05 6.73575e-06 8.12175e-06)
(1.94965e-05 6.43757e-06 1.77963e-05)
(1.56829e-05 6.14754e-06 2.7328e-05)
(5.97883e-06 5.97651e-06 3.31374e-05)
(-7.63908e-06 -7.64364e-06 4.56319e-05)
(-2.01009e-05 -7.90084e-06 3.76973e-05)
(-2.50462e-05 -8.32679e-06 2.46719e-05)
(-2.0475e-05 -8.76723e-06 1.14198e-05)
(-7.87929e-06 -9.05711e-06 2.99224e-06)
(7.91948e-06 -9.05727e-06 2.9902e-06)
(2.05144e-05 -8.76769e-06 1.14138e-05)
(2.50809e-05 -8.32738e-06 2.46629e-05)
(2.0126e-05 -7.90176e-06 3.76854e-05)
(7.64943e-06 -7.64319e-06 4.56215e-05)
(-7.89627e-06 -2.01132e-05 3.76967e-05)
(-2.07854e-05 -2.07977e-05 2.93552e-05)
(-2.59152e-05 -2.19338e-05 1.56454e-05)
(-2.12075e-05 -2.31089e-05 1.67935e-06)
(-8.17044e-06 -2.38845e-05 -7.23361e-06)
(8.21002e-06 -2.38849e-05 -7.23569e-06)
(2.12465e-05 -2.31103e-05 1.67327e-06)
(2.59495e-05 -2.19357e-05 1.56363e-05)
(2.08116e-05 -2.08003e-05 2.93433e-05)
(7.908e-06 -2.01143e-05 3.76857e-05)
(-8.32221e-06 -2.50649e-05 2.46703e-05)
(-2.19215e-05 -2.5934e-05 1.56445e-05)
(-2.73601e-05 -2.73789e-05 7.83517e-07)
(-2.24281e-05 -2.8875e-05 -1.43877e-05)
(-8.65638e-06 -2.98662e-05 -2.41232e-05)
(8.69473e-06 -2.98669e-05 -2.41253e-05)
(2.24661e-05 -2.88771e-05 -1.43939e-05)
(2.73936e-05 -2.73819e-05 7.74254e-07)
(2.19474e-05 -2.59377e-05 1.56325e-05)
(8.33405e-06 -2.50683e-05 2.46592e-05)
(-8.76268e-06 -2.04966e-05 1.14172e-05)
(-2.30966e-05 -2.12292e-05 1.67742e-06)
(-2.88562e-05 -2.24499e-05 -1.43887e-05)
(-2.36948e-05 -2.37167e-05 -3.08214e-05)
(-9.16237e-06 -2.45617e-05 -4.1425e-05)
(9.1991e-06 -2.45626e-05 -4.14272e-05)
(2.37315e-05 -2.37193e-05 -3.08277e-05)
(2.88889e-05 -2.24537e-05 -1.43981e-05)
(2.31225e-05 -2.12339e-05 1.66545e-06)
(8.77473e-06 -2.05012e-05 1.14062e-05)
(-9.05259e-06 -7.90197e-06 2.98938e-06)
(-2.38723e-05 -8.19322e-06 -7.23586e-06)
(-2.98476e-05 -8.67931e-06 -2.41246e-05)
(-2.45399e-05 -9.18549e-06 -4.14255e-05)
(-9.50227e-06 -9.52541e-06 -5.26369e-05)
(9.53705e-06 -9.52637e-06 -5.26391e-05)
(2.45749e-05 -9.1882e-06 -4.1432e-05)
(2.9879e-05 -8.68328e-06 -2.4134e-05)
(2.38975e-05 -8.19806e-06 -7.24786e-06)
(9.06451e-06 -7.90679e-06 2.97836e-06)
(-9.05283e-06 7.89822e-06 2.9869e-06)
(-2.38729e-05 8.18865e-06 -7.23839e-06)
(-2.98485e-05 8.67322e-06 -2.41272e-05)
(-2.45409e-05 9.17744e-06 -4.14282e-05)
(-9.50325e-06 9.51528e-06 -5.26396e-05)
(9.53631e-06 9.51448e-06 -5.26418e-05)
(2.45746e-05 9.17513e-06 -4.14345e-05)
(2.9879e-05 8.66975e-06 -2.41365e-05)
(2.38979e-05 8.18435e-06 -7.25011e-06)
(9.06488e-06 7.89382e-06 2.97627e-06)
(-8.76327e-06 2.04968e-05 1.1411e-05)
(-2.30983e-05 2.12287e-05 1.67108e-06)
(-2.88588e-05 2.24481e-05 -1.43952e-05)
(-2.36978e-05 2.37133e-05 -3.08281e-05)
(-9.16523e-06 2.45565e-05 -4.14319e-05)
(9.1969e-06 2.45559e-05 -4.14341e-05)
(2.37302e-05 2.37116e-05 -3.08343e-05)
(2.88883e-05 2.24456e-05 -1.44043e-05)
(2.31226e-05 2.12254e-05 1.65956e-06)
(8.77509e-06 2.04932e-05 1.14006e-05)
(-8.32309e-06 2.50678e-05 2.46602e-05)
(-2.1924e-05 2.59362e-05 1.56342e-05)
(-2.73639e-05 2.73802e-05 7.72975e-07)
(-2.24325e-05 2.88752e-05 -1.43986e-05)
(-8.66058e-06 2.98652e-05 -2.41342e-05)
(8.69147e-06 2.9865e-05 -2.41362e-05)
(2.24642e-05 2.88744e-05 -1.44044e-05)
(2.73928e-05 2.73789e-05 7.64423e-07)
(2.1948e-05 2.59344e-05 1.56232e-05)
(8.33488e-06 2.50656e-05 2.46504e-05)
(-7.89753e-06 2.01198e-05 3.76834e-05)
(-2.07887e-05 2.08053e-05 2.93418e-05)
(-2.59198e-05 2.19411e-05 1.56319e-05)
(-2.12128e-05 2.31158e-05 1.66561e-06)
(-8.17545e-06 2.38909e-05 -7.24739e-06)
(8.20606e-06 2.38908e-05 -7.24933e-06)
(2.12441e-05 2.31157e-05 1.66005e-06)
(2.59483e-05 2.19407e-05 1.56238e-05)
(2.08121e-05 2.08049e-05 2.93312e-05)
(7.90897e-06 2.01162e-05 3.76739e-05)
(-7.63901e-06 7.64802e-06 4.56199e-05)
(-2.01027e-05 7.90655e-06 3.76846e-05)
(-2.50507e-05 8.33257e-06 2.46589e-05)
(-2.04804e-05 8.77297e-06 1.14066e-05)
(-7.88454e-06 9.06274e-06 2.97903e-06)
(7.91522e-06 9.06277e-06 2.97717e-06)
(2.05117e-05 8.77301e-06 1.14013e-05)
(2.50793e-05 8.33255e-06 2.46511e-05)
(2.01234e-05 7.90668e-06 3.7674e-05)
(7.64758e-06 7.64529e-06 4.56123e-05)
(-9.92352e-06 -9.92825e-06 6.17224e-05)
(-2.61308e-05 -1.03064e-05 5.1103e-05)
(-3.2605e-05 -1.09371e-05 3.36266e-05)
(-2.67191e-05 -1.15916e-05 1.58012e-05)
(-1.03104e-05 -1.20281e-05 4.39642e-06)
(1.0348e-05 -1.20282e-05 4.394e-06)
(2.67569e-05 -1.15921e-05 1.57942e-05)
(3.26345e-05 -1.09376e-05 3.36157e-05)
(2.61633e-05 -1.03068e-05 5.10912e-05)
(9.94612e-06 -9.92985e-06 6.17055e-05)
(-1.03017e-05 -2.61435e-05 5.11022e-05)
(-2.71414e-05 -2.71541e-05 3.98781e-05)
(-3.38937e-05 -2.88411e-05 2.13798e-05)
(-2.7813e-05 -3.05934e-05 2.48345e-06)
(-1.07484e-05 -3.17649e-05 -9.66126e-06)
(1.07855e-05 -3.17653e-05 -9.66372e-06)
(2.78504e-05 -3.05947e-05 2.47637e-06)
(3.39233e-05 -2.8843e-05 2.13688e-05)
(2.71729e-05 -2.71561e-05 3.98661e-05)
(1.0323e-05 -2.6147e-05 5.10858e-05)
(-1.09323e-05 -3.26242e-05 3.36245e-05)
(-2.88284e-05 -3.39129e-05 2.13785e-05)
(-3.60479e-05 -3.60671e-05 1.15008e-06)
(-2.9646e-05 -3.8307e-05 -1.95657e-05)
(-1.14837e-05 -3.98114e-05 -3.29757e-05)
(1.15195e-05 -3.98122e-05 -3.29782e-05)
(2.96823e-05 -3.83092e-05 -1.9573e-05)
(3.60767e-05 -3.60702e-05 1.13896e-06)
(2.88594e-05 -3.39166e-05 2.13664e-05)
(1.09535e-05 -3.26279e-05 3.36082e-05)
(-1.1587e-05 -2.6741e-05 1.57979e-05)
(-3.05807e-05 -2.78351e-05 2.48097e-06)
(-3.82877e-05 -2.96682e-05 -1.95669e-05)
(-3.15573e-05 -3.15795e-05 -4.21967e-05)
(-1.22536e-05 -3.28746e-05 -5.69504e-05)
(1.22877e-05 -3.28756e-05 -5.6953e-05)
(3.15923e-05 -3.15822e-05 -4.2204e-05)
(3.83159e-05 -2.9672e-05 -1.95781e-05)
(3.06116e-05 -2.78396e-05 2.46895e-06)
(1.16082e-05 -2.67456e-05 1.57818e-05)
(-1.20234e-05 -1.03332e-05 4.39265e-06)
(-3.17524e-05 -1.07713e-05 -9.66421e-06)
(-3.97924e-05 -1.15068e-05 -3.29774e-05)
(-3.28525e-05 -1.22769e-05 -5.69511e-05)
(-1.27797e-05 -1.28031e-05 -7.26696e-05)
(1.2812e-05 -1.2804e-05 -7.26724e-05)
(3.28859e-05 -1.22795e-05 -5.69587e-05)
(3.98193e-05 -1.15107e-05 -3.29888e-05)
(3.17826e-05 -1.0776e-05 -9.67634e-06)
(1.20446e-05 -1.03379e-05 4.37653e-06)
(-1.20237e-05 1.03269e-05 4.38971e-06)
(-3.1753e-05 1.07642e-05 -9.66719e-06)
(-3.97933e-05 1.14981e-05 -3.29805e-05)
(-3.28536e-05 1.22661e-05 -5.69542e-05)
(-1.27807e-05 1.27902e-05 -7.26728e-05)
(1.28113e-05 1.27895e-05 -7.26756e-05)
(3.28856e-05 1.22639e-05 -5.69617e-05)
(3.98194e-05 1.14947e-05 -3.29916e-05)
(3.17831e-05 1.076e-05 -9.67895e-06)
(1.20449e-05 1.03226e-05 4.37409e-06)
(-1.15876e-05 2.67395e-05 1.57906e-05)
(-3.05825e-05 2.78328e-05 2.47353e-06)
(-3.82904e-05 2.96646e-05 -1.95746e-05)
(-3.15604e-05 3.15742e-05 -4.22046e-05)
(-1.22564e-05 3.28676e-05 -5.69586e-05)
(1.22856e-05 3.28671e-05 -5.69612e-05)
(3.15912e-05 3.15728e-05 -4.22118e-05)
(3.83154e-05 2.96622e-05 -1.95854e-05)
(3.06118e-05 2.78298e-05 2.46213e-06)
(1.16086e-05 2.67362e-05 1.57753e-05)
(-1.09333e-05 3.26215e-05 3.36121e-05)
(-2.8831e-05 3.39101e-05 2.1366e-05)
(-3.60518e-05 3.60635e-05 1.13738e-06)
(-2.96506e-05 3.83023e-05 -1.95787e-05)
(-1.14879e-05 3.98056e-05 -3.29889e-05)
(1.15164e-05 3.98054e-05 -3.29913e-05)
(2.96808e-05 3.83017e-05 -1.95855e-05)
(3.60764e-05 3.60625e-05 1.12719e-06)
(2.88602e-05 3.39086e-05 2.13553e-05)
(1.09543e-05 3.26194e-05 3.35976e-05)
(-1.03024e-05 2.61577e-05 5.10885e-05)
(-2.71441e-05 2.71671e-05 3.98642e-05)
(-3.38983e-05 2.88535e-05 2.13657e-05)
(-2.78183e-05 3.06053e-05 2.46916e-06)
(-1.07533e-05 3.17762e-05 -9.67572e-06)
(1.07817e-05 3.17762e-05 -9.678e-06)
(2.78483e-05 3.06051e-05 2.46276e-06)
(3.39223e-05 2.88531e-05 2.13559e-05)
(2.71723e-05 2.71653e-05 3.98538e-05)
(1.03229e-05 2.6159e-05 5.10745e-05)
(-9.92566e-06 9.94511e-06 6.17033e-05)
(-2.61352e-05 1.03219e-05 5.10843e-05)
(-3.26101e-05 1.09522e-05 3.36078e-05)
(-2.67247e-05 1.16066e-05 1.57823e-05)
(-1.03156e-05 1.20429e-05 4.37741e-06)
(1.03439e-05 1.20429e-05 4.37523e-06)
(2.67545e-05 1.16066e-05 1.57762e-05)
(3.26329e-05 1.0952e-05 3.35984e-05)
(2.61661e-05 1.03206e-05 5.10748e-05)
(9.9499e-06 9.94767e-06 6.16882e-05)
(-1.29515e-05 -1.29564e-05 8.26971e-05)
(-3.41523e-05 -1.35156e-05 6.8647e-05)
(-4.26971e-05 -1.44513e-05 4.54636e-05)
(-3.509e-05 -1.54264e-05 2.17478e-05)
(-1.35829e-05 -1.60855e-05 6.45892e-06)
(1.36183e-05 -1.60857e-05 6.45617e-06)
(3.51252e-05 -1.54269e-05 2.17398e-05)
(4.27294e-05 -1.44519e-05 4.54516e-05)
(3.41744e-05 -1.35166e-05 6.86315e-05)
(1.29593e-05 -1.29557e-05 8.26826e-05)
(-1.35106e-05 -3.41656e-05 6.8646e-05)
(-3.56495e-05 -3.56629e-05 5.37048e-05)
(-4.46125e-05 -3.81739e-05 2.90046e-05)
(-3.6728e-05 -4.07932e-05 3.69182e-06)
(-1.4244e-05 -4.25707e-05 -1.27231e-05)
(1.42788e-05 -4.25712e-05 -1.27259e-05)
(3.67628e-05 -4.07947e-05 3.68372e-06)
(4.46443e-05 -3.81759e-05 2.89925e-05)
(3.5673e-05 -3.56657e-05 5.36894e-05)
(1.35202e-05 -3.41665e-05 6.8631e-05)
(-1.44463e-05 -4.27171e-05 4.5461e-05)
(-3.81605e-05 -4.46326e-05 2.90031e-05)
(-4.78323e-05 -4.78523e-05 1.71635e-06)
(-3.9491e-05 -5.1215e-05 -2.63319e-05)
(-1.53626e-05 -5.35108e-05 -4.46901e-05)
(1.53961e-05 -5.35116e-05 -4.46929e-05)
(3.95247e-05 -5.12173e-05 -2.63402e-05)
(4.78633e-05 -4.78554e-05 1.7041e-06)
(3.81838e-05 -4.46362e-05 2.89876e-05)
(1.44561e-05 -4.27204e-05 4.5446e-05)
(-1.54215e-05 -3.51125e-05 2.17438e-05)
(-4.07799e-05 -3.67506e-05 3.68885e-06)
(-5.1195e-05 -3.95136e-05 -2.63333e-05)
(-4.23865e-05 -4.24094e-05 -5.72726e-05)
(-1.65406e-05 -4.44086e-05 -7.77099e-05)
(1.65723e-05 -4.44097e-05 -7.77129e-05)
(4.2419e-05 -4.24122e-05 -5.7281e-05)
(5.12254e-05 -3.95176e-05 -2.63457e-05)
(4.08033e-05 -3.67552e-05 3.67347e-06)
(1.54314e-05 -3.51169e-05 2.17291e-05)
(-1.60805e-05 -1.3606e-05 6.45439e-06)
(-4.25575e-05 -1.42673e-05 -1.27266e-05)
(-5.3491e-05 -1.53861e-05 -4.46922e-05)
(-4.4386e-05 -1.65643e-05 -7.77108e-05)
(-1.73629e-05 -1.73866e-05 -9.96867e-05)
(1.73925e-05 -1.73876e-05 -9.96898e-05)
(4.44167e-05 -1.65671e-05 -7.77194e-05)
(5.35202e-05 -1.539e-05 -4.47046e-05)
(4.25803e-05 -1.4272e-05 -1.27419e-05)
(1.60905e-05 -1.36106e-05 6.43988e-06)
(-1.60808e-05 1.35971e-05 6.45112e-06)
(-4.25582e-05 1.42575e-05 -1.27299e-05)
(-5.3492e-05 1.53746e-05 -4.46955e-05)
(-4.43871e-05 1.65507e-05 -7.77142e-05)
(-1.73639e-05 1.73708e-05 -9.96902e-05)
(1.73919e-05 1.73701e-05 -9.96933e-05)
(4.44166e-05 1.65486e-05 -7.77226e-05)
(5.35204e-05 1.53714e-05 -4.47076e-05)
(4.25809e-05 1.42536e-05 -1.27447e-05)
(1.60909e-05 1.35932e-05 6.43729e-06)
(-1.54221e-05 3.51079e-05 2.17355e-05)
(-4.07818e-05 3.67454e-05 3.68037e-06)
(-5.11978e-05 3.95071e-05 -2.6342e-05)
(-4.23898e-05 4.2401e-05 -5.72816e-05)
(-1.65436e-05 4.43984e-05 -7.77192e-05)
(1.65703e-05 4.43981e-05 -7.77221e-05)
(4.24181e-05 4.23998e-05 -5.72897e-05)
(5.12252e-05 3.9505e-05 -2.63537e-05)
(4.08038e-05 3.67426e-05 3.66589e-06)
(1.5432e-05 3.51049e-05 2.1722e-05)
(-1.44473e-05 4.27168e-05 4.54475e-05)
(-3.81632e-05 4.46315e-05 2.89894e-05)
(-4.78363e-05 4.78503e-05 1.70236e-06)
(-3.94957e-05 5.12121e-05 -2.63463e-05)
(-1.53669e-05 5.35067e-05 -4.47046e-05)
(1.53932e-05 5.35066e-05 -4.47073e-05)
(3.95235e-05 5.12117e-05 -2.63538e-05)
(4.78632e-05 4.78495e-05 1.69142e-06)
(3.8185e-05 4.46302e-05 2.89758e-05)
(1.44571e-05 4.27153e-05 4.54349e-05)
(-1.3512e-05 3.41689e-05 6.86285e-05)
(-3.5653e-05 3.56674e-05 5.36872e-05)
(-4.46173e-05 3.81782e-05 2.89869e-05)
(-3.67335e-05 4.07972e-05 3.67383e-06)
(-1.4249e-05 4.25742e-05 -1.2741e-05)
(1.42753e-05 4.25743e-05 -1.27436e-05)
(3.67611e-05 4.07973e-05 3.66668e-06)
(4.46438e-05 3.81781e-05 2.89765e-05)
(3.56743e-05 3.56675e-05 5.3674e-05)
(1.35216e-05 3.4165e-05 6.86161e-05)
(-1.29512e-05 1.29581e-05 8.26803e-05)
(-3.41539e-05 1.35189e-05 6.86294e-05)
(-4.27017e-05 1.44548e-05 4.54458e-05)
(-3.50955e-05 1.54298e-05 2.17298e-05)
(-1.3588e-05 1.60888e-05 6.44102e-06)
(1.36145e-05 1.60889e-05 6.43864e-06)
(3.51232e-05 1.543e-05 2.17231e-05)
(4.27286e-05 1.44549e-05 4.54359e-05)
(3.41718e-05 1.35195e-05 6.86164e-05)
(1.2957e-05 1.29548e-05 8.26701e-05)
(-1.69522e-05 -1.69574e-05 0.000110112)
(-4.47522e-05 -1.77806e-05 9.16843e-05)
(-5.60547e-05 -1.91681e-05 6.11731e-05)
(-4.62213e-05 -2.06201e-05 2.9855e-05)
(-1.79561e-05 -2.16185e-05 9.47425e-06)
(1.79884e-05 -2.16186e-05 9.47112e-06)
(4.62545e-05 -2.06206e-05 2.98461e-05)
(5.60804e-05 -1.91687e-05 6.11593e-05)
(4.47835e-05 -1.7781e-05 9.16691e-05)
(1.69753e-05 -1.69593e-05 0.000110091)
(-1.77754e-05 -4.47662e-05 9.16831e-05)
(-4.6966e-05 -4.698e-05 7.19483e-05)
(-5.89002e-05 -5.07172e-05 3.91957e-05)
(-4.86769e-05 -5.46344e-05 5.50534e-06)
(-1.89572e-05 -5.73396e-05 -1.65863e-05)
(1.89889e-05 -5.73401e-05 -1.65895e-05)
(4.87096e-05 -5.46359e-05 5.49633e-06)
(5.89261e-05 -5.07192e-05 3.91818e-05)
(4.69961e-05 -4.6982e-05 7.19329e-05)
(1.7797e-05 -4.477e-05 9.16631e-05)
(-1.91628e-05 -5.60754e-05 6.11699e-05)
(-5.07032e-05 -5.89209e-05 3.91938e-05)
(-6.37154e-05 -6.37361e-05 2.58607e-06)
(-5.28493e-05 -6.87892e-05 -3.52037e-05)
(-2.06642e-05 -7.23048e-05 -6.02841e-05)
(2.06945e-05 -7.23057e-05 -6.02873e-05)
(5.28809e-05 -6.87915e-05 -3.52128e-05)
(6.37406e-05 -6.37393e-05 2.57219e-06)
(5.07328e-05 -5.89245e-05 3.91785e-05)
(1.91842e-05 -5.60789e-05 6.11502e-05)
(-2.06149e-05 -4.62443e-05 2.98502e-05)
(-5.46205e-05 -4.86999e-05 5.50177e-06)
(-6.87685e-05 -5.28724e-05 -3.52053e-05)
(-5.72456e-05 -5.72689e-05 -7.73515e-05)
(-2.24737e-05 -6.0373e-05 -0.000105654)
(2.25022e-05 -6.0374e-05 -0.000105657)
(5.72759e-05 -5.72718e-05 -7.73608e-05)
(6.87931e-05 -5.28764e-05 -3.52192e-05)
(5.46502e-05 -4.87044e-05 5.48684e-06)
(2.06365e-05 -4.62486e-05 2.9831e-05)
(-2.16133e-05 -1.79795e-05 9.46877e-06)
(-5.73259e-05 -1.89807e-05 -1.65906e-05)
(-7.22844e-05 -2.06879e-05 -6.02865e-05)
(-6.03498e-05 -2.24977e-05 -0.000105655)
(-2.37693e-05 -2.37932e-05 -0.00013643)
(2.37956e-05 -2.37942e-05 -0.000136433)
(6.03785e-05 -2.25004e-05 -0.000105665)
(7.2308e-05 -2.06917e-05 -6.03005e-05)
(5.73551e-05 -1.89851e-05 -1.66055e-05)
(2.16348e-05 -1.79837e-05 9.44984e-06)
(-2.16136e-05 1.79674e-05 9.4651e-06)
(-5.73266e-05 1.89677e-05 -1.65943e-05)
(-7.22854e-05 2.06731e-05 -6.02903e-05)
(-6.03509e-05 2.24807e-05 -0.000105659)
(-2.37702e-05 2.3774e-05 -0.000136434)
(2.37951e-05 2.37733e-05 -0.000136437)
(6.03785e-05 2.24787e-05 -0.000105668)
(7.23084e-05 2.06702e-05 -6.03038e-05)
(5.73558e-05 1.89639e-05 -1.66085e-05)
(2.16353e-05 1.79636e-05 9.44704e-06)
(-2.06155e-05 4.62376e-05 2.98409e-05)
(-5.46224e-05 4.86924e-05 5.49238e-06)
(-6.87714e-05 5.28635e-05 -3.52149e-05)
(-5.7249e-05 5.72582e-05 -7.73615e-05)
(-2.24767e-05 6.03604e-05 -0.000105664)
(2.25004e-05 6.03601e-05 -0.000105668)
(5.72754e-05 5.72572e-05 -7.73705e-05)
(6.87932e-05 5.28618e-05 -3.5228e-05)
(5.46508e-05 4.869e-05 5.47866e-06)
(2.0637e-05 4.62349e-05 2.98232e-05)
(-1.91639e-05 5.60681e-05 6.11544e-05)
(-5.07061e-05 5.89136e-05 3.91782e-05)
(-6.37197e-05 6.3728e-05 2.57026e-06)
(-5.28541e-05 6.878e-05 -3.52198e-05)
(-2.06684e-05 7.22947e-05 -6.03005e-05)
(2.06918e-05 7.22947e-05 -6.03035e-05)
(5.28802e-05 6.87799e-05 -3.52281e-05)
(6.37412e-05 6.37276e-05 2.55805e-06)
(5.07344e-05 5.89127e-05 3.91653e-05)
(1.91854e-05 5.60666e-05 6.11378e-05)
(-1.77762e-05 4.47787e-05 9.16655e-05)
(-4.69689e-05 4.6991e-05 7.19305e-05)
(-5.8905e-05 5.07277e-05 3.91778e-05)
(-4.86823e-05 5.46445e-05 5.48733e-06)
(-1.8962e-05 5.73493e-05 -1.66044e-05)
(1.89856e-05 5.73494e-05 -1.66072e-05)
(4.87084e-05 5.46447e-05 5.47959e-06)
(5.8926e-05 5.07278e-05 3.91662e-05)
(4.69961e-05 4.69895e-05 7.19182e-05)
(1.7797e-05 4.47813e-05 9.16494e-05)
(-1.69547e-05 1.69746e-05 0.000110088)
(-4.47571e-05 1.77961e-05 9.16612e-05)
(-5.60599e-05 1.91832e-05 6.115e-05)
(-4.6227e-05 2.06351e-05 2.98319e-05)
(-1.79611e-05 2.16333e-05 9.4512e-06)
(1.79849e-05 2.16334e-05 9.44854e-06)
(4.6253e-05 2.06352e-05 2.98245e-05)
(5.60797e-05 1.91833e-05 6.11389e-05)
(4.47879e-05 1.7795e-05 9.16498e-05)
(1.69803e-05 1.69783e-05 0.000110071)
(-2.21701e-05 -2.21757e-05 0.000146017)
(-5.86279e-05 -2.33878e-05 0.00012201)
(-7.36119e-05 -2.54421e-05 8.21056e-05)
(-6.09393e-05 -2.76019e-05 4.09878e-05)
(-2.37747e-05 -2.9115e-05 1.39193e-05)
(2.38042e-05 -2.91152e-05 1.3916e-05)
(6.09691e-05 -2.76024e-05 4.09782e-05)
(7.3641e-05 -2.54427e-05 8.20913e-05)
(5.86466e-05 -2.33889e-05 0.000121991)
(2.21753e-05 -2.21747e-05 0.000145999)
(-2.33822e-05 -5.86428e-05 0.000122008)
(-6.18985e-05 -6.19134e-05 9.60934e-05)
(-7.7834e-05 -6.74707e-05 5.28903e-05)
(-6.4619e-05 -7.33242e-05 8.26182e-06)
(-2.52914e-05 -7.74502e-05 -2.1408e-05)
(2.53202e-05 -7.74508e-05 -2.14113e-05)
(6.46484e-05 -7.33258e-05 8.25218e-06)
(7.78626e-05 -6.74728e-05 5.28759e-05)
(6.19189e-05 -6.19162e-05 9.60753e-05)
(2.33895e-05 -5.86432e-05 0.00012199)
(-2.54365e-05 -7.36337e-05 8.21018e-05)
(-6.74558e-05 -7.78558e-05 5.28881e-05)
(-8.5031e-05 -8.50528e-05 3.95523e-06)
(-7.0926e-05 -9.26435e-05 -4.68044e-05)
(-2.79044e-05 -9.80446e-05 -8.10791e-05)
(2.79317e-05 -9.80455e-05 -8.10825e-05)
(7.09544e-05 -9.26459e-05 -4.68141e-05)
(8.50589e-05 -8.50559e-05 3.94087e-06)
(6.74761e-05 -7.78592e-05 5.28703e-05)
(2.5444e-05 -7.36365e-05 8.20844e-05)
(-2.75963e-05 -6.0963e-05 4.0982e-05)
(-7.33092e-05 -6.46428e-05 8.25759e-06)
(-9.26217e-05 -7.09499e-05 -4.68064e-05)
(-7.76108e-05 -7.7635e-05 -0.000104116)
(-3.06935e-05 -8.24815e-05 -0.000143397)
(3.07189e-05 -8.24827e-05 -0.000143401)
(7.7638e-05 -7.76381e-05 -0.000104126)
(9.26492e-05 -7.09539e-05 -4.68206e-05)
(7.33299e-05 -6.46472e-05 8.2402e-06)
(2.76041e-05 -6.0967e-05 4.09653e-05)
(-2.91094e-05 -2.37985e-05 1.39127e-05)
(-7.74355e-05 -2.53153e-05 -2.1413e-05)
(-9.80232e-05 -2.79286e-05 -8.1082e-05)
(-8.24576e-05 -3.0718e-05 -0.000143398)
(-3.27521e-05 -3.27765e-05 -0.000186688)
(3.27751e-05 -3.27777e-05 -0.000186691)
(8.24831e-05 -3.07208e-05 -0.000143408)
(9.80498e-05 -2.79324e-05 -8.10963e-05)
(7.74558e-05 -2.53197e-05 -2.143e-05)
(2.91173e-05 -2.38025e-05 1.38966e-05)
(-2.91097e-05 2.37831e-05 1.39088e-05)
(-7.74362e-05 2.5299e-05 -2.14169e-05)
(-9.80243e-05 2.79104e-05 -8.1086e-05)
(-8.24588e-05 3.06975e-05 -0.000143402)
(-3.27532e-05 3.27536e-05 -0.000186692)
(3.27746e-05 3.27529e-05 -0.000186695)
(8.24833e-05 3.06956e-05 -0.000143412)
(9.80503e-05 2.79077e-05 -8.10996e-05)
(7.74567e-05 2.52957e-05 -2.1433e-05)
(2.91179e-05 2.37798e-05 1.38939e-05)
(-2.75969e-05 6.09525e-05 4.0972e-05)
(-7.33113e-05 6.46316e-05 8.24755e-06)
(-9.26248e-05 7.09373e-05 -4.68166e-05)
(-7.76145e-05 7.76205e-05 -0.000104127)
(-3.06966e-05 8.24651e-05 -0.000143408)
(3.07172e-05 8.24649e-05 -0.000143412)
(7.76379e-05 7.76198e-05 -0.000104136)
(9.26498e-05 7.09359e-05 -4.68298e-05)
(7.3331e-05 6.46295e-05 8.23177e-06)
(2.76048e-05 6.09501e-05 4.09575e-05)
(-2.54375e-05 7.36292e-05 8.20857e-05)
(-6.74586e-05 7.78505e-05 5.28718e-05)
(-8.50353e-05 8.50467e-05 3.93876e-06)
(-7.0931e-05 9.26365e-05 -4.68212e-05)
(-2.79087e-05 9.80366e-05 -8.1096e-05)
(2.79293e-05 9.80368e-05 -8.10992e-05)
(7.09543e-05 9.26367e-05 -4.68298e-05)
(8.506e-05 8.50466e-05 3.92661e-06)
(6.74782e-05 7.785e-05 5.28571e-05)
(2.54454e-05 7.36285e-05 8.20722e-05)
(-2.33837e-05 5.86421e-05 0.000121987)
(-6.19021e-05 6.19141e-05 9.60727e-05)
(-7.78388e-05 6.74713e-05 5.28696e-05)
(-6.46246e-05 7.33246e-05 8.24099e-06)
(-2.52963e-05 7.74504e-05 -2.14286e-05)
(2.53173e-05 7.74506e-05 -2.14315e-05)
(6.46478e-05 7.33253e-05 8.233e-06)
(7.78631e-05 6.74718e-05 5.28581e-05)
(6.19212e-05 6.1915e-05 9.60585e-05)
(2.33914e-05 5.86379e-05 0.000121974)
(-2.21696e-05 2.21744e-05 0.000145996)
(-5.86293e-05 2.33885e-05 0.000121988)
(-7.36165e-05 2.54429e-05 8.20844e-05)
(-6.09448e-05 2.76027e-05 4.09667e-05)
(-2.37796e-05 2.91159e-05 1.38986e-05)
(2.38011e-05 2.9116e-05 1.38959e-05)
(6.09682e-05 2.76031e-05 4.09592e-05)
(7.36414e-05 2.54433e-05 8.20736e-05)
(5.86443e-05 2.33895e-05 0.000121975)
(2.21726e-05 2.21706e-05 0.000145985)
(-2.89624e-05 -2.89684e-05 0.000192975)
(-7.67161e-05 -3.07443e-05 0.000161902)
(-9.65657e-05 -3.37785e-05 0.00011001)
(-8.03144e-05 -3.69839e-05 5.63035e-05)
(-3.14919e-05 -3.92811e-05 2.04471e-05)
(3.15178e-05 -3.92813e-05 2.04435e-05)
(8.0342e-05 -3.69844e-05 5.62933e-05)
(9.65871e-05 -3.37792e-05 0.000109994)
(7.67459e-05 -3.07445e-05 0.000161884)
(2.89859e-05 -2.89705e-05 0.000192952)
(-3.07383e-05 -7.6732e-05 0.0001619)
(-8.15318e-05 -8.15477e-05 0.000128058)
(-0.000102816 -8.97969e-05 7.13289e-05)
(-8.5826e-05 -9.85328e-05 1.24466e-05)
(-3.37938e-05 -0.000104839 -2.73645e-05)
(3.3819e-05 -0.00010484 -2.73681e-05)
(8.58532e-05 -9.85343e-05 1.24364e-05)
(0.000102838 -8.97989e-05 7.13134e-05)
(8.15601e-05 -8.15495e-05 0.00012804)
(3.076e-05 -7.67357e-05 0.000161878)
(-3.37725e-05 -9.65886e-05 0.000110005)
(-8.9781e-05 -0.000102839 7.13263e-05)
(-0.000113562 -0.000113584 6.10264e-06)
(-9.53664e-05 -0.000124978 -6.19276e-05)
(-3.78033e-05 -0.000133299 -0.000108853)
(3.7827e-05 -0.0001333 -0.000108857)
(9.53925e-05 -0.000124981 -6.19378e-05)
(0.000113583 -0.000113588 6.08737e-06)
(8.9809e-05 -0.000102842 7.13097e-05)
(3.3794e-05 -9.65915e-05 0.000109984)
(-3.69779e-05 -8.03387e-05 5.62967e-05)
(-9.85169e-05 -8.58504e-05 1.24417e-05)
(-0.000124955 -9.5391e-05 -6.19298e-05)
(-0.000105541 -0.000105566 -0.00013979)
(-4.2116e-05 -0.000113177 -0.000194517)
(4.21377e-05 -0.000113178 -0.000194521)
(0.000105566 -0.000105569 -0.0001398)
(0.000124976 -9.53949e-05 -6.19447e-05)
(9.85453e-05 -8.58545e-05 1.24259e-05)
(3.69998e-05 -8.03423e-05 5.6277e-05)
(-3.92751e-05 -3.15159e-05 2.04396e-05)
(-0.000104824 -3.3818e-05 -2.73703e-05)
(-0.000133277 -3.78277e-05 -0.000108857)
(-0.000113153 -4.21408e-05 -0.000194519)
(-4.54158e-05 -4.54406e-05 -0.000255812)
(4.54352e-05 -4.54416e-05 -0.000255816)
(0.000113176 -4.21434e-05 -0.000194529)
(0.000133297 -3.78312e-05 -0.000108872)
(0.000104852 -3.38217e-05 -2.73857e-05)
(3.92971e-05 -3.15193e-05 2.04208e-05)
(-3.92754e-05 3.14969e-05 2.04355e-05)
(-0.000104825 3.37979e-05 -2.73744e-05)
(-0.000133278 3.78059e-05 -0.000108861)
(-0.000113154 4.21165e-05 -0.000194523)
(-4.54168e-05 4.54139e-05 -0.000255816)
(4.54348e-05 4.54133e-05 -0.000255821)
(0.000113176 4.21149e-05 -0.000194533)
(0.000133298 3.78034e-05 -0.000108875)
(0.000104853 3.37948e-05 -2.73887e-05)
(3.92977e-05 3.14939e-05 2.0418e-05)
(-3.69787e-05 8.03259e-05 5.62863e-05)
(-9.8519e-05 8.58368e-05 1.24313e-05)
(-0.000124959 9.53759e-05 -6.19404e-05)
(-0.000105545 0.000105549 -0.000139801)
(-4.2119e-05 0.000113158 -0.000194529)
(4.21363e-05 0.000113158 -0.000194533)
(0.000105566 0.000105548 -0.00013981)
(0.000124977 9.53749e-05 -6.19541e-05)
(9.85467e-05 8.5835e-05 1.24175e-05)
(3.70007e-05 8.0324e-05 5.62693e-05)
(-3.37736e-05 9.65759e-05 0.000109988)
(-8.97841e-05 0.000102826 7.1309e-05)
(-0.000113566 0.000113571 6.08521e-06)
(-9.53715e-05 0.000124964 -6.19453e-05)
(-3.78074e-05 0.000133284 -0.000108871)
(3.7825e-05 0.000133285 -0.000108875)
(9.53931e-05 0.000124965 -6.19541e-05)
(0.000113585 0.000113572 6.07261e-06)
(8.98117e-05 0.000102826 7.12962e-05)
(3.37957e-05 9.6575e-05 0.000109972)
(-3.0739e-05 7.67423e-05 0.00016188)
(-8.15346e-05 8.15563e-05 0.000128038)
(-0.000102821 8.9805e-05 7.13091e-05)
(-8.58314e-05 9.85406e-05 1.2427e-05)
(-3.37983e-05 0.000104847 -2.73839e-05)
(3.38164e-05 0.000104847 -2.7387e-05)
(8.58531e-05 9.85414e-05 1.24189e-05)
(0.000102839 8.98057e-05 7.12973e-05)
(8.1561e-05 8.15552e-05 0.000128025)
(3.07604e-05 7.67461e-05 0.000161864)
(-2.89652e-05 2.89857e-05 0.000192948)
(-7.67213e-05 3.07595e-05 0.000161876)
(-9.65709e-05 3.37934e-05 0.000109984)
(-8.03198e-05 3.69988e-05 5.62787e-05)
(-3.14964e-05 3.92959e-05 2.04229e-05)
(3.15151e-05 3.92961e-05 2.04201e-05)
(8.03417e-05 3.69992e-05 5.62711e-05)
(9.65875e-05 3.37938e-05 0.000109973)
(7.6752e-05 3.07586e-05 0.000161865)
(2.89923e-05 2.89905e-05 0.000192932)
(-3.77154e-05 -3.77219e-05 0.000254298)
(-0.000100121 -4.03173e-05 0.000214336)
(-0.000126411 -4.47862e-05 0.000147238)
(-0.00010572 -4.95315e-05 7.74502e-05)
(-4.17045e-05 -5.30195e-05 3.00571e-05)
(4.17271e-05 -5.30197e-05 3.00536e-05)
(0.000105744 -4.9532e-05 7.74401e-05)
(0.000126437 -4.47867e-05 0.000147223)
(0.000100137 -4.03183e-05 0.000214317)
(3.77179e-05 -3.77204e-05 0.00025428)
(-4.03108e-05 -0.000100139 0.000214334)
(-0.000107193 -0.00010721 0.000170376)
(-0.000135639 -0.00011943 9.62183e-05)
(-0.000113966 -0.000132443 1.88302e-05)
(-4.51988e-05 -0.000142101 -3.45785e-05)
(4.52207e-05 -0.000142102 -3.45821e-05)
(0.000113989 -0.000132444 1.88202e-05)
(0.000135665 -0.000119432 9.62032e-05)
(0.00010721 -0.000107213 0.000170357)
(4.03158e-05 -0.000100138 0.000214316)
(-4.47796e-05 -0.000126435 0.000147233)
(-0.000119413 -0.000135664 9.62152e-05)
(-0.000151658 -0.000151682 9.49965e-06)
(-0.000128404 -0.000168762 -8.15062e-05)
(-5.13693e-05 -0.000181621 -0.000145938)
(5.13896e-05 -0.000181622 -0.000145941)
(0.000128427 -0.000168764 -8.15161e-05)
(0.000151683 -0.000151685 9.48506e-06)
(0.000119431 -0.000135666 9.61975e-05)
(4.4785e-05 -0.000126437 0.000147216)
(-4.9525e-05 -0.000105746 7.7442e-05)
(-0.000132426 -0.000113991 1.88243e-05)
(-0.000168737 -0.00012843 -8.15089e-05)
(-0.000143905 -0.000143931 -0.000187229)
(-5.80593e-05 -0.000155961 -0.000263859)
(5.80776e-05 -0.000155962 -0.000263863)
(0.000143926 -0.000143934 -0.000187239)
(0.000168762 -0.000128433 -8.1523e-05)
(0.000132444 -0.000113995 1.88077e-05)
(4.95309e-05 -0.000105749 7.74263e-05)
(-5.30131e-05 -4.17289e-05 3.00478e-05)
(-0.000142084 -4.52234e-05 -3.45855e-05)
(-0.000181598 -5.13942e-05 -0.000145942)
(-0.000155935 -5.80847e-05 -0.000263861)
(-6.34009e-05 -6.34262e-05 -0.000351364)
(6.34165e-05 -6.34276e-05 -0.000351368)
(0.000155955 -5.80877e-05 -0.000263871)
(0.000181622 -5.13976e-05 -0.000145956)
(0.000142103 -4.5227e-05 -3.46012e-05)
(5.30193e-05 -4.17318e-05 3.00334e-05)
(-5.30134e-05 4.17063e-05 3.00437e-05)
(-0.000142085 4.51998e-05 -3.45896e-05)
(-0.000181599 5.13686e-05 -0.000145946)
(-0.000155936 5.80567e-05 -0.000263865)
(-6.34021e-05 6.33954e-05 -0.000351368)
(6.34162e-05 6.33949e-05 -0.000351372)
(0.000155956 5.80552e-05 -0.000263875)
(0.000181623 5.13666e-05 -0.000145959)
(0.000142104 4.51973e-05 -3.46041e-05)
(5.302e-05 4.17039e-05 3.00308e-05)
(-4.95257e-05 0.000105728 7.74315e-05)
(-0.000132428 0.000113973 1.88138e-05)
(-0.000168741 0.00012841 -8.15195e-05)
(-0.000143909 0.000143909 -0.00018724)
(-5.80627e-05 0.000155938 -0.00026387)
(5.80764e-05 0.000155938 -0.000263874)
(0.000143927 0.000143909 -0.000187249)
(0.000168764 0.00012841 -8.15319e-05)
(0.000132446 0.000113972 1.87997e-05)
(4.95319e-05 0.000105727 7.7419e-05)
(-4.47806e-05 0.000126426 0.000147216)
(-0.000119416 0.000135654 9.6198e-05)
(-0.000151662 0.000151671 9.48255e-06)
(-0.000128409 0.00016875 -8.15234e-05)
(-5.13735e-05 0.000181609 -0.000145955)
(5.1388e-05 0.00018161 -0.000145958)
(0.000128428 0.000168751 -8.15315e-05)
(0.000151685 0.000151672 9.47123e-06)
(0.000119434 0.000135654 9.6185e-05)
(4.47869e-05 0.000126426 0.000147204)
(-4.03123e-05 0.000100133 0.000214312)
(-0.000107197 0.000107207 0.000170354)
(-0.000135644 0.000119427 9.61971e-05)
(-0.000113971 0.00013244 1.88093e-05)
(-4.52033e-05 0.000142098 -3.45988e-05)
(4.52188e-05 0.000142099 -3.46016e-05)
(0.00011399 0.000132441 1.88018e-05)
(0.000135666 0.000119428 9.61864e-05)
(0.000107214 0.000107209 0.000170341)
(4.03183e-05 0.000100129 0.000214301)
(-3.77145e-05 3.77174e-05 0.000254276)
(-0.000100122 4.03152e-05 0.000214314)
(-0.000126415 4.47843e-05 0.000147217)
(-0.000105725 4.95298e-05 7.74291e-05)
(-4.17088e-05 5.3018e-05 3.0037e-05)
(4.17251e-05 5.30182e-05 3.00344e-05)
(0.000105745 4.95304e-05 7.74223e-05)
(0.000126438 4.4785e-05 0.000147207)
(0.000100135 4.03166e-05 0.000214302)
(3.7715e-05 3.77133e-05 0.000254267)
(-4.89552e-05 -4.89623e-05 0.000334119)
(-0.000130261 -5.27347e-05 0.00028309)
(-0.000165009 -5.92937e-05 0.000196863)
(-0.000138905 -6.62957e-05 0.000106675)
(-5.519e-05 -7.15973e-05 4.4163e-05)
(5.5209e-05 -7.15975e-05 4.41594e-05)
(0.000138927 -6.62962e-05 0.000106666)
(0.000165026 -5.92942e-05 0.000196847)
(0.000130289 -5.27346e-05 0.000283073)
(4.8979e-05 -4.89644e-05 0.000334097)
(-5.27275e-05 -0.000130279 0.000283087)
(-0.000140602 -0.00014062 0.000226327)
(-0.000178589 -0.000158674 0.000129849)
(-0.000151224 -0.000178015 2.85566e-05)
(-6.05e-05 -0.000192838 -4.31046e-05)
(6.05183e-05 -0.000192839 -4.31082e-05)
(0.000151246 -0.000178017 2.85468e-05)
(0.000178606 -0.000158676 0.000129834)
(0.000140629 -0.000140621 0.000226311)
(5.27493e-05 -0.000130282 0.000283067)
(-5.92865e-05 -0.000165035 0.000196856)
(-0.000158656 -0.000178614 0.000129845)
(-0.000202422 -0.000202448 1.48602e-05)
(-0.000173085 -0.000228008 -0.000106645)
(-7.0021e-05 -0.00024794 -0.000195438)
(7.0038e-05 -0.000247941 -0.000195441)
(0.000173106 -0.00022801 -0.000106654)
(0.00020244 -0.000202451 1.4846e-05)
(0.000158682 -0.000178617 0.00012983)
(5.93083e-05 -0.000165036 0.000196838)
(-6.62885e-05 -0.000138931 0.000106666)
(-0.000177996 -0.000151251 2.85497e-05)
(-0.000227982 -0.000173112 -0.000106648)
(-0.000196716 -0.000196743 -0.000250118)
(-8.04331e-05 -0.00021589 -0.000358046)
(8.0448e-05 -0.000215892 -0.00035805)
(0.000196736 -0.000196747 -0.000250127)
(0.000228 -0.000173115 -0.000106661)
(0.000178024 -0.000151254 2.85363e-05)
(6.63109e-05 -0.000138933 0.00010665)
(-7.15902e-05 -5.52148e-05 4.41523e-05)
(-0.00019282 -6.0525e-05 -4.31128e-05)
(-0.000247915 -7.00464e-05 -0.000195443)
(-0.000215863 -8.04591e-05 -0.000358049)
(-8.91694e-05 -8.91952e-05 -0.000484191)
(8.91818e-05 -8.91963e-05 -0.000484195)
(0.000215882 -8.04616e-05 -0.000358058)
(0.000247932 -7.00494e-05 -0.000195456)
(0.000192848 -6.05276e-05 -4.31252e-05)
(7.16128e-05 -5.52168e-05 4.41375e-05)
(-7.15905e-05 5.51885e-05 4.41481e-05)
(-0.000192821 6.04976e-05 -4.31169e-05)
(-0.000247916 7.00173e-05 -0.000195447)
(-0.000215865 8.04273e-05 -0.000358053)
(-8.91703e-05 8.91608e-05 -0.000484195)
(8.91816e-05 8.91604e-05 -0.000484199)
(0.000215883 8.04261e-05 -0.000358062)
(0.000247933 7.00155e-05 -0.000195459)
(0.000192849 6.04953e-05 -4.31279e-05)
(7.16135e-05 5.51865e-05 4.41351e-05)
(-6.62892e-05 0.000138912 0.000106656)
(-0.000177999 0.000151231 2.85396e-05)
(-0.000227986 0.00017309 -0.000106658)
(-0.00019672 0.00019672 -0.000250129)
(-8.04363e-05 0.000215865 -0.000358057)
(8.04471e-05 0.000215865 -0.000358061)
(0.000196737 0.00019672 -0.000250137)
(0.000228002 0.00017309 -0.00010667)
(0.000178026 0.000151229 2.85291e-05)
(6.63122e-05 0.000138911 0.000106643)
(-5.92876e-05 0.000165016 0.000196839)
(-0.000158659 0.000178596 0.000129828)
(-0.000202427 0.000202429 1.48434e-05)
(-0.00017309 0.000227989 -0.000106662)
(-7.0025e-05 0.00024792 -0.000195455)
(7.00369e-05 0.000247921 -0.000195458)
(0.000173108 0.00022799 -0.000106669)
(0.000202443 0.000202431 1.48329e-05)
(0.000158686 0.000178597 0.000129818)
(5.93105e-05 0.000165016 0.000196827)
(-5.27281e-05 0.000130287 0.000283067)
(-0.000140604 0.000140626 0.000226308)
(-0.000178593 0.00015868 0.00012983)
(-0.000151229 0.000178021 2.85387e-05)
(-6.05037e-05 0.000192844 -4.3122e-05)
(6.05167e-05 0.000192845 -4.31247e-05)
(0.000151247 0.000178022 2.85319e-05)
(0.000178608 0.000158682 0.00012982)
(0.00014063 0.000140626 0.000226298)
(5.27501e-05 0.000130292 0.000283055)
(-4.89581e-05 4.89795e-05 0.000334093)
(-0.000130266 5.27495e-05 0.000283065)
(-0.000165014 5.93082e-05 0.000196839)
(-0.000138909 6.63104e-05 0.000106653)
(-5.51935e-05 7.16121e-05 4.41418e-05)
(5.52076e-05 7.16125e-05 4.41394e-05)
(0.000138928 6.63112e-05 0.000106647)
(0.000165027 5.9309e-05 0.00019683)
(0.000130297 5.27488e-05 0.000283057)
(4.89866e-05 4.89853e-05 0.00033408)
(-6.32455e-05 -6.32533e-05 0.000437655)
(-0.000168768 -6.87119e-05 0.000373005)
(-0.000214618 -7.83009e-05 0.000262959)
(-0.00018207 -8.85935e-05 0.000147133)
(-7.29623e-05 -9.66514e-05 6.48615e-05)
(7.2978e-05 -9.66516e-05 6.48583e-05)
(0.000182088 -8.85939e-05 0.000147124)
(0.00021464 -7.83013e-05 0.000262946)
(0.00016878 -6.87126e-05 0.000372988)
(6.32457e-05 -6.32512e-05 0.000437638)
(-6.8704e-05 -0.000168789 0.000373001)
(-0.000183828 -0.000183849 0.000300196)
(-0.000234525 -0.000210442 0.00017535)
(-0.000200442 -0.000239109 4.33881e-05)
(-8.10313e-05 -0.000261904 -5.27926e-05)
(8.10464e-05 -0.000261904 -5.27958e-05)
(0.00020046 -0.00023911 4.33794e-05)
(0.000234546 -0.000210443 0.000175337)
(0.000183843 -0.00018385 0.000300179)
(6.8707e-05 -0.000168787 0.000372986)
(-7.8293e-05 -0.000214646 0.000262951)
(-0.000210422 -0.000234552 0.000175346)
(-0.000269903 -0.00026993 2.33343e-05)
(-0.000233553 -0.000308099 -0.000138532)
(-9.57677e-05 -0.000339092 -0.000261417)
(9.57816e-05 -0.000339093 -0.00026142)
(0.00023357 -0.000308101 -0.00013854)
(0.000269925 -0.000269933 2.33222e-05)
(0.000210437 -0.000234554 0.000175332)
(7.82967e-05 -0.000214646 0.000262938)
(-8.85856e-05 -0.000182097 0.00014712)
(-0.000239088 -0.00020047 4.33793e-05)
(-0.000308071 -0.000233581 -0.000138536)
(-0.000269604 -0.000269633 -0.000333078)
(-0.000112025 -0.000300337 -0.000486073)
(0.000112037 -0.000300339 -0.000486076)
(0.00026962 -0.000269636 -0.000333085)
(0.000308094 -0.000233584 -0.000138547)
(0.000239105 -0.000200472 4.3367e-05)
(8.859e-05 -0.000182098 0.000147109)
(-9.66437e-05 -7.29875e-05 6.48473e-05)
(-0.000261884 -8.10568e-05 -5.28033e-05)
(-0.000339066 -9.57937e-05 -0.000261424)
(-0.000300309 -0.000112052 -0.000486077)
(-0.000126475 -0.000126501 -0.000669948)
(0.000126483 -0.000126503 -0.000669951)
(0.000300325 -0.000112055 -0.000486084)
(0.000339089 -9.57966e-05 -0.000261435)
(0.000261901 -8.10592e-05 -5.2814e-05)
(9.66487e-05 -7.29888e-05 6.48381e-05)
(-9.66439e-05 7.29576e-05 6.48433e-05)
(-0.000261885 8.1026e-05 -5.28072e-05)
(-0.000339067 9.57611e-05 -0.000261428)
(-0.000300311 0.000112017 -0.00048608)
(-0.000126476 0.000126463 -0.000669952)
(0.000126483 0.000126462 -0.000669955)
(0.000300326 0.000112016 -0.000486087)
(0.00033909 9.57598e-05 -0.000261437)
(0.000261903 8.10245e-05 -5.28164e-05)
(9.66495e-05 7.29563e-05 6.48359e-05)
(-8.85862e-05 0.000182074 0.000147111)
(-0.00023909 0.000200446 4.33697e-05)
(-0.000308075 0.000233555 -0.000138545)
(-0.000269608 0.000269605 -0.000333087)
(-0.000112029 0.000300308 -0.000486083)
(0.000112037 0.000300309 -0.000486086)
(0.000269623 0.000269606 -0.000333094)
(0.000308097 0.000233556 -0.000138554)
(0.000239108 0.000200445 4.33607e-05)
(8.85914e-05 0.000182073 0.000147103)
(-7.82938e-05 0.000214632 0.000262935)
(-0.000210424 0.000234538 0.00017533)
(-0.000269907 0.000269916 2.33188e-05)
(-0.000233558 0.000308084 -0.000138547)
(-9.57719e-05 0.000339077 -0.000261433)
(9.5781e-05 0.000339078 -0.000261435)
(0.000233573 0.000308086 -0.000138553)
(0.000269929 0.000269917 2.33109e-05)
(0.000210441 0.000234538 0.000175322)
(7.8299e-05 0.000214632 0.000262928)
(-6.87053e-05 0.000168779 0.000372981)
(-0.000183831 0.000183842 0.000300176)
(-0.000234529 0.000210435 0.000175332)
(-0.000200447 0.000239103 4.33706e-05)
(-8.1035e-05 0.000261898 -5.28089e-05)
(8.10458e-05 0.000261899 -5.2811e-05)
(0.000200462 0.000239105 4.33653e-05)
(0.000234549 0.000210437 0.000175324)
(0.000183848 0.000183844 0.000300167)
(6.87101e-05 0.000168775 0.000372974)
(-6.3244e-05 6.32459e-05 0.000437633)
(-0.000168768 6.87072e-05 0.000372984)
(-0.000214621 7.82967e-05 0.00026294)
(-0.000182074 8.85895e-05 0.000147115)
(-7.29653e-05 9.66479e-05 6.48458e-05)
(7.29773e-05 9.66483e-05 6.48441e-05)
(0.00018209 8.85904e-05 0.000147111)
(0.000214643 7.82976e-05 0.000262934)
(0.000168779 6.8709e-05 0.000372976)
(6.32425e-05 6.32413e-05 0.000437628)
(-8.13011e-05 -8.13099e-05 0.000571319)
(-0.000217633 -8.91569e-05 0.000490159)
(-0.000277944 -0.00010311 0.00035084)
(-0.000237954 -0.000118172 0.000203147)
(-9.63268e-05 -0.000130422 9.51555e-05)
(9.63398e-05 -0.000130422 9.51527e-05)
(0.00023797 -0.000118172 0.000203139)
(0.000277957 -0.000103111 0.000350827)
(0.00021766 -8.91564e-05 0.000490146)
(8.13253e-05 -8.13116e-05 0.000571302)
(-8.91481e-05 -0.000217655 0.000490155)
(-0.000239449 -0.000239471 0.000397488)
(-0.000306992 -0.000278502 0.000236948)
(-0.000265296 -0.000320855 6.5964e-05)
(-0.000108592 -0.00035598 -6.31485e-05)
(0.000108604 -0.000355981 -6.31513e-05)
(0.000265312 -0.000320856 6.59567e-05)
(0.000307006 -0.000278502 0.000236936)
(0.000239474 -0.000239471 0.000397476)
(8.91701e-05 -0.000217657 0.00049014)
(-0.000103102 -0.000277974 0.00035083)
(-0.000278479 -0.000307023 0.000236942)
(-0.000359361 -0.000359392 3.67036e-05)
(-0.000315461 -0.000416241 -0.000178343)
(-0.000131466 -0.000464581 -0.000349207)
(0.000131477 -0.000464582 -0.00034921)
(0.000315477 -0.000416243 -0.000178349)
(0.000359375 -0.000359393 3.66936e-05)
(0.000278505 -0.000307023 0.000236932)
(0.000103124 -0.000277974 0.000350817)
(-0.000118163 -0.000237983 0.000203131)
(-0.000320833 -0.000265325 6.59529e-05)
(-0.000416211 -0.000315491 -0.000178348)
(-0.000370484 -0.000370516 -0.0004418)
(-0.000156933 -0.000420155 -0.000660176)
(0.000156943 -0.000420157 -0.000660179)
(0.000370501 -0.000370519 -0.000441806)
(0.000416226 -0.000315494 -0.000178357)
(0.00032086 -0.000265326 6.59451e-05)
(0.000118186 -0.000237983 0.000203121)
(-0.000130413 -9.6353e-05 9.51376e-05)
(-0.000355959 -0.000108618 -6.31622e-05)
(-0.000464552 -0.000131493 -0.000349216)
(-0.000420125 -0.000156961 -0.000660181)
(-0.000181108 -0.000181135 -0.000931524)
(0.000181115 -0.000181137 -0.000931527)
(0.00042014 -0.000156963 -0.000660187)
(0.000464568 -0.000131495 -0.000349224)
(0.000355987 -0.000108619 -6.31682e-05)
(0.000130437 -9.63532e-05 9.51301e-05)
(-0.000130413 9.63197e-05 9.51339e-05)
(-0.000355959 0.000108584 -6.31658e-05)
(-0.000464553 0.000131457 -0.00034922)
(-0.000420126 0.000156923 -0.000660184)
(-0.000181109 0.000181094 -0.000931528)
(0.000181115 0.000181094 -0.000931531)
(0.000420141 0.000156922 -0.00066019)
(0.00046457 0.000131456 -0.000349227)
(0.000355989 0.000108583 -6.31704e-05)
(0.000130437 9.63188e-05 9.51281e-05)
(-0.000118163 0.000237958 0.000203122)
(-0.000320835 0.000265299 6.59443e-05)
(-0.000416214 0.000315463 -0.000178357)
(-0.000370489 0.000370486 -0.000441808)
(-0.000156937 0.000420124 -0.000660186)
(0.000156943 0.000420125 -0.000660188)
(0.000370503 0.000370487 -0.000441814)
(0.000416229 0.000315464 -0.000178363)
(0.000320863 0.000265298 6.594e-05)
(0.000118187 0.000237957 0.000203117)
(-0.000103102 0.00027795 0.000350814)
(-0.000278482 0.000306999 0.000236927)
(-0.000359366 0.000359368 3.66896e-05)
(-0.000315466 0.000416218 -0.000178356)
(-0.000131469 0.000464558 -0.000349221)
(0.000131477 0.000464559 -0.000349223)
(0.000315481 0.00041622 -0.00017836)
(0.00035938 0.00035937 3.66838e-05)
(0.00027851 0.000307 0.000236923)
(0.000103126 0.00027795 0.000350809)
(-8.91482e-05 0.000217661 0.000490138)
(-0.00023945 0.000239475 0.000397471)
(-0.000306996 0.000278505 0.000236933)
(-0.000265299 0.00032086 6.59509e-05)
(-0.000108595 0.000355986 -6.31603e-05)
(0.000108604 0.000355987 -6.31619e-05)
(0.000265314 0.000320862 6.59472e-05)
(0.000307009 0.000278507 0.000236927)
(0.000239476 0.000239474 0.000397467)
(8.9171e-05 0.000217666 0.000490132)
(-8.13037e-05 8.13269e-05 0.000571296)
(-0.000217637 8.91713e-05 0.000490138)
(-0.000277947 0.000103125 0.000350821)
(-0.000237957 0.000118186 0.00020313)
(-9.63287e-05 0.000130437 9.51412e-05)
(9.63397e-05 0.000130438 9.514e-05)
(0.000237973 0.000118188 0.000203127)
(0.000277959 0.000103126 0.000350816)
(0.000217668 8.91707e-05 0.000490135)
(8.13337e-05 8.13335e-05 0.000571289)
(-0.000103853 -0.000103863 0.000742981)
(-0.00027904 -0.000115071 0.00064217)
(-0.000358123 -0.000135264 0.000467449)
(-0.000309912 -0.00015719 0.0002807)
(-0.000126959 -0.000175801 0.000139414)
(0.000126969 -0.000175801 0.000139412)
(0.000309926 -0.00015719 0.000280694)
(0.000358142 -0.000135264 0.000467438)
(0.00027905 -0.000115071 0.000642157)
(0.000103852 -0.00010386 0.000742969)
(-0.000115061 -0.000279065 0.000642165)
(-0.00031046 -0.000310485 0.000525281)
(-0.000400287 -0.00036753 0.000320377)
(-0.00035049 -0.000429864 0.00010027)
(-0.000145589 -0.000484089 -7.30346e-05)
(0.000145599 -0.00048409 -7.30366e-05)
(0.000350503 -0.000429865 0.000100264)
(0.000400306 -0.00036753 0.000320368)
(0.000310473 -0.000310485 0.00052527)
(0.000115062 -0.000279061 0.000642154)
(-0.000135254 -0.000358156 0.000467436)
(-0.000367505 -0.00040032 0.00032037)
(-0.000477546 -0.000477579 5.77769e-05)
(-0.000426508 -0.000561982 -0.000226942)
(-0.000181202 -0.000637607 -0.000465686)
(0.000181211 -0.000637608 -0.000465688)
(0.000426521 -0.000561984 -0.000226946)
(0.000477566 -0.000477579 5.77699e-05)
(0.000367519 -0.000400319 0.000320361)
(0.000135256 -0.000358153 0.000467428)
(-0.00015718 -0.000309944 0.000280679)
(-0.000429839 -0.000350521 0.000100254)
(-0.000561949 -0.000426541 -0.000226951)
(-0.000510517 -0.000510551 -0.000583011)
(-0.000221216 -0.000591495 -0.000896893)
(0.000221224 -0.000591497 -0.000896894)
(0.000510531 -0.000510554 -0.000583014)
(0.000561971 -0.000426543 -0.000226956)
(0.000429855 -0.000350522 0.000100249)
(0.000157184 -0.000309943 0.000280674)
(-0.000175791 -0.000126986 0.000139389)
(-0.000484065 -0.000145616 -7.30542e-05)
(-0.000637577 -0.00018123 -0.0004657)
(-0.000591463 -0.000221246 -0.000896899)
(-0.00026215 -0.000262179 -0.00130272)
(0.000262155 -0.000262182 -0.00130272)
(0.000591476 -0.000221249 -0.000896901)
(0.000637599 -0.000181232 -0.000465704)
(0.000484083 -0.000145617 -7.3058e-05)
(0.000175795 -0.000126985 0.000139386)
(-0.000175791 0.000126949 0.000139385)
(-0.000484065 0.000145579 -7.30577e-05)
(-0.000637577 0.000181192 -0.000465703)
(-0.000591464 0.000221205 -0.000896901)
(-0.000262152 0.000262134 -0.00130272)
(0.000262155 0.000262134 -0.00130272)
(0.000591478 0.000221204 -0.000896904)
(0.000637601 0.000181191 -0.000465706)
(0.000484085 0.000145579 -7.306e-05)
(0.000175796 0.000126949 0.000139384)
(-0.000157181 0.000309914 0.000280671)
(-0.00042984 0.000350492 0.000100246)
(-0.000561952 0.00042651 -0.000226957)
(-0.000510522 0.000510518 -0.000583018)
(-0.000221221 0.000591461 -0.0008969)
(0.000221224 0.000591462 -0.000896902)
(0.000510535 0.00051052 -0.00058302)
(0.000561975 0.000426511 -0.00022696)
(0.000429859 0.000350491 0.000100244)
(0.000157185 0.000309913 0.00028067)
(-0.000135254 0.000358138 0.000467421)
(-0.000367507 0.000400301 0.000320356)
(-0.000477549 0.00047756 5.77645e-05)
(-0.000426513 0.000561965 -0.000226953)
(-0.000181206 0.000637591 -0.000465698)
(0.000181212 0.000637593 -0.000465699)
(0.000426526 0.000561967 -0.000226955)
(0.000477571 0.000477563 5.7762e-05)
(0.000367524 0.000400302 0.000320354)
(0.000135259 0.000358138 0.00046742)
(-0.000115062 0.000279052 0.000642147)
(-0.000310461 0.000310475 0.000525265)
(-0.000400289 0.000367521 0.000320363)
(-0.000350493 0.000429857 0.000100258)
(-0.000145592 0.000484084 -7.3045e-05)
(0.0001456 0.000484085 -7.30457e-05)
(0.000350506 0.000429859 0.000100256)
(0.00040031 0.000367523 0.00032036)
(0.000310478 0.000310477 0.000525262)
(0.000115066 0.000279047 0.000642145)
(-0.000103851 0.000103853 0.000742962)
(-0.000279038 0.000115064 0.000642153)
(-0.000358124 0.000135258 0.000467434)
(-0.000309914 0.000157185 0.000280689)
(-0.00012696 0.000175796 0.000139405)
(0.00012697 0.000175797 0.000139405)
(0.000309928 0.000157186 0.000280688)
(0.000358145 0.000135259 0.000467432)
(0.000279047 0.000115066 0.00064215)
(0.000103848 0.000103848 0.000742961)
(-0.000131744 -0.000131756 0.000962042)
(-0.00035544 -0.000147632 0.000838386)
(-0.000458677 -0.000176668 0.000621737)
(-0.000401972 -0.000208395 0.000387954)
(-0.00016697 -0.000236643 0.000203905)
(0.000166979 -0.000236643 0.000203904)
(0.000401985 -0.000208395 0.000387949)
(0.000458687 -0.000176668 0.000621729)
(0.000355466 -0.000147631 0.000838377)
(0.000131769 -0.000131757 0.000962029)
(-0.000147621 -0.000355469 0.000838379)
(-0.000400379 -0.000400408 0.000692536)
(-0.000519498 -0.000483364 0.000433367)
(-0.000462 -0.000574691 0.000152244)
(-0.000195246 -0.000658536 -8.01622e-05)
(0.000195254 -0.000658536 -8.01636e-05)
(0.000462013 -0.000574691 0.000152241)
(0.000519509 -0.000483363 0.00043336)
(0.000400403 -0.000400405 0.000692529)
(0.000147643 -0.000355469 0.000838369)
(-0.000176657 -0.000458715 0.00062172)
(-0.000483335 -0.000519536 0.000433357)
(-0.000633018 -0.000633056 9.09228e-05)
(-0.000577191 -0.000757884 -0.000284391)
(-0.00025084 -0.000876513 -0.000619619)
(0.000250849 -0.000876514 -0.00061962)
(0.000577204 -0.000757884 -0.000284393)
(0.00063303 -0.000633055 9.09187e-05)
(0.00048336 -0.000519534 0.000433353)
(0.000176679 -0.000458712 0.000621713)
(-0.000208383 -0.000402008 0.000387926)
(-0.000574663 -0.000462036 0.000152223)
(-0.000757846 -0.000577228 -0.000284404)
(-0.000705454 -0.000705493 -0.00076421)
(-0.000313878 -0.000838669 -0.00121844)
(0.000313885 -0.000838671 -0.00121844)
(0.000705469 -0.000705495 -0.000764211)
(0.00075786 -0.000577229 -0.000284406)
(0.00057469 -0.000462035 0.000152222)
(0.000208406 -0.000402005 0.000387922)
(-0.000236632 -0.000166999 0.000203871)
(-0.000658509 -0.000195275 -8.0189e-05)
(-0.000876478 -0.00025087 -0.000619639)
(-0.000838632 -0.000313909 -0.00121844)
(-0.000384024 -0.000384056 -0.00183408)
(0.000384029 -0.000384057 -0.00183408)
(0.000838646 -0.000313912 -0.00121844)
(0.000876493 -0.000250872 -0.00061964)
(0.000658538 -0.000195274 -8.01875e-05)
(0.000236656 -0.000166997 0.00020387)
(-0.000236632 0.00016696 0.000203868)
(-0.000658509 0.000195235 -8.01921e-05)
(-0.000876479 0.00025083 -0.000619642)
(-0.000838633 0.000313867 -0.00121845)
(-0.000384025 0.000384009 -0.00183409)
(0.00038403 0.000384009 -0.00183409)
(0.000838648 0.000313866 -0.00121845)
(0.000876495 0.000250829 -0.000619643)
(0.00065854 0.000195234 -8.01894e-05)
(0.000236656 0.00016696 0.000203868)
(-0.000208383 0.000401977 0.000387918)
(-0.000574664 0.000462005 0.000152216)
(-0.000757848 0.000577196 -0.00028441)
(-0.000705459 0.000705459 -0.000764215)
(-0.000313882 0.000838634 -0.00121844)
(0.000313886 0.000838635 -0.00121844)
(0.000705473 0.000705461 -0.000764216)
(0.000757863 0.000577197 -0.00028441)
(0.000574693 0.000462004 0.000152218)
(0.000208408 0.000401976 0.000387918)
(-0.000176657 0.000458687 0.000621707)
(-0.000483336 0.000519508 0.000433345)
(-0.000633021 0.000633029 9.09123e-05)
(-0.000577196 0.000757858 -0.000284401)
(-0.000250844 0.000876489 -0.000619629)
(0.00025085 0.000876491 -0.00061963)
(0.00057721 0.00075786 -0.000284401)
(0.000633035 0.000633031 9.09121e-05)
(0.000483365 0.000519509 0.000433346)
(0.000176682 0.000458686 0.000621706)
(-0.00014762 0.000355473 0.000838364)
(-0.000400378 0.000400409 0.000692522)
(-0.000519499 0.000483367 0.000433356)
(-0.000462002 0.000574696 0.000152237)
(-0.000195247 0.000658544 -8.01671e-05)
(0.000195255 0.000658545 -8.01672e-05)
(0.000462016 0.000574698 0.000152237)
(0.000519512 0.000483369 0.000433355)
(0.000400405 0.000400408 0.000692523)
(0.000147643 0.000355478 0.000838362)
(-0.000131746 0.000131772 0.000962022)
(-0.000355442 0.000147646 0.000838368)
(-0.000458677 0.000176683 0.000621723)
(-0.000401972 0.00020841 0.000387944)
(-0.00016697 0.000236659 0.000203898)
(0.00016698 0.00023666 0.000203899)
(0.000401987 0.000208411 0.000387944)
(0.000458688 0.000176684 0.000621723)
(0.000355475 0.000147646 0.000838369)
(0.000131777 0.000131779 0.000962019)
(-0.000165732 -0.000165745 0.00123957)
(-0.000449246 -0.000188037 0.00109014)
(-0.000583338 -0.000229476 0.000825179)
(-0.00051883 -0.000275056 0.000535993)
(-0.000218983 -0.000317831 0.000297595)
(0.00021899 -0.000317831 0.000297594)
(0.00051884 -0.000275056 0.00053599)
(0.000583355 -0.000229475 0.000825173)
(0.000449254 -0.000188036 0.00109013)
(0.000165729 -0.000165741 0.00123956)
(-0.000188023 -0.00044928 0.00109013)
(-0.000513013 -0.000513047 0.000910493)
(-0.000670433 -0.000632972 0.000586307)
(-0.000607252 -0.000766057 0.000230664)
(-0.000261794 -0.000895859 -8.06008e-05)
(0.000261802 -0.000895859 -8.06014e-05)
(0.000607263 -0.000766056 0.000230662)
(0.00067045 -0.00063297 0.000586302)
(0.000513024 -0.000513044 0.000910486)
(0.000188023 -0.000449273 0.00109013)
(-0.000229462 -0.000583382 0.000825157)
(-0.000632938 -0.000670477 0.000586294)
(-0.000836422 -0.000836466 0.000142944)
(-0.000781776 -0.00102021 -0.000349021)
(-0.000348819 -0.00120675 -0.000821915)
(0.000348828 -0.00120675 -0.000821915)
(0.000781788 -0.00102021 -0.000349021)
(0.00083644 -0.000836464 0.000142941)
(0.000632951 -0.000670473 0.00058629)
(0.000229463 -0.000583375 0.000825152)
(-0.000275043 -0.00051887 0.000535955)
(-0.000766024 -0.000607293 0.000230634)
(-0.00102017 -0.000781819 -0.000349039)
(-0.000977529 -0.000977573 -0.000992875)
(-0.000448337 -0.00119872 -0.00165427)
(0.000448344 -0.00119872 -0.00165427)
(0.000977542 -0.000977576 -0.000992873)
(0.00102019 -0.000781819 -0.000349039)
(0.00076604 -0.00060729 0.000230633)
(0.000275045 -0.000518865 0.000535953)
(-0.000317818 -0.000219013 0.000297547)
(-0.000895828 -0.000261825 -8.06407e-05)
(-0.00120671 -0.000348852 -0.000821944)
(-0.00119868 -0.000448371 -0.00165428)
(-0.000569986 -0.00057002 -0.00260217)
(0.000569989 -0.000570024 -0.00260216)
(0.00119869 -0.000448375 -0.00165427)
(0.00120674 -0.000348853 -0.000821942)
(0.000895846 -0.000261824 -8.06407e-05)
(0.00031782 -0.000219011 0.000297548)
(-0.000317818 0.000218972 0.000297544)
(-0.000895828 0.000261783 -8.0644e-05)
(-0.00120671 0.00034881 -0.000821946)
(-0.00119868 0.000448327 -0.00165428)
(-0.00056999 0.00056997 -0.00260217)
(0.00056999 0.00056997 -0.00260217)
(0.00119869 0.000448326 -0.00165428)
(0.00120674 0.000348809 -0.000821944)
(0.000895848 0.000261783 -8.06428e-05)
(0.000317821 0.000218972 0.000297546)
(-0.000275043 0.000518835 0.000535947)
(-0.000766025 0.000607258 0.000230627)
(-0.00102017 0.000781784 -0.000349044)
(-0.000977535 0.000977537 -0.000992878)
(-0.000448343 0.00119868 -0.00165427)
(0.000448345 0.00119869 -0.00165427)
(0.000977548 0.00097754 -0.000992876)
(0.0010202 0.000781785 -0.000349041)
(0.000766043 0.000607257 0.00023063)
(0.000275046 0.000518834 0.000535949)
(-0.000229462 0.000583359 0.000825143)
(-0.000632939 0.000670454 0.000586282)
(-0.000836424 0.000836445 0.000142934)
(-0.000781781 0.00102019 -0.000349029)
(-0.000348823 0.00120674 -0.000821923)
(0.000348829 0.00120674 -0.000821922)
(0.000781794 0.0010202 -0.000349027)
(0.000836446 0.000836447 0.000142935)
(0.000632956 0.000670455 0.000586283)
(0.000229466 0.000583359 0.000825144)
(-0.000188023 0.000449264 0.00109012)
(-0.000513013 0.000513034 0.000910478)
(-0.000670432 0.000632961 0.000586296)
(-0.000607252 0.00076605 0.000230656)
(-0.000261794 0.000895855 -8.06079e-05)
(0.000261803 0.000895857 -8.06073e-05)
(0.000607265 0.000766052 0.000230657)
(0.000670453 0.000632963 0.000586297)
(0.000513028 0.000513036 0.000910479)
(0.000188026 0.000449257 0.00109012)
(-0.000165729 0.000165733 0.00123956)
(-0.000449241 0.000188028 0.00109013)
(-0.000583335 0.000229468 0.000825167)
(-0.000518828 0.000275049 0.000535986)
(-0.000218981 0.000317825 0.000297591)
(0.000218991 0.000317826 0.000297591)
(0.000518841 0.000275051 0.000535987)
(0.000583356 0.000229469 0.000825168)
(0.00044925 0.00018803 0.00109013)
(0.000165724 0.000165727 0.00123956)
(-0.000206528 -0.000206543 0.00158818)
(-0.000562709 -0.000237511 0.00141082)
(-0.000735751 -0.000296137 0.00109225)
(-0.000665765 -0.000361076 0.000739679)
(-0.000286168 -0.000425738 0.000433334)
(0.000286175 -0.000425737 0.000433333)
(0.000665775 -0.000361075 0.000739676)
(0.000735757 -0.000296136 0.00109224)
(0.000562734 -0.000237508 0.00141082)
(0.000206552 -0.000206544 0.00158817)
(-0.000237495 -0.000562749 0.00141081)
(-0.000652353 -0.000652393 0.00119299)
(-0.000859414 -0.000824526 0.000793079)
(-0.00079545 -0.00101723 0.000348448)
(-0.00035088 -0.0012183 -6.64536e-05)
(0.000350887 -0.0012183 -6.64541e-05)
(0.000795461 -0.00101722 0.000348447)
(0.000859422 -0.000824523 0.000793075)
(0.000652377 -0.000652388 0.00119298)
(0.000237517 -0.000562747 0.0014108)
(-0.000296121 -0.000735803 0.00109222)
(-0.000824486 -0.000859467 0.000793061)
(-0.00110068 -0.00110073 0.000224363)
(-0.00105961 -0.00136966 -0.000415862)
(-0.000487293 -0.00166337 -0.0010856)
(0.000487302 -0.00166337 -0.0010856)
(0.00105963 -0.00136966 -0.000415861)
(0.00110069 -0.00110073 0.000224361)
(0.00082451 -0.000859462 0.000793058)
(0.000296142 -0.000735797 0.00109221)
(-0.00036106 -0.000665813 0.000739627)
(-0.00101719 -0.000795499 0.000348407)
(-0.00136961 -0.00105967 -0.000415888)
(-0.00135806 -0.00135811 -0.00127473)
(-0.000644592 -0.00172878 -0.00224263)
(0.000644601 -0.00172878 -0.00224263)
(0.00135807 -0.00135811 -0.00127473)
(0.00136962 -0.00105966 -0.000415887)
(0.00101721 -0.000795496 0.000348408)
(0.000361083 -0.000665808 0.000739623)
(-0.000425722 -0.000286203 0.00043327)
(-0.00121827 -0.000350915 -6.65038e-05)
(-0.00166331 -0.00048733 -0.00108564)
(-0.00172872 -0.00064463 -0.00224264)
(-0.000858007 -0.000858045 -0.00372443)
(0.000858014 -0.000858046 -0.00372443)
(0.00172874 -0.000644631 -0.00224264)
(0.00166333 -0.00048733 -0.00108564)
(0.00121829 -0.000350914 -6.64989e-05)
(0.000425746 -0.0002862 0.000433267)
(-0.000425722 0.000286158 0.000433266)
(-0.00121826 0.000350871 -6.65065e-05)
(-0.00166331 0.000487287 -0.00108565)
(-0.00172872 0.000644585 -0.00224264)
(-0.000858008 0.000857996 -0.00372444)
(0.000858015 0.000857996 -0.00372444)
(0.00172874 0.000644584 -0.00224264)
(0.00166333 0.000487286 -0.00108564)
(0.00121829 0.000350871 -6.65006e-05)
(0.000425747 0.000286159 0.000433265)
(-0.00036106 0.000665777 0.00073962)
(-0.00101719 0.000795464 0.000348401)
(-0.00136961 0.00105963 -0.000415891)
(-0.00135806 0.00135807 -0.00127474)
(-0.000644596 0.00172874 -0.00224263)
(0.000644602 0.00172874 -0.00224263)
(0.00135808 0.00135808 -0.00127473)
(0.00136963 0.00105963 -0.000415888)
(0.00101722 0.000795463 0.000348405)
(0.000361084 0.000665776 0.00073962)
(-0.00029612 0.00073577 0.0010922)
(-0.000824486 0.000859435 0.00079305)
(-0.00110068 0.0011007 0.000224354)
(-0.00105962 0.00136963 -0.000415869)
(-0.000487297 0.00166334 -0.00108561)
(0.000487305 0.00166334 -0.00108561)
(0.00105963 0.00136964 -0.000415867)
(0.00110069 0.0011007 0.000224356)
(0.000824514 0.000859435 0.000793052)
(0.000296144 0.000735769 0.0010922)
(-0.000237493 0.000562751 0.0014108)
(-0.00065235 0.000652393 0.00119298)
(-0.000859412 0.000824528 0.000793069)
(-0.00079545 0.00101723 0.000348442)
(-0.00035088 0.00121831 -6.64542e-05)
(0.000350889 0.00121831 -6.64533e-05)
(0.000795464 0.00101723 0.000348444)
(0.000859424 0.000824529 0.00079307)
(0.000652377 0.000652391 0.00119298)
(0.000237516 0.000562756 0.00141079)
(-0.000206529 0.00020656 0.00158816)
(-0.000562708 0.000237524 0.00141081)
(-0.000735746 0.000296151 0.00109223)
(-0.000665761 0.000361091 0.00073967)
(-0.000286165 0.000425755 0.000433328)
(0.000286177 0.000425756 0.000433329)
(0.000665776 0.000361093 0.000739671)
(0.000735757 0.000296152 0.00109223)
(0.000562741 0.000237523 0.00141081)
(0.00020656 0.000206567 0.00158816)
(-0.0002545 -0.000254519 0.00202175)
(-0.000697307 -0.000297024 0.00181581)
(-0.000918907 -0.000379104 0.00144092)
(-0.000848285 -0.000470698 0.00101861)
(-0.000372153 -0.000567721 0.000629046)
(0.000372159 -0.000567721 0.000629044)
(0.000848293 -0.000470697 0.00101861)
(0.000918922 -0.000379103 0.00144091)
(0.000697312 -0.000297023 0.0018158)
(0.000254494 -0.000254514 0.00202174)
(-0.000297005 -0.000697355 0.0018158)
(-0.000821959 -0.000822007 0.00155669)
(-0.00109271 -0.00106697 0.00107193)
(-0.00103701 -0.00134386 0.000524046)
(-0.000469249 -0.00165534 -2.76277e-05)
(0.000469256 -0.00165534 -2.76282e-05)
(0.00103702 -0.00134386 0.000524044)
(0.00109272 -0.00106697 0.00107192)
(0.000821967 -0.000822003 0.00155668)
(0.000297003 -0.000697346 0.00181579)
(-0.000379085 -0.000918971 0.00144088)
(-0.00106692 -0.00109277 0.00107191)
(-0.00144089 -0.00144096 0.000351346)
(-0.00143674 -0.00183182 -0.000474136)
(-0.000683703 -0.00229488 -0.00142534)
(0.000683712 -0.00229488 -0.00142534)
(0.00143675 -0.00183182 -0.000474137)
(0.00144091 -0.00144095 0.000351342)
(0.00106693 -0.00109276 0.0010719)
(0.000379083 -0.000918962 0.00144087)
(-0.000470679 -0.000848343 0.00101855)
(-0.00134382 -0.00103707 0.000523993)
(-0.00183176 -0.00143681 -0.000474171)
(-0.00189087 -0.00189094 -0.00161043)
(-0.000932329 -0.00251808 -0.00303177)
(0.000932339 -0.00251808 -0.00303176)
(0.00189089 -0.00189094 -0.00161043)
(0.00183178 -0.00143681 -0.000474172)
(0.00134383 -0.00103706 0.000523989)
(0.000470679 -0.000848336 0.00101854)
(-0.000567701 -0.000372192 0.000628963)
(-0.0016553 -0.000469285 -2.77006e-05)
(-0.00229482 -0.000683745 -0.00142539)
(-0.00251801 -0.00093237 -0.00303178)
(-0.00131098 -0.00131102 -0.0053836)
(0.00131099 -0.00131103 -0.00538359)
(0.00251803 -0.000932375 -0.00303177)
(0.00229485 -0.000683746 -0.00142539)
(0.00165531 -0.000469281 -2.77047e-05)
(0.0005677 -0.000372187 0.000628958)
(-0.0005677 0.000372144 0.000628959)
(-0.0016553 0.000469239 -2.77041e-05)
(-0.00229482 0.0006837 -0.00142539)
(-0.00251802 0.000932325 -0.00303178)
(-0.00131099 0.00131097 -0.0053836)
(0.00131099 0.00131097 -0.00538359)
(0.00251803 0.000932323 -0.00303177)
(0.00229485 0.000683699 -0.00142539)
(0.00165531 0.000469238 -2.77071e-05)
(0.0005677 0.000372146 0.000628956)
(-0.000470678 0.000848304 0.00101854)
(-0.00134382 0.00103703 0.000523987)
(-0.00183176 0.00143677 -0.000474173)
(-0.00189088 0.0018909 -0.00161043)
(-0.000932337 0.00251804 -0.00303176)
(0.000932339 0.00251804 -0.00303176)
(0.00189089 0.0018909 -0.00161043)
(0.00183179 0.00143677 -0.000474172)
(0.00134383 0.00103703 0.000523986)
(0.00047068 0.000848302 0.00101854)
(-0.000379084 0.000918945 0.00144087)
(-0.00106692 0.00109274 0.00107189)
(-0.00144089 0.00144093 0.000351336)
(-0.00143675 0.0018318 -0.000474144)
(-0.000683708 0.00229487 -0.00142535)
(0.000683715 0.00229487 -0.00142535)
(0.00143676 0.00183181 -0.000474143)
(0.00144091 0.00144093 0.000351335)
(0.00106694 0.00109274 0.00107189)
(0.000379085 0.000918943 0.00144086)
(-0.000297004 0.000697335 0.00181578)
(-0.000821956 0.000821991 0.00155668)
(-0.0010927 0.00106696 0.00107192)
(-0.00103701 0.00134386 0.000524036)
(-0.000469246 0.00165534 -2.7638e-05)
(0.000469255 0.00165534 -2.76378e-05)
(0.00103702 0.00134386 0.000524036)
(0.00109272 0.00106696 0.00107191)
(0.000821969 0.000821992 0.00155667)
(0.000297005 0.000697327 0.00181578)
(-0.000254495 0.000254505 0.00202173)
(-0.000697299 0.000297013 0.0018158)
(-0.0009189 0.000379094 0.0014409)
(-0.000848279 0.00047069 0.0010186)
(-0.000372149 0.000567713 0.000629036)
(0.00037216 0.000567713 0.000629036)
(0.000848293 0.000470691 0.0010186)
(0.000918921 0.000379095 0.0014409)
(0.000697304 0.000297015 0.00181579)
(0.000254488 0.000254498 0.00202172)
(-0.000309614 -0.000309636 0.00255471)
(-0.000853245 -0.000367162 0.00232202)
(-0.00113434 -0.000480692 0.00189301)
(-0.0010717 -0.000608402 0.00139817)
(-0.00048095 -0.000754069 0.000910223)
(0.000480954 -0.000754068 0.000910221)
(0.0010717 -0.000608401 0.00139817)
(0.00113435 -0.00048069 0.001893)
(0.000853268 -0.000367159 0.002322)
(0.000309638 -0.000309636 0.00255469)
(-0.00036714 -0.000853304 0.002322)
(-0.00102439 -0.00102445 0.00202106)
(-0.00137574 -0.00136938 0.00144678)
(-0.00134522 -0.00176365 0.000783959)
(-0.000626725 -0.0022455 5.90667e-05)
(0.000626731 -0.0022455 5.90656e-05)
(0.00134522 -0.00176364 0.000783954)
(0.00137575 -0.00136938 0.00144677)
(0.00102441 -0.00102444 0.00202104)
(0.00036716 -0.000853301 0.00232198)
(-0.000480669 -0.00113442 0.00189296)
(-0.00136933 -0.00137582 0.00144675)
(-0.00187372 -0.0018738 0.000548581)
(-0.00194792 -0.00243694 -0.000503008)
(-0.000962923 -0.00316554 -0.00185442)
(0.000962932 -0.00316554 -0.00185441)
(0.00194793 -0.00243694 -0.000503011)
(0.00187372 -0.00187379 0.000548573)
(0.00136935 -0.00137582 0.00144674)
(0.00048069 -0.00113441 0.00189294)
(-0.000608381 -0.00107177 0.00139809)
(-0.00176359 -0.00134529 0.000783892)
(-0.00243686 -0.001948 -0.000503054)
(-0.00263679 -0.00263686 -0.00198948)
(-0.00135537 -0.00370773 -0.0040795)
(0.00135538 -0.00370773 -0.0040795)
(0.0026368 -0.00263686 -0.00198947)
(0.00243687 -0.001948 -0.000503053)
(0.00176362 -0.00134528 0.000783886)
(0.000608403 -0.00107176 0.00139808)
(-0.000754049 -0.000480995 0.000910123)
(-0.00224545 -0.000626772 5.89761e-05)
(-0.00316546 -0.00096297 -0.00185448)
(-0.00370765 -0.00135541 -0.00407951)
(-0.00203418 -0.00203423 -0.00786772)
(0.0020342 -0.00203423 -0.00786771)
(0.00370766 -0.00135541 -0.00407951)
(0.00316547 -0.000962969 -0.00185448)
(0.00224547 -0.00062677 5.89708e-05)
(0.000754072 -0.00048099 0.00091011)
(-0.000754048 0.000480944 0.00091012)
(-0.00224545 0.000626723 5.89729e-05)
(-0.00316546 0.000962925 -0.00185448)
(-0.00370765 0.00135537 -0.00407951)
(-0.00203418 0.00203418 -0.00786772)
(0.0020342 0.00203418 -0.00786771)
(0.00370766 0.00135537 -0.00407951)
(0.00316547 0.000962924 -0.00185448)
(0.00224547 0.000626725 5.8969e-05)
(0.000754073 0.000480946 0.000910108)
(-0.00060838 0.00107173 0.00139809)
(-0.00176359 0.00134525 0.000783887)
(-0.00243686 0.00194796 -0.000503052)
(-0.00263679 0.00263682 -0.00198947)
(-0.00135537 0.00370768 -0.0040795)
(0.00135538 0.00370768 -0.00407949)
(0.0026368 0.00263682 -0.00198947)
(0.00243687 0.00194796 -0.00050305)
(0.00176362 0.00134525 0.000783885)
(0.000608403 0.00107173 0.00139808)
(-0.000480668 0.00113438 0.00189295)
(-0.00136932 0.00137579 0.00144674)
(-0.00187371 0.00187376 0.000548572)
(-0.00194792 0.00243691 -0.000503012)
(-0.000962926 0.00316551 -0.00185442)
(0.000962935 0.0031655 -0.00185442)
(0.00194794 0.00243691 -0.000503013)
(0.00187373 0.00187376 0.000548568)
(0.00136935 0.00137578 0.00144673)
(0.000480691 0.00113438 0.00189294)
(-0.000367137 0.000853303 0.00232198)
(-0.00102438 0.00102444 0.00202104)
(-0.00137574 0.00136938 0.00144676)
(-0.00134521 0.00176365 0.000783947)
(-0.000626725 0.00224551 5.90555e-05)
(0.000626734 0.00224551 5.90553e-05)
(0.00134523 0.00176365 0.000783945)
(0.00137575 0.00136938 0.00144676)
(0.00102441 0.00102444 0.00202103)
(0.000367159 0.000853307 0.00232197)
(-0.000309614 0.000309652 0.00255468)
(-0.000853242 0.000367175 0.00232199)
(-0.00113434 0.000480705 0.00189299)
(-0.00107169 0.000608417 0.00139815)
(-0.000480946 0.000754087 0.000910205)
(0.000480956 0.000754087 0.000910204)
(0.0010717 0.000608418 0.00139815)
(0.00113434 0.000480706 0.00189298)
(0.000853273 0.000367173 0.00232198)
(0.000309645 0.000309658 0.00255466)
(-0.000371 -0.000371027 0.00320091)
(-0.00102831 -0.000447624 0.00294692)
(-0.00138081 -0.000602303 0.00247415)
(-0.00133966 -0.000777861 0.0019102)
(-0.000616124 -0.000993285 0.00131202)
(0.000616126 -0.000993284 0.00131202)
(0.00133966 -0.000777859 0.00191019)
(0.00138082 -0.000602301 0.00247413)
(0.00102831 -0.000447622 0.0029469)
(0.000370992 -0.000371022 0.00320089)
(-0.000447597 -0.00102838 0.0029469)
(-0.0012597 -0.00125977 0.00260775)
(-0.00171127 -0.00173927 0.00194798)
(-0.00173084 -0.00229451 0.00116465)
(-0.000831714 -0.00303764 0.000227242)
(0.000831718 -0.00303764 0.00022724)
(0.00173085 -0.0022945 0.00116464)
(0.00171128 -0.00173927 0.00194796)
(0.0012597 -0.00125976 0.00260773)
(0.000447592 -0.00102837 0.00294688)
(-0.000602276 -0.00138091 0.0024741)
(-0.0017392 -0.00171137 0.00194794)
(-0.0024158 -0.00241591 0.000853425)
(-0.00263816 -0.00321863 -0.000464461)
(-0.00135946 -0.00436441 -0.00237799)
(0.00135947 -0.00436441 -0.002378)
(0.00263817 -0.00321863 -0.000464472)
(0.00241582 -0.0024159 0.000853407)
(0.00173921 -0.00171136 0.00194792)
(0.000602271 -0.0013809 0.00247408)
(-0.000777836 -0.00133975 0.00191012)
(-0.00229445 -0.00173093 0.00116458)
(-0.00321853 -0.00263826 -0.000464513)
(-0.00367892 -0.00367901 -0.00238097)
(-0.00197762 -0.00552421 -0.00544963)
(0.00197764 -0.0055242 -0.00544963)
(0.00367893 -0.00367901 -0.00238097)
(0.00321855 -0.00263825 -0.000464525)
(0.00229445 -0.00173092 0.00116456)
(0.000777832 -0.00133974 0.0019101)
(-0.000993259 -0.000616173 0.00131192)
(-0.00303758 -0.000831763 0.000227149)
(-0.00436431 -0.00135952 -0.00237806)
(-0.00552411 -0.00197767 -0.00544964)
(-0.0032059 -0.00320595 -0.0116368)
(0.00320591 -0.00320595 -0.0116368)
(0.00552412 -0.00197768 -0.00544964)
(0.00436433 -0.00135952 -0.00237808)
(0.00303759 -0.000831758 0.000227134)
(0.000993255 -0.000616168 0.0013119)
(-0.000993259 0.000616121 0.00131191)
(-0.00303758 0.000831713 0.000227147)
(-0.00436431 0.00135947 -0.00237806)
(-0.00552411 0.00197763 -0.00544964)
(-0.0032059 0.0032059 -0.0116368)
(0.00320591 0.0032059 -0.0116368)
(0.00552412 0.00197763 -0.00544964)
(0.00436434 0.00135947 -0.00237808)
(0.00303759 0.000831714 0.000227133)
(0.000993255 0.000616124 0.00131189)
(-0.000777834 0.0013397 0.00191011)
(-0.00229444 0.00173089 0.00116457)
(-0.00321853 0.00263821 -0.000464511)
(-0.00367892 0.00367897 -0.00238096)
(-0.00197763 0.00552416 -0.00544962)
(0.00197763 0.00552416 -0.00544961)
(0.00367893 0.00367897 -0.00238097)
(0.00321855 0.00263821 -0.000464525)
(0.00229445 0.00173088 0.00116456)
(0.000777832 0.0013397 0.00191009)
(-0.000602274 0.00138088 0.00247408)
(-0.0017392 0.00171133 0.00194793)
(-0.0024158 0.00241587 0.000853414)
(-0.00263816 0.0032186 -0.000464473)
(-0.00135947 0.00436439 -0.00237801)
(0.00135948 0.00436439 -0.00237801)
(0.00263818 0.0032186 -0.000464484)
(0.00241582 0.00241587 0.000853399)
(0.00173921 0.00171133 0.00194791)
(0.000602272 0.00138087 0.00247407)
(-0.000447595 0.00102836 0.00294688)
(-0.00125969 0.00125975 0.00260773)
(-0.00171126 0.00173926 0.00194795)
(-0.00173084 0.00229449 0.00116463)
(-0.00083171 0.00303763 0.000227224)
(0.000831718 0.00303763 0.000227222)
(0.00173085 0.00229449 0.00116462)
(0.00171128 0.00173925 0.00194794)
(0.0012597 0.00125974 0.00260771)
(0.000447593 0.00102835 0.00294686)
(-0.000370995 0.00037101 0.00320089)
(-0.0010283 0.00044761 0.00294689)
(-0.0013808 0.00060229 0.00247412)
(-0.00133965 0.000777849 0.00191018)
(-0.000616119 0.000993273 0.001312)
(0.000616128 0.000993273 0.00131199)
(0.00133966 0.000777849 0.00191017)
(0.00138082 0.00060229 0.00247411)
(0.0010283 0.000447611 0.00294687)
(0.000370984 0.000371001 0.00320087)
(-0.000436811 -0.000436842 0.00397173)
(-0.00121682 -0.000536905 0.00370675)
(-0.00165268 -0.000743894 0.00321305)
(-0.00165273 -0.000981248 0.00259304)
(-0.000780031 -0.00129642 0.00188238)
(0.000780027 -0.00129642 0.00188237)
(0.00165273 -0.000981246 0.00259302)
(0.00165268 -0.000743892 0.00321303)
(0.00121684 -0.000536902 0.00370672)
(0.000436834 -0.000436843 0.0039717)
(-0.000536874 -0.0012169 0.00370673)
(-0.00152401 -0.00152409 0.00333914)
(-0.00209731 -0.00217986 0.00261276)
(-0.00220554 -0.00295103 0.0017144)
(-0.00109547 -0.00409043 0.000526175)
(0.00109547 -0.00409043 0.00052617)
(0.00220554 -0.00295103 0.00171439)
(0.00209731 -0.00217985 0.00261274)
(0.00152403 -0.00152408 0.00333911)
(0.000536893 -0.0012169 0.0037067)
(-0.000743863 -0.00165279 0.003213)
(-0.00217978 -0.00209743 0.00261273)
(-0.00307999 -0.00308011 0.00132184)
(-0.00356346 -0.00420993 -0.000297585)
(-0.0019198 -0.00600454 -0.00298042)
(0.0019198 -0.00600454 -0.00298042)
(0.00356346 -0.00420993 -0.000297595)
(0.00307999 -0.0030801 0.00132182)
(0.00217979 -0.00209742 0.0026127)
(0.000743883 -0.00165278 0.00321297)
(-0.00098122 -0.00165283 0.00259295)
(-0.00295096 -0.00220564 0.00171433)
(-0.00420982 -0.00356357 -0.000297636)
(-0.00512886 -0.00512897 -0.00271963)
(-0.00289045 -0.00833554 -0.00720014)
(0.00289046 -0.00833553 -0.00720012)
(0.00512887 -0.00512896 -0.00271962)
(0.00420982 -0.00356357 -0.000297642)
(0.00295098 -0.00220563 0.00171431)
(0.00098124 -0.00165282 0.00259292)
(-0.0012964 -0.000780086 0.00188227)
(-0.00409036 -0.00109553 0.000526079)
(-0.00600442 -0.00191986 -0.00298049)
(-0.00833543 -0.00289051 -0.00720015)
(-0.00512984 -0.0051299 -0.0174371)
(0.00512986 -0.00512989 -0.0174371)
(0.00833543 -0.0028905 -0.00720012)
(0.00600442 -0.00191986 -0.00298049)
(0.00409038 -0.00109552 0.000526061)
(0.00129642 -0.00078008 0.00188224)
(-0.0012964 0.000780029 0.00188227)
(-0.00409036 0.00109547 0.000526077)
(-0.00600442 0.00191981 -0.00298048)
(-0.00833542 0.00289046 -0.00720013)
(-0.00512983 0.00512986 -0.0174371)
(0.00512986 0.00512985 -0.017437)
(0.00833542 0.00289046 -0.0072001)
(0.00600442 0.00191981 -0.00298048)
(0.00409038 0.00109548 0.000526062)
(0.00129642 0.000780034 0.00188224)
(-0.000981217 0.00165278 0.00259295)
(-0.00295095 0.00220559 0.00171432)
(-0.00420981 0.00356353 -0.000297627)
(-0.00512886 0.00512893 -0.0027196)
(-0.00289045 0.00833549 -0.00720009)
(0.00289046 0.00833548 -0.00720007)
(0.00512886 0.00512892 -0.00271959)
(0.00420982 0.00356352 -0.00029763)
(0.00295098 0.00220559 0.00171431)
(0.000981239 0.00165278 0.00259292)
(-0.000743861 0.00165275 0.00321299)
(-0.00217977 0.00209739 0.00261272)
(-0.00307998 0.00308007 0.00132183)
(-0.00356346 0.00420989 -0.000297583)
(-0.00191981 0.0060045 -0.00298042)
(0.00191981 0.00600449 -0.00298041)
(0.00356347 0.00420989 -0.00029759)
(0.00307999 0.00308006 0.00132181)
(0.0021798 0.00209738 0.00261269)
(0.000743883 0.00165274 0.00321296)
(-0.00053687 0.0012169 0.00370671)
(-0.001524 0.00152408 0.00333911)
(-0.00209731 0.00217985 0.00261274)
(-0.00220553 0.00295103 0.00171438)
(-0.00109547 0.00409043 0.000526154)
(0.00109547 0.00409043 0.000526151)
(0.00220554 0.00295103 0.00171437)
(0.00209731 0.00217985 0.00261272)
(0.00152402 0.00152408 0.00333909)
(0.000536892 0.0012169 0.00370668)
(-0.000436811 0.000436857 0.0039717)
(-0.00121682 0.000536916 0.00370671)
(-0.00165267 0.000743905 0.00321302)
(-0.00165272 0.00098126 0.002593)
(-0.000780028 0.00129644 0.00188233)
(0.00078003 0.00129644 0.00188233)
(0.00165273 0.000981259 0.00259299)
(0.00165268 0.000743904 0.00321299)
(0.00121685 0.000536913 0.00370669)
(0.000436842 0.000436863 0.00397167)
(-0.000503748 -0.000503783 0.00487348)
(-0.00140789 -0.00063163 0.00461366)
(-0.00193765 -0.0009026 0.00413972)
(-0.00200494 -0.00121727 0.00349043)
(-0.000971434 -0.00167131 0.00268681)
(0.000971424 -0.00167131 0.0026868)
(0.00200494 -0.00121726 0.0034904)
(0.00193765 -0.000902598 0.00413969)
(0.00140789 -0.000631628 0.00461362)
(0.000503736 -0.000503778 0.00487344)
(-0.000631594 -0.00140799 0.00461365)
(-0.00180687 -0.00180696 0.00423555)
(-0.00252367 -0.00268502 0.00348512)
(-0.00277405 -0.00373985 0.00249551)
(-0.00142592 -0.00546883 0.00103929)
(0.00142591 -0.00546883 0.00103929)
(0.00277405 -0.00373984 0.00249549)
(0.00252368 -0.00268501 0.00348508)
(0.00180687 -0.00180696 0.00423551)
(0.000631586 -0.00140798 0.00461361)
(-0.000902565 -0.00193778 0.00413968)
(-0.00268492 -0.00252381 0.00348509)
(-0.0038711 -0.00387124 0.00203947)
(-0.00478895 -0.005436 0.000108379)
(-0.00270107 -0.00822887 -0.00357829)
(0.00270108 -0.00822886 -0.00357829)
(0.00478894 -0.00543598 0.000108369)
(0.0038711 -0.00387122 0.00203945)
(0.00268492 -0.0025238 0.00348505)
(0.000902557 -0.00193777 0.00413965)
(-0.00121724 -0.00200506 0.00349036)
(-0.00373977 -0.00277417 0.00249545)
(-0.00543586 -0.00478908 0.000108337)
(-0.00712886 -0.00712898 -0.00287948)
(-0.00421992 -0.012748 -0.00934458)
(0.00421995 -0.012748 -0.00934457)
(0.00712886 -0.00712896 -0.00287948)
(0.00543586 -0.00478906 0.000108325)
(0.00373976 -0.00277416 0.00249542)
(0.00121723 -0.00200505 0.00349032)
(-0.00167128 -0.000971491 0.00268673)
(-0.00546875 -0.00142598 0.00103922)
(-0.00822873 -0.00270113 -0.00357834)
(-0.0127479 -0.00421997 -0.00934458)
(-0.00833043 -0.00833049 -0.0264772)
(0.00833047 -0.00833048 -0.0264772)
(0.0127479 -0.00421997 -0.00934459)
(0.00822873 -0.00270113 -0.00357837)
(0.00546875 -0.00142597 0.0010392)
(0.00167127 -0.000971485 0.00268669)
(-0.00167128 0.000971434 0.00268672)
(-0.00546875 0.00142593 0.00103922)
(-0.00822872 0.00270109 -0.00357834)
(-0.0127479 0.00421995 -0.00934457)
(-0.00833043 0.00833048 -0.0264772)
(0.00833046 0.00833046 -0.0264771)
(0.0127479 0.00421994 -0.00934458)
(0.00822873 0.00270109 -0.00357836)
(0.00546875 0.00142593 0.0010392)
(0.00167127 0.000971441 0.00268669)
(-0.00121723 0.00200501 0.00349035)
(-0.00373975 0.00277412 0.00249545)
(-0.00543584 0.00478902 0.000108356)
(-0.00712884 0.00712893 -0.00287946)
(-0.00421992 0.012748 -0.00934456)
(0.00421994 0.012748 -0.00934455)
(0.00712885 0.00712892 -0.00287947)
(0.00543585 0.00478902 0.000108338)
(0.00373975 0.00277411 0.00249543)
(0.00121723 0.002005 0.00349032)
(-0.000902562 0.00193774 0.00413967)
(-0.00268491 0.00252377 0.00348508)
(-0.00387108 0.00387119 0.00203947)
(-0.00478894 0.00543594 0.000108383)
(-0.00270107 0.00822882 -0.0035783)
(0.00270108 0.00822881 -0.0035783)
(0.00478894 0.00543593 0.000108368)
(0.0038711 0.00387118 0.00203945)
(0.00268492 0.00252376 0.00348505)
(0.000902557 0.00193773 0.00413964)
(-0.000631592 0.00140796 0.00461362)
(-0.00180686 0.00180693 0.00423552)
(-0.00252366 0.00268499 0.00348509)
(-0.00277404 0.00373981 0.00249549)
(-0.00142591 0.0054688 0.00103927)
(0.00142591 0.0054688 0.00103927)
(0.00277404 0.00373981 0.00249547)
(0.00252368 0.00268498 0.00348506)
(0.00180687 0.00180693 0.00423549)
(0.000631588 0.00140794 0.00461359)
(-0.000503742 0.000503761 0.00487344)
(-0.00140789 0.000631611 0.00461363)
(-0.00193764 0.000902581 0.00413969)
(-0.00200494 0.00121725 0.00349038)
(-0.000971431 0.00167129 0.00268676)
(0.000971428 0.00167129 0.00268676)
(0.00200494 0.00121725 0.00349036)
(0.00193765 0.00090258 0.00413966)
(0.00140788 0.000631611 0.00461359)
(0.000503728 0.000503751 0.00487341)
(-0.000567041 -0.000567078 0.00590381)
(-0.001584 -0.000726214 0.00567134)
(-0.00221429 -0.0010714 0.00528128)
(-0.0023791 -0.00147881 0.00464668)
(-0.00118179 -0.00212003 0.00380745)
(0.00118177 -0.00212003 0.00380745)
(0.00237909 -0.00147881 0.00464666)
(0.00221428 -0.0010714 0.00528125)
(0.00158402 -0.000726211 0.0056713)
(0.000567064 -0.00056708 0.00590377)
(-0.000726176 -0.0015841 0.00567134)
(-0.0020885 -0.0020886 0.00531008)
(-0.00296739 -0.00323015 0.00461135)
(-0.00342829 -0.00464201 0.00357892)
(-0.00182377 -0.00722251 0.00187727)
(0.00182376 -0.0072225 0.00187726)
(0.00342828 -0.00464199 0.0035789)
(0.00296739 -0.00323015 0.00461132)
(0.00208852 -0.0020886 0.00531004)
(0.000726196 -0.0015841 0.00567129)
(-0.00107136 -0.00221443 0.00528126)
(-0.00323005 -0.00296754 0.00461134)
(-0.00476859 -0.00476875 0.00312449)
(-0.00637169 -0.00689805 0.000914551)
(-0.00376337 -0.0111993 -0.00404593)
(0.00376337 -0.0111993 -0.00404589)
(0.00637168 -0.00689804 0.000914546)
(0.00476858 -0.00476873 0.00312446)
(0.00323006 -0.00296753 0.0046113)
(0.00107138 -0.00221442 0.00528121)
(-0.00147878 -0.00237922 0.00464664)
(-0.00464192 -0.00342842 0.00357888)
(-0.0068979 -0.00637183 0.000914529)
(-0.00985165 -0.00985178 -0.00266063)
(-0.00612878 -0.0197712 -0.0118225)
(0.00612879 -0.0197712 -0.0118225)
(0.00985164 -0.00985177 -0.00266064)
(0.0068979 -0.00637183 0.000914518)
(0.00464193 -0.00342841 0.00357886)
(0.0014788 -0.00237921 0.00464661)
(-0.00212 -0.00118185 0.00380741)
(-0.00722242 -0.00182383 0.00187722)
(-0.0111991 -0.00376343 -0.00404595)
(-0.0197711 -0.00612884 -0.0118225)
(-0.0137144 -0.0137145 -0.0408417)
(0.0137144 -0.0137144 -0.0408416)
(0.019771 -0.00612883 -0.0118225)
(0.0111991 -0.00376343 -0.00404599)
(0.00722244 -0.00182383 0.0018772)
(0.00212001 -0.00118184 0.00380737)
(-0.00211999 0.00118179 0.00380741)
(-0.00722241 0.00182378 0.00187723)
(-0.0111991 0.0037634 -0.0040459)
(-0.019771 0.00612881 -0.0118225)
(-0.0137144 0.0137144 -0.0408416)
(0.0137144 0.0137144 -0.0408415)
(0.019771 0.0061288 -0.0118225)
(0.0111991 0.0037634 -0.00404596)
(0.00722244 0.00182378 0.00187721)
(0.00212001 0.00118179 0.00380737)
(-0.00147877 0.00237917 0.00464664)
(-0.0046419 0.00342837 0.00357889)
(-0.00689789 0.00637178 0.000914556)
(-0.00985164 0.00985173 -0.00266061)
(-0.00612878 0.0197711 -0.0118225)
(0.00612879 0.0197711 -0.0118225)
(0.00985163 0.00985172 -0.00266062)
(0.00689789 0.00637178 0.000914539)
(0.00464192 0.00342836 0.00357887)
(0.00147879 0.00237916 0.00464661)
(-0.00107136 0.00221437 0.00528124)
(-0.00323004 0.00296748 0.00461133)
(-0.00476858 0.00476868 0.00312449)
(-0.0063717 0.00689798 0.000914563)
(-0.00376338 0.0111992 -0.00404594)
(0.00376338 0.0111992 -0.00404592)
(0.00637169 0.00689798 0.000914554)
(0.00476858 0.00476868 0.00312447)
(0.00323006 0.00296747 0.0046113)
(0.00107138 0.00221436 0.00528121)
(-0.000726173 0.00158409 0.00567131)
(-0.00208849 0.00208859 0.00531006)
(-0.00296739 0.00323013 0.00461133)
(-0.00342829 0.00464198 0.0035789)
(-0.00182377 0.00722249 0.00187725)
(0.00182376 0.00722249 0.00187725)
(0.00342828 0.00464198 0.00357888)
(0.00296739 0.00323012 0.00461131)
(0.00208851 0.00208858 0.00531003)
(0.000726194 0.00158409 0.00567127)
(-0.000567042 0.000567091 0.00590378)
(-0.001584 0.000726222 0.00567131)
(-0.00221428 0.00107141 0.00528124)
(-0.0023791 0.00147881 0.00464664)
(-0.00118179 0.00212003 0.0038074)
(0.00118178 0.00212003 0.00380739)
(0.00237909 0.00147881 0.00464662)
(0.00221428 0.0010714 0.00528121)
(0.00158403 0.000726218 0.00567127)
(0.000567074 0.000567097 0.00590374)
(-0.00062038 -0.000620419 0.00704769)
(-0.00171953 -0.000812571 0.0068694)
(-0.00244999 -0.00123783 0.00665607)
(-0.00274174 -0.00175127 0.00609989)
(-0.00139093 -0.00263614 0.00535892)
(0.00139091 -0.00263614 0.00535891)
(0.00274171 -0.00175126 0.00609987)
(0.00244999 -0.00123783 0.00665604)
(0.00171952 -0.000812571 0.00686936)
(0.000620365 -0.000620414 0.00704764)
(-0.000812533 -0.00171964 0.00686941)
(-0.00233713 -0.00233724 0.00656168)
(-0.00338935 -0.00376363 0.0060354)
(-0.00414082 -0.00560569 0.00504332)
(-0.00227716 -0.00939507 0.00323256)
(0.00227714 -0.00939504 0.00323258)
(0.0041408 -0.00560567 0.00504331)
(0.00338934 -0.00376362 0.00603537)
(0.00233712 -0.00233723 0.00656165)
(0.000812522 -0.00171963 0.00686936)
(-0.00123779 -0.00245014 0.00665607)
(-0.00376352 -0.0033895 0.0060354)
(-0.00571993 -0.00572009 0.00476718)
(-0.00837394 -0.00855678 0.00239996)
(-0.00518119 -0.0150846 -0.00367406)
(0.00518121 -0.0150845 -0.00367409)
(0.0083739 -0.00855675 0.00239997)
(0.00571991 -0.00572006 0.00476718)
(0.00376351 -0.00338948 0.00603537)
(0.00123778 -0.00245012 0.00665603)
(-0.00175123 -0.00274186 0.0060999)
(-0.0056056 -0.00414095 0.00504332)
(-0.00855663 -0.00837408 0.00239997)
(-0.0134859 -0.013486 -0.00168158)
(-0.00881785 -0.0311063 -0.0141369)
(0.00881787 -0.0311063 -0.0141368)
(0.0134859 -0.013486 -0.00168157)
(0.00855662 -0.00837407 0.00239996)
(0.00560558 -0.00414093 0.00504331)
(0.00175122 -0.00274185 0.00609987)
(-0.00263611 -0.00139099 0.00535893)
(-0.00939498 -0.00227722 0.00323257)
(-0.0150844 -0.00518124 -0.00367404)
(-0.0311062 -0.0088179 -0.0141369)
(-0.0228928 -0.0228929 -0.0636635)
(0.0228929 -0.0228928 -0.0636634)
(0.0311061 -0.00881787 -0.0141368)
(0.0150844 -0.00518127 -0.0036741)
(0.00939497 -0.0022772 0.00323256)
(0.00263608 -0.00139099 0.0053589)
(-0.0026361 0.00139093 0.00535893)
(-0.00939495 0.00227717 0.0032326)
(-0.0150844 0.00518124 -0.00367406)
(-0.0311061 0.00881789 -0.0141368)
(-0.0228928 0.022893 -0.0636634)
(0.0228929 0.0228929 -0.0636634)
(0.031106 0.00881787 -0.0141368)
(0.0150844 0.00518125 -0.00367406)
(0.00939496 0.00227717 0.00323258)
(0.00263608 0.00139095 0.00535891)
(-0.00175123 0.0027418 0.0060999)
(-0.00560557 0.0041409 0.00504334)
(-0.0085566 0.00837401 0.00240001)
(-0.0134859 0.013486 -0.00168154)
(-0.00881782 0.0311062 -0.0141368)
(0.00881784 0.0311061 -0.0141368)
(0.0134859 0.0134859 -0.00168152)
(0.0085566 0.00837402 0.00239999)
(0.00560556 0.00414088 0.00504333)
(0.00175121 0.0027418 0.00609988)
(-0.00123779 0.00245008 0.00665606)
(-0.00376351 0.00338944 0.0060354)
(-0.0057199 0.00572002 0.00476721)
(-0.00837394 0.00855671 0.00239998)
(-0.00518121 0.0150845 -0.00367408)
(0.00518122 0.0150844 -0.00367406)
(0.00837392 0.00855669 0.00239998)
(0.00571991 0.00572 0.00476719)
(0.00376351 0.00338943 0.00603537)
(0.00123778 0.00245008 0.00665603)
(-0.000812531 0.00171959 0.00686938)
(-0.00233712 0.00233719 0.00656167)
(-0.00338934 0.00376358 0.00603539)
(-0.00414081 0.00560562 0.00504332)
(-0.00227715 0.00939502 0.00323256)
(0.00227714 0.009395 0.00323257)
(0.0041408 0.00560561 0.00504331)
(0.00338934 0.00376357 0.00603537)
(0.00233712 0.00233719 0.00656164)
(0.000812523 0.00171958 0.00686935)
(-0.000620376 0.000620392 0.00704766)
(-0.00171952 0.000812547 0.00686937)
(-0.00244999 0.0012378 0.00665604)
(-0.00274174 0.00175123 0.00609986)
(-0.00139094 0.0026361 0.00535888)
(0.00139092 0.00263609 0.00535888)
(0.00274172 0.00175123 0.00609984)
(0.00244999 0.0012378 0.00665601)
(0.00171952 0.000812546 0.00686934)
(0.000620358 0.000620381 0.00704763)
(-0.000656665 -0.000656701 0.00827254)
(-0.00178026 -0.00088046 0.0081754)
(-0.0025991 -0.00138209 0.00825776)
(-0.00302752 -0.00200724 0.00785473)
(-0.00155207 -0.00318294 0.00741661)
(0.00155203 -0.00318292 0.00741663)
(0.00302749 -0.00200723 0.00785472)
(0.00259909 -0.00138209 0.00825773)
(0.00178027 -0.000880456 0.00817537)
(0.000656688 -0.000656704 0.0082725)
(-0.000880424 -0.00178036 0.00817541)
(-0.00250583 -0.00250593 0.00796263)
(-0.0037267 -0.00417488 0.00776746)
(-0.00482935 -0.00649143 0.00692677)
(-0.00272995 -0.0117361 0.00523604)
(0.00272994 -0.0117361 0.00523604)
(0.00482931 -0.0064914 0.00692676)
(0.00372668 -0.00417486 0.00776745)
(0.00250584 -0.00250592 0.0079626)
(0.00088044 -0.00178036 0.00817537)
(-0.00138206 -0.00259924 0.00825779)
(-0.00417478 -0.00372685 0.00776748)
(-0.00658699 -0.00658714 0.00711229)
(-0.0105922 -0.010261 0.00477911)
(-0.00679478 -0.0198971 -0.00255047)
(0.00679476 -0.0198971 -0.00255035)
(0.0105922 -0.0102609 0.00477912)
(0.00658695 -0.00658712 0.00711227)
(0.00417477 -0.00372682 0.00776747)
(0.00138207 -0.00259923 0.00825776)
(-0.00200721 -0.00302763 0.0078548)
(-0.00649134 -0.00482947 0.00692682)
(-0.0102608 -0.0105924 0.00477915)
(-0.018085 -0.0180852 0.000390558)
(-0.0124141 -0.0496406 -0.0159969)
(0.0124142 -0.0496405 -0.0159968)
(0.018085 -0.0180851 0.000390576)
(0.0102608 -0.0105924 0.00477913)
(0.00649134 -0.00482944 0.0069268)
(0.00200722 -0.00302762 0.00785477)
(-0.00318291 -0.00155212 0.00741669)
(-0.011736 -0.00273 0.00523611)
(-0.0198969 -0.00679483 -0.00255041)
(-0.0496405 -0.0124141 -0.0159968)
(-0.0386542 -0.0386543 -0.101233)
(0.0386543 -0.0386543 -0.101233)
(0.0496404 -0.0124141 -0.0159967)
(0.0198969 -0.00679483 -0.00255049)
(0.011736 -0.00273 0.00523609)
(0.00318291 -0.00155211 0.00741666)
(-0.00318289 0.00155206 0.00741671)
(-0.011736 0.00272997 0.00523612)
(-0.0198969 0.0067948 -0.00255027)
(-0.0496404 0.0124142 -0.0159968)
(-0.0386542 0.0386544 -0.101233)
(0.0386543 0.0386543 -0.101232)
(0.0496403 0.0124142 -0.0159966)
(0.0198969 0.00679483 -0.00255043)
(0.011736 0.00272998 0.00523612)
(0.00318291 0.00155207 0.00741667)
(-0.0020072 0.00302758 0.0078548)
(-0.0064913 0.0048294 0.00692684)
(-0.0102608 0.0105923 0.00477918)
(-0.018085 0.0180851 0.000390601)
(-0.0124141 0.0496405 -0.0159967)
(0.0124141 0.0496404 -0.0159966)
(0.0180849 0.018085 0.000390625)
(0.0102608 0.0105923 0.00477917)
(0.00649132 0.00482939 0.00692682)
(0.00200721 0.00302757 0.00785478)
(-0.00138205 0.00259918 0.00825779)
(-0.00417475 0.00372677 0.00776749)
(-0.00658696 0.00658705 0.00711229)
(-0.0105923 0.0102609 0.00477912)
(-0.00679478 0.019897 -0.00255053)
(0.00679479 0.0198969 -0.00255048)
(0.0105922 0.0102609 0.00477913)
(0.00658696 0.00658704 0.00711227)
(0.00417476 0.00372675 0.00776747)
(0.00138207 0.00259916 0.00825776)
(-0.000880418 0.00178034 0.0081754)
(-0.00250582 0.0025059 0.00796262)
(-0.00372668 0.00417483 0.00776747)
(-0.00482933 0.00649138 0.00692677)
(-0.00272995 0.011736 0.00523604)
(0.00272995 0.011736 0.00523605)
(0.00482931 0.00649137 0.00692677)
(0.00372667 0.00417482 0.00776745)
(0.00250583 0.00250589 0.0079626)
(0.000880437 0.00178034 0.00817537)
(-0.000656668 0.000656711 0.00827252)
(-0.00178026 0.000880461 0.00817537)
(-0.0025991 0.00138209 0.00825773)
(-0.00302752 0.00200723 0.00785471)
(-0.00155206 0.00318292 0.00741658)
(0.00155205 0.00318291 0.00741659)
(0.0030275 0.00200722 0.0078547)
(0.00259909 0.00138209 0.00825772)
(0.00178028 0.000880456 0.00817535)
(0.000656699 0.000656717 0.00827249)
(-0.000669525 -0.000669555 0.00952538)
(-0.00172746 -0.000919432 0.0095296)
(-0.00261046 -0.00148347 0.0100574)
(-0.00316243 -0.00221549 0.00988931)
(-0.00160982 -0.00372578 0.0101953)
(0.00160979 -0.00372579 0.0101953)
(0.00316239 -0.00221549 0.0098893)
(0.00261045 -0.00148346 0.0100574)
(0.00172744 -0.000919432 0.00952958)
(0.000669505 -0.00066955 0.00952535)
(-0.000919401 -0.00172755 0.00952963)
(-0.00254152 -0.00254161 0.0094531)
(-0.00390745 -0.00433673 0.00979796)
(-0.00540584 -0.00714189 0.00927299)
(-0.00312401 -0.0143753 0.00834372)
(0.00312399 -0.0143752 0.00834375)
(0.00540582 -0.00714186 0.00927299)
(0.00390744 -0.00433672 0.00979795)
(0.00254149 -0.00254159 0.00945308)
(0.000919386 -0.00172754 0.0095296)
(-0.00148344 -0.00261059 0.0100574)
(-0.00433664 -0.00390758 0.009798)
(-0.00721471 -0.00721485 0.0106334)
(-0.0132072 -0.011825 0.00877055)
(-0.00881884 -0.0257319 0.00336434)
(0.00881893 -0.0257318 0.00336439)
(0.0132071 -0.011825 0.00877056)
(0.00721469 -0.00721482 0.0106334)
(0.00433663 -0.00390755 0.00979798)
(0.00148341 -0.00261056 0.0100574)
(-0.00221547 -0.00316253 0.00988943)
(-0.00714181 -0.00540595 0.00927308)
(-0.0118249 -0.0132073 0.00877062)
(-0.0237749 -0.023775 0.00470544)
(-0.0172146 -0.0800664 -0.0131388)
(0.0172146 -0.0800663 -0.0131387)
(0.0237748 -0.0237749 0.00470546)
(0.0118249 -0.0132073 0.0087706)
(0.00714178 -0.00540593 0.00927307)
(0.00221545 -0.00316252 0.0098894)
(-0.00372576 -0.00160986 0.0101954)
(-0.0143752 -0.00312406 0.00834384)
(-0.0257317 -0.00881888 0.00336445)
(-0.0800663 -0.0172146 -0.0131388)
(-0.0673193 -0.0673194 -0.164771)
(0.0673196 -0.0673192 -0.16477)
(0.0800661 -0.0172145 -0.0131386)
(0.0257316 -0.00881897 0.00336424)
(0.0143753 -0.00312404 0.00834382)
(0.00372573 -0.00160986 0.0101954)
(-0.00372576 0.00160982 0.0101954)
(-0.0143752 0.00312402 0.00834388)
(-0.0257317 0.00881896 0.0033645)
(-0.0800662 0.0172147 -0.0131386)
(-0.0673192 0.0673196 -0.16477)
(0.0673195 0.0673195 -0.16477)
(0.0800659 0.0172146 -0.0131384)
(0.0257316 0.00881901 0.00336431)
(0.0143752 0.00312402 0.00834385)
(0.00372572 0.00160983 0.0101954)
(-0.00221546 0.00316246 0.00988943)
(-0.00714177 0.00540589 0.0092731)
(-0.0118248 0.0132072 0.00877065)
(-0.0237748 0.0237749 0.00470548)
(-0.0172145 0.0800662 -0.0131386)
(0.0172146 0.080066 -0.0131385)
(0.0237747 0.0237748 0.00470549)
(0.0118248 0.0132072 0.00877063)
(0.00714176 0.00540588 0.00927308)
(0.00221544 0.00316247 0.00988941)
(-0.00148342 0.00261052 0.0100574)
(-0.00433663 0.00390751 0.009798)
(-0.00721469 0.00721476 0.0106334)
(-0.0132072 0.0118249 0.00877056)
(-0.00881894 0.0257317 0.00336416)
(0.00881898 0.0257317 0.00336422)
(0.0132072 0.0118249 0.00877057)
(0.00721468 0.00721474 0.0106334)
(0.00433662 0.00390749 0.00979798)
(0.00148341 0.00261051 0.0100574)
(-0.000919399 0.0017275 0.00952962)
(-0.0025415 0.00254154 0.0094531)
(-0.00390743 0.00433666 0.00979796)
(-0.00540584 0.00714181 0.009273)
(-0.003124 0.0143753 0.00834372)
(0.003124 0.0143753 0.00834374)
(0.00540581 0.00714179 0.009273)
(0.00390743 0.00433666 0.00979795)
(0.00254149 0.00254153 0.00945308)
(0.000919386 0.00172748 0.0095296)
(-0.00066952 0.000669522 0.00952537)
(-0.00172746 0.000919401 0.00952959)
(-0.00261046 0.00148342 0.0100573)
(-0.00316243 0.00221545 0.0098893)
(-0.00160983 0.00372573 0.0101953)
(0.00160981 0.00372572 0.0101953)
(0.00316241 0.00221545 0.0098893)
(0.00261046 0.00148342 0.0100573)
(0.00172744 0.000919399 0.00952957)
(0.000669498 0.000669511 0.00952535)
(-0.000655208 -0.00065523 0.0107277)
(-0.00151491 -0.000919207 0.0108341)
(-0.00241951 -0.00151253 0.0119157)
(-0.0029589 -0.00231585 0.0120226)
(-0.0013993 -0.00410969 0.0134079)
(0.00139927 -0.00410966 0.0134079)
(0.00295887 -0.00231583 0.0120226)
(0.00241948 -0.00151254 0.0119157)
(0.00151491 -0.000919201 0.0108341)
(0.000655229 -0.000655235 0.0107277)
(-0.000919185 -0.00151497 0.0108342)
(-0.00237224 -0.00237231 0.0109086)
(-0.00381709 -0.00388693 0.0119234)
(-0.00555697 -0.00704977 0.0118338)
(-0.00319607 -0.0151498 0.0122068)
(0.00319608 -0.0151497 0.0122068)
(0.0055569 -0.00704973 0.0118338)
(0.00381705 -0.00388691 0.0119234)
(0.00237224 -0.0023723 0.0109086)
(0.000919195 -0.00151497 0.0108341)
(-0.00151251 -0.00241961 0.0119158)
(-0.00388686 -0.00381719 0.0119235)
(-0.00710241 -0.00710251 0.0149316)
(-0.0142277 -0.0125362 0.0139316)
(-0.009386 -0.0306614 0.0143888)
(0.00938601 -0.0306612 0.0143889)
(0.0142277 -0.0125362 0.0139316)
(0.00710236 -0.00710248 0.0149315)
(0.00388685 -0.00381715 0.0119235)
(0.00151253 -0.00241959 0.0119158)
(-0.00231583 -0.00295897 0.0120228)
(-0.00704971 -0.00555705 0.0118339)
(-0.0125361 -0.0142278 0.0139317)
(-0.0286743 -0.0286744 0.0109088)
(-0.0222669 -0.132011 -0.00692929)
(0.0222671 -0.13201 -0.00692926)
(0.0286741 -0.0286742 0.0109087)
(0.0125361 -0.0142279 0.0139316)
(0.0070497 -0.00555702 0.0118339)
(0.00231582 -0.00295897 0.0120227)
(-0.00410967 -0.00139934 0.0134081)
(-0.0151497 -0.0031961 0.012207)
(-0.0306612 -0.00938603 0.014389)
(-0.132011 -0.022267 -0.00692926)
(-0.114611 -0.114611 -0.249159)
(0.114611 -0.114611 -0.249158)
(0.13201 -0.0222669 -0.00692924)
(0.0306611 -0.00938611 0.0143885)
(0.0151498 -0.00319611 0.0122069)
(0.00410966 -0.00139933 0.013408)
(-0.00410963 0.00139929 0.0134081)
(-0.0151497 0.0031961 0.012207)
(-0.0306611 0.00938604 0.014389)
(-0.13201 0.0222671 -0.00692921)
(-0.114611 0.114611 -0.249158)
(0.114611 0.114611 -0.249158)
(0.13201 0.022267 -0.00692911)
(0.030661 0.00938616 0.0143886)
(0.0151498 0.0031961 0.0122069)
(0.00410965 0.00139931 0.013408)
(-0.00231581 0.00295891 0.0120228)
(-0.00704966 0.00555695 0.0118339)
(-0.0125361 0.0142277 0.0139316)
(-0.0286741 0.0286742 0.0109087)
(-0.0222668 0.13201 -0.00692927)
(0.022267 0.13201 -0.00692916)
(0.028674 0.0286741 0.0109086)
(0.0125361 0.0142278 0.0139315)
(0.00704967 0.00555696 0.0118339)
(0.00231582 0.00295892 0.0120227)
(-0.00151251 0.00241953 0.0119158)
(-0.00388683 0.0038171 0.0119235)
(-0.00710238 0.0071024 0.0149315)
(-0.0142278 0.0125361 0.0139315)
(-0.00938609 0.0306611 0.0143884)
(0.00938614 0.030661 0.0143885)
(0.0142278 0.0125361 0.0139315)
(0.00710236 0.0071024 0.0149315)
(0.00388684 0.00381708 0.0119235)
(0.00151252 0.00241952 0.0119158)
(-0.000919176 0.00151494 0.0108342)
(-0.00237222 0.00237227 0.0109086)
(-0.00381706 0.00388687 0.0119234)
(-0.00555695 0.00704971 0.0118338)
(-0.00319608 0.0151498 0.0122067)
(0.00319608 0.0151498 0.0122067)
(0.00555692 0.00704969 0.0118338)
(0.00381704 0.00388686 0.0119234)
(0.00237223 0.00237226 0.0109086)
(0.000919192 0.00151494 0.0108341)
(-0.000655212 0.000655238 0.0107277)
(-0.0015149 0.000919202 0.0108341)
(-0.00241951 0.00151253 0.0119157)
(-0.00295891 0.00231582 0.0120226)
(-0.00139931 0.00410965 0.0134078)
(0.00139929 0.00410964 0.0134078)
(0.00295888 0.00231582 0.0120226)
(0.00241949 0.00151252 0.0119157)
(0.00151492 0.000919197 0.0108341)
(0.000655242 0.000655247 0.0107277)
(-0.000617036 -0.000617047 0.0117884)
(-0.00113409 -0.000882725 0.0119905)
(-0.00201649 -0.00148069 0.013726)
(-0.00241591 -0.00231088 0.0141292)
(-0.000917597 -0.00433261 0.0175443)
(0.000917581 -0.00433263 0.0175443)
(0.00241586 -0.00231088 0.0141292)
(0.00201647 -0.00148068 0.013726)
(0.00113406 -0.000882728 0.0119904)
(0.000617011 -0.000617043 0.0117883)
(-0.000882714 -0.00113413 0.0119905)
(-0.00199767 -0.00199772 0.0122149)
(-0.00344562 -0.00282736 0.0140301)
(-0.00526909 -0.00618801 0.0144891)
(-0.0029398 -0.0139298 0.0175446)
(0.00293977 -0.0139297 0.0175447)
(0.00526906 -0.00618799 0.0144891)
(0.00344559 -0.00282737 0.0140301)
(0.00199764 -0.0019977 0.0122148)
(0.000882696 -0.00113413 0.0119905)
(-0.00148068 -0.00201655 0.0137262)
(-0.00282732 -0.00344568 0.0140301)
(-0.00621498 -0.00621504 0.0212578)
(-0.0135243 -0.0122675 0.0216327)
(-0.00854903 -0.0353874 0.0432977)
(0.00854914 -0.0353873 0.0432978)
(0.0135241 -0.0122675 0.0216326)
(0.00621496 -0.00621505 0.0212577)
(0.0028273 -0.00344566 0.0140301)
(0.00148064 -0.00201653 0.0137261)
(-0.00231088 -0.00241596 0.0141294)
(-0.00618797 -0.00526914 0.0144893)
(-0.0122674 -0.0135243 0.0216328)
(-0.0329264 -0.0329264 0.0219682)
(-0.0270168 -0.193082 0.02481)
(0.0270168 -0.193082 0.0248101)
(0.0329263 -0.0329264 0.021968)
(0.0122674 -0.0135245 0.0216327)
(0.00618797 -0.00526915 0.0144892)
(0.00231085 -0.00241596 0.0141293)
(-0.0043326 -0.000917624 0.0175445)
(-0.0139298 -0.00293982 0.0175448)
(-0.0353873 -0.00854904 0.0432979)
(-0.193082 -0.0270168 0.0248101)
(-0.0690897 -0.0690897 -0.444953)
(0.0690898 -0.0690896 -0.444952)
(0.193084 -0.027017 0.0248114)
(0.0353872 -0.00854932 0.043297)
(0.01393 -0.00293981 0.0175447)
(0.00433257 -0.000917644 0.0175444)
(-0.00433261 0.000917588 0.0175445)
(-0.0139297 0.00293978 0.0175448)
(-0.0353873 0.00854915 0.0432979)
(-0.193082 0.0270168 0.0248102)
(-0.0690896 0.0690898 -0.444952)
(0.0690897 0.0690897 -0.444951)
(0.193084 0.0270171 0.0248114)
(0.0353871 0.00854936 0.0432971)
(0.0139299 0.0029398 0.0175447)
(0.00433256 0.000917614 0.0175444)
(-0.00231087 0.00241587 0.0141294)
(-0.00618794 0.00526908 0.0144892)
(-0.0122674 0.0135241 0.0216327)
(-0.0329263 0.0329263 0.021968)
(-0.027017 0.193084 0.0248113)
(0.0270171 0.193084 0.0248114)
(0.0329262 0.0329262 0.0219678)
(0.0122674 0.0135244 0.0216326)
(0.00618795 0.00526908 0.0144891)
(0.00231085 0.0024159 0.0141293)
(-0.00148066 0.00201648 0.0137261)
(-0.00282732 0.00344561 0.0140301)
(-0.00621499 0.00621496 0.0212577)
(-0.0135245 0.0122674 0.0216326)
(-0.0085493 0.0353873 0.0432969)
(0.00854935 0.0353872 0.0432969)
(0.0135244 0.0122674 0.0216325)
(0.00621498 0.00621499 0.0212576)
(0.00282732 0.0034456 0.0140301)
(0.00148064 0.00201648 0.0137261)
(-0.000882714 0.00113407 0.0119905)
(-0.00199766 0.00199765 0.0122148)
(-0.0034456 0.00282731 0.0140301)
(-0.00526911 0.00618796 0.0144891)
(-0.00293979 0.01393 0.0175446)
(0.00293979 0.0139299 0.0175446)
(0.00526907 0.00618795 0.014489)
(0.00344559 0.00282732 0.01403)
(0.00199764 0.00199765 0.0122148)
(0.000882698 0.00113407 0.0119905)
(-0.000617031 0.000617011 0.0117884)
(-0.00113409 0.000882694 0.0119905)
(-0.00201648 0.00148063 0.013726)
(-0.00241592 0.00231084 0.0141292)
(-0.000917624 0.00433256 0.0175442)
(0.000917611 0.00433255 0.0175442)
(0.0024159 0.00231084 0.0141291)
(0.00201648 0.00148064 0.013726)
(0.00113406 0.000882696 0.0119904)
(0.000617005 0.000617003 0.0117883)
(-0.000554737 -0.000554736 0.0125846)
(-0.000546464 -0.000808031 0.0128415)
(-0.00134959 -0.0013623 0.0149008)
(-0.00104814 -0.0021394 0.0155024)
(0.000307198 -0.00414298 0.0202274)
(-0.000307233 -0.00414294 0.0202275)
(0.00104811 -0.0021394 0.0155024)
(0.00134957 -0.00136231 0.0149008)
(0.000546462 -0.000808029 0.0128415)
(0.000554756 -0.000554746 0.0125846)
(-0.000808032 -0.000546481 0.0128415)
(-0.00135381 -0.00135383 0.0131709)
(-0.00268232 -0.000112923 0.0153972)
(-0.00382855 -0.00330406 0.016243)
(-0.00168919 -0.0022045 0.0212638)
(0.00168919 -0.00220447 0.0212638)
(0.00382847 -0.00330406 0.016243)
(0.00268229 -0.000112934 0.0153972)
(0.00135381 -0.00135383 0.0131709)
(0.000808039 -0.000546485 0.0128415)
(-0.0013623 -0.00134961 0.0149009)
(-0.000112906 -0.00268234 0.0153973)
(-0.00330775 -0.00330776 0.025152)
(-0.0031597 -0.00876878 0.0268778)
(0.00105354 -0.02082 0.0849469)
(-0.00105354 -0.0208199 0.0849469)
(0.00315962 -0.00876881 0.0268777)
(0.00330772 -0.00330779 0.0251519)
(0.000112911 -0.00268234 0.0153972)
(0.00136231 -0.00134961 0.0149008)
(-0.00213941 -0.00104816 0.0155026)
(-0.00330404 -0.00382856 0.0162432)
(-0.00876876 -0.0031597 0.0268779)
(-0.0190471 -0.0190471 0.0296501)
(-0.0115343 -0.0964532 -0.0114324)
(0.0115344 -0.096452 -0.0114321)
(0.0190469 -0.019047 0.02965)
(0.00876876 -0.00316025 0.0268778)
(0.00330406 -0.00382857 0.0162431)
(0.00213941 -0.0010482 0.0155025)
(-0.00414298 0.000307177 0.0202277)
(-0.00220448 -0.0016892 0.021264)
(-0.02082 0.00105354 0.084947)
(-0.0964532 -0.0115343 -0.0114324)
(-0.00137584 -0.00137584 -0.600977)
(0.00137594 -0.00137578 -0.600977)
(0.0964578 -0.0115351 -0.0114336)
(0.02082 0.00105306 0.0849471)
(0.00220498 -0.00168924 0.0212639)
(0.00414296 0.000307154 0.0202276)
(-0.00414294 -0.000307236 0.0202277)
(-0.00220443 0.00168919 0.021264)
(-0.0208198 -0.00105354 0.0849471)
(-0.096452 0.0115344 -0.011432)
(-0.00137578 0.00137594 -0.600977)
(0.00137587 0.00137587 -0.600977)
(0.0964567 0.0115351 -0.0114332)
(0.0208199 -0.00105303 0.0849471)
(0.0022049 0.00168921 0.0212639)
(0.00414295 -0.00030719 0.0202276)
(-0.00213939 0.00104809 0.0155026)
(-0.00330403 0.00382845 0.0162431)
(-0.00876878 0.00315959 0.0268778)
(-0.019047 0.0190468 0.02965)
(-0.0115351 0.0964578 -0.0114337)
(0.0115351 0.0964567 -0.0114333)
(0.0190469 0.0190469 0.0296499)
(0.00876881 0.00316008 0.0268777)
(0.00330407 0.0038285 0.016243)
(0.00213941 0.00104814 0.0155025)
(-0.00136231 0.00134955 0.0149009)
(-0.000112911 0.00268227 0.0153972)
(-0.00330777 0.00330769 0.0251519)
(-0.00316024 0.00876873 0.0268777)
(0.00105307 0.02082 0.084947)
(-0.00105302 0.0208199 0.0849469)
(0.0031601 0.00876879 0.0268776)
(0.00330776 0.00330774 0.0251518)
(0.000112945 0.00268228 0.0153972)
(0.00136232 0.00134956 0.0149008)
(-0.000808025 0.000546449 0.0128415)
(-0.00135381 0.0013538 0.0131709)
(-0.00268232 0.000112892 0.0153972)
(-0.00382856 0.00330404 0.0162429)
(-0.00168922 0.00220496 0.0212638)
(0.00168921 0.00220489 0.0212637)
(0.00382852 0.00330405 0.0162429)
(0.0026823 0.000112928 0.0153971)
(0.00135382 0.0013538 0.0131709)
(0.00080804 0.000546468 0.0128415)
(-0.000554743 0.000554745 0.0125846)
(-0.000546469 0.000808027 0.0128415)
(-0.0013496 0.0013623 0.0149007)
(-0.00104819 0.00213939 0.0155024)
(0.000307168 0.00414294 0.0202274)
(-0.000307182 0.00414293 0.0202274)
(0.00104816 0.00213939 0.0155024)
(0.00134958 0.00136231 0.0149007)
(0.000546484 0.00080803 0.0128415)
(0.000554771 0.000554761 0.0125846)
(-0.00048926 -0.000489248 0.0130555)
(2.37959e-05 -0.000719381 0.0134025)
(-0.000685043 -0.0012343 0.015347)
(0.000248305 -0.00194581 0.0162049)
(0.00144545 -0.0038626 0.021321)
(-0.00144547 -0.00386265 0.021321)
(-0.00024836 -0.00194582 0.0162049)
(0.000685029 -0.00123431 0.015347)
(-2.38215e-05 -0.000719393 0.0134026)
(0.000489235 -0.000489251 0.0130555)
(-0.000719393 2.38069e-05 0.0134026)
(-0.000720767 -0.000720758 0.0137689)
(-0.00191243 0.00230381 0.0161792)
(-0.0023712 -0.00049661 0.0168302)
(-0.000470411 0.0187285 0.0200266)
(0.000470338 0.0187286 0.0200266)
(0.00237118 -0.000496626 0.0168302)
(0.00191241 0.00230376 0.0161792)
(0.000720743 -0.000720761 0.0137689)
(0.000719377 2.37964e-05 0.0134026)
(-0.00123432 -0.000685021 0.0153471)
(0.0023038 -0.0019124 0.0161793)
(-0.000470733 -0.000470704 0.0267969)
(0.0165991 -0.00543344 0.026615)
(0.0203195 -0.0022728 0.0866313)
(-0.0203195 -0.00227297 0.0866311)
(-0.0165994 -0.00543349 0.0266149)
(0.000470732 -0.000470766 0.0267969)
(-0.00230379 -0.00191243 0.0161792)
(0.00123428 -0.00068504 0.0153471)
(-0.00194582 0.000248324 0.0162051)
(-0.000496612 -0.00237117 0.0168304)
(-0.00543346 0.0165992 0.0266151)
(-0.0031233 -0.00312327 0.0231395)
(0.00357085 0.362043 -0.0180951)
(-0.00357112 0.362043 -0.0180951)
(0.0031234 -0.00312324 0.0231394)
(0.00543347 0.016599 0.026615)
(0.000496631 -0.00237123 0.0168303)
(0.00194581 0.000248286 0.016205)
(-0.00386261 0.00144544 0.0213212)
(0.0187285 -0.000470416 0.0200268)
(-0.00227281 0.0203195 0.0866314)
(0.362043 0.00357087 -0.0180951)
(0.00340979 0.00340979 -0.466352)
(-0.00340979 0.00340979 -0.466352)
(-0.362043 0.00357104 -0.0180944)
(0.00227274 0.0203193 0.086632)
(-0.0187284 -0.000470409 0.0200267)
(0.00386259 0.0014454 0.0213212)
(-0.00386265 -0.00144548 0.0213212)
(0.0187286 0.000470325 0.0200268)
(-0.00227297 -0.0203195 0.0866312)
(0.362043 -0.00357114 -0.0180951)
(0.00340979 -0.00340979 -0.466352)
(-0.00340979 -0.00340979 -0.466353)
(-0.362043 -0.0035712 -0.0180944)
(0.00227281 -0.0203193 0.0866319)
(-0.0187284 0.000470354 0.0200267)
(0.00386259 -0.00144545 0.0213212)
(-0.00194583 -0.000248413 0.0162051)
(-0.000496619 0.00237113 0.0168303)
(-0.0054335 -0.0165994 0.026615)
(-0.00312327 0.00312333 0.0231394)
(0.00357102 -0.362043 -0.0180944)
(-0.00357118 -0.362043 -0.0180945)
(0.00312326 0.00312319 0.0231394)
(0.00543351 -0.0165992 0.0266149)
(0.000496645 0.00237116 0.0168303)
(0.00194581 -0.000248346 0.016205)
(-0.00123431 0.000684972 0.0153471)
(0.00230375 0.00191236 0.0161792)
(-0.000470784 0.000470666 0.0267969)
(0.016599 0.00543342 0.0266149)
(0.0203193 0.00227269 0.0866319)
(-0.0203193 0.00227278 0.0866317)
(-0.0165991 0.00543347 0.0266148)
(0.000470782 0.000470731 0.0267968)
(-0.00230374 0.00191239 0.0161792)
(0.00123429 0.000685005 0.0153471)
(-0.000719399 -2.38541e-05 0.0134026)
(-0.000720764 0.00072071 0.0137689)
(-0.00191244 -0.00230382 0.0161792)
(-0.00237124 0.000496601 0.0168302)
(-0.0004704 -0.0187284 0.0200265)
(0.000470369 -0.0187284 0.0200265)
(0.0023712 0.00049662 0.0168302)
(0.00191244 -0.00230377 0.0161792)
(0.000720756 0.000720728 0.0137689)
(0.000719384 -2.38423e-05 0.0134026)
(-0.000489258 0.000489216 0.0130555)
(2.3786e-05 0.000719357 0.0134026)
(-0.000685055 0.00123426 0.015347)
(0.000248274 0.00194579 0.0162049)
(0.00144541 0.00386257 0.021321)
(-0.00144543 0.00386257 0.021321)
(-0.000248302 0.0019458 0.0162049)
(0.000685052 0.00123427 0.015347)
(-2.3808e-05 0.000719368 0.0134026)
(0.000489232 0.000489216 0.0130555)
(-0.000382061 -0.000382038 0.0131266)
(0.000599778 -0.000626351 0.0135485)
(5.22476e-05 -0.000947974 0.0143448)
(0.00194409 -0.00183089 0.0154313)
(0.00287186 -0.00479797 0.0154134)
(-0.00287191 -0.0047979 0.0154134)
(-0.00194411 -0.00183089 0.0154313)
(-5.22676e-05 -0.000948001 0.0143448)
(-0.000599779 -0.000626359 0.0135485)
(0.000382078 -0.000382055 0.0131266)
(-0.000626374 0.000599811 0.0135485)
(3.40398e-05 3.40748e-05 0.0140181)
(-0.00115302 0.00561706 0.0154747)
(-0.00190533 0.00192069 0.0169422)
(-0.000106083 0.0307609 0.0185009)
(0.000106092 0.0307608 0.0185009)
(0.00190522 0.00192066 0.0169422)
(0.001153 0.00561705 0.0154747)
(-3.40304e-05 3.40457e-05 0.0140181)
(0.000626382 0.000599793 0.0135485)
(-0.000947994 5.23017e-05 0.0143449)
(0.00561703 -0.00115297 0.0154747)
(0.00191513 0.00191519 0.0149835)
(0.0269956 -0.00555016 0.0187339)
(0.0312403 -0.0269805 -0.0111907)
(-0.0312404 -0.0269804 -0.0111907)
(-0.0269955 -0.00555023 0.0187339)
(-0.00191515 0.00191513 0.0149835)
(-0.00561704 -0.001153 0.0154747)
(0.000948023 5.2264e-05 0.0143449)
(-0.00183091 0.00194414 0.0154315)
(0.00192067 -0.00190528 0.0169423)
(-0.00555021 0.0269956 0.018734)
(-0.0297387 -0.0297386 0.0260356)
(-0.0191917 0.295018 -0.042698)
(0.0191917 0.295018 -0.0426976)
(0.0297384 -0.0297387 0.0260356)
(0.00555022 0.0269954 0.0187339)
(-0.00192063 -0.00190532 0.0169422)
(0.00183092 0.00194408 0.0154314)
(-0.00479798 0.00287184 0.0154136)
(0.0307608 -0.000106085 0.018501)
(-0.0269805 0.0312403 -0.0111906)
(0.295018 -0.0191917 -0.0426979)
(0.000397892 0.000397892 -0.145891)
(-0.000397892 0.000397891 -0.145891)
(-0.295018 -0.0191918 -0.0426982)
(0.0269805 0.0312402 -0.0111904)
(-0.0307607 -0.000106149 0.0185009)
(0.00479799 0.00287184 0.0154136)
(-0.00479791 -0.00287193 0.0154136)
(0.0307608 0.000106069 0.018501)
(-0.0269804 -0.0312405 -0.0111906)
(0.295018 0.0191917 -0.0426975)
(0.000397891 -0.000397892 -0.145891)
(-0.000397892 -0.000397892 -0.145891)
(-0.295018 0.0191917 -0.0426978)
(0.0269805 -0.0312403 -0.0111905)
(-0.0307607 0.000106088 0.0185009)
(0.00479798 -0.00287189 0.0154136)
(-0.00183091 -0.00194419 0.0154315)
(0.00192064 0.00190514 0.0169423)
(-0.00555028 -0.0269956 0.0187339)
(-0.0297387 0.0297383 0.0260356)
(-0.0191918 -0.295018 -0.0426983)
(0.0191918 -0.295018 -0.042698)
(0.0297385 0.0297385 0.0260355)
(0.00555027 -0.0269955 0.0187339)
(-0.0019206 0.00190524 0.0169422)
(0.00183093 -0.00194414 0.0154314)
(-0.000948014 -5.23501e-05 0.0143448)
(0.00561702 0.00115291 0.0154747)
(0.00191508 -0.00191524 0.0149835)
(0.0269953 0.00555015 0.0187339)
(0.0312402 0.0269805 -0.0111905)
(-0.0312403 0.0269804 -0.0111906)
(-0.0269954 0.00555021 0.0187339)
(-0.00191509 -0.00191516 0.0149835)
(-0.005617 0.00115296 0.0154747)
(0.000948035 -5.23073e-05 0.0143448)
(-0.000626377 -0.000599825 0.0135485)
(3.4016e-05 -3.40796e-05 0.0140181)
(-0.00115304 -0.00561708 0.0154747)
(-0.00190535 -0.00192067 0.0169422)
(-0.000106145 -0.0307607 0.0185008)
(0.000106114 -0.0307607 0.0185008)
(0.0019053 -0.00192063 0.0169421)
(0.00115303 -0.00561704 0.0154747)
(-3.40081e-05 -3.40532e-05 0.0140181)
(0.00062639 -0.000599793 0.0135485)
(-0.00038207 0.000382047 0.0131266)
(0.000599766 0.000626354 0.0135485)
(5.22246e-05 0.000947994 0.0143448)
(0.00194405 0.00183089 0.0154313)
(0.00287185 0.00479796 0.0154135)
(-0.00287187 0.00479796 0.0154134)
(-0.00194407 0.0018309 0.0154313)
(-5.22409e-05 0.000948012 0.0143448)
(-0.000599749 0.000626366 0.0135485)
(0.000382098 0.000382074 0.0131266)
(-0.000279135 -0.000279105 0.0130005)
(0.000632096 -0.000485415 0.0134443)
(0.000257069 -0.000671283 0.0134989)
(0.000785816 -0.00119217 0.0147479)
(0.00143965 -0.00233388 0.0130152)
(-0.00143965 -0.00233394 0.0130152)
(-0.000785879 -0.00119219 0.0147479)
(-0.000257078 -0.000671285 0.0134989)
(-0.000632116 -0.000485437 0.0134444)
(0.000279107 -0.000279113 0.0130005)
(-0.000485445 0.000632147 0.0134444)
(0.000240544 0.000240598 0.0140806)
(-0.000449931 0.00260931 0.0149329)
(-0.000876418 0.0011183 0.0174135)
(0.000299339 0.00497694 0.021815)
(-0.000299426 0.00497706 0.021815)
(0.000876419 0.00111826 0.0174135)
(0.000449921 0.00260924 0.0149329)
(-0.000240569 0.000240579 0.0140806)
(0.000485431 0.000632124 0.0134444)
(-0.00067131 0.000257146 0.0134989)
(0.00260926 -0.000449849 0.0149329)
(0.00113068 0.00113077 0.0107462)
(0.00312351 -0.000753278 0.0199518)
(0.0050368 -9.00602e-05 -0.0202254)
(-0.00503673 -9.00977e-05 -0.0202255)
(-0.00312375 -0.000753333 0.0199519)
(-0.00113067 0.00113069 0.0107462)
(-0.00260923 -0.000449905 0.0149329)
(0.000671279 0.000257102 0.0134989)
(-0.00119219 0.000785881 0.0147479)
(0.00111826 -0.000876352 0.0174136)
(-0.000753361 0.00312359 0.0199519)
(-0.00204421 -0.00204412 0.0396273)
(0.000338781 -0.0327117 -0.101684)
(-0.000338819 -0.0327117 -0.101684)
(0.00204417 -0.00204422 0.0396272)
(0.000753349 0.00312356 0.0199519)
(-0.00111825 -0.000876442 0.0174135)
(0.00119219 0.000785833 0.0147479)
(-0.0023339 0.00143965 0.0130153)
(0.0049769 0.000299343 0.021815)
(-9.01186e-05 0.00503681 -0.0202254)
(-0.0327117 0.000338794 -0.101684)
(-0.000142425 -0.000142425 -0.191997)
(0.000142425 -0.000142425 -0.191997)
(0.0327116 0.000338802 -0.101684)
(9.01427e-05 0.00503666 -0.0202252)
(-0.0049769 0.000299351 0.021815)
(0.00233391 0.0014396 0.0130153)
(-0.00233396 -0.00143969 0.0130153)
(0.00497703 -0.000299461 0.0218151)
(-9.01186e-05 -0.00503677 -0.0202254)
(-0.0327117 -0.00033883 -0.101684)
(-0.000142425 0.000142425 -0.191997)
(0.000142425 0.000142425 -0.191997)
(0.0327116 -0.000338814 -0.101684)
(9.00817e-05 -0.00503675 -0.0202253)
(-0.0049769 -0.000299423 0.021815)
(0.00233391 -0.00143967 0.0130153)
(-0.00119221 -0.000785982 0.014748)
(0.00111822 0.000876313 0.0174135)
(-0.000753408 -0.00312387 0.0199519)
(-0.00204432 0.00204402 0.0396272)
(0.000338784 0.0327116 -0.101684)
(-0.0003388 0.0327116 -0.101684)
(0.00204419 0.00204403 0.0396272)
(0.000753395 -0.00312367 0.0199519)
(-0.00111822 0.00087636 0.0174135)
(0.00119221 -0.000785898 0.0147479)
(-0.000671305 -0.000257178 0.0134989)
(0.0026092 0.000449819 0.0149329)
(0.00113062 -0.00113077 0.0107462)
(0.0031235 0.000753259 0.0199519)
(0.00503665 9.00927e-05 -0.0202253)
(-0.0050367 9.00761e-05 -0.0202253)
(-0.00312358 0.000753313 0.0199519)
(-0.00113062 -0.00113071 0.0107462)
(-0.00260918 0.000449883 0.0149329)
(0.000671291 -0.000257123 0.0134989)
(-0.000485462 -0.000632172 0.0134444)
(0.000240532 -0.000240628 0.0140806)
(-0.000449968 -0.00260929 0.0149329)
(-0.00087649 -0.0011183 0.0174135)
(0.000299349 -0.00497693 0.021815)
(-0.000299387 -0.00497693 0.021815)
(0.000876444 -0.00111826 0.0174135)
(0.000449964 -0.00260924 0.0149329)
(-0.00024054 -0.000240593 0.0140806)
(0.000485445 -0.000632152 0.0134444)
(-0.000279135 0.000279072 0.0130005)
(0.000632082 0.000485399 0.0134444)
(0.000257047 0.000671248 0.0134989)
(0.000785791 0.00119217 0.0147479)
(0.00143961 0.00233389 0.0130153)
(-0.00143963 0.00233389 0.0130153)
(-0.000785817 0.00119218 0.0147479)
(-0.000257046 0.000671267 0.0134989)
(-0.000632102 0.000485418 0.0134444)
(0.000279106 0.000279079 0.0130005)
(-0.000160884 -0.000160849 0.0127933)
(0.000847469 -0.000309013 0.0131787)
(0.000703644 -0.000231774 0.0130127)
(0.00170358 -0.000498631 0.0140168)
(0.00200824 -0.000400547 0.0134439)
(-0.00200829 -0.000400476 0.0134439)
(-0.00170359 -0.000498641 0.0140168)
(-0.000703661 -0.000231804 0.0130127)
(-0.000847467 -0.000309024 0.0131787)
(0.000160899 -0.000160869 0.0127933)
(-0.000309048 0.000847528 0.0131787)
(0.000776477 0.000776539 0.0137658)
(0.000513716 0.00424453 0.0141301)
(0.00153305 0.00451163 0.0159275)
(0.00209805 0.0142129 0.0177043)
(-0.00209804 0.0142128 0.0177043)
(-0.00153315 0.0045116 0.0159275)
(-0.000513734 0.00424451 0.0141301)
(-0.000776466 0.0007765 0.0137658)
(0.000309054 0.000847503 0.0131787)
(-0.000231807 0.000703732 0.0130127)
(0.00424447 0.000513809 0.0141301)
(0.00443982 0.00443992 0.0125121)
(0.0116842 0.00563732 0.0169394)
(0.0117667 0.0327194 0.0114615)
(-0.0117669 0.0327196 0.0114614)
(-0.0116841 0.00563722 0.0169394)
(-0.00443984 0.00443986 0.0125121)
(-0.00424447 0.00051375 0.0141301)
(0.000231835 0.000703677 0.0130127)
(-0.000498661 0.00170365 0.0140168)
(0.00451158 0.00153312 0.0159275)
(0.00563722 0.0116843 0.0169394)
(0.0297047 0.0297048 0.0256809)
(0.0265269 0.000765088 -0.0292833)
(-0.0265269 0.000765173 -0.0292829)
(-0.0297051 0.0297048 0.025681)
(-0.00563721 0.0116841 0.0169394)
(-0.00451156 0.00153307 0.0159275)
(0.000498672 0.00170358 0.0140168)
(-0.000400575 0.00200823 0.013444)
(0.0142128 0.00209805 0.0177043)
(0.0327193 0.0117667 0.0114615)
(0.000765017 0.026527 -0.0292832)
(-1.71235e-05 -1.71235e-05 -0.193438)
(1.71234e-05 -1.71237e-05 -0.193438)
(-0.0007652 0.0265269 -0.0292833)
(-0.0327193 0.0117667 0.0114616)
(-0.0142127 0.00209799 0.0177043)
(0.000400578 0.00200823 0.013444)
(-0.000400498 -0.00200832 0.0134439)
(0.0142127 -0.00209807 0.0177043)
(0.0327195 -0.0117669 0.0114614)
(0.000765093 -0.0265269 -0.0292827)
(-1.71237e-05 1.71233e-05 -0.193438)
(1.71236e-05 1.71235e-05 -0.193438)
(-0.000765236 -0.0265269 -0.0292829)
(-0.0327195 -0.0117668 0.0114616)
(-0.0142127 -0.00209806 0.0177043)
(0.000400569 -0.00200829 0.013444)
(-0.000498668 -0.00170369 0.0140168)
(0.00451155 -0.00153326 0.0159275)
(0.00563714 -0.0116843 0.0169394)
(0.0297047 -0.0297052 0.025681)
(0.0265268 -0.00076528 -0.0292834)
(-0.0265268 -0.000765321 -0.0292832)
(-0.029705 -0.0297051 0.025681)
(-0.00563715 -0.0116842 0.0169394)
(-0.00451152 -0.00153316 0.0159275)
(0.000498687 -0.00170364 0.0140169)
(-0.000231831 -0.000703766 0.0130128)
(0.00424445 -0.000513842 0.0141301)
(0.00443978 -0.00443995 0.0125121)
(0.011684 -0.0056373 0.0169394)
(0.0117667 -0.0327194 0.0114616)
(-0.0117667 -0.0327196 0.0114616)
(-0.0116841 -0.00563724 0.0169394)
(-0.00443978 -0.00443987 0.0125122)
(-0.00424443 -0.000513778 0.0141301)
(0.000231851 -0.000703708 0.0130128)
(-0.000309054 -0.000847528 0.0131787)
(0.000776446 -0.000776526 0.0137658)
(0.000513679 -0.00424453 0.0141301)
(0.00153302 -0.00451161 0.0159275)
(0.00209799 -0.0142128 0.0177043)
(-0.00209802 -0.0142128 0.0177043)
(-0.00153307 -0.00451157 0.0159275)
(-0.000513692 -0.00424449 0.0141301)
(-0.000776437 -0.000776491 0.0137658)
(0.000309067 -0.000847488 0.0131787)
(-0.000160896 0.000160861 0.0127934)
(0.000847454 0.000309019 0.0131787)
(0.000703616 0.000231803 0.0130128)
(0.00170354 0.000498647 0.0140168)
(0.00200824 0.000400556 0.013444)
(-0.00200826 0.000400552 0.013444)
(-0.00170356 0.000498665 0.0140169)
(-0.000703628 0.000231825 0.0130128)
(-0.000847437 0.000309038 0.0131787)
(0.00016092 0.000160892 0.0127934)
(-8.71968e-05 -8.71615e-05 0.0124904)
(0.000741247 -0.00019267 0.0127503)
(0.000676175 -0.000113442 0.0121232)
(0.00100259 -0.000238183 0.0126991)
(0.00115476 -0.000208643 0.0107576)
(-0.00115476 -0.000208697 0.0107576)
(-0.00100263 -0.000238201 0.0126991)
(-0.000676178 -0.000113451 0.0121232)
(-0.000741264 -0.000192693 0.0127503)
(8.71694e-05 -8.71714e-05 0.0124904)
(-0.000192705 0.000741309 0.0127503)
(0.000715325 0.000715388 0.0131757)
(0.000631074 0.00235432 0.0126534)
(0.000908084 0.00257879 0.0136783)
(0.00118521 0.00381524 0.0119348)
(-0.00118529 0.00381532 0.0119348)
(-0.000908082 0.00257874 0.0136783)
(-0.000631083 0.00235428 0.0126535)
(-0.000715342 0.000715361 0.0131757)
(0.000192691 0.000741284 0.0127503)
(-0.000113475 0.000676262 0.0121232)
(0.00235426 0.000631167 0.0126534)
(0.00253561 0.0025357 0.00824805)
(0.00245582 0.00409703 0.0093164)
(0.00235038 0.0138295 -0.00575403)
(-0.00235035 0.0138294 -0.00575393)
(-0.002456 0.00409698 0.0093164)
(-0.00253559 0.00253562 0.00824802)
(-0.00235426 0.000631104 0.0126535)
(0.000113451 0.000676211 0.0121232)
(-0.000238213 0.00100266 0.0126991)
(0.00257874 0.000908156 0.0136783)
(0.00409693 0.00245589 0.00931637)
(0.0122727 0.0122727 0.0107694)
(0.01057 0.00131199 -0.037081)
(-0.0105702 0.00131198 -0.0370807)
(-0.0122728 0.0122727 0.0107694)
(-0.00409696 0.0024559 0.00931638)
(-0.00257872 0.000908064 0.0136783)
(0.000238211 0.00100261 0.0126991)
(-0.000208673 0.00115475 0.0107575)
(0.00381518 0.00118521 0.0119348)
(0.0138293 0.00235037 -0.00575406)
(0.00131193 0.0105699 -0.037081)
(-8.46561e-06 -8.46566e-06 -0.194021)
(8.46552e-06 -8.46559e-06 -0.194021)
(-0.00131207 0.0105699 -0.0370809)
(-0.0138293 0.00235032 -0.00575396)
(-0.00381523 0.00118521 0.0119348)
(0.000208693 0.00115472 0.0107576)
(-0.000208721 -0.0011548 0.0107576)
(0.00381526 -0.00118532 0.0119347)
(0.0138293 -0.00235038 -0.00575396)
(0.00131191 -0.0105702 -0.0370806)
(-8.46557e-06 8.46553e-06 -0.194021)
(8.46546e-06 8.46543e-06 -0.194021)
(-0.00131208 -0.0105701 -0.0370805)
(-0.0138293 -0.00235042 -0.00575398)
(-0.00381523 -0.00118529 0.0119348)
(0.000208693 -0.00115479 0.0107576)
(-0.000238228 -0.00100274 0.0126991)
(0.00257869 -0.000908191 0.0136783)
(0.0040969 -0.0024561 0.00931638)
(0.0122726 -0.0122728 0.0107694)
(0.0105699 -0.00131214 -0.037081)
(-0.0105701 -0.00131216 -0.0370807)
(-0.0122727 -0.0122728 0.0107695)
(-0.00409692 -0.00245599 0.00931641)
(-0.00257869 -0.000908134 0.0136783)
(0.000238225 -0.00100267 0.0126991)
(-0.000113479 -0.000676279 0.0121232)
(0.00235422 -0.000631186 0.0126535)
(0.00253555 -0.00253569 0.00824804)
(0.00245585 -0.00409705 0.00931642)
(0.00235033 -0.0138294 -0.00575392)
(-0.00235038 -0.0138294 -0.00575394)
(-0.00245591 -0.004097 0.00931644)
(-0.00253555 -0.00253563 0.00824805)
(-0.00235422 -0.000631118 0.0126535)
(0.000113466 -0.000676222 0.0121232)
(-0.000192723 -0.000741322 0.0127503)
(0.000715306 -0.000715399 0.0131757)
(0.000631033 -0.00235431 0.0126535)
(0.000908012 -0.00257877 0.0136784)
(0.00118521 -0.00381527 0.0119349)
(-0.00118525 -0.00381527 0.0119349)
(-0.00090805 -0.00257873 0.0136784)
(-0.000631036 -0.00235427 0.0126535)
(-0.000715311 -0.000715362 0.0131757)
(0.000192708 -0.000741301 0.0127503)
(-8.71982e-05 8.7134e-05 0.0124905)
(0.000741235 0.000192659 0.0127503)
(0.000676151 0.000113422 0.0121232)
(0.00100257 0.000238189 0.0126992)
(0.00115473 0.000208672 0.0107576)
(-0.00115475 0.000208676 0.0107576)
(-0.00100259 0.000238205 0.0126992)
(-0.000676146 0.000113442 0.0121233)
(-0.000741253 0.000192682 0.0127503)
(8.71685e-05 8.71421e-05 0.0124905)
(-3.1694e-05 -3.16626e-05 0.0122125)
(0.000663147 -9.70915e-05 0.012377)
(0.000678201 3.23248e-05 0.0117101)
(0.00102194 -1.03134e-05 0.0120507)
(0.00103847 0.00018545 0.0109877)
(-0.0010385 0.00018547 0.0109876)
(-0.00102194 -1.0331e-05 0.0120507)
(-0.000678213 3.23032e-05 0.0117101)
(-0.000663143 -9.71051e-05 0.012377)
(3.17047e-05 -3.16811e-05 0.0122125)
(-9.71229e-05 0.000663202 0.012377)
(0.000727207 0.000727264 0.0126694)
(0.00076512 0.00230984 0.0120251)
(0.00117566 0.00282433 0.0125612)
(0.00123406 0.00603664 0.0115244)
(-0.00123408 0.00603657 0.0115245)
(-0.00117571 0.00282429 0.0125612)
(-0.000765128 0.0023098 0.0120251)
(-0.0007272 0.000727231 0.0126695)
(9.71287e-05 0.000663174 0.012377)
(3.2295e-05 0.000678278 0.0117101)
(0.00230979 0.000765201 0.0120251)
(0.00277536 0.00277544 0.00977552)
(0.00475178 0.00419013 0.0101392)
(0.00426123 0.011088 0.00782608)
(-0.00426137 0.011088 0.00782594)
(-0.00475176 0.00419006 0.0101392)
(-0.00277536 0.00277537 0.00977558)
(-0.00230977 0.000765136 0.0120251)
(-3.22795e-05 0.000678226 0.0117101)
(-1.03405e-05 0.00102199 0.0120506)
(0.00282428 0.00117572 0.0125611)
(0.00419005 0.00475184 0.0101391)
(0.0094809 0.00948094 0.00913299)
(0.00788905 0.000683056 -0.0131879)
(-0.00788912 0.000683064 -0.0131876)
(-0.00948104 0.00948082 0.00913302)
(-0.00419005 0.00475171 0.0101392)
(-0.00282425 0.00117566 0.0125612)
(1.036e-05 0.00102193 0.0120506)
(0.000185425 0.00103847 0.0109876)
(0.00603659 0.00123406 0.0115244)
(0.0110879 0.00426123 0.00782602)
(0.000682995 0.00788901 -0.013188)
(-4.47387e-06 -4.47391e-06 -0.19406)
(4.47363e-06 -4.47395e-06 -0.19406)
(-0.00068311 0.00788894 -0.0131879)
(-0.0110878 0.00426122 0.00782606)
(-0.0060365 0.00123402 0.0115245)
(-0.000185409 0.00103845 0.0109876)
(0.000185448 -0.00103853 0.0109875)
(0.00603653 -0.00123411 0.0115244)
(0.0110879 -0.0042614 0.00782589)
(0.000682993 -0.00788911 -0.0131875)
(-4.47392e-06 4.47363e-06 -0.19406)
(4.47373e-06 4.47371e-06 -0.19406)
(-0.000683097 -0.00788903 -0.0131874)
(-0.0110878 -0.00426131 0.00782607)
(-0.0060365 -0.0012341 0.0115245)
(-0.000185407 -0.00103851 0.0109876)
(-1.03559e-05 -0.00102203 0.0120506)
(0.00282424 -0.0011758 0.0125612)
(0.00418998 -0.00475185 0.0101392)
(0.00948079 -0.00948109 0.00913304)
(0.00788896 -0.000683176 -0.0131879)
(-0.00788902 -0.000683169 -0.0131876)
(-0.00948091 -0.00948096 0.0091331)
(-0.00419 -0.00475179 0.0101393)
(-0.00282421 -0.00117572 0.0125612)
(1.0373e-05 -0.00102198 0.0120507)
(3.22774e-05 -0.0006783 0.0117101)
(0.00230975 -0.000765216 0.0120251)
(0.0027753 -0.00277545 0.00977561)
(0.00475166 -0.00419012 0.0101393)
(0.00426122 -0.0110879 0.00782614)
(-0.00426128 -0.0110879 0.00782614)
(-0.00475171 -0.00419007 0.0101393)
(-0.0027753 -0.00277538 0.00977566)
(-0.00230973 -0.000765155 0.0120252)
(-3.22639e-05 -0.000678248 0.0117102)
(-9.71311e-05 -0.000663194 0.012377)
(0.000727182 -0.000727249 0.0126695)
(0.000765074 -0.00230981 0.0120251)
(0.00117562 -0.00282428 0.0125613)
(0.00123403 -0.00603653 0.0115245)
(-0.00123406 -0.00603653 0.0115245)
(-0.00117565 -0.00282425 0.0125613)
(-0.000765086 -0.00230977 0.0120252)
(-0.000727175 -0.000727218 0.0126695)
(9.71396e-05 -0.000663158 0.0123771)
(-3.17047e-05 3.16742e-05 0.0122126)
(0.000663131 9.71004e-05 0.0123771)
(0.000678175 -3.23038e-05 0.0117102)
(0.0010219 1.0342e-05 0.0120507)
(0.00103846 -0.000185424 0.0109877)
(-0.00103848 -0.000185421 0.0109877)
(-0.00102191 1.03565e-05 0.0120508)
(-0.000678184 -3.22841e-05 0.0117102)
(-0.000663117 9.71173e-05 0.0123771)
(3.17233e-05 3.1701e-05 0.0122126)
(-5.68969e-06 -5.66554e-06 0.0119608)
(0.000489461 -4.72034e-05 0.0120331)
(0.000512861 4.34372e-05 0.0112438)
(0.000641256 1.64392e-05 0.0113276)
(0.000623198 5.9195e-05 0.0100028)
(-0.000623208 5.91768e-05 0.0100028)
(-0.000641273 1.64241e-05 0.0113276)
(-0.000512859 4.34236e-05 0.0112438)
(-0.000489466 -4.72199e-05 0.0120331)
(5.67693e-06 -5.67484e-06 0.0119608)
(-4.72275e-05 0.000489504 0.012033)
(0.000538573 0.000538617 0.0121907)
(0.00057664 0.00138358 0.0112607)
(0.000657131 0.00161981 0.0113927)
(0.000665958 0.00219632 0.00969401)
(-0.000666002 0.00219635 0.00969397)
(-0.000657143 0.00161977 0.0113927)
(-0.00057664 0.00138355 0.0112607)
(-0.000538573 0.00053859 0.0121907)
(4.72221e-05 0.000489484 0.0120331)
(4.34144e-05 0.000512918 0.0112437)
(0.00138354 0.000576701 0.0112606)
(0.00159319 0.00159325 0.00833723)
(0.00145219 0.00238413 0.00765101)
(0.00119302 0.00452722 0.00146743)
(-0.00119304 0.0045272 0.00146754)
(-0.00145227 0.0023841 0.00765107)
(-0.00159318 0.00159319 0.00833729)
(-0.00138353 0.000576651 0.0112607)
(-4.342e-05 0.000512877 0.0112438)
(1.6418e-05 0.000641299 0.0113275)
(0.00161976 0.000657179 0.0113926)
(0.00238407 0.00145223 0.00765094)
(0.00360111 0.00360119 0.00547313)
(0.00272661 0.000830215 -0.0148089)
(-0.00272671 0.000830192 -0.0148084)
(-0.00360116 0.00360111 0.00547327)
(-0.00238408 0.00145224 0.00765105)
(-0.00161975 0.000657123 0.0113927)
(-1.64151e-05 0.000641261 0.0113276)
(5.91776e-05 0.000623194 0.0100027)
(0.00219627 0.000665959 0.00969392)
(0.00452719 0.00119302 0.00146737)
(0.000830177 0.00272662 -0.014809)
(-1.45191e-06 -1.45189e-06 -0.19438)
(1.45179e-06 -1.45189e-06 -0.19438)
(-0.00083022 0.00272654 -0.014809)
(-0.00452716 0.00119302 0.00146758)
(-0.00219631 0.000665951 0.00969405)
(-5.91652e-05 0.000623183 0.0100028)
(5.91607e-05 -0.000623233 0.0100027)
(0.0021963 -0.000666028 0.00969389)
(0.00452715 -0.00119306 0.00146748)
(0.000830149 -0.00272676 -0.0148084)
(-1.4519e-06 1.45177e-06 -0.19438)
(1.45174e-06 1.45173e-06 -0.19438)
(-0.000830193 -0.00272669 -0.0148084)
(-0.00452711 -0.00119308 0.00146759)
(-0.0021963 -0.000666006 0.00969405)
(-5.9161e-05 -0.000623225 0.0100028)
(1.64048e-05 -0.000641339 0.0113275)
(0.00161973 -0.000657213 0.0113927)
(0.00238404 -0.00145233 0.00765103)
(0.00360107 -0.00360123 0.00547329)
(0.00272656 -0.000830257 -0.014809)
(-0.00272666 -0.000830234 -0.0148085)
(-0.0036011 -0.00360113 0.00547341)
(-0.00238406 -0.00145229 0.00765115)
(-0.00161973 -0.000657164 0.0113928)
(-1.6406e-05 -0.000641295 0.0113276)
(4.34038e-05 -0.000512924 0.0112438)
(0.00138351 -0.000576705 0.0112607)
(0.00159315 -0.00159324 0.00833733)
(0.00145221 -0.00238414 0.00765114)
(0.00119303 -0.0045272 0.00146767)
(-0.00119307 -0.00452718 0.00146766)
(-0.00145224 -0.00238411 0.0076512)
(-0.00159315 -0.0015932 0.00833739)
(-0.00138351 -0.00057666 0.0112608)
(-4.3409e-05 -0.000512882 0.0112438)
(-4.72398e-05 -0.000489504 0.0120331)
(0.000538552 -0.00053861 0.0121907)
(0.000576606 -0.00138356 0.0112608)
(0.00065709 -0.00161978 0.0113928)
(0.000665954 -0.00219634 0.00969415)
(-0.000665982 -0.00219634 0.00969415)
(-0.000657112 -0.00161976 0.0113928)
(-0.000576608 -0.00138354 0.0112608)
(-0.000538551 -0.000538583 0.0121908)
(4.72349e-05 -0.000489487 0.0120331)
(-5.69295e-06 5.65423e-06 0.0119608)
(0.000489451 4.72011e-05 0.0120331)
(0.000512839 -4.34377e-05 0.0112439)
(0.000641235 -1.64285e-05 0.0113277)
(0.000623188 -5.91759e-05 0.0100029)
(-0.000623202 -5.91717e-05 0.0100029)
(-0.000641247 -1.64183e-05 0.0113277)
(-0.000512835 -4.3424e-05 0.0112439)
(-0.000489457 4.72183e-05 0.0120332)
(5.67718e-06 5.66055e-06 0.0119608)
(3.73918e-06 3.75421e-06 0.0117867)
(0.000304094 -1.90087e-05 0.0118041)
(0.000325561 4.0083e-05 0.0110095)
(0.000401976 2.15654e-05 0.0109866)
(0.000376611 3.04533e-05 0.00994385)
(-0.000376622 3.04463e-05 0.00994384)
(-0.000401981 2.1555e-05 0.0109866)
(-0.000325564 4.00729e-05 0.0110095)
(-0.000304095 -1.90172e-05 0.0118041)
(-3.73985e-06 3.74556e-06 0.0117868)
(-1.90237e-05 0.00030412 0.0118041)
(0.000340377 0.000340404 0.0118877)
(0.000366206 0.000856827 0.0109401)
(0.000392519 0.000986688 0.0109363)
(0.000385519 0.00177973 0.00967835)
(-0.000385547 0.00177971 0.00967838)
(-0.000392528 0.000986668 0.0109364)
(-0.000366208 0.000856802 0.0109401)
(-0.000340377 0.000340388 0.0118878)
(1.90229e-05 0.000304105 0.0118041)
(4.00688e-05 0.000325596 0.0110094)
(0.000856801 0.000366243 0.01094)
(0.000971486 0.000971521 0.00871117)
(0.00132501 0.0012307 0.0081179)
(0.00117031 0.00102336 0.00576451)
(-0.00117036 0.00102328 0.00576448)
(-0.00132502 0.00123068 0.00811798)
(-0.000971486 0.000971483 0.00871125)
(-0.000856792 0.000366211 0.0109401)
(-4.00682e-05 0.00032557 0.0110095)
(2.15522e-05 0.000402002 0.0109865)
(0.00098666 0.000392549 0.0109362)
(0.00123066 0.00132504 0.00811784)
(0.000444815 0.000444868 0.00629287)
(0.000172519 0.000512541 -0.00648768)
(-0.000172644 0.000512516 -0.00648739)
(-0.000444784 0.000444875 0.00629296)
(-0.00123067 0.00132499 0.00811798)
(-0.000986648 0.000392519 0.0109363)
(-2.15469e-05 0.000401975 0.0109866)
(3.04429e-05 0.000376609 0.00994371)
(0.00177971 0.000385519 0.00967824)
(0.00102334 0.00117031 0.00576444)
(0.000512509 0.000172526 -0.00648776)
(1.13056e-06 1.13058e-06 -0.19282)
(-1.13062e-06 1.13063e-06 -0.19282)
(-0.000512544 0.000172553 -0.00648764)
(-0.00102338 0.0011703 0.00576455)
(-0.00177967 0.000385516 0.00967839)
(-3.04389e-05 0.000376603 0.00994383)
(3.04357e-05 -0.000376637 0.00994372)
(0.00177968 -0.000385564 0.00967828)
(0.00102325 -0.00117038 0.00576442)
(0.000512481 -0.000172681 -0.00648739)
(1.13062e-06 -1.13064e-06 -0.19282)
(-1.13066e-06 -1.13066e-06 -0.19282)
(-0.000512511 -0.000172691 -0.00648726)
(-0.00102329 -0.00117034 0.00576457)
(-0.00177967 -0.000385553 0.00967842)
(-3.0433e-05 -0.000376629 0.00994385)
(2.1543e-05 -0.000402022 0.0109865)
(0.000986643 -0.000392571 0.0109363)
(0.00123064 -0.00132506 0.00811795)
(0.000444845 -0.000444825 0.00629298)
(0.000172568 -0.000512578 -0.00648761)
(-0.000172673 -0.000512547 -0.00648733)
(-0.000444818 -0.000444833 0.00629307)
(-0.00123066 -0.00132502 0.00811806)
(-0.000986638 -0.00039254 0.0109364)
(-2.1542e-05 -0.000401995 0.0109866)
(4.00606e-05 -0.000325604 0.0110095)
(0.000856778 -0.000366247 0.0109401)
(0.000971455 -0.000971524 0.00871129)
(0.00132496 -0.00123071 0.00811807)
(0.0011703 -0.00102341 0.00576464)
(-0.00117033 -0.00102334 0.00576465)
(-0.00132498 -0.00123069 0.00811812)
(-0.00097146 -0.000971493 0.00871136)
(-0.000856778 -0.00036622 0.0109402)
(-4.00611e-05 -0.000325579 0.0110096)
(-1.90295e-05 -0.000304118 0.0118041)
(0.000340365 -0.000340399 0.0118878)
(0.000366183 -0.000856811 0.0109401)
(0.000392498 -0.000986665 0.0109365)
(0.000385518 -0.00177968 0.00967851)
(-0.000385538 -0.00177968 0.00967852)
(-0.000392508 -0.000986654 0.0109365)
(-0.000366188 -0.000856796 0.0109402)
(-0.000340366 -0.000340386 0.0118879)
(1.90276e-05 -0.000304103 0.0118042)
(3.7344e-06 -3.7538e-06 0.0117868)
(0.000304085 1.90101e-05 0.0118042)
(0.000325547 -4.00789e-05 0.0110096)
(0.000401959 -2.15551e-05 0.0109867)
(0.000376606 -3.04451e-05 0.00994397)
(-0.000376615 -3.04399e-05 0.00994398)
(-0.000401965 -2.15494e-05 0.0109867)
(-0.000325551 -4.00702e-05 0.0110096)
(-0.000304085 1.90175e-05 0.0118042)
(-3.73307e-06 -3.74319e-06 0.0117868)
(2.30876e-06 2.31384e-06 0.0116891)
(9.98515e-05 -5.99967e-06 0.0116785)
(0.000103878 8.10471e-06 0.0108846)
(0.000107803 -9.1033e-06 0.0108217)
(0.000101403 -7.40977e-05 0.00986732)
(-0.000101406 -7.40993e-05 0.00986732)
(-0.000107806 -9.10696e-06 0.0108217)
(-0.000103877 8.10092e-06 0.0108847)
(-9.98512e-05 -6.00335e-06 0.0116785)
(-2.31073e-06 2.31136e-06 0.0116891)
(-6.00476e-06 9.98601e-05 0.0116784)
(0.000105643 0.000105652 0.0117294)
(0.000100794 0.00023249 0.0107897)
(2.56896e-05 0.000183653 0.0107974)
(3.64354e-05 9.9715e-05 0.00995508)
(-3.6444e-05 9.97301e-05 0.0099551)
(-2.56953e-05 0.000183646 0.0107975)
(-0.000100793 0.000232484 0.0107897)
(-0.000105641 0.000105645 0.0117295)
(6.00397e-06 9.98553e-05 0.0116785)
(8.09995e-06 0.000103889 0.0108846)
(0.000232482 0.000100806 0.0107896)
(0.000181689 0.000181699 0.0087117)
(-2.50999e-05 6.16722e-05 0.00848693)
(1.65411e-05 -0.00185391 0.00611457)
(-1.65356e-05 -0.0018539 0.00611459)
(2.50755e-05 6.1666e-05 0.008487)
(-0.000181688 0.000181692 0.00871179)
(-0.00023248 0.000100795 0.0107897)
(-8.10003e-06 0.00010388 0.0108846)
(-9.1078e-06 0.000107811 0.0108215)
(0.000183643 2.56992e-05 0.0107973)
(6.16604e-05 -2.50957e-05 0.00848687)
(-0.00200029 -0.00200027 0.00820756)
(-0.00163325 -0.00251025 -0.0132154)
(0.00163325 -0.00251026 -0.0132151)
(0.00200026 -0.00200027 0.00820766)
(-6.16637e-05 -2.5077e-05 0.00848701)
(-0.000183644 2.56908e-05 0.0107975)
(9.10844e-06 0.000107803 0.0108217)
(-7.41009e-05 0.000101402 0.00986718)
(9.97025e-05 3.64356e-05 0.00995497)
(-0.00185391 1.65372e-05 0.00611449)
(-0.00251025 -0.00163325 -0.0132154)
(-8.77118e-07 -8.77109e-07 -0.194842)
(8.77114e-07 -8.77121e-07 -0.194842)
(0.00251026 -0.00163325 -0.0132153)
(0.00185391 1.65467e-05 0.00611465)
(-9.97272e-05 3.64357e-05 0.00995511)
(7.41018e-05 0.000101401 0.00986731)
(-7.41023e-05 -0.000101411 0.0098672)
(9.97177e-05 -3.64499e-05 0.00995501)
(-0.0018539 -1.65372e-05 0.00611453)
(-0.00251026 0.00163324 -0.013215)
(-8.77129e-07 8.77102e-07 -0.194842)
(8.77108e-07 8.77098e-07 -0.194842)
(0.00251026 0.00163325 -0.0132149)
(0.00185391 -1.65571e-05 0.00611468)
(-9.97287e-05 -3.64463e-05 0.00995515)
(7.4102e-05 -0.00010141 0.00986733)
(-9.11106e-06 -0.000107819 0.0108216)
(0.000183637 -2.57094e-05 0.0107974)
(6.16559e-05 2.50673e-05 0.00848697)
(-0.00200029 0.00200024 0.00820768)
(-0.00163326 0.00251025 -0.0132153)
(0.00163326 0.00251026 -0.013215)
(0.00200027 0.00200026 0.00820776)
(-6.16596e-05 2.50656e-05 0.00848709)
(-0.000183641 -2.56999e-05 0.0107975)
(9.11006e-06 -0.000107811 0.0108217)
(8.09689e-06 -0.000103889 0.0108847)
(0.000232477 -0.000100806 0.0107897)
(0.000181684 -0.000181699 0.00871183)
(-2.50778e-05 -6.16752e-05 0.0084871)
(1.65517e-05 0.00185391 0.00611475)
(-1.6557e-05 0.0018539 0.00611476)
(2.50705e-05 -6.16696e-05 0.00848715)
(-0.000181685 -0.000181694 0.00871189)
(-0.000232478 -0.000100798 0.0107898)
(-8.09822e-06 -0.000103881 0.0108847)
(-6.00742e-06 -9.98588e-05 0.0116785)
(0.000105637 -0.000105648 0.0117295)
(0.000100787 -0.000232487 0.0107898)
(2.56842e-05 -0.00018365 0.0107976)
(3.64363e-05 -9.97376e-05 0.00995524)
(-3.64411e-05 -9.97387e-05 0.00995525)
(-2.56894e-05 -0.000183647 0.0107976)
(-0.000100788 -0.000232484 0.0107898)
(-0.000105637 -0.000105643 0.0117295)
(6.00683e-06 -9.98555e-05 0.0116786)
(2.30768e-06 -2.31529e-06 0.0116892)
(9.9849e-05 5.9998e-06 0.0116786)
(0.000103873 -8.10342e-06 0.0108847)
(0.000107799 9.10583e-06 0.0108218)
(0.000101403 7.41003e-05 0.00986745)
(-0.000101405 7.41005e-05 0.00986746)
(-0.000107802 9.10766e-06 0.0108218)
(-0.000103871 -8.10109e-06 0.0108848)
(-9.98497e-05 6.00353e-06 0.0116786)
(-2.31105e-06 -2.31435e-06 0.0116892)
)
;

boundaryField
{
    bottom
    {
        type            noSlip;
    }
    atmosphere
    {
        type            pressureInletOutletVelocity;
        value           nonuniform List<vector> 
100
(
(2.30876e-06 2.31384e-06 0.0116891)
(-6.00476e-06 9.98601e-05 0.0116784)
(8.09995e-06 0.000103889 0.0108846)
(-9.1078e-06 0.000107811 0.0108215)
(-7.41009e-05 0.000101402 0.00986718)
(-7.41023e-05 -0.000101411 0.0098672)
(-9.11106e-06 -0.000107819 0.0108216)
(8.09689e-06 -0.000103889 0.0108847)
(-6.00742e-06 -9.98588e-05 0.0116785)
(2.30768e-06 -2.31529e-06 0.0116892)
(9.98515e-05 -5.99967e-06 0.0116785)
(0.000105643 0.000105652 0.0117294)
(0.000232482 0.000100806 0.0107896)
(0.000183643 2.56992e-05 0.0107973)
(9.97025e-05 3.64356e-05 0.00995497)
(9.97177e-05 -3.64499e-05 0.00995501)
(0.000183637 -2.57094e-05 0.0107974)
(0.000232477 -0.000100806 0.0107897)
(0.000105637 -0.000105648 0.0117295)
(9.9849e-05 5.9998e-06 0.0116786)
(0.000103878 8.10471e-06 0.0108846)
(0.000100794 0.00023249 0.0107897)
(0.000181689 0.000181699 0.0087117)
(6.16604e-05 -2.50957e-05 0.00848687)
(-0.00185391 1.65372e-05 0.00611449)
(-0.0018539 -1.65372e-05 0.00611453)
(6.16559e-05 2.50673e-05 0.00848697)
(0.000181684 -0.000181699 0.00871183)
(0.000100787 -0.000232487 0.0107898)
(0.000103873 -8.10342e-06 0.0108847)
(0.000107803 -9.1033e-06 0.0108217)
(2.56896e-05 0.000183653 0.0107974)
(-2.50999e-05 6.16722e-05 0.00848693)
(-0.00200029 -0.00200027 0.00820756)
(0 0 -0.0132154)
(0 0 -0.013215)
(-0.00200029 0.00200024 0.00820768)
(-2.50778e-05 -6.16752e-05 0.0084871)
(2.56842e-05 -0.00018365 0.0107976)
(0.000107799 9.10583e-06 0.0108218)
(0.000101403 -7.40977e-05 0.00986732)
(3.64354e-05 9.9715e-05 0.00995508)
(1.65411e-05 -0.00185391 0.00611457)
(0 0 -0.0132154)
(0 0 -0.194842)
(0 0 -0.194842)
(0 0 -0.0132153)
(1.65517e-05 0.00185391 0.00611475)
(3.64363e-05 -9.97376e-05 0.00995524)
(0.000101403 7.41003e-05 0.00986745)
(-0.000101406 -7.40993e-05 0.00986732)
(-3.6444e-05 9.97301e-05 0.0099551)
(-1.65356e-05 -0.0018539 0.00611459)
(0 0 -0.0132151)
(0 0 -0.194842)
(0 0 -0.194842)
(0 0 -0.013215)
(-1.6557e-05 0.0018539 0.00611476)
(-3.64411e-05 -9.97387e-05 0.00995525)
(-0.000101405 7.41005e-05 0.00986746)
(-0.000107806 -9.10696e-06 0.0108217)
(-2.56953e-05 0.000183646 0.0107975)
(2.50755e-05 6.1666e-05 0.008487)
(0.00200026 -0.00200027 0.00820766)
(0 0 -0.0132153)
(0 0 -0.0132149)
(0.00200027 0.00200026 0.00820776)
(2.50705e-05 -6.16696e-05 0.00848715)
(-2.56894e-05 -0.000183647 0.0107976)
(-0.000107802 9.10766e-06 0.0108218)
(-0.000103877 8.10092e-06 0.0108847)
(-0.000100793 0.000232484 0.0107897)
(-0.000181688 0.000181692 0.00871179)
(-6.16637e-05 -2.5077e-05 0.00848701)
(0.00185391 1.65467e-05 0.00611465)
(0.00185391 -1.65571e-05 0.00611468)
(-6.16596e-05 2.50656e-05 0.00848709)
(-0.000181685 -0.000181694 0.00871189)
(-0.000100788 -0.000232484 0.0107898)
(-0.000103871 -8.10109e-06 0.0108848)
(-9.98512e-05 -6.00335e-06 0.0116785)
(-0.000105641 0.000105645 0.0117295)
(-0.00023248 0.000100795 0.0107897)
(-0.000183644 2.56908e-05 0.0107975)
(-9.97272e-05 3.64357e-05 0.00995511)
(-9.97287e-05 -3.64463e-05 0.00995515)
(-0.000183641 -2.56999e-05 0.0107975)
(-0.000232478 -0.000100798 0.0107898)
(-0.000105637 -0.000105643 0.0117295)
(-9.98497e-05 6.00353e-06 0.0116786)
(-2.31073e-06 2.31136e-06 0.0116891)
(6.00397e-06 9.98553e-05 0.0116785)
(-8.10003e-06 0.00010388 0.0108846)
(9.10844e-06 0.000107803 0.0108217)
(7.41018e-05 0.000101401 0.00986731)
(7.4102e-05 -0.00010141 0.00986733)
(9.11006e-06 -0.000107811 0.0108217)
(-8.09822e-06 -0.000103881 0.0108847)
(6.00683e-06 -9.98555e-05 0.0116786)
(-2.31105e-06 -2.31435e-06 0.0116892)
)
;
    }
    walls
    {
        type            noSlip;
    }
}


// ************************************************************************* //
