/*--------------------------------*- C++ -*----------------------------------*\
| =========                 |                                                 |
| \\      /  F ield         | OpenFOAM: The Open Source CFD Toolbox           |
|  \\    /   O peration     | Version:  2412                                  |
|   \\  /    A nd           | Website:  www.openfoam.com                      |
|    \\/     M anipulation  |                                                 |
\*---------------------------------------------------------------------------*/
FoamFile
{
    version     2.0;
    format      ascii;
    arch        "LSB;label=32;scalar=64";
    class       surfaceScalarField;
    location    "0.81";
    object      phi;
}
// * * * * * * * * * * * * * * * * * * * * * * * * * * * * * * * * * * * * * //

dimensions      [0 3 -1 0 0 0 0];

oriented        oriented;

internalField   nonuniform List<scalar> 
11100
(
0.000363539
0.000363539
-0.000727078
4.99007e-05
0.000435574
-0.000121935
-0.000175323
0.000276046
-5.08222e-05
-0.00018028
0.000194515
-0.000189557
7.54398e-10
7.0346e-05
-0.000250627
0.000180281
7.03443e-05
-0.000250625
0.000175322
0.00019452
-0.000189561
-4.99018e-05
0.000276048
-5.08239e-05
-0.000363539
0.000435575
-0.000121937
0.000363539
-0.000727078
0.000435574
4.9901e-05
-0.000121936
0.000467048
0.000467048
-6.29491e-05
0.000209344
0.000530831
2.91947e-06
-2.04653e-05
0.000108807
0.000315517
-1.09228e-09
-1.11223e-05
6.10041e-05
2.04656e-05
-1.11345e-05
6.10122e-05
-0.000209341
0.000108808
0.000315519
-0.000467046
0.000530837
2.91682e-06
-0.000435574
0.00046705
-6.29471e-05
4.99016e-05
-0.000121937
0.000276046
-0.000175323
-5.08221e-05
0.000530829
0.000209345
2.92026e-06
0.0004094
0.000409404
0.000242855
0.000148517
-0.000105302
0.000474992
-1.62767e-09
-0.000272479
0.000409875
-0.000148516
-0.000272486
0.000409865
-0.000409399
-0.000105304
0.000474995
-0.00053083
0.000409408
0.00024286
-0.000276046
0.000209345
2.92082e-06
-0.000175321
-5.08233e-05
0.000194514
-0.00018028
-0.000189557
0.000108808
-2.04644e-05
0.000315516
-0.000105302
0.000148518
0.000474996
-8.212e-05
-8.21213e-05
-4.63629e-05
-4.97373e-09
-0.000124574
-0.00023002
8.21193e-05
-0.00012458
-0.00023003
0.000105305
-8.21218e-05
-4.63682e-05
-0.00010881
0.000148516
0.000475007
-0.000194516
-2.04639e-05
0.000315516
-0.000180279
-0.000189558
7.03488e-05
6.63639e-10
-0.000250629
-1.11149e-05
-1.72096e-09
6.1001e-05
-0.000272475
-5.02227e-09
0.000409883
-0.000124566
-1.12391e-08
-0.000230019
-5.51802e-09
-1.30626e-08
-0.000249122
0.000124562
-1.34164e-08
-0.000249134
0.000272479
-1.10143e-08
-0.000230028
1.11185e-05
-4.97868e-09
0.000409882
-7.03503e-05
-1.5599e-09
6.10064e-05
5.229e-10
-0.00025063
7.03443e-05
0.000180281
-0.000250624
-1.11382e-05
2.04635e-05
6.10173e-05
-0.00027249
-0.000148518
0.000409864
-0.000124581
8.21165e-05
-0.000230036
-5.84763e-09
0.000124565
-0.000249153
0.000124578
0.000124571
-0.000249168
0.000272494
8.21174e-05
-0.000230045
1.11419e-05
-0.000148515
0.000409863
-7.03456e-05
2.04629e-05
6.10229e-05
0.00018028
-0.000250625
0.000194521
0.000175321
-0.000189562
0.000108807
-0.000209342
0.00031552
-0.000105309
-0.0004094
0.000474998
-8.21248e-05
0.000105309
-4.63766e-05
-4.73199e-09
0.000272489
-0.000230044
8.21246e-05
0.000272497
-0.000230054
0.000105314
0.000105312
-4.63837e-05
-0.000108807
-0.000409402
0.000475008
-0.000194522
-0.000209342
0.00031552
0.00017532
-0.000189563
0.000276048
-4.99022e-05
-5.08245e-05
0.000530836
-0.000467046
2.91602e-06
0.000409404
-0.000530831
0.000242863
0.000148513
-0.000108807
0.000475007
-1.65479e-09
1.11321e-05
0.000409872
-0.000148511
1.11447e-05
0.000409862
-0.000409401
-0.000108807
0.000475009
-0.000530836
-0.000530836
0.000242868
-0.000276048
-0.000467047
2.91744e-06
-4.99025e-05
-5.08255e-05
0.000435575
-0.000363539
-0.000121938
0.000467049
-0.000435574
-6.29462e-05
0.000209344
-0.000276046
2.92076e-06
-2.04642e-05
-0.000194517
0.000315518
-9.9089e-10
-7.03468e-05
6.10157e-05
2.04644e-05
-7.03447e-05
6.10241e-05
-0.000209341
-0.000194522
0.00031552
-0.000467048
-0.000276048
2.91879e-06
-0.000435575
-0.000435575
-6.2944e-05
-0.000363539
-0.000121939
0.000363539
-0.000727078
4.99016e-05
-0.000121937
-0.000175321
-5.08234e-05
-0.00018028
-0.000189558
5.97807e-10
-0.000250627
0.000180281
-0.000250625
0.000175321
-0.000189562
-4.99023e-05
-5.08251e-05
-0.000363539
-0.000121938
-0.000727079
9.16545e-05
9.16547e-05
-0.000910387
9.16539e-05
0.00011545
-0.000237385
-0.000109979
5.74455e-05
9.33653e-05
-0.000167041
-7.31419e-05
-5.93535e-05
-1.1038e-09
1.4703e-05
-0.00043237
0.000167039
1.47012e-05
-0.000432366
0.000109979
-7.31457e-05
-5.93549e-05
-9.16551e-05
5.7454e-05
9.33558e-05
-9.16556e-05
0.000115452
-0.000237388
9.16538e-05
-0.000910388
0.00011545
9.1655e-05
-0.000237386
0.00072333
0.000723331
-0.00127871
0.000417488
0.000926141
-0.000559934
-0.000106332
0.000540925
0.000225271
-7.23656e-11
0.000974717
-0.00100534
0.000106321
0.000974718
-0.00100533
-0.000417505
0.000540864
0.000225335
-0.000723335
0.000926117
-0.000559917
-0.000115449
0.000723326
-0.00127871
9.16552e-05
-0.000237387
5.74449e-05
-0.000109978
9.33657e-05
0.000926142
0.000417486
-0.000559932
0.00086751
0.00086751
0.000360118
0.000358632
0.000409975
0.00111482
4.00149e-09
0.000181307
0.00156191
-0.000358627
0.000181265
0.00156195
-0.00086751
0.00040994
0.0011148
-0.000926137
0.000867495
0.000360109
-5.74481e-05
0.000417483
-0.000559926
-0.000109976
9.33601e-05
-7.31403e-05
-0.000167041
-5.93536e-05
0.000540937
-0.000106336
0.000225259
0.000409981
0.000358639
0.00111482
2.47237e-05
2.47194e-05
0.00072415
-6.30682e-09
-0.000184831
0.000160848
-2.47279e-05
-0.000184916
0.000160873
-0.000409951
2.47102e-05
0.000724084
-0.000540904
0.000358641
0.00111481
7.31398e-05
-0.00010633
0.000225285
-0.00016704
-5.93545e-05
1.4704e-05
-9.4351e-10
-0.000432373
0.000974711
1.43508e-09
-0.00100534
0.00018134
5.21563e-09
0.00156189
-0.000184742
-1.60572e-08
0.000160799
-6.47413e-08
-1.50385e-07
-0.000618479
0.000184668
-1.5104e-07
-0.000618631
-0.000181333
-1.45201e-08
0.000160697
-0.000974701
5.47528e-09
0.00156189
-1.4704e-05
2.41899e-09
-0.00100532
-9.54496e-10
-0.000432373
1.47006e-05
0.000167039
-0.000432365
0.000974703
0.000106321
-0.00100531
0.000181239
-0.000358629
0.00156196
-0.000184933
-2.47351e-05
0.000160854
-6.57877e-08
0.000184664
-0.000618834
0.000184869
0.00018476
-0.000619013
-0.000181224
-2.47238e-05
0.000160757
-0.000974692
-0.000358629
0.00156197
-1.47003e-05
0.000106318
-0.00100528
0.000167038
-0.000432364
-7.31463e-05
0.000109978
-5.93545e-05
0.000540847
-0.000417511
0.000225358
0.000409925
-0.000867506
0.0011148
2.46991e-05
-0.000409928
0.000724043
-4.5681e-09
-0.000181295
0.000160619
-2.47008e-05
-0.000181246
0.000160648
-0.000409896
-0.000409894
0.000723981
-0.000540819
-0.000867489
0.00111479
7.31452e-05
-0.000417506
0.000225381
0.000109976
-5.93556e-05
5.74557e-05
-9.16558e-05
9.33533e-05
0.000926113
-0.000723338
-0.000559914
0.000867493
-0.000926132
0.00036011
0.000358635
-0.000540871
0.00111481
4.22658e-09
-0.000974701
0.00156191
-0.000358628
-0.000974701
0.00156195
-0.00086749
-0.000540815
0.00111479
-0.000926108
-0.000926109
0.000360105
-5.7458e-05
-0.000723332
-0.000559906
-9.1656e-05
9.33486e-05
0.000115452
-9.16558e-05
-0.00023739
0.000723323
-0.000115449
-0.00127871
0.000417486
-5.74498e-05
-0.000559924
-0.000106319
7.31413e-05
0.00022531
6.45424e-10
-1.47023e-05
-0.0010053
0.00010631
-1.47002e-05
-0.00100529
-0.000417501
7.31446e-05
0.000225372
-0.000723327
-5.74575e-05
-0.000559906
-0.000115451
-0.00011545
-0.0012787
-9.1655e-05
-0.00023739
9.16534e-05
-0.000910388
9.16542e-05
-0.000237386
-0.000109978
9.33585e-05
-0.00016704
-5.93545e-05
-1.07531e-09
-0.000432369
0.000167038
-0.000432364
0.000109977
-5.93559e-05
-9.16552e-05
9.33497e-05
-9.16546e-05
-0.000237389
-0.000910388
6.03067e-05
6.03069e-05
-0.001031
0.000217345
7.54263e-05
-0.000469849
8.08696e-05
4.78168e-05
0.000182024
-7.80533e-05
-4.42739e-06
0.000103997
-1.73761e-09
-0.0003789
-0.000131521
7.80566e-05
-0.000378899
-0.000131525
-8.08583e-05
-4.43574e-06
0.000103996
-0.000217338
4.78176e-05
0.000182018
-6.03053e-05
7.54259e-05
-0.000469847
6.03061e-05
-0.001031
7.54266e-05
0.000217345
-0.000469851
0.000737937
0.000737929
-0.00260372
-4.35039e-05
0.00151975
-0.00125043
-0.000501807
0.00150435
-0.000825201
1.07406e-08
-9.89019e-05
-0.00178716
0.000501811
-9.88549e-05
-0.00178717
4.34782e-05
0.00150437
-0.000825135
-0.000737965
0.00151975
-0.0012504
-7.54263e-05
0.000737933
-0.00260375
0.000217344
-0.000469851
4.78166e-05
8.08716e-05
0.000182023
0.00151975
-4.35156e-05
-0.00125042
0.00115218
0.00115217
0.00109527
0.000643507
0.00100463
0.0021232
-1.40879e-08
4.08468e-05
0.00206569
-0.000643524
4.07838e-05
0.00206582
-0.0011522
0.00100464
0.0021232
-0.00151976
0.00115217
0.00109525
-4.78164e-05
-4.35173e-05
-0.00125042
8.08693e-05
0.000182019
-4.42431e-06
-7.80523e-05
0.000103995
0.00150435
-0.000501795
-0.000825232
0.00100463
0.00064351
0.0021232
0.000668457
0.000668419
0.00139654
-1.36285e-08
-5.84221e-05
0.000928588
-0.000668477
-5.84915e-05
0.000928611
-0.00100464
0.000668398
0.00139649
-0.00150435
0.000643511
0.00212319
4.42729e-06
-0.000501785
-0.000825224
-7.80544e-05
0.000103996
-0.000378905
1.60634e-09
-0.000131522
-9.8936e-05
2.65527e-08
-0.00178713
4.08418e-05
-2.29602e-08
0.00206564
-5.83971e-05
-2.89695e-08
0.000928485
-7.5312e-08
-1.87721e-07
-0.000735035
5.83751e-05
-1.85564e-07
-0.000735387
-4.07675e-05
-2.03236e-08
0.000928258
9.8977e-05
-1.95356e-08
0.00206567
0.000378928
3.03469e-08
-0.00178709
1.53359e-09
-0.000131502
-0.00037889
7.80596e-05
-0.000131533
-9.88628e-05
0.000501803
-0.00178711
4.0702e-05
-0.000643536
0.00206591
-5.8527e-05
-0.000668458
0.000928513
-7.42047e-08
5.83351e-05
-0.00073581
5.8508e-05
5.84092e-05
-0.00073619
-4.06254e-05
-0.000668429
0.000928299
9.89123e-05
-0.000643533
0.00206594
0.000378914
0.000501795
-0.00178705
7.80603e-05
-0.00013151
-4.43582e-06
-8.0857e-05
0.000103998
0.00150437
4.34735e-05
-0.000825121
0.00100464
-0.0011522
0.00212319
0.000668414
-0.00100463
0.00139644
-3.85587e-09
-4.07135e-05
0.000928085
-0.000668424
-4.06478e-05
0.000928125
-0.00100464
-0.00100463
0.0013964
-0.00150437
-0.00115219
0.00212318
4.43756e-06
4.34775e-05
-0.000825109
-8.08562e-05
0.000103998
4.78178e-05
-0.000217338
0.000182016
0.00151974
-0.000737972
-0.0012504
0.00115217
-0.00151976
0.00109525
0.000643511
-0.00150435
0.00212319
-1.10514e-08
9.89912e-05
0.00206573
-0.000643525
9.89516e-05
0.00206586
-0.00115219
-0.00150436
0.00212318
-0.00151975
-0.00151976
0.00109523
-4.78175e-05
-0.000737973
-0.00125039
-0.000217337
0.000182012
7.54255e-05
-6.03051e-05
-0.000469847
0.000737935
-7.54261e-05
-0.00260376
-4.35066e-05
-4.78166e-05
-0.00125043
-0.000501769
4.4318e-06
-0.000825204
1.33979e-08
0.000378944
-0.00178704
0.000501774
0.000378944
-0.00178704
4.34818e-05
4.43918e-06
-0.000825135
-0.00073796
-4.78174e-05
-0.00125041
-7.54253e-05
-7.54258e-05
-0.00260378
-6.03044e-05
-0.000469848
6.03057e-05
-0.001031
0.000217344
-0.00046985
8.08669e-05
0.000182019
-7.80559e-05
0.000104
-1.53295e-09
-0.000131479
7.80581e-05
-0.00013148
-8.0857e-05
0.000103998
-0.000217337
0.000182013
-6.03044e-05
-0.000469848
-0.001031
4.51446e-05
4.51443e-05
-0.00112129
0.000215092
5.08303e-05
-0.000690627
0.000164394
4.07884e-05
0.000191934
-0.000115566
0.00021304
0.000170917
5.87295e-09
7.0703e-06
-0.000254164
0.000115574
7.14836e-06
-0.000254241
-0.000164385
0.000213019
0.000170935
-0.00021509
4.07891e-05
0.000191934
-4.51432e-05
5.08272e-05
-0.000690621
4.51427e-05
-0.00112128
5.08322e-05
0.000215091
-0.00069063
-5.63579e-05
-5.6367e-05
-0.00238934
-0.000698116
0.00126238
-0.00183026
-0.00025132
0.000578704
-0.00163766
5.01696e-10
-0.000827202
-0.00120421
0.00025132
-0.000827083
-0.00120426
0.000698115
0.000578741
-0.00163765
5.63504e-05
0.00126239
-0.00183024
-5.0835e-05
-5.63913e-05
-0.00238935
0.000215087
-0.000690631
4.07885e-05
0.000164394
0.000191932
0.00126238
-0.00069813
-0.00183025
0.000897565
0.000897556
0.00182491
0.000530408
0.000854681
0.00221438
-4.73642e-08
-0.000453098
0.00222204
-0.000530463
-0.000453118
0.00222227
-0.000897583
0.000854673
0.00221439
-0.00126239
0.000897553
0.00182489
-4.0786e-05
-0.000698187
-0.00183023
0.000164391
0.000191929
0.000213042
-0.000115567
0.000170913
0.000578698
-0.000251318
-0.0016377
0.00085468
0.000530391
0.00221438
0.000513634
0.000513586
0.00207868
3.67832e-08
-0.000232019
0.00122111
-0.000513618
-0.00023198
0.00122113
-0.000854687
0.000513486
0.00207875
-0.000578691
0.000530364
0.00221438
-0.000213011
-0.000251364
-0.00163773
-0.000115569
0.000170945
7.02126e-06
1.33952e-08
-0.000254124
-0.000827259
3.61496e-10
-0.00120417
-0.000453148
-7.61504e-08
0.002222
-0.000232164
6.40363e-08
0.00122102
1.44845e-07
2.87624e-07
-0.00119965
0.000232377
2.63142e-07
-0.00119986
0.000453297
4.98181e-08
0.00122077
0.000827306
-7.0302e-08
0.0022221
-7.00951e-06
3.93423e-10
-0.00120414
1.29547e-08
-0.000254093
7.15385e-06
0.00011558
-0.000254254
-0.000827071
0.000251312
-0.0012042
-0.000453213
-0.00053048
0.00222246
-0.000232058
-0.000513556
0.00122098
1.19481e-07
0.000232422
-0.00120012
0.000232239
0.000232352
-0.0012004
0.000453355
-0.000513468
0.0012207
0.000827132
-0.000530448
0.00222254
-7.13304e-06
0.000251345
-0.00120413
0.00011558
-0.00025421
0.000213009
-0.000164382
0.000170951
0.000578745
0.000698124
-0.00163767
0.000854646
-0.000897588
0.0022144
0.000513408
-0.00085467
0.00207879
2.33406e-08
0.000453369
0.00122052
-0.000513403
0.00045338
0.00122052
-0.000854646
-0.000854656
0.00207883
-0.000578733
-0.000897581
0.0022144
-0.000212987
0.00069817
-0.00163768
-0.000164381
0.000170972
4.07895e-05
-0.00021509
0.000191934
0.0012624
5.63549e-05
-0.00183023
0.000897553
-0.00126239
0.00182489
0.000530358
-0.000578681
0.00221439
-4.25893e-08
0.000827302
0.00222219
-0.00053041
0.000827193
0.00222242
-0.00089757
-0.000578714
0.0022144
-0.0012624
-0.0012624
0.00182488
-4.07873e-05
5.63814e-05
-0.00183021
-0.000215086
0.000191929
5.08265e-05
-4.51428e-05
-0.000690621
-5.64001e-05
-5.08349e-05
-0.00238935
-0.000698193
-4.07853e-05
-0.00183025
-0.000251373
-0.000212991
-0.00163771
-2.76527e-10
-7.03397e-06
-0.00120408
0.000251358
-7.10543e-06
-0.0012041
0.000698181
-0.000212977
-0.00163769
5.63943e-05
-4.07864e-05
-0.00183024
-5.08292e-05
-5.08316e-05
-0.00238935
-4.51411e-05
-0.000690622
4.51424e-05
-0.00112128
0.000215087
-0.000690629
0.00016439
0.00019193
-0.000115569
0.000170968
5.79575e-09
-0.000254088
0.000115575
-0.000254154
-0.000164383
0.00017098
-0.000215085
0.000191928
-4.51409e-05
-0.000690624
-0.00112128
6.53422e-05
6.53417e-05
-0.00125197
0.000189458
3.40072e-05
-0.000848751
0.000143162
4.25124e-05
0.000195718
-0.000195611
0.000420387
8.93035e-05
-3.65673e-09
-0.000300282
-0.00014949
0.000195614
-0.000300208
-0.000149651
-0.000143153
0.000420397
8.93052e-05
-0.000189457
4.25135e-05
0.000195725
-6.53412e-05
3.40056e-05
-0.000848743
6.53407e-05
-0.00125197
3.40077e-05
0.00018946
-0.000848756
-0.000171363
-0.000171357
-0.0019786
-0.000783199
0.000733888
-0.0019098
-0.000514959
0.000253653
-0.00173917
2.84942e-08
-0.00122397
-0.000795505
0.000514894
-0.00122373
-0.000795602
0.00078314
0.000253693
-0.0017392
0.000171385
0.000733887
-0.00190986
-3.40064e-05
-0.000171367
-0.00197859
0.000189463
-0.00084876
4.25149e-05
0.000143168
0.000195709
0.000733899
-0.000783227
-0.00190977
0.000605289
0.000605273
0.00208213
0.000458204
0.000368866
0.00224625
-4.78279e-08
-0.000728319
0.00218464
-0.000458282
-0.000728055
0.00218483
-0.000605337
0.000368854
0.00224628
-0.000733927
0.000605253
0.00208212
-4.25201e-05
-0.000783232
-0.00190977
0.000143173
0.000195699
0.000420367
-0.00019561
8.93246e-05
0.000253651
-0.000514985
-0.00173923
0.000368879
0.000458192
0.00224624
-5.23187e-05
-5.22862e-05
0.00292103
8.30785e-08
-0.000198955
0.000639341
5.23752e-05
-0.000198712
0.000639493
-0.00036891
-5.23042e-05
0.00292119
-0.000253698
0.000458173
0.00224625
-0.00042038
-0.000514992
-0.00173928
-0.000195612
8.93506e-05
-0.000300319
-1.59627e-09
-0.000149414
-0.00122403
4.42724e-08
-0.000795489
-0.000728379
-7.34948e-08
0.00218461
-0.000199112
1.51845e-07
0.000639319
1.24418e-07
2.90588e-07
-0.00159813
0.000199103
2.84589e-07
-0.00159784
0.000728286
1.30682e-07
0.000639156
0.00122401
-7.54931e-08
0.00218462
0.000300303
3.72755e-08
-0.000795461
-1.00002e-09
-0.000149401
-0.000300202
0.000195618
-0.000149672
-0.00122364
0.000514895
-0.000795613
-0.000727869
-0.00045832
0.00218494
-0.000198601
5.23969e-05
0.000639465
1.18888e-07
0.000198933
-0.00159748
0.0001986
0.000198699
-0.00159729
0.000727799
5.24113e-05
0.000639222
0.00122364
-0.000458303
0.00218492
0.000300195
0.000514903
-0.000795547
0.000195616
-0.000149632
0.000420391
-0.000143154
8.93328e-05
0.000253709
0.000783145
-0.00173924
0.000368813
-0.000605345
0.00224632
-5.24008e-05
-0.000368894
0.0029213
6.30047e-08
0.000728109
0.000638883
5.24543e-05
0.000727865
0.000638965
-0.000368823
-0.00036886
0.00292138
-0.000253742
-0.00060532
0.00224634
-0.0004204
0.000783156
-0.00173927
-0.000143163
8.93513e-05
4.25163e-05
-0.00018946
0.000195723
0.000733894
0.00017139
-0.00190985
0.000605255
-0.000733934
0.00208212
0.000458168
-0.000253703
0.00224629
-5.14253e-08
0.00122398
0.00218454
-0.000458251
0.00122376
0.00218472
-0.0006053
-0.000253732
0.00224632
-0.000733918
-0.000733929
0.00208211
-4.25209e-05
0.0001714
-0.00190985
-0.000189463
0.000195708
3.40046e-05
-6.53408e-05
-0.000848744
-0.000171378
-3.40057e-05
-0.00197857
-0.000783247
-4.25195e-05
-0.00190979
-0.000515023
-0.000420393
-0.00173925
2.12158e-08
0.000300276
-0.000795417
0.000514949
0.000300208
-0.000795477
0.000783188
-0.000420401
-0.00173926
0.000171402
-4.25203e-05
-0.00190986
-3.40036e-05
-3.40045e-05
-0.00197854
-6.53396e-05
-0.000848748
6.53406e-05
-0.00125197
0.000189463
-0.000848757
0.000143172
0.000195702
-0.000195618
8.93648e-05
-2.71516e-09
-0.000149427
0.000195617
-0.000149567
-0.000143166
8.9362e-05
-0.000189462
0.000195704
-6.53393e-05
-0.000848751
-0.00125196
5.96707e-05
5.96695e-05
-0.00137131
0.000100735
9.51163e-06
-0.000899327
-0.000106708
4.26254e-05
0.000360536
-0.00037759
0.000171393
0.000188793
-1.09633e-08
-0.000668567
0.000141498
0.000377584
-0.000668564
0.000141318
0.000106716
0.0001714
0.000188774
-0.000100734
4.26238e-05
0.00036055
-5.96726e-05
9.51036e-06
-0.000899314
5.96697e-05
-0.00137131
9.51206e-06
0.000100742
-0.000899341
-0.000208626
-0.000208618
-0.00154233
-0.000811849
0.000322915
-0.00158686
-0.000671093
-0.000149403
-0.00155913
1.28122e-08
-0.00143633
-0.000698846
0.00067105
-0.00143631
-0.000698888
0.000811815
-0.000149345
-0.00155922
0.000208638
0.000322901
-0.00158696
-9.51214e-06
-0.000208618
-0.00154231
0.000100747
-0.000899349
4.26327e-05
-0.000106695
0.000360513
0.000322941
-0.000811864
-0.00158683
0.000310617
0.000310592
0.00210678
0.000119348
-0.000333042
0.00262116
-3.46626e-08
-0.000681255
0.00154894
-0.000119416
-0.000681121
0.00154902
-0.000310692
-0.000332984
0.00262119
-0.000322996
0.000310562
0.00210676
-4.2644e-05
-0.000811861
-0.00158688
-0.000106681
0.000360482
0.000171411
-0.000377594
0.000188812
-0.000149386
-0.000671105
-0.00155919
-0.000333054
0.000119355
0.00262114
-0.000521549
-0.000521503
0.00329799
9.20143e-09
-4.21911e-05
-0.000521281
0.000521562
-4.19873e-05
-0.000521194
0.000333023
-0.000521459
0.0032982
0.000149302
0.000119357
0.00262117
-0.000171482
-0.000671093
-0.00155927
-0.000377584
0.000188772
-0.000668561
-1.50691e-08
0.000141567
-0.00143631
2.45735e-08
-0.000698873
-0.000681257
-3.92736e-08
0.00154896
-4.23152e-05
4.7138e-08
-0.000521173
8.18711e-08
2.38827e-07
-0.00168296
4.22985e-05
2.45396e-07
-0.00168229
0.000681147
4.6223e-08
-0.000521198
0.00143626
-4.28612e-08
0.00154891
0.000668528
2.17805e-08
-0.000698843
-1.11173e-08
0.000141554
-0.000668559
0.000377589
0.000141282
-0.00143627
0.000671053
-0.000698929
-0.000680963
-0.00011945
0.00154904
-4.19273e-05
0.000521551
-0.000521074
9.05929e-08
4.2237e-05
-0.0016815
4.19379e-05
4.20564e-05
-0.00168095
0.000680859
0.000521516
-0.00052117
0.00143622
-0.000119455
0.00154897
0.000668525
0.000671048
-0.000698878
0.000377578
0.000141304
0.000171425
0.000106709
0.000188788
-0.000149291
0.000811822
-0.00155929
-0.000332975
-0.000310703
0.00262126
-0.000521422
0.000332981
0.00329831
7.94239e-09
0.000681013
-0.000521323
0.000521446
0.000680883
-0.000521299
0.000332969
0.000332948
0.00329842
0.000149229
-0.000310667
0.00262129
-0.000171473
0.000811831
-0.00155935
0.000106689
0.000188768
4.26307e-05
-0.000100743
0.000360544
0.000322923
0.000208636
-0.00158696
0.000310573
-0.000323
0.00210677
0.000119353
0.000149267
0.00262122
-4.04917e-08
0.0014362
0.00154875
-0.000119428
0.00143618
0.00154881
-0.000310644
0.000149222
0.00262126
-0.000322973
-0.000322981
0.00210676
-4.26371e-05
0.00020864
-0.001587
-0.000100751
0.000360511
9.50956e-06
-5.96725e-05
-0.000899324
-0.000208625
-9.51205e-06
-0.00154228
-0.000811873
-4.26445e-05
-0.0015869
-0.000671127
-0.000171505
-0.00155922
8.65114e-09
0.000668504
-0.000698853
0.000671082
0.000668498
-0.000698869
0.000811846
-0.000171494
-0.00155931
0.000208642
-4.26383e-05
-0.001587
-9.50966e-06
-9.51098e-06
-0.00154224
-5.96727e-05
-0.000899337
5.96701e-05
-0.00137131
0.000100746
-0.000899345
-0.000106682
0.000360485
-0.000377579
0.000188757
-7.52227e-09
0.000141505
0.000377571
0.000141353
0.000106682
0.000188757
-0.00010075
0.000360497
-5.96717e-05
-0.00089934
-0.0013713
-8.56963e-05
-8.56957e-05
-0.00119992
2.19995e-05
4.95084e-06
-0.00101197
-0.000211577
0.000214555
0.000379557
-0.000428298
0.00010789
0.000297624
5.57509e-09
-0.000469076
0.000182272
0.000428304
-0.000469151
0.000182171
0.000211574
0.000107894
0.00029761
-2.2005e-05
0.000214557
0.000379572
8.56934e-05
4.95262e-06
-0.00101197
-8.56954e-05
-0.00119992
4.94917e-06
2.2009e-05
-0.00101199
-0.000183111
-0.000183095
-0.00116623
-0.000760033
0.00017121
-0.000966597
-0.00061443
-0.000297258
-0.00129958
4.07972e-08
-0.000990869
-0.000791525
0.00061447
-0.000991005
-0.000791464
0.000760019
-0.00029723
-0.00129964
0.000183088
0.000171202
-0.000966676
-4.95303e-06
-0.00018307
-0.00116624
2.20155e-05
-0.00101201
0.000214564
-0.000211573
0.000379531
0.000171242
-0.000760018
-0.000966583
1.32399e-05
1.31975e-05
0.00242279
-0.000264886
-0.000685987
0.00328802
-2.91848e-08
-0.000424659
0.000717876
0.000264807
-0.000424674
0.000717852
-1.33563e-05
-0.000685912
0.00328804
-0.000171283
1.31702e-05
0.00242272
-0.000214575
-0.000759999
-0.000966656
-0.000211565
0.000379487
0.000107918
-0.000428303
0.000297624
-0.000297227
-0.000614383
-0.00129968
-0.000686021
-0.000264897
0.00328803
-0.000541424
-0.00054145
0.00300886
-9.29047e-08
-5.74095e-05
-0.00142986
0.000541364
-5.74336e-05
-0.00142989
0.000686016
-0.000541431
0.00300907
0.000297183
-0.000264893
0.00328807
-0.000107951
-0.000614383
-0.00129975
-0.000428299
0.000297555
-0.000469066
1.09942e-08
0.000182319
-0.00099083
7.45553e-08
-0.000791565
-0.000424623
-2.6887e-08
0.00071788
-5.73813e-05
-1.4527e-07
-0.00142972
2.78019e-08
7.86839e-08
-0.00179786
5.7382e-05
9.11168e-08
-0.00179717
0.000424587
-1.20791e-07
-0.00142971
0.000990835
-1.79724e-08
0.000717783
0.000469072
7.11923e-08
-0.000791534
1.22326e-08
0.000182315
-0.000469185
0.000428318
0.00018216
-0.000991037
0.000614472
-0.000791474
-0.000424623
0.000264794
0.000717803
-5.74721e-05
0.000541358
-0.00142973
4.03186e-08
5.7452e-05
-0.00179638
5.74935e-05
5.74939e-05
-0.00179581
0.000424581
0.000541354
-0.00142973
0.000991016
0.000264792
0.000717729
0.000469175
0.000614481
-0.000791448
0.000428314
0.000182177
0.000107927
0.000211571
0.000297608
-0.000297161
0.000760009
-0.00129974
-0.000685852
-1.33753e-05
0.00328812
-0.000541356
0.000685962
0.00300921
-7.09787e-08
0.000424555
-0.00142971
0.000541312
0.000424563
-0.00142975
0.000685853
0.000685888
0.00300935
0.000297123
-1.33487e-05
0.00328816
-0.000107948
0.000760008
-0.00129981
0.00021156
0.000297576
0.000214567
-2.20176e-05
0.000379565
0.000171238
0.000183057
-0.00096668
1.32282e-05
-0.00017128
0.00242268
-0.00026485
0.000297147
0.00328811
-2.14657e-08
0.000990793
0.000717678
0.00026477
0.000990908
0.000717678
-1.3348e-05
0.000297117
0.00328815
-0.000171274
-0.00017127
0.0024226
-0.000214572
0.000183035
-0.000966729
-2.20289e-05
0.000379528
4.95166e-06
8.56916e-05
-0.00101198
-0.000183067
-4.95705e-06
-0.00116625
-0.000760016
-0.000214575
-0.000966656
-0.000614429
-0.000107963
-0.0012997
3.7506e-08
0.000469046
-0.000791572
0.000614474
0.000469107
-0.000791505
0.000760014
-0.00010796
-0.00129977
0.000183043
-0.000214572
-0.000966725
-4.95534e-06
-4.95832e-06
-0.00116624
8.56905e-05
-0.00101201
-8.56963e-05
-0.00119992
2.20141e-05
-0.00101201
-0.000211565
0.000379488
-0.000428299
0.000297529
6.41428e-09
0.000182246
0.000428306
0.00018216
0.000211557
0.000297546
-2.20258e-05
0.000379508
8.56926e-05
-0.00101202
-0.00119992
-0.000139861
-0.000139856
-0.000920204
1.22258e-05
1.7894e-05
-0.00118195
-0.000255859
0.000369444
0.000278198
-0.00044801
2.37035e-06
0.000487405
-5.79977e-09
-0.000513707
0.000247975
0.000448008
-0.000513791
0.000247947
0.000255867
2.37933e-06
0.000487371
-1.22203e-05
0.000369455
0.000278205
0.000139864
1.78935e-05
-0.00118194
-0.000139855
-0.000920202
1.78941e-05
1.22399e-05
-0.00118198
0.000113808
0.000113857
-0.0013581
-0.000523733
0.000160975
-0.000120587
-0.000302201
-0.000436571
-0.00108217
5.67115e-08
-0.000688102
-0.000919388
0.0003023
-0.000688233
-0.000919264
0.000523747
-0.000436541
-0.00108217
-0.000113826
0.000160977
-0.000120625
-1.78955e-05
0.000113903
-0.00135818
1.22459e-05
-0.00118201
0.000369454
-0.000255858
0.000278175
0.000161026
-0.000523664
-0.000120633
-5.84325e-05
-5.84432e-05
0.00286167
-0.000145991
-0.000705226
0.00364423
3.34979e-08
-0.000167796
5.15457e-05
0.000145999
-0.000167872
5.15242e-05
5.84035e-05
-0.000705139
0.00364423
-0.000161053
-5.84231e-05
0.00286158
-0.000369461
-0.000523622
-0.000120722
-0.000255864
0.000278136
2.39605e-06
-0.000448023
0.000487393
-0.000436543
-0.000302133
-0.00108227
-0.000705284
-0.000145934
0.00364426
-0.000362537
-0.000362565
0.00232345
-9.24722e-08
-9.12942e-05
-0.00186881
0.000362482
-9.15011e-05
-0.00186884
0.000705309
-0.000362526
0.00232363
0.000436538
-0.000145867
0.00364429
-2.39274e-06
-0.000302133
-0.00108231
-0.000448024
0.000487322
-0.000513697
-7.52913e-09
0.000248
-0.000688083
9.29281e-08
-0.000919405
-0.000167759
5.52053e-08
5.15667e-05
-9.11405e-05
-1.75915e-07
-0.00186873
-6.69867e-09
-4.32895e-08
-0.00198024
9.11608e-05
-2.40122e-08
-0.00197981
0.000167798
-1.56164e-07
-0.00186872
0.000688138
6.29689e-08
5.15131e-05
0.000513725
8.54414e-08
-0.00091934
-3.48324e-09
0.000248019
-0.000513826
0.000448023
0.000247956
-0.000688288
0.00030231
-0.000919228
-0.000167901
0.000145952
5.15187e-05
-9.1589e-05
0.00036246
-0.00186868
9.21062e-09
9.12953e-05
-0.00197932
9.16082e-05
9.15008e-05
-0.00197893
0.000167925
0.000362432
-0.00186864
0.000688323
0.000145877
5.15169e-05
0.000513835
0.000302316
-0.00091919
0.00044803
0.000247978
2.41321e-06
0.000255872
0.000487346
-0.000436463
0.000523705
-0.00108226
-0.000705077
5.83879e-05
0.0036443
-0.000362466
0.000705255
0.00232381
-7.5777e-08
0.00016785
-0.00186866
0.00036242
0.00016791
-0.00186866
0.0007051
0.000705162
0.00232394
0.000436459
5.83559e-05
0.00364433
-2.41092e-06
0.000523668
-0.00108229
0.000255878
0.000487317
0.000369473
-1.22297e-05
0.000278194
0.000161029
-0.00011388
-0.000120651
-5.83746e-05
-0.000161037
0.00286151
-0.000145831
0.000436509
0.00364432
3.81525e-08
0.000688175
5.14848e-05
0.000145826
0.000688291
5.15091e-05
5.83336e-05
0.000436476
0.00364433
-0.000161058
-0.000161045
0.00286139
-0.000369481
-0.000113936
-0.000120702
-1.22391e-05
0.000278164
1.7893e-05
0.00013986
-0.00118197
0.000113892
-1.78969e-05
-0.00135823
-0.000523656
-0.000369459
-0.000120686
-0.00030218
-2.39524e-06
-0.00108227
4.80714e-08
0.000513737
-0.000919362
0.000302285
0.000513807
-0.000919257
0.000523668
-2.40702e-06
-0.00108227
-0.000113928
-0.000369474
-0.0001207
-1.78962e-05
-1.78984e-05
-0.00135831
0.000139857
-0.001182
-0.000139858
-0.000920202
1.22399e-05
-0.00118201
-0.000255869
0.000278138
-0.000448021
0.000487286
-2.47844e-09
0.000247964
0.000448025
0.000247939
0.000255876
0.000487289
-1.22391e-05
0.000278149
0.000139858
-0.00118201
-0.000920204
-4.70406e-05
-4.70387e-05
-0.000826125
0.000239539
-0.000211147
-0.00125739
-8.50324e-05
0.000375985
0.000226785
-0.000394628
1.96763e-05
0.000777324
-1.03468e-08
-0.000505394
0.000358751
0.000394629
-0.000505456
0.000358764
8.50591e-05
1.96481e-05
0.000777293
-0.00023952
0.000376009
0.000226775
4.70425e-05
-0.0002111
-0.0012574
-4.70377e-05
-0.000826122
-0.000211193
0.000239562
-0.00125739
0.000134508
0.00013465
-0.0020496
-0.000459067
0.000303478
0.000545495
-0.00030985
-0.000471412
-0.000740303
6.94239e-09
-0.000639176
-0.00109546
0.000309894
-0.000639295
-0.00109531
0.000459127
-0.000471498
-0.000740255
-0.000134452
0.00030347
0.000545494
0.000211217
0.000134776
-0.00204973
0.000239572
-0.0012574
0.000375974
-8.50123e-05
0.000226776
0.000303543
-0.00045897
0.000545419
3.02814e-05
3.02634e-05
0.00340815
0.00017975
-0.000483837
0.00350719
1.07098e-08
-0.00014153
-0.000266361
-0.000179731
-0.00014164
-0.000266389
-3.02815e-05
-0.000483855
0.00350714
-0.000303568
3.02967e-05
0.00340804
-0.000375967
-0.000458902
0.000545355
-8.50067e-05
0.000226747
1.97041e-05
-0.000394626
0.000777302
-0.000471365
-0.000309833
-0.000740339
-0.000483871
0.000179808
0.00350722
-2.12703e-05
-2.12799e-05
0.00139829
-4.48426e-08
-3.21215e-05
-0.00199944
2.1259e-05
-3.2348e-05
-0.00199943
0.000483941
-2.12433e-05
0.00139834
0.000471418
0.000179881
0.00350723
-1.96836e-05
-0.00030982
-0.000740287
-0.000394615
0.000777247
-0.000505367
-1.49426e-08
0.000358756
-0.000639138
1.21411e-08
-0.00109548
-0.000141496
1.37848e-08
-0.00026628
-3.19867e-05
-1.08745e-07
-0.00199941
7.43978e-09
-7.4648e-08
-0.00204428
3.20458e-05
-7.53567e-08
-0.00204412
0.000141557
-1.06774e-07
-0.00199937
0.000639175
1.22127e-08
-0.000266236
0.000505378
9.02515e-09
-0.00109537
-1.02315e-08
0.000358791
-0.00050546
0.000394628
0.000358772
-0.000639329
0.000309913
-0.00109526
-0.000141702
-0.000179775
-0.00026632
-3.24236e-05
2.12294e-05
-0.00199929
4.21844e-09
3.21128e-05
-0.00204394
3.24579e-05
3.2317e-05
-0.00204378
0.000141744
2.11869e-05
-0.00199922
0.000639348
-0.000179861
-0.000266214
0.000505457
0.000309907
-0.0010952
0.000394626
0.000358799
1.96471e-05
8.50535e-05
0.000777273
-0.000471514
0.000459097
-0.000740279
-0.000483869
-3.02835e-05
0.00350716
-2.11976e-05
0.000483938
0.00139843
-4.62822e-08
0.000141624
-0.00199932
2.11773e-05
0.000141714
-0.00199928
0.000483912
0.000483929
0.00139846
0.000471541
-3.03441e-05
0.00350718
-1.96351e-05
0.000459037
-0.000740245
8.50403e-05
0.000777268
0.000376012
-0.000239532
0.000226768
0.000303526
-0.000134508
0.000545439
3.03584e-05
-0.000303543
0.00340794
0.000179895
0.000471469
0.00350725
6.80324e-09
0.000639249
-0.000266252
-0.000179892
0.000639355
-0.000266233
-3.03823e-05
0.000471531
0.00350722
-0.000303561
-0.00030355
0.00340778
-0.000376004
-0.000134591
0.000545368
-0.000239552
0.000226753
-0.000211125
4.70417e-05
-0.00125742
0.000134715
0.00021121
-0.00204979
-0.000458929
-0.000375974
0.000545389
-0.000309806
-1.96658e-05
-0.00074026
3.27577e-09
0.000505417
-0.00109534
0.000309861
0.00050547
-0.00109523
0.000458994
-1.96437e-05
-0.000740233
-0.000134633
-0.000375995
0.000545372
0.000211177
0.000211197
-0.00204991
4.70414e-05
-0.00125742
-4.70386e-05
-0.000826122
0.000239563
-0.0012574
-8.50205e-05
0.000226748
-0.00039462
0.00077722
-6.86412e-09
0.000358768
0.000394627
0.000358775
8.50365e-05
0.000777236
-0.000239558
0.000226748
4.70406e-05
-0.00125741
-0.000826122
-4.39643e-05
-4.39604e-05
-0.0007382
0.000502247
-0.000737498
-0.0010661
0.000270721
0.000134696
0.000323615
-0.000209371
-4.16309e-05
0.00129905
-1.63662e-08
-0.000458341
0.000607736
0.000209347
-0.000458393
0.000607795
-0.00027072
-4.16611e-05
0.00129902
-0.000502238
0.000134695
0.000323598
4.3967e-05
-0.000737462
-0.00106615
-4.39563e-05
-0.000738199
-0.000737553
0.000502271
-0.00106607
-0.000909519
-0.000909397
-0.00170574
-0.000819853
0.000250655
0.00033987
-0.000402031
-0.000570383
-0.000629373
-2.50901e-08
-0.000611284
-0.00134453
0.00040203
-0.000611373
-0.00134439
0.000819924
-0.000570473
-0.000629337
0.000909632
0.000250629
0.000339852
0.0007376
-0.000909324
-0.00170583
0.000502294
-0.00106605
0.000134694
0.000270742
0.000323612
0.000250726
-0.00081983
0.00033982
2.22915e-05
2.22583e-05
0.00386498
0.000338365
-0.000265866
0.0028866
-8.02097e-08
-0.000158123
-0.000381077
-0.000338405
-0.000158164
-0.000381273
-2.22694e-05
-0.000265977
0.00288651
-0.000250749
2.22523e-05
0.00386489
-0.00013468
-0.000819853
0.000339815
0.000270764
0.000323598
-4.16197e-05
-0.000209365
0.00129903
-0.000570348
-0.000402059
-0.000629382
-0.000265875
0.000338381
0.00288663
0.000196664
0.000196631
0.000473253
8.92176e-09
2.30416e-05
-0.00198395
-0.000196623
2.29609e-05
-0.00198393
0.000265952
0.000196549
0.000473238
0.000570408
0.000338438
0.00288658
4.16429e-05
-0.000402072
-0.000629303
-0.000209341
0.00129899
-0.000458297
-2.36086e-08
0.000607712
-0.000611243
-4.80408e-08
-0.00134454
-0.000158119
-1.28605e-07
-0.000380894
2.30812e-05
-2.10843e-08
-0.00198396
3.57639e-08
1.94674e-08
-0.00199822
-2.30222e-05
1.00516e-08
-0.00199811
0.000158142
-3.5914e-08
-0.00198395
0.000611257
-1.27373e-07
-0.000380785
0.000458302
-4.72939e-08
-0.00134444
-1.89655e-08
0.000607772
-0.000458379
0.000209333
0.000607795
-0.000611383
0.000402045
-0.00134435
-0.0001582
-0.000338442
-0.000381189
2.29287e-05
-0.000196592
-0.00198385
2.35709e-08
-2.29803e-05
-0.00199803
-2.28863e-05
-2.29134e-05
-0.00199794
0.000158218
-0.000196542
-0.00198382
0.000611389
-0.000338502
-0.00038101
0.000458375
0.000402055
-0.00134429
0.000209319
0.000607836
-4.1674e-05
-0.000270733
0.00129901
-0.000570504
0.000819938
-0.000629341
-0.000266029
-2.22489e-05
0.00288649
0.000196539
0.000265989
0.000473278
-1.02151e-08
0.000158173
-0.00198392
-0.000196534
0.000158208
-0.00198387
0.000266067
0.000266063
0.000473253
0.000570543
-2.22724e-05
0.00288648
4.16957e-05
0.000819941
-0.000629284
-0.00027075
0.00129903
0.000134696
-0.000502249
0.000323588
0.000250675
0.000909603
0.000339795
2.22892e-05
-0.000250717
0.00386479
0.000338462
0.00057047
0.0028866
-7.59669e-08
0.000611345
-0.000380886
-0.000338503
0.000611428
-0.000381025
-2.22897e-05
0.000570542
0.00288653
-0.000250709
-0.000250709
0.00386464
-0.000134694
0.000909538
0.000339756
-0.000502267
0.000323575
-0.000737485
4.39657e-05
-0.00106615
-0.00090937
0.000737584
-0.00170589
-0.000819845
-0.000134685
0.000339831
-0.000402021
4.1664e-05
-0.000629277
-2.18192e-08
0.000458375
-0.00134437
0.000402025
0.00045842
-0.00134427
0.0008199
4.16946e-05
-0.000629259
0.000909476
-0.000134695
0.000339781
0.000737529
0.000737553
-0.00170598
4.39632e-05
-0.00106612
-4.3958e-05
-0.000738199
0.000502283
-0.00106606
0.000270745
0.000323601
-0.000209346
0.00129897
-1.23463e-08
0.000607809
0.000209329
0.000607853
-0.000270746
0.00129901
-0.000502274
0.000323582
4.39609e-05
-0.0010661
-0.000738198
-7.02649e-05
-7.02631e-05
-0.000597672
0.000457496
-0.000670959
-0.000922902
0.000271923
0.00011683
0.000392358
-0.00010822
-4.52578e-05
0.00172445
-9.84753e-09
-0.000338861
0.000838387
0.000108207
-0.000338863
0.000838441
-0.000271916
-4.53145e-05
0.00172446
-0.000457492
0.000116814
0.000392359
7.02658e-05
-0.000670978
-0.000922927
-7.02602e-05
-0.000597673
-0.000670966
0.00045751
-0.000922879
-0.000982103
-0.000982069
-0.00108349
-0.000762472
0.00011293
0.000124139
-0.000358337
-0.0005276
-0.000551166
-2.27842e-08
-0.000509252
-0.00153245
0.000358322
-0.000509213
-0.00153238
0.000762522
-0.000527685
-0.000551167
0.000982155
0.000112886
0.000124148
0.000670972
-0.000982099
-0.00108353
0.000457524
-0.000922863
0.000116838
0.000271932
0.000392351
0.000112997
-0.000762484
0.000124077
8.89029e-06
8.8361e-06
0.00407318
0.000468655
-0.000171857
0.00207109
7.95788e-08
-0.000159076
-0.000262677
-0.000468523
-0.000159061
-0.000262822
-8.86245e-06
-0.000171901
0.00207107
-0.000113023
8.78831e-06
0.00407315
-0.00011683
-0.000762535
0.000124058
0.000271936
0.000392355
-4.5243e-05
-0.000108219
0.00172442
-0.000527568
-0.000358364
-0.000551177
-0.000171872
0.000468674
0.00207109
0.000195754
0.000195737
-0.000261967
2.80424e-08
3.80802e-05
-0.00198538
-0.00019568
3.80242e-05
-0.0019853
0.000171932
0.000195677
-0.000261953
0.000527616
0.000468667
0.00207102
4.52794e-05
-0.000358389
-0.000551112
-0.00010821
0.00172442
-0.000338853
-1.43261e-08
0.00083836
-0.000509266
-3.88551e-08
-0.00153246
-0.000159082
9.60364e-08
-0.0002625
3.81013e-05
1.64368e-08
-0.00198542
3.01699e-08
3.06244e-08
-0.00192209
-3.80579e-05
2.28385e-08
-0.00192202
0.000159086
-5.39554e-09
-0.00198541
0.000509269
6.81359e-08
-0.00026237
0.000338854
-4.26709e-08
-0.00153237
-1.25384e-08
0.000838429
-0.00033885
0.000108196
0.000838434
-0.000509208
0.00035833
-0.00153236
-0.000159082
-0.000468493
-0.000262726
3.80009e-05
-0.00019564
-0.00198528
2.12309e-08
-3.80245e-05
-0.001922
-3.79719e-05
-3.7981e-05
-0.00192195
0.000159087
-0.000195616
-0.00198526
0.000509226
-0.000468512
-0.000262568
0.000338857
0.000358347
-0.00153231
0.000108191
0.00083849
-4.53289e-05
-0.00027192
0.00172446
-0.000527711
0.000762552
-0.000551182
-0.00017194
-8.81783e-06
0.00207105
0.000195663
0.000171963
-0.000261928
8.32503e-10
0.000159097
-0.00198538
-0.000195637
0.000159085
-0.0019853
0.000171973
0.000171984
-0.000261957
0.000527741
-8.79357e-06
0.00207099
4.53513e-05
0.000762586
-0.000551134
-0.000271919
0.00172449
0.000116814
-0.000457497
0.000392351
0.000112917
0.000982153
0.000124091
8.80986e-06
-0.000112995
0.00407308
0.000468652
0.00052768
0.00207104
5.46782e-08
0.000509294
-0.000262486
-0.000468548
0.000509273
-0.000262611
-8.79827e-06
0.000527745
0.00207102
-0.000112952
-0.00011297
0.00407297
-0.000116816
0.000982165
0.000124041
-0.000457503
0.000392343
-0.000670988
7.02648e-05
-0.000922919
-0.000982125
0.000670967
-0.00108356
-0.000762528
-0.000116828
0.000124068
-0.00035836
4.53146e-05
-0.00055108
-2.35898e-08
0.000338891
-0.0015323
0.000358343
0.000338899
-0.00153226
0.000762564
4.5358e-05
-0.000551094
0.000982156
-0.000116822
0.000124042
0.000670983
0.000670976
-0.00108362
7.02628e-05
-0.000922905
-7.02609e-05
-0.000597673
0.000457518
-0.000922867
0.000271925
0.000392365
-0.000108215
0.00172443
-8.27879e-09
0.000838494
0.000108204
0.00083854
-0.000271917
0.00172448
-0.000457511
0.000392354
7.02612e-05
-0.000922893
-0.000597674
-8.46542e-05
-8.46545e-05
-0.000428364
0.000365277
-0.000638758
-0.000734076
0.000151984
7.77287e-05
0.000527922
-4.46029e-05
4.33661e-05
0.00187767
6.47644e-09
-0.000147087
0.000940865
4.46101e-05
-0.00014701
0.000940848
-0.000151957
4.33317e-05
0.00187769
-0.000365253
7.76974e-05
0.000527957
8.46557e-05
-0.000638767
-0.000734068
-8.4651e-05
-0.000428366
-0.000638761
0.000365291
-0.000734064
-0.000817357
-0.000817334
-0.000726317
-0.000708625
-0.000104449
0.000197585
-0.000437501
-0.000301267
-0.000477656
-3.84476e-09
-0.000374915
-0.00174212
0.000437495
-0.00037481
-0.00174208
0.000708659
-0.000301311
-0.000477689
0.000817386
-0.000104504
0.000197623
0.000638757
-0.000817346
-0.000726323
0.00036531
-0.000734067
7.77489e-05
0.000151993
0.000527901
-0.00010439
-0.000708643
0.000197525
-7.61556e-05
-7.61991e-05
0.00401669
0.000440391
-0.000100706
0.00135398
1.16887e-07
-0.000138112
-5.92059e-05
-0.000440234
-0.000138135
-5.91462e-05
7.61498e-05
-0.00010076
0.00135413
0.000104304
-7.62504e-05
0.00401674
-7.77695e-05
-0.000708686
0.000197471
0.000151999
0.000527897
4.33669e-05
-4.46e-05
0.00187765
-0.000301258
-0.000437516
-0.00047768
-0.000100714
0.000440373
0.00135398
0.000119103
0.000119106
-0.000701598
4.74004e-08
2.80616e-05
-0.0020325
-0.000119002
2.80018e-05
-0.00203239
0.000100766
0.000119029
-0.00070151
0.000301272
0.00044029
0.00135398
-4.33341e-05
-0.00043754
-0.000477652
-4.45991e-05
0.00187768
-0.000147115
5.16404e-09
0.00094087
-0.00037496
-1.22829e-08
-0.00174212
-0.000138105
1.49035e-07
-5.91315e-05
2.80828e-05
5.34483e-08
-0.00203255
1.26801e-08
1.05778e-08
-0.00186597
-2.80584e-05
5.75974e-09
-0.00186596
0.000138102
2.26631e-08
-0.00203256
0.000374952
1.09476e-07
-5.90389e-05
0.000147113
-1.63652e-08
-0.00174206
-8.59801e-10
0.000940943
-0.000146996
4.46011e-05
0.000940835
-0.000374803
0.000437493
-0.00174206
-0.000138152
-0.000440171
-5.90567e-05
2.79786e-05
-0.000118967
-0.00203239
7.39955e-09
-2.80267e-05
-0.00186599
-2.79649e-05
-2.79769e-05
-0.00186599
0.000138145
-0.000118936
-0.00203241
0.000374815
-0.000440134
-5.89953e-05
0.000147006
0.00043751
-0.00174202
4.45903e-05
0.000940904
4.33205e-05
-0.000151947
0.00187769
-0.000301332
0.000708687
-0.000477723
-0.000100802
7.61748e-05
0.00135417
0.000119001
0.000100791
-0.00070149
1.2062e-08
0.000138124
-0.00203254
-0.000118961
0.000138144
-0.00203245
0.000100824
0.000100817
-0.000701494
0.000301344
7.62119e-05
0.00135412
-4.3306e-05
0.000708721
-0.000477696
-0.000151936
0.00187771
7.76932e-05
-0.000365243
0.000527953
-0.000104493
0.000817385
0.000197579
-7.62472e-05
0.000104308
0.0040167
0.000440292
0.000301293
0.001354
8.28118e-08
0.000374928
-5.90807e-05
-0.000440178
0.000374846
-5.90514e-05
7.62354e-05
0.000301325
0.0013541
0.000104423
0.000104357
0.00401663
-7.77099e-05
0.000817385
0.000197511
-0.000365242
0.000527939
-0.000638766
8.46572e-05
-0.000734053
-0.000817355
0.000638753
-0.000726342
-0.000708683
-7.77676e-05
0.000197471
-0.000437538
-4.33148e-05
-0.000477616
-6.17346e-09
0.000147107
-0.00174201
0.000437531
0.000147041
-0.00174199
0.000708711
-4.33004e-05
-0.000477649
0.00081737
-7.77358e-05
0.000197476
0.000638751
0.000638751
-0.000726364
8.46544e-05
-0.000734049
-8.46491e-05
-0.000428367
0.000365311
-0.000734075
0.000151996
0.000527913
-4.46082e-05
0.00187772
2.49972e-10
0.000940992
4.46057e-05
0.000940976
-0.000151952
0.00187774
-0.000365269
0.000527935
8.46503e-05
-0.000734061
-0.000428369
-2.14169e-05
-2.14157e-05
-0.000385531
0.000297433
-0.000576948
-0.000475978
-5.33186e-06
1.18799e-05
0.000818807
-3.89864e-05
0.000125662
0.00178566
7.00899e-09
0.000283926
0.000617946
3.89883e-05
0.00028399
0.000617876
5.34213e-06
0.000125646
0.00178569
-0.000297407
1.18736e-05
0.000818833
2.14207e-05
-0.000576939
-0.000475957
-2.14097e-05
-0.000385536
-0.000576953
0.000297444
-0.00047597
-0.000697246
-0.000697239
-0.000485732
-0.000640109
-0.000241454
0.000393782
-0.000532031
5.63321e-05
-0.000516405
-2.73224e-08
-0.00019529
-0.00179491
0.000531998
-0.00019523
-0.00179489
0.000640125
5.62331e-05
-0.000516403
0.00069728
-0.000241476
0.000393818
0.000576963
-0.000697241
-0.000485705
0.000297461
-0.000475975
1.18818e-05
-5.33086e-06
0.000818793
-0.000241458
-0.000640139
0.000393764
-0.000165959
-0.000165958
0.0038657
0.000166453
0.000102869
0.000975033
2.42805e-08
-5.45212e-05
-3.35451e-05
-0.000166433
-5.45454e-05
-3.33727e-05
0.000165934
0.000102696
0.000975301
0.000241411
-0.000166001
0.00386579
-1.18968e-05
-0.000640186
0.000393724
-5.32773e-06
0.000818789
0.000125655
-3.90016e-05
0.00178566
5.63121e-05
-0.000532051
-0.000516425
0.000102853
0.000166418
0.00097506
0.000114093
0.000114084
-0.000724052
3.58339e-08
1.73759e-05
-0.00199034
-0.000113999
1.73435e-05
-0.00199024
-0.000102774
0.000113988
-0.000724027
-5.62807e-05
0.000166307
0.000975174
-0.000125631
-0.000532086
-0.000516402
-3.90091e-05
0.00178573
0.000283922
2.86824e-09
0.000617944
-0.000195302
-4.84292e-08
-0.00179489
-5.44954e-05
2.94204e-08
-3.3549e-05
1.73877e-05
4.26464e-08
-0.0019904
1.2501e-09
6.82693e-09
-0.00183122
-1.73791e-05
6.38225e-09
-0.00183124
5.44809e-05
2.00802e-08
-0.00199046
0.000195269
1.41321e-08
-3.35338e-05
-0.000283945
-5.03401e-08
-0.00179488
-9.0388e-09
0.000617998
0.000284031
3.899e-05
0.000617817
-0.000195213
0.000531991
-0.00179485
-5.45346e-05
-0.000166398
-3.33078e-05
1.73309e-05
-0.000113956
-0.00199025
8.96127e-10
-1.73545e-05
-0.0018313
-1.73266e-05
-1.73263e-05
-0.00183133
5.45091e-05
-0.000113898
-0.00199033
0.000195185
-0.0001663
-3.33565e-05
-0.000284062
0.00053202
-0.00179485
3.89836e-05
0.00061785
0.000125636
5.34939e-06
0.00178569
5.61846e-05
0.000640154
-0.000516434
0.000102616
0.000165922
0.000975418
0.000113966
-0.000102754
-0.000724041
1.1985e-08
5.45137e-05
-0.00199046
-0.000113918
5.45313e-05
-0.00199038
-0.000102595
-0.000102635
-0.000724079
-5.6179e-05
0.000165963
0.000975444
-0.000125625
0.00064019
-0.00051642
5.35877e-06
0.00178571
1.18685e-05
-0.000297394
0.000818828
-0.00024149
0.000697294
0.000393798
-0.000166024
0.000241389
0.00386577
0.000166339
-5.629e-05
0.000975168
1.47993e-08
0.00019526
-3.35034e-05
-0.000166329
0.00019521
-3.33867e-05
0.000166002
-5.62193e-05
0.000975349
0.000241456
0.000241413
0.00386573
-1.18804e-05
0.000697286
0.000393751
-0.000297393
0.00081881
-0.00057693
2.14231e-05
-0.00047594
-0.000697231
0.000576968
-0.000485715
-0.000640167
-1.19018e-05
0.000393699
-0.000532075
-0.000125625
-0.000516373
-2.83054e-08
-0.000283924
-0.00179487
0.000532039
-0.000283994
-0.00179486
0.000640174
-0.000125621
-0.000516383
0.000697252
-1.18945e-05
0.000393705
0.000576931
0.000576951
-0.000485707
2.14195e-05
-0.000475931
-2.14073e-05
-0.000385536
0.000297465
-0.000475979
-5.32536e-06
0.000818801
-3.89965e-05
0.00178576
-3.29156e-09
0.000618075
3.89857e-05
0.000617993
5.34873e-06
0.00178576
-0.000297421
0.000818811
2.14132e-05
-0.000475945
-0.000385536
1.06837e-05
1.06837e-05
-0.000406898
0.000219654
-0.000523507
-0.000161441
-7.00732e-05
-1.51552e-05
0.00112369
-0.000193744
0.000296886
0.00161245
2.74787e-08
0.000515392
-9.12173e-05
0.00019377
0.000515419
-9.12854e-05
7.00783e-05
0.000296868
0.00161252
-0.00021964
-1.51572e-05
0.00112371
-1.06832e-05
-0.000523509
-0.000161404
1.06838e-05
-0.000406903
-0.000523506
0.00021966
-0.00016144
-0.000634265
-0.000634265
-0.000264216
-0.000556391
-0.000232949
0.000533703
-0.000454081
0.000373321
-0.000695151
-2.3038e-08
-0.000112421
-0.00162115
0.000454073
-0.000112397
-0.00162117
0.000556424
0.000373199
-0.000695086
0.000634299
-0.000232981
0.000533767
0.000523522
-0.000634274
-0.000264163
0.000219667
-0.000161436
-1.51629e-05
-7.00754e-05
0.00112369
-0.000232975
-0.000556405
0.000533716
-0.000291201
-0.000291195
0.00398217
-0.000152088
0.000270387
0.000938855
-7.67852e-09
2.34864e-05
-0.000321533
0.000152017
2.34871e-05
-0.000321281
0.000291137
0.000270235
0.000939145
0.000232939
-0.000291269
0.00398227
1.51465e-05
-0.000556446
0.000533689
-7.00857e-05
0.00112369
0.000296871
-0.000193751
0.00161247
0.000373291
-0.000454086
-0.000695163
0.000270371
-0.000152109
0.000938894
8.73711e-05
8.73668e-05
-0.000358032
1.65435e-08
5.79656e-06
-0.00188529
-8.73091e-05
5.78888e-06
-0.00188522
-0.000270299
8.72938e-05
-0.000358096
-0.000373237
-0.000152162
0.000939005
-0.000296863
-0.000454115
-0.000695107
-0.000193808
0.00161259
0.000515361
2.97863e-08
-9.11985e-05
-0.000112421
-3.76569e-08
-0.00162116
2.35133e-05
-7.80887e-09
-0.000321584
5.80118e-06
2.11715e-08
-0.00188534
-5.34238e-09
1.76105e-09
-0.00181962
-5.80053e-06
4.7598e-09
-0.00181966
-2.35362e-05
1.25131e-08
-0.00188544
0.000112385
-7.39753e-09
-0.00032161
-0.00051537
-3.25182e-08
-0.00162121
1.22808e-08
-9.11921e-05
0.000515378
0.000193774
-9.1305e-05
-0.000112404
0.000454067
-0.00162118
2.35082e-05
0.000152017
-0.000321244
5.7879e-06
-8.72826e-05
-0.00188523
-1.87799e-09
-5.78899e-06
-0.00181972
-5.78578e-06
-5.78068e-06
-0.00181976
-2.35312e-05
-8.72205e-05
-0.00188535
0.00011238
0.000152077
-0.000321353
-0.000515363
0.000454089
-0.00162123
0.00019381
-9.13099e-05
0.000296843
7.00852e-05
0.00161254
0.000373131
0.000556447
-0.000695103
0.000270171
0.000291113
0.000939282
8.72759e-05
-0.000270295
-0.000358134
7.23237e-09
-2.35218e-05
-0.00188546
-8.72306e-05
-2.35221e-05
-0.0018854
-0.000270136
-0.000270166
-0.000358228
-0.000373112
0.000291187
0.00093931
-0.000296838
0.000556475
-0.00069508
7.01024e-05
0.00161258
-1.5164e-05
-0.000219634
0.00112371
-0.000233011
0.000634319
0.000533774
-0.000291291
0.000232906
0.00398225
-0.000152138
-0.000373257
0.000938978
-5.57396e-09
0.000112362
-0.00032152
0.000152075
0.000112351
-0.00032134
0.00029123
-0.00037316
0.000939187
0.000232982
0.000232934
0.00398223
1.51499e-05
0.000634317
0.000533741
-0.000219634
0.0011237
-0.000523499
-1.0683e-05
-0.000161392
-0.000634263
0.000523531
-0.000264165
-0.000556438
1.51364e-05
0.000533644
-0.000454119
-0.00029687
-0.00069508
-1.9323e-08
-0.000515417
-0.00162119
0.000454107
-0.000515426
-0.00162121
0.000556462
-0.000296852
-0.000695045
0.000634283
1.51384e-05
0.000533679
0.000523502
0.000523522
-0.000264131
-1.06826e-05
-0.000161381
1.06837e-05
-0.000406903
0.000219667
-0.000161431
-7.00777e-05
0.00112368
-0.000193789
0.00161261
1.32635e-08
-9.11449e-05
0.000193799
-9.12183e-05
7.00912e-05
0.00161261
-0.000219647
0.00112369
-1.06829e-05
-0.000161387
-0.000406902
-4.3813e-05
-4.38133e-05
-0.000319272
0.000108762
-0.000453067
0.00013905
-0.000120526
-8.76654e-06
0.00136174
-0.000269694
0.000566924
0.00119469
-3.00171e-08
0.000192523
-0.000553405
0.000269669
0.000192523
-0.000553507
0.000120528
0.000566936
0.00119472
-0.000108755
-8.77193e-06
0.00136176
4.3816e-05
-0.000453077
0.000139101
-4.38177e-05
-0.000319269
-0.000453064
0.000108765
0.000139045
-0.000648852
-0.000648846
0.000127351
-0.000566157
-0.000166757
0.000608998
-0.000321095
0.000518783
-0.000892072
-1.40858e-08
-0.000124365
-0.00162534
0.000321102
-0.000124372
-0.00162539
0.000566188
0.000518799
-0.000892036
0.000648885
-0.0001668
0.000609098
0.00045308
-0.000648848
0.000127414
0.000108769
0.000139058
-8.77324e-06
-0.000120526
0.00136176
-0.000166784
-0.000566148
0.000609029
-0.000359686
-0.000359676
0.00436799
-0.000245374
0.000174128
0.0011692
-1.02074e-07
6.23784e-05
-0.000753548
0.000245194
6.23881e-05
-0.000753337
0.00035962
0.000174161
0.00116936
0.00016677
-0.000359738
0.00436806
8.76211e-06
-0.000566174
0.000609023
-0.000120539
0.00136176
0.00056689
-0.000269694
0.00119475
0.000518738
-0.000321093
-0.000892066
0.000174104
-0.000245373
0.00116923
-1.79798e-05
-1.79729e-05
2.61532e-05
-2.88308e-09
-9.0747e-06
-0.00183182
1.7991e-05
-9.06303e-06
-0.00183176
-0.000174104
-1.79502e-05
2.61096e-05
-0.00051874
-0.000245305
0.00116921
-0.000566889
-0.000321121
-0.000892011
-0.000269734
0.0011949
0.000192519
-4.37133e-08
-0.000553368
-0.000124359
-2.16539e-08
-0.00162535
6.23913e-05
-1.41757e-07
-0.000753566
-9.07357e-06
-1.04076e-09
-0.00183184
-6.46574e-09
-1.60709e-09
-0.00183776
9.07166e-06
3.97792e-09
-0.0018378
-6.23814e-05
3.28268e-09
-0.00183194
0.000124349
-1.08929e-07
-0.000753535
-0.000192571
-1.61561e-08
-0.00162539
-3.59333e-08
-0.000553461
0.000192493
0.000269655
-0.000553496
-0.000124384
0.000321103
-0.00162543
6.24043e-05
0.000245125
-0.000753299
-9.0522e-06
1.79893e-05
-0.00183176
-1.07174e-09
9.07352e-06
-0.00183784
9.05471e-06
9.06468e-06
-0.00183788
-6.23972e-05
1.79929e-05
-0.00183189
0.000124373
0.000245102
-0.000753334
-0.000192536
0.000321124
-0.00162546
0.000269698
-0.00055358
0.0005669
0.00012053
0.00119476
0.000518757
0.000566197
-0.000892053
0.000174148
0.000359589
0.00116943
-1.79493e-05
-0.000174133
2.60849e-05
1.96867e-09
-6.23826e-05
-0.00183195
1.79858e-05
-6.23978e-05
-0.00183192
-0.000174117
-0.000174128
2.59949e-05
-0.00051874
0.000359657
0.00116938
-0.000566886
0.000566212
-0.000892023
0.000120544
0.00119485
-8.77993e-06
-0.000108754
0.00136178
-0.000166837
0.000648899
0.000609128
-0.000359772
0.000166744
0.00436803
-0.000245318
-0.000518787
0.00116918
-8.10989e-08
0.000124334
-0.000753474
0.000245163
0.000124341
-0.000753324
0.000359706
-0.000518782
0.0011693
0.000166826
0.000166784
0.00436798
8.77215e-06
0.000648892
0.000609115
-0.000108756
0.00136177
-0.000453073
4.38176e-05
0.00013911
-0.000648847
0.00045309
0.000127419
-0.000566186
8.75454e-06
0.000608973
-0.000321132
-0.000566923
-0.000891998
-1.11447e-08
-0.000192604
-0.00162538
0.000321135
-0.000192597
-0.00162541
0.000566212
-0.000566919
-0.000891986
0.000648868
8.76215e-06
0.000609045
0.000453077
0.000453092
0.00012746
4.3822e-05
0.000139119
-4.38189e-05
-0.000319266
0.000108768
0.000139072
-0.000120534
0.00136174
-0.00026974
0.00119489
-2.37363e-08
-0.000553465
0.000269718
-0.000553557
0.000120537
0.00119488
-0.000108762
0.00136175
4.38212e-05
0.000139122
-0.000319258
-8.65633e-05
-8.65607e-05
-0.000146148
1.37175e-05
-0.000400231
0.000439001
-0.00020691
2.20287e-05
0.00156034
-0.000318667
0.000631348
0.000675099
-5.41368e-08
0.000109625
-0.000981642
0.000318687
0.000109582
-0.000981831
0.000206981
0.000631487
0.000674943
-1.37128e-05
2.20414e-05
0.00156042
8.65703e-05
-0.000400239
0.000439057
-8.65613e-05
-0.000146137
-0.000400231
1.37224e-05
0.000438993
-0.000629233
-0.000629223
0.000585345
-0.000612599
-9.54922e-05
0.000709885
-0.000286065
0.000448121
-0.00103538
9.66762e-09
-9.16394e-05
-0.00171016
0.000286094
-9.16831e-05
-0.00171021
0.000612629
0.000448315
-0.0010354
0.00062927
-9.55235e-05
0.000710022
0.000400245
-0.000629222
0.000585422
1.37339e-05
0.000439007
2.20179e-05
-0.000206879
0.00156034
-9.55142e-05
-0.000612574
0.000709913
-0.000317934
-0.000317929
0.00481285
-0.00014786
-1.54439e-05
0.00146269
-7.16885e-08
6.76036e-05
-0.00106058
0.000147705
6.76205e-05
-0.00106042
0.00031787
-1.52144e-05
0.00146272
9.55158e-05
-0.000317963
0.00481285
-2.2032e-05
-0.000612576
0.000709925
-0.000206897
0.00156036
0.000631326
-0.000318649
0.000675191
0.000448088
-0.000286049
-0.00103535
-1.54818e-05
-0.000147867
0.00146273
-0.000129461
-0.000129442
0.00025413
-1.99683e-08
-4.2904e-05
-0.00185075
0.000129428
-4.28816e-05
-0.00185071
1.53954e-05
-0.000129325
0.000254252
-0.000448228
-0.000147802
0.00146267
-0.00063144
-0.000286053
-0.00103532
-0.000318654
0.000675218
0.000109663
-7.21791e-08
-0.000981607
-9.16207e-05
1.65701e-08
-0.00171014
6.76091e-05
-9.64781e-08
-0.00106057
-4.2905e-05
-2.17958e-08
-0.00185075
-4.97926e-09
-4.71834e-09
-0.00192356
4.29047e-05
-5.53944e-10
-0.00192359
-6.75793e-05
-7.11214e-09
-0.00185077
9.16391e-05
-7.12843e-08
-0.00106048
-0.000109697
1.65213e-08
-0.00171013
-5.58283e-08
-0.000981756
0.000109597
0.000318687
-0.000981853
-9.16898e-05
0.000286097
-0.00171022
6.76329e-05
0.000147655
-0.00106037
-4.28702e-05
0.000129413
-0.00185069
-1.73185e-09
4.2899e-05
-0.00192362
4.28759e-05
4.28816e-05
-0.00192364
-6.76004e-05
0.000129331
-0.00185075
9.16986e-05
0.000147641
-0.00106035
-0.000109641
0.000286092
-0.00171019
0.000318688
-0.000981965
0.000631505
0.000206984
0.00067496
0.000448344
0.000612622
-0.00103542
-1.51626e-05
0.000317845
0.00146274
-0.000129295
1.53525e-05
0.000254278
-3.93717e-09
-6.75761e-05
-0.00185077
0.000129309
-6.75941e-05
-0.00185076
1.51577e-05
1.51887e-05
0.000254288
-0.000448404
0.000317899
0.00146268
-0.000631563
0.000612614
-0.00103539
0.00020698
0.000674996
2.20357e-05
-1.3717e-05
0.00156044
-9.55513e-05
0.000629277
0.00071006
-0.000317992
9.55016e-05
0.00481282
-0.000147818
-0.000448272
0.00146263
-5.46935e-08
9.16503e-05
-0.00106046
0.000147694
9.16872e-05
-0.00106035
0.000317941
-0.000448401
0.00146264
9.55611e-05
9.55363e-05
0.00481273
-2.2039e-05
0.000629265
0.000710063
-1.3732e-05
0.00156044
-0.000400241
8.657e-05
0.000439064
-0.00062923
0.000400249
0.000585436
-0.000612606
-2.20414e-05
0.000709892
-0.000286078
-0.000631471
-0.00103533
7.38975e-09
-0.000109676
-0.00171014
0.000286098
-0.000109641
-0.00171018
0.00061263
-0.000631567
-0.00103535
0.000629255
-2.20454e-05
0.000710002
0.000400245
0.00040025
0.000585484
8.65689e-05
0.000439063
-8.65631e-05
-0.000146133
1.37343e-05
0.000439024
-0.000206916
0.00156035
-0.000318664
0.000675165
-4.31405e-08
-0.000981762
0.00031868
-0.000981921
0.000206969
0.000675019
-1.37354e-05
0.00156041
8.65679e-05
0.000439069
-0.000146122
-0.000112632
-0.000112632
7.91152e-05
-7.4766e-05
-0.000375095
0.000776229
-0.000255398
3.00834e-05
0.00171089
-0.000332078
0.000507603
0.000244177
-3.54692e-08
8.40588e-05
-0.00139774
0.000332123
8.39941e-05
-0.00139798
0.000255494
0.000507881
0.000243691
7.47676e-05
3.01116e-05
0.00171103
0.000112646
-0.000375106
0.000776285
-0.000112636
7.91442e-05
-0.000375098
-7.47625e-05
0.000776222
-0.000602546
-0.000602536
0.00104023
-0.00056381
-6.72766e-05
0.000768509
-0.000234292
0.00032002
-0.00117731
3.1398e-08
-9.1038e-05
-0.00176938
0.000234295
-9.10799e-05
-0.0017694
0.000563796
0.000320257
-0.00117728
0.000602593
-6.73042e-05
0.000768641
0.000375123
-0.00060255
0.00104034
-7.47406e-05
0.000776235
3.00712e-05
-0.000255352
0.00171086
-6.72943e-05
-0.000563797
0.00076854
-0.000218071
-0.000218062
0.00511441
6.04221e-07
-0.000126733
0.00169077
-2.41193e-08
3.49685e-05
-0.00118596
-6.75036e-07
3.49948e-05
-0.00118584
0.00021804
-0.000126548
0.00169081
6.73005e-05
-0.000218077
0.00511437
-3.00918e-05
-0.000563788
0.000768556
-0.000255372
0.0017109
0.00050759
-0.00033204
0.000244289
0.000320013
-0.000234283
-0.00117729
-0.000126734
6.03959e-07
0.00169081
-0.000146675
-0.000146664
0.000294003
-3.57282e-08
-6.89377e-05
-0.00189348
0.000146613
-6.892e-05
-0.00189344
0.000126633
-0.000146524
0.000294208
-0.000320201
6.43953e-07
0.00169078
-0.000507787
-0.000234271
-0.00117725
-0.000332016
0.000244075
8.40917e-05
-4.7273e-08
-0.00139769
-9.10169e-05
4.8208e-08
-0.00176936
3.49728e-05
-2.66698e-08
-0.00118593
-6.8936e-05
-4.22857e-08
-0.00189346
-3.84242e-09
-6.958e-09
-0.00206142
6.89329e-05
-4.6168e-09
-0.00206145
-3.49527e-05
-2.07176e-08
-0.00189339
9.10438e-05
-1.15685e-08
-0.00118583
-8.40597e-05
3.99103e-08
-0.00176933
-3.16824e-08
-0.0013978
8.40114e-05
0.000332112
-0.00139802
-9.10753e-05
0.000234294
-0.00176938
3.5009e-05
-6.92192e-07
-0.00118579
-6.8912e-05
0.000146602
-0.00189342
-2.90752e-09
6.89272e-05
-0.00206146
6.89144e-05
6.89148e-05
-0.00206148
-3.498e-05
0.000146502
-0.00189338
9.10952e-05
-6.93596e-07
-0.00118574
-8.39904e-05
0.000234279
-0.00176935
0.000332085
-0.00139807
0.000507976
0.000255491
0.000243604
0.000320333
0.000563783
-0.00117726
-0.000126479
0.000218029
0.00169084
-0.000146481
0.000126621
0.000294262
-1.25991e-08
-3.49451e-05
-0.00189336
0.000146473
-3.49662e-05
-0.00189336
0.000126446
0.00012649
0.000294328
-0.000320429
0.000218068
0.0016908
-0.00050808
0.000563775
-0.00117723
0.000255483
0.000243517
3.01116e-05
7.47583e-05
0.00171106
-6.73239e-05
0.000602601
0.000768677
-0.000218096
6.72936e-05
0.00511432
6.31996e-07
-0.000320231
0.00169075
-1.1589e-08
9.10626e-05
-0.00118583
-6.71962e-07
9.11015e-05
-0.00118576
0.000218088
-0.000320393
0.00169076
6.73339e-05
6.73188e-05
0.00511423
-3.01207e-05
0.000602602
0.00076869
7.47301e-05
0.00171107
-0.000375113
0.000112645
0.000776291
-0.000602562
0.000375128
0.00104036
-0.000563807
-3.01032e-05
0.000768535
-0.00023429
-0.000507808
-0.00117727
2.32477e-08
-8.40364e-05
-0.00176935
0.000234288
-8.39776e-05
-0.00176936
0.000563798
-0.000508018
-0.00117724
0.0006026
-3.01237e-05
0.000768643
0.000375132
0.000375132
0.00104042
0.000112641
0.000776284
-0.000112637
7.91489e-05
-7.47373e-05
0.000776251
-0.000255412
0.00171092
-0.000332049
0.000243994
-2.47929e-08
-0.00139782
0.000332094
-0.00139802
0.000255489
0.000243605
7.47284e-05
0.00171105
0.000112641
0.000776289
7.916e-05
-8.94653e-05
-8.94666e-05
0.000258047
-1.95371e-05
-0.000389919
0.00109622
-0.000168529
1.80849e-05
0.0018418
-0.00022497
0.000363304
-6.26857e-05
-5.66597e-09
3.88155e-05
-0.00166152
0.000224871
3.87792e-05
-0.00166164
0.000168446
0.000363425
-6.33096e-05
1.95176e-05
1.8122e-05
0.00184184
8.94662e-05
-0.000389936
0.00109627
-8.94585e-05
0.000258069
-0.00038992
-1.95391e-05
0.00109621
-0.000581889
-0.000581882
0.00142417
-0.000505541
-9.19189e-05
0.000802165
-0.000197481
0.000144677
-0.00126675
4.7479e-08
-0.000108298
-0.0018198
0.000197512
-0.000108314
-0.00181977
0.000505526
0.000144791
-0.00126666
0.000581941
-9.19218e-05
0.00080227
0.000389959
-0.0005819
0.00142428
-1.94977e-05
0.00109623
1.80753e-05
-0.000168538
0.00184178
-9.1936e-05
-0.000505534
0.000802204
-0.000117194
-0.000117174
0.00516492
9.31039e-05
-0.000199682
0.00182483
4.65091e-08
2.87614e-05
-0.00122996
-9.30573e-05
2.87874e-05
-0.00122984
0.000117211
-0.000199629
0.00182496
9.19307e-05
-0.000117179
0.0051649
-1.81036e-05
-0.000505524
0.000802214
-0.000168488
0.00184178
0.000363299
-0.000224981
-6.25675e-05
0.000144692
-0.000197475
-0.00126674
-0.000199654
9.31194e-05
0.00182487
-0.000131313
-0.000131319
0.000157299
-2.94691e-08
-5.99833e-05
-0.00193602
0.000131285
-5.99756e-05
-0.00193599
0.000199608
-0.000131263
0.000157518
-0.0001448
9.31142e-05
0.0018249
-0.000363373
-0.000197486
-0.00126672
-0.000224925
-6.28615e-05
3.8832e-05
-1.17235e-08
-0.00166149
-0.000108285
6.98248e-08
-0.00181979
2.87675e-05
7.50617e-08
-0.00122993
-5.99787e-05
-3.66003e-08
-0.001936
1.30844e-09
-2.62508e-10
-0.00218138
5.99764e-05
-4.98735e-10
-0.0021814
-2.87612e-05
-1.85252e-08
-0.0019359
0.000108306
7.00862e-08
-0.00122985
-3.87968e-05
5.51079e-08
-0.00181977
-2.63225e-09
-0.00166152
3.87926e-05
0.000224831
-0.00166166
-0.000108302
0.000197526
-0.00181974
2.88032e-05
-9.30375e-05
-0.00122979
-5.99692e-05
0.000131287
-0.00193597
4.08063e-11
5.9976e-05
-0.0021814
5.99695e-05
5.99703e-05
-0.00218142
-2.87884e-05
0.00013125
-0.00193589
0.000108321
-9.30275e-05
-0.00122975
-3.87616e-05
0.000197524
-0.00181973
0.000224824
-0.00166166
0.00036348
0.000168414
-6.34588e-05
0.000144849
0.00050552
-0.00126663
-0.000199587
0.000117215
0.00182502
-0.000131243
0.000199625
0.000157581
-1.2217e-08
-2.87536e-05
-0.00193586
0.000131236
-2.87734e-05
-0.00193587
0.000199564
0.000199591
0.000157659
-0.000144906
0.000117234
0.00182501
-0.000363507
0.000505511
-0.00126662
0.000168398
-6.3564e-05
1.81297e-05
1.9507e-05
0.00184184
-9.1927e-05
0.000581952
0.000802302
-0.000117191
9.19271e-05
0.00516488
9.31023e-05
-0.000144807
0.00182489
4.64325e-08
0.000108319
-0.00122984
-9.30427e-05
0.000108335
-0.00122978
0.000117231
-0.00014488
0.00182496
9.19282e-05
9.19271e-05
0.00516484
-1.81492e-05
0.000581959
0.000802319
1.9472e-05
0.00184185
-0.000389946
8.94634e-05
0.00109628
-0.000581913
0.000389967
0.00142431
-0.000505531
-1.81139e-05
0.000802194
-0.000197496
-0.000363383
-0.00126673
3.5748e-08
-3.87832e-05
-0.00181978
0.000197516
-3.87487e-05
-0.00181976
0.000505521
-0.000363472
-0.00126665
0.000581958
-1.81468e-05
0.00080228
0.000389977
0.000389976
0.00142439
8.94556e-05
0.00109628
-8.94574e-05
0.00025807
-1.94877e-05
0.00109625
-0.000168487
0.0018418
-0.000224927
-6.29478e-05
7.9066e-10
-0.00166153
0.000224864
-0.00166163
0.000168428
-6.34312e-05
1.94707e-05
0.00184186
8.94561e-05
0.00109628
0.000258072
-0.000142067
-0.000142071
0.000542185
7.69108e-05
-0.000453687
0.00133093
-4.31713e-05
2.6528e-05
0.00193535
-0.000147021
0.000256679
-0.000215515
3.26241e-08
1.5258e-06
-0.0018101
0.000146959
1.5213e-06
-0.00181009
4.30683e-05
0.000256499
-0.000215918
-7.69462e-05
2.65477e-05
0.0019353
0.000142045
-0.00045369
0.00133097
-0.000142051
0.000542164
-0.000453688
7.6905e-05
0.00133093
-0.000596554
-0.000596556
0.0017099
-0.000475917
-0.000128131
0.000836188
-0.000179697
-9.82644e-06
-0.00129646
4.32881e-08
-0.000132858
-0.00186515
0.000179778
-0.000132856
-0.00186513
0.000475913
-9.89166e-06
-0.0012964
0.000596566
-0.000128124
0.000836289
0.000453718
-0.000596556
0.00171
7.69494e-05
0.00133095
2.65166e-05
-4.31934e-05
0.00193536
-0.000128147
-0.000475911
0.000836224
-3.8992e-05
-3.89741e-05
0.00498661
0.000150817
-0.000191607
0.0018168
5.69441e-08
4.12164e-05
-0.00125327
-0.000150748
4.12339e-05
-0.00125312
3.90207e-05
-0.000191713
0.00181702
0.000128144
-3.89789e-05
0.00498664
-2.65204e-05
-0.000475911
0.000836234
-4.3127e-05
0.00193534
0.000256704
-0.000147037
-0.000215428
-9.80839e-06
-0.000179682
-0.00129646
-0.00019157
0.000150833
0.00181682
-7.15705e-05
-7.15922e-05
-8.27154e-05
-8.16502e-09
-2.03966e-05
-0.00194597
7.16166e-05
-2.04019e-05
-0.00194598
0.000191613
-7.1679e-05
-8.25119e-05
9.82132e-06
0.000150812
0.0018169
-0.000256634
-0.000179716
-0.00129646
-0.000147012
-0.000215611
1.53003e-06
4.31969e-08
-0.0018101
-0.000132851
6.3608e-08
-0.00186515
4.12254e-05
9.01622e-08
-0.00125327
-2.03913e-05
-9.65028e-09
-0.00194597
8.93042e-09
1.22962e-08
-0.00222219
2.03982e-05
9.42565e-09
-0.0022222
-4.12292e-05
-1.54296e-09
-0.00194595
0.000132857
8.07765e-08
-0.0012532
-1.52462e-06
5.00642e-08
-0.00186516
4.0649e-08
-0.0018101
1.52681e-06
0.000146939
-0.00181008
-0.000132847
0.000179806
-0.00186511
4.12473e-05
-0.000150721
-0.00125307
-2.03985e-05
7.1642e-05
-0.00194598
6.62832e-09
2.04048e-05
-0.0022222
2.04044e-05
2.04078e-05
-0.00222221
-4.12452e-05
7.17115e-05
-0.00194596
0.000132851
-0.000150707
-0.00125306
-1.52198e-06
0.000179812
-0.00186512
0.000146944
-0.00181009
0.000256453
4.30396e-05
-0.000216013
-9.89754e-06
0.000475915
-0.00129638
-0.000191724
3.90283e-05
0.0018171
-7.17017e-05
0.00019165
-8.24496e-05
-5.90388e-10
-4.12224e-05
-0.00194594
7.17228e-05
-4.12345e-05
-0.00194595
0.000191737
0.000191732
-8.23755e-05
9.89832e-06
3.90376e-05
0.0018171
-0.000256424
0.00047591
-0.00129639
4.30096e-05
-0.000216053
2.65506e-05
-7.69553e-05
0.00193528
-0.000128123
0.000596568
0.000836323
-3.89869e-05
0.000128138
0.00498663
0.000150798
9.82843e-06
0.00181693
5.35827e-08
0.000132861
-0.00125318
-0.000150727
0.00013286
-0.00125309
3.90272e-05
9.88355e-06
0.00181706
0.000128122
0.000128126
0.00498666
-2.65567e-05
0.000596566
0.000836342
-7.69829e-05
0.00193529
-0.000453696
0.000142041
0.00133098
-0.000596561
0.000453723
0.00171002
-0.000475915
-2.65296e-05
0.000836217
-0.00017973
-0.000256617
-0.00129647
3.37564e-08
-1.52318e-06
-0.00186516
0.000179793
-1.51961e-06
-0.00186514
0.000475915
-0.000256471
-0.00129642
0.000596574
-2.65539e-05
0.0008363
0.000453723
0.000453722
0.00171008
0.000142033
0.00133098
-0.000142045
0.000542156
7.69625e-05
0.00133096
-4.3104e-05
0.00193534
-0.000147003
-0.000215666
3.03241e-08
-0.00181009
0.000146961
-0.00181008
4.30283e-05
-0.000215969
-7.69826e-05
0.00193531
0.000142033
0.00133099
0.000542138
-0.000224342
-0.000224345
0.000990872
0.00021152
-0.000540931
0.001436
0.000136159
4.56763e-05
0.00196504
-7.74281e-05
0.000229846
-0.000231773
5.55921e-08
-1.37255e-05
-0.00187386
7.74828e-05
-1.37154e-05
-0.0018738
-0.000136193
0.000229612
-0.000231854
-0.00021154
4.5675e-05
0.00196498
0.000224344
-0.000540936
0.00143602
-0.000224348
0.000990857
-0.000540928
0.000211512
0.001436
-0.000636065
-0.000636075
0.00190018
-0.000471012
-0.000152763
0.000869574
-0.000166351
-6.60544e-05
-0.00130522
1.2581e-08
-0.000146275
-0.00189897
0.00016639
-0.00014627
-0.00189895
0.000470992
-6.61999e-05
-0.00130519
0.000636047
-0.000152763
0.000869672
0.000540945
-0.000636071
0.00190023
0.000211533
0.00143601
4.56678e-05
0.000136152
0.00196505
-0.000152771
-0.000471012
0.000869599
1.82337e-05
1.82439e-05
0.0046446
0.000191578
-0.000155423
0.00173282
2.23433e-08
5.71044e-05
-0.0012651
-0.000191544
5.71088e-05
-0.00126494
-1.82056e-05
-0.000155505
0.00173298
0.000152772
1.82432e-05
0.00464465
-4.56555e-05
-0.000471011
0.000869601
0.00013618
0.00196504
0.000229877
-7.74169e-05
-0.000231737
-6.60338e-05
-0.000166343
-0.00130522
-0.000155401
0.000191585
0.00173285
-2.25205e-05
-2.25361e-05
-0.000348483
3.63565e-09
1.41144e-05
-0.00192551
2.25578e-05
1.41095e-05
-0.00192554
0.000155449
-2.25968e-05
-0.000348311
6.60933e-05
0.000191575
0.00173292
-0.000229788
-0.00016636
-0.00130523
-7.74446e-05
-0.000231774
-1.37227e-05
7.89003e-08
-0.00187388
-0.000146269
1.94931e-08
-0.00189897
5.7114e-05
3.79742e-08
-0.0012651
1.41183e-05
4.56161e-09
-0.00192551
5.82981e-09
7.7494e-09
-0.00219397
-1.41138e-05
6.92159e-09
-0.00219398
-5.71182e-05
8.36881e-09
-0.00192555
0.000146269
3.66943e-08
-0.00126505
1.37155e-05
1.52355e-08
-0.00189898
6.70343e-08
-0.00187389
-1.37071e-05
7.74896e-05
-0.00187378
-0.000146263
0.000166406
-0.00189894
5.71167e-05
-0.000191528
-0.00126488
1.41106e-05
2.25777e-05
-0.00192554
5.14112e-09
-1.41098e-05
-0.00219398
-1.41067e-05
-1.4106e-05
-0.00219399
-5.71191e-05
2.26301e-05
-0.00192557
0.00014626
-0.000191518
-0.00126488
1.37019e-05
0.000166409
-0.00189896
7.75071e-05
-0.00187382
0.000229546
-0.000136209
-0.000231861
-6.62345e-05
0.000470991
-0.00130519
-0.000155518
-1.81934e-05
0.00173304
-2.2613e-05
0.000155477
-0.000348254
6.69046e-09
-5.71128e-05
-0.00192556
2.26357e-05
-5.71146e-05
-0.00192557
0.000155542
0.000155539
-0.00034819
6.62492e-05
-1.81874e-05
0.00173306
-0.00022952
0.00047099
-0.0013052
-0.000136224
-0.000231843
4.56704e-05
-0.000211546
0.00196495
-0.000152763
0.00063604
0.000869707
1.82429e-05
0.000152764
0.00464467
0.000191567
6.61094e-05
0.00173297
2.42531e-08
0.000146271
-0.00126502
-0.00019153
0.000146266
-0.00126492
-1.82055e-05
6.62178e-05
0.00173305
0.00015276
0.000152758
0.00464475
-4.56693e-05
0.000636044
0.000869718
-0.000211556
0.00196495
-0.000540941
0.000224347
0.00143603
-0.000636073
0.000540946
0.00190025
-0.00047101
-4.56637e-05
0.000869582
-0.000166366
-0.000229765
-0.00130524
1.08054e-08
1.37161e-05
-0.00189898
0.000166399
1.37064e-05
-0.00189897
0.000470996
-0.00022958
-0.00130522
0.000636061
-4.56736e-05
0.000869666
0.000540957
0.000540949
0.00190028
0.000224352
0.00143603
-0.000224349
0.000990853
0.00021154
0.00143602
0.000136185
0.00196503
-7.74601e-05
-0.000231786
4.66784e-08
-0.00187388
7.75068e-05
-0.00187383
-0.000136206
-0.000231836
-0.00021155
0.00196498
0.000224352
0.00143603
0.000990842
-9.45411e-05
-9.45425e-05
0.00117996
0.000502509
-0.000633458
0.0014724
0.000331961
3.519e-05
0.0021004
-2.17545e-06
0.00027068
-0.000168317
3.18137e-08
-1.71654e-05
-0.0018589
2.26833e-06
-1.71589e-05
-0.00185888
-0.000331967
0.000270547
-0.000168166
-0.000502513
3.51625e-05
0.00210036
9.45553e-05
-0.000633467
0.00147242
-9.45549e-05
0.00117997
-0.000633452
0.000502501
0.00147241
-0.000657882
-0.000657892
0.00194905
-0.000474916
-0.000142098
0.000863896
-0.000161629
-4.88767e-05
-0.00129895
-7.83765e-09
-0.000152341
-0.00192541
0.000161635
-0.000152342
-0.00192541
0.000474909
-4.89616e-05
-0.00129896
0.000657868
-0.000142119
0.000863995
0.000633455
-0.000657895
0.00194908
0.000502502
0.00147241
3.51883e-05
0.00033196
0.00210041
-0.000142095
-0.000474917
0.000863907
5.81462e-05
5.81441e-05
0.00424412
0.000209518
-0.000114749
0.00164732
-1.2518e-08
6.87106e-05
-0.00127662
-0.000209525
6.87093e-05
-0.00127647
-5.81325e-05
-0.000114781
0.00164741
0.000142096
5.81502e-05
0.00424415
-3.51721e-05
-0.000474924
0.000863898
0.000331967
0.0021004
0.000270702
-2.15309e-06
-0.000168325
-4.88663e-05
-0.000161626
-0.00129894
-0.000114742
0.000209516
0.00164735
-2.86099e-06
-2.86493e-06
-0.000572248
6.27022e-09
3.44811e-05
-0.00189414
2.86952e-06
3.44776e-05
-0.00189417
0.000114776
-2.86475e-06
-0.000572135
4.89054e-05
0.000209521
0.00164742
-0.000270659
-0.000161632
-0.00129896
-2.1926e-06
-0.000168275
-1.71609e-05
4.37911e-08
-0.00185891
-0.000152334
-9.94015e-09
-0.00192541
6.87191e-05
-1.59888e-08
-0.00127663
3.44844e-05
7.9027e-09
-0.00189415
3.05638e-09
3.55081e-09
-0.00212501
-3.44827e-05
3.5549e-09
-0.00212502
-6.8721e-05
9.5117e-09
-0.00189418
0.000152336
-9.07343e-09
-0.00127658
1.7156e-05
-7.84605e-09
-0.00192542
3.71242e-08
-0.00185897
-1.71506e-05
2.27971e-06
-0.00185887
-0.000152337
0.00016164
-0.0019254
6.8714e-05
-0.000209521
-0.00127643
3.44787e-05
2.87649e-06
-0.00189418
3.11778e-09
-3.44809e-05
-0.00212502
-3.4477e-05
-3.44779e-05
-0.00212502
-6.87161e-05
2.88168e-06
-0.0018942
0.000152335
-0.000209517
-0.00127643
1.71463e-05
0.000161642
-0.00192542
2.29382e-06
-0.00185893
0.000270515
-0.000331975
-0.00016812
-4.89803e-05
0.000474912
-0.00129896
-0.000114785
-5.81222e-05
0.00164745
-2.86304e-06
0.000114792
-0.000572092
7.54533e-09
-6.87165e-05
-0.00189419
2.87596e-06
-6.87144e-05
-0.0018942
0.000114809
0.000114814
-0.000572055
4.89859e-05
-5.81207e-05
0.00164749
-0.000270513
0.000474917
-0.00129898
-0.000331981
-0.000168081
3.51461e-05
-0.000502514
0.00210034
-0.00014213
0.000657863
0.000864033
5.81576e-05
0.000142085
0.00424417
0.000209524
4.89168e-05
0.00164748
-5.39746e-09
0.00015234
-0.00127655
-0.000209522
0.00015234
-0.00127646
-5.81371e-05
4.89723e-05
0.00164751
0.000142123
0.000142102
0.00424426
-3.5144e-05
0.000657871
0.00086403
-0.000502514
0.00210034
-0.000633473
9.45611e-05
0.00147242
-0.000657896
0.000633453
0.00194908
-0.000474923
-3.51803e-05
0.000863874
-0.000161634
-0.000270644
-0.00129896
-4.43248e-09
1.71597e-05
-0.00192543
0.000161641
1.71534e-05
-0.00192543
0.000474918
-0.000270541
-0.00129898
0.000657886
-3.51651e-05
0.000863965
0.000633475
0.000633463
0.0019491
9.45683e-05
0.00147243
-9.45565e-05
0.00117997
0.000502507
0.00147241
0.000331965
0.00210039
-2.2171e-06
-0.000168248
2.76409e-08
-0.00185897
2.29533e-06
-0.00185895
-0.000331967
-0.000168115
-0.000502511
0.00210036
9.45649e-05
0.00147242
0.00117998
-5.04224e-05
-5.04237e-05
0.0012808
0.000607141
-0.000671226
0.00148607
0.000365278
3.09434e-05
0.00231132
1.598e-05
0.000326668
-0.000145687
-1.71128e-08
-2.21258e-05
-0.00182078
-1.6001e-05
-2.21189e-05
-0.00182077
-0.000365313
0.00032673
-0.000145584
-0.000607162
3.09089e-05
0.0023113
5.04272e-05
-0.000671241
0.00148607
-5.04252e-05
0.00128082
-0.000671219
0.000607132
0.00148607
-0.000648895
-0.000648902
0.0019044
-0.00045941
-0.000121668
0.000827022
-0.000150788
-1.01101e-05
-0.0012708
-1.31019e-08
-0.000156131
-0.00194218
0.000150767
-0.000156131
-0.00194217
0.000459411
-1.01054e-05
-0.00127076
0.000648896
-0.000121692
0.00082711
0.000671214
-0.000648912
0.00190443
0.000607141
0.00148606
3.09444e-05
0.000365272
0.00231132
-0.000121664
-0.000459411
0.000827024
5.95987e-05
5.95913e-05
0.0038816
0.000203697
-6.51545e-05
0.00155827
-1.9188e-08
7.28195e-05
-0.00130185
-0.000203716
7.28205e-05
-0.00130173
-5.95993e-05
-6.51876e-05
0.00155838
0.000121655
5.96014e-05
0.00388161
-3.09388e-05
-0.000459418
0.000826998
0.00036528
0.00231132
0.000326664
1.59799e-05
-0.000145697
-1.01101e-05
-0.000150789
-0.00127079
-6.51493e-05
0.000203693
0.00155829
9.91675e-06
9.91676e-06
-0.000722385
7.65677e-09
4.2462e-05
-0.00185388
-9.90935e-06
4.24598e-05
-0.00185389
6.51795e-05
9.92896e-06
-0.00072234
1.01074e-05
0.000203705
0.00155839
-0.000326705
-0.000150786
-0.00127077
1.59874e-05
-0.000145687
-2.2122e-05
-2.76716e-08
-0.00182078
-0.000156126
-1.76372e-08
-0.00194218
7.28258e-05
-2.82288e-08
-0.00130186
4.2465e-05
9.47871e-09
-0.00185388
3.88028e-10
-6.33799e-10
-0.00204009
-4.24666e-05
-3.10998e-10
-0.00204009
-7.28283e-05
1.00197e-08
-0.0018539
0.000156127
-2.12941e-08
-0.00130181
2.21178e-05
-1.41783e-08
-0.00194218
-2.17438e-08
-0.00182084
-2.21109e-05
-1.60145e-05
-0.00182077
-0.000156127
0.000150763
-0.00194217
7.28243e-05
-0.000203715
-0.00130169
4.24611e-05
-9.90585e-06
-0.0018539
7.33781e-10
-4.24671e-05
-0.00204009
-4.24621e-05
-4.24648e-05
-0.0020401
-7.28264e-05
-9.91084e-06
-0.00185391
0.000156127
-0.000203719
-0.00130168
2.21077e-05
0.000150763
-0.00194218
-1.6016e-05
-0.00182083
0.000326758
-0.000365327
-0.000145566
-1.00991e-05
0.000459415
-0.00127076
-6.51921e-05
-5.95965e-05
0.00155842
9.93473e-06
6.51914e-05
-0.000722316
7.97945e-09
-7.28267e-05
-0.0018539
-9.91974e-06
-7.28266e-05
-0.00185391
6.52106e-05
6.52121e-05
-0.000722308
1.00896e-05
-5.96003e-05
0.00155849
-0.000326785
0.000459418
-0.00127076
-0.00036533
-0.000145552
3.08863e-05
-0.000607165
0.0023113
-0.000121712
0.000648896
0.00082715
5.96101e-05
0.000121636
0.00388162
0.000203716
1.01073e-05
0.00155846
-1.26449e-08
0.000156131
-0.00130178
-0.000203727
0.000156131
-0.0013017
-5.96073e-05
1.00946e-05
0.00155851
0.0001217
0.000121658
0.0038817
-3.08883e-05
0.000648907
0.00082713
-0.00060717
0.00231129
-0.000671247
5.04309e-05
0.00148608
-0.000648914
0.000671211
0.00190443
-0.000459418
-3.09502e-05
0.000826964
-0.000150785
-0.000326716
-0.00127077
-8.78627e-09
2.21216e-05
-0.0019422
0.000150771
2.21155e-05
-0.00194219
0.000459418
-0.000326766
-0.00127076
0.000648914
-3.0923e-05
0.00082705
0.000671242
0.000671227
0.00190445
5.04311e-05
0.00148607
-5.04228e-05
0.00128082
0.00060715
0.00148605
0.000365283
0.00231131
1.59862e-05
-0.000145667
-1.15508e-08
-0.00182085
-1.6e-05
-0.00182084
-0.00036531
-0.000145571
-0.000607167
0.0023113
5.04258e-05
0.00148605
0.00128083
-8.51515e-05
-8.51527e-05
0.00145111
0.000484865
-0.000637912
0.00155396
0.000236039
9.7203e-05
0.00246294
2.51549e-05
0.000347897
-0.0002827
-3.31747e-08
-2.77384e-05
-0.00176785
-2.52111e-05
-2.77356e-05
-0.00176786
-0.000236088
0.000348012
-0.000282719
-0.000484898
9.71641e-05
0.00246295
8.51509e-05
-0.000637934
0.00155396
-8.51478e-05
0.00145112
-0.000637904
0.000484855
0.00155396
-0.000625631
-0.000625636
0.00187985
-0.000421179
-0.00010812
0.000827893
-0.000123121
7.04132e-06
-0.001228
-6.73886e-09
-0.000159504
-0.00193353
0.000123097
-0.000159504
-0.00193351
0.000421173
7.09892e-06
-0.00122793
0.000625637
-0.000108146
0.000827957
0.000637901
-0.000625647
0.00187988
0.000484864
0.00155395
9.72032e-05
0.00023603
0.00246295
-0.000108122
-0.000421178
0.000827892
3.7198e-05
3.71922e-05
0.00359096
0.000192585
-2.46954e-05
0.00143462
-1.41692e-08
7.31926e-05
-0.00134195
-0.000192601
7.31968e-05
-0.00134184
-3.72085e-05
-2.47228e-05
0.0014348
0.00010811
3.72054e-05
0.00359094
-9.72037e-05
-0.000421177
0.000827842
0.000236037
0.00246295
0.000347884
2.51489e-05
-0.0002827
7.03673e-06
-0.000123122
-0.001228
-2.46888e-05
0.00019258
0.00143463
1.22941e-05
1.2293e-05
-0.000796357
6.71766e-09
4.63641e-05
-0.00181476
-1.22813e-05
4.63634e-05
-0.00181477
2.47046e-05
1.22892e-05
-0.000796338
-7.06654e-06
0.000192596
0.00143477
-0.000347941
-0.000123115
-0.00122796
2.51677e-05
-0.000282759
-2.77355e-05
-5.05512e-08
-0.00176785
-0.0001595
-8.56913e-09
-0.00193353
7.31971e-05
-2.232e-08
-0.00134195
4.63667e-05
7.36743e-09
-0.00181476
-5.8737e-10
-2.17342e-09
-0.00194735
-4.63704e-05
-1.89149e-09
-0.00194735
-7.32028e-05
6.79868e-09
-0.00181479
0.000159503
-1.88641e-08
-0.0013419
2.77369e-05
-7.30772e-09
-0.00193353
-4.15703e-08
-0.00176789
-2.77302e-05
-2.52342e-05
-0.00176786
-0.000159502
0.00012309
-0.00193349
7.32001e-05
-0.000192601
-0.00134182
4.63652e-05
-1.22794e-05
-0.00181478
-1.715e-10
-4.63723e-05
-0.00194736
-4.6368e-05
-4.63713e-05
-0.00194736
-7.32044e-05
-1.22751e-05
-0.00181479
0.000159503
-0.000192612
-0.0013418
2.7732e-05
0.000123087
-0.0019335
-2.52377e-05
-0.0017679
0.000348052
-0.000236105
-0.000282747
7.11854e-06
0.000421173
-0.00122791
-2.47259e-05
-3.72146e-05
0.00143488
1.22896e-05
2.47109e-05
-0.000796322
5.77985e-09
-7.32045e-05
-0.00181479
-1.22775e-05
-7.32068e-05
-0.00181479
2.47321e-05
2.47295e-05
-0.000796322
-7.13911e-06
-3.72245e-05
0.00143497
-0.000348081
0.00042117
-0.0012279
-0.000236106
-0.000282764
9.71376e-05
-0.000484903
0.00246296
-0.000108175
0.000625641
0.000827995
3.72108e-05
0.000108086
0.00359093
0.000192611
-7.07648e-06
0.00143484
-1.02214e-08
0.000159505
-0.00134187
-0.000192622
0.000159506
-0.0013418
-3.72206e-05
-7.12763e-06
0.00143496
0.000108163
0.00010811
0.00359098
-9.71408e-05
0.000625649
0.000827954
-0.000484908
0.00246295
-0.00063794
8.51533e-05
0.00155396
-0.000625648
0.0006379
0.00187988
-0.000421177
-9.72168e-05
0.000827795
-0.000123113
-0.000347959
-0.00122796
-4.23644e-09
2.77401e-05
-0.00193354
0.000123096
2.77381e-05
-0.00193352
0.000421171
-0.000348052
-0.00122792
0.000625652
-9.71822e-05
0.000827862
0.000637937
0.000637923
0.00187989
8.51501e-05
0.00155395
-8.51435e-05
0.00145112
0.000484874
0.00155393
0.000236042
0.00246293
2.51735e-05
-0.000282758
-2.50939e-08
-0.00176791
-2.52151e-05
-0.00176792
-0.000236084
-0.000282754
-0.000484903
0.00246293
8.5144e-05
0.00155393
0.00145113
-9.13813e-05
-9.13826e-05
0.00163387
0.000346103
-0.000589791
0.00170627
9.70337e-05
0.000195941
0.00251607
4.16475e-05
0.000296643
-0.000523957
-1.58772e-08
-3.58465e-05
-0.00169034
-4.16834e-05
-3.58521e-05
-0.00169034
-9.70687e-05
0.000296639
-0.000523973
-0.000346128
0.000195904
0.0025161
9.13774e-05
-0.000589811
0.00170626
-9.13743e-05
0.00163387
-0.000589784
0.000346094
0.00170627
-0.00061857
-0.000618575
0.00193742
-0.000380181
-9.93091e-05
0.000884754
-8.37046e-05
-2.02527e-05
-0.00120758
-7.05196e-10
-0.000162496
-0.00189059
8.36955e-05
-0.000162499
-0.00189056
0.000380174
-2.02277e-05
-0.00120754
0.00061857
-9.93349e-05
0.000884799
0.000589782
-0.000618582
0.00193744
0.000346101
0.00170626
0.00019594
9.70279e-05
0.00251607
-9.93171e-05
-0.000380179
0.000884753
1.56474e-05
1.56444e-05
0.00336105
0.000196173
-6.2683e-06
0.00124011
-1.56075e-08
7.43134e-05
-0.00138257
-0.000196193
7.43174e-05
-0.00138248
-1.56619e-05
-6.27129e-06
0.00124032
9.93092e-05
1.56555e-05
0.00336097
-0.000195943
-0.000380172
0.000884685
9.70317e-05
0.00251607
0.000296645
4.16438e-05
-0.000523961
-2.02534e-05
-8.37025e-05
-0.00120757
-6.26353e-06
0.000196168
0.00124011
1.57155e-05
1.57131e-05
-0.000840317
-3.46573e-10
4.90282e-05
-0.00177376
-1.57121e-05
4.90288e-05
-0.00177377
6.26231e-06
1.57117e-05
-0.000840295
2.024e-05
0.000196187
0.00124026
-0.000296643
-8.36963e-05
-0.00120756
4.16537e-05
-0.000524024
-3.58448e-05
-2.3871e-08
-0.00169033
-0.000162493
1.28172e-10
-0.00189058
7.43173e-05
-2.52486e-08
-0.00138257
4.90307e-05
-2.38182e-09
-0.00177376
-2.16879e-09
-4.43847e-09
-0.00184929
-4.90368e-05
-4.25141e-09
-0.00184929
-7.43247e-05
-1.92553e-09
-0.00177379
0.000162499
-2.26835e-08
-0.00138251
3.58541e-05
-4.01749e-10
-0.00189058
-2.12733e-08
-0.00169036
-3.5852e-05
-4.16967e-05
-0.00169033
-0.0001625
8.36942e-05
-0.00189054
7.43204e-05
-0.000196199
-0.00138246
4.90315e-05
-1.57136e-05
-0.00177377
-1.7442e-09
-4.90394e-05
-0.00184929
-4.90366e-05
-4.90397e-05
-0.00184929
-7.43266e-05
-1.57116e-05
-0.0017738
0.000162504
-0.000196213
-0.00138244
3.58601e-05
8.36877e-05
-0.00189054
-4.16991e-05
-0.00169037
0.000296634
-9.70784e-05
-0.000524
-2.02236e-05
0.000380173
-0.00120753
-6.26748e-06
-1.56735e-05
0.0012404
1.57136e-05
6.26282e-06
-0.000840279
-1.24725e-10
-7.43275e-05
-0.00177379
-1.57114e-05
-7.43298e-05
-0.00177379
6.26419e-06
6.26525e-06
-0.000840275
2.02129e-05
-1.5685e-05
0.0012405
-0.000296639
0.000380164
-0.00120753
-9.70804e-05
-0.000524022
0.00019588
-0.000346129
0.00251613
-9.93643e-05
0.000618577
0.000884836
1.56557e-05
9.92894e-05
0.00336095
0.000196202
2.02325e-05
0.00124033
-1.21872e-08
0.0001625
-0.00138248
-0.000196218
0.000162504
-0.00138243
-1.56718e-05
2.02112e-05
0.00124047
9.93584e-05
9.93113e-05
0.00336095
-0.000195884
0.000618583
0.000884777
-0.000346134
0.00251612
-0.000589813
9.13787e-05
0.00170627
-0.000618579
0.000589786
0.00193744
-0.000380169
-0.000195954
0.000884628
-8.36937e-05
-0.000296646
-0.00120755
2.45434e-10
3.5856e-05
-0.00189059
8.36885e-05
3.58612e-05
-0.00189057
0.000380163
-0.000296645
-0.00120753
0.000618578
-0.000195921
0.000884679
0.000589812
0.000589806
0.00193744
9.13738e-05
0.00170625
-9.13699e-05
0.00163387
0.00034611
0.00170624
9.7035e-05
0.00251605
4.16594e-05
-0.000524028
-1.24358e-08
-0.00169038
-4.16862e-05
-0.00169038
-9.70669e-05
-0.000524019
-0.000346133
0.00251608
9.13685e-05
0.00170623
0.00163387
-5.56611e-05
-5.56622e-05
0.00174519
0.000294455
-0.000558828
0.00191498
2.98376e-06
0.000278446
0.00252909
3.21322e-05
0.000206551
-0.000759656
2.82731e-09
-4.33956e-05
-0.00161482
-3.21357e-05
-4.33978e-05
-0.0016148
-2.98548e-06
0.000206525
-0.000759648
-0.000294456
0.000278426
0.00252915
5.56572e-05
-0.00055883
0.00191498
-5.56565e-05
0.00174518
-0.000558823
0.00029445
0.00191498
-0.000623572
-0.000623577
0.00206692
-0.000335695
-9.58988e-05
0.000971221
-4.848e-05
-6.76888e-05
-0.00122055
-6.25724e-09
-0.000161231
-0.00182122
4.84701e-05
-0.000161235
-0.0018212
0.000335692
-6.76971e-05
-0.00122054
0.00062357
-9.59139e-05
0.00097126
0.000558821
-0.000623571
0.00206693
0.000294449
0.00191497
0.000278445
2.98212e-06
0.00252909
-9.59104e-05
-0.000335693
0.000971224
-5.65406e-06
-5.65759e-06
0.00318055
0.000208314
-4.17742e-06
0.000962629
-1.93762e-08
7.6646e-05
-0.00141211
-0.000208349
7.66505e-05
-0.00141204
5.6389e-06
-4.16564e-06
0.000962797
9.59092e-05
-5.66199e-06
0.00318045
-0.000278451
-0.000335682
0.000971156
2.9798e-06
0.00252909
0.000206554
3.21331e-05
-0.000759666
-6.76884e-05
-4.84789e-05
-0.00122055
-4.17578e-06
0.000208306
0.000962638
2.12338e-05
2.12302e-05
-0.000891134
-3.94075e-09
4.90114e-05
-0.00172489
-2.1242e-05
4.90139e-05
-0.00172489
4.16864e-06
2.12351e-05
-0.000891107
6.76943e-05
0.000208319
0.000962758
-0.000206539
-4.84709e-05
-0.00122053
3.21323e-05
-0.000759715
-4.33957e-05
5.67546e-09
-0.00161481
-0.000161228
-7.61311e-09
-0.00182122
7.66497e-05
-3.02935e-08
-0.00141211
4.90136e-05
-7.08011e-09
-0.00172489
-3.98699e-09
-6.77828e-09
-0.00175125
-4.90215e-05
-6.45928e-09
-0.00175125
-7.66603e-05
-6.14854e-09
-0.00172491
0.000161231
-2.72254e-08
-0.00141206
4.34048e-05
-6.47493e-09
-0.00182121
1.92503e-09
-0.00161483
-4.33996e-05
-3.2134e-05
-0.00161479
-0.000161237
4.84712e-05
-0.00182118
7.66551e-05
-0.000208365
-0.00141202
4.90183e-05
-2.12458e-05
-0.0017249
-3.39677e-09
-4.90241e-05
-0.00175125
-4.90252e-05
-4.90264e-05
-0.00175125
-7.6665e-05
-2.12471e-05
-0.00172491
0.000161238
-0.000208375
-0.00141199
4.34086e-05
4.84638e-05
-0.00182118
-3.21381e-05
-0.00161482
0.000206509
-2.97727e-06
-0.000759666
-6.77046e-05
0.000335694
-0.00122054
-4.15749e-06
5.62687e-06
0.000962862
2.12401e-05
4.16676e-06
-0.000891089
-3.1521e-09
-7.66625e-05
-0.0017249
-2.12463e-05
-7.66659e-05
-0.00172491
4.15263e-06
4.15838e-06
-0.000891079
6.77043e-05
5.62704e-06
0.000962943
-0.000206507
0.000335682
-0.00122053
-2.98253e-06
-0.000759685
0.000278415
-0.000294447
0.00252918
-9.59302e-05
0.000623582
0.000971294
-5.6687e-06
9.59032e-05
0.00318041
0.000208328
6.76923e-05
0.000962806
-1.53513e-08
0.000161231
-0.00141203
-0.00020836
0.000161236
-0.00141199
5.64953e-06
6.76969e-05
0.000962922
9.59348e-05
9.59155e-05
0.00318038
-0.000278418
0.000623577
0.000971234
-0.000294449
0.00252917
-0.000558822
5.5657e-05
0.00191498
-0.000623558
0.000558829
0.00206693
-0.000335676
-0.000278455
0.000971104
-4.84641e-05
-0.00020654
-0.00122053
-4.10228e-09
4.34045e-05
-0.00182122
4.84584e-05
4.34069e-05
-0.0018212
0.000335673
-0.000206522
-0.00122053
0.000623558
-0.000278434
0.000971144
0.000558823
0.000558834
0.00206692
5.56539e-05
0.00191497
-5.56542e-05
0.00174518
0.000294456
0.00191496
2.98567e-06
0.00252906
3.21361e-05
-0.000759718
1.73149e-09
-0.00161484
-3.21398e-05
-0.00161483
-2.99173e-06
-0.000759688
-0.000294459
0.00252911
5.56521e-05
0.00191496
0.00174517
-7.61282e-05
-7.61295e-05
0.00189745
0.000289769
-0.000554452
0.00210354
-8.22368e-06
0.00030502
0.00252207
1.06971e-05
0.000156333
-0.00093491
1.81298e-09
-3.88395e-05
-0.00156528
-1.07027e-05
-3.88365e-05
-0.00156526
8.24169e-06
0.00015633
-0.000934922
-0.00028974
0.00030503
0.0025221
7.61307e-05
-0.000554431
0.00210354
-7.6133e-05
0.00189745
-0.00055445
0.000289765
0.00210354
-0.000628428
-0.000628432
0.00221488
-0.000301601
-9.5755e-05
0.00104517
-3.06635e-05
-9.15481e-05
-0.00124361
-1.05127e-08
-0.000148205
-0.00174251
3.06517e-05
-0.000148205
-0.00174249
0.000301597
-9.15499e-05
-0.00124361
0.000628423
-9.57432e-05
0.00104521
0.000554445
-0.000628413
0.00221489
0.000289755
0.00210353
0.000305014
-8.22361e-06
0.00252207
-9.57701e-05
-0.000301601
0.00104518
-2.40222e-05
-2.40253e-05
0.00303707
0.000217612
-3.80296e-06
0.00063325
-1.87912e-08
7.47359e-05
-0.00141742
-0.000217644
7.47401e-05
-0.00141736
2.40109e-05
-3.78767e-06
0.00063338
9.57739e-05
-2.40375e-05
0.00303698
-0.000305023
-0.000301593
0.00104513
-8.22443e-06
0.00252205
0.000156329
1.06969e-05
-0.000934916
-9.15518e-05
-3.06649e-05
-0.0012436
-3.80252e-06
0.000217603
0.00063326
2.76437e-05
2.76387e-05
-0.000954022
-6.05012e-09
4.20774e-05
-0.00166458
-2.766e-05
4.20805e-05
-0.00166458
3.79357e-06
2.76456e-05
-0.000953994
9.15587e-05
0.000217606
0.000633349
-0.000156323
-3.06597e-05
-0.00124359
1.07005e-05
-0.000934963
-3.8841e-05
5.26898e-09
-0.00156528
-0.000148201
-1.35575e-08
-0.00174251
7.474e-05
-2.71357e-08
-0.00141742
4.20798e-05
-1.00447e-08
-0.00166458
-5.59709e-09
-8.67632e-09
-0.00166708
-4.20896e-05
-8.24443e-09
-0.00166707
-7.4755e-05
-8.53001e-09
-0.00166459
0.000148193
-2.40487e-08
-0.00141738
3.88461e-05
-1.12301e-08
-0.00174252
3.16831e-09
-0.00156529
-3.8838e-05
-1.07008e-05
-0.00156525
-0.000148205
3.06554e-05
-0.00174248
7.47454e-05
-0.000217659
-0.00141734
4.20855e-05
-2.76662e-05
-0.00166458
-4.86296e-09
-4.20922e-05
-0.00166707
-4.20943e-05
-4.2095e-05
-0.00166707
-7.47601e-05
-2.76673e-05
-0.00166459
0.000148197
-0.000217659
-0.00141731
3.88445e-05
3.06517e-05
-0.00174249
-1.07064e-05
-0.00156526
0.000156323
8.25679e-06
-0.000934946
-9.15543e-05
0.000301601
-0.00124361
-3.77971e-06
2.4005e-05
0.000633424
2.76509e-05
3.78976e-06
-0.000953976
-4.84176e-09
-7.47568e-05
-0.00166458
-2.76633e-05
-7.47605e-05
-0.00166458
3.77399e-06
3.77881e-06
-0.000953963
9.15572e-05
2.40121e-05
0.000633489
-0.000156322
0.000301593
-0.00124359
8.25202e-06
-0.000934965
0.000305038
-0.00028972
0.00252212
-9.57362e-05
0.000628434
0.00104524
-2.40441e-05
9.57834e-05
0.00303694
0.000217608
9.15571e-05
0.000633387
-1.44424e-08
0.000148193
-0.00141736
-0.000217639
0.000148194
-0.00141732
2.4029e-05
9.15551e-05
0.000633478
9.57505e-05
9.57722e-05
0.0030369
-0.000305038
0.000628421
0.00104519
-0.000289717
0.0025221
-0.000554412
7.6131e-05
0.00210354
-0.000628394
0.000554455
0.00221489
-0.000301583
-0.000305021
0.0010451
-3.06499e-05
-0.000156327
-0.00124358
-7.58018e-09
3.88436e-05
-0.00174252
3.06422e-05
3.88418e-05
-0.0017425
0.000301581
-0.000156329
-0.00124358
0.000628394
-0.000305028
0.00104513
0.000554414
0.000554441
0.00221488
7.61335e-05
0.00210353
-7.61342e-05
0.00189745
0.000289762
0.00210352
-8.21682e-06
0.00252202
1.07057e-05
-0.000934967
1.36933e-09
-0.00156529
-1.07104e-05
-0.00156528
8.23063e-06
-0.000934959
-0.000289741
0.00252206
7.61349e-05
0.00210352
0.00189744
-0.000121888
-0.00012189
0.00214123
0.000323014
-0.000565158
0.00222379
5.40977e-05
0.000310346
0.00248064
1.44048e-05
0.000140979
-0.0010362
-6.82249e-09
-2.04891e-05
-0.00153038
-1.44228e-05
-2.04862e-05
-0.00153036
-5.40755e-05
0.000140986
-0.00103626
-0.000322985
0.000310391
0.00248062
0.000121887
-0.000565131
0.0022238
-0.000121892
0.00214123
-0.000565158
0.000323011
0.00222379
-0.0006332
-0.000633203
0.00235096
-0.000291832
-8.57427e-05
0.00109989
-2.74381e-05
-8.68586e-05
-0.00128017
-9.91128e-09
-0.000123561
-0.00166687
2.74261e-05
-0.000123561
-0.00166685
0.00029182
-8.68492e-05
-0.00128016
0.000633189
-8.5682e-05
0.00109991
0.00056515
-0.000633182
0.00235098
0.000323001
0.00222378
0.000310334
5.40965e-05
0.00248065
-8.57654e-05
-0.000291835
0.00109991
-2.29842e-05
-2.29801e-05
0.00291153
0.000223941
4.4891e-06
0.000294977
-1.62043e-08
7.10907e-05
-0.00138812
-0.000223963
7.10928e-05
-0.00138807
2.29818e-05
4.5094e-06
0.000295077
8.5772e-05
-2.29701e-05
0.00291148
-0.000310352
-0.000291828
0.0010999
5.40974e-05
0.0024806
0.000140973
1.4402e-05
-0.00103619
-8.68642e-05
-2.74408e-05
-0.00128016
4.49058e-06
0.000223935
0.000294989
3.26071e-05
3.26007e-05
-0.00101025
-9.08659e-09
3.69059e-05
-0.00159778
-3.26313e-05
3.69089e-05
-0.00159777
-4.51015e-06
3.2609e-05
-0.00101021
8.68671e-05
0.000223929
0.000295073
-0.000140966
-2.74377e-05
-0.00128014
1.44133e-05
-0.00103624
-2.04898e-05
-7.3186e-09
-0.00153038
-0.000123556
-1.26586e-08
-0.00166687
7.10943e-05
-2.01214e-08
-0.00138811
3.69083e-05
-1.44569e-08
-0.00159778
-6.6678e-09
-9.76513e-09
-0.00159325
-3.6919e-05
-9.38432e-09
-0.00159324
-7.11085e-05
-1.21234e-08
-0.00159778
0.000123541
-1.73398e-08
-0.00138808
2.04898e-05
-1.06645e-08
-0.00166689
-6.80925e-09
-0.00153038
-2.04869e-05
-1.44232e-05
-0.00153035
-0.000123561
2.74308e-05
-0.00166685
7.10966e-05
-0.000223971
-0.00138805
3.69141e-05
-3.26415e-05
-0.00159777
-5.95176e-09
-3.69216e-05
-0.00159324
-3.69241e-05
-3.69246e-05
-0.00159324
-7.11111e-05
-3.26425e-05
-0.00159777
0.000123546
-0.000223964
-0.00138803
2.04882e-05
2.74296e-05
-0.00166688
-1.4432e-05
-0.00153035
0.000140984
-5.40574e-05
-0.0010363
-8.68458e-05
0.000291821
-0.00128017
4.51913e-06
2.29881e-05
0.0002951
3.26139e-05
-4.51608e-06
-0.0010102
-7.17367e-09
-7.11107e-05
-0.00159777
-3.2633e-05
-7.11129e-05
-0.00159777
-4.53324e-06
-4.52996e-06
-0.00101017
8.68481e-05
2.29775e-05
0.000295166
-0.000140979
0.000291816
-0.00128015
-5.40629e-05
-0.00103631
0.000310415
-0.000322966
0.00248061
-8.5643e-05
0.000633193
0.00109992
-2.29598e-05
8.57939e-05
0.00291145
0.000223928
8.6869e-05
0.000295114
-1.16822e-08
0.000123541
-0.00138807
-0.000223949
0.000123542
-0.00138803
2.29601e-05
8.6857e-05
0.000295182
8.56685e-05
8.57408e-05
0.00291143
-0.000310415
0.00063318
0.00109991
-0.000322962
0.00248059
-0.000565111
0.000121886
0.0022238
-0.000633166
0.000565158
0.00235098
-0.000291818
-0.000310351
0.0010999
-2.74272e-05
-0.000140968
-0.00128014
-7.31566e-09
2.04875e-05
-0.00166688
2.74189e-05
2.04856e-05
-0.00166687
0.000291809
-0.000140979
-0.00128014
0.000633162
-0.000310385
0.0010999
0.000565112
0.000565138
0.00235097
0.000121888
0.00222379
-0.000121894
0.00214123
0.000323006
0.00222378
5.41078e-05
0.00248057
1.44222e-05
-0.00103625
-5.71317e-09
-0.00153038
-1.44369e-05
-0.00153036
-5.409e-05
-0.00103628
-0.000322983
0.00248056
0.000121892
0.00222378
0.00214122
-8.80611e-05
-8.80625e-05
0.00231735
0.000383808
-0.000575924
0.00232785
9.43704e-05
0.000347956
0.00242212
3.01948e-05
0.000113134
-0.00108516
-8.16943e-09
-1.19999e-05
-0.00148818
-3.02125e-05
-1.19965e-05
-0.00148816
-9.43645e-05
0.000113131
-0.00108523
-0.000383796
0.000348016
0.00242203
8.80597e-05
-0.000575904
0.00232785
-8.80646e-05
0.00231735
-0.000575923
0.000383805
0.00232785
-0.000643311
-0.000643315
0.00248574
-0.000295625
-5.56209e-05
0.00115578
-3.07431e-05
-8.44343e-05
-0.00134748
-7.96809e-09
-0.000113787
-0.00159582
3.07346e-05
-0.000113789
-0.0015958
0.000295615
-8.44292e-05
-0.00134748
0.0006433
-5.55101e-05
0.00115575
0.000575914
-0.000643301
0.00248576
0.000383792
0.00232784
0.000347938
9.43683e-05
0.00242215
-5.56495e-05
-0.000295628
0.00115581
1.29404e-05
1.29562e-05
0.00277436
0.000230164
1.90617e-05
-2.57423e-05
-1.41963e-08
6.20486e-05
-0.00133378
-0.00023018
6.20476e-05
-0.00133374
-1.2938e-05
1.9075e-05
-2.56694e-05
5.56591e-05
1.30189e-05
0.00277436
-0.000347955
-0.000295621
0.00115584
9.4364e-05
0.00242207
0.00011313
3.01922e-05
-0.00108515
-8.44399e-05
-3.07438e-05
-0.00134747
1.90648e-05
0.000230161
-2.572e-05
3.9209e-05
3.92021e-05
-0.00105053
-1.0656e-08
3.63063e-05
-0.00153282
-3.9239e-05
3.63087e-05
-0.00153281
-1.90864e-05
3.92117e-05
-0.0010505
8.44522e-05
0.000230158
-2.56042e-05
-0.000113112
-3.07367e-05
-0.00134746
3.02015e-05
-0.00108519
-1.20007e-05
-1.0113e-08
-0.00148818
-0.000113784
-1.01601e-08
-0.00159582
6.20506e-05
-1.3899e-08
-0.00133377
3.63086e-05
-1.70296e-08
-0.00153282
-6.67549e-09
-9.58137e-09
-0.00152062
-3.63195e-05
-9.3158e-09
-0.00152061
-6.20593e-05
-1.42373e-08
-0.00153281
0.000113779
-1.09514e-08
-0.00133375
1.20007e-05
-8.72118e-09
-0.00159584
-9.57176e-09
-0.00148816
-1.19965e-05
-3.02141e-05
-0.00148815
-0.000113792
3.07375e-05
-0.00159581
6.20483e-05
-0.000230182
-0.00133372
3.63133e-05
-3.92532e-05
-0.0015328
-6.10767e-09
-3.63225e-05
-0.00152061
-3.63237e-05
-3.63249e-05
-0.00152061
-6.20579e-05
-3.92545e-05
-0.0015328
0.000113787
-0.000230179
-0.0013337
1.19977e-05
3.07314e-05
-0.00159583
-3.02216e-05
-0.00148814
0.000113129
-9.43583e-05
-0.00108528
-8.44238e-05
0.000295614
-0.00134749
1.90804e-05
-1.29196e-05
-2.56665e-05
3.92162e-05
-1.90954e-05
-0.00105049
-8.35899e-09
-6.20635e-05
-0.00153281
-3.92402e-05
-6.20632e-05
-0.0015328
-1.90976e-05
-1.91028e-05
-0.00105047
8.44337e-05
-1.29749e-05
-2.55694e-05
-0.000113117
0.000295609
-0.00134748
-9.43581e-05
-0.00108529
0.000348048
-0.00038379
0.002422
-5.54421e-05
0.000643298
0.00115573
1.30605e-05
5.56893e-05
0.00277434
0.00023016
8.44594e-05
-2.55407e-05
-9.16546e-09
0.000113777
-0.00133374
-0.000230175
0.00011378
-0.00133371
-1.30439e-05
8.44499e-05
-2.55016e-05
5.54767e-05
5.55913e-05
0.00277434
-0.000348043
0.000643289
0.00115576
-0.000383782
0.00242197
-0.000575892
8.80586e-05
0.00232785
-0.000643293
0.000575916
0.00248576
-0.000295615
-0.000347952
0.00115586
-3.07293e-05
-0.000113109
-0.00134745
-5.98165e-09
1.19988e-05
-0.00159583
3.07233e-05
1.19963e-05
-0.00159582
0.000295607
-0.000113112
-0.00134746
0.000643286
-0.000348001
0.00115582
0.00057589
0.000575901
0.00248575
8.80612e-05
0.00232784
-8.80658e-05
0.00231735
0.000383791
0.00232783
9.43676e-05
0.00242204
3.02095e-05
-0.0010852
-7.14895e-09
-0.00148816
-3.02248e-05
-0.00148815
-9.43653e-05
-0.00108526
-0.000383784
0.00242198
8.80642e-05
0.00232784
0.00231735
-7.57539e-05
-7.57543e-05
0.00246886
0.000349196
-0.000590999
0.0024939
4.10706e-05
0.000372209
0.00235803
2.49262e-05
5.47473e-05
-0.00112376
-5.60473e-09
-1.30555e-05
-0.00145019
-2.49393e-05
-1.30498e-05
-0.00145018
-4.10782e-05
5.47399e-05
-0.00112384
-0.000349196
0.000372232
0.00235792
7.57536e-05
-0.000590987
0.00249389
-7.57544e-05
0.00246886
-0.000590997
0.000349193
0.0024939
-0.000659566
-0.000659571
0.00262288
-0.000284781
-5.12338e-05
0.00120444
-3.81032e-05
-0.000103455
-0.00143596
-6.58522e-09
-0.00011504
-0.00153193
3.80991e-05
-0.000115043
-0.00153192
0.000284776
-0.000103453
-0.00143597
0.000659554
-5.11376e-05
0.00120434
0.000590989
-0.00065956
0.0026229
0.000349183
0.00249389
0.000372206
4.10678e-05
0.00235807
-5.12477e-05
-0.000284783
0.00120447
8.5075e-05
8.50878e-05
0.00250172
0.000237392
3.00208e-05
-0.000311535
-1.20637e-08
5.24875e-05
-0.0012639
-0.000237403
5.24843e-05
-0.00126387
-8.5072e-05
3.00298e-05
-0.000311483
5.12537e-05
8.51513e-05
0.00250174
-0.000372201
-0.000284777
0.00120451
4.10605e-05
0.00235799
5.47443e-05
2.4924e-05
-0.00112375
-0.00010346
-3.81022e-05
-0.00143595
3.00238e-05
0.000237393
-0.000311509
4.92969e-05
4.92912e-05
-0.00108908
-9.40821e-09
3.89772e-05
-0.00147
-4.93245e-05
3.89786e-05
-0.00146999
-3.00453e-05
4.92996e-05
-0.00108905
0.000103476
0.000237402
-0.000311376
-5.47267e-05
-3.80933e-05
-0.00143594
2.49267e-05
-0.00112379
-1.3056e-05
-6.45759e-09
-0.00145019
-0.00011504
-8.80428e-09
-0.00153193
5.24883e-05
-1.05596e-08
-0.0012639
3.89792e-05
-1.48022e-08
-0.00147
-5.58525e-09
-8.24587e-09
-0.00144265
-3.89895e-05
-8.13675e-09
-0.00144264
-5.24928e-05
-1.27791e-08
-0.00146999
0.000115041
-8.11034e-09
-0.00126387
1.30524e-05
-7.50777e-09
-0.00153194
-6.83458e-09
-0.00145018
-1.30483e-05
-2.49397e-05
-0.00145017
-0.000115047
3.80992e-05
-0.00153192
5.24827e-05
-0.0002374
-0.00126386
3.89819e-05
-4.93375e-05
-0.00146998
-5.26692e-09
-3.89928e-05
-0.00144264
-3.89918e-05
-3.89942e-05
-0.00144263
-5.24883e-05
-4.93395e-05
-0.00146997
0.000115048
-0.000237408
-0.00126384
1.3046e-05
3.80906e-05
-0.00153192
-2.49435e-05
-0.00145016
5.47354e-05
-4.10794e-05
-0.00112388
-0.000103451
0.000284773
-0.00143598
3.00304e-05
-8.5058e-05
-0.00031149
4.93035e-05
-3.00589e-05
-0.00108904
-7.62758e-09
-5.24981e-05
-0.00146999
-4.93264e-05
-5.24959e-05
-0.00146998
-3.00487e-05
-3.00627e-05
-0.00108902
0.000103464
-8.51147e-05
-0.000311376
-5.47247e-05
0.000284769
-0.00143597
-4.10769e-05
-0.00112388
0.00037225
-0.000349196
0.00235787
-5.10806e-05
0.000659548
0.00120428
8.5189e-05
5.12755e-05
0.00250173
0.000237409
0.000103481
-0.000311301
-7.91673e-09
0.000115039
-0.00126386
-0.000237418
0.000115042
-0.00126384
-8.51749e-05
0.000103475
-0.000311282
5.11004e-05
5.11882e-05
0.00250176
-0.000372241
0.000659541
0.00120432
-0.00034919
0.00235784
-0.000590982
7.57535e-05
0.00249388
-0.000659557
0.000590988
0.00262289
-0.000284776
-0.000372189
0.00120454
-3.80911e-05
-5.4723e-05
-0.00143593
-5.01109e-09
1.30511e-05
-0.00153193
3.80881e-05
1.30465e-05
-0.00153191
0.000284772
-5.47218e-05
-0.00143595
0.000659549
-0.000372211
0.00120444
0.000590978
0.000590978
0.00262289
7.57536e-05
0.00249387
-7.57544e-05
0.00246886
0.00034918
0.00249389
4.10602e-05
0.00235797
2.49326e-05
-0.0011238
-5.17445e-09
-0.00145017
-2.49454e-05
-0.00145016
-4.10711e-05
-0.00112385
-0.000349184
0.00235788
7.5754e-05
0.00249388
0.00246886
-8.84655e-05
-8.84653e-05
0.00264579
0.0002562
-0.000618598
0.00276783
-5.45802e-05
0.000244947
0.00242387
-1.43154e-06
-5.79995e-06
-0.00117111
-1.46472e-09
-1.73349e-05
-0.00143429
1.4246e-06
-1.73288e-05
-0.00143427
5.45607e-05
-5.81412e-06
-0.00117116
-0.000256212
0.00024491
0.00242378
8.84653e-05
-0.000618597
0.00276781
-8.84636e-05
0.00264579
-0.000618595
0.000256197
0.00276783
-0.000641975
-0.000641984
0.00266965
-0.000226041
-0.00015376
0.00118721
-4.36593e-05
-0.000122998
-0.00150114
-5.7322e-09
-0.000115127
-0.00147779
4.36575e-05
-0.00011513
-0.00147778
0.000226028
-0.000123001
-0.00150115
0.000641958
-0.000153744
0.00118707
0.000618595
-0.000641979
0.00266964
0.000256202
0.00276782
0.000244963
-5.45849e-05
0.00242389
-0.000153751
-0.000226046
0.00118725
0.000167613
0.000167614
0.00185898
0.00023438
3.90058e-05
-0.000540305
-9.27755e-09
4.59172e-05
-0.00119055
-0.000234389
4.59135e-05
-0.00119054
-0.000167618
3.90118e-05
-0.000540267
0.00015375
0.000167633
0.001859
-0.000244936
-0.000226043
0.00118726
-5.4579e-05
0.00242384
-5.80006e-06
-1.4332e-06
-0.0011711
-0.000123001
-4.36588e-05
-0.00150113
3.90075e-05
0.000234381
-0.000540285
6.05882e-05
6.05841e-05
-0.00113224
-8.55523e-09
4.01049e-05
-0.00140359
-6.06097e-05
4.01056e-05
-0.00140358
-3.90243e-05
6.0591e-05
-0.00113222
0.000123013
0.00023439
-0.000540171
5.80899e-06
-4.36548e-05
-0.00150113
-1.43166e-06
-0.00117112
-1.7336e-05
5.40258e-10
-0.00143429
-0.000115127
-7.99406e-09
-0.00147779
4.59181e-05
-8.50563e-09
-0.00119055
4.01067e-05
-1.3516e-08
-0.00140359
-4.83285e-09
-7.36768e-09
-0.00136242
-4.01158e-05
-7.4094e-09
-0.00136242
-4.59218e-05
-1.15635e-08
-0.00140359
0.000115129
-7.18082e-09
-0.00119053
1.73317e-05
-6.7664e-09
-0.00147779
-3.4574e-10
-0.00143428
-1.73274e-05
1.4282e-06
-0.00143427
-0.000115134
4.36565e-05
-0.00147777
4.59116e-05
-0.000234386
-0.00119053
4.0108e-05
-6.06194e-05
-0.00140357
-4.73033e-09
-4.01191e-05
-0.00136241
-4.0117e-05
-4.01199e-05
-0.00136241
-4.59164e-05
-6.06218e-05
-0.00140357
0.000115135
-0.000234395
-0.0011905
1.73243e-05
4.36528e-05
-0.00147777
1.42476e-06
-0.00143426
-5.82339e-06
5.45582e-05
-0.00117118
-0.000123003
0.000226018
-0.00150116
3.90109e-05
-0.000167617
-0.000540272
6.05944e-05
-3.90359e-05
-0.00113221
-6.83566e-09
-4.59263e-05
-0.00140358
-6.06125e-05
-4.59233e-05
-0.00140357
-3.90257e-05
-3.90386e-05
-0.00113219
0.000123012
-0.000167635
-0.000540174
5.82674e-06
0.00022602
-0.00150115
5.45524e-05
-0.00117118
0.000244905
-0.000256215
0.00242373
-0.00015373
0.000641947
0.00118699
0.000167642
0.000153755
0.00185899
0.000234397
0.000123016
-0.000540107
-6.82716e-09
0.000115127
-0.00119051
-0.000234404
0.00011513
-0.0011905
-0.000167646
0.000123016
-0.000540094
0.000153723
0.000153736
0.00185902
-0.000244895
0.000641949
0.00118701
-0.000256219
0.00242372
-0.000618597
8.84653e-05
0.0027678
-0.00064198
0.000618596
0.00266963
-0.000226046
-0.000244917
0.00118728
-4.36554e-05
5.81105e-06
-0.00150112
-4.40159e-09
1.73297e-05
-0.00147778
4.36543e-05
1.73244e-05
-0.00147777
0.000226035
5.82123e-06
-0.00150113
0.000641966
-0.000244892
0.00118714
0.000618597
0.000618595
0.00266961
8.84637e-05
0.00276779
-8.84631e-05
0.00264579
0.000256205
0.00276781
-5.45743e-05
0.00242383
-1.42767e-06
-0.00117113
-1.29117e-09
-0.00143427
1.42059e-06
-0.00143426
5.45558e-05
-0.00117117
-0.000256216
0.00242376
8.84629e-05
0.00276779
0.00264578
-8.86233e-05
-8.86225e-05
0.00282304
0.000229453
-0.000626807
0.00307656
-9.27687e-05
0.00012271
0.00262338
-2.35152e-05
-3.09091e-05
-0.00120945
1.9135e-09
-2.12245e-05
-0.00143658
2.35151e-05
-2.1218e-05
-0.00143657
9.27424e-05
-3.09302e-05
-0.00120945
-0.000229472
0.000122643
0.00262335
8.86246e-05
-0.000626809
0.00307652
-8.86213e-05
0.00282303
-0.000626804
0.000229448
0.00307657
-0.000579954
-0.000579962
0.00257595
-0.000153897
-0.00022206
0.00110592
-4.48183e-05
-0.000126856
-0.00151427
-4.96409e-09
-0.000111551
-0.00143228
4.48199e-05
-0.000111553
-0.00143227
0.000153875
-0.000126864
-0.00151427
0.000579929
-0.000222092
0.00110575
0.00062681
-0.000579956
0.00257591
0.000229461
0.00307655
0.000122728
-9.27748e-05
0.00262338
-0.000222047
-0.000153902
0.00110597
0.000199231
0.000199228
0.00101641
0.000206178
4.35668e-05
-0.000717675
-6.57061e-09
4.03563e-05
-0.00113628
-0.000206185
4.03524e-05
-0.00113626
-0.000199236
4.35709e-05
-0.00071765
0.000222051
0.000199214
0.0010164
-0.000122692
-0.0001539
0.00110595
-9.27592e-05
0.00262337
-3.09071e-05
-2.35154e-05
-0.00120945
-0.000126858
-4.48176e-05
-0.00151427
4.35674e-05
0.000206178
-0.00071766
6.81733e-05
6.81711e-05
-0.00118145
-5.94518e-09
3.72213e-05
-0.00133228
-6.81867e-05
3.72214e-05
-0.00133227
-4.3578e-05
6.81758e-05
-0.00118143
0.000126863
0.000206182
-0.000717579
3.09112e-05
-4.48175e-05
-0.00151426
-2.3512e-05
-0.00120946
-2.12261e-05
5.49069e-09
-0.00143658
-0.00011155
-7.22231e-09
-0.00143228
4.03577e-05
-6.83269e-09
-0.00113628
3.7223e-05
-9.33117e-09
-0.00133228
-4.13004e-09
-6.47886e-09
-0.00128797
-3.72308e-05
-6.60217e-09
-0.00128796
-4.03619e-05
-8.09038e-09
-0.00133227
0.00011155
-6.37956e-09
-0.00113625
2.12224e-05
-6.14725e-09
-0.00143227
4.46903e-09
-0.00143657
-2.1217e-05
2.35223e-05
-0.00143657
-0.000111555
4.48194e-05
-0.00143226
4.0351e-05
-0.000206183
-0.00113626
3.72231e-05
-6.81928e-05
-0.00133226
-4.18436e-09
-3.72337e-05
-0.00128796
-3.72309e-05
-3.72339e-05
-0.00128795
-4.03561e-05
-6.81951e-05
-0.00133225
0.000111555
-0.000206188
-0.00113623
2.12144e-05
4.48192e-05
-0.00143226
2.35164e-05
-0.00143656
-3.09425e-05
9.27372e-05
-0.00120945
-0.000126868
0.000153863
-0.00151428
4.35702e-05
-0.00019924
-0.000717655
6.81779e-05
-4.35851e-05
-0.00118142
-4.78203e-09
-4.03651e-05
-0.00133227
-6.81893e-05
-4.03618e-05
-0.00133226
-4.35797e-05
-4.35875e-05
-0.00118141
0.000126871
-0.000199231
-0.000717582
3.0941e-05
0.000153866
-0.00151427
9.27272e-05
-0.00120945
0.000122628
-0.000229478
0.00262332
-0.0002221
0.000579917
0.00110566
0.000199205
0.000222052
0.00101639
0.000206184
0.000126864
-0.000717536
-5.5269e-09
0.000111549
-0.00113624
-0.000206191
0.000111551
-0.00113622
-0.000199215
0.000126869
-0.000717526
0.000222091
0.000222077
0.00101641
-0.000122614
0.000579919
0.00110567
-0.000229484
0.00262331
-0.000626807
8.8625e-05
0.0030765
-0.000579954
0.000626814
0.00257588
-0.000153903
-0.000122672
0.00110595
-4.48197e-05
3.09124e-05
-0.00151425
-3.89186e-09
2.12196e-05
-0.00143227
4.48216e-05
2.12139e-05
-0.00143225
0.000153884
3.09301e-05
-0.00151426
0.000579934
-0.000122619
0.00110578
0.000626812
0.000626815
0.00257584
8.8624e-05
0.00307649
-8.8621e-05
0.00282303
0.000229467
0.00307654
-9.27517e-05
0.00262338
-2.35093e-05
-0.00120946
1.86666e-09
-0.00143656
2.35089e-05
-0.00143655
9.27301e-05
-0.00120946
-0.000229481
0.00262336
8.86226e-05
0.0030765
0.00282303
-7.71065e-05
-7.71053e-05
0.00297725
0.000251956
-0.000615935
0.00336343
-8.78928e-05
0.000143486
0.00281974
-3.09817e-05
-3.48637e-05
-0.0012315
-1.50467e-09
-2.22246e-05
-0.00144534
3.09734e-05
-2.22186e-05
-0.00144533
8.78628e-05
-3.48666e-05
-0.00123148
-0.000251975
0.000143413
0.00281978
7.71076e-05
-0.000615938
0.00336337
-7.71043e-05
0.00297725
-0.000615934
0.000251953
0.00336344
-0.000533837
-0.000533843
0.00241177
-0.000127018
-0.000168678
0.00101127
-4.88122e-05
-0.000116454
-0.00151089
-3.8565e-09
-0.000106956
-0.00139635
4.88201e-05
-0.000106959
-0.00139635
0.000127004
-0.000116453
-0.00151087
0.000533812
-0.000168718
0.00101107
0.000615942
-0.000533833
0.00241167
0.000251965
0.00336342
0.000143502
-8.78992e-05
0.00281973
-0.000168668
-0.000127021
0.00101131
0.00015926
0.000159256
0.000360548
0.000164809
4.25053e-05
-0.000882183
-4.69152e-09
3.16464e-05
-0.00111007
-0.000164814
3.16423e-05
-0.00111006
-0.000159258
4.25086e-05
-0.000882168
0.00016867
0.000159233
0.000360525
-0.000143473
-0.000127018
0.00101127
-8.78825e-05
0.00281974
-3.48636e-05
-3.09831e-05
-0.0012315
-0.000116455
-4.88101e-05
-0.00151089
4.25052e-05
0.000164809
-0.000882173
6.5835e-05
6.5834e-05
-0.00122811
-3.9661e-09
2.99244e-05
-0.00126472
-6.5843e-05
2.99238e-05
-0.00126471
-4.25116e-05
6.58372e-05
-0.00122809
0.000116453
0.000164808
-0.00088212
3.48605e-05
-4.88125e-05
-0.00151087
-3.09772e-05
-0.00123151
-2.22259e-05
-1.3014e-10
-0.00144534
-0.000106955
-5.80711e-09
-0.00139635
3.1648e-05
-5.79715e-09
-0.00111007
2.9926e-05
-6.25975e-09
-0.00126472
-3.33533e-09
-5.43744e-09
-0.00122811
-2.99322e-05
-5.58104e-09
-0.00122811
-3.16514e-05
-5.57314e-09
-0.00126471
0.000106954
-5.65783e-09
-0.00111004
2.22221e-05
-5.00923e-09
-0.00139635
-4.27988e-11
-0.00144533
-2.22171e-05
3.09745e-05
-0.00144532
-0.000106961
4.8822e-05
-0.00139635
3.16409e-05
-0.000164813
-0.00111005
2.99249e-05
-6.58469e-05
-0.0012647
-3.49014e-09
-2.99346e-05
-0.0012281
-2.99313e-05
-2.99341e-05
-0.0012281
-3.16453e-05
-6.58488e-05
-0.0012647
0.00010696
-0.000164813
-0.00111003
2.22143e-05
4.88232e-05
-0.00139634
3.09692e-05
-0.00144531
-3.48689e-05
8.78547e-05
-0.00123147
-0.000116453
0.000126995
-0.00151087
4.25086e-05
-0.000159257
-0.000882172
6.58386e-05
-4.25162e-05
-0.00122808
-3.2742e-09
-3.16538e-05
-0.00126471
-6.58454e-05
-3.16502e-05
-0.0012647
-4.2514e-05
-4.25184e-05
-0.00122807
0.000116452
-0.000159239
-0.000882122
3.48653e-05
0.000126996
-0.00151086
8.78454e-05
-0.00123147
0.000143393
-0.000251981
0.00281976
-0.000168727
0.000533802
0.00101098
0.000159222
0.000168671
0.000360515
0.000164809
0.000116452
-0.000882091
-4.39729e-09
0.000106954
-0.00111003
-0.000164814
0.000106957
-0.00111002
-0.000159226
0.000116452
-0.000882084
0.000168721
0.000168708
0.000360511
-0.000143382
0.0005338
0.00101096
-0.000251986
0.00281976
-0.000615936
7.71078e-05
0.00336335
-0.000533828
0.000615948
0.00241163
-0.00012702
-0.000143458
0.00101127
-4.88154e-05
3.48584e-05
-0.00151086
-3.04388e-09
2.22195e-05
-0.00139634
4.88231e-05
2.22141e-05
-0.00139634
0.000127007
3.48613e-05
-0.00151085
0.000533807
-0.000143395
0.00101109
0.000615942
0.000615949
0.00241155
7.7107e-05
0.00336334
-7.7104e-05
0.00297724
0.000251972
0.00336341
-8.78739e-05
0.00281977
-3.0974e-05
-0.0012315
-8.70562e-10
-0.00144532
3.0967e-05
-0.00144531
8.78496e-05
-0.00123148
-0.000251985
0.00281979
7.71055e-05
0.00336336
0.00297724
-7.02596e-05
-7.0258e-05
0.00311777
0.000272718
-0.000598445
0.0036189
-7.12425e-05
0.000165512
0.00299819
-2.77505e-05
-3.18953e-05
-0.0012431
-8.59652e-09
-2.09335e-05
-0.00145215
2.77296e-05
-2.09285e-05
-0.00145214
7.12124e-05
-3.18813e-05
-0.00124308
-0.000272733
0.000165429
0.00299829
7.02606e-05
-0.000598448
0.00361883
-7.0257e-05
0.00311776
-0.000598443
0.000272716
0.00361891
-0.000504738
-0.000504742
0.00222436
-0.000129039
-0.000104879
0.000905961
-6.08394e-05
-0.000104066
-0.00150692
-1.87212e-09
-0.000103263
-0.00137486
6.08541e-05
-0.000103267
-0.00137487
0.000129041
-0.000104055
-0.00150688
0.000504717
-0.000104933
0.000905758
0.00059845
-0.000504735
0.00222423
0.000272726
0.00361889
0.00016553
-7.12484e-05
0.00299817
-0.000104866
-0.000129038
0.000906007
0.00011322
0.000113214
-7.56302e-05
0.000127639
3.17053e-05
-0.00103237
-3.51013e-09
1.66247e-05
-0.00110231
-0.000127642
1.66202e-05
-0.00110231
-0.000113213
3.17077e-05
-0.00103236
0.000104863
0.000113184
-7.56684e-05
-0.000165508
-0.000129039
0.000905951
-7.12338e-05
0.00299819
-3.18974e-05
-2.77537e-05
-0.0012431
-0.000104068
-6.08358e-05
-0.00150692
3.17047e-05
0.000127638
-0.00103237
4.93441e-05
4.93438e-05
-0.00126338
-2.38829e-09
1.82931e-05
-0.00121704
-4.9348e-05
1.8292e-05
-0.00121703
-3.17073e-05
4.93461e-05
-0.00126337
0.000104062
0.000127634
-0.00103234
3.18894e-05
-6.08399e-05
-0.0015069
-2.77467e-05
-0.0012431
-2.09341e-05
-1.27057e-08
-0.00145215
-0.000103262
-2.87332e-09
-0.00137486
1.66263e-05
-5.26277e-09
-0.00110231
1.82947e-05
-3.79855e-09
-0.00121704
-2.62411e-09
-4.48069e-09
-0.00119152
-1.82995e-05
-4.5807e-09
-0.00119151
-1.66288e-05
-3.38115e-09
-0.00121703
0.000103261
-5.10955e-09
-0.00110229
2.09303e-05
-2.45001e-09
-0.00137485
-1.07751e-08
-0.00145213
-2.09269e-05
2.77229e-05
-0.00145213
-0.000103269
6.08591e-05
-0.00137487
1.66186e-05
-0.000127641
-0.0011023
1.82926e-05
-4.93502e-05
-0.00121703
-2.79841e-09
-1.83013e-05
-0.00119151
-1.82977e-05
-1.83003e-05
-0.00119151
-1.6622e-05
-4.93518e-05
-0.00121702
0.000103268
-0.000127638
-0.00110229
2.09237e-05
6.0861e-05
-0.00137486
2.77201e-05
-0.00145212
-3.18754e-05
7.12029e-05
-0.00124307
-0.000104051
0.00012904
-0.00150687
3.17079e-05
-0.000113211
-0.00103236
4.93473e-05
-3.17101e-05
-0.00126336
-1.90181e-09
-1.66306e-05
-0.00121703
-4.93504e-05
-1.66266e-05
-0.00121703
-3.17099e-05
-3.17121e-05
-0.00126335
0.000104048
-0.000113185
-0.00103233
3.18713e-05
0.00012904
-0.00150686
7.11962e-05
-0.00124307
0.000165398
-0.000272737
0.00299831
-0.000104954
0.000504709
0.000905657
0.000113173
0.000104861
-7.56837e-05
0.000127634
0.000104058
-0.00103232
-3.49729e-09
0.00010326
-0.00110228
-0.000127637
0.000103264
-0.00110228
-0.000113172
0.00010405
-0.00103231
0.000104945
0.000104914
-7.57047e-05
-0.000165393
0.000504709
0.000905634
-0.000272742
0.00299831
-0.000598446
7.02607e-05
0.0036188
-0.00050473
0.000598455
0.00222416
-0.000129041
-0.0001655
0.000905944
-6.0843e-05
3.1884e-05
-0.00150689
-1.36907e-09
2.09283e-05
-0.00137485
6.08569e-05
2.09237e-05
-0.00137486
0.000129043
3.18729e-05
-0.00150686
0.000504714
-0.000165427
0.000905757
0.000598451
0.000598458
0.00222406
7.02596e-05
0.00361879
-7.02567e-05
0.00311776
0.000272731
0.00361888
-7.12254e-05
0.00299823
-2.77421e-05
-0.0012431
-6.9886e-09
-0.00145212
2.77246e-05
-0.00145211
7.12012e-05
-0.00124308
-0.000272742
0.00299831
7.02579e-05
0.00361882
0.00311776
-6.60152e-05
-6.60134e-05
0.0032498
0.000283037
-0.000585112
0.00385496
-5.32351e-05
0.000105293
0.00322917
-1.89854e-05
-2.56885e-05
-0.00125166
-8.86177e-09
-1.6461e-05
-0.00145466
1.89679e-05
-1.64572e-05
-0.00145466
5.32143e-05
-2.56763e-05
-0.00125165
-0.000283047
0.000105228
0.00322933
6.60165e-05
-0.000585115
0.00385488
-6.60123e-05
0.00324979
-0.00058511
0.000283036
0.00385497
-0.000489759
-0.000489762
0.00203366
-0.000150059
-0.000130354
0.000801908
-8.19794e-05
-9.73093e-05
-0.00150337
7.94759e-10
-9.87595e-05
-0.00137454
8.19973e-05
-9.87639e-05
-0.00137456
0.000150082
-9.73013e-05
-0.00150334
0.000489748
-0.000130405
0.000801724
0.000585109
-0.000489763
0.00203351
0.000283043
0.00385495
0.000105309
-5.32391e-05
0.00322913
-0.00013034
-0.000150054
0.000801948
5.59301e-05
5.59237e-05
-0.000448177
8.43067e-05
3.92518e-06
-0.00116198
-2.29891e-09
-2.86532e-06
-0.0011139
-8.43089e-05
-2.8684e-06
-0.0011139
-5.59224e-05
3.9261e-06
-0.00116197
0.000130337
5.58929e-05
-0.000448225
-0.000105298
-0.000150063
0.000801886
-5.32296e-05
0.00322917
-2.569e-05
-1.89878e-05
-0.00125166
-9.73104e-05
-8.19749e-05
-0.00150338
3.92412e-06
8.4305e-05
-0.00116199
1.82835e-05
1.82836e-05
-0.0012921
-1.22183e-09
5.18466e-06
-0.0012068
-1.82846e-05
5.18337e-06
-0.0012068
-3.92361e-06
1.82848e-05
-0.00129209
9.7305e-05
8.43003e-05
-0.00116198
2.56823e-05
-8.19796e-05
-0.00150336
-1.8983e-05
-0.00125167
-1.64613e-05
-1.35263e-08
-0.00145466
-9.8758e-05
1.31077e-09
-0.00137454
-2.86418e-06
-4.10154e-09
-0.00111389
5.18616e-06
-1.9789e-09
-0.0012068
-1.95111e-09
-3.48618e-09
-0.00118114
-5.18972e-06
-3.49076e-09
-0.00118114
2.86275e-06
-1.77329e-09
-0.0012068
9.87571e-05
-4.00496e-09
-0.00111388
1.64579e-05
1.29655e-09
-0.00137454
-1.14291e-08
-0.00145465
-1.64557e-05
1.8962e-05
-0.00145465
-9.87658e-05
8.20043e-05
-0.00137456
-2.86963e-06
-8.43091e-05
-0.00111389
5.18375e-06
-1.82854e-05
-0.0012068
-2.06926e-09
-5.19106e-06
-0.00118114
-5.18759e-06
-5.18982e-06
-0.00118114
2.8676e-06
-1.82865e-05
-0.00120679
9.87643e-05
-8.43045e-05
-0.00111388
1.64528e-05
8.20067e-05
-0.00137455
1.89612e-05
-0.00145464
-2.56715e-05
5.32079e-05
-0.00125165
-9.72982e-05
0.000150089
-0.00150333
3.92607e-06
-5.59202e-05
-0.00116197
1.82858e-05
-3.92506e-06
-0.00129208
-8.95445e-10
2.86164e-06
-0.0012068
-1.82864e-05
2.86447e-06
-0.00120679
-3.9253e-06
-3.92613e-06
-0.00129207
9.72949e-05
-5.58928e-05
-0.00116197
2.56671e-05
0.000150094
-0.00150332
5.32043e-05
-0.00125165
0.000105197
-0.00028305
0.00322937
-0.000130429
0.000489743
0.00080163
5.588e-05
0.000130332
-0.000448245
8.42992e-05
9.7301e-05
-0.00116197
-2.45409e-09
9.87566e-05
-0.00111388
-8.43018e-05
9.87607e-05
-0.00111388
-5.5878e-05
9.72948e-05
-0.00116196
0.00013042
0.000130382
-0.000448277
-0.000105198
0.000489748
0.000801598
-0.000283053
0.00322937
-0.000585113
6.60168e-05
0.00385484
-0.000489762
0.000585112
0.00203345
-0.000150067
-0.000105296
0.000801877
-8.19825e-05
2.56774e-05
-0.00150335
1.00028e-09
1.64562e-05
-0.00137454
8.19999e-05
1.64525e-05
-0.00137455
0.000150087
2.56679e-05
-0.00150332
0.000489753
-0.000105237
0.00080171
0.000585113
0.000585115
0.00203334
6.60152e-05
0.00385484
-6.60121e-05
0.00324979
0.000283047
0.00385493
-5.32233e-05
0.0032292
-1.89791e-05
-0.00125167
-7.2403e-09
-0.00145464
1.89649e-05
-0.00145463
5.32068e-05
-0.00125166
-0.000283054
0.00322933
6.60133e-05
0.00385487
0.00324979
-6.35957e-05
-6.35938e-05
0.00337698
0.000285455
-0.000573938
0.00407984
-3.96405e-05
4.54363e-05
0.00350883
-4.71569e-06
-1.47515e-05
-0.00127183
-4.14806e-09
-9.52905e-06
-0.00144984
4.70883e-06
-9.52638e-06
-0.00144984
3.96284e-05
-1.47459e-05
-0.00127182
-0.000285463
4.54236e-05
0.00350899
6.35969e-05
-0.000573939
0.00407976
-6.35925e-05
0.00337698
-0.000573935
0.000285455
0.00407986
-0.000486059
-0.000486062
0.00185791
-0.000185861
-0.000164737
0.000711883
-0.000100867
-9.4753e-05
-0.00150837
2.70517e-09
-9.12254e-05
-0.00139372
0.000100882
-9.12292e-05
-0.00139373
0.000185893
-9.47513e-05
-0.00150835
0.000486054
-0.000164761
0.000711748
0.000573929
-0.000486069
0.00185777
0.000285459
0.00407982
4.54424e-05
-3.96428e-05
0.00350879
-0.000164728
-0.000185855
0.000711911
-4.00237e-08
-4.49917e-08
-0.000777558
4.07956e-05
-2.60445e-05
-0.00127153
-1.65197e-09
-1.61283e-05
-0.0011482
-4.07984e-05
-1.61314e-05
-0.0011482
4.39824e-08
-2.60454e-05
-0.00127152
0.00016472
-6.58125e-08
-0.000777597
-4.54521e-05
-0.000185868
0.000711857
-3.96377e-05
0.00350881
-1.47522e-05
-4.71654e-06
-0.00127184
-9.47531e-05
-0.000100863
-0.00150837
-2.60452e-05
4.07937e-05
-0.00127153
-1.3301e-05
-1.33006e-05
-0.00131759
-3.90094e-10
-5.46664e-06
-0.00123077
1.33011e-05
-5.46803e-06
-0.00123077
2.60471e-05
-1.33001e-05
-0.00131758
9.47504e-05
4.07897e-05
-0.00127153
1.47473e-05
-0.000100866
-0.00150836
-4.71484e-06
-0.00127184
-9.52919e-06
-6.25289e-09
-0.00144984
-9.1224e-05
4.32736e-09
-0.00139371
-1.61272e-05
-3.34983e-09
-0.00114819
-5.4652e-06
-6.77368e-10
-0.00123076
-1.11121e-09
-2.16665e-09
-0.00119207
5.4622e-06
-2.14436e-09
-0.00119207
1.61258e-05
-5.99884e-10
-0.00123076
9.12231e-05
-3.1775e-09
-0.00114819
9.5266e-06
4.02046e-09
-0.00139371
-5.18133e-09
-0.00144983
-9.52543e-06
4.70739e-06
-0.00144984
-9.1231e-05
0.000100888
-0.00139374
-1.61327e-05
-4.07993e-05
-0.0011482
-5.46788e-06
1.33008e-05
-0.00123077
-1.19956e-09
5.46097e-06
-0.00119207
5.46466e-06
5.4624e-06
-0.00119207
1.61309e-05
1.33004e-05
-0.00123076
9.12297e-05
-4.07949e-05
-0.00114819
9.52306e-06
0.00010089
-0.00139373
4.70758e-06
-0.00144983
-1.47438e-05
3.96252e-05
-0.00127182
-9.47507e-05
0.000185906
-0.00150834
-2.60459e-05
4.44305e-08
-0.00127152
-1.32996e-05
2.6047e-05
-0.00131758
-2.07622e-10
1.61248e-05
-0.00123076
1.33002e-05
1.61277e-05
-0.00123076
2.60478e-05
2.60476e-05
-0.00131757
9.47486e-05
6.39562e-08
-0.00127152
1.47404e-05
0.000185914
-0.00150833
3.96241e-05
-0.00127182
4.54132e-05
-0.000285465
0.00350904
-0.000164775
0.000486052
0.000711672
-7.49327e-08
0.000164713
-0.000777614
4.07887e-05
9.47481e-05
-0.00127153
-1.73235e-09
9.12224e-05
-0.00114818
-4.07914e-05
9.12262e-05
-0.00114818
7.5898e-08
9.47471e-05
-0.00127152
0.000164766
0.000164738
-0.000777642
-4.54232e-05
0.000486062
0.000711639
-0.000285466
0.00350903
-0.000573937
6.35971e-05
0.00407972
-0.000486071
0.000573928
0.0018577
-0.000185874
-4.54601e-05
0.000711853
-0.000100868
1.47444e-05
-0.00150835
2.67082e-09
9.52525e-06
-0.00139371
0.000100883
9.52266e-06
-0.00139372
0.000185902
1.474e-05
-0.00150833
0.000486067
-4.54453e-05
0.000711729
0.000573931
0.000573931
0.0018576
6.35951e-05
0.00407971
-6.35922e-05
0.00337698
0.000285461
0.00407981
-3.96335e-05
0.00350883
-4.71286e-06
-0.00127185
-3.29044e-09
-0.00144982
4.70767e-06
-0.00144982
3.96245e-05
-0.00127183
-0.000285467
0.00350898
6.35932e-05
0.00407974
0.00337698
-5.40044e-05
-5.40026e-05
0.00348499
0.000291297
-0.000551875
0.00428642
-3.22063e-05
6.25875e-05
0.00376975
1.36083e-05
-5.96455e-06
-0.00131168
-2.06237e-09
-2.87974e-06
-0.00143335
-1.36105e-05
-2.87908e-06
-0.00143335
3.2197e-05
-5.9612e-06
-0.00131167
-0.000291305
6.26084e-05
0.00376989
5.40044e-05
-0.000551875
0.00428632
-5.40002e-05
0.00348499
-0.000551872
0.000291297
0.00428643
-0.000481562
-0.000481566
0.00171729
-0.000220857
-0.000136562
0.000650328
-0.000102856
-9.51621e-05
-0.00153717
3.03285e-09
-7.56059e-05
-0.00142385
0.000102864
-7.56088e-05
-0.00142386
0.000220883
-9.51636e-05
-0.00153717
0.000481555
-0.000136566
0.000650251
0.000551862
-0.000481573
0.00171716
0.0002913
0.00428639
6.25871e-05
-3.22081e-05
0.00376971
-0.000136557
-0.000220853
0.000650342
-1.50992e-05
-1.51021e-05
-0.00102048
1.55072e-05
-4.70269e-05
-0.00135027
-1.30216e-09
-1.98819e-05
-0.00118841
-1.55106e-05
-1.98837e-05
-0.00118841
1.50988e-05
-4.70287e-05
-0.00135027
0.000136545
-1.51104e-05
-0.0010205
-6.26092e-05
-0.000220863
0.000650302
-3.2205e-05
0.00376971
-5.96543e-06
1.36081e-05
-0.00131169
-9.51621e-05
-0.000102853
-0.00153717
-4.70275e-05
1.55056e-05
-0.00135027
-2.97727e-05
-2.97724e-05
-0.0013521
5.11673e-11
-1.0623e-05
-0.0012698
2.97732e-05
-1.0624e-05
-0.0012698
4.70297e-05
-2.97724e-05
-0.00135209
9.51618e-05
1.55041e-05
-0.00135028
5.96347e-06
-0.000102854
-0.00153717
1.36084e-05
-0.00131169
-2.87959e-06
-3.00661e-09
-0.00143335
-7.56046e-05
4.85021e-09
-0.00142385
-1.98808e-05
-2.82158e-09
-0.00118841
-1.0622e-05
5.61326e-12
-0.00126979
-7.02457e-10
-1.46643e-09
-0.00121331
1.06199e-05
-1.45419e-09
-0.00121331
1.98792e-05
2.76629e-11
-0.00126979
7.56033e-05
-2.52824e-09
-0.00118841
2.8782e-06
4.59566e-09
-0.00142384
-2.35724e-09
-0.00143334
-2.87886e-06
-1.36101e-05
-0.00143335
-7.56104e-05
0.000102868
-0.00142387
-1.98846e-05
-1.55122e-05
-0.00118841
-1.0624e-05
2.97733e-05
-0.0012698
-7.83398e-10
1.06191e-05
-0.00121331
1.06218e-05
1.06201e-05
-0.00121331
1.9883e-05
2.97734e-05
-0.0012698
7.5609e-05
-1.55098e-05
-0.00118841
2.87742e-06
0.000102869
-0.00142386
-1.36095e-05
-0.00143334
-5.95979e-06
3.21947e-05
-0.00131166
-9.5164e-05
0.000220894
-0.00153716
-4.70293e-05
1.50972e-05
-0.00135027
-2.97722e-05
4.70301e-05
-0.00135209
1.98673e-10
1.98782e-05
-0.00126979
2.97731e-05
1.98802e-05
-0.00126979
4.70314e-05
4.70315e-05
-0.00135209
9.51636e-05
1.51064e-05
-0.00135027
5.95853e-06
0.000220902
-0.00153716
3.21949e-05
-0.00131167
6.2613e-05
-0.000291309
0.00376993
-0.000136571
0.000481551
0.000650199
-1.51148e-05
0.000136536
-0.00102051
1.55039e-05
9.51611e-05
-0.00135028
-1.22612e-09
7.56023e-05
-0.0011884
-1.55069e-05
7.56056e-05
-0.0011884
1.51143e-05
9.51624e-05
-0.00135027
0.000136561
0.000136543
-0.00102052
-6.26281e-05
0.000481563
0.000650167
-0.000291309
0.00376991
-0.000551872
5.40038e-05
0.00428628
-0.000481575
0.000551859
0.0017171
-0.000220867
-6.26214e-05
0.000650302
-0.000102854
5.96237e-06
-0.00153716
3.03297e-09
2.8775e-06
-0.00142384
0.000102864
2.87678e-06
-0.00142386
0.000220892
5.95935e-06
-0.00153716
0.000481571
-6.26355e-05
0.000650229
0.000551864
0.000551861
0.00171701
5.40014e-05
0.00428626
-5.39992e-05
0.00348498
0.000291303
0.00428636
-3.2202e-05
0.00376972
1.36094e-05
-0.00131169
-1.52086e-09
-0.00143333
-1.36107e-05
-0.00143334
3.21953e-05
-0.00131168
-0.000291308
0.00376985
5.39998e-05
0.00428629
0.00348498
-3.57977e-05
-3.5796e-05
0.00355659
0.000293612
-0.000517341
0.00447435
-3.09088e-05
0.000131962
0.00396231
3.46303e-05
-6.93413e-07
-0.00137653
-3.14105e-09
3.63117e-06
-0.00140235
-3.46343e-05
3.63136e-06
-0.00140235
3.08988e-05
-6.90035e-07
-0.00137651
-0.000293621
0.000131987
0.00396242
3.57978e-05
-0.000517341
0.00447425
-3.57933e-05
0.00355658
-0.000517338
0.000293612
0.00447436
-0.00045812
-0.000458124
0.00159885
-0.000216852
-3.54544e-05
0.000576476
-7.78264e-05
-8.71168e-05
-0.00158977
2.36567e-09
-5.24317e-05
-0.00144562
7.78289e-05
-5.24333e-05
-0.00144563
0.000216865
-8.71175e-05
-0.00158977
0.000458109
-3.54492e-05
0.000576444
0.000517327
-0.00045813
0.00159873
0.000293615
0.0044743
0.00013196
-3.09106e-05
0.00396227
-3.54515e-05
-0.000216849
0.000576479
1.71965e-05
1.71947e-05
-0.00112577
1.43252e-05
-4.85469e-05
-0.00138597
-1.1201e-09
-1.36974e-05
-0.00121282
-1.43284e-05
-1.36981e-05
-0.00121282
-1.71995e-05
-4.85483e-05
-0.00138596
3.54381e-05
1.71933e-05
-0.00112578
-0.000131982
-0.000216853
0.000576445
-3.09075e-05
0.00396225
-6.94383e-07
3.46298e-05
-0.00137653
-8.71169e-05
-7.78248e-05
-0.00158977
-4.85474e-05
1.4324e-05
-0.00138597
-2.91841e-05
-2.91839e-05
-0.00139083
2.09766e-10
-9.57292e-06
-0.00130311
2.91844e-05
-9.57352e-06
-0.00130311
4.85488e-05
-2.91838e-05
-0.00139082
8.71164e-05
1.43237e-05
-0.00138598
6.93426e-07
-7.78236e-05
-0.00158978
3.46305e-05
-0.00137654
3.63149e-06
-4.67211e-09
-0.00140235
-5.24309e-05
3.8282e-09
-0.00144561
-1.36967e-05
-2.40197e-09
-0.00121282
-9.57209e-06
2.87209e-10
-0.0013031
-6.00638e-10
-1.23861e-09
-0.00123245
9.57043e-06
-1.19297e-09
-0.00123245
1.36955e-05
3.0497e-10
-0.0013031
5.24296e-05
-2.01586e-09
-0.00121281
-3.63299e-06
3.74828e-09
-0.00144561
-3.67969e-09
-0.00140234
3.63148e-06
-3.46344e-05
-0.00140236
-5.24343e-05
7.78314e-05
-0.00144563
-1.36986e-05
-1.43302e-05
-0.00121282
-9.57342e-06
2.91845e-05
-0.00130311
-6.38533e-10
9.56971e-06
-0.00123245
9.57172e-06
9.57045e-06
-0.00123245
1.36974e-05
2.91846e-05
-0.00130311
5.2433e-05
-1.43289e-05
-0.00121282
-3.63322e-06
7.78317e-05
-0.00144563
-3.46337e-05
-0.00140235
-6.88812e-07
3.08955e-05
-0.00137651
-8.71179e-05
0.000216872
-0.00158977
-4.85486e-05
-1.72028e-05
-0.00138596
-2.91836e-05
4.85492e-05
-0.00139082
3.16633e-10
1.36946e-05
-0.0013031
2.91843e-05
1.36956e-05
-0.0013031
4.85502e-05
4.85505e-05
-0.00139082
8.71177e-05
-1.7199e-05
-0.00138597
6.8851e-07
0.000216878
-0.00158978
3.08967e-05
-0.00137651
0.000131993
-0.000293626
0.00396246
-3.54512e-05
0.000458102
0.000576414
1.7191e-05
3.54291e-05
-0.00112578
1.4324e-05
8.71156e-05
-0.00138598
-8.96407e-10
5.24287e-05
-0.00121281
-1.43266e-05
5.24305e-05
-0.00121281
-1.71922e-05
8.71166e-05
-0.00138598
3.54416e-05
3.54286e-05
-0.00112579
-0.000132008
0.000458114
0.00057638
-0.000293624
0.00396242
-0.000517339
3.57972e-05
0.00447419
-0.000458132
0.000517322
0.00159867
-0.000216855
-0.000131993
0.000576448
-7.78234e-05
6.92766e-07
-0.00158977
2.48854e-09
-3.63367e-06
-0.00144561
7.78281e-05
-3.63405e-06
-0.00144562
0.000216871
6.89694e-07
-0.00158977
0.000458125
-0.000132012
0.000576415
0.000517329
0.000517324
0.0015986
3.57948e-05
0.00447417
-3.57921e-05
0.00355657
0.000293617
0.00447428
-3.09046e-05
0.00396225
3.46317e-05
-0.00137654
-2.34572e-09
-0.00140233
-3.46345e-05
-0.00140234
3.08982e-05
-0.00137652
-0.000293622
0.00396236
3.57931e-05
0.0044742
0.00355657
-5.19185e-05
-5.19165e-05
0.00366042
0.000249754
-0.000460927
0.0046336
-4.39814e-05
0.000239477
0.00401657
4.97249e-05
-2.32582e-06
-0.00146791
-2.06599e-09
4.11907e-06
-0.00135674
-4.97285e-05
4.11902e-06
-0.00135675
4.39732e-05
-2.32233e-06
-0.00146789
-0.000249756
0.0002395
0.00401665
5.19221e-05
-0.000460929
0.0046335
-5.19161e-05
0.00366042
-0.000460923
0.000249754
0.00463361
-0.000411901
-0.000411905
0.00150081
-0.000178054
9.74181e-05
0.000484688
-3.95415e-05
-6.50997e-05
-0.00166551
1.61544e-09
-3.51641e-05
-0.00144588
3.95418e-05
-3.51649e-05
-0.00144588
0.00017806
-6.50998e-05
-0.00166551
0.00041189
9.74244e-05
0.00048469
0.000460913
-0.00041191
0.00150069
0.000249752
0.00463355
0.000239476
-4.3983e-05
0.00401653
9.74197e-05
-0.000178052
0.000484682
7.0562e-05
7.05614e-05
-0.00107206
2.36744e-05
-2.94449e-05
-0.00137474
-7.22527e-10
-6.79848e-06
-0.00121751
-2.36768e-05
-6.79884e-06
-0.00121751
-7.05646e-05
-2.94455e-05
-0.00137473
-9.74301e-05
7.05635e-05
-0.00107205
-0.000239496
-0.000178052
0.000484653
-4.39814e-05
0.00401648
-2.32714e-06
4.97243e-05
-0.00146791
-6.51001e-05
-3.95405e-05
-0.00166551
-2.94452e-05
2.36735e-05
-0.00137474
-1.80914e-05
-1.80912e-05
-0.00141353
1.59043e-10
-5.77125e-06
-0.00132222
1.80914e-05
-5.77166e-06
-0.00132223
2.94456e-05
-1.80911e-05
-0.00141353
6.51002e-05
2.36735e-05
-0.00137474
2.32742e-06
-3.95387e-05
-0.00166552
4.9725e-05
-0.00146792
4.11938e-06
-3.36116e-09
-0.00135674
-3.51635e-05
2.72379e-09
-0.00144587
-6.79797e-06
-1.55014e-09
-0.00121751
-5.77059e-06
2.5253e-10
-0.00132222
-4.12359e-10
-8.59053e-10
-0.00124399
5.76928e-06
-8.08614e-10
-0.00124399
6.79685e-06
2.69121e-10
-0.00132222
3.51623e-05
-1.27168e-09
-0.0012175
-4.12043e-06
2.69131e-09
-0.00144587
-2.85883e-09
-0.00135673
4.11904e-06
-4.97286e-05
-0.00135675
-3.51656e-05
3.95435e-05
-0.00144589
-6.79913e-06
-2.36782e-05
-0.00121751
-5.7716e-06
1.80915e-05
-0.00132223
-4.23316e-10
5.76869e-06
-0.00124399
5.77029e-06
5.76926e-06
-0.00124399
6.79807e-06
1.80916e-05
-0.00132222
3.51644e-05
-2.36773e-05
-0.00121751
-4.12024e-06
3.95425e-05
-0.00144588
-4.97285e-05
-0.00135674
-2.32097e-06
4.39704e-05
-0.00146788
-6.50997e-05
0.000178063
-0.00166552
-2.94455e-05
-7.05671e-05
-0.00137473
-1.8091e-05
2.94458e-05
-0.00141353
2.41292e-10
6.79621e-06
-0.00132222
1.80913e-05
6.7968e-06
-0.00132222
2.94462e-05
2.94465e-05
-0.00141353
6.51002e-05
-7.05676e-05
-0.00137473
2.32187e-06
0.000178063
-0.00166552
4.39721e-05
-0.00146789
0.000239508
-0.000249757
0.00401668
9.74248e-05
0.000411882
0.000484678
7.05626e-05
-9.74372e-05
-0.00107205
2.36736e-05
6.51e-05
-0.00137474
-5.47193e-10
3.51615e-05
-0.0012175
-2.36754e-05
3.51626e-05
-0.0012175
-7.05638e-05
6.51002e-05
-0.00137474
-9.74317e-05
-9.74395e-05
-0.00107205
-0.000239521
0.00041189
0.000484642
-0.000249756
0.00401663
-0.000460928
5.19239e-05
0.00463344
-0.000411911
0.000460909
0.00150063
-0.000178052
-0.000239507
0.000484659
-3.95387e-05
2.32745e-06
-0.00166551
1.75281e-09
-4.12086e-06
-0.00144586
3.95403e-05
-4.12089e-06
-0.00144587
0.000178059
2.32412e-06
-0.00166552
0.000411903
-0.000239523
0.000484656
0.000460918
0.000460911
0.00150056
5.19209e-05
0.00463341
-5.19167e-05
0.00366041
0.00024975
0.00463352
-4.398e-05
0.00401647
4.97258e-05
-0.00146792
-1.74659e-09
-0.00135673
-4.97287e-05
-0.00135673
4.39747e-05
-0.0014679
-0.000249752
0.00401656
5.19185e-05
0.00463344
0.00366041
-0.000108414
-0.000108411
0.00387725
0.000154555
-0.000377097
0.00474773
-8.0408e-05
0.000345078
0.00390645
4.08157e-05
-1.30833e-05
-0.00157605
-1.33889e-09
-5.67406e-07
-0.00131536
-4.0819e-05
-5.67501e-07
-0.00131536
8.04027e-05
-1.30806e-05
-0.00157603
-0.000154548
0.000345098
0.0039065
0.00010842
-0.0003771
0.00474763
-0.00010841
0.00387725
-0.000377094
0.000154555
0.00474774
-0.000253022
-0.000253025
0.00125266
-3.98969e-05
0.000244028
0.000372612
6.04953e-06
-4.52978e-05
-0.00167924
7.0505e-10
-2.01516e-05
-0.00142024
-6.05005e-06
-2.0152e-05
-0.00142025
3.98973e-05
-4.52978e-05
-0.00167925
0.000253012
0.000244034
0.000372639
0.000377088
-0.000253021
0.00125253
0.00015455
0.00474768
0.000345077
-8.04095e-05
0.00390642
0.000244029
-3.98952e-05
0.000372601
0.000123102
0.000123102
-0.000830206
3.41344e-05
-1.15412e-05
-0.00131952
-3.62671e-10
-7.58789e-07
-0.00120277
-3.41354e-05
-7.58905e-07
-0.00120277
-0.000123104
-1.15415e-05
-0.00131952
-0.000244035
0.000123105
-0.000830193
-0.000345091
-3.98883e-05
0.000372577
-8.0409e-05
0.00390635
-1.30845e-05
4.08151e-05
-0.00157605
-4.52981e-05
6.04996e-06
-0.00167924
-1.15412e-05
3.41339e-05
-0.00131953
-6.53614e-06
-6.53605e-06
-0.00142354
8.1425e-11
-1.90868e-06
-0.00132761
6.53607e-06
-1.90894e-06
-0.00132761
1.15411e-05
-6.53596e-06
-0.00142354
4.52985e-05
3.41335e-05
-0.00131953
1.30854e-05
6.05181e-06
-0.00167924
4.08167e-05
-0.00157606
-5.67233e-07
-2.40281e-09
-0.00131535
-2.01513e-05
1.22985e-09
-0.00142024
-7.58576e-07
-7.88149e-10
-0.00120277
-1.90831e-06
1.1664e-10
-0.00132761
-2.23958e-10
-4.69613e-10
-0.00124781
1.90772e-06
-4.23241e-10
-0.00124781
7.58118e-07
1.29555e-10
-0.00132761
2.01503e-05
-6.06056e-10
-0.00120276
5.66755e-07
1.33976e-09
-0.00142023
-2.07434e-09
-0.00131535
-5.67511e-07
-4.08204e-05
-0.00131536
-2.01522e-05
-6.0503e-06
-0.00142025
-7.59037e-07
-3.41361e-05
-0.00120277
-1.90898e-06
6.53605e-06
-0.00132761
-2.13e-10
1.90741e-06
-0.00124781
1.9084e-06
1.9078e-06
-0.00124781
7.58629e-07
6.5361e-06
-0.00132761
2.01514e-05
-3.41353e-05
-0.00120276
5.67003e-07
-6.05132e-06
-0.00142024
-4.08208e-05
-0.00131535
-1.30795e-05
8.04001e-05
-0.00157602
-4.52976e-05
3.98971e-05
-0.00167924
-1.15414e-05
-0.000123106
-0.00131951
-6.53581e-06
1.15412e-05
-0.00142354
1.34201e-10
7.57831e-07
-0.0013276
6.53598e-06
7.58088e-07
-0.00132761
1.15414e-05
1.15417e-05
-0.00142354
4.5298e-05
-0.000123108
-0.00131952
1.30807e-05
3.98918e-05
-0.00167925
8.04009e-05
-0.00157603
0.000345106
-0.000154545
0.00390652
0.000244036
0.000253005
0.00037264
0.000123106
-0.000244039
-0.000830188
3.41335e-05
4.52989e-05
-0.00131953
-2.3192e-10
2.01498e-05
-0.00120276
-3.41342e-05
2.01504e-05
-0.00120276
-0.000123107
4.52988e-05
-0.00131953
-0.000244039
-0.000244042
-0.00083018
-0.000345114
0.000253004
0.000372605
-0.000154545
0.00390646
-0.000377103
0.000108424
0.00474757
-0.000253025
0.000377085
0.00125247
-3.98878e-05
-0.000345101
0.000372583
6.05242e-06
1.30857e-05
-0.00167924
9.34126e-10
5.66615e-07
-0.00142023
-6.05185e-06
5.66721e-07
-0.00142024
3.98907e-05
1.3083e-05
-0.00167924
0.000253017
-0.000345116
0.000372603
0.000377093
0.000377085
0.00125241
0.000108419
0.00474754
-0.00010841
0.00387725
0.000154546
0.00474765
-8.04095e-05
0.00390632
4.08176e-05
-0.00157606
-1.13227e-09
-0.00131534
-4.08197e-05
-0.00131535
8.04051e-05
-0.00157604
-0.000154544
0.00390639
0.000108414
0.00474757
0.00387724
-0.000150422
-0.00015042
8.31195e-05
-0.000290549
-9.72452e-05
0.000262914
5.34786e-06
-1.56188e-05
-3.52384e-10
-2.26905e-06
-5.34824e-06
-2.26922e-06
9.72432e-05
-1.56174e-05
-8.31117e-05
0.000262927
0.000150428
-0.000290551
-0.000150417
-0.000290548
8.31207e-05
-0.000118
-0.000118
7.05862e-05
0.000171587
1.58711e-05
-1.59412e-05
2.02457e-10
-7.40748e-06
-1.5872e-05
-7.40755e-06
-7.05865e-05
-1.59412e-05
0.000118
0.00017159
0.000290548
-0.000118
8.31195e-05
0.00026291
-9.72456e-05
0.000171585
7.05866e-05
7.49497e-05
7.49496e-05
1.8694e-05
-4.89724e-07
-1.43222e-10
1.00761e-06
-1.86941e-05
1.00758e-06
-7.49505e-05
-4.89798e-07
-0.000171582
7.49504e-05
-0.000262912
7.05884e-05
-9.72446e-05
-1.56194e-05
5.34784e-06
-1.59414e-05
1.58712e-05
-4.89794e-07
1.86938e-05
-6.67009e-07
-6.66985e-07
3.01099e-11
-5.7442e-07
6.67012e-07
-5.74546e-07
4.89951e-07
-6.66952e-07
1.59418e-05
1.86933e-05
1.56197e-05
1.58723e-05
5.34849e-06
-2.26893e-06
-7.18997e-10
-7.40733e-06
2.6201e-10
1.00771e-06
-3.46394e-10
-5.74284e-07
4.26002e-11
-7.90546e-11
-1.73869e-10
5.74097e-07
-1.48485e-10
-1.00799e-06
6.77414e-11
7.40691e-06
-2.18433e-10
2.26871e-06
3.55352e-10
-6.23479e-10
-2.26933e-06
-5.34863e-06
-7.40758e-06
-1.58731e-05
1.00759e-06
-1.86944e-05
-5.74542e-07
6.6695e-07
-6.72524e-11
5.73978e-07
5.74366e-07
5.74152e-07
-1.00778e-06
6.67057e-07
7.40724e-06
-1.86936e-05
2.26904e-06
-1.58732e-05
-5.34893e-06
-1.56166e-05
9.72413e-05
-1.5941e-05
-7.0588e-05
-4.89696e-07
-7.4952e-05
-6.66863e-07
4.90026e-07
7.1112e-11
-1.00819e-06
6.67047e-07
-1.00804e-06
4.89991e-07
4.90203e-07
1.59414e-05
-7.49514e-05
1.5617e-05
-7.05886e-05
9.72406e-05
0.000262929
-8.31086e-05
0.000171591
0.000117997
7.49518e-05
-0.000171582
1.86933e-05
1.59422e-05
-3.5815e-11
7.40667e-06
-1.86932e-05
7.40688e-06
-7.49514e-05
1.59422e-05
-0.000171586
-0.000171584
-0.000262928
0.000117997
-8.31104e-05
-0.000290553
0.000150431
-0.000118003
0.000290547
7.05885e-05
-0.000262915
1.58731e-05
1.562e-05
3.22319e-10
2.26868e-06
-1.58728e-05
2.26881e-06
-7.05873e-05
1.56186e-05
0.000118004
-0.000262927
0.000290551
0.000290547
0.000150427
-0.000150416
8.31171e-05
-9.72453e-05
5.34867e-06
-2.81804e-10
-5.34865e-06
9.72436e-05
-8.3112e-05
0.000150421
)
;

boundaryField
{
    bottom
    {
        type            calculated;
        value           uniform 0;
    }
    atmosphere
    {
        type            calculated;
        value           nonuniform List<scalar> 
100
(
0.00417809
0.00480475
0.00382387
-0.00166303
-0.00130774
-0.00130775
-0.001663
0.00382394
0.00480459
0.00417809
0.00480474
0.000907566
0.000275339
-0.00162421
-0.00139923
-0.00139924
-0.00162421
0.000275393
0.000907369
0.00480466
0.0038239
0.000275353
-0.000636933
-0.00127872
-0.00119249
-0.00119249
-0.00127871
-0.000636918
0.000275324
0.00382377
-0.00166302
-0.00162421
-0.00127872
-0.00142319
-0.00132669
-0.0013267
-0.00142319
-0.00127872
-0.0016242
-0.00166303
-0.00130774
-0.00139923
-0.00119249
-0.0013267
-0.00124896
-0.00124896
-0.00132669
-0.00119248
-0.00139922
-0.00130772
-0.00130774
-0.00139924
-0.00119249
-0.0013267
-0.00124896
-0.00124896
-0.00132669
-0.00119248
-0.00139922
-0.00130773
-0.00166301
-0.00162421
-0.00127871
-0.00142319
-0.00132669
-0.0013267
-0.00142318
-0.00127872
-0.00162421
-0.00166302
0.00382393
0.00027539
-0.000636923
-0.00127872
-0.00119248
-0.00119249
-0.00127871
-0.000636913
0.000275356
0.00382382
0.00480464
0.000907433
0.000275319
-0.0016242
-0.00139922
-0.00139923
-0.00162421
0.000275362
0.000907309
0.00480458
0.00417809
0.00480469
0.0038238
-0.00166303
-0.00130773
-0.00130774
-0.001663
0.00382388
0.00480455
0.00417809
)
;
    }
    walls
    {
        type            calculated;
        value           uniform 0;
    }
}


// ************************************************************************* //
