/*--------------------------------*- C++ -*----------------------------------*\
| =========                 |                                                 |
| \\      /  F ield         | OpenFOAM: The Open Source CFD Toolbox           |
|  \\    /   O peration     | Version:  2412                                  |
|   \\  /    A nd           | Website:  www.openfoam.com                      |
|    \\/     M anipulation  |                                                 |
\*---------------------------------------------------------------------------*/
FoamFile
{
    version     2.0;
    format      ascii;
    arch        "LSB;label=32;scalar=64";
    class       volVectorField;
    location    "0.69";
    object      U;
}
// * * * * * * * * * * * * * * * * * * * * * * * * * * * * * * * * * * * * * //

dimensions      [0 1 -1 0 0 0 0];

internalField   nonuniform List<vector> 
4000
(
(0.282407 0.282407 -0.131141)
(-0.15999 -0.0376227 -0.118216)
(-0.424893 -0.303115 -0.289386)
(-0.227827 -0.222672 -0.300963)
(-0.137973 -0.179311 -0.249323)
(0.137973 -0.179312 -0.249325)
(0.227827 -0.222672 -0.300964)
(0.424894 -0.303114 -0.289387)
(0.159991 -0.0376226 -0.118217)
(-0.282407 0.282407 -0.131141)
(-0.0376226 -0.15999 -0.118216)
(0.411238 0.411239 -0.139717)
(-0.19363 0.371867 -0.148368)
(-0.154674 -0.193244 -0.47377)
(-0.114247 -0.220414 -0.53175)
(0.114245 -0.220417 -0.531748)
(0.154672 -0.193244 -0.473767)
(0.193631 0.371866 -0.148364)
(-0.411237 0.41124 -0.139717)
(0.0376222 -0.159991 -0.118216)
(-0.303115 -0.424893 -0.289385)
(0.371868 -0.19363 -0.148368)
(-0.49752 -0.497519 -0.0637231)
(-0.133392 -0.666938 -0.452605)
(-0.0963402 -0.634916 -0.437852)
(0.096334 -0.634921 -0.437845)
(0.133394 -0.66694 -0.452598)
(0.497528 -0.497519 -0.0637179)
(-0.371863 -0.193628 -0.148365)
(0.303113 -0.424893 -0.289384)
(-0.222672 -0.227827 -0.300962)
(-0.193243 -0.154675 -0.473769)
(-0.666937 -0.133391 -0.452605)
(-0.27019 -0.270189 -0.503446)
(-0.104987 -0.292935 -0.417264)
(0.104985 -0.292934 -0.417256)
(0.270191 -0.270188 -0.503441)
(0.666939 -0.133392 -0.452603)
(0.193243 -0.154675 -0.473768)
(0.222673 -0.227826 -0.300962)
(-0.179312 -0.137973 -0.249322)
(-0.220413 -0.114247 -0.531749)
(-0.634914 -0.0963403 -0.43785)
(-0.292932 -0.104986 -0.417266)
(-0.0916674 -0.0916675 -0.293408)
(0.0916675 -0.0916657 -0.293408)
(0.292931 -0.104985 -0.417263)
(0.634915 -0.0963398 -0.437843)
(0.220413 -0.114245 -0.531747)
(0.179312 -0.137972 -0.249322)
(-0.179312 0.137972 -0.249325)
(-0.220417 0.114245 -0.531747)
(-0.634921 0.0963327 -0.437841)
(-0.292933 0.104984 -0.417255)
(-0.0916647 0.0916675 -0.293407)
(0.0916647 0.0916656 -0.293406)
(0.292931 0.104983 -0.417253)
(0.634922 0.0963334 -0.437835)
(0.220417 0.114244 -0.531744)
(0.179312 0.137972 -0.249325)
(-0.222672 0.227827 -0.300964)
(-0.193244 0.154672 -0.473766)
(-0.66694 0.133394 -0.452596)
(-0.270188 0.270192 -0.50344)
(-0.104985 0.292932 -0.417261)
(0.104984 0.292932 -0.417253)
(0.27019 0.270191 -0.503435)
(0.666942 0.133395 -0.452596)
(0.193244 0.154673 -0.473765)
(0.222673 0.227826 -0.300964)
(-0.303113 0.424894 -0.289387)
(0.371866 0.193632 -0.148363)
(-0.497519 0.497529 -0.0637172)
(-0.133393 0.66694 -0.452604)
(-0.0963398 0.634917 -0.437844)
(0.0963347 0.634921 -0.437837)
(0.133395 0.666942 -0.452598)
(0.497526 0.497527 -0.0637143)
(-0.371863 0.19363 -0.148362)
(0.303112 0.424894 -0.289386)
(-0.0376225 0.15999 -0.118217)
(0.41124 -0.411237 -0.139717)
(-0.193628 -0.371862 -0.148365)
(-0.154675 0.193244 -0.473768)
(-0.114245 0.220414 -0.531747)
(0.114244 0.220417 -0.531745)
(0.154674 0.193245 -0.473766)
(0.19363 -0.371862 -0.148362)
(-0.411238 -0.411238 -0.139716)
(0.0376219 0.159991 -0.118217)
(0.282407 -0.282407 -0.131141)
(-0.159991 0.0376222 -0.118216)
(-0.424893 0.303113 -0.289384)
(-0.227826 0.222673 -0.300962)
(-0.137972 0.179312 -0.249323)
(0.137972 0.179312 -0.249325)
(0.227826 0.222673 -0.300964)
(0.424894 0.303112 -0.289386)
(0.159991 0.0376219 -0.118216)
(-0.282407 -0.282407 -0.131141)
(-0.00791439 -0.00791428 0.000384047)
(-0.206586 -0.88019 0.256251)
(-0.473803 -1.19843 0.283118)
(-0.243857 -1.28265 0.338154)
(-0.190755 -1.39755 0.24676)
(0.190754 -1.39753 0.246764)
(0.243856 -1.28264 0.338155)
(0.473805 -1.19842 0.283119)
(0.206586 -0.880185 0.256252)
(0.0079146 -0.00791389 0.000384327)
(-0.88019 -0.206586 0.256251)
(0.928122 0.928122 0.321181)
(-0.90516 0.656195 0.508294)
(0.0679841 0.90779 0.659281)
(-0.718054 1.33971 0.626179)
(0.718071 1.33966 0.626179)
(-0.0680131 0.907736 0.659278)
(0.905156 0.656155 0.508288)
(-0.928124 0.928114 0.32118)
(0.880189 -0.206587 0.256251)
(-1.19843 -0.473803 0.283117)
(0.656197 -0.905161 0.508295)
(-1.04145 -1.04145 0.392423)
(0.877491 -1.6649 0.198769)
(-1.26966 -1.5679 0.313606)
(1.2696 -1.56787 0.313589)
(-0.877492 -1.66495 0.198749)
(1.04145 -1.04147 0.392414)
(-0.656191 -0.905169 0.508299)
(1.19842 -0.473804 0.283118)
(-1.28265 -0.243856 0.338154)
(0.907796 0.0679769 0.65928)
(-1.66488 0.877549 0.198769)
(0.767209 0.767199 -0.206579)
(-0.875723 0.0200156 -0.132996)
(0.875704 0.0198651 -0.133006)
(-0.767049 0.767024 -0.206588)
(1.66489 0.877565 0.198773)
(-0.907782 0.0679788 0.65928)
(1.28264 -0.243857 0.338153)
(-1.39754 -0.190755 0.246759)
(1.33972 -0.718053 0.626179)
(-1.56793 -1.26968 0.313604)
(0.0201605 -0.87575 -0.133001)
(-0.674739 -0.674736 -0.122172)
(0.674746 -0.674733 -0.122172)
(-0.0202222 -0.875762 -0.133012)
(1.56795 -1.26965 0.313593)
(-1.33969 -0.718045 0.626178)
(1.39754 -0.190756 0.24676)
(-1.39753 0.190753 0.246764)
(1.33966 0.718079 0.626178)
(-1.5679 1.26959 0.313581)
(0.0199392 0.875726 -0.133014)
(-0.674735 0.674746 -0.122173)
(0.674743 0.674744 -0.122175)
(-0.0200076 0.875737 -0.133024)
(1.56792 1.26957 0.313573)
(-1.33963 0.718069 0.626177)
(1.39752 0.190754 0.246764)
(-1.28263 0.243855 0.338155)
(0.907728 -0.0680109 0.659277)
(-1.66496 -0.877541 0.198746)
(0.766969 -0.76699 -0.20659)
(-0.875741 -0.0201013 -0.13301)
(0.875721 -0.0199536 -0.13302)
(-0.766827 -0.766832 -0.206596)
(1.66496 -0.877544 0.198753)
(-0.907719 -0.0680069 0.659277)
(1.28263 0.243856 0.338154)
(-1.19841 0.473804 0.283119)
(0.656147 0.905155 0.508287)
(-1.04148 1.04145 0.392413)
(0.87751 1.66491 0.198774)
(-1.26963 1.56793 0.313593)
(1.26957 1.5679 0.313578)
(-0.877498 1.66496 0.198758)
(1.04148 1.04147 0.392407)
(-0.656144 0.905162 0.508292)
(1.19841 0.473805 0.283119)
(-0.880184 0.206586 0.256252)
(0.928111 -0.928125 0.32118)
(-0.905171 -0.656187 0.508299)
(0.0679858 -0.907772 0.659281)
(-0.718044 -1.33968 0.626179)
(0.718059 -1.33964 0.626178)
(-0.068009 -0.907722 0.659278)
(0.905166 -0.656149 0.508294)
(-0.928113 -0.928116 0.32118)
(0.880184 0.206587 0.256252)
(-0.00791393 0.0079147 0.00038437)
(-0.206587 0.880189 0.256251)
(-0.473805 1.19842 0.283118)
(-0.243858 1.28264 0.338154)
(-0.190755 1.39753 0.246761)
(0.190754 1.39752 0.246764)
(0.243857 1.28263 0.338155)
(0.473806 1.19841 0.283119)
(0.206588 0.880185 0.256251)
(0.00791408 0.00791424 0.000384719)
(-0.276811 -0.276811 0.0795924)
(-0.0351152 -1.82082 0.124131)
(-0.524603 -2.22686 0.00668332)
(-0.226703 -2.34351 -0.280122)
(-0.19346 -2.43903 -0.43462)
(0.193459 -2.43904 -0.434611)
(0.226705 -2.34351 -0.280105)
(0.524606 -2.22686 0.00669443)
(0.0351185 -1.82082 0.124134)
(0.276809 -0.276811 0.0795928)
(-1.82082 -0.0351153 0.12413)
(1.84925 1.84925 -0.0260942)
(-1.1386 2.19965 0.29929)
(0.117855 2.32717 -0.110761)
(-1.26144 2.39298 -0.696248)
(1.26147 2.39299 -0.696215)
(-0.117904 2.32717 -0.110702)
(1.13861 2.19964 0.299302)
(-1.84925 1.84925 -0.0260875)
(1.82082 -0.0351146 0.124131)
(-2.22685 -0.524603 0.00668241)
(2.19964 -1.1386 0.299291)
(0.138773 0.13875 -0.18262)
(0.945586 0.333733 -0.190903)
(-1.12431 0.167418 -0.026178)
(1.12427 0.167328 -0.0261467)
(-0.94562 0.333603 -0.190881)
(-0.138897 0.138631 -0.182649)
(-2.19964 -1.13859 0.299286)
(2.22685 -0.524605 0.00668368)
(-2.34351 -0.226703 -0.280124)
(2.32717 0.117847 -0.110773)
(0.333755 0.945579 -0.190904)
(0.299024 0.299039 -0.735411)
(-0.811644 0.326101 -0.566564)
(0.811619 0.326085 -0.566636)
(-0.298928 0.299007 -0.735411)
(-0.333783 0.945554 -0.190883)
(-2.32716 0.117833 -0.110772)
(2.34351 -0.226704 -0.280121)
(-2.43903 -0.19346 -0.434621)
(2.39298 -1.26142 -0.696245)
(0.167472 -1.12431 -0.026218)
(0.326106 -0.81165 -0.566572)
(-0.737165 -0.737195 -0.829678)
(0.737138 -0.737225 -0.829721)
(-0.326065 -0.811652 -0.566642)
(-0.167472 -1.12431 -0.0262383)
(-2.39298 -1.2614 -0.696216)
(2.43902 -0.19346 -0.434615)
(-2.43904 0.193459 -0.434609)
(2.393 1.26148 -0.696197)
(0.167321 1.12427 -0.026171)
(0.326075 0.811618 -0.566672)
(-0.737223 0.737154 -0.829744)
(0.737201 0.73719 -0.829779)
(-0.326038 0.811624 -0.566733)
(-0.167334 1.12427 -0.0261968)
(-2.39299 1.26145 -0.696177)
(2.43904 0.193459 -0.434605)
(-2.34351 0.226705 -0.280102)
(2.32717 -0.117906 -0.110689)
(0.333579 -0.945619 -0.190871)
(0.298977 -0.298911 -0.735412)
(-0.811654 -0.326041 -0.566658)
(0.811633 -0.326027 -0.566721)
(-0.298896 -0.298894 -0.735414)
(-0.333612 -0.945593 -0.190853)
(-2.32717 -0.11789 -0.110693)
(2.34351 0.226706 -0.2801)
(-2.22686 0.524606 0.00669636)
(2.19964 1.1386 0.299308)
(0.138615 -0.138908 -0.182653)
(0.945556 -0.333769 -0.190875)
(-1.12431 -0.167437 -0.0262081)
(1.12428 -0.167358 -0.0261808)
(-0.94559 -0.333643 -0.190855)
(-0.138734 -0.138781 -0.18267)
(-2.19964 1.1386 0.299305)
(2.22686 0.524607 0.00669702)
(-1.82082 0.0351193 0.124135)
(1.84925 -1.84925 -0.0260861)
(-1.1386 -2.19964 0.299285)
(0.117838 -2.32717 -0.110761)
(-1.26141 -2.39298 -0.696216)
(1.26145 -2.39299 -0.696192)
(-0.117885 -2.32717 -0.110706)
(1.13861 -2.19964 0.299299)
(-1.84925 -1.84925 -0.0260808)
(1.82082 0.0351188 0.124135)
(-0.276811 0.276809 0.0795929)
(-0.0351143 1.82082 0.124131)
(-0.524605 2.22685 0.00668524)
(-0.226704 2.34351 -0.280118)
(-0.19346 2.43903 -0.434613)
(0.193459 2.43903 -0.434605)
(0.226706 2.34351 -0.280101)
(0.524607 2.22685 0.00669584)
(0.0351178 1.82082 0.124134)
(0.276809 0.276809 0.0795935)
(-0.445089 -0.445089 0.268697)
(0.0943708 -2.23644 0.315189)
(-0.696673 -2.26912 0.305385)
(-0.24256 -1.64851 0.121129)
(-0.354732 -1.73829 -0.00646662)
(0.354734 -1.7383 -0.00645954)
(0.242561 -1.64855 0.121125)
(0.696666 -2.26913 0.305388)
(-0.0943678 -2.23645 0.31519)
(0.445088 -0.44509 0.268698)
(-2.23644 0.0943706 0.31519)
(2.25702 2.25702 -0.23973)
(-1.90591 2.27284 0.141162)
(0.568245 0.0979861 -0.461434)
(-1.57463 -0.209707 -1.03528)
(1.5747 -0.209751 -1.0352)
(-0.568249 0.0981246 -0.461372)
(1.90583 2.27286 0.141178)
(-2.25702 2.25703 -0.239729)
(2.23644 0.0943709 0.315191)
(-2.26912 -0.696675 0.305384)
(2.27284 -1.90595 0.141157)
(0.152025 0.151986 1.03293)
(0.720913 -0.47739 1.38524)
(-0.939103 -1.3365 0.826888)
(0.939084 -1.33651 0.826872)
(-0.720931 -0.477424 1.38529)
(-0.152079 0.151926 1.03292)
(-2.27284 -1.90598 0.141115)
(2.26912 -0.696677 0.305382)
(-1.64852 -0.242559 0.121128)
(0.0979678 0.568252 -0.461452)
(-0.477397 0.720915 1.38524)
(-0.287967 -0.287932 0.747159)
(-0.754199 0.237795 -0.268545)
(0.754189 0.237884 -0.268661)
(0.288025 -0.287915 0.74711)
(0.477405 0.720899 1.38524)
(-0.0979836 0.56824 -0.461468)
(1.64853 -0.242561 0.121128)
(-1.7383 -0.354728 -0.00646916)
(-0.209683 -1.57462 -1.0353)
(-1.33652 -0.939097 0.826888)
(0.237779 -0.754204 -0.268547)
(-0.900487 -0.900512 -0.780091)
(0.900469 -0.900541 -0.780159)
(-0.237748 -0.754195 -0.268626)
(1.33655 -0.939103 0.826881)
(0.209675 -1.57464 -1.03528)
(1.73831 -0.354727 -0.00646835)
(-1.73832 0.354735 -0.0064586)
(-0.209756 1.57472 -1.03517)
(-1.33654 0.939072 0.826866)
(0.23789 0.754188 -0.268706)
(-0.900546 0.900478 -0.780201)
(0.900531 0.90051 -0.780255)
(-0.237845 0.754179 -0.268762)
(1.33656 0.939078 0.826862)
(0.209742 1.57474 -1.03516)
(1.73832 0.354733 -0.00645911)
(-1.64857 0.242561 0.121125)
(0.0981568 -0.568249 -0.46136)
(-0.477435 -0.720934 1.38531)
(-0.287953 0.288018 0.747096)
(-0.754199 -0.23774 -0.268649)
(0.754189 -0.237815 -0.268741)
(0.287994 0.287985 0.747056)
(0.477443 -0.72092 1.3853)
(-0.0981556 -0.568244 -0.461381)
(1.64858 0.242562 0.121125)
(-2.26914 0.696664 0.305388)
(2.27286 1.90584 0.141182)
(0.151949 -0.152054 1.03292)
(0.720893 0.477401 1.38525)
(-0.939111 1.33653 0.826884)
(0.939092 1.33654 0.826871)
(-0.720914 0.477434 1.38529)
(-0.152002 -0.15199 1.03291)
(-2.27286 1.90588 0.141145)
(2.26914 0.696666 0.305387)
(-2.23645 -0.0943671 0.315191)
(2.25703 -2.25702 -0.23973)
(-1.90595 -2.27284 0.141109)
(0.568232 -0.0979988 -0.461457)
(-1.57465 0.209697 -1.03527)
(1.57471 0.209736 -1.03519)
(-0.568241 -0.0981215 -0.461397)
(1.90588 -2.27286 0.141132)
(-2.25703 -2.25703 -0.239727)
(2.23645 -0.0943673 0.315192)
(-0.44509 0.445088 0.268698)
(0.0943714 2.23644 0.315191)
(-0.696676 2.26912 0.305383)
(-0.242563 1.64853 0.121128)
(-0.35473 1.7383 -0.00646588)
(0.354731 1.73831 -0.00645997)
(0.242563 1.64857 0.121125)
(0.696669 2.26913 0.305386)
(-0.0943683 2.23645 0.315192)
(0.445088 0.445088 0.268699)
(-0.531585 -0.531585 0.441281)
(0.261737 -2.2309 0.291368)
(-0.793009 -1.85895 0.233504)
(-0.164968 -1.2639 0.281503)
(-0.393841 -1.50726 0.164243)
(0.393833 -1.50727 0.164271)
(0.164976 -1.26391 0.28148)
(0.793008 -1.85897 0.233508)
(-0.261735 -2.23091 0.29137)
(0.531585 -0.531586 0.441283)
(-2.2309 0.261737 0.291368)
(2.25247 2.25247 -0.204832)
(-2.38224 1.59282 -0.0768301)
(0.623085 -0.912636 -0.407273)
(-1.36312 -0.222114 -1.22585)
(1.36312 -0.222192 -1.22578)
(-0.623038 -0.912686 -0.407137)
(2.38221 1.59289 -0.0767888)
(-2.25248 2.25249 -0.204849)
(2.23091 0.261736 0.29137)
(-1.85895 -0.793008 0.233504)
(1.5928 -2.38225 -0.0768487)
(-0.300985 -0.301007 1.40048)
(0.482006 -1.65403 0.909522)
(-0.789671 -1.71969 -0.28961)
(0.789702 -1.7197 -0.289664)
(-0.48201 -1.65404 0.909627)
(0.300996 -0.300983 1.40045)
(-1.59279 -2.38226 -0.0768714)
(1.85895 -0.793009 0.233508)
(-1.26391 -0.164964 0.281508)
(-0.912607 0.623118 -0.407307)
(-1.65404 0.482024 0.909505)
(0.447967 0.447986 -0.288046)
(-0.816756 0.394705 -0.967677)
(0.816774 0.394747 -0.96775)
(-0.447988 0.448043 -0.28811)
(1.65406 0.482038 0.909529)
(0.912585 0.623137 -0.407303)
(1.26393 -0.164967 0.281508)
(-1.50727 -0.393844 0.164237)
(-0.222086 -1.36313 -1.22587)
(-1.71967 -0.789656 -0.28962)
(0.394708 -0.816748 -0.967683)
(-0.80566 -0.805707 -1.24262)
(0.805665 -0.805783 -1.24269)
(-0.394678 -0.816731 -0.967731)
(1.71967 -0.789658 -0.289642)
(0.22212 -1.36318 -1.22586)
(1.50727 -0.393849 0.164241)
(-1.50728 0.393833 0.164279)
(-0.222208 1.36314 -1.22576)
(-1.71969 0.789702 -0.289696)
(0.394744 0.816775 -0.96778)
(-0.805794 0.805685 -1.24275)
(0.805783 0.805746 -1.24282)
(-0.394707 0.816751 -0.967812)
(1.71968 0.789698 -0.289709)
(0.222232 1.36318 -1.22576)
(1.50728 0.393839 0.164278)
(-1.26392 0.164976 0.281476)
(-0.912689 -0.623039 -0.40711)
(-1.65404 -0.48202 0.909655)
(0.448034 -0.448011 -0.28812)
(-0.816746 -0.394652 -0.967748)
(0.816758 -0.394686 -0.967806)
(-0.448042 -0.448057 -0.288185)
(1.65406 -0.48203 0.909657)
(0.912657 -0.623067 -0.407125)
(1.26393 0.164978 0.28148)
(-1.85898 0.793007 0.233508)
(1.5929 2.38221 -0.0767915)
(-0.300952 0.301018 1.40045)
(0.482023 1.65405 0.909556)
(-0.789672 1.71968 -0.289633)
(0.7897 1.71969 -0.289676)
(-0.482024 1.65405 0.909642)
(0.300966 0.300998 1.40044)
(-1.59288 2.38222 -0.0768179)
(1.85898 0.793006 0.233511)
(-2.23092 -0.261734 0.29137)
(2.25249 -2.25248 -0.204857)
(-2.38225 -1.5928 -0.0768564)
(0.623125 0.912606 -0.407276)
(-1.36316 0.222153 -1.22584)
(1.36317 0.222223 -1.22578)
(-0.623085 0.91265 -0.407155)
(2.38222 -1.59287 -0.0768162)
(-2.25249 -2.25249 -0.204866)
(2.23092 -0.261733 0.291371)
(-0.531587 0.531585 0.441283)
(0.261736 2.23091 0.29137)
(-0.79301 1.85896 0.23351)
(-0.164971 1.26392 0.281505)
(-0.393847 1.50726 0.164247)
(0.39384 1.50727 0.164271)
(0.164979 1.26393 0.281486)
(0.793008 1.85898 0.233513)
(-0.261734 2.23092 0.291371)
(0.531586 0.531585 0.441284)
(-0.550177 -0.550177 0.490916)
(0.329885 -2.18544 0.403339)
(-0.824422 -1.41807 0.533646)
(-0.0646505 -1.09903 0.779267)
(-0.517612 -1.32974 0.440908)
(0.517604 -1.32976 0.440951)
(0.0646561 -1.09904 0.779278)
(0.824421 -1.4181 0.533638)
(-0.329886 -2.18545 0.403338)
(0.550177 -0.550178 0.490918)
(-2.18544 0.329885 0.403339)
(2.20237 2.20237 0.0125738)
(-2.34744 0.79058 0.122275)
(1.15289 -0.653388 -0.384134)
(-1.26973 -0.13568 -1.16331)
(1.26963 -0.135676 -1.16326)
(-1.15284 -0.653531 -0.384036)
(2.34748 0.79068 0.12227)
(-2.20237 2.20238 0.0125546)
(2.18545 0.329886 0.403341)
(-1.41807 -0.824421 0.533649)
(0.790573 -2.34744 0.122249)
(-0.836156 -0.836167 1.82551)
(0.255454 -1.51775 0.569381)
(-0.690146 -1.2528 -0.0264018)
(0.690107 -1.25272 -0.0264986)
(-0.255446 -1.51778 0.569413)
(0.836178 -0.836136 1.82551)
(-0.790624 -2.34745 0.122214)
(1.41808 -0.824418 0.533651)
(-1.09904 -0.0646514 0.779264)
(-0.653328 1.15292 -0.384161)
(-1.51774 0.255502 0.569381)
(0.505307 0.50532 -0.210979)
(-0.964072 0.301944 -1.01321)
(0.964115 0.301898 -1.01326)
(-0.505317 0.505357 -0.211052)
(1.51776 0.255564 0.569412)
(0.65329 1.15295 -0.384153)
(1.09905 -0.0646631 0.779262)
(-1.32974 -0.517617 0.440898)
(-0.135684 -1.26976 -1.16332)
(-1.25282 -0.69015 -0.026371)
(0.301992 -0.964048 -1.01322)
(-0.732824 -0.732858 -1.38235)
(0.732799 -0.732885 -1.38244)
(-0.301982 -0.964027 -1.01325)
(1.2528 -0.690136 -0.0263783)
(0.135726 -1.26981 -1.16332)
(1.32975 -0.517627 0.44091)
(-1.32977 0.517606 0.440963)
(-0.13568 1.26961 -1.16324)
(-1.2527 0.69009 -0.0265099)
(0.301887 0.964116 -1.01327)
(-0.732864 0.732773 -1.38255)
(0.732824 0.732785 -1.38266)
(-0.301874 0.964087 -1.01329)
(1.25269 0.690085 -0.0265064)
(0.135729 1.26967 -1.16324)
(1.32977 0.517617 0.440969)
(-1.09905 0.0646549 0.779281)
(-0.653545 -1.15285 -0.384015)
(-1.51779 -0.255476 0.569429)
(0.505349 -0.505339 -0.211063)
(-0.964044 -0.301911 -1.01327)
(0.96408 -0.301865 -1.01331)
(-0.505343 -0.50536 -0.211131)
(1.5178 -0.255526 0.569453)
(0.65348 -1.1529 -0.384017)
(1.09906 0.0646627 0.779278)
(-1.4181 0.824418 0.533636)
(0.790691 2.34749 0.122253)
(-0.836119 0.836188 1.82551)
(0.255539 1.51776 0.569423)
(-0.690128 1.25278 -0.0263964)
(0.690099 1.25271 -0.0264821)
(-0.25552 1.51779 0.569451)
(0.836135 0.836153 1.82551)
(-0.790713 2.34749 0.122225)
(1.41811 0.824414 0.53364)
(-2.18546 -0.329886 0.403338)
(2.20239 -2.20237 0.0125468)
(-2.34746 -0.790648 0.122221)
(1.15296 0.653327 -0.384135)
(-1.26978 0.135733 -1.1633)
(1.2697 0.135737 -1.16325)
(-1.15293 0.65345 -0.384042)
(2.34749 -0.790718 0.122226)
(-2.20239 -2.20239 0.0125327)
(2.18546 -0.329886 0.403339)
(-0.550178 0.550177 0.490918)
(0.329887 2.18545 0.403341)
(-0.824418 1.41808 0.53365)
(-0.0646637 1.09905 0.779265)
(-0.517625 1.32974 0.440921)
(0.517618 1.32976 0.440959)
(0.0646654 1.09906 0.779275)
(0.824415 1.41811 0.533643)
(-0.329887 2.18546 0.40334)
(0.550178 0.550178 0.49092)
(-0.608479 -0.608479 0.631376)
(0.371342 -2.15841 0.449759)
(-0.794852 -1.11539 0.728075)
(0.0551192 -0.972429 0.985711)
(-0.655599 -1.1745 0.565963)
(0.655592 -1.17452 0.565997)
(-0.0551279 -0.972438 0.985753)
(0.794855 -1.11541 0.728052)
(-0.371345 -2.15842 0.449757)
(0.60848 -0.60848 0.631378)
(-2.15841 0.371342 0.449759)
(2.16384 2.16384 0.0893652)
(-2.30646 0.515283 0.18175)
(1.64197 0.241036 -0.468898)
(-1.19342 -0.133377 -1.13088)
(1.19325 -0.133243 -1.1309)
(-1.64203 0.241037 -0.468823)
(2.3065 0.515297 0.181769)
(-2.16385 2.16385 0.0893597)
(2.15842 0.371343 0.449761)
(-1.1154 -0.794849 0.728077)
(0.5153 -2.30645 0.181709)
(-1.01767 -1.01767 1.8594)
(0.232804 -1.13272 0.113866)
(-0.774743 -0.961887 -0.734914)
(0.774669 -0.961695 -0.734989)
(-0.232717 -1.13275 0.11386)
(1.0177 -1.01767 1.85945)
(-0.515335 -2.30647 0.181678)
(1.11541 -0.794846 0.728071)
(-0.972439 0.0551054 0.985697)
(0.241063 1.64195 -0.468923)
(-1.13272 0.232847 0.113883)
(0.485117 0.485141 -0.52775)
(-0.836043 0.354059 -1.29313)
(0.836126 0.35397 -1.2931)
(-0.485097 0.485185 -0.527823)
(1.13272 0.232892 0.113937)
(-0.241112 1.64199 -0.468906)
(0.972457 0.0550834 0.98569)
(-1.1745 -0.655606 0.565958)
(-0.133431 -1.19345 -1.13087)
(-0.961925 -0.774767 -0.734905)
(0.354112 -0.835999 -1.29317)
(-0.611025 -0.611038 -1.61621)
(0.610962 -0.610985 -1.61635)
(-0.354122 -0.835985 -1.29318)
(0.961877 -0.774728 -0.734911)
(0.133466 -1.19346 -1.13087)
(1.1745 -0.65562 0.565973)
(-1.17453 0.655594 0.566011)
(-0.13323 1.1932 -1.13091)
(-0.961635 0.774657 -0.735006)
(0.353962 0.836138 -1.2931)
(-0.610904 0.610874 -1.61652)
(0.610835 0.610817 -1.61666)
(-0.353974 0.836115 -1.29312)
(0.96161 0.774627 -0.735003)
(0.133297 1.19323 -1.1309)
(1.17453 0.655609 0.566024)
(-0.972449 -0.0551255 0.985762)
(0.241064 -1.64205 -0.468813)
(-1.13275 -0.232711 0.113875)
(0.485183 -0.485126 -0.527832)
(-0.835997 -0.354059 -1.29319)
(0.836073 -0.353976 -1.29317)
(-0.48515 -0.485157 -0.527902)
(1.13275 -0.23278 0.113936)
(-0.24112 -1.64209 -0.468807)
(0.972464 -0.0551026 0.985749)
(-1.11541 0.794853 0.728048)
(0.515302 2.30652 0.181747)
(-1.01767 1.01771 1.85947)
(0.232891 1.13272 0.11394)
(-0.774707 0.961845 -0.734902)
(0.77464 0.961675 -0.734968)
(-0.232827 1.13274 0.11394)
(1.01769 1.0177 1.8595)
(-0.515352 2.30654 0.181703)
(1.11542 0.794845 0.728049)
(-2.15842 -0.371345 0.449755)
(2.16386 -2.16385 0.0893567)
(-2.30648 -0.515336 0.181693)
(1.64202 -0.241112 -0.468896)
(-1.19344 0.133431 -1.13087)
(1.19329 0.133326 -1.13088)
(-1.64208 -0.241119 -0.468828)
(2.30653 -0.51536 0.181705)
(-2.16386 -2.16386 0.0893567)
(2.15843 -0.371346 0.449756)
(-0.60848 0.60848 0.631378)
(0.371345 2.15842 0.44976)
(-0.794845 1.11541 0.728067)
(0.0550899 0.972454 0.9857)
(-0.655616 1.1745 0.565981)
(0.655609 1.17452 0.566014)
(-0.0550993 0.972459 0.985738)
(0.794844 1.11542 0.728051)
(-0.371347 2.15843 0.449758)
(0.608481 0.60848 0.631379)
(-0.683744 -0.683744 0.737216)
(0.477811 -2.17792 0.493241)
(-0.736355 -0.978008 0.906774)
(0.0870384 -0.879158 1.04978)
(-0.743671 -1.05337 0.71165)
(0.74367 -1.05338 0.711649)
(-0.0870726 -0.879159 1.04978)
(0.736369 -0.978006 0.906758)
(-0.477813 -2.17793 0.493242)
(0.683744 -0.683743 0.737217)
(-2.17792 0.477812 0.493241)
(2.1637 2.1637 0.249738)
(-2.28499 0.797497 0.247881)
(1.60944 0.703652 -0.65933)
(-1.30051 -0.131979 -0.970832)
(1.30042 -0.131778 -0.970952)
(-1.60958 0.703674 -0.659303)
(2.28505 0.797425 0.247854)
(-2.1637 2.16371 0.249747)
(2.17793 0.477814 0.493244)
(-0.978016 -0.736349 0.906776)
(0.797541 -2.28496 0.247857)
(-1.03223 -1.03223 1.91877)
(0.903565 -0.909134 0.19994)
(-0.672316 -0.838259 -0.745844)
(0.672371 -0.838133 -0.745898)
(-0.903516 -0.909121 0.199896)
(1.03225 -1.03223 1.91882)
(-0.797576 -2.28497 0.247819)
(0.978028 -0.736343 0.906773)
(-0.879168 0.0870115 1.04977)
(0.703654 1.60936 -0.659353)
(-0.909133 0.903569 0.199978)
(0.459902 0.459946 -0.454985)
(-0.692454 0.32364 -1.40525)
(0.69254 0.32363 -1.40517)
(-0.459903 0.460052 -0.45504)
(0.909117 0.903565 0.200024)
(-0.703665 1.60933 -0.659361)
(0.879185 0.0869875 1.04976)
(-1.05336 -0.743676 0.711655)
(-0.132058 -1.30051 -0.970814)
(-0.838279 -0.672308 -0.745853)
(0.32366 -0.692405 -1.40529)
(-0.49857 -0.498551 -1.72615)
(0.498485 -0.498431 -1.7263)
(-0.323693 -0.692401 -1.40528)
(0.838227 -0.672249 -0.74585)
(0.132067 -1.30047 -0.97084)
(1.05337 -0.743684 0.711668)
(-1.05338 0.743673 0.711657)
(-0.131756 1.30038 -0.970989)
(-0.838084 0.672398 -0.745919)
(0.323663 0.692558 -1.40516)
(-0.498302 0.498361 -1.72647)
(0.498229 0.498252 -1.72663)
(-0.323696 0.692549 -1.40517)
(0.838048 0.672317 -0.745911)
(0.131808 1.30035 -0.970993)
(1.05338 0.743682 0.711674)
(-0.879167 -0.0870655 1.04978)
(0.703696 -1.60956 -0.659316)
(-0.909113 -0.903499 0.199915)
(0.460078 -0.459965 -0.455042)
(-0.692404 -0.323688 -1.4053)
(0.692486 -0.323681 -1.40524)
(-0.460065 -0.460059 -0.455099)
(0.909108 -0.903526 0.199977)
(-0.703725 -1.6095 -0.659326)
(0.87918 -0.087026 1.04977)
(-0.978011 0.736368 0.906756)
(0.797444 2.28506 0.247827)
(-1.03224 1.03225 1.91883)
(0.903579 0.909112 0.200011)
(-0.672267 0.838212 -0.745818)
(0.672296 0.8381 -0.745867)
(-0.903562 0.90911 0.199981)
(1.03227 1.03226 1.91886)
(-0.797544 2.28505 0.247785)
(0.978031 0.736356 0.906751)
(-2.17794 -0.477814 0.493241)
(2.16371 -2.1637 0.249752)
(-2.28499 -0.797548 0.247822)
(1.60938 -0.703667 -0.659354)
(-1.30048 0.131998 -0.970849)
(1.30041 0.131835 -0.970947)
(-1.60949 -0.703712 -0.659327)
(2.28504 -0.79754 0.247794)
(-2.16371 -2.16371 0.249769)
(2.17794 -0.477815 0.49324)
(-0.683744 0.683745 0.737217)
(0.477814 2.17793 0.493244)
(-0.736345 0.978025 0.90677)
(0.0870052 0.879182 1.04976)
(-0.743682 1.05337 0.711668)
(0.74368 1.05338 0.711672)
(-0.0870249 0.879179 1.04977)
(0.736351 0.97803 0.906753)
(-0.477816 2.17794 0.493241)
(0.683745 0.683745 0.737218)
(-0.754033 -0.754033 0.822435)
(0.577247 -2.17478 0.502104)
(-0.667865 -0.957479 0.975068)
(0.0656477 -0.777919 1.07544)
(-0.75459 -0.920213 0.798619)
(0.754595 -0.920225 0.798591)
(-0.0656778 -0.777923 1.07545)
(0.667875 -0.957477 0.975064)
(-0.577249 -2.17479 0.502108)
(0.754034 -0.754032 0.822435)
(-2.17478 0.577246 0.502103)
(2.16859 2.16859 0.323721)
(-1.61093 1.1315 0.437695)
(0.836177 0.65764 -0.738691)
(-1.33411 -0.105783 -1.03852)
(1.33413 -0.105628 -1.03861)
(-0.836237 0.657683 -0.738724)
(1.61104 1.13146 0.437635)
(-2.1686 2.1686 0.323747)
(2.17479 0.577247 0.502106)
(-0.957483 -0.667859 0.97507)
(1.13152 -1.61086 0.437695)
(-0.9109 -0.910893 1.82211)
(1.0788 -0.73411 0.0303788)
(-0.63294 -0.7664 -0.88203)
(0.633129 -0.766509 -0.881981)
(-1.07882 -0.73406 0.0303543)
(0.910909 -0.910911 1.82216)
(-1.13153 -1.61083 0.437674)
(0.957488 -0.667855 0.975071)
(-0.777923 0.065622 1.07543)
(0.657629 0.836161 -0.7387)
(-0.734134 1.07879 0.0304179)
(0.518786 0.518816 -0.540357)
(-0.510913 0.31638 -1.52233)
(0.511015 0.316478 -1.52226)
(-0.518837 0.51892 -0.540382)
(0.734141 1.07881 0.0304529)
(-0.657626 0.836181 -0.738725)
(0.777929 0.0656026 1.07543)
(-0.920212 -0.754591 0.798635)
(-0.105836 -1.33405 -1.03851)
(-0.766372 -0.632855 -0.882079)
(0.316371 -0.510859 -1.52235)
(-0.375134 -0.375082 -1.79825)
(0.375082 -0.374947 -1.79834)
(-0.316432 -0.510875 -1.52232)
(0.766364 -0.632837 -0.882059)
(0.105796 -1.33399 -1.03853)
(0.920218 -0.75459 0.798642)
(-0.92023 0.754596 0.798595)
(-0.105598 1.33409 -1.03864)
(-0.766526 0.633153 -0.881994)
(0.316564 0.511041 -1.52225)
(-0.374837 0.374987 -1.79844)
(0.374806 0.374872 -1.79853)
(-0.316615 0.511051 -1.52224)
(0.766504 0.633105 -0.881984)
(0.105581 1.33402 -1.03865)
(0.920233 0.754593 0.798612)
(-0.777928 -0.0656714 1.07545)
(0.657695 -0.836241 -0.738748)
(-0.734055 -1.07882 0.0303835)
(0.51896 -0.518916 -0.540378)
(-0.510871 -0.316483 -1.52234)
(0.510968 -0.316574 -1.5223)
(-0.518996 -0.519006 -0.540412)
(0.734073 -1.07884 0.030427)
(-0.657682 -0.836233 -0.738753)
(0.777933 -0.0656423 1.07544)
(-0.957481 0.667875 0.975059)
(1.13147 1.61101 0.437619)
(-0.910928 0.910905 1.82217)
(1.07882 0.734125 0.0304298)
(-0.632937 0.766386 -0.881996)
(0.633092 0.766476 -0.881957)
(-1.07885 0.734081 0.0304131)
(0.910954 0.910939 1.82222)
(-1.13152 1.61094 0.437611)
(0.957497 0.66787 0.975045)
(-2.17479 -0.577249 0.502106)
(2.1686 -2.1686 0.323753)
(-1.61086 -1.13152 0.437665)
(0.836181 -0.657639 -0.738723)
(-1.33403 0.105727 -1.03854)
(1.33405 0.105593 -1.03862)
(-0.836215 -0.657677 -0.738736)
(1.61091 -1.13152 0.437622)
(-2.16861 -2.16861 0.323769)
(2.17479 -0.577249 0.502105)
(-0.754033 0.754034 0.822435)
(0.577248 2.17479 0.502106)
(-0.667854 0.957487 0.97507)
(0.065621 0.777928 1.07543)
(-0.754588 0.920222 0.798632)
(0.754589 0.920232 0.798613)
(-0.0656416 0.777932 1.07543)
(0.667863 0.957495 0.97505)
(-0.57725 2.17479 0.502105)
(0.754034 0.754034 0.822436)
(-0.815254 -0.815253 0.900284)
(0.681951 -2.07435 0.449044)
(-0.629758 -0.981545 1.04525)
(0.0377105 -0.631251 1.13715)
(-0.701626 -0.754879 0.827775)
(0.701617 -0.754875 0.827734)
(-0.0377293 -0.631233 1.13714)
(0.629773 -0.981537 1.04525)
(-0.681954 -2.07437 0.44905)
(0.815255 -0.815253 0.900284)
(-2.07435 0.681949 0.449041)
(1.95118 1.95118 -0.194015)
(-1.48327 1.12249 0.767465)
(0.557224 0.623619 -0.73531)
(-1.03844 0.0439614 -1.20174)
(1.03841 0.0439767 -1.2018)
(-0.557221 0.623625 -0.735358)
(1.48329 1.12247 0.767415)
(-1.95122 1.95122 -0.193971)
(2.07437 0.681947 0.449045)
(-0.981547 -0.629754 1.04525)
(1.12249 -1.48323 0.767458)
(-0.752006 -0.751987 1.79909)
(1.04864 -0.655604 0.112517)
(-0.655157 -0.615725 -0.879526)
(0.655356 -0.615817 -0.879435)
(-1.04867 -0.655556 0.112542)
(0.752006 -0.752004 1.79912)
(-1.12251 -1.48317 0.767427)
(0.981546 -0.629754 1.04525)
(-0.631258 0.0376958 1.13715)
(0.623619 0.557245 -0.735312)
(-0.655657 1.04861 0.112521)
(0.497894 0.497887 -0.678719)
(-0.328395 0.286087 -1.57845)
(0.328462 0.286223 -1.5784)
(-0.497947 0.497912 -0.67871)
(0.655685 1.04861 0.112523)
(-0.623621 0.557248 -0.735339)
(0.631254 0.0376884 1.13715)
(-0.754886 -0.701629 0.82779)
(0.0439688 -1.0384 -1.20172)
(-0.615701 -0.65503 -0.87958)
(0.286072 -0.328365 -1.57845)
(-0.274141 -0.274061 -1.8127)
(0.27415 -0.273942 -1.81272)
(-0.286147 -0.328397 -1.57843)
(0.615732 -0.655025 -0.879554)
(-0.0440219 -1.03834 -1.20173)
(0.754892 -0.701625 0.827783)
(-0.754879 0.701612 0.82773)
(0.0439982 1.03836 -1.20182)
(-0.615833 0.655345 -0.879437)
(0.286331 0.328488 -1.57839)
(-0.273889 0.274113 -1.81273)
(0.273916 0.27401 -1.81275)
(-0.286392 0.328519 -1.57839)
(0.615844 0.655312 -0.879422)
(-0.044061 1.03832 -1.20181)
(0.754885 0.701604 0.827729)
(-0.631238 -0.0377261 1.13714)
(0.623628 -0.557234 -0.735387)
(-0.655583 -1.04867 0.112562)
(0.49794 -0.497992 -0.678705)
(-0.328386 -0.286227 -1.57845)
(0.328453 -0.286351 -1.57842)
(-0.497987 -0.49801 -0.678706)
(0.65562 -1.04867 0.112556)
(-0.623632 -0.557231 -0.735396)
(0.63125 -0.0377095 1.13713)
(-0.98154 0.629772 1.04524)
(1.12247 1.48328 0.767397)
(-0.752021 0.751999 1.79913)
(1.04864 0.655651 0.112524)
(-0.655149 0.615743 -0.879485)
(0.655323 0.615815 -0.879408)
(-1.04868 0.655599 0.112542)
(0.752052 0.752039 1.79917)
(-1.12249 1.48324 0.767382)
(0.981555 0.629765 1.04523)
(-2.07437 -0.681954 0.449048)
(1.95122 -1.95122 -0.193968)
(-1.48318 -1.1225 0.767424)
(0.557224 -0.623629 -0.735332)
(-1.03837 -0.044052 -1.20175)
(1.03835 -0.044072 -1.20181)
(-0.557212 -0.623639 -0.735363)
(1.48321 -1.12249 0.767391)
(-1.95122 -1.95122 -0.193955)
(2.07437 -0.681954 0.449045)
(-0.815253 0.815255 0.900284)
(0.681948 2.07437 0.449045)
(-0.629754 0.981545 1.04525)
(0.0377009 0.631244 1.13714)
(-0.70162 0.754889 0.827766)
(0.701606 0.754885 0.827731)
(-0.03771 0.631244 1.13713)
(0.62976 0.981554 1.04524)
(-0.681953 2.07437 0.449044)
(0.815255 0.815255 0.900284)
(-0.849284 -0.849283 0.965722)
(0.770887 -1.72541 0.476717)
(-0.58369 -0.946459 1.20755)
(0.0640708 -0.362825 1.12318)
(-0.665378 -0.430803 0.784546)
(0.665353 -0.430772 0.784501)
(-0.0640836 -0.362789 1.12316)
(0.5837 -0.946443 1.20754)
(-0.770889 -1.72543 0.476716)
(0.849284 -0.849282 0.965721)
(-1.72541 0.770883 0.476715)
(0.649737 0.649749 -0.0692495)
(-1.46952 1.00045 0.904343)
(0.307375 0.632836 -0.807993)
(-0.857876 0.155539 -1.35916)
(0.857844 0.155438 -1.35919)
(-0.307315 0.632837 -0.808059)
(1.46953 1.00044 0.904315)
(-0.649798 0.649816 -0.0692645)
(1.72544 0.770883 0.476709)
(-0.946461 -0.583687 1.20756)
(1.00046 -1.4695 0.904338)
(-0.699977 -0.699942 1.79911)
(0.929538 -0.266704 0.066303)
(-0.58517 -0.4382 -0.884692)
(0.585302 -0.438361 -0.884585)
(-0.929568 -0.266679 0.0663928)
(0.699982 -0.699932 1.79914)
(-1.00045 -1.46947 0.904329)
(0.946456 -0.58369 1.20756)
(-0.362838 0.0640644 1.12318)
(0.632838 0.307411 -0.807984)
(-0.266783 0.929517 0.0662764)
(0.445979 0.445962 -0.753052)
(-0.169713 0.269816 -1.59422)
(0.169727 0.269934 -1.59422)
(-0.445997 0.445938 -0.753029)
(0.266839 0.929507 0.0662687)
(-0.632846 0.307406 -0.808)
(0.36283 0.0640619 1.12318)
(-0.430822 -0.665384 0.784563)
(0.155613 -0.857868 -1.35914)
(-0.438159 -0.585065 -0.884734)
(0.269807 -0.169716 -1.59421)
(-0.197717 -0.197641 -1.79755)
(0.197771 -0.197578 -1.79748)
(-0.269873 -0.169747 -1.5942)
(0.438221 -0.585052 -0.884705)
(-0.15567 -0.857862 -1.35913)
(0.43082 -0.665384 0.78455)
(-0.430771 0.665342 0.784493)
(0.15547 0.857824 -1.3592)
(-0.438401 0.585276 -0.884571)
(0.270031 0.169745 -1.59421)
(-0.197589 0.197789 -1.7974)
(0.197654 0.197736 -1.79734)
(-0.270088 0.169781 -1.59421)
(0.438431 0.585243 -0.884548)
(-0.155557 0.857826 -1.35919)
(0.430771 0.665341 0.784484)
(-0.362793 -0.0640853 1.12316)
(0.632834 -0.307314 -0.808088)
(-0.266749 -0.929565 0.0664102)
(0.445957 -0.446003 -0.753017)
(-0.169738 -0.269947 -1.59421)
(0.169756 -0.270058 -1.5942)
(-0.44598 -0.445981 -0.753009)
(0.266819 -0.929563 0.0663876)
(-0.632839 -0.307316 -0.808089)
(0.362805 -0.0640776 1.12315)
(-0.946443 0.583697 1.20754)
(1.00044 1.46952 0.904295)
(-0.699945 0.69997 1.79914)
(0.929523 0.266767 0.0662909)
(-0.585142 0.43825 -0.884649)
(0.585261 0.438381 -0.884553)
(-0.929558 0.266739 0.0663641)
(0.699991 0.69999 1.79918)
(-1.00044 1.4695 0.904283)
(0.946452 0.583689 1.20754)
(-1.72543 -0.770888 0.476715)
(0.649805 -0.6498 -0.0692629)
(-1.46948 -1.00045 0.904329)
(0.307363 -0.632859 -0.808002)
(-0.857857 -0.155622 -1.35916)
(0.857835 -0.155544 -1.35919)
(-0.307307 -0.632856 -0.808054)
(1.46949 -1.00045 0.904302)
(-0.6498 -0.649795 -0.0692553)
(1.72543 -0.77089 0.47671)
(-0.849282 0.849284 0.965721)
(0.770885 1.72544 0.47671)
(-0.583691 0.946454 1.20755)
(0.0640684 0.362814 1.12316)
(-0.665377 0.430799 0.784526)
(0.66535 0.430768 0.784483)
(-0.0640759 0.3628 1.12315)
(0.583688 0.946454 1.20754)
(-0.770891 1.72543 0.476711)
(0.849285 0.849285 0.96572)
(-0.847558 -0.847557 0.987939)
(0.749024 -1.37321 0.717456)
(-0.530195 -0.85685 1.34325)
(0.158316 0.00734778 1.02236)
(-0.657009 0.203508 0.653683)
(0.656967 0.203603 0.653659)
(-0.158324 0.00741221 1.02233)
(0.530201 -0.856827 1.34324)
(-0.749024 -1.37322 0.717446)
(0.847558 -0.847557 0.987938)
(-1.37321 0.749021 0.717456)
(0.0838595 0.0838703 -0.0444045)
(-1.27837 0.888419 0.75016)
(0.162234 0.80592 -0.889405)
(-0.762038 0.245881 -1.417)
(0.76205 0.245738 -1.41701)
(-0.162146 0.805854 -0.889475)
(1.27841 0.888396 0.750159)
(-0.0838752 0.0838931 -0.0443957)
(1.37323 0.749021 0.717443)
(-0.856853 -0.530192 1.34325)
(0.888421 -1.27837 0.750162)
(-0.635486 -0.635444 1.78823)
(0.767763 0.171654 0.0771951)
(-0.530446 -0.214176 -0.851057)
(0.530506 -0.214323 -0.850968)
(-0.767734 0.17167 0.0772717)
(0.635496 -0.635408 1.78825)
(-0.888416 -1.27838 0.750175)
(0.856845 -0.530193 1.34325)
(0.00732691 0.158311 1.02237)
(0.805947 0.162272 -0.889373)
(0.171598 0.767765 0.0771757)
(0.33489 0.334866 -0.612376)
(-0.0645532 0.255648 -1.55004)
(0.0645441 0.255719 -1.55009)
(-0.33488 0.334795 -0.61236)
(-0.17155 0.767756 0.077181)
(-0.805957 0.162265 -0.889359)
(-0.00733681 0.15831 1.02236)
(0.203471 -0.657021 0.653678)
(0.245993 -0.762057 -1.41698)
(-0.214131 -0.530386 -0.851077)
(0.255645 -0.0645718 -1.55001)
(-0.151386 -0.151364 -1.75944)
(0.151448 -0.151397 -1.7593)
(-0.255672 -0.0645884 -1.55002)
(0.214177 -0.530383 -0.85104)
(-0.246038 -0.762117 -1.41695)
(-0.203492 -0.65702 0.653642)
(0.203621 0.656952 0.653635)
(0.245789 0.762075 -1.41699)
(-0.214353 0.530484 -0.850947)
(0.255777 0.0645504 -1.55008)
(-0.151456 0.151509 -1.75913)
(0.15152 0.151543 -1.75899)
(-0.255805 0.0645696 -1.55008)
(0.214369 0.530468 -0.850913)
(-0.245861 0.762128 -1.41696)
(-0.203638 0.656951 0.653591)
(0.00741687 -0.158323 1.02233)
(0.805849 -0.162132 -0.88948)
(0.171616 -0.767722 0.0772801)
(0.334795 -0.334858 -0.612346)
(-0.0645786 -0.255706 -1.55002)
(0.0645701 -0.255777 -1.55006)
(-0.3348 -0.334799 -0.612339)
(-0.171575 -0.767723 0.0772535)
(-0.805884 -0.162135 -0.889447)
(-0.00740487 -0.158319 1.02233)
(-0.856823 0.530197 1.34323)
(0.888392 1.27841 0.750146)
(-0.635413 0.63548 1.78825)
(0.767746 -0.171607 0.0772044)
(-0.53042 0.214212 -0.85102)
(0.530478 0.214333 -0.850939)
(-0.767726 -0.171639 0.0772472)
(0.635467 0.635477 1.78829)
(-0.888398 1.27839 0.750151)
(0.856829 0.530188 1.34323)
(-1.37322 -0.749023 0.717446)
(0.08388 -0.0838814 -0.0443926)
(-1.27839 -0.888413 0.750178)
(0.162215 -0.805934 -0.889386)
(-0.76209 -0.245918 -1.41697)
(0.7621 -0.245798 -1.41699)
(-0.162136 -0.805888 -0.88944)
(1.27839 -0.888403 0.750168)
(-0.0838667 -0.0838755 -0.0443832)
(1.37322 -0.749027 0.71744)
(-0.847557 0.847558 0.987938)
(0.749023 1.37323 0.717442)
(-0.530195 0.856842 1.34325)
(0.158314 -0.00736288 1.02234)
(-0.657008 -0.203547 0.653635)
(0.656966 -0.203639 0.653603)
(-0.15832 -0.00740488 1.02232)
(0.530189 0.856834 1.34323)
(-0.749029 1.37322 0.717441)
(0.84756 0.84756 0.987937)
(-0.820085 -0.820084 1.0427)
(0.633665 -1.06417 0.932984)
(-0.497052 -0.688595 1.45372)
(0.147623 0.697493 0.758221)
(-0.726513 0.983901 0.259642)
(0.726497 0.983959 0.259609)
(-0.147616 0.697687 0.758171)
(0.497056 -0.688554 1.45371)
(-0.63366 -1.06417 0.932976)
(0.820083 -0.820085 1.0427)
(-1.06416 0.633663 0.932985)
(0.00486406 0.00488101 0.122662)
(-1.20038 0.742396 0.58922)
(0.0423271 0.992477 -0.870003)
(-0.684409 0.245542 -1.3487)
(0.684421 0.245424 -1.34867)
(-0.0422688 0.992321 -0.870029)
(1.20042 0.74236 0.589232)
(-0.00481801 0.00487199 0.122672)
(1.06417 0.633666 0.932977)
(-0.688605 -0.497046 1.45372)
(0.742407 -1.20037 0.589224)
(-0.540842 -0.540812 1.79166)
(0.667071 0.382271 0.19381)
(-0.454492 -0.0712492 -0.819876)
(0.45447 -0.0712839 -0.819903)
(-0.667007 0.382207 0.193943)
(0.540839 -0.54077 1.79169)
(-0.742413 -1.20037 0.589248)
(0.688598 -0.497039 1.45372)
(0.697405 0.147613 0.758237)
(0.992543 0.0423483 -0.86998)
(0.382266 0.66709 0.193775)
(0.212258 0.21223 -0.386706)
(-0.00977122 0.248092 -1.47729)
(0.00978058 0.248075 -1.47735)
(-0.212224 0.21214 -0.386702)
(-0.382258 0.667076 0.193799)
(-0.992555 0.0423319 -0.86995)
(-0.697414 0.147601 0.758222)
(0.983884 -0.726533 0.259625)
(0.245644 -0.684417 -1.34871)
(-0.0712346 -0.454509 -0.819838)
(0.248109 -0.00978645 -1.47726)
(-0.12872 -0.128766 -1.70949)
(0.128751 -0.128871 -1.70935)
(-0.248097 -0.00979545 -1.4773)
(0.0712409 -0.454546 -0.819795)
(-0.245632 -0.684442 -1.34869)
(-0.983915 -0.726563 0.259578)
(0.983987 0.7265 0.25956)
(0.245477 0.684432 -1.34866)
(-0.0712919 0.454478 -0.819883)
(0.248085 0.00978385 -1.47735)
(-0.128936 0.128813 -1.7092)
(0.128965 0.128915 -1.70906)
(-0.248085 0.00978358 -1.47737)
(0.0712898 0.45451 -0.81983)
(-0.245476 0.684451 -1.34866)
(-0.984028 0.726522 0.2595)
(0.697688 -0.147602 0.758165)
(0.992317 -0.0422514 -0.870019)
(0.382162 -0.666991 0.193961)
(0.212131 -0.21218 -0.386696)
(-0.00978989 -0.248072 -1.4773)
(0.00978911 -0.248068 -1.47733)
(-0.212122 -0.21211 -0.386695)
(-0.382176 -0.666993 0.193944)
(-0.992387 -0.0422393 -0.869984)
(-0.69764 -0.147589 0.758161)
(-0.688547 0.49705 1.4537)
(0.742355 1.20043 0.589228)
(-0.540769 0.540819 1.79169)
(0.66705 -0.382278 0.193842)
(-0.454515 0.0712561 -0.819837)
(0.454501 0.0712877 -0.819856)
(-0.667001 -0.382235 0.193932)
(0.540805 0.540811 1.79174)
(-0.742371 1.2004 0.58924)
(0.688555 0.497035 1.4537)
(-1.06417 -0.633658 0.932978)
(0.00485048 -0.00481503 0.12268)
(-1.20039 -0.742405 0.589258)
(0.0422998 -0.992482 -0.869969)
(-0.684424 -0.245495 -1.3487)
(0.684432 -0.245385 -1.34868)
(-0.0422478 -0.992375 -0.869991)
(1.2004 -0.742379 0.589257)
(-0.00478904 -0.00479244 0.12269)
(1.06417 -0.633666 0.932976)
(-0.820086 0.820083 1.0427)
(0.633669 1.06417 0.932976)
(-0.497041 0.688587 1.45371)
(0.147605 -0.697523 0.758194)
(-0.726543 -0.983939 0.259579)
(0.72652 -0.984007 0.259534)
(-0.1476 -0.697665 0.758156)
(0.497037 0.688561 1.4537)
(-0.63367 1.06417 0.932974)
(0.820088 0.820087 1.0427)
(-0.815984 -0.815985 1.12437)
(0.498907 -0.878738 1.05112)
(-0.520922 -0.458088 1.53053)
(0.00953296 1.15457 0.260136)
(-0.70066 0.765255 -0.28624)
(0.700875 0.765176 -0.286239)
(-0.00941948 1.15446 0.260099)
(0.520922 -0.458025 1.53052)
(-0.498884 -0.878744 1.05113)
(0.81598 -0.815988 1.12437)
(-0.878734 0.498914 1.05113)
(0.301014 0.301032 0.343272)
(-1.24573 0.569687 0.583175)
(-0.0184344 0.783822 -0.856222)
(-0.585298 0.0351661 -1.26699)
(0.585265 0.035142 -1.267)
(0.0184527 0.783541 -0.856247)
(1.24573 0.569636 0.583188)
(-0.300947 0.301025 0.343283)
(0.878732 0.498926 1.05113)
(-0.458105 -0.520915 1.53054)
(0.569706 -1.24574 0.583181)
(-0.42482 -0.424808 1.76388)
(0.619143 0.301509 0.389552)
(-0.415556 -0.0743232 -0.801136)
(0.415551 -0.0743385 -0.801159)
(-0.619115 0.301414 0.389625)
(0.424796 -0.424779 1.76392)
(-0.569725 -1.24573 0.583206)
(0.458098 -0.520901 1.53054)
(1.15463 0.00955711 0.260162)
(0.783917 -0.0184202 -0.85619)
(0.301529 0.61915 0.389556)
(0.116418 0.116393 -0.189574)
(0.00431194 0.244183 -1.40823)
(-0.00427863 0.244129 -1.40827)
(-0.116384 0.116331 -0.189591)
(-0.301539 0.61914 0.389611)
(-0.783869 -0.0184334 -0.856159)
(-1.15464 0.00952978 0.260159)
(0.765307 -0.700603 -0.286297)
(0.0351872 -0.585308 -1.26697)
(-0.0743053 -0.415597 -0.801103)
(0.244209 0.00430275 -1.40822)
(-0.112616 -0.112671 -1.65813)
(0.112621 -0.112761 -1.65805)
(-0.244186 0.00429368 -1.40826)
(0.0742757 -0.415651 -0.801091)
(-0.0351072 -0.585301 -1.26695)
(-0.765297 -0.700667 -0.286356)
(0.765176 0.70091 -0.286317)
(0.0351557 0.585259 -1.26699)
(-0.074336 0.415583 -0.801139)
(0.244116 -0.00427133 -1.40827)
(-0.112792 0.112649 -1.65796)
(0.112793 0.112735 -1.65787)
(-0.244107 -0.0042816 -1.40829)
(0.0743084 0.415633 -0.801125)
(-0.0350628 0.585263 -1.26697)
(-0.76517 0.700902 -0.286402)
(1.15446 -0.00937052 0.260105)
(0.783515 0.0184544 -0.856228)
(0.301381 -0.619104 0.389651)
(0.116327 -0.11634 -0.189595)
(0.00429152 -0.244134 -1.40825)
(-0.00427743 -0.244093 -1.40827)
(-0.116313 -0.116292 -0.189608)
(-0.301417 -0.619106 0.389671)
(-0.783568 0.0184659 -0.85619)
(-1.1545 -0.00935341 0.260102)
(-0.458009 0.520915 1.53052)
(0.569631 1.24573 0.58319)
(-0.424779 0.424774 1.76393)
(0.619127 -0.301536 0.389623)
(-0.415608 0.0742979 -0.801139)
(0.415606 0.0743181 -0.801161)
(-0.619111 -0.301461 0.38966)
(0.424785 0.424777 1.76399)
(-0.569661 1.24572 0.583206)
(0.458016 0.5209 1.53053)
(-0.878743 -0.498881 1.05113)
(0.301013 -0.300938 0.343291)
(-1.24572 -0.569716 0.583216)
(-0.0184534 -0.783754 -0.856194)
(-0.585293 -0.035055 -1.26698)
(0.585267 -0.0350188 -1.26698)
(0.0184669 -0.783552 -0.856213)
(1.24571 -0.569673 0.583217)
(-0.30095 -0.300937 0.343298)
(0.878736 -0.498896 1.05114)
(-0.815989 0.815979 1.12437)
(0.498927 0.878732 1.05114)
(-0.520902 0.458084 1.53053)
(0.00949672 -1.15457 0.260117)
(-0.700693 -0.765217 -0.286298)
(0.700853 -0.765142 -0.286316)
(-0.00939632 -1.15448 0.260086)
(0.5209 0.458035 1.53052)
(-0.498906 0.878735 1.05114)
(0.815987 0.815985 1.12436)
(-0.909047 -0.909047 1.36909)
(0.524409 -0.842902 1.07464)
(-0.530617 -0.255417 1.60447)
(0.00561523 0.893094 -0.126235)
(-0.658182 0.479754 -0.56132)
(0.658375 0.479841 -0.561245)
(-0.00560267 0.893079 -0.125992)
(0.530609 -0.255347 1.60448)
(-0.524392 -0.842906 1.07464)
(0.909045 -0.909051 1.36909)
(-0.842898 0.524414 1.07464)
(0.351859 0.351868 0.597752)
(-1.24139 0.472679 0.702949)
(0.0140049 0.496018 -0.777533)
(-0.545338 -0.133209 -1.20297)
(0.545236 -0.133165 -1.20297)
(-0.0140998 0.495724 -0.777549)
(1.24139 0.47259 0.702954)
(-0.35184 0.351878 0.597761)
(0.842896 0.524425 1.07465)
(-0.25544 -0.53061 1.60447)
(0.472707 -1.24139 0.702954)
(-0.321293 -0.321295 1.66023)
(0.563322 0.118431 0.57344)
(-0.349246 -0.103334 -0.862521)
(0.349235 -0.10332 -0.862516)
(-0.563319 0.118346 0.573468)
(0.321254 -0.321296 1.66026)
(-0.472715 -1.24138 0.702975)
(0.255443 -0.530589 1.60447)
(0.893093 0.00561662 -0.126316)
(0.496078 0.0139925 -0.7775)
(0.11846 0.563318 0.573466)
(0.0736497 0.0736415 -0.103593)
(-0.00621174 0.232969 -1.37133)
(0.00624254 0.23292 -1.37135)
(-0.073622 0.0736304 -0.103617)
(-0.118478 0.563311 0.573525)
(-0.49596 0.0139991 -0.77748)
(-0.893043 0.00559792 -0.126268)
(0.479688 -0.65808 -0.561387)
(-0.133237 -0.545359 -1.20296)
(-0.103325 -0.349273 -0.862509)
(0.23299 -0.00621697 -1.37133)
(-0.0919371 -0.0919714 -1.59588)
(0.0919367 -0.0920292 -1.59584)
(-0.232974 -0.00622484 -1.37136)
(0.103288 -0.349295 -0.862528)
(0.133294 -0.545324 -1.20296)
(-0.479609 -0.658104 -0.561402)
(0.479816 0.658357 -0.561308)
(-0.133171 0.545207 -1.20296)
(-0.103311 0.349249 -0.862501)
(0.232898 0.00624919 -1.37135)
(-0.0920412 0.0919456 -1.59578)
(0.0920329 0.0919962 -1.59572)
(-0.232887 0.00624107 -1.37137)
(0.103283 0.349279 -0.862527)
(0.133248 0.545202 -1.20296)
(-0.4797 0.658326 -0.561367)
(0.89308 -0.00559906 -0.125964)
(0.495663 -0.0141431 -0.777525)
(0.11833 -0.56331 0.573498)
(0.0736299 -0.0735981 -0.103625)
(-0.00623168 -0.232925 -1.37136)
(0.00624693 -0.23288 -1.37137)
(-0.0736015 -0.0735837 -0.103647)
(-0.118369 -0.563312 0.573538)
(-0.495647 -0.0141449 -0.777497)
(-0.89304 -0.00560271 -0.126008)
(-0.255331 0.530599 1.60448)
(0.472574 1.24139 0.702955)
(-0.321304 0.321234 1.66027)
(0.56331 -0.118465 0.573514)
(-0.349272 0.103302 -0.862555)
(0.349266 0.103298 -0.862555)
(-0.563318 -0.118393 0.57352)
(0.321283 0.321257 1.66032)
(-0.472598 1.24138 0.702972)
(0.255346 0.530584 1.60449)
(-0.842907 -0.52439 1.07464)
(0.351879 -0.35184 0.597767)
(-1.24137 -0.472695 0.702984)
(0.0140119 -0.495886 -0.77752)
(-0.545307 0.133272 -1.20298)
(0.545227 0.133249 -1.20299)
(-0.0141029 -0.495666 -0.777531)
(1.24137 -0.472617 0.702982)
(-0.351865 -0.351857 0.597771)
(0.842906 -0.524402 1.07466)
(-0.909052 0.909045 1.36909)
(0.524426 0.842897 1.07466)
(-0.530587 0.255429 1.60448)
(0.00561494 -0.893038 -0.126197)
(-0.658197 -0.479674 -0.561318)
(0.658349 -0.47973 -0.561275)
(-0.00561859 -0.893027 -0.126019)
(0.530583 0.25537 1.60448)
(-0.524409 0.842904 1.07466)
(0.90905 0.909049 1.3691)
(-0.964443 -0.964443 1.54431)
(0.677937 -0.866538 1.09041)
(-0.431775 -0.150965 1.65189)
(0.0938343 0.694833 -0.360123)
(-0.584043 0.296565 -0.782971)
(0.584061 0.296583 -0.782967)
(-0.0936153 0.694885 -0.359832)
(0.431763 -0.150913 1.65191)
(-0.677936 -0.866542 1.09041)
(0.96444 -0.964445 1.54431)
(-0.866537 0.677936 1.09041)
(0.224862 0.224867 0.802248)
(-1.21311 0.438019 0.80139)
(0.031989 0.190899 -0.764799)
(-0.509924 -0.211236 -1.19185)
(0.509773 -0.211197 -1.19184)
(-0.0320423 0.190805 -0.76485)
(1.21312 0.437942 0.801384)
(-0.224863 0.224879 0.80225)
(0.866539 0.677943 1.09042)
(-0.150984 -0.431768 1.65189)
(0.438039 -1.21311 0.801394)
(-0.242532 -0.242536 1.5706)
(0.474081 -0.0540612 0.684034)
(-0.253729 -0.130215 -0.934062)
(0.253658 -0.130204 -0.93405)
(-0.474076 -0.0540898 0.683988)
(0.242498 -0.242553 1.57061)
(-0.438032 -1.2131 0.801409)
(0.150993 -0.431744 1.6519)
(0.694754 0.0938654 -0.360191)
(0.190875 0.0319803 -0.764777)
(-0.0540418 0.474077 0.684074)
(0.0921575 0.0921677 -0.102024)
(-0.025129 0.198943 -1.3525)
(0.0251335 0.198918 -1.3525)
(-0.0921706 0.0922356 -0.102047)
(0.0540108 0.474075 0.684099)
(-0.190784 0.031974 -0.764799)
(-0.6947 0.0937688 -0.360074)
(0.296512 -0.584014 -0.782974)
(-0.211263 -0.509951 -1.19185)
(-0.130208 -0.253751 -0.934061)
(0.198954 -0.0251325 -1.3525)
(-0.0781713 -0.0781948 -1.53617)
(0.0781625 -0.0782337 -1.53614)
(-0.19895 -0.0251342 -1.35252)
(0.130181 -0.25373 -0.93409)
(0.21128 -0.509889 -1.19188)
(-0.296449 -0.584028 -0.782972)
(0.296531 0.58403 -0.78299)
(-0.21121 0.50973 -1.19184)
(-0.130197 0.253639 -0.93404)
(0.198902 0.0251346 -1.35251)
(-0.0782433 0.0781694 -1.53611)
(0.078229 0.0782037 -1.53607)
(-0.198894 0.0251327 -1.35252)
(0.130176 0.253641 -0.934074)
(0.211241 0.509712 -1.19187)
(-0.296457 0.584044 -0.782992)
(0.694834 -0.0935701 -0.359781)
(0.190749 -0.0320666 -0.764851)
(-0.054085 -0.474066 0.684004)
(0.0922483 -0.0921748 -0.102054)
(-0.0251374 -0.19892 -1.35252)
(0.0251391 -0.198891 -1.35252)
(-0.0922315 -0.0922171 -0.102077)
(0.0540504 -0.474072 0.684038)
(-0.190687 -0.0320591 -0.764855)
(-0.694744 -0.0935681 -0.359769)
(-0.150905 0.431751 1.65192)
(0.437921 1.21313 0.801378)
(-0.24257 0.242477 1.57062)
(0.474079 0.0540159 0.684069)
(-0.253716 0.130191 -0.934097)
(0.253659 0.130186 -0.93409)
(-0.474082 0.0540465 0.684023)
(0.242544 0.242506 1.57064)
(-0.437924 1.21312 0.801391)
(0.150924 0.431733 1.65193)
(-0.866544 -0.677934 1.09041)
(0.224881 -0.224866 0.802252)
(-1.2131 -0.438016 0.801413)
(0.0319809 -0.190808 -0.764826)
(-0.509868 0.211247 -1.19188)
(0.509747 0.211222 -1.19188)
(-0.0320324 -0.190731 -0.764865)
(1.21311 -0.437946 0.801404)
(-0.224886 -0.224884 0.802251)
(0.866548 -0.67794 1.09042)
(-0.964445 0.96444 1.54431)
(0.677946 0.86654 1.09042)
(-0.43174 0.150986 1.65191)
(0.093771 -0.69479 -0.360011)
(-0.584064 -0.296521 -0.782953)
(0.584085 -0.296527 -0.78295)
(-0.0936155 -0.694812 -0.359791)
(0.431734 0.15094 1.65192)
(-0.677942 0.866546 1.09042)
(0.964444 0.964443 1.54431)
(-0.99093 -0.99093 1.64828)
(0.804942 -0.873852 1.12702)
(-0.345131 -0.106491 1.7086)
(0.164903 0.557484 -0.469258)
(-0.549535 0.189772 -0.881601)
(0.549475 0.189723 -0.881688)
(-0.16468 0.557795 -0.469004)
(0.345104 -0.106462 1.70868)
(-0.804942 -0.873855 1.12702)
(0.990929 -0.990932 1.64828)
(-0.873852 0.80494 1.12703)
(0.0710767 0.0710767 0.975165)
(-1.15675 0.413532 0.861313)
(0.0301308 -0.0167625 -0.734219)
(-0.439405 -0.24091 -1.20185)
(0.439299 -0.240897 -1.20187)
(-0.0301666 -0.0165556 -0.734292)
(1.15678 0.413497 0.861318)
(-0.0710794 0.0710767 0.975168)
(0.873858 0.804943 1.12703)
(-0.106504 -0.345129 1.70859)
(0.413535 -1.15674 0.861314)
(-0.19134 -0.191336 1.53631)
(0.385149 -0.178079 0.689533)
(-0.159219 -0.129657 -1.0059)
(0.159154 -0.129656 -1.0059)
(-0.385147 -0.178045 0.689452)
(0.191324 -0.191356 1.53631)
(-0.413524 -1.15674 0.861327)
(0.106518 -0.345107 1.70863)
(0.557414 0.164959 -0.469293)
(-0.0168304 0.0301257 -0.734204)
(-0.178075 0.385144 0.689566)
(0.138138 0.138145 -0.160816)
(-0.0384657 0.169545 -1.33769)
(0.0384457 0.169531 -1.33768)
(-0.138185 0.138234 -0.160835)
(0.178035 0.385147 0.689556)
(0.0167547 0.0301249 -0.73425)
(-0.557552 0.164926 -0.469159)
(0.189788 -0.549534 -0.881576)
(-0.240913 -0.439422 -1.20185)
(-0.129647 -0.159231 -1.00591)
(0.169552 -0.0384671 -1.33769)
(-0.0691376 -0.0691555 -1.48877)
(0.069118 -0.0691778 -1.48877)
(-0.16955 -0.0384607 -1.33768)
(0.12963 -0.159199 -1.00593)
(0.240894 -0.439373 -1.20188)
(-0.189812 -0.54954 -0.881599)
(0.18969 0.549441 -0.881722)
(-0.240903 0.439269 -1.20189)
(-0.129648 0.15913 -1.00589)
(0.169521 0.0384415 -1.33767)
(-0.0691827 0.0691191 -1.48876)
(0.0691604 0.0691398 -1.48875)
(-0.169516 0.0384421 -1.33767)
(0.129632 0.159116 -1.00592)
(0.240888 0.439249 -1.20191)
(-0.189723 0.549471 -0.881721)
(0.55786 -0.16463 -0.468941)
(-0.0165323 -0.0301743 -0.734313)
(-0.178025 -0.385138 0.68945)
(0.138263 -0.138187 -0.16084)
(-0.038459 -0.169531 -1.33768)
(0.0384467 -0.169514 -1.33767)
(-0.138273 -0.138248 -0.160859)
(0.177997 -0.385147 0.689459)
(0.016526 -0.0301633 -0.73434)
(-0.557888 -0.164653 -0.468893)
(-0.106463 0.345089 1.70871)
(0.413479 1.15678 0.861316)
(-0.19138 0.191302 1.53631)
(0.385157 0.17803 0.689532)
(-0.159197 0.129641 -1.00593)
(0.159143 0.12964 -1.00592)
(-0.38516 0.17801 0.689457)
(0.191366 0.191324 1.53632)
(-0.41347 1.15678 0.861325)
(0.106481 0.345074 1.70872)
(-0.873858 -0.804941 1.12702)
(0.0710762 -0.0710797 0.975169)
(-1.15674 -0.413522 0.861329)
(0.0301256 0.01668 -0.73427)
(-0.439362 0.240884 -1.20188)
(0.439275 0.240877 -1.2019)
(-0.0301543 0.0165274 -0.73433)
(1.15677 -0.413489 0.86133)
(-0.071083 -0.0710841 0.975169)
(0.873865 -0.804944 1.12702)
(-0.990933 0.990928 1.64828)
(0.804944 0.873859 1.12703)
(-0.345102 0.106513 1.70864)
(0.16488 -0.557619 -0.469131)
(-0.549549 -0.189813 -0.881612)
(0.549509 -0.189771 -0.881677)
(-0.164694 -0.557851 -0.468932)
(0.345082 0.106486 1.7087)
(-0.804944 0.873864 1.12702)
(0.990932 0.990931 1.64828)
(-0.999735 -0.999735 1.696)
(0.813057 -0.845445 1.1866)
(-0.354872 -0.0330204 1.77213)
(0.209964 0.466554 -0.523913)
(-0.520299 0.153191 -0.957385)
(0.520174 0.1532 -0.95749)
(-0.210093 0.467131 -0.523872)
(0.354838 -0.0330415 1.77225)
(-0.813065 -0.845451 1.18659)
(0.999734 -0.999737 1.696)
(-0.845446 0.813053 1.1866)
(-0.07413 -0.0741365 1.12007)
(-1.07989 0.38113 0.893627)
(0.0273304 -0.102515 -0.730932)
(-0.375839 -0.236659 -1.21663)
(0.375821 -0.236653 -1.21666)
(-0.0273209 -0.102172 -0.730937)
(1.07993 0.381111 0.893634)
(0.0741234 -0.0741522 1.12007)
(0.845455 0.813053 1.1866)
(-0.0330221 -0.354876 1.77211)
(0.381126 -1.07988 0.893626)
(-0.172059 -0.17205 1.52818)
(0.345086 -0.240455 0.630606)
(-0.0860656 -0.11696 -1.06718)
(0.0860381 -0.116964 -1.06718)
(-0.3451 -0.240325 0.630573)
(0.172059 -0.172072 1.52817)
(-0.381114 -1.07989 0.893631)
(0.0330438 -0.354865 1.77216)
(0.466466 0.209961 -0.523912)
(-0.102583 0.0273311 -0.730929)
(-0.240473 0.345075 0.630624)
(0.182116 0.182111 -0.264012)
(-0.0413981 0.148253 -1.31295)
(0.041371 0.14825 -1.31294)
(-0.182152 0.182144 -0.263989)
(0.240418 0.345083 0.630622)
(0.10242 0.0273198 -0.730941)
(-0.46674 0.210049 -0.523874)
(0.153221 -0.520305 -0.957355)
(-0.236649 -0.375842 -1.21662)
(-0.116952 -0.0860677 -1.06718)
(0.148257 -0.0413977 -1.31296)
(-0.0596374 -0.0596456 -1.44812)
(0.0596211 -0.0596539 -1.44812)
(-0.148257 -0.0413854 -1.31293)
(0.116948 -0.0860504 -1.06719)
(0.236611 -0.375832 -1.21664)
(-0.15329 -0.520279 -0.957401)
(0.153214 0.52013 -0.957519)
(-0.236652 0.375815 -1.21668)
(-0.116959 0.0860237 -1.06717)
(0.148246 0.0413647 -1.31293)
(-0.0596557 0.059618 -1.44812)
(0.0596379 0.0596251 -1.44813)
(-0.148243 0.0413628 -1.31292)
(0.116955 0.0860128 -1.06718)
(0.236617 0.37581 -1.21669)
(-0.153277 0.520149 -0.957537)
(0.467297 -0.210144 -0.523866)
(-0.102094 -0.027314 -0.730941)
(-0.240285 -0.345096 0.630577)
(0.182165 -0.18214 -0.263981)
(-0.041383 -0.14825 -1.31293)
(0.0413662 -0.148244 -1.31292)
(-0.182183 -0.182161 -0.263972)
(0.24027 -0.345104 0.630584)
(0.102039 -0.0273057 -0.730957)
(-0.467394 -0.210174 -0.52384)
(-0.0330568 0.354825 1.77229)
(0.381093 1.07994 0.893635)
(-0.1721 0.172038 1.52817)
(0.3451 0.240404 0.630614)
(-0.0860573 0.116953 -1.06719)
(0.0860337 0.116956 -1.06718)
(-0.345116 0.240304 0.630578)
(0.172099 0.172056 1.52817)
(-0.381086 1.07994 0.893639)
(0.0330703 0.354819 1.77231)
(-0.845454 -0.813067 1.18659)
(-0.0741544 0.0741251 1.12007)
(-1.07989 -0.381122 0.893632)
(0.0273218 0.10235 -0.730946)
(-0.375835 0.236615 -1.21664)
(0.37582 0.236612 -1.21667)
(-0.0273135 0.102086 -0.730955)
(1.07993 -0.381105 0.893638)
(0.0741434 0.0741369 1.12007)
(0.845463 -0.813066 1.18659)
(-0.999737 0.999734 1.696)
(0.813054 0.845457 1.1866)
(-0.354859 0.0330427 1.77218)
(0.210044 -0.466817 -0.523876)
(-0.520281 -0.153266 -0.957423)
(0.520188 -0.153274 -0.957506)
(-0.21013 -0.467269 -0.523837)
(0.35483 0.033057 1.77227)
(-0.813062 0.845462 1.18659)
(0.999737 0.999736 1.696)
(-1.01046 -1.01045 1.81953)
(0.770856 -0.796596 1.27427)
(-0.394515 0.0659975 1.80033)
(0.244139 0.405981 -0.566833)
(-0.486318 0.138092 -1.01032)
(0.486191 0.138127 -1.01038)
(-0.244479 0.406224 -0.567105)
(0.394513 0.0659592 1.80042)
(-0.770868 -0.796601 1.27426)
(1.01046 -1.01046 1.81953)
(-0.796597 0.77085 1.27427)
(-0.199892 -0.199904 1.24364)
(-1.00232 0.365065 0.916989)
(0.0468063 -0.140843 -0.727397)
(-0.327396 -0.219791 -1.22412)
(0.327436 -0.219789 -1.22414)
(-0.0467596 -0.140523 -0.727307)
(1.00235 0.365043 0.917014)
(0.199874 -0.199922 1.24365)
(0.796606 0.770847 1.27426)
(0.0660032 -0.39452 1.80032)
(0.365062 -1.00231 0.916986)
(-0.202141 -0.202132 1.51172)
(0.362447 -0.249158 0.530508)
(-0.0402037 -0.106248 -1.099)
(0.0402037 -0.106262 -1.09899)
(-0.362474 -0.249054 0.530557)
(0.202146 -0.202167 1.5117)
(-0.36506 -1.00232 0.916995)
(-0.0659911 -0.394531 1.80035)
(0.405945 0.244082 -0.566786)
(-0.140904 0.0468191 -0.727405)
(-0.249178 0.362435 0.53051)
(0.207107 0.207092 -0.373868)
(-0.0425009 0.136699 -1.2823)
(0.0424789 0.136701 -1.28228)
(-0.207108 0.207057 -0.373801)
(0.249152 0.362451 0.530536)
(0.140753 0.0468131 -0.727364)
(-0.406063 0.244201 -0.566893)
(0.138105 -0.486328 -1.01031)
(-0.219778 -0.327385 -1.22411)
(-0.106242 -0.0402013 -1.099)
(0.136702 -0.0424995 -1.2823)
(-0.0496875 -0.0496886 -1.41086)
(0.0496808 -0.0496906 -1.41086)
(-0.136703 -0.0424863 -1.28228)
(0.106248 -0.0401991 -1.099)
(0.219751 -0.327397 -1.22411)
(-0.138134 -0.486284 -1.01034)
(0.138157 0.486154 -1.01039)
(-0.219782 0.327447 -1.22416)
(-0.106263 0.0401993 -1.09898)
(0.136704 0.0424728 -1.28228)
(-0.0496918 0.049677 -1.41087)
(0.0496841 0.0496779 -1.41088)
(-0.136705 0.0424688 -1.28227)
(0.106268 0.0401956 -1.09898)
(0.219757 0.327449 -1.22416)
(-0.138174 0.486153 -1.01041)
(0.406302 -0.24459 -0.567187)
(-0.140444 -0.0467454 -0.727283)
(-0.249023 -0.362475 0.530581)
(0.207059 -0.207087 -0.37378)
(-0.0424851 -0.136705 -1.28228)
(0.0424716 -0.136706 -1.28227)
(-0.207069 -0.207059 -0.373744)
(0.249029 -0.362486 0.530592)
(0.140394 -0.0467534 -0.727274)
(-0.406352 -0.244595 -0.567209)
(0.065942 0.394515 1.80046)
(0.365025 1.00236 0.917022)
(-0.2022 0.202127 1.51169)
(0.362472 0.249143 0.530545)
(-0.0402074 0.106248 -1.09899)
(0.0402075 0.10626 -1.09898)
(-0.362496 0.249058 0.530573)
(0.202199 0.202152 1.51168)
(-0.365027 1.00236 0.917026)
(-0.0659408 0.394522 1.80047)
(-0.796604 -0.770871 1.27425)
(-0.199923 0.199875 1.24365)
(-1.00231 -0.365068 0.916994)
(0.0468094 0.140692 -0.727357)
(-0.32741 0.219761 -1.22412)
(0.327444 0.21976 -1.22414)
(-0.0467702 0.140442 -0.727291)
(1.00234 -0.36505 0.917015)
(0.199903 0.199893 1.24365)
(0.796614 -0.770866 1.27425)
(-1.01046 1.01046 1.81953)
(0.770848 0.796608 1.27426)
(-0.394528 -0.0659902 1.80036)
(0.244246 -0.406091 -0.566935)
(-0.48628 -0.138124 -1.01035)
(0.486183 -0.138152 -1.0104)
(-0.244502 -0.406291 -0.56714)
(0.394522 -0.0659606 1.80044)
(-0.77086 0.796613 1.27425)
(1.01046 1.01046 1.81953)
(-1.01173 -1.01173 1.9347)
(0.770057 -0.755306 1.38609)
(-0.385973 0.140962 1.78546)
(0.276249 0.352106 -0.606929)
(-0.44699 0.120465 -1.0482)
(0.446972 0.120471 -1.04819)
(-0.27641 0.351795 -0.607294)
(0.386 0.140907 1.78549)
(-0.770064 -0.75531 1.38609)
(1.01173 -1.01173 1.9347)
(-0.755306 0.770053 1.38609)
(-0.283432 -0.283446 1.35859)
(-0.919867 0.377126 0.932257)
(0.0847442 -0.147021 -0.727703)
(-0.291746 -0.207694 -1.21968)
(0.291805 -0.207705 -1.21969)
(-0.0847087 -0.146943 -0.727623)
(0.919876 0.377143 0.9323)
(0.283409 -0.283462 1.3586)
(0.755314 0.770048 1.38608)
(0.140975 -0.385976 1.78546)
(0.377117 -0.919867 0.93225)
(-0.267773 -0.267772 1.47841)
(0.408068 -0.228683 0.396723)
(-0.0152837 -0.0985766 -1.10585)
(0.0152814 -0.0985948 -1.10582)
(-0.408114 -0.228702 0.396853)
(0.267764 -0.267823 1.47837)
(-0.377134 -0.919863 0.932258)
(-0.14097 -0.386002 1.78547)
(0.352156 0.276215 -0.606866)
(-0.147044 0.0847599 -0.72771)
(-0.228683 0.408059 0.396709)
(0.213699 0.213687 -0.475852)
(-0.0432224 0.126736 -1.25059)
(0.0432128 0.126742 -1.25059)
(-0.213684 0.213649 -0.475788)
(0.228701 0.408099 0.396761)
(0.147 0.0847736 -0.727666)
(-0.352032 0.276261 -0.60702)
(0.120465 -0.446991 -1.0482)
(-0.207689 -0.291731 -1.21967)
(-0.0985715 -0.0152819 -1.10584)
(0.126737 -0.0432205 -1.25059)
(-0.0459813 -0.0459805 -1.369)
(0.0459784 -0.0459814 -1.36901)
(-0.126741 -0.043212 -1.25059)
(0.0985801 -0.0152832 -1.10583)
(0.207702 -0.291747 -1.21967)
(-0.120444 -0.446975 -1.0482)
(0.120486 0.446966 -1.04817)
(-0.207705 0.291822 -1.2197)
(-0.0986012 0.0152783 -1.10582)
(0.126747 0.0432089 -1.25059)
(-0.0459828 0.0459756 -1.36901)
(0.0459803 0.0459765 -1.36902)
(-0.12675 0.0432061 -1.25059)
(0.098607 0.0152789 -1.10581)
(0.207717 0.291822 -1.2197)
(-0.120462 0.446961 -1.04819)
(0.351708 -0.276466 -0.607403)
(-0.146932 -0.0847006 -0.727599)
(-0.228704 -0.408126 0.396898)
(0.213645 -0.21367 -0.475767)
(-0.0432131 -0.126747 -1.25059)
(0.0432086 -0.126753 -1.25059)
(-0.213642 -0.21364 -0.475733)
(0.228717 -0.408151 0.396914)
(0.146917 -0.0847255 -0.727583)
(-0.351682 -0.276463 -0.607441)
(0.14089 0.386016 1.7855)
(0.377137 0.919886 0.932316)
(-0.267854 0.267749 1.47836)
(0.408122 0.22871 0.396782)
(-0.0152872 0.0985778 -1.10583)
(0.0152875 0.0985942 -1.10581)
(-0.408155 0.228719 0.396876)
(0.267839 0.26779 1.47833)
(-0.377141 0.919883 0.932316)
(-0.1409 0.386031 1.78551)
(-0.755313 -0.770065 1.38608)
(-0.28346 0.283408 1.3586)
(-0.919853 -0.377146 0.932253)
(0.0847716 0.146975 -0.727657)
(-0.291763 0.207705 -1.21968)
(0.291811 0.207716 -1.21969)
(-0.0847401 0.146913 -0.727597)
(0.919865 -0.377154 0.93229)
(0.283437 0.283427 1.3586)
(0.75532 -0.770061 1.38608)
(-1.01173 1.01173 1.9347)
(0.770049 0.755315 1.38608)
(-0.386003 -0.140965 1.78546)
(0.27629 -0.351985 -0.607076)
(-0.446979 -0.120444 -1.0482)
(0.446967 -0.120448 -1.0482)
(-0.276416 -0.351751 -0.607355)
(0.38602 -0.140922 1.78549)
(-0.770056 0.755319 1.38608)
(1.01173 1.01173 1.9347)
(-1.00268 -1.00268 2.03126)
(0.767446 -0.712094 1.49513)
(-0.319252 0.183592 1.74783)
(0.302619 0.30178 -0.639763)
(-0.414352 0.0985528 -1.06428)
(0.414435 0.0985389 -1.06425)
(-0.302434 0.301319 -0.639936)
(0.319304 0.183515 1.74785)
(-0.767446 -0.712097 1.49514)
(1.00268 -1.00268 2.03126)
(-0.712094 0.767444 1.49513)
(-0.318244 -0.318252 1.44571)
(-0.822934 0.418073 0.951175)
(0.124488 -0.134508 -0.733133)
(-0.271423 -0.208619 -1.2047)
(0.271457 -0.208639 -1.20471)
(-0.124491 -0.134676 -0.733127)
(0.822935 0.418174 0.951218)
(0.318209 -0.318238 1.44572)
(0.712098 0.767442 1.49513)
(0.18361 -0.31925 1.74783)
(0.418047 -0.822937 0.951167)
(-0.324811 -0.324807 1.43657)
(0.445659 -0.179247 0.232637)
(-0.00233971 -0.0898515 -1.09366)
(0.00231849 -0.0898642 -1.09364)
(-0.445721 -0.179353 0.23278)
(0.324795 -0.324838 1.43651)
(-0.418092 -0.822931 0.951159)
(-0.183601 -0.319285 1.74783)
(0.301856 0.302648 -0.639729)
(-0.134489 0.124496 -0.733131)
(-0.179224 0.445648 0.232614)
(0.207666 0.207663 -0.550705)
(-0.0408274 0.110734 -1.21973)
(0.0408276 0.11074 -1.21973)
(-0.207659 0.207663 -0.550682)
(0.179252 0.445689 0.232653)
(0.134554 0.124526 -0.733124)
(-0.301665 0.302588 -0.639813)
(0.0985522 -0.414336 -1.06428)
(-0.208618 -0.271415 -1.2047)
(-0.089847 -0.00234174 -1.09366)
(0.110735 -0.040827 -1.21973)
(-0.0491113 -0.0491116 -1.33591)
(0.0491069 -0.0491126 -1.33591)
(-0.110741 -0.0408272 -1.21973)
(0.0898497 -0.00233881 -1.09364)
(0.208646 -0.271429 -1.2047)
(-0.098524 -0.414363 -1.06427)
(0.0985377 0.414454 -1.06424)
(-0.208647 0.27147 -1.20471)
(-0.0898694 0.0023129 -1.09363)
(0.110746 0.0408258 -1.21973)
(-0.0491129 0.0491044 -1.33591)
(0.0491099 0.0491065 -1.33591)
(-0.110751 0.0408279 -1.21974)
(0.0898696 0.00231519 -1.09362)
(0.208673 0.271476 -1.20471)
(-0.0985149 0.41446 -1.06424)
(0.301181 -0.30238 -0.639991)
(-0.13473 -0.124492 -0.73313)
(-0.179374 -0.445739 0.232822)
(0.207665 -0.207662 -0.550673)
(-0.040829 -0.110747 -1.21973)
(0.0408307 -0.110753 -1.21973)
(-0.207658 -0.20766 -0.550661)
(0.17937 -0.445761 0.23282)
(0.134747 -0.12452 -0.733128)
(-0.301131 -0.302382 -0.640015)
(0.183492 0.31933 1.74786)
(0.418198 0.822941 0.951234)
(-0.324849 0.324788 1.43648)
(0.445712 0.179269 0.232679)
(-0.0023345 0.0898462 -1.09364)
(0.00232124 0.0898576 -1.09363)
(-0.445757 0.179349 0.232785)
(0.324834 0.324815 1.43645)
(-0.418203 0.822938 0.95122)
(-0.183501 0.319348 1.74786)
(-0.712098 -0.767445 1.49515)
(-0.318226 0.318203 1.44572)
(-0.822922 -0.418115 0.951151)
(0.124534 0.134571 -0.73312)
(-0.271438 0.208646 -1.20471)
(0.271467 0.208665 -1.20471)
(-0.124531 0.134699 -0.733119)
(0.822926 -0.418187 0.95119)
(0.318201 0.3182 1.44572)
(0.712103 -0.767444 1.49514)
(-1.00268 1.00268 2.03126)
(0.767442 0.712099 1.49513)
(-0.319289 -0.183595 1.74782)
(0.302569 -0.301599 -0.639844)
(-0.414379 -0.0985247 -1.06426)
(0.414448 -0.0985142 -1.06425)
(-0.302429 -0.301241 -0.639975)
(0.319327 -0.183531 1.74784)
(-0.767442 0.712102 1.49513)
(1.00268 1.00268 2.03126)
(-0.987842 -0.987842 2.14927)
(0.749005 -0.666721 1.57774)
(-0.240573 0.273039 1.67547)
(0.310145 0.266838 -0.627362)
(-0.39005 0.079019 -1.06118)
(0.390159 0.0790152 -1.06121)
(-0.309937 0.266686 -0.627432)
(0.2406 0.273086 1.67552)
(-0.749006 -0.66672 1.57776)
(0.987842 -0.987843 2.14926)
(-0.666721 0.749005 1.57773)
(-0.322262 -0.322263 1.50749)
(-0.744914 0.476145 0.979236)
(0.152045 -0.118093 -0.738909)
(-0.265487 -0.210792 -1.18267)
(0.265486 -0.210808 -1.18267)
(-0.152063 -0.11829 -0.738979)
(0.744896 0.476239 0.97929)
(0.322229 -0.322235 1.50749)
(0.666721 0.749005 1.57773)
(0.273029 -0.240573 1.67546)
(0.476119 -0.744921 0.979227)
(-0.326313 -0.326292 1.40495)
(0.462671 -0.1301 0.0732527)
(0.00200674 -0.0835651 -1.07047)
(-0.00203551 -0.083567 -1.07045)
(-0.462705 -0.130127 0.0733033)
(0.326308 -0.326251 1.4049)
(-0.476158 -0.744916 0.979222)
(-0.273068 -0.240595 1.67546)
(0.266866 0.310186 -0.627345)
(-0.118065 0.152047 -0.738896)
(-0.130094 0.462664 0.0732495)
(0.202408 0.202404 -0.593302)
(-0.0327083 0.0963779 -1.1843)
(0.0327043 0.0963835 -1.1843)
(-0.202418 0.202414 -0.5933)
(0.130103 0.462682 0.0732646)
(0.118153 0.152076 -0.738922)
(-0.266796 0.310128 -0.627387)
(0.0790201 -0.39003 -1.06118)
(-0.210792 -0.265488 -1.18267)
(-0.0835614 0.00200318 -1.07047)
(0.09638 -0.0327102 -1.1843)
(-0.0504993 -0.0505009 -1.31592)
(0.0504924 -0.0505017 -1.31592)
(-0.0963888 -0.0327109 -1.1843)
(0.0835563 0.00201069 -1.07046)
(0.210814 -0.265495 -1.18267)
(-0.0790093 -0.390081 -1.06119)
(0.0790134 0.39019 -1.06122)
(-0.210816 0.26549 -1.18267)
(-0.0835678 -0.00204079 -1.07044)
(0.0963885 0.032701 -1.1843)
(-0.0505007 0.05049 -1.31592)
(0.0504956 0.0504923 -1.31592)
(-0.0963964 0.0327035 -1.1843)
(0.083562 -0.00204046 -1.07044)
(0.210835 0.265499 -1.18268)
(-0.079006 0.390209 -1.06122)
(0.266639 -0.309873 -0.62746)
(-0.118351 -0.152067 -0.739007)
(-0.130134 -0.46272 0.0733217)
(0.202417 -0.202428 -0.593296)
(-0.0327093 -0.0963937 -1.1843)
(0.0327065 -0.0963986 -1.1843)
(-0.202422 -0.202431 -0.593296)
(0.130134 -0.462732 0.0733254)
(0.118377 -0.152087 -0.739014)
(-0.266619 -0.309882 -0.627471)
(0.273096 0.240614 1.67554)
(0.47627 0.744892 0.979306)
(-0.326226 0.326313 1.40488)
(0.462689 0.130102 0.0732747)
(0.00202195 0.0835527 -1.07046)
(-0.00204058 0.0835548 -1.07044)
(-0.462718 0.130124 0.0733113)
(0.326238 0.32628 1.40485)
(-0.476274 0.744892 0.979291)
(-0.273108 0.240627 1.67553)
(-0.66672 -0.749006 1.57776)
(-0.32222 0.32222 1.50749)
(-0.744912 -0.476176 0.979219)
(0.152091 0.118182 -0.738929)
(-0.265495 0.210813 -1.18267)
(0.265497 0.210827 -1.18268)
(-0.152099 0.118332 -0.738986)
(0.744896 -0.476247 0.979263)
(0.3222 0.322204 1.50749)
(0.666723 -0.749007 1.57776)
(-0.987843 0.987842 2.14926)
(0.749005 0.66672 1.57773)
(-0.240598 -0.273087 1.67545)
(0.310099 -0.266774 -0.627401)
(-0.390099 -0.0790094 -1.06119)
(0.390186 -0.0790077 -1.06121)
(-0.309937 -0.266655 -0.627451)
(0.240615 -0.273112 1.6755)
(-0.749006 0.66672 1.57775)
(0.987843 0.987843 2.14926)
(-0.967465 -0.967465 2.25378)
(0.742387 -0.614665 1.64123)
(-0.261317 0.475011 1.54964)
(0.316491 0.226634 -0.630067)
(-0.378362 0.0602731 -1.04659)
(0.378391 0.0602881 -1.04662)
(-0.31661 0.226846 -0.629947)
(0.261298 0.47508 1.54969)
(-0.742391 -0.614664 1.64124)
(0.967465 -0.967466 2.25377)
(-0.614665 0.742385 1.64123)
(-0.323949 -0.323946 1.56289)
(-0.734829 0.508345 1.03659)
(0.158344 -0.114817 -0.749689)
(-0.260641 -0.208413 -1.16311)
(0.260627 -0.20841 -1.16312)
(-0.158355 -0.114838 -0.749742)
(0.734814 0.508397 1.03665)
(0.323927 -0.323919 1.56288)
(0.61466 0.742385 1.64122)
(0.474989 -0.26132 1.54963)
(0.508329 -0.734835 1.03659)
(-0.273094 -0.273067 1.38939)
(0.463173 -0.109485 -0.0772321)
(-0.00163875 -0.0832019 -1.04261)
(0.00161937 -0.0832011 -1.0426)
(-0.463179 -0.109464 -0.0772206)
(0.273102 -0.272973 1.38937)
(-0.508349 -0.734838 1.03659)
(-0.475032 -0.261333 1.54962)
(0.226604 0.316481 -0.630082)
(-0.114816 0.158346 -0.749678)
(-0.109486 0.463173 -0.0772253)
(0.193426 0.193419 -0.62614)
(-0.0248057 0.0886029 -1.14797)
(0.0247966 0.088608 -1.14797)
(-0.193445 0.193419 -0.626134)
(0.10948 0.463177 -0.0772093)
(0.114839 0.158369 -0.749696)
(-0.226682 0.316537 -0.630045)
(0.0602734 -0.378358 -1.04659)
(-0.208413 -0.260644 -1.16311)
(-0.0831983 -0.00163995 -1.04261)
(0.0886054 -0.0248087 -1.14797)
(-0.0376662 -0.0376698 -1.29771)
(0.0376557 -0.0376703 -1.29771)
(-0.088617 -0.0248076 -1.14797)
(0.0831895 -0.00162904 -1.04261)
(0.208418 -0.260647 -1.16311)
(-0.060278 -0.378388 -1.0466)
(0.0602932 0.378403 -1.04663)
(-0.208412 0.260627 -1.16312)
(-0.0832004 0.00161728 -1.04259)
(0.0886127 0.0247923 -1.14797)
(-0.0376669 0.0376538 -1.29771)
(0.0376575 0.037655 -1.29772)
(-0.0886235 0.0247938 -1.14797)
(0.0831914 0.00161202 -1.04259)
(0.208419 0.260633 -1.16312)
(-0.0602951 0.378422 -1.04664)
(0.226912 -0.316648 -0.629914)
(-0.114843 -0.158355 -0.749762)
(-0.109458 -0.463185 -0.0772186)
(0.193419 -0.193456 -0.626129)
(-0.0248037 -0.0886216 -1.14797)
(0.0247968 -0.088626 -1.14797)
(-0.193435 -0.19345 -0.626127)
(0.109457 -0.463194 -0.0772063)
(0.114853 -0.158373 -0.749765)
(-0.226935 -0.316673 -0.629906)
(0.475099 0.261291 1.54971)
(0.508419 0.734809 1.03666)
(-0.27292 0.273117 1.38935)
(0.463176 0.109476 -0.0771949)
(-0.0016167 0.0831866 -1.0426)
(0.00160552 0.0831863 -1.0426)
(-0.463185 0.10946 -0.077194)
(0.272952 0.273039 1.38932)
(-0.508422 0.734813 1.03665)
(-0.475109 0.261302 1.5497)
(-0.614666 -0.742392 1.64125)
(-0.323908 0.323919 1.56288)
(-0.734837 -0.508356 1.03659)
(0.158381 0.114849 -0.749702)
(-0.260645 0.208418 -1.16311)
(0.260636 0.208416 -1.16312)
(-0.158385 0.114859 -0.749745)
(0.734823 -0.508397 1.03664)
(0.323896 0.323901 1.56287)
(0.614665 -0.742392 1.64124)
(-0.967466 0.967465 2.25377)
(0.742385 0.614658 1.64121)
(-0.261336 -0.475053 1.54961)
(0.316553 -0.226712 -0.630032)
(-0.378392 -0.0602794 -1.04661)
(0.378415 -0.0602922 -1.04663)
(-0.316645 -0.226881 -0.629933)
(0.261315 -0.475099 1.54966)
(-0.742389 0.61466 1.64123)
(0.967466 0.967466 2.25377)
(-0.941591 -0.941591 2.34982)
(0.741026 -0.531758 1.72114)
(-0.465302 0.61983 1.35084)
(0.291001 0.172255 -0.643172)
(-0.372428 0.0398337 -1.0297)
(0.372393 0.039843 -1.02969)
(-0.291149 0.172304 -0.643278)
(0.465332 0.619862 1.35082)
(-0.741026 -0.531759 1.72114)
(0.94159 -0.941591 2.34982)
(-0.531759 0.741025 1.72114)
(-0.353993 -0.353983 1.67555)
(-0.729291 0.474946 1.12744)
(0.144547 -0.123211 -0.772941)
(-0.245527 -0.202376 -1.14772)
(0.245521 -0.202371 -1.14772)
(-0.144557 -0.123168 -0.772935)
(0.72928 0.475033 1.12748)
(0.353978 -0.353939 1.67554)
(0.531753 0.741023 1.72113)
(0.619819 -0.465296 1.35085)
(0.474928 -0.729296 1.12743)
(-0.209257 -0.209242 1.38528)
(0.449103 -0.101244 -0.203852)
(-0.0106854 -0.0863286 -1.017)
(0.0106682 -0.086329 -1.01699)
(-0.449121 -0.101244 -0.203819)
(0.20926 -0.20916 1.38527)
(-0.474956 -0.729297 1.12745)
(-0.619833 -0.465334 1.35081)
(0.172249 0.290982 -0.643152)
(-0.123219 0.144548 -0.772939)
(-0.101241 0.449099 -0.203848)
(0.174616 0.17461 -0.655901)
(-0.0210339 0.0820766 -1.12195)
(0.0210244 0.0820813 -1.12194)
(-0.174634 0.17461 -0.655894)
(0.101235 0.44911 -0.203809)
(0.123211 0.144569 -0.772936)
(-0.172266 0.291031 -0.6432)
(0.0398349 -0.372434 -1.02971)
(-0.202373 -0.245529 -1.14772)
(-0.0863255 -0.0106879 -1.017)
(0.0820793 -0.0210372 -1.12195)
(-0.0201691 -0.020172 -1.27266)
(0.0201597 -0.0201722 -1.27266)
(-0.082092 -0.0210361 -1.12195)
(0.086318 -0.0106797 -1.017)
(0.202371 -0.245534 -1.14771)
(-0.03984 -0.372433 -1.0297)
(0.039847 0.372386 -1.02968)
(-0.20237 0.245523 -1.14772)
(-0.0863291 0.0106682 -1.01699)
(0.0820856 0.021021 -1.12194)
(-0.0201692 0.0201576 -1.27266)
(0.0201609 0.0201586 -1.27266)
(-0.0820975 0.0210227 -1.12194)
(0.0863212 0.0106649 -1.01699)
(0.202368 0.245529 -1.14771)
(-0.0398507 0.372393 -1.02969)
(0.172319 -0.291194 -0.643315)
(-0.123152 -0.144559 -0.772936)
(-0.101244 -0.449128 -0.203813)
(0.174609 -0.174644 -0.65589)
(-0.0210323 -0.0820969 -1.12194)
(0.0210252 -0.0821009 -1.12194)
(-0.174624 -0.174639 -0.655886)
(0.101237 -0.449139 -0.203785)
(0.123152 -0.144577 -0.772934)
(-0.172327 -0.291208 -0.643328)
(0.619876 0.465339 1.35082)
(0.475072 0.729277 1.12749)
(-0.20911 0.209276 1.38525)
(0.449116 0.101235 -0.203783)
(-0.0106672 0.0863154 -1.017)
(0.0106573 0.0863159 -1.01699)
(-0.449134 0.101235 -0.203766)
(0.209132 0.209209 1.38524)
(-0.475081 0.729281 1.12749)
(-0.61988 0.46536 1.35079)
(-0.53176 -0.741025 1.72114)
(-0.35392 0.353973 1.67554)
(-0.729295 -0.474962 1.12746)
(0.144578 0.123214 -0.772934)
(-0.245534 0.202373 -1.14771)
(0.245531 0.202369 -1.14771)
(-0.144583 0.123174 -0.772929)
(0.729286 -0.475036 1.12749)
(0.353915 0.353935 1.67553)
(0.531758 -0.741024 1.72114)
(-0.941592 0.94159 2.34982)
(0.741023 0.53175 1.72112)
(-0.465347 -0.619835 1.35078)
(0.291054 -0.172274 -0.643218)
(-0.372429 -0.0398406 -1.0297)
(0.372401 -0.0398487 -1.02969)
(-0.291172 -0.172316 -0.643298)
(0.465367 -0.619863 1.35078)
(-0.741024 0.531751 1.72113)
(0.941591 0.941591 2.34982)
(-0.912925 -0.912925 2.43279)
(0.742948 -0.4321 1.86006)
(-0.6281 0.62098 1.16188)
(0.235788 0.107407 -0.692609)
(-0.354829 0.0195729 -1.01879)
(0.354831 0.0195781 -1.01877)
(-0.235798 0.107373 -0.692643)
(0.628094 0.620954 1.16176)
(-0.742944 -0.432096 1.86006)
(0.912924 -0.912925 2.43279)
(-0.432101 0.742949 1.86006)
(-0.469923 -0.469913 1.82782)
(-0.663215 0.189084 1.1856)
(0.115441 -0.135511 -0.807942)
(-0.220181 -0.192343 -1.13818)
(0.220174 -0.192344 -1.13818)
(-0.115449 -0.135539 -0.807946)
(0.663213 0.189231 1.18564)
(0.469913 -0.469849 1.82781)
(0.432098 0.74295 1.86006)
(0.620983 -0.628103 1.1619)
(0.189066 -0.66322 1.18559)
(-0.1517 -0.151705 1.34142)
(0.413841 -0.0907794 -0.309343)
(-0.0184296 -0.0890064 -0.995875)
(0.0184063 -0.0890082 -0.995867)
(-0.413878 -0.0907844 -0.309309)
(0.151686 -0.151683 1.34143)
(-0.189113 -0.663225 1.18562)
(-0.620963 -0.628108 1.16183)
(0.107413 0.235788 -0.692601)
(-0.135507 0.115442 -0.80794)
(-0.0907778 0.413837 -0.30934)
(0.152507 0.152505 -0.681472)
(-0.0168218 0.0740982 -1.10356)
(0.0168135 0.0741023 -1.10356)
(-0.152519 0.152511 -0.681467)
(0.0907758 0.413859 -0.309302)
(0.13552 0.115458 -0.807942)
(-0.107401 0.235788 -0.692621)
(0.0195735 -0.354829 -1.0188)
(-0.192341 -0.220183 -1.13818)
(-0.0890041 -0.0184348 -0.995874)
(0.0741008 -0.0168246 -1.10356)
(-0.0101442 -0.0101469 -1.24508)
(0.0101359 -0.0101476 -1.24508)
(-0.0741127 -0.0168237 -1.10356)
(0.0889998 -0.0184313 -0.995867)
(0.192342 -0.220188 -1.13818)
(-0.0195754 -0.354833 -1.01879)
(0.01958 0.354834 -1.01876)
(-0.192345 0.220174 -1.13818)
(-0.0890091 0.0184044 -0.995862)
(0.0741058 0.0168108 -1.10356)
(-0.0101451 0.0101341 -1.24508)
(0.0101377 0.0101356 -1.24507)
(-0.0741166 0.0168124 -1.10356)
(0.0890041 0.0184067 -0.995855)
(0.192345 0.22018 -1.13818)
(-0.0195812 0.354836 -1.01876)
(0.107361 -0.235797 -0.692657)
(-0.135546 -0.115451 -0.807949)
(-0.0907871 -0.413889 -0.309303)
(0.152512 -0.152529 -0.681466)
(-0.0168207 -0.0741173 -1.10356)
(0.0168146 -0.0741203 -1.10356)
(-0.152521 -0.15253 -0.681462)
(0.0907834 -0.413899 -0.309276)
(0.13555 -0.115465 -0.807949)
(-0.10736 -0.235799 -0.692665)
(0.62095 0.628095 1.16173)
(0.189297 0.663214 1.18564)
(-0.151665 0.151689 1.34143)
(0.413869 0.0907735 -0.309278)
(-0.0184212 0.0889973 -0.995863)
(0.0184051 0.0889988 -0.995855)
(-0.413894 0.0907775 -0.309257)
(0.151658 0.151676 1.34142)
(-0.189322 0.663221 1.18565)
(-0.62094 0.628101 1.1617)
(-0.432096 -0.742942 1.86006)
(-0.469818 0.469915 1.82781)
(-0.663225 -0.189122 1.18564)
(0.115464 0.13553 -0.80794)
(-0.220188 0.192344 -1.13818)
(0.220183 0.192345 -1.13817)
(-0.11547 0.135549 -0.807941)
(0.663224 -0.189252 1.18567)
(0.469816 0.469855 1.8278)
(0.432095 -0.742944 1.86005)
(-0.912925 0.912923 2.43279)
(0.742952 0.432095 1.86005)
(-0.628105 -0.620948 1.1618)
(0.235793 -0.107397 -0.692628)
(-0.354834 -0.0195763 -1.01879)
(0.354836 -0.0195809 -1.01877)
(-0.235804 -0.107372 -0.692654)
(0.628102 -0.620933 1.16171)
(-0.742948 0.432093 1.86005)
(0.912924 0.912924 2.43279)
(-0.882762 -0.882762 2.50041)
(0.748619 -0.331541 2.03759)
(-0.636793 0.502623 1.14835)
(0.172844 0.0468242 -0.740822)
(-0.328435 0.000447616 -1.01649)
(0.328433 0.000453984 -1.01648)
(-0.172794 0.0468145 -0.740853)
(0.636757 0.502496 1.14825)
(-0.748613 -0.331531 2.03756)
(0.882761 -0.882762 2.50041)
(-0.331543 0.748621 2.03759)
(-0.614498 -0.614497 1.99865)
(-0.528598 -0.280827 1.19653)
(0.0872989 -0.151043 -0.840618)
(-0.185718 -0.183257 -1.13422)
(0.185711 -0.183261 -1.13422)
(-0.0872988 -0.151065 -0.840624)
(0.528596 -0.280735 1.19655)
(0.614496 -0.614467 1.99866)
(0.331543 0.748626 2.03758)
(0.502647 -0.636802 1.14837)
(-0.280832 -0.528604 1.19652)
(-0.098983 -0.0989941 1.10412)
(0.355686 -0.0778607 -0.399772)
(-0.0234317 -0.0914187 -0.982514)
(0.0234078 -0.0914221 -0.982507)
(-0.355717 -0.0778622 -0.399757)
(0.098964 -0.0990113 1.10416)
(0.280807 -0.52861 1.19654)
(-0.50258 -0.636786 1.14831)
(0.0468269 0.172854 -0.740816)
(-0.15104 0.0872999 -0.840616)
(-0.0778614 0.355684 -0.399768)
(0.128905 0.128905 -0.701277)
(-0.00846193 0.0641879 -1.09153)
(0.00845697 0.064191 -1.09153)
(-0.128915 0.128914 -0.701274)
(0.0778643 0.35571 -0.399739)
(0.151053 0.0873084 -0.840619)
(-0.0468243 0.172837 -0.740835)
(0.000447017 -0.328435 -1.01649)
(-0.183256 -0.185719 -1.13422)
(-0.0914169 -0.023437 -0.982513)
(0.0641904 -0.00846356 -1.09153)
(-0.00267025 -0.00267267 -1.21756)
(0.00266287 -0.00267342 -1.21756)
(-0.0642004 -0.00846278 -1.09153)
(0.0914156 -0.0234361 -0.982504)
(0.183263 -0.185722 -1.13421)
(-0.000447332 -0.328435 -1.01649)
(0.000455918 0.328433 -1.01647)
(-0.183264 0.185709 -1.13421)
(-0.0914239 0.0234041 -0.982502)
(0.0641937 0.00845486 -1.09153)
(-0.00267139 0.00266099 -1.21756)
(0.00266476 0.00266243 -1.21756)
(-0.0642028 0.00845556 -1.09153)
(0.0914217 0.0234087 -0.982494)
(0.18327 0.185713 -1.13421)
(-0.000454821 0.328434 -1.01648)
(0.0468104 -0.172773 -0.740866)
(-0.151072 -0.0872982 -0.840629)
(-0.0778647 -0.355727 -0.399755)
(0.128917 -0.128921 -0.701273)
(-0.00846075 -0.0642043 -1.09153)
(0.00845718 -0.0642063 -1.09153)
(-0.128924 -0.128927 -0.701271)
(0.0778668 -0.355742 -0.399733)
(0.151079 -0.0873085 -0.840629)
(-0.0468111 -0.17277 -0.740874)
(0.502459 0.636749 1.14821)
(-0.280691 0.528595 1.19655)
(-0.0990199 0.0989562 1.10416)
(0.355718 0.0778604 -0.399724)
(-0.0234305 0.0914134 -0.982499)
(0.0234125 0.0914163 -0.982492)
(-0.355738 0.0778618 -0.399718)
(0.0989985 0.0989744 1.10419)
(0.280669 0.528606 1.19656)
(-0.502433 0.636744 1.14819)
(-0.331527 -0.74861 2.03755)
(-0.614448 0.6145 1.99865)
(-0.528612 0.280804 1.19656)
(0.0873134 0.151056 -0.840618)
(-0.185722 0.183264 -1.13421)
(0.185718 0.183267 -1.13421)
(-0.0873138 0.151074 -0.840622)
(0.528614 0.280714 1.19658)
(0.614447 0.61447 1.99865)
(0.331529 -0.748616 2.03755)
(-0.882762 0.88276 2.5004)
(0.748629 0.331542 2.03757)
(-0.636775 -0.502544 1.14829)
(0.172833 -0.0468239 -0.74084)
(-0.328436 -0.000448875 -1.01649)
(0.328435 -0.000454194 -1.01648)
(-0.172791 -0.0468161 -0.740863)
(0.636749 -0.502451 1.14821)
(-0.748623 0.331533 2.03756)
(0.882761 0.882761 2.5004)
(-0.852342 -0.852342 2.55291)
(0.752622 -0.238112 2.21689)
(-0.618772 0.277036 1.30299)
(0.118434 0.000690823 -0.772416)
(-0.299314 -0.0134444 -1.02196)
(0.299299 -0.0134389 -1.02196)
(-0.118431 0.000698843 -0.772427)
(0.618724 0.276861 1.30292)
(-0.752613 -0.238101 2.21685)
(0.85234 -0.852342 2.55291)
(-0.238115 0.752625 2.2169)
(-0.666948 -0.666949 2.11841)
(-0.359953 -0.51674 1.13083)
(0.0650318 -0.163411 -0.85696)
(-0.147865 -0.178934 -1.13027)
(0.147858 -0.178937 -1.13027)
(-0.0650286 -0.163412 -0.856966)
(0.359941 -0.516724 1.13082)
(0.666949 -0.666941 2.11841)
(0.238119 0.752631 2.21688)
(0.27707 -0.618782 1.303)
(-0.516739 -0.359958 1.13083)
(-0.0703918 -0.0703981 0.601937)
(0.270334 -0.068351 -0.478372)
(-0.0262834 -0.0927624 -0.98545)
(0.0262658 -0.0927665 -0.985444)
(-0.270358 -0.0683471 -0.478362)
(0.0703787 -0.070413 0.60198)
(0.51674 -0.359959 1.13083)
(-0.27699 -0.618758 1.30296)
(0.000689602 0.118436 -0.772414)
(-0.163412 0.0650335 -0.856958)
(-0.0683527 0.270333 -0.47837)
(0.104021 0.104021 -0.721945)
(0.00305663 0.0526712 -1.08565)
(-0.00306209 0.0526734 -1.08565)
(-0.104029 0.104028 -0.721943)
(0.0683539 0.270353 -0.478353)
(0.163418 0.0650417 -0.856959)
(-0.000692649 0.118441 -0.772423)
(-0.013445 -0.299317 -1.02196)
(-0.178934 -0.147865 -1.13027)
(-0.0927609 -0.0262875 -0.985449)
(0.0526733 0.00305546 -1.08565)
(0.00234007 0.00233811 -1.19219)
(-0.00234605 0.00233711 -1.19218)
(-0.0526811 0.0030567 -1.08565)
(0.092761 -0.0262878 -0.985439)
(0.178942 -0.147865 -1.13026)
(0.0134452 -0.299315 -1.02196)
(-0.0134375 0.299295 -1.02196)
(-0.17894 0.147855 -1.13027)
(-0.0927687 0.0262621 -0.98544)
(0.0526755 -0.00306424 -1.08565)
(0.00233841 -0.00234794 -1.19218)
(-0.0023439 -0.00234643 -1.19218)
(-0.0526827 -0.00306407 -1.08565)
(0.0927679 0.0262659 -0.985431)
(0.178947 0.147857 -1.13026)
(0.0134388 0.299297 -1.02196)
(0.000700739 -0.118428 -0.772433)
(-0.163414 -0.0650278 -0.856969)
(-0.068347 -0.270367 -0.478359)
(0.104031 -0.104033 -0.721942)
(0.00305822 -0.0526843 -1.08565)
(-0.00306226 -0.0526858 -1.08565)
(-0.104037 -0.104038 -0.72194)
(0.0683492 -0.270383 -0.478346)
(0.16342 -0.0650383 -0.856969)
(-0.000702638 -0.118434 -0.772437)
(0.276804 0.61871 1.30289)
(-0.516711 0.359934 1.1308)
(-0.0704232 0.0703699 0.601991)
(0.270361 0.0683508 -0.478344)
(-0.0262855 0.0927593 -0.985434)
(0.0262714 0.0927628 -0.985429)
(-0.27038 0.0683479 -0.478338)
(0.0704044 0.0703816 0.60203)
(0.516709 0.359946 1.13081)
(-0.276774 0.6187 1.30287)
(-0.238094 -0.752608 2.21683)
(-0.666933 0.666952 2.11841)
(-0.35996 0.516741 1.13083)
(0.0650451 0.163415 -0.856959)
(-0.147867 0.178941 -1.13026)
(0.147862 0.178943 -1.13026)
(-0.0650431 0.163417 -0.856964)
(0.359958 0.516723 1.13083)
(0.666934 0.666945 2.11842)
(0.238098 -0.752616 2.21683)
(-0.852341 0.852339 2.55291)
(0.752635 0.238121 2.21687)
(-0.618745 -0.276948 1.30295)
(0.118445 -0.00069543 -0.772424)
(-0.299313 0.0134436 -1.02196)
(0.299301 0.013439 -1.02196)
(-0.118441 -0.000702537 -0.772431)
(0.618708 -0.276812 1.30289)
(-0.752627 0.238108 2.21684)
(0.85234 0.852339 2.55291)
(-0.821035 -0.821035 2.58223)
(0.689276 -0.175099 2.38838)
(-0.605758 0.118146 1.51855)
(0.0644877 -0.0315333 -0.793618)
(-0.271793 -0.0206677 -1.02884)
(0.271775 -0.0206658 -1.02884)
(-0.0645101 -0.0315181 -0.793628)
(0.605724 0.118011 1.51853)
(-0.689257 -0.175097 2.38833)
(0.821031 -0.821033 2.58222)
(-0.1751 0.689282 2.38839)
(-0.673421 -0.673424 2.18696)
(-0.247139 -0.418561 1.01295)
(0.0470874 -0.166229 -0.860849)
(-0.114132 -0.173388 -1.12505)
(0.114128 -0.173393 -1.12505)
(-0.0470803 -0.166219 -0.860852)
(0.247125 -0.418571 1.0129)
(0.673422 -0.673425 2.18696)
(0.17511 0.689294 2.38838)
(0.118173 -0.605765 1.51855)
(-0.41856 -0.247142 1.01296)
(-0.0629561 -0.0629601 0.181077)
(0.19693 -0.0611778 -0.548174)
(-0.0241043 -0.0891696 -1.00663)
(0.024091 -0.0891733 -1.00663)
(-0.19695 -0.0611744 -0.548161)
(0.0629483 -0.0629715 0.1811)
(0.418561 -0.247139 1.01293)
(-0.118121 -0.605751 1.51854)
(-0.0315362 0.0644846 -0.793616)
(-0.166231 0.0470897 -0.860848)
(-0.0611788 0.196928 -0.548173)
(0.0834096 0.0834094 -0.7469)
(0.0132283 0.0417872 -1.08274)
(-0.0132323 0.0417885 -1.08274)
(-0.0834147 0.0834155 -0.746897)
(0.061177 0.196943 -0.54816)
(0.166227 0.0470958 -0.860848)
(0.0315313 0.0644991 -0.793621)
(-0.0206672 -0.271797 -1.02884)
(-0.173388 -0.114133 -1.12505)
(-0.0891681 -0.0241075 -1.00663)
(0.041789 0.0132275 -1.08274)
(0.00453347 0.00453176 -1.17065)
(-0.00453845 0.00453061 -1.17065)
(-0.0417948 0.0132283 -1.08274)
(0.0891674 -0.0241089 -1.00662)
(0.173394 -0.114134 -1.12504)
(0.0206659 -0.271794 -1.02883)
(-0.0206649 0.27177 -1.02884)
(-0.173397 0.114126 -1.12504)
(-0.0891751 0.0240878 -1.00662)
(0.04179 -0.0132339 -1.08274)
(0.00453151 -0.00454009 -1.17065)
(-0.0045362 -0.0045386 -1.17065)
(-0.0417954 -0.0132338 -1.08274)
(0.0891737 0.0240915 -1.00661)
(0.173402 0.114128 -1.12503)
(0.0206635 0.271772 -1.02884)
(-0.0315138 -0.0645156 -0.793632)
(-0.166216 -0.0470782 -0.860854)
(-0.0611732 -0.196958 -0.548158)
(0.0834182 -0.0834175 -0.746896)
(0.0132294 -0.0417974 -1.08274)
(-0.0132324 -0.0417982 -1.08274)
(-0.0834219 -0.0834223 -0.746894)
(0.0611731 -0.196969 -0.548148)
(0.166217 -0.0470864 -0.860854)
(0.031512 -0.0645245 -0.793632)
(0.117963 0.605714 1.51852)
(-0.418569 0.247117 1.01287)
(-0.062978 0.0629433 0.181105)
(0.19695 0.0611758 -0.548152)
(-0.024108 0.0891666 -1.00662)
(0.024097 0.0891699 -1.00661)
(-0.196966 0.0611737 -0.548143)
(0.0629654 0.0629514 0.181125)
(0.418571 0.247122 1.01286)
(-0.117942 0.605709 1.51851)
(-0.175094 -0.689248 2.38831)
(-0.673421 0.673425 2.18695)
(-0.247138 0.418558 1.01292)
(0.0470977 0.166223 -0.860848)
(-0.114135 0.173393 -1.12504)
(0.114132 0.173397 -1.12503)
(-0.0470918 0.166217 -0.860851)
(0.247132 0.41857 1.01288)
(0.673422 0.673428 2.18696)
(0.1751 -0.689263 2.3883)
(-0.821033 0.82103 2.58222)
(0.6893 0.175114 2.38837)
(-0.605742 -0.118094 1.51853)
(0.0645064 0.0315271 -0.793622)
(-0.271791 0.0206655 -1.02883)
(0.271777 0.0206636 -1.02883)
(-0.0645243 0.0315141 -0.793627)
(0.605715 -0.117981 1.51852)
(-0.689283 0.175108 2.38832)
(0.82103 0.82103 2.58222)
(-0.76046 -0.76046 2.6551)
(0.487001 -0.154786 2.55605)
(-0.586628 0.0577376 1.70116)
(0.0182742 -0.0485472 -0.808353)
(-0.243326 -0.0210334 -1.04642)
(0.243321 -0.0210328 -1.04642)
(-0.0182818 -0.0485405 -0.80837)
(0.586593 0.0576648 1.70113)
(-0.486967 -0.154803 2.556)
(0.760455 -0.760456 2.6551)
(-0.154783 0.487011 2.55606)
(-0.656754 -0.656757 2.23729)
(-0.215668 -0.196466 0.872743)
(0.0280825 -0.156957 -0.8714)
(-0.088241 -0.153747 -1.11896)
(0.088239 -0.153753 -1.11896)
(-0.0280715 -0.156954 -0.871398)
(0.21566 -0.196478 0.872676)
(0.656753 -0.656764 2.23728)
(0.154796 0.487026 2.55605)
(0.0577525 -0.586636 1.70117)
(-0.196464 -0.215669 0.872754)
(-0.0629822 -0.0629862 -0.0771126)
(0.162449 -0.0556177 -0.614128)
(-0.017835 -0.0810036 -1.02943)
(0.0178255 -0.0810065 -1.02943)
(-0.162463 -0.0556166 -0.614116)
(0.0629794 -0.0630034 -0.0770974)
(0.196447 -0.215668 0.872718)
(-0.0577376 -0.586627 1.70115)
(-0.0485485 0.0182728 -0.808349)
(-0.156957 0.0280846 -0.8714)
(-0.0556183 0.162448 -0.614127)
(0.069583 0.069583 -0.776231)
(0.0204715 0.0314411 -1.08035)
(-0.0204741 0.0314417 -1.08035)
(-0.0695857 0.0695872 -0.776228)
(0.0556171 0.162457 -0.614116)
(0.156952 0.0280843 -0.871398)
(0.0485463 0.0182794 -0.808358)
(-0.0210333 -0.243327 -1.04642)
(-0.153746 -0.0882419 -1.11896)
(-0.0810018 -0.0178378 -1.02943)
(0.0314427 0.0204709 -1.08035)
(0.00503812 0.00503653 -1.15249)
(-0.00504238 0.00503533 -1.15248)
(-0.0314472 0.0204711 -1.08034)
(0.080999 -0.0178402 -1.02942)
(0.153748 -0.0882446 -1.11895)
(0.0210337 -0.243326 -1.04642)
(-0.0210328 0.243319 -1.04642)
(-0.153756 0.0882388 -1.11896)
(-0.0810074 0.0178233 -1.02942)
(0.0314428 -0.0204752 -1.08035)
(0.00503603 -0.00504362 -1.15248)
(-0.00504011 -0.00504217 -1.15248)
(-0.0314471 -0.0204749 -1.08034)
(0.0810041 0.0178275 -1.02941)
(0.153756 0.0882425 -1.11895)
(0.0210328 0.243319 -1.04641)
(-0.0485386 -0.0182822 -0.808377)
(-0.156953 -0.0280665 -0.871397)
(-0.0556161 -0.162468 -0.614111)
(0.0695894 -0.0695874 -0.776226)
(0.0204719 -0.031449 -1.08034)
(-0.0204739 -0.0314493 -1.08034)
(-0.069591 -0.0695906 -0.776224)
(0.055616 -0.162474 -0.614103)
(0.156951 -0.0280675 -0.871398)
(0.0485377 -0.018287 -0.808378)
(0.0576366 0.586581 1.70112)
(-0.196479 0.215655 0.872641)
(-0.063011 0.0629775 -0.077093)
(0.162462 0.0556167 -0.61411)
(-0.01784 0.0809991 -1.02942)
(0.0178321 0.0810018 -1.02941)
(-0.162472 0.0556165 -0.614101)
(0.0630043 0.0629921 -0.07708)
(0.196466 0.215658 0.87262)
(-0.0576306 0.586579 1.70111)
(-0.154807 -0.486951 2.55597)
(-0.656762 0.656755 2.23727)
(-0.215668 0.196438 0.872705)
(0.028086 0.15695 -0.871396)
(-0.0882453 0.153748 -1.11895)
(0.0882444 0.153753 -1.11895)
(-0.0280753 0.15695 -0.871396)
(0.215665 0.196454 0.872651)
(0.656761 0.656762 2.23727)
(0.154812 -0.486972 2.55597)
(-0.760455 0.760453 2.6551)
(0.487035 0.154803 2.55604)
(-0.58662 -0.0577288 1.70115)
(0.0182846 0.048544 -0.808361)
(-0.243326 0.0210332 -1.04641)
(0.243321 0.0210322 -1.04641)
(-0.0182908 0.0485381 -0.808373)
(0.58659 -0.0576599 1.70113)
(-0.487005 0.154813 2.55599)
(0.760452 0.760451 2.6551)
(-0.665437 -0.665437 2.81752)
(0.230392 -0.161837 2.74125)
(-0.552609 0.0826873 1.77193)
(-0.0167092 -0.0531391 -0.829091)
(-0.215188 -0.0198144 -1.07156)
(0.21519 -0.0198141 -1.07155)
(0.0167172 -0.0531383 -0.829093)
(0.552575 0.0826629 1.77191)
(-0.230358 -0.161865 2.7412)
(0.665431 -0.665431 2.81752)
(-0.161832 0.230402 2.74126)
(-0.633374 -0.633378 2.2716)
(-0.216246 -0.0709764 0.741484)
(0.00121102 -0.141599 -0.893917)
(-0.0688088 -0.13129 -1.11607)
(0.0688083 -0.131294 -1.11607)
(-0.00119728 -0.1416 -0.893914)
(0.216243 -0.0710032 0.741415)
(0.63337 -0.633388 2.27157)
(0.161844 0.230414 2.74125)
(0.082694 -0.552617 1.77193)
(-0.0709683 -0.216248 0.741496)
(-0.0780317 -0.0780359 -0.218618)
(0.138484 -0.0515198 -0.677998)
(-0.0123788 -0.0727329 -1.046)
(0.0123728 -0.0727355 -1.04599)
(-0.13849 -0.0515196 -0.677989)
(0.0780322 -0.0780557 -0.218609)
(0.0709527 -0.216249 0.741462)
(-0.0827053 -0.55261 1.77191)
(-0.0531392 -0.016708 -0.829091)
(-0.141598 0.0012131 -0.893916)
(-0.0515204 0.138482 -0.677999)
(0.0588638 0.0588639 -0.80792)
(0.0244585 0.0221104 -1.07729)
(-0.0244599 0.0221105 -1.07729)
(-0.058865 0.0588666 -0.807917)
(0.0515209 0.138485 -0.677992)
(0.141596 0.00120834 -0.893913)
(0.053139 -0.0167091 -0.829095)
(-0.0198148 -0.215187 -1.07155)
(-0.131289 -0.0688092 -1.11606)
(-0.0727312 -0.012381 -1.046)
(0.0221118 0.0244582 -1.07729)
(0.00546785 0.00546662 -1.13919)
(-0.00547083 0.00546553 -1.13918)
(-0.0221153 0.0244582 -1.07728)
(0.0727284 -0.012384 -1.04599)
(0.131289 -0.0688113 -1.11606)
(0.0198165 -0.215186 -1.07154)
(-0.0198144 0.215189 -1.07155)
(-0.131295 0.0688084 -1.11607)
(-0.0727361 0.0123714 -1.04599)
(0.0221114 -0.0244605 -1.07729)
(0.00546591 -0.00547172 -1.13918)
(-0.00546874 -0.00547039 -1.13918)
(-0.0221147 -0.0244602 -1.07729)
(0.072733 0.0123756 -1.04598)
(0.131294 0.0688107 -1.11606)
(0.0198156 0.215188 -1.07154)
(-0.0531381 0.0167213 -0.829094)
(-0.141601 -0.00118989 -0.893912)
(-0.0515196 -0.138492 -0.677986)
(0.0588684 -0.0588657 -0.807915)
(0.0244586 -0.0221165 -1.07728)
(-0.0244595 -0.0221163 -1.07728)
(-0.0588687 -0.0588677 -0.807913)
(0.0515201 -0.138493 -0.677981)
(0.141599 -0.00118559 -0.89391)
(0.053138 0.0167196 -0.829095)
(0.082652 0.552562 1.7719)
(-0.0710152 0.216238 0.741377)
(-0.0780645 0.0780312 -0.218606)
(0.138487 0.0515204 -0.677988)
(-0.0123843 0.0727289 -1.04598)
(0.0123793 0.0727314 -1.04598)
(-0.138492 0.0515203 -0.67798)
(0.0780632 0.0780504 -0.218598)
(0.0709985 0.216239 0.741357)
(-0.0826579 0.552563 1.77189)
(-0.161874 -0.230339 2.74118)
(-0.633389 0.633369 2.27156)
(-0.21625 0.0709425 0.741451)
(0.00121023 0.141594 -0.893911)
(-0.0688122 0.131289 -1.11606)
(0.0688121 0.131292 -1.11606)
(-0.00119594 0.141597 -0.89391)
(0.216246 0.0709706 0.741391)
(0.633384 0.63338 2.27155)
(0.161877 -0.230358 2.74117)
(-0.665429 0.665428 2.81752)
(0.230422 0.161851 2.74124)
(-0.552605 -0.0827083 1.77191)
(-0.0167079 0.0531383 -0.829097)
(-0.215187 0.0198159 -1.07154)
(0.215189 0.019815 -1.07154)
(0.0167138 0.0531376 -0.829095)
(0.552576 -0.0826764 1.7719)
(-0.230391 0.161871 2.7412)
(0.665425 0.665425 2.81752)
(-0.55031 -0.55031 3.05795)
(0.00363773 -0.177235 2.94047)
(-0.501657 0.100322 1.76576)
(-0.0366945 -0.0485234 -0.848712)
(-0.1917 -0.0150634 -1.10167)
(0.191693 -0.0150628 -1.10167)
(0.0366972 -0.0485196 -0.848707)
(0.501629 0.100326 1.76576)
(-0.00361441 -0.177266 2.94042)
(0.550304 -0.550304 3.05795)
(-0.177229 0.00364257 2.94048)
(-0.610394 -0.6104 2.29766)
(-0.212565 -0.0954987 0.634918)
(-0.0342724 -0.122059 -0.923024)
(-0.052741 -0.105834 -1.12147)
(0.0527424 -0.105837 -1.12148)
(0.0342845 -0.122056 -0.923021)
(0.212569 -0.0955271 0.63486)
(0.610384 -0.610415 2.29763)
(0.177238 0.00364711 2.94047)
(0.100323 -0.501664 1.76575)
(-0.0954894 -0.212565 0.634927)
(-0.112163 -0.112166 -0.328117)
(0.10687 -0.0489795 -0.743904)
(-0.00954967 -0.0694707 -1.0597)
(0.0095464 -0.0694734 -1.0597)
(-0.106872 -0.0489793 -0.743897)
(0.112167 -0.112182 -0.328114)
(0.095486 -0.212568 0.634893)
(-0.100331 -0.501661 1.76573)
(-0.048524 -0.0366947 -0.848714)
(-0.122059 -0.0342702 -0.923023)
(-0.0489803 0.106869 -0.743904)
(0.0477411 0.0477413 -0.8408)
(0.0270572 0.016227 -1.07469)
(-0.0270575 0.0162267 -1.07469)
(-0.0477413 0.0477433 -0.840797)
(0.0489816 0.106868 -0.743901)
(0.122057 -0.0342751 -0.923019)
(0.0485227 -0.0366982 -0.848718)
(-0.0150634 -0.191701 -1.10166)
(-0.105833 -0.0527403 -1.12147)
(-0.0694699 -0.00955122 -1.0597)
(0.0162282 0.0270572 -1.07469)
(0.00705074 0.00704988 -1.12978)
(-0.00705236 0.00704888 -1.12978)
(-0.0162303 0.0270571 -1.07469)
(0.0694704 -0.0095536 -1.0597)
(0.105833 -0.0527397 -1.12147)
(0.0150634 -0.191699 -1.10166)
(-0.0150626 0.191691 -1.10167)
(-0.105838 0.0527424 -1.12148)
(-0.0694748 0.00954544 -1.0597)
(0.0162273 -0.0270577 -1.07469)
(0.00704894 -0.00705294 -1.12978)
(-0.00705041 -0.00705171 -1.12978)
(-0.0162293 -0.0270575 -1.07469)
(0.0694752 0.00954879 -1.0597)
(0.105836 0.0527415 -1.12147)
(0.0150619 0.191691 -1.10166)
(-0.048518 0.0367 -0.848705)
(-0.122055 0.0342911 -0.923019)
(-0.0489795 -0.106872 -0.743894)
(0.0477447 -0.0477416 -0.840795)
(0.0270571 -0.0162309 -1.07469)
(-0.0270571 -0.0162305 -1.07469)
(-0.0477443 -0.0477431 -0.840793)
(0.0489803 -0.10687 -0.743891)
(0.122053 0.0342962 -0.923017)
(0.0485178 0.0367016 -0.848707)
(0.100326 0.501617 1.76575)
(-0.0955426 0.212568 0.634828)
(-0.11219 0.112166 -0.328114)
(0.106869 0.0489812 -0.743898)
(-0.00955425 0.0694707 -1.05969)
(0.00955177 0.0694733 -1.05969)
(-0.106869 0.0489804 -0.743892)
(0.112194 0.112183 -0.328112)
(0.0955355 0.212566 0.634805)
(-0.100329 0.501621 1.76574)
(-0.177277 -0.00360056 2.9404)
(-0.61042 0.610379 2.29761)
(-0.21257 0.095479 0.634881)
(-0.0342744 0.122055 -0.923017)
(-0.0527415 0.105833 -1.12147)
(0.0527427 0.105835 -1.12147)
(0.0342874 0.122052 -0.923016)
(0.21257 0.0955061 0.634833)
(0.610409 0.610396 2.2976)
(0.177277 -0.00360851 2.9404)
(-0.550301 0.550302 3.05795)
(0.00365281 0.177244 2.94046)
(-0.501658 -0.100335 1.76573)
(-0.0366978 0.0485218 -0.848718)
(-0.191699 0.0150634 -1.10165)
(0.191694 0.0150622 -1.10165)
(0.0366988 0.0485191 -0.84871)
(0.501634 -0.100334 1.76574)
(-0.00363226 0.177268 2.94042)
(0.550297 0.550298 3.05795)
(-0.437206 -0.437206 3.33703)
(-0.139985 -0.194577 3.14671)
(-0.432656 0.0831627 1.74277)
(-0.0425774 -0.0342939 -0.868778)
(-0.171376 -0.00554444 -1.13707)
(0.17137 -0.00554347 -1.13707)
(0.0425764 -0.0342872 -0.868774)
(0.432633 0.0831686 1.74277)
(0.139993 -0.194607 3.14667)
(0.437202 -0.437201 3.33703)
(-0.194571 -0.139986 3.14672)
(-0.593016 -0.593022 2.31683)
(-0.219905 -0.165665 0.55091)
(-0.0686734 -0.0965743 -0.956552)
(-0.0419385 -0.0815877 -1.13145)
(0.0419417 -0.0815896 -1.13146)
(0.0686829 -0.0965685 -0.95655)
(0.219916 -0.165678 0.550865)
(0.593005 -0.593042 2.31679)
(0.194576 -0.139992 3.14671)
(0.0831632 -0.432662 1.74277)
(-0.16566 -0.219904 0.550916)
(-0.1535 -0.153502 -0.453069)
(0.0765901 -0.0492917 -0.812162)
(-0.00851542 -0.0695859 -1.07106)
(0.00851423 -0.0695885 -1.07106)
(-0.0765899 -0.0492922 -0.812157)
(0.153507 -0.153513 -0.453074)
(0.165663 -0.219911 0.550881)
(-0.0831683 -0.432662 1.74275)
(-0.0342951 -0.0425788 -0.86878)
(-0.0965752 -0.0686715 -0.956551)
(-0.0492924 0.0765894 -0.812163)
(0.0387004 0.0387008 -0.87581)
(0.0298466 0.0155566 -1.07587)
(-0.029846 0.0155562 -1.07587)
(-0.0386999 0.0387019 -0.875807)
(0.0492946 0.0765883 -0.812161)
(0.0965731 -0.0686766 -0.956547)
(0.0342931 -0.0425844 -0.868784)
(-0.00554423 -0.171377 -1.13707)
(-0.0815872 -0.0419373 -1.13145)
(-0.0695857 -0.0085164 -1.07106)
(0.0155575 0.0298469 -1.07587)
(0.00818363 0.0081831 -1.11964)
(-0.00818418 0.00818219 -1.11964)
(-0.0155583 0.0298467 -1.07587)
(0.0695882 -0.0085182 -1.07105)
(0.0815885 -0.0419368 -1.13145)
(0.00554299 -0.171375 -1.13706)
(-0.00554274 0.171368 -1.13707)
(-0.0815907 0.0419424 -1.13146)
(-0.0695904 0.00851367 -1.07106)
(0.0155565 -0.0298459 -1.07587)
(0.00818199 -0.00818451 -1.11964)
(-0.00818244 -0.00818344 -1.11964)
(-0.0155572 -0.0298459 -1.07587)
(0.0695928 0.00851617 -1.07105)
(0.0815913 0.0419412 -1.13145)
(0.00554095 0.171367 -1.13706)
(-0.0342844 0.0425781 -0.868773)
(-0.0965667 0.0686879 -0.956548)
(-0.049293 -0.0765903 -0.812154)
(0.0387028 -0.0386998 -0.875806)
(0.0298463 -0.0155586 -1.07587)
(-0.0298457 -0.015558 -1.07587)
(-0.0387018 -0.0387006 -0.875804)
(0.0492945 -0.0765878 -0.812152)
(0.0965657 0.0686934 -0.956545)
(0.0342842 0.0425828 -0.868774)
(0.0831687 0.432623 1.74277)
(-0.165687 0.21992 0.550839)
(-0.153519 0.153508 -0.453076)
(0.0765887 0.0492948 -0.812159)
(-0.00851912 0.0695884 -1.07105)
(0.00851849 0.069591 -1.07105)
(-0.0765872 0.0492946 -0.812154)
(0.153526 0.153519 -0.45308)
(0.165689 0.219922 0.550814)
(-0.0831701 0.432628 1.74275)
(-0.194619 0.139999 3.14665)
(-0.59305 0.592998 2.31677)
(-0.219915 0.165658 0.550868)
(-0.0686775 0.0965708 -0.956545)
(-0.041939 0.0815888 -1.13144)
(0.0419416 0.08159 -1.13145)
(0.0686877 0.0965659 -0.956544)
(0.219921 0.165672 0.550831)
(0.593038 0.593018 2.31675)
(0.194616 0.140005 3.14665)
(-0.437199 0.4372 3.33703)
(-0.139991 0.19458 3.14671)
(-0.432661 -0.0831726 1.74274)
(-0.0425848 0.0342919 -0.868786)
(-0.171374 0.00554359 -1.13706)
(0.17137 0.00554198 -1.13706)
(0.0425826 0.0342868 -0.868778)
(0.432642 -0.0831747 1.74275)
(0.139998 0.194604 3.14667)
(0.437195 0.437196 3.33703)
(-0.344594 -0.344594 3.61095)
(-0.177725 -0.213467 3.35944)
(-0.343778 0.0629275 1.73353)
(-0.0290489 -0.0116357 -0.892096)
(-0.146612 0.00608329 -1.17344)
(0.146608 0.00608403 -1.17344)
(0.029047 -0.0116292 -0.892092)
(0.343762 0.0629338 1.73353)
(0.177723 -0.213495 3.35941)
(0.344591 -0.344592 3.61095)
(-0.213461 -0.177731 3.35945)
(-0.597909 -0.597914 2.33308)
(-0.249729 -0.184509 0.475685)
(-0.0924963 -0.0640254 -0.995784)
(-0.0382869 -0.0599701 -1.14509)
(0.0382912 -0.0599716 -1.14509)
(0.0925042 -0.064021 -0.995783)
(0.249744 -0.184508 0.47565)
(0.597902 -0.59793 2.33304)
(0.213464 -0.177744 3.35944)
(0.0629272 -0.343784 1.73353)
(-0.184509 -0.249728 0.475688)
(-0.184932 -0.184933 -0.583253)
(0.060297 -0.0503319 -0.880284)
(-0.0077156 -0.0658126 -1.08291)
(0.00771603 -0.0658145 -1.08291)
(-0.0602963 -0.0503334 -0.88028)
(0.18494 -0.18494 -0.583259)
(0.184512 -0.249741 0.47565)
(-0.0629291 -0.343785 1.7335)
(-0.011637 -0.0290511 -0.892098)
(-0.0640262 -0.0924952 -0.995784)
(-0.0503326 0.0602966 -0.880285)
(0.03688 0.0368804 -0.912133)
(0.032625 0.0199912 -1.07743)
(-0.0326236 0.0199909 -1.07743)
(-0.036879 0.0368806 -0.912131)
(0.0503358 0.0602957 -0.880284)
(0.0640253 -0.0925021 -0.995781)
(0.011635 -0.029059 -0.892104)
(0.00608336 -0.146612 -1.17343)
(-0.0599698 -0.0382858 -1.14508)
(-0.0658125 -0.00771611 -1.08291)
(0.0199918 0.0326254 -1.07743)
(0.00726796 0.00726773 -1.10879)
(-0.00726775 0.00726694 -1.10879)
(-0.0199918 0.0326251 -1.07742)
(0.065815 -0.00771749 -1.0829)
(0.0599719 -0.0382866 -1.14508)
(-0.00608379 -0.146611 -1.17343)
(0.00608452 0.146607 -1.17344)
(-0.0599726 0.0382926 -1.14509)
(-0.0658159 0.00771592 -1.08291)
(0.019991 -0.0326233 -1.07743)
(0.00726655 -0.00726787 -1.10879)
(-0.0072663 -0.00726699 -1.10879)
(-0.0199909 -0.0326233 -1.07742)
(0.0658183 0.00771772 -1.0829)
(0.059974 0.0382923 -1.14509)
(-0.00608538 0.146606 -1.17343)
(-0.0116265 0.0290483 -0.892091)
(-0.0640196 0.0925086 -0.995781)
(-0.0503347 -0.0602965 -0.880277)
(0.036881 -0.0368786 -0.912129)
(0.0326244 -0.0199918 -1.07742)
(-0.0326233 -0.0199913 -1.07742)
(-0.0368797 -0.0368787 -0.912128)
(0.050337 -0.0602944 -0.880277)
(0.0640193 0.0925157 -0.995778)
(0.0116262 0.0290557 -0.892094)
(0.0629341 0.343753 1.73352)
(-0.184511 0.24975 0.475628)
(-0.184945 0.184942 -0.583262)
(0.060296 0.0503366 -0.880282)
(-0.00771856 0.0658155 -1.0829)
(0.00771929 0.0658173 -1.0829)
(-0.0602941 0.0503372 -0.880279)
(0.184954 0.18495 -0.583267)
(0.184516 0.249758 0.4756)
(-0.0629326 0.343759 1.73351)
(-0.213508 0.177724 3.35939)
(-0.597939 0.597897 2.33301)
(-0.249747 0.184508 0.475636)
(-0.0925041 0.0640241 -0.995778)
(-0.0382888 0.0599724 -1.14508)
(0.0382921 0.0599732 -1.14508)
(0.0925123 0.0640201 -0.995777)
(0.249757 0.184509 0.47561)
(0.59793 0.597912 2.33299)
(0.213504 0.177742 3.35938)
(-0.34459 0.344591 3.61095)
(-0.177748 0.213466 3.35943)
(-0.343786 -0.0629326 1.73349)
(-0.0290609 0.0116341 -0.892106)
(-0.146611 -0.00608314 -1.17343)
(0.146608 -0.00608441 -1.17343)
(0.0290576 0.011629 -0.892099)
(0.343772 -0.0629357 1.7335)
(0.177748 0.213489 3.3594)
(0.344587 0.344588 3.61096)
(-0.277362 -0.277362 3.84339)
(-0.14077 -0.230932 3.5634)
(-0.211594 0.0714252 1.72784)
(0.00594507 0.0175412 -0.915339)
(-0.117243 0.0172076 -1.20405)
(0.117241 0.0172082 -1.20405)
(-0.00594558 0.0175461 -0.915336)
(0.211587 0.0714299 1.72784)
(0.140765 -0.230957 3.56337)
(0.277361 -0.277361 3.8434)
(-0.230926 -0.140776 3.5634)
(-0.598562 -0.598565 2.35397)
(-0.284315 -0.138896 0.402208)
(-0.0959276 -0.0237978 -1.04188)
(-0.0375978 -0.0399577 -1.16286)
(0.0376027 -0.0399589 -1.16286)
(0.0959342 -0.0237948 -1.04188)
(0.284331 -0.138889 0.402181)
(0.598558 -0.598574 2.35393)
(0.230927 -0.140792 3.56339)
(0.0714245 -0.211599 1.72783)
(-0.138898 -0.284315 0.402208)
(-0.193632 -0.193632 -0.695563)
(0.0631558 -0.0473376 -0.946152)
(-0.00370807 -0.0567256 -1.09142)
(0.00370964 -0.0567269 -1.09142)
(-0.0631548 -0.0473395 -0.946149)
(0.193641 -0.193637 -0.695569)
(0.138902 -0.28433 0.402172)
(-0.0714243 -0.211603 1.72781)
(0.01754 0.00594298 -0.915342)
(-0.0237986 -0.095927 -1.04188)
(-0.0473382 0.0631556 -0.946153)
(0.0460348 0.0460351 -0.953399)
(0.034783 0.0275174 -1.07613)
(-0.034781 0.027517 -1.07614)
(-0.0460334 0.0460347 -0.953398)
(0.0473422 0.0631553 -0.946152)
(0.0237993 -0.0959348 -1.04187)
(-0.0175413 0.00593402 -0.915349)
(0.0172076 -0.117243 -1.20405)
(-0.0399575 -0.0375967 -1.16286)
(-0.0567257 -0.00370823 -1.09142)
(0.0275177 0.0347835 -1.07613)
(0.00515606 0.00515602 -1.09524)
(-0.00515533 0.00515535 -1.09524)
(-0.0275172 0.034783 -1.07613)
(0.0567282 -0.00370937 -1.09142)
(0.0399595 -0.037598 -1.16286)
(-0.0172078 -0.117243 -1.20404)
(0.0172086 0.11724 -1.20405)
(-0.0399597 0.0376043 -1.16286)
(-0.0567281 0.00370991 -1.09142)
(0.0275169 -0.0347804 -1.07614)
(0.00515485 -0.00515526 -1.09524)
(-0.00515411 -0.00515455 -1.09524)
(-0.0275164 -0.0347803 -1.07613)
(0.0567305 0.00371116 -1.09142)
(0.0399612 0.0376042 -1.16286)
(-0.0172091 0.11724 -1.20405)
(0.0175485 -0.00594427 -0.915335)
(-0.0237939 0.0959379 -1.04188)
(-0.0473411 -0.0631548 -0.946147)
(0.0460346 -0.0460328 -0.953396)
(0.0347821 -0.027517 -1.07613)
(-0.0347805 -0.0275166 -1.07613)
(-0.0460332 -0.0460324 -0.953395)
(0.0473441 -0.0631535 -0.946147)
(0.0237946 0.0959457 -1.04187)
(-0.0175487 -0.00593629 -0.915339)
(0.07143 0.211582 1.72783)
(-0.138889 0.284339 0.402164)
(-0.193641 0.193644 -0.695571)
(0.0631554 0.0473436 -0.946151)
(-0.00371052 0.056729 -1.09142)
(0.00371212 0.0567302 -1.09142)
(-0.0631536 0.0473444 -0.946149)
(0.193651 0.193649 -0.695577)
(0.138895 0.284349 0.402136)
(-0.0714269 0.211588 1.72781)
(-0.230969 0.140763 3.56335)
(-0.59858 0.598554 2.3539)
(-0.284338 0.138901 0.402158)
(-0.0959375 0.0237992 -1.04187)
(-0.0376003 0.0399604 -1.16286)
(0.0376038 0.039961 -1.16286)
(0.095944 0.0237961 -1.04187)
(0.284348 0.138895 0.402139)
(0.598575 0.598562 2.35389)
(0.230965 0.140784 3.56335)
(-0.27736 0.277362 3.8434)
(-0.140798 0.230928 3.56339)
(-0.211608 -0.0714262 1.72779)
(0.00593102 -0.0175416 -0.915352)
(-0.117244 -0.0172071 -1.20404)
(0.117242 -0.0172081 -1.20404)
(-0.00593328 -0.0175456 -0.915345)
(0.211601 -0.0714284 1.7278)
(0.140796 0.230949 3.56337)
(0.277357 0.277358 3.84341)
(-0.229903 -0.229903 4.02129)
(-0.0739952 -0.238886 3.74861)
(-0.059787 0.104368 1.7073)
(0.0659829 0.0506248 -0.926894)
(-0.0854404 0.0281686 -1.22092)
(0.0854401 0.028169 -1.22092)
(-0.0659826 0.0506286 -0.926892)
(0.0597855 0.104371 1.70729)
(0.0739937 -0.238908 3.74859)
(0.229903 -0.2299 4.0213)
(-0.23888 -0.0739994 3.74861)
(-0.589875 -0.589877 2.38706)
(-0.29308 -0.0570582 0.349536)
(-0.0716674 0.022165 -1.09062)
(-0.0364899 -0.0250932 -1.17546)
(0.0364948 -0.0250942 -1.17546)
(0.0716729 0.0221671 -1.09062)
(0.293095 -0.0570511 0.349514)
(0.589871 -0.589884 2.38702)
(0.23888 -0.0740111 3.74861)
(0.104367 -0.0597905 1.70729)
(-0.0570607 -0.29308 0.349535)
(-0.170453 -0.170453 -0.783463)
(0.0852109 -0.0352225 -1.00484)
(0.00301553 -0.0482384 -1.09174)
(-0.00301324 -0.0482394 -1.09174)
(-0.0852097 -0.0352245 -1.00483)
(0.170463 -0.170456 -0.783469)
(0.0570667 -0.293095 0.349499)
(-0.104367 -0.0597972 1.70727)
(0.0506236 0.0659809 -0.926897)
(0.022164 -0.0716671 -1.09062)
(-0.0352232 0.085211 -1.00484)
(0.0653603 0.0653606 -0.991061)
(0.0347972 0.0351577 -1.06638)
(-0.0347949 0.0351574 -1.06638)
(-0.0653588 0.0653599 -0.99106)
(0.0352274 0.0852109 -1.00484)
(-0.022162 -0.0716751 -1.09062)
(-0.050624 0.065972 -0.926905)
(0.0281685 -0.085441 -1.22092)
(-0.0250932 -0.0364889 -1.17546)
(-0.0482386 0.00301562 -1.09174)
(0.0351579 0.0347978 -1.06638)
(0.00355355 0.00355366 -1.07874)
(-0.00355247 0.00355312 -1.07874)
(-0.0351571 0.0347972 -1.06638)
(0.0482413 0.00301459 -1.09174)
(0.0250956 -0.0364907 -1.17546)
(-0.0281686 -0.0854419 -1.22092)
(0.0281694 0.0854395 -1.22092)
(-0.0250951 0.0364966 -1.17546)
(-0.0482405 -0.00301268 -1.09174)
(0.0351572 -0.0347941 -1.06638)
(0.0035526 -0.00355226 -1.07874)
(-0.00355154 -0.00355174 -1.07874)
(-0.0351564 -0.0347941 -1.06638)
(0.0482431 -0.00301186 -1.09174)
(0.025097 0.0364968 -1.17546)
(-0.0281696 0.0854397 -1.22092)
(0.0506306 -0.0659815 -0.926891)
(0.0221677 0.0716762 -1.09062)
(-0.0352262 -0.0852096 -1.00483)
(0.0653596 -0.0653581 -0.991059)
(0.0347962 -0.0351567 -1.06638)
(-0.0347944 -0.0351564 -1.06638)
(-0.0653583 -0.0653575 -0.991059)
(0.0352293 -0.0852089 -1.00483)
(-0.0221661 0.0716834 -1.09062)
(-0.0506303 -0.0659738 -0.926897)
(0.104371 0.0597837 1.70729)
(-0.0570502 0.293103 0.3495)
(-0.17046 0.170466 -0.783472)
(0.0852109 0.0352291 -1.00483)
(0.00301339 0.0482422 -1.09174)
(-0.00301137 0.0482431 -1.09174)
(-0.0852092 0.03523 -1.00483)
(0.170469 0.170469 -0.783477)
(0.057057 0.293113 0.349473)
(-0.104369 0.059789 1.70727)
(-0.238919 0.073993 3.74857)
(-0.589889 0.589867 2.387)
(-0.293103 0.0570675 0.349483)
(-0.0716783 -0.0221611 -1.09062)
(-0.036493 0.0250967 -1.17545)
(0.0364962 0.0250972 -1.17546)
(0.0716828 -0.0221638 -1.09062)
(0.293113 0.0570603 0.349472)
(0.589884 0.589873 2.38698)
(0.238914 0.074007 3.74857)
(-0.229898 0.229903 4.0213)
(-0.0740166 0.23888 3.74861)
(-0.0598043 -0.104368 1.70725)
(0.0659683 -0.0506236 -0.92691)
(-0.0854433 -0.0281678 -1.22091)
(0.0854418 -0.0281686 -1.22092)
(-0.06597 -0.0506271 -0.926905)
(0.0598006 -0.104369 1.70726)
(0.0740159 0.238898 3.74859)
(0.229896 0.229898 4.02131)
(-0.205264 -0.205264 4.14009)
(-0.025678 -0.226605 3.89489)
(0.054578 0.153217 1.6408)
(0.143587 0.081142 -0.933011)
(-0.0525994 0.0352744 -1.21735)
(0.0526002 0.0352748 -1.21735)
(-0.143586 0.0811446 -0.933012)
(-0.0545756 0.15322 1.64079)
(0.0256781 -0.226623 3.89487)
(0.205262 -0.205258 4.1401)
(-0.226599 -0.0256802 3.8949)
(-0.564999 -0.565 2.41852)
(-0.26892 0.0307392 0.277824)
(-0.022853 0.0670645 -1.135)
(-0.0320876 -0.0169502 -1.17638)
(0.0320921 -0.0169509 -1.17638)
(0.0228582 0.0670655 -1.135)
(0.268935 0.030744 0.277806)
(0.564999 -0.565 2.41848)
(0.226595 -0.025686 3.89489)
(0.153217 0.0545759 1.64079)
(0.0307368 -0.26892 0.277823)
(-0.115025 -0.115024 -0.846126)
(0.114804 -0.013444 -1.05088)
(0.00966608 -0.0420242 -1.08241)
(-0.00966338 -0.042025 -1.08241)
(-0.114802 -0.0134459 -1.05088)
(0.115034 -0.115027 -0.846132)
(-0.0307302 -0.268934 0.277791)
(-0.153218 0.0545683 1.64077)
(0.081141 0.143585 -0.933014)
(0.0670635 -0.0228528 -1.135)
(-0.0134447 0.114804 -1.05088)
(0.0857605 0.0857608 -1.01829)
(0.0309286 0.038722 -1.05)
(-0.0309263 0.0387216 -1.05)
(-0.0857587 0.0857597 -1.01829)
(0.0134487 0.114803 -1.05088)
(-0.0670605 -0.0228602 -1.135)
(-0.0811404 0.143577 -0.933023)
(0.0352743 -0.0525998 -1.21735)
(-0.0169503 -0.0320867 -1.17638)
(-0.0420244 0.00966631 -1.08241)
(0.038722 0.0309291 -1.05)
(0.00314399 0.00314419 -1.05939)
(-0.00314277 0.00314377 -1.05939)
(-0.0387209 0.0309285 -1.05)
(0.0420269 0.00966522 -1.08241)
(0.0169525 -0.0320886 -1.17638)
(-0.0352741 -0.0526017 -1.21735)
(0.035275 0.0526003 -1.21735)
(-0.0169517 0.0320939 -1.17638)
(-0.042026 -0.00966259 -1.08241)
(0.0387214 -0.0309255 -1.05)
(0.00314326 -0.00314247 -1.05939)
(-0.00314209 -0.00314211 -1.05939)
(-0.0387203 -0.0309254 -1.05)
(0.0420283 -0.00966199 -1.08241)
(0.0169536 0.0320942 -1.17638)
(-0.035275 0.0526009 -1.21735)
(0.0811459 -0.143585 -0.933012)
(0.0670656 0.0228616 -1.135)
(-0.0134476 -0.114802 -1.05088)
(0.0857591 -0.0857578 -1.01829)
(0.0309275 -0.0387205 -1.05)
(-0.0309258 -0.0387202 -1.05)
(-0.0857577 -0.0857571 -1.01829)
(0.0134505 -0.114802 -1.05088)
(-0.0670634 0.0228671 -1.135)
(-0.0811452 -0.143578 -0.933017)
(0.153221 -0.0545748 1.64079)
(0.0307445 0.268944 0.277794)
(-0.11503 0.115037 -0.846135)
(0.114803 0.0134506 -1.05088)
(0.009664 0.0420279 -1.08241)
(-0.00966184 0.0420286 -1.08241)
(-0.114802 0.0134512 -1.05089)
(0.115038 0.115039 -0.846141)
(-0.0307383 0.268951 0.27777)
(-0.15322 -0.05457 1.64077)
(-0.226634 0.0256786 3.89486)
(-0.565002 0.564998 2.41846)
(-0.268942 -0.0307282 0.277777)
(-0.0228636 -0.0670589 -1.135)
(-0.0320909 0.0169537 -1.17638)
(0.0320937 0.016954 -1.17638)
(0.0228669 -0.067061 -1.135)
(0.268951 -0.0307341 0.277767)
(0.565001 0.564996 2.41845)
(0.226627 0.0256858 3.89486)
(-0.205255 0.205262 4.14011)
(-0.025689 0.226594 3.89489)
(0.0545616 -0.153219 1.64075)
(0.143573 -0.0811397 -0.933028)
(-0.0526035 -0.0352735 -1.21735)
(0.0526027 -0.035274 -1.21735)
(-0.143574 -0.0811424 -0.933024)
(-0.0545624 -0.153221 1.64075)
(0.0256896 0.22661 3.89488)
(0.205253 0.205256 4.14012)
(-0.208232 -0.208232 4.23525)
(0.0145358 -0.192077 4.00494)
(0.14217 0.211954 1.53892)
(0.217169 0.102188 -0.940581)
(-0.0208533 0.0359936 -1.18983)
(0.020855 0.0359939 -1.18984)
(-0.217167 0.10219 -0.940584)
(-0.142165 0.211956 1.53891)
(-0.0145376 -0.19209 4.00493)
(0.208228 -0.208225 4.23525)
(-0.192071 0.0145338 4.00494)
(-0.52721 -0.527208 2.47066)
(-0.183776 0.132283 0.207503)
(0.0392944 0.100623 -1.16285)
(-0.0214182 -0.0118946 -1.16137)
(0.0214222 -0.0118952 -1.16137)
(-0.0392894 0.100623 -1.16285)
(0.183788 0.132287 0.207486)
(0.527212 -0.527204 2.47064)
(0.192064 0.014531 4.00494)
(0.211954 0.142169 1.53891)
(0.132281 -0.183776 0.207502)
(-0.0298118 -0.0298112 -0.87534)
(0.137026 0.0082372 -1.07388)
(0.0127715 -0.0368336 -1.06342)
(-0.012769 -0.0368343 -1.06342)
(-0.137024 0.00823532 -1.07388)
(0.0298192 -0.0298139 -0.875346)
(-0.132275 -0.183787 0.207475)
(-0.211954 0.142163 1.53889)
(0.102187 0.217168 -0.940584)
(0.100622 0.0392946 -1.16285)
(0.00823663 0.137026 -1.07388)
(0.0901853 0.0901856 -1.02926)
(0.0218816 0.034358 -1.0296)
(-0.0218795 0.0343577 -1.0296)
(-0.0901834 0.0901844 -1.02926)
(-0.00823293 0.137025 -1.07388)
(-0.100618 0.0392884 -1.16285)
(-0.102186 0.217162 -0.940594)
(0.0359935 -0.0208535 -1.18983)
(-0.0118948 -0.0214175 -1.16137)
(-0.0368339 0.0127718 -1.06342)
(0.034358 0.0218821 -1.0296)
(0.00313138 0.00313161 -1.03994)
(-0.00313017 0.00313129 -1.03994)
(-0.0343568 0.0218815 -1.0296)
(0.0368362 0.0127707 -1.06342)
(0.0118967 -0.0214193 -1.16137)
(-0.0359933 -0.0208558 -1.18984)
(0.0359941 0.0208556 -1.18984)
(-0.0118958 0.0214238 -1.16137)
(-0.0368352 -0.0127682 -1.06342)
(0.0343574 -0.0218788 -1.0296)
(0.00313083 -0.00312985 -1.03994)
(-0.00312969 -0.0031296 -1.03994)
(-0.0343563 -0.0218787 -1.0296)
(0.0368373 -0.0127677 -1.06342)
(0.0118975 0.021424 -1.16137)
(-0.0359939 0.0208562 -1.18984)
(0.10219 -0.217166 -0.940584)
(0.100622 -0.0392863 -1.16285)
(0.0082338 -0.137023 -1.07388)
(0.0901837 -0.0901824 -1.02926)
(0.0218806 -0.0343563 -1.0296)
(-0.021879 -0.0343561 -1.0296)
(-0.0901822 -0.0901817 -1.02926)
(-0.00823119 -0.137022 -1.07388)
(-0.10062 -0.0392822 -1.16286)
(-0.102189 -0.217161 -0.94059)
(0.211956 -0.142162 1.53891)
(0.132287 0.183796 0.207476)
(-0.0298166 0.0298226 -0.875349)
(0.137024 -0.00823109 -1.07388)
(0.0127696 0.0368371 -1.06342)
(-0.0127677 0.0368376 -1.06342)
(-0.137023 -0.00823039 -1.07388)
(0.0298222 0.0298233 -0.875354)
(-0.132282 0.183801 0.207457)
(-0.211956 -0.142159 1.53889)
(-0.192099 -0.0145379 4.00492)
(-0.527205 0.527212 2.47062)
(-0.183794 -0.132272 0.207461)
(0.0392852 -0.100616 -1.16285)
(-0.0214213 0.0118978 -1.16137)
(0.0214236 0.011898 -1.16137)
(-0.0392824 -0.100617 -1.16286)
(0.183801 -0.132277 0.207453)
(0.527206 0.527206 2.47061)
(0.192091 -0.0145331 4.00492)
(-0.208222 0.208227 4.23526)
(0.0145298 0.192061 4.00494)
(0.142157 -0.211955 1.53888)
(0.217159 -0.102185 -0.9406)
(-0.0208577 -0.0359927 -1.18984)
(0.0208575 -0.0359931 -1.18984)
(-0.217159 -0.102187 -0.940598)
(-0.142155 -0.211956 1.53888)
(-0.01453 0.192075 4.00493)
(0.208219 0.20822 4.23527)
(-0.235907 -0.235907 4.3191)
(0.0762143 -0.126675 4.06356)
(0.223747 0.238559 1.35308)
(0.265324 0.106446 -0.95637)
(0.0106565 0.0294624 -1.13752)
(-0.0106545 0.0294627 -1.13752)
(-0.265321 0.106446 -0.956372)
(-0.223741 0.23856 1.35307)
(-0.0762149 -0.126683 4.06355)
(0.235903 -0.235901 4.31911)
(-0.12667 0.0762128 4.06356)
(-0.493556 -0.493554 2.48923)
(-0.0471623 0.234228 0.108929)
(0.0918145 0.110934 -1.16563)
(-0.00635962 -0.0072297 -1.12809)
(0.0063629 -0.00723007 -1.12809)
(-0.0918099 0.110933 -1.16563)
(0.0471708 0.234231 0.108914)
(0.49356 -0.493547 2.48921)
(0.12666 0.0762114 4.06356)
(0.238558 0.223748 1.35308)
(0.234226 -0.0471622 0.108927)
(0.0661524 0.0661529 -0.881818)
(0.144063 0.0173467 -1.06412)
(0.0116728 -0.0284286 -1.03631)
(-0.0116707 -0.0284291 -1.03631)
(-0.144061 0.017345 -1.06412)
(-0.0661464 0.0661499 -0.881824)
(-0.234222 -0.0471696 0.108903)
(-0.238558 0.223744 1.35306)
(0.106445 0.265323 -0.956372)
(0.110933 0.0918146 -1.16563)
(0.0173463 0.144063 -1.06412)
(0.0671107 0.0671109 -1.0248)
(0.00962254 0.0232287 -1.01294)
(-0.00962086 0.0232284 -1.01294)
(-0.0671088 0.0671097 -1.0248)
(-0.0173432 0.144062 -1.06412)
(-0.11093 0.0918094 -1.16564)
(-0.106444 0.265317 -0.956382)
(0.0294623 0.0106563 -1.13752)
(-0.00722986 -0.00635907 -1.12809)
(-0.0284289 0.011673 -1.03631)
(0.0232286 0.00962291 -1.01294)
(0.00292951 0.00292972 -1.02472)
(-0.00292851 0.0029295 -1.02472)
(-0.0232275 0.00962234 -1.01294)
(0.0284306 0.0116721 -1.03631)
(0.00723131 -0.00636059 -1.12809)
(-0.0294621 0.0106542 -1.13753)
(0.0294628 -0.0106539 -1.13752)
(-0.00723048 0.00636415 -1.12809)
(-0.0284297 -0.01167 -1.03631)
(0.0232282 -0.00962026 -1.01294)
(0.00292913 -0.00292825 -1.02472)
(-0.00292822 -0.0029281 -1.02472)
(-0.0232272 -0.00962015 -1.01294)
(0.0284312 -0.0116696 -1.03631)
(0.00723173 0.00636435 -1.12809)
(-0.0294626 -0.0106532 -1.13753)
(0.106447 -0.26532 -0.956373)
(0.110932 -0.0918074 -1.16564)
(0.0173437 -0.14406 -1.06412)
(0.0671089 -0.0671079 -1.0248)
(0.00962164 -0.0232271 -1.01294)
(-0.00962041 -0.0232269 -1.01294)
(-0.0671076 -0.0671072 -1.0248)
(-0.0173415 -0.144059 -1.06412)
(-0.11093 -0.0918041 -1.16564)
(-0.106446 -0.265316 -0.95638)
(0.23856 -0.223738 1.35307)
(0.234232 0.0471756 0.108906)
(0.0661478 -0.0661435 -0.881827)
(0.144061 -0.0173416 -1.06412)
(0.0116712 0.0284313 -1.03631)
(-0.0116697 0.0284316 -1.03631)
(-0.144059 -0.0173408 -1.06412)
(-0.0661434 -0.0661423 -0.881832)
(-0.234228 0.0471797 0.108888)
(-0.238559 -0.223737 1.35305)
(-0.126689 -0.0762151 4.06354)
(-0.493546 0.49356 2.48919)
(-0.0471745 -0.23422 0.108892)
(0.0918067 -0.110928 -1.16564)
(-0.00636212 0.0072321 -1.12809)
(0.00636402 0.00723223 -1.12809)
(-0.091804 -0.110928 -1.16564)
(0.0471796 -0.234224 0.108883)
(0.493548 0.493551 2.48919)
(0.12668 -0.0762127 4.06354)
(-0.235898 0.235901 4.31911)
(0.0762103 0.126654 4.06356)
(0.223739 -0.238558 1.35304)
(0.265314 -0.106443 -0.956387)
(0.0106525 -0.0294617 -1.13753)
(-0.0106522 -0.029462 -1.13753)
(-0.265314 -0.106444 -0.956386)
(-0.223737 -0.238559 1.35304)
(-0.0762103 0.126665 4.06355)
(0.235894 0.235895 4.31912)
(-0.259485 -0.259484 4.396)
(0.140426 0.0302258 4.09286)
(0.391732 0.262996 1.20599)
(0.240146 0.0874898 -0.92841)
(0.0363361 0.0170398 -1.06675)
(-0.0363347 0.01704 -1.06675)
(-0.240144 0.08749 -0.928414)
(-0.391728 0.262996 1.20598)
(-0.140424 0.0302222 4.09285)
(0.259482 -0.259479 4.396)
(0.0302326 0.140425 4.09286)
(-0.449857 -0.449855 2.48105)
(0.167494 0.369464 -0.0269326)
(0.108367 0.0931062 -1.12236)
(0.0122883 -0.0032837 -1.08389)
(-0.0122862 -0.00328387 -1.08389)
(-0.108364 0.0931054 -1.12236)
(-0.167488 0.369465 -0.0269471)
(0.449859 -0.449845 2.48104)
(-0.0302526 0.140425 4.09286)
(0.262996 0.391733 1.20599)
(0.369463 0.167495 -0.0269333)
(0.129315 0.129316 -0.820196)
(0.111449 0.016796 -1.01737)
(0.0100973 -0.0147333 -1.00736)
(-0.0100958 -0.0147336 -1.00737)
(-0.111447 0.0167948 -1.01738)
(-0.129311 0.129313 -0.820201)
(-0.369459 0.16749 -0.0269508)
(-0.262995 0.391731 1.20597)
(0.0874893 0.240145 -0.928412)
(0.0931057 0.108367 -1.12236)
(0.0167957 0.111449 -1.01737)
(0.0325064 0.0325065 -1.01268)
(0.00219152 0.0117084 -1.00566)
(-0.00219042 0.0117082 -1.00566)
(-0.0325051 0.0325057 -1.01268)
(-0.0167937 0.111448 -1.01738)
(-0.0931035 0.108363 -1.12236)
(-0.0874879 0.240142 -0.928421)
(0.0170397 0.0363361 -1.06675)
(-0.00328382 0.0122887 -1.08389)
(-0.0147335 0.0100974 -1.00736)
(0.0117082 0.00219175 -1.00566)
(0.00225557 0.00225571 -1.0159)
(-0.00225492 0.00225558 -1.0159)
(-0.0117075 0.0021914 -1.00566)
(0.0147345 0.0100968 -1.00737)
(0.00328464 0.0122876 -1.0839)
(-0.0170397 0.036335 -1.06675)
(0.01704 -0.0363343 -1.06675)
(-0.00328409 -0.0122854 -1.0839)
(-0.0147339 -0.0100954 -1.00737)
(0.011708 -0.00219005 -1.00566)
(0.00225535 -0.00225474 -1.0159)
(-0.00225475 -0.00225466 -1.0159)
(-0.0117074 -0.00219 -1.00566)
(0.0147348 -0.0100951 -1.00737)
(0.00328479 -0.0122852 -1.0839)
(-0.01704 -0.0363341 -1.06675)
(0.0874902 -0.240143 -0.928416)
(0.0931049 -0.108362 -1.12236)
(0.016794 -0.111446 -1.01738)
(0.0325052 -0.0325045 -1.01268)
(0.00219097 -0.0117073 -1.00566)
(-0.00219018 -0.0117072 -1.00566)
(-0.0325043 -0.032504 -1.01268)
(-0.0167926 -0.111446 -1.01738)
(-0.0931034 -0.10836 -1.12237)
(-0.0874893 -0.240141 -0.928421)
(0.262996 -0.391724 1.20597)
(0.369465 -0.167484 -0.0269544)
(0.129311 -0.129308 -0.820204)
(0.111447 -0.0167927 -1.01738)
(0.0100962 0.0147349 -1.00737)
(-0.0100952 0.0147351 -1.00737)
(-0.111446 -0.0167921 -1.01738)
(-0.129308 -0.129307 -0.820209)
(-0.369462 -0.167482 -0.0269653)
(-0.262995 -0.391725 1.20596)
(0.0302191 -0.140423 4.09285)
(-0.449842 0.449859 2.48103)
(0.167487 -0.369457 -0.0269604)
(0.108361 -0.0931022 -1.12237)
(0.0122867 0.0032851 -1.0839)
(-0.0122854 0.00328513 -1.0839)
(-0.108359 -0.0931023 -1.12237)
(-0.167483 -0.369459 -0.0269678)
(0.449843 0.449847 2.48102)
(-0.030233 -0.140423 4.09285)
(-0.259477 0.25948 4.39601)
(0.140424 -0.0302641 4.09286)
(0.391729 -0.262995 1.20596)
(0.24014 -0.087487 -0.928426)
(0.0363341 -0.0170395 -1.06675)
(-0.0363337 -0.0170397 -1.06675)
(-0.24014 -0.0874877 -0.928426)
(-0.391727 -0.262995 1.20596)
(-0.140422 -0.0302531 4.09285)
(0.259474 0.259475 4.39601)
(-0.259849 -0.259848 4.42712)
(0.20687 0.174891 3.87578)
(0.343903 0.199911 0.963606)
(0.0897315 0.0349726 -0.843658)
(0.0285183 0.00501448 -1.01132)
(-0.0285177 0.00501451 -1.01132)
(-0.0897309 0.0349726 -0.843663)
(-0.3439 0.19991 0.963595)
(-0.206866 0.17489 3.87577)
(0.259846 -0.259843 4.42713)
(0.174896 0.20687 3.87578)
(-0.158507 -0.158505 2.47134)
(0.235834 0.308627 -0.0980107)
(0.0623394 0.0466272 -1.0072)
(0.0140545 -0.00127031 -1.04629)
(-0.0140537 -0.00127037 -1.04629)
(-0.0623386 0.0466268 -1.00721)
(-0.235829 0.308626 -0.0980238)
(0.158502 -0.158492 2.47133)
(-0.17491 0.206869 3.87577)
(0.199911 0.343903 0.963603)
(0.308626 0.235834 -0.0980109)
(0.0919057 0.0919058 -0.639036)
(0.0523685 0.0124793 -0.962004)
(0.00643371 -0.00312396 -0.987622)
(-0.00643317 -0.00312407 -0.987623)
(-0.0523678 0.0124788 -0.962007)
(-0.0919042 0.0919045 -0.639043)
(-0.308623 0.23583 -0.0980242)
(-0.199911 0.343901 0.963587)
(0.0349725 0.0897313 -0.84366)
(0.0466271 0.0623394 -1.0072)
(0.0124792 0.0523686 -0.962004)
(0.0099539 0.00995394 -1.00059)
(0.000737797 0.00388039 -1.00348)
(-0.000737383 0.00388035 -1.00348)
(-0.0099535 0.0099537 -1.00059)
(-0.0124785 0.052368 -0.962008)
(-0.0466262 0.0623388 -1.00721)
(-0.0349721 0.0897303 -0.843669)
(0.00501445 0.0285183 -1.01132)
(-0.00127037 0.0140546 -1.04629)
(-0.00312402 0.00643378 -0.987623)
(0.00388035 0.00073789 -1.00348)
(0.00102711 0.00102716 -1.0123)
(-0.00102687 0.00102712 -1.0123)
(-0.0038801 0.000737771 -1.00348)
(0.00312437 0.00643353 -0.987625)
(0.00127073 0.0140542 -1.0463)
(-0.00501437 0.0285178 -1.01133)
(0.00501452 -0.0285175 -1.01132)
(-0.00127046 -0.0140534 -1.04629)
(-0.00312419 -0.00643299 -0.987624)
(0.00388028 -0.000737246 -1.00348)
(0.00102703 -0.0010268 -1.0123)
(-0.00102681 -0.00102677 -1.0123)
(-0.00388006 -0.000737248 -1.00348)
(0.00312449 -0.00643292 -0.987626)
(0.00127077 -0.0140533 -1.0463)
(-0.00501445 -0.0285174 -1.01133)
(0.0349727 -0.0897306 -0.843665)
(0.0466266 -0.0623382 -1.00721)
(0.0124785 -0.0523675 -0.962009)
(0.00995354 -0.00995332 -1.00059)
(0.000737623 -0.00388 -1.00348)
(-0.00073733 -0.00387998 -1.00348)
(-0.00995327 -0.0099532 -1.0006)
(-0.012478 -0.0523672 -0.962011)
(-0.0466261 -0.0623379 -1.00721)
(-0.0349725 -0.08973 -0.84367)
(0.19991 -0.343898 0.963591)
(0.308625 -0.235826 -0.0980301)
(0.0919038 -0.0919033 -0.639046)
(0.0523677 -0.0124781 -0.96201)
(0.00643333 0.00312453 -0.987626)
(-0.00643297 0.00312459 -0.987626)
(-0.0523673 -0.0124779 -0.962012)
(-0.0919028 -0.0919026 -0.639051)
(-0.308623 -0.235824 -0.0980374)
(-0.199909 -0.343897 0.963582)
(0.174889 -0.206864 3.87576)
(-0.158488 0.158499 2.47133)
(0.235827 -0.308622 -0.0980322)
(0.0623384 -0.0466257 -1.00721)
(0.0140539 0.00127093 -1.0463)
(-0.0140534 0.00127093 -1.0463)
(-0.0623379 -0.0466257 -1.00721)
(-0.235825 -0.308622 -0.098039)
(0.158484 0.158487 2.47133)
(-0.174897 -0.206864 3.87576)
(-0.259841 0.259844 4.42713)
(0.206868 -0.174919 3.87577)
(0.343899 -0.199911 0.963576)
(0.0897297 -0.0349719 -0.843674)
(0.0285174 -0.00501427 -1.01133)
(-0.0285172 -0.00501433 -1.01133)
(-0.0897296 -0.034972 -0.843674)
(-0.343897 -0.199909 0.963573)
(-0.206864 -0.174911 3.87576)
(0.259838 0.25984 4.42713)
)
;

boundaryField
{
    bottom
    {
        type            noSlip;
    }
    atmosphere
    {
        type            pressureInletOutletVelocity;
        value           nonuniform List<vector> 
100
(
(-0.259849 -0.259848 4.42712)
(0.174896 0.20687 3.87578)
(0.199911 0.343903 0.963603)
(0 0 -0.84366)
(0 0 -1.01132)
(0 0 -1.01132)
(0 0 -0.843665)
(0.19991 -0.343898 0.963591)
(0.174889 -0.206864 3.87576)
(-0.259841 0.259844 4.42713)
(0.20687 0.174891 3.87578)
(-0.158507 -0.158505 2.47134)
(0 0 -0.0980109)
(0 0 -1.0072)
(0 0 -1.04629)
(0 0 -1.04629)
(0 0 -1.00721)
(0 0 -0.0980301)
(-0.158488 0.158499 2.47133)
(0.206868 -0.174919 3.87577)
(0.343903 0.199911 0.963606)
(0 0 -0.0980107)
(0 0 -0.639036)
(0 0 -0.962004)
(0 0 -0.987623)
(0 0 -0.987624)
(0 0 -0.962009)
(0 0 -0.639046)
(0 0 -0.0980322)
(0.343899 -0.199911 0.963576)
(0 0 -0.843658)
(0 0 -1.0072)
(0 0 -0.962004)
(0 0 -1.00059)
(0 0 -1.00348)
(0 0 -1.00348)
(0 0 -1.00059)
(0 0 -0.96201)
(0 0 -1.00721)
(0 0 -0.843674)
(0 0 -1.01132)
(0 0 -1.04629)
(0 0 -0.987622)
(0 0 -1.00348)
(0 0 -1.0123)
(0 0 -1.0123)
(0 0 -1.00348)
(0 0 -0.987626)
(0 0 -1.0463)
(0 0 -1.01133)
(0 0 -1.01132)
(0 0 -1.04629)
(0 0 -0.987623)
(0 0 -1.00348)
(0 0 -1.0123)
(0 0 -1.0123)
(0 0 -1.00348)
(0 0 -0.987626)
(0 0 -1.0463)
(0 0 -1.01133)
(0 0 -0.843663)
(0 0 -1.00721)
(0 0 -0.962007)
(0 0 -1.00059)
(0 0 -1.00348)
(0 0 -1.00348)
(0 0 -1.0006)
(0 0 -0.962012)
(0 0 -1.00721)
(0 0 -0.843674)
(-0.3439 0.19991 0.963595)
(0 0 -0.0980238)
(0 0 -0.639043)
(0 0 -0.962008)
(0 0 -0.987625)
(0 0 -0.987626)
(0 0 -0.962011)
(0 0 -0.639051)
(0 0 -0.098039)
(-0.343897 -0.199909 0.963573)
(-0.206866 0.17489 3.87577)
(0.158502 -0.158492 2.47133)
(0 0 -0.0980242)
(0 0 -1.00721)
(0 0 -1.0463)
(0 0 -1.0463)
(0 0 -1.00721)
(0 0 -0.0980374)
(0.158484 0.158487 2.47133)
(-0.206864 -0.174911 3.87576)
(0.259846 -0.259843 4.42713)
(-0.17491 0.206869 3.87577)
(-0.199911 0.343901 0.963587)
(0 0 -0.843669)
(0 0 -1.01133)
(0 0 -1.01133)
(0 0 -0.84367)
(-0.199909 -0.343897 0.963582)
(-0.174897 -0.206864 3.87576)
(0.259838 0.25984 4.42713)
)
;
    }
    walls
    {
        type            noSlip;
    }
}


// ************************************************************************* //
