/*--------------------------------*- C++ -*----------------------------------*\
| =========                 |                                                 |
| \\      /  F ield         | OpenFOAM: The Open Source CFD Toolbox           |
|  \\    /   O peration     | Version:  2412                                  |
|   \\  /    A nd           | Website:  www.openfoam.com                      |
|    \\/     M anipulation  |                                                 |
\*---------------------------------------------------------------------------*/
FoamFile
{
    version     2.0;
    format      ascii;
    arch        "LSB;label=32;scalar=64";
    class       surfaceScalarField;
    location    "0.95";
    object      phi;
}
// * * * * * * * * * * * * * * * * * * * * * * * * * * * * * * * * * * * * * //

dimensions      [0 3 -1 0 0 0 0];

oriented        oriented;

internalField   nonuniform List<scalar> 
11100
(
0.000465692
0.000465691
-0.000931383
0.000601333
0.000445033
-0.000580674
0.000364289
0.000399235
-0.00016219
9.05356e-05
0.000287421
-1.36683e-05
3.93541e-10
0.000113914
-2.33788e-05
-9.05357e-05
0.000113915
-2.33787e-05
-0.000364291
0.000287425
-1.36697e-05
-0.000601336
0.000399236
-0.000162191
-0.000465693
0.000445032
-0.000580675
0.000465691
-0.000931384
0.000445033
0.000601333
-0.000580675
0.000773795
0.000773794
-0.000657524
0.000684138
0.000731698
-0.000242806
0.00036533
0.000602799
3.43103e-06
3.11202e-10
0.00025439
0.000224853
-0.000365329
0.000254391
0.000224853
-0.000684137
0.000602802
3.43111e-06
-0.000773796
0.000731698
-0.000242803
-0.000445034
0.000773795
-0.000657526
0.000601335
-0.000580677
0.000399234
0.00036429
-0.000162191
0.000731699
0.000684139
-0.00024281
0.000787602
0.000787602
-0.000111806
0.00056003
0.000674047
0.000156324
-1.35236e-09
0.000234245
0.000580176
-0.000560031
0.000234253
0.000580168
-0.000787601
0.000674054
0.000156318
-0.0007317
0.000787602
-0.000111805
-0.000399234
0.000684141
-0.000242811
0.000364292
-0.000162192
0.000287421
9.05365e-05
-1.36677e-05
0.000602799
0.000365331
3.43097e-06
0.000674046
0.000560029
0.000156326
0.000472947
0.000472951
0.000402195
1.3509e-09
0.000231956
0.000475235
-0.000472947
0.000231958
0.000475244
-0.000674049
0.000472962
0.000402193
-0.000602801
0.000560031
0.000156323
-0.000287423
0.000365331
3.4318e-06
9.05373e-05
-1.36679e-05
0.000113915
1.96635e-11
-2.33783e-05
0.000254396
-2.0229e-10
0.00022485
0.00023425
-4.21938e-09
0.000580179
0.000231956
1.9824e-09
0.000475243
7.30675e-09
1.31752e-08
0.000463891
-0.000231953
1.29638e-08
0.000463906
-0.000234261
2.08831e-09
0.000475268
-0.000254403
-4.33021e-09
0.000580177
-0.000113916
-5.68903e-10
0.000224845
-7.58742e-11
-2.33788e-05
0.000113916
-9.05369e-05
-2.3379e-05
0.000254397
-0.00036533
0.000224849
0.000234262
-0.000560033
0.000580164
0.000231957
-0.000472952
0.000475258
7.12054e-09
-0.000231951
0.000463914
-0.000231955
-0.000231953
0.000463928
-0.000234271
-0.000472964
0.000475282
-0.000254402
-0.000560035
0.000580161
-0.000113917
-0.00036533
0.000224845
-9.05377e-05
-2.33797e-05
0.000287426
-0.000364293
-1.36704e-05
0.000602805
-0.000684138
3.42972e-06
0.000674058
-0.000787601
0.000156315
0.000472967
-0.000674053
0.000402191
1.49801e-09
-0.000234264
0.000475278
-0.000472967
-0.00023427
0.000475285
-0.00067406
-0.00067406
0.000402189
-0.000602806
-0.000787601
0.000156312
-0.000287427
-0.00068414
3.43032e-06
-0.000364295
-1.36704e-05
0.000399236
-0.000601337
-0.000162191
0.000731699
-0.000773796
-0.000242805
0.000787602
-0.000731699
-0.000111805
0.000560032
-0.000602802
0.00015632
-1.41618e-09
-0.000254401
0.000580171
-0.000560033
-0.000254401
0.000580162
-0.000787601
-0.000602806
0.000156315
-0.000731699
-0.000731699
-0.000111804
-0.000399236
-0.000773797
-0.000242806
-0.000601338
-0.000162192
0.000445032
-0.000465693
-0.000580676
0.000773796
-0.000445034
-0.000657527
0.00068414
-0.000399235
-0.000242809
0.00036533
-0.000287424
3.43191e-06
-2.51884e-10
-0.000113917
0.000224845
-0.00036533
-0.000113917
0.000224846
-0.000684139
-0.000287427
3.43145e-06
-0.000773797
-0.000399236
-0.000242806
-0.000445032
-0.000445033
-0.00065753
-0.000465692
-0.000580678
0.000465691
-0.000931384
0.000601335
-0.000580677
0.000364292
-0.000162192
9.05365e-05
-1.36686e-05
2.41304e-10
-2.33803e-05
-9.05367e-05
-2.33804e-05
-0.000364294
-1.367e-05
-0.000601337
-0.000162192
-0.000465692
-0.000580678
-0.000931385
0.000373959
0.00037396
-0.0016793
0.000822781
0.000238606
-0.0012681
0.000836571
0.00015068
-0.000326659
0.000540505
8.96843e-05
0.000192713
-6.07179e-09
8.54261e-05
0.000431706
-0.000540517
8.54285e-05
0.000431703
-0.000836578
8.9688e-05
0.000192704
-0.000822783
0.00015068
-0.000326665
-0.000373958
0.000238603
-0.0012681
0.00037396
-0.0016793
0.000238608
0.000822782
-0.00126811
0.000973181
0.000973177
-0.00212667
0.000907932
0.000987106
-0.00101398
0.000475823
0.000950817
-0.000425592
3.90774e-09
0.000744695
4.14032e-05
-0.00047582
0.000744702
4.14034e-05
-0.000907925
0.000950808
-0.000425585
-0.000973178
0.000987101
-0.00101397
-0.00023861
0.00097318
-0.00212667
0.000822784
-0.00126811
0.00015068
0.000836573
-0.000326661
0.000987113
0.000907935
-0.001014
0.00097144
0.000971436
-8.04635e-05
0.000546283
0.00103751
0.000494787
-7.55465e-09
0.000580982
0.00129018
-0.000546289
0.000580987
0.00129017
-0.000971437
0.0010375
0.000494772
-0.000987112
0.00097143
-8.04597e-05
-0.00015068
0.000907939
-0.001014
0.00083658
-0.000326668
8.96849e-05
0.000540507
0.000192713
0.000950821
0.000475837
-0.000425608
0.00103751
0.000546286
0.000494784
0.000785785
0.000785785
0.00090565
-2.10756e-09
0.000536418
0.00130559
-0.000785786
0.000536421
0.00130559
-0.00103751
0.000785777
0.000905644
-0.00095082
0.000546286
0.000494776
-8.96874e-05
0.000475849
-0.00042561
0.000540513
0.000192711
8.54269e-05
-6.73542e-09
0.000431709
0.000744696
1.19498e-08
4.14053e-05
0.000580985
-8.38815e-09
0.00129018
0.00053642
-2.51602e-09
0.0013056
2.40018e-09
-4.55932e-09
0.00153673
-0.000536419
-3.8882e-09
0.00153675
-0.000580991
-2.69922e-09
0.00130562
-0.000744703
-7.86991e-09
0.00129018
-8.54303e-05
1.14613e-08
4.14095e-05
-6.31539e-09
0.000431711
8.543e-05
-0.00054052
0.000431705
0.000744709
-0.000475826
4.14085e-05
0.000580995
-0.000546292
0.00129016
0.000536427
-0.000785785
0.00130561
3.18792e-09
-0.000536427
0.00153676
-0.000536426
-0.000536429
0.00153678
-0.000581001
-0.000785777
0.00130563
-0.000744713
-0.000546293
0.00129016
-8.54328e-05
-0.000475839
4.14148e-05
-0.000540525
0.000431707
8.96896e-05
-0.000836582
0.000192701
0.00095081
-0.000907924
-0.000425593
0.0010375
-0.000971433
0.000494762
0.000785776
-0.00103751
0.000905641
-2.31545e-09
-0.000580997
0.00130563
-0.000785777
-0.000581001
0.00130563
-0.0010375
-0.0010375
0.000905636
-0.000950809
-0.000971429
0.000494756
-8.96914e-05
-0.000907933
-0.000425594
-0.000836587
0.0001927
0.000150679
-0.000822784
-0.000326668
0.000987103
-0.000973175
-0.00101398
0.000971431
-0.000987106
-8.04602e-05
0.000546286
-0.000950816
0.000494774
-7.54961e-09
-0.000744708
0.00129018
-0.000546293
-0.000744713
0.00129016
-0.000971429
-0.000950809
0.000494759
-0.000987102
-0.000987102
-8.04582e-05
-0.000150679
-0.000973181
-0.00101398
-0.000822786
-0.000326673
0.000238604
-0.000373958
-0.00126811
0.000973184
-0.000238608
-0.00212667
0.00090794
-0.00015068
-0.00101399
0.000475843
-8.96882e-05
-0.0004256
1.95252e-09
-8.54315e-05
4.14105e-05
-0.000475843
-8.54333e-05
4.14122e-05
-0.000907936
-8.96914e-05
-0.000425593
-0.000973184
-0.000150679
-0.00101398
-0.000238604
-0.000238605
-0.00212669
-0.000373957
-0.00126811
0.000373959
-0.0016793
0.000822784
-0.00126811
0.00083658
-0.000326667
0.000540513
0.00019271
-5.86195e-09
0.000431707
-0.000540524
0.000431704
-0.000836587
0.000192702
-0.000822786
-0.000326672
-0.000373957
-0.00126811
-0.0016793
0.00051422
0.000514219
-0.00270774
0.000975499
0.000405576
-0.00213496
0.000786084
0.000182461
-0.000319705
0.000649427
6.60592e-05
0.00026331
1.99686e-10
-1.21217e-05
0.00109325
-0.000649421
-1.21168e-05
0.00109324
-0.000786073
6.6057e-05
0.000263298
-0.000975493
0.000182461
-0.000319706
-0.000514219
0.000405576
-0.00213495
0.000514218
-0.00270774
0.000405577
0.000975501
-0.00213496
0.000746094
0.000746133
-0.00280774
0.000559194
0.000892105
-0.00153673
0.000259177
0.0011943
-0.00125382
2.31573e-08
0.000544156
-0.00025572
-0.000259157
0.000544173
-0.000255707
-0.000559174
0.00119431
-0.00125382
-0.000746073
0.000892105
-0.00153671
-0.000405577
0.000746167
-0.00280776
0.0009755
-0.00213497
0.000182462
0.00078609
-0.000319713
0.000892117
0.000559231
-0.00153675
0.000667633
0.000667622
0.000368503
0.000414762
0.00102674
0.00091522
-6.81955e-09
0.000515077
0.00173403
-0.000414768
0.000515089
0.00173401
-0.000667632
0.00102675
0.000915203
-0.000892117
0.000667627
0.000368503
-0.000182463
0.000559261
-0.00153675
0.000786092
-0.000319723
6.60615e-05
0.00064943
0.000263312
0.0011943
0.000259208
-0.00125383
0.00102674
0.000414768
0.000915202
0.000773299
0.0007733
0.00141253
-2.19309e-09
0.000570531
0.00202343
-0.000773297
0.00057054
0.00202344
-0.00102673
0.000773299
0.00141253
-0.0011943
0.000414774
0.000915198
-6.60634e-05
0.000259226
-0.00125381
0.000649431
0.000263309
-1.21172e-05
2.22415e-10
0.00109326
0.000544163
4.1699e-08
-0.000255708
0.00051508
-5.10013e-09
0.00173404
0.000570531
-7.93231e-10
0.00202344
-1.46189e-09
-1.56139e-08
0.00267781
-0.000570533
-1.14846e-08
0.00267783
-0.000515083
-4.83975e-10
0.00202347
-0.000544167
-5.55712e-09
0.00173405
1.21175e-05
3.79639e-08
-0.000255686
4.7076e-10
0.00109326
-1.211e-05
-0.000649421
0.00109324
0.000544188
-0.000259164
-0.000255683
0.0005151
-0.000414769
0.00173401
0.000570553
-0.000773295
0.00202345
2.89209e-09
-0.000570547
0.00267784
-0.000570549
-0.000570551
0.00267787
-0.0005151
-0.000773294
0.00202348
-0.000544187
-0.000414777
0.00173402
1.21118e-05
-0.000259182
-0.000255664
-0.000649422
0.00109324
6.60574e-05
-0.000786073
0.000263296
0.00119432
-0.000559189
-0.00125383
0.00102675
-0.000667624
0.000915185
0.000773302
-0.00102673
0.00141252
-1.84307e-09
-0.000515087
0.00202347
-0.000773299
-0.000515096
0.00202348
-0.00102674
-0.00102673
0.00141252
-0.00119432
-0.000667633
0.000915186
-6.60593e-05
-0.000559218
-0.00125381
-0.000786075
0.000263294
0.000182462
-0.000975493
-0.00031971
0.000892114
-0.000746089
-0.00153673
0.000667638
-0.000892106
0.000368499
0.000414774
-0.0011943
0.000915208
-7.75994e-09
-0.000544159
0.00173403
-0.00041478
-0.000544175
0.00173401
-0.000667638
-0.00119431
0.000915192
-0.000892114
-0.00089211
0.000368495
-0.000182462
-0.00074612
-0.00153673
-0.000975493
-0.000319717
0.000405575
-0.000514218
-0.00213496
0.000746154
-0.000405575
-0.00280777
0.000559243
-0.000182462
-0.00153672
0.000259201
-6.6062e-05
-0.00125379
1.65293e-08
1.21263e-05
-0.00025569
-0.000259187
1.21208e-05
-0.00025568
-0.000559229
-6.606e-05
-0.0012538
-0.000746137
-0.000182462
-0.00153672
-0.000405572
-0.000405571
-0.0028078
-0.000514217
-0.00213496
0.000514218
-0.00270774
0.000975498
-0.00213497
0.000786087
-0.000319718
0.000649428
0.000263308
1.30754e-11
0.00109326
-0.000649423
0.00109325
-0.000786077
0.000263296
-0.000975494
-0.000319717
-0.000514217
-0.00213496
-0.00270773
0.000299186
0.000299182
-0.00330611
0.000784439
0.000139813
-0.00276002
0.000684281
0.000165781
-0.000385329
0.000669162
-7.14041e-05
0.000349834
-1.0953e-09
6.74248e-06
0.00175568
-0.000669159
6.7681e-06
0.00175563
-0.00068427
-7.14166e-05
0.000349826
-0.000784432
0.000165773
-0.000385317
-0.000299189
0.000139839
-0.00276003
0.000299179
-0.00330611
0.000139775
0.000784451
-0.00276001
0.000200822
0.000200945
-0.00292992
7.8386e-05
0.000550393
-0.0017989
2.55366e-05
0.000714855
-0.00198723
-3.64734e-08
0.000170865
-0.000394269
-2.55439e-05
0.000170886
-0.000394317
-7.83293e-05
0.000714839
-0.00198729
-0.000200758
0.000550406
-0.00179892
-0.000139755
0.000201031
-0.00292995
0.000784458
-0.00276
0.00016579
0.000684297
-0.000385349
0.000550407
7.84644e-05
-0.00179889
0.000392435
0.000392421
0.000684448
0.000301044
0.000766686
0.000954781
-4.20651e-09
0.000256535
0.00194941
-0.000301047
0.000256544
0.00194939
-0.000392443
0.000766689
0.00095475
-0.000550413
0.00039244
0.00068444
-0.000165797
7.85141e-05
-0.00179885
0.000684307
-0.000385369
-7.13842e-05
0.000669167
0.000349826
0.000714894
2.55333e-05
-0.00198717
0.000766697
0.000301053
0.000954767
0.000655507
0.000655513
0.0016349
3.03303e-09
0.000471281
0.00246419
-0.000655497
0.00047129
0.00246419
-0.000766694
0.000655519
0.00163489
-0.000714919
0.00030107
0.000954794
7.13647e-05
2.55396e-05
-0.00198712
0.000669171
0.000349809
6.73101e-06
-1.03469e-09
0.00175569
0.000170857
-5.94985e-08
-0.000394241
0.000256534
-2.83674e-09
0.00194942
0.00047128
8.40862e-09
0.0024642
1.76357e-10
-1.04314e-08
0.00362038
-0.000471278
-4.83513e-09
0.00362041
-0.000256531
9.61483e-09
0.00246423
-0.000170853
-3.23385e-09
0.00194944
-6.7323e-06
-5.3616e-08
-0.000394214
-8.84543e-10
0.0017557
6.77099e-06
-0.000669161
0.00175562
0.000170886
-2.55389e-05
-0.000394319
0.000256549
-0.000301052
0.0019494
0.000471301
-0.000655495
0.0024642
6.1519e-09
-0.000471289
0.00362041
-0.000471292
-0.000471292
0.00362046
-0.000256543
-0.0006555
0.00246424
-0.000170878
-0.000301069
0.00194942
-6.76746e-06
-2.5536e-05
-0.000394293
-0.000669164
0.00175564
-7.14113e-05
-0.000684277
0.000349823
0.000714856
-7.83541e-05
-0.00198728
0.000766698
-0.00039244
0.00095473
0.000655522
-0.000766683
0.00163489
4.38129e-09
-0.000256531
0.00246423
-0.000655511
-0.000256538
0.00246424
-0.000766694
-0.000766689
0.00163489
-0.000714877
-0.00039246
0.00095476
7.13941e-05
-7.83967e-05
-0.00198722
-0.000684286
0.00034981
0.000165774
-0.000784437
-0.000385323
0.00055042
-0.00020081
-0.00179892
0.000392456
-0.000550408
0.000684431
0.00030107
-0.000714898
0.00095481
-4.50989e-09
-0.000170854
0.00194943
-0.000301071
-0.000170872
0.00194941
-0.000392461
-0.000714885
0.000954778
-0.000550422
-0.000550421
0.000684417
-0.000165779
-0.000200875
-0.0017989
-0.000784445
-0.000385337
0.000139821
-0.000299187
-0.00276003
0.000200977
-0.000139771
-0.00292996
7.84737e-05
-0.000165792
-0.00179884
2.55379e-05
7.1374e-05
-0.00198713
-3.25087e-08
-6.73914e-06
-0.000394235
-2.55397e-05
-6.76146e-06
-0.000394284
-7.84197e-05
7.13856e-05
-0.00198719
-0.000200909
-0.000165782
-0.00179887
-0.000139799
-0.000139789
-0.00293
-0.000299186
-0.00276002
0.000299182
-0.00330611
0.000784453
-0.00276001
0.000684299
-0.000385356
0.000669168
0.000349813
-2.15609e-09
0.00175569
-0.000669166
0.00175565
-0.000684289
0.000349804
-0.000784448
-0.00038534
-0.000299185
-0.00276001
-0.0033061
9.73811e-05
9.73828e-05
-0.00350087
0.000498148
-0.000183629
-0.00297716
0.000511884
0.000330539
-0.000729603
0.000683363
0.00034372
-0.000165366
1.12494e-08
0.000507217
0.00193181
-0.000683346
0.00050728
0.00193171
-0.000511868
0.000343712
-0.000165364
-0.000498135
0.000330513
-0.000729564
-9.73803e-05
-0.00018359
-0.0029772
9.73837e-05
-0.00350087
-0.000183688
0.000498177
-0.00297711
-0.000243679
-0.000243537
-0.00281002
-0.000190665
0.000325607
-0.00184699
6.06507e-06
0.000350785
-0.00219102
-2.62722e-10
0.000113289
5.72397e-06
-6.02906e-06
0.000113334
5.65733e-06
0.000190711
0.000350756
-0.00219108
0.000243756
0.000325576
-0.00184703
0.000183716
-0.000243451
-0.00281005
0.000498194
-0.0029771
0.000330558
0.000511913
-0.000729643
0.000325688
-0.000190622
-0.00184694
0.000251706
0.000251636
0.000832401
0.000287147
0.00042514
0.000844984
-3.91724e-09
6.90536e-05
0.00228079
-0.000287152
6.90753e-05
0.0022808
-0.00025176
0.000425144
0.00084497
-0.00032575
0.000251617
0.000832389
-0.000330574
-0.000190611
-0.00184686
0.00051193
-0.000729679
0.000343733
0.000683375
-0.000165369
0.000350837
6.08114e-06
-0.00219098
0.000425151
0.000287154
0.000844934
0.000524533
0.000524546
0.00143611
4.72803e-09
0.000381777
0.002676
-0.000524521
0.000381785
0.00267601
-0.000425161
0.000524556
0.00143612
-0.000350876
0.00028717
0.000844956
-0.000343754
6.09044e-06
-0.00219095
0.000683381
-0.000165396
0.000507158
1.92045e-08
0.00193189
0.000113244
1.62437e-09
5.75309e-06
6.90371e-05
-7.29321e-09
0.00228079
0.000381772
1.25719e-08
0.002676
6.23897e-09
3.42031e-09
0.00438392
-0.000381766
8.48861e-09
0.00438396
-6.90274e-05
1.43731e-08
0.00267604
-0.000113235
-6.91788e-09
0.00228082
-0.000507155
1.61725e-09
5.79503e-06
1.74016e-08
0.00193191
0.000507252
-0.000683347
0.00193174
0.000113312
-6.01525e-06
5.63832e-06
6.90737e-05
-0.000287165
0.0022808
0.00038179
-0.000524522
0.00267602
1.17761e-08
-0.000381773
0.00438397
-0.000381777
-0.000381775
0.00438403
-6.906e-05
-0.000524532
0.00267607
-0.000113294
-0.00028718
0.00228083
-0.000507236
-6.02507e-06
5.67644e-06
-0.000683355
0.00193177
0.000343706
-0.000511882
-0.000165348
0.000350778
0.000190702
-0.00219107
0.000425154
-0.000251747
0.000844936
0.000524557
-0.000425159
0.00143612
6.52816e-09
-6.90324e-05
0.00267604
-0.000524544
-6.90507e-05
0.00267606
-0.00042516
-0.000425164
0.00143614
-0.000350811
-0.000251731
0.000844962
-0.000343717
0.000190688
-0.00219103
-0.000511894
-0.000165368
0.000330513
-0.000498148
-0.000729569
0.000325614
0.000243691
-0.00184701
0.000251648
-0.000325729
0.000832379
0.000287173
-0.000350862
0.000844988
-2.85103e-09
-0.000113258
0.00228083
-0.000287176
-0.000113295
0.00228083
-0.000251695
-0.000350834
0.000844967
-0.000325665
-0.000325699
0.000832355
-0.000330524
0.000243621
-0.00184697
-0.000498161
-0.000729595
-0.000183613
-9.73811e-05
-0.00297718
-0.000243514
0.000183685
-0.00281005
-0.00019064
-0.000330564
-0.00184688
6.07942e-06
-0.000343751
-0.00219096
-1.04691e-09
-0.000507195
5.78211e-06
-6.04557e-06
-0.000507245
5.7109e-06
0.000190679
-0.000343737
-0.00219101
0.000243587
-0.000330537
-0.00184694
0.000183636
0.000183648
-0.00281007
-9.73819e-05
-0.00297716
9.73831e-05
-0.00350087
0.000498182
-0.00297712
0.000511916
-0.000729654
0.000683374
-0.000165395
8.48371e-09
0.00193186
-0.00068336
0.00193177
-0.000511898
-0.000165395
-0.000498166
-0.000729609
-9.73823e-05
-0.00297715
-0.00350087
5.36375e-05
5.36376e-05
-0.00360815
0.000444988
-0.000340141
-0.00302837
0.000275918
0.00053833
-0.00109886
0.000281882
0.000922236
-0.00109356
4.07647e-08
0.000711546
0.0015021
-0.000281834
0.000711542
0.00150204
-0.000275894
0.000922218
-0.00109352
-0.000444971
0.000538327
-0.00109881
-5.36378e-05
-0.000340122
-0.00302841
5.36378e-05
-0.00360815
-0.000340168
0.00044502
-0.00302833
-0.000454235
-0.000454166
-0.00258193
-0.00038362
0.000295221
-0.00167449
-0.000267409
0.000263303
-0.0016483
6.3705e-09
-0.000214032
0.000663886
0.000267419
-0.000214027
0.000663813
0.000383637
0.000263268
-0.00164835
0.000454265
0.000295151
-0.00167448
0.000340179
-0.00045413
-0.00258196
0.000445039
-0.00302832
0.000538319
0.000275963
-0.0010989
0.000295339
-0.000383604
-0.00167452
0.000289717
0.000289589
0.000843655
0.000405196
0.00022121
0.000771598
-1.26445e-08
-1.7861e-05
0.00248983
-0.000405216
-1.78449e-05
0.00248982
-0.000289818
0.000221211
0.000771629
-0.00029544
0.000289501
0.000843661
-0.000538314
-0.000383622
-0.0016745
0.000275992
-0.00109895
0.000922226
0.00028194
-0.00109357
0.000263383
-0.000267411
-0.00164833
0.000221234
0.000405171
0.000771501
0.000380325
0.000380342
0.00111788
6.50215e-09
0.000274121
0.00276433
-0.000380315
0.000274128
0.00276436
-0.000221271
0.000380356
0.00111793
-0.000263453
0.000405155
0.000771484
-0.000922219
-0.000267436
-0.00164837
0.000281975
-0.0010936
0.000711569
6.66941e-08
0.0015022
-0.000214007
4.99072e-09
0.000663913
-1.78677e-05
-2.59593e-08
0.00248985
0.00027411
1.98427e-08
0.00276435
2.54828e-08
3.92933e-08
0.00493209
-0.000274091
4.08231e-08
0.00493216
1.78693e-05
2.11445e-08
0.00276441
0.000213976
-2.62875e-08
0.0024899
-0.000711608
1.64219e-09
0.000663941
6.01368e-08
0.00150221
0.000711563
-0.000281862
0.0015021
-0.000213997
0.000267419
0.000663784
-1.78407e-05
-0.000405211
0.00248983
0.000274128
-0.000380317
0.00276439
2.74922e-08
-0.000274094
0.0049322
-0.000274104
-0.000274097
0.0049323
1.78469e-05
-0.000380327
0.00276446
0.000213968
-0.0004052
0.00248988
-0.000711602
0.000267436
0.000663812
-0.000281905
0.00150214
0.000922197
-0.000275916
-0.00109349
0.000263314
0.00038363
-0.0016484
0.00022123
-0.000289788
0.000771598
0.000380354
-0.000221284
0.00111796
7.65231e-09
1.78634e-05
0.00276443
-0.000380342
1.78516e-05
0.00276446
-0.000221255
-0.000221277
0.001118
-0.000263368
-0.00028971
0.000771585
-0.000922175
0.000383639
-0.00164843
-0.000275939
-0.00109351
0.000538316
-0.000444985
-0.00109882
0.000295194
0.000454227
-0.00167448
0.000289538
-0.00029542
0.000843667
0.000405162
-0.000263457
0.000771537
-1.14809e-08
0.000213956
0.00248991
-0.000405183
0.000213952
0.0024899
-0.000289635
-0.000263414
0.000771556
-0.000295282
-0.00029535
0.000843642
-0.000538309
0.00045419
-0.00167449
-0.000444997
-0.00109885
-0.000340127
-5.36381e-05
-0.0030284
-0.000454155
0.000340159
-0.00258196
-0.000383643
-0.000538325
-0.00167448
-0.000267459
-0.000922216
-0.00164839
4.66126e-09
-0.000711638
0.000663913
0.000267464
-0.000711635
0.000663838
0.00038365
-0.000922182
-0.00164843
0.000454176
-0.000538321
-0.0016745
0.000340128
0.000340133
-0.00258197
-5.36385e-05
-0.00302839
5.3638e-05
-0.00360815
0.000445023
-0.00302835
0.000275964
-0.00109892
0.000281936
-0.00109358
3.34609e-08
0.00150213
-0.000281897
0.00150207
-0.000275936
-0.00109354
-0.000445003
-0.00109886
-5.36384e-05
-0.00302838
-0.00360814
1.54136e-05
1.5415e-05
-0.00363898
0.000409057
-0.000371197
-0.00305082
0.000128332
0.000413465
-0.0012316
-0.000260984
0.000362637
-0.00106689
2.48907e-08
0.00046103
0.000780065
0.000260988
0.000460999
0.00078008
-0.000128342
0.000362661
-0.00106685
-0.000409042
0.000413473
-0.00123159
-1.54137e-05
-0.000371181
-0.00305086
1.54161e-05
-0.00363898
-0.000371223
0.000409091
-0.00305078
-0.0005397
-0.000539654
-0.002245
-0.000583592
0.000214971
-0.00143211
-0.000503667
-0.000215493
-0.0011501
-7.68071e-09
-0.000468631
0.00108989
0.000503639
-0.000468598
0.00108976
0.000583574
-0.000215468
-0.00115015
0.000539713
0.000214874
-0.00143202
0.000371236
-0.000539636
-0.00224503
0.000409113
-0.00305078
0.000413449
0.000128366
-0.00123163
0.000215106
-0.000583602
-0.00143223
0.000288589
0.000288447
0.000696696
0.000415974
-0.000151468
0.000580188
-2.47782e-08
-9.27584e-05
0.00252996
-0.000416013
-9.27055e-05
0.00252992
-0.000288732
-0.000151391
0.000580271
-0.000215231
0.000288346
0.000696688
-0.000413431
-0.00058365
-0.00143229
0.000128404
-0.00123167
0.000362666
-0.000260934
-0.00106694
-0.000215439
-0.000503706
-0.00115012
-0.000151508
0.000415945
0.000580072
3.61653e-05
3.62154e-05
0.000742528
1.90976e-08
8.55261e-05
0.00262219
-3.61517e-05
8.55497e-05
0.00262227
0.000151469
3.62658e-05
0.000742654
0.000215364
0.000415938
0.000579997
-0.000362691
-0.000503773
-0.00115019
-0.000260886
-0.001067
0.000461113
4.24089e-08
0.000780105
-0.00046861
-1.36738e-08
0.00108994
-9.27942e-05
-4.3433e-08
0.00253002
8.5467e-05
5.23777e-08
0.00262225
6.35958e-08
1.12911e-07
0.0051029
-8.54004e-05
1.06173e-07
0.00510307
9.28036e-05
4.80727e-08
0.00262242
0.000468585
-4.49273e-08
0.0025301
-0.000461172
-1.68084e-08
0.00108994
4.27328e-08
0.000780114
0.000461073
0.000260948
0.000780125
-0.000468543
0.000503658
0.00108973
-9.26945e-05
-0.000416016
0.00252995
8.5531e-05
-3.61709e-05
0.00262239
5.75075e-08
-8.54057e-05
0.00510319
-8.5467e-05
-8.54325e-05
0.00510336
9.27117e-05
-3.62139e-05
0.00262255
0.00046852
-0.000416009
0.00253003
-0.000461142
0.000503716
0.00108974
0.00026091
0.000780126
0.00036271
-0.000128369
-0.00106688
-0.000215388
0.00058357
-0.00115021
-0.000151354
-0.000288713
0.00058026
3.6274e-05
0.000151397
0.000742767
1.4731e-08
9.27765e-05
0.00262251
-3.62562e-05
9.27318e-05
0.00262257
0.000151336
0.000151344
0.000742854
0.000215339
-0.000288616
0.000580188
-0.000362723
0.000583607
-0.00115026
-0.000128392
-0.00106693
0.000413474
-0.000409059
-0.0012316
0.000214932
0.00053968
-0.00143205
0.000288411
-0.000215212
0.000696687
0.000415962
0.000215311
0.000580072
-2.40364e-08
0.000468556
0.00253012
-0.000415997
0.000468525
0.00253008
-0.000288544
0.000215307
0.00058014
-0.000215047
-0.000215119
0.000696649
-0.000413465
0.000539657
-0.00143213
-0.000409077
-0.00123163
-0.000371187
-1.54147e-05
-0.00305086
-0.000539644
0.000371217
-0.00224504
-0.00058365
-0.000413453
-0.00143224
-0.000503786
-0.000362708
-0.00115023
-9.57146e-09
-0.000461171
0.00108986
0.000503752
-0.00046115
0.00108975
0.00058362
-0.000362721
-0.00115027
0.000539645
-0.00041347
-0.00143217
0.000371191
0.000371197
-0.00224505
-1.54158e-05
-0.00305086
1.54158e-05
-0.00363898
0.000409097
-0.00305081
0.000128382
-0.00123166
-0.000260917
-0.00106699
2.36958e-08
0.000780016
0.000260926
0.000780017
-0.000128386
-0.00106695
-0.000409083
-0.00123164
-1.54159e-05
-0.00305085
-0.00363898
-1.36515e-05
-1.36442e-05
-0.00361168
0.000385447
-0.000411032
-0.00303888
7.52942e-05
0.000259303
-0.00118075
-0.000362354
5.5036e-05
-0.000684273
1.74801e-08
5.55711e-06
0.000412136
0.000362342
5.58628e-06
0.00041217
-7.53156e-05
5.50737e-05
-0.000684271
-0.000385431
0.000259296
-0.00118077
1.36537e-05
-0.000411029
-0.00303891
-1.36396e-05
-0.00361168
-0.000411051
0.000385488
-0.00303886
-0.000625255
-0.000625196
-0.00181663
-0.000709541
8.14337e-05
-0.00116995
-0.000616277
-0.000607195
-0.000581131
3.9975e-09
-0.000662422
0.00114159
0.000616262
-0.000662335
0.00114143
0.000709537
-0.000607159
-0.000581193
0.000625286
8.13666e-05
-0.00116984
0.000411061
-0.00062518
-0.00181665
0.000385511
-0.00303887
0.000259313
7.53157e-05
-0.00118077
8.15293e-05
-0.000709529
-0.00117011
-2.91012e-06
-3.00347e-06
0.000865572
0.000118495
-0.000734896
0.000586484
-2.69684e-08
-0.000371698
0.00235775
-0.000118555
-0.000371578
0.00235769
2.79085e-06
-0.000734771
0.000586538
-8.16102e-05
-3.05975e-06
0.000865515
-0.000259303
-0.000709564
-0.00117021
7.53522e-05
-0.00118081
5.50478e-05
-0.000362349
-0.00068432
-0.000607189
-0.000616284
-0.000581131
-0.000734986
0.000118476
0.00058639
-0.000552633
-0.000552519
0.000377798
5.00719e-08
-0.000263245
0.00196106
0.000552664
-0.00026315
0.00196123
0.000734963
-0.000552422
0.000378005
0.000607155
0.000118472
0.000586274
-5.50687e-05
-0.000616357
-0.000581174
-0.000362314
-0.000684401
5.61352e-06
3.16414e-08
0.000412111
-0.000662442
1.41379e-08
0.0011417
-0.000371774
-3.7116e-08
0.00235786
-0.000263403
1.23502e-07
0.00196123
9.92233e-08
2.00023e-07
0.00457596
0.000263513
1.84088e-07
0.00457632
0.000371773
1.16479e-07
0.00196163
0.000662426
-3.82784e-08
0.00235796
-5.65453e-06
7.92043e-09
0.00114166
3.39116e-08
0.000412111
5.67065e-06
0.000362339
0.000412147
-0.000662275
0.000616265
0.00114142
-0.00037154
-0.000118576
0.00235775
-0.000263188
0.000552621
0.00196154
8.38502e-08
0.000263476
0.00457665
0.00026329
0.000263372
0.00457697
0.000371555
0.000552536
0.00196186
0.000662268
-0.000118563
0.00235785
-5.71028e-06
0.000616325
0.0011414
0.000362321
0.000412129
5.51141e-05
-7.53362e-05
-0.000684323
-0.000607111
0.000709516
-0.000581239
-0.000734739
2.78783e-06
0.000586525
-0.000552428
0.000734858
0.000378219
4.32867e-08
0.000371705
0.00196181
0.000552469
0.0003716
0.00196192
0.000734742
0.000734765
0.000378352
0.000607095
2.85128e-06
0.00058642
-5.51204e-05
0.000709537
-0.000581253
-7.5358e-05
-0.000684371
0.00025931
-0.000385451
-0.0011808
8.1417e-05
0.000625253
-0.0011699
-2.98658e-06
-8.15867e-05
0.000865465
0.000118504
0.000607096
0.000586343
-2.56017e-08
0.000662379
0.00235797
-0.000118553
0.000662302
0.00235791
2.88378e-06
0.000607077
0.00058639
-8.14927e-05
-8.15244e-05
0.000865401
-0.000259316
0.000625227
-0.00116999
-0.000385473
-0.00118083
-0.000411035
1.36499e-05
-0.00303893
-0.000625194
0.000411049
-0.00181667
-0.000709551
-0.00025931
-0.00117016
-0.000616368
-5.50968e-05
-0.000581221
-1.00057e-09
-5.63953e-06
0.00114151
0.000616344
-5.66581e-06
0.00114137
0.000709532
-5.51244e-05
-0.000581256
0.000625209
-0.00025932
-0.00117005
0.000411039
0.000411044
-0.0018167
1.3646e-05
-0.00303894
-1.36424e-05
-0.00361168
0.000385491
-0.0030389
7.53442e-05
-0.00118082
-0.000362305
-0.000684441
1.75999e-08
0.000412054
0.000362303
0.000412065
-7.53602e-05
-0.000684408
-0.00038548
-0.00118084
1.36448e-05
-0.00303893
-0.00361169
-1.2994e-05
-1.29896e-05
-0.0035857
0.000385964
-0.00046787
-0.00296997
9.28144e-05
0.000217049
-0.00110465
-0.000287844
-2.48726e-05
-0.000278742
6.07558e-09
-0.000193915
0.000318201
0.000287832
-0.000193885
0.000318228
-9.28188e-05
-2.49154e-05
-0.000278705
-0.000385947
0.000217018
-0.00110466
1.29948e-05
-0.000467874
-0.00296998
-1.29865e-05
-0.0035857
-0.00046789
0.000386
-0.00296996
-0.000677053
-0.000676998
-0.00139834
-0.000845111
-1.41675e-05
-0.000770675
-0.000789732
-0.000704995
4.36132e-05
-1.15458e-08
-0.000787143
0.000945093
0.000789702
-0.000787073
0.000944901
0.00084511
-0.000705101
4.35838e-05
0.000677096
-1.43134e-05
-0.000770493
0.000467909
-0.000676995
-0.00139834
0.000386017
-0.00296997
0.000217079
9.28356e-05
-0.00110468
-1.40199e-05
-0.000845115
-0.000770894
-0.000312127
-0.000312199
0.00146171
-0.000367276
-0.00104321
0.000979847
-2.27416e-08
-0.00075643
0.00195979
0.000367243
-0.000756354
0.00195971
0.000312093
-0.00104324
0.000979831
1.39598e-05
-0.00031231
0.00146164
-0.000217068
-0.000845159
-0.000771018
9.28754e-05
-0.00110474
-2.48442e-05
-0.000287844
-0.000278797
-0.000704932
-0.000789753
4.35947e-05
-0.00104319
-0.000367312
0.000979764
-0.00095981
-0.00095981
0.000211015
2.9059e-08
-0.000654625
0.000899414
0.000959827
-0.000654591
0.000899667
0.00104322
-0.000959815
0.000211188
0.000704961
-0.000367402
0.000979619
2.48495e-05
-0.000789807
4.3586e-05
-0.000287796
-0.00027888
-0.000193913
1.16546e-08
0.000318169
-0.000787176
-1.62858e-08
0.000945227
-0.000756485
-3.27316e-08
0.00195989
-0.000654738
6.49745e-08
0.000899613
9.51306e-08
1.82057e-07
0.00326632
0.000654835
1.64904e-07
0.00326682
0.0007565
6.30141e-08
0.000900083
0.000787171
-3.16507e-08
0.00195992
0.000193887
-1.6798e-08
0.000945151
1.66881e-08
0.000318186
-0.000193857
0.000287831
0.000318185
-0.000787047
0.000789695
0.000944902
-0.000756357
0.000367261
0.00195977
-0.000654658
0.000959849
0.000900054
7.83261e-08
0.000654812
0.00326728
0.00065475
0.000654773
0.00326769
0.000756391
0.000959864
0.000900421
0.000787052
0.000367356
0.0019598
0.000193837
0.00078974
0.00094486
0.000287801
0.000318182
-2.49298e-05
-9.28295e-05
-0.000278733
-0.000705141
0.000845105
4.35624e-05
-0.0010433
0.000312138
0.000979809
-0.00095986
0.00104324
0.00021138
2.7687e-08
0.000756471
0.000900261
0.000959884
0.000756413
0.00090042
0.00104333
0.00104329
0.00021148
0.000705159
0.000312245
0.000979701
2.49321e-05
0.000845128
4.3586e-05
-9.28575e-05
-0.000278781
0.000217029
-0.000385962
-0.00110469
-1.42714e-05
0.000677075
-0.000770567
-0.000312318
1.40595e-05
0.00146159
-0.000367441
0.000705051
0.000979659
-1.971e-08
0.00078715
0.00195987
0.000367414
0.00078709
0.00195979
0.000312284
0.000705144
0.000979666
1.42036e-05
1.41838e-05
0.00146154
-0.000217039
0.000677058
-0.000770678
-0.000385978
-0.00110475
-0.000467886
1.29923e-05
-0.00296999
-0.000677016
0.000467904
-0.00139837
-0.000845145
-0.000217048
-0.000770921
-0.000789798
2.48902e-05
4.35935e-05
-1.11189e-08
0.000193887
0.00094499
0.000789762
0.000193863
0.000944829
0.000845126
2.49282e-05
4.3596e-05
0.000677041
-0.000217039
-0.000770744
0.0004679
0.000467906
-0.00139841
1.299e-05
-0.00297001
-1.29885e-05
-0.0035857
0.000385997
-0.00296998
9.28729e-05
-0.00110475
-0.000287777
-0.0002789
9.30732e-09
0.000318154
0.000287778
0.000318159
-9.2874e-05
-0.000278827
-0.000385985
-0.00110476
1.299e-05
-0.00297
-0.00358571
-1.69054e-05
-1.69029e-05
-0.00355189
0.000388625
-0.000492878
-0.00288262
0.000151821
0.000202589
-0.00107044
-0.000205785
-8.91754e-05
0.000168039
-1.14421e-08
-0.000226041
0.000338468
0.000205758
-0.000226051
0.000338509
-0.000151812
-8.92482e-05
0.000168114
-0.0003886
0.000202548
-0.00107042
1.69047e-05
-0.000492878
-0.00288261
-1.6902e-05
-0.00355189
-0.000492905
0.000388658
-0.00288262
-0.000685746
-0.000685702
-0.00101267
-0.000855535
-6.78017e-05
-0.000330495
-0.000731817
-0.000625176
0.000455896
-4.20725e-08
-0.000689259
0.000676537
0.00073174
-0.000689274
0.000676342
0.00085552
-0.000625321
0.000455878
0.000685797
-6.79183e-05
-0.000330303
0.000492937
-0.000685701
-0.00101266
0.000388669
-0.0028826
0.000202614
0.000151847
-0.00107049
-6.77204e-05
-0.000855563
-0.000330699
-0.000464148
-0.000464217
0.00225455
-0.000681839
-0.000951654
0.00152402
-3.47362e-08
-0.000719631
0.00130836
0.000681817
-0.000719712
0.00130829
0.000464157
-0.000951771
0.00152394
6.7733e-05
-0.000464343
0.00225449
-0.000202592
-0.000855598
-0.000330796
0.000151878
-0.00107054
-8.91438e-05
-0.000205783
0.000167977
-0.000625114
-0.000731878
0.000455881
-0.000951599
-0.000681882
0.00152391
-0.000895205
-0.000895296
9.82623e-05
6.51235e-09
-0.000660515
-5.49134e-05
0.000895226
-0.000660636
-5.46289e-05
0.000951661
-0.000895423
9.84056e-05
0.000625195
-0.000681974
0.00152372
8.91755e-05
-0.000731901
0.000455908
-0.000205736
0.000167909
-0.000226058
-1.55594e-08
0.000338459
-0.000689303
-6.71305e-08
0.000676661
-0.000719651
-6.13096e-08
0.00130842
-0.000660476
-7.64589e-09
-5.48499e-05
1.13456e-08
-2.50384e-09
0.00194532
0.000660547
-4.65441e-09
0.00194566
0.000719769
-1.35015e-08
-5.45489e-05
0.000689361
-5.25236e-08
0.0013084
0.000226058
-5.9667e-08
0.000676612
-6.43037e-09
0.000338514
-0.000226074
0.000205749
0.000338493
-0.000689342
0.000731741
0.000676363
-0.000719834
0.000681838
0.00130836
-0.000660726
0.000895306
-5.43669e-05
8.79542e-09
0.000660602
0.00194594
0.000660789
0.000660715
0.00194619
0.000719942
0.000895425
-5.41701e-05
0.000689396
0.000681936
0.00130835
0.000226076
0.000731762
0.000676358
0.000205723
0.000338529
-8.92807e-05
-0.000151819
0.000168115
-0.000625398
0.000855526
0.000455894
-0.000951864
0.000464224
0.00152389
-0.000895456
0.000951757
9.85205e-05
-2.58607e-09
0.000719834
-5.44248e-05
0.000895462
0.000719908
-5.42385e-05
0.000951914
0.000951868
9.85854e-05
0.00062546
0.000464336
0.00152376
8.93055e-05
0.00085554
0.000455962
-0.000151836
0.000168084
0.000202549
-0.000388609
-0.00107045
-6.79225e-05
0.000685789
-0.000330359
-0.000464373
6.78182e-05
0.00225445
-0.000682015
0.000625327
0.00152373
-2.58687e-08
0.000689408
0.00130831
0.000681997
0.000689422
0.00130826
0.00046437
0.000625454
0.00152371
6.79167e-05
6.79085e-05
0.00225442
-0.000202549
0.000685775
-0.000330447
-0.000388618
-0.00107051
-0.000492894
1.69023e-05
-0.00288261
-0.00068572
0.000492935
-0.00101269
-0.000855568
-0.000202563
-0.000330692
-0.000731854
8.92407e-05
0.000455967
-3.37215e-08
0.00022609
0.000676488
0.00073178
0.000226103
0.000676334
0.000855535
8.93055e-05
0.000455989
0.000685756
-0.000202544
-0.000330513
0.000492922
0.000492933
-0.00101273
1.69003e-05
-0.00288261
-1.69041e-05
-0.0035519
0.00038865
-0.0028826
0.00015187
-0.00107053
-0.000205717
0.000167927
-3.28016e-09
0.000338531
0.000205706
0.000338553
-0.000151856
0.00016804
-0.000388628
-0.00107054
1.69024e-05
-0.0028826
-0.0035519
-3.37931e-05
-3.37916e-05
-0.0034843
0.000287641
-0.00047803
-0.00272603
0.000205125
0.000152556
-0.00114048
-6.58278e-05
-3.19352e-05
0.000470928
-1.31207e-08
-0.000193545
0.000466199
6.58103e-05
-0.000193544
0.00046623
-0.00020509
-3.20278e-05
0.000471042
-0.000287595
0.00015251
-0.00114042
3.3798e-05
-0.000478027
-0.00272597
-3.37969e-05
-0.0034843
-0.00047806
0.000287676
-0.00272603
-0.000628942
-0.000628893
-0.000710928
-0.000744582
-3.98067e-05
-2.24918e-05
-0.000478361
-0.000424779
0.000582519
-4.84546e-08
-0.000427698
0.000432376
0.00047827
-0.000427706
0.000432186
0.000744563
-0.000424937
0.000582494
0.00062901
-3.99236e-05
-2.2316e-05
0.000478105
-0.000628892
-0.00071089
0.000287687
-0.00272598
0.00015257
0.000205156
-0.00114054
-3.97478e-05
-0.000744624
-2.26509e-05
-0.000449199
-0.000449255
0.00307345
-0.000628545
-0.000695681
0.00197426
-5.44201e-08
-0.000396052
0.00064822
0.000628503
-0.000396121
0.000648149
0.000449222
-0.00069579
0.00197408
3.97824e-05
-0.000449366
0.00307338
-0.000152542
-0.000744647
-2.27168e-05
0.000205184
-0.00114058
-3.19121e-05
-6.58208e-05
0.000470866
-0.000424743
-0.000478445
0.000582533
-0.000695665
-0.000628579
0.00197416
-0.000610793
-0.000610803
-7.1488e-05
-2.38417e-10
-0.000458089
-0.00060367
0.000610827
-0.000458177
-0.0006034
0.000695744
-0.000610918
-7.13829e-05
0.000424865
-0.000628626
0.00197386
3.19662e-05
-0.000478457
0.000582616
-6.57823e-05
0.000470841
-0.000193568
-1.9224e-08
0.000466225
-0.00042775
-8.09594e-08
0.000432479
-0.000396068
-8.23244e-08
0.000648243
-0.000458033
3.90562e-09
-0.000603692
-3.16746e-08
-7.73823e-08
0.0010293
0.000458042
-7.33402e-08
0.00102948
0.000396148
-6.23934e-09
-0.000603567
0.000427812
-6.58525e-08
0.00064818
0.000193578
-7.68909e-08
0.000432467
-8.33934e-09
0.000466318
-0.000193567
6.57985e-05
0.000466243
-0.00042778
0.000478284
0.000432211
-0.000396215
0.00062852
0.000648195
-0.00045822
0.000610883
-0.000603241
-2.68078e-08
0.000458088
0.00102958
0.000458227
0.000458173
0.00102969
0.000396284
0.000610973
-0.000603206
0.000427834
0.000628579
0.00064816
0.000193578
0.000478293
0.000432244
6.578e-05
0.000466319
-3.2071e-05
-0.000205084
0.000471069
-0.000425024
0.000744585
0.000582546
-0.000695858
0.000449286
0.00197396
-0.000610938
0.000695831
-7.13468e-05
-1.38912e-08
0.000396193
-0.000603454
0.000610937
0.000396251
-0.000603269
0.000695904
0.000695914
-7.13221e-05
0.00042512
0.000449375
0.00197374
3.21252e-05
0.000744593
0.000582657
-0.000205084
0.000471073
0.000152499
-0.00028759
-0.00114044
-3.99423e-05
0.000629014
-2.23477e-05
-0.000449382
3.98548e-05
0.00307332
-0.000628621
0.000424975
0.00197383
-3.83149e-08
0.00042782
0.000648097
0.000628588
0.000427825
0.000648059
0.000449383
0.00042511
0.00197372
3.99528e-05
3.99423e-05
0.00307329
-0.000152485
0.000629002
-2.2418e-05
-0.000287589
-0.00114049
-0.000478043
3.37998e-05
-0.00272596
-0.00062892
0.000478109
-0.000710908
-0.000744608
-0.000152521
-2.26282e-05
-0.00047838
3.20157e-05
0.000582699
-4.27929e-08
0.000193585
0.000432385
0.000478293
0.000193585
0.000432238
0.000744577
3.21081e-05
0.000582706
0.000628975
-0.000152485
-2.2483e-05
0.000478081
0.0004781
-0.000710934
3.38034e-05
-0.00272592
-3.3799e-05
-0.0034843
0.000287677
-0.00272596
0.00020518
-0.00114055
-6.57661e-05
0.000470889
-2.24441e-09
0.000466353
6.57651e-05
0.000466371
-0.00020512
0.000471033
-0.000287619
-0.00114052
3.38018e-05
-0.00272592
-0.0034843
-2.33696e-05
-2.33694e-05
-0.00343757
7.10442e-05
-0.000444891
-0.00237555
6.79018e-05
3.68767e-05
-0.00117421
-1.57156e-05
-5.00707e-05
0.000604616
-5.79494e-09
-0.00021534
0.000665829
1.57071e-05
-0.000215308
0.000665824
-6.78589e-05
-5.01117e-05
0.00060472
-7.09934e-05
3.68457e-05
-0.00117413
2.33852e-05
-0.000444891
-0.00237546
-2.33808e-05
-0.00343753
-0.000444908
7.10807e-05
-0.00237557
-0.000587615
-0.000587585
-0.000425528
-0.0006962
-2.47611e-06
0.000125446
-0.000329074
-0.00027463
0.000439952
3.53989e-08
-0.000342562
0.000230489
0.000329094
-0.000342552
0.000230372
0.000696213
-0.000274707
0.000439971
0.000587662
-2.5671e-06
0.000125647
0.000444944
-0.000587587
-0.000425475
7.11021e-05
-0.00237552
3.68867e-05
6.79225e-05
-0.00117427
-2.42165e-06
-0.000696201
0.000125274
-0.000261211
-0.000261251
0.00359102
-0.000259558
-0.000256481
0.00195446
8.37449e-09
-0.0002459
0.000291993
0.000259576
-0.000245946
0.000291976
0.000261234
-0.000256547
0.00195426
2.44719e-06
-0.000261324
0.00359092
-3.68649e-05
-0.000696204
0.000125212
6.79366e-05
-0.00117428
-5.00719e-05
-1.57167e-05
0.000604577
-0.000274628
-0.0003291
0.000439988
-0.000256518
-0.000259558
0.00195436
-0.000181029
-0.000180991
-0.000222468
1.27569e-08
-0.000293211
-0.000737401
0.000181112
-0.000293229
-0.000737216
0.000256617
-0.000181062
-0.000222373
0.000274736
-0.000259562
0.00195397
5.01372e-05
-0.00032911
0.000440121
-1.57031e-05
0.000604618
-0.000215373
-9.26839e-09
0.000665891
-0.000342597
3.44418e-08
0.000230569
-0.000245909
1.17444e-08
0.000291985
-0.000293191
2.17632e-08
-0.000737422
-4.1287e-08
-7.18529e-08
0.000443013
0.000293181
-6.50312e-08
0.000443094
0.000245961
9.24509e-09
-0.000737418
0.000342634
7.1896e-09
0.000291937
0.000215383
1.64535e-08
0.000230591
3.04642e-09
0.000665996
-0.000215325
1.56981e-05
0.000665861
-0.000342588
0.000329102
0.000230406
-0.000245986
0.000259598
0.000292007
-0.000293231
0.000181158
-0.000737133
-3.3188e-08
0.000293206
0.000443105
0.000293222
0.00029322
0.000443149
0.000246027
0.000181176
-0.000737177
0.000342617
0.000259595
0.000291982
0.000215336
0.00032909
0.000230451
1.56962e-05
0.000665962
-5.01454e-05
-6.78441e-05
0.000604756
-0.000274764
0.000696222
0.000440044
-0.000256616
0.000261285
0.00195412
-0.000181116
0.000256676
-0.000222365
-3.89086e-09
0.00024599
-0.00073735
0.000181132
0.000246022
-0.000737207
0.00025666
0.000256699
-0.000222373
0.000274862
0.000261331
0.00195381
5.02237e-05
0.00069622
0.000440165
-6.78293e-05
0.000604822
3.68361e-05
-7.09812e-05
-0.00117414
-2.57279e-06
0.000587673
0.000125611
-0.000261321
2.50118e-06
0.00359085
-0.000259553
0.000274777
0.00195396
1.35667e-09
0.000342614
0.000291919
0.000259554
0.000342601
0.000291927
0.000261315
0.000274848
0.00195381
2.58255e-06
2.56782e-06
0.00359078
-3.68179e-05
0.000587668
0.000125534
-7.09773e-05
-0.00117416
-0.000444893
2.33956e-05
-0.00237544
-0.000587599
0.000444951
-0.00042548
-0.000696185
-3.6853e-05
0.000125312
-0.000329064
5.01457e-05
0.000440209
1.79072e-08
0.000215361
0.000230557
0.000329061
0.00021533
0.000230465
0.000696192
5.02018e-05
0.000440222
0.000587643
-3.68237e-05
0.000125457
0.000444916
0.000444936
-0.000425474
2.34079e-05
-0.00237539
-2.33825e-05
-0.00343752
7.11016e-05
-0.0023755
6.79413e-05
-0.00117425
-1.56938e-05
0.00060467
6.81379e-09
0.000666013
1.56973e-05
0.000666011
-6.78677e-05
0.0006048
-7.10262e-05
-0.00117419
2.3396e-05
-0.0023754
-0.00343749
-3.36672e-05
-3.36544e-05
-0.00337024
-0.000140832
-0.000373191
-0.00189519
-5.40037e-05
-5.86323e-05
-0.00120241
6.85401e-05
-0.000101588
0.000583661
-1.85105e-08
-0.000126333
0.00086072
-6.85772e-05
-0.000126302
0.000860685
5.4008e-05
-0.000101562
0.000583696
0.000140862
-5.86613e-05
-0.00120233
3.36909e-05
-0.000373209
-0.00189508
-3.36558e-05
-0.00337019
-0.000373199
-0.000140793
-0.00189523
-0.000546327
-0.000546329
-7.92627e-05
-0.000696491
-4.60419e-05
0.00026302
-0.000355803
-0.000231119
0.000228795
1.95705e-08
-0.000266733
1.50667e-05
0.000355791
-0.000266721
1.50196e-05
0.000696455
-0.000231102
0.000228847
0.000546341
-4.61392e-05
0.000263239
0.000373226
-0.000546358
-7.92112e-05
-0.000140763
-0.00189518
-5.85959e-05
-5.40029e-05
-0.00120246
-4.59524e-05
-0.000696531
0.000262833
-8.45829e-05
-8.45916e-05
0.0036682
0.000157042
-1.05008e-05
0.00149222
1.09133e-07
-0.000168623
0.000350816
-0.000156916
-0.000168644
0.000350924
8.4611e-05
-1.05755e-05
0.0014922
4.59728e-05
-8.46203e-05
0.00366804
5.86165e-05
-0.000696533
0.000262743
-5.39935e-05
-0.00120243
-0.000101601
6.85195e-05
0.000583656
-0.000231125
-0.000355836
0.000228817
-1.05231e-05
0.000157081
0.00149208
8.09875e-05
8.10088e-05
-0.000405488
2.42389e-08
-0.000159403
-0.000665658
-8.09122e-05
-0.000159387
-0.000665537
1.05864e-05
8.09247e-05
-0.000405372
0.000231157
0.000157048
0.00149174
0.000101641
-0.000355853
0.000228958
6.85259e-05
0.000583739
-0.000126347
-3.01829e-08
0.000860788
-0.000266748
1.33299e-08
1.51208e-05
-0.000168629
1.46646e-07
0.0003508
-0.000159405
4.10574e-08
-0.000665677
-2.57922e-08
-2.99191e-08
0.000124261
0.000159421
-2.01439e-08
0.00012428
0.000168674
3.51937e-08
-0.000665782
0.000266736
1.05768e-07
0.000350817
0.000126335
-9.28454e-10
1.51397e-05
-1.79211e-08
0.000860874
-0.000126305
-6.85865e-05
0.000860723
-0.000266736
0.000355792
1.50574e-05
-0.000168652
-0.000156887
0.000350957
-0.000159375
-8.08728e-05
-0.000665496
-1.52719e-08
0.000159435
0.00012428
0.000159396
0.00015942
0.000124298
0.000168686
-8.08093e-05
-0.000665622
0.000266718
-0.000156896
0.000350953
0.000126291
0.000355791
1.50854e-05
-6.85858e-05
0.000860821
-0.00010157
5.40138e-05
0.000583726
-0.000231109
0.000696464
0.000228912
-1.06186e-05
8.46387e-05
0.00149211
8.0868e-05
1.06208e-05
-0.000405345
1.49025e-08
0.000168688
-0.00066575
-8.08232e-05
0.000168696
-0.000665645
1.06598e-05
1.06808e-05
-0.000405346
0.000231156
8.46454e-05
0.00149177
0.000101627
0.000696459
0.000229026
5.40184e-05
0.000583845
-5.86541e-05
0.000140864
-0.00120234
-4.61215e-05
0.000546351
0.000263191
-8.46179e-05
4.60386e-05
0.00366794
0.000157032
0.000231149
0.00149178
6.5687e-08
0.000266714
0.000350859
-0.000156959
0.000266701
0.000350947
8.46232e-05
0.000231146
0.00149176
4.61335e-05
4.61102e-05
0.00366781
5.86739e-05
0.000546364
0.000263089
0.000140856
-0.00120233
-0.000373214
3.36994e-05
-0.00189506
-0.000546363
0.000373232
-7.92131e-05
-0.000696494
5.86443e-05
0.000262837
-0.0003558
0.000101618
0.000229046
6.2787e-09
0.000126324
1.51411e-05
0.000355772
0.000126293
1.5107e-05
0.000696454
0.000101612
0.000229074
0.000546366
5.86656e-05
0.000262989
0.000373222
0.000373229
-7.91949e-05
3.37075e-05
-0.00189501
-3.36601e-05
-0.00337016
-0.000140768
-0.00189516
-5.39831e-05
-0.00120239
6.85329e-05
0.000583772
-5.17212e-09
0.000860875
-6.85612e-05
0.00086086
5.40021e-05
0.000583849
0.000140814
-0.00120233
3.36829e-05
-0.00189504
-0.0033701
-7.43947e-05
-7.43787e-05
-0.00322147
-0.000204657
-0.000341016
-0.00142392
-5.04626e-05
-0.000203318
-0.00115329
0.000194757
-0.000112187
0.000450629
-2.94444e-08
0.00011251
0.000942996
-0.000194797
0.000112524
0.000942929
5.04561e-05
-0.000112166
0.000450609
0.000204665
-0.000203328
-0.00115321
7.44068e-05
-0.000341029
-0.00142379
-7.43633e-05
-0.00322142
-0.000341049
-0.000204622
-0.00142394
-0.000530277
-0.000530258
0.000299206
-0.000677821
-0.000224245
0.000431492
-0.000448328
-0.000158833
4.59477e-05
-2.03503e-08
-0.0001354
-0.000185331
0.000448266
-0.000135418
-0.000185325
0.000677766
-0.000158808
4.59894e-05
0.000530291
-0.000224294
0.00043168
0.000341074
-0.000530286
0.000299263
-0.000204591
-0.00142388
-0.000203287
-5.04668e-05
-0.00115333
-0.00022418
-0.000677895
0.000431363
-5.80569e-05
-5.80914e-05
0.00333592
0.000141131
1.06814e-05
0.00112352
7.92679e-08
-0.000118435
0.000474903
-0.000141054
-0.000118429
0.000475069
5.80404e-05
1.0679e-05
0.00112362
0.000224132
-5.8139e-05
0.00333579
0.000203262
-0.000677923
0.00043125
-5.04663e-05
-0.00115329
-0.000112184
0.000194724
0.00045065
-0.000158823
-0.00044838
4.59402e-05
1.06688e-05
0.000141072
0.00112343
6.4337e-05
6.43506e-05
-0.000512825
3.88064e-09
-0.0001354
-0.00058436
-6.43259e-05
-0.000135363
-0.000584273
-1.06927e-05
6.43768e-05
-0.000512703
0.000158777
0.000140901
0.00112323
0.000112179
-0.000448391
4.60242e-05
0.000194713
0.000450739
0.000112517
-5.49194e-08
0.00094305
-0.000135384
-3.94873e-08
-0.000185319
-0.000118438
1.02719e-07
0.000474823
-0.000135401
6.09614e-09
-0.00058437
-1.64518e-08
-1.88361e-08
-0.000146505
0.000135422
-1.08942e-08
-0.00014651
0.000118484
1.77897e-08
-0.000584485
0.000135359
6.63099e-08
0.000474776
-0.000112524
-4.57237e-08
-0.000185323
-5.68485e-08
0.00094312
0.000112534
-0.000194807
0.000942941
-0.000135412
0.000448263
-0.000185299
-0.000118419
-0.000140963
0.00047503
-0.000135344
-6.43261e-05
-0.000584238
-8.50421e-09
0.000135427
-0.000146501
0.000135372
0.000135393
-0.000146487
0.000118455
-6.43127e-05
-0.000584374
0.000135375
-0.000140831
0.00047493
-0.000112549
0.00044826
-0.000185297
-0.00019481
0.000943026
-0.000112164
5.04533e-05
0.000450629
-0.000158793
0.000677789
4.60144e-05
1.06812e-05
5.80602e-05
0.00112361
6.4364e-05
-1.07059e-05
-0.000512648
1.57353e-08
0.000118499
-0.000584475
-6.4317e-05
0.000118481
-0.0005844
-1.06701e-05
-1.06671e-05
-0.000512639
0.000158763
5.80977e-05
0.00112341
0.000112162
0.000677804
4.6083e-05
5.04487e-05
0.000450748
-0.000203317
0.000204652
-0.00115322
-0.000224272
0.000530283
0.000431653
-5.81235e-05
0.000224155
0.0033357
0.000140985
0.000158754
0.00112321
4.73199e-08
0.000135373
0.000474923
-0.000140946
0.000135382
0.000475039
5.80992e-05
0.00015874
0.00112331
0.000224243
0.000224206
0.00333555
0.000203306
0.000530299
0.000431531
0.000204635
-0.00115321
-0.000341053
7.44053e-05
-0.00142376
-0.00053031
0.00034106
0.000299266
-0.000677878
0.000203272
0.000431289
-0.000448346
0.000112167
4.60991e-05
-2.53319e-08
-0.000112491
-0.000185315
0.000448276
-0.000112511
-0.000185301
0.000677817
0.000112149
4.61237e-05
0.000530312
0.000203288
0.000431414
0.000341064
0.000341062
0.000299288
7.43998e-05
-0.00142371
-7.43674e-05
-0.00322139
-0.000204603
-0.00142386
-5.04638e-05
-0.00115325
0.000194725
0.00045075
-3.01989e-08
0.00094314
-0.000194778
0.000943097
5.04537e-05
0.000450766
0.000204615
-0.00115321
7.43787e-05
-0.00142374
-0.00322132
-7.65663e-05
-7.65515e-05
-0.00306835
-0.000178715
-0.00031537
-0.0010064
-3.53306e-05
-0.000269704
-0.00102697
7.51195e-05
-2.04618e-05
0.00036064
-6.38508e-09
0.000289115
0.000729007
-7.51285e-05
0.000289103
0.000728948
3.53356e-05
-2.04269e-05
0.000360572
0.000178729
-0.000269704
-0.0010269
7.65727e-05
-0.00031537
-0.00100627
-7.65194e-05
-0.00306833
-0.000315396
-0.000178681
-0.00100641
-0.000474423
-0.000474391
0.000617254
-0.000510365
-0.000358072
0.000555802
-0.000416574
9.72118e-06
-7.80261e-05
-2.59149e-08
-3.5008e-05
-0.000277757
0.000416507
-3.50387e-05
-0.000277716
0.000510322
9.70687e-06
-7.79598e-05
0.00047442
-0.000358093
0.00055597
0.000315395
-0.000474381
0.0006173
-0.000178642
-0.00100636
-0.000269694
-3.53295e-05
-0.00102699
-0.000358053
-0.000510409
0.000555739
-0.000131247
-0.000131268
0.00288231
-7.5158e-05
-8.51918e-06
0.00108567
3.35023e-09
-3.2827e-05
0.00039756
7.51279e-05
-3.27942e-05
0.0003977
0.000131188
-8.50385e-06
0.00108577
0.000357948
-0.000131337
0.00288228
0.000269617
-0.000510392
0.000555592
-3.5342e-05
-0.00102698
-2.04545e-05
7.51005e-05
0.000360674
9.73162e-06
-0.000416617
-7.80378e-05
-8.53945e-06
-7.51789e-05
0.00108561
-4.44942e-05
-4.44739e-05
-0.000440916
-7.16104e-09
-0.000132195
-0.000529479
4.44732e-05
-0.000132161
-0.000529386
8.49054e-06
-4.43565e-05
-0.000440868
-9.80974e-06
-7.52261e-05
0.00108542
2.04182e-05
-0.00041662
-7.79752e-05
7.50672e-05
0.000360748
0.000289144
-2.35796e-08
0.00072903
-3.49813e-05
-3.9931e-08
-0.00027777
-3.28242e-05
-2.57707e-10
0.000397487
-0.000132189
-1.30509e-08
-0.000529465
-1.18157e-08
-2.30724e-08
-0.000410854
0.000132206
-2.14441e-08
-0.000410868
3.28669e-05
-3.70272e-09
-0.000529498
3.49673e-05
-5.62198e-09
0.000397455
-0.000289182
-4.09522e-08
-0.000277753
-3.94713e-08
0.000729044
0.000289119
-7.51411e-05
0.000728939
-3.50251e-05
0.00041651
-0.000277704
-3.27747e-05
7.51331e-05
0.000397646
-0.000132138
4.44405e-05
-0.000529328
-1.07193e-08
0.000132207
-0.000410858
0.000132158
0.000132171
-0.000410849
3.28084e-05
4.43808e-05
-0.000529408
3.49959e-05
7.51729e-05
0.000397564
-0.000289159
0.000416507
-0.000277691
-7.51388e-05
0.000728966
-2.04138e-05
3.53283e-05
0.000360574
9.70901e-06
0.000510337
-7.79358e-05
-8.50531e-06
0.000131177
0.00108578
-4.43299e-05
8.44203e-06
-0.000440825
4.31394e-09
3.28907e-05
-0.000529493
4.43705e-05
3.28445e-05
-0.000529439
8.48962e-06
8.4579e-06
-0.000440835
-9.78332e-06
0.00013124
0.00108561
2.03818e-05
0.000510315
-7.78896e-05
3.53297e-05
0.000360661
-0.000269703
0.000178709
-0.0010269
-0.000358093
0.000474395
0.000555985
-0.000131343
0.000357923
0.00288221
-7.52107e-05
-9.82952e-06
0.00108535
1.97649e-10
3.49885e-05
0.000397615
7.51721e-05
3.50063e-05
0.000397705
0.00013128
-9.81516e-06
0.00108547
0.000358017
0.000357956
0.0028821
0.000269648
0.000474384
0.000555831
0.00017868
-0.00102691
-0.000315386
7.65631e-05
-0.00100623
-0.000474404
0.000315374
0.000617305
-0.000510372
0.000269601
0.000555579
-0.000416596
2.0435e-05
-7.79419e-05
-2.78945e-08
-0.000289158
-0.000277736
0.000416523
-0.000289148
-0.000277698
0.000510324
2.04001e-05
-7.78927e-05
0.000474398
0.000269612
0.000555684
0.000315378
0.000315369
0.000617323
7.65409e-05
-0.0010062
-7.65196e-05
-0.00306831
-0.000178656
-0.00100635
-3.53444e-05
-0.00102696
7.51046e-05
0.000360736
-2.27259e-08
0.000729109
-7.51435e-05
0.00072907
3.53393e-05
0.000360683
0.000178669
-0.00102692
7.65252e-05
-0.00100623
-0.00306826
-0.00010608
-0.000106068
-0.0028562
-0.000157748
-0.000300342
-0.000654387
-0.000113347
-0.000199908
-0.000871458
-0.000310238
0.000143333
0.000414198
-1.98259e-08
0.000221206
0.000197583
0.000310224
0.00022115
0.000197554
0.000113362
0.000143385
0.000414049
0.000157772
-0.000199914
-0.000871393
0.000106086
-0.000300345
-0.000654236
-0.000106024
-0.00285622
-0.000300366
-0.000157721
-0.000654393
-0.000432564
-0.000432525
0.000881635
-0.000383556
-0.00031355
0.000620436
-0.0003114
0.000163076
-0.000169924
-4.07073e-09
-1.5646e-05
-0.000352301
0.000311366
-1.56852e-05
-0.000352252
0.000383512
0.000163203
-0.000169924
0.000432558
-0.00031357
0.000620581
0.000300362
-0.000432519
0.00088167
-0.000157681
-0.000654346
-0.000199916
-0.000113332
-0.00087146
-0.000313562
-0.000383573
0.000620432
-0.000180132
-0.000180138
0.00261547
-0.000100351
-1.1945e-05
0.00118091
-1.37863e-08
4.28665e-06
0.000277291
0.000100245
4.3441e-06
0.000277411
0.000180022
-1.1834e-05
0.00118103
0.000313432
-0.000180222
0.00261552
0.000199809
-0.000383562
0.000620257
-0.000113358
-0.00087149
0.000143337
-0.000310235
0.000414241
0.000163065
-0.000311423
-0.000169917
-1.19742e-05
-0.000100349
0.00118086
-0.000117016
-0.000117008
-0.000230811
-3.58139e-08
-0.000113083
-0.00052909
0.000116984
-0.000113055
-0.000529007
1.19295e-05
-0.00011689
-0.000230757
-0.000163171
-0.000100342
0.00118064
-0.000143382
-0.000311431
-0.000169896
-0.00031025
0.000414258
0.000221254
-3.09762e-08
0.000197571
-1.56157e-05
-7.72221e-09
-0.000352315
4.27995e-06
-2.58845e-08
0.000277269
-0.00011308
-4.76625e-08
-0.000529066
-7.2518e-09
-1.70645e-08
-0.000636993
0.000113098
-2.00088e-08
-0.000637009
-4.22313e-06
-2.88912e-08
-0.000529038
1.56221e-05
-2.26002e-08
0.00027729
-0.000221279
-1.24023e-08
-0.000352271
-3.0074e-08
0.000197546
0.000221179
0.0003102
0.000197529
-1.56667e-05
0.000311369
-0.000352235
4.35999e-06
0.000100187
0.000277407
-0.000113041
0.000116976
-0.000528951
-1.11071e-08
0.000113095
-0.000637
0.000113059
0.000113064
-0.000637003
-4.29703e-06
0.00011689
-0.000528971
1.56634e-05
0.000100191
0.00027739
-0.000221213
0.000311374
-0.000352201
0.000310202
0.000197521
0.000143406
0.000113343
0.000414024
0.000163241
0.000383507
-0.000169909
-1.18127e-05
0.000179972
0.00118105
-0.000116854
1.19072e-05
-0.000230714
-1.57516e-08
-4.21097e-06
-0.000529026
0.000116863
-4.26875e-06
-0.000528986
1.18058e-05
1.18218e-05
-0.000230709
-0.000163306
0.000180058
0.00118086
-0.000143445
0.000383505
-0.000169882
0.000113357
0.000414061
-0.000199928
0.000157754
-0.00087138
-0.000313592
0.000432526
0.00062063
-0.000180271
0.000313382
0.00261547
-0.000100395
-0.000163186
0.00118057
-1.07037e-08
1.56432e-05
0.000277376
0.000100297
1.56751e-05
0.000277454
0.000180161
-0.000163286
0.00118071
0.000313479
0.000313405
0.00261544
0.000199838
0.000432519
0.000620457
0.000157711
-0.000871425
-0.000300363
0.000106074
-0.000654189
-0.000432547
0.000300343
0.000881672
-0.000383558
0.000199778
0.000620194
-0.000311426
-0.000143367
-0.000169893
-9.02913e-09
-0.000221263
-0.000352247
0.000311391
-0.000221216
-0.000352207
0.000383525
-0.000143418
-0.000169894
0.000432538
0.00019979
0.000620286
0.000300352
0.000300341
0.000881687
0.000106039
-0.000654173
-0.000106019
-0.00285621
-0.000157687
-0.000654339
-0.000113367
-0.000871506
-0.00031023
0.000414233
-2.20856e-08
0.000197638
0.000310202
0.000197629
0.000113371
0.000414097
0.0001577
-0.000871464
0.000106024
-0.000654215
-0.0028562
-0.000146104
-0.000146097
-0.002564
-0.000137324
-0.000314475
-0.000348691
-0.000248872
-7.99862e-05
-0.000679924
-0.000427724
0.000208825
0.000384226
-2.66157e-08
6.99401e-05
-0.000300055
0.000427748
6.98845e-05
-0.000300105
0.000248934
0.000208894
0.000383969
0.000137376
-7.99668e-05
-0.000679869
0.000146131
-0.000314458
-0.000348533
-0.000146044
-0.00256404
-0.000314501
-0.000137307
-0.000348682
-0.000435675
-0.000435632
0.00112397
-0.000404876
-0.000184196
0.000693847
-0.000265721
0.000160066
-0.00026032
1.63221e-08
-4.8056e-05
-0.000500042
0.000265746
-4.80805e-05
-0.000500016
0.000404874
0.000160215
-0.000260374
0.000435679
-0.000184206
0.000694016
0.000314498
-0.000435622
0.00112401
-0.000137261
-0.00034863
-8.00093e-05
-0.000248831
-0.000679926
-0.000184226
-0.000404862
0.000693879
-0.000208714
-0.000208704
0.00266446
-8.03054e-05
-4.93602e-05
0.00126192
2.17524e-09
-7.37361e-06
0.000156301
8.02102e-05
-7.32887e-06
0.000156452
0.000208597
-4.92233e-05
0.00126209
0.000184106
-0.000208759
0.00266456
7.99095e-05
-0.000404874
0.000693705
-0.000248863
-0.000679978
0.000208826
-0.000427695
0.000384279
0.000160052
-0.000265713
-0.000260292
-4.93849e-05
-8.03073e-05
0.0012619
-0.000130345
-0.000130346
-6.88647e-05
-4.41366e-08
-8.15034e-05
-0.000585261
0.000130316
-8.14855e-05
-0.00058521
4.93515e-05
-0.000130269
-6.87471e-05
-0.000160142
-8.03244e-05
0.0012617
-0.00020888
-0.000265734
-0.000260298
-0.000427697
0.000384212
6.99687e-05
-4.19688e-08
-0.000300051
-4.80406e-05
1.98197e-08
-0.000500039
-7.37431e-06
1.04441e-09
0.000156294
-8.14983e-05
-5.66e-08
-0.000585232
-2.37182e-09
-8.28186e-09
-0.000799984
8.15111e-05
-1.29232e-08
-0.000799995
7.41366e-06
-3.47518e-08
-0.000585175
4.80514e-05
7.33188e-10
0.000156327
-6.996e-05
1.13348e-08
-0.000500004
-3.14763e-08
-0.000300079
6.9894e-05
0.000427718
-0.000300126
-4.80721e-05
0.000265745
-0.000499994
-7.31043e-06
8.01642e-05
0.000156482
-8.14716e-05
0.00013032
-0.000585166
-7.56547e-09
8.15171e-05
-0.000799989
8.14813e-05
8.14916e-05
-0.000799996
7.35592e-06
0.000130262
-0.000585143
4.80777e-05
8.01952e-05
0.000156474
-6.98981e-05
0.000265758
-0.000499971
0.000427716
-0.000300125
0.000208924
0.000248916
0.000383902
0.000160263
0.000404861
-0.000260364
-4.91851e-05
0.000208533
0.00126213
-0.000130238
4.93502e-05
-6.86919e-05
-2.15892e-08
7.43234e-06
-0.000585157
0.000130236
7.38838e-06
-0.000585141
4.91931e-05
4.92389e-05
-6.86425e-05
-0.000160298
0.000208601
0.00126194
-0.000208951
0.00040488
-0.000260351
0.000248931
0.000383896
-7.99785e-05
0.000137367
-0.000679852
-0.00018423
0.000435651
0.000694092
-0.000208816
0.00018405
0.00266454
-8.03667e-05
-0.000160156
0.00126162
2.69846e-09
4.80618e-05
0.000156377
8.02789e-05
4.80839e-05
0.000156482
0.000208705
-0.000160263
0.00126179
0.000184123
0.000184061
0.00266456
7.9898e-05
0.00043564
0.000693922
0.000137308
-0.000679904
-0.00031447
0.000146125
-0.000348478
-0.00043565
0.000314483
0.00112402
-0.000404896
7.98721e-05
0.000693618
-0.000265751
-0.000208883
-0.000260311
9.3491e-09
-6.99559e-05
-0.00049999
0.000265775
-6.99117e-05
-0.000499976
0.000404906
-0.00020893
-0.000260358
0.000435653
7.98605e-05
0.000693739
0.000314467
0.000314465
0.00112405
0.000146073
-0.00034847
-0.000146035
-0.00256405
-0.00013726
-0.000348631
-0.000248894
-0.000680001
-0.000427726
0.000384182
-1.90965e-08
-0.000300025
0.000427747
-0.000300048
0.000248943
0.00038397
0.000137289
-0.00067995
0.000146055
-0.000348515
-0.00256407
-9.41316e-05
-9.4154e-05
-0.00237572
4.74283e-06
-0.000331446
-0.00011612
-0.000290827
9.5789e-06
-0.000393933
-0.000386376
0.00017696
0.000302815
1.26449e-08
-2.57062e-06
-0.000683873
0.000386398
-2.57754e-06
-0.000683913
0.000290842
0.000176989
0.000302537
-4.70685e-06
9.5771e-06
-0.000393897
9.41564e-05
-0.000331414
-0.000115983
-9.4093e-05
-0.00237579
-0.000331461
4.72261e-06
-0.000116098
-0.000444227
-0.000444205
0.00134949
-0.000404889
-7.28405e-05
0.000736928
-0.000227455
0.000109564
-0.000370359
3.78108e-08
-6.78051e-05
-0.0006623
0.000227509
-6.78002e-05
-0.000662265
0.00040489
0.000109643
-0.000370409
0.000444232
-7.28621e-05
0.000737113
0.000331467
-0.00044419
0.00134956
4.79077e-06
-0.000116047
9.56805e-06
-0.000290805
-0.000393966
-7.28573e-05
-0.000404883
0.000736983
-0.000215461
-0.000215442
0.00294967
-9.38577e-05
-9.06651e-05
0.00134055
4.05882e-08
8.08693e-06
-1.34892e-05
9.38356e-05
8.11621e-06
-1.32599e-05
0.000215384
-9.05674e-05
0.00134075
7.28224e-05
-0.000215474
0.00294974
-9.59884e-06
-0.000404914
0.000736851
-0.000290782
-0.000394004
0.000176961
-0.000386356
0.000302869
0.000109554
-0.000227446
-0.000370322
-9.06799e-05
-9.38524e-05
0.00134054
-0.000135307
-0.000135313
2.041e-05
-4.02015e-08
-4.83191e-05
-0.000664121
0.000135287
-4.83144e-05
-0.000664107
9.06693e-05
-0.000135267
2.05707e-05
-0.000109611
-9.39131e-05
0.00134042
-0.00017701
-0.000227491
-0.000370322
-0.000386357
0.000302777
-2.5593e-06
1.79711e-08
-0.000683866
-6.78007e-05
4.99636e-08
-0.000662293
8.0888e-06
5.71145e-08
-1.35048e-05
-4.83136e-05
-4.97883e-08
-0.000664092
2.38056e-09
-5.08749e-11
-0.000896619
4.83286e-05
-4.68628e-09
-0.000896631
-8.05163e-06
-2.76328e-08
-0.000664034
6.78034e-05
4.35516e-08
-1.34844e-05
2.52432e-06
3.80579e-08
-0.000662254
1.47184e-08
-0.000683927
-2.57138e-06
0.000386383
-0.000683919
-6.77944e-05
0.000227519
-0.00066224
8.13094e-06
9.38158e-05
-1.3202e-05
-4.83048e-05
0.000135294
-0.000664074
-2.83952e-09
4.83389e-05
-0.00089663
4.83139e-05
4.83245e-05
-0.000896642
-8.09103e-06
0.000135263
-0.000664029
6.77983e-05
9.38753e-05
-1.32474e-05
2.53563e-06
0.000227551
-0.000662222
0.000386388
-0.000683962
0.000177
0.000290822
0.000302463
0.000109664
0.000404886
-0.000370395
-9.05356e-05
0.000215329
0.00134082
-0.000135245
9.06796e-05
2.06322e-05
-1.70488e-08
-8.03008e-06
-0.000664017
0.000135245
-8.0612e-06
-0.000664017
9.05541e-05
9.05972e-05
2.07146e-05
-0.000109683
0.000215375
0.00134068
-0.000177026
0.000404922
-0.000370379
0.000290804
0.000302454
9.57029e-06
-4.70087e-06
-0.0003939
-7.28805e-05
0.000444222
0.000737207
-0.000215522
7.27988e-05
0.00294971
-9.39502e-05
-0.000109621
0.00134035
2.90657e-08
6.78065e-05
-1.34387e-05
9.39208e-05
6.78035e-05
-1.32744e-05
0.000215449
-0.000109671
0.00134053
7.28439e-05
7.2818e-05
0.00294972
-9.59639e-06
0.000444211
0.000737074
-4.76833e-06
-0.000393928
-0.000331414
9.41641e-05
-0.000115929
-0.000444201
0.000331465
0.00134956
-0.000404937
-9.61276e-06
0.000736765
-0.000227512
-0.000177018
-0.000370339
2.90491e-08
2.52123e-06
-0.000662246
0.00022756
2.52448e-06
-0.000662228
0.000404945
-0.000177028
-0.000370386
0.00044421
-9.61068e-06
0.000736903
0.000331427
0.000331437
0.00134961
9.41107e-05
-0.000115923
-9.4071e-05
-0.00237582
4.81363e-06
-0.000116051
-0.000290805
-0.000393995
-0.000386386
0.000302745
8.46607e-09
-0.000683898
0.000386406
-0.000683922
0.000290819
0.000302529
-4.79681e-06
-0.000393945
9.40862e-05
-0.000115961
-0.00237587
-9.92303e-05
-9.92385e-05
-0.00217725
5.79619e-05
-0.000375129
0.000101817
-0.000227496
2.94334e-05
-0.000137908
-0.000265065
0.000134565
0.000205818
1.81589e-08
5.91261e-07
-0.000949547
0.000264982
6.11788e-07
-0.000949489
0.000227389
0.000134538
0.000205591
-5.79733e-05
2.93962e-05
-0.000137931
9.92369e-05
-0.00037511
0.000101917
-9.92394e-05
-0.00217731
-0.000375127
5.79546e-05
0.000101836
-0.000462957
-0.000462959
0.00152515
-0.000394914
-5.43887e-05
0.000752708
-0.000214816
7.14958e-05
-0.000487387
3.18488e-08
-6.94751e-05
-0.000807082
0.000214881
-6.94556e-05
-0.000807046
0.000394927
7.14976e-05
-0.000487415
0.000462959
-5.4419e-05
0.000752896
0.000375142
-0.000462952
0.00152521
5.79778e-05
0.000101878
2.9433e-05
-0.000227505
-0.00013794
-5.44015e-05
-0.000394913
0.000752772
-0.000214385
-0.000214367
0.00326963
-8.72593e-05
-0.000116111
0.00140103
1.92845e-08
2.84263e-05
-0.000198669
8.72693e-05
2.84472e-05
-0.000198413
0.000214367
-0.000116106
0.00140125
5.43978e-05
-0.000214388
0.00326968
-2.94284e-05
-0.000394959
0.000752684
-0.000227445
-0.00013801
0.000134568
-0.000265071
0.000205868
7.14941e-05
-0.000214809
-0.000487353
-0.000116103
-8.72547e-05
0.00140103
-0.00014289
-0.000142903
7.39882e-05
-1.20986e-08
-2.77447e-05
-0.000750828
0.000142917
-2.7747e-05
-0.000750842
0.00011614
-0.000142931
7.41717e-05
-7.1504e-05
-8.72915e-05
0.00140096
-0.000134582
-0.000214855
-0.000487347
-0.000265036
0.000205785
5.95379e-07
2.65738e-08
-0.000949559
-6.94723e-05
4.36414e-08
-0.000807078
2.84316e-05
2.6506e-08
-0.00019869
-2.77395e-05
-1.4963e-08
-0.000750809
6.07314e-09
5.85953e-09
-0.000952115
2.77567e-05
1.57263e-09
-0.000952131
-2.84084e-05
-5.90764e-09
-0.000750794
6.94639e-05
1.68551e-08
-0.000198665
-6.23988e-07
3.45503e-08
-0.000807056
2.28695e-08
-0.000949609
6.24539e-07
0.000264949
-0.000949466
-6.94476e-05
0.000214901
-0.000807025
2.8459e-05
8.72634e-05
-0.000198345
-2.77406e-05
0.000142933
-0.000750823
2.08645e-09
2.7767e-05
-0.000952134
2.77515e-05
2.77601e-05
-0.00095215
-2.84335e-05
0.00014295
-0.0007508
6.94461e-05
8.72922e-05
-0.000198402
-6.45644e-07
0.000214929
-0.000807025
0.000264953
-0.000949538
0.000134523
0.000227348
0.00020554
7.14919e-05
0.000394933
-0.000487396
-0.000116095
0.000214337
0.00140133
-0.000142932
0.000116169
7.42333e-05
-3.10198e-09
-2.83939e-05
-0.000750785
0.000142946
-2.84144e-05
-0.000750792
0.000116128
0.000116155
7.43284e-05
-7.14905e-05
0.000214363
0.00140123
-0.000134533
0.000394976
-0.000487382
0.000227335
0.000205539
2.93797e-05
-5.79732e-05
-0.000137958
-5.44403e-05
0.000462963
0.000752996
-0.000214421
5.43833e-05
0.00326965
-8.73194e-05
-7.15046e-05
0.00140093
9.13663e-09
6.94591e-05
-0.00019862
8.73144e-05
6.94472e-05
-0.000198441
0.000214399
-7.1498e-05
0.0014011
5.44284e-05
5.44087e-05
0.00326965
-2.9385e-05
0.000462961
0.000752901
-5.79813e-05
-0.000137997
-0.000375104
9.92434e-05
0.000101958
-0.000462951
0.000375151
0.00152522
-0.000394978
-2.94305e-05
0.000752605
-0.000214871
-0.000134589
-0.000487361
2.51154e-08
-6.26464e-07
-0.000807056
0.000214925
-6.4293e-07
-0.000807038
0.000394991
-0.000134558
-0.000487392
0.000462957
-2.9401e-05
0.000752747
0.00037512
0.000375133
0.00152527
9.92501e-05
0.000101966
-9.92391e-05
-0.00217733
5.79856e-05
0.000101875
-0.000227446
-0.000137994
-0.000265048
0.000205758
1.3563e-08
-0.000949586
0.000264991
-0.000949542
0.000227373
0.000205589
-5.79856e-05
-0.000137987
9.92479e-05
0.000101938
-0.00217737
-8.62592e-05
-8.62611e-05
-0.00200473
0.000103323
-0.000403698
0.000315933
-0.000128368
4.86793e-05
4.51031e-05
-0.000104689
0.000115613
6.65257e-05
1.19379e-08
2.5073e-05
-0.00107932
0.000104688
2.50795e-05
-0.00107924
0.000128327
0.000115546
6.64066e-05
-0.000103307
4.86403e-05
4.50621e-05
8.63072e-05
-0.000403692
0.000315995
-8.63045e-05
-0.0020047
-0.000403686
0.000103316
0.000315945
-0.000475645
-0.000475658
0.00166907
-0.000373345
-6.27692e-05
0.000761856
-0.000204353
6.17575e-05
-0.000602523
1.95779e-08
-6.86725e-05
-0.00091771
0.000204413
-6.8669e-05
-0.000917691
0.000373369
6.17124e-05
-0.000602537
0.000475645
-6.28054e-05
0.000762066
0.000403701
-0.000475664
0.00166913
0.000103304
0.00031597
4.86751e-05
-0.000128377
4.50785e-05
-6.27767e-05
-0.000373342
0.000761908
-0.000197988
-0.000197973
0.00354005
-4.28521e-05
-0.000113524
0.00142118
-1.9232e-08
3.70369e-05
-0.000347212
4.28474e-05
3.70469e-05
-0.000346995
0.000198
-0.000113575
0.00142139
6.27883e-05
-0.00019799
0.00354007
-4.86591e-05
-0.000373388
0.000761856
-0.000128352
4.49868e-05
0.000115622
-0.000104688
6.65565e-05
6.17718e-05
-0.000204347
-0.000602498
-0.000113498
-4.28526e-05
0.00142118
-0.0001236
-0.000123612
9.41788e-05
2.34723e-09
-1.63779e-05
-0.000821016
0.000123637
-1.63825e-05
-0.000821046
0.000113547
-0.00012365
9.4336e-05
-6.17633e-05
-4.28667e-05
0.00142115
-0.000115611
-0.000204385
-0.000602503
-0.000104675
6.64974e-05
2.50804e-05
1.2044e-08
-0.00107934
-6.86676e-05
2.68867e-08
-0.000917704
3.70427e-05
-3.08891e-08
-0.000347222
-1.63746e-05
2.81528e-09
-0.000821006
8.13001e-09
8.93004e-09
-0.000984885
1.63925e-05
4.50872e-09
-0.000984902
-3.70228e-05
4.38248e-09
-0.000821032
6.8666e-05
-3.10901e-08
-0.000347189
-2.51006e-05
2.20623e-08
-0.000917697
9.80016e-09
-0.0010794
2.50907e-05
0.000104671
-0.00107922
-6.86643e-05
0.000204432
-0.000917676
3.70554e-05
4.28386e-05
-0.000346935
-1.63792e-05
0.000123656
-0.000821041
4.07866e-09
1.64006e-05
-0.000984909
1.63903e-05
1.63962e-05
-0.000984928
-3.70355e-05
0.000123678
-0.000821048
6.8665e-05
4.28458e-05
-0.00034698
-2.51075e-05
0.000204449
-0.00091768
0.000104662
-0.0010793
0.00011552
0.000128308
6.6383e-05
6.17028e-05
0.000373375
-0.000602521
-0.000113573
0.000197987
0.00142146
-0.000123658
0.000113586
9.43886e-05
3.50527e-09
-3.70121e-05
-0.000821033
0.000123674
-3.7023e-05
-0.000821043
0.000113601
0.000113618
9.4461e-05
-6.16978e-05
0.000197999
0.00142137
-0.000115519
0.000373408
-0.00060252
0.000128299
6.63834e-05
4.86198e-05
-0.000103301
4.50303e-05
-6.28275e-05
0.000475652
0.000762166
-0.000198016
6.27807e-05
0.00354004
-4.28855e-05
-6.17556e-05
0.00142114
-2.20641e-08
6.86633e-05
-0.000347159
4.28672e-05
6.86638e-05
-0.000347017
0.000198018
-6.17108e-05
0.00142128
6.28286e-05
6.28113e-05
0.00354002
-4.86161e-05
0.00047566
0.000762095
-0.000103297
4.49827e-05
-0.000403687
8.63215e-05
0.000316023
-0.000475662
0.000403712
0.00166914
-0.000373405
-4.86615e-05
0.00076179
-0.000204395
-0.000115612
-0.000602514
1.57429e-08
-2.50987e-05
-0.000917705
0.000204441
-2.51038e-05
-0.000917696
0.000373421
-0.00011555
-0.000602532
0.000475662
-4.86329e-05
0.00076195
0.000403702
0.000403706
0.00166918
8.63426e-05
0.000316028
-8.63179e-05
-0.00200469
0.000103301
0.000315968
-0.00012835
4.49954e-05
-0.000104688
6.64842e-05
9.70224e-09
-0.00107938
0.000104686
-0.00107932
0.000128319
6.64066e-05
-0.000103296
4.49942e-05
8.63426e-05
0.000316006
-0.00200469
-2.47336e-05
-2.47333e-05
-0.00195526
0.000377537
-0.000463429
0.000377091
0.000123152
7.69567e-05
0.000222531
3.97425e-05
0.000138002
1.19335e-05
-7.18621e-09
5.83664e-05
-0.00109794
-3.97251e-05
5.83532e-05
-0.00109788
-0.000123167
0.000137915
1.19338e-05
-0.000377547
7.69227e-05
0.00022252
2.47551e-05
-0.000463433
0.000377126
-2.47491e-05
-0.0019552
-0.00046341
0.000377522
0.0003771
-0.000483914
-0.000483928
0.00171007
-0.000333837
-7.20713e-05
0.000760807
-0.000178271
5.07122e-05
-0.0006708
1.57234e-08
-6.58269e-05
-0.000971803
0.000178289
-6.58391e-05
-0.000971773
0.000333825
5.06877e-05
-0.000670846
0.000483912
-7.21103e-05
0.000761012
0.000463415
-0.000483937
0.00171013
0.000377529
0.000377106
7.69524e-05
0.00012314
0.000222508
-7.20796e-05
-0.000333833
0.000760845
-0.000167619
-0.000167608
0.00373112
1.04669e-05
-0.000130072
0.00142388
-3.13202e-08
4.64899e-05
-0.00044903
-1.04763e-05
4.6491e-05
-0.00044888
0.000167649
-0.000130064
0.00142402
7.21059e-05
-0.00016761
0.00373111
-7.69351e-05
-0.000333847
0.000760806
0.000123152
0.000222429
0.000138015
3.97473e-05
1.1934e-05
5.07411e-05
-0.000178269
-0.000670788
-0.00013004
1.04649e-05
0.00142389
-0.000101114
-0.000101115
3.62958e-05
5.02789e-09
-6.17008e-06
-0.000869475
0.000101126
-6.17252e-06
-0.000869504
0.000130065
-0.000101093
3.64264e-05
-5.0742e-05
1.04705e-05
0.00142388
-0.000137991
-0.000178283
-0.000670818
3.97515e-05
1.19069e-05
5.83746e-05
-1.74828e-08
-0.00109795
-6.58212e-05
2.10689e-08
-0.000971799
4.64944e-05
-4.76781e-08
-0.000449025
-6.16795e-06
6.18918e-09
-0.000869465
6.15449e-09
6.01593e-09
-0.000997235
6.18017e-06
3.00119e-09
-0.000997252
-4.64728e-05
6.04189e-09
-0.000869479
6.58325e-05
-4.34932e-08
-0.000448981
-5.8378e-05
1.79962e-08
-0.000971787
-1.49137e-08
-0.00109801
5.8356e-05
-3.9731e-05
-0.00109786
-6.58379e-05
0.000178295
-0.000971756
4.6497e-05
-1.04839e-05
-0.000448833
-6.17046e-06
0.000101138
-0.000869505
3.39577e-09
6.18455e-06
-0.000997262
6.17803e-06
6.18098e-06
-0.000997281
-4.64781e-05
0.000101116
-0.000869501
6.58462e-05
-1.04941e-05
-0.000448853
-5.83619e-05
0.000178298
-0.000971752
-3.97442e-05
-0.00109793
0.000137887
-0.000123172
1.19372e-05
5.06986e-05
0.000333816
-0.000670853
-0.000130033
0.000167649
0.00142406
-0.000101084
0.000130103
3.6474e-05
4.65349e-09
-4.64631e-05
-0.000869474
0.000101096
-4.64676e-05
-0.000869486
0.000130056
0.000130095
3.65209e-05
-5.06978e-05
0.000167644
0.00142399
-0.000137883
0.000333827
-0.000670864
-0.000123181
1.19379e-05
7.69033e-05
-0.000377551
0.000222505
-7.21331e-05
0.000483917
0.000761102
-0.000167623
7.21024e-05
0.00373108
1.0466e-05
-5.07273e-05
0.00142388
-2.8776e-08
6.58346e-05
-0.000448962
-1.04809e-05
6.58454e-05
-0.000448878
0.000167644
-5.06958e-05
0.00142394
7.21468e-05
7.21323e-05
0.00373103
-7.68959e-05
0.000483929
0.000761035
-0.000377554
0.00022246
-0.000463431
2.47596e-05
0.000377145
-0.000483938
0.000463421
0.00171014
-0.000333856
-7.69385e-05
0.000760749
-0.000178285
-0.000137986
-0.000670826
1.34176e-08
-5.83739e-05
-0.000971795
0.000178299
-5.83632e-05
-0.000971773
0.000333845
-0.000137911
-0.000670863
0.000483937
-7.69126e-05
0.000760903
0.000463435
0.000463428
0.00171019
2.47672e-05
0.000377142
-2.47545e-05
-0.00195518
0.000377535
0.0003771
0.00012316
0.000222432
3.97479e-05
1.19101e-05
-4.69741e-09
-0.001098
-3.97363e-05
-0.00109795
-0.000123172
1.19314e-05
-0.000377545
0.000222455
2.47675e-05
0.000377121
-0.00195515
-3.03978e-05
-3.03961e-05
-0.00189447
0.000598762
-0.000545604
0.000293535
0.000408592
5.03859e-05
0.000362315
0.000160322
0.00018387
7.63331e-05
-1.92267e-08
8.83507e-05
-0.00102595
-0.000160358
8.83333e-05
-0.00102587
-0.000408633
0.000183847
7.63617e-05
-0.000598785
5.03519e-05
0.000362319
3.03992e-05
-0.000545621
0.000293563
-3.03919e-05
-0.00189441
-0.00054559
0.000598756
0.000293539
-0.000486805
-0.000486814
0.0015925
-0.000303457
-5.4663e-05
0.000682508
-0.000151787
3.23474e-05
-0.000670947
3.42602e-09
-5.67785e-05
-0.000978464
0.000151757
-5.67838e-05
-0.000978409
0.000303408
3.23336e-05
-0.000670983
0.000486805
-5.46975e-05
0.000682664
0.000545597
-0.000486829
0.00159255
0.000598788
0.000293523
5.03821e-05
0.000408579
0.000362303
-5.46762e-05
-0.000303457
0.000682547
-0.000126829
-0.000126823
0.00387544
5.67491e-05
-0.000167553
0.0014402
-1.72194e-08
6.22813e-05
-0.000511324
-5.67478e-05
6.22855e-05
-0.000511219
0.000126864
-0.000167543
0.00144028
5.47105e-05
-0.000126816
0.00387539
-5.03614e-05
-0.000303451
0.000682501
0.000408614
0.000362242
0.000183877
0.000160313
7.63229e-05
3.23732e-05
-0.000151793
-0.000670949
-0.000167526
5.67459e-05
0.00144022
-8.82749e-05
-8.82727e-05
-0.000122235
8.99378e-09
4.29181e-06
-0.000899769
8.82879e-05
4.29113e-06
-0.000899788
0.000167547
-8.8246e-05
-0.00012213
-3.23808e-05
5.67571e-05
0.00144023
-0.000183878
-0.00015179
-0.000670981
0.000160338
7.63045e-05
8.83553e-05
-3.32755e-08
-0.00102596
-5.67725e-05
3.97646e-09
-0.000978467
6.22857e-05
-2.57109e-08
-0.000511312
4.29329e-06
1.14657e-08
-0.000899757
4.91371e-09
4.916e-09
-0.00098866
-4.28522e-06
2.84671e-09
-0.000988673
-6.2276e-05
9.66868e-09
-0.000899744
5.67752e-05
-2.17401e-08
-0.000511253
-8.83468e-05
3.88938e-09
-0.000978459
-2.64401e-08
-0.00102599
8.83319e-05
-0.000160372
-0.00102585
-5.67796e-05
0.00015175
-0.000978391
6.22928e-05
-5.67494e-05
-0.000511182
4.293e-06
8.82944e-05
-0.000899788
3.19311e-09
-4.28309e-06
-0.000988684
-4.28779e-06
-4.28637e-06
-0.000988701
-6.22858e-05
8.82703e-05
-0.000899764
5.67787e-05
-5.67634e-05
-0.000511176
-8.83269e-05
0.000151751
-0.000978394
-0.000160386
-0.0010259
0.000183841
-0.000408645
7.63692e-05
3.23477e-05
0.000303389
-0.000670999
-0.000167516
0.000126869
0.0014403
-8.82374e-05
0.000167574
-0.000122084
6.99631e-09
-6.22683e-05
-0.000899734
8.82534e-05
-6.22758e-05
-0.000899743
0.000167535
0.000167566
-0.000122056
-3.23545e-05
0.000126855
0.00144026
-0.000183848
0.000303391
-0.00067101
-0.000408659
7.63627e-05
5.03321e-05
-0.000598793
0.000362321
-5.4718e-05
0.000486809
0.000682732
-0.000126814
5.47078e-05
0.00387534
5.67631e-05
-3.23719e-05
0.00144025
-1.28621e-08
5.67784e-05
-0.000511233
-5.67622e-05
5.67816e-05
-0.000511186
0.000126844
-3.23518e-05
0.00144026
5.47419e-05
5.47313e-05
0.00387526
-5.03251e-05
0.000486821
0.000682672
-0.000598804
0.000362281
-0.000545626
3.03984e-05
0.00029358
-0.00048683
0.0005456
0.00159255
-0.000303449
-5.0367e-05
0.000682442
-0.000151784
-0.00018388
-0.000670983
3.74412e-09
-8.83451e-05
-0.000978459
0.00015176
-8.83309e-05
-0.000978416
0.000303409
-0.00018386
-0.000671005
0.000486828
-5.03457e-05
0.000682561
0.000545625
0.000545613
0.0015926
3.03967e-05
0.000293566
-3.03902e-05
-0.00189439
0.000598802
0.000293507
0.000408633
0.000362235
0.000160353
7.63101e-05
-1.28043e-08
-0.00102598
-0.000160376
-0.00102592
-0.000408653
7.6349e-05
-0.000598806
0.000362261
3.03944e-05
0.000293534
-0.00189436
-7.097e-05
-7.09701e-05
-0.00175253
0.00063375
-0.000586109
0.000174924
0.00055246
3.86825e-05
0.000404923
0.000246633
0.000232116
0.000150044
-2.80186e-08
0.000116908
-0.000896193
-0.000246681
0.000116899
-0.000896121
-0.000552494
0.000232125
0.000150049
-0.000633769
3.8657e-05
0.000404937
7.09581e-05
-0.000586128
0.000174964
-7.09561e-05
-0.00175249
-0.000586102
0.000633746
0.000174925
-0.000475786
-0.000475793
0.00137187
-0.000289814
-1.17625e-05
0.000546981
-0.000127994
3.75577e-05
-0.000638209
-1.04601e-08
-3.6022e-05
-0.000953518
0.000127964
-3.60135e-05
-0.000953471
0.000289782
3.75274e-05
-0.000638202
0.000475791
-1.17733e-05
0.000547086
0.000586113
-0.000475804
0.0013719
0.000633776
0.000174904
3.86763e-05
0.000552454
0.000404919
-1.17823e-05
-0.000289814
0.000547027
-9.05039e-05
-9.05006e-05
0.00403289
9.16354e-05
-0.000186023
0.00148164
-1.6199e-09
8.47204e-05
-0.000540429
-9.16234e-05
8.47311e-05
-0.000540342
9.05359e-05
-0.000186053
0.0014817
1.18155e-05
-9.04994e-05
0.00403283
-3.86579e-05
-0.000289818
0.000546988
0.000552487
0.000404873
0.000232116
0.000246623
0.000150037
3.75715e-05
-0.000128001
-0.000638218
-0.000186006
9.16327e-05
0.00148166
-8.97728e-05
-8.97751e-05
-0.000314716
1.24298e-08
9.75412e-06
-0.000914588
8.97981e-05
9.75474e-06
-0.000914598
0.000186042
-8.97834e-05
-0.000314643
-3.75642e-05
9.16312e-05
0.00148171
-0.000232125
-0.000128008
-0.00063823
0.000246652
0.000150014
0.000116909
-4.35917e-08
-0.0008962
-3.60163e-05
-1.39164e-08
-0.000953529
8.47254e-05
-1.85301e-09
-0.000540419
9.75561e-06
1.54035e-08
-0.000914578
3.34615e-09
3.94112e-09
-0.000969157
-9.75141e-06
3.30364e-09
-0.000969167
-8.47318e-05
1.09802e-08
-0.000914558
3.60044e-05
1.15617e-09
-0.000540359
-0.0001169
-1.12214e-08
-0.000953552
-3.53785e-08
-0.000896201
0.000116898
-0.000246697
-0.000896097
-3.60054e-05
0.00012796
-0.000953461
8.47406e-05
-9.16179e-05
-0.000540312
9.75703e-06
8.98058e-05
-0.000914595
3.08778e-09
-9.74985e-06
-0.000969176
-9.75342e-06
-9.75219e-06
-0.000969189
-8.47488e-05
8.981e-05
-0.000914567
3.59909e-05
-9.16187e-05
-0.000540296
-0.000116891
0.000127972
-0.000953496
-0.000246711
-0.000896114
0.00023213
-0.000552503
0.000150046
3.75294e-05
0.000289773
-0.000638211
-0.000186047
9.05447e-05
0.00148171
-8.97847e-05
0.000186062
-0.000314602
7.8902e-09
-8.47263e-05
-0.00091455
8.98041e-05
-8.47394e-05
-0.000914552
0.000186066
0.000186078
-0.000314587
-3.75323e-05
9.05379e-05
0.0014817
-0.000232135
0.000289781
-0.000638216
-0.000552517
0.000150034
3.86419e-05
-0.000633772
0.000404948
-1.17856e-05
0.000475795
0.000547137
-9.04953e-05
1.18097e-05
0.00403278
9.16353e-05
-3.75597e-05
0.00148174
2.55838e-09
3.60065e-05
-0.000540333
-9.16239e-05
3.59972e-05
-0.000540296
9.05221e-05
-3.75363e-05
0.00148172
1.18204e-05
1.18183e-05
0.00403268
-3.86321e-05
0.000475802
0.000547103
-0.000633789
0.000404921
-0.000586132
7.09562e-05
0.000174984
-0.000475799
0.000586113
0.0013719
-0.000289811
-3.86648e-05
0.000546929
-0.000128
-0.00023213
-0.000638224
-7.2281e-09
-0.000116901
-0.000953545
0.000127977
-0.000116894
-0.00095351
0.000289786
-0.000232136
-0.000638214
0.000475801
-3.86485e-05
0.000547013
0.000586134
0.000586124
0.00137194
7.09464e-05
0.000174964
-7.09517e-05
-0.00175248
0.000633789
0.00017488
0.000552502
0.000404857
0.000246667
0.000150016
-2.04844e-08
-0.000896196
-0.000246701
-0.000896135
-0.000552517
0.000150029
-0.000633796
0.000404892
7.0944e-05
0.000174917
-0.00175247
-5.37429e-05
-5.37437e-05
-0.00164504
0.000661448
-0.000575022
3.47553e-05
0.000585298
5.47121e-05
0.00042636
0.000256537
0.000290146
0.00018866
-2.90048e-08
0.000135086
-0.000774713
-0.000256582
0.000135085
-0.000774652
-0.000585319
0.000290126
0.000188661
-0.000661495
5.47027e-05
0.00042641
5.36836e-05
-0.000575033
3.48182e-05
-5.36841e-05
-0.00164513
-0.000575018
0.000661445
3.47544e-05
-0.000451926
-0.000451933
0.00112569
-0.000281612
8.98385e-06
0.000422395
-0.000106316
8.34368e-05
-0.000606795
-1.00515e-08
-1.84692e-05
-0.000906269
0.000106304
-1.84559e-05
-0.000906245
0.000281602
8.34014e-05
-0.000606776
0.000451935
8.99463e-06
0.000422461
0.000575031
-0.000451932
0.00112571
0.000661502
3.47489e-05
5.47071e-05
0.000585295
0.000426361
8.97152e-06
-0.00028161
0.00042244
-7.55034e-05
-7.54982e-05
0.00420185
0.000109061
-0.000157053
0.00153757
-2.8537e-09
0.00010128
-0.000551115
-0.00010906
0.000101292
-0.000551033
7.55264e-05
-0.000157095
0.00153761
-8.95645e-06
-7.54928e-05
0.0042018
-5.46991e-05
-0.000281618
0.000422417
0.000585318
0.000426358
0.00029015
0.000256529
0.000188653
8.34393e-05
-0.000106318
-0.0006068
-0.000157047
0.000109058
0.00153759
-9.04131e-05
-9.04173e-05
-0.000447986
1.3643e-08
1.04199e-05
-0.000914155
9.04393e-05
1.04221e-05
-0.000914153
0.000157085
-9.04408e-05
-0.000447943
-8.34231e-05
0.000109057
0.00153766
-0.000290141
-0.000106329
-0.000606801
0.000256551
0.000188641
0.000135086
-4.35859e-08
-0.000774712
-1.84648e-05
-1.25883e-08
-0.000906284
0.000101285
-3.38134e-09
-0.000551107
1.04215e-05
1.70365e-08
-0.000914149
1.93323e-09
2.5336e-09
-0.00094832
-1.042e-05
2.92466e-09
-0.000948326
-0.000101298
1.07824e-08
-0.000914131
1.84491e-05
2.54648e-09
-0.000551052
-0.000135079
-9.71982e-09
-0.000906343
-3.58748e-08
-0.000774693
0.000135084
-0.000256594
-0.00077463
-1.84473e-05
0.000106306
-0.000906248
0.000101301
-0.000109056
-0.000551008
1.04247e-05
9.04482e-05
-0.00091415
2.57517e-09
-1.04186e-05
-0.000948333
-1.04219e-05
-1.04203e-05
-0.000948341
-0.000101314
9.04645e-05
-0.000914128
1.84299e-05
-0.000109049
-0.000550988
-0.000135079
0.000106317
-0.000906314
-0.000256604
-0.000774624
0.000290123
-0.000585323
0.000188651
8.33951e-05
0.000281603
-0.000606781
-0.0001571
7.55338e-05
0.00153762
-9.04454e-05
0.0001571
-0.000447908
7.26634e-09
-0.000101295
-0.000914126
9.0463e-05
-0.000101307
-0.000914121
0.000157117
0.000157121
-0.000447897
-8.33958e-05
7.55279e-05
0.00153764
-0.00029012
0.000281609
-0.000606783
-0.000585337
0.000188647
5.46958e-05
-0.000661502
0.000426432
8.99356e-06
0.000451942
0.000422501
-7.5489e-05
-8.96057e-06
0.00420176
0.000109059
-8.34205e-05
0.00153771
3.2113e-09
1.84493e-05
-0.000551021
-0.000109052
1.84362e-05
-0.000550985
7.55127e-05
-8.34015e-05
0.00153768
-8.97369e-06
-8.96919e-06
0.00420166
-5.46902e-05
0.000451937
0.000422491
-0.000661529
0.000426423
-0.000575033
5.36704e-05
3.48442e-05
-0.000451919
0.000575031
0.0011257
-0.000281609
-5.47061e-05
0.000422364
-0.000106323
-0.00029014
-0.00060679
-6.29288e-09
-0.000135081
-0.000906332
0.000106316
-0.000135081
-0.000906315
0.000281602
-0.000290124
-0.000606778
0.000451923
-5.47001e-05
0.000422422
0.000575036
0.000575033
0.00112574
5.36467e-05
3.48233e-05
-5.3669e-05
-0.00164514
0.000661523
3.47189e-05
0.000585331
0.000426342
0.000256563
0.000188644
-2.20741e-08
-0.000774692
-0.000256596
-0.000774642
-0.000585342
0.000188652
-0.00066154
0.000426389
5.36453e-05
3.47648e-05
-0.00164518
1.60287e-05
1.60286e-05
-0.0016771
0.000739537
-0.000593894
-9.48592e-05
0.000561425
5.20167e-05
0.000552457
0.000198316
0.000335459
0.000216309
-2.57289e-08
0.000134264
-0.000710635
-0.000198356
0.000134273
-0.000710595
-0.000561447
0.000335442
0.000216309
-0.000739531
5.20116e-05
0.000552483
-1.60214e-05
-0.000593888
-9.48037e-05
1.60214e-05
-0.00167717
-0.000593889
0.000739533
-9.48611e-05
-0.000464787
-0.000464796
0.000867485
-0.000292242
-2.6163e-06
0.000304482
-0.00010293
0.000135069
-0.000595718
-6.88662e-09
-1.7653e-05
-0.000857275
0.000102921
-1.76391e-05
-0.000857261
0.000292239
0.000135058
-0.000595711
0.000464791
-2.5675e-06
0.000304488
0.000593894
-0.000464782
0.000867497
0.00073953
-9.48661e-05
5.20105e-05
0.00056142
0.000552465
-2.6443e-06
-0.000292238
0.000304537
-7.08464e-05
-7.08403e-05
0.00433828
0.000125478
-9.74144e-05
0.00157372
-5.22935e-09
0.00010625
-0.000549535
-0.000125483
0.000106261
-0.000549456
7.08641e-05
-9.74457e-05
0.00157377
2.68048e-06
-7.08293e-05
0.00433825
-5.19919e-05
-0.000292236
0.000304543
0.000561434
0.000552462
0.000335462
0.000198309
0.000216302
0.000135066
-0.000102927
-0.000595715
-9.74141e-05
0.000125475
0.00157376
-7.85449e-05
-7.85484e-05
-0.000485721
9.66988e-09
1.29194e-05
-0.000899379
7.85614e-05
1.29233e-05
-0.000899367
9.74363e-05
-7.85671e-05
-0.000485696
-0.000135061
0.000125478
0.00157385
-0.000335453
-0.000102929
-0.000595716
0.000198323
0.000216299
0.000134263
-3.93605e-08
-0.000710627
-1.76499e-05
-8.48807e-09
-0.00085729
0.000106253
-7.50353e-09
-0.000549528
1.29212e-05
1.17439e-08
-0.000899377
-1.00172e-09
-1.20452e-09
-0.000922478
-1.29231e-05
3.98417e-10
-0.000922481
-0.000106265
6.06015e-09
-0.000899362
1.76357e-05
-4.10632e-10
-0.000549474
-0.000134266
-5.84675e-09
-0.000857365
-3.31873e-08
-0.000710603
0.000134276
-0.00019837
-0.000710576
-1.76318e-05
0.000102922
-0.00085727
0.000106268
-0.00012548
-0.000549436
1.29265e-05
7.85673e-05
-0.000899364
6.51759e-10
-1.29223e-05
-0.000922486
-1.29256e-05
-1.29237e-05
-0.000922491
-0.000106278
7.85804e-05
-0.00089935
1.76173e-05
-0.000125472
-0.000549413
-0.000134279
0.000102924
-0.000857348
-0.000198376
-0.00071056
0.00033544
-0.000561451
0.000216292
0.000135057
0.000292242
-0.000595718
-9.74514e-05
7.08709e-05
0.00157378
-7.85699e-05
9.7445e-05
-0.000485668
3.87014e-09
-0.000106265
-0.000899357
7.85806e-05
-0.000106275
-0.000899347
9.74596e-05
9.74598e-05
-0.000485656
-0.000135063
7.08642e-05
0.00157382
-0.000335435
0.000292236
-0.000595723
-0.000561462
0.000216299
5.20084e-05
-0.000739527
0.000552499
-2.55814e-06
0.0004648
0.000304509
-7.08242e-05
2.67672e-06
0.00433822
0.00012548
-0.000135063
0.00157391
1.58886e-09
1.76344e-05
-0.000549442
-0.000125474
1.76214e-05
-0.000549405
7.08478e-05
-0.000135065
0.00157388
2.60192e-06
2.62885e-06
0.00433814
-5.19944e-05
0.000464785
0.000304538
-0.000739529
0.000552496
-0.000593881
-1.60203e-05
-9.47807e-05
-0.000464765
0.000593897
0.000867486
-0.000292229
-5.19934e-05
0.000304498
-0.000102926
-0.000335452
-0.000595704
-3.54498e-09
-0.000134267
-0.000857352
0.000102922
-0.000134277
-0.000857342
0.000292225
-0.000335438
-0.000595707
0.000464764
-5.19945e-05
0.000304506
0.000593883
0.000593889
0.000867513
-1.60195e-05
-9.48035e-05
1.60207e-05
-0.00167719
0.000739535
-9.48982e-05
0.000561441
0.000552442
0.000198328
0.000216305
-2.06856e-08
-0.000710611
-0.000198362
-0.000710577
-0.000561461
0.000216312
-0.000739535
0.000552468
-1.60199e-05
-9.48608e-05
-0.00167722
-5.72743e-05
-5.72737e-05
-0.00156255
0.000583864
-0.000618394
-0.000117603
0.000378355
7.58103e-05
0.000682155
9.12434e-05
0.000373642
0.000129779
-2.88588e-08
0.000103352
-0.000722715
-9.12869e-05
0.000103364
-0.000722701
-0.000378406
0.000373679
0.00012975
-0.000583867
7.57871e-05
0.000682157
5.73071e-05
-0.000618396
-0.000117582
-5.72992e-05
-0.00156256
-0.000618389
0.000583857
-0.000117603
-0.000516964
-0.00051697
0.000664636
-0.000306115
-6.93935e-05
0.000238837
-9.88269e-05
0.000151074
-0.000580438
-2.42387e-09
-3.80248e-05
-0.000814722
9.88211e-05
-3.80128e-05
-0.000814707
0.000306114
0.000151108
-0.000580433
0.000516963
-6.93618e-05
0.000238788
0.000618389
-0.000516954
0.000664628
0.000583842
-0.000117618
7.58102e-05
0.000378346
0.000682166
-6.94043e-05
-0.000306107
0.000238889
-6.95492e-05
-6.9543e-05
0.00433857
0.000146499
-3.84148e-05
0.00154717
-4.63132e-09
0.000103898
-0.000544954
-0.000146501
0.000103907
-0.000544879
6.95647e-05
-3.8424e-05
0.00154724
6.9422e-05
-6.95279e-05
0.00433856
-7.57929e-05
-0.00030609
0.000238894
0.000378353
0.000682158
0.000373638
9.12367e-05
0.000129774
0.000151068
-9.88216e-05
-0.000580431
-3.84134e-05
0.000146498
0.0015472
-5.44666e-05
-5.44699e-05
-0.000453613
1.81878e-09
2.31371e-05
-0.000873087
5.44702e-05
2.31415e-05
-0.000873069
3.84119e-05
-5.44801e-05
-0.000453582
-0.000151086
0.000146502
0.00154732
-0.00037365
-9.88116e-05
-0.00058043
9.12475e-05
0.000129754
0.000103353
-4.36906e-08
-0.000722699
-3.8023e-05
-1.89157e-09
-0.000814734
0.000103899
-6.71288e-09
-0.000544945
2.31386e-05
9.07224e-10
-0.000873087
-3.2253e-09
-4.44351e-09
-0.000876194
-2.31425e-05
-2.65779e-09
-0.000876197
-0.000103906
-1.45562e-09
-0.000873077
3.80123e-05
3.75722e-10
-0.000544891
-0.000103365
-6.01052e-10
-0.000814798
-3.61613e-08
-0.000722685
0.000103371
-9.13024e-05
-0.000722688
-3.80079e-05
9.8821e-05
-0.000814714
0.00010391
-0.000146497
-0.000544863
2.31441e-05
5.44707e-05
-0.000873067
-1.49734e-09
-2.31432e-05
-0.000876201
-2.31449e-05
-2.31443e-05
-0.000876206
-0.000103915
5.448e-05
-0.000873061
3.79978e-05
-0.000146488
-0.000544837
-0.000103382
9.88116e-05
-0.00081478
-9.13043e-05
-0.000722675
0.000373697
-0.000378421
0.000129714
0.000151121
0.000306115
-0.000580437
-3.84248e-05
6.9572e-05
0.00154725
-5.44805e-05
3.84119e-05
-0.000453553
-4.32346e-10
-0.000103909
-0.000873071
5.44831e-05
-0.000103915
-0.000873059
3.84204e-05
3.84163e-05
-0.000453529
-0.000151137
6.95649e-05
0.00154733
-0.000373701
0.000306096
-0.000580443
-0.000378425
0.000129718
7.57805e-05
-0.000583868
0.000682166
-6.93503e-05
0.000516972
0.000238784
-6.95219e-05
6.94249e-05
0.00433854
0.000146504
-0.000151094
0.00154739
2.60108e-09
3.80095e-05
-0.00054486
-0.000146492
3.79988e-05
-0.000544824
6.95468e-05
-0.00015113
0.00154739
6.93687e-05
6.93905e-05
0.0043385
-7.57702e-05
0.000516956
0.000238817
-0.000583867
0.000682167
-0.000618392
5.73146e-05
-0.000117571
-0.000516939
0.000618394
0.000664611
-0.000306084
-7.57929e-05
0.000238862
-9.88103e-05
-0.000373656
-0.000580415
-3.38543e-10
-0.000103364
-0.000814789
9.88092e-05
-0.000103376
-0.000814777
0.000306083
-0.000373688
-0.000580422
0.000516936
-7.57777e-05
0.000238821
0.000618393
0.000618397
0.000664615
5.73185e-05
-0.000117596
-5.7303e-05
-0.00156257
0.00058384
-0.000117647
0.000378351
0.000682138
9.12498e-05
0.00012975
-2.29062e-08
-0.000722702
-9.12859e-05
-0.00072269
-0.0003784
0.000129738
-0.00058386
0.00068215
5.73136e-05
-0.000117637
-0.00156259
-0.00016319
-0.000163189
-0.00123617
0.000295083
-0.000580158
4.28235e-06
0.000132965
0.000158847
0.000685427
4.95512e-05
0.000333413
-0.00012022
-2.25139e-08
6.98307e-05
-0.000742972
-4.95815e-05
6.98411e-05
-0.000742983
-0.000133009
0.000333462
-0.000120284
-0.000295106
0.000158818
0.000685435
0.000163199
-0.000580162
4.27444e-06
-0.000163192
-0.00123617
-0.000580153
0.000295076
4.28481e-06
-0.000579964
-0.000579967
0.000664256
-0.00032563
-0.000136845
0.000280195
-9.03597e-05
9.93902e-05
-0.000581686
6.17931e-10
-6.7141e-05
-0.000768111
9.03621e-05
-6.71344e-05
-0.000768093
0.000325626
9.94376e-05
-0.000581672
0.000579952
-0.000136816
0.000280097
0.000580152
-0.000579955
0.000664221
0.000295071
4.271e-06
0.000158851
0.000132958
0.000685433
-0.000136852
-0.00032562
0.000280245
-5.37942e-05
-5.37908e-05
0.00417246
0.000180661
-8.08357e-06
0.00142018
-3.12012e-09
0.000100486
-0.000531917
-0.000180658
0.000100494
-0.000531853
5.38078e-05
-8.07833e-06
0.00142029
0.000136865
-5.37753e-05
0.00417246
-0.000158842
-0.000325594
0.000280241
0.000132961
0.000685425
0.000333408
4.95468e-05
-0.000120223
9.93878e-05
-9.03522e-05
-0.000581679
-8.07859e-06
0.000180659
0.00142021
-2.74234e-05
-2.74275e-05
-0.000414924
-6.58511e-09
3.51656e-05
-0.000835183
2.74159e-05
3.517e-05
-0.000835168
8.05858e-06
-2.74329e-05
-0.00041487
-9.94148e-05
0.000180662
0.00142036
-0.000333424
-9.03363e-05
-0.000581678
4.95576e-05
-0.000120266
6.98317e-05
-3.26901e-08
-0.000742952
-6.71407e-05
2.90343e-09
-0.000768116
0.000100485
-4.45083e-09
-0.000531907
3.51664e-05
-1.12858e-08
-0.000835185
-3.18874e-09
-4.90576e-09
-0.000805854
-3.51705e-05
-3.22985e-09
-0.000805857
-0.000100489
-9.87075e-09
-0.000835182
6.71358e-05
1.74687e-09
-0.000531856
-6.9845e-05
2.58406e-09
-0.000768156
-2.66463e-08
-0.000742946
6.98478e-05
-4.95928e-05
-0.000742976
-6.71333e-05
9.03647e-05
-0.000768095
0.000100494
-0.000180653
-0.000531842
3.5172e-05
2.7411e-05
-0.000835168
-1.56269e-09
-3.51725e-05
-0.00080586
-3.51727e-05
-3.51733e-05
-0.000805864
-0.000100494
2.74201e-05
-0.00083517
6.71281e-05
-0.00018064
-0.000531818
-6.98601e-05
9.03482e-05
-0.000768137
-4.95928e-05
-0.000742968
0.000333481
-0.000133021
-0.000120339
9.94522e-05
0.000325626
-0.000581669
-8.07606e-06
5.38148e-05
0.00142031
-2.74315e-05
8.05091e-06
-0.000414837
-5.35345e-09
-0.000100494
-0.000835176
2.74268e-05
-0.000100498
-0.000835167
8.06223e-06
8.0522e-06
-0.000414797
-9.94724e-05
5.38097e-05
0.00142041
-0.000333491
0.0003256
-0.000581676
-0.00013302
-0.000120345
0.000158811
-0.000295109
0.000685442
-0.000136802
0.000579958
0.000280065
-5.37693e-05
0.000136869
0.00417245
0.000180662
-9.94253e-05
0.00142044
3.68524e-09
6.71321e-05
-0.000531827
-0.000180643
6.71259e-05
-0.000531801
5.3794e-05
-9.94669e-05
0.00142047
0.000136812
0.000136834
0.00417245
-0.000158811
0.000579946
0.000280093
-0.000295101
0.000685437
-0.000580154
0.000163203
4.27101e-06
-0.000579943
0.00058016
0.000664198
-0.00032559
-0.000158845
0.000280223
-9.03356e-05
-0.000333428
-0.000581667
1.23934e-09
-6.98433e-05
-0.00076815
9.03415e-05
-6.98536e-05
-0.000768138
0.00032559
-0.000333472
-0.000581665
0.000579934
-0.000158826
0.000280136
0.000580155
0.000580165
0.000664175
0.000163209
4.24909e-06
-0.000163194
-0.00123617
0.000295065
4.25366e-06
0.000132956
0.000685401
4.95607e-05
-0.000120283
-1.73697e-08
-0.000742967
-4.95819e-05
-0.000742979
-0.000132997
-0.000120319
-0.000295087
0.000685414
0.000163206
4.23508e-06
-0.00123617
-8.7642e-05
-8.76414e-05
-0.00106089
0.000214013
-0.000542489
0.000245117
-1.18366e-05
0.00022367
0.000687606
5.23573e-05
0.000215207
-0.000399621
-5.73007e-09
3.80037e-05
-0.000728612
-5.23794e-05
3.80114e-05
-0.000728621
1.18102e-05
0.000215193
-0.000399667
-0.000214022
0.000223657
0.000687611
8.76446e-05
-0.00054247
0.000245079
-8.76423e-05
-0.00106088
-0.000542489
0.000214009
0.000245124
-0.000637877
-0.000637878
0.000855031
-0.000351963
-0.000195576
0.000413527
-8.461e-05
8.09461e-07
-0.000634641
3.97735e-09
-9.54538e-05
-0.000719267
8.46212e-05
-9.5452e-05
-0.000719247
0.000351963
8.17811e-07
-0.000634638
0.000637871
-0.000195555
0.0004134
0.000542492
-0.000637856
0.000854986
0.000214005
0.000245115
0.000223676
-1.18421e-05
0.000687608
-0.000195576
-0.000351956
0.000413575
-2.70372e-05
-2.70399e-05
0.00383539
0.000221997
-4.9969e-06
0.00117696
-5.48742e-09
9.7268e-05
-0.000502637
-0.000222004
9.72734e-05
-0.000502579
2.70353e-05
-4.992e-06
0.00117706
0.000195577
-2.70254e-05
0.00383539
-0.000223681
-0.000351933
0.000413576
-1.18421e-05
0.000687591
0.000215209
5.23523e-05
-0.000399626
8.10357e-07
-8.46026e-05
-0.000634634
-4.9927e-06
0.000221992
0.00117698
2.02822e-06
2.02405e-06
-0.000428966
-1.09077e-08
4.33311e-05
-0.000779207
-2.04366e-06
4.33364e-05
-0.000779198
4.97358e-06
2.02335e-06
-0.000428903
-8.20144e-07
0.000221997
0.00117713
-0.000215204
-8.45903e-05
-0.000634637
5.23563e-05
-0.000399669
3.80023e-05
-4.5034e-09
-0.000728597
-9.54546e-05
8.66201e-09
-0.00071927
9.72665e-05
-7.12008e-09
-0.000502629
4.33315e-05
-1.70122e-08
-0.000779209
-3.87749e-09
-6.13222e-09
-0.000719181
-4.33371e-05
-4.53915e-09
-0.000719183
-9.72691e-05
-1.3508e-08
-0.000779213
9.54542e-05
-2.26631e-09
-0.00050258
-3.80101e-05
7.5606e-09
-0.00071929
-3.47635e-09
-0.000728596
3.80143e-05
-5.23804e-05
-0.000728614
-9.5454e-05
8.46283e-05
-0.000719246
9.72725e-05
-0.000222004
-0.000502572
4.33387e-05
-2.05161e-06
-0.000779199
-2.34882e-09
-4.33401e-05
-0.000719185
-4.3341e-05
-4.3342e-05
-0.000719188
-9.72725e-05
-2.04436e-06
-0.000779207
9.54523e-05
-0.000221995
-0.00050255
-3.80219e-05
8.46141e-05
-0.00071927
-5.23794e-05
-0.000728614
0.00021518
1.18075e-05
-0.000399706
8.13418e-07
0.000351965
-0.00063464
-4.99157e-06
2.70359e-05
0.00117708
2.02529e-06
4.96584e-06
-0.000428872
-7.60381e-09
-9.72741e-05
-0.000779209
-2.03546e-06
-9.72763e-05
-0.000779205
4.9795e-06
4.96931e-06
-0.000428825
-8.24977e-07
2.70311e-05
0.00117719
-0.000215185
0.000351943
-0.000634645
1.18099e-05
-0.000399719
0.000223656
-0.000214019
0.000687613
-0.000195542
0.000637882
0.000413345
-2.70203e-05
0.00019558
0.00383539
0.000221998
-8.23452e-07
0.00117721
7.14856e-10
9.54505e-05
-0.000502555
-0.000221992
9.54481e-05
-0.000502532
2.70272e-05
-8.31971e-07
0.00117725
0.000195539
0.000195553
0.00383542
-0.000223666
0.000637863
0.000413378
-0.000214012
0.000687593
-0.000542449
8.76448e-05
0.000245057
-0.00063784
0.000542506
0.000854964
-0.000351929
-0.000223685
0.000413577
-8.45894e-05
-0.0002152
-0.00063463
4.11449e-09
-3.80102e-05
-0.000719283
8.46028e-05
-3.80183e-05
-0.00071927
0.000351932
-0.000215193
-0.000634634
0.000637838
-0.000223677
0.000413461
0.000542457
0.00054249
0.000854929
8.7649e-05
0.000245045
-8.76446e-05
-0.00106088
0.000214002
0.000245113
-1.18447e-05
0.000687563
5.2359e-05
-0.000399686
-3.83941e-09
-0.000728614
-5.23755e-05
-0.000728626
1.18207e-05
-0.000399708
-0.000214009
0.000687567
8.76499e-05
0.000245066
-0.00106087
1.24413e-05
1.24415e-05
-0.00108577
0.000313909
-0.000579369
0.000523018
-3.68952e-05
0.000188803
0.000849607
1.61666e-05
0.000140348
-0.000593032
1.33927e-08
1.27615e-05
-0.000725221
-1.61664e-05
1.27706e-05
-0.000725211
3.69055e-05
0.000140277
-0.000593016
-0.000313886
0.000188816
0.000849587
-1.24408e-05
-0.000579333
0.000522966
1.24412e-05
-0.00108577
-0.000579372
0.000313905
0.000523031
-0.000660804
-0.000660805
0.0010179
-0.000348963
-0.00023602
0.000526509
-8.17814e-05
-6.29618e-05
-0.000698512
2.62879e-09
-0.000115566
-0.000672724
8.17924e-05
-0.000115567
-0.0006727
0.000348964
-6.30009e-05
-0.000698531
0.000660804
-0.000236
0.000526375
0.000579377
-0.000660783
0.00101786
0.000313908
0.000523025
0.000188805
-3.68998e-05
0.000849608
-0.000236019
-0.000348961
0.000526555
-2.24543e-05
-2.24599e-05
0.00340826
0.000232507
-3.75728e-07
0.000859409
-8.50995e-09
9.15946e-05
-0.000477282
-0.000232522
9.15988e-05
-0.000477231
2.24423e-05
-3.76323e-07
0.000859467
0.000236015
-2.24526e-05
0.00340827
-0.000188811
-0.000348948
0.000526567
-3.68952e-05
0.000849583
0.000140355
1.61653e-05
-0.000593047
-6.29596e-05
-8.17761e-05
-0.000698504
-3.74306e-07
0.000232503
0.000859437
3.01191e-05
3.01164e-05
-0.000489952
-9.42737e-09
4.57797e-05
-0.000703264
-3.01355e-05
4.57854e-05
-0.000703259
3.6571e-07
3.01211e-05
-0.000489901
6.29723e-05
0.000232507
0.000859564
-0.000140337
-8.17687e-05
-0.000698507
1.61644e-05
-0.000593066
1.27577e-05
2.59829e-08
-0.000725216
-0.000115567
6.29908e-09
-0.000672728
9.15934e-05
-1.04356e-08
-0.000477276
4.57798e-05
-1.43789e-08
-0.000703264
-4.5295e-09
-7.27904e-09
-0.00062761
-4.5787e-05
-5.97575e-09
-0.000627609
-9.15969e-05
-1.18113e-08
-0.00070327
0.000115568
-7.23281e-09
-0.000477231
-1.27621e-05
5.99854e-09
-0.000672735
2.25545e-08
-0.000725216
1.27719e-05
-1.61573e-05
-0.000725203
-0.00011557
8.17996e-05
-0.000672698
9.15983e-05
-0.000232526
-0.000477224
4.57881e-05
-3.01434e-05
-0.00070326
-3.25482e-09
-4.57911e-05
-0.00062761
-4.57924e-05
-4.57939e-05
-0.000627611
-9.16e-05
-3.01428e-05
-0.000703269
0.000115569
-0.000232524
-0.000477202
-1.27752e-05
8.17906e-05
-0.00067271
-1.61585e-05
-0.000725209
0.000140235
3.69208e-05
-0.000593019
-6.30257e-05
0.000348966
-0.000698546
-3.78593e-07
2.24371e-05
0.000859469
3.01235e-05
3.61392e-07
-0.000489879
-6.86102e-09
-9.16015e-05
-0.000703268
-3.01356e-05
-9.16035e-05
-0.000703267
3.71685e-07
3.65952e-07
-0.000489841
6.30261e-05
2.24349e-05
0.000859576
-0.000140237
0.000348954
-0.000698546
3.69151e-05
-0.00059303
0.000188825
-0.000313868
0.000849576
-0.000235988
0.000660816
0.000526308
-2.24518e-05
0.00023602
0.00340827
0.000232509
6.29763e-05
0.000859634
-3.77219e-09
0.000115565
-0.000477208
-0.000232518
0.000115565
-0.000477186
2.24435e-05
6.3006e-05
0.000859654
0.000235985
0.000235999
0.00340832
-0.000188831
0.000660797
0.000526351
-0.000313872
0.000849549
-0.000579306
-1.24409e-05
0.000522936
-0.000660766
0.000579396
0.00101785
-0.000348944
-0.000188806
0.000526581
-8.17682e-05
-0.00014033
-0.0006985
3.22725e-09
-1.27652e-05
-0.000672725
8.17805e-05
-1.2774e-05
-0.000672709
0.000348947
-0.000140274
-0.000698521
0.00066077
-0.00018882
0.000526457
0.000579319
0.000579365
0.00101781
-1.2441e-05
0.000522933
1.24413e-05
-0.00108576
0.000313921
0.000523029
-3.68842e-05
0.000849563
1.61663e-05
-0.000593067
1.20279e-08
-0.000725225
-1.61662e-05
-0.000725221
3.68929e-05
-0.00059304
-0.000313901
0.00084954
-1.24412e-05
0.000522972
-0.00108576
-3.40959e-05
-3.40935e-05
-0.00101758
0.000385301
-0.000608455
0.000712076
3.584e-05
0.000114079
0.00108499
-1.53588e-05
0.000126661
-0.000668493
2.01968e-08
-2.11516e-06
-0.000738485
1.53731e-05
-2.10611e-06
-0.000738458
-3.58186e-05
0.000126594
-0.000668419
-0.000385276
0.000114112
0.00108493
3.40942e-05
-0.000608414
0.00071201
-3.40904e-05
-0.00101758
-0.000608456
0.000385299
0.000712095
-0.000663517
-0.000663518
0.00112802
-0.000335294
-0.000250869
0.000563234
-7.9972e-05
-7.97225e-05
-0.000747451
-1.19866e-09
-0.000124785
-0.000630025
7.99804e-05
-0.000124787
-0.000630001
0.000335287
-7.97634e-05
-0.00074748
0.000663507
-0.000250852
0.000563119
0.000608461
-0.000663498
0.00112799
0.000385316
0.00071208
0.000114077
3.58337e-05
0.001085
-0.00025087
-0.000335295
0.000563279
-3.10874e-05
-3.10923e-05
0.0029687
0.000217708
5.13706e-06
0.000525754
-7.5195e-09
8.23512e-05
-0.000466702
-0.000217715
8.23529e-05
-0.000466662
3.10797e-05
5.13855e-06
0.00052577
0.000250866
-3.11012e-05
0.00296873
-0.000114082
-0.000335289
0.000563306
3.5851e-05
0.00108497
0.000126665
-1.53584e-05
-0.00066852
-7.97227e-05
-7.99679e-05
-0.000747443
5.13614e-06
0.000217706
0.00052578
4.3444e-05
4.34418e-05
-0.000566564
-9.03651e-09
4.19425e-05
-0.000619402
-4.34621e-05
4.1946e-05
-0.000619399
-5.1423e-06
4.34503e-05
-0.000566533
7.97379e-05
0.000217702
0.000525881
-0.000126652
-7.99626e-05
-0.000747444
-1.53572e-05
-0.000668509
-2.11903e-06
3.61606e-08
-0.000738491
-0.000124785
2.31058e-10
-0.00063003
8.23505e-05
-8.0549e-09
-0.000466699
4.19429e-05
-1.38474e-08
-0.000619401
-4.64034e-09
-7.53741e-09
-0.000543712
-4.19503e-05
-6.73266e-09
-0.000543711
-8.23547e-05
-1.13929e-08
-0.000619404
0.000124785
-6.79389e-09
-0.000466662
2.11544e-06
8.80973e-10
-0.000630028
3.21298e-08
-0.00073849
-2.10519e-06
1.53892e-05
-0.000738451
-0.00012479
7.99858e-05
-0.000629998
8.23518e-05
-0.000217717
-0.000466657
4.19479e-05
-4.34707e-05
-0.000619399
-3.8428e-09
-4.19548e-05
-0.000543711
-4.19539e-05
-4.19569e-05
-0.000543711
-8.23554e-05
-4.34738e-05
-0.000619405
0.000124789
-0.000217716
-0.000466637
2.10343e-06
7.99791e-05
-0.000630003
1.53846e-05
-0.000738458
0.000126556
-3.57953e-05
-0.00066839
-7.97873e-05
0.000335284
-0.000747501
5.13814e-06
3.10736e-05
0.000525752
4.34538e-05
-5.14666e-06
-0.000566518
-6.66282e-09
-8.23591e-05
-0.000619403
-4.34674e-05
-8.23598e-05
-0.000619403
-5.14172e-06
-5.14524e-06
-0.000566496
7.97915e-05
3.10805e-05
0.000525846
-0.000126559
0.000335281
-0.000747497
-3.58113e-05
-0.000668393
0.000114133
-0.000385255
0.0010849
-0.000250842
0.000663511
0.000563056
-3.11083e-05
0.000250872
0.00296873
0.000217702
7.97416e-05
0.000525936
-4.70026e-09
0.000124783
-0.000466644
-0.000217711
0.000124784
-0.000466625
3.10974e-05
7.9773e-05
0.000525928
0.000250843
0.000250858
0.00296879
-0.00011413
0.000663496
0.00056311
-0.000385272
0.00108488
-0.000608388
3.40926e-05
0.000711976
-0.000663487
0.000608478
0.00112798
-0.000335291
-0.000114071
0.000563328
-7.99628e-05
-0.000126649
-0.000747437
1.36037e-10
2.11151e-06
-0.000630016
7.99716e-05
2.10359e-06
-0.00063
0.000335286
-0.000126596
-0.000747466
0.000663482
-0.0001141
0.000563219
0.0006084
0.000608445
0.00112794
3.40889e-05
0.000711972
-3.40903e-05
-0.00101758
0.000385338
0.000712079
3.58746e-05
0.00108495
-1.53537e-05
-0.000668488
1.80417e-08
-0.000738485
1.53666e-05
-0.000738466
-3.58537e-05
-0.000668416
-0.000385313
0.0010849
3.40888e-05
0.000712016
-0.00101758
-0.000117059
-0.000117056
-0.000783468
0.000384801
-0.000615479
0.000825695
0.000129939
7.06026e-05
0.00126925
8.57468e-06
0.000129979
-0.000677108
5.64648e-09
-3.2382e-06
-0.000726677
-8.5754e-06
-3.22852e-06
-0.000726649
-0.000129944
0.000129964
-0.000677014
-0.000384801
7.0635e-05
0.00126915
0.000117054
-0.000615455
0.000825611
-0.000117048
-0.000783479
-0.000615476
0.000384799
0.000825716
-0.000664061
-0.000664064
0.00122519
-0.00033056
-0.000254814
0.000555149
-8.4508e-05
-7.94943e-05
-0.00078403
-5.43552e-09
-0.000124988
-0.000592778
8.45126e-05
-0.000124989
-0.000592758
0.000330553
-7.95037e-05
-0.000784053
0.000664045
-0.000254797
0.00055506
0.000615477
-0.000664046
0.00122515
0.000384822
0.000825686
7.05997e-05
0.000129931
0.00126926
-0.000254817
-0.00033056
0.000555192
-2.75543e-05
-2.7556e-05
0.00251418
0.000218862
2.30525e-06
0.000197538
-6.33111e-09
7.14768e-05
-0.000444298
-0.00021886
7.14764e-05
-0.000444274
2.75574e-05
2.31284e-06
0.000197536
0.000254812
-2.75724e-05
0.00251425
-7.06061e-05
-0.000330556
0.000555234
0.000129953
0.00126923
0.000129975
8.57196e-06
-0.000677136
-7.94988e-05
-8.45053e-05
-0.000784024
2.30398e-06
0.000218862
0.00019756
3.47883e-05
3.47859e-05
-0.000631529
-8.65632e-09
3.29575e-05
-0.000546086
-3.48072e-05
3.296e-05
-0.000546084
-2.31395e-06
3.47958e-05
-0.000631509
7.95048e-05
0.000218852
0.000197637
-0.000129975
-8.45016e-05
-0.000784018
8.57984e-06
-0.000677111
-3.24127e-06
1.15933e-08
-0.000726689
-0.000124988
-6.95237e-09
-0.000592782
7.14767e-05
-5.31522e-09
-0.000444296
3.29584e-05
-1.32535e-08
-0.000546084
-4.85158e-09
-7.68493e-09
-0.000477784
-3.29663e-05
-7.12833e-09
-0.000477782
-7.1481e-05
-1.09363e-08
-0.000546083
0.000124987
-4.47309e-09
-0.000444273
3.23685e-06
-5.30528e-09
-0.000592774
1.08686e-08
-0.000726684
-3.22655e-06
-8.5681e-06
-0.000726644
-0.000124992
8.45156e-05
-0.000592756
7.14754e-05
-0.000218859
-0.000444271
3.29621e-05
-3.48161e-05
-0.000546083
-4.25882e-09
-3.29705e-05
-0.000477782
-3.29691e-05
-3.29721e-05
-0.000477781
-7.14797e-05
-3.48208e-05
-0.000546084
0.000124991
-0.000218855
-0.000444256
3.22442e-06
8.45114e-05
-0.000592753
-8.57524e-06
-0.000726647
0.000129954
-0.000129936
-0.000676976
-7.95098e-05
0.000330549
-0.00078407
2.31539e-06
2.75565e-05
0.000197512
3.48001e-05
-2.31968e-06
-0.000631499
-6.42234e-09
-7.14849e-05
-0.000546082
-3.48146e-05
-7.14844e-05
-0.000546082
-2.32197e-06
-2.32385e-06
-0.000631485
7.95133e-05
2.7567e-05
0.000197589
-0.000129957
0.000330547
-0.000784062
-0.000129952
-0.000676972
7.06561e-05
-0.000384797
0.00126911
-0.000254787
0.000664042
0.000555006
-2.7581e-05
0.000254819
0.00251427
0.00021885
7.95048e-05
0.00019768
-3.9647e-09
0.000124985
-0.00044426
-0.000218852
0.000124986
-0.000444247
2.7578e-05
7.95101e-05
0.000197664
0.000254788
0.000254806
0.00251434
-7.0652e-05
0.000664032
0.000555065
-0.000384815
0.00126909
-0.000615441
0.00011705
0.00082557
-0.00066404
0.000615486
0.00122513
-0.000330557
-7.05968e-05
0.000555262
-8.45015e-05
-0.000129979
-0.000784009
-3.63933e-09
3.23339e-06
-0.000592763
8.45065e-05
3.22532e-06
-0.000592749
0.000330552
-0.000129969
-0.000784033
0.00066403
-7.06223e-05
0.00055517
0.000615445
0.000615468
0.00122509
0.000117045
0.000825558
-0.000117047
-0.000783483
0.000384839
0.000825679
0.000129973
0.00126922
8.58711e-06
-0.000677081
5.3421e-09
-0.00072667
-8.58725e-06
-0.000726648
-0.000129975
-0.000676997
-0.000384836
0.00126914
0.000117045
0.000825603
-0.000783489
-5.81602e-05
-5.8159e-05
-0.000667149
0.000459154
-0.000642643
0.000951024
0.000175601
5.36396e-05
0.00149916
2.90536e-05
0.000104103
-0.000634663
-1.55876e-08
-1.28387e-06
-0.000696324
-2.90802e-05
-1.27719e-06
-0.000696307
-0.000175628
0.000104135
-0.000634601
-0.000459164
5.36396e-05
0.00149905
5.81634e-05
-0.000642649
0.000950931
-5.81638e-05
-0.000667152
-0.000642635
0.000459151
0.000951041
-0.000659858
-0.000659863
0.00125964
-0.000320325
-0.000272717
0.000541973
-9.92469e-05
-8.64792e-05
-0.000814526
-7.03564e-09
-0.000123019
-0.000570282
9.92496e-05
-0.000123022
-0.00057027
0.00032032
-8.64602e-05
-0.000814528
0.000659843
-0.000272704
0.000541879
0.000642635
-0.00065986
0.00125957
0.000459154
0.000951004
5.36426e-05
0.000175594
0.00149918
-0.000272718
-0.000320325
0.000542013
-3.35789e-06
-3.35539e-06
0.00197546
0.00022833
-1.17062e-05
-0.000108923
-6.31818e-09
5.58999e-05
-0.000394881
-0.000228334
5.58976e-05
-0.000394866
3.3605e-06
-1.16982e-05
-0.00010892
0.000272722
-3.35254e-06
0.00197554
-5.3639e-05
-0.00032032
0.000542055
0.000175607
0.00149914
0.000104093
2.90483e-05
-0.000634683
-8.64872e-05
-9.92453e-05
-0.000814523
-1.17067e-05
0.00022833
-0.000108906
4.95501e-06
4.95234e-06
-0.00066485
-6.47544e-09
1.99102e-05
-0.000505134
-4.97267e-06
1.99109e-05
-0.000505131
1.16968e-05
4.96019e-06
-0.000664837
8.64905e-05
0.00022833
-0.000108839
-0.000104095
-9.92435e-05
-0.000814509
2.90593e-05
-0.000634659
-1.28497e-06
-2.44963e-08
-0.000696332
-0.000123018
-9.94915e-09
-0.000570284
5.59003e-05
-4.17784e-09
-0.000394881
1.99114e-05
-9.93137e-09
-0.000505132
-4.25497e-09
-6.71504e-09
-0.000437951
-1.9919e-05
-6.47089e-09
-0.00043795
-5.59048e-05
-8.27885e-09
-0.000505129
0.000123017
-3.0218e-09
-0.000394862
1.28155e-06
-8.26715e-09
-0.000570274
-2.12935e-08
-0.000696322
-1.27509e-06
-2.90887e-05
-0.000696305
-0.000123024
9.9251e-05
-0.000570268
5.58962e-05
-0.000228333
-0.000394862
1.99125e-05
-4.98124e-06
-0.000505128
-3.96012e-09
-1.99227e-05
-0.000437949
-1.99198e-05
-1.99232e-05
-0.000437949
-5.59013e-05
-4.98484e-06
-0.000505126
0.000123022
-0.000228334
-0.000394849
1.2734e-06
9.9249e-05
-0.000570261
-2.90942e-05
-0.000696301
0.000104151
-0.000175637
-0.00063458
-8.64499e-05
0.000320317
-0.000814535
-1.16953e-05
3.36296e-06
-0.000108938
4.9637e-06
1.16909e-05
-0.000664831
-4.85521e-09
-5.59087e-05
-0.000505128
-4.97794e-06
-5.59067e-05
-0.000505126
1.16881e-05
1.16856e-05
-0.000664822
8.64563e-05
3.3584e-06
-0.000108872
-0.000104148
0.000320314
-0.000814523
-0.000175644
-0.00063457
5.36469e-05
-0.000459169
0.00149899
-0.00027269
0.000659836
0.000541823
-3.34989e-06
0.000272734
0.00197555
0.000228331
8.64892e-05
-0.000108799
-3.60926e-09
0.000123017
-0.00039485
-0.000228335
0.000123019
-0.000394842
3.35184e-06
8.64697e-05
-0.000108807
0.000272697
0.000272722
0.00197563
-5.36409e-05
0.000659837
0.000541879
-0.000459172
0.00149898
-0.000642651
5.8164e-05
0.000950888
-0.000659861
0.000642636
0.00125954
-0.000320321
-5.36292e-05
0.000542084
-9.92432e-05
-0.000104101
-0.000814496
-5.37002e-09
1.28013e-06
-0.000570264
9.9246e-05
1.27476e-06
-0.000570256
0.000320317
-0.000104132
-0.000814503
0.000659848
-5.36268e-05
0.000541988
0.000642649
0.000642643
0.00125949
5.81653e-05
0.000950869
-5.81681e-05
-0.000667151
0.000459155
0.000950992
0.000175616
0.00149913
2.90675e-05
-0.000634634
-1.35517e-08
-0.000696309
-2.90908e-05
-0.000696296
-0.000175641
-0.000634578
-0.000459168
0.00149904
5.81677e-05
0.000950911
-0.000667156
-3.59884e-05
-3.59874e-05
-0.000595173
0.000463539
-0.000661533
0.00111303
0.000164409
2.2977e-05
0.00177532
2.37031e-05
5.52883e-05
-0.000549245
-2.02767e-08
2.05373e-06
-0.000674655
-2.37351e-05
2.05831e-06
-0.00067465
-0.000164439
5.53079e-05
-0.000549205
-0.000463555
2.29376e-05
0.00177523
3.59871e-05
-0.000661555
0.00111294
-3.59857e-05
-0.000595179
-0.000661525
0.000463538
0.00111304
-0.000631002
-0.000631009
0.00119859
-0.000303879
-0.000279264
0.00051709
-0.000120809
-0.000107174
-0.000835133
-4.11947e-09
-0.000119742
-0.000569292
0.000120814
-0.000119745
-0.000569285
0.000303869
-0.00010716
-0.000835116
0.000630986
-0.000279272
0.000516973
0.000661526
-0.000631016
0.00119849
0.00046354
0.001113
2.29863e-05
0.000164405
0.00177533
-0.000279261
-0.000303878
0.00051713
4.85914e-05
4.85987e-05
0.00131975
0.00020162
-3.06887e-05
-0.000338437
-5.83083e-09
3.43816e-05
-0.000347378
-0.000201629
3.43784e-05
-0.000347367
-4.85936e-05
-3.06842e-05
-0.000338431
0.000279273
4.86259e-05
0.00131977
-2.29698e-05
-0.000303873
0.000517155
0.000164411
0.0017753
5.52818e-05
2.36986e-05
-0.000549258
-0.00010718
-0.000120808
-0.000835132
-3.06876e-05
0.000201622
-0.000338422
-2.70808e-05
-2.70838e-05
-0.000672061
-3.90047e-09
6.52004e-06
-0.00050435
2.70658e-05
6.52023e-06
-0.000504342
3.06759e-05
-2.70794e-05
-0.000672052
0.000107183
0.000201636
-0.000338356
-5.52792e-05
-0.000120809
-0.000835111
2.37074e-05
-0.000549234
2.05402e-06
-3.31386e-08
-0.000674654
-0.00011974
-5.54976e-09
-0.000569292
3.43825e-05
-3.67014e-09
-0.000347377
6.52144e-06
-5.95548e-09
-0.000504349
-3.47211e-09
-5.4218e-09
-0.000424901
-6.52857e-06
-5.31652e-09
-0.000424899
-3.43878e-05
-5.08586e-09
-0.000504344
0.00011974
-2.82584e-09
-0.000347352
-2.05711e-06
-4.68055e-09
-0.000569281
-2.97047e-08
-0.000674642
2.06029e-06
-2.37494e-05
-0.000674649
-0.000119747
0.000120816
-0.000569282
3.43769e-05
-0.000201628
-0.000347361
6.5217e-06
2.70583e-05
-0.000504337
-3.309e-09
-6.53177e-06
-0.000424898
-6.5287e-06
-6.53189e-06
-0.000424897
-3.4383e-05
2.70569e-05
-0.000504334
0.000119746
-0.000201641
-0.00034734
-2.06177e-06
0.000120816
-0.000569274
-2.37524e-05
-0.00067464
5.53198e-05
-0.000164451
-0.000549198
-0.000107151
0.000303863
-0.00083511
-3.06833e-05
-4.85916e-05
-0.000338443
-2.70772e-05
3.06687e-05
-0.000672047
-3.00842e-09
-3.43916e-05
-0.000504342
2.70644e-05
-3.43888e-05
-0.000504336
3.06734e-05
3.06665e-05
-0.00067204
0.000107156
-4.86163e-05
-0.00033838
-5.53152e-05
0.000303859
-0.000835094
-0.000164453
-0.000549184
2.29293e-05
-0.000463565
0.00177518
-0.000279266
0.000630975
0.000516906
4.86411e-05
0.000279283
0.00131977
0.000201643
0.000107184
-0.000338316
-3.6195e-09
0.000119741
-0.000347336
-0.00020165
0.000119744
-0.000347329
-4.86383e-05
0.000107168
-0.000338321
0.000279275
0.000279289
0.00131981
-2.29207e-05
0.000630984
0.000516949
-0.000463565
0.00177517
-0.000661566
3.59852e-05
0.0011129
-0.000631022
0.000661523
0.00119845
-0.000303874
-2.29605e-05
0.000517179
-0.00012081
-5.52803e-05
-0.000835096
-3.13314e-09
-2.05679e-06
-0.000569273
0.000120814
-2.05999e-06
-0.000569269
0.000303866
-5.53009e-05
-0.000835085
0.000631005
-2.2926e-05
0.000517064
0.000661563
0.000661544
0.00119837
3.59844e-05
0.00111288
-3.59849e-05
-0.000595181
0.000463539
0.00111299
0.000164413
0.0017753
2.37133e-05
-0.000549214
-1.81839e-08
-0.000674634
-2.37417e-05
-0.000674633
-0.00016444
-0.000549181
-0.000463554
0.00177523
3.59845e-05
0.00111292
-0.000595187
-6.00874e-05
-6.00858e-05
-0.000475
0.000417942
-0.00065062
0.00128562
0.000145275
2.68596e-05
0.00202112
1.86158e-05
2.7829e-05
-0.000450415
-1.06542e-08
1.07382e-05
-0.000666766
-1.86329e-05
1.07402e-05
-0.000666768
-0.000145302
2.78304e-05
-0.000450367
-0.000417958
2.68065e-05
0.00202108
6.00866e-05
-0.00065064
0.00128554
-6.00821e-05
-0.000475011
-0.000650614
0.000417942
0.00128563
-0.000589556
-0.000589562
0.00107647
-0.000298411
-0.00023472
0.000487525
-0.000138744
-0.00011995
-0.000847021
-2.01655e-09
-0.000107684
-0.000589611
0.000138752
-0.000107689
-0.00058961
0.000298409
-0.000119947
-0.000846995
0.000589542
-0.000234758
0.000487404
0.000650613
-0.000589573
0.00107636
0.000417947
0.00128559
2.68691e-05
0.000145272
0.00202113
-0.000234712
-0.000298411
0.000487561
9.16228e-05
9.16243e-05
0.000667068
0.000148471
-4.63465e-05
-0.000468889
-3.15407e-09
1.45217e-05
-0.00032111
-0.000148476
1.45169e-05
-0.0003211
-9.16245e-05
-4.63458e-05
-0.000468884
0.000234724
9.16263e-05
0.00066704
-2.68483e-05
-0.000298413
0.000487568
0.000145278
0.00202112
2.78268e-05
1.86138e-05
-0.000450427
-0.000119952
-0.000138742
-0.000847022
-4.63454e-05
0.000148473
-0.000468878
-4.41975e-05
-4.41992e-05
-0.000676356
-2.71365e-09
-2.7455e-06
-0.000531277
4.41896e-05
-2.74696e-06
-0.000531271
4.63379e-05
-4.41975e-05
-0.000676349
0.000119955
0.000148481
-0.000468828
-2.78234e-05
-0.000138746
-0.000847
1.86179e-05
-0.000450398
1.07384e-05
-1.70843e-08
-0.000666762
-0.000107683
-2.90378e-09
-0.00058961
1.45232e-05
-2.23617e-09
-0.000321108
-2.74372e-06
-4.26992e-09
-0.000531277
-1.7196e-09
-2.7663e-09
-0.000430386
2.73715e-06
-2.8432e-09
-0.000430382
-1.45278e-05
-3.63356e-09
-0.000531273
0.000107682
-2.38566e-09
-0.000321078
-1.07413e-05
-2.61245e-09
-0.000589601
-1.59544e-08
-0.00066675
1.07411e-05
-1.86402e-05
-0.000666767
-0.000107691
0.000138754
-0.000589607
1.45151e-05
-0.000148476
-0.000321094
-2.74624e-06
4.41855e-05
-0.000531266
-1.81696e-09
2.73435e-06
-0.00043038
2.73942e-06
2.73566e-06
-0.000430376
-1.45207e-05
4.41851e-05
-0.000531262
0.00010769
-0.000148484
-0.000321069
-1.07428e-05
0.000138756
-0.000589599
-1.86422e-05
-0.000666756
2.78327e-05
-0.000145314
-0.000450358
-0.000119945
0.000298406
-0.000846984
-4.63464e-05
-9.16254e-05
-0.000468891
-4.41964e-05
4.6333e-05
-0.000676344
-2.08527e-09
-1.45307e-05
-0.000531271
4.41895e-05
-1.45266e-05
-0.000531266
4.63393e-05
4.63333e-05
-0.000676338
0.000119947
-9.16286e-05
-0.000468843
-2.78311e-05
0.000298407
-0.000846968
-0.000145315
-0.000450343
2.67915e-05
-0.000417968
0.00202104
-0.000234769
0.000589533
0.000487339
9.16282e-05
0.000234729
0.000667022
0.000148486
0.000119956
-0.000468798
-2.59211e-09
0.000107683
-0.000321061
-0.000148491
0.000107688
-0.000321055
-9.16305e-05
0.000119952
-0.000468799
0.000234772
0.000234763
0.000667021
-2.67812e-05
0.000589546
0.000487363
-0.000417968
0.00202104
-0.00065065
6.00848e-05
0.0012855
-0.000589579
0.00065061
0.0010763
-0.000298417
-2.68384e-05
0.000487584
-0.000138749
-2.78214e-05
-0.000846987
-1.67716e-09
-1.07414e-05
-0.000589596
0.000138755
-1.07424e-05
-0.000589595
0.000298414
-2.78254e-05
-0.000846967
0.000589565
-2.67925e-05
0.000487469
0.000650646
0.000650629
0.00107621
6.00843e-05
0.00128548
-6.00796e-05
-0.000475017
0.000417948
0.00128557
0.000145279
0.00202113
1.86203e-05
-0.000450377
-9.92715e-09
-0.000666746
-1.8636e-05
-0.000666749
-0.000145302
-0.00045034
-0.000417959
0.00202109
6.00822e-05
0.0012855
-0.000475021
-8.33504e-05
-8.33481e-05
-0.000308301
0.000393222
-0.000617168
0.00142622
0.000144396
5.55964e-05
0.00221435
3.43469e-05
3.55041e-05
-0.00037587
2.63198e-10
2.25864e-05
-0.000655006
-3.43505e-05
2.25886e-05
-0.000655006
-0.000144421
3.55056e-05
-0.000375801
-0.000393231
5.55503e-05
0.00221434
8.33588e-05
-0.000617185
0.00142613
-8.33511e-05
-0.000308301
-0.000617164
0.000393222
0.00142622
-0.000554984
-0.000554988
0.000952113
-0.000302698
-0.000218714
0.00050955
-0.00014554
-0.000107247
-0.000861428
6.86611e-10
-8.61781e-05
-0.000626388
0.000145552
-8.61827e-05
-0.00062639
0.000302711
-0.000107243
-0.000861405
0.000554982
-0.000218766
0.00050945
0.000617163
-0.000555003
0.000951993
0.000393225
0.00142618
5.56058e-05
0.000144393
0.00221435
-0.000218704
-0.000302697
0.000509579
4.64168e-05
4.6413e-05
0.00013682
8.50642e-05
-5.57465e-05
-0.000559037
-2.55847e-10
2.95632e-06
-0.00032518
-8.50618e-05
2.95091e-06
-0.000325172
-4.64063e-05
-5.57469e-05
-0.000559035
0.000218712
4.63861e-05
0.000136769
-5.55938e-05
-0.000302706
0.000509576
0.000144401
0.00221435
3.55026e-05
3.43462e-05
-0.000375883
-0.000107249
-0.000145537
-0.00086143
-5.57464e-05
8.50644e-05
-0.000559031
-4.66321e-05
-4.66326e-05
-0.000694585
-1.55543e-09
-9.21417e-06
-0.000565738
4.66293e-05
-9.21588e-06
-0.000565735
5.57436e-05
-4.66322e-05
-0.000694577
0.000107249
8.50604e-05
-0.000559007
-3.55023e-05
-0.000145543
-0.000861412
3.43486e-05
-0.000375848
2.2586e-05
1.86062e-09
-0.000655003
-8.61766e-05
9.71508e-10
-0.000626386
2.95802e-06
1.53032e-10
-0.000325178
-9.21279e-06
-2.47295e-09
-0.000565737
-1.31541e-09
-2.18885e-09
-0.000448809
9.20861e-06
-2.41074e-09
-0.000448806
-2.96149e-06
-2.04211e-09
-0.000565733
8.61758e-05
-9.03322e-10
-0.000325155
-2.25897e-05
7.13872e-10
-0.000626379
1.04569e-09
-0.000654992
2.25894e-05
-3.43498e-05
-0.000655005
-8.61848e-05
0.000145557
-0.000626389
2.94848e-06
-8.50601e-05
-0.000325167
-9.2158e-06
4.66276e-05
-0.000565731
-1.58045e-09
9.20683e-06
-0.000448803
9.21108e-06
9.20817e-06
-0.0004488
-2.95329e-06
4.66276e-05
-0.000565728
8.61831e-05
-8.50592e-05
-0.000325147
-2.25919e-05
0.000145559
-0.000626382
-3.43529e-05
-0.000654994
3.55064e-05
-0.000144432
-0.000375782
-0.00010724
0.000302716
-0.000861396
-5.57476e-05
-4.64023e-05
-0.000559041
-4.66319e-05
5.57412e-05
-0.000694574
-1.09982e-09
-2.96348e-06
-0.000565732
4.66295e-05
-2.95887e-06
-0.000565729
5.57449e-05
5.57417e-05
-0.000694568
0.00010724
-4.63823e-05
-0.000559015
-3.55075e-05
0.000302721
-0.000861382
-0.000144434
-0.000375769
5.55337e-05
-0.000393236
0.00221431
-0.000218786
0.00055498
0.000509394
4.63762e-05
0.000218716
0.000136742
8.50603e-05
0.000107249
-0.00055899
-1.08501e-09
8.61761e-05
-0.000325139
-8.50606e-05
8.61803e-05
-0.000325135
-4.63738e-05
0.000107245
-0.000558989
0.000218785
0.000218762
0.000136718
-5.55296e-05
0.000554995
0.000509404
-0.000393237
0.00221431
-0.000617192
8.33629e-05
0.00142609
-0.000555009
0.00061716
0.000951941
-0.000302712
-5.55879e-05
0.00050959
-0.000145547
-3.55007e-05
-0.000861401
5.26057e-10
-2.25912e-05
-0.000626376
0.000145557
-2.25924e-05
-0.000626379
0.000302721
-3.55039e-05
-0.000861383
0.000555006
-5.55465e-05
0.000509493
0.000617188
0.000617176
0.000951843
8.33621e-05
0.00142606
-8.33534e-05
-0.000308301
0.000393223
0.00142616
0.000144403
0.00221436
3.43499e-05
-0.000375824
-2.54893e-11
-0.000654987
-3.43537e-05
-0.000654988
-0.000144423
-0.000375774
-0.000393232
0.00221435
8.33585e-05
0.00142609
-0.0003083
-5.18985e-05
-5.18971e-05
-0.000204506
0.000446167
-0.000582836
0.00151099
0.000170087
9.82407e-05
0.00239219
6.3237e-05
5.71848e-05
-0.000326205
-1.64363e-09
3.34229e-05
-0.00062519
-6.324e-05
3.34245e-05
-0.000625192
-0.000170109
5.71882e-05
-0.000326121
-0.000446182
9.82126e-05
0.0023922
5.19001e-05
-0.000582844
0.0015109
-5.18969e-05
-0.000204504
-0.000582835
0.000446166
0.00151099
-0.0005223
-0.0005223
0.000831042
-0.000306563
-0.000183646
0.0005757
-0.000142599
-7.92411e-05
-0.000888967
2.16869e-09
-6.31768e-05
-0.000672389
0.000142613
-6.31812e-05
-0.000672395
0.000306588
-7.92394e-05
-0.000888953
0.000522305
-0.000183676
0.000575621
0.000582832
-0.000522311
0.000830933
0.000446172
0.00151094
9.82491e-05
0.000170084
0.00239218
-0.000183636
-0.000306559
0.000575723
-1.21976e-05
-1.22013e-05
-0.000206063
3.27209e-05
-5.27049e-05
-0.000630492
2.48143e-10
-1.48317e-06
-0.000354153
-3.27159e-05
-1.48624e-06
-0.000354151
1.22063e-05
-5.27055e-05
-0.000630491
0.000183631
-1.22234e-05
-0.000206107
-9.82489e-05
-0.000306572
0.000575716
0.000170093
0.00239218
5.7184e-05
6.3237e-05
-0.00032622
-7.92417e-05
-0.000142596
-0.000888968
-5.27052e-05
3.27199e-05
-0.000630489
-4.09208e-05
-4.09209e-05
-0.000718153
-9.64741e-10
-1.08152e-05
-0.000597325
4.09197e-05
-1.08171e-05
-0.000597324
5.27041e-05
-4.09206e-05
-0.000718147
7.92391e-05
3.27095e-05
-0.000630475
-5.71875e-05
-0.000142601
-0.000888956
6.32392e-05
-0.000326181
3.34229e-05
-8.30534e-10
-0.000625188
-6.31753e-05
3.40674e-09
-0.000672386
-1.48233e-06
2.10807e-10
-0.000354151
-1.08141e-05
-1.55849e-09
-0.000597324
-9.07299e-10
-1.58386e-09
-0.000470436
1.08115e-05
-1.84614e-09
-0.000470433
1.48108e-06
-1.24715e-09
-0.000597321
6.31742e-05
-8.57637e-10
-0.000354137
-3.34267e-05
2.8836e-09
-0.000672382
-8.01741e-10
-0.000625178
3.34255e-05
-6.32392e-05
-0.000625192
-6.31828e-05
0.000142619
-0.000672396
-1.48777e-06
-3.27131e-05
-0.000354149
-1.08174e-05
4.09189e-05
-0.000597322
-1.23085e-09
1.08106e-05
-0.000470431
1.08142e-05
1.0812e-05
-0.000470429
1.48563e-06
4.09188e-05
-0.000597319
6.31807e-05
-3.27068e-05
-0.000354136
-3.34283e-05
0.00014262
-0.000672391
-6.32413e-05
-0.000625182
5.71889e-05
-0.000170117
-0.000326092
-7.92387e-05
0.000306598
-0.000888948
-5.27062e-05
1.22092e-05
-0.000630496
-4.09203e-05
5.27027e-05
-0.000718143
-6.17689e-10
1.48041e-06
-0.000597321
4.09195e-05
1.48287e-06
-0.00059732
5.27054e-05
5.27036e-05
-0.000718138
7.92369e-05
1.22266e-05
-0.00063048
-5.71922e-05
0.000306605
-0.000888938
-0.000170119
-0.000326083
9.81999e-05
-0.000446188
0.00239218
-0.00018369
0.000522307
0.000575575
-1.22326e-05
0.000183627
-0.000206133
3.27055e-05
7.92382e-05
-0.000630463
-9.06888e-10
6.31742e-05
-0.000354126
-3.27048e-05
6.31781e-05
-0.000354126
1.22354e-05
7.92371e-05
-0.000630463
0.000183682
0.000183657
-0.000206159
-9.82035e-05
0.000522318
0.000575575
-0.00044619
0.00239218
-0.000582847
5.19005e-05
0.00151085
-0.000522316
0.00058283
0.000830886
-0.000306579
-9.82496e-05
0.00057573
-0.000142605
-5.71884e-05
-0.000888949
1.81623e-09
-3.34283e-05
-0.000672381
0.000142616
-3.34289e-05
-0.000672386
0.000306599
-5.71919e-05
-0.000888937
0.000522321
-9.82221e-05
0.00057565
0.000582845
0.000582839
0.000830798
5.18997e-05
0.00151082
-5.18973e-05
-0.000204503
0.000446174
0.00151092
0.000170097
0.00239219
6.32404e-05
-0.000326156
-1.47405e-09
-0.000625173
-6.32429e-05
-0.000625176
-0.000170113
-0.000326096
-0.000446185
0.0023922
5.18985e-05
0.00151085
-0.000204502
-5.31622e-05
-5.31615e-05
-9.81822e-05
0.000484575
-0.000543574
0.00151682
0.000191971
0.000153018
0.00253178
6.99107e-05
7.41027e-05
-0.000278247
-4.55508e-09
3.31482e-05
-0.000588423
-6.99175e-05
3.31498e-05
-0.000588429
-0.000191991
7.41107e-05
-0.000278158
-0.000484592
0.000153006
0.0025318
5.31603e-05
-0.000543576
0.00151672
-5.31602e-05
-9.81832e-05
-0.000543572
0.000484573
0.00151683
-0.000465365
-0.000465365
0.000674626
-0.000284241
-9.45453e-05
0.00064214
-0.000120993
-5.20937e-05
-0.000926018
2.02241e-09
-4.71953e-05
-0.00071304
0.000121006
-4.71989e-05
-0.00071305
0.000284268
-5.20913e-05
-0.000926013
0.000465367
-9.45588e-05
0.000642088
0.000543566
-0.00046537
0.000674529
0.000484579
0.00151677
0.000153024
0.000191968
0.00253176
-9.45381e-05
-0.000284236
0.000642156
-2.09455e-05
-2.09493e-05
-0.000353251
7.1838e-06
-4.34754e-05
-0.000667239
-2.73901e-11
-2.96997e-06
-0.000391194
-7.182e-06
-2.97274e-06
-0.000391195
2.09512e-05
-4.34765e-05
-0.000667239
9.45274e-05
-2.09678e-05
-0.000353274
-0.000153029
-0.00028425
0.000642152
0.000191976
0.00253175
7.41014e-05
6.99101e-05
-0.000278263
-5.20942e-05
-0.00012099
-0.000926019
-4.34758e-05
7.18301e-06
-0.00066724
-3.17185e-05
-3.17182e-05
-0.000741668
-4.40562e-10
-9.82429e-06
-0.000622189
3.17186e-05
-9.8259e-06
-0.00062219
4.34765e-05
-3.17179e-05
-0.000741663
5.2092e-05
7.17702e-06
-0.000667235
-7.41063e-05
-0.000120994
-0.000926014
6.99137e-05
-0.000278225
3.31483e-05
-6.20426e-09
-0.00058842
-4.71941e-05
3.24785e-09
-0.000713037
-2.96921e-06
-1.63044e-10
-0.000391193
-9.82343e-06
-7.18895e-10
-0.000622187
-5.83372e-10
-1.07847e-09
-0.000490082
9.82173e-06
-1.31703e-09
-0.00049008
2.96829e-06
-4.72269e-10
-0.000622185
4.71931e-05
-9.75345e-10
-0.000391184
-3.31517e-05
3.05757e-09
-0.000713034
-5.22718e-09
-0.000588411
3.3151e-05
-6.99187e-05
-0.00058843
-4.72e-05
0.000121011
-0.000713054
-2.97424e-06
-7.1795e-06
-0.000391195
-9.82636e-06
3.17185e-05
-0.000622189
-8.95416e-10
9.82124e-06
-0.000490079
9.82396e-06
9.82236e-06
-0.000490077
2.97239e-06
3.17183e-05
-0.000622186
4.71982e-05
-7.17665e-06
-0.000391186
-3.31534e-05
0.000121012
-0.000713048
-6.99206e-05
-0.00058842
7.41126e-05
-0.000191999
-0.000278125
-5.20906e-05
0.000284279
-0.000926012
-4.34772e-05
2.09533e-05
-0.000667242
-3.17178e-05
4.34761e-05
-0.00074166
-1.36056e-10
2.96786e-06
-0.000622186
3.17183e-05
2.97001e-06
-0.000622186
4.34781e-05
4.34774e-05
-0.000741657
5.20898e-05
2.09674e-05
-0.000667236
-7.41157e-05
0.000284288
-0.000926009
-0.000191999
-0.00027812
0.000152999
-0.0004846
0.00253179
-9.45678e-05
0.000465367
0.000642054
-2.0978e-05
9.45197e-05
-0.000353289
7.17309e-06
5.20905e-05
-0.000667229
-1.01795e-09
4.7193e-05
-0.000391178
-7.17467e-06
4.7196e-05
-0.000391179
2.0978e-05
5.20893e-05
-0.000667227
9.45565e-05
9.45351e-05
-0.000353305
-0.000153006
0.000465377
0.000642049
-0.000484599
0.00253177
-0.000543576
5.31588e-05
0.00151667
-0.000465372
0.000543564
0.000674485
-0.000284257
-0.000153032
0.000642167
-0.000120998
-7.41089e-05
-0.000926009
1.95928e-09
-3.31532e-05
-0.000713034
0.000121007
-3.31538e-05
-0.000713041
0.000284281
-7.41157e-05
-0.000926006
0.000465378
-0.00015302
0.000642108
0.000543571
0.000543567
0.000674416
5.31583e-05
0.00151663
-5.31599e-05
-9.81841e-05
0.000484581
0.00151674
0.00019198
0.00253176
6.99158e-05
-0.000278201
-3.90821e-09
-0.000588407
-6.99211e-05
-0.000588412
-0.000191994
-0.000278139
-0.000484593
0.00253178
5.3159e-05
0.00151666
-9.81845e-05
-5.67264e-05
-5.6726e-05
1.52702e-05
0.000494967
-0.000501923
0.00146705
0.000184292
0.000213644
0.00262881
6.53263e-05
7.92381e-05
-0.00023852
-4.7906e-09
2.79574e-05
-0.000551049
-6.53345e-05
2.79586e-05
-0.000551058
-0.000184309
7.92476e-05
-0.000238431
-0.000494981
0.000213641
0.00262883
5.67247e-05
-0.000501921
0.00146693
-5.67256e-05
1.52672e-05
-0.000501922
0.000494964
0.00146706
-0.000404208
-0.000404208
0.000479197
-0.000243262
1.01496e-05
0.000684688
-8.46788e-05
-3.47337e-05
-0.00097063
3.47166e-10
-3.33447e-05
-0.000736417
8.46871e-05
-3.33474e-05
-0.000736431
0.000243278
-3.47304e-05
-0.000970626
0.0004042
1.01464e-05
0.00068466
0.000501913
-0.000404206
0.000479101
0.000494963
0.00146699
0.000213646
0.000184288
0.00262879
1.01528e-05
-0.000243259
0.000684701
-1.41738e-06
-1.42091e-06
-0.000330111
4.17267e-06
-3.31412e-05
-0.000674422
-1.91753e-11
-2.55955e-06
-0.000417807
-4.17244e-06
-2.56168e-06
-0.000417809
1.42041e-06
-3.31414e-05
-0.000674421
-1.01593e-05
-1.43518e-06
-0.000330113
-0.000213651
-0.000243266
0.000684704
0.00018429
0.00262877
7.92363e-05
6.5325e-05
-0.000238537
-3.47344e-05
-8.46767e-05
-0.000970631
-3.31417e-05
4.17203e-06
-0.000674426
-2.26492e-05
-2.26488e-05
-0.000762653
-1.97478e-10
-7.8269e-06
-0.000639571
2.26497e-05
-7.82812e-06
-0.000639574
3.31424e-05
-2.26486e-05
-0.000762649
3.47325e-05
4.1687e-06
-0.000674429
-7.92404e-05
-8.46794e-05
-0.000970628
6.53288e-05
-0.000238504
2.79575e-05
-7.00557e-09
-0.000551046
-3.33437e-05
6.44653e-10
-0.000736413
-2.55899e-06
-2.09734e-10
-0.000417806
-7.82633e-06
-3.08409e-10
-0.000639569
-3.53862e-10
-6.98552e-10
-0.000505734
7.82539e-06
-8.77174e-10
-0.000505733
2.55849e-06
-1.19494e-10
-0.000639567
3.33429e-05
-8.31354e-10
-0.000417799
-2.79601e-05
1.21351e-09
-0.000736412
-5.77007e-09
-0.000551037
2.79595e-05
-6.53364e-05
-0.000551061
-3.33482e-05
8.46908e-05
-0.000736436
-2.56278e-06
-4.1706e-06
-0.00041781
-7.82855e-06
2.26499e-05
-0.000639574
-5.9977e-10
7.82517e-06
-0.000505733
7.82705e-06
7.82601e-06
-0.000505732
2.56152e-06
2.26497e-05
-0.000639571
3.33467e-05
-4.16963e-06
-0.000417802
-2.79614e-05
8.46913e-05
-0.00073643
-6.5338e-05
-0.000551049
7.92504e-05
-0.000184316
-0.000238396
-3.47293e-05
0.000243284
-0.000970626
-3.31417e-05
1.42224e-06
-0.000674422
-2.26486e-05
3.31426e-05
-0.000762646
4.14787e-11
2.55827e-06
-0.000639567
2.26493e-05
2.55987e-06
-0.000639569
3.31429e-05
3.31432e-05
-0.000762644
3.47294e-05
1.43262e-06
-0.000674424
-7.92521e-05
0.000243291
-0.000970627
-0.000184312
-0.000238398
0.000213639
-0.000494988
0.00262882
1.01432e-05
0.000404195
0.000684639
-1.44457e-06
-1.01636e-05
-0.000330115
4.16571e-06
3.47313e-05
-0.000674428
-8.35664e-10
3.33427e-05
-0.000417795
-4.16809e-06
3.3345e-05
-0.000417796
1.44238e-06
3.47297e-05
-0.000674424
-1.01501e-05
-1.01596e-05
-0.00033012
-0.000213644
0.000404201
0.000684632
-0.000494982
0.0026288
-0.000501919
5.67233e-05
0.00146688
-0.000404203
0.000501909
0.000479056
-0.00024327
-0.000213653
0.000684724
-8.46813e-05
-7.92431e-05
-0.000970623
9.69032e-10
-2.79612e-05
-0.000736413
8.46881e-05
-2.79617e-05
-0.000736422
0.000243286
-7.92509e-05
-0.000970623
0.000404204
-0.00021365
0.000684681
0.000501912
0.00050191
0.000478998
5.67236e-05
0.00146684
-5.6726e-05
1.52652e-05
0.000494963
0.00146696
0.000184292
0.00262877
6.5331e-05
-0.000238483
-4.00233e-09
-0.000551033
-6.53375e-05
-0.00055104
-0.000184305
-0.000238422
-0.000494973
0.0026288
5.67251e-05
0.00146687
1.52643e-05
-6.98554e-05
-6.98547e-05
0.00015498
0.000474771
-0.00043092
0.00135335
0.000142476
0.00027037
0.00269073
4.73353e-05
6.10327e-05
-0.000204412
-3.95144e-09
1.92642e-05
-0.000522974
-4.73434e-05
1.92648e-05
-0.000522983
-0.000142492
6.10413e-05
-0.000204324
-0.000474783
0.000270369
0.00269075
6.98538e-05
-0.000430914
0.00135321
-6.98538e-05
0.000154975
-0.000430917
0.000474767
0.00135336
-0.000252092
-0.000252095
0.000121547
-0.000143596
0.000123611
0.000722951
-3.77131e-05
-2.17994e-05
-0.000993681
-2.82627e-10
-1.7858e-05
-0.000737008
3.77156e-05
-1.78595e-05
-0.000737022
0.000143597
-2.17955e-05
-0.000993671
0.000252066
0.000123614
0.000722947
0.000430897
-0.000252081
0.000121438
0.000474761
0.00135327
0.000270372
0.000142471
0.00269072
0.000123612
-0.000143595
0.000722959
3.47603e-05
3.47586e-05
-0.000152407
5.19473e-06
-1.84571e-05
-0.000648199
-2.18634e-10
-1.14051e-06
-0.000429329
-5.19492e-06
-1.14168e-06
-0.000429332
-3.476e-05
-1.84564e-05
-0.000648195
-0.000123619
3.47531e-05
-0.000152393
-0.000270375
-0.000143592
0.000722971
0.000142467
0.00269069
6.10308e-05
4.73336e-05
-0.00020443
-2.18e-05
-3.77124e-05
-0.000993683
-1.84574e-05
5.19417e-06
-0.000648204
-1.27095e-05
-1.27093e-05
-0.000774148
-1.93158e-10
-5.08504e-06
-0.000648336
1.27094e-05
-5.08578e-06
-0.000648339
1.8457e-05
-1.27089e-05
-0.000774144
2.1798e-05
5.19206e-06
-0.000648209
-6.10328e-05
-3.7713e-05
-0.000993677
4.73357e-05
-0.000204406
1.92642e-05
-6.26844e-09
-0.00052297
-1.78574e-05
-5.89471e-10
-0.000737003
-1.14019e-06
-4.83194e-10
-0.000429328
-5.0847e-06
-2.88597e-10
-0.000648333
-2.10109e-10
-4.25859e-10
-0.000515903
5.08419e-06
-5.34562e-10
-0.000515903
1.13994e-06
-9.90876e-11
-0.000648332
1.78573e-05
-6.53963e-10
-0.000429324
-1.92653e-05
1.21831e-10
-0.000737002
-4.79795e-09
-0.000522962
1.92653e-05
-4.73461e-05
-0.000522986
-1.78599e-05
3.77162e-05
-0.000737028
-1.14223e-06
-5.19437e-06
-0.000429334
-5.08598e-06
1.27094e-05
-0.00064834
-3.64588e-10
5.08406e-06
-0.000515903
5.08513e-06
5.08457e-06
-0.000515902
1.14154e-06
1.27092e-05
-0.000648336
1.78593e-05
-5.1932e-06
-0.000429328
-1.92661e-05
3.77169e-05
-0.000737021
-4.73457e-05
-0.000522975
6.10442e-05
-0.000142499
-0.000204287
-2.17939e-05
0.000143596
-0.000993667
-1.84561e-05
-3.47592e-05
-0.000648196
-1.27088e-05
1.84569e-05
-0.000774141
3.02912e-11
1.13983e-06
-0.000648332
1.27091e-05
1.1407e-06
-0.000648335
1.84565e-05
1.84568e-05
-0.00077414
2.1794e-05
-3.47546e-05
-0.000648201
-6.10439e-05
0.000143597
-0.000993669
-0.00014249
-0.000204297
0.00027037
-0.000474789
0.00269074
0.000123616
0.000252052
0.000722937
3.47492e-05
-0.000123622
-0.000152386
5.19069e-06
2.1797e-05
-0.00064821
-5.21072e-10
1.78574e-05
-0.000429322
-5.19204e-06
1.78586e-05
-0.000429323
-3.47505e-05
2.17949e-05
-0.000648204
-0.000123621
-0.000123623
-0.000152381
-0.000270373
0.000252051
0.000722931
-0.000474781
0.00269072
-0.00043091
6.98523e-05
0.00135314
-0.000252077
0.000430888
0.000121386
-0.000143593
-0.000270376
0.000722994
-3.77136e-05
-6.10346e-05
-0.000993671
4.74724e-10
-1.92657e-05
-0.000737004
3.77166e-05
-1.92661e-05
-0.000737013
0.000143599
-6.10417e-05
-0.000993669
0.000252062
-0.000270374
0.000722969
0.000430895
0.000430888
0.000121328
6.9851e-05
0.0013531
-6.98541e-05
0.000154972
0.000474759
0.00135324
0.000142466
0.00269069
4.73372e-05
-0.000204389
-2.9145e-09
-0.000522959
-4.73435e-05
-0.000522966
-0.00014248
-0.000204328
-0.00047477
0.00269071
6.98524e-05
0.00135314
0.000154968
-4.19482e-05
-4.19478e-05
0.000514642
-0.000365798
0.000141017
0.000279133
4.21118e-05
4.73767e-05
-1.64445e-09
1.07106e-05
-4.21182e-05
1.07113e-05
-0.000141028
4.73835e-05
-0.000514649
0.000279134
4.19458e-05
-0.000365792
-4.19466e-05
-0.000365796
0.000514641
-0.000151205
-0.000151206
-5.50704e-05
0.000187353
-7.81072e-06
-5.16215e-06
-4.34621e-10
-5.6272e-06
7.81026e-06
-5.62756e-06
5.507e-05
-5.15989e-06
0.00015119
0.000187358
0.000365784
-0.000151197
0.00051464
0.000279134
0.000141015
0.000187354
-5.50697e-05
6.92482e-05
6.92479e-05
2.56963e-05
-2.47542e-06
-2.90029e-10
2.00638e-06
-2.56975e-05
2.00592e-06
-6.925e-05
-2.47482e-06
-0.000187359
6.9249e-05
-0.000279133
-5.50671e-05
0.000141016
4.73755e-05
4.21107e-05
-5.16241e-06
-7.8107e-06
-2.47551e-06
2.5696e-05
-2.08398e-06
-2.08394e-06
-9.72442e-11
-1.7055e-07
2.08377e-06
-1.70853e-07
2.47511e-06
-2.08367e-06
5.16129e-06
2.5696e-05
-4.73773e-05
-7.8102e-06
4.2113e-05
1.07106e-05
-2.7062e-09
-5.62699e-06
-7.8285e-10
2.00656e-06
-6.36991e-10
-1.70309e-07
-1.48737e-10
-8.18464e-11
-1.76003e-10
1.69908e-07
-1.98185e-10
-2.00679e-06
-5.06494e-11
5.62672e-06
-4.23294e-10
-1.07113e-05
-4.18419e-10
-1.89176e-09
1.07117e-05
-4.21213e-05
-5.6276e-06
7.80967e-06
2.0058e-06
-2.56983e-05
-1.70838e-07
2.08365e-06
-1.19667e-10
1.69733e-07
1.70406e-07
1.70062e-07
-2.00614e-06
2.0836e-06
5.6272e-06
-2.56975e-05
-1.07121e-05
7.80987e-06
-4.21208e-05
4.73865e-05
-0.000141035
-5.15862e-06
5.5068e-05
-2.47433e-06
-6.92513e-05
-2.08348e-06
2.47502e-06
1.28356e-11
-2.00686e-06
2.08353e-06
-2.00645e-06
2.47443e-06
2.47488e-06
5.15882e-06
-6.92506e-05
-4.73856e-05
5.50674e-05
-0.00014103
0.000279133
-0.000514655
0.000187361
0.00015118
6.92499e-05
-0.000187361
2.56966e-05
5.16084e-06
-1.22448e-10
5.62678e-06
-2.56968e-05
5.62706e-06
-6.925e-05
5.15978e-06
-0.000187364
-0.000187364
-0.000279134
0.000151177
-0.00051465
-0.000365792
4.19441e-05
-0.000151198
0.000365778
-5.50686e-05
-0.000279134
-7.81033e-06
-4.73787e-05
-7.76945e-11
-1.07116e-05
7.81062e-06
-1.0712e-05
5.50705e-05
-4.73834e-05
0.000151189
-0.000279135
0.000365782
0.000365775
4.19429e-05
-4.19465e-05
0.000514639
0.000141016
4.21143e-05
-9.64378e-10
-4.21184e-05
-0.000141022
-0.000514643
4.19443e-05
)
;

boundaryField
{
    bottom
    {
        type            calculated;
        value           uniform 0;
    }
    atmosphere
    {
        type            calculated;
        value           nonuniform List<scalar> 
100
(
0.000238876
0.00116256
0.00278521
-0.000152901
-0.000491567
-0.000491579
-0.00015276
0.00278523
0.00116234
0.000238862
0.00116255
-0.000307636
0.000718603
-0.000988404
-0.000728475
-0.000728499
-0.00098838
0.000718597
-0.000307805
0.00116243
0.00278523
0.000718597
8.38044e-05
-0.000607339
-0.000411265
-0.00041127
-0.000607327
8.38344e-05
0.000718638
0.00278518
-0.000152883
-0.000988401
-0.000607334
-0.000774931
-0.00064824
-0.000648247
-0.000774923
-0.000607342
-0.00098839
-0.000152865
-0.000491572
-0.000728481
-0.000411266
-0.000648243
-0.000516244
-0.000516244
-0.000648239
-0.000411259
-0.000728475
-0.000491555
-0.000491578
-0.000728494
-0.000411268
-0.000648246
-0.000516243
-0.000516243
-0.000648242
-0.00041126
-0.000728485
-0.000491561
-0.000152798
-0.000988387
-0.000607328
-0.000774926
-0.000648238
-0.000648244
-0.000774922
-0.000607335
-0.000988386
-0.000152807
0.00278524
0.000718603
8.38248e-05
-0.000607343
-0.000411261
-0.000411264
-0.000607332
8.38453e-05
0.000718622
0.0027852
0.00116241
-0.000307751
0.000718615
-0.000988395
-0.000728474
-0.000728492
-0.000988382
0.000718591
-0.000307863
0.00116233
0.000238867
0.00116247
0.00278518
-0.00015288
-0.000491558
-0.000491568
-0.000152774
0.00278521
0.00116229
0.000238855
)
;
    }
    walls
    {
        type            calculated;
        value           uniform 0;
    }
}


// ************************************************************************* //
