/*--------------------------------*- C++ -*----------------------------------*\
| =========                 |                                                 |
| \\      /  F ield         | OpenFOAM: The Open Source CFD Toolbox           |
|  \\    /   O peration     | Version:  2412                                  |
|   \\  /    A nd           | Website:  www.openfoam.com                      |
|    \\/     M anipulation  |                                                 |
\*---------------------------------------------------------------------------*/
FoamFile
{
    version     2.0;
    format      ascii;
    arch        "LSB;label=32;scalar=64";
    class       surfaceScalarField;
    location    "0.61";
    object      phi;
}
// * * * * * * * * * * * * * * * * * * * * * * * * * * * * * * * * * * * * * //

dimensions      [0 3 -1 0 0 0 0];

oriented        oriented;

internalField   nonuniform List<scalar> 
11100
(
-0.000176722
-0.000176722
0.000353445
-0.00068381
6.1609e-05
0.000445479
-0.000618644
-0.000478733
0.000413567
-0.000290519
-0.000720208
0.000392083
-1.39221e-10
-0.000692963
0.000402444
0.000290519
-0.000692965
0.000402446
0.000618645
-0.000720211
0.000392086
0.000683811
-0.000478735
0.00041357
0.000176723
6.16077e-05
0.00044548
-0.000176723
0.000353445
6.16088e-05
-0.00068381
0.000445479
-0.000190495
-0.000190495
0.000504207
-0.000582965
-0.00069044
0.000604177
-0.000343386
-0.000995489
3.57022e-05
-1.34295e-09
-0.000961722
-7.46257e-05
0.000343387
-0.000961725
-7.46281e-05
0.000582968
-0.000995495
3.57024e-05
0.000190496
-0.000690446
0.000604182
-6.16083e-05
-0.000190498
0.00050421
-0.000683811
0.00044548
-0.000478733
-0.000618644
0.000413567
-0.00069044
-0.000582965
0.000604177
-0.000706337
-0.000706339
3.17958e-05
-0.000304927
-0.000789359
-0.000607541
-3.91356e-09
-0.000777375
-0.00048927
0.000304923
-0.000777376
-0.000489276
0.000706342
-0.000789361
-0.000607553
0.000690446
-0.000706343
3.17941e-05
0.000478736
-0.000582968
0.00060418
-0.000618645
0.00041357
-0.000720208
-0.000290519
0.000392083
-0.000995489
-0.000343387
3.57019e-05
-0.000789358
-0.000304928
-0.000607541
-0.000324864
-0.000324865
-0.000928988
-4.28371e-09
-0.000326043
-0.000776192
0.00032486
-0.000326042
-0.000776198
0.000789361
-0.000324864
-0.000928998
0.000995494
-0.000304928
-0.000607549
0.000720211
-0.000343387
3.57015e-05
-0.000290519
0.000392086
-0.000692964
-1.98305e-10
0.000402444
-0.000961723
-1.96358e-09
-7.46247e-05
-0.000777375
-4.79074e-09
-0.000489272
-0.000326042
-5.49562e-09
-0.000776193
4.43281e-10
5.33758e-10
-0.000652086
0.000326042
5.07384e-10
-0.000652084
0.000777375
-4.62583e-09
-0.000776193
0.000961725
-3.9102e-09
-0.000489274
0.000692964
-1.55598e-09
-7.46246e-05
-1.74272e-10
0.000402445
-0.000692966
0.000290519
0.000402446
-0.000961726
0.000343387
-7.46288e-05
-0.000777376
0.000304924
-0.000489279
-0.000326041
0.000324861
-0.000776201
4.10439e-10
0.000326042
-0.000652083
0.000326041
0.000326042
-0.000652081
0.000777376
0.00032486
-0.0007762
0.000961727
0.000304925
-0.00048928
0.000692966
0.000343388
-7.46283e-05
0.000290519
0.000402447
-0.000720212
0.000618645
0.000392086
-0.000995496
0.000582969
3.5702e-05
-0.000789361
0.000706345
-0.000607556
-0.000324862
0.000789362
-0.000929001
-3.41728e-09
0.000777375
-0.000776192
0.000324859
0.000777376
-0.000776197
0.000789363
0.000789365
-0.000929009
0.0009955
0.000706349
-0.000607561
0.000720214
0.000582972
3.57017e-05
0.000618645
0.000392088
-0.000478736
0.00068381
0.00041357
-0.000690446
0.000190497
0.000604183
-0.000706343
0.000690447
3.17944e-05
-0.000304926
0.000995496
-0.00060755
-3.02646e-09
0.000961724
-0.000489272
0.000304924
0.000961726
-0.000489277
0.000706347
0.0009955
-0.000607559
0.000690451
0.000690451
3.17941e-05
0.000478738
0.0001905
0.000604185
0.000683811
0.000413572
6.16073e-05
0.000176723
0.000445481
-0.000190498
-6.16085e-05
0.000504211
-0.000582969
0.000478736
0.000604181
-0.000343387
0.000720212
3.57017e-05
-9.49058e-10
0.000692964
-7.46253e-05
0.000343387
0.000692965
-7.46273e-05
0.000582971
0.000720214
3.57021e-05
0.0001905
0.000478738
0.000604185
-6.16068e-05
-6.16073e-05
0.000504214
0.000176723
0.000445481
-0.000176723
0.000353445
-0.000683811
0.00044548
-0.000618645
0.00041357
-0.000290519
0.000392086
-1.16531e-10
0.000402445
0.000290519
0.000402446
0.000618645
0.000392088
0.000683811
0.000413572
0.000176723
0.000445481
0.000353446
-0.000398269
-0.000398269
0.00114998
-0.000794083
-0.000515794
0.00135709
-0.000687201
-0.000980935
0.00128762
-0.000352261
-0.000824004
0.000881147
-1.41816e-09
-0.00066884
0.000719024
0.00035226
-0.00066885
0.000719035
0.000687203
-0.000824023
0.000881165
0.000794085
-0.000980945
0.00128763
0.00039827
-0.000515796
0.00135709
-0.00039827
0.00114999
-0.000515794
-0.000794083
0.00135709
-0.000895024
-0.000895025
0.00126267
-0.000724002
-0.00114435
0.000596566
-0.000660233
-0.00111877
0.0002667
-3.18152e-08
-0.00103926
-0.000364409
0.000660195
-0.00103926
-0.000364443
0.000723994
-0.00111883
0.000266707
0.000895019
-0.00114439
0.0005966
0.000515792
-0.000895032
0.00126267
-0.000794085
0.00135709
-0.000980934
-0.000687202
0.00128762
-0.00114434
-0.000724006
0.000596568
-0.000319979
-0.000319993
-0.00161692
-6.49076e-05
-0.000559845
-0.00142154
-3.63402e-08
-0.000665496
-0.000927902
6.48542e-05
-0.000665501
-0.000927928
0.000319981
-0.000559895
-0.00142161
0.00114436
-0.000320025
-0.00161695
0.00098094
-0.000724009
0.000596577
-0.000687204
0.00128763
-0.000824006
-0.000352263
0.000881149
-0.00111877
-0.000660241
0.000266704
-0.000559831
-6.49233e-05
-0.00142155
-0.000168288
-0.000168307
-0.00171207
-3.23316e-08
0.000106651
-0.00171659
0.000168269
0.000106647
-0.00171665
0.000559859
-0.000168318
-0.00171217
0.0011188
-6.49065e-05
-0.00142161
0.000824018
-0.000660229
0.000266701
-0.000352264
0.000881163
-0.000668849
-1.52456e-09
0.000719032
-0.00103928
-4.49154e-08
-0.000364395
-0.000665484
-4.48293e-08
-0.000927942
0.000106674
-4.20936e-08
-0.00171662
-5.84377e-09
-7.64557e-09
-0.000438747
-0.000106689
-6.34768e-09
-0.000438747
0.000665477
-3.47074e-08
-0.00171664
0.00103929
-3.73158e-08
-0.000927956
0.00066886
-3.83594e-08
-0.000364384
-1.3239e-09
0.000719042
-0.000668858
0.000352261
0.000719042
-0.00103927
0.000660192
-0.000364455
-0.000665486
6.4856e-05
-0.000927964
0.000106669
0.00016828
-0.00171668
-4.5426e-09
-0.000106672
-0.000438745
-0.000106683
-0.000106665
-0.000438744
0.00066548
0.000168299
-0.0017167
0.00103929
6.48519e-05
-0.000927975
0.000668868
0.000660188
-0.000364437
0.000352262
0.000719052
-0.000824027
0.000687205
0.00088117
-0.00111884
0.000723999
0.000266705
-0.000559895
0.000319994
-0.00142164
-0.000168304
0.00055988
-0.00171219
-2.48871e-08
0.000665487
-0.00171663
0.000168294
0.000665492
-0.00171667
0.000559921
0.00055993
-0.00171227
0.00111886
0.000320026
-0.00142167
0.000824037
0.000724006
0.000266704
0.000687206
0.000881181
-0.000980947
0.000794086
0.00128764
-0.0011444
0.000895019
0.000596613
-0.000320022
0.00114436
-0.00161695
-6.48892e-05
0.00111881
-0.00142161
-2.87141e-08
0.00103928
-0.000927923
6.48488e-05
0.00103928
-0.000927945
0.000320023
0.00111885
-0.00142166
0.00114441
0.0011444
-0.00161697
0.000980951
0.000895027
0.000596621
0.000794087
0.00128764
-0.000515796
0.00039827
0.00135709
-0.000895032
0.000515791
0.00126268
-0.000724006
0.000980942
0.000596577
-0.000660214
0.000824019
0.000266697
-2.54617e-08
0.000668854
-0.000364391
0.000660185
0.000668863
-0.000364419
0.000724001
0.000824035
0.000266706
0.000895028
0.000980951
0.000596609
0.000515794
0.000515793
0.00126268
0.000398271
0.00135709
-0.00039827
0.00114999
-0.000794085
0.00135709
-0.000687204
0.00128763
-0.000352263
0.000881164
-1.19972e-09
0.000719037
0.000352261
0.000719047
0.000687206
0.000881179
0.000794087
0.00128764
0.000398271
0.00135709
0.00114999
-0.00039906
-0.00039906
0.0019481
-0.00068626
-0.000313514
0.0019578
-0.000750045
3.65875e-05
0.00131482
-0.000386411
3.34202e-05
0.000484092
8.831e-10
2.52993e-05
0.000307313
0.000386412
2.52978e-05
0.000307326
0.000750047
3.34192e-05
0.000484111
0.000686261
3.65855e-05
0.00131483
0.00039906
-0.000313511
0.0019578
-0.00039906
0.0019481
-0.000313514
-0.00068626
0.0019578
-0.00053086
-0.00053086
0.00169736
-0.00120332
0.00112146
0.000184155
-0.000708676
0.000994496
-0.00118902
-5.08033e-08
0.00101103
-0.00205876
0.000708651
0.00101101
-0.00205886
0.00120335
0.000994426
-0.001189
0.000530881
0.0011214
0.000184254
0.000313519
-0.000530855
0.00169738
-0.00068626
0.00195781
3.65876e-05
-0.000750045
0.00131482
0.00112147
-0.00120332
0.00018415
0.000313773
0.000313751
-1.52174e-06
-7.40539e-05
-0.000314166
0.00027495
-4.64201e-08
-8.26557e-05
9.17739e-05
7.39972e-05
-8.27198e-05
9.17606e-05
-0.000313769
-0.000314255
0.000274837
-0.00112147
0.000313704
-1.54935e-06
-3.65868e-05
-0.00120333
0.000184173
-0.000750045
0.00131483
3.34203e-05
-0.000386411
0.000484095
0.000994497
-0.000708688
-0.00118901
-0.000314167
-7.40628e-05
0.000274926
-0.000605877
-0.000605869
-0.00112865
1.3521e-08
-0.000386203
-0.00201894
0.000605914
-0.000386235
-0.00201903
0.000314219
-0.000605893
-0.00112883
-0.000994467
-7.40171e-05
0.0002748
-3.34197e-05
-0.000708695
-0.00118898
-0.000386411
0.000484109
2.52997e-05
9.54391e-10
0.00030732
0.00101102
-6.87258e-08
-0.00205873
-8.26437e-05
-5.62335e-08
9.17105e-05
-0.00038617
1.65845e-08
-0.00201898
-3.67874e-09
-9.36961e-09
-0.00121111
0.000386152
-8.79446e-09
-0.00121113
8.26412e-05
1.58443e-08
-0.00201904
-0.00101101
-4.61429e-08
9.17215e-05
-2.52993e-05
-6.17355e-08
-0.00205873
7.45337e-10
0.000307331
2.52974e-05
0.000386412
0.000307334
0.001011
0.000708658
-0.00205889
-8.2718e-05
7.39922e-05
9.1711e-05
-0.000386211
0.000605911
-0.00201908
-3.22361e-09
0.000386174
-0.00121114
0.000386188
0.000386201
-0.00121115
8.27118e-05
0.000605929
-0.00201913
-0.001011
7.39636e-05
9.1722e-05
-2.52972e-05
0.000708669
-0.00205887
0.000386412
0.000307344
3.34189e-05
0.000750047
0.000484116
0.000994412
0.00120337
-0.001189
-0.000314277
-0.000313744
0.00027479
-0.000605911
0.000314232
-0.00112888
1.29816e-08
8.26481e-05
-0.00201903
0.000605943
8.27086e-05
-0.00201911
0.000314318
0.00031431
-0.00112902
-0.000994391
-0.000313693
0.000274695
-3.34186e-05
0.00120338
-0.00118898
0.000750046
0.000484128
3.6585e-05
0.000686261
0.00131484
0.0011214
0.000530888
0.000184282
0.000313714
-0.00112146
-1.54957e-06
-7.39976e-05
-0.000994454
0.000274789
-3.61561e-08
-0.00101102
9.17834e-05
7.39582e-05
-0.001011
9.17708e-05
-0.000313706
-0.000994392
0.000274708
-0.0011214
-0.00112141
-1.55668e-06
-3.65847e-05
0.000530891
0.000184294
0.00068626
0.00131484
-0.00031351
0.00039906
0.0019578
-0.000530854
0.000313521
0.00169739
-0.00120332
-3.65867e-05
0.000184177
-0.000708678
-3.34196e-05
-0.00118898
-4.40039e-08
-2.5299e-05
-0.00205875
0.000708657
-2.52977e-05
-0.00205882
0.00120336
-3.34188e-05
-0.00118897
0.000530884
-3.65852e-05
0.000184265
0.000313518
0.000313521
0.00169742
0.00039906
0.00195781
-0.00039906
0.00194811
-0.00068626
0.00195781
-0.000750045
0.00131483
-0.000386412
0.00048411
6.56592e-10
0.000307326
0.000386412
0.000307338
0.000750046
0.000484126
0.00068626
0.00131484
0.00039906
0.00195781
0.00194811
-0.000390617
-0.000390617
0.00272934
-0.000717601
1.29661e-05
0.00227182
-0.000906657
9.85476e-06
0.00149402
-0.000409608
-0.00117753
0.00116458
-1.83901e-10
-0.000974009
0.000871714
0.000409609
-0.000974008
0.000871724
0.000906661
-0.00117753
0.00116459
0.000717602
9.85396e-06
0.00149404
0.000390617
1.29676e-05
0.00227182
-0.000390616
0.00272934
1.29661e-05
-0.000717601
0.00227182
-9.45966e-05
-9.4597e-05
0.00191249
-0.00121948
0.000978025
0.000340871
-0.00057958
-0.0013502
-0.00165626
-3.29988e-08
-0.000977147
-0.00263517
0.000579539
-0.000977088
-0.00263535
0.00121948
-0.00135014
-0.00165633
9.46e-05
0.000978026
0.000340962
-1.29647e-05
-9.45812e-05
0.00191249
-0.000717601
0.00227183
9.85513e-06
-0.000906656
0.00149402
0.00097803
-0.00121948
0.000340857
-0.000495529
-0.000495543
0.00294561
-0.000761269
-0.00147115
0.00066164
-1.69592e-08
-0.00140451
-0.000242114
0.000761208
-0.0014045
-0.00024205
0.000495504
-0.00147112
0.00066152
-0.000978028
-0.000495558
0.00294557
-9.8546e-06
-0.00121948
0.0003409
-0.000906657
0.00149403
-0.00117753
-0.000409608
0.00116458
-0.00135019
-0.00057957
-0.00165625
-0.00147115
-0.000761278
0.000661621
-0.00113073
-0.00113072
-0.0018095
2.44082e-08
-0.00109436
-0.00345984
0.00113074
-0.0010944
-0.00345985
0.00147112
-0.00113073
-0.0018096
0.00135016
-0.000761277
0.000661484
0.00117753
-0.000579565
-0.00165627
-0.000409609
0.00116459
-0.000973999
-6.57468e-10
0.000871712
-0.00097713
-4.28421e-08
-0.00263513
-0.0014045
-1.83158e-08
-0.000242181
-0.00109435
3.24844e-08
-0.00345988
1.08397e-08
8.54434e-09
-0.00339983
0.00109436
3.68089e-09
-0.00339989
0.00140449
2.72046e-08
-0.00345993
0.000977101
-1.54314e-08
-0.000242153
0.000973997
-3.87441e-08
-0.00263515
-6.30161e-10
0.000871719
-0.000974003
0.000409609
0.000871727
-0.000977055
0.000579517
-0.0026354
-0.0014045
0.000761196
-0.000242062
-0.00109442
0.00113073
-0.00345986
5.75814e-09
0.00109436
-0.00339991
0.00109442
0.0010944
-0.00339996
0.00140448
0.00113074
-0.00345991
0.000977033
0.000761204
-0.000242047
0.000973999
0.000579514
-0.00263538
0.00040961
0.000871732
-0.00117753
0.000906663
0.00116459
-0.00135013
0.00121948
-0.00165637
-0.00147112
0.000495505
0.000661475
-0.00113075
0.00147111
-0.00180963
1.95311e-08
0.00140449
-0.00345992
0.00113076
0.00140448
-0.00345993
0.0014711
0.00147109
-0.00180971
0.0013501
0.00049553
0.000661368
0.00117753
0.00121949
-0.00165638
0.000906663
0.0011646
9.85383e-06
0.000717602
0.00149404
0.000978026
9.46057e-05
0.000340983
-0.000495553
-0.000978025
0.00294556
-0.00076127
0.00135016
0.000661457
-1.37262e-08
0.000977113
-0.000242099
0.000761219
0.000977061
-0.000242046
0.000495538
0.00135011
0.000661369
-0.000978016
-0.000978016
0.00294554
-9.8535e-06
9.46053e-05
0.000341014
0.000717601
0.00149405
1.2968e-05
0.000390617
0.00227182
-9.45775e-05
-1.29641e-05
0.0019125
-0.00121949
-9.85445e-06
0.000340917
-0.000579574
0.00117753
-0.00165627
-2.88887e-08
0.000974005
-0.00263518
0.000579535
0.000974004
-0.00263533
0.00121949
0.00117753
-0.00165634
9.45963e-05
-9.85382e-06
0.000340999
-1.29656e-05
-1.29646e-05
0.00191255
0.000390616
0.00227183
-0.000390617
0.00272934
-0.000717601
0.00227183
-0.000906658
0.00149403
-0.00040961
0.00116459
-1.91434e-10
0.000871721
0.000409611
0.00087173
0.000906662
0.0011646
0.000717601
0.00149405
0.000390616
0.00227183
0.00272934
-0.00036617
-0.00036617
0.00346168
-0.000675718
2.66068e-05
0.00255476
-0.000865529
-0.000478183
0.00216201
-0.000400411
-0.00154509
0.00224454
6.46462e-09
-0.00133682
0.00180812
0.000400416
-0.00133676
0.00180808
0.000865532
-0.00154506
0.00224453
0.000675714
-0.000478147
0.002162
0.000366168
2.66069e-05
0.00255476
-0.000366169
0.00346168
2.66072e-05
-0.000675718
0.00255476
-5.794e-05
-5.79454e-05
0.00208159
-0.0010718
-3.00359e-05
0.000906581
-0.000615634
-0.00198064
-0.00167687
2.24397e-08
-0.0015127
-0.00307495
0.000615633
-0.0015126
-0.00307512
0.00107177
-0.00198055
-0.00167698
5.7924e-05
-2.99778e-05
0.000906641
-2.66085e-05
-5.7933e-05
0.00208157
-0.000675716
0.00255476
-0.000478182
-0.000865529
0.00216201
-3.00332e-05
-0.00107179
0.000906555
-0.00081023
-0.000810227
0.00450599
-0.000713228
-0.0011231
-0.000292904
2.80003e-08
-0.000918146
-0.00154992
0.000713196
-0.000918129
-0.00154969
0.000810187
-0.00112305
-0.000292976
3.00022e-05
-0.000810228
0.004506
0.000478161
-0.00107179
0.000906602
-0.00086553
0.002162
-0.00154509
-0.00040041
0.00224455
-0.00198064
-0.000615619
-0.00167688
-0.00112311
-0.000713213
-0.000292925
-0.000692186
-0.000692169
-0.00267135
5.58708e-08
-0.000543735
-0.00452649
0.000692245
-0.000543771
-0.00452639
0.00112308
-0.000692191
-0.00267129
0.00198059
-0.000713223
-0.000293031
0.00154508
-0.000615623
-0.00167693
-0.000400414
0.00224455
-0.00133683
8.57872e-09
0.00180812
-0.0015127
3.06039e-08
-0.0030749
-0.000918147
4.09151e-08
-0.00154999
-0.000543733
7.43995e-08
-0.00452654
1.29519e-08
9.16527e-09
-0.00448732
0.000543759
3.67364e-09
-0.00448741
0.000918138
6.26814e-08
-0.00452656
0.00151266
3.7233e-08
-0.00154994
0.00133682
2.42192e-08
-0.00307495
7.37447e-09
0.00180812
-0.00133674
0.000400415
0.00180806
-0.00151257
0.000615614
-0.00307516
-0.000918128
0.000713169
-0.00154963
-0.000543784
0.000692243
-0.00452637
7.26676e-09
0.000543753
-0.00448745
0.000543802
0.000543781
-0.00448753
0.000918119
0.000692253
-0.00452642
0.00151254
0.00071319
-0.00154962
0.00133674
0.00061561
-0.00307517
0.000400416
0.00180807
-0.00154506
0.000865532
0.00224453
-0.00198053
0.00107175
-0.00167704
-0.00112304
0.000810164
-0.000293008
-0.000692207
0.00112306
-0.00267127
4.50906e-08
0.000918126
-0.00452655
0.000692255
0.000918108
-0.00452647
0.00112302
0.00112301
-0.00267124
0.00198049
0.00081018
-0.000293088
0.00154505
0.00107176
-0.0016771
0.000865531
0.00224454
-0.000478143
0.000675714
0.002162
-2.99722e-05
5.79243e-05
0.000906642
-0.000810238
2.99969e-05
0.00450599
-0.000713243
0.00198058
-0.000293056
2.47708e-08
0.00151266
-0.0015499
0.000713223
0.00151257
-0.00154971
0.000810208
0.0019805
-0.000293101
2.99862e-05
2.99849e-05
0.00450596
0.000478153
5.79298e-05
0.000906679
0.000675714
0.00216202
2.66068e-05
0.000366167
0.00255476
-5.79292e-05
-2.66087e-05
0.00208157
-0.00107181
0.000478157
0.000906633
-0.000615645
0.00154508
-0.00167693
1.61457e-08
0.00133681
-0.003075
0.000615636
0.00133676
-0.00307514
0.00107179
0.00154505
-0.00167705
5.79304e-05
0.000478154
0.000906685
-2.66071e-05
-2.66077e-05
0.00208162
0.000366168
0.00255477
-0.00036617
0.00346168
-0.000675716
0.00255477
-0.000865531
0.002162
-0.000400416
0.00224456
5.2925e-09
0.00180811
0.000400418
0.00180808
0.000865531
0.00224454
0.000675714
0.00216202
0.000366168
0.00255477
0.00346168
-0.000299153
-0.000299153
0.00405998
-0.000566294
1.6583e-05
0.00280532
-0.000787855
-0.000680863
0.00306444
-0.000415353
-0.00122562
0.00309766
7.36391e-09
-0.00118184
0.0025746
0.000415359
-0.00118179
0.00257451
0.000787851
-0.00122558
0.00309762
0.00056629
-0.000680854
0.00306442
0.000299151
1.65808e-05
0.00280532
-0.000299153
0.00405998
1.65839e-05
-0.000566295
0.00280532
-1.33566e-05
-1.33675e-05
0.00214148
-0.000785185
-0.000696424
0.00169397
-0.000493593
-0.00162771
-0.00156638
2.98976e-08
-0.00128727
-0.00346314
0.000493595
-0.00128728
-0.00346319
0.000785154
-0.00162769
-0.00156643
1.33559e-05
-0.000696406
0.00169399
-1.65839e-05
-1.33862e-05
0.00214147
-0.000566295
0.00280532
-0.000680866
-0.000787856
0.00306444
-0.000696425
-0.000785196
0.00169394
-0.000913275
-0.000913269
0.00493969
-0.000677532
-0.000931526
-0.00122483
8.46925e-08
-0.000700166
-0.00281465
0.000677593
-0.000700201
-0.00281428
0.00091326
-0.000931518
-0.00122482
0.000696415
-0.000913272
0.00493971
0.000680868
-0.000785206
0.00169397
-0.000787854
0.00306443
-0.00122563
-0.000415352
0.00309767
-0.0016277
-0.000493589
-0.00156641
-0.000931529
-0.000677504
-0.00122486
-0.000475128
-0.000475109
-0.00358417
3.6739e-08
-0.000386019
-0.00531581
0.000475173
-0.000386006
-0.00531573
0.000931525
-0.000475084
-0.00358408
0.00162766
-0.000677518
-0.00122492
0.00122561
-0.000493587
-0.00156649
-0.000415355
0.00309766
-0.00118185
9.35574e-09
0.00257462
-0.00128728
3.88981e-08
-0.00346311
-0.000700163
1.21749e-07
-0.00281473
-0.000386017
4.91768e-08
-0.00531584
-3.6834e-09
-1.33173e-08
-0.00525934
0.000386028
-1.28872e-08
-0.00525944
0.000700181
4.19717e-08
-0.00531584
0.00128727
1.10387e-07
-0.00281465
0.00118184
2.98246e-08
-0.00346314
7.74515e-09
0.00257459
-0.00118178
0.00041536
0.00257449
-0.00128729
0.000493581
-0.00346319
-0.000700217
0.000677586
-0.00281417
-0.000386002
0.000475172
-0.00531571
-3.24457e-09
0.000386018
-0.00525948
0.000386014
0.000386007
-0.00525956
0.000700227
0.00047514
-0.00531573
0.00128729
0.000677581
-0.00281415
0.00118178
0.000493567
-0.0034632
0.000415364
0.00257449
-0.00122557
0.00078785
0.00309761
-0.00162768
0.000785133
-0.00156648
-0.000931515
0.000913241
-0.00122483
-0.000475084
0.000931518
-0.00358405
3.05563e-08
0.000700178
-0.00531582
0.000475124
0.000700205
-0.00531576
0.000931508
0.000931508
-0.00358399
0.00162765
0.000913234
-0.00122488
0.00122555
0.000785123
-0.00156656
0.000787849
0.0030976
-0.00068085
0.000566289
0.00306442
-0.000696403
1.33545e-05
0.00169397
-0.000913279
0.000696411
0.0049397
-0.000677545
0.00162766
-0.00122493
7.41276e-08
0.00128726
-0.00281461
0.000677588
0.00128727
-0.00281429
0.000913255
0.00162764
-0.0012249
0.000696382
0.000696383
0.00493969
0.00068084
1.33525e-05
0.00169399
0.000566286
0.00306442
1.65806e-05
0.000299151
0.00280532
-1.33848e-05
-1.65843e-05
0.00214147
-0.000785211
0.000680867
0.001694
-0.000493602
0.0012256
-0.00156648
2.08255e-08
0.00118183
-0.00346318
0.000493591
0.00118179
-0.00346322
0.000785156
0.00122556
-0.00156653
1.33619e-05
0.000680846
0.00169402
-1.65826e-05
-1.65839e-05
0.0021415
0.000299151
0.00280532
-0.000299154
0.00405998
-0.000566295
0.00280532
-0.000787854
0.00306443
-0.000415358
0.00309766
5.83913e-09
0.00257458
0.000415365
0.00257451
0.000787851
0.00309762
0.000566288
0.00306443
0.000299152
0.00280532
0.00405998
-0.000231743
-0.000231743
0.00452347
-0.000434916
3.51869e-06
0.00300497
-0.000687058
-0.00057636
0.00389294
-0.000440336
-0.000836135
0.00368708
3.09132e-09
-0.000985938
0.00312019
0.000440343
-0.000985938
0.00312011
0.000687056
-0.000836102
0.00368701
0.000434914
-0.000576367
0.00389293
0.000231742
3.51468e-06
0.00300497
-0.000231743
0.00452347
3.52005e-06
-0.000434919
0.00300497
-1.09087e-05
-1.09263e-05
0.00217035
-0.000529239
-0.000634631
0.00227057
-0.000210562
-0.00094346
-0.00177773
2.77997e-08
-0.000911511
-0.00374815
0.000210576
-0.000911663
-0.00374802
0.000529224
-0.000943476
-0.0017777
1.09201e-05
-0.000634641
0.00227057
-3.51842e-06
-1.09666e-05
0.00217039
-0.000434921
0.00300498
-0.000576366
-0.000687059
0.00389294
-0.000634631
-0.000529262
0.00227054
-0.000557804
-0.000557804
0.00478604
-0.000325901
-0.00051492
-0.00188527
1.021e-07
-0.000380681
-0.00367148
0.000325991
-0.000380754
-0.00367108
0.000557788
-0.000514917
-0.00188517
0.000634635
-0.000557799
0.00478602
0.000576384
-0.000529294
0.00227055
-0.000687059
0.00389295
-0.000836137
-0.000440337
0.00368708
-0.000943442
-0.000210582
-0.00177779
-0.000514917
-0.00032587
-0.00188532
-0.000282391
-0.000282378
-0.00404923
8.22478e-09
-0.000247949
-0.00573094
0.000282404
-0.000247907
-0.00573097
0.00051491
-0.000282342
-0.00404916
0.000943412
-0.000325881
-0.00188535
0.000836113
-0.000210595
-0.00177789
-0.00044034
0.00368706
-0.000985944
2.87628e-09
0.00312022
-0.000911491
3.4892e-08
-0.00374818
-0.000380677
1.48867e-07
-0.00367156
-0.000247949
8.66002e-09
-0.00573095
-1.34752e-08
-2.6102e-08
-0.0057552
0.000247949
-2.0622e-08
-0.00575528
0.000380713
6.97142e-09
-0.00573095
0.000911518
1.34914e-07
-0.00367147
0.000985939
2.44265e-08
-0.00374818
1.62291e-09
0.00312019
-0.000985944
0.000440345
0.00312009
-0.000911719
0.000210588
-0.00374797
-0.000380783
0.000325998
-0.00367095
-0.000247894
0.000282397
-0.00573099
-7.9863e-09
0.000247936
-0.00575533
0.000247903
0.000247903
-0.0057554
0.000380807
0.000282359
-0.00573098
0.00091173
0.000325989
-0.00367093
0.000985943
0.000210585
-0.00374798
0.000440352
0.00312008
-0.00083609
0.000687055
0.00368699
-0.000943464
0.000529215
-0.00177773
-0.00051491
0.000557776
-0.00188516
-0.000282336
0.000514908
-0.00404914
7.27774e-09
0.000380719
-0.00573095
0.000282351
0.000380779
-0.00573098
0.0005149
0.000514902
-0.00404908
0.000943428
0.000557771
-0.00188519
0.000836071
0.000529207
-0.00177782
0.000687055
0.00368697
-0.000576363
0.000434913
0.00389292
-0.000634637
1.09198e-05
0.00227054
-0.000557802
0.000634637
0.004786
-0.000325907
0.000943416
-0.00188534
8.8857e-08
0.00091154
-0.00367142
0.000325978
0.000911676
-0.00367108
0.000557784
0.000943425
-0.00188523
0.000634607
0.000634611
0.00478602
0.000576343
1.09104e-05
0.00227055
0.000434908
0.00389291
3.51482e-06
0.000231742
0.00300497
-1.09626e-05
-3.51856e-06
0.00217039
-0.000529292
0.000576384
0.00227058
-0.000210588
0.000836105
-0.00177787
1.66857e-08
0.000985935
-0.00374818
0.000210583
0.000985938
-0.00374805
0.000529233
0.000836076
-0.00177783
1.09207e-05
0.000576351
0.00227059
-3.51884e-06
-3.51992e-06
0.00217037
0.000231741
0.00300497
-0.000231743
0.00452346
-0.00043492
0.00300498
-0.000687059
0.00389295
-0.000440343
0.00368705
1.86566e-09
0.00312017
0.000440352
0.0031201
0.000687056
0.00368699
0.00043491
0.00389292
0.000231742
0.00300497
0.00452346
-0.000223216
-0.000223217
0.0049699
-0.000351922
2.59766e-06
0.00313108
-0.000591618
-0.00038198
0.00451462
-0.000474691
-0.000342866
0.00391302
-5.50244e-09
-0.000694051
0.00333956
0.000474697
-0.000694097
0.00333951
0.000591621
-0.000342846
0.00391293
0.000351923
-0.000381979
0.0045146
0.000223217
2.59588e-06
0.00313108
-0.000223217
0.0049699
2.59908e-06
-0.000351926
0.00313108
3.73998e-05
3.73776e-05
0.00210077
-0.000457852
-0.000347954
0.0027318
-8.17723e-05
-0.000174698
-0.00232198
-4.05032e-09
-0.000516793
-0.00400718
8.17237e-05
-0.000516993
-0.00400685
0.000457819
-0.00017472
-0.00232192
-3.73964e-05
-0.000347962
0.00273177
-2.59962e-06
3.73379e-05
0.00210085
-0.000351929
0.00313109
-0.000381988
-0.00059162
0.00451463
-0.000347952
-0.000457895
0.00273178
-0.00020467
-0.000204678
0.00449948
-0.000101828
-0.000230835
-0.00193198
5.7892e-08
-0.0001906
-0.00409956
0.000101902
-0.000190644
-0.00409927
0.000204655
-0.000230829
-0.00193181
0.000347954
-0.000204667
0.00449943
0.000381998
-0.000457941
0.00273178
-0.000591623
0.00451464
-0.00034287
-0.000474692
0.00391303
-0.000174685
-8.18242e-05
-0.00232204
-0.000230829
-0.000101815
-0.00193204
-0.00017985
-0.000179854
-0.00415119
-2.77394e-08
-0.000169747
-0.00593161
0.000179818
-0.00016969
-0.00593177
0.00023082
-0.000179819
-0.00415117
0.000174676
-0.000101819
-0.00193205
0.000342863
-8.18649e-05
-0.00232215
-0.000474698
0.00391299
-0.000694042
-1.02057e-08
0.00333958
-0.00051676
-1.31665e-08
-0.00400727
-0.000190603
8.55006e-08
-0.00409962
-0.000169742
-4.28375e-08
-0.00593163
-1.07661e-08
-2.44695e-08
-0.00609466
0.000169738
-1.98731e-08
-0.0060947
0.000190644
-3.72986e-08
-0.00593164
0.000516819
7.76293e-08
-0.00409955
0.000694051
-2.03716e-08
-0.00400726
-1.0759e-08
0.00333955
-0.000694113
0.000474701
0.0033395
-0.000517061
8.17415e-05
-0.00400677
-0.000190666
0.000101924
-0.00409919
-0.00016967
0.000179802
-0.00593183
-6.39637e-09
0.000169726
-0.00609474
0.000169679
0.000169682
-0.00609479
0.000190701
0.000179773
-0.00593182
0.000517098
0.000101917
-0.00409916
0.000694119
8.17882e-05
-0.0040068
0.000474708
0.00333948
-0.000342839
0.000591624
0.00391291
-0.000174713
0.000457823
-0.00232194
-0.000230822
0.000204654
-0.00193178
-0.000179812
0.000230822
-0.00415117
-2.14676e-08
0.000190649
-0.00593166
0.000179787
0.000190686
-0.00593179
0.000230814
0.000230816
-0.00415115
0.000174697
0.000204652
-0.00193181
0.000342836
0.000457844
-0.00232202
0.000591625
0.00391289
-0.000381976
0.000351922
0.0045146
-0.000347958
-3.73946e-05
0.00273174
-0.000204663
0.000347958
0.0044994
-0.000101827
0.00017468
-0.00193203
5.07447e-08
0.000516854
-0.00409951
0.000101889
0.000517033
-0.00409926
0.000204656
0.000174694
-0.00193188
0.000347947
0.000347951
0.00449943
0.000381966
-3.73935e-05
0.00273177
0.000351916
0.00451459
2.59581e-06
0.000223217
0.00313108
3.73427e-05
-2.5995e-06
0.00210085
-0.000457919
0.000381995
0.00273181
-8.18249e-05
0.000342855
-0.00232214
-1.21205e-08
0.00069406
-0.0040072
8.17782e-05
0.000694103
-0.00400691
0.000457854
0.000342838
-0.00232205
-3.73838e-05
0.000381972
0.00273181
-2.59718e-06
-2.59822e-06
0.00210079
0.000223216
0.00313107
-0.000223216
0.0049699
-0.000351927
0.00313109
-0.000591623
0.00451464
-0.0004747
0.00391298
-6.07247e-09
0.00333953
0.000474707
0.00333948
0.000591624
0.00391291
0.000351918
0.0045146
0.000223216
0.00313107
0.00496989
-0.000235582
-0.000235583
0.00544107
-0.000270954
-0.000164465
0.00333092
-0.000489238
-0.000288295
0.0050212
-0.000451191
9.97154e-06
0.003865
-1.11049e-08
-0.000360307
0.00324869
0.000451196
-0.000360375
0.00324867
0.000489246
9.98718e-06
0.0038649
0.000270958
-0.000288285
0.00502118
0.000235584
-0.00016445
0.00333091
-0.000235582
0.00544106
-0.000164461
-0.000270957
0.00333092
-0.000169434
-0.000169447
0.00211072
-0.000514918
-0.000181462
0.00297045
-0.000196989
0.000266452
-0.00289639
-4.42425e-08
-0.000217604
-0.00434683
0.000196923
-0.000217701
-0.00434649
0.000514891
0.000266457
-0.00289636
0.000169386
-0.000181457
0.00297044
0.000164436
-0.000169425
0.00211078
-0.000270962
0.00333091
-0.000288297
-0.00048924
0.00502121
-0.000181453
-0.000514946
0.00297043
-5.18427e-06
-5.19532e-06
0.00414694
1.06603e-05
4.38102e-05
-0.00172518
-4.79964e-08
-6.67681e-05
-0.00423969
-1.06774e-05
-6.6707e-05
-0.00423964
5.18066e-06
4.38329e-05
-0.00172505
0.000181433
-5.17986e-06
0.0041469
0.00028829
-0.000514961
0.00297046
-0.000489246
0.00502122
9.96567e-06
-0.000451193
0.00386501
0.000266448
-0.000197036
-0.00289644
4.38072e-05
1.06266e-05
-0.00172522
-6.82445e-05
-6.82688e-05
-0.00392706
-3.74686e-08
-0.000107061
-0.00595953
6.82041e-05
-0.000107002
-0.00595972
-4.38045e-05
-6.82469e-05
-0.00392708
-0.000266443
1.06253e-05
-0.00172522
-9.96128e-06
-0.000197086
-0.00289651
-0.000451201
0.00386499
-0.000360293
-1.81384e-08
0.0032487
-0.000217595
-6.98972e-08
-0.00434694
-6.68075e-05
-7.14388e-08
-0.00423971
-0.000107045
-5.39747e-08
-0.0059596
-5.91214e-11
-1.51161e-08
-0.00630875
0.000107048
-1.49337e-08
-0.00630874
6.68315e-05
-4.69332e-08
-0.00595962
0.000217662
-6.53174e-08
-0.00423969
0.000360314
-6.6721e-08
-0.00434693
-1.77511e-08
0.00324868
-0.000360398
0.000451201
0.00324868
-0.000217744
0.000196929
-0.00434642
-6.67093e-05
-1.06654e-05
-0.00423963
-0.000106981
6.81854e-05
-0.0059598
-3.38252e-11
0.00010703
-0.00630877
0.000106993
0.000106983
-0.00630878
6.67435e-05
6.81738e-05
-0.00595979
0.000217803
-1.06612e-05
-0.00423963
0.000360412
0.00019699
-0.00434647
0.000451208
0.00324867
9.98828e-06
0.000489251
0.00386487
0.000266456
0.0005149
-0.00289638
4.38353e-05
5.18668e-06
-0.00172502
-6.82466e-05
-4.38051e-05
-0.00392709
-2.7897e-08
6.68203e-05
-0.00595967
6.82153e-05
6.67683e-05
-0.00595982
-4.38246e-05
-4.38228e-05
-0.00392712
-0.000266451
5.18241e-06
-0.00172502
-9.98042e-06
0.000514925
-0.00289642
0.000489251
0.00386487
-0.000288282
0.000270958
0.00502117
-0.00018145
0.000169392
0.00297042
-5.17295e-06
0.000181435
0.00414688
1.06458e-05
-0.000266445
-0.00172521
-4.0628e-08
0.000217678
-0.00423968
-1.06605e-05
0.000217767
-0.00423964
5.18017e-06
-0.00026645
-0.00172509
0.000181448
0.000181447
0.0041469
0.00028828
0.000169432
0.00297043
0.000270951
0.00502117
-0.00016445
0.000235584
0.00333091
-0.00016942
0.000164438
0.00211077
-0.000514945
0.000288286
0.00297048
-0.000197053
-9.96802e-06
-0.00289651
-4.1078e-08
0.000360328
-0.00434686
0.000196995
0.000360389
-0.00434657
0.000514923
-9.98078e-06
-0.00289645
0.000169431
0.00028828
0.00297047
0.000164459
0.000164457
0.00211074
0.000235583
0.0033309
-0.000235581
0.00544106
-0.000270959
0.00333091
-0.000489246
0.00502122
-0.000451201
0.00386496
-1.08491e-08
0.00324867
0.000451205
0.00324866
0.000489248
0.00386489
0.00027095
0.00502118
0.000235583
0.0033309
0.00544106
-0.00023582
-0.000235821
0.00591271
-0.000126707
-0.000551659
0.00377346
-0.000378728
-0.000225493
0.00549871
-0.000393567
0.000433931
0.00344591
-5.14699e-09
-1.88407e-05
0.00287397
0.00039357
-1.88625e-05
0.00287396
0.000378736
0.000433953
0.00344578
0.000126713
-0.000225489
0.00549869
0.000235823
-0.000551642
0.00377344
-0.000235819
0.00591271
-0.000551655
-0.00012671
0.00377346
-0.000604788
-0.000604793
0.00221699
-0.000506011
-8.78316e-05
0.00273401
-0.000259559
0.000501213
-0.00321012
-2.67219e-08
2.90579e-05
-0.00465426
0.000259529
2.91624e-05
-0.00465407
0.000506014
0.000501251
-0.00321014
0.000604751
-8.78226e-05
0.00273404
0.00055163
-0.000604762
0.00221702
-0.000126712
0.00377343
-0.00022549
-0.000378731
0.00549872
-8.78187e-05
-0.000506026
0.002734
0.000148493
0.000148484
0.00367431
2.65599e-05
0.000266524
-0.00136856
-1.24649e-07
-3.53486e-07
-0.00418359
-2.66412e-05
-2.17723e-07
-0.00418374
-0.000148484
0.000266557
-0.00136851
8.77884e-05
0.000148503
0.0036743
0.000225479
-0.00050603
0.00273404
-0.000378739
0.00549872
0.000433924
-0.000393573
0.00344593
0.000501197
-0.000259591
-0.00321014
0.000266513
2.65179e-05
-0.00136857
2.39704e-05
2.38231e-05
-0.00344182
-1.78738e-08
-5.07243e-05
-0.00588517
-2.39778e-05
-5.07456e-05
-0.00588523
-0.000266487
2.38146e-05
-0.00344183
-0.000501188
2.65284e-05
-0.00136854
-0.000433922
-0.000259625
-0.00321018
-0.00039358
0.00344591
-1.88469e-05
-8.29071e-09
0.00287398
2.89959e-05
-4.04567e-08
-0.00465433
-4.25083e-07
-1.83279e-07
-0.00418359
-5.06477e-05
-2.63606e-10
-0.00588556
9.101e-09
-1.11377e-08
-0.00641012
5.06486e-05
-1.54547e-08
-0.00641011
4.1453e-07
6.08961e-09
-0.00588558
-2.89753e-05
-1.67349e-07
-0.0041836
1.88651e-05
-3.49885e-08
-0.00465436
-8.34084e-09
0.00287398
-1.88822e-05
0.000393578
0.00287397
2.91564e-05
0.000259543
-0.00465405
-2.00629e-07
-2.66525e-05
-0.0041838
-5.07311e-05
-2.3976e-05
-0.00588529
3.74966e-09
5.065e-05
-0.00641016
5.07275e-05
5.06713e-05
-0.00641019
2.17538e-07
-2.39767e-05
-0.00588529
-2.91203e-05
-2.66484e-05
-0.00418381
1.89013e-05
0.000259586
-0.00465411
0.000393584
0.00287397
0.000433954
0.000378742
0.00344575
0.000501252
0.000506032
-0.00321016
0.000266547
-0.000148475
-0.00136849
2.37999e-05
-0.00026649
-0.00344183
-7.38946e-09
4.05764e-07
-0.00588562
-2.3789e-05
2.93186e-07
-0.00588566
-0.000266512
-0.000266518
-0.00344185
-0.000501237
-0.000148485
-0.00136846
-0.000433945
0.000506047
-0.00321018
0.000378742
0.00344577
-0.000225486
0.000126714
0.00549869
-8.78135e-05
0.000604757
0.00273402
0.00014851
8.77874e-05
0.00367429
2.65555e-05
-0.000501197
-0.00136855
-1.06883e-07
-2.89777e-05
-0.00418363
-2.66253e-05
-2.90627e-05
-0.00418377
-0.000148492
-0.00050123
-0.00136851
8.78078e-05
8.78038e-05
0.00367431
0.000225485
0.000604784
0.00273402
0.000126705
0.00549869
-0.000551642
0.000235824
0.00377344
-0.000604761
0.000551632
0.00221702
-0.000506022
0.000225475
0.00273406
-0.00025961
-0.000433931
-0.00321019
-2.21368e-08
1.88629e-05
-0.00465429
0.000259587
1.88848e-05
-0.00465413
0.000506036
-0.000433947
-0.00321018
0.000604781
0.000225481
0.00273404
0.00055165
0.00055165
0.002217
0.000235822
0.00377343
-0.000235817
0.00591271
-0.000126708
0.00377343
-0.000378737
0.00549872
-0.000393577
0.00344587
-5.37242e-09
0.00287396
0.000393579
0.00287396
0.000378737
0.00344578
0.000126702
0.0054987
0.00023582
0.00377343
0.0059127
-0.000199276
-0.000199277
0.00631126
-2.26919e-05
-0.000739045
0.00433592
-0.000332322
-7.88569e-05
0.0058872
-0.000349647
0.000901273
0.00256196
1.06254e-10
0.000457978
0.00206634
0.00034965
0.000458047
0.00206626
0.000332326
0.000901276
0.00256183
2.2695e-05
-7.88619e-05
0.00588718
0.000199277
-0.000739045
0.0043359
-0.000199275
0.00631126
-0.000739043
-2.26944e-05
0.00433592
-0.000794659
-0.000794659
0.00232822
-0.000628814
3.96877e-05
0.00244962
-0.00038141
0.00072925
-0.0032855
3.54765e-09
0.000159324
-0.00473702
0.000381439
0.00015947
-0.00473693
0.000628843
0.00072927
-0.00328554
0.000794661
3.96874e-05
0.00244967
0.000739044
-0.000794654
0.00232824
-2.26918e-05
0.00433589
-7.88528e-05
-0.000332327
0.0058872
3.96974e-05
-0.00062882
0.00244961
0.000179569
0.000179559
0.00339457
2.1848e-05
0.000380066
-0.000861652
-5.57239e-08
0.0001119
-0.00411426
-2.18911e-05
0.000111976
-0.00411441
-0.000179559
0.000380089
-0.000861662
-3.97146e-05
0.000179574
0.00339457
7.88496e-05
-0.000628825
0.00244964
-0.00033233
0.00588721
0.000901266
-0.000349656
0.00256199
0.000729225
-0.000381417
-0.00328551
0.000380056
2.17599e-05
-0.000861599
7.911e-05
7.89429e-05
-0.00283975
7.35772e-09
1.2255e-05
-0.00570642
-7.90816e-05
1.22004e-05
-0.00570636
-0.000380025
7.89454e-05
-0.00283974
-0.00072921
2.17659e-05
-0.000861547
-0.000901261
-0.000381429
-0.00328553
-0.000349662
0.00256198
0.000457941
5.67906e-10
0.00206638
0.000159266
6.30996e-09
-0.00473708
0.000111746
-7.37139e-08
-0.00411423
1.10382e-05
1.63259e-07
-0.00570607
3.66156e-09
-1.83731e-08
-0.00638681
-1.10182e-05
-1.4405e-08
-0.00638687
-0.000111779
1.71792e-07
-0.00570605
-0.000159273
-6.60681e-08
-0.00411427
-0.000457928
1.01255e-08
-0.00473714
-2.32041e-10
0.00206639
0.000458044
0.000349659
0.00206627
0.000159487
0.00038146
-0.00473694
0.000111975
-2.18869e-05
-0.00411448
1.22216e-05
-7.90684e-05
-0.0057063
-5.92656e-09
-1.10562e-05
-0.0063869
-1.22272e-05
-1.10354e-05
-0.00638695
-0.000111986
-7.90691e-05
-0.00570629
-0.000159466
-2.18972e-05
-0.0041145
-0.000458016
0.000381476
-0.00473703
0.000349663
0.00206629
0.000901264
0.000332333
0.00256181
0.000729254
0.000628864
-0.00328556
0.000380067
-0.000179552
-0.000861635
7.89236e-05
-0.000380033
-0.00283973
8.50377e-09
-0.000111761
-0.005706
-7.8893e-05
-0.000111819
-0.00570597
-0.000380029
-0.000380054
-0.00283973
-0.000729234
-0.000179565
-0.00086159
-0.000901253
0.000628876
-0.00328556
0.00033233
0.00256185
-7.88619e-05
2.26964e-05
0.00588719
3.96893e-05
0.000794669
0.00244966
0.000179575
-3.97162e-05
0.00339457
2.17628e-05
-0.000729219
-0.000861549
-4.58275e-08
-0.000159316
-0.00411427
-2.17896e-05
-0.000159443
-0.0041144
-0.00017956
-0.000729235
-0.000861562
-3.96966e-05
-3.97046e-05
0.00339459
7.88625e-05
0.000794684
0.00244965
2.26874e-05
0.0058872
-0.000739045
0.000199279
0.0043359
-0.000794653
0.000739049
0.00232825
-0.000628826
7.88483e-05
0.00244966
-0.000381433
-0.000901269
-0.00328553
6.5315e-09
-0.000457963
-0.00473708
0.000381464
-0.00045802
-0.00473701
0.000628863
-0.000901268
-0.00328554
0.000794678
7.88576e-05
0.00244967
0.000739058
0.00073906
0.00232825
0.000199278
0.0043359
-0.000199274
0.00631126
-2.26873e-05
0.00433589
-0.000332326
0.00588721
-0.000349656
0.00256194
-7.02234e-10
0.00206634
0.000349656
0.00206628
0.000332324
0.00256185
2.2684e-05
0.00588719
0.000199276
0.0043359
0.00631125
-0.000204775
-0.000204776
0.00672081
-6.56191e-05
-0.000379402
0.00457617
-0.000453257
0.000151186
0.00612365
-0.000466433
0.00150195
0.00107318
3.81663e-10
0.000956744
0.000643164
0.000466451
0.000956852
0.000642962
0.000453264
0.00150192
0.00107309
6.56206e-05
0.000151181
0.00612365
0.000204778
-0.000379413
0.00457616
-0.000204774
0.00672081
-0.000379404
-6.56204e-05
0.00457617
-0.000264141
-0.000264134
0.00209769
-0.000718688
0.000228684
0.00282667
-0.000484219
0.0009029
-0.00292092
3.19188e-10
0.000257507
-0.004522
0.000484266
0.000257619
-0.00452196
0.000718744
0.000902838
-0.00292094
0.000264189
0.000228681
0.00282673
0.00037943
-0.000264146
0.00209774
-6.56136e-05
0.00457616
0.000151189
-0.000453265
0.00612366
0.000228692
-0.000718681
0.00282665
0.000221905
0.0002219
0.00340814
9.36321e-06
0.000436704
-0.000182914
6.24343e-08
0.000196193
-0.00404365
-9.29073e-06
0.000196157
-0.00404359
-0.0002219
0.000436681
-0.000182897
-0.000228706
0.000221907
0.00340815
-0.000151187
-0.000718692
0.00282667
-0.000453264
0.00612368
0.00150195
-0.000466449
0.00107323
0.00090289
-0.00048421
-0.00292092
0.0004367
9.36781e-06
-0.000182877
0.00011705
0.000116998
-0.0022004
1.28919e-08
4.91462e-05
-0.00544234
-0.000117021
4.91156e-05
-0.00544229
-0.000436681
0.000116996
-0.0022004
-0.000902867
9.38281e-06
-0.000182837
-0.00150193
-0.000484211
-0.00292094
-0.000466455
0.00107324
0.000956696
1.85745e-11
0.000643237
0.000257454
5.34526e-10
-0.00452205
0.000196176
9.9359e-08
-0.00404369
4.92481e-05
6.68737e-08
-0.00544221
-6.17161e-09
-3.46425e-08
-0.00628838
-4.92555e-05
-4.01155e-08
-0.00628847
-0.0001962
6.92391e-08
-0.00544217
-0.000257464
9.31577e-08
-0.00404372
-0.000956685
3.62049e-09
-0.00452214
-8.25969e-10
0.000643249
0.000956863
0.000466475
0.000642931
0.000257629
0.000484279
-0.00452199
0.000196143
-9.26915e-06
-0.00404362
4.91386e-05
-0.000117011
-0.00544222
-1.23639e-08
-4.92623e-05
-0.00628852
-4.9151e-05
-4.92369e-05
-0.00628861
-0.000196165
-0.000117008
-0.0054422
-0.000257618
-9.29012e-06
-0.00404366
-0.000956835
0.00048428
-0.00452209
0.000466476
0.000642983
0.00150189
0.000453274
0.00107313
0.000902789
0.000718765
-0.00292094
0.000436646
-0.000221898
-0.000182864
0.000116978
-0.000436689
-0.00220038
1.66489e-08
-0.000196166
-0.00544213
-0.000116949
-0.000196131
-0.00544211
-0.000436625
-0.000436667
-0.0022004
-0.000902769
-0.000221902
-0.000182835
-0.00150187
0.000718778
-0.00292096
0.000453269
0.00107318
0.00015118
6.56205e-05
0.00612366
0.00022868
0.000264198
0.00282673
0.000221904
-0.000228709
0.00340816
9.35661e-06
-0.000902869
-0.000182821
5.61618e-08
-0.0002575
-0.00404363
-9.29234e-06
-0.000257596
-0.00404359
-0.000221895
-0.000902813
-0.000182813
-0.000228685
-0.000228697
0.00340817
-0.000151177
0.00026421
0.00282671
6.56089e-05
0.00612368
-0.000379415
0.000204779
0.00457616
-0.000264152
0.000379436
0.00209775
-0.000718702
-0.000151188
0.00282669
-0.000484228
-0.00150194
-0.00292094
2.49525e-09
-0.000956731
-0.00452208
0.000484274
-0.000956824
-0.00452205
0.000718762
-0.00150191
-0.00292094
0.0002642
-0.000151181
0.00282671
0.000379439
0.000379443
0.00209778
0.000204777
0.00457617
-0.000204773
0.00672081
-6.56098e-05
0.00457617
-0.000453258
0.00612367
-0.000466445
0.00107318
-7.79995e-10
0.000643169
0.000466458
0.000642998
0.00045326
0.00107314
6.56065e-05
0.00612367
0.000204775
0.00457617
0.00672081
-0.000217285
-0.000217286
0.00715538
-0.000124871
-0.000135985
0.00461974
-0.000619397
0.000373404
0.00624477
-0.000638936
0.00126078
-0.000168063
1.96334e-08
0.000748331
-0.000744123
0.000639
0.000748394
-0.000744413
0.000619415
0.00126071
-0.00016803
0.000124874
0.000373396
0.00624479
0.000217289
-0.000135989
0.00461973
-0.000217283
0.00715538
-0.000135986
-0.00012487
0.00461974
5.25975e-05
5.26027e-05
0.00172052
-0.000648751
0.000467003
0.00343442
-0.000433499
0.000621466
-0.00249685
-7.11814e-09
0.000123697
-0.00433086
0.000433545
0.000123733
-0.00433085
0.000648816
0.0006214
-0.0024969
-5.2571e-05
0.000467
0.00343451
0.000135997
5.25969e-05
0.00172058
-0.000124865
0.00461974
0.000373406
-0.000619407
0.00624479
0.000467003
-0.000648736
0.00343439
0.000366413
0.000366413
0.00360932
7.48081e-05
0.000326822
0.000403335
7.8263e-08
0.000176277
-0.0040215
-7.47352e-05
0.000176269
-0.00402132
-0.000366409
0.000326804
0.000403373
-0.000467006
0.000366416
0.00360933
-0.000373399
-0.000648749
0.00343441
-0.00061941
0.00624482
0.00126078
-0.000638925
-0.000168026
0.00062146
-0.000433478
-0.00249686
0.000326821
7.48247e-05
0.000403351
0.000134585
0.000134563
-0.0018159
1.24429e-08
6.85121e-05
-0.0052
-0.000134571
6.85259e-05
-0.00519996
-0.000326817
0.000134559
-0.00181591
-0.000621442
7.48309e-05
0.000403372
-0.00126075
-0.000433461
-0.00249692
-0.000638938
-0.000167988
0.000748284
3.4318e-08
-0.000744007
0.000123686
-1.42529e-08
-0.00433091
0.00017628
1.19402e-07
-0.00402158
6.85497e-05
3.01546e-08
-0.00519995
-9.70283e-09
-4.15497e-08
-0.00615126
-6.85638e-05
-5.02422e-08
-0.00615134
-0.000176297
3.08666e-08
-0.00519991
-0.000123706
1.09974e-07
-0.00402159
-0.000748279
-1.08901e-08
-0.00433101
3.66437e-08
-0.000744005
0.000748386
0.000639031
-0.000744452
0.000123744
0.000433545
-0.00433091
0.000176271
-7.47227e-05
-0.00402131
6.85579e-05
-0.000134566
-0.00519991
-1.8045e-08
-6.85858e-05
-0.0061514
-6.85767e-05
-6.86038e-05
-0.0061515
-0.000176291
-0.000134562
-0.0051999
-0.00012376
-7.47379e-05
-0.00402134
-0.000748371
0.000433524
-0.00433101
0.000639048
-0.0007444
0.00126065
0.000619435
-0.000167925
0.00062135
0.000648835
-0.00249694
0.000326781
-0.000366412
0.000403394
0.000134554
-0.000326827
-0.00181589
1.52892e-08
-0.000176281
-0.0051999
-0.00013454
-0.000176276
-0.00519988
-0.000326778
-0.00032681
-0.00181591
-0.000621334
-0.000366413
0.000403396
-0.00126063
0.000648847
-0.00249699
0.000619442
-0.000167837
0.000373391
0.000124871
0.00624483
0.000466994
-5.25646e-05
0.00343453
0.00036641
-0.000467012
0.00360934
7.48004e-05
-0.000621446
0.000403407
6.88462e-08
-0.00012371
-0.00402147
-7.47363e-05
-0.000123743
-0.00402131
-0.000366402
-0.000621384
0.000403427
-0.000466991
-0.000467004
0.00360935
-0.000373385
-5.25615e-05
0.00343451
0.000124863
0.00624487
-0.000135991
0.000217289
0.00461973
5.25915e-05
0.000135999
0.0017206
-0.000648767
-0.0003734
0.00343444
-0.000433487
-0.00126076
-0.0024969
-4.69626e-09
-0.000748324
-0.00433095
0.00043353
-0.000748378
-0.00433095
0.000648832
-0.00126069
-0.00249694
-5.2567e-05
-0.000373392
0.0034345
0.000135999
0.000136
0.00172065
0.000217287
0.00461975
-0.000217283
0.00715538
-0.000124865
0.00461975
-0.000619403
0.00624481
-0.000638954
-0.000168025
2.02177e-08
-0.00074413
0.00063902
-0.00074438
0.000619423
-0.000167953
0.000124865
0.00624483
0.000217286
0.00461975
0.00715538
-0.000223627
-0.000223626
0.00760264
-0.000121426
-0.00019409
0.00471163
-0.00057847
0.000480097
0.00622172
-0.000510806
0.000698381
-0.000934108
5.82917e-09
0.000367114
-0.00162205
0.000510964
0.00036709
-0.00162246
0.000578603
0.000698326
-0.000933994
0.000121428
0.000480094
0.00622187
0.000223629
-0.000194089
0.00471162
-0.000223625
0.00760264
-0.000194089
-0.000121424
0.00471163
-0.000213704
-0.000213706
0.00175975
-0.000655386
0.000531966
0.00382423
-0.00033723
0.000215532
-0.00233216
-1.01519e-08
4.76175e-06
-0.00430573
0.000337244
4.74634e-06
-0.00430577
0.00065541
0.000215481
-0.00233222
0.000213689
0.000531968
0.00382436
0.000194086
-0.000213702
0.0017598
-0.000121424
0.00471163
0.000480088
-0.000578432
0.00622171
0.000531956
-0.000655375
0.00382419
0.000414711
0.000414714
0.00384382
0.00015022
0.000205648
0.00067771
2.2e-08
0.000126726
-0.00399327
-0.000150192
0.00012674
-0.0039931
-0.000414717
0.000205631
0.000677747
-0.000531956
0.000414715
0.00384383
-0.000480077
-0.000655378
0.00382421
-0.000578444
0.00622177
0.000698388
-0.000510768
-0.000934078
0.00021553
-0.000337207
-0.00233217
0.00020565
0.00015023
0.000677715
0.000143754
0.000143739
-0.0016921
6.01953e-09
7.81767e-05
-0.0050077
-0.000143753
7.82188e-05
-0.00500768
-0.000205648
0.00014373
-0.00169211
-0.000215525
0.000150233
0.00067773
-0.000698403
-0.000337171
-0.00233225
-0.000510804
-0.000934031
0.000367138
9.6048e-09
-0.00162192
4.7915e-06
-2.00535e-08
-0.00430575
0.000126727
3.3911e-08
-0.00399331
7.81812e-05
1.09493e-08
-0.00500767
-4.72037e-09
-2.01742e-08
-0.00599488
-7.81944e-05
-2.10025e-08
-0.00599491
-0.000126733
1.10278e-08
-0.00500765
-4.83099e-06
3.05411e-08
-0.00399329
-0.000367179
-2.12415e-08
-0.00430581
1.75041e-08
-0.00162201
0.000367104
0.000511025
-0.00162257
4.7681e-06
0.000337223
-0.00430581
0.000126752
-0.000150194
-0.00399306
7.82545e-05
-0.00014375
-0.00500765
-5.9986e-09
-7.82258e-05
-0.00599493
-7.82716e-05
-7.82713e-05
-0.00599498
-0.000126765
-0.000143744
-0.00500765
-4.81744e-06
-0.000150202
-0.00399306
-0.000367156
0.000337181
-0.00430587
0.000511062
-0.0016226
0.000698297
0.000578646
-0.000933843
0.000215444
0.000655414
-0.00233227
0.000205619
-0.000414727
0.000677752
0.000143735
-0.000205655
-0.0016921
7.00148e-09
-0.000126738
-0.00500766
-0.000143736
-0.000126758
-0.00500765
-0.000205621
-0.000205643
-0.00169213
-0.00021544
-0.000414728
0.000677741
-0.000698318
0.000655415
-0.00233234
0.00057865
-0.000933743
0.000480078
0.000121424
0.00622198
0.000531951
0.000213688
0.00382438
0.000414706
-0.000531971
0.00384383
0.000150216
-0.000215529
0.00067777
1.96776e-08
-4.8058e-06
-0.00399321
-0.000150192
-4.79878e-06
-0.00399306
-0.000414708
-0.000215481
0.000677782
-0.000531945
-0.000531969
0.00384383
-0.000480065
0.000213682
0.00382436
0.000121421
0.00622204
-0.000194089
0.000223628
0.00471162
-0.0002137
0.000194086
0.00175981
-0.000655391
-0.000480089
0.00382425
-0.000337198
-0.000698399
-0.00233222
-1.05088e-08
-0.000367161
-0.00430578
0.000337208
-0.000367147
-0.00430582
0.000655414
-0.000698349
-0.00233228
0.000213683
-0.000480083
0.00382435
0.000194084
0.000194082
0.00175985
0.000223627
0.00471162
-0.000223626
0.00760264
-0.000121427
0.00471163
-0.000578484
0.00622178
-0.000510848
-0.00093406
1.09947e-08
-0.00162215
0.000511003
-0.00162252
0.000578609
-0.000933908
0.000121427
0.00622193
0.000223628
0.00471163
0.00760263
-0.000208446
-0.000208446
0.00801953
-8.71138e-05
-0.000386257
0.00497655
-0.000475356
0.000512516
0.00609744
-0.000444226
0.000466396
-0.00143163
-5.77727e-08
0.000189841
-0.00225606
0.000444207
0.000189719
-0.00225644
0.000475424
0.00046641
-0.00143162
8.7107e-05
0.00051249
0.0060977
0.000208446
-0.000386254
0.00497654
-0.000208446
0.00801953
-0.000386255
-8.71152e-05
0.00497655
-0.000626957
-0.000626964
0.00224116
-0.000675689
0.000450552
0.00393493
-0.000219107
-3.69533e-05
-0.00228539
2.14842e-08
-7.54801e-05
-0.00425954
0.000219101
-7.55417e-05
-0.00425958
0.000675659
-3.69899e-05
-0.00228538
0.000626921
0.000450542
0.00393504
0.000386243
-0.000626952
0.00224117
-8.71183e-05
0.00497654
0.000512507
-0.000475323
0.00609741
0.00045054
-0.00067569
0.00393489
0.000365355
0.000365363
0.00401419
0.000213534
0.000133575
0.000659002
-6.4391e-09
8.94976e-05
-0.0039447
-0.000213529
8.95144e-05
-0.00394463
-0.000365353
0.000133557
0.000659025
-0.000450538
0.000365365
0.00401419
-0.000512495
-0.000675669
0.00393488
-0.000475324
0.00609748
0.000466435
-0.000444231
-0.00143161
-3.69449e-05
-0.000219093
-0.00228539
0.000133583
0.000213536
0.000659014
0.0001541
0.000154085
-0.00173312
7.98773e-10
8.22089e-05
-0.00484631
-0.000154101
8.22448e-05
-0.00484631
-0.000133577
0.00015407
-0.00173315
3.69436e-05
0.000213535
0.000659039
-0.000466495
-0.000219064
-0.00228541
-0.000444236
-0.00143161
0.000189941
-9.3269e-08
-0.002256
-7.54283e-05
2.9338e-08
-0.00425951
8.94973e-05
-8.12818e-09
-0.0039447
8.22034e-05
-2.24458e-10
-0.00484629
7.07325e-09
1.44112e-08
-0.00583049
-8.22074e-05
2.13502e-08
-0.00583047
-8.9497e-05
-4.46944e-10
-0.00484629
7.53967e-05
-8.51004e-09
-0.00394464
-0.000190011
2.17005e-08
-0.00425949
-8.8784e-08
-0.00225616
0.000189748
0.000444205
-0.00225662
-7.5525e-05
0.000219078
-0.00425959
8.95299e-05
-0.000213531
-0.0039446
8.22682e-05
-0.000154096
-0.0048463
1.41006e-08
-8.2228e-05
-0.00583044
-8.22722e-05
-8.22636e-05
-0.00583041
-8.95389e-05
-0.000154084
-0.0048463
7.54754e-05
-0.000213533
-0.00394455
-0.000189854
0.000219044
-0.00425957
0.000444215
-0.00225676
0.000466471
0.000475435
-0.00143154
-3.69969e-05
0.000675647
-0.00228537
0.000133555
-0.000365366
0.000659035
0.000154079
-0.000133578
-0.00173314
6.43618e-10
-8.95127e-05
-0.0048463
-0.000154084
-8.95376e-05
-0.0048463
-0.000133558
-0.000133565
-0.00173317
3.698e-05
-0.000365368
0.000659039
-0.00046656
0.000675631
-0.00228539
0.000475429
-0.00143152
0.00051246
8.71011e-05
0.00609785
0.000450514
0.000626913
0.00393506
0.00036535
-0.000450558
0.00401419
0.000213533
3.69469e-05
0.000659063
-4.46695e-09
7.54402e-05
-0.00394463
-0.000213527
7.54868e-05
-0.00394456
-0.000365346
3.6972e-05
0.000659064
-0.000450507
-0.000450544
0.00401417
-0.000512446
0.000626904
0.00393503
8.71044e-05
0.00609792
-0.000386254
0.000208443
0.00497653
-0.000626946
0.000386239
0.00224118
-0.000675669
-0.000512507
0.00393492
-0.000219077
-0.000466464
-0.00228541
1.65934e-08
-0.00018992
-0.00425952
0.000219069
-0.000189827
-0.00425956
0.000675644
-0.000466498
-0.00228538
0.00062691
-0.000512479
0.00393501
0.000386241
0.000386236
0.00224118
0.000208444
0.00497653
-0.000208449
0.00801953
-8.71215e-05
0.00497655
-0.000475359
0.00609751
-0.000444234
-0.00143165
-5.26119e-08
-0.00225625
0.000444219
-0.00225662
0.000475422
-0.00143161
8.71135e-05
0.00609776
0.000208448
0.00497653
0.00801953
-0.000169392
-0.000169394
0.00835831
-3.59444e-05
-0.000484545
0.00532765
-0.000368503
0.000527728
0.00590227
-0.000357205
0.000300318
-0.00174325
-3.42809e-08
8.9577e-05
-0.0027028
0.000356864
8.95058e-05
-0.00270285
0.000368257
0.000300265
-0.00174328
3.59395e-05
0.00052765
0.00590237
0.000169388
-0.000484545
0.00532763
-0.000169397
0.00835831
-0.000484541
-3.59523e-05
0.00532765
-0.000813559
-0.000813566
0.0028992
-0.000617647
0.000344862
0.00392188
-0.000137401
-0.000197411
-0.00226791
4.52785e-08
-0.000130311
-0.00417709
0.000137403
-0.00013035
-0.00417709
0.000617602
-0.000197459
-0.00226785
0.000813526
0.000344825
0.00392195
0.000484528
-0.000813556
0.00289918
-3.59652e-05
0.00532764
0.00052774
-0.000368548
0.00590226
0.000344859
-0.000617655
0.00392186
0.000294743
0.000294753
0.00411442
0.0002518
9.77919e-05
0.000406742
-4.78476e-09
5.70486e-05
-0.00388026
-0.000251795
5.7054e-05
-0.00388024
-0.000294743
9.7779e-05
0.000406734
-0.000344863
0.000294755
0.00411438
-0.000527732
-0.000617628
0.00392182
-0.000368497
0.00590228
0.00030035
-0.000357248
-0.00174326
-0.000197397
-0.000137405
-0.00226789
9.78032e-05
0.000251796
0.000406771
0.000161262
0.000161249
-0.00186004
-9.92335e-10
8.46063e-05
-0.00471261
-0.000161264
8.46249e-05
-0.00471262
-9.7799e-05
0.000161234
-0.00186007
0.000197406
0.000251793
0.000406796
-0.000300356
-0.000137402
-0.00226788
-0.000357164
-0.0017433
8.96539e-05
-6.15167e-08
-0.00270284
-0.000130279
6.78028e-08
-0.00417704
5.70533e-05
-6.07918e-09
-0.00388023
8.4605e-05
-3.58112e-09
-0.00471259
4.94484e-09
9.26281e-09
-0.00566129
-8.46079e-05
1.39683e-08
-0.00566124
-5.70515e-05
-3.55171e-09
-0.00471261
0.000130278
-5.46559e-09
-0.00388017
-8.97012e-05
5.98895e-08
-0.00417697
-8.20503e-08
-0.00270295
8.95407e-05
0.000356703
-0.00270292
-0.00013034
0.000137404
-0.00417704
5.70668e-05
-0.000251793
-0.00388022
8.46416e-05
-0.000161261
-0.00471261
9.70077e-09
-8.46213e-05
-0.00566117
-8.46463e-05
-8.46414e-05
-0.0056611
-5.70727e-05
-0.000161248
-0.00471263
0.000130331
-0.000251791
-0.00388016
-8.96035e-05
0.000137398
-0.00417697
0.000356642
-0.00270309
0.000300289
0.000368162
-0.00174329
-0.000197459
0.000617587
-0.00226781
9.77862e-05
-0.000294758
0.000406755
0.000161243
-9.77941e-05
-0.00186007
-1.18973e-09
-5.7062e-05
-0.00471261
-0.000161249
-5.7074e-05
-0.00471262
-9.77906e-05
-9.77862e-05
-0.00186009
0.000197441
-0.00029476
0.000406776
-0.000300339
0.00061757
-0.00226778
0.000368149
-0.00174336
0.000527611
3.59453e-05
0.00590246
0.000344793
0.000813518
0.00392195
0.000294739
-0.000344875
0.00411436
0.000251799
0.000197417
0.000406793
-1.90804e-09
0.000130307
-0.0038802
-0.000251793
0.000130339
-0.00388019
-0.000294737
0.000197446
0.000406776
-0.000344796
-0.000344838
0.00411431
-0.000527611
0.000813512
0.0039219
3.59625e-05
0.00590249
-0.000484545
0.000169387
0.00532763
-0.000813551
0.000484524
0.00289918
-0.000617618
-0.000527726
0.00392184
-0.000137393
-0.000300326
-0.00226789
3.98851e-08
-8.96181e-05
-0.00417703
0.000137396
-8.95594e-05
-0.00417702
0.000617581
-0.000300304
-0.00226782
0.00081352
-0.000527654
0.00392189
0.00048453
0.000484523
0.00289916
0.00016939
0.00532763
-0.000169399
0.00835831
-3.59631e-05
0.00532763
-0.000368458
0.00590228
-0.000357117
-0.00174332
-4.64711e-08
-0.00270294
0.000356798
-0.00270302
0.000368244
-0.00174336
3.59632e-05
0.00590239
0.000169395
0.00532763
0.00835831
-0.000118305
-0.000118307
0.00859493
1.93691e-05
-0.000484052
0.00567403
-0.000302446
0.000595677
0.00562841
-0.000307136
0.000166201
-0.00190476
7.27416e-08
-4.19371e-06
-0.00300582
0.000306963
-4.16386e-06
-0.00300558
0.000302197
0.000165958
-0.00190447
-1.93927e-05
0.000595608
0.00562835
0.000118299
-0.000484059
0.005674
-0.000118311
0.00859492
-0.000484048
1.93631e-05
0.00567403
-0.000841084
-0.00084109
0.00361327
-0.000550525
0.000294557
0.00393244
-0.00010052
-0.000264076
-0.00228764
1.63139e-08
-0.000181717
-0.00410011
0.000100517
-0.000181735
-0.00410002
0.000550497
-0.000264161
-0.00228772
0.000841058
0.00029453
0.00393246
0.000484038
-0.000841085
0.00361323
1.93658e-05
0.005674
0.000595701
-0.000302503
0.00562843
0.000294561
-0.000550527
0.00393243
0.000257272
0.000257285
0.00418898
0.000267575
9.32586e-05
3.91045e-05
-2.4757e-09
3.34038e-05
-0.0038278
-0.000267578
3.3401e-05
-0.00382781
-0.000257277
9.32593e-05
3.90125e-05
-0.000294577
0.000257299
0.00418891
-0.00059571
-0.000550502
0.00393237
-0.000302467
0.0056284
0.000166222
-0.000307148
-0.00190483
-0.000264068
-0.00010053
-0.0022876
9.3265e-05
0.000267569
3.91532e-05
0.000164793
0.000164782
-0.00200309
-3.51699e-09
8.35609e-05
-0.00459797
-0.000164799
8.35619e-05
-0.00459798
-9.32622e-05
0.000164776
-0.00200312
0.000264106
0.000267572
3.91547e-05
-0.000166112
-0.000100539
-0.00228762
-0.000307109
-0.00190477
-4.19667e-06
1.02765e-07
-0.0030059
-0.000181712
2.3828e-08
-0.00410008
3.34102e-05
-4.39678e-09
-0.00382778
8.35649e-05
-7.70228e-09
-0.00459796
4.27449e-09
7.27432e-09
-0.00549418
-8.35669e-05
9.83082e-09
-0.00549412
-3.34095e-05
-6.87328e-09
-0.00459799
0.000181747
-3.57491e-09
-0.00382775
4.22439e-06
2.25691e-08
-0.00410001
6.98248e-08
-0.0030059
-4.14355e-06
0.000306854
-0.00300553
-0.000181737
0.000100524
-0.00409995
3.34092e-05
-0.000267578
-0.00382779
8.35692e-05
-0.0001648
-0.00459798
6.86526e-09
-8.35706e-05
-0.00549403
-8.35725e-05
-8.35727e-05
-0.00549394
-3.34127e-05
-0.000164793
-0.004598
0.000181769
-0.00026758
-0.00382777
4.18399e-06
0.000100533
-0.0040999
0.000306805
-0.00300564
0.000165875
0.0003021
-0.00190441
-0.000264185
0.000550486
-0.00228771
9.32671e-05
-0.000257293
3.90186e-05
0.000164785
-9.32616e-05
-0.00200312
-2.93443e-09
-3.34147e-05
-0.00459798
-0.000164792
-3.3415e-05
-0.00459799
-9.32683e-05
-9.32633e-05
-0.00200314
0.000264189
-0.000257307
3.90458e-05
-0.000165837
0.000550467
-0.00228769
0.000302094
-0.00190449
0.000595592
-1.93994e-05
0.00562837
0.000294517
0.000841052
0.00393245
0.000257292
-0.00029458
0.00418887
0.000267584
0.000264116
3.9122e-05
2.43218e-11
0.000181754
-0.00382778
-0.000267585
0.000181772
-0.00382779
-0.000257293
0.000264177
3.90431e-05
-0.000294531
-0.000294554
0.00418879
-0.000595612
0.000841052
0.0039324
-1.93954e-05
0.00562837
-0.000484062
0.000118296
0.005674
-0.000841082
0.000484034
0.00361322
-0.000550492
-0.000595693
0.00393236
-0.000100521
-0.000166083
-0.00228766
1.59635e-08
4.2399e-06
-0.00410005
0.000100519
4.22212e-06
-0.00409997
0.00055047
-0.000165891
-0.0022877
0.000841059
-0.000595636
0.00393238
0.000484051
0.000484041
0.00361318
0.000118301
0.00567398
-0.000118312
0.00859492
1.93675e-05
0.00567399
-0.000302412
0.00562836
-0.00030708
-0.00190473
4.95141e-08
-0.00300583
0.000306907
-0.00300566
0.000302188
-0.00190453
-1.9386e-05
0.00562833
0.000118306
0.00567397
0.00859492
-0.000104189
-0.000104191
0.00880331
2.24742e-05
-0.000421013
0.00596838
-0.000270501
0.000789376
0.00513201
-0.000274145
4.52947e-05
-0.00194641
1.21938e-07
-7.18283e-05
-0.00320826
0.000274596
-7.18481e-05
-0.0032082
0.00027075
4.49526e-05
-0.00194558
-2.25116e-05
0.000789347
0.00513226
0.000104183
-0.000421006
0.00596831
-0.000104194
0.0088033
-0.000421014
2.24672e-05
0.00596838
-0.00078483
-0.000784833
0.00434091
-0.000475931
0.000291947
0.00412097
-9.94228e-05
-0.000302502
-0.00231635
-1.32471e-08
-0.000225639
-0.0040457
9.94134e-05
-0.000225662
-0.00404563
0.000475928
-0.0003026
-0.00231668
0.000784814
0.000291974
0.00412095
0.000421006
-0.000784821
0.00434085
2.24783e-05
0.00596833
0.000789386
-0.00027047
0.00513198
0.000291938
-0.000475932
0.00412098
0.00025839
0.000258402
0.00425607
0.000270129
8.97976e-05
-0.000364934
-7.31729e-09
1.69578e-05
-0.00380026
-0.000270154
1.69454e-05
-0.00380027
-0.0002584
8.981e-05
-0.000365152
-0.000291945
0.000258441
0.00425599
-0.00078938
-0.000475918
0.0041209
-0.000270561
0.00513206
4.53129e-05
-0.000274064
-0.00194655
-0.000302497
-9.94354e-05
-0.00231628
8.98038e-05
0.000270119
-0.000364865
0.000165581
0.00016557
-0.00215464
-5.81255e-09
8.18196e-05
-0.00449724
-0.000165596
8.18142e-05
-0.00449726
-8.98158e-05
0.000165573
-0.00215467
0.000302551
0.000270128
-0.000364899
-4.51353e-05
-9.94416e-05
-0.00231641
-0.000274201
-0.00194627
-7.18441e-05
1.78107e-07
-0.00320829
-0.000225641
-2.05968e-08
-0.0040457
1.69681e-05
-1.21039e-08
-0.00380025
8.18248e-05
-1.13904e-08
-0.00449723
5.52948e-09
1.05802e-08
-0.00533055
-8.18262e-05
1.31535e-08
-0.00533049
-1.69741e-05
-9.65856e-09
-0.00449726
0.000225689
-9.68551e-09
-0.00380028
7.19304e-05
-1.62664e-08
-0.00404568
1.56389e-07
-0.00320833
-7.18629e-05
0.000274725
-0.00320821
-0.000225671
9.94227e-05
-0.00404558
1.69509e-05
-0.000270161
-0.00380026
8.18157e-05
-0.0001656
-0.00449726
8.08899e-09
-8.18246e-05
-0.00533039
-8.18165e-05
-8.18184e-05
-0.00533028
-1.69593e-05
-0.000165599
-0.00449727
0.000225719
-0.000270166
-0.00380029
7.19532e-05
9.94333e-05
-0.00404558
0.000274756
-0.00320828
4.48183e-05
0.000270832
-0.00194534
-0.000302636
0.00047593
-0.00231677
8.98209e-05
-0.000258412
-0.000365187
0.000165581
-8.98194e-05
-0.00215466
-4.24227e-09
-1.69742e-05
-0.00449724
-0.000165594
-1.6963e-05
-0.00449725
-8.98301e-05
-8.98273e-05
-0.00215468
0.000302657
-0.000258449
-0.000365159
-4.4728e-05
0.000475919
-0.00231679
0.00027086
-0.00194532
0.000789352
-2.25245e-05
0.00513237
0.000291987
0.00078481
0.00412094
0.000258456
-0.000291948
0.00425594
0.000270146
0.000302559
-0.000364947
-3.9286e-09
0.000225689
-0.00380029
-0.000270166
0.000225714
-0.0038003
-0.000258459
0.000302636
-0.000365128
-0.000291988
-0.000291972
0.00425584
-0.000789358
0.000784805
0.00412088
-2.25256e-05
0.0051324
-0.000421005
0.00010418
0.0059683
-0.000784816
0.000421002
0.00434083
-0.000475907
-0.000789374
0.00412088
-9.94216e-05
-4.5107e-05
-0.00231648
-9.48426e-09
7.19205e-05
-0.00404569
9.94162e-05
7.19462e-05
-0.00404563
0.000475906
-4.48273e-05
-0.00231673
0.000784805
-0.000789356
0.00412087
0.000421001
0.000420997
0.0043408
0.000104183
0.00596827
-0.000104195
0.0088033
2.24821e-05
0.00596831
-0.000270583
0.00513205
-0.000274265
-0.00194616
1.05798e-07
-0.00320828
0.000274641
-0.00320825
0.000270788
-0.0019455
-2.25128e-05
0.00513227
0.000104189
0.00596827
0.00880329
-0.000177678
-0.00017768
0.00915866
-0.000194517
-0.000314326
0.00629954
-0.000336862
0.000854629
0.00441973
-0.000272105
-3.86292e-05
-0.00197254
1.58711e-08
-0.000125504
-0.00335487
0.000272564
-0.000125577
-0.00335517
0.000337175
-3.84592e-05
-0.00197173
0.000194456
0.000854604
0.00442038
0.000177667
-0.000314299
0.0062994
-0.000177677
0.00915864
-0.000314332
-0.000194528
0.00629956
-0.000731529
-0.000731524
0.00517531
-0.000430438
0.000265985
0.00440853
-0.00011563
-0.000309089
-0.0023607
-3.30898e-08
-0.000251807
-0.004035
0.000115604
-0.000251834
-0.00403501
0.000430468
-0.000309055
-0.00236095
0.000731538
0.000266032
0.00440845
0.000314331
-0.000731504
0.00517526
-0.0001945
0.00629949
0.000854637
-0.000336813
0.00441963
0.000265975
-0.000430436
0.00440855
0.000247241
0.000247253
0.00429354
0.000257632
9.16159e-05
-0.000776031
-8.5949e-09
3.39691e-06
-0.00379783
-0.000257647
3.38444e-06
-0.00379785
-0.000247234
9.16483e-05
-0.000776268
-0.000265963
0.000247305
0.00429344
-0.0008546
-0.000430439
0.00440848
-0.000336891
0.00441985
-3.86713e-05
-0.000272025
-0.00197267
-0.000309104
-0.000115643
-0.00236064
9.16204e-05
0.000257628
-0.000775964
0.000159954
0.000159943
-0.0022913
-1.00686e-08
7.76804e-05
-0.00441156
-0.000159978
7.7667e-05
-0.00441157
-9.16483e-05
0.000159949
-0.0022913
0.000309115
0.000257644
-0.000776001
3.86407e-05
-0.000115635
-0.00236074
-0.000272152
-0.00197237
-0.000125503
1.87311e-08
-0.00335483
-0.000251803
-4.95158e-08
-0.00403499
3.40576e-06
-1.46433e-08
-0.00379782
7.76888e-05
-1.89817e-08
-0.00441156
5.02122e-09
9.41722e-09
-0.00517519
-7.76892e-05
1.14347e-08
-0.00517514
-3.41349e-06
-1.72832e-08
-0.00441157
0.000251833
-1.23572e-08
-0.00379787
0.000125584
-4.15727e-08
-0.00403502
2.71479e-08
-0.00335492
-0.000125606
0.00027271
-0.0033553
-0.000251844
0.000115607
-0.004035
3.38445e-06
-0.000257655
-0.00379785
7.76611e-05
-0.000159983
-0.00441157
6.97366e-09
-7.76807e-05
-0.00517505
-7.76585e-05
-7.76638e-05
-0.00517494
-3.39124e-06
-0.000159983
-0.00441157
0.000251874
-0.00025767
-0.0037979
0.000125679
0.000115607
-0.00403503
0.000272746
-0.00335532
-3.84127e-05
0.000337285
-0.0019715
-0.000309045
0.000430483
-0.00236101
9.16643e-05
-0.000247236
-0.000776316
0.000159955
-9.16547e-05
-0.00229128
-8.44077e-09
-3.40927e-06
-0.00441155
-0.000159973
-3.39496e-06
-0.00441155
-9.16805e-05
-9.1676e-05
-0.00229128
0.000309061
-0.000247286
-0.000776285
3.84245e-05
0.00043048
-0.00236103
0.000337301
-0.00197145
0.000854627
0.000194442
0.00442059
0.000266064
0.000731543
0.00440844
0.000247331
-0.00026596
0.0042934
0.000257656
0.000309106
-0.000776033
-5.95821e-09
0.000251835
-0.00379788
-0.000257669
0.000251864
-0.0037979
-0.000247319
0.000309075
-0.000776229
-0.000266054
-0.000266008
0.0042933
-0.000854626
0.000731523
0.00440841
0.000194437
0.00442063
-0.000314289
0.000177664
0.00629937
-0.000731493
0.00031433
0.00517525
-0.000430428
-0.000854595
0.00440845
-0.000115616
3.86061e-05
-0.00236079
-2.67223e-08
0.000125579
-0.00403503
0.000115598
0.000125647
-0.00403504
0.000430455
3.84663e-05
-0.00236098
0.000731505
-0.000854595
0.0044084
0.000314294
0.000314306
0.00517522
0.000177663
0.00629934
-0.000177676
0.00915864
-0.000194491
0.00629946
-0.000336934
0.0044199
-0.000272227
-0.00197226
2.23652e-08
-0.00335495
0.000272619
-0.0033552
0.000337202
-0.00197162
0.000194449
0.00442043
0.000177667
0.00629936
0.00915862
-0.000307139
-0.000307138
0.00977294
-0.00051065
-0.000208968
0.00671202
-0.000460985
0.000651955
0.00371811
-0.000289269
-7.04309e-05
-0.00207383
-1.73482e-07
-0.000149693
-0.00349428
0.000288931
-0.000149756
-0.00349452
0.000461079
-6.98134e-05
-0.00207406
0.000510891
0.00065214
0.00371843
0.000307142
-0.000208907
0.00671206
-0.000307131
0.00977292
-0.000208982
-0.000510605
0.00671201
-0.000704362
-0.000704354
0.00616607
-0.000416129
0.00010222
0.00467003
-0.000136436
-0.00028572
-0.0024251
-1.96607e-08
-0.000254801
-0.00406631
0.000136406
-0.000254847
-0.00406634
0.00041613
-0.000285421
-0.00242506
0.000704374
0.000102312
0.00467004
0.000208977
-0.00070432
0.00616607
-0.000510699
0.00671203
0.000651926
-0.000460967
0.00371806
0.000102211
-0.000416132
0.00467005
0.000175394
0.000175396
0.00414718
0.000218685
8.35909e-05
-0.00118863
-6.74019e-09
-9.21107e-06
-0.00382472
-0.000218703
-9.21932e-06
-0.00382478
-0.0001754
8.36221e-05
-0.00118861
-0.000102222
0.000175433
0.00414714
-0.000651983
-0.000416124
0.00467004
-0.000461004
0.00371817
-7.05349e-05
-0.000289323
-0.00207378
-0.000285772
-0.000136445
-0.00242509
8.35932e-05
0.000218683
-0.00118862
0.000143923
0.000143915
-0.00241195
-1.1715e-08
6.78585e-05
-0.0043447
-0.000143948
6.78388e-05
-0.0043447
-8.36211e-05
0.000143922
-0.00241192
0.000285677
0.000218708
-0.00118857
7.03076e-05
-0.000136429
-0.00242507
-0.00028922
-0.00207384
-0.00014968
-2.61145e-07
-0.00349421
-0.00025479
-2.94681e-08
-0.0040663
-9.20427e-06
-1.16805e-08
-0.00382471
6.78709e-05
-2.21892e-08
-0.00434469
-1.20417e-09
-4.34968e-09
-0.00503946
-6.78737e-05
-5.62492e-09
-0.00503942
9.19744e-06
-2.15811e-08
-0.00434469
0.000254802
-1.03823e-08
-0.00382476
0.000149704
-2.26687e-08
-0.00406633
-2.11947e-07
-0.00349423
-0.000149777
0.000288818
-0.0034946
-0.000254864
0.000136402
-0.00406635
-9.22245e-06
-0.000218714
-0.00382479
6.78286e-05
-0.000143952
-0.00434469
-2.48754e-09
-6.78613e-05
-0.00503936
-6.7828e-05
-6.78379e-05
-0.00503928
9.21925e-06
-0.000143954
-0.00434469
0.00025487
-0.000218736
-0.00382482
0.000149791
0.000136397
-0.00406637
0.000288804
-0.00349455
-6.96269e-05
0.000461096
-0.00207415
-0.000285331
0.000416136
-0.00242504
8.3634e-05
-0.0001754
-0.00118859
0.000143927
-8.36254e-05
-0.0024119
-1.10806e-08
9.20456e-06
-0.00434468
-0.000143946
9.21683e-06
-0.00434467
-8.36485e-05
-8.36453e-05
-0.00241189
0.000285317
-0.000175432
-0.00118855
6.95757e-05
0.000416131
-0.00242502
0.000461088
-0.00207416
0.000652223
0.000510957
0.0037185
0.000102369
0.000704381
0.00467005
0.000175456
-0.00010222
0.00414713
0.000218717
0.00028563
-0.00118855
-5.235e-09
0.000254813
-0.00382476
-0.000218732
0.000254855
-0.00382481
-0.000175456
0.00028539
-0.00118854
-0.000102374
-0.000102306
0.00414709
-0.000652247
0.000704347
0.00467007
0.000510967
0.00371851
-0.000208881
0.000307146
0.00671206
-0.000704301
0.000208976
0.00616608
-0.000416112
-0.000652002
0.00467004
-0.000136416
7.02144e-05
-0.00242507
-1.42466e-08
0.000149714
-0.00406633
0.000136395
0.000149768
-0.00406636
0.000416116
6.97251e-05
-0.00242503
0.000704316
-0.000652162
0.00467006
0.000208889
0.000208922
0.00616608
0.000307138
0.00671206
-0.000307126
0.00977291
-0.000510729
0.00671204
-0.000461017
0.00371819
-0.000289174
-0.00207389
-1.3532e-07
-0.00349427
0.000288904
-0.00349447
0.000461079
-0.00207407
0.000510909
0.00371844
0.000307128
0.00671206
0.00977289
-0.000404505
-0.000404497
0.0105819
-0.000682509
-0.000174303
0.00716433
-0.000514839
2.75218e-05
0.00352292
-0.000293258
-6.48586e-05
-0.00223055
-1.33063e-07
-0.000142233
-0.00364517
0.000292703
-0.000142196
-0.00364516
0.000514433
-6.46364e-05
-0.00223116
0.000682533
2.77374e-05
0.00352259
0.000404533
-0.000174266
0.00716432
-0.00040449
0.0105819
-0.00017431
-0.000682503
0.00716433
-0.000679005
-0.000678999
0.00717546
-0.000387763
-0.000348111
0.00475442
-0.000143978
-0.00022706
-0.00250669
-9.85513e-09
-0.000229153
-0.00412336
0.000143948
-0.000229133
-0.00412336
0.000387746
-0.000226947
-0.00250655
0.000679021
-0.000347965
0.00475446
0.000174314
-0.000678979
0.00717549
-0.000682502
0.00716436
2.74914e-05
-0.000514905
0.00352297
-0.000348123
-0.000387768
0.00475443
6.71553e-05
6.71405e-05
0.00331665
0.000155405
7.5176e-05
-0.00157912
-8.46712e-09
-2.01463e-05
-0.00387832
-0.000155441
-2.01511e-05
-0.00387833
-6.72041e-05
7.51722e-05
-0.00157897
0.000348078
6.71484e-05
0.00331675
-2.75632e-05
-0.000387754
0.00475446
-0.000514763
0.00352287
-6.48958e-05
-0.000293352
-0.00223043
-0.000227079
-0.000143983
-0.0025067
7.51819e-05
0.0001554
-0.00157914
0.000131582
0.000131579
-0.00252476
-7.78232e-09
5.39373e-05
-0.00428719
-0.000131597
5.39244e-05
-0.00428718
-7.52002e-05
0.000131583
-0.00252473
0.000227021
0.000155423
-0.00157907
6.47995e-05
-0.000143961
-0.00250664
-0.000293188
-0.00223062
-0.000142232
-1.93211e-07
-0.00364514
-0.000229151
-1.52195e-08
-0.00412335
-2.01408e-05
-1.33695e-08
-0.00387831
5.39475e-05
-1.44499e-08
-0.00428719
-6.1883e-09
-1.3927e-08
-0.00493155
-5.39541e-05
-1.65808e-08
-0.00493153
2.01319e-05
-1.38361e-08
-0.00428718
0.000229122
-1.19135e-08
-0.00387831
0.000142191
-1.17126e-08
-0.00412335
-1.57111e-07
-0.00364507
-0.000142187
0.000292537
-0.00364514
-0.000229127
0.000143939
-0.00412336
-2.01537e-05
-0.000155452
-0.00387832
5.39188e-05
-0.000131602
-0.00428718
-8.90007e-09
-5.39472e-05
-0.0049315
-5.39236e-05
-5.39324e-05
-0.00493145
2.01486e-05
-0.000131603
-0.00428717
0.000229103
-0.000155466
-0.00387832
0.000142154
0.000143929
-0.00412336
0.000292517
-0.00364507
-6.4572e-05
0.000514302
-0.00223135
-0.000226914
0.000387745
-0.0025065
7.51751e-05
-6.72114e-05
-0.00157892
0.000131587
-7.51982e-05
-0.00252472
-7.10856e-09
2.01392e-05
-0.00428717
-0.000131599
2.01479e-05
-0.00428716
-7.51907e-05
-7.51927e-05
-0.0025247
0.000226895
-6.72039e-05
-0.0015789
6.4543e-05
0.000387738
-0.00250648
0.00051426
-0.00223136
2.78169e-05
0.000682541
0.00352245
-0.000347891
0.000679031
0.00475447
6.71658e-05
0.000348073
0.00331679
0.000155435
0.000227006
-0.00157902
-6.81369e-09
0.000229125
-0.00387831
-0.000155461
0.000229108
-0.00387832
-6.72002e-05
0.00022692
-0.00157891
0.00034787
0.000347946
0.00331687
-2.7843e-05
0.000679008
0.00475451
0.000682528
0.0035224
-0.000174248
0.000404546
0.0071643
-0.000678965
0.000174318
0.00717551
-0.000387746
-2.75804e-05
0.00475448
-0.000143955
6.47665e-05
-0.00250662
-6.87015e-09
0.000142192
-0.00412334
0.000143935
0.00014216
-0.00412335
0.000387735
6.45927e-05
-0.00250651
0.000678981
-2.77619e-05
0.00475452
0.000174256
0.000174284
0.00717553
0.000404533
0.00716431
-0.000404484
0.0105819
-0.000682494
0.00716437
-0.000514699
0.00352281
-0.000293102
-0.00223072
-1.04582e-07
-0.00364508
0.000292657
-0.00364507
0.000514369
-0.00223119
0.000682511
0.00352253
0.000404508
0.00716435
0.0105819
-0.00039335
-0.000393344
0.0113686
-0.000669961
-0.000215795
0.00765673
-0.000493485
-0.000564704
0.00391114
-0.000268119
-5.29619e-05
-0.00240295
8.79794e-08
-0.000119038
-0.00379434
0.000268184
-0.000119029
-0.00379423
0.000493283
-5.30908e-05
-0.00240317
0.000669814
-0.000564657
0.00391071
0.00039337
-0.000215819
0.00765659
-0.000393333
0.0113686
-0.000215791
-0.000669981
0.00765676
-0.000646732
-0.000646732
0.00803734
-0.0003088
-0.000716823
0.00456861
-0.000123453
-0.000163697
-0.0025813
-7.80871e-09
-0.000185246
-0.00418059
0.000123442
-0.000185242
-0.0041806
0.000308802
-0.000163787
-0.00258121
0.000646751
-0.000716784
0.00456864
0.000215806
-0.000646743
0.00803736
-0.000669921
0.00765675
-0.00056471
-0.000493517
0.00391122
-0.000716825
-0.000308802
0.00456861
-1.09604e-05
-1.09682e-05
0.00190493
9.5033e-05
7.59707e-05
-0.00192478
-6.98588e-09
-2.40193e-05
-0.0039445
-9.50581e-05
-2.40231e-05
-0.0039445
1.09304e-05
7.59648e-05
-0.00192471
0.000716806
-1.09685e-05
0.00190506
0.000564689
-0.0003088
0.00456863
-0.000493445
0.00391108
-5.2943e-05
-0.000268106
-0.0024029
-0.000163683
-0.000123453
-0.00258131
7.59728e-05
9.50279e-05
-0.00192479
0.000125864
0.000125863
-0.00262454
-3.89593e-09
4.53468e-05
-0.00423069
-0.00012587
4.5342e-05
-0.00423068
-7.59795e-05
0.000125867
-0.00262452
0.000163701
9.50384e-05
-0.00192476
5.29776e-05
-0.00012344
-0.00258128
-0.000268111
-0.00240297
-0.000119035
1.35431e-07
-0.00379435
-0.000185241
-1.24504e-08
-0.00418058
-2.40147e-05
-1.0586e-08
-0.00394449
4.53526e-05
-6.83557e-09
-0.00423069
-5.67193e-09
-1.21846e-08
-0.00484084
-4.53593e-05
-1.42013e-08
-0.00484082
2.40079e-05
-5.59666e-09
-0.00423068
0.000185219
-9.581e-09
-0.00394447
0.000119006
-1.08599e-08
-0.00418057
1.13814e-07
-0.00379429
-0.000119029
0.000268211
-0.00379419
-0.00018524
0.000123436
-0.0041806
-2.40238e-05
-9.5066e-05
-0.00394449
4.53418e-05
-0.000125875
-0.00423067
-7.72699e-09
-4.53589e-05
-0.0048408
-4.53483e-05
-4.53537e-05
-0.00484077
2.40181e-05
-0.000125876
-0.00423066
0.000185218
-9.50705e-05
-0.00394446
0.000119
0.000123426
-0.00418058
0.000268206
-0.00379416
-5.31301e-05
0.000493226
-0.00240323
-0.000163814
0.000308805
-0.00258119
7.59641e-05
1.0922e-05
-0.00192469
0.000125869
-7.59823e-05
-0.00262452
-2.62883e-09
2.40108e-05
-0.00423067
-0.000125873
2.40158e-05
-0.00423066
-7.59706e-05
-7.59762e-05
-0.00262451
0.00016381
1.09288e-05
-0.00192468
5.31285e-05
0.000308806
-0.00258118
0.000493214
-0.00240324
-0.000564643
0.000669775
0.00391054
-0.000716761
0.000646763
0.00456863
-1.09634e-05
0.000716805
0.00190511
9.50466e-05
0.000163714
-0.00192473
-5.80139e-09
0.000185224
-0.00394447
-9.50658e-05
0.00018522
-0.00394446
1.094e-05
0.000163785
-0.00192468
0.000716751
0.00071677
0.00190522
0.000564633
0.00064677
0.00456867
0.000669762
0.00391048
-0.000215824
0.000393381
0.00765652
-0.000646742
0.000215815
0.00803737
-0.000308799
0.00056469
0.00456865
-0.000123441
5.29956e-05
-0.00258126
-6.2802e-09
0.000119009
-0.00418056
0.000123432
0.000118999
-0.00418057
0.000308804
5.30935e-05
-0.00258119
0.000646758
0.000564647
0.00456869
0.000215832
0.000215833
0.00803739
0.000393369
0.00765654
-0.000393326
0.0113686
-0.000669889
0.00765674
-0.000493413
0.00391103
-0.000268124
-0.00240301
7.02829e-08
-0.00379426
0.000268178
-0.00379418
0.00049326
-0.00240318
0.000669785
0.00391066
0.000393346
0.00765662
0.0113686
-0.000304416
-0.000304416
0.0119775
-0.000580161
-0.000305499
0.00823798
-0.000445749
-0.000687482
0.00446421
-0.00021513
-3.42693e-05
-0.0025993
7.66007e-08
-9.34483e-05
-0.0039161
0.000215395
-9.34616e-05
-0.00391608
0.000445832
-3.43971e-05
-0.00259921
0.000580063
-0.000687608
0.00446409
0.000304414
-0.000305541
0.00823778
-0.000304411
0.0119775
-0.000305493
-0.000580176
0.00823801
-0.000644636
-0.000644641
0.00871563
-0.000241445
-0.000719763
0.0041977
-8.88825e-05
-9.71882e-05
-0.00267094
-5.00768e-09
-0.000139299
-0.00422362
8.88816e-05
-0.000139309
-0.00422364
0.000241454
-9.72503e-05
-0.00267093
0.000644646
-0.000719803
0.00419764
0.000305507
-0.000644667
0.00871563
-0.000580142
0.00823799
-0.000687464
-0.000445737
0.00446424
-0.000719758
-0.000241447
0.00419771
-5.19412e-05
-5.19447e-05
0.000569294
5.5632e-05
8.47708e-05
-0.00221431
-4.31136e-09
-2.12468e-05
-0.00400692
-5.56469e-05
-2.12511e-05
-0.00400691
5.19283e-05
8.47707e-05
-0.00221431
0.000719768
-5.19474e-05
0.000569363
0.000687498
-0.000241454
0.00419769
-0.000445765
0.00446421
-3.42501e-05
-0.000215074
-0.00259932
-9.71805e-05
-8.88819e-05
-0.00267094
8.47695e-05
5.56272e-05
-0.00221431
0.000121609
0.000121608
-0.00269822
-2.16156e-09
4.43113e-05
-0.00417463
-0.000121611
4.4308e-05
-0.00417463
-8.47674e-05
0.000121609
-0.00269821
9.72034e-05
5.56283e-05
-0.0022143
3.42942e-05
-8.88785e-05
-0.00267095
-0.000215115
-0.00259933
-9.34407e-05
1.08457e-07
-0.00391609
-0.000139292
-7.70112e-09
-0.00422361
-2.12434e-05
-6.69728e-09
-0.00400691
4.43156e-05
-4.15264e-09
-0.00417463
-3.93667e-09
-8.89794e-09
-0.0047522
-4.43202e-05
-1.05467e-08
-0.00475219
2.12403e-05
-3.41156e-09
-0.00417462
0.000139284
-6.48199e-09
-0.00400688
9.3431e-05
-7.3199e-09
-0.00422359
9.08043e-08
-0.00391606
-9.34644e-05
0.000215461
-0.00391608
-0.00013931
8.88799e-05
-0.00422364
-2.12527e-05
-5.56507e-05
-0.0040069
4.43084e-05
-0.000121613
-0.00417463
-5.63563e-09
-4.43205e-05
-0.00475218
-4.43134e-05
-4.43174e-05
-0.00475216
2.12496e-05
-0.000121613
-0.00417462
0.000139299
-5.5649e-05
-0.00400687
9.34502e-05
8.88757e-05
-0.00422362
0.000215434
-0.00391605
-3.4437e-05
0.000445855
-0.00259919
-9.72706e-05
0.00024146
-0.00267094
8.47688e-05
5.19226e-05
-0.0022143
0.00012161
-8.47722e-05
-0.0026982
-1.39436e-09
2.12417e-05
-0.00417462
-0.000121611
2.12462e-05
-0.00417462
-8.4767e-05
-8.47723e-05
-0.00269819
9.72753e-05
5.19266e-05
-0.0022143
3.44449e-05
0.000241468
-0.00267094
0.000445858
-0.00259922
-0.00068765
0.000580027
0.00446402
-0.000719815
0.000644656
0.0041976
-5.19461e-05
0.000719773
0.000569387
5.56341e-05
9.72087e-05
-0.00221429
-3.96579e-09
0.00013929
-0.00400688
-5.56463e-05
0.000139297
-0.00400687
5.19343e-05
9.7256e-05
-0.00221429
0.000719819
0.000719807
0.000569457
0.000687656
0.000644682
0.00419761
0.000580013
0.00446398
-0.000305557
0.000304416
0.00823769
-0.000644673
0.000305515
0.00871563
-0.000241454
0.000687517
0.00419768
-8.88802e-05
3.43113e-05
-0.00267094
-4.5104e-09
9.34374e-05
-0.00422359
8.88788e-05
9.34471e-05
-0.0042236
0.000241464
3.44106e-05
-0.00267093
0.000644684
0.000687616
0.00419766
0.000305563
0.000305551
0.00871564
0.000304414
0.0082377
-0.000304407
0.0119775
-0.000580124
0.00823798
-0.000445776
0.00446419
-0.000215165
-0.00259931
6.10102e-08
-0.00391605
0.000215375
-0.00391604
0.000445836
-0.00259923
0.000580039
0.00446407
0.000304407
0.0082378
0.0119775
-0.000227422
-0.000227423
0.0124323
-0.000495306
-0.00041394
0.0089198
-0.000391165
-0.000517316
0.00487739
-0.000172292
4.47728e-07
-0.00281862
-2.06669e-08
-7.67499e-05
-0.00401162
0.000172331
-7.6761e-05
-0.00401167
0.000391225
4.36421e-07
-0.00281854
0.000495307
-0.000517407
0.00487742
0.000227421
-0.000413983
0.00891965
-0.000227424
0.0124323
-0.000413933
-0.000495308
0.00891983
-0.000686694
-0.0006867
0.00926115
-0.000207414
-0.00056573
0.00376683
-4.9353e-05
-2.11054e-05
-0.00280745
9.52742e-10
-0.000101205
-0.00424852
4.93578e-05
-0.000101215
-0.00424854
0.000207426
-2.10988e-05
-0.00280746
0.000686703
-0.000565782
0.00376674
0.000413942
-0.000686733
0.00926114
-0.000495313
0.00891982
-0.000517304
-0.000391157
0.0048774
-0.000565724
-0.000207417
0.00376685
-6.02118e-05
-6.02148e-05
-0.000441733
5.7067e-05
9.87411e-05
-0.00245144
-2.3162e-09
-1.02127e-05
-0.00404084
-5.70745e-05
-1.02162e-05
-0.00404084
6.02053e-05
9.8743e-05
-0.00245143
0.000565732
-6.02191e-05
-0.000441728
0.000517317
-0.000207429
0.0037668
-0.000391185
0.00487739
4.50117e-07
-0.000172286
-0.00281864
-2.11076e-05
-4.93541e-05
-0.00280744
9.87403e-05
5.70637e-05
-0.00245144
0.000121308
0.000121308
-0.00274335
-1.33962e-09
5.00321e-05
-0.00411357
-0.00012131
5.00295e-05
-0.00411357
-9.87396e-05
0.000121309
-0.00274334
2.11087e-05
5.7062e-05
-0.00245143
-4.41958e-07
-4.9363e-05
-0.00280746
-0.00017231
-0.00281865
-7.67462e-05
-2.95324e-08
-0.0040116
-0.000101201
2.21946e-09
-0.00424851
-1.02107e-05
-3.62784e-09
-0.00404083
5.00347e-05
-2.65202e-09
-0.00411357
-2.19472e-09
-5.06123e-09
-0.00465212
-5.0037e-05
-6.0971e-09
-0.00465212
1.02102e-05
-2.42629e-09
-0.00411356
0.000101205
-3.79715e-09
-0.00404081
7.67505e-05
1.5494e-09
-0.0042485
-2.58184e-08
-0.00401159
-7.67647e-05
0.00017235
-0.00401169
-0.00010122
4.93621e-05
-0.00424855
-1.0218e-05
-5.70759e-05
-0.00404083
5.00295e-05
-0.000121311
-0.00411356
-3.27225e-09
-5.00375e-05
-0.00465211
-5.00323e-05
-5.00354e-05
-0.0046521
1.0217e-05
-0.000121312
-0.00411356
0.00010122
-5.70729e-05
-0.00404081
7.67662e-05
4.93684e-05
-0.00424853
0.000172362
-0.00401168
4.3465e-07
0.000391247
-0.00281852
-2.1097e-05
0.000207433
-0.00280748
9.87424e-05
6.02042e-05
-0.00245142
0.00012131
-9.87421e-05
-0.00274333
-1.08975e-09
1.02107e-05
-0.00411356
-0.000121311
1.02139e-05
-0.00411356
-9.87421e-05
-9.87444e-05
-0.00274333
2.1098e-05
6.02086e-05
-0.00245142
-4.31516e-07
0.000207444
-0.00280749
0.000391259
-0.00281855
-0.000517443
0.000495306
0.0048774
-0.000565801
0.000686711
0.00376669
-6.02194e-05
0.000565736
-0.000441727
5.70648e-05
2.11042e-05
-0.00245142
-2.44323e-09
0.000101207
-0.00404081
-5.70711e-05
0.000101216
-0.0040408
6.02127e-05
2.10975e-05
-0.00245142
0.000565806
0.000565786
-0.000441713
0.000517451
0.000686744
0.00376667
0.000495309
0.00487738
-0.000414003
0.000227422
0.00891958
-0.000686745
0.000413947
0.00926113
-0.000207428
0.000517325
0.00376678
-4.9363e-05
-4.42126e-07
-0.00280746
3.38534e-10
7.67534e-05
-0.00424849
4.93654e-05
7.67624e-05
-0.00424852
0.000207439
-4.33233e-07
-0.00280747
0.000686754
0.000517414
0.00376672
0.000414006
0.000413986
0.00926115
0.000227423
0.00891959
-0.000227423
0.0124323
-0.000495313
0.00891981
-0.000391193
0.0048774
-0.000172314
-0.00281863
-1.71935e-08
-0.0040116
0.000172348
-0.00401165
0.000391241
-0.00281856
0.00049531
0.00487741
0.000227421
0.00891968
0.0124323
-0.000203185
-0.000203185
0.0128387
-0.000413055
-0.000476305
0.00960598
-0.000306506
-0.000132894
0.00490373
-0.000136933
4.98957e-05
-0.00303809
-1.89024e-08
-7.16428e-05
-0.00407689
0.00013685
-7.16432e-05
-0.0040769
0.00030647
4.99338e-05
-0.00303809
0.000413076
-0.000132912
0.00490372
0.000203186
-0.000476339
0.00960588
-0.000203187
0.0128387
-0.000476298
-0.000413055
0.009606
-0.000709024
-0.000709029
0.0097266
-0.000160349
-0.000253735
0.003339
-2.20921e-06
4.67662e-05
-0.00296246
5.15432e-09
-7.51813e-05
-0.0042472
2.21903e-06
-7.51874e-05
-0.00424721
0.000160367
4.67734e-05
-0.00296245
0.000709032
-0.000253765
0.00333893
0.000476297
-0.000709056
0.00972659
-0.000413067
0.009606
-0.000132891
-0.000306513
0.00490375
-0.000253731
-0.000160349
0.00333901
2.14214e-05
2.14198e-05
-0.00099204
0.000102061
0.000131034
-0.00261635
-6.9711e-10
9.72743e-06
-0.00402369
-0.000102062
9.72435e-06
-0.00402369
-2.1423e-05
0.000131036
-0.00261633
0.000253724
2.14177e-05
-0.000992058
0.000132874
-0.000160361
0.00333895
-0.000306508
0.00490371
4.98903e-05
-0.000136949
-0.00303809
4.67648e-05
-2.21e-06
-0.00296246
0.000131034
0.00010206
-0.00261635
0.000135579
0.000135579
-0.00275244
-7.5579e-10
6.13234e-05
-0.00402959
-0.000135581
6.13216e-05
-0.00402959
-0.000131034
0.000135581
-0.00275243
-4.6768e-05
0.000102059
-0.00261634
-4.99036e-05
-2.22152e-06
-0.00296246
-0.000136954
-0.00303811
-7.16436e-05
-2.65657e-08
-0.00407688
-7.51816e-05
8.83882e-09
-0.00424719
9.7287e-06
-1.08725e-09
-0.00402368
6.13249e-05
-1.45858e-09
-0.00402958
-1.02565e-09
-2.4253e-09
-0.00452947
-6.13258e-05
-3.02913e-09
-0.00452947
-9.72753e-06
-1.59656e-09
-0.00402958
7.51913e-05
-1.70286e-09
-0.00402367
7.16535e-05
7.56806e-09
-0.00424719
-2.33444e-08
-0.00407687
-7.16467e-05
0.00013683
-0.0040769
-7.51935e-05
2.22694e-06
-0.00424722
9.72203e-06
-0.000102062
-0.00402368
6.13211e-05
-0.000135582
-0.00402958
-1.66135e-09
-6.13263e-05
-0.00452946
-6.13227e-05
-6.1325e-05
-0.00452946
-9.72176e-06
-0.000135584
-0.00402958
7.52019e-05
-0.000102063
-0.00402367
7.16565e-05
2.23501e-06
-0.00424721
0.000136849
-0.00407689
4.99475e-05
0.000306459
-0.00303809
4.67751e-05
0.000160376
-0.00296245
0.000131036
-2.14225e-05
-0.00261632
0.000135582
-0.000131035
-0.00275243
-8.67701e-10
-9.72734e-06
-0.00402957
-0.000135583
-9.72501e-06
-0.00402957
-0.000131037
-0.000131038
-0.00275242
-4.67776e-05
-2.14224e-05
-0.00261632
-4.99533e-05
0.000160383
-0.00296246
0.000306462
-0.00303811
-0.000132918
0.000413084
0.00490369
-0.000253776
0.000709037
0.00333888
2.14158e-05
0.000253723
-0.000992064
0.000102059
-4.677e-05
-0.00261633
-1.35656e-09
7.5191e-05
-0.00402366
-0.000102061
7.51958e-05
-0.00402366
-2.14197e-05
-4.67772e-05
-0.00261632
0.000253767
0.000253752
-0.000992075
0.000132907
0.000709062
0.00333885
0.000413091
0.00490366
-0.000476357
0.000203188
0.00960583
-0.000709068
0.000476299
0.00972658
-0.000160363
0.000132868
0.00333893
-2.22234e-06
-4.99096e-05
-0.00296246
3.79701e-09
7.16524e-05
-0.00424718
2.22876e-06
7.16526e-05
-0.0042472
0.000160377
-4.99425e-05
-0.00296245
0.000709073
0.000132893
0.00333888
0.000476353
0.000476331
0.0097266
0.000203189
0.00960585
-0.000203187
0.0128387
-0.000413071
0.009606
-0.000306504
0.0049037
-0.000136939
-0.0030381
-1.60933e-08
-0.00407687
0.000136869
-0.00407688
0.000306472
-0.0030381
0.000413087
0.00490369
0.000203187
0.00960591
0.0128387
-0.000194078
-0.000194079
0.0132268
-0.000268784
-0.000552392
0.0102331
-0.000138407
0.000219267
0.00455409
-7.76689e-05
9.92881e-05
-0.00319812
3.84486e-09
-6.46027e-05
-0.00408996
7.76613e-05
-6.46014e-05
-0.00408996
0.000138407
9.92874e-05
-0.00319812
0.000268797
0.000219258
0.00455407
0.000194078
-0.000552422
0.010233
-0.000194081
0.0132268
-0.000552384
-0.000268786
0.0102331
-0.000710317
-0.000710321
0.0100425
-4.41282e-05
2.9568e-05
0.00286251
5.26767e-05
0.000118264
-0.00307824
2.95433e-09
-5.37035e-05
-0.00420542
-5.26756e-05
-5.3707e-05
-0.00420543
4.41341e-05
0.000118264
-0.00307824
0.000710318
2.95538e-05
0.00286245
0.000552378
-0.000710342
0.0100425
-0.000268795
0.0102331
0.000219271
-0.000138409
0.0045541
2.95717e-05
-4.41283e-05
0.00286252
0.00015575
0.000155748
-0.0012444
0.000156278
0.000179223
-0.00267783
-3.66152e-10
3.0846e-05
-0.00395196
-0.000156279
3.08434e-05
-0.00395196
-0.000155749
0.000179224
-0.00267782
-2.95777e-05
0.000155746
-0.00124442
-0.000219287
-4.41303e-05
0.00286245
-0.000138411
0.00455404
9.92885e-05
-7.7671e-05
-0.00319812
0.000118264
5.26771e-05
-0.00307824
0.000179223
0.000156277
-0.00267783
0.000157829
0.000157829
-0.00270966
-1.82274e-10
7.59617e-05
-0.00391687
-0.00015783
7.59603e-05
-0.00391687
-0.000179221
0.00015783
-0.00270965
-0.000118264
0.000156276
-0.00267783
-9.92904e-05
5.26761e-05
-0.00307824
-7.76801e-05
-0.00319813
-6.46034e-05
6.25256e-09
-0.00408995
-5.37039e-05
5.65344e-09
-0.00420542
3.08465e-05
-3.82267e-10
-0.00395195
7.59626e-05
-3.71716e-10
-0.00391687
-5.02324e-10
-1.37129e-09
-0.00437755
-7.59632e-05
-1.9531e-09
-0.00437754
-3.08435e-05
-8.52906e-10
-0.00391686
5.37125e-05
-1.26349e-09
-0.00395195
6.46102e-05
4.25558e-09
-0.00420541
5.46001e-09
-0.00408995
-6.46036e-05
7.76639e-05
-0.00408996
-5.37117e-05
-5.26728e-05
-0.00420543
3.08409e-05
-0.000156278
-0.00395196
7.59597e-05
-0.00015783
-0.00391687
-1.11008e-09
-7.59634e-05
-0.00437754
-7.5961e-05
-7.59626e-05
-0.00437754
-3.08387e-05
-0.000157833
-0.00391687
5.37193e-05
-0.000156278
-0.00395195
6.46105e-05
-5.2674e-05
-0.00420543
7.76741e-05
-0.00408995
9.92862e-05
0.000138409
-0.00319813
0.000118263
4.41377e-05
-0.00307824
0.000179222
-0.000155747
-0.00267781
0.000157831
-0.000179222
-0.00270964
-5.5241e-10
-3.08435e-05
-0.00391686
-0.000157832
-3.08417e-05
-0.00391686
-0.000179223
-0.000179224
-0.00270964
-0.000118264
-0.000155748
-0.00267781
-9.92883e-05
4.41365e-05
-0.00307824
0.000138412
-0.00319814
0.000219255
0.000268802
0.00455404
2.95465e-05
0.000710319
0.00286241
0.000155743
-2.95775e-05
-0.00124443
0.000156275
-0.000118264
-0.00267782
-1.27916e-09
5.37123e-05
-0.00395194
-0.000156277
5.37149e-05
-0.00395194
-0.000155745
-0.000118265
-0.00267781
-2.95566e-05
-2.95665e-05
-0.00124445
-0.00021927
0.000710337
0.00286236
0.000268809
0.004554
-0.000552439
0.000194078
0.010233
-0.000710353
0.000552377
0.0100424
-4.41342e-05
-0.000219291
0.00286242
5.26731e-05
-9.929e-05
-0.00307824
1.51503e-09
6.46095e-05
-0.00420541
-5.26746e-05
6.46082e-05
-0.00420541
4.41366e-05
-9.92899e-05
-0.00307824
0.000710351
-0.00021928
0.00286238
0.00055243
0.000552406
0.0100424
0.00019408
0.010233
-0.000194081
0.0132268
-0.0002688
0.0102331
-0.000138414
0.00455402
-7.76809e-05
-0.00319813
2.78885e-09
-0.00408994
7.7673e-05
-0.00408994
0.000138411
-0.00319813
0.000268809
0.00455402
0.00019408
0.010233
0.0132268
-0.000185766
-0.000185767
0.0135984
-6.69824e-05
-0.000664425
0.0107787
0.00010622
0.000356709
0.00402418
2.19212e-05
0.00015124
-0.00326506
1.07507e-09
-4.61885e-05
-0.00402185
-2.19162e-05
-4.61879e-05
-0.00402185
-0.000106216
0.000151237
-0.00326506
6.69801e-05
0.000356701
0.00402418
0.000185763
-0.000664452
0.0107787
-0.00018577
0.0135984
-0.000664417
-6.69862e-05
0.0107787
-0.000678086
-0.000678091
0.0100698
0.000145696
0.000194843
0.00220059
0.000135733
0.000193522
-0.00311056
1.81224e-09
-2.38954e-05
-0.00409198
-0.000135731
-2.38978e-05
-0.00409199
-0.000145692
0.000193522
-0.00311056
0.000678082
0.000194837
0.00220054
0.000664409
-0.000678106
0.0100698
-6.69936e-05
0.0107787
0.000356713
0.00010622
0.00402418
0.000194846
0.000145697
0.0022006
0.00028918
0.000289179
-0.00143307
0.000205069
0.000232799
-0.002633
4.2767e-10
5.54823e-05
-0.00382627
-0.000205068
5.54801e-05
-0.00382627
-0.000289176
0.000232799
-0.00263299
-0.000194846
0.000289179
-0.00143309
-0.000356716
0.000145695
0.00220052
0.000106213
0.00402412
0.00015124
2.19232e-05
-0.00326506
0.000193522
0.000135734
-0.00311056
0.000232799
0.000205069
-0.002633
0.000183618
0.000183619
-0.0026113
2.99093e-10
9.38944e-05
-0.00377167
-0.000183618
9.38933e-05
-0.00377167
-0.000232796
0.000183619
-0.00261129
-0.000193519
0.000205068
-0.00263299
-0.000151237
0.000135733
-0.00311056
2.19211e-05
-0.00326507
-4.61883e-05
2.85258e-09
-0.00402184
-2.38954e-05
3.92376e-09
-0.00409198
5.54824e-05
9.21601e-10
-0.00382626
9.38949e-05
5.48546e-10
-0.00377166
-1.53628e-11
-3.52481e-10
-0.00418976
-9.38946e-05
-8.37112e-10
-0.00418975
-5.54792e-05
-7.94143e-11
-0.00377166
2.3901e-05
-2.49616e-10
-0.00382626
4.61907e-05
2.28073e-09
-0.00409197
1.44115e-09
-0.00402184
-4.61889e-05
-2.19124e-05
-0.00402185
-2.3901e-05
-0.000135728
-0.00409199
5.54779e-05
-0.000205067
-0.00382627
9.38925e-05
-0.000183618
-0.00377167
-5.16536e-10
-9.38946e-05
-0.00418975
-9.38929e-05
-9.38941e-05
-0.00418975
-5.54755e-05
-0.00018362
-0.00377166
2.39058e-05
-0.000205068
-0.00382626
4.61912e-05
-0.00013573
-0.00409198
-2.19138e-05
-0.00402184
0.000151235
-0.000106211
-0.00326506
0.00019352
-0.000145688
-0.00311056
0.000232798
-0.000289174
-0.00263298
0.000183619
-0.000232796
-0.00261129
-2.41328e-10
-5.5479e-05
-0.00377166
-0.000183619
-5.54777e-05
-0.00377166
-0.000232797
-0.000232798
-0.00261128
-0.000193518
-0.000289177
-0.00263298
-0.000151233
-0.000145692
-0.00311057
-0.000106208
-0.00326508
0.000356694
6.69805e-05
0.00402416
0.00019483
0.000678081
0.0022005
0.000289174
-0.000194844
-0.0014331
0.000205066
-0.000193518
-0.00263299
-6.87114e-10
2.39015e-05
-0.00382626
-0.000205067
2.39032e-05
-0.00382626
-0.000289175
-0.000193519
-0.00263298
-0.000194835
-0.000194843
-0.00143312
-0.0003567
0.000678094
0.00220044
6.69862e-05
0.0040241
-0.000664466
0.000185763
0.0107787
-0.000678115
0.000664407
0.0100698
0.00014569
-0.000356717
0.00220049
0.000135729
-0.000151236
-0.00311056
1.56759e-10
4.61908e-05
-0.00409197
-0.00013573
4.61902e-05
-0.00409197
-0.000145691
-0.000151234
-0.00311056
0.000678107
-0.000356709
0.00220045
0.000664456
0.000664433
0.0100698
0.000185765
0.0107787
-0.000185771
0.0135984
-6.69981e-05
0.0107787
0.000106208
0.0040241
2.19173e-05
-0.00326507
-2.85533e-10
-0.00402183
-2.19156e-05
-0.00402183
-0.000106208
-0.00326507
6.69933e-05
0.00402411
0.000185768
0.0107787
0.0135984
-0.000163963
-0.000163965
0.0139263
0.000112877
-0.000721903
0.0112238
0.000337206
0.000426643
0.00337321
0.000123757
0.000196312
-0.00324792
1.04247e-10
-2.22158e-05
-0.00387588
-0.000123757
-2.22157e-05
-0.00387588
-0.00033721
0.000196313
-0.00324792
-0.000112883
0.000426643
0.00337321
0.00016396
-0.000721923
0.0112238
-0.000163967
0.0139263
-0.000721896
0.000112874
0.0112238
-0.000563499
-0.000563503
0.009753
0.000356432
0.000330187
0.00137712
0.000230022
0.000263783
-0.00305162
1.68802e-09
1.81032e-05
-0.00390228
-0.000230018
1.81023e-05
-0.00390228
-0.000356429
0.000263783
-0.00305162
0.000563495
0.000330189
0.00137707
0.00072189
-0.000563511
0.00975297
0.000112869
0.0112238
0.000426646
0.000337205
0.0033732
0.000330189
0.000356433
0.00137712
0.000410964
0.000410964
-0.00159462
0.000254321
0.000286284
-0.00249886
9.29517e-10
9.16945e-05
-0.00364554
-0.000254319
9.16933e-05
-0.00364554
-0.000410958
0.000286284
-0.00249885
-0.000330185
0.000410964
-0.00159464
-0.000426647
0.00035643
0.00137704
0.000337199
0.00337314
0.000196312
0.000123758
-0.00324792
0.000263783
0.000230022
-0.00305162
0.000286284
0.000254322
-0.00249886
0.000213646
0.000213646
-0.00246602
6.49163e-10
0.000114288
-0.00358061
-0.000213645
0.000114287
-0.00358062
-0.000286281
0.000213646
-0.00246602
-0.000263779
0.00025432
-0.00249885
-0.000196308
0.000230018
-0.00305162
0.000123752
-0.00324793
-2.22156e-05
1.34264e-09
-0.00387587
1.81034e-05
3.63753e-09
-0.00390228
9.16946e-05
1.68889e-09
-0.00364554
0.000114288
1.19097e-09
-0.00358061
3.49882e-10
3.79466e-10
-0.00396118
-0.000114287
-4.55004e-11
-0.00396118
-9.16926e-05
5.58218e-10
-0.00358061
-1.8101e-05
5.16895e-10
-0.00364553
2.22174e-05
2.02642e-09
-0.00390227
-6.71934e-11
-0.00387587
-2.22164e-05
-0.000123754
-0.00387588
1.8101e-05
-0.000230015
-0.00390229
9.16918e-05
-0.000254318
-0.00364554
0.000114286
-0.000213645
-0.00358062
-7.24782e-11
-0.000114287
-0.00396118
-0.000114286
-0.000114287
-0.00396118
-9.16906e-05
-0.000213646
-0.00358061
-1.80991e-05
-0.000254319
-0.00364553
2.2218e-05
-0.000230015
-0.00390228
-0.000123752
-0.00387587
0.000196312
-0.000337207
-0.00324792
0.000263781
-0.000356424
-0.00305162
0.000286282
-0.000410955
-0.00249885
0.000213645
-0.00028628
-0.00246602
1.22492e-11
-9.1692e-05
-0.00358061
-0.000213646
-9.16915e-05
-0.00358061
-0.000286281
-0.000286281
-0.00246601
-0.000263779
-0.000410959
-0.00249884
-0.000196309
-0.000356427
-0.00305162
-0.000337204
-0.00324793
0.00042664
-0.000112885
0.0033732
0.000330185
0.000563494
0.00137704
0.000410959
-0.000330183
-0.00159465
0.000254318
-0.000263778
-0.00249885
-2.42396e-10
-1.81003e-05
-0.00364553
-0.000254318
-1.80998e-05
-0.00364553
-0.000410958
-0.000263779
-0.00249884
-0.000330185
-0.000330188
-0.00159466
-0.000426641
0.000563499
0.00137697
-0.000112881
0.00337314
-0.000721932
0.000163959
0.0112238
-0.000563517
0.000721886
0.00975295
0.000356425
-0.000426648
0.00137701
0.000230015
-0.000196308
-0.00305162
3.80619e-11
2.22176e-05
-0.00390227
-0.000230015
2.22175e-05
-0.00390227
-0.000356427
-0.000196309
-0.00305162
0.000563508
-0.000426647
0.00137697
0.000721924
0.000721906
0.00975294
0.000163961
0.0112238
-0.000163968
0.0139263
0.000112866
0.0112238
0.000337195
0.00337312
0.000123749
-0.00324793
-1.35771e-09
-0.00387587
-0.000123752
-0.00387587
-0.000337202
-0.00324793
-0.000112874
0.00337313
0.000163965
0.0112238
0.0139263
-0.000112443
-0.000112444
0.0141512
0.000318331
-0.00064432
0.0114373
0.000560515
0.000505435
0.00262559
0.000243233
0.000225815
-0.00315645
2.33524e-10
5.88124e-06
-0.00363853
-0.000243233
5.8813e-06
-0.00363853
-0.000560517
0.000225816
-0.00315645
-0.000318336
0.000505438
0.00262559
0.00011244
-0.000644333
0.0114373
-0.000112444
0.0141512
-0.000644314
0.000318328
0.0114373
-0.000322976
-0.000322978
0.00911032
0.000577274
0.000474936
0.000507364
0.000326378
0.000318248
-0.00289316
1.58995e-09
6.65828e-05
-0.00363661
-0.000326374
6.6582e-05
-0.00363661
-0.000577271
0.000318247
-0.00289316
0.000322971
0.00047494
0.000507325
0.000644306
-0.000322981
0.00911028
0.000318325
0.0114373
0.000505435
0.000560513
0.00262558
0.000474936
0.000577275
0.000507365
0.000523486
0.000523487
-0.00169172
0.000299608
0.00033674
-0.00229347
1.31106e-09
0.00013178
-0.00341113
-0.000299605
0.000131779
-0.00341113
-0.000523479
0.000336739
-0.00229347
-0.00047493
0.000523485
-0.00169173
-0.000505434
0.000577271
0.000507294
0.000560508
0.00262552
0.000225814
0.000243232
-0.00315646
0.000318247
0.000326379
-0.00289316
0.00033674
0.000299608
-0.00229347
0.000242952
0.000242953
-0.00227845
9.59788e-10
0.000134961
-0.00334084
-0.000242951
0.000134961
-0.00334085
-0.000336736
0.000242952
-0.00227844
-0.000318242
0.000299606
-0.00229347
-0.00022581
0.000326374
-0.00289316
0.000243229
-0.00315647
5.88164e-06
1.28055e-09
-0.00363852
6.6583e-05
3.26207e-09
-0.00363661
0.00013178
2.2259e-09
-0.00341113
0.000134961
1.69623e-09
-0.00334084
6.2974e-10
9.16143e-10
-0.00369126
-0.00013496
5.91213e-10
-0.00369126
-0.000131779
1.0943e-09
-0.00334084
-6.6581e-05
1.17864e-09
-0.00341112
-5.88134e-06
1.78947e-09
-0.0036366
-1.16896e-10
-0.00363852
5.88128e-06
-0.000243232
-0.00363853
6.65809e-05
-0.000326371
-0.00363661
0.000131778
-0.000299603
-0.00341113
0.00013496
-0.00024295
-0.00334085
2.94345e-10
-0.00013496
-0.00369126
-0.00013496
-0.00013496
-0.00369126
-0.000131777
-0.000242951
-0.00334084
-6.65794e-05
-0.000299603
-0.00341113
-5.881e-06
-0.00032637
-0.0036366
-0.000243231
-0.00363852
0.000225815
-0.000560515
-0.00315645
0.000318245
-0.000577267
-0.00289316
0.000336738
-0.000523476
-0.00229347
0.000242951
-0.000336735
-0.00227844
3.70751e-10
-0.000131778
-0.00334084
-0.000242951
-0.000131777
-0.00334084
-0.000336736
-0.000336736
-0.00227844
-0.000318242
-0.000523478
-0.00229346
-0.000225811
-0.000577268
-0.00289316
-0.000560513
-0.00315646
0.000505436
-0.000318337
0.00262558
0.000474937
0.00032297
0.000507302
0.000523481
-0.000474928
-0.00169174
0.000299604
-0.000318241
-0.00229347
2.4285e-10
-6.65801e-05
-0.00341112
-0.000299603
-6.65797e-05
-0.00341113
-0.000523478
-0.000318242
-0.00229346
-0.000474934
-0.000474934
-0.00169175
-0.000505434
0.000322969
0.000507233
-0.000318337
0.00262553
-0.000644339
0.000112438
0.0114373
-0.000322985
0.000644302
0.00911027
0.000577267
-0.000505434
0.00050727
0.000326371
-0.000225809
-0.00289316
5.79296e-11
-5.88065e-06
-0.0036366
-0.000326371
-5.88081e-06
-0.0036366
-0.000577268
-0.00022581
-0.00289315
0.000322975
-0.000505437
0.000507234
0.00064433
0.000644316
0.00911024
0.000112438
0.0114373
-0.000112445
0.0141512
0.000318322
0.0114373
0.000560504
0.00262551
0.000243226
-0.00315647
-1.13278e-09
-0.00363852
-0.00024323
-0.00363852
-0.00056051
-0.00315646
-0.000318329
0.00262551
0.000112442
0.0114373
0.0141512
-2.14792e-05
-2.14797e-05
0.0141941
0.000553981
-0.000241757
0.0111036
0.000797628
0.000570622
0.00181132
0.000369034
0.000236325
-0.00296419
5.71248e-10
3.40037e-05
-0.0033035
-0.000369033
3.40037e-05
-0.0033035
-0.000797626
0.000236326
-0.00296418
-0.000553981
0.000570623
0.00181132
2.14775e-05
-0.000241755
0.0111036
-2.14778e-05
0.0141941
-0.000241754
0.000553979
0.0111036
0.000214853
0.000214853
0.0081971
0.000839482
0.000635661
-0.000182302
0.00042665
0.000359418
-0.00260342
1.65148e-09
0.000114044
-0.00329
-0.000426645
0.000114043
-0.00329
-0.000839477
0.000359418
-0.00260342
-0.00021486
0.000635661
-0.000182329
0.000241742
0.00021486
0.00819707
0.00055398
0.0111036
0.000570622
0.000797627
0.00181131
0.00063566
0.000839482
-0.000182303
0.000633458
0.000633459
-0.00168732
0.000338622
0.000381695
-0.00202091
1.68868e-09
0.000167918
-0.00312638
-0.000338618
0.000167917
-0.00312639
-0.000633451
0.000381695
-0.00202091
-0.000635652
0.000633455
-0.00168733
-0.000570618
0.000839477
-0.000182356
0.000797622
0.00181126
0.000236325
0.000369034
-0.00296419
0.000359418
0.000426651
-0.00260342
0.000381695
0.000338623
-0.00202091
0.000267464
0.000267465
-0.00204998
1.18061e-09
0.000153002
-0.00305846
-0.000267462
0.000153001
-0.00305847
-0.000381692
0.000267464
-0.00204998
-0.000359413
0.000338621
-0.00202091
-0.000236321
0.000426645
-0.00260342
0.000369029
-0.00296419
3.40039e-05
1.40479e-09
-0.0033035
0.000114044
3.07985e-09
-0.00329
0.000167918
2.73981e-09
-0.00312638
0.000153002
2.03055e-09
-0.00305846
8.58627e-10
1.3013e-09
-0.00338526
-0.000153
1.05422e-09
-0.00338526
-0.000167916
1.51549e-09
-0.00305846
-0.000114042
1.85812e-09
-0.00312638
-3.40037e-05
1.7659e-09
-0.00329
7.82292e-11
-0.00330349
3.40036e-05
-0.000369032
-0.0033035
0.000114043
-0.000426643
-0.00329
0.000167916
-0.000338617
-0.00312639
0.000153
-0.000267461
-0.00305847
6.04891e-10
-0.000153
-0.00338526
-0.000152999
-0.000152999
-0.00338526
-0.000167915
-0.000267461
-0.00305847
-0.000114041
-0.000338616
-0.00312638
-3.40035e-05
-0.000426641
-0.00329
-0.000369029
-0.0033035
0.000236325
-0.000797624
-0.00296419
0.000359416
-0.000839474
-0.00260342
0.000381693
-0.000633447
-0.00202091
0.000267463
-0.00038169
-0.00204998
6.75376e-10
-0.000167915
-0.00305846
-0.000267462
-0.000167915
-0.00305846
-0.000381691
-0.000381691
-0.00204998
-0.000359412
-0.000633447
-0.00202091
-0.000236321
-0.000839474
-0.00260341
-0.000797622
-0.00296419
0.000570622
-0.000553981
0.00181132
0.000635659
-0.000214862
-0.000182346
0.000633452
-0.000635649
-0.00168733
0.000338619
-0.000359412
-0.00202091
7.89831e-10
-0.000114042
-0.00312638
-0.000338616
-0.000114041
-0.00312638
-0.000633448
-0.000359412
-0.00202091
-0.000635654
-0.000635653
-0.00168734
-0.000570618
-0.000214878
-0.0001824
-0.000553983
0.00181127
-0.000241755
2.14768e-05
0.0111036
0.000214862
0.000241738
0.00819705
0.000839474
-0.000570617
-0.000182374
0.000426642
-0.00023632
-0.00260342
3.13692e-10
-3.40033e-05
-0.00329
-0.000426641
-3.40033e-05
-0.00329
-0.000839475
-0.00023632
-0.00260341
-0.000214876
-0.000570617
-0.000182401
0.00024174
0.000241733
0.00819701
2.14741e-05
0.0111036
-2.1478e-05
0.0141941
0.000553978
0.0111036
0.000797619
0.00181125
0.000369027
-0.00296419
-7.51247e-10
-0.00330349
-0.000369028
-0.00330349
-0.00079762
-0.00296419
-0.00055398
0.00181125
2.14756e-05
0.0111036
0.0141941
0.000142333
0.000142332
0.0139095
0.000841385
0.000378488
0.0100261
0.00107499
0.000629247
0.000948466
0.000480198
0.00023182
-0.00260121
8.13271e-10
5.55821e-05
-0.00287888
-0.000480196
5.55822e-05
-0.00287888
-0.00107499
0.000231821
-0.00260121
-0.000841385
0.000629247
0.000948469
-0.000142334
0.000378495
0.0100261
0.000142336
0.0139095
0.000378488
0.000841385
0.0100261
0.00102426
0.00102426
0.00690555
0.00114294
0.000833399
-0.000505135
0.00051324
0.000395718
-0.00213761
1.5114e-09
0.000155354
-0.00287653
-0.000513236
0.000155353
-0.00287654
-0.00114294
0.000395718
-0.00213761
-0.00102427
0.000833399
-0.000505151
-0.000378497
0.00102427
0.00690552
0.000841388
0.010026
0.000629245
0.00107499
0.00094846
0.000833398
0.00114294
-0.000505135
0.000719639
0.000719639
-0.0014598
0.000367537
0.000415568
-0.00168866
1.65075e-09
0.00019413
-0.00279762
-0.000367534
0.000194129
-0.00279763
-0.000719632
0.000415568
-0.00168866
-0.000833393
0.000719636
-0.0014598
-0.000629243
0.00114294
-0.000505171
0.00107499
0.000948421
0.00023182
0.000480197
-0.00260121
0.000395717
0.00051324
-0.00213761
0.000415568
0.000367538
-0.00168866
0.000284331
0.000284331
-0.00178751
1.27636e-09
0.000166549
-0.00274655
-0.000284328
0.000166548
-0.00274656
-0.000415565
0.000284331
-0.00178751
-0.000395714
0.000367536
-0.00168866
-0.000231817
0.000513236
-0.00213761
0.000480195
-0.00260122
5.5582e-05
1.53114e-09
-0.00287888
0.000155354
2.68115e-09
-0.00287653
0.00019413
2.65846e-09
-0.00279762
0.000166549
2.15761e-09
-0.00274655
9.77121e-10
1.4972e-09
-0.00305216
-0.000166547
1.32851e-09
-0.00305216
-0.000194128
1.79741e-09
-0.00274655
-0.000155351
2.10507e-09
-0.00279762
-5.55809e-05
1.83318e-09
-0.00287653
3.56854e-10
-0.00287888
5.55821e-05
-0.000480195
-0.00287889
0.000155352
-0.000513234
-0.00287654
0.000194128
-0.000367532
-0.00279763
0.000166548
-0.000284328
-0.00274656
8.04255e-10
-0.000166547
-0.00305216
-0.000166546
-0.000166546
-0.00305216
-0.000194126
-0.000284327
-0.00274656
-0.00015535
-0.000367531
-0.00279763
-5.55811e-05
-0.000513231
-0.00287654
-0.000480195
-0.00287888
0.00023182
-0.00107499
-0.00260121
0.000395717
-0.00114294
-0.00213761
0.000415567
-0.00071963
-0.00168866
0.00028433
-0.000415564
-0.00178751
9.22028e-10
-0.000194127
-0.00274655
-0.000284328
-0.000194126
-0.00274655
-0.000415564
-0.000415564
-0.00178751
-0.000395714
-0.000719627
-0.00168866
-0.000231817
-0.00114293
-0.00213761
-0.00107499
-0.00260121
0.000629247
-0.000841385
0.000948467
0.000833398
-0.00102427
-0.000505163
0.000719634
-0.00083339
-0.00145981
0.000367534
-0.000395713
-0.00168866
1.08416e-09
-0.000155351
-0.00279762
-0.000367531
-0.00015535
-0.00279762
-0.000719627
-0.000395713
-0.00168866
-0.00083339
-0.000833389
-0.00145981
-0.000629241
-0.00102428
-0.000505199
-0.000841391
0.000948432
0.000378497
-0.000142334
0.0100261
0.00102427
-0.000378499
0.00690551
0.00114293
-0.000629242
-0.000505184
0.000513234
-0.000231816
-0.00213761
6.32688e-10
-5.55806e-05
-0.00287653
-0.000513232
-5.55809e-05
-0.00287653
-0.00114293
-0.000231816
-0.00213761
-0.00102428
-0.000629239
-0.0005052
-0.000378507
-0.000378508
0.00690546
-0.000142339
0.010026
0.000142336
0.0139095
0.000841387
0.010026
0.00107499
0.00094841
0.000480193
-0.00260122
-4.29972e-10
-0.00287888
-0.000480194
-0.00287888
-0.00107499
-0.00260121
-0.000841389
0.000948419
-0.000142338
0.010026
0.0139095
0.000430327
0.000430327
0.0130488
0.00130036
0.000831949
0.0083241
0.00132916
0.000651872
0.000267793
0.000554127
0.000228383
-0.00205456
7.17602e-10
7.39319e-05
-0.00239869
-0.000554126
7.3932e-05
-0.00239869
-0.00132917
0.000228384
-0.00205455
-0.00130037
0.000651873
0.000267797
-0.000430328
0.000831952
0.00832408
0.000430331
0.0130488
0.000831948
0.00130036
0.00832409
0.00166656
0.00166656
0.00523633
0.00129992
0.000944619
-0.000431246
0.000545567
0.000420954
-0.00157583
1.38706e-09
0.000183025
-0.00244006
-0.000545564
0.000183025
-0.00244006
-0.00129992
0.000420955
-0.00157583
-0.00166656
0.000944619
-0.000431255
-0.000831953
0.00166656
0.0052363
0.00130037
0.00832406
0.000651871
0.00132916
0.000267789
0.000944618
0.00129992
-0.000431246
0.000737869
0.00073787
-0.0010463
0.000375142
0.000429317
-0.0013343
1.61174e-09
0.000206748
-0.00244621
-0.000375139
0.000206747
-0.00244621
-0.000737863
0.000429316
-0.0013343
-0.000944612
0.000737867
-0.0010463
-0.000651868
0.00129992
-0.000431269
0.00132916
0.00026776
0.000228382
0.000554127
-0.00205456
0.000420954
0.000545568
-0.00157583
0.000429316
0.000375143
-0.0013343
0.000290918
0.000290919
-0.00151071
1.32026e-09
0.00017409
-0.00242298
-0.000290916
0.000174089
-0.00242298
-0.000429313
0.000290918
-0.00151071
-0.000420951
0.000375142
-0.0013343
-0.00022838
0.000545565
-0.00157583
0.000554124
-0.00205456
7.39317e-05
1.34612e-09
-0.00239869
0.000183025
2.36794e-09
-0.00244006
0.000206748
2.5472e-09
-0.0024462
0.00017409
2.17227e-09
-0.00242298
1.03391e-09
1.56651e-09
-0.00270399
-0.000174088
1.45477e-09
-0.00270399
-0.000206746
1.92073e-09
-0.00242298
-0.000183023
2.18725e-09
-0.00244621
-7.39309e-05
1.97091e-09
-0.00244006
5.02614e-10
-0.00239869
7.39318e-05
-0.000554126
-0.00239869
0.000183025
-0.000545563
-0.00244007
0.000206747
-0.000375138
-0.00244621
0.000174089
-0.000290915
-0.00242298
9.19567e-10
-0.000174087
-0.00270399
-0.000174087
-0.000174087
-0.00270399
-0.000206745
-0.000290915
-0.00242298
-0.000183023
-0.000375137
-0.00244621
-7.39312e-05
-0.00054556
-0.00244007
-0.000554125
-0.00239869
0.000228384
-0.00132917
-0.00205456
0.000420955
-0.00129992
-0.00157583
0.000429315
-0.000737861
-0.0013343
0.000290917
-0.000429312
-0.00151072
1.07168e-09
-0.000206745
-0.00242298
-0.000290915
-0.000206744
-0.00242298
-0.000429312
-0.000429312
-0.00151072
-0.000420952
-0.000737857
-0.0013343
-0.000228382
-0.00129991
-0.00157583
-0.00132916
-0.00205455
0.000651874
-0.00130037
0.000267795
0.000944618
-0.00166656
-0.000431263
0.000737865
-0.000944609
-0.00104631
0.00037514
-0.00042095
-0.0013343
1.24142e-09
-0.000183023
-0.00244621
-0.000375137
-0.000183023
-0.00244621
-0.000737858
-0.000420952
-0.0013343
-0.000944608
-0.000944607
-0.00104631
-0.000651869
-0.00166656
-0.000431286
-0.00130037
0.000267772
0.000831953
-0.000430328
0.00832409
0.00166656
-0.000831952
0.00523629
0.00129991
-0.000651867
-0.000431279
0.000545563
-0.000228379
-0.00157583
9.62383e-10
-7.39307e-05
-0.00244006
-0.00054556
-7.3931e-05
-0.00244007
-0.00129991
-0.000228381
-0.00157583
-0.00166656
-0.000651867
-0.000431287
-0.000831956
-0.000831954
0.00523624
-0.000430333
0.00832404
0.00043033
0.0130488
0.00130037
0.00832405
0.00132916
0.000267752
0.000554123
-0.00205456
-2.1548e-10
-0.00239869
-0.000554124
-0.00239869
-0.00132916
-0.00205455
-0.00130037
0.000267763
-0.000430333
0.00832403
0.0130488
0.000904048
0.000904048
0.0112407
0.00182081
0.00108378
0.00632356
0.00139535
0.00062856
6.46909e-05
0.00055928
0.000227952
-0.00144644
6.87064e-10
9.09009e-05
-0.00193031
-0.00055928
9.09011e-05
-0.00193031
-0.00139535
0.000227953
-0.00144644
-0.00182081
0.000628563
6.46939e-05
-0.000904052
0.00108378
0.00632354
0.000904051
0.0112407
0.00108378
0.00182081
0.00632355
0.00185202
0.00185202
0.00369985
0.0012537
0.000896121
-0.000100486
0.000521199
0.000426142
-0.00104152
1.37822e-09
0.000195623
-0.00202359
-0.000521196
0.000195622
-0.00202359
-0.0012537
0.000426143
-0.00104152
-0.00185202
0.000896121
-0.000100491
-0.00108378
0.00185202
0.00369982
0.00182081
0.00632352
0.000628559
0.00139535
6.4688e-05
0.00089612
0.0012537
-0.000100486
0.000686353
0.000686354
-0.000626765
0.00036203
0.000422328
-0.00100616
1.50258e-09
0.00020895
-0.0020975
-0.000362027
0.000208949
-0.00209751
-0.000686348
0.000422328
-0.00100616
-0.000896113
0.000686352
-0.00062677
-0.000628556
0.0012537
-0.000100502
0.00139535
6.4669e-05
0.000227952
0.00055928
-0.00144644
0.000426141
0.000521199
-0.00104152
0.000422328
0.000362031
-0.00100616
0.000289054
0.000289055
-0.00124417
1.31998e-09
0.000174532
-0.00209951
-0.000289052
0.000174532
-0.00209951
-0.000422325
0.000289054
-0.00124417
-0.000426139
0.00036203
-0.00100616
-0.00022795
0.000521197
-0.00104152
0.000559278
-0.00144644
9.09008e-05
1.18827e-09
-0.00193031
0.000195623
2.17884e-09
-0.00202358
0.000208949
2.31989e-09
-0.0020975
0.000174532
2.10557e-09
-0.00209951
1.03624e-09
1.54005e-09
-0.00235492
-0.00017453
1.46942e-09
-0.00235492
-0.000208947
1.93375e-09
-0.00209951
-0.000195621
2.08477e-09
-0.0020975
-9.09002e-05
1.95768e-09
-0.00202359
6.48115e-10
-0.00193031
9.09011e-05
-0.000559279
-0.00193031
0.000195622
-0.000521195
-0.00202359
0.000208948
-0.000362026
-0.00209751
0.000174531
-0.000289051
-0.00209951
9.64058e-10
-0.00017453
-0.00235493
-0.00017453
-0.00017453
-0.00235493
-0.000208946
-0.000289051
-0.00209951
-0.00019562
-0.000362025
-0.00209751
-9.09006e-05
-0.000521192
-0.00202359
-0.000559278
-0.00193031
0.000227953
-0.00139535
-0.00144644
0.000426142
-0.0012537
-0.00104152
0.000422327
-0.000686347
-0.00100617
0.000289053
-0.000422324
-0.00124417
1.14915e-09
-0.000208947
-0.00209951
-0.000289051
-0.000208946
-0.00209951
-0.000422324
-0.000422324
-0.00124417
-0.00042614
-0.000686345
-0.00100617
-0.000227952
-0.00125369
-0.00104152
-0.00139535
-0.00144644
0.000628564
-0.00182081
6.46917e-05
0.00089612
-0.00185202
-0.000100497
0.000686351
-0.000896112
-0.000626774
0.000362029
-0.000426138
-0.00100617
1.25929e-09
-0.00019562
-0.00209751
-0.000362026
-0.00019562
-0.00209751
-0.000686345
-0.000426139
-0.00100617
-0.000896113
-0.000896111
-0.000626779
-0.000628561
-0.00185201
-0.000100512
-0.00182082
6.46777e-05
0.00108378
-0.000904051
0.00632354
0.00185202
-0.00108378
0.00369981
0.00125369
-0.000628555
-0.000100509
0.000521196
-0.00022795
-0.00104152
1.13466e-09
-9.09e-05
-0.00202359
-0.000521193
-9.09004e-05
-0.00202359
-0.00125369
-0.000227952
-0.00104152
-0.00185202
-0.000628559
-0.000100513
-0.00108378
-0.00108378
0.00369977
-0.000904056
0.0063235
0.00090405
0.0112407
0.00182081
0.00632352
0.00139534
6.46627e-05
0.000559277
-0.00144644
5.79791e-11
-0.00193031
-0.000559278
-0.00193031
-0.00139535
-0.00144644
-0.00182081
6.46718e-05
-0.000904056
0.0063235
0.0112407
0.00132283
0.00132283
0.00859507
0.00198239
0.001186
0.00447799
0.0012408
0.0005357
0.000270579
0.000506449
0.000218105
-0.000930191
8.80897e-10
0.000103867
-0.00152773
-0.000506448
0.000103867
-0.00152773
-0.0012408
0.000218106
-0.000930189
-0.00198239
0.000535702
0.000270581
-0.00132283
0.001186
0.00447798
0.00132283
0.00859505
0.001186
0.00198239
0.00447799
0.00165804
0.00165804
0.00275576
0.00107115
0.00076685
0.000255262
0.00047149
0.000404223
-0.000627978
1.37276e-09
0.00019848
-0.00164671
-0.000471487
0.00019848
-0.00164671
-0.00107114
0.000404223
-0.000627979
-0.00165804
0.00076685
0.000255258
-0.001186
0.00165804
0.00275574
0.00198239
0.00447796
0.0005357
0.0012408
0.000270577
0.000766849
0.00107115
0.000255262
0.000606104
0.000606104
-0.000305274
0.000336002
0.000399474
-0.000731311
1.38578e-09
0.000204444
-0.00176747
-0.000336
0.000204443
-0.00176747
-0.0006061
0.000399473
-0.000731314
-0.000766844
0.000606102
-0.000305279
-0.000535696
0.00107114
0.000255249
0.0012408
0.000270564
0.000218105
0.00050645
-0.000930192
0.000404223
0.00047149
-0.000627978
0.000399473
0.000336003
-0.000731311
0.000279223
0.000279223
-0.00100366
1.25537e-09
0.000168191
-0.00178404
-0.00027922
0.000168191
-0.00178404
-0.000399471
0.000279223
-0.00100367
-0.00040422
0.000336002
-0.000731314
-0.000218103
0.000471488
-0.000627982
0.000506448
-0.000930195
0.000103867
1.31218e-09
-0.00152773
0.00019848
2.03707e-09
-0.00164671
0.000204444
2.09978e-09
-0.00176747
0.000168191
1.96416e-09
-0.00178404
9.85703e-10
1.43724e-09
-0.00201854
-0.00016819
1.39564e-09
-0.00201854
-0.000204442
1.85745e-09
-0.00178404
-0.000198478
1.95467e-09
-0.00176747
-0.000103867
1.94292e-09
-0.00164671
1.00115e-09
-0.00152773
0.000103867
-0.000506447
-0.00152773
0.000198479
-0.000471486
-0.00164671
0.000204443
-0.000335999
-0.00176747
0.000168191
-0.00027922
-0.00178404
9.43209e-10
-0.000168189
-0.00201854
-0.000168189
-0.000168189
-0.00201855
-0.000204441
-0.000279219
-0.00178404
-0.000198478
-0.000335998
-0.00176747
-0.000103867
-0.000471484
-0.00164672
-0.000506446
-0.00152773
0.000218106
-0.0012408
-0.000930191
0.000404223
-0.00107114
-0.000627981
0.000399473
-0.000606099
-0.000731315
0.000279222
-0.00039947
-0.00100367
1.14827e-09
-0.000204441
-0.00178404
-0.00027922
-0.000204441
-0.00178404
-0.00039947
-0.00039947
-0.00100367
-0.000404221
-0.000606097
-0.000731318
-0.000218105
-0.00107114
-0.000627984
-0.0012408
-0.000930192
0.000535703
-0.00198239
0.000270579
0.000766849
-0.00165804
0.000255253
0.000606101
-0.000766843
-0.000305282
0.000336001
-0.00040422
-0.000731316
1.23398e-09
-0.000198478
-0.00176747
-0.000335999
-0.000198478
-0.00176747
-0.000606097
-0.00040422
-0.000731318
-0.000766844
-0.000766843
-0.000305286
-0.0005357
-0.00165803
0.000255241
-0.00198239
0.00027057
0.001186
-0.00132283
0.00447798
0.00165804
-0.001186
0.00275573
0.00107114
-0.000535696
0.000255244
0.000471487
-0.000218103
-0.000627984
1.26017e-09
-0.000103866
-0.00164671
-0.000471484
-0.000103867
-0.00164672
-0.00107114
-0.000218104
-0.000627984
-0.00165803
-0.000535699
0.00025524
-0.001186
-0.001186
0.00275571
-0.00132284
0.00447795
0.00132283
0.00859505
0.00198239
0.00447796
0.0012408
0.000270559
0.000506447
-0.000930197
5.13692e-10
-0.00152773
-0.000506446
-0.00152773
-0.00124079
-0.000930193
-0.00198239
0.000270566
-0.00132284
0.00447794
0.00859501
0.00137153
0.00137153
0.00585201
0.00164593
0.000982118
0.00322148
0.000981287
0.000422285
0.000512936
0.000432713
0.000195554
-0.000577171
9.31296e-10
0.000111142
-0.00120616
-0.000432711
0.000111142
-0.00120616
-0.000981284
0.000195555
-0.000577171
-0.00164592
0.000422286
0.000512935
-0.00137153
0.000982118
0.00322147
0.00137153
0.00585198
0.000982117
0.00164593
0.00322148
0.00125246
0.00125246
0.00221508
0.000846888
0.000626304
0.000456812
0.00041075
0.000360306
-0.000356592
1.29544e-09
0.000195507
-0.00132033
-0.000410747
0.000195507
-0.00132033
-0.000846884
0.000360306
-0.000356594
-0.00125245
0.000626303
0.000456807
-0.000982112
0.00125245
0.00221506
0.00164593
0.00322146
0.000422285
0.000981287
0.000512935
0.000626303
0.000846888
0.000456812
0.000518071
0.000518071
-8.88085e-05
0.000305692
0.00036267
-0.000521296
1.26375e-09
0.000193012
-0.00145928
-0.000305689
0.000193012
-0.00145928
-0.000518067
0.00036267
-0.000521299
-0.000626299
0.00051807
-8.88134e-05
-0.000422282
0.000846885
0.000456801
0.000981283
0.000512924
0.000195554
0.000432713
-0.000577172
0.000360306
0.00041075
-0.000356592
0.00036267
0.000305692
-0.000521296
0.000260614
0.000260614
-0.000799552
1.13821e-09
0.000156174
-0.00148658
-0.000260612
0.000156173
-0.00148659
-0.000362668
0.000260614
-0.000799554
-0.000360304
0.000305691
-0.000521299
-0.000195553
0.000410749
-0.000356597
0.000432712
-0.000577177
0.000111141
1.29181e-09
-0.00120616
0.000195507
1.84981e-09
-0.00132033
0.000193012
1.88433e-09
-0.00145928
0.000156173
1.75644e-09
-0.00148658
8.78962e-10
1.26552e-09
-0.0017062
-0.000156172
1.24354e-09
-0.0017062
-0.00019301
1.69753e-09
-0.00148659
-0.000195505
1.8003e-09
-0.00145928
-0.000111141
1.83178e-09
-0.00132033
1.13506e-09
-0.00120616
0.000111142
-0.000432711
-0.00120616
0.000195506
-0.000410747
-0.00132033
0.000193011
-0.000305689
-0.00145928
0.000156173
-0.000260611
-0.00148659
8.56578e-10
-0.000156171
-0.0017062
-0.000156171
-0.000156171
-0.0017062
-0.00019301
-0.000260611
-0.00148659
-0.000195505
-0.000305688
-0.00145929
-0.000111141
-0.000410745
-0.00132033
-0.00043271
-0.00120616
0.000195555
-0.000981284
-0.000577173
0.000360306
-0.000846883
-0.000356596
0.000362669
-0.000518067
-0.0005213
0.000260613
-0.000362667
-0.000799555
1.07812e-09
-0.00019301
-0.00148659
-0.000260611
-0.00019301
-0.00148659
-0.000362667
-0.000362667
-0.000799557
-0.000360304
-0.000518065
-0.000521303
-0.000195554
-0.000846879
-0.0003566
-0.00098128
-0.000577176
0.000422286
-0.00164592
0.000512933
0.000626303
-0.00125245
0.000456803
0.000518069
-0.000626299
-8.88162e-05
0.000305691
-0.000360304
-0.000521301
1.174e-09
-0.000195505
-0.00145928
-0.000305688
-0.000195505
-0.00145929
-0.000518066
-0.000360304
-0.000521303
-0.000626299
-0.000626298
-8.88206e-05
-0.000422284
-0.00125245
0.000456793
-0.00164592
0.000512924
0.000982119
-0.00137153
0.00322147
0.00125245
-0.000982112
0.00221506
0.000846884
-0.000422282
0.000456797
0.000410748
-0.000195553
-0.000356599
1.26259e-09
-0.000111141
-0.00132033
-0.000410745
-0.000111141
-0.00132033
-0.000846879
-0.000195554
-0.000356601
-0.00125245
-0.000422283
0.000456792
-0.000982114
-0.000982112
0.00221504
-0.00137153
0.00322144
0.00137153
0.00585199
0.00164593
0.00322145
0.000981283
0.00051292
0.000432711
-0.000577178
7.34126e-10
-0.00120616
-0.00043271
-0.00120616
-0.000981279
-0.000577177
-0.00164592
0.000512922
-0.00137153
0.00322144
0.00585195
0.000976063
0.000976063
0.00389988
0.00111248
0.000649141
0.00243592
0.000725904
0.000318782
0.000580733
0.000350992
0.000160885
-0.000363144
8.80559e-10
0.000109163
-0.000964328
-0.00035099
0.000109163
-0.000964329
-0.000725901
0.000160885
-0.000363145
-0.00111248
0.000318782
0.000580729
-0.000976058
0.00064914
0.00243591
0.000976061
0.00389987
0.00064914
0.00111248
0.00243592
0.000873159
0.000873159
0.00176704
0.000648459
0.000491966
0.000508328
0.000345225
0.000300913
-0.000193386
1.15549e-09
0.000182934
-0.00104887
-0.000345222
0.000182934
-0.00104888
-0.000648455
0.000300913
-0.000193389
-0.000873154
0.000491966
0.000508322
-0.000649137
0.000873157
0.00176703
0.00111248
0.0024359
0.000318781
0.000725904
0.000580732
0.000491966
0.000648459
0.000508328
0.0004301
0.0004301
3.49233e-05
0.000270537
0.000313775
-0.000374595
1.10035e-09
0.000174315
-0.00118013
-0.000270535
0.000174314
-0.00118013
-0.000430098
0.000313774
-0.000374598
-0.000491963
0.000430099
3.49184e-05
-0.00031878
0.000648457
0.000508318
0.000725902
0.000580722
0.000160884
0.000350992
-0.000363145
0.000300913
0.000345225
-0.000193387
0.000313774
0.000270537
-0.000374595
0.000234903
0.000234903
-0.000641809
9.85047e-10
0.00013943
-0.0012168
-0.000234901
0.00013943
-0.0012168
-0.000313773
0.000234903
-0.000641811
-0.000300911
0.000270537
-0.000374599
-0.000160884
0.000345224
-0.000193392
0.000350991
-0.00036315
0.000109163
1.16992e-09
-0.000964329
0.000182934
1.62126e-09
-0.00104887
0.000174315
1.62642e-09
-0.00118013
0.00013943
1.50059e-09
-0.0012168
7.49279e-10
1.06928e-09
-0.00142734
-0.000139429
1.05893e-09
-0.00142734
-0.000174313
1.47567e-09
-0.0012168
-0.000182932
1.58792e-09
-0.00118013
-0.000109162
1.64282e-09
-0.00104888
1.10509e-09
-0.000964334
0.000109163
-0.00035099
-0.000964331
0.000182933
-0.000345222
-0.00104888
0.000174314
-0.000270535
-0.00118013
0.00013943
-0.000234901
-0.0012168
7.38815e-10
-0.000139428
-0.00142734
-0.000139428
-0.000139428
-0.00142734
-0.000174313
-0.000234901
-0.0012168
-0.000182932
-0.000270534
-0.00118013
-0.000109163
-0.000345221
-0.00104888
-0.000350989
-0.000964335
0.000160885
-0.000725901
-0.000363147
0.000300913
-0.000648455
-0.000193391
0.000313774
-0.000430097
-0.000374599
0.000234903
-0.000313772
-0.000641812
9.58555e-10
-0.000174313
-0.0012168
-0.000234901
-0.000174313
-0.0012168
-0.000313772
-0.000313772
-0.000641815
-0.000300911
-0.000430096
-0.000374603
-0.000160884
-0.000648452
-0.000193396
-0.000725898
-0.000363151
0.000318782
-0.00111248
0.000580728
0.000491965
-0.000873154
0.000508319
0.000430099
-0.000491963
3.49161e-05
0.000270536
-0.000300911
-0.0003746
1.05697e-09
-0.000182932
-0.00118013
-0.000270534
-0.000182932
-0.00118013
-0.000430096
-0.000300911
-0.000374603
-0.000491962
-0.000491962
3.49114e-05
-0.00031878
-0.000873151
0.00050831
-0.00111247
0.000580718
0.000649141
-0.000976059
0.00243591
0.000873157
-0.000649137
0.00176703
0.000648456
-0.00031878
0.000508315
0.000345224
-0.000160883
-0.000193394
1.16548e-09
-0.000109162
-0.00104888
-0.000345221
-0.000109163
-0.00104888
-0.000648452
-0.000160884
-0.000193397
-0.000873152
-0.00031878
0.000508309
-0.000649137
-0.000649136
0.00176701
-0.000976055
0.00243589
0.000976062
0.00389987
0.00111248
0.0024359
0.000725901
0.000580719
0.000350991
-0.000363152
7.87216e-10
-0.000964335
-0.000350989
-0.000964336
-0.000725898
-0.000363152
-0.00111247
0.000580717
-0.000976055
0.00243589
0.00389984
0.000574384
0.000574384
0.00275111
0.000724796
0.000417323
0.00186818
0.000526647
0.00023505
0.000543831
0.000274341
0.000124995
-0.000235834
7.42421e-10
9.79416e-05
-0.000787929
-0.00027434
9.79417e-05
-0.00078793
-0.000526645
0.000124995
-0.000235836
-0.000724793
0.00023505
0.000543827
-0.000574381
0.000417323
0.00186817
0.000574383
0.0027511
0.000417323
0.000724796
0.00186818
0.000600697
0.000600698
0.00140029
0.000487397
0.00037492
0.000481759
0.000278283
0.00023923
-9.85071e-05
9.51509e-10
0.000160506
-0.000833156
-0.000278281
0.000160506
-0.000833158
-0.000487395
0.00023923
-9.851e-05
-0.000600694
0.000374919
0.000481753
-0.000417321
0.000600696
0.00140028
0.000724794
0.00186817
0.00023505
0.000526647
0.000543831
0.00037492
0.000487397
0.000481759
0.000350068
0.000350069
8.46258e-05
0.000233162
0.000263841
-0.0002823
8.90879e-10
0.000151565
-0.000938023
-0.000233161
0.000151565
-0.000938025
-0.000350066
0.000263841
-0.000282302
-0.000374918
0.000350068
8.46209e-05
-0.000235049
0.000487396
0.00048175
0.000526645
0.000543822
0.000124995
0.000274342
-0.000235835
0.00023923
0.000278283
-9.85075e-05
0.000263841
0.000233163
-0.0002823
0.000205625
0.000205626
-0.000525378
7.85706e-10
0.00011898
-0.000978589
-0.000205624
0.00011898
-0.00097859
-0.000263839
0.000205625
-0.000525381
-0.000239229
0.000233162
-0.000282304
-0.000124995
0.000278282
-9.85129e-05
0.000274341
-0.00023584
9.79415e-05
9.50849e-10
-0.00078793
0.000160506
1.3297e-09
-0.000833157
0.000151565
1.30732e-09
-0.000938023
0.00011898
1.18442e-09
-0.000978589
5.97598e-10
8.46707e-10
-0.00118938
-0.000118979
8.42764e-10
-0.00118938
-0.000151564
1.17994e-09
-0.00097859
-0.000160505
1.29665e-09
-0.000938026
-9.79411e-05
1.37116e-09
-0.000833161
9.34473e-10
-0.000787935
9.79416e-05
-0.00027434
-0.000787931
0.000160506
-0.00027828
-0.000833159
0.000151564
-0.00023316
-0.000938026
0.000118979
-0.000205624
-0.000978591
5.93716e-10
-0.000118978
-0.00118938
-0.000118978
-0.000118978
-0.00118938
-0.000151563
-0.000205623
-0.000978592
-0.000160505
-0.00023316
-0.000938029
-9.79412e-05
-0.000278279
-0.000833163
-0.000274339
-0.000787936
0.000124995
-0.000526645
-0.000235837
0.00023923
-0.000487394
-9.85117e-05
0.00026384
-0.000350066
-0.000282304
0.000205625
-0.000263839
-0.000525382
7.79771e-10
-0.000151564
-0.000978591
-0.000205624
-0.000151563
-0.000978592
-0.000263839
-0.000263839
-0.000525384
-0.000239229
-0.000350065
-0.000282308
-0.000124995
-0.000487392
-9.85171e-05
-0.000526643
-0.000235843
0.000235051
-0.000724793
0.000543825
0.000374919
-0.000600694
0.000481751
0.000350068
-0.000374917
8.46189e-05
0.000233162
-0.000239229
-0.000282305
8.76218e-10
-0.000160505
-0.000938027
-0.00023316
-0.000160505
-0.000938029
-0.000350066
-0.000239228
-0.000282308
-0.000374917
-0.000374917
8.46141e-05
-0.000235049
-0.000600692
0.000481742
-0.00072479
0.000543816
0.000417323
-0.000574382
0.00186817
0.000600696
-0.000417321
0.00140028
0.000487395
-0.000235049
0.000481748
0.000278282
-0.000124995
-9.85145e-05
9.84332e-10
-9.7941e-05
-0.000833162
-0.00027828
-9.79411e-05
-0.000833164
-0.000487393
-0.000124995
-9.85174e-05
-0.000600693
-0.000235049
0.000481742
-0.000417321
-0.00041732
0.00140027
-0.000574379
0.00186816
0.000574384
0.0027511
0.000724794
0.00186817
0.000526645
0.000543819
0.000274341
-0.000235842
7.06979e-10
-0.000787936
-0.000274339
-0.000787937
-0.000526642
-0.000235844
-0.00072479
0.000543815
-0.00057438
0.00186816
0.00275108
0.000344968
0.000344968
0.00206118
0.000471739
0.000267524
0.00147389
0.000365927
0.000166597
0.000483046
0.000199506
9.13248e-05
-0.000160738
5.51068e-10
7.63554e-05
-0.000664779
-0.000199505
7.63554e-05
-0.00066478
-0.000365926
9.13248e-05
-0.000160741
-0.000471737
0.000166597
0.000483041
-0.000344967
0.000267524
0.00147388
0.000344968
0.00206117
0.000267524
0.000471739
0.00147389
0.000398702
0.000398702
0.00113794
0.00034693
0.000272232
0.000427896
0.000207227
0.000176046
-4.3526e-05
6.85363e-10
0.000124159
-0.000673733
-0.000207226
0.000124158
-0.000673734
-0.000346928
0.000176046
-4.3529e-05
-0.0003987
0.000272232
0.000427891
-0.000267523
0.000398701
0.00113793
0.000471738
0.00147388
0.000166597
0.000365927
0.000483046
0.000272232
0.00034693
0.000427896
0.000269542
0.000269542
9.00065e-05
0.000190019
0.000209293
-0.000236023
6.28572e-10
0.000121041
-0.000744887
-0.000190018
0.00012104
-0.000744888
-0.00026954
0.000209293
-0.000236026
-0.000272231
0.000269541
9.00016e-05
-0.000166596
0.000346929
0.000427888
0.000365926
0.000483037
9.13247e-05
0.000199507
-0.000160739
0.000176046
0.000207227
-4.35264e-05
0.000209293
0.000190019
-0.000236024
0.000172129
0.000172129
-0.00045105
5.63928e-10
9.43127e-05
-0.000779733
-0.000172128
9.43126e-05
-0.000779734
-0.000209292
0.000172129
-0.000451053
-0.000176045
0.000190019
-0.000236028
-9.13243e-05
0.000207227
-4.35317e-05
0.000199506
-0.000160745
7.63553e-05
6.82171e-10
-0.000664779
0.000124159
9.56157e-10
-0.000673733
0.000121041
9.217e-10
-0.000744887
9.43126e-05
8.4351e-10
-0.000779733
4.33229e-10
6.10673e-10
-0.00100076
-9.43118e-05
6.09837e-10
-0.00100076
-0.00012104
8.49384e-10
-0.000779735
-0.000124158
9.22911e-10
-0.00074489
-7.6355e-05
9.96406e-10
-0.000673738
6.85729e-10
-0.000664785
7.63553e-05
-0.000199505
-0.000664781
0.000124158
-0.000207226
-0.000673736
0.00012104
-0.000190018
-0.000744889
9.43124e-05
-0.000172128
-0.000779734
4.3252e-10
-9.43117e-05
-0.00100076
-9.43116e-05
-9.43116e-05
-0.00100076
-0.00012104
-0.000172127
-0.000779736
-0.000124158
-0.000190017
-0.000744892
-7.6355e-05
-0.000207225
-0.00067374
-0.000199505
-0.000664786
9.13249e-05
-0.000365926
-0.000160742
0.000176046
-0.000346928
-4.35304e-05
0.000209293
-0.00026954
-0.000236028
0.000172129
-0.000209292
-0.000451054
5.68639e-10
-0.00012104
-0.000779735
-0.000172128
-0.000121039
-0.000779736
-0.000209292
-0.000209291
-0.000451056
-0.000176045
-0.00026954
-0.000236032
-9.13245e-05
-0.000346927
-4.35359e-05
-0.000365924
-0.000160748
0.000166597
-0.000471738
0.00048304
0.000272232
-0.0003987
0.000427889
0.000269541
-0.000272231
8.99997e-05
0.000190019
-0.000176045
-0.000236029
6.26722e-10
-0.000124158
-0.000744891
-0.000190018
-0.000124158
-0.000744892
-0.00026954
-0.000176045
-0.000236032
-0.00027223
-0.00027223
8.99948e-05
-0.000166597
-0.000398699
0.00042788
-0.000471736
0.000483031
0.000267524
-0.000344967
0.00147388
0.000398701
-0.000267523
0.00113793
0.000346929
-0.000166596
0.000427886
0.000207227
-9.13243e-05
-4.35332e-05
7.19829e-10
-7.63549e-05
-0.000673739
-0.000207225
-7.6355e-05
-0.00067374
-0.000346927
-9.13244e-05
-4.35363e-05
-0.000398699
-0.000166596
0.00042788
-0.000267522
-0.000267522
0.00113792
-0.000344966
0.00147387
0.000344968
0.00206117
0.000471738
0.00147387
0.000365926
0.000483035
0.000199506
-0.000160746
5.42917e-10
-0.000664786
-0.000199505
-0.000664787
-0.000365924
-0.000160749
-0.000471736
0.00048303
-0.000344966
0.00147386
0.00206115
0.000200522
0.000200522
0.00166013
0.00028995
0.000162461
0.001222
0.000243606
0.000113662
0.000415729
0.000134974
7.51627e-05
-0.00012727
3.39127e-10
4.16719e-05
-0.000571477
-0.000134974
4.16719e-05
-0.000571478
-0.000243605
7.51627e-05
-0.000127272
-0.000289949
0.000113662
0.000415724
-0.000200521
0.000162461
0.00122199
0.000200521
0.00166012
0.000162461
0.00028995
0.001222
0.000252
0.000252
0.00095886
0.000245206
0.000189259
0.000359094
0.000150714
0.000145756
-1.96282e-05
3.99282e-10
7.1737e-05
-0.000553084
-0.000150714
7.17369e-05
-0.000553086
-0.000245205
0.000145756
-1.96314e-05
-0.000251999
0.000189259
0.000359088
-0.00016246
0.000252
0.000958851
0.00028995
0.00122199
0.000113662
0.000243606
0.000415728
0.000189259
0.000245206
0.000359094
0.000213668
0.000213668
4.11887e-05
0.000160581
0.000187421
-0.000224601
4.0685e-10
8.54208e-05
-0.00059799
-0.00016058
8.54207e-05
-0.000597991
-0.000213667
0.000187421
-0.000224604
-0.000189258
0.000213668
4.11838e-05
-0.000113662
0.000245205
0.000359086
0.000243605
0.00041572
7.51627e-05
0.000134975
-0.00012727
0.000145756
0.000150714
-1.96286e-05
0.000187421
0.000160581
-0.000224602
0.000145298
0.000145298
-0.000366804
3.40517e-10
6.58966e-05
-0.000614911
-0.000145297
6.58965e-05
-0.000614912
-0.00018742
0.000145298
-0.000366806
-0.000145756
0.000160581
-0.000224606
-7.51624e-05
0.000150714
-1.96342e-05
0.000134974
-0.000127276
4.16719e-05
4.1552e-10
-0.000571477
7.17371e-05
5.59608e-10
-0.000553085
8.54208e-05
5.90707e-10
-0.00059799
6.58965e-05
5.09354e-10
-0.000614911
2.56533e-10
3.63741e-10
-0.000868966
-6.58961e-05
3.64179e-10
-0.000868967
-8.54203e-05
5.17676e-10
-0.000614913
-7.17366e-05
5.98202e-10
-0.000597993
-4.16716e-05
5.8579e-10
-0.000553089
4.24848e-10
-0.000571482
4.16719e-05
-0.000134974
-0.000571479
7.17369e-05
-0.000150713
-0.000553086
8.54206e-05
-0.00016058
-0.000597992
6.58964e-05
-0.000145297
-0.000614913
2.57039e-10
-6.5896e-05
-0.000868967
-6.58959e-05
-6.58959e-05
-0.000868968
-8.54201e-05
-0.000145297
-0.000614915
-7.17363e-05
-0.00016058
-0.000597995
-4.16716e-05
-0.000150713
-0.000553091
-0.000134973
-0.000571484
7.51627e-05
-0.000243605
-0.000127274
0.000145756
-0.000245204
-1.96328e-05
0.000187421
-0.000213667
-0.000224606
0.000145297
-0.00018742
-0.000366807
3.48164e-10
-8.54202e-05
-0.000614914
-0.000145297
-8.54201e-05
-0.000614915
-0.00018742
-0.00018742
-0.000366809
-0.000145756
-0.000213667
-0.00022461
-7.51624e-05
-0.000245204
-1.96387e-05
-0.000243604
-0.00012728
0.000113662
-0.000289949
0.000415722
0.000189259
-0.000251999
0.000359086
0.000213668
-0.000189258
4.1182e-05
0.000160581
-0.000145756
-0.000224607
4.12407e-10
-7.17365e-05
-0.000597994
-0.00016058
-7.17363e-05
-0.000597996
-0.000213667
-0.000145756
-0.00022461
-0.000189258
-0.000189258
4.11769e-05
-0.000113662
-0.000251998
0.000359079
-0.000289948
0.000415714
0.000162461
-0.000200521
0.00122199
0.000252
-0.00016246
0.000958849
0.000245205
-0.000113662
0.000359084
0.000150714
-7.51624e-05
-1.96357e-05
4.22158e-10
-4.16716e-05
-0.00055309
-0.000150713
-4.16715e-05
-0.000553091
-0.000245204
-7.51624e-05
-1.96391e-05
-0.000251998
-0.000113662
0.000359078
-0.00016246
-0.00016246
0.000958839
-0.00020052
0.00122198
0.000200521
0.00166012
0.00028995
0.00122199
0.000243605
0.000415719
0.000134974
-0.000127278
3.42119e-10
-0.000571484
-0.000134973
-0.000571485
-0.000243604
-0.00012728
-0.000289948
0.000415713
-0.00020052
0.00122198
0.00166011
7.8846e-05
7.8846e-05
0.000117195
7.0246e-05
9.63957e-05
6.53195e-05
4.68238e-05
4.77729e-05
1.10053e-10
4.61098e-06
-4.68235e-05
4.61097e-06
-9.63953e-05
4.77729e-05
-0.000117194
6.53195e-05
-7.88457e-05
7.0246e-05
7.88459e-05
7.0246e-05
0.000117195
0.000113937
0.000113937
0.000122737
0.000104426
7.26453e-05
9.26526e-05
1.33688e-10
1.48073e-05
-7.2645e-05
1.48073e-05
-0.000122737
9.26525e-05
-0.000113936
0.000104426
-7.02458e-05
0.000113936
0.000117195
6.53195e-05
9.63957e-05
0.000104426
0.000122737
0.000127645
0.000127645
9.0994e-05
0.000125737
1.36824e-10
3.07285e-05
-9.09937e-05
3.07284e-05
-0.000127645
0.000125737
-0.000104426
0.000127645
-6.53194e-05
0.000122737
9.63954e-05
4.77729e-05
4.68238e-05
9.26526e-05
7.26454e-05
0.000125737
9.09941e-05
8.89583e-05
8.89583e-05
1.17524e-10
2.8823e-05
-8.8958e-05
2.8823e-05
-0.000125736
8.89582e-05
-9.26523e-05
9.09939e-05
-4.77728e-05
7.26453e-05
4.68237e-05
4.61098e-06
1.37836e-10
1.48073e-05
1.9048e-10
3.07285e-05
1.95292e-10
2.8823e-05
1.75977e-10
8.25566e-11
1.20143e-10
-2.88228e-05
1.21333e-10
-3.07283e-05
1.81202e-10
-1.48071e-05
1.99777e-10
-4.61087e-06
2.00779e-10
1.42083e-10
4.61096e-06
-4.68235e-05
1.48072e-05
-7.2645e-05
3.07284e-05
-9.09937e-05
2.8823e-05
-8.89579e-05
8.37271e-11
-2.88228e-05
-2.88228e-05
-2.88228e-05
-3.07282e-05
-8.89578e-05
-1.48071e-05
-9.09935e-05
-4.61085e-06
-7.26448e-05
-4.68233e-05
4.77729e-05
-9.63952e-05
9.26524e-05
-0.000122737
0.000125737
-0.000127645
8.89581e-05
-0.000125736
1.22595e-10
-3.07282e-05
-8.89579e-05
-3.07282e-05
-0.000125736
-0.000125736
-9.26521e-05
-0.000127645
-4.77727e-05
-0.000122736
-9.63948e-05
6.53195e-05
-0.000117194
0.000104426
-0.000113936
0.000127645
-0.000104426
9.09939e-05
-9.26522e-05
1.40702e-10
-1.48071e-05
-9.09935e-05
-1.48071e-05
-0.000127645
-9.26521e-05
-0.000104426
-0.000104426
-6.53193e-05
-0.000113936
-0.000117194
7.0246e-05
-7.88457e-05
0.000113936
-7.02458e-05
0.000122737
-6.53193e-05
7.26452e-05
-4.77727e-05
1.42894e-10
-4.61084e-06
-7.26449e-05
-4.61083e-06
-0.000122736
-4.77727e-05
-0.000113936
-6.53193e-05
-7.02457e-05
-7.02456e-05
-7.88455e-05
7.88459e-05
0.000117195
9.63953e-05
4.68236e-05
1.12321e-10
-4.68233e-05
-9.63948e-05
-0.000117194
-7.88455e-05
)
;

boundaryField
{
    bottom
    {
        type            calculated;
        value           uniform 0;
    }
    atmosphere
    {
        type            calculated;
        value           nonuniform List<scalar> 
100
(
0.00150244
0.0011134
0.000371208
-0.000125471
-0.000529265
-0.000529266
-0.000125475
0.000371202
0.00111339
0.00150243
0.0011134
0.000871478
0.000311187
-1.44166e-05
-0.000490636
-0.000490638
-1.44208e-05
0.000311179
0.000871468
0.00111339
0.000371208
0.000311187
-5.24986e-06
-0.000221034
-0.000522918
-0.000522919
-0.000221038
-5.25637e-06
0.000311178
0.000371198
-0.000125471
-1.44162e-05
-0.000221034
-0.000293246
-0.000524048
-0.000524049
-0.00029325
-0.00022104
-1.44236e-05
-0.000125479
-0.000529264
-0.000490635
-0.000522917
-0.000524048
-0.00081132
-0.000811321
-0.00052405
-0.000522922
-0.000490641
-0.000529271
-0.000529265
-0.000490637
-0.000522919
-0.000524049
-0.000811321
-0.000811322
-0.000524051
-0.000522923
-0.000490643
-0.000529272
-0.000125473
-1.44194e-05
-0.000221037
-0.000293249
-0.00052405
-0.000524051
-0.000293252
-0.000221043
-1.44271e-05
-0.000125481
0.000371203
0.000311181
-5.25469e-06
-0.000221038
-0.000522921
-0.000522923
-0.000221043
-5.26139e-06
0.000311172
0.000371193
0.0011134
0.00087147
0.00031118
-1.44222e-05
-0.00049064
-0.000490642
-1.44267e-05
0.000311172
0.000871459
0.00111338
0.00150243
0.00111339
0.0003712
-0.000125477
-0.00052927
-0.000529271
-0.000125481
0.000371194
0.00111338
0.00150242
)
;
    }
    walls
    {
        type            calculated;
        value           uniform 0;
    }
}


// ************************************************************************* //
