/*--------------------------------*- C++ -*----------------------------------*\
| =========                 |                                                 |
| \\      /  F ield         | OpenFOAM: The Open Source CFD Toolbox           |
|  \\    /   O peration     | Version:  2412                                  |
|   \\  /    A nd           | Website:  www.openfoam.com                      |
|    \\/     M anipulation  |                                                 |
\*---------------------------------------------------------------------------*/
FoamFile
{
    version     2.0;
    format      ascii;
    arch        "LSB;label=32;scalar=64";
    class       surfaceScalarField;
    location    "0.62";
    object      phi;
}
// * * * * * * * * * * * * * * * * * * * * * * * * * * * * * * * * * * * * * //

dimensions      [0 3 -1 0 0 0 0];

oriented        oriented;

internalField   nonuniform List<scalar> 
11100
(
-0.000137015
-0.000137015
0.000274031
-0.000637069
0.000117135
0.000382919
-0.0005889
-0.000394855
0.000346686
-0.00027824
-0.000649082
0.000338422
-2.19773e-10
-0.00062372
0.00034548
0.00027824
-0.000623722
0.000345482
0.0005889
-0.000649086
0.000338425
0.00063707
-0.000394858
0.000346689
0.000137016
0.000117134
0.00038292
-0.000137016
0.000274031
0.000117134
-0.000637069
0.000382919
-0.000123785
-0.000123786
0.00048184
-0.000528521
-0.000610627
0.000620507
-0.00031014
-0.000935149
6.76859e-05
-2.53071e-09
-0.000907764
-2.60932e-05
0.000310139
-0.000907765
-2.60981e-05
0.000528524
-0.000935154
6.76835e-05
0.000123788
-0.000610633
0.000620511
-0.000117134
-0.000123788
0.000481844
-0.00063707
0.00038292
-0.000394855
-0.0005889
0.000346686
-0.000610627
-0.000528521
0.000620508
-0.000658906
-0.000658908
9.65595e-05
-0.000282467
-0.000755241
-0.000556348
-4.0674e-09
-0.000747758
-0.000442468
0.000282462
-0.000747758
-0.000442474
0.00065891
-0.000755242
-0.000556361
0.000610633
-0.000658911
9.65555e-05
0.000394858
-0.000528524
0.000620511
-0.0005889
0.000346689
-0.000649082
-0.00027824
0.000338422
-0.000935149
-0.00031014
6.76859e-05
-0.000755239
-0.000282469
-0.000556348
-0.000307583
-0.000307584
-0.000895313
-3.95144e-09
-0.000309989
-0.000745347
0.000307579
-0.000309989
-0.000745352
0.000755241
-0.000307583
-0.000895321
0.000935153
-0.000282468
-0.000556355
0.000649085
-0.00031014
6.76845e-05
-0.00027824
0.000338425
-0.00062372
-2.87104e-10
0.00034548
-0.000907765
-3.45159e-09
-2.60925e-05
-0.000747758
-4.89394e-09
-0.000442471
-0.000309989
-5.06789e-09
-0.000745348
5.62492e-10
6.92024e-10
-0.000619979
0.000309988
6.48327e-10
-0.000619977
0.000747758
-4.25739e-09
-0.000745348
0.000907766
-3.97272e-09
-0.000442472
0.000623721
-2.86078e-09
-2.60924e-05
-2.55779e-10
0.000345481
-0.000623723
0.00027824
0.000345482
-0.000907766
0.00031014
-2.60997e-05
-0.000747758
0.000282463
-0.000442477
-0.000309987
0.000307579
-0.000745355
5.11785e-10
0.000309989
-0.000619976
0.000309987
0.000309988
-0.000619974
0.000747757
0.000307579
-0.000745353
0.000907767
0.000282464
-0.000442478
0.000623723
0.00031014
-2.60988e-05
0.00027824
0.000345483
-0.000649086
0.000588901
0.000338426
-0.000935155
0.000528526
6.76825e-05
-0.000755241
0.000658913
-0.000556364
-0.000307581
0.000755243
-0.000895324
-3.14168e-09
0.000747758
-0.000745347
0.000307578
0.000747758
-0.000745351
0.000755243
0.000755244
-0.00089533
0.000935159
0.000658916
-0.000556368
0.000649089
0.000528528
6.76817e-05
0.000588901
0.000338428
-0.000394858
0.000637069
0.000346689
-0.000610633
0.000123789
0.000620512
-0.000658911
0.000610635
9.65551e-05
-0.000282466
0.000935155
-0.000556357
-3.13663e-09
0.000907765
-0.00044247
0.000282463
0.000907766
-0.000442475
0.000658915
0.000935159
-0.000556367
0.000610638
0.000610639
9.65529e-05
0.000394861
0.000123791
0.000620515
0.00063707
0.000346692
0.000117133
0.000137016
0.00038292
-0.000123789
-0.000117134
0.000481845
-0.000528524
0.000394859
0.000620512
-0.000310139
0.000649086
6.76843e-05
-1.9588e-09
0.00062372
-2.60927e-05
0.000310139
0.000623722
-2.60968e-05
0.000528527
0.000649089
6.76824e-05
0.000123791
0.000394861
0.000620515
-0.000117133
-0.000117133
0.000481848
0.000137016
0.000382921
-0.000137016
0.000274032
-0.00063707
0.00038292
-0.0005889
0.000346689
-0.00027824
0.000338425
-1.90598e-10
0.00034548
0.00027824
0.000345482
0.000588901
0.000338428
0.00063707
0.000346692
0.000137016
0.000382921
0.000274032
-0.000352227
-0.000352226
0.000978484
-0.000735234
-0.000430108
0.00119603
-0.000640059
-0.000882727
0.00113424
-0.000329584
-0.000707156
0.000735102
-1.16044e-09
-0.000541454
0.000557351
0.000329581
-0.000541463
0.000557362
0.000640061
-0.000707175
0.000735121
0.000735236
-0.000882739
0.00113425
0.000352228
-0.000430112
0.00119604
-0.000352227
0.000978486
-0.000430107
-0.000735234
0.00119603
-0.000760559
-0.00076056
0.00114274
-0.00066891
-0.000977556
0.000623688
-0.000645371
-0.000990294
0.000327285
-3.32571e-08
-0.000946819
-0.000266066
0.000645324
-0.000946815
-0.000266103
0.000668897
-0.000990346
0.000327281
0.000760556
-0.000977603
0.000623716
0.000430106
-0.000760569
0.00114275
-0.000735236
0.00119604
-0.000882726
-0.00064006
0.00113424
-0.000977556
-0.000668915
0.000623692
-0.000220185
-0.000220199
-0.00141817
-6.18801e-05
-0.000494281
-0.00121067
-2.4585e-08
-0.000673826
-0.000777316
6.18318e-05
-0.000673828
-0.000777317
0.000220179
-0.000494331
-0.00121072
0.000977571
-0.000220236
-0.0014182
0.000882733
-0.000668918
0.000623698
-0.000640062
0.00113425
-0.000707158
-0.000329585
0.000735105
-0.000990297
-0.00064538
0.00032729
-0.000494272
-6.18958e-05
-0.00121068
-0.000179922
-0.000179937
-0.00152401
-1.63478e-08
5.24231e-05
-0.0016515
0.000179924
5.2416e-05
-0.00165154
0.0004943
-0.000179954
-0.00152407
0.000990319
-6.18844e-05
-0.00121073
0.000707169
-0.000645365
0.000327281
-0.000329586
0.000735118
-0.000541463
-1.12719e-09
0.00055736
-0.000946835
-4.67746e-08
-0.000266054
-0.000673814
-3.05725e-08
-0.000777357
5.24433e-05
-2.15668e-08
-0.00165152
-4.13893e-09
-5.51436e-09
-0.000515103
-5.24535e-05
-4.54229e-09
-0.000515107
0.000673806
-1.75068e-08
-0.00165154
0.000946847
-2.55075e-08
-0.000777372
0.000541475
-4.03452e-08
-0.000266045
-9.89238e-10
0.000557371
-0.00054147
0.000329582
0.000557369
-0.000946818
0.000645318
-0.000266117
-0.000673814
6.18341e-05
-0.000777345
5.24336e-05
0.000179936
-0.00165156
-3.17515e-09
-5.24385e-05
-0.000515106
-5.24423e-05
-5.24298e-05
-0.00051511
0.000673807
0.000179959
-0.00165158
0.000946832
6.18346e-05
-0.000777363
0.000541481
0.000645313
-0.000266101
0.000329583
0.00055738
-0.000707179
0.000640061
0.000735126
-0.000990356
0.000668902
0.000327276
-0.000494333
0.000220191
-0.00121074
-0.000179947
0.000494318
-0.00152409
-1.20948e-08
0.000673814
-0.00165153
0.000179955
0.000673817
-0.00165156
0.000494361
0.000494367
-0.00152414
0.000990374
0.000220229
-0.00121078
0.000707188
0.000668909
0.000327272
0.000640063
0.000735136
-0.000882742
0.000735237
0.00113426
-0.000977614
0.000760556
0.000623731
-0.000220233
0.000977574
-0.00141821
-6.18698e-05
0.000990327
-0.00121073
-1.95627e-08
0.000946834
-0.000777341
6.18333e-05
0.000946832
-0.000777343
0.000220229
0.000990374
-0.00121077
0.000977625
0.000977618
-0.00141823
0.000882747
0.000760565
0.000623737
0.000735238
0.00113426
-0.000430112
0.000352228
0.00119604
-0.00076057
0.000430106
0.00114275
-0.000668913
0.000882735
0.000623694
-0.000645349
0.000707171
0.000327277
-2.71801e-08
0.000541469
-0.000266049
0.000645312
0.000541477
-0.000266081
0.000668904
0.000707187
0.000327277
0.000760567
0.000882746
0.000623724
0.00043011
0.000430109
0.00114276
0.000352228
0.00119604
-0.000352227
0.000978487
-0.000735237
0.00119603
-0.000640062
0.00113425
-0.000329585
0.000735119
-1.0062e-09
0.000557366
0.000329583
0.000557375
0.000640063
0.000735135
0.000735238
0.00113426
0.000352228
0.00119604
0.000978489
-0.000364968
-0.000364968
0.00170842
-0.000642782
-0.000259885
0.00173373
-0.000708304
3.36067e-05
0.00116615
-0.000366198
3.51613e-05
0.000357834
1.15554e-09
2.66345e-05
0.000164518
0.000366199
2.66338e-05
0.000164531
0.000708306
3.51609e-05
0.000357853
0.000642783
3.36049e-05
0.00116617
0.000364968
-0.000259883
0.00173374
-0.000364968
0.00170842
-0.000259886
-0.000642781
0.00173373
-0.000394441
-0.000394439
0.00141185
-0.00111555
0.00121961
0.000158792
-0.000687059
0.00109434
-0.00116039
-4.38712e-08
0.00111536
-0.00204181
0.000687021
0.00111536
-0.0020419
0.00111557
0.00109429
-0.00116039
0.000394465
0.00121956
0.000158868
0.000259893
-0.000394434
0.00141188
-0.00064278
0.00173374
3.36066e-05
-0.000708304
0.00116615
0.00121962
-0.00111555
0.000158793
0.000437465
0.000437443
0.000146153
-0.000125078
-0.000228825
0.000675048
-3.07747e-08
-5.60725e-05
0.000269073
0.000125034
-5.61401e-05
0.000269121
-0.000437484
-0.000228911
0.000674995
-0.00121963
0.000437403
0.000146098
-3.36061e-05
-0.00111556
0.000158799
-0.000708304
0.00116616
3.51612e-05
-0.000366198
0.000357837
0.00109434
-0.000687069
-0.00116038
-0.000228828
-0.000125086
0.000675024
-0.000638366
-0.000638356
-0.000704938
2.5494e-08
-0.000458137
-0.00188783
0.000638419
-0.000458201
-0.00188787
0.000228876
-0.000638396
-0.000705047
-0.00109432
-0.000125044
0.000674922
-3.5161e-05
-0.000687073
-0.00116037
-0.000366198
0.000357851
2.66348e-05
1.35439e-09
0.000164526
0.00111535
-5.8756e-08
-0.00204178
-5.60573e-05
-3.60028e-08
0.000269002
-0.000458101
3.19637e-08
-0.00188787
6.76116e-09
3.61106e-09
-0.00143135
0.000458099
1.88093e-09
-0.0014314
5.6056e-05
2.82396e-08
-0.00188793
-0.00111535
-2.93e-08
0.000269015
-2.66345e-05
-5.27673e-08
-0.00204178
1.07432e-09
0.000164537
2.66337e-05
0.000366199
0.000164538
0.00111536
0.000687022
-0.00204192
-5.61421e-05
0.00012503
0.000269088
-0.000458189
0.000638419
-0.0018879
4.72244e-09
0.000458125
-0.00143142
0.000458177
0.000458179
-0.00143146
5.61365e-05
0.000638449
-0.00188796
-0.00111535
0.000125004
0.000269089
-2.66336e-05
0.000687031
-0.0020419
0.000366199
0.000164549
3.51608e-05
0.000708305
0.000357858
0.00109428
0.00111558
-0.0011604
-0.000228935
-0.000437465
0.000674966
-0.000638421
0.000228886
-0.000705072
2.20702e-08
5.6064e-05
-0.00188792
0.000638465
5.61274e-05
-0.00188795
0.000228973
0.000228963
-0.000705167
-0.00109427
-0.000437416
0.000674883
-3.51606e-05
0.00111559
-0.00116039
0.000708304
0.00035787
3.36043e-05
0.000642783
0.00116617
0.00121955
0.000394471
0.000158893
0.000437415
-0.00121963
0.000146091
-0.000125028
-0.00109432
0.000674916
-2.39882e-08
-0.00111536
0.000269077
0.000124999
-0.00111535
0.000269115
-0.000437425
-0.00109426
0.000674883
-0.00121957
-0.00121957
0.000146063
-3.36041e-05
0.000394472
0.000158895
0.000642781
0.00116618
-0.000259882
0.000364968
0.00173374
-0.000394434
0.000259895
0.00141188
-0.00111556
-3.36061e-05
0.000158796
-0.000687057
-3.5161e-05
-0.00116038
-3.81045e-08
-2.66343e-05
-0.00204179
0.000687025
-2.66337e-05
-0.00204186
0.00111558
-3.51607e-05
-0.00116038
0.000394464
-3.36046e-05
0.000158869
0.000259892
0.000259895
0.00141191
0.000364968
0.00173375
-0.000364968
0.00170842
-0.00064278
0.00173374
-0.000708304
0.00116617
-0.000366198
0.000357852
8.56401e-10
0.000164532
0.000366199
0.000164543
0.000708304
0.000357869
0.000642781
0.00116618
0.000364968
0.00173375
0.00170842
-0.000349959
-0.000349959
0.00240834
-0.000663748
1.50179e-05
0.0020325
-0.000852464
1.24941e-05
0.00134238
-0.000390719
-0.00114729
0.00104337
3.83611e-10
-0.00099223
0.000766029
0.000390719
-0.000992214
0.000766026
0.000852467
-0.00114727
0.00104338
0.000663749
1.24947e-05
0.00134239
0.000349959
1.50196e-05
0.00203251
-0.000349959
0.00240834
1.50174e-05
-0.000663747
0.00203251
-6.82914e-05
-6.82896e-05
0.00157847
-0.00118351
0.00106441
0.000222093
-0.000644539
-0.00140156
-0.00144508
-6.18235e-09
-0.00112989
-0.00254868
0.000644506
-0.00112982
-0.0025488
0.0011835
-0.00140152
-0.00144514
6.82963e-05
0.00106441
0.00022215
-1.50158e-05
-6.82744e-05
0.00157848
-0.000663747
0.00203251
1.24937e-05
-0.000852463
0.00134238
0.00106441
-0.00118351
0.000222091
-0.000340313
-0.000340327
0.00295562
-0.00069341
-0.00145441
0.00108099
5.96052e-09
-0.00139641
-0.000157821
0.000693374
-0.00139642
-0.000157652
0.000340292
-0.00145439
0.00108095
-0.00106441
-0.000340346
0.00295556
-1.24932e-05
-0.00118351
0.000222117
-0.000852465
0.00134239
-0.00114728
-0.000390719
0.00104338
-0.00140156
-0.00064453
-0.00144507
-0.00145442
-0.000693416
0.00108096
-0.00106196
-0.00106195
-0.00148985
3.51564e-08
-0.000975146
-0.00337109
0.001062
-0.000975199
-0.00337106
0.00145441
-0.00106197
-0.00148987
0.00140155
-0.000693421
0.00108085
0.00114728
-0.000644522
-0.00144509
-0.000390719
0.00104339
-0.000992222
1.22081e-10
0.000766028
-0.00112988
-7.12056e-09
-0.00254865
-0.00139641
1.45234e-08
-0.000157898
-0.000975135
4.59115e-08
-0.00337113
1.20057e-08
8.48435e-09
-0.00338165
0.000975161
3.15214e-09
-0.00338175
0.00139641
3.75128e-08
-0.00337118
0.00112985
1.31177e-08
-0.000157859
0.000992214
-6.40063e-09
-0.00254866
6.20491e-11
0.000766031
-0.000992204
0.000390718
0.000766024
-0.0011298
0.000644486
-0.00254882
-0.00139643
0.000693365
-0.00015763
-0.000975216
0.001062
-0.00337106
6.25807e-09
0.000975163
-0.0033818
0.000975231
0.000975204
-0.00338189
0.00139642
0.00106201
-0.00337112
0.00112977
0.000693375
-0.000157624
0.000992197
0.00064448
-0.00254881
0.000390718
0.000766027
-0.00114727
0.000852468
0.00104338
-0.00140151
0.00118349
-0.00144517
-0.0014544
0.000340292
0.00108093
-0.001062
0.00145439
-0.00148987
2.73109e-08
0.0013964
-0.00337118
0.00106203
0.0013964
-0.00337115
0.00145439
0.00145438
-0.0014899
0.00140149
0.000340322
0.00108083
0.00114727
0.0011835
-0.00144519
0.000852468
0.00104339
1.24947e-05
0.000663749
0.0013424
0.00106441
6.8302e-05
0.000222161
-0.000340343
-0.00106441
0.00295555
-0.000693421
0.00140154
0.00108084
5.04355e-09
0.00112985
-0.000157804
0.00069339
0.0011298
-0.000157666
0.000340332
0.0014015
0.00108082
-0.0010644
-0.0010644
0.00295552
-1.24939e-05
6.8298e-05
0.000222188
0.000663748
0.00134241
1.502e-05
0.000349959
0.00203251
-6.827e-05
-1.50153e-05
0.00157849
-0.00118352
-1.24932e-05
0.000222129
-0.000644533
0.00114728
-0.0014451
-5.70276e-09
0.00099222
-0.00254869
0.000644502
0.000992206
-0.00254878
0.00118351
0.00114727
-0.00144516
6.82865e-05
-1.24937e-05
0.000222187
-1.50175e-05
-1.50162e-05
0.00157853
0.000349959
0.00203252
-0.000349959
0.00240834
-0.000663747
0.00203252
-0.000852465
0.00134239
-0.00039072
0.00104339
2.72007e-10
0.000766032
0.00039072
0.00076603
0.000852467
0.00104339
0.000663748
0.00134241
0.000349959
0.00203252
0.00240834
-0.000324666
-0.000324665
0.00305767
-0.000627495
2.7224e-05
0.00230811
-0.000821688
-0.000400232
0.0019368
-0.00039193
-0.00151287
0.00212648
5.92917e-09
-0.00130937
0.00168346
0.000391934
-0.00130932
0.00168341
0.00082169
-0.00151284
0.00212647
0.000627491
-0.000400195
0.00193679
0.000324664
2.72245e-05
0.00230811
-0.000324665
0.00305767
2.72239e-05
-0.000627495
0.00230811
-8.61073e-05
-8.61067e-05
0.00180513
-0.00110472
8.13036e-05
0.000759172
-0.000667749
-0.00203191
-0.00136301
3.02965e-08
-0.00155641
-0.00296942
0.000667739
-0.00155637
-0.00296945
0.00110469
-0.00203183
-0.0013631
8.6096e-05
8.13713e-05
0.000759173
-2.72245e-05
-8.60922e-05
0.00180512
-0.000627493
0.00230812
-0.000400234
-0.000821687
0.0019368
8.12853e-05
-0.00110472
0.000759184
-0.000702058
-0.000702053
0.00452232
-0.000632489
-0.00106568
4.51921e-05
5.2868e-08
-0.000885286
-0.00146149
0.000632487
-0.000885297
-0.00146116
0.000702011
-0.00106564
4.52328e-05
-8.1294e-05
-0.000702043
0.00452228
0.000400215
-0.00110472
0.000759234
-0.000821689
0.0019368
-0.00151287
-0.00039193
0.00212649
-0.00203192
-0.000667738
-0.00136301
-0.0010657
-0.000632469
4.51578e-05
-0.00053304
-0.000533023
-0.00255517
4.53146e-08
-0.000436039
-0.00435342
0.000533102
-0.00043605
-0.00435336
0.00106567
-0.000533031
-0.00255504
0.00203187
-0.000632476
4.50871e-05
0.00151286
-0.000667738
-0.00136307
-0.000391933
0.0021265
-0.00130938
7.68735e-09
0.00168347
-0.00155641
4.03984e-08
-0.0029694
-0.000885281
7.52955e-08
-0.00146157
-0.000436037
5.85073e-08
-0.00435346
5.80883e-09
4.96451e-10
-0.00425374
0.000436061
-1.84611e-09
-0.00425386
0.000885286
4.82549e-08
-0.00435349
0.00155638
6.8149e-08
-0.0014615
0.00130937
3.4771e-08
-0.00296942
6.57744e-09
0.00168346
-0.0013093
0.000391934
0.0016834
-0.00155636
0.000667717
-0.00296944
-0.000885304
0.000632465
-0.00146107
-0.000436055
0.000533102
-0.00435335
3.8973e-09
0.000436056
-0.00425391
0.000436076
0.000436063
-0.00425402
0.000885304
0.000533097
-0.0043534
0.00155634
0.000632479
-0.00146107
0.0013093
0.000667714
-0.00296945
0.000391935
0.0016834
-0.00151284
0.00082169
0.00212646
-0.00203181
0.00110466
-0.00136315
-0.00106563
0.000701984
4.52293e-05
-0.000533042
0.00106565
-0.00255501
3.5931e-08
0.000885281
-0.00435348
0.000533093
0.000885287
-0.00435343
0.00106562
0.00106561
-0.00255493
0.00203177
0.000701995
4.51587e-05
0.00151283
0.00110467
-0.0013632
0.000821689
0.00212647
-0.000400191
0.000627491
0.00193679
8.1373e-05
8.60961e-05
0.000759165
-0.000702052
-8.13036e-05
0.00452226
-0.0006325
0.00203186
4.50799e-05
4.60879e-08
0.00155639
-0.00146146
0.000632505
0.00155635
-0.00146119
0.000702025
0.00203179
4.51211e-05
-8.13431e-05
-8.13366e-05
0.00452222
0.0004002
8.60934e-05
0.000759219
0.00062749
0.00193681
2.72245e-05
0.000324664
0.00230811
-8.60873e-05
-2.72247e-05
0.00180512
-0.00110473
0.000400211
0.000759255
-0.000667758
0.00151286
-0.00136307
2.43291e-08
0.00130936
-0.00296944
0.000667744
0.00130932
-0.00296946
0.0011047
0.00151283
-0.00136316
8.60882e-05
0.000400202
0.000759257
-2.72245e-05
-2.72246e-05
0.00180516
0.000324664
0.00230812
-0.000324665
0.00305767
-0.000627492
0.00230812
-0.00082169
0.0019368
-0.000391936
0.0021265
4.81169e-09
0.00168345
0.000391938
0.00168341
0.000821691
0.00212647
0.00062749
0.00193681
0.000324664
0.00230812
0.00305767
-0.000280056
-0.000280056
0.00361778
-0.00054449
1.64046e-05
0.00255614
-0.000742516
-0.000639679
0.00277451
-0.000400741
-0.00119333
0.00297804
3.82969e-09
-0.00112844
0.00241116
0.000400747
-0.00112842
0.00241109
0.000742515
-0.0011933
0.002978
0.000544486
-0.000639655
0.00277447
0.000280054
1.64033e-05
0.00255614
-0.000280056
0.00361778
1.6405e-05
-0.000544491
0.00255614
-2.19828e-05
-2.19709e-05
0.0018819
-0.000798483
-0.000644934
0.00154093
-0.00049008
-0.00155197
-0.00131278
3.13899e-08
-0.00119625
-0.00339172
0.000490079
-0.00119634
-0.00339157
0.000798449
-0.00155196
-0.0013128
2.19925e-05
-0.000644884
0.00154086
-1.64051e-05
-2.19666e-05
0.00188189
-0.000544489
0.00255614
-0.000639682
-0.000742518
0.00277451
-0.000644956
-0.000798501
0.00154099
-0.000868158
-0.000868142
0.00496873
-0.000612735
-0.000809487
-0.000952711
9.64036e-08
-0.000633017
-0.00263756
0.000612824
-0.000633085
-0.00263715
0.000868156
-0.000809482
-0.00095258
0.000644947
-0.000868131
0.00496873
0.000639675
-0.000798503
0.00154104
-0.000742518
0.0027745
-0.00119334
-0.000400742
0.00297805
-0.00155196
-0.000490087
-0.00131279
-0.000809492
-0.000612698
-0.000952759
-0.000385125
-0.000385111
-0.00340391
1.17704e-08
-0.000346174
-0.0050254
0.000385148
-0.000346136
-0.00502545
0.000809492
-0.000385079
-0.00340379
0.00155193
-0.000612709
-0.000952777
0.00119331
-0.000490084
-0.00131286
-0.000400747
0.00297804
-0.00112845
3.77545e-09
0.00241118
-0.00119624
3.90794e-08
-0.00339173
-0.000633007
1.37304e-07
-0.00263764
-0.000346174
1.15584e-08
-0.00502542
-1.25926e-08
-2.44523e-08
-0.00494605
0.000346178
-1.85118e-08
-0.00494616
0.000633037
8.19262e-09
-0.00502543
0.00119626
1.24004e-07
-0.00263755
0.00112844
3.22352e-08
-0.00339172
2.62477e-09
0.00241115
-0.00112842
0.000400748
0.00241107
-0.00119638
0.000490067
-0.00339151
-0.00063311
0.000612818
-0.00263703
-0.000346124
0.000385142
-0.00502547
-6.62054e-09
0.000346168
-0.00494622
0.000346137
0.000346137
-0.00494632
0.000633127
0.000385106
-0.00502549
0.00119639
0.000612804
-0.00263701
0.00112842
0.000490056
-0.0033915
0.000400753
0.00241106
-0.00119329
0.000742514
0.00297798
-0.00155196
0.000798432
-0.00131284
-0.000809481
0.000868136
-0.000952565
-0.000385074
0.000809486
-0.00340376
8.82801e-09
0.000633044
-0.00502544
0.000385096
0.000633099
-0.00502548
0.000809477
0.000809477
-0.00340369
0.00155192
0.000868114
-0.000952597
0.00119327
0.000798424
-0.00131291
0.000742514
0.00297797
-0.00063965
0.000544485
0.00277447
-0.000644882
2.19903e-05
0.00154084
-0.000868138
0.000644937
0.00496871
-0.000612741
0.00155193
-0.000952765
8.35181e-08
0.00119627
-0.00263751
0.000612805
0.00119635
-0.00263716
0.000868127
0.00155192
-0.000952647
0.000644881
0.000644892
0.00496868
0.000639643
2.19757e-05
0.0015409
0.000544482
0.00277448
1.64033e-05
0.000280053
0.00255614
-2.19654e-05
-1.64052e-05
0.00188189
-0.000798504
0.00063967
0.00154106
-0.000490092
0.00119331
-0.00131285
2.37841e-08
0.00112844
-0.00339172
0.000490078
0.00112842
-0.00339158
0.000798456
0.00119327
-0.00131288
2.19674e-05
0.000639647
0.00154099
-1.64046e-05
-1.6405e-05
0.00188191
0.000280054
0.00255614
-0.000280056
0.00361778
-0.000544489
0.00255615
-0.000742518
0.0027745
-0.000400749
0.00297803
2.61343e-09
0.00241114
0.000400756
0.00241108
0.000742517
0.00297799
0.000544483
0.00277449
0.000280055
0.00255615
0.00361778
-0.000210759
-0.000210759
0.0040393
-0.000407527
3.24894e-06
0.00274966
-0.000642845
-0.000565182
0.00357501
-0.000417832
-0.000799853
0.00355288
-1.60746e-09
-0.000944301
0.00293763
0.000417836
-0.000944332
0.00293758
0.000642845
-0.00079983
0.00355282
0.000407525
-0.000565185
0.00357498
0.000210758
3.2471e-06
0.00274966
-0.00021076
0.0040393
3.24808e-06
-0.000407527
0.00274966
-1.95135e-05
-1.94777e-05
0.00192738
-0.000497127
-0.000621053
0.00207441
-0.000125363
-0.000862452
-0.00162195
1.85348e-08
-0.000819433
-0.00364197
0.000125352
-0.000819628
-0.00364161
0.000497093
-0.000862488
-0.00162189
1.95516e-05
-0.000621029
0.00207424
-3.2456e-06
-1.94736e-05
0.0019274
-0.000407527
0.00274967
-0.00056518
-0.000642849
0.00357502
-0.000621102
-0.00049718
0.00207461
-0.000543578
-0.000543567
0.00481372
-0.000296441
-0.000437637
-0.00162466
7.37027e-08
-0.000324933
-0.00342857
0.00029653
-0.000324994
-0.00342824
0.000543587
-0.000437643
-0.00162448
0.000621134
-0.000543556
0.00481371
0.000565188
-0.000497216
0.00207473
-0.000642853
0.00357502
-0.00079985
-0.000417836
0.00355289
-0.000862442
-0.000125405
-0.00162198
-0.000437634
-0.000296415
-0.00162472
-0.000238556
-0.000238553
-0.00380207
-2.50028e-08
-0.000240066
-0.0053488
0.00023853
-0.000240008
-0.00534899
0.000437627
-0.00023851
-0.00380202
0.00086242
-0.000296418
-0.00162471
0.000799825
-0.000125429
-0.00162206
-0.000417844
0.00355285
-0.0009443
-5.22188e-09
0.00293765
-0.000819408
1.91915e-08
-0.00364205
-0.000324931
1.05248e-07
-0.00342864
-0.000240066
-4.20092e-08
-0.00534879
-1.28909e-08
-2.65632e-08
-0.00542614
0.000240064
-1.96579e-08
-0.00542623
0.000324974
-3.91733e-08
-0.00534881
0.00081946
9.55973e-08
-0.00342855
0.000944306
1.28413e-08
-0.00364201
-6.20257e-09
0.00293762
-0.000944348
0.000417839
0.00293758
-0.000819699
0.000125365
-0.0036415
-0.000325022
0.000296538
-0.00342814
-0.00023999
0.000238512
-0.00534906
-6.21826e-09
0.000240051
-0.00542628
0.000240002
0.000240006
-0.00542636
0.000325054
0.000238475
-0.00534905
0.000819729
0.000296516
-0.0034281
0.000944354
0.000125386
-0.0036415
0.000417849
0.00293756
-0.00079982
0.000642846
0.00355279
-0.000862485
0.000497093
-0.0016219
-0.00043764
0.000543578
-0.00162445
-0.000238501
0.000437628
-0.00380201
-2.22666e-08
0.000324981
-0.00534885
0.000238483
0.000325031
-0.00534901
0.000437626
0.000437625
-0.00380198
0.000862447
0.00054355
-0.00162445
0.0007998
0.000497111
-0.00162199
0.000642849
0.00355277
-0.000565179
0.000407523
0.00357497
-0.000621031
1.95463e-05
0.00207424
-0.000543558
0.00062113
0.00481369
-0.000296437
0.000862426
-0.00162468
6.41367e-08
0.000819494
-0.00342852
0.000296501
0.000819668
-0.00342824
0.00054355
0.000862443
-0.00162452
0.000621032
0.000621065
0.00481369
0.000565153
1.95058e-05
0.00207439
0.000407517
0.00357497
3.24716e-06
0.000210757
0.00274966
-1.94739e-05
-3.24585e-06
0.0019274
-0.000497204
0.000565188
0.00207473
-0.00012541
0.000799821
-0.00162204
1.1053e-08
0.000944309
-0.00364196
0.00012539
0.000944341
-0.00364164
0.000497143
0.000799804
-0.001622
1.94827e-05
0.000565158
0.00207456
-3.24897e-06
-3.24848e-06
0.0019274
0.000210757
0.00274966
-0.00021076
0.0040393
-0.000407526
0.00274967
-0.000642853
0.00357501
-0.000417845
0.00355284
-2.81954e-09
0.00293761
0.000417851
0.00293757
0.000642852
0.00355279
0.000407518
0.00357498
0.000210758
0.00274966
0.00403929
-0.000176202
-0.000176202
0.0043917
-0.000293143
2.02597e-07
0.0028664
-0.000564196
-0.000340131
0.00418619
-0.000461964
-0.000297361
0.00374801
-9.5693e-09
-0.000693559
0.00316923
0.000461964
-0.000693621
0.00316923
0.000564197
-0.000297358
0.00374794
0.000293145
-0.000340152
0.00418618
0.000176202
1.99709e-07
0.0028664
-0.000176202
0.0043917
2.04137e-07
-0.000293143
0.0028664
5.01927e-05
4.94236e-05
0.00182817
-0.000390714
-0.000310894
0.00248608
1.28022e-05
-0.000100759
-0.00222206
-1.72439e-08
-0.000486898
-0.00383581
-1.28724e-05
-0.000487038
-0.00383534
0.000390627
-0.000100789
-0.00222196
-5.06229e-05
-0.000310832
0.00248617
-2.03334e-07
4.89591e-05
0.00182822
-0.000293145
0.00286641
-0.000340107
-0.000564204
0.00418618
-0.000311021
-0.000390868
0.00248582
-0.00019717
-0.000197172
0.00458614
-6.80652e-05
-0.000197645
-0.00165688
-7.69323e-09
-0.000172404
-0.00381112
6.80859e-05
-0.000172369
-0.003811
0.000197172
-0.000197654
-0.0016567
0.0003111
-0.000197156
0.00458611
0.000340105
-0.000390982
0.00248567
-0.000564212
0.00418619
-0.000297358
-0.00046197
0.00374801
-0.000100765
1.27323e-05
-0.00222217
-0.000197641
-6.80759e-05
-0.00165694
-0.000181496
-0.00018151
-0.00383435
-3.62659e-08
-0.000180958
-0.00552171
0.000181448
-0.000180902
-0.00552194
0.000197641
-0.000181481
-0.00383438
0.000100775
-6.80731e-05
-0.00165693
0.000297353
1.2674e-05
-0.00222229
-0.00046198
0.00374798
-0.000693548
-1.71327e-08
0.00316924
-0.000486884
-3.32761e-08
-0.00383594
-0.000172426
-1.29365e-08
-0.00381116
-0.000180949
-5.93182e-08
-0.00552172
-1.77899e-09
-1.74505e-08
-0.00578803
0.000180954
-1.57406e-08
-0.00578807
0.000172461
-5.46349e-08
-0.00552175
0.000486956
-1.10267e-08
-0.00381111
0.000693568
-3.72902e-08
-0.00383591
-1.70853e-08
0.00316923
-0.000693644
0.000461968
0.00316924
-0.000487095
-1.28566e-05
-0.00383523
-0.000172373
6.80998e-05
-0.00381097
-0.000180882
0.000181426
-0.00552203
-2.99645e-10
0.000180939
-0.00578812
0.000180897
0.000180894
-0.00578816
0.000172413
0.000181403
-0.00552203
0.000487154
6.80884e-05
-0.00381094
0.00069366
-1.27863e-05
-0.00383526
0.000461982
0.00316922
-0.000297355
0.000564201
0.00374792
-0.00010079
0.000390652
-0.00222197
-0.000197654
0.000197175
-0.00165666
-0.000181477
0.000197645
-0.00383441
-3.18786e-08
0.000172452
-0.0055218
0.000181435
0.000172421
-0.005522
0.000197647
0.000197644
-0.00383443
0.000100781
0.000197162
-0.00165666
0.000297348
0.000390745
-0.00222209
0.000564209
0.00374789
-0.000340144
0.000293144
0.00418617
-0.000310846
-5.05064e-05
0.0024861
-0.000197152
0.000311088
0.00458608
-6.80603e-05
0.000100778
-0.00165691
-5.75611e-09
0.000486986
-0.00381111
6.80711e-05
0.000487114
-0.00381101
0.000197156
0.000100783
-0.00165674
0.000310914
0.000310988
0.0045861
0.000340106
-4.99983e-05
0.00248594
0.000293135
0.00418615
1.99724e-07
0.000176202
0.0028664
4.90711e-05
-2.02892e-07
0.00182822
-0.000390941
0.000340108
0.00248572
1.27173e-05
0.000297348
-0.00222227
-2.16107e-08
0.000693581
-0.00383582
-1.27817e-05
0.000693639
-0.0038354
0.000390805
0.000297343
-0.00222214
-4.96065e-05
0.000340098
0.00248586
-2.02167e-07
-2.03005e-07
0.0018282
0.0001762
0.00286639
-0.000176202
0.0043917
-0.000293143
0.0028664
-0.000564211
0.00418619
-0.000461979
0.00374796
-9.8291e-09
0.00316922
0.000461983
0.00316921
0.00056421
0.0037479
0.000293135
0.00418616
0.000176201
0.00286639
0.0043917
-0.000209291
-0.000209292
0.00481029
-0.000246929
-8.1061e-05
0.0029851
-0.000486774
-0.000234068
0.0046601
-0.000453267
-1.26409e-05
0.00372714
-1.02117e-08
-0.000393683
0.00310966
0.000453268
-0.000393731
0.00310968
0.00048678
-1.26254e-05
0.00372706
0.000246934
-0.000234066
0.00466009
0.000209293
-8.10493e-05
0.00298509
-0.000209291
0.00481028
-8.10592e-05
-0.000246929
0.00298509
-2.02751e-05
-2.02391e-05
0.00170657
-0.000495738
-0.00013329
0.00286077
-0.000179167
0.000236511
-0.00278779
-3.08601e-08
-0.000258092
-0.00415054
0.00017908
-0.000258017
-0.00415016
0.0004957
0.000236536
-0.00278774
2.02833e-05
-0.000133259
0.00286078
8.1043e-05
-2.02085e-05
0.00170662
-0.000246933
0.00298509
-0.000234064
-0.00048678
0.0046601
-0.000133334
-0.000495799
0.00286065
-4.41746e-06
-4.42819e-06
0.00432837
3.73052e-05
3.00863e-05
-0.00149218
-1.32108e-07
-9.66308e-05
-0.00393515
-3.73859e-05
-9.64793e-05
-0.00393529
4.4202e-06
3.01087e-05
-0.00149208
0.000133345
-4.41057e-06
0.00432834
0.000234058
-0.000495846
0.00286059
-0.000486791
0.00466011
-1.26443e-05
-0.000453275
0.00372715
0.000236488
-0.000179232
-0.00278787
3.00712e-05
3.72616e-05
-0.00149221
-8.06237e-05
-8.06514e-05
-0.00361292
-1.69017e-08
-0.000111513
-0.00558743
8.06163e-05
-0.000111484
-0.00558757
-3.00544e-05
-8.06414e-05
-0.00361296
-0.000236472
3.72718e-05
-0.00149219
1.26479e-05
-0.000179296
-0.00278796
-0.000453286
0.00372712
-0.000393678
-1.79921e-08
0.00310966
-0.000258133
-5.32177e-08
-0.00415067
-9.66777e-05
-1.96885e-07
-0.00393516
-0.000111478
-2.73994e-08
-0.00558754
5.76013e-09
-1.51383e-08
-0.00601101
0.000111479
-1.77656e-08
-0.00601101
9.66794e-05
-2.31614e-08
-0.00558757
0.000258183
-1.78541e-07
-0.00393516
0.000393702
-5.21379e-08
-0.00415067
-1.79393e-08
0.00310966
-0.000393753
0.000453273
0.0031097
-0.000258023
0.000179085
-0.00415009
-9.6451e-05
-3.73928e-05
-0.00393535
-0.000111461
8.06046e-05
-0.00558766
2.89802e-09
0.000111469
-0.00601107
0.000111468
0.000111444
-0.00601109
9.6477e-05
8.0598e-05
-0.00558766
0.00025809
-3.73918e-05
-0.00393534
0.000393775
0.000179163
-0.00415016
0.000453285
0.00310969
-1.2624e-05
0.000486785
0.00372703
0.000236535
0.000495716
-0.00278776
3.01022e-05
4.42908e-06
-0.00149205
-8.06496e-05
-3.00566e-05
-0.00361299
-1.24976e-08
9.66561e-05
-0.00558763
8.06464e-05
9.65271e-05
-0.00558775
-3.00782e-05
-3.00758e-05
-0.00361303
-0.000236516
4.42576e-06
-0.00149204
1.26309e-05
0.00049576
-0.00278783
0.00048679
0.00372702
-0.000234061
0.000246933
0.00466008
-0.000133259
2.02815e-05
0.00286073
-4.40605e-06
0.000133341
0.00432832
3.73001e-05
-0.000236475
-0.0014922
-1.13816e-07
0.000258169
-0.00393521
-3.73706e-05
0.000258111
-0.00393533
4.42242e-06
-0.000236502
-0.00149211
0.000133288
0.000133316
0.00432835
0.000234052
2.02692e-05
0.00286067
0.000246923
0.00466007
-8.10495e-05
0.000209293
0.00298509
-2.02116e-05
8.10446e-05
0.00170662
-0.000495822
0.000234057
0.00286062
-0.000179259
1.26417e-05
-0.00278795
-3.07981e-08
0.000393708
-0.00415058
0.000179181
0.000393754
-0.00415026
0.000495773
1.26295e-05
-0.00278786
2.02436e-05
0.00023405
0.00286065
8.10577e-05
8.1058e-05
0.00170659
0.000209291
0.00298508
-0.000209291
0.00481028
-0.00024693
0.00298509
-0.000486789
0.00466011
-0.000453284
0.0037271
-1.06038e-08
0.00310965
0.000453284
0.00310967
0.000486788
0.00372703
0.000246921
0.00466007
0.000209291
0.00298508
0.00481028
-0.000236436
-0.000236436
0.00528316
-0.000166826
-0.000429061
0.00334455
-0.000379361
-0.000194874
0.00506751
-0.000399255
0.000349287
0.00339775
-4.66938e-09
-5.94856e-05
0.00276989
0.000399252
-5.94528e-05
0.00276988
0.000379367
0.000349307
0.00339763
0.000166834
-0.000194868
0.00506749
0.000236439
-0.000429037
0.00334453
-0.000236434
0.00528316
-0.000429061
-0.000166827
0.00334454
-0.000485053
-0.000485037
0.00181854
-0.000495456
-4.46799e-05
0.00272097
-0.000270262
0.000414518
-0.00307821
-5.81256e-09
-4.75133e-05
-0.00443277
0.000270227
-4.71502e-05
-0.00443269
0.000495458
0.000414564
-0.00307823
0.000485023
-4.46495e-05
0.002721
0.000429033
-0.00048499
0.00181857
-0.000166828
0.00334452
-0.000194871
-0.000379367
0.00506751
-4.46931e-05
-0.000495484
0.00272092
0.000164781
0.000164771
0.00390944
3.82608e-05
0.000227658
-0.0011788
-1.35717e-07
-4.96187e-05
-0.00389464
-3.83482e-05
-4.94862e-05
-0.00389474
-0.00016477
0.000227706
-0.0011788
4.46744e-05
0.000164795
0.00390945
0.000194861
-0.0004955
0.00272092
-0.000379377
0.00506752
0.00034928
-0.000399265
0.00339777
0.000414488
-0.000270301
-0.00307826
0.000227639
3.82033e-05
-0.0011788
2.61583e-05
2.5938e-05
-0.00320971
1.90013e-09
-4.87001e-05
-0.0055622
-2.61337e-05
-4.87459e-05
-0.00556217
-0.000227605
2.59465e-05
-0.00320973
-0.000414471
3.82227e-05
-0.00117875
-0.000349278
-0.000270333
-0.00307832
-0.000399274
0.00339774
-5.95076e-05
-8.94243e-09
0.00276991
-4.76388e-05
-1.22334e-08
-0.00443283
-4.97209e-05
-1.95459e-07
-0.00389468
-4.86018e-05
3.84748e-08
-0.00556276
3.27436e-09
-2.89376e-08
-0.00610828
4.86008e-05
-3.33278e-08
-0.00610832
4.97005e-05
4.18767e-08
-0.00556276
4.76327e-05
-1.73638e-07
-0.0038947
5.95201e-05
-1.12903e-08
-0.00443288
-9.19113e-09
0.00276992
-5.94604e-05
0.000399258
0.00276989
-4.70922e-05
0.000270238
-0.00443271
-4.94768e-05
-3.83567e-05
-0.0038948
-4.87275e-05
-2.61259e-05
-0.00556224
-1.99581e-09
4.86012e-05
-0.00610842
4.87213e-05
4.86408e-05
-0.00610849
4.94804e-05
-2.61327e-05
-0.00556224
4.71478e-05
-3.83609e-05
-0.00389482
5.94812e-05
0.00027028
-0.00443278
0.000399266
0.0027699
0.000349305
0.000379373
0.00339761
0.00041456
0.000495478
-0.00307826
0.000227692
-0.000164759
-0.00117878
2.59273e-05
-0.000227611
-0.00320974
6.07413e-09
4.97078e-05
-0.00556281
-2.59004e-05
4.95963e-05
-0.00556279
-0.000227647
-0.000227653
-0.00320977
-0.000414536
-0.000164768
-0.00117874
-0.000349296
0.0004955
-0.00307829
0.000379374
0.00339761
-0.000194865
0.000166834
0.00506749
-4.46421e-05
0.000485026
0.00272096
0.000164801
4.46714e-05
0.00390944
3.82388e-05
-0.000414478
-0.00117877
-1.14892e-07
4.75512e-05
-0.0038947
-3.8312e-05
4.72448e-05
-0.00389479
-0.000164774
-0.000414522
-0.00117877
4.46569e-05
4.46697e-05
0.00390948
0.000194862
0.000485043
0.00272092
0.000166822
0.00506748
-0.000429038
0.00023644
0.00334452
-0.000484992
0.000429035
0.00181857
-0.000495491
0.000194858
0.00272093
-0.000270316
-0.000349286
-0.00307832
-6.40032e-09
5.95004e-05
-0.00443284
0.000270287
5.94746e-05
-0.00443278
0.000495495
-0.0003493
-0.00307829
0.000485029
0.00019486
0.00272093
0.000429053
0.000429054
0.00181856
0.000236437
0.00334452
-0.000236433
0.00528316
-0.000166824
0.00334451
-0.000379374
0.00506751
-0.000399269
0.00339771
-5.39272e-09
0.00276989
0.000399265
0.00276988
0.000379371
0.00339762
0.000166818
0.00506749
0.000236435
0.00334451
0.00528315
-0.000218735
-0.000218736
0.00572063
-4.21172e-05
-0.000733116
0.00390104
-0.000293977
-0.000100144
0.00541951
-0.000339652
0.000802879
0.00264055
-3.48816e-09
0.000365983
0.00206426
0.000339647
0.000366101
0.00206413
0.000293978
0.000802885
0.00264042
4.21231e-05
-0.000100144
0.00541949
0.000218736
-0.000733107
0.00390102
-0.000218732
0.00572063
-0.000733116
-4.21176e-05
0.00390104
-0.000826319
-0.00082631
0.00200493
-0.000584435
3.30463e-05
0.0023459
-0.000383151
0.000668988
-0.0031456
4.80887e-09
0.00010985
-0.00455979
0.000383166
0.000109983
-0.00455974
0.000584465
0.000669003
-0.00314565
0.000826315
3.30666e-05
0.00234594
0.000733108
-0.000826287
0.00200495
-4.21143e-05
0.00390101
-0.000100141
-0.000293984
0.00541952
3.30277e-05
-0.000584442
0.00234588
0.000209371
0.000209357
0.00355679
2.77685e-05
0.000365273
-0.000693484
6.24815e-09
7.18382e-05
-0.00382887
-2.77465e-05
7.18693e-05
-0.00382887
-0.000209362
0.000365306
-0.000693488
-3.30296e-05
0.00020938
0.0035568
0.000100136
-0.000584449
0.00234591
-0.000293988
0.00541952
0.00080287
-0.000339663
0.00264058
0.000668952
-0.00038316
-0.00314562
0.000365255
2.76875e-05
-0.00069343
8.26538e-05
8.24202e-05
-0.00264426
9.79727e-09
1.2627e-05
-0.00542034
-8.26239e-05
1.25917e-05
-0.00542026
-0.000365223
8.24272e-05
-0.00264426
-0.000668928
2.77063e-05
-0.000693373
-0.000802864
-0.00038316
-0.00314567
-0.000339668
0.00264055
0.00036593
-6.8614e-09
0.00206433
0.000109789
4.46543e-09
-0.00455985
7.16387e-05
3.57405e-08
-0.00382887
1.0943e-05
2.40513e-07
-0.00541989
-8.32448e-09
-3.23599e-08
-0.00608467
-1.09472e-05
-4.10778e-08
-0.00608475
-7.16718e-05
2.44978e-07
-0.00541985
-0.000109801
3.9555e-08
-0.0038289
-0.000365923
9.26254e-09
-0.00455993
-7.0174e-09
0.00206433
0.000366107
0.000339653
0.00206412
0.000109987
0.000383177
-0.00455977
7.18512e-05
-2.77262e-05
-0.0038289
1.26317e-05
-8.26091e-05
-0.00542017
-1.69311e-08
-1.09981e-05
-0.00608481
-1.26452e-05
-1.09815e-05
-0.00608492
-7.18711e-05
-8.26147e-05
-0.00542016
-0.000109975
-2.7746e-05
-0.00382893
-0.00036608
0.000383184
-0.00455985
0.000339656
0.00206416
0.000802871
0.000293983
0.0026404
0.000668977
0.000584486
-0.00314567
0.000365279
-0.000209355
-0.000693455
8.24002e-05
-0.000365236
-0.00264424
1.39657e-08
-7.16337e-05
-0.00541979
-8.23684e-05
-7.16573e-05
-0.00541974
-0.000365239
-0.000365265
-0.00264425
-0.000668948
-0.00020937
-0.00069341
-0.000802857
0.000584498
-0.00314569
0.00029398
0.00264043
-0.000100144
4.21242e-05
0.00541949
3.30629e-05
0.00082632
0.00234592
0.000209379
-3.3033e-05
0.00355681
2.7685e-05
-0.000668937
-0.000693372
8.42055e-09
-0.000109828
-0.00382883
-2.76647e-05
-0.000109941
-0.00382883
-0.000209363
-0.000668953
-0.000693389
-3.30484e-05
-3.30412e-05
0.00355684
0.000100145
0.000826328
0.00234589
4.21128e-05
0.00541949
-0.000733107
0.000218737
0.00390102
-0.000826289
0.000733112
0.00200496
-0.000584452
0.000100134
0.00234593
-0.000383167
-0.000802873
-0.00314567
6.76273e-09
-0.000365972
-0.00455987
0.000383185
-0.000366072
-0.00455983
0.000584487
-0.000802872
-0.00314568
0.000826318
0.000100141
0.00234592
0.00073312
0.000733123
0.00200496
0.000218736
0.00390101
-0.000218731
0.00572062
-4.21099e-05
0.00390101
-0.000293982
0.00541952
-0.000339661
0.00264051
-4.41737e-09
0.00206426
0.000339653
0.00206415
0.000293976
0.00264043
4.21081e-05
0.00541949
0.000218734
0.00390101
0.00572062
-0.000177507
-0.000177507
0.00607564
4.02564e-06
-0.000537587
0.0042571
-0.00035873
7.04219e-05
0.00571185
-0.000412926
0.00141715
0.00127759
-1.36565e-08
0.000882629
0.00076872
0.000412932
0.00088275
0.000768431
0.000358735
0.00141715
0.00127747
-4.02152e-06
7.04222e-05
0.00571183
0.00017751
-0.000537599
0.00425709
-0.000177505
0.00607564
-0.00053759
4.02611e-06
0.0042571
-0.000523375
-0.000523364
0.0019765
-0.000739422
0.000140895
0.00249147
-0.000496445
0.000920125
-0.00289155
-1.0954e-08
0.000227269
-0.00440086
0.000496472
0.000227361
-0.00440083
0.000739473
0.000920077
-0.00289158
0.000523421
0.000140898
0.00249152
0.000537618
-0.000523373
0.00197653
4.03399e-06
0.00425709
7.04236e-05
-0.000358737
0.00571186
0.000140898
-0.000739417
0.00249146
0.000184431
0.000184424
0.00346973
8.32912e-06
0.000445869
-4.3126e-05
8.5004e-08
0.000182053
-0.00377541
-8.23251e-06
0.000182037
-0.00377523
-0.00018443
0.000445854
-4.30677e-05
-0.00014091
0.000184435
0.00346974
-7.04243e-05
-0.000739424
0.00249148
-0.000358735
0.00571187
0.00141714
-0.000412942
0.00127764
0.000920105
-0.00049644
-0.00289157
0.000445863
8.3363e-06
-4.31002e-05
0.000108378
0.000108308
-0.00196921
1.48774e-08
4.59302e-05
-0.00517585
-0.000108355
4.59347e-05
-0.00517579
-0.000445847
0.000108308
-0.00196922
-0.000920077
8.34854e-06
-4.30569e-05
-0.00141713
-0.000496434
-0.00289161
-0.000412943
0.00127764
0.00088258
-2.29496e-08
0.000768828
0.000227219
-1.9084e-08
-0.00440091
0.000182018
1.34418e-07
-0.00377547
4.60504e-05
8.72778e-08
-0.0051757
-1.63159e-08
-5.96617e-08
-0.00599262
-4.60654e-05
-6.96315e-08
-0.0059927
-0.000182038
8.90301e-08
-0.00517566
-0.000227236
1.26864e-07
-0.00377548
-0.000882583
-1.2674e-08
-0.004401
-2.24528e-08
0.000768829
0.000882767
0.000412949
0.000768386
0.000227367
0.000496476
-0.00440086
0.000182022
-8.20903e-06
-0.00377522
4.59813e-05
-0.000108342
-0.0051757
-2.30118e-08
-4.6098e-05
-0.00599277
-4.6003e-05
-4.61093e-05
-0.0059929
-0.000182042
-0.000108341
-0.00517569
-0.00022737
-8.23249e-06
-0.00377525
-0.000882754
0.000496473
-0.00440095
0.000412944
0.000768436
0.00141712
0.000358743
0.00127749
0.000920027
0.000739494
-0.00289159
0.000445817
-0.000184428
-4.3026e-05
0.000108289
-0.000445859
-0.00196919
1.74805e-08
-0.000182005
-0.00517561
-0.000108263
-0.000181991
-0.00517557
-0.000445797
-0.000445844
-0.00196921
-0.000920001
-0.000184435
-4.30041e-05
-0.0014171
0.000739502
-0.00289162
0.000358735
0.00127754
7.0422e-05
-4.02131e-06
0.00571183
0.000140895
0.00052343
0.00249151
0.000184432
-0.000140915
0.00346976
8.30731e-06
-0.000920083
-4.30231e-05
7.64217e-08
-0.000227259
-0.00377534
-8.22189e-06
-0.00022734
-0.00377518
-0.000184425
-0.000920042
-4.29877e-05
-0.000140897
-0.000140908
0.00346978
-7.04192e-05
0.00052344
0.00249148
-4.0346e-06
0.00571184
-0.000537602
0.000177511
0.00425709
-0.000523379
0.000537625
0.00197654
-0.000739434
-7.04267e-05
0.0024915
-0.000496451
-0.00141714
-0.0028916
-7.21143e-09
-0.000882632
-0.00440094
0.000496479
-0.000882739
-0.00440091
0.000739489
-0.00141713
-0.0028916
0.000523428
-7.04236e-05
0.00249149
0.00053763
0.000537635
0.00197657
0.000177509
0.0042571
-0.000177503
0.00607564
4.03788e-06
0.00425709
-0.000358728
0.00571186
-0.000412933
0.00127758
-1.40679e-08
0.00076871
0.000412934
0.00076846
0.000358728
0.0012775
-4.03865e-06
0.00571184
0.000177507
0.0042571
0.00607564
-0.000187138
-0.000187137
0.00644992
-6.38291e-05
-0.000172567
0.00430636
-0.000565383
0.000289437
0.00592396
-0.000613824
0.00132945
-3.41468e-06
-6.52527e-09
0.000767557
-0.000612653
0.000613874
0.000767565
-0.000613015
0.000565412
0.00132938
-3.45209e-06
6.38344e-05
0.000289437
0.00592397
0.000187141
-0.000172575
0.00430635
-0.000187134
0.00644992
-0.00017257
-6.38269e-05
0.00430636
-4.98606e-05
-4.98484e-05
0.00173107
-0.000735495
0.000349062
0.00311749
-0.000457385
0.000660498
-0.00250071
-1.36002e-08
0.000116631
-0.00420731
0.000457426
0.000116622
-0.00420733
0.000735566
0.00066044
-0.00250077
4.99111e-05
0.000349059
0.00311755
0.000172591
-4.98573e-05
0.00173113
-6.38188e-05
0.00430636
0.000289438
-0.000565388
0.00592398
0.000349062
-0.000735478
0.00311746
0.000287448
0.000287446
0.00359296
5.83302e-05
0.000312702
0.000533788
6.09452e-08
0.000161349
-0.00376186
-5.82695e-05
0.000161356
-0.00376163
-0.000287449
0.000312682
0.00053387
-0.000349066
0.00028745
0.00359297
-0.000289434
-0.000735488
0.00311748
-0.000565391
0.00592401
0.00132944
-0.000613818
-3.36735e-06
0.000660487
-0.000457367
-0.00250073
0.000312703
5.83396e-05
0.000533791
0.000116461
0.000116431
-0.0015767
1.01749e-08
6.20548e-05
-0.00496011
-0.000116452
6.20971e-05
-0.00496007
-0.0003127
0.000116423
-0.00157671
-0.000660468
5.83441e-05
0.000533817
-0.00132942
-0.000457346
-0.0025008
-0.000613828
-3.34977e-06
0.000767537
-7.54831e-09
-0.00061252
0.000116634
-2.61247e-08
-0.00420735
0.000161341
9.46193e-08
-0.00376193
6.20857e-05
3.21278e-08
-0.00496005
-8.09724e-09
-3.4629e-08
-0.00586843
-6.20995e-05
-3.57053e-08
-0.00586847
-0.000161351
3.28701e-08
-0.00496002
-0.000116656
8.80431e-08
-0.00376192
-0.000767548
-2.29523e-08
-0.00420743
-2.52271e-09
-0.000612544
0.000767557
0.000613897
-0.000613076
0.000116623
0.000457423
-0.00420738
0.00016136
-5.82605e-05
-0.0037616
6.21439e-05
-0.000116444
-0.00496001
-8.98997e-09
-6.21406e-05
-0.00586851
-6.21639e-05
-6.2189e-05
-0.00586859
-0.000161377
-0.000116437
-0.00496
-0.000116651
-5.82738e-05
-0.00376161
-0.000767568
0.0004574
-0.00420746
0.00061391
-0.000613044
0.00132933
0.000565433
-3.37974e-06
0.000660389
0.000735585
-0.00250081
0.000312658
-0.000287453
0.000533897
0.000116419
-0.00031271
-0.00157669
1.14245e-08
-0.000161347
-0.00496
-0.00011641
-0.000161361
-0.00495998
-0.000312656
-0.000312692
-0.00157671
-0.000660373
-0.000287455
0.000533893
-0.00132932
0.000735594
-0.00250087
0.000565437
-3.30898e-06
0.000289435
6.38329e-05
0.005924
0.000349052
4.9921e-05
0.00311755
0.000287444
-0.000349072
0.00359298
5.83135e-05
-0.000660476
0.000533874
5.44991e-08
-0.000116643
-0.00376179
-5.82602e-05
-0.00011664
-0.00376159
-0.00028744
-0.000660424
0.000533924
-0.000349049
-0.000349063
0.003593
-0.000289431
4.99226e-05
0.00311753
6.38205e-05
0.00592403
-0.000172578
0.000187142
0.00430635
-4.98665e-05
0.000172596
0.00173115
-0.000735508
-0.000289436
0.0031175
-0.000457375
-0.00132943
-0.00250077
-1.1519e-08
-0.000767567
-0.00420738
0.000457413
-0.000767576
-0.0042074
0.000735579
-0.00132937
-0.00250082
4.99117e-05
-0.000289435
0.00311753
0.000172595
0.000172598
0.00173121
0.000187139
0.00430637
-0.000187134
0.00644991
-6.38178e-05
0.00430637
-0.000565387
0.00592399
-0.000613842
-3.39522e-06
-2.76175e-09
-0.000612697
0.000613892
-0.000613011
0.000565415
-3.39086e-06
6.38194e-05
0.005924
0.000187137
0.00430638
0.00644991
-0.000202199
-0.000202198
0.00685431
-7.25515e-05
-0.000170857
0.00434757
-0.000572248
0.000424487
0.00599917
-0.000523293
0.000755042
-0.000807412
-1.96633e-08
0.000383047
-0.00151897
0.000523427
0.000382938
-0.0015194
0.000572394
0.000754987
-0.000807406
7.25588e-05
0.000424495
0.00599931
0.000202203
-0.000170857
0.00434757
-0.000202195
0.00685431
-0.000170859
-7.2548e-05
0.00434757
-0.000179734
-0.000179731
0.00174881
-0.000691929
0.000465704
0.00358846
-0.00034985
0.000263724
-0.00235147
9.12549e-09
-1.45317e-06
-0.00417267
0.000349892
-1.52451e-06
-0.00417275
0.00069197
0.000263671
-0.00235154
0.000179735
0.000465707
0.00358857
0.000170863
-0.000179724
0.00174887
-7.25465e-05
0.00434758
0.000424477
-0.000572204
0.00599916
0.000465694
-0.000691911
0.00358843
0.000366918
0.000366922
0.00379051
0.000134067
0.000197262
0.0008331
6.73971e-09
0.00011289
-0.00374214
-0.000134051
0.000112906
-0.00374201
-0.000366917
0.000197241
0.000833166
-0.000465691
0.000366924
0.00379053
-0.00042447
-0.00069191
0.00358844
-0.000572213
0.0059992
0.00075506
-0.000523266
-0.000807365
0.000263725
-0.00034982
-0.00235148
0.000197267
0.000134071
0.0008331
0.000131085
0.000131064
-0.00144432
2.70685e-09
7.18713e-05
-0.00478801
-0.000131086
7.1919e-05
-0.00478799
-0.000197262
0.000131052
-0.00144435
-0.000263724
0.000134071
0.000833131
-0.000755088
-0.000349791
-0.00235156
-0.0005233
-0.000807351
0.000383116
-3.25337e-08
-0.00151887
-1.40358e-06
8.71171e-09
-0.00417266
0.000112887
1.10452e-08
-0.00374216
7.18727e-05
5.20053e-09
-0.00478797
2.97599e-09
-4.67401e-10
-0.00572469
-7.18785e-05
5.68908e-09
-0.00572468
-0.000112884
5.25952e-09
-0.00478797
1.36939e-06
9.40095e-09
-0.00374211
-0.000383169
1.72737e-09
-0.00417269
-2.26459e-08
-0.00151899
0.000382949
0.000523483
-0.00151954
-1.51353e-06
0.000349879
-0.00417278
0.000112917
-0.000134054
-0.00374196
7.1954e-05
-0.000131081
-0.00478796
9.689e-09
-7.1911e-05
-0.00572465
-7.19618e-05
-7.19603e-05
-0.00572465
-0.000112924
-0.000131071
-0.00478797
1.45958e-06
-0.000134059
-0.00374193
-0.000383031
0.000349837
-0.00417281
0.00052352
-0.00151962
0.000754969
0.000572437
-0.000807303
0.000263637
0.000691976
-0.00235158
0.000197228
-0.000366928
0.000833181
0.000131058
-0.000197268
-0.00144433
2.82273e-09
-0.000112897
-0.00478796
-0.000131062
-0.000112922
-0.00478796
-0.000197229
-0.000197252
-0.00144436
-0.000263641
-0.000366929
0.000833176
-0.000755007
0.000691973
-0.00235164
0.000572435
-0.000807232
0.000424485
7.25563e-05
0.0059994
0.00046569
0.000179736
0.00358859
0.000366912
-0.000465706
0.00379054
0.000134058
-0.000263726
0.000833186
6.52487e-09
1.41627e-06
-0.00374205
-0.000134045
1.47088e-06
-0.00374193
-0.000366908
-0.000263681
0.000833217
-0.000465681
-0.000465704
0.00379055
-0.000424476
0.000179727
0.00358857
7.25509e-05
0.00599944
-0.000170858
0.000202202
0.00434757
-0.000179725
0.000170863
0.00174889
-0.000691931
-0.000424483
0.00358848
-0.000349825
-0.000755076
-0.00235153
4.52454e-09
-0.000383107
-0.00417269
0.000349859
-0.000383023
-0.00417276
0.000691971
-0.000755031
-0.00235158
0.000179723
-0.000424489
0.00358856
0.000170859
0.000170859
0.00174894
0.000202199
0.00434758
-0.000202197
0.00685431
-7.255e-05
0.00434759
-0.000572262
0.00599922
-0.000523334
-0.000807399
-1.328e-08
-0.00151912
0.000523465
-0.00151951
0.000572395
-0.000807352
7.25541e-05
0.00599935
0.0002022
0.00434759
0.00685431
-0.000208388
-0.000208388
0.00727109
-4.93116e-05
-0.000356512
0.004545
-0.00047506
0.000480733
0.00594419
-0.000455016
0.000512007
-0.00133946
-3.42872e-08
0.000211337
-0.00218529
0.000454965
0.000211197
-0.0021856
0.000475079
0.000511984
-0.0013395
4.93099e-05
0.00048072
0.00594436
0.000208389
-0.000356506
0.00454499
-0.000208388
0.00727109
-0.00035651
-4.93135e-05
0.004545
-0.00055819
-0.000558198
0.00215218
-0.000681618
0.00043436
0.00375827
-0.000225262
-5.64839e-06
-0.00229017
3.90667e-08
-8.21857e-05
-0.00410445
0.00022526
-8.22598e-05
-0.00410451
0.00068158
-5.71943e-06
-0.00229015
0.000558154
0.000434351
0.00375837
0.000356496
-0.000558182
0.00215221
-4.93198e-05
0.004545
0.000480727
-0.000475035
0.00594415
0.000434349
-0.000681621
0.00375823
0.000355691
0.000355701
0.00394783
0.000197753
0.000121876
0.000863513
-7.28119e-09
7.70922e-05
-0.00370366
-0.000197741
7.71024e-05
-0.00370363
-0.000355683
0.000121854
0.000863535
-0.000434348
0.000355703
0.00394784
-0.000480725
-0.000681596
0.00375823
-0.000475022
0.00594418
0.000512063
-0.000455017
-0.00133945
-5.62767e-06
-0.000225256
-0.00229015
0.000121886
0.000197753
0.000863534
0.000147413
0.000147396
-0.00149537
-4.46726e-10
7.51596e-05
-0.00463866
-0.000147413
7.51847e-05
-0.00463866
-0.000121878
0.000147379
-0.00149541
5.62696e-06
0.000197748
0.000863582
-0.000512121
-0.000225244
-0.00229016
-0.000455004
-0.00133949
0.000211447
-5.81705e-08
-0.00218528
-8.21333e-05
5.67533e-08
-0.00410439
7.70929e-05
-1.03588e-08
-0.00370362
7.51588e-05
-3.7885e-09
-0.00463864
9.18215e-09
1.71485e-08
-0.0055744
-7.51569e-05
2.52573e-08
-0.00557435
-7.70866e-05
-3.93224e-09
-0.00463866
8.21168e-05
-1.11971e-08
-0.00370356
-0.000211514
4.75453e-08
-0.00410435
-6.39886e-08
-0.00218544
0.000211227
0.000454938
-0.00218576
-8.22493e-05
0.000225247
-0.0041045
7.71146e-05
-0.000197741
-0.0037036
7.5203e-05
-0.000147407
-0.00463865
1.73346e-08
-7.51727e-05
-0.00557428
-7.52013e-05
-7.51978e-05
-0.00557421
-7.71176e-05
-0.000147394
-0.00463866
8.22145e-05
-0.000197741
-0.00370353
-0.000211329
0.00022523
-0.00410444
0.000454925
-0.00218594
0.000512042
0.000475068
-0.00133948
-5.72585e-06
0.000681564
-0.00229013
0.000121852
-0.000355695
0.000863558
0.000147388
-0.000121874
-0.0014954
-8.90358e-10
-7.70998e-05
-0.00463864
-0.000147392
-7.7118e-05
-0.00463864
-0.000121854
-0.000121859
-0.00149543
5.69177e-06
-0.000355697
0.000863587
-0.000512144
0.000681546
-0.00229012
0.000475054
-0.0013395
0.0004807
4.9307e-05
0.00594446
0.000434323
0.000558148
0.00375838
0.000355685
-0.000434367
0.00394785
0.000197746
5.64145e-06
0.000863609
-5.24914e-09
8.21662e-05
-0.00370356
-0.000197736
8.22256e-05
-0.00370354
-0.000355674
5.68709e-06
0.000863609
-0.000434318
-0.000434355
0.00394785
-0.000480696
0.000558135
0.00375836
4.93119e-05
0.00594448
-0.000356505
0.000208387
0.00454499
-0.000558173
0.000356492
0.00215222
-0.000681594
-0.000480736
0.00375827
-0.000225249
-0.000512073
-0.00229016
3.26005e-08
-0.000211403
-0.0041044
0.000225246
-0.000211292
-0.00410446
0.000681563
-0.00051208
-0.00229013
0.000558138
-0.000480723
0.00375836
0.00035649
0.000356486
0.00215224
0.000208387
0.004545
-0.000208391
0.00727109
-4.9322e-05
0.00454501
-0.000475052
0.00594421
-0.000455001
-0.00133952
-3.77947e-08
-0.00218549
0.00045495
-0.00218579
0.000475068
-0.00133955
4.93189e-05
0.00594438
0.000208391
0.00454501
0.00727109
-0.000194896
-0.000194898
0.00766088
-1.34556e-05
-0.000493384
0.00485695
-0.000371433
0.000504301
0.00579786
-0.000357777
0.000333641
-0.00168676
3.59854e-08
0.000104275
-0.00264738
0.000357511
0.000104254
-0.00264733
0.000371169
0.000333518
-0.00168668
1.3443e-05
0.000504231
0.00579785
0.000194892
-0.000493385
0.00485693
-0.000194902
0.00766088
-0.000493381
-1.34618e-05
0.00485695
-0.000782906
-0.000782915
0.00273124
-0.000625409
0.00034532
0.00375975
-0.000149095
-0.000189906
-0.00224294
3.6624e-08
-0.000147105
-0.0040022
0.000149082
-0.000147132
-0.00400217
0.000625353
-0.000189986
-0.00224292
0.000782873
0.000345278
0.0037598
0.000493367
-0.000782906
0.00273123
-1.34686e-05
0.00485694
0.000504315
-0.000371481
0.00579786
0.00034532
-0.00062542
0.00375973
0.000299942
0.00029995
0.00403858
0.000236748
8.06791e-05
0.000656122
-1.66312e-09
4.57268e-05
-0.00365974
-0.000236737
4.57265e-05
-0.00365976
-0.00029994
8.06671e-05
0.000656085
-0.000345327
0.000299949
0.00403856
-0.000504313
-0.000625394
0.00375971
-0.000371429
0.00579783
0.000333675
-0.000357798
-0.0016868
-0.000189887
-0.000149109
-0.0022429
8.0691e-05
0.000236742
0.000656165
0.000155693
0.000155678
-0.00164537
-1.47905e-09
7.83062e-05
-0.00451555
-0.000155692
7.83148e-05
-0.00451556
-8.06847e-05
0.000155665
-0.00164541
0.000189909
0.000236733
0.000656204
-0.000333644
-0.000149115
-0.00224289
-0.000357728
-0.00168684
0.00010432
4.62539e-08
-0.00264744
-0.000147086
5.46126e-08
-0.00400215
4.57333e-05
-3.65922e-09
-0.0036597
7.83094e-05
-5.86324e-09
-0.00451553
6.19279e-09
9.82624e-09
-0.0054178
-7.83094e-05
1.42337e-08
-0.00541774
-4.57298e-05
-5.58011e-09
-0.00451557
0.000147106
-3.58951e-09
-0.00365966
-0.000104337
5.12066e-08
-0.00400207
1.02884e-08
-0.00264752
0.00010429
0.000357367
-0.00264737
-0.000147125
0.000149085
-0.00400211
4.57368e-05
-0.00023673
-0.00365973
7.83278e-05
-0.000155689
-0.00451555
1.0631e-08
-7.83178e-05
-0.00541763
-7.83297e-05
-7.83281e-05
-0.00541753
-4.57393e-05
-0.000155677
-0.00451558
0.000147141
-0.000236725
-0.00365969
-0.000104307
0.000149094
-0.00400204
0.000357301
-0.00264753
0.000333507
0.000371062
-0.00168668
-0.000189996
0.000625335
-0.00224288
8.06754e-05
-0.000299955
0.000656111
0.000155673
-8.06776e-05
-0.00164541
-1.51396e-09
-4.57356e-05
-0.00451555
-0.000155676
-4.57402e-05
-0.00451556
-8.06778e-05
-8.06708e-05
-0.00164544
0.000189981
-0.000299954
0.000656156
-0.000333533
0.000625321
-0.00224283
0.000371045
-0.00168678
0.000504198
1.34396e-05
0.00579788
0.000345243
0.000782866
0.0037598
0.00029993
-0.000345339
0.00403855
0.00023674
0.000189926
0.000656195
4.23341e-10
0.000147129
-0.00365969
-0.000236729
0.000147154
-0.00365971
-0.000299926
0.00018998
0.000656156
-0.00034525
-0.000345297
0.00403851
-0.000504205
0.000782861
0.00375978
1.34484e-05
0.00579788
-0.000493386
0.000194889
0.00485693
-0.000782899
0.000493362
0.00273124
-0.000625381
-0.000504306
0.00375972
-0.000149097
-0.000333609
-0.00224291
3.43333e-08
-0.000104273
-0.00400213
0.000149088
-0.000104251
-0.0040021
0.000625335
-0.000333526
-0.00224287
0.000782868
-0.000504244
0.00375977
0.000493371
0.000493363
0.00273123
0.000194893
0.00485693
-0.000194903
0.00766088
-1.34685e-05
0.00485694
-0.000371387
0.00579783
-0.000357697
-0.00168682
1.1575e-08
-0.00264747
0.000357441
-0.00264747
0.000371151
-0.00168679
1.34564e-05
0.00579783
0.000194899
0.00485693
0.00766088
-0.000163447
-0.00016345
0.00798778
2.7927e-05
-0.000542426
0.005208
-0.000298308
0.000533073
0.00559103
-0.000293825
0.000186891
-0.00187813
9.48313e-08
-5.86146e-06
-0.00293544
0.000293835
-5.79809e-06
-0.00293527
0.000298209
0.000186608
-0.00187766
-2.7938e-05
0.000532999
0.005591
0.000163443
-0.000542435
0.00520799
-0.000163454
0.00798778
-0.000542422
2.79214e-05
0.005208
-0.00085359
-0.000853597
0.00335358
-0.000567172
0.000276733
0.00372967
-0.000119663
-0.000265099
-0.00223846
-1.00278e-08
-0.000204423
-0.00392329
0.000119636
-0.00020443
-0.00392318
0.000567141
-0.000265201
-0.00223862
0.00085357
0.000276688
0.00372968
0.000542411
-0.000853597
0.00335356
2.79174e-05
0.00520798
0.000533096
-0.000298347
0.00559103
0.000276741
-0.000567177
0.00372966
0.00025529
0.000255298
0.00408146
0.000256984
7.88109e-05
0.000310518
-4.84188e-09
3.0076e-05
-0.00363725
-0.000256987
3.00695e-05
-0.00363728
-0.000255298
7.88235e-05
0.000310372
-0.000276758
0.000255304
0.0040814
-0.0005331
-0.000567158
0.00372961
-0.000298371
0.00559102
0.000186906
-0.000293815
-0.00187824
-0.000265091
-0.000119681
-0.0022384
7.88155e-05
0.000256976
0.000310582
0.000159116
0.000159105
-0.00180596
-4.64626e-09
8.19306e-05
-0.00440828
-0.000159122
8.19279e-05
-0.0044083
-7.88141e-05
0.000159103
-0.001806
0.000265142
0.000256978
0.000310574
-0.000186761
-0.000119683
-0.00223846
-0.000293845
-0.00187812
-5.89237e-06
1.36839e-07
-0.0029355
-0.000204427
-1.68656e-08
-0.00392328
3.00859e-05
-1.03281e-08
-0.00363723
8.19363e-05
-1.08348e-08
-0.00440827
7.90886e-09
1.44154e-08
-0.00525395
-8.19364e-05
1.84991e-08
-0.00525388
-3.00895e-05
-9.42593e-09
-0.0044083
0.000204476
-8.667e-09
-0.00363724
5.96425e-06
-7.29811e-09
-0.00392323
1.07357e-07
-0.00293551
-5.77922e-06
0.000293796
-0.00293525
-0.000204432
0.000119639
-0.00392312
3.00792e-05
-0.000256987
-0.00363727
8.19335e-05
-0.000159124
-0.00440829
1.20013e-08
-8.1937e-05
-0.00525376
-8.19341e-05
-8.19345e-05
-0.00525363
-3.00864e-05
-0.000159121
-0.00440831
0.000204485
-0.000256989
-0.00363728
5.88698e-06
0.00011965
-0.0039231
0.00029379
-0.00293533
0.0001865
0.000298172
-0.00187755
-0.000265234
0.000567132
-0.00223864
7.88351e-05
-0.000255315
0.00031037
0.000159112
-7.88137e-05
-0.001806
-3.50832e-09
-3.00915e-05
-0.00440828
-0.000159118
-3.00873e-05
-0.00440829
-7.88335e-05
-7.88243e-05
-0.00180602
0.000265248
-0.00025532
0.000310406
-0.000186432
0.00056712
-0.00223862
0.000298195
-0.00187762
0.000532975
-2.79391e-05
0.00559102
0.000276665
0.000853566
0.00372968
0.000255292
-0.000276761
0.00408137
0.00025699
0.000265154
0.000310529
-2.05455e-09
0.000204478
-0.00363727
-0.000256992
0.00020449
-0.00363729
-0.000255297
0.00026523
0.000310407
-0.000276682
-0.000276719
0.0040813
-0.000532991
0.000853569
0.00372964
-2.79317e-05
0.00559101
-0.000542438
0.000163441
0.00520799
-0.000853595
0.000542407
0.00335355
-0.000567146
-0.000533084
0.0037296
-0.00011966
-0.000186736
-0.00223851
-2.9959e-09
5.95357e-06
-0.00392326
0.000119639
5.92167e-06
-0.00392318
0.000567121
-0.000186507
-0.00223862
0.000853575
-0.00053302
0.00372962
0.000542426
0.000542416
0.00335353
0.000163445
0.00520798
-0.000163456
0.00798778
2.79178e-05
0.00520797
-0.000298331
0.00559099
-0.000293839
-0.00187805
7.3493e-08
-0.00293543
0.000293831
-0.00293531
0.000298237
-0.0018777
-2.7927e-05
0.00559097
0.000163451
0.00520796
0.00798778
-0.000117725
-0.000117727
0.00822323
8.0135e-05
-0.000516413
0.00552655
-0.000233176
0.000652954
0.00525138
-0.000250102
6.52896e-05
-0.0019265
6.53909e-08
-7.98195e-05
-0.00310579
0.000250566
-7.98682e-05
-0.0031059
0.000233478
6.51342e-05
-0.00192571
-8.01714e-05
0.000652881
0.00525177
0.00011772
-0.000516421
0.00552652
-0.00011773
0.00822323
-0.00051641
8.01277e-05
0.00552655
-0.000814614
-0.000814618
0.00394999
-0.000501498
0.0002643
0.00380521
-0.000121293
-0.000304685
-0.00224869
-3.91588e-08
-0.000244648
-0.00387971
0.00012125
-0.00024467
-0.00387967
0.000501499
-0.000304737
-0.002249
0.000814605
0.000264293
0.00380516
0.000516403
-0.00081462
0.00394996
8.01375e-05
0.00552651
0.000652969
-0.000233137
0.00525133
0.000264297
-0.0005015
0.00380522
0.000241391
0.000241399
0.00412727
0.000266036
7.95527e-05
-9.8365e-05
-1.18834e-08
2.28917e-05
-0.00363874
-0.000266063
2.28791e-05
-0.00363877
-0.000241404
7.95871e-05
-9.86115e-05
-0.000264298
0.000241422
0.00412717
-0.000652951
-0.000501492
0.00380513
-0.00023324
0.00525144
6.52761e-05
-0.000250024
-0.00192663
-0.00030469
-0.00012131
-0.00224863
7.95558e-05
0.000266024
-9.82902e-05
0.00016004
0.000160028
-0.00196692
-8.3784e-09
8.42579e-05
-0.0043096
-0.000160059
8.42458e-05
-0.00430962
-7.95744e-05
0.000160036
-0.00196693
0.000304732
0.000266034
-9.83438e-05
-6.51647e-05
-0.000121301
-0.00224875
-0.000250169
-0.00192636
-7.98315e-05
9.20146e-08
-0.00310578
-0.000244648
-5.93866e-08
-0.00387971
2.29039e-05
-2.08616e-08
-0.00363873
8.42671e-05
-1.72123e-08
-0.00430959
7.34834e-09
1.33559e-08
-0.00508545
-8.42667e-05
1.68845e-08
-0.00508538
-2.2915e-05
-1.51703e-08
-0.0043096
0.000244686
-1.77039e-08
-0.00363879
7.9924e-05
-4.7744e-08
-0.00387973
8.61821e-08
-0.00310584
-7.98954e-05
0.000250706
-0.00310597
-0.000244679
0.000121249
-0.00387964
2.28841e-05
-0.000266072
-0.00363878
8.42429e-05
-0.000160064
-0.00430961
1.08267e-08
-8.42599e-05
-0.00508526
-8.42407e-05
-8.42455e-05
-0.00508512
-2.2896e-05
-0.000160067
-0.00430961
0.000244719
-0.000266078
-0.00363884
7.99858e-05
0.000121253
-0.00387967
0.00025075
-0.00310601
6.50552e-05
0.000233581
-0.00192548
-0.000304761
0.000501505
-0.00224908
7.9604e-05
-0.000241417
-9.86496e-05
0.000160046
-7.95782e-05
-0.00196692
-6.47973e-09
-2.29114e-05
-0.00430958
-0.00016006
-2.28984e-05
-0.00430958
-7.96118e-05
-7.96023e-05
-0.00196693
0.000304784
-0.000241438
-9.86297e-05
-6.49773e-05
0.000501499
-0.00224911
0.000233614
-0.00192546
0.000652862
-8.01827e-05
0.00525192
0.000264292
0.000814603
0.00380515
0.00024143
-0.0002643
0.00412711
0.00026605
0.000304731
-9.84002e-05
-8.36638e-09
0.000244686
-0.00363881
-0.000266074
0.000244711
-0.00363884
-0.000241437
0.000304771
-9.86029e-05
-0.000264294
-0.000264296
0.00412701
-0.000652862
0.000814608
0.0038051
-8.01824e-05
0.00525195
-0.000516424
0.000117718
0.00552651
-0.000814618
0.0005164
0.00394995
-0.00050148
-0.000652942
0.0038051
-0.000121277
-6.51688e-05
-0.00224881
-3.00645e-08
7.99093e-05
-0.00387973
0.000121246
7.99585e-05
-0.0038797
0.000501483
-6.50367e-05
-0.00224905
0.00081461
-0.000652882
0.00380508
0.000516417
0.000516408
0.00394993
0.000117722
0.00552649
-0.000117732
0.00822323
8.01402e-05
0.0055265
-0.00023327
0.00525146
-0.000250236
-0.00192625
6.1754e-08
-0.00310582
0.00025063
-0.00310592
0.000233523
-0.00192563
-8.01703e-05
0.00525178
0.000117727
0.00552648
0.00822323
-8.61127e-05
-8.61154e-05
0.00839546
6.80062e-05
-0.00044875
0.00582118
-0.000229951
0.000834162
0.00471518
-0.000233611
-1.95121e-05
-0.00190333
-6.77403e-08
-0.000129921
-0.00320941
0.00023371
-0.000129958
-0.00320972
0.000230034
-1.91395e-05
-0.00190289
-6.80409e-05
0.000834129
0.00471572
8.61046e-05
-0.000448746
0.00582112
-8.61172e-05
0.00839545
-0.000448752
6.79996e-05
0.00582119
-0.000759557
-0.000759555
0.0045716
-0.000446737
0.000264412
0.00406214
-0.000123923
-0.000312205
-0.00227881
-3.39997e-08
-0.000266072
-0.00386745
0.000123894
-0.00026607
-0.00386749
0.000446772
-0.000312079
-0.00227893
0.000759566
0.000264435
0.00406206
0.00044875
-0.000759551
0.00457158
6.80098e-05
0.00582114
0.000834165
-0.000229939
0.0047151
0.000264402
-0.000446734
0.00406216
0.000241423
0.000241437
0.00417322
0.000264327
8.36768e-05
-0.000517151
-1.02067e-08
1.143e-05
-0.00365191
-0.000264338
1.14126e-05
-0.00365193
-0.000241414
8.37223e-05
-0.000517336
-0.000264382
0.00024148
0.00417309
-0.000834133
-0.00044674
0.00406207
-0.000229931
0.00471525
-1.95868e-05
-0.000233591
-0.00190339
-0.000312235
-0.000123935
-0.00227878
8.368e-05
0.000264323
-0.000517092
0.00015438
0.000154366
-0.00210831
-1.19921e-08
7.97944e-05
-0.00422357
-0.00015441
7.97708e-05
-0.00422358
-8.37139e-05
0.000154373
-0.00210828
0.000312211
0.000264337
-0.000517125
1.94677e-05
-0.000123921
-0.00227883
-0.0002336
-0.00190322
-0.000129923
-1.04733e-07
-0.00320935
-0.000266073
-5.07317e-08
-0.00386744
1.14417e-05
-1.84872e-08
-0.00365191
7.98093e-05
-2.34908e-08
-0.00422356
4.92123e-10
-3.51009e-09
-0.00492584
-7.981e-05
-4.40642e-09
-0.00492579
-1.14561e-05
-2.19465e-08
-0.00422356
0.000266078
-1.6479e-08
-0.00365197
0.000129958
-4.12729e-08
-0.00386748
-7.54605e-08
-0.00320941
-0.000129978
0.000233742
-0.00320984
-0.000266073
0.000123895
-0.00386749
1.1406e-05
-0.000264347
-0.00365193
7.97599e-05
-0.000154414
-0.00422357
-7.07053e-10
-7.97964e-05
-0.0049257
-7.97575e-05
-7.97693e-05
-0.00492559
-1.14144e-05
-0.000154414
-0.00422356
0.000266085
-0.000264361
-0.00365199
0.000130014
0.000123891
-0.00386753
0.000233755
-0.00320982
-1.90354e-05
0.000230069
-0.00190278
-0.000312044
0.00044679
-0.00227896
8.37414e-05
-0.000241417
-0.000517366
0.00015438
-8.37187e-05
-0.00210826
-1.04101e-08
-1.14411e-05
-0.00422354
-0.000154403
-1.14167e-05
-0.00422354
-8.37576e-05
-8.37489e-05
-0.00210824
0.000312054
-0.00024146
-0.000517342
1.90238e-05
0.000446789
-0.00227898
0.00023006
-0.00190274
0.000834134
-6.80526e-05
0.00471591
0.000264453
0.000759569
0.00406205
0.000241501
-0.000264381
0.00417303
0.000264346
0.000312186
-0.00051715
-7.96697e-09
0.000266077
-0.00365197
-0.000264356
0.000266081
-0.00365199
-0.000241488
0.000312084
-0.000517305
-0.000264437
-0.000264406
0.00417291
-0.000834123
0.000759563
0.00406201
-6.80527e-05
0.00471594
-0.000448745
8.61016e-05
0.0058211
-0.000759546
0.000448747
0.00457157
-0.00044673
-0.000834133
0.00406204
-0.000123903
1.94033e-05
-0.00227886
-2.67151e-08
0.000129951
-0.00386748
0.000123883
0.000129988
-0.00386752
0.000446763
1.91084e-05
-0.00227895
0.000759555
-0.000834113
0.00406199
0.000448745
0.000448744
0.00457156
8.61047e-05
0.00582108
-8.61182e-05
0.00839545
6.80114e-05
0.00582112
-0.000229946
0.00471528
-0.000233626
-0.00190317
-4.50394e-08
-0.00320945
0.000233729
-0.0032097
0.000230028
-0.00190282
-6.80393e-05
0.00471574
8.61106e-05
0.00582107
0.00839544
-0.000123085
-0.000123086
0.00864163
-0.000134776
-0.00034108
0.00617395
-0.000341758
0.000825365
0.0040968
-0.00024812
-5.56939e-05
-0.00194127
-1.8081e-07
-0.000150266
-0.00330708
0.00024764
-0.000150316
-0.00330723
0.000341625
-5.50924e-05
-0.00194178
0.000134909
0.000825537
0.00409689
0.000123076
-0.000341044
0.00617399
-0.000123084
0.00864161
-0.000341088
-0.000134752
0.00617394
-0.000724038
-0.000724031
0.0053375
-0.000415273
0.000216623
0.00436212
-0.000129062
-0.000300058
-0.00232066
-1.4362e-08
-0.00026667
-0.0038801
0.000129042
-0.00026672
-0.00388014
0.000415286
-0.00029975
-0.00232052
0.000724043
0.00021671
0.00436214
0.000341084
-0.000724004
0.0053375
-0.000134811
0.00617395
0.000825333
-0.000341778
0.00409679
0.000216606
-0.000415273
0.00436213
0.000210209
0.000210216
0.00418603
0.000242064
7.55125e-05
-0.000924575
-3.1782e-09
-6.24817e-06
-0.00367026
-0.000242081
-6.25552e-06
-0.00367031
-0.00021022
7.55327e-05
-0.000924481
-0.000216608
0.000210271
0.00418592
-0.000825386
-0.000415266
0.00436211
-0.000341734
0.00409679
-5.57983e-05
-0.000248195
-0.00194118
-0.000300114
-0.000129068
-0.00232067
7.55173e-05
0.000242063
-0.00092457
0.000140671
0.000140661
-0.00223861
-1.17888e-08
6.65271e-05
-0.00415566
-0.000140697
6.65063e-05
-0.00415565
-7.55459e-05
0.000140664
-0.00223856
0.000300012
0.000242087
-0.0009245
5.55716e-05
-0.000129053
-0.0023206
-0.000248052
-0.00194133
-0.000150255
-2.66428e-07
-0.00330702
-0.000266655
-2.22763e-08
-0.00388009
-6.23805e-06
-6.62363e-09
-0.00367025
6.65421e-05
-2.21945e-08
-0.00415566
-7.09194e-09
-1.85929e-08
-0.00479275
-6.65483e-05
-2.34515e-08
-0.00479272
6.2301e-06
-2.10524e-08
-0.00415565
0.000266649
-6.36502e-09
-0.00367029
0.000150234
-1.66209e-08
-0.00388011
-2.12178e-07
-0.00330701
-0.000150339
0.000247486
-0.00330725
-0.000266738
0.000129038
-0.00388015
-6.25736e-06
-0.000242092
-0.00367032
6.64976e-05
-0.000140702
-0.00415565
-1.19745e-08
-6.65382e-05
-0.00479267
-6.65018e-05
-6.65151e-05
-0.00479261
6.25389e-06
-0.000140701
-0.00415563
0.000266722
-0.000242114
-0.00367035
0.000150307
0.000129033
-0.00388016
0.00024748
-0.00330721
-5.49165e-05
0.000341575
-0.00194195
-0.000299662
0.000415296
-0.00232047
7.55418e-05
-0.000210221
-0.000924441
0.000140669
-7.55476e-05
-0.00223854
-1.06785e-08
6.23632e-06
-0.00415564
-0.00014069
6.24854e-06
-0.00415563
-7.55589e-05
-7.55581e-05
-0.00223852
0.00029965
-0.000210267
-0.000924398
5.48668e-05
0.000415289
-0.00232045
0.000341558
-0.00194195
0.000825605
0.000134942
0.00409693
0.000216756
0.000724045
0.00436216
0.000210303
-0.000216608
0.00418587
0.000242096
0.000299964
-0.000924455
-2.21771e-09
0.000266662
-0.0036703
-0.000242109
0.000266705
-0.00367034
-0.000210302
0.000299722
-0.000924392
-0.000216745
-0.000216684
0.00418577
-0.000825618
0.000724019
0.00436215
0.000134954
0.00409692
-0.00034103
0.000123073
0.006174
-0.000723989
0.000341082
0.00533749
-0.000415256
-0.000825409
0.00436211
-0.000129042
5.54811e-05
-0.00232059
-9.8102e-09
0.000150245
-0.0038801
0.00012903
0.000150285
-0.00388014
0.000415271
5.50084e-05
-0.00232048
0.000723998
-0.000825549
0.00436213
0.000341034
0.00034105
0.00533749
0.000123073
0.00617399
-0.000123084
0.00864161
-0.000134832
0.00617394
-0.000341717
0.00409676
-0.000247989
-0.00194142
-1.39245e-07
-0.00330705
0.000247613
-0.00330717
0.000341605
-0.0019418
0.00013493
0.00409686
0.000123076
0.00617397
0.00864159
-0.00022686
-0.000226856
0.00909535
-0.000395612
-0.000247506
0.00659021
-0.000440942
0.000498912
0.00364322
-0.000265018
-5.93254e-05
-0.00205787
-6.32684e-08
-0.000137169
-0.00343487
0.000264657
-0.000137134
-0.00343481
0.000440684
-5.92461e-05
-0.00205856
0.000395643
0.00049918
0.00364276
0.000226875
-0.000247464
0.00659022
-0.000226852
0.00909534
-0.000247515
-0.000395605
0.00659021
-0.000708557
-0.000708551
0.00625958
-0.000399443
-3.22577e-05
0.00458417
-0.000137224
-0.000256606
-0.0023856
-5.03759e-09
-0.000234932
-0.00391955
0.000137207
-0.000234913
-0.00391957
0.00039944
-0.000256563
-0.00238544
0.000708563
-3.20497e-05
0.00458424
0.000247517
-0.000708521
0.0062596
-0.000395614
0.00659023
0.000498871
-0.000440986
0.0036433
-3.22816e-05
-0.000399445
0.00458417
0.000126721
0.000126708
0.00386806
0.000193371
6.33719e-05
-0.0013112
-7.08454e-09
-1.71269e-05
-0.00369469
-0.000193413
-1.71304e-05
-0.00369469
-0.000126778
6.33534e-05
-0.00131103
3.22218e-05
0.00012674
0.00386813
-0.000498962
-0.000399436
0.00458421
-0.000440903
0.00364312
-5.93405e-05
-0.000265083
-0.00205774
-0.000256614
-0.000137227
-0.00238561
6.33809e-05
0.000193364
-0.00131122
0.000127525
0.000127521
-0.00236691
-6.50384e-09
5.09032e-05
-0.00409616
-0.000127538
5.08959e-05
-0.00409615
-6.33968e-05
0.000127522
-0.00236687
0.00025658
0.000193388
-0.00131112
5.92969e-05
-0.00013721
-0.00238554
-0.000264968
-0.00205797
-0.000137164
-8.83293e-08
-0.00343485
-0.000234927
-8.96008e-09
-0.00391954
-1.71214e-05
-1.09157e-08
-0.00369468
5.09118e-05
-1.19538e-08
-0.00409616
-6.84119e-09
-1.56334e-08
-0.00469091
-5.092e-05
-1.87803e-08
-0.00469089
1.71121e-05
-1.04091e-08
-0.00409615
0.000234889
-9.6528e-09
-0.00369467
0.000137117
-7.77369e-09
-0.00391954
-6.92757e-08
-0.00343479
-0.00013712
0.000264555
-0.00343478
-0.000234904
0.0001372
-0.00391958
-1.71316e-05
-0.000193425
-0.00369468
5.08942e-05
-0.000127543
-0.00409614
-9.98843e-09
-5.09177e-05
-0.00469087
-5.09011e-05
-5.0909e-05
-0.00469083
1.7125e-05
-0.000127541
-0.00409613
0.00023487
-0.000193438
-0.00369467
0.000137081
0.000137189
-0.00391957
0.000264538
-0.00343474
-5.92242e-05
0.000440602
-0.00205877
-0.000256551
0.000399443
-0.00238539
6.33528e-05
-0.000126787
-0.00131098
0.000127525
-6.33947e-05
-0.00236686
-5.00043e-09
1.71169e-05
-0.00409614
-0.000127535
1.71233e-05
-0.00409613
-6.33701e-05
-6.33774e-05
-0.00236684
0.000256537
-0.000126798
-0.00131094
5.92044e-05
0.000399436
-0.00238536
0.000440582
-0.00205879
0.000499283
0.000395652
0.0036426
-3.19488e-05
0.000708568
0.00458426
0.00012677
3.22137e-05
0.00386815
0.000193405
0.000256577
-0.00131106
-5.20979e-09
0.000234895
-0.00369466
-0.000193435
0.000234878
-0.00369466
-0.000126809
0.000256546
-0.00131094
3.19292e-05
3.20398e-05
0.00386819
-0.000499312
0.000708538
0.00458429
0.000395649
0.00364254
-0.000247443
0.000226881
0.00659021
-0.000708503
0.00024752
0.0062596
-0.000399429
-0.000498987
0.00458423
-0.000137205
5.92859e-05
-0.00238552
-3.77267e-09
0.000137122
-0.00391953
0.000137193
0.000137092
-0.00391955
0.000399428
5.92203e-05
-0.00238539
0.000708512
-0.000499208
0.00458429
0.000247451
0.00024748
0.00625961
0.000226874
0.00659022
-0.000226849
0.00909534
-0.000395612
0.00659023
-0.000440861
0.00364302
-0.00026491
-0.00205808
-4.93781e-08
-0.00343479
0.000264621
-0.00343475
0.00044065
-0.00205861
0.000395636
0.00364267
0.000226861
0.00659023
0.00909533
-0.000342682
-0.000342674
0.00978071
-0.000581744
-0.000226134
0.00705541
-0.000467013
-0.000181006
0.00370949
-0.000252053
-5.17513e-05
-0.00222108
1.20361e-07
-0.000114708
-0.00357233
0.000252249
-0.000114709
-0.00357223
0.00046691
-5.19747e-05
-0.00222125
0.000581596
-0.000180873
0.00370894
0.000342711
-0.000226131
0.00705524
-0.000342667
0.00978072
-0.000226135
-0.000581766
0.00705543
-0.00068754
-0.000687538
0.00718239
-0.000353517
-0.000497555
0.0045667
-0.00012897
-0.000198144
-0.00246375
-3.52467e-09
-0.000193867
-0.00396936
0.000128967
-0.000193872
-0.00396938
0.000353534
-0.00019828
-0.0024637
0.000687561
-0.000497435
0.00456678
0.000226151
-0.000687535
0.00718241
-0.000581699
0.00705541
-0.000181023
-0.000467032
0.00370959
-0.000497565
-0.000353517
0.0045667
3.95179e-05
3.95027e-05
0.00279392
0.000131845
5.85083e-05
-0.00166018
-7.42893e-09
-2.39606e-05
-0.00373275
-0.000131875
-2.39651e-05
-0.00373273
-3.95634e-05
5.84988e-05
-0.00166012
0.000497522
3.94961e-05
0.00279411
0.000180979
-0.000353523
0.00456674
-0.000466992
0.00370939
-5.17163e-05
-0.000252019
-0.00222104
-0.000198122
-0.000128969
-0.00246376
5.85103e-05
0.000131838
-0.00166019
0.000113769
0.000113768
-0.00247742
-3.01774e-09
3.97972e-05
-0.00404615
-0.000113772
3.97938e-05
-0.00404614
-5.85126e-05
0.000113771
-0.0024774
0.00019816
0.000131848
-0.00166015
5.17895e-05
-0.000128959
-0.00246374
-0.000252053
-0.00222112
-0.0001147
1.76676e-07
-0.00357235
-0.000193859
-6.59521e-09
-0.00396935
-2.39561e-05
-1.15571e-08
-0.00373274
3.98027e-05
-6.00226e-09
-0.00404615
-5.06485e-09
-1.18697e-08
-0.00461129
-3.98086e-05
-1.38763e-08
-0.00461128
2.39518e-05
-4.45761e-09
-0.00404614
0.000193845
-1.0553e-08
-0.00373271
0.000114683
-6.48755e-09
-0.00396933
1.43668e-07
-0.00357231
-0.000114706
0.000252309
-0.0035722
-0.00019387
0.000128962
-0.00396938
-2.39664e-05
-0.000131884
-0.00373271
3.97949e-05
-0.000113777
-0.00404613
-7.05992e-09
-3.98097e-05
-0.00461127
-3.98007e-05
-3.98062e-05
-0.00461125
2.39626e-05
-0.000113778
-0.00404612
0.000193854
-0.000131888
-0.00373268
0.000114689
0.000128952
-0.00396936
0.000252286
-0.00357219
-5.20388e-05
0.000466885
-0.00222131
-0.000198317
0.000353541
-0.00246369
5.84962e-05
-3.95742e-05
-0.00166011
0.000113773
-5.85177e-05
-0.0024774
-1.52657e-09
2.39531e-05
-0.00404613
-0.000113774
2.39583e-05
-0.00404612
-5.85e-05
-5.85092e-05
-0.00247739
0.000198315
-3.95577e-05
-0.00166009
5.20427e-05
0.000353543
-0.00246368
0.000466877
-0.00222134
-0.000180818
0.00058156
0.00370874
-0.000497375
0.000687573
0.00456679
3.95039e-05
0.000497516
0.00279418
0.000131861
0.00019818
-0.00166012
-6.05199e-09
0.000193852
-0.0037327
-0.000131884
0.000193855
-0.00373268
-3.95409e-05
0.000198282
-0.00166008
0.000497351
0.000497409
0.00279433
0.000180792
0.000687563
0.00456683
0.000581545
0.00370867
-0.000226121
0.000342724
0.00705517
-0.000687525
0.000226159
0.00718242
-0.000353523
0.000180975
0.00456677
-0.00012896
5.18219e-05
-0.00246372
-3.17238e-09
0.000114691
-0.00396932
0.000128957
0.000114691
-0.00396935
0.000353537
5.1988e-05
-0.00246368
0.000687541
0.00018085
0.00456685
0.000226131
0.000226151
0.00718243
0.000342711
0.00705518
-0.000342662
0.00978072
-0.000581667
0.00705539
-0.000466973
0.0037093
-0.000252083
-0.00222115
9.2628e-08
-0.00357228
0.000252231
-0.0035722
0.000466896
-0.00222129
0.000581564
0.00370885
0.000342687
0.00705526
0.00978073
-0.000420168
-0.000420165
0.010621
-0.000652959
-0.000287585
0.00757578
-0.000449042
-0.000629764
0.00413534
-0.000220241
-4.38243e-05
-0.00240606
4.64248e-08
-9.74348e-05
-0.00369519
0.000220469
-9.74499e-05
-0.00369521
0.000449121
-4.39476e-05
-0.00240596
0.000652857
-0.000629934
0.00413514
0.000420173
-0.000287615
0.00757554
-0.000420154
0.010621
-0.00028758
-0.000652975
0.00757582
-0.000663979
-0.000663983
0.00793519
-0.000280554
-0.000731431
0.00428494
-0.000105788
-0.000138286
-0.00254406
2.81143e-10
-0.000158616
-0.00401397
0.000105795
-0.000158632
-0.00401399
0.000280573
-0.00013835
-0.00254408
0.000663997
-0.000731494
0.00428491
0.000287599
-0.000664003
0.0079352
-0.000652926
0.00757578
-0.000629736
-0.000449029
0.00413538
-0.000731419
-0.000280554
0.00428495
-2.60713e-05
-2.60766e-05
0.00138322
7.63018e-05
6.0142e-05
-0.00196098
-4.44387e-09
-2.78785e-05
-0.00378718
-7.63155e-05
-2.78841e-05
-0.00378717
2.60585e-05
6.01421e-05
-0.00196099
0.000731435
-2.60832e-05
0.00138332
0.000629791
-0.000280566
0.00428495
-0.000449054
0.00413531
-4.38041e-05
-0.000220193
-0.00240607
-0.000138277
-0.000105786
-0.00254405
6.01406e-05
7.62968e-05
-0.00196098
0.000101749
0.000101748
-0.00256064
-1.56536e-09
3.46871e-05
-0.00400696
-0.00010175
3.46846e-05
-0.00400696
-6.01365e-05
0.000101749
-0.00256062
0.000138305
7.62977e-05
-0.00196097
4.38507e-05
-0.000105787
-0.00254406
-0.000220245
-0.00240608
-9.74287e-05
6.50796e-08
-0.00369518
-0.00015861
3.78528e-10
-0.00401395
-2.78756e-05
-7.36173e-09
-0.00378717
3.46908e-05
-3.82245e-09
-0.00400696
-2.71192e-09
-7.09339e-09
-0.00454191
-3.46937e-05
-8.39611e-09
-0.0045419
2.78758e-05
-3.03834e-09
-0.00400695
0.000158614
-7.23744e-09
-0.00378714
9.74319e-05
-1.85064e-10
-0.00401393
5.3111e-08
-0.00369517
-9.74537e-05
0.000220528
-0.00369521
-0.000158638
0.000105795
-0.00401399
-2.78869e-05
-7.63196e-05
-0.00378715
3.46854e-05
-0.000101752
-0.00400695
-4.00907e-09
-3.46951e-05
-0.00454189
-3.46887e-05
-3.46929e-05
-0.00454188
2.78867e-05
-0.000101752
-0.00400695
0.000158638
-7.63187e-05
-0.00378712
9.74521e-05
0.000105793
-0.00401397
0.000220517
-0.0036952
-4.39851e-05
0.00044914
-0.00240594
-0.00013837
0.00028058
-0.00254409
6.01399e-05
2.60519e-05
-0.00196099
0.00010175
-6.01426e-05
-0.00256062
-8.16627e-10
2.78757e-05
-0.00400695
-0.00010175
2.78812e-05
-0.00400695
-6.01365e-05
-6.0143e-05
-0.00256061
0.000138378
2.60588e-05
-0.00196098
4.39959e-05
0.000280588
-0.00254409
0.000449138
-0.00240597
-0.000629984
0.000652825
0.00413504
-0.000731509
0.000664008
0.00428488
-2.60833e-05
0.000731442
0.00138336
7.63037e-05
0.00013831
-0.00196095
-4.06388e-09
0.000158618
-0.00378713
-7.63154e-05
0.000158631
-0.00378712
2.60705e-05
0.000138359
-0.00196096
0.000731507
0.00073149
0.00138346
0.000629988
0.000664025
0.00428491
0.0006528
0.004135
-0.000287622
0.000420179
0.00757544
-0.000664005
0.00028761
0.0079352
-0.000280568
0.00062982
0.00428496
-0.000105788
4.38676e-05
-0.00254406
1.40102e-10
9.74371e-05
-0.00401393
0.000105793
9.74485e-05
-0.00401395
0.000280583
4.39647e-05
-0.00254407
0.000664018
0.000629945
0.00428496
0.000287631
0.000287632
0.00793521
0.00042017
0.00757544
-0.000420145
0.010621
-0.000652901
0.00757576
-0.000449063
0.00413528
-0.000220285
-0.00240606
3.6993e-08
-0.00369516
0.000220466
-0.00369518
0.000449118
-0.00240598
0.000652816
0.0041351
0.000420153
0.00757555
0.010621
-0.000381921
-0.000381922
0.0113849
-0.000610408
-0.000383345
0.00818762
-0.000426772
-0.000648252
0.00459995
-0.000204124
-2.7864e-05
-0.00260084
-3.3335e-08
-9.33397e-05
-0.00380594
0.000204104
-9.3346e-05
-0.003806
0.0004268
-2.78389e-05
-0.00260081
0.0006104
-0.0006484
0.00459994
0.000381911
-0.000383381
0.00818741
-0.000381917
0.0113849
-0.000383338
-0.000610411
0.00818765
-0.00067393
-0.000673936
0.00851637
-0.00023625
-0.00067909
0.0038781
-8.6651e-05
-7.95277e-05
-0.00264199
5.08963e-09
-0.000136602
-0.00405736
8.66613e-05
-0.000136614
-0.00405738
0.000236262
-7.95085e-05
-0.00264201
0.000673939
-0.000679153
0.00387799
0.000383352
-0.000673963
0.00851637
-0.000610408
0.00818762
-0.000648227
-0.000426767
0.00459997
-0.00067908
-0.000236253
0.00387812
-6.91019e-05
-6.91046e-05
0.000163254
4.8304e-05
6.4749e-05
-0.00222267
-2.2835e-09
-2.69088e-05
-0.00384856
-4.83104e-05
-2.69128e-05
-0.00384856
6.90944e-05
6.4753e-05
-0.00222265
0.0006791
-6.91064e-05
0.000163271
0.000648273
-0.000236263
0.00387808
-0.000426783
0.00459996
-2.78658e-05
-0.000204127
-0.00260084
-7.95309e-05
-8.66515e-05
-0.00264199
6.4748e-05
4.83012e-05
-0.00222266
9.71534e-05
9.71527e-05
-0.00262545
-8.68679e-10
3.38602e-05
-0.00397058
-9.71544e-05
3.38582e-05
-0.00397058
-6.47471e-05
9.7155e-05
-0.00262543
7.95295e-05
4.83023e-05
-0.00222266
2.7862e-05
-8.66613e-05
-0.002642
-0.00020414
-0.00260086
-9.33395e-05
-4.73416e-08
-0.00380592
-0.000136601
8.14189e-09
-0.00405735
-2.69071e-05
-3.98384e-09
-0.00384856
3.38624e-05
-2.44769e-09
-0.00397058
-1.05403e-09
-3.24628e-09
-0.00447418
-3.38631e-05
-3.93502e-09
-0.00447418
2.69094e-05
-2.18309e-09
-0.00397057
0.000136615
-4.22543e-09
-0.00384854
9.33535e-05
7.38046e-09
-0.00405734
-3.9666e-08
-0.00380592
-9.33514e-05
0.000204106
-0.00380601
-0.000136622
8.66671e-05
-0.00405738
-2.69152e-05
-4.8313e-05
-0.00384855
3.38584e-05
-9.71566e-05
-0.00397057
-1.75358e-09
-3.38645e-05
-0.00447417
-3.38597e-05
-3.3863e-05
-0.00447416
2.69166e-05
-9.71585e-05
-0.00397057
0.000136633
-4.83135e-05
-0.00384853
9.33638e-05
8.66738e-05
-0.00405737
0.000204125
-0.003806
-2.78301e-05
0.000426809
-0.00260081
-7.95032e-05
0.000236268
-0.00264202
6.47532e-05
6.90902e-05
-0.00222265
9.71564e-05
-6.47508e-05
-0.00262542
-6.3094e-10
2.69084e-05
-0.00397057
-9.7157e-05
2.69117e-05
-0.00397056
-6.47524e-05
-6.47548e-05
-0.00262542
7.95058e-05
6.90913e-05
-0.00222264
2.78323e-05
0.000236278
-0.00264202
0.000426815
-0.00260082
-0.000648452
0.000610397
0.00459991
-0.000679173
0.000673947
0.00387793
-6.91066e-05
0.000679107
0.000163278
4.8305e-05
7.95237e-05
-0.00222264
-2.38648e-09
0.000136615
-0.00384853
-4.83108e-05
0.000136624
-0.00384852
6.90979e-05
7.95087e-05
-0.00222264
0.00067918
0.00067916
0.000163312
0.000648471
0.000673974
0.00387792
0.000610393
0.00459989
-0.000383395
0.000381911
0.00818732
-0.000673969
0.00038336
0.00851636
-0.000236263
0.000648294
0.00387806
-8.66608e-05
2.78573e-05
-0.002642
4.30528e-09
9.33531e-05
-0.00405734
8.66684e-05
9.33583e-05
-0.00405735
0.000236274
2.78399e-05
-0.00264201
0.000673978
0.000648424
0.00387799
0.000383401
0.000383391
0.00851637
0.00038191
0.00818733
-0.000381912
0.0113849
-0.000610402
0.00818761
-0.000426785
0.00459996
-0.000204135
-0.00260085
-2.56588e-08
-0.00380592
0.000204127
-0.00380597
0.000426808
-0.00260082
0.000610391
0.00459994
0.000381905
0.00818743
0.0113849
-0.000239401
-0.000239402
0.0118637
-0.000485522
-0.00045939
0.00889313
-0.000394618
-0.000388822
0.00489787
-0.000194604
-2.82208e-06
-0.00279803
-1.74493e-08
-9.78907e-05
-0.00390263
0.000194506
-9.78866e-05
-0.00390263
0.000394555
-2.77685e-06
-0.00279808
0.000485535
-0.000388851
0.00489781
0.000239402
-0.000459431
0.00889297
-0.000239403
0.0118637
-0.000459383
-0.000485522
0.00889315
-0.000698637
-0.000698642
0.00899488
-0.000219105
-0.00045636
0.0034661
-6.46545e-05
-2.14121e-05
-0.00277785
4.36669e-09
-0.000124108
-0.0040958
6.46631e-05
-0.000124113
-0.00409581
0.00021912
-2.13984e-05
-0.00277784
0.000698648
-0.000456387
0.003466
0.00045939
-0.000698673
0.00899487
-0.000485535
0.00889314
-0.000388818
-0.000394628
0.00489789
-0.000456357
-0.000219106
0.00346612
-4.65251e-05
-4.65269e-05
-0.00065641
6.43507e-05
8.09274e-05
-0.00243588
-7.42818e-10
-2.19692e-05
-0.00388635
-6.43517e-05
-2.19719e-05
-0.00388635
4.65237e-05
8.09304e-05
-0.00243586
0.000456357
-4.65298e-05
-0.000656419
0.000388807
-0.000219117
0.00346607
-0.000394615
0.00489784
-2.82821e-06
-0.000194622
-0.00279802
-2.14146e-05
-6.4655e-05
-0.00277785
8.09267e-05
6.43494e-05
-0.00243588
0.000104986
0.000104985
-0.00267356
-3.00074e-10
3.74921e-05
-0.00392505
-0.000104986
3.74904e-05
-0.00392505
-8.09263e-05
0.000104987
-0.00267355
2.14088e-05
6.43498e-05
-0.00243587
2.81074e-06
-6.46625e-05
-0.00277785
-0.000194617
-0.00279805
-9.78924e-05
-2.56685e-08
-0.00390262
-0.000124109
7.09585e-09
-0.00409579
-2.19682e-05
-1.5696e-09
-0.00388635
3.74936e-05
-1.2895e-09
-0.00392505
-4.51627e-10
-1.93803e-09
-0.00439919
-3.74935e-05
-2.48331e-09
-0.00439919
2.19711e-05
-1.40595e-09
-0.00392504
0.00012412
-2.22985e-09
-0.00388633
9.79026e-05
6.15791e-09
-0.00409579
-2.25046e-08
-0.00390261
-9.78891e-05
0.000194479
-0.00390263
-0.000124119
6.4669e-05
-0.00409581
-2.1974e-05
-6.43528e-05
-0.00388634
3.74901e-05
-0.000104988
-0.00392505
-1.00352e-09
-3.74944e-05
-0.00439918
-3.74906e-05
-3.74933e-05
-0.00439918
2.1976e-05
-0.00010499
-0.00392504
0.000124129
-6.43539e-05
-0.00388633
9.79002e-05
6.4674e-05
-0.00409581
0.000194494
-0.00390262
-2.76062e-06
0.000394534
-0.0027981
-2.13947e-05
0.000219128
-0.00277784
8.09305e-05
4.65224e-05
-0.00243585
0.000104989
-8.09283e-05
-0.00267354
-4.20526e-10
2.19703e-05
-0.00392504
-0.00010499
2.19723e-05
-0.00392504
-8.09308e-05
-8.09321e-05
-0.00267353
2.13909e-05
4.65234e-05
-0.00243584
2.75194e-06
0.000219135
-0.00277785
0.000394534
-0.00279811
-0.000388863
0.000485539
0.00489777
-0.000456399
0.000698654
0.00346594
-4.65322e-05
0.000456355
-0.000656422
6.43501e-05
2.14055e-05
-0.00243586
-1.37653e-09
0.000124119
-0.00388633
-6.43519e-05
0.000124123
-0.00388632
4.65285e-05
2.13925e-05
-0.00243584
0.0004564
0.000456386
-0.000656422
0.000388862
0.000698684
0.00346591
0.000485548
0.00489774
-0.00045945
0.000239404
0.0088929
-0.000698684
0.000459394
0.00899486
-0.000219118
0.000388803
0.00346605
-6.46636e-05
2.80292e-06
-0.00277785
3.31695e-09
9.79003e-05
-0.00409578
6.46696e-05
9.78968e-05
-0.00409579
0.000219131
2.76379e-06
-0.00277784
0.000698693
0.000388844
0.00346597
0.000459451
0.000459432
0.00899487
0.000239405
0.00889292
-0.000239403
0.0118637
-0.000485538
0.00889314
-0.000394605
0.00489783
-0.0001946
-0.00279805
-1.50464e-08
-0.00390261
0.000194518
-0.00390261
0.000394552
-0.00279809
0.000485546
0.00489779
0.000239403
0.008893
0.0118637
-0.000177356
-0.000177357
0.0122184
-0.000377551
-0.000482881
0.0095762
-0.000322472
-1.83322e-05
0.00486113
-0.000163931
3.2297e-05
-0.00298887
1.27926e-08
-9.5169e-05
-0.00397141
0.000163941
-9.51669e-05
-0.0039714
0.000322472
3.22878e-05
-0.0029889
0.000377557
-1.83321e-05
0.00486106
0.000177358
-0.000482921
0.0095761
-0.000177358
0.0122184
-0.000482873
-0.000377553
0.00957622
-0.000697917
-0.000697921
0.00942496
-0.000173522
-0.000157926
0.0030813
-1.7488e-05
2.75597e-05
-0.00292915
3.77271e-09
-0.000109716
-0.00409875
1.74936e-05
-0.000109719
-0.00409875
0.000173534
2.75541e-05
-0.00292915
0.000697926
-0.000157946
0.00308122
0.000482875
-0.000697948
0.00942494
-0.000377565
0.00957623
-1.8332e-05
-0.000322473
0.00486114
-0.000157923
-0.000173522
0.00308131
4.61042e-05
4.61025e-05
-0.00106447
0.000102927
0.000108778
-0.00257392
1.18337e-10
-1.45167e-05
-0.00387862
-0.000102927
-1.45192e-05
-0.00387862
-4.61031e-05
0.000108778
-0.00257391
0.000157917
4.60984e-05
-0.00106448
1.83302e-05
-0.00017353
0.00308124
-0.000322474
0.00486108
3.22989e-05
-0.000163929
-0.00298886
2.75602e-05
-1.74867e-05
-0.00292915
0.000108778
0.000102926
-0.00257392
0.000118119
0.000118119
-0.00269225
5.36495e-10
4.61164e-05
-0.00386757
-0.000118118
4.61151e-05
-0.00386757
-0.000108775
0.00011812
-0.00269224
-2.75584e-05
0.000102925
-0.00257391
-3.22995e-05
-1.74871e-05
-0.00292916
-0.000163934
-0.00298888
-9.5169e-05
1.91763e-08
-0.0039714
-0.000109716
6.2114e-09
-0.00409874
-1.45162e-05
-2.02471e-10
-0.00387862
4.61174e-05
2.48506e-10
-0.00386757
1.02442e-10
-8.31253e-10
-0.00430696
-4.61168e-05
-1.41504e-09
-0.00430696
1.45196e-05
-2.27564e-10
-0.00386756
0.000109723
-1.23089e-09
-0.00387861
9.51728e-05
4.6471e-09
-0.00409873
1.60763e-08
-0.00397139
-9.51683e-05
0.000163947
-0.00397139
-0.000109723
1.7497e-05
-0.00409875
-1.45213e-05
-0.000102927
-0.00387862
4.61147e-05
-0.000118119
-0.00386757
-5.08973e-10
-4.61173e-05
-0.00430695
-4.61148e-05
-4.61166e-05
-0.00430695
1.45239e-05
-0.000118121
-0.00386756
0.000109729
-0.000102927
-0.00387861
9.51721e-05
1.74944e-05
-0.00409874
0.000163948
-0.00397138
3.22843e-05
0.000322473
-0.00298891
2.75507e-05
0.000173539
-0.00292915
0.000108776
-4.6103e-05
-0.0025739
0.00011812
-0.000108776
-0.00269223
9.89603e-11
1.45192e-05
-0.00386756
-0.00011812
1.45209e-05
-0.00386756
-0.000108775
-0.000108777
-0.00269222
-2.75508e-05
-4.61022e-05
-0.00257389
-3.22874e-05
0.000173542
-0.00292916
0.000322473
-0.00298892
-1.83319e-05
0.00037756
0.00486101
-0.000157955
0.000697931
0.00308117
4.60944e-05
0.000157915
-0.00106449
0.000102924
-2.75579e-05
-0.0025739
-9.1077e-10
0.000109723
-0.0038786
-0.000102925
0.000109725
-0.0038786
-4.60971e-05
-2.75543e-05
-0.00257389
0.000157947
0.000157933
-0.0010645
1.83308e-05
0.000697955
0.00308112
0.000377569
0.00486097
-0.00048294
0.000177359
0.00957605
-0.00069796
0.000482877
0.00942493
-0.000173535
1.83295e-05
0.00308121
-1.74915e-05
-3.22987e-05
-0.00292915
2.22282e-09
9.51722e-05
-0.00409873
1.74938e-05
9.51702e-05
-0.00409873
0.000173542
-3.22921e-05
-0.00292915
0.000697966
1.83299e-05
0.00308115
0.000482936
0.000482913
0.00942494
0.00017736
0.00957606
-0.000177359
0.0122184
-0.000377569
0.00957622
-0.000322474
0.00486107
-0.000163937
-0.00298889
9.89136e-09
-0.00397138
0.000163943
-0.00397137
0.000322472
-0.00298891
0.000377572
0.00486102
0.000177359
0.00957613
0.0122184
-0.000177214
-0.000177215
0.0125728
-0.000252978
-0.000528896
0.0101809
-0.000177942
0.000252132
0.00453396
-9.06402e-05
6.60061e-05
-0.00314218
4.48209e-09
-7.83171e-05
-0.00398374
9.06632e-05
-7.83176e-05
-0.00398374
0.000177961
6.59946e-05
-0.00314219
0.000252979
0.000252114
0.00453393
0.000177214
-0.000528931
0.0101808
-0.000177217
0.0125728
-0.000528887
-0.000252982
0.0101809
-0.000685495
-0.0006855
0.00973818
-6.65012e-05
5.23444e-05
0.00266209
4.18888e-05
7.86953e-05
-0.00305023
3.97789e-09
-8.40619e-05
-0.00405112
-4.18796e-05
-8.40648e-05
-0.00405112
6.65127e-05
7.86898e-05
-0.00305024
0.000685496
5.23279e-05
0.00266202
0.000528882
-0.000685522
0.00973815
-0.00025299
0.0101809
0.000252138
-0.000177941
0.00453396
5.23488e-05
-6.65006e-05
0.0026621
0.000156899
0.000156898
-0.00127357
0.00014348
0.000146716
-0.00262852
1.09966e-09
2.80581e-06
-0.00382201
-0.000143477
2.80318e-06
-0.00382201
-0.000156894
0.000146714
-0.00262851
-5.23491e-05
0.000156894
-0.0012736
-0.000252147
-6.65065e-05
0.00266202
-0.000177951
0.0045339
6.60079e-05
-9.06355e-05
-0.00314218
7.86954e-05
4.18905e-05
-0.00305023
0.000146715
0.00014348
-0.00262852
0.000137548
0.000137548
-0.00267391
1.18029e-09
6.084e-05
-0.00378806
-0.000137546
6.08387e-05
-0.00378806
-0.000146711
0.000137548
-0.00267391
-7.86903e-05
0.000143478
-0.00262852
-6.60036e-05
4.18865e-05
-0.00305024
-9.06436e-05
-0.0031422
-7.83164e-05
7.39389e-09
-0.00398373
-8.40614e-05
6.60668e-09
-0.00405111
2.80609e-06
1.41133e-09
-0.00382201
6.08404e-05
1.49635e-09
-0.00378805
6.04278e-10
3.03309e-10
-0.00418528
-6.08389e-05
-2.11495e-10
-0.00418528
-2.80216e-06
8.31992e-10
-0.00378805
8.40656e-05
1.51702e-10
-0.003822
7.83183e-05
4.59533e-09
-0.0040511
5.13902e-09
-0.00398372
-7.83188e-05
9.06731e-05
-0.00398374
-8.40676e-05
-4.18752e-05
-0.00405112
2.8005e-06
-0.000143476
-0.00382201
6.0838e-05
-0.000137546
-0.00378806
1.22508e-10
-6.0839e-05
-0.00418528
-6.08372e-05
-6.08385e-05
-0.00418527
-2.79773e-06
-0.000137547
-0.00378805
8.40708e-05
-0.000143477
-0.003822
7.83202e-05
-4.18756e-05
-0.00405111
9.06733e-05
-0.00398372
6.59901e-05
0.00017797
-0.0031422
7.86861e-05
6.65179e-05
-0.00305024
0.000146712
-0.000156892
-0.00262851
0.000137548
-0.000146711
-0.0026739
5.28293e-10
-2.80163e-06
-0.00378805
-0.000137547
-2.80008e-06
-0.00378805
-0.00014671
-0.000146711
-0.0026739
-7.86833e-05
-0.000156893
-0.0026285
-6.59888e-05
6.65187e-05
-0.00305025
0.000177974
-0.00314221
0.000252106
0.00025298
0.00453389
5.23181e-05
0.000685496
0.00266198
0.000156889
-5.2348e-05
-0.00127361
0.000143476
-7.86897e-05
-0.00262851
-1.22651e-10
8.40666e-05
-0.003822
-0.000143476
8.40686e-05
-0.003822
-0.00015689
-7.86864e-05
-0.0026285
-5.23243e-05
-5.23364e-05
-0.00127362
-0.000252118
0.000685515
0.00266191
0.000252987
0.00453384
-0.000528949
0.000177214
0.0101808
-0.000685534
0.000528881
0.00973813
-6.65127e-05
-0.00025215
0.00266199
4.1882e-05
-6.60024e-05
-0.00305023
2.04985e-09
7.83186e-05
-0.0040511
-4.18771e-05
7.83188e-05
-0.0040511
6.6519e-05
-6.59933e-05
-0.00305024
0.000685531
-0.000252133
0.00266194
0.000528938
0.000528912
0.00973813
0.000177216
0.0101808
-0.000177217
0.0125728
-0.000252994
0.0101809
-0.000177956
0.00453388
-9.065e-05
-0.0031422
2.549e-09
-0.00398371
9.06661e-05
-0.00398371
0.00017797
-0.00314221
0.000252993
0.00453386
0.000177217
0.0101808
0.0125728
-0.000184946
-0.000184947
0.0129427
-8.23037e-05
-0.000615022
0.0106932
3.381e-05
0.000317104
0.00410074
-1.56578e-06
0.000104765
-0.00321157
2.94714e-09
-5.37498e-05
-0.00393155
1.57348e-06
-5.37497e-05
-0.00393156
-3.38064e-05
0.000104762
-0.00321158
8.23e-05
0.000317095
0.00410072
0.000184944
-0.000615051
0.0106932
-0.00018495
0.0129427
-0.000615014
-8.2308e-05
0.0106933
-0.000660339
-0.000660343
0.00982882
7.99655e-05
0.000156693
0.0020822
9.82919e-05
0.000135862
-0.00309965
3.70714e-09
-4.47566e-05
-0.00396182
-9.82827e-05
-4.47583e-05
-0.00396182
-7.99563e-05
0.000135859
-0.00309966
0.000660335
0.000156686
0.00208214
0.000615006
-0.000660359
0.00982879
-8.23157e-05
0.0106933
0.000317109
3.38087e-05
0.00410074
0.000156696
7.99663e-05
0.00208221
0.000249389
0.000249389
-0.00145896
0.000183172
0.000188622
-0.00261507
1.82802e-09
3.5438e-05
-0.00371904
-0.000183167
3.54366e-05
-0.00371904
-0.000249381
0.000188621
-0.00261506
-0.000156691
0.000249385
-0.00145899
-0.00031711
7.99602e-05
0.00208212
3.37992e-05
0.00410067
0.000104765
-1.56397e-06
-0.00321157
0.000135862
9.82936e-05
-0.00309965
0.000188622
0.000183172
-0.00261507
0.000160821
0.000160821
-0.00261831
1.54403e-09
7.88825e-05
-0.00367068
-0.000160818
7.88814e-05
-0.00367068
-0.000188617
0.000160821
-0.00261831
-0.000135856
0.000183169
-0.00261506
-0.000104761
9.82879e-05
-0.00309966
-1.57006e-06
-0.00321159
-5.37491e-05
5.17775e-09
-0.00393155
-4.47561e-05
6.23212e-09
-0.00396182
3.54382e-05
2.65934e-09
-0.00371903
7.88826e-05
2.24797e-09
-0.00367068
9.59043e-10
1.06455e-09
-0.00402751
-7.88807e-05
5.99636e-10
-0.00402751
-3.54357e-05
1.50044e-09
-0.00367068
4.47587e-05
1.28867e-09
-0.00371903
5.37496e-05
4.17733e-09
-0.00396181
3.1219e-09
-0.00393154
-5.37501e-05
1.57767e-06
-0.00393156
-4.476e-05
-9.82782e-05
-0.00396182
3.5435e-05
-0.000183165
-0.00371904
7.88805e-05
-0.000160817
-0.00367068
4.87885e-10
-7.88804e-05
-0.00402751
-7.88794e-05
-7.888e-05
-0.00402751
-3.54333e-05
-0.000160818
-0.00367068
4.47619e-05
-0.000183165
-0.00371903
5.37504e-05
-9.82774e-05
-0.00396182
1.57926e-06
-0.00393155
0.000104761
-3.38026e-05
-0.00321158
0.000135856
-7.99506e-05
-0.00309966
0.000188618
-0.000249378
-0.00261506
0.000160819
-0.000188616
-0.0026183
8.07791e-10
-3.54349e-05
-0.00367067
-0.000160818
-3.54342e-05
-0.00367068
-0.000188616
-0.000188616
-0.0026183
-0.000135852
-0.000249379
-0.00261505
-0.000104757
-7.99508e-05
-0.00309967
-3.3797e-05
-0.0032116
0.000317088
8.22996e-05
0.0041007
0.000156678
0.000660335
0.0020821
0.00024938
-0.000156688
-0.001459
0.000183167
-0.000135855
-0.00261506
5.0418e-10
4.47601e-05
-0.00371903
-0.000183165
4.47611e-05
-0.00371903
-0.000249377
-0.000135853
-0.00261505
-0.000156678
-0.000156686
-0.00145902
-0.000317091
0.000660347
0.00208203
8.23064e-05
0.00410065
-0.000615066
0.000184944
0.0106932
-0.00066037
0.000615003
0.00982877
7.99535e-05
-0.000317111
0.00208209
9.82831e-05
-0.00010476
-0.00309966
1.7011e-09
5.37501e-05
-0.00396181
-9.82787e-05
5.37499e-05
-0.00396181
-7.99505e-05
-0.000104758
-0.00309966
0.000660362
-0.000317102
0.00208204
0.000615055
0.00061503
0.00982876
0.000184947
0.0106932
-0.000184951
0.0129427
-8.23205e-05
0.0106933
3.37936e-05
0.00410065
-1.57438e-06
-0.00321159
1.03845e-09
-0.00393154
1.57777e-06
-0.00393154
-3.37944e-05
-0.00321159
8.23148e-05
0.00410065
0.000184949
0.0106932
0.0129427
-0.000170197
-0.000170198
0.0132831
7.54868e-05
-0.000671005
0.0111186
0.000238908
0.000351064
0.00358625
7.707e-05
0.000144272
-0.003194
2.23348e-09
-2.57637e-05
-0.00382872
-7.70659e-05
-2.57638e-05
-0.00382873
-0.000238909
0.000144272
-0.00319401
-7.5491e-05
0.000351063
0.00358624
0.000170195
-0.000671025
0.0111185
-0.000170201
0.0132831
-0.000670998
7.54836e-05
0.0111186
-0.000587346
-0.000587349
0.00966151
0.000233269
0.000235045
0.00137761
0.000157507
0.000192021
-0.00307164
3.56196e-09
3.38131e-06
-0.00383346
-0.000157498
3.38028e-06
-0.00383347
-0.00023326
0.000192019
-0.00307164
0.000587345
0.000235044
0.00137755
0.000670991
-0.000587358
0.00966147
7.54781e-05
0.0111186
0.000351067
0.000238907
0.00358625
0.000235046
0.00023327
0.00137761
0.000320167
0.000320167
-0.0016292
0.000214417
0.000230004
-0.0025473
2.3638e-09
7.12321e-05
-0.00357247
-0.000214411
7.12308e-05
-0.00357247
-0.000320157
0.000230002
-0.0025473
-0.000235038
0.000320163
-0.00162922
-0.000351064
0.000233263
0.00137753
0.000238899
0.00358619
0.000144272
7.70706e-05
-0.003194
0.00019202
0.000157508
-0.00307164
0.000230003
0.000214418
-0.0025473
0.000184761
0.000184761
-0.00252782
1.83307e-09
9.74605e-05
-0.00351215
-0.000184757
9.74595e-05
-0.00351215
-0.000229998
0.00018476
-0.00252782
-0.000192014
0.000214414
-0.0025473
-0.000144267
0.0001575
-0.00307164
7.70664e-05
-0.00319402
-2.57632e-05
4.04408e-09
-0.00382872
3.38163e-06
5.98062e-09
-0.00383346
7.12322e-05
3.52722e-09
-0.00357247
9.74604e-05
2.81133e-09
-0.00351215
1.25588e-09
1.68264e-09
-0.0038326
-9.74582e-05
1.29298e-09
-0.0038326
-7.12295e-05
2.05691e-09
-0.00351215
-3.37975e-06
2.21503e-09
-0.00357247
2.57628e-05
4.00948e-09
-0.00383346
2.10309e-09
-0.00382872
-2.57637e-05
-7.70637e-05
-0.00382873
3.37943e-06
-0.000157494
-0.00383347
7.12295e-05
-0.000214409
-0.00357247
9.74587e-05
-0.000184756
-0.00351215
8.55342e-10
-9.74576e-05
-0.0038326
-9.74572e-05
-9.74573e-05
-0.0038326
-7.12276e-05
-0.000184756
-0.00351215
-3.37801e-06
-0.000214408
-0.00357247
2.57632e-05
-0.000157491
-0.00383346
-7.70633e-05
-0.00382872
0.000144271
-0.000238906
-0.00319401
0.000192016
-0.000233255
-0.00307165
0.000229999
-0.000320153
-0.0025473
0.000184759
-0.000229997
-0.00252782
1.08874e-09
-7.12284e-05
-0.00351215
-0.000184757
-7.12279e-05
-0.00351215
-0.000229996
-0.000229996
-0.00252782
-0.000192012
-0.000320153
-0.00254729
-0.000144267
-0.000233254
-0.00307165
-0.000238902
-0.00319402
0.000351058
-7.54917e-05
0.00358623
0.000235039
0.000587344
0.00137752
0.000320158
-0.000235035
-0.00162923
0.000214411
-0.000192013
-0.0025473
1.07076e-09
-3.37903e-06
-0.00357247
-0.000214408
-3.37845e-06
-0.00357247
-0.000320152
-0.000192012
-0.00254729
-0.000235034
-0.000235037
-0.00162925
-0.000351056
0.00058735
0.00137745
-7.54874e-05
0.00358618
-0.000671035
0.000170195
0.0111185
-0.000587365
0.000670987
0.00966145
0.000233257
-0.000351065
0.0013775
0.000157496
-0.000144266
-0.00307164
1.60638e-09
2.57635e-05
-0.00383346
-0.000157492
2.57634e-05
-0.00383346
-0.000233254
-0.000144266
-0.00307165
0.000587359
-0.000351063
0.00137745
0.000671027
0.000671007
0.00966144
0.000170197
0.0111185
-0.000170202
0.0132831
7.54739e-05
0.0111186
0.000238894
0.00358617
7.70628e-05
-0.00319402
3.57318e-10
-0.00382871
-7.70627e-05
-0.00382872
-0.000238899
-0.00319402
-7.54799e-05
0.00358617
0.0001702
0.0111185
0.0132831
-0.000138413
-0.000138414
0.0135599
0.000228857
-0.000632919
0.0113842
0.000418537
0.000390485
0.00300609
0.00017269
0.000177236
-0.00312539
2.22449e-09
2.19069e-06
-0.00365823
-0.000172685
2.19052e-06
-0.00365823
-0.000418533
0.000177235
-0.00312539
-0.000228859
0.000390484
0.00300608
0.000138411
-0.000632934
0.0113842
-0.000138415
0.0135599
-0.000632913
0.000228854
0.0113842
-0.000432869
-0.000432872
0.00926142
0.000385219
0.000319921
0.000630081
0.000229072
0.000241162
-0.00297942
3.22244e-09
4.41925e-05
-0.0036464
-0.000229064
4.41915e-05
-0.0036464
-0.000385209
0.00024116
-0.00297942
0.00043287
0.000319919
0.00063004
0.000632906
-0.000432879
0.00926138
0.00022885
0.0113842
0.000390486
0.000418535
0.00300608
0.000319921
0.00038522
0.000630082
0.000388467
0.000388468
-0.00176629
0.000243826
0.000270362
-0.00243186
2.69055e-09
0.000106524
-0.00339098
-0.000243819
0.000106523
-0.00339098
-0.000388457
0.00027036
-0.00243186
-0.00031991
0.000388462
-0.00176631
-0.000390481
0.00038521
0.000630009
0.000418528
0.00300603
0.000177235
0.000172689
-0.00312539
0.000241161
0.000229073
-0.00297942
0.000270361
0.000243826
-0.00243186
0.000207526
0.000207526
-0.00240215
1.9637e-09
0.000115365
-0.00331347
-0.000207522
0.000115364
-0.00331347
-0.000270356
0.000207525
-0.00240215
-0.000241155
0.000243823
-0.00243186
-0.000177231
0.000229064
-0.00297942
0.00017268
-0.0031254
2.19054e-06
3.72492e-09
-0.00365822
4.41924e-05
5.33248e-09
-0.0036464
0.000106524
4.07811e-09
-0.00339098
0.000115364
3.09394e-09
-0.00331347
1.46829e-09
2.09828e-09
-0.00360187
-0.000115362
1.78482e-09
-0.00360187
-0.00010652
2.41593e-09
-0.00331347
-4.41892e-05
2.92357e-09
-0.00339098
-2.18867e-06
3.52177e-09
-0.0036464
1.92564e-09
-0.00365823
2.18993e-06
-0.000172682
-0.00365823
4.41902e-05
-0.00022906
-0.0036464
0.000106521
-0.000243817
-0.00339098
0.000115363
-0.000207521
-0.00331347
1.14672e-09
-0.000115361
-0.00360187
-0.000115361
-0.000115361
-0.00360187
-0.000106519
-0.000207521
-0.00331347
-4.41875e-05
-0.000243816
-0.00339098
-2.1883e-06
-0.000229056
-0.0036464
-0.000172677
-0.00365823
0.000177235
-0.000418531
-0.00312539
0.000241158
-0.000385204
-0.00297943
0.000270358
-0.000388452
-0.00243186
0.000207524
-0.000270355
-0.00240215
1.29328e-09
-0.000106519
-0.00331347
-0.000207521
-0.000106519
-0.00331347
-0.000270354
-0.000270354
-0.00240215
-0.000241153
-0.000388451
-0.00243186
-0.000177231
-0.000385201
-0.00297943
-0.000418527
-0.0031254
0.000390482
-0.00022886
0.00300608
0.000319915
0.00043287
0.000630015
0.000388458
-0.000319907
-0.00176632
0.00024382
-0.000241154
-0.00243186
1.53094e-09
-4.41881e-05
-0.00339098
-0.000243816
-4.41877e-05
-0.00339098
-0.000388451
-0.000241152
-0.00243186
-0.000319908
-0.000319908
-0.00176634
-0.000390477
0.000432873
0.000629944
-0.000228857
0.00300603
-0.000632941
0.00013841
0.0113842
-0.000432884
0.000632901
0.00926137
0.000385205
-0.000390481
0.000629982
0.000229061
-0.00017723
-0.00297942
1.39233e-09
-2.18818e-06
-0.0036464
-0.000229057
-2.1883e-06
-0.0036464
-0.000385202
-0.00017723
-0.00297943
0.000432879
-0.000390479
0.000629943
0.000632933
0.000632916
0.00926134
0.000138411
0.0113842
-0.000138417
0.0135599
0.000228845
0.0113842
0.000418523
0.00300601
0.000172677
-0.00312541
3.49832e-10
-0.00365822
-0.000172676
-0.00365823
-0.000418524
-0.00312541
-0.000228849
0.00300601
0.000138414
0.0113842
0.0135599
-7.20327e-05
-7.20335e-05
0.013704
0.000409344
-0.000406655
0.0113095
0.000600325
0.000440672
0.00237444
0.000288019
0.00020211
-0.00301519
2.0291e-09
3.20722e-05
-0.00340228
-0.000288015
3.20723e-05
-0.00340228
-0.000600321
0.00020211
-0.0030152
-0.000409343
0.000440671
0.00237443
7.20312e-05
-0.000406656
0.0113095
-7.20325e-05
0.013704
-0.000406651
0.000409342
0.0113095
-8.15849e-05
-8.15857e-05
0.00861129
0.000577959
0.000435161
-2.39509e-05
0.000318768
0.000287678
-0.00280579
2.67684e-09
8.834e-05
-0.0033839
-0.000318761
8.83392e-05
-0.0033839
-0.000577952
0.000287677
-0.0028058
8.15805e-05
0.00043516
-2.39809e-05
0.00040664
-8.15824e-05
0.00861125
0.00040934
0.0113095
0.000440671
0.000600324
0.00237443
0.00043516
0.000577959
-2.39517e-05
0.00047871
0.000478711
-0.00185339
0.000278491
0.000312778
-0.00225674
2.48253e-09
0.00013873
-0.00316288
-0.000278485
0.000138729
-0.00316289
-0.000478702
0.000312777
-0.00225674
-0.000435152
0.000478707
-0.00185341
-0.000440668
0.000577952
-2.40097e-05
0.000600319
0.00237438
0.00020211
0.000288019
-0.0030152
0.000287677
0.000318769
-0.00280579
0.000312777
0.000278492
-0.00225674
0.000228812
0.000228812
-0.00223422
1.94742e-09
0.000132362
-0.00307829
-0.000228808
0.000132362
-0.00307829
-0.000312773
0.000228811
-0.00223422
-0.000287672
0.000278489
-0.00225674
-0.000202106
0.000318763
-0.0028058
0.000288016
-0.00301521
3.20719e-05
3.33605e-09
-0.00340228
8.83396e-05
4.47453e-09
-0.0033839
0.000138729
3.84119e-09
-0.00316288
0.000132362
3.11008e-09
-0.00307829
1.52938e-09
2.26769e-09
-0.00333715
-0.000132359
2.03071e-09
-0.00333715
-0.000138726
2.57418e-09
-0.00307829
-8.8336e-05
3.00102e-09
-0.00316288
-3.20701e-05
3.06558e-09
-0.0033839
1.60653e-09
-0.00340228
3.20719e-05
-0.000288014
-0.00340229
8.83379e-05
-0.000318758
-0.00338391
0.000138728
-0.000278483
-0.00316289
0.000132361
-0.000228807
-0.00307829
1.28695e-09
-0.000132358
-0.00333715
-0.000132358
-0.000132358
-0.00333715
-0.000138725
-0.000228807
-0.00307829
-8.83348e-05
-0.000278482
-0.00316289
-3.20704e-05
-0.000318755
-0.00338391
-0.000288014
-0.00340229
0.00020211
-0.000600319
-0.0030152
0.000287675
-0.000577948
-0.0028058
0.000312775
-0.000478699
-0.00225675
0.00022881
-0.000312772
-0.00223422
1.4166e-09
-0.000138725
-0.00307829
-0.000228807
-0.000138725
-0.00307829
-0.000312772
-0.000312771
-0.00223423
-0.00028767
-0.000478696
-0.00225675
-0.000202106
-0.000577945
-0.0028058
-0.000600316
-0.00301521
0.00044067
-0.000409343
0.00237443
0.000435157
8.15791e-05
-2.39988e-05
0.000478704
-0.000435149
-0.00185342
0.000278487
-0.00028767
-0.00225674
1.63548e-09
-8.83351e-05
-0.00316288
-0.000278483
-8.83348e-05
-0.00316288
-0.000478697
-0.00028767
-0.00225675
-0.000435149
-0.000435147
-0.00185343
-0.000440663
8.15703e-05
-2.40565e-05
-0.000409342
0.00237439
-0.000406658
7.20303e-05
0.0113095
-8.15829e-05
0.000406635
0.00861124
0.000577948
-0.000440667
-2.40305e-05
0.00031876
-0.000202105
-0.0028058
1.24195e-09
-3.20699e-05
-0.0033839
-0.000318756
-3.20703e-05
-0.00338391
-0.000577945
-0.000202105
-0.0028058
8.15728e-05
-0.000440663
-2.40592e-05
0.000406646
0.000406636
0.0086112
7.20288e-05
0.0113095
-7.20331e-05
0.013704
0.000409337
0.0113095
0.000600314
0.00237436
0.000288013
-0.00301521
2.49935e-10
-0.00340228
-0.000288013
-0.00340228
-0.000600314
-0.00301521
-0.000409338
0.00237437
7.2031e-05
0.0113095
0.013704
2.37416e-05
2.37414e-05
0.0136565
0.000604846
6.69737e-05
0.0106614
0.00082373
0.000503513
0.00165204
0.000407213
0.000214911
-0.00281359
1.36358e-09
5.66901e-05
-0.00305176
-0.000407212
5.66903e-05
-0.00305176
-0.00082373
0.000214911
-0.00281359
-0.000604846
0.000503514
0.00165204
-2.37422e-05
6.69799e-05
0.0106614
2.37443e-05
0.0136565
6.69752e-05
0.000604846
0.0106614
0.000519899
0.000519899
0.00770544
0.000849542
0.000609593
-0.000459675
0.000421691
0.000332512
-0.00249554
2.09992e-09
0.000130845
-0.00303637
-0.000421687
0.000130845
-0.00303637
-0.00084954
0.000332512
-0.00249555
-0.000519905
0.000609594
-0.000459696
-6.69852e-05
0.000519908
0.0077054
0.000604846
0.0106614
0.000503512
0.000823729
0.00165203
0.000609592
0.000849543
-0.000459676
0.00058145
0.000581451
-0.00179711
0.000312886
0.000353598
-0.00200926
2.28487e-09
0.000166064
-0.00288522
-0.000312881
0.000166063
-0.00288522
-0.000581444
0.000353597
-0.00200927
-0.000609587
0.000581449
-0.00179712
-0.000503509
0.000849539
-0.000459718
0.000823726
0.00165199
0.00021491
0.000407213
-0.00281359
0.000332511
0.000421692
-0.00249554
0.000353598
0.000312887
-0.00200926
0.000247437
0.000247438
-0.0020219
1.89948e-09
0.000147501
-0.00281229
-0.000247434
0.0001475
-0.00281229
-0.000353594
0.000247437
-0.0020219
-0.000332507
0.000312885
-0.00200927
-0.000214907
0.000421689
-0.00249555
0.00040721
-0.0028136
5.66899e-05
2.38388e-09
-0.00305176
0.000130845
3.59752e-09
-0.00303636
0.000166063
3.57126e-09
-0.00288522
0.0001475
3.02656e-09
-0.00281229
1.5223e-09
2.28552e-09
-0.00304215
-0.000147497
2.10287e-09
-0.00304216
-0.00016606
2.58136e-09
-0.00281229
-0.000130842
2.91043e-09
-0.00288522
-5.66891e-05
2.61316e-09
-0.00303637
9.26239e-10
-0.00305176
5.66902e-05
-0.000407211
-0.00305176
0.000130844
-0.000421685
-0.00303637
0.000166062
-0.000312879
-0.00288522
0.000147499
-0.000247433
-0.0028123
1.33618e-09
-0.000147497
-0.00304216
-0.000147497
-0.000147496
-0.00304216
-0.000166059
-0.000247433
-0.0028123
-0.000130841
-0.000312878
-0.00288522
-5.66897e-05
-0.000421683
-0.00303637
-0.000407211
-0.00305176
0.000214911
-0.000823728
-0.00281359
0.000332511
-0.000849537
-0.00249555
0.000353596
-0.000581441
-0.00200927
0.000247436
-0.000353592
-0.0020219
1.45704e-09
-0.000166059
-0.00281229
-0.000247433
-0.000166059
-0.0028123
-0.000353593
-0.000353592
-0.00202191
-0.000332507
-0.000581439
-0.00200927
-0.000214908
-0.000849535
-0.00249555
-0.000823728
-0.0028136
0.000503514
-0.000604846
0.00165203
0.000609593
-0.000519906
-0.000459709
0.000581446
-0.000609584
-0.00179713
0.000312883
-0.000332506
-0.00200927
1.6184e-09
-0.000130841
-0.00288522
-0.000312879
-0.000130841
-0.00288522
-0.00058144
-0.000332506
-0.00200927
-0.000609587
-0.000609585
-0.00179714
-0.00050351
-0.000519919
-0.00045975
-0.000604848
0.001652
6.69814e-05
-2.37428e-05
0.0106614
0.000519909
-6.69891e-05
0.00770539
0.000849536
-0.000503508
-0.000459733
0.000421686
-0.000214906
-0.00249555
1.0901e-09
-5.66888e-05
-0.00303637
-0.000421684
-5.66893e-05
-0.00303637
-0.000849535
-0.000214907
-0.00249555
-0.000519919
-0.000503508
-0.000459752
-6.69922e-05
-6.69955e-05
0.00770535
-2.37465e-05
0.0106614
2.37442e-05
0.0136565
0.000604844
0.0106614
0.000823723
0.00165198
0.000407208
-0.0028136
-1.73403e-10
-0.00305176
-0.00040721
-0.00305176
-0.000823726
-0.0028136
-0.000604846
0.00165199
-2.37456e-05
0.0106614
0.0136565
0.000175351
0.000175351
0.0133058
0.000878922
0.00047666
0.00948118
0.00109263
0.000566089
0.000872242
0.00050492
0.000219811
-0.00244569
1.04553e-09
8.0875e-05
-0.00262772
-0.000504919
8.08753e-05
-0.00262772
-0.00109263
0.000219812
-0.00244569
-0.000878924
0.000566091
0.000872236
-0.000175352
0.000476665
0.00948116
0.000175354
0.0133058
0.00047666
0.000878922
0.00948118
0.0011527
0.0011527
0.00635336
0.00110905
0.0007902
-0.000640139
0.000498739
0.000373874
-0.00203929
1.84266e-09
0.000168857
-0.00262561
-0.000498736
0.000168856
-0.00262561
-0.00110905
0.000373875
-0.00203929
-0.0011527
0.000790202
-0.000640154
-0.000476665
0.00115271
0.00635332
0.000878925
0.00948115
0.000566088
0.00109263
0.000872237
0.000790199
0.00110905
-0.000640139
0.000653629
0.00065363
-0.00152397
0.000335027
0.000383132
-0.00169992
2.05803e-09
0.000187568
-0.0025689
-0.000335023
0.000187568
-0.00256891
-0.000653624
0.000383132
-0.00169992
-0.000790194
0.000653628
-0.00152398
-0.000566086
0.00110905
-0.00064017
0.00109263
0.000872203
0.00021981
0.00050492
-0.00244569
0.000373873
0.00049874
-0.00203929
0.000383132
0.000335028
-0.00169992
0.000262111
0.000262112
-0.00177986
1.81653e-09
0.000157191
-0.00251981
-0.000262108
0.000157191
-0.00251981
-0.000383128
0.000262111
-0.00177986
-0.00037387
0.000335026
-0.00169992
-0.000219808
0.000498738
-0.0020393
0.000504917
-0.0024457
8.08747e-05
1.84163e-09
-0.00262772
0.000168856
3.06334e-09
-0.00262561
0.000187568
3.20795e-09
-0.0025689
0.000157191
2.87046e-09
-0.00251981
1.45866e-09
2.19038e-09
-0.00272778
-0.000157188
2.05216e-09
-0.00272778
-0.000187565
2.50864e-09
-0.00251981
-0.000168854
2.66858e-09
-0.00256891
-8.08741e-05
2.29812e-09
-0.00262561
6.65607e-10
-0.00262772
8.08753e-05
-0.000504918
-0.00262772
0.000168856
-0.000498734
-0.00262561
0.000187567
-0.000335021
-0.00256891
0.00015719
-0.000262107
-0.00251981
1.31834e-09
-0.000157187
-0.00272778
-0.000157188
-0.000157187
-0.00272778
-0.000187564
-0.000262106
-0.00251981
-0.000168854
-0.000335021
-0.00256891
-8.08749e-05
-0.000498733
-0.00262562
-0.000504918
-0.00262772
0.000219812
-0.00109263
-0.00244569
0.000373874
-0.00110905
-0.0020393
0.000383131
-0.000653621
-0.00169992
0.00026211
-0.000383127
-0.00177986
1.45571e-09
-0.000187565
-0.00251981
-0.000262107
-0.000187564
-0.00251981
-0.000383128
-0.000383127
-0.00177986
-0.000373871
-0.00065362
-0.00169993
-0.00021981
-0.00110905
-0.0020393
-0.00109263
-0.00244569
0.000566091
-0.000878923
0.000872235
0.0007902
-0.0011527
-0.000640164
0.000653626
-0.000790192
-0.00152398
0.000335025
-0.000373869
-0.00169993
1.51334e-09
-0.000168853
-0.00256891
-0.000335022
-0.000168853
-0.00256891
-0.000653621
-0.000373871
-0.00169993
-0.000790196
-0.000790194
-0.00152399
-0.000566089
-0.00115271
-0.000640193
-0.000878928
0.000872207
0.000476666
-0.000175352
0.00948117
0.00115271
-0.000476666
0.00635331
0.00110905
-0.000566084
-0.000640181
0.000498736
-0.000219807
-0.0020393
1.05215e-09
-8.08738e-05
-0.00262561
-0.000498733
-8.08744e-05
-0.00262562
-0.00110905
-0.000219809
-0.0020393
-0.00115271
-0.000566087
-0.000640194
-0.00047667
-0.000476669
0.00635327
-0.000175356
0.00948113
0.000175354
0.0133058
0.000878924
0.00948114
0.00109263
0.000872192
0.000504915
-0.0024457
-2.11581e-10
-0.00262772
-0.000504917
-0.00262772
-0.00109263
-0.00244569
-0.000878928
0.000872194
-0.000175356
0.00948112
0.0133058
0.000446595
0.000446595
0.0124126
0.0013025
0.000787807
0.00783747
0.00130334
0.000603522
0.000267886
0.000553839
0.000220036
-0.00191623
1.11311e-09
0.000102571
-0.00217645
-0.000553837
0.000102571
-0.00217645
-0.00130334
0.000220037
-0.00191622
-0.00130251
0.000603524
0.00026788
-0.000446597
0.000787809
0.00783745
0.000446598
0.0124126
0.000787806
0.0013025
0.00783746
0.00159922
0.00159922
0.00473052
0.00120889
0.000867094
-0.000513375
0.000518918
0.000395768
-0.00152505
1.75337e-09
0.000196934
-0.00220106
-0.000518914
0.000196934
-0.00220106
-0.00120888
0.000395768
-0.00152505
-0.00159922
0.000867094
-0.000513385
-0.000787808
0.00159923
0.00473049
0.00130251
0.00783743
0.000603521
0.00130334
0.000267882
0.000867093
0.00120889
-0.000513375
0.000661563
0.000661564
-0.00111291
0.000339284
0.000393442
-0.00137531
1.86828e-09
0.000201764
-0.00223445
-0.00033928
0.000201764
-0.00223445
-0.000661558
0.000393441
-0.00137532
-0.000867087
0.000661562
-0.00111292
-0.000603518
0.00120888
-0.000513396
0.00130333
0.000267856
0.000220036
0.000553839
-0.00191623
0.000395767
0.000518919
-0.00152505
0.000393441
0.000339285
-0.00137531
0.000268071
0.000268072
-0.00152912
1.66709e-09
0.000160389
-0.00221036
-0.000268068
0.000160389
-0.00221036
-0.000393438
0.000268071
-0.00152912
-0.000395765
0.000339283
-0.00137532
-0.000220034
0.000518917
-0.00152506
0.000553837
-0.00191623
0.000102571
1.76046e-09
-0.00217645
0.000196934
2.76498e-09
-0.00220106
0.000201764
2.88643e-09
-0.00223445
0.000160389
2.62599e-09
-0.00221036
1.34049e-09
2.00394e-09
-0.002407
-0.000160386
1.90396e-09
-0.002407
-0.000201761
2.3503e-09
-0.00221036
-0.000196932
2.46499e-09
-0.00223445
-0.00010257
2.23427e-09
-0.00220106
9.03241e-10
-0.00217645
0.000102571
-0.000553837
-0.00217645
0.000196934
-0.000518913
-0.00220106
0.000201763
-0.000339279
-0.00223446
0.000160388
-0.000268067
-0.00221036
1.23933e-09
-0.000160386
-0.002407
-0.000160386
-0.000160385
-0.002407
-0.000201761
-0.000268067
-0.00221037
-0.000196932
-0.000339278
-0.00223446
-0.000102571
-0.000518912
-0.00220107
-0.000553836
-0.00217645
0.000220037
-0.00130334
-0.00191623
0.000395768
-0.00120888
-0.00152506
0.00039344
-0.000661556
-0.00137532
0.00026807
-0.000393437
-0.00152912
1.39112e-09
-0.000201761
-0.00221036
-0.000268068
-0.00020176
-0.00221037
-0.000393438
-0.000393437
-0.00152912
-0.000395766
-0.000661555
-0.00137532
-0.000220036
-0.00120888
-0.00152506
-0.00130334
-0.00191623
0.000603524
-0.00130251
0.000267878
0.000867093
-0.00159922
-0.000513392
0.00066156
-0.000867085
-0.00111292
0.000339282
-0.000395764
-0.00137532
1.44138e-09
-0.000196931
-0.00223446
-0.000339279
-0.000196931
-0.00223446
-0.000661556
-0.000395765
-0.00137532
-0.000867088
-0.000867086
-0.00111293
-0.000603523
-0.00159922
-0.000513412
-0.00130251
0.000267857
0.00078781
-0.000446597
0.00783745
0.00159923
-0.000787808
0.00473048
0.00120888
-0.000603517
-0.000513405
0.000518915
-0.000220033
-0.00152506
1.19963e-09
-0.00010257
-0.00220106
-0.000518912
-0.00010257
-0.00220106
-0.00120888
-0.000220035
-0.00152506
-0.00159923
-0.000603521
-0.000513413
-0.000787812
-0.00078781
0.00473044
-0.000446601
0.00783741
0.000446597
0.0124126
0.00130251
0.00783743
0.00130333
0.000267848
0.000553836
-0.00191623
1.80869e-10
-0.00217646
-0.000553836
-0.00217646
-0.00130334
-0.00191623
-0.00130251
0.000267849
-0.000446601
0.0078374
0.0124126
0.000884324
0.000884324
0.010644
0.00174653
0.00101175
0.00596351
0.00131686
0.000586712
0.000110842
0.000535757
0.000212021
-0.00134714
1.13387e-09
0.000117128
-0.00175782
-0.000535755
0.000117129
-0.00175782
-0.00131686
0.000212021
-0.00134714
-0.00174653
0.000586714
0.000110839
-0.000884327
0.00101175
0.00596349
0.000884327
0.010644
0.00101175
0.00174653
0.00596351
0.00170565
0.00170565
0.00334273
0.00114323
0.000811275
-0.000175521
0.000491319
0.000388914
-0.00105004
1.65273e-09
0.000211618
-0.00180423
-0.000491316
0.000211618
-0.00180423
-0.00114323
0.000388914
-0.00105004
-0.00170564
0.000811274
-0.000175528
-0.00101175
0.00170565
0.0033427
0.00174654
0.00596348
0.000586711
0.00131686
0.00011084
0.000811274
0.00114323
-0.000175522
0.000614152
0.000614153
-0.000718668
0.000328632
0.000381055
-0.00108193
1.68617e-09
0.000203703
-0.00189791
-0.000328628
0.000203703
-0.00189791
-0.000614148
0.000381054
-0.00108194
-0.000811269
0.000614151
-0.000718674
-0.000586709
0.00114323
-0.000175537
0.00131686
0.000110822
0.00021202
0.000535757
-0.00134714
0.000388914
0.00049132
-0.00105004
0.000381055
0.000328632
-0.00108193
0.000261421
0.000261421
-0.00128985
1.48505e-09
0.000155996
-0.00190124
-0.000261418
0.000155996
-0.00190124
-0.000381052
0.000261421
-0.00128985
-0.000388911
0.000328631
-0.00108194
-0.000212019
0.000491318
-0.00105004
0.000535755
-0.00134714
0.000117128
1.65092e-09
-0.00175782
0.000211618
2.49069e-09
-0.00180423
0.000203703
2.57142e-09
-0.00189791
0.000155996
2.32258e-09
-0.00190124
1.17761e-09
1.75662e-09
-0.00209501
-0.000155994
1.68459e-09
-0.00209501
-0.000203701
2.12146e-09
-0.00190124
-0.000211616
2.24839e-09
-0.00189791
-0.000117128
2.13017e-09
-0.00180423
1.07727e-09
-0.00175783
0.000117129
-0.000535754
-0.00175782
0.000211618
-0.000491315
-0.00180423
0.000203702
-0.000328627
-0.00189791
0.000155995
-0.000261417
-0.00190124
1.10501e-09
-0.000155993
-0.00209501
-0.000155994
-0.000155993
-0.00209501
-0.0002037
-0.000261417
-0.00190124
-0.000211616
-0.000328627
-0.00189791
-0.000117128
-0.000491313
-0.00180424
-0.000535753
-0.00175783
0.000212021
-0.00131686
-0.00134714
0.000388914
-0.00114322
-0.00105004
0.000381054
-0.000614147
-0.00108194
0.00026142
-0.000381051
-0.00128986
1.28279e-09
-0.0002037
-0.00190124
-0.000261418
-0.0002037
-0.00190124
-0.000381051
-0.000381051
-0.00128986
-0.000388912
-0.000614145
-0.00108194
-0.00021202
-0.00114322
-0.00105004
-0.00131686
-0.00134714
0.000586714
-0.00174653
0.000110837
0.000811274
-0.00170564
-0.000175535
0.00061415
-0.000811267
-0.000718678
0.00032863
-0.000388911
-0.00108194
1.35764e-09
-0.000211616
-0.00189791
-0.000328628
-0.000211616
-0.00189791
-0.000614146
-0.000388911
-0.00108194
-0.000811269
-0.000811268
-0.000718683
-0.000586712
-0.00170564
-0.000175548
-0.00174654
0.000110823
0.00101175
-0.000884327
0.00596349
0.00170565
-0.00101175
0.00334269
0.00114322
-0.000586708
-0.000175544
0.000491317
-0.000212019
-0.00105004
1.27284e-09
-0.000117127
-0.00180424
-0.000491314
-0.000117128
-0.00180424
-0.00114322
-0.00021202
-0.00105004
-0.00170564
-0.00058671
-0.000175549
-0.00101175
-0.00101175
0.00334266
-0.000884331
0.00596345
0.000884326
0.010644
0.00174653
0.00596347
0.00131686
0.000110815
0.000535754
-0.00134715
5.04235e-10
-0.00175783
-0.000535753
-0.00175783
-0.00131686
-0.00134714
-0.00174654
0.000110817
-0.000884331
0.00596345
0.0106439
0.00124036
0.00124036
0.00816326
0.00182933
0.00109671
0.00427783
0.00113243
0.000489405
0.000318343
0.000465412
0.00019187
-0.000871995
1.10202e-09
0.000119958
-0.00141237
-0.00046541
0.000119958
-0.00141237
-0.00113242
0.000191871
-0.000871996
-0.00182933
0.000489405
0.00031834
-0.00124037
0.00109671
0.00427781
0.00124037
0.00816323
0.00109671
0.00182933
0.00427783
0.00149149
0.00149149
0.00255316
0.000955013
0.000681898
0.000168464
0.000433331
0.000351281
-0.000687765
1.49184e-09
0.000207531
-0.00145847
-0.000433328
0.00020753
-0.00145847
-0.000955008
0.000351281
-0.000687768
-0.00149149
0.000681897
0.000168457
-0.00109671
0.00149149
0.00255314
0.00182933
0.0042778
0.000489404
0.00113243
0.000318341
0.000681897
0.000955013
0.000168463
0.000536173
0.000536174
-0.000427219
0.000302863
0.000346221
-0.000843564
1.45195e-09
0.000192151
-0.00157967
-0.00030286
0.000192151
-0.00157967
-0.00053617
0.00034622
-0.000843567
-0.000681893
0.000536172
-0.000427226
-0.000489402
0.000955009
0.000168451
0.00113242
0.000318328
0.00019187
0.000465412
-0.000871996
0.000351281
0.000433331
-0.000687766
0.00034622
0.000302863
-0.000843564
0.000242889
0.000242889
-0.00108319
1.27314e-09
0.000143936
-0.00161013
-0.000242886
0.000143936
-0.00161013
-0.000346218
0.000242889
-0.00108319
-0.000351279
0.000302863
-0.000843569
-0.000191869
0.00043333
-0.000687772
0.000465411
-0.000872002
0.000119958
1.5011e-09
-0.00141237
0.00020753
2.17719e-09
-0.00145847
0.000192151
2.18956e-09
-0.00157967
0.000143936
1.96889e-09
-0.00161013
9.95893e-10
1.47926e-09
-0.00180714
-0.000143934
1.4285e-09
-0.00180714
-0.000192149
1.83049e-09
-0.00161013
-0.000207529
1.96324e-09
-0.00157967
-0.000119957
1.94924e-09
-0.00145848
1.14423e-09
-0.00141238
0.000119958
-0.000465409
-0.00141237
0.00020753
-0.000433327
-0.00145848
0.00019215
-0.000302859
-0.00157967
0.000143935
-0.000242886
-0.00161014
9.44928e-10
-0.000143933
-0.00180714
-0.000143934
-0.000143933
-0.00180715
-0.000192149
-0.000242885
-0.00161014
-0.000207529
-0.000302859
-0.00157967
-0.000119958
-0.000433326
-0.00145848
-0.000465408
-0.00141238
0.000191871
-0.00113242
-0.000871999
0.000351281
-0.000955007
-0.000687771
0.00034622
-0.000536169
-0.000843569
0.000242888
-0.000346217
-0.00108319
1.13321e-09
-0.000192149
-0.00161014
-0.000242886
-0.000192149
-0.00161014
-0.000346217
-0.000346217
-0.00108319
-0.000351279
-0.000536168
-0.000843573
-0.00019187
-0.000955003
-0.000687776
-0.00113242
-0.000872002
0.000489406
-0.00182933
0.000318338
0.000681897
-0.00149148
0.000168452
0.000536171
-0.000681892
-0.000427229
0.000302862
-0.000351279
-0.000843571
1.22044e-09
-0.000207529
-0.00157967
-0.000302859
-0.000207529
-0.00157967
-0.000536168
-0.000351279
-0.000843574
-0.000681893
-0.000681892
-0.000427234
-0.000489404
-0.00149148
0.000168441
-0.00182933
0.000318328
0.00109671
-0.00124037
0.00427781
0.00149149
-0.00109671
0.00255314
0.000955008
-0.000489401
0.000168445
0.000433329
-0.000191869
-0.000687775
1.24781e-09
-0.000119957
-0.00145848
-0.000433326
-0.000119958
-0.00145848
-0.000955003
-0.000191869
-0.000687777
-0.00149148
-0.000489402
0.00016844
-0.00109671
-0.00109671
0.00255312
-0.00124037
0.00427778
0.00124037
0.00816323
0.00182933
0.0042778
0.00113242
0.000318323
0.00046541
-0.000872005
7.04277e-10
-0.00141238
-0.000465408
-0.00141238
-0.00113242
-0.000872004
-0.00182933
0.000318324
-0.00124037
0.00427778
0.00816319
0.00123603
0.00123603
0.0056912
0.0014609
0.000871257
0.0031817
0.000861474
0.00036934
0.000548434
0.000377933
0.000161659
-0.000550114
9.61742e-10
0.000109849
-0.00114429
-0.000377931
0.000109849
-0.00114429
-0.000861471
0.00016166
-0.000550116
-0.0014609
0.00036934
0.000548429
-0.00123603
0.000871256
0.00318168
0.00123603
0.00569118
0.000871256
0.00146091
0.00318169
0.00108763
0.00108763
0.00212042
0.000729923
0.000536374
0.000359133
0.000356291
0.000293277
-0.000445751
1.24138e-09
0.00018457
-0.0011769
-0.000356289
0.000184569
-0.0011769
-0.000729919
0.000293277
-0.000445755
-0.00108762
0.000536374
0.000359125
-0.000871253
0.00108762
0.00212041
0.0014609
0.00318168
0.000369339
0.000861474
0.000548432
0.000536374
0.000729923
0.000359132
0.000444414
0.000444414
-0.000243299
0.000265148
0.000297919
-0.00066894
1.16869e-09
0.000169941
-0.00129989
-0.000265146
0.00016994
-0.00129989
-0.000444411
0.000297918
-0.000668944
-0.000536371
0.000444413
-0.000243305
-0.000369338
0.000729921
0.000359121
0.000861471
0.000548421
0.000161659
0.000377933
-0.000550115
0.000293277
0.000356292
-0.000445752
0.000297919
0.000265149
-0.00066894
0.000216203
0.000216203
-0.000919757
1.01415e-09
0.000125507
-0.0013495
-0.000216201
0.000125506
-0.0013495
-0.000297917
0.000216203
-0.00091976
-0.000293275
0.000265148
-0.000668945
-0.000161659
0.000356291
-0.000445759
0.000377932
-0.000550122
0.000109849
1.24863e-09
-0.00114429
0.000184569
1.77779e-09
-0.0011769
0.00016994
1.74395e-09
-0.00129989
0.000125506
1.55402e-09
-0.0013495
7.9158e-10
1.17071e-09
-0.00155613
-0.000125505
1.13661e-09
-0.00155613
-0.000169939
1.46477e-09
-0.0013495
-0.000184568
1.59544e-09
-0.00129989
-0.000109848
1.64857e-09
-0.00117691
1.03914e-09
-0.00114429
0.000109849
-0.000377931
-0.00114429
0.000184569
-0.000356288
-0.00117691
0.00016994
-0.000265145
-0.00129989
0.000125506
-0.000216201
-0.0013495
7.57499e-10
-0.000125505
-0.00155613
-0.000125505
-0.000125504
-0.00155613
-0.000169939
-0.000216201
-0.0013495
-0.000184568
-0.000265145
-0.0012999
-0.000109849
-0.000356287
-0.00117691
-0.00037793
-0.00114429
0.00016166
-0.000861471
-0.000550118
0.000293277
-0.000729919
-0.000445758
0.000297918
-0.000444411
-0.000668946
0.000216203
-0.000297916
-0.000919762
9.23481e-10
-0.000169939
-0.0013495
-0.000216201
-0.000169939
-0.0013495
-0.000297916
-0.000297916
-0.000919764
-0.000293275
-0.00044441
-0.00066895
-0.000161659
-0.000729916
-0.000445764
-0.000861468
-0.000550124
0.00036934
-0.0014609
0.000548427
0.000536374
-0.00108762
0.000359121
0.000444413
-0.000536371
-0.000243308
0.000265147
-0.000293275
-0.000668947
1.01568e-09
-0.000184568
-0.0012999
-0.000265146
-0.000184568
-0.0012999
-0.00044441
-0.000293275
-0.00066895
-0.00053637
-0.00053637
-0.000243314
-0.000369339
-0.00108762
0.00035911
-0.0014609
0.000548417
0.000871257
-0.00123603
0.00318168
0.00108762
-0.000871253
0.0021204
0.00072992
-0.000369338
0.000359117
0.00035629
-0.000161658
-0.000445762
1.09966e-09
-0.000109848
-0.00117691
-0.000356288
-0.000109848
-0.00117691
-0.000729916
-0.000161659
-0.000445765
-0.00108762
-0.000369338
0.00035911
-0.000871253
-0.000871251
0.00212038
-0.00123602
0.00318166
0.00123603
0.00569118
0.0014609
0.00318167
0.000861471
0.000548417
0.000377932
-0.000550124
7.23174e-10
-0.00114429
-0.00037793
-0.0011443
-0.000861467
-0.000550125
-0.0014609
0.000548414
-0.00123602
0.00318166
0.00569115
0.000823763
0.000823764
0.00404367
0.000928096
0.00053823
0.00253913
0.000594196
0.000259157
0.000623176
0.000279092
0.000123743
-0.000358752
7.36199e-10
8.56024e-05
-0.000950797
-0.00027909
8.56025e-05
-0.000950798
-0.000594194
0.000123743
-0.000358756
-0.000928092
0.000259157
0.00062317
-0.00082376
0.000538229
0.00253912
0.000823762
0.00404366
0.00053823
0.000928096
0.00253913
0.000706868
0.000706868
0.00178315
0.000516664
0.000390343
0.000418151
0.000266813
0.000223047
-0.000295204
9.15311e-10
0.000142272
-0.000966761
-0.000266811
0.000142272
-0.000966762
-0.000516661
0.000223047
-0.000295209
-0.000706865
0.000390342
0.000418143
-0.000538227
0.000706866
0.00178313
0.000928093
0.00253912
0.000259157
0.000594196
0.000623175
0.000390343
0.000516664
0.000418151
0.000342383
0.000342383
-0.000147379
0.000217481
0.000240304
-0.000561295
8.45875e-10
0.000136487
-0.00107662
-0.00021748
0.000136487
-0.00107663
-0.000342381
0.000240304
-0.000561299
-0.000390341
0.000342382
-0.000147385
-0.000259155
0.000516662
0.00041814
0.000594194
0.000623164
0.000123743
0.000279092
-0.000358753
0.000223047
0.000266813
-0.000295205
0.000240304
0.000217481
-0.000561296
0.000183457
0.000183458
-0.000806065
7.3443e-10
0.000100875
-0.00113043
-0.000183456
0.000100875
-0.00113043
-0.000240302
0.000183458
-0.000806068
-0.000223046
0.000217481
-0.000561301
-0.000123742
0.000266812
-0.000295213
0.000279091
-0.000358761
8.56024e-05
9.23979e-10
-0.000950798
0.000142272
1.29587e-09
-0.000966761
0.000136487
1.25475e-09
-0.00107662
0.000100875
1.11709e-09
-0.00113043
5.73143e-10
8.45005e-10
-0.00135438
-0.000100874
8.23657e-10
-0.00135438
-0.000136486
1.06557e-09
-0.00113043
-0.000142271
1.16477e-09
-0.00107663
-8.56019e-05
1.22767e-09
-0.000966767
8.08547e-10
-0.000950804
8.56024e-05
-0.00027909
-0.0009508
0.000142272
-0.000266811
-0.000966764
0.000136486
-0.000217479
-0.00107663
0.000100875
-0.000183456
-0.00113043
5.519e-10
-0.000100874
-0.00135438
-0.000100874
-0.000100874
-0.00135439
-0.000136486
-0.000183456
-0.00113043
-0.000142271
-0.000217479
-0.00107663
-8.5602e-05
-0.00026681
-0.00096677
-0.000279089
-0.000950806
0.000123743
-0.000594194
-0.000358758
0.000223047
-0.000516661
-0.000295211
0.000240303
-0.00034238
-0.000561301
0.000183457
-0.000240302
-0.000806069
6.81775e-10
-0.000136486
-0.00113043
-0.000183456
-0.000136485
-0.00113043
-0.000240302
-0.000240302
-0.000806072
-0.000223045
-0.00034238
-0.000561306
-0.000123743
-0.000516659
-0.000295218
-0.000594191
-0.000358764
0.000259157
-0.000928092
0.000623168
0.000390342
-0.000706865
0.00041814
0.000342382
-0.00039034
-0.000147388
0.000217481
-0.000223045
-0.000561303
7.52334e-10
-0.000142271
-0.00107663
-0.000217479
-0.000142271
-0.00107663
-0.00034238
-0.000223045
-0.000561306
-0.00039034
-0.000390339
-0.000147394
-0.000259156
-0.000706862
0.000418129
-0.000928087
0.000623157
0.00053823
-0.00082376
0.00253912
0.000706867
-0.000538227
0.00178313
0.000516662
-0.000259155
0.000418136
0.000266812
-0.000123742
-0.000295215
8.38472e-10
-8.56018e-05
-0.000966769
-0.00026681
-8.56019e-05
-0.00096677
-0.000516659
-0.000123742
-0.000295219
-0.000706862
-0.000259155
0.000418129
-0.000538227
-0.000538226
0.00178311
-0.000823756
0.0025391
0.000823763
0.00404366
0.000928093
0.00253911
0.000594194
0.000623161
0.000279091
-0.000358763
6.01816e-10
-0.000950806
-0.000279089
-0.000950807
-0.000594191
-0.000358766
-0.000928088
0.000623155
-0.000823757
0.0025391
0.00404363
0.0004276
0.0004276
0.00318847
0.000532938
0.000304011
0.00212979
0.000377637
0.00016892
0.000609557
0.000183859
9.63486e-05
-0.000261323
4.62699e-10
4.66774e-05
-0.000813616
-0.000183858
4.66773e-05
-0.000813617
-0.000377635
9.63486e-05
-0.000261327
-0.000532936
0.00016892
0.00060955
-0.000427598
0.00030401
0.00212977
0.000427599
0.00318846
0.00030401
0.000532938
0.00212978
0.000427027
0.000427028
0.00153711
0.000346614
0.000261791
0.000405694
0.000188103
0.000176344
-0.00021669
5.47906e-10
8.18236e-05
-0.000813804
-0.000188102
8.18235e-05
-0.000813806
-0.000346612
0.000176344
-0.000216694
-0.000427025
0.00026179
0.000405686
-0.000304009
0.000427026
0.0015371
0.000532937
0.00212977
0.00016892
0.000377637
0.000609557
0.000261791
0.000346614
0.000405694
0.000258954
0.000258955
-0.000141706
0.000177539
0.000208148
-0.000511684
5.35625e-10
9.38107e-05
-0.000911073
-0.000177538
9.38105e-05
-0.000911074
-0.000258953
0.000208148
-0.000511687
-0.000261789
0.000258954
-0.000141713
-0.000168919
0.000346613
0.000405684
0.000377636
0.000609546
9.63485e-05
0.000183859
-0.000261324
0.000176344
0.000188103
-0.000216691
0.000208148
0.000177539
-0.000511684
0.000153617
0.000153618
-0.000697003
4.44961e-10
7.06011e-05
-0.000953602
-0.000153617
7.0601e-05
-0.000953603
-0.000208147
0.000153618
-0.000697007
-0.000176344
0.000177539
-0.000511689
-9.63482e-05
0.000188103
-0.000216698
0.000183858
-0.000261332
4.66773e-05
5.75505e-10
-0.000813617
8.18236e-05
7.7352e-10
-0.000813805
9.38106e-05
7.85794e-10
-0.000911073
7.0601e-05
6.76296e-10
-0.000953602
3.40801e-10
5.04882e-10
-0.00121318
-7.06003e-05
4.93727e-10
-0.00121318
-9.38099e-05
6.50617e-10
-0.000953604
-8.18229e-05
7.40379e-10
-0.000911077
-4.6677e-05
7.40482e-10
-0.000813811
5.20631e-10
-0.000813623
4.66773e-05
-0.000183858
-0.000813619
8.18234e-05
-0.000188102
-0.000813807
9.38104e-05
-0.000177538
-0.000911076
7.06008e-05
-0.000153616
-0.000953604
3.29703e-10
-7.06002e-05
-0.00121318
-7.06002e-05
-7.06001e-05
-0.00121318
-9.38097e-05
-0.000153616
-0.000953606
-8.18227e-05
-0.000177537
-0.00091108
-4.66769e-05
-0.000188102
-0.000813813
-0.000183857
-0.000813625
9.63487e-05
-0.000377635
-0.000261329
0.000176344
-0.000346612
-0.000216697
0.000208148
-0.000258953
-0.000511689
0.000153617
-0.000208147
-0.000697008
4.18649e-10
-9.38098e-05
-0.000953605
-0.000153617
-9.38096e-05
-0.000953606
-0.000208147
-0.000208147
-0.000697011
-0.000176344
-0.000258953
-0.000511694
-9.63484e-05
-0.000346611
-0.000216704
-0.000377634
-0.000261336
0.00016892
-0.000532936
0.000609549
0.00026179
-0.000427025
0.000405684
0.000258954
-0.000261789
-0.000141716
0.000177539
-0.000176344
-0.000511691
4.87963e-10
-8.18228e-05
-0.000911079
-0.000177538
-8.18227e-05
-0.00091108
-0.000258953
-0.000176343
-0.000511695
-0.000261789
-0.000261789
-0.000141722
-0.00016892
-0.000427024
0.000405673
-0.000532934
0.000609537
0.00030401
-0.000427599
0.00212977
0.000427026
-0.000304009
0.0015371
0.000346612
-0.000168919
0.000405681
0.000188103
-9.63482e-05
-0.000216701
5.09852e-10
-4.66769e-05
-0.000813812
-0.000188102
-4.66768e-05
-0.000813814
-0.000346611
-9.63482e-05
-0.000216705
-0.000427024
-0.000168919
0.000405673
-0.000304009
-0.000304008
0.00153708
-0.000427597
0.00212976
0.0004276
0.00318846
0.000532937
0.00212977
0.000377636
0.000609543
0.000183858
-0.000261334
3.97126e-10
-0.000813625
-0.000183857
-0.000813626
-0.000377634
-0.000261338
-0.000532934
0.000609536
-0.000427597
0.00212975
0.00318844
0.000147778
0.000147778
0.000198534
0.000116394
0.000141246
8.34474e-05
6.34957e-05
5.33999e-05
1.52891e-10
6.90224e-06
-6.34953e-05
6.90223e-06
-0.000141245
5.33998e-05
-0.000198533
8.34474e-05
-0.000147777
0.000116394
0.000147778
0.000116394
0.000198534
0.000172506
0.000172506
0.000155526
0.00012741
8.4989e-05
9.80637e-05
1.85795e-10
1.88337e-05
-8.49886e-05
1.88336e-05
-0.000155525
9.80636e-05
-0.000172505
0.000127409
-0.000116394
0.000172505
0.000198534
8.34474e-05
0.000141246
0.00012741
0.000155526
0.000137294
0.000137294
9.1712e-05
0.000122661
1.81641e-10
3.19723e-05
-9.17115e-05
3.19723e-05
-0.000137293
0.000122661
-0.000127409
0.000137294
-8.34471e-05
0.000155525
0.000141245
5.33999e-05
6.34958e-05
9.80637e-05
8.49891e-05
0.000122661
9.1712e-05
8.48043e-05
8.48044e-05
1.59439e-10
2.91739e-05
-8.4804e-05
2.91739e-05
-0.00012266
8.48042e-05
-9.80632e-05
9.17118e-05
-5.33996e-05
8.49889e-05
6.34955e-05
6.90222e-06
1.92338e-10
1.88336e-05
2.63083e-10
3.19723e-05
2.62805e-10
2.91739e-05
2.40562e-10
1.1464e-10
1.7182e-10
-2.91736e-05
1.69294e-10
-3.1972e-05
2.342e-10
-1.88334e-05
2.50346e-10
-6.9021e-06
2.55568e-10
1.77339e-10
6.90222e-06
-6.34953e-05
1.88336e-05
-8.49885e-05
3.19722e-05
-9.17114e-05
2.91738e-05
-8.48039e-05
1.12105e-10
-2.91736e-05
-2.91736e-05
-2.91735e-05
-3.19719e-05
-8.48037e-05
-1.88334e-05
-9.17112e-05
-6.90209e-06
-8.49882e-05
-6.3495e-05
5.33998e-05
-0.000141245
9.80635e-05
-0.000155525
0.00012266
-0.000137293
8.48041e-05
-0.00012266
1.52933e-10
-3.1972e-05
-8.48038e-05
-3.19719e-05
-0.00012266
-0.00012266
-9.8063e-05
-0.000137293
-5.33995e-05
-0.000155525
-0.000141245
8.34474e-05
-0.000198533
0.000127409
-0.000172505
0.000137293
-0.000127409
9.17117e-05
-9.80631e-05
1.68459e-10
-1.88334e-05
-9.17112e-05
-1.88333e-05
-0.000137293
-9.80629e-05
-0.000127409
-0.000127409
-8.34471e-05
-0.000172504
-0.000198533
0.000116394
-0.000147777
0.000172505
-0.000116394
0.000155525
-8.34471e-05
8.49888e-05
-5.33996e-05
1.76656e-10
-6.90207e-06
-8.49883e-05
-6.90206e-06
-0.000155525
-5.33995e-05
-0.000172504
-8.3447e-05
-0.000116393
-0.000116393
-0.000147777
0.000147778
0.000198534
0.000141245
6.34954e-05
1.34576e-10
-6.34951e-05
-0.000141245
-0.000198533
-0.000147777
)
;

boundaryField
{
    bottom
    {
        type            calculated;
        value           uniform 0;
    }
    atmosphere
    {
        type            calculated;
        value           nonuniform List<scalar> 
100
(
0.00289292
0.00196263
0.000583398
-0.000236974
-0.000757024
-0.000757025
-0.000236979
0.000583389
0.00196262
0.0028929
0.00196263
0.00142489
0.000378712
-0.000190818
-0.000740747
-0.00074075
-0.000190824
0.000378701
0.00142487
0.00196262
0.000583398
0.000378712
-0.000161475
-0.000490699
-0.0008325
-0.000832503
-0.000490704
-0.000161484
0.000378699
0.000583384
-0.000236973
-0.000190817
-0.000490699
-0.000621291
-0.000865999
-0.000866001
-0.000621295
-0.000490706
-0.000190828
-0.000236984
-0.000757022
-0.000740747
-0.0008325
-0.000865999
-0.00115483
-0.00115484
-0.000866003
-0.000832506
-0.000740755
-0.000757032
-0.000757024
-0.000740748
-0.000832501
-0.000866
-0.00115484
-0.00115484
-0.000866004
-0.000832507
-0.000740757
-0.000757033
-0.000236977
-0.000190821
-0.000490703
-0.000621294
-0.000866002
-0.000866004
-0.000621299
-0.00049071
-0.000190832
-0.000236988
0.000583391
0.000378704
-0.000161482
-0.000490704
-0.000832504
-0.000832507
-0.00049071
-0.00016149
0.000378691
0.000583377
0.00196262
0.00142488
0.000378702
-0.000190825
-0.000740753
-0.000740756
-0.000190831
0.000378691
0.00142486
0.0019626
0.0028929
0.00196262
0.000583387
-0.000236982
-0.00075703
-0.000757032
-0.000236986
0.000583378
0.00196261
0.00289288
)
;
    }
    walls
    {
        type            calculated;
        value           uniform 0;
    }
}


// ************************************************************************* //
