/*--------------------------------*- C++ -*----------------------------------*\
| =========                 |                                                 |
| \\      /  F ield         | OpenFOAM: The Open Source CFD Toolbox           |
|  \\    /   O peration     | Version:  2412                                  |
|   \\  /    A nd           | Website:  www.openfoam.com                      |
|    \\/     M anipulation  |                                                 |
\*---------------------------------------------------------------------------*/
FoamFile
{
    version     2.0;
    format      ascii;
    arch        "LSB;label=32;scalar=64";
    class       volVectorField;
    location    "0.75";
    object      U;
}
// * * * * * * * * * * * * * * * * * * * * * * * * * * * * * * * * * * * * * //

dimensions      [0 1 -1 0 0 0 0];

internalField   nonuniform List<vector> 
4000
(
(0.33752 0.33752 -0.188299)
(0.0218846 0.123951 -0.121989)
(-0.268951 -0.186721 -0.268543)
(-0.207712 -0.0875994 -0.282259)
(-0.145782 -0.0982805 -0.22389)
(0.145783 -0.0982776 -0.22389)
(0.207711 -0.0875971 -0.282262)
(0.26895 -0.18672 -0.268543)
(-0.0218851 0.123952 -0.121989)
(-0.33752 0.33752 -0.1883)
(0.123952 0.0218848 -0.121989)
(0.413917 0.413918 -0.141381)
(0.0587739 0.503004 -0.134236)
(-0.0551904 0.17465 -0.257314)
(-0.0916481 0.124708 -0.386319)
(0.0916466 0.124703 -0.386317)
(0.0551893 0.174648 -0.25731)
(-0.0587715 0.503006 -0.134235)
(-0.413917 0.413918 -0.141381)
(-0.123952 0.0218849 -0.121989)
(-0.186721 -0.268951 -0.268542)
(0.503004 0.0587749 -0.134236)
(-0.112365 -0.112363 0.121648)
(0.0242347 -0.514351 -0.247277)
(-0.0691451 -0.4755 -0.34312)
(0.0691405 -0.475505 -0.343114)
(-0.0242317 -0.514358 -0.247267)
(0.112368 -0.112357 0.121657)
(-0.503004 0.0587783 -0.134235)
(0.18672 -0.26895 -0.268542)
(-0.0875999 -0.207711 -0.282258)
(0.174652 -0.0551893 -0.257313)
(-0.51435 0.0242376 -0.247277)
(-0.185524 -0.185524 -0.335995)
(-0.102703 -0.226521 -0.32942)
(0.1027 -0.226523 -0.329411)
(0.185528 -0.185525 -0.335989)
(0.514354 0.0242351 -0.247274)
(-0.174653 -0.0551887 -0.257312)
(0.0875999 -0.20771 -0.282258)
(-0.0982815 -0.145781 -0.223889)
(0.124712 -0.0916477 -0.386322)
(-0.475497 -0.069144 -0.343119)
(-0.226518 -0.102701 -0.329421)
(-0.0927284 -0.0927302 -0.228095)
(0.0927258 -0.0927285 -0.228097)
(0.226518 -0.102697 -0.329415)
(0.475498 -0.069142 -0.343113)
(-0.124713 -0.0916465 -0.386323)
(0.09828 -0.145781 -0.223889)
(-0.0982775 0.145782 -0.22389)
(0.124705 0.0916457 -0.386318)
(-0.475505 0.069137 -0.34311)
(-0.226523 0.102697 -0.329408)
(-0.0927278 0.0927241 -0.228097)
(0.0927256 0.0927228 -0.228098)
(0.226522 0.102693 -0.329403)
(0.475506 0.0691358 -0.343105)
(-0.124706 0.0916448 -0.386319)
(0.0982765 0.145782 -0.22389)
(-0.087597 0.207711 -0.282262)
(0.174649 0.0551875 -0.257308)
(-0.514361 -0.0242325 -0.247265)
(-0.185527 0.185531 -0.335987)
(-0.102698 0.226522 -0.329413)
(0.102696 0.226524 -0.329403)
(0.185533 0.185533 -0.335982)
(0.514364 -0.0242294 -0.247264)
(-0.174649 0.0551874 -0.257308)
(0.0875972 0.20771 -0.282262)
(-0.18672 0.26895 -0.268543)
(0.503006 -0.0587717 -0.134235)
(-0.112357 0.112367 0.12166)
(0.0242309 0.514356 -0.247274)
(-0.0691428 0.475502 -0.343113)
(0.0691389 0.475507 -0.343107)
(-0.0242272 0.514362 -0.247266)
(0.11236 0.112361 0.121667)
(-0.503006 -0.058775 -0.134235)
(0.18672 0.26895 -0.268543)
(0.123952 -0.0218854 -0.121989)
(0.413918 -0.413917 -0.141381)
(0.0587782 -0.503004 -0.134235)
(-0.0551897 -0.174651 -0.257312)
(-0.0916465 -0.124709 -0.386321)
(0.0916452 -0.124704 -0.386318)
(0.055189 -0.174649 -0.257309)
(-0.0587757 -0.503005 -0.134235)
(-0.413918 -0.413917 -0.141381)
(-0.123953 -0.0218853 -0.121989)
(0.33752 -0.33752 -0.1883)
(0.0218849 -0.123953 -0.121989)
(-0.26895 0.18672 -0.268542)
(-0.20771 0.0875993 -0.282259)
(-0.145781 0.0982787 -0.22389)
(0.145782 0.0982762 -0.22389)
(0.20771 0.0875972 -0.282262)
(0.26895 0.186719 -0.268543)
(-0.0218852 -0.123953 -0.121989)
(-0.33752 -0.33752 -0.1883)
(0.0155388 0.0155388 -0.178155)
(-0.0328673 -0.65399 0.14675)
(-0.261459 -1.02506 0.206623)
(-0.253525 -1.26584 0.176058)
(-0.16595 -1.57422 0.0287751)
(0.16595 -1.57422 0.0287773)
(0.253524 -1.26581 0.176062)
(0.261458 -1.02504 0.206622)
(0.0328666 -0.653985 0.14675)
(-0.0155392 0.0155391 -0.178155)
(-0.65399 -0.0328671 0.14675)
(0.795886 0.795886 0.229263)
(-0.181123 1.0214 0.338016)
(0.050598 1.14925 0.536991)
(-0.430817 1.57697 0.488719)
(0.430826 1.57696 0.48872)
(-0.0506134 1.1492 0.536991)
(0.18112 1.02137 0.338012)
(-0.795885 0.795881 0.229264)
(0.653989 -0.0328682 0.14675)
(-1.02506 -0.261458 0.206623)
(1.0214 -0.181122 0.338017)
(-0.600496 -0.600504 0.264986)
(0.887119 -1.45266 0.330694)
(-0.805981 -0.464935 0.457963)
(0.805981 -0.465024 0.457954)
(-0.887129 -1.45268 0.330678)
(0.600521 -0.600533 0.264978)
(-1.0214 -0.18114 0.338018)
(1.02506 -0.261458 0.206621)
(-1.26584 -0.253524 0.176056)
(1.14926 0.0505926 0.536989)
(-1.45265 0.887133 0.330695)
(0.889608 0.889613 -0.162366)
(-0.932566 0.0457136 -0.0300343)
(0.932539 0.0456115 -0.0300554)
(-0.889565 0.889551 -0.162384)
(1.45267 0.887144 0.330695)
(-1.14924 0.0505967 0.536991)
(1.26583 -0.253523 0.176056)
(-1.57423 -0.16595 0.028773)
(1.57697 -0.430822 0.488721)
(-0.464992 -0.805972 0.457962)
(0.0458214 -0.932588 -0.0300364)
(-0.645507 -0.645534 -0.129617)
(0.645486 -0.645579 -0.129618)
(-0.0458282 -0.932581 -0.0300536)
(0.465146 -0.805961 0.457955)
(-1.57696 -0.430829 0.488725)
(1.57422 -0.165949 0.0287726)
(-1.57422 0.16595 0.0287764)
(1.57696 0.430835 0.488724)
(-0.46515 0.805969 0.457951)
(0.0456158 0.932532 -0.0300655)
(-0.645603 0.645473 -0.129625)
(0.645584 0.64552 -0.129625)
(-0.0456223 0.932527 -0.0300817)
(0.465278 0.805957 0.457945)
(-1.57695 0.430841 0.488727)
(1.57421 0.165949 0.0287758)
(-1.2658 0.253523 0.176062)
(1.14919 -0.0506114 0.53699)
(-1.45269 -0.887145 0.330675)
(0.889516 -0.889553 -0.162391)
(-0.932574 -0.0457027 -0.0300657)
(0.932549 -0.0455968 -0.0300857)
(-0.889472 -0.88949 -0.162405)
(1.4527 -0.887152 0.330677)
(-1.14917 -0.0506117 0.536991)
(1.26579 0.253522 0.176061)
(-1.02504 0.261458 0.206622)
(1.02137 0.181117 0.338011)
(-0.600536 0.60054 0.264976)
(0.88713 1.45269 0.330694)
(-0.805968 0.465139 0.457953)
(0.805966 0.465204 0.457946)
(-0.887137 1.4527 0.330681)
(0.600558 0.600567 0.264972)
(-1.02137 0.181133 0.338013)
(1.02503 0.261458 0.20662)
(-0.653984 0.0328663 0.146749)
(0.79588 -0.795885 0.229264)
(-0.181146 -1.02139 0.338018)
(0.050602 -1.14923 0.536993)
(-0.430825 -1.57696 0.488725)
(0.430833 -1.57695 0.488725)
(-0.050614 -1.14918 0.536992)
(0.181141 -1.02137 0.338015)
(-0.795879 -0.79588 0.229264)
(0.653983 0.0328677 0.146749)
(0.0155391 -0.0155391 -0.178155)
(-0.0328687 0.653989 0.14675)
(-0.261459 1.02505 0.206621)
(-0.253523 1.26582 0.176058)
(-0.165949 1.57422 0.0287747)
(0.165949 1.57421 0.0287768)
(0.253523 1.2658 0.176062)
(0.261459 1.02503 0.20662)
(0.0328683 0.653984 0.146749)
(-0.0155396 -0.0155396 -0.178155)
(-0.248356 -0.248356 -0.175236)
(0.155769 -1.52989 -0.0525927)
(-0.277625 -1.94656 -0.131304)
(-0.101952 -2.09814 -0.305492)
(-0.232988 -2.04991 -0.436008)
(0.232985 -2.04994 -0.436006)
(0.101954 -2.09815 -0.305485)
(0.277628 -1.94655 -0.1313)
(-0.155765 -1.52989 -0.0525926)
(0.248353 -0.248356 -0.175236)
(-1.52989 0.15577 -0.0525929)
(1.6004 1.6004 -0.566011)
(-0.00730281 1.92872 0.0717501)
(-0.0513597 2.08372 0.12159)
(-1.28582 1.66012 -0.999383)
(1.28583 1.66009 -0.999325)
(0.0513414 2.08373 0.121631)
(0.00731032 1.9287 0.0717664)
(-1.6004 1.6004 -0.566)
(1.52989 0.15577 -0.0525927)
(-1.94656 -0.277625 -0.131305)
(1.92872 -0.00729721 0.0717478)
(0.596589 0.59659 0.259465)
(0.933055 0.708835 0.152548)
(-0.612634 -0.591775 0.467665)
(0.612564 -0.591835 0.467706)
(-0.933096 0.708778 0.152544)
(-0.596644 0.596562 0.259455)
(-1.92871 -0.00728939 0.0717564)
(1.94656 -0.277626 -0.131305)
(-2.09814 -0.101952 -0.305493)
(2.08372 -0.0513684 0.121591)
(0.708836 0.933048 0.152551)
(0.835153 0.83515 -0.511924)
(-0.285996 0.235065 -0.181834)
(0.285963 0.23498 -0.181852)
(-0.835136 0.835121 -0.51194)
(-0.708881 0.93302 0.152548)
(-2.08372 -0.0513856 0.121607)
(2.09814 -0.101952 -0.305491)
(-2.0499 -0.232986 -0.436008)
(1.66015 -1.28582 -0.999367)
(-0.59174 -0.612648 0.467638)
(0.235081 -0.286059 -0.181861)
(-0.701544 -0.701651 -0.678319)
(0.701455 -0.701775 -0.678419)
(-0.234956 -0.286094 -0.181923)
(0.591798 -0.612676 0.467651)
(-1.66017 -1.28583 -0.999296)
(2.04991 -0.232985 -0.436008)
(-2.04995 0.232987 -0.436005)
(1.6601 1.28583 -0.999272)
(-0.591874 0.612539 0.46772)
(0.234866 0.28599 -0.181884)
(-0.701791 0.701428 -0.678538)
(0.701701 0.701553 -0.678636)
(-0.234746 0.286029 -0.181939)
(0.59192 0.612576 0.467731)
(-1.66013 1.28584 -0.999214)
(2.04995 0.232985 -0.436005)
(-2.09815 0.101954 -0.305483)
(2.08373 0.0513479 0.121648)
(0.70876 -0.933097 0.152546)
(0.835099 -0.835127 -0.511947)
(-0.286096 -0.23486 -0.181926)
(0.286068 -0.234777 -0.181936)
(-0.835084 -0.835099 -0.511959)
(-0.708802 -0.933064 0.152546)
(-2.08373 0.0513679 0.12166)
(2.09815 0.101954 -0.305482)
(-1.94655 0.277628 -0.1313)
(1.9287 0.00729855 0.0717696)
(0.596551 -0.596659 0.259454)
(0.933017 -0.708883 0.152547)
(-0.612675 0.591865 0.467691)
(0.612613 0.591917 0.467731)
(-0.933055 -0.708823 0.152546)
(-0.5966 -0.596624 0.259444)
(-1.92869 0.00729122 0.0717778)
(1.94655 0.277629 -0.1313)
(-1.52989 -0.155764 -0.0525927)
(1.6004 -1.6004 -0.565998)
(-0.00729483 -1.92871 0.071764)
(-0.0513798 -2.08372 0.121612)
(-1.28583 -1.66016 -0.999289)
(1.28584 -1.66013 -0.999243)
(0.0513636 -2.08372 0.121648)
(0.00730208 -1.92869 0.0717799)
(-1.6004 -1.6004 -0.565989)
(1.52989 -0.155764 -0.0525925)
(-0.248356 0.248353 -0.175236)
(0.15577 1.52989 -0.0525924)
(-0.277627 1.94655 -0.131304)
(-0.101952 2.09814 -0.30549)
(-0.232985 2.04992 -0.436007)
(0.232982 2.04994 -0.436006)
(0.101954 2.09815 -0.305483)
(0.277629 1.94655 -0.1313)
(-0.155765 1.52989 -0.0525923)
(0.248353 0.248353 -0.175236)
(-0.433862 -0.433862 -0.101888)
(0.259765 -1.9225 0.0987512)
(-0.429922 -1.92853 0.28597)
(-0.0590339 -0.648079 0.139585)
(-0.514977 -0.522648 -0.0685973)
(0.514997 -0.52266 -0.0685726)
(0.0590419 -0.648156 0.139589)
(0.429917 -1.92855 0.285971)
(-0.259762 -1.92251 0.0987525)
(0.433861 -0.433863 -0.101888)
(-1.9225 0.259765 0.0987513)
(1.94604 1.94604 -1.1286)
(-1.31554 1.95522 -0.123317)
(0.408924 0.241937 -0.165725)
(-1.40048 -0.52714 -0.876676)
(1.40044 -0.527135 -0.876663)
(-0.408814 0.242028 -0.165687)
(1.31533 1.95524 -0.123313)
(-1.94604 1.94605 -1.1286)
(1.9225 0.259764 0.0987518)
(-1.92853 -0.429923 0.285969)
(1.95522 -1.31562 -0.123309)
(0.496739 0.496722 0.794794)
(0.908356 0.612747 1.16194)
(-0.594396 -0.90193 1.02479)
(0.594252 -0.901863 1.02482)
(-0.908395 0.612688 1.16194)
(-0.496821 0.496699 0.794772)
(-1.95522 -1.31565 -0.123327)
(1.92853 -0.429927 0.285968)
(-0.64808 -0.0590349 0.139583)
(0.241927 0.40894 -0.16573)
(0.612748 0.908348 1.16195)
(-0.211251 -0.211255 0.717315)
(-0.486863 -0.0258552 0.234128)
(0.48688 -0.0258928 0.234116)
(0.211405 -0.211335 0.717292)
(-0.612783 0.908323 1.16195)
(-0.241893 0.40885 -0.165734)
(0.648094 -0.0590391 0.139583)
(-0.522669 -0.51497 -0.0686127)
(-0.527126 -1.4005 -0.876691)
(-0.901913 -0.594424 1.02479)
(-0.0258069 -0.486876 0.234078)
(-0.716608 -0.716647 -0.806516)
(0.716546 -0.7167 -0.806776)
(0.0258618 -0.486859 0.233974)
(0.901909 -0.594435 1.02481)
(0.527131 -1.40054 -0.876686)
(0.522687 -0.514971 -0.0686178)
(-0.522682 0.515004 -0.0685753)
(-0.527118 1.40043 -0.876652)
(-0.901831 0.594208 1.02486)
(-0.0259606 0.486898 0.234072)
(-0.716674 0.716454 -0.807074)
(0.716598 0.716495 -0.807321)
(0.0260288 0.486873 0.233974)
(0.901833 0.594234 1.02488)
(0.527124 1.40048 -0.876649)
(0.522698 0.515002 -0.0685831)
(-0.648179 0.0590463 0.13959)
(0.242038 -0.408767 -0.165672)
(0.612668 -0.908395 1.16194)
(-0.211429 0.211469 0.717286)
(-0.486876 0.0259296 0.233903)
(0.486886 0.0259808 0.233899)
(0.211568 0.211535 0.717268)
(-0.6127 -0.90837 1.16195)
(-0.241999 -0.408706 -0.165677)
(0.648186 0.0590497 0.13959)
(-1.92855 0.429916 0.285972)
(1.95525 1.31531 -0.123303)
(0.496709 -0.49683 0.794767)
(0.908324 -0.612783 1.16194)
(-0.594422 0.901938 1.02483)
(0.59429 0.901878 1.02486)
(-0.908364 -0.612721 1.16194)
(-0.496782 -0.496795 0.794751)
(-1.95524 1.31536 -0.123315)
(1.92855 0.42992 0.285971)
(-1.92251 -0.259762 0.0987526)
(1.94606 -1.94604 -1.1286)
(-1.3156 -1.95522 -0.123337)
(0.408842 -0.241885 -0.165734)
(-1.40053 0.527151 -0.876651)
(1.40049 0.527147 -0.876638)
(-0.408757 -0.241972 -0.165695)
(1.31541 -1.95524 -0.123327)
(-1.94605 -1.94605 -1.1286)
(1.92251 -0.259761 0.0987531)
(-0.433864 0.43386 -0.101888)
(0.259765 1.9225 0.0987519)
(-0.429927 1.92853 0.28597)
(-0.0590387 0.648098 0.139587)
(-0.514977 0.522671 -0.068605)
(0.514995 0.52268 -0.0685829)
(0.0590462 0.648168 0.13959)
(0.429922 1.92855 0.285971)
(-0.259762 1.92251 0.0987531)
(0.433862 0.433861 -0.101887)
(-0.501145 -0.501145 -0.00636167)
(0.375978 -1.89284 -0.0479436)
(-0.49686 -1.41666 0.0422119)
(0.0390613 -0.389055 -0.0349344)
(-0.462305 -0.746304 -0.179701)
(0.46231 -0.746322 -0.179672)
(-0.039061 -0.389079 -0.0349245)
(0.496858 -1.41669 0.0422172)
(-0.375975 -1.89285 -0.0479445)
(0.501145 -0.501147 -0.00635999)
(-1.89284 0.375977 -0.0479432)
(1.9035 1.9035 -1.0011)
(-2.28595 1.41745 -0.364479)
(0.815202 -0.280969 -0.310478)
(-1.4144 -0.455208 -0.998019)
(1.41435 -0.45512 -0.998063)
(-0.815208 -0.281 -0.310386)
(2.28596 1.41748 -0.364414)
(-1.9035 1.90351 -1.00117)
(1.89284 0.375976 -0.0479421)
(-1.41666 -0.49686 0.042212)
(1.41744 -2.28595 -0.364496)
(0.109938 0.109921 1.23613)
(0.707322 0.0257058 1.23615)
(-0.702882 -1.54563 0.466393)
(0.702877 -1.54557 0.466395)
(-0.707362 0.0256816 1.23618)
(-0.109986 0.109914 1.23612)
(-1.41745 -2.28596 -0.364487)
(1.41666 -0.496862 0.042217)
(-0.389068 0.0390608 -0.0349335)
(-0.280948 0.815217 -0.310501)
(0.0257029 0.707313 1.23615)
(-0.354881 -0.354879 0.699652)
(-0.549493 0.256942 -0.512047)
(0.549587 0.257017 -0.512049)
(0.354872 -0.354809 0.699593)
(-0.0257177 0.707301 1.2362)
(0.280932 0.815212 -0.310495)
(0.389077 0.0390586 -0.0349146)
(-0.746323 -0.462302 -0.179705)
(-0.45524 -1.4144 -0.998014)
(-1.54564 -0.70287 0.466375)
(0.256951 -0.54942 -0.512109)
(-0.596197 -0.59612 -1.17959)
(0.596172 -0.59598 -1.17982)
(-0.256981 -0.549378 -0.512219)
(1.54562 -0.702853 0.466391)
(0.455242 -1.4144 -0.998022)
(0.746339 -0.462306 -0.179691)
(-0.746349 0.462314 -0.179662)
(-0.455094 1.41433 -0.998064)
(-1.54555 0.702879 0.466446)
(0.257106 0.549592 -0.512106)
(-0.59586 0.596025 -1.18009)
(0.595824 0.595876 -1.18035)
(-0.257122 0.549529 -0.512217)
(1.54554 0.702862 0.466474)
(0.455116 1.41433 -0.998062)
(0.74636 0.462317 -0.179651)
(-0.389098 -0.0390593 -0.0349143)
(-0.280995 -0.815216 -0.310363)
(0.025672 -0.707364 1.23621)
(-0.354833 0.354862 0.699582)
(-0.549417 -0.257017 -0.512317)
(0.549492 -0.257081 -0.512317)
(0.354826 0.354794 0.699525)
(-0.0256816 -0.707356 1.23625)
(0.280978 -0.815221 -0.310363)
(0.389107 -0.039055 -0.0348989)
(-1.4167 0.496856 0.0422202)
(1.41748 2.28596 -0.364399)
(0.109936 -0.109976 1.23612)
(0.707303 -0.0257253 1.23621)
(-0.702869 1.54562 0.466427)
(0.702864 1.54557 0.466442)
(-0.707348 -0.0256968 1.23625)
(-0.109977 -0.109961 1.23611)
(-1.41748 2.28597 -0.3644)
(1.4167 0.496856 0.042225)
(-1.89286 -0.375975 -0.0479449)
(1.90351 -1.9035 -1.0012)
(-2.28597 -1.41745 -0.36448)
(0.815214 0.280939 -0.31048)
(-1.41441 0.45522 -0.997998)
(1.41436 0.45515 -0.998032)
(-0.81523 0.28097 -0.310389)
(2.28598 -1.41748 -0.364422)
(-1.90351 -1.90351 -1.00125)
(1.89286 -0.375973 -0.0479434)
(-0.501148 0.501145 -0.00635958)
(0.375976 1.89284 -0.0479421)
(-0.496862 1.41667 0.0422196)
(0.039061 0.38907 -0.0349058)
(-0.462311 0.746324 -0.179681)
(0.462315 0.746338 -0.179656)
(-0.0390583 0.389095 -0.0348992)
(0.496859 1.4167 0.0422246)
(-0.375973 1.89285 -0.0479427)
(0.501147 0.501146 -0.00635784)
(-0.481454 -0.481454 0.0153856)
(0.504716 -1.87699 0.0630049)
(-0.588644 -1.02877 0.344785)
(0.0529525 -0.499548 0.341441)
(-0.526654 -0.867627 0.158575)
(0.52666 -0.867633 0.158579)
(-0.0529827 -0.499569 0.341471)
(0.588642 -1.02881 0.344785)
(-0.504714 -1.877 0.0630046)
(0.481455 -0.481456 0.0153894)
(-1.87699 0.504717 0.0630052)
(1.86207 1.86207 -0.607731)
(-2.34014 0.686216 -0.44169)
(0.992366 -0.564752 -0.42093)
(-1.19453 -0.435279 -0.738724)
(1.19446 -0.435119 -0.738782)
(-0.99243 -0.564807 -0.420914)
(2.34021 0.686219 -0.441686)
(-1.86207 1.86208 -0.607742)
(1.87699 0.504718 0.0630064)
(-1.02877 -0.588642 0.344784)
(0.686243 -2.34013 -0.441696)
(-0.24815 -0.248168 1.3136)
(0.458508 -0.747933 1.36529)
(-0.789333 -1.32344 0.349762)
(0.789366 -1.32342 0.349821)
(-0.458551 -0.747905 1.36528)
(0.24815 -0.248151 1.31358)
(-0.686299 -2.34016 -0.441717)
(1.02879 -0.588641 0.344782)
(-0.499551 0.0529397 0.341435)
(-0.564711 0.992352 -0.420946)
(-0.747939 0.458511 1.3653)
(0.0395449 0.039573 0.991285)
(-0.763804 0.320539 -0.763759)
(0.763925 0.320749 -0.763717)
(-0.039611 0.0397117 0.99127)
(0.747929 0.458528 1.36532)
(0.564676 0.992395 -0.420962)
(0.49954 0.0529389 0.341432)
(-0.867633 -0.526655 0.158579)
(-0.435332 -1.19453 -0.73872)
(-1.32343 -0.789302 0.349728)
(0.320501 -0.763689 -0.763811)
(-0.512478 -0.512364 -1.26273)
(0.512487 -0.512185 -1.26285)
(-0.320619 -0.76367 -0.763869)
(1.3234 -0.789274 0.349737)
(0.435307 -1.1945 -0.738739)
(0.867639 -0.526654 0.158587)
(-0.867643 0.526667 0.158584)
(-0.435084 1.19444 -0.738796)
(-1.32339 0.789376 0.349849)
(0.320956 0.763943 -0.763772)
(-0.512086 0.512406 -1.26299)
(0.512102 0.512235 -1.26313)
(-0.321049 0.763901 -0.763849)
(1.32336 0.789346 0.349856)
(0.435094 1.19441 -0.738799)
(0.867647 0.526667 0.158594)
(-0.499584 -0.052985 0.341482)
(-0.564784 -0.992447 -0.420917)
(-0.747889 -0.458569 1.3653)
(0.0397121 -0.0396598 0.991271)
(-0.763699 -0.320755 -0.764013)
(0.7638 -0.320945 -0.763986)
(-0.0397666 -0.0397881 0.991238)
(0.747889 -0.45859 1.36532)
(0.564744 -0.99249 -0.420931)
(0.499585 -0.0529774 0.34148)
(-1.02882 0.588638 0.344787)
(0.686233 2.34023 -0.441688)
(-0.248117 0.248173 1.31358)
(0.458525 0.7479 1.36533)
(-0.789275 1.32338 0.349753)
(0.789307 1.32336 0.349813)
(-0.458572 0.74788 1.36531)
(0.248115 0.248155 1.31357)
(-0.686284 2.34025 -0.441703)
(1.02883 0.588633 0.344787)
(-1.877 -0.504715 0.063004)
(1.86208 -1.86207 -0.607745)
(-2.34019 -0.686301 -0.441722)
(0.99242 0.564671 -0.420961)
(-1.19451 0.435261 -0.73872)
(1.19445 0.435132 -0.738761)
(-0.992489 0.564724 -0.420941)
(2.34025 -0.686298 -0.441713)
(-1.86208 -1.86208 -0.607751)
(1.87701 -0.504716 0.0630046)
(-0.481457 0.481455 0.0153903)
(0.504718 1.87699 0.0630062)
(-0.588641 1.02879 0.344782)
(0.0529521 0.499536 0.341436)
(-0.526657 0.867635 0.158591)
(0.526663 0.867639 0.158596)
(-0.0529766 0.49957 0.341468)
(0.588635 1.02883 0.344785)
(-0.504717 1.87701 0.0630049)
(0.481458 0.481457 0.0153939)
(-0.502965 -0.502965 -0.0494879)
(0.39847 -1.79857 0.0377665)
(-0.533623 -0.773504 0.439293)
(-0.0082336 -0.587868 0.491838)
(-0.623172 -0.848401 0.198013)
(0.623176 -0.848402 0.197989)
(0.00821218 -0.587879 0.491882)
(0.533621 -0.773538 0.439298)
(-0.398473 -1.79859 0.037766)
(0.502965 -0.502966 -0.0494848)
(-1.79858 0.398472 0.0377662)
(1.79552 1.79552 -0.333726)
(-2.26109 0.724807 -0.372696)
(1.10191 0.0818028 -0.537524)
(-1.07799 -0.308299 -0.715105)
(1.07794 -0.308191 -0.715169)
(-1.10196 0.0818699 -0.537546)
(2.26115 0.724838 -0.372707)
(-1.79552 1.79553 -0.33373)
(1.79859 0.398474 0.0377683)
(-0.773509 -0.533619 0.439289)
(0.724856 -2.26108 -0.372716)
(-0.579328 -0.579346 1.35004)
(0.268378 -1.26824 1.24682)
(-0.636785 -0.929681 -0.14496)
(0.636857 -0.929708 -0.144928)
(-0.268346 -1.26823 1.24677)
(0.579357 -0.579326 1.35002)
(-0.724927 -2.26111 -0.372745)
(0.773528 -0.533615 0.43928)
(-0.587877 -0.00825836 0.491824)
(0.0818216 1.10188 -0.537536)
(-1.26824 0.268439 1.24684)
(0.467195 0.467285 0.81267)
(-0.660897 0.374738 -1.0748)
(0.660989 0.37499 -1.07477)
(-0.467209 0.467476 0.812663)
(1.26825 0.268532 1.24686)
(-0.081872 1.1019 -0.537569)
(0.587886 -0.00827518 0.491818)
(-0.848405 -0.623173 0.198025)
(-0.308354 -1.07799 -0.715104)
(-0.929665 -0.636741 -0.144995)
(0.374689 -0.660838 -1.0748)
(-0.41275 -0.412626 -1.3362)
(0.412806 -0.412491 -1.33615)
(-0.37483 -0.660897 -1.07479)
(0.929662 -0.636725 -0.144991)
(0.308337 -1.07792 -0.715109)
(0.84841 -0.623168 0.198028)
(-0.848407 0.623182 0.197988)
(-0.308179 1.07793 -0.715192)
(-0.929694 0.636883 -0.144927)
(0.37521 0.661034 -1.07478)
(-0.412479 0.412807 -1.3361)
(0.412549 0.412686 -1.33608)
(-0.375317 0.661087 -1.0748)
(0.929675 0.63686 -0.144917)
(0.308187 1.07787 -0.715179)
(0.848413 0.623179 0.198001)
(-0.587895 0.00822043 0.491894)
(0.0819344 -1.10196 -0.537569)
(-1.26822 -0.268387 1.2468)
(0.467541 -0.467311 0.81269)
(-0.66088 -0.374981 -1.07487)
(0.660968 -0.375204 -1.07486)
(-0.467515 -0.467466 0.812654)
(1.26824 -0.268484 1.24682)
(-0.0819809 -1.10198 -0.537601)
(0.587909 0.00824242 0.491889)
(-0.773551 0.533614 0.439299)
(0.724883 2.26117 -0.372731)
(-0.579288 0.579377 1.35002)
(0.26852 1.26823 1.24687)
(-0.63674 0.929646 -0.144975)
(0.636801 0.92966 -0.144934)
(-0.268492 1.26822 1.24682)
(0.579305 0.579345 1.34999)
(-0.724975 2.26121 -0.372774)
(0.773573 0.533603 0.439294)
(-1.7986 -0.398475 0.0377641)
(1.79553 -1.79552 -0.33373)
(-2.26113 -0.724923 -0.372747)
(1.10194 -0.0818962 -0.537576)
(-1.07796 0.308279 -0.715099)
(1.07791 0.308188 -0.715145)
(-1.10199 -0.0819655 -0.5376)
(2.2612 -0.724972 -0.372771)
(-1.79553 -1.79553 -0.333721)
(1.7986 -0.39848 0.0377649)
(-0.502967 0.502966 -0.0494843)
(0.398475 1.79859 0.0377683)
(-0.533614 0.773534 0.439278)
(-0.00825892 0.587885 0.491823)
(-0.62317 0.848409 0.198022)
(0.623176 0.848409 0.198006)
(0.00824097 0.587902 0.491871)
(0.533605 0.77357 0.439287)
(-0.39848 1.7986 0.037766)
(0.502969 0.502968 -0.0494812)
(-0.599278 -0.599279 0.113666)
(0.356049 -1.83065 0.0480487)
(-0.515315 -0.634899 0.515866)
(-0.073736 -0.578684 0.60186)
(-0.676256 -0.822471 0.327827)
(0.676248 -0.822469 0.327784)
(0.0737413 -0.578701 0.601881)
(0.515322 -0.634913 0.515859)
(-0.356049 -1.83066 0.0480496)
(0.599278 -0.59928 0.113668)
(-1.83066 0.356056 0.0480481)
(1.81747 1.81748 -0.027656)
(-2.04656 0.835038 -0.304143)
(1.01376 0.383504 -0.573895)
(-1.0559 -0.346603 -0.6138)
(1.05593 -0.346606 -0.613835)
(-1.01383 0.383617 -0.573928)
(2.04659 0.835064 -0.304191)
(-1.81747 1.81748 -0.0276473)
(1.83067 0.356061 0.048051)
(-0.634906 -0.515305 0.515862)
(0.835064 -2.04652 -0.304143)
(-0.802056 -0.802064 1.60371)
(0.374103 -1.23562 1.10748)
(-0.356201 -0.750763 -0.345736)
(0.356438 -0.750862 -0.34572)
(-0.374041 -1.23562 1.10743)
(0.802082 -0.802052 1.60371)
(-0.835101 -2.04652 -0.304173)
(0.634927 -0.5153 0.515851)
(-0.578694 -0.0737522 0.601849)
(0.383508 1.01372 -0.573919)
(-1.23563 0.374159 1.10752)
(0.546301 0.546386 0.469812)
(-0.464633 0.372301 -1.15407)
(0.464623 0.372438 -1.15408)
(-0.546325 0.546548 0.469861)
(1.23566 0.374234 1.10755)
(-0.383525 1.01369 -0.573969)
(0.578708 -0.0737643 0.60183)
(-0.822474 -0.67626 0.327845)
(-0.346623 -1.05585 -0.613817)
(-0.750756 -0.356066 -0.345757)
(0.372295 -0.46466 -1.15403)
(-0.360193 -0.360075 -1.33921)
(0.360292 -0.36 -1.33905)
(-0.372399 -0.464732 -1.15399)
(0.750819 -0.35605 -0.345743)
(0.346624 -1.05581 -0.613812)
(0.822473 -0.676254 0.327841)
(-0.822473 0.67625 0.327781)
(-0.346624 1.05591 -0.613864)
(-0.750899 0.356438 -0.345743)
(0.372586 0.464645 -1.15406)
(-0.360069 0.360362 -1.3389)
(0.360183 0.360299 -1.33879)
(-0.372675 0.464735 -1.15404)
(0.750935 0.356383 -0.345726)
(0.346624 1.05587 -0.613852)
(0.822473 0.676249 0.32779)
(-0.578719 0.073758 0.601882)
(0.383676 -1.0138 -0.573964)
(-1.23562 -0.37407 1.10746)
(0.546642 -0.546459 0.46991)
(-0.464679 -0.372499 -1.15402)
(0.464687 -0.372626 -1.15404)
(-0.546634 -0.546593 0.469924)
(1.23565 -0.374161 1.10751)
(-0.383686 -1.01374 -0.574015)
(0.57873 0.0737784 0.601868)
(-0.634921 0.515315 0.515855)
(0.835098 2.04656 -0.304211)
(-0.802031 0.802086 1.60371)
(0.37424 1.23564 1.10755)
(-0.356145 0.750828 -0.345739)
(0.356336 0.750904 -0.345718)
(-0.374194 1.23564 1.10751)
(0.80205 0.802067 1.60372)
(-0.835153 2.04653 -0.304233)
(0.634944 0.515301 0.515845)
(-1.83067 -0.356053 0.0480469)
(1.81748 -1.81748 -0.0276369)
(-2.04654 -0.835099 -0.304186)
(1.01369 -0.383539 -0.573965)
(-1.05588 0.346592 -0.613809)
(1.05591 0.346594 -0.613837)
(-1.01371 -0.383654 -0.574003)
(2.04654 -0.835143 -0.304229)
(-1.81749 -1.81749 -0.0276001)
(1.83068 -0.356059 0.048045)
(-0.59928 0.599279 0.113668)
(0.356059 1.83067 0.0480505)
(-0.515304 0.63493 0.515848)
(-0.0737596 0.578709 0.601827)
(-0.67625 0.822471 0.327825)
(0.676247 0.82247 0.327793)
(0.0737725 0.578725 0.601854)
(0.515302 0.634944 0.515842)
(-0.35606 1.83068 0.0480457)
(0.59928 0.59928 0.113668)
(-0.670228 -0.670229 0.206267)
(0.523646 -1.92292 0.0292623)
(-0.466851 -0.566573 0.52133)
(-0.0463784 -0.500386 0.65662)
(-0.694847 -0.753112 0.387869)
(0.694834 -0.753117 0.387829)
(0.0463989 -0.500403 0.65661)
(0.466873 -0.566566 0.52133)
(-0.523646 -1.92293 0.029268)
(0.670229 -0.67023 0.206268)
(-1.92293 0.52365 0.02926)
(1.93454 1.93454 0.00869178)
(-1.02666 1.13738 0.0969213)
(0.544261 0.433032 -0.499908)
(-0.86462 -0.32926 -0.672416)
(0.864691 -0.329346 -0.672377)
(-0.544228 0.433086 -0.499947)
(1.02676 1.13737 0.0968705)
(-1.93455 1.93455 0.0087128)
(1.92294 0.523653 0.0292626)
(-0.566597 -0.466831 0.521325)
(1.13742 -1.02654 0.096927)
(-0.841607 -0.841605 1.74742)
(0.817687 -0.991358 0.913814)
(-0.167452 -0.690491 -0.498603)
(0.167583 -0.690638 -0.498556)
(-0.817682 -0.991361 0.9138)
(0.841621 -0.841598 1.74743)
(-1.13744 -1.0265 0.0969177)
(0.566632 -0.466817 0.521316)
(-0.500397 -0.0463785 0.656618)
(0.433047 0.544306 -0.499923)
(-0.991374 0.817686 0.913836)
(0.611636 0.611633 0.0974067)
(-0.298293 0.402045 -1.19867)
(0.298212 0.402061 -1.19871)
(-0.611678 0.611618 0.097429)
(0.991406 0.817686 0.91385)
(-0.433033 0.544317 -0.499961)
(0.500408 -0.0463787 0.656605)
(-0.753115 -0.694848 0.387886)
(-0.32922 -0.864554 -0.672428)
(-0.690461 -0.167363 -0.498623)
(0.402065 -0.298373 -1.19859)
(-0.324866 -0.324845 -1.32031)
(0.324957 -0.324904 -1.32004)
(-0.40209 -0.298432 -1.19855)
(0.690523 -0.167358 -0.498623)
(0.329219 -0.864556 -0.672391)
(0.753111 -0.694836 0.387881)
(-0.753125 0.694829 0.387827)
(-0.329347 0.864659 -0.67237)
(-0.690689 0.167554 -0.498565)
(0.402118 0.298215 -1.19866)
(-0.32503 0.325082 -1.31972)
(0.325133 0.325152 -1.31947)
(-0.402156 0.298296 -1.19862)
(0.690726 0.167523 -0.498561)
(0.329317 0.864642 -0.67235)
(0.753121 0.694822 0.387832)
(-0.500418 0.0464108 0.656607)
(0.43312 -0.544238 -0.499975)
(-0.991382 -0.817682 0.913822)
(0.61165 -0.611732 0.0974457)
(-0.298394 -0.402109 -1.19855)
(0.298331 -0.40214 -1.19859)
(-0.611708 -0.611735 0.0974508)
(0.991413 -0.817697 0.913853)
(-0.43311 -0.544235 -0.499996)
(0.500424 0.0464216 0.656606)
(-0.566577 0.466865 0.521325)
(1.1374 1.02668 0.096856)
(-0.841587 0.841612 1.74743)
(0.817712 0.991404 0.913843)
(-0.167428 0.690556 -0.498615)
(0.167526 0.690679 -0.498568)
(-0.817722 0.991406 0.913845)
(0.841583 0.841582 1.74743)
(-1.13746 1.02655 0.0968534)
(0.566611 0.466845 0.521313)
(-1.92293 -0.523648 0.0292651)
(1.93455 -1.93455 0.00870982)
(-1.02653 -1.13743 0.096915)
(0.544257 -0.433038 -0.499953)
(-0.864574 0.329235 -0.672399)
(0.864628 0.329302 -0.672376)
(-0.544203 -0.433097 -0.499982)
(1.02654 -1.13745 0.096871)
(-1.93455 -1.93456 0.00870696)
(1.92294 -0.52365 0.0292592)
(-0.67023 0.670229 0.206268)
(0.523652 1.92294 0.029262)
(-0.466824 0.566629 0.521315)
(-0.0463829 0.50041 0.656595)
(-0.694834 0.753109 0.38786)
(0.694826 0.753114 0.387828)
(0.0464142 0.500422 0.656597)
(0.466838 0.566622 0.52131)
(-0.523651 1.92294 0.0292585)
(0.670231 0.67023 0.206268)
(-0.730413 -0.730413 0.250523)
(0.62518 -1.8513 -0.0715109)
(-0.115662 -0.901857 0.469997)
(0.09234 -0.415156 0.752628)
(-0.626495 -0.64732 0.463623)
(0.626476 -0.64732 0.463606)
(-0.0923238 -0.415179 0.752617)
(0.115689 -0.901851 0.470001)
(-0.625181 -1.85133 -0.071503)
(0.730413 -0.730412 0.250524)
(-1.8513 0.62518 -0.0715175)
(1.46475 1.46478 -0.806232)
(-1.36858 1.14396 0.458306)
(0.374896 0.429567 -0.384461)
(-0.874043 -0.167123 -0.751712)
(0.874045 -0.167244 -0.751641)
(-0.374864 0.429562 -0.38451)
(1.36863 1.14396 0.458268)
(-1.4648 1.46488 -0.806209)
(1.85132 0.625179 -0.0715202)
(-0.901874 -0.115645 0.469991)
(1.14398 -1.36849 0.45828)
(-0.829169 -0.829167 1.82493)
(1.01402 -0.800422 0.66897)
(-0.245203 -0.597795 -0.476748)
(0.245141 -0.597923 -0.476682)
(-1.01406 -0.80042 0.66902)
(0.829148 -0.829158 1.82494)
(-1.14401 -1.36834 0.458241)
(0.901902 -0.115639 0.469986)
(-0.415167 0.0923401 0.752626)
(0.429586 0.37492 -0.384462)
(-0.800435 1.01398 0.668967)
(0.6385 0.638478 -0.134606)
(-0.243639 0.387325 -1.17527)
(0.243575 0.387282 -1.17535)
(-0.638471 0.638361 -0.134591)
(0.800446 1.01396 0.668972)
(-0.429587 0.374875 -0.384476)
(0.415188 0.0923334 0.752618)
(-0.647329 -0.626489 0.463627)
(-0.167031 -0.874043 -0.751721)
(-0.597761 -0.245178 -0.476761)
(0.387341 -0.243716 -1.1752)
(-0.31235 -0.312503 -1.2757)
(0.312355 -0.312729 -1.27551)
(-0.387287 -0.243733 -1.1752)
(0.597794 -0.245137 -0.476742)
(0.167031 -0.874059 -0.751671)
(0.647327 -0.626476 0.463623)
(-0.647331 0.62646 0.463602)
(-0.167206 0.874047 -0.751617)
(-0.597965 0.245076 -0.476679)
(0.387268 0.243574 -1.17531)
(-0.312831 0.312445 -1.27528)
(0.312842 0.312679 -1.2751)
(-0.38724 0.243601 -1.1753)
(0.59798 0.245027 -0.476657)
(0.167175 0.874061 -0.751592)
(0.647331 0.626449 0.463597)
(-0.415187 -0.0923219 0.752613)
(0.429567 -0.374862 -0.384528)
(-0.80044 -1.01404 0.669045)
(0.638352 -0.638435 -0.134574)
(-0.243712 -0.387241 -1.1752)
(0.243652 -0.387224 -1.17526)
(-0.638354 -0.638348 -0.13457)
(0.80045 -1.01402 0.669055)
(-0.429569 -0.374825 -0.384517)
(0.415184 -0.0923136 0.752614)
(-0.901861 0.115684 0.469993)
(1.14397 1.36859 0.458237)
(-0.829157 0.829129 1.82493)
(1.01399 0.800445 0.668984)
(-0.245122 0.597831 -0.476731)
(0.245058 0.59794 -0.47667)
(-1.01403 0.800437 0.669035)
(0.829134 0.829111 1.82495)
(-1.14401 1.36849 0.458204)
(0.901885 0.115671 0.469978)
(-1.85133 -0.625182 -0.0715071)
(1.46487 -1.4648 -0.806222)
(-1.36837 -1.14401 0.45825)
(0.374842 -0.429579 -0.384474)
(-0.874033 0.167132 -0.75167)
(0.874037 0.167233 -0.751624)
(-0.374806 -0.429573 -0.384499)
(1.36843 -1.14402 0.458218)
(-1.46484 -1.46481 -0.80625)
(1.85133 -0.625182 -0.0715161)
(-0.730413 0.730414 0.250524)
(0.625179 1.85132 -0.0715194)
(-0.115642 0.9019 0.469987)
(0.0923235 0.415196 0.75261)
(-0.626477 0.64732 0.46361)
(0.62646 0.64732 0.463593)
(-0.0923066 0.415194 0.752609)
(0.11566 0.901893 0.469979)
(-0.625182 1.85133 -0.0715194)
(0.730414 0.730414 0.250524)
(-0.790923 -0.790923 0.298504)
(0.673589 -1.37924 -0.101735)
(-0.0901462 -0.88366 0.568122)
(0.112286 -0.388744 0.906671)
(-0.525614 -0.502768 0.492692)
(0.525599 -0.502759 0.492685)
(-0.112296 -0.388758 0.906672)
(0.0901721 -0.883657 0.568125)
(-0.673591 -1.37927 -0.101746)
(0.790924 -0.790923 0.298505)
(-1.37923 0.673588 -0.101736)
(0.0702996 0.0703492 -0.295482)
(-1.44589 1.007 0.559137)
(0.147984 0.43613 -0.449263)
(-0.876961 -0.0100749 -0.917783)
(0.876942 -0.0102102 -0.917696)
(-0.147929 0.436053 -0.449333)
(1.44593 1.00699 0.559117)
(-0.0702929 0.0704391 -0.295515)
(1.37925 0.673592 -0.101748)
(-0.88367 -0.0901313 0.568118)
(1.00701 -1.44586 0.559121)
(-0.875529 -0.875518 1.82984)
(0.962705 -0.68755 0.488849)
(-0.311096 -0.509014 -0.459246)
(0.311048 -0.509078 -0.459277)
(-0.962701 -0.687565 0.488885)
(0.875478 -0.875516 1.82985)
(-1.00703 -1.44582 0.559129)
(0.883692 -0.0901136 0.568112)
(-0.388753 0.112275 0.906665)
(0.436167 0.148001 -0.449237)
(-0.687574 0.962676 0.488846)
(0.56785 0.567834 -0.426688)
(-0.22895 0.35367 -1.14255)
(0.228956 0.353616 -1.14261)
(-0.567796 0.567745 -0.426674)
(0.687574 0.96266 0.488846)
(-0.436159 0.147936 -0.449216)
(0.388765 0.112268 0.906665)
(-0.502781 -0.525607 0.492681)
(-0.00995974 -0.876967 -0.917805)
(-0.509 -0.311092 -0.459206)
(0.353687 -0.229002 -1.14252)
(-0.273729 -0.273842 -1.2569)
(0.273742 -0.274018 -1.2568)
(-0.353621 -0.229014 -1.14255)
(0.509006 -0.311079 -0.45917)
(0.00997077 -0.876985 -0.917775)
(0.502775 -0.5256 0.492677)
(-0.502765 0.525578 0.492671)
(-0.0101524 0.876936 -0.917676)
(-0.509109 0.311005 -0.459261)
(0.353582 0.228969 -1.1426)
(-0.274073 0.27378 -1.25669)
(0.27408 0.273951 -1.25658)
(-0.35354 0.22897 -1.14261)
(0.509105 0.310979 -0.459214)
(0.0101475 0.87695 -0.917673)
(0.50276 0.525565 0.492662)
(-0.388764 -0.112298 0.906665)
(0.436044 -0.147913 -0.449336)
(-0.687612 -0.96268 0.488892)
(0.567733 -0.567743 -0.426665)
(-0.229004 -0.353557 -1.14255)
(0.228994 -0.353525 -1.14259)
(-0.567707 -0.567675 -0.426665)
(0.687616 -0.962672 0.488892)
(-0.43605 -0.147864 -0.449296)
(0.38876 -0.112285 0.906658)
(-0.883663 0.090178 0.568121)
(1.00699 1.44594 0.55909)
(-0.875532 0.875445 1.82984)
(0.962683 0.68755 0.488852)
(-0.311056 0.509024 -0.459201)
(0.311009 0.509077 -0.459227)
(-0.962692 0.687555 0.488885)
(0.875507 0.875458 1.82986)
(-1.00701 1.44591 0.559076)
(0.883675 0.0901799 0.568109)
(-1.37927 -0.673591 -0.101746)
(0.0704266 -0.0703017 -0.295524)
(-1.44582 -1.00703 0.559136)
(0.147911 -0.436118 -0.449239)
(-0.876958 0.0101281 -0.917756)
(0.876943 0.0102531 -0.917695)
(-0.147862 -0.436053 -0.449291)
(1.44587 -1.00702 0.559098)
(-0.0703855 -0.0703427 -0.295549)
(1.37926 -0.673593 -0.101747)
(-0.790923 0.790925 0.298505)
(0.673593 1.37925 -0.101747)
(-0.0901168 0.883691 0.568114)
(0.11227 0.388769 0.906668)
(-0.525603 0.502763 0.492683)
(0.525582 0.502752 0.492674)
(-0.112275 0.388767 0.906663)
(0.0901599 0.883681 0.56811)
(-0.673595 1.37925 -0.101745)
(0.790925 0.790925 0.298505)
(-0.82928 -0.829279 0.364685)
(0.719679 -1.18127 0.155812)
(-0.28869 -0.825242 0.710823)
(0.138435 -0.272854 0.927492)
(-0.479983 -0.11377 0.504769)
(0.479987 -0.113747 0.5048)
(-0.138457 -0.272848 0.927511)
(0.288712 -0.825241 0.710825)
(-0.719682 -1.18128 0.155803)
(0.829281 -0.829279 0.364684)
(-1.18126 0.719677 0.155816)
(-0.104541 -0.10453 -0.411254)
(-1.2289 0.884983 0.421965)
(0.119222 0.507734 -0.45487)
(-0.836168 0.137172 -1.09278)
(0.836172 0.137185 -1.09271)
(-0.119185 0.507664 -0.454939)
(1.22894 0.884972 0.421947)
(0.104551 -0.104519 -0.411258)
(1.18127 0.71968 0.155813)
(-0.825246 -0.28868 0.710821)
(0.884988 -1.22889 0.421961)
(-0.892355 -0.892331 1.81544)
(0.869448 -0.31228 0.319466)
(-0.429021 -0.358078 -0.393096)
(0.429036 -0.358045 -0.39312)
(-0.869422 -0.312398 0.31952)
(0.892303 -0.892339 1.81546)
(-0.885 -1.22889 0.421972)
(0.825253 -0.288668 0.710819)
(-0.272862 0.138425 0.927479)
(0.507759 0.119219 -0.454843)
(-0.312308 0.869439 0.319479)
(0.439634 0.439615 -0.530716)
(-0.185284 0.304233 -1.1233)
(0.18535 0.304176 -1.12334)
(-0.439569 0.439552 -0.530715)
(0.312313 0.869434 0.319501)
(-0.507739 0.119166 -0.454829)
(0.272855 0.138417 0.927486)
(-0.113767 -0.479974 0.504734)
(0.137201 -0.836152 -1.09279)
(-0.358078 -0.429039 -0.393047)
(0.304257 -0.18531 -1.1233)
(-0.210858 -0.210904 -1.21745)
(0.210901 -0.211007 -1.21737)
(-0.30422 -0.185345 -1.12334)
(0.358049 -0.429083 -0.392997)
(-0.137173 -0.836139 -1.09277)
(0.113739 -0.47997 0.504734)
(-0.113725 0.479967 0.504776)
(0.137226 0.836153 -1.09269)
(-0.358038 0.429049 -0.393085)
(0.30415 0.185373 -1.12335)
(-0.211043 0.210929 -1.2173)
(0.211071 0.211018 -1.21723)
(-0.304127 0.185374 -1.12336)
(0.35801 0.429073 -0.393032)
(-0.13718 0.836137 -1.09269)
(0.113689 0.479947 0.504765)
(-0.272856 -0.138462 0.927502)
(0.507656 -0.119156 -0.454938)
(-0.312474 -0.869413 0.319538)
(0.439534 -0.439513 -0.530713)
(-0.185345 -0.304161 -1.12334)
(0.185375 -0.304116 -1.12336)
(-0.439498 -0.439469 -0.530728)
(0.312463 -0.869423 0.31954)
(-0.507651 -0.119109 -0.454905)
(0.272859 -0.138445 0.92749)
(-0.825246 0.288719 0.71082)
(0.88497 1.22895 0.421933)
(-0.892369 0.89227 1.81546)
(0.869436 0.312282 0.319492)
(-0.429054 0.358049 -0.393046)
(0.429063 0.358024 -0.393068)
(-0.86943 0.312366 0.319527)
(0.89236 0.892307 1.81548)
(-0.884986 1.22894 0.421932)
(0.825256 0.288722 0.71081)
(-1.18128 -0.71968 0.155806)
(-0.104522 0.104548 -0.411265)
(-1.22889 -0.885001 0.42197)
(0.119162 -0.507702 -0.454861)
(-0.83614 -0.137101 -1.09277)
(0.836147 -0.137095 -1.09272)
(-0.119127 -0.507643 -0.454911)
(1.22892 -0.884995 0.421944)
(0.104528 0.104539 -0.411279)
(1.18127 -0.719682 0.15581)
(-0.82928 0.829281 0.364684)
(0.719682 1.18128 0.155811)
(-0.28867 0.825254 0.71082)
(0.138423 0.272846 0.927501)
(-0.479981 0.113736 0.50478)
(0.479969 0.113706 0.504801)
(-0.138436 0.27285 0.927503)
(0.288706 0.825257 0.710813)
(-0.719686 1.18127 0.155813)
(0.829282 0.829282 0.364683)
(-0.827599 -0.827598 0.405499)
(0.788618 -0.99934 0.279728)
(-0.415793 -0.794353 0.803445)
(0.231294 -0.00166624 0.865279)
(-0.576031 0.746652 0.314271)
(0.57606 0.746684 0.314272)
(-0.231321 -0.00162841 0.865307)
(0.415805 -0.794345 0.803443)
(-0.788617 -0.999344 0.279727)
(0.8276 -0.827598 0.405497)
(-0.999338 0.788616 0.279728)
(-0.04539 -0.04539 -0.167334)
(-1.0452 0.842072 0.356932)
(0.0185165 0.648837 -0.50907)
(-0.721767 0.154553 -1.04741)
(0.721703 0.154651 -1.04734)
(-0.0185204 0.648767 -0.5091)
(1.04524 0.84206 0.356924)
(0.0454077 -0.0453967 -0.167349)
(0.999344 0.788618 0.279721)
(-0.794354 -0.415788 0.803444)
(0.842076 -1.04521 0.356938)
(-0.842808 -0.842774 1.8283)
(0.674285 0.174549 0.233517)
(-0.577827 -0.191586 -0.365666)
(0.577847 -0.191542 -0.365682)
(-0.674257 0.174453 0.233598)
(0.842772 -0.842787 1.82833)
(-0.842077 -1.04523 0.356944)
(0.79435 -0.415783 0.803442)
(-0.00167424 0.231274 0.865267)
(0.648844 0.0185071 -0.50905)
(0.174523 0.674295 0.233538)
(0.299089 0.299067 -0.424239)
(-0.093817 0.256273 -1.07713)
(0.0938902 0.256214 -1.07714)
(-0.299015 0.298995 -0.424242)
(-0.174519 0.674272 0.233579)
(-0.648801 0.0184773 -0.509039)
(0.00164796 0.231267 0.865279)
(0.746672 -0.576057 0.314234)
(0.154512 -0.721755 -1.04742)
(-0.191567 -0.57785 -0.365624)
(0.256299 -0.0938272 -1.07713)
(-0.160846 -0.160869 -1.1766)
(0.160877 -0.160932 -1.17656)
(-0.256282 -0.0938731 -1.07716)
(0.191506 -0.577926 -0.365593)
(-0.154468 -0.72171 -1.0474)
(-0.746722 -0.57609 0.314235)
(0.746751 0.576084 0.31422)
(0.154655 0.721656 -1.04732)
(-0.191509 0.577881 -0.365643)
(0.256194 0.0939114 -1.07715)
(-0.160953 0.160894 -1.17652)
(0.160968 0.160943 -1.17648)
(-0.256184 0.0939196 -1.07716)
(0.191454 0.577949 -0.365617)
(-0.154575 0.721627 -1.04731)
(-0.746832 0.576094 0.314206)
(-0.00162658 -0.231315 0.865299)
(0.648748 -0.0185046 -0.509093)
(0.174405 -0.674251 0.233638)
(0.298968 -0.298961 -0.424243)
(-0.093874 -0.256231 -1.07716)
(0.093909 -0.256179 -1.07716)
(-0.298926 -0.298908 -0.424262)
(-0.174435 -0.674234 0.233641)
(-0.648725 -0.0184728 -0.509073)
(0.00162805 -0.231295 0.865287)
(-0.794347 0.415809 0.803437)
(0.84206 1.04525 0.356926)
(-0.842815 0.842745 1.82833)
(0.674252 -0.174544 0.233565)
(-0.57789 0.191522 -0.365639)
(0.577913 0.191491 -0.365656)
(-0.674235 -0.174483 0.23361)
(0.842817 0.842782 1.82835)
(-0.84207 1.04526 0.356931)
(0.794353 0.415807 0.80343)
(-0.999342 -0.788613 0.279731)
(-0.0454008 0.0454115 -0.167351)
(-1.04523 -0.842073 0.356931)
(0.0184872 -0.648779 -0.509062)
(-0.721722 -0.154488 -1.04739)
(0.721672 -0.154552 -1.04734)
(-0.0184882 -0.648722 -0.509085)
(1.04524 -0.842071 0.356923)
(0.0454148 0.0454147 -0.167356)
(0.999337 -0.788615 0.279732)
(-0.827599 0.8276 0.405496)
(0.788622 0.999344 0.27972)
(-0.415784 0.79435 0.803443)
(0.231289 0.00162899 0.865297)
(-0.576064 -0.7467 0.314288)
(0.576073 -0.746759 0.314278)
(-0.231304 0.00162148 0.865305)
(0.415798 0.794354 0.803435)
(-0.788621 0.999338 0.279729)
(0.827601 0.827601 0.405496)
(-0.796449 -0.796447 0.398298)
(0.74378 -0.831991 0.435959)
(-0.461392 -0.709766 0.917831)
(0.223025 0.533677 0.671884)
(-0.692903 0.839204 -0.154584)
(0.69304 0.839222 -0.1546)
(-0.223023 0.5337 0.671929)
(0.461392 -0.709744 0.917825)
(-0.743778 -0.831996 0.435963)
(0.796448 -0.796448 0.398298)
(-0.831991 0.743779 0.43596)
(-0.0454021 -0.0454041 -0.125419)
(-1.00606 0.76256 0.3458)
(-0.0286329 0.812289 -0.532436)
(-0.57326 -0.0247611 -0.979239)
(0.573189 -0.0246952 -0.979223)
(0.0286368 0.812168 -0.53248)
(1.00609 0.762538 0.345784)
(0.0454319 -0.0454179 -0.125405)
(0.831995 0.74378 0.435962)
(-0.709769 -0.461391 0.917835)
(0.762563 -1.00606 0.345818)
(-0.760551 -0.76051 1.91509)
(0.525375 0.426507 0.304009)
(-0.616843 -0.141807 -0.431095)
(0.61686 -0.141788 -0.431021)
(-0.525391 0.426348 0.3041)
(0.760536 -0.760519 1.91513)
(-0.762558 -1.00607 0.345825)
(0.709759 -0.461387 0.917833)
(0.533678 0.223011 0.671881)
(0.812283 -0.0286264 -0.532406)
(0.426531 0.525369 0.304039)
(0.130937 0.130912 -0.174765)
(-0.01619 0.218749 -1.03075)
(0.0162425 0.218708 -1.03075)
(-0.130877 0.130848 -0.17476)
(-0.426509 0.525326 0.304101)
(-0.812188 -0.0286489 -0.532403)
(-0.533708 0.222996 0.671911)
(0.839162 -0.692841 -0.154622)
(-0.0248062 -0.573265 -0.979232)
(-0.141782 -0.616858 -0.4311)
(0.218766 -0.0161935 -1.03077)
(-0.146504 -0.14652 -1.13674)
(0.146514 -0.14656 -1.13672)
(-0.218756 -0.0162363 -1.0308)
(0.141721 -0.616902 -0.431115)
(0.0248353 -0.573229 -0.979236)
(-0.839112 -0.692913 -0.154632)
(0.839167 0.693024 -0.15467)
(-0.0247228 0.573159 -0.979204)
(-0.141765 0.616889 -0.430985)
(0.218692 0.016258 -1.03077)
(-0.146576 0.146529 -1.1367)
(0.146579 0.146563 -1.13668)
(-0.218685 0.016274 -1.0308)
(0.141712 0.616937 -0.431025)
(0.0247791 0.573141 -0.979213)
(-0.839085 0.693046 -0.1547)
(0.533702 -0.223004 0.671936)
(0.812122 0.028636 -0.532478)
(0.42631 -0.525382 0.304153)
(0.130828 -0.130829 -0.174761)
(-0.0162417 -0.218721 -1.03081)
(0.0162668 -0.218682 -1.03081)
(-0.130783 -0.130771 -0.174773)
(-0.426343 -0.525331 0.304171)
(-0.812072 0.0286484 -0.532468)
(-0.533714 -0.222983 0.671936)
(-0.709739 0.46139 0.917823)
(0.762534 1.0061 0.345791)
(-0.76054 0.760517 1.91513)
(0.525318 -0.426483 0.304079)
(-0.616875 0.141737 -0.431113)
(0.6169 0.141728 -0.431056)
(-0.525333 -0.426361 0.304129)
(0.760554 0.76054 1.91517)
(-0.76254 1.00609 0.345804)
(0.709741 0.461383 0.917822)
(-0.831998 -0.743775 0.435969)
(-0.0454166 0.0454434 -0.125403)
(-1.00607 -0.762553 0.345802)
(-0.0286519 -0.812172 -0.532434)
(-0.573224 0.0247918 -0.979246)
(0.573166 0.024753 -0.979232)
(0.028649 -0.812085 -0.532475)
(1.00608 -0.762543 0.345788)
(0.0454427 0.0454543 -0.1254)
(0.831994 -0.743778 0.435974)
(-0.796449 0.796447 0.398298)
(0.743784 0.831995 0.435962)
(-0.461387 0.709757 0.917829)
(0.223016 -0.533717 0.671919)
(-0.692956 -0.839154 -0.154569)
(0.693059 -0.839147 -0.1546)
(-0.223009 -0.533711 0.671945)
(0.461382 0.709748 0.917823)
(-0.743784 0.831993 0.43597)
(0.796451 0.79645 0.398299)
(-0.755983 -0.755982 0.429886)
(0.625032 -0.665113 0.545785)
(-0.461134 -0.597326 1.01631)
(0.0958551 0.897242 0.294392)
(-0.601422 0.424572 -0.363734)
(0.60145 0.424571 -0.36372)
(-0.0957763 0.897193 0.294541)
(0.461119 -0.597286 1.0163)
(-0.625024 -0.665125 0.545793)
(0.755981 -0.755986 0.429882)
(-0.665113 0.625033 0.545786)
(-0.0380858 -0.0380925 0.092716)
(-1.0451 0.668155 0.347533)
(-0.0927537 0.610018 -0.591836)
(-0.453166 -0.162733 -0.898815)
(0.453062 -0.162705 -0.898815)
(0.092781 0.61001 -0.591833)
(1.04513 0.668121 0.347521)
(0.038111 -0.0381125 0.0927201)
(0.66512 0.625034 0.545795)
(-0.597334 -0.461135 1.01632)
(0.668161 -1.0451 0.347556)
(-0.667284 -0.66724 2.03382)
(0.511062 0.346481 0.482507)
(-0.547775 -0.120007 -0.560471)
(0.547614 -0.11999 -0.560392)
(-0.511112 0.346358 0.48256)
(0.667285 -0.667243 2.03386)
(-0.668153 -1.04509 0.34757)
(0.597324 -0.461124 1.01632)
(0.897224 0.095869 0.294359)
(0.609965 -0.092732 -0.591831)
(0.346533 0.511046 0.482541)
(-0.0743777 -0.0743721 0.0370163)
(0.0134137 0.196006 -1.02026)
(-0.013385 0.195977 -1.02024)
(0.0744051 -0.0743324 0.0369773)
(-0.346558 0.51102 0.482579)
(-0.609901 -0.0927576 -0.591835)
(-0.897171 0.0958535 0.294445)
(0.424532 -0.601382 -0.363727)
(-0.162755 -0.453187 -0.898826)
(-0.11999 -0.547798 -0.560486)
(0.196017 0.0134111 -1.02027)
(-0.147284 -0.147299 -1.11107)
(0.147274 -0.147325 -1.11107)
(-0.196008 0.0133752 -1.0203)
(0.119962 -0.547713 -0.560508)
(0.162749 -0.453137 -0.898859)
(-0.424516 -0.601409 -0.363706)
(0.424509 0.601417 -0.363722)
(-0.16273 0.453034 -0.898825)
(-0.119972 0.547572 -0.560367)
(0.195968 -0.0133723 -1.02026)
(-0.147335 0.147287 -1.11108)
(0.147324 0.147313 -1.11108)
(-0.195963 -0.0133476 -1.02029)
(0.119944 0.547549 -0.560414)
(0.162738 0.453013 -0.89886)
(-0.42448 0.601439 -0.363716)
(0.897153 -0.0957445 0.294555)
(0.609964 0.0927734 -0.591836)
(0.346346 -0.511111 0.482606)
(-0.074332 0.0744073 0.0369573)
(0.0133683 -0.195986 -1.02031)
(-0.0133514 -0.195961 -1.0203)
(0.0743887 0.0743986 0.0369142)
(-0.346398 -0.51107 0.482621)
(-0.609903 0.0927765 -0.591848)
(-0.897112 -0.0957436 0.294578)
(-0.597276 0.461112 1.0163)
(0.668112 1.04513 0.347528)
(-0.667256 0.667274 2.03386)
(0.511014 -0.346526 0.482553)
(-0.547687 0.119964 -0.560491)
(0.547569 0.119948 -0.56043)
(-0.511056 -0.34641 0.482579)
(0.667281 0.667286 2.03391)
(-0.66812 1.04511 0.347543)
(0.597282 0.461099 1.01631)
(-0.665131 -0.625023 0.545798)
(-0.0381062 0.0381272 0.0927222)
(-1.04509 -0.668147 0.34755)
(-0.0927753 -0.609945 -0.591837)
(-0.453119 0.162718 -0.898845)
(0.453033 0.162704 -0.898846)
(0.0927863 -0.60994 -0.591843)
(1.04511 -0.668128 0.347533)
(0.0381264 0.0381434 0.092726)
(0.665131 -0.62503 0.545806)
(-0.755988 0.755981 0.429882)
(0.625037 0.665121 0.545797)
(-0.461121 0.59732 1.01631)
(0.0958588 -0.897196 0.294484)
(-0.601461 -0.42458 -0.363692)
(0.601488 -0.424571 -0.363685)
(-0.0957937 -0.897152 0.294593)
(0.461101 0.597296 1.0163)
(-0.625036 0.665127 0.545805)
(0.75599 0.755987 0.429881)
(-0.729363 -0.729364 0.496458)
(0.443317 -0.541216 0.639137)
(-0.474722 -0.460711 1.11109)
(0.0502452 0.643752 0.00274345)
(-0.587122 0.287758 -0.56253)
(0.58709 0.287702 -0.562607)
(-0.0499207 0.64379 0.00287615)
(0.474704 -0.460644 1.11112)
(-0.44329 -0.541224 0.639149)
(0.729366 -0.729377 0.496464)
(-0.541216 0.443326 0.639136)
(-0.0392226 -0.039229 0.333852)
(-1.01584 0.49798 0.385603)
(-0.0958544 0.375535 -0.603528)
(-0.393842 -0.205822 -0.931258)
(0.393779 -0.205837 -0.931308)
(0.0958767 0.375737 -0.603589)
(1.01588 0.497948 0.385608)
(0.0392439 -0.0392494 0.333862)
(0.541221 0.443339 0.639144)
(-0.460732 -0.474722 1.11109)
(0.49798 -1.01582 0.385621)
(-0.553465 -0.553435 2.03914)
(0.52769 0.141187 0.641623)
(-0.389223 -0.074162 -0.650788)
(0.389075 -0.074171 -0.650725)
(-0.527733 0.141148 0.641601)
(0.553483 -0.553441 2.03916)
(-0.497989 -1.01582 0.385637)
(0.460727 -0.474705 1.1111)
(0.643737 0.0503429 0.00274658)
(0.375455 -0.0958392 -0.603518)
(0.14123 0.527679 0.641665)
(-0.197399 -0.197365 0.108495)
(0.0147294 0.178453 -1.03636)
(-0.0147341 0.178441 -1.03635)
(0.197354 -0.197195 0.108496)
(-0.141301 0.527679 0.641665)
(-0.375534 -0.0958655 -0.603559)
(-0.643779 0.0502651 0.00286957)
(0.287797 -0.58712 -0.5625)
(-0.205812 -0.393854 -0.931256)
(-0.0741515 -0.389236 -0.650799)
(0.178461 0.0147277 -1.03637)
(-0.144776 -0.144778 -1.09605)
(0.14475 -0.14477 -1.09607)
(-0.178459 0.0147069 -1.03639)
(0.0741676 -0.389145 -0.650806)
(0.205789 -0.39383 -0.931284)
(-0.28785 -0.587131 -0.562529)
(0.287692 0.587073 -0.56262)
(-0.205847 0.393765 -0.931333)
(-0.0741671 0.389034 -0.650706)
(0.178443 -0.0147272 -1.03635)
(-0.144768 0.144748 -1.09609)
(0.144747 0.144746 -1.0961)
(-0.178443 -0.0146975 -1.03638)
(0.074175 0.389 -0.65073)
(0.205821 0.393762 -0.931349)
(-0.287758 0.587096 -0.562635)
(0.643777 -0.0498728 0.00292003)
(0.375744 0.0958706 -0.603614)
(0.141159 -0.527734 0.64162)
(-0.197158 0.197318 0.108489)
(0.0147051 -0.178451 -1.03639)
(-0.0147002 -0.178441 -1.03639)
(0.197179 0.197201 0.108469)
(-0.141226 -0.527717 0.641623)
(-0.375753 0.0958793 -0.603642)
(-0.643793 -0.0499018 0.00299345)
(-0.46063 0.474696 1.11114)
(0.49793 1.01588 0.385611)
(-0.553448 0.553485 2.03916)
(0.527677 -0.141297 0.641637)
(-0.389137 0.0741727 -0.65079)
(0.389029 0.0741726 -0.65074)
(-0.527706 -0.14124 0.641606)
(0.553483 0.5535 2.03919)
(-0.497947 1.01587 0.385625)
(0.460644 0.47468 1.11114)
(-0.541229 -0.44329 0.639152)
(-0.039247 0.0392575 0.333865)
(-1.01583 -0.498001 0.385627)
(-0.095888 -0.375618 -0.603566)
(-0.393826 0.205788 -0.931279)
(0.393776 0.205802 -0.931319)
(0.0958978 -0.375767 -0.603618)
(1.01586 -0.497975 0.385625)
(0.0392603 0.0392709 0.333869)
(0.541231 -0.443313 0.639156)
(-0.72938 0.729366 0.496464)
(0.443342 0.541222 0.639149)
(-0.474701 0.460716 1.1111)
(0.0501925 -0.643809 0.00287624)
(-0.587139 -0.287829 -0.562546)
(0.587116 -0.287786 -0.562611)
(-0.0499414 -0.643828 0.00297915)
(0.474681 0.460664 1.11112)
(-0.443323 0.541228 0.639157)
(0.729381 0.729378 0.496466)
(-0.777888 -0.777889 0.729863)
(0.457918 -0.520693 0.717459)
(-0.450253 -0.287673 1.1732)
(0.203668 0.546612 -0.151424)
(-0.559929 0.247614 -0.676999)
(0.559884 0.247587 -0.677127)
(-0.203559 0.546921 -0.151421)
(0.450225 -0.287593 1.17329)
(-0.457908 -0.520696 0.717471)
(0.777889 -0.7779 0.729877)
(-0.520693 0.457925 0.717456)
(-0.0954674 -0.0954684 0.58241)
(-0.959954 0.328869 0.429439)
(-0.0896995 0.175739 -0.640909)
(-0.335894 -0.210052 -0.954406)
(0.335892 -0.210078 -0.954452)
(0.0896307 0.176129 -0.640922)
(0.960007 0.328876 0.429473)
(0.0954953 -0.0954919 0.58243)
(0.520698 0.45795 0.717463)
(-0.287703 -0.450251 1.17318)
(0.328863 -0.959941 0.429447)
(-0.436415 -0.436406 1.97116)
(0.523058 -0.0442635 0.7423)
(-0.252887 -0.0734448 -0.706992)
(0.252824 -0.0734594 -0.706959)
(-0.523084 -0.0442382 0.742252)
(0.43644 -0.436421 1.97117)
(-0.328896 -0.959958 0.429473)
(0.287711 -0.450213 1.17321)
(0.546602 0.203723 -0.151403)
(0.175671 -0.0897086 -0.640907)
(-0.0442397 0.523055 0.742334)
(-0.141536 -0.141517 0.114176)
(0.00768159 0.165913 -1.05359)
(-0.00771308 0.165913 -1.05358)
(0.141455 -0.141344 0.114202)
(0.0441628 0.523067 0.742317)
(-0.175887 -0.0897007 -0.640925)
(-0.546822 0.203711 -0.15137)
(0.247656 -0.559924 -0.676966)
(-0.210031 -0.335894 -0.954396)
(-0.0734389 -0.252884 -0.706992)
(0.165919 0.00768382 -1.05359)
(-0.135467 -0.135458 -1.08253)
(0.135459 -0.135443 -1.08254)
(-0.165919 0.00769643 -1.05358)
(0.0734665 -0.252824 -0.706983)
(0.210013 -0.335889 -0.954401)
(-0.247694 -0.559899 -0.677036)
(0.247608 0.559871 -0.677149)
(-0.21008 0.335897 -0.95447)
(-0.0734594 0.252803 -0.706946)
(0.165921 -0.00771563 -1.05358)
(-0.135444 0.135451 -1.08256)
(0.135439 0.13544 -1.08257)
(-0.165921 -0.00770713 -1.05357)
(0.0734809 0.25277 -0.706944)
(0.210055 0.335895 -0.954463)
(-0.247653 0.559864 -0.677188)
(0.547025 -0.203554 -0.151413)
(0.176225 0.0896087 -0.640938)
(-0.0442144 -0.523081 0.742251)
(-0.141287 0.141436 0.114202)
(0.0076967 -0.16592 -1.05358)
(-0.00770556 -0.165921 -1.05358)
(0.141272 0.14131 0.1142)
(0.0441588 -0.523081 0.742248)
(-0.176318 0.0896171 -0.640955)
(-0.547149 -0.203566 -0.151382)
(-0.287578 0.450212 1.17331)
(0.32887 0.960015 0.429478)
(-0.436424 0.436448 1.97117)
(0.52307 0.0441546 0.742302)
(-0.252833 0.0734725 -0.706976)
(0.252789 0.0734791 -0.706952)
(-0.523082 0.0441553 0.742251)
(0.436456 0.436468 1.9712)
(-0.328899 0.960016 0.429494)
(0.287601 0.450184 1.17331)
(-0.520699 -0.457908 0.717473)
(-0.0955001 0.0955015 0.582435)
(-0.959967 -0.328918 0.429474)
(-0.0897074 -0.175958 -0.640928)
(-0.335895 0.210026 -0.954407)
(0.335893 0.210049 -0.954443)
(0.0896489 -0.176261 -0.64094)
(0.960011 -0.328922 0.429497)
(0.0955171 0.0955148 0.582445)
(0.520703 -0.45793 0.717475)
(-0.777902 0.777889 0.729879)
(0.457953 0.5207 0.717469)
(-0.450204 0.287697 1.17322)
(0.203653 -0.546829 -0.151387)
(-0.559904 -0.24766 -0.677058)
(0.55987 -0.24764 -0.677161)
(-0.203558 -0.547069 -0.151379)
(0.450185 0.287627 1.17329)
(-0.457939 0.520703 0.717477)
(0.777901 0.777898 0.729885)
(-0.833243 -0.833244 0.795002)
(0.607993 -0.591581 0.785059)
(-0.261432 -0.139471 1.20986)
(0.257749 0.482352 -0.267978)
(-0.501679 0.227307 -0.770491)
(0.501613 0.227303 -0.770602)
(-0.257881 0.482578 -0.268179)
(0.261399 -0.139442 1.20992)
(-0.608006 -0.591588 0.78507)
(0.833239 -0.833246 0.795006)
(-0.591579 0.607991 0.785057)
(-0.179653 -0.179647 0.780939)
(-0.907619 0.253196 0.48386)
(-0.0810317 0.0908727 -0.6388)
(-0.290426 -0.19591 -0.97141)
(0.290492 -0.195938 -0.971426)
(0.0810303 0.0912726 -0.638805)
(0.907666 0.253221 0.483887)
(0.179689 -0.179659 0.780974)
(0.591586 0.608006 0.785062)
(-0.139493 -0.26143 1.20984)
(0.253191 -0.907608 0.483865)
(-0.350318 -0.350322 1.80334)
(0.494791 -0.181865 0.769155)
(-0.150074 -0.0871454 -0.732505)
(0.150093 -0.0871562 -0.732475)
(-0.494815 -0.181781 0.769197)
(0.350328 -0.350339 1.80335)
(-0.253229 -0.907623 0.483883)
(0.139526 -0.261386 1.20986)
(0.482325 0.257732 -0.26794)
(0.0908174 -0.0810291 -0.638795)
(-0.181864 0.494789 0.76917)
(-0.0100134 -0.0100236 0.0252133)
(-0.00196016 0.139627 -1.05218)
(0.00193337 0.139631 -1.05216)
(0.00998575 -0.00999693 0.0252648)
(0.181795 0.494822 0.7692)
(-0.0910363 -0.0810344 -0.638813)
(-0.482452 0.257767 -0.268019)
(0.22732 -0.501677 -0.770466)
(-0.195893 -0.290412 -0.9714)
(-0.0871417 -0.150062 -0.732501)
(0.139631 -0.00195585 -1.05217)
(-0.133293 -0.133287 -1.07167)
(0.133301 -0.133285 -1.07169)
(-0.139627 -0.00192662 -1.05213)
(0.0871645 -0.150051 -0.732474)
(0.195898 -0.290431 -0.97139)
(-0.227309 -0.501623 -0.770527)
(0.227329 0.501592 -0.77062)
(-0.195934 0.290514 -0.971428)
(-0.0871561 0.150097 -0.732461)
(0.139636 0.00192841 -1.05215)
(-0.133292 0.133299 -1.07169)
(0.133301 0.133299 -1.0717)
(-0.139633 0.00191665 -1.05213)
(0.0871762 0.150084 -0.732441)
(0.195935 0.290516 -0.971413)
(-0.227315 0.501567 -0.770655)
(0.482653 -0.257932 -0.268227)
(0.0913899 0.0810257 -0.638812)
(-0.181748 -0.494813 0.769217)
(-0.00997683 0.0100018 0.0252759)
(-0.00192746 -0.139633 -1.05213)
(0.00191881 -0.139636 -1.05212)
(0.00996388 0.00998289 0.0252939)
(0.181711 -0.494837 0.769231)
(-0.0914829 0.0810237 -0.638826)
(-0.482713 -0.257918 -0.268251)
(-0.139443 0.261384 1.20993)
(0.253221 0.907674 0.48389)
(-0.350345 0.350328 1.80336)
(0.494835 0.181778 0.769206)
(-0.150066 0.0871682 -0.732472)
(0.150086 0.0871748 -0.732451)
(-0.494849 0.181724 0.769224)
(0.350357 0.350349 1.8034)
(-0.25325 0.907675 0.483904)
(0.139472 0.261356 1.20993)
(-0.591591 -0.608007 0.785072)
(-0.17967 0.179692 0.780984)
(-0.90763 -0.253247 0.483886)
(-0.0810474 -0.0910907 -0.638823)
(-0.290447 0.195912 -0.9714)
(0.2905 0.195937 -0.971412)
(0.0810406 -0.0914027 -0.638825)
(0.907672 -0.253266 0.483907)
(0.179697 0.179694 0.781004)
(0.591596 -0.608014 0.785073)
(-0.833246 0.833238 0.795007)
(0.608009 0.591588 0.785066)
(-0.261375 0.13952 1.20988)
(0.257771 -0.482478 -0.268046)
(-0.501627 -0.227299 -0.770545)
(0.50158 -0.227294 -0.770637)
(-0.257867 -0.482657 -0.268203)
(0.261358 0.139487 1.20992)
(-0.608015 0.591595 0.785074)
(0.833242 0.833241 0.795007)
(-0.897716 -0.897715 0.961638)
(0.643861 -0.66379 0.827685)
(-0.0598455 -0.102824 1.24938)
(0.257665 0.435816 -0.291579)
(-0.437607 0.195132 -0.834517)
(0.437578 0.195116 -0.834579)
(-0.257841 0.435637 -0.291891)
(0.0598234 -0.102843 1.24938)
(-0.643872 -0.663801 0.827693)
(0.897712 -0.897715 0.961635)
(-0.663787 0.643854 0.827685)
(-0.252008 -0.251999 0.906861)
(-0.867812 0.224247 0.519177)
(-0.0594478 0.0486807 -0.630806)
(-0.260122 -0.190525 -0.971198)
(0.260218 -0.190548 -0.971197)
(0.0594737 0.0487808 -0.630764)
(0.867812 0.224274 0.519208)
(0.252034 -0.251995 0.906903)
(0.663792 0.643855 0.827689)
(-0.10283 -0.0598463 1.24939)
(0.22424 -0.86781 0.519176)
(-0.296029 -0.296033 1.64261)
(0.422686 -0.253864 0.748226)
(-0.0871171 -0.0930321 -0.735308)
(0.0871637 -0.0930387 -0.73527)
(-0.422708 -0.253804 0.748364)
(0.296025 -0.296055 1.64262)
(-0.224269 -0.867805 0.519186)
(0.102867 -0.0598182 1.24939)
(0.435847 0.257631 -0.291524)
(0.0486597 -0.0594357 -0.630807)
(-0.253875 0.422682 0.74822)
(0.0888423 0.0888188 -0.106865)
(-0.0239635 0.120706 -1.0249)
(0.0239551 0.120711 -1.02489)
(-0.0888004 0.0887215 -0.106792)
(0.253864 0.422715 0.748285)
(-0.0487097 -0.0594326 -0.630796)
(-0.435778 0.257685 -0.291667)
(0.195136 -0.43761 -0.8345)
(-0.190515 -0.260104 -0.971193)
(-0.0930264 -0.0871046 -0.735305)
(0.12071 -0.0239597 -1.02489)
(-0.130174 -0.13017 -1.079)
(0.130185 -0.130173 -1.07901)
(-0.120713 -0.0239399 -1.02487)
(0.0930385 -0.0871195 -0.735272)
(0.19054 -0.26014 -0.971189)
(-0.195104 -0.437585 -0.834525)
(0.195125 0.437563 -0.834586)
(-0.190544 0.260248 -0.97119)
(-0.0930347 0.087175 -0.735253)
(0.120716 0.0239528 -1.02489)
(-0.13018 0.130185 -1.07902)
(0.130191 0.130188 -1.07903)
(-0.120718 0.0239422 -1.02487)
(0.0930445 0.0871796 -0.73523)
(0.190566 0.260256 -0.971186)
(-0.195096 0.437559 -0.834597)
(0.435595 -0.257902 -0.291976)
(0.0488111 0.0594768 -0.630755)
(-0.253783 -0.422705 0.748411)
(0.0887033 -0.0887685 -0.10677)
(-0.023942 -0.120716 -1.02487)
(0.0239423 -0.12072 -1.02487)
(-0.0886895 -0.0886947 -0.106737)
(0.253789 -0.422735 0.748432)
(-0.0488229 0.0594594 -0.630754)
(-0.435573 -0.257896 -0.292023)
(-0.102858 0.0598122 1.24938)
(0.224272 0.86781 0.519211)
(-0.296073 0.29601 1.64263)
(0.422735 0.25386 0.748308)
(-0.0871349 0.0930425 -0.735269)
(0.0871755 0.0930466 -0.735242)
(-0.422754 0.253809 0.748403)
(0.296067 0.296034 1.64267)
(-0.224288 0.867804 0.519218)
(0.102879 0.0597953 1.24938)
(-0.663804 -0.643872 0.827695)
(-0.252 0.252037 0.906914)
(-0.867805 -0.224283 0.519188)
(-0.0594458 -0.0487354 -0.630796)
(-0.260158 0.190547 -0.971198)
(0.260234 0.190569 -0.971196)
(0.0594637 -0.0488122 -0.630764)
(0.867808 -0.224301 0.519215)
(0.252025 0.252027 0.906939)
(0.663807 -0.643868 0.827698)
(-0.897716 0.897711 0.961634)
(0.643858 0.663795 0.827692)
(-0.0598086 0.102868 1.24939)
(0.257707 -0.435749 -0.29171)
(-0.437585 -0.195104 -0.834537)
(0.437571 -0.195088 -0.834588)
(-0.257841 -0.435608 -0.291951)
(0.0597987 0.102876 1.24939)
(-0.643866 0.663804 0.827697)
(0.897714 0.897713 0.961632)
(-0.92586 -0.925859 1.04094)
(0.732402 -0.698458 0.847057)
(0.0121966 -0.100816 1.29476)
(0.282717 0.397004 -0.283201)
(-0.393602 0.165175 -0.871453)
(0.393662 0.165164 -0.871458)
(-0.282738 0.396708 -0.283421)
(-0.0122273 -0.100854 1.29474)
(-0.732399 -0.698467 0.847059)
(0.925858 -0.92586 1.04093)
(-0.698455 0.732396 0.847058)
(-0.302798 -0.302796 0.988034)
(-0.825448 0.237408 0.518181)
(-0.0345037 0.0198112 -0.623899)
(-0.251732 -0.192703 -0.972471)
(0.251788 -0.192716 -0.972472)
(0.0345391 0.0196022 -0.623909)
(0.825416 0.23741 0.518199)
(0.302805 -0.302792 0.988069)
(0.698456 0.732386 0.847062)
(-0.100814 0.0121896 1.29477)
(0.237402 -0.825454 0.518179)
(-0.278683 -0.278682 1.54519)
(0.355267 -0.250936 0.692138)
(-0.0466319 -0.085955 -0.751364)
(0.0466579 -0.0859615 -0.751319)
(-0.355282 -0.250957 0.692309)
(0.278674 -0.278704 1.5452)
(-0.237409 -0.825438 0.518177)
(0.100842 0.0122018 1.29477)
(0.397051 0.282711 -0.283158)
(0.0198382 -0.0344903 -0.623891)
(-0.250939 0.355258 0.692121)
(0.145631 0.145612 -0.237004)
(-0.0498179 0.117051 -0.989423)
(0.0498225 0.117058 -0.989427)
(-0.145585 0.14553 -0.236938)
(0.250968 0.35528 0.692194)
(-0.0197516 -0.0344938 -0.623898)
(-0.396923 0.282727 -0.283253)
(0.165178 -0.393593 -0.871448)
(-0.192699 -0.251723 -0.972468)
(-0.0859467 -0.0466244 -0.751365)
(0.117055 -0.0498153 -0.989423)
(-0.115702 -0.115702 -1.08512)
(0.115705 -0.115709 -1.08512)
(-0.117064 -0.0498089 -0.989426)
(0.0859478 -0.0466419 -0.751342)
(0.192722 -0.251751 -0.972477)
(-0.165164 -0.393618 -0.871443)
(0.165165 0.393672 -0.871453)
(-0.192714 0.251808 -0.972466)
(-0.0859563 0.0466619 -0.751304)
(0.117065 0.0498221 -0.989429)
(-0.115711 0.115706 -1.08513)
(0.115714 0.115712 -1.08513)
(-0.117072 0.049819 -0.989433)
(0.0859538 0.0466726 -0.751291)
(0.192735 0.251818 -0.972475)
(-0.165154 0.393688 -0.871449)
(0.396624 -0.282748 -0.283482)
(0.0195408 0.0345488 -0.623913)
(-0.250964 -0.355277 0.692367)
(0.145515 -0.145559 -0.236915)
(-0.0498115 -0.117066 -0.989427)
(0.0498187 -0.117072 -0.989432)
(-0.145494 -0.145497 -0.236885)
(0.250984 -0.355297 0.692385)
(-0.0195101 0.0345376 -0.623918)
(-0.39658 -0.282758 -0.283502)
(-0.100875 -0.0122392 1.29473)
(0.237399 0.825408 0.5182)
(-0.278729 0.278653 1.5452)
(0.355302 0.250972 0.692226)
(-0.0466543 0.0859522 -0.751335)
(0.0466769 0.0859565 -0.751302)
(-0.355318 0.250981 0.692349)
(0.278718 0.278673 1.54523)
(-0.237399 0.825402 0.518198)
(0.100888 -0.0122463 1.29473)
(-0.69847 -0.732395 0.84706)
(-0.302793 0.302806 0.988078)
(-0.825431 -0.23742 0.518174)
(-0.0345016 -0.0197377 -0.623905)
(-0.25176 0.192725 -0.972484)
(0.251805 0.192738 -0.972484)
(0.0345306 -0.0195717 -0.623916)
(0.825407 -0.237417 0.518191)
(0.302802 0.3028 0.9881)
(0.698471 -0.732387 0.847064)
(-0.925861 0.925857 1.04093)
(0.732387 0.698457 0.847063)
(0.0122081 0.100843 1.29477)
(0.282728 -0.396881 -0.283284)
(-0.39363 -0.165164 -0.871449)
(0.393683 -0.165155 -0.871452)
(-0.282745 -0.396646 -0.283451)
(-0.0122327 0.10087 1.29475)
(-0.732388 0.698467 0.847064)
(0.92586 0.925859 1.04093)
(-0.939119 -0.939118 1.13107)
(0.810322 -0.682437 0.891101)
(-0.126233 -0.0228129 1.36859)
(0.302871 0.368453 -0.288073)
(-0.372461 0.142699 -0.882298)
(0.372564 0.142708 -0.882299)
(-0.302806 0.368333 -0.288102)
(0.1262 -0.0228426 1.36859)
(-0.810318 -0.682446 0.891097)
(0.939119 -0.93912 1.13108)
(-0.682433 0.810317 0.891103)
(-0.327552 -0.327558 1.02381)
(-0.777102 0.260808 0.523075)
(0.00599755 -0.00654813 -0.616546)
(-0.251742 -0.195806 -0.971503)
(0.251747 -0.195807 -0.971505)
(-0.00598582 -0.00681248 -0.616576)
(0.777068 0.260786 0.523101)
(0.327541 -0.327558 1.02383)
(0.682435 0.810313 0.891103)
(-0.0228103 -0.126242 1.3686)
(0.260803 -0.777112 0.523072)
(-0.294042 -0.294038 1.4833)
(0.344103 -0.218535 0.606785)
(-0.0236834 -0.0755514 -0.763389)
(0.023671 -0.0755535 -0.763348)
(-0.344112 -0.218609 0.606898)
(0.294035 -0.294063 1.4833)
(-0.260802 -0.777104 0.523064)
(0.0228233 -0.126239 1.3686)
(0.368474 0.302887 -0.288059)
(-0.00650681 0.006006 -0.616534)
(-0.218525 0.344096 0.606776)
(0.169622 0.169614 -0.332955)
(-0.0654592 0.122555 -0.953954)
(0.0654666 0.122563 -0.953962)
(-0.169604 0.169601 -0.33292)
(0.21857 0.344123 0.606827)
(0.00660498 0.00600866 -0.616545)
(-0.368426 0.302874 -0.288081)
(0.142702 -0.372442 -0.882294)
(-0.195804 -0.251743 -0.971501)
(-0.0755434 -0.0236839 -0.76339)
(0.122558 -0.0654584 -0.953956)
(-0.0880307 -0.0880329 -1.0801)
(0.0880267 -0.0880368 -1.0801)
(-0.122571 -0.0654613 -0.953965)
(0.075538 -0.0236934 -0.763372)
(0.195816 -0.251752 -0.971512)
(-0.142709 -0.372496 -0.882296)
(0.142713 0.372587 -0.882295)
(-0.195806 0.251753 -0.971502)
(-0.0755483 0.023663 -0.763335)
(0.12257 0.0654668 -0.953965)
(-0.0880368 0.0880262 -1.0801)
(0.0880334 0.0880306 -1.08011)
(-0.122581 0.0654701 -0.953973)
(0.0755405 0.0236744 -0.763326)
(0.195817 0.251759 -0.971512)
(-0.142718 0.372613 -0.882298)
(0.368302 -0.302792 -0.288107)
(-0.00689021 -0.00598016 -0.616585)
(-0.218625 -0.344107 0.606941)
(0.169604 -0.169593 -0.332906)
(-0.0654635 -0.122574 -0.953968)
(0.0654709 -0.12258 -0.953973)
(-0.16959 -0.169582 -0.332892)
(0.218643 -0.344132 0.606955)
(0.006909 -0.00598811 -0.61659)
(-0.36829 -0.3028 -0.288103)
(-0.0228601 0.12619 1.36859)
(0.260764 0.777063 0.523111)
(-0.294091 0.294012 1.4833)
(0.344148 0.218587 0.606854)
(-0.0236983 0.075541 -0.763363)
(0.0236894 0.0755424 -0.763334)
(-0.344156 0.218636 0.606931)
(0.294081 0.294033 1.48332)
(-0.260761 0.777063 0.523102)
(0.0228652 0.126187 1.36859)
(-0.682449 -0.810314 0.891096)
(-0.327557 0.327539 1.02383)
(-0.777097 -0.260814 0.523054)
(0.00600959 0.00663185 -0.616553)
(-0.251754 0.195818 -0.971517)
(0.251759 0.19582 -0.971518)
(-0.00599635 0.00683827 -0.616582)
(0.777068 -0.260792 0.523079)
(0.327549 0.327543 1.02385)
(0.682451 -0.810312 0.891097)
(-0.939121 0.939119 1.13108)
(0.810316 0.682436 0.891103)
(-0.126234 0.0228207 1.3686)
(0.302862 -0.368409 -0.28809)
(-0.372515 -0.142708 -0.882302)
(0.372598 -0.142716 -0.882302)
(-0.30281 -0.368314 -0.288103)
(0.126202 0.0228437 1.36859)
(-0.810315 0.682447 0.891099)
(0.939122 0.939121 1.13108)
(-0.940495 -0.940495 1.1371)
(0.784584 -0.642481 0.975019)
(-0.265702 0.0779266 1.39265)
(0.3174 0.348033 -0.35714)
(-0.363976 0.12307 -0.880549)
(0.364035 0.123086 -0.880547)
(-0.317393 0.348108 -0.357071)
(0.265688 0.0778899 1.39267)
(-0.784587 -0.642489 0.975012)
(0.940495 -0.940497 1.1371)
(-0.642478 0.78458 0.97502)
(-0.340191 -0.340201 1.0637)
(-0.746112 0.295252 0.544035)
(0.0559248 -0.0188069 -0.616744)
(-0.25456 -0.198193 -0.966274)
(0.254542 -0.19819 -0.966277)
(-0.0559232 -0.0189058 -0.616759)
(0.746111 0.295221 0.544061)
(0.340171 -0.340203 1.06371)
(0.642481 0.784583 0.975016)
(0.0779341 -0.26571 1.39265)
(0.295246 -0.746119 0.544031)
(-0.339 -0.338999 1.43043)
(0.382298 -0.162891 0.493157)
(-0.0226345 -0.0694475 -0.770572)
(0.0226037 -0.0694449 -0.770537)
(-0.382316 -0.162965 0.493214)
(0.338995 -0.339035 1.43041)
(-0.295247 -0.746125 0.544019)
(-0.0779285 -0.265716 1.39266)
(0.348025 0.317408 -0.357145)
(-0.0187878 0.0559313 -0.616736)
(-0.162874 0.382293 0.493158)
(0.170923 0.17092 -0.389194)
(-0.0664755 0.131724 -0.923335)
(0.0664827 0.131731 -0.923339)
(-0.170922 0.170935 -0.389198)
(0.162896 0.382329 0.493188)
(0.0188106 0.0559393 -0.616741)
(-0.348061 0.317414 -0.357133)
(0.123071 -0.363966 -0.880548)
(-0.19819 -0.254564 -0.966272)
(-0.0694414 -0.0226405 -0.770572)
(0.131727 -0.0664756 -0.923335)
(-0.0648168 -0.064819 -1.05722)
(0.0648114 -0.0648213 -1.05722)
(-0.131739 -0.0664823 -0.923341)
(0.0694334 -0.0226471 -0.770554)
(0.198194 -0.254566 -0.966281)
(-0.123082 -0.364003 -0.880562)
(0.123095 0.36405 -0.880546)
(-0.198188 0.254541 -0.966276)
(-0.0694404 0.0225913 -0.770528)
(0.131738 0.0664827 -0.923342)
(-0.0648205 0.0648098 -1.05722)
(0.064816 0.0648129 -1.05723)
(-0.131748 0.066489 -0.923348)
(0.0694318 0.0226025 -0.770518)
(0.198193 0.254546 -0.966284)
(-0.123102 0.364068 -0.880561)
(0.348136 -0.317397 -0.357053)
(-0.0189366 -0.0559194 -0.616764)
(-0.162981 -0.382319 0.493241)
(0.170946 -0.170919 -0.389195)
(-0.0664848 -0.131742 -0.923341)
(0.0664911 -0.131748 -0.923346)
(-0.170941 -0.170929 -0.389203)
(0.16298 -0.382349 0.493255)
(0.0189242 -0.0559287 -0.616767)
(-0.348155 -0.317407 -0.357042)
(0.077874 0.26569 1.39269)
(0.295199 0.746119 0.544073)
(-0.339065 0.338978 1.43039)
(0.382352 0.162908 0.493205)
(-0.0226454 0.069434 -0.770545)
(0.0226202 0.0694322 -0.770522)
(-0.382366 0.162963 0.493241)
(0.339054 0.339006 1.43039)
(-0.295198 0.746125 0.544059)
(-0.077877 0.265692 1.39269)
(-0.642492 -0.784585 0.975009)
(-0.340198 0.34017 1.06371)
(-0.74612 -0.295256 0.544006)
(0.0559441 0.0188184 -0.616747)
(-0.254565 0.198196 -0.966286)
(0.254552 0.198195 -0.966288)
(-0.0559384 0.0188923 -0.616764)
(0.746118 -0.295227 0.54403)
(0.340183 0.340178 1.06371)
(0.642495 -0.784587 0.975007)
(-0.940497 0.940495 1.1371)
(0.784588 0.642482 0.975014)
(-0.265711 -0.0779294 1.39266)
(0.31741 -0.348072 -0.357128)
(-0.364013 -0.123082 -0.880566)
(0.364058 -0.123096 -0.880565)
(-0.317403 -0.348133 -0.357063)
(0.265694 -0.0778999 1.39267)
(-0.78459 0.642491 0.975009)
(0.940498 0.940497 1.1371)
(-0.953875 -0.953875 1.26776)
(0.721191 -0.606486 1.06771)
(-0.306177 0.145987 1.38208)
(0.310335 0.330283 -0.424078)
(-0.34417 0.104879 -0.872682)
(0.344143 0.104896 -0.872674)
(-0.310391 0.330413 -0.424042)
(0.306196 0.145952 1.38211)
(-0.721196 -0.60649 1.06771)
(0.953875 -0.953876 1.26776)
(-0.606483 0.721187 1.06771)
(-0.352776 -0.352785 1.12597)
(-0.712073 0.335747 0.573875)
(0.0986029 -0.0173178 -0.618863)
(-0.252556 -0.198381 -0.956051)
(0.252542 -0.198378 -0.956054)
(-0.0986078 -0.017256 -0.618847)
(0.712086 0.335734 0.573919)
(0.352756 -0.352783 1.12598)
(0.606485 0.721191 1.0677)
(0.145999 -0.306182 1.38208)
(0.335736 -0.712078 0.573867)
(-0.400811 -0.400812 1.36746)
(0.433843 -0.127431 0.362359)
(-0.0364714 -0.0676066 -0.767745)
(0.036444 -0.067602 -0.767714)
(-0.43386 -0.127422 0.362397)
(0.400809 -0.400856 1.36741)
(-0.335743 -0.712089 0.573855)
(-0.146002 -0.306197 1.38208)
(0.330265 0.310332 -0.424082)
(-0.017326 0.0986084 -0.61886)
(-0.127428 0.433837 0.362362)
(0.154045 0.15404 -0.422018)
(-0.064033 0.137141 -0.898691)
(0.0640318 0.137146 -0.898693)
(-0.154045 0.154042 -0.422017)
(0.127418 0.433859 0.362383)
(0.0172904 0.0986254 -0.618854)
(-0.330321 0.310356 -0.424091)
(0.104879 -0.344175 -0.872682)
(-0.198378 -0.25256 -0.956048)
(-0.0676023 -0.0364776 -0.767744)
(0.137143 -0.0640347 -0.898691)
(-0.0544491 -0.0544512 -1.01938)
(0.0544434 -0.0544528 -1.01938)
(-0.137153 -0.0640378 -0.898695)
(0.0675945 -0.0364837 -0.767726)
(0.198378 -0.252564 -0.956054)
(-0.104887 -0.344172 -0.872694)
(0.104904 0.344138 -0.87267)
(-0.198377 0.252542 -0.956053)
(-0.0675993 0.0364346 -0.767705)
(0.137152 0.0640296 -0.898696)
(-0.0544515 0.0544415 -1.01938)
(0.0544467 0.0544438 -1.01938)
(-0.13716 0.0640343 -0.8987)
(0.067592 0.0364424 -0.767695)
(0.198378 0.252548 -0.956059)
(-0.104908 0.344138 -0.872686)
(0.330453 -0.310411 -0.424037)
(-0.0172411 -0.0986054 -0.618843)
(-0.127417 -0.433869 0.362418)
(0.154047 -0.154045 -0.422013)
(-0.0640382 -0.137155 -0.898695)
(0.0640376 -0.13716 -0.898697)
(-0.154049 -0.154045 -0.422016)
(0.127409 -0.43389 0.362432)
(0.0172183 -0.0986214 -0.618842)
(-0.330478 -0.310423 -0.424042)
(0.145942 0.306214 1.38213)
(0.335725 0.712098 0.573942)
(-0.400879 0.400803 1.36739)
(0.43387 0.127419 0.362391)
(-0.0364775 0.0675926 -0.767718)
(0.0364541 0.0675897 -0.767698)
(-0.433888 0.127412 0.362416)
(0.40087 0.400836 1.36736)
(-0.335723 0.712106 0.573924)
(-0.145954 0.30622 1.38213)
(-0.60649 -0.721195 1.06771)
(-0.352773 0.352758 1.12598)
(-0.712084 -0.335748 0.573838)
(0.0986339 0.0172775 -0.618853)
(-0.252563 0.198379 -0.956058)
(0.252553 0.198378 -0.956062)
(-0.0986337 0.0172245 -0.618845)
(0.712093 -0.335733 0.573879)
(0.352759 0.352764 1.12599)
(0.606492 -0.721197 1.0677)
(-0.953877 0.953875 1.26776)
(0.721193 0.606487 1.0677)
(-0.306192 -0.146001 1.38207)
(0.310364 -0.330343 -0.42409)
(-0.344166 -0.104888 -0.872697)
(0.344144 -0.104902 -0.872692)
(-0.310407 -0.330449 -0.424052)
(0.306202 -0.145973 1.3821)
(-0.721198 0.606491 1.0677)
(0.953877 0.953876 1.26776)
(-0.957851 -0.95785 1.37009)
(0.755394 -0.60499 1.14789)
(-0.220738 0.161825 1.33587)
(0.303888 0.31365 -0.478938)
(-0.306959 0.089051 -0.854938)
(0.30692 0.0890644 -0.854921)
(-0.303942 0.313611 -0.478987)
(0.220782 0.161793 1.33589)
(-0.755399 -0.604989 1.14789)
(0.95785 -0.957851 1.37009)
(-0.604988 0.755391 1.14788)
(-0.35647 -0.356476 1.18143)
(-0.679061 0.386247 0.603978)
(0.124757 -0.017045 -0.615563)
(-0.242636 -0.195967 -0.941399)
(0.242633 -0.195964 -0.941398)
(-0.124769 -0.0170077 -0.615542)
(0.679059 0.386289 0.60402)
(0.356448 -0.35646 1.18144)
(0.604987 0.755394 1.14788)
(0.161836 -0.22074 1.33587)
(0.386228 -0.679068 0.603973)
(-0.43709 -0.437083 1.30593)
(0.462186 -0.117498 0.230145)
(-0.0508175 -0.0697188 -0.76012)
(0.0507913 -0.0697197 -0.760093)
(-0.462204 -0.117482 0.230218)
(0.437088 -0.437091 1.30588)
(-0.386248 -0.679071 0.603959)
(-0.161845 -0.220758 1.33586)
(0.313657 0.303882 -0.47893)
(-0.0170534 0.124762 -0.615563)
(-0.117498 0.462178 0.230141)
(0.135265 0.13526 -0.447704)
(-0.0624308 0.137422 -0.879632)
(0.0624252 0.137426 -0.879634)
(-0.135269 0.135259 -0.447698)
(0.117492 0.46218 0.230168)
(0.0170439 0.124786 -0.615554)
(-0.31364 0.303902 -0.478972)
(0.0890496 -0.306967 -0.854939)
(-0.195965 -0.242638 -0.941397)
(-0.0697152 -0.0508217 -0.76012)
(0.137423 -0.0624331 -0.879633)
(-0.0486472 -0.0486495 -0.980726)
(0.0486403 -0.0486506 -0.980725)
(-0.137431 -0.0624328 -0.879638)
(0.0697109 -0.0508197 -0.760104)
(0.195966 -0.242645 -0.941398)
(-0.0890517 -0.30696 -0.854944)
(0.08907 0.306912 -0.854914)
(-0.195964 0.242636 -0.941396)
(-0.0697207 0.0507853 -0.760084)
(0.137431 0.0624218 -0.879637)
(-0.0486485 0.0486386 -0.980725)
(0.0486423 0.0486399 -0.980725)
(-0.137439 0.0624236 -0.879642)
(0.0697157 0.0507857 -0.760076)
(0.195967 0.242642 -0.941399)
(-0.0890693 0.306914 -0.854923)
(0.313595 -0.303957 -0.479009)
(-0.0170007 -0.124768 -0.615537)
(-0.117473 -0.462214 0.230246)
(0.135261 -0.135275 -0.447695)
(-0.0624315 -0.137434 -0.879637)
(0.0624273 -0.137439 -0.879639)
(-0.135267 -0.135272 -0.447693)
(0.117469 -0.462219 0.230259)
(0.0169985 -0.12479 -0.615535)
(-0.313594 -0.303965 -0.479025)
(0.161785 0.220812 1.33591)
(0.386305 0.679061 0.604041)
(-0.437088 0.437094 1.30585)
(0.46218 0.117495 0.230178)
(-0.0508074 0.0697075 -0.760099)
(0.0507873 0.069709 -0.76008)
(-0.462202 0.117482 0.230233)
(0.43709 0.4371 1.30582)
(-0.386304 0.679065 0.604022)
(-0.161798 0.22082 1.3359)
(-0.604987 -0.755399 1.14789)
(-0.356444 0.35645 1.18144)
(-0.679068 -0.386252 0.603945)
(0.124798 0.0170377 -0.61555)
(-0.242645 0.195966 -0.941401)
(0.242643 0.195965 -0.941401)
(-0.124803 0.0170038 -0.615536)
(0.679064 -0.386283 0.603982)
(0.356431 0.356443 1.18145)
(0.604987 -0.7554 1.14789)
(-0.957852 0.95785 1.37009)
(0.755396 0.604988 1.14787)
(-0.220751 -0.161847 1.33585)
(0.303913 -0.313638 -0.478982)
(-0.306952 -0.0890535 -0.854944)
(0.30692 -0.089065 -0.854931)
(-0.303956 -0.31361 -0.479013)
(0.220785 -0.161816 1.33587)
(-0.7554 0.604989 1.14788)
(0.957852 0.957852 1.37009)
(-0.954392 -0.954392 1.4341)
(0.771727 -0.603791 1.20342)
(-0.129456 0.217969 1.2869)
(0.285873 0.261542 -0.510711)
(-0.275646 0.0742028 -0.825382)
(0.275647 0.0742081 -0.825367)
(-0.28584 0.261487 -0.510748)
(0.129487 0.218 1.2869)
(-0.771728 -0.603791 1.20343)
(0.954392 -0.954393 1.4341)
(-0.60379 0.771725 1.20342)
(-0.35305 -0.353052 1.23069)
(-0.661983 0.422146 0.634489)
(0.140724 -0.0446615 -0.613095)
(-0.228094 -0.195438 -0.922021)
(0.228087 -0.195439 -0.922014)
(-0.140739 -0.0446844 -0.613093)
(0.661966 0.422215 0.63453)
(0.353027 -0.353028 1.2307)
(0.603785 0.771727 1.20341)
(0.217961 -0.129458 1.2869)
(0.422127 -0.66199 0.634484)
(-0.403519 -0.40349 1.2674)
(0.462888 -0.114256 0.105101)
(-0.0547997 -0.0730734 -0.752767)
(0.0547686 -0.0730775 -0.752745)
(-0.462905 -0.114249 0.105161)
(0.40352 -0.403407 1.26736)
(-0.422152 -0.661988 0.634475)
(-0.218004 -0.129482 1.28688)
(0.261552 0.285881 -0.510706)
(-0.044664 0.140726 -0.613093)
(-0.114258 0.46288 0.105103)
(0.128308 0.128302 -0.470307)
(-0.0569613 0.134862 -0.866045)
(0.0569521 0.134865 -0.866047)
(-0.128328 0.128312 -0.470301)
(0.114262 0.462871 0.105134)
(0.0446935 0.140753 -0.613093)
(-0.261526 0.285869 -0.510737)
(0.0742015 -0.275648 -0.825382)
(-0.195438 -0.228095 -0.92202)
(-0.0730706 -0.0548012 -0.752767)
(0.134863 -0.0569642 -0.866046)
(-0.0440386 -0.0440407 -0.938609)
(0.0440309 -0.0440407 -0.938608)
(-0.134871 -0.0569615 -0.86605)
(0.0730687 -0.0547839 -0.752757)
(0.195444 -0.228098 -0.922017)
(-0.074198 -0.275658 -0.825386)
(0.0742103 0.275653 -0.825361)
(-0.195442 0.228087 -0.922011)
(-0.0730807 0.054764 -0.752737)
(0.13487 0.0569476 -0.866049)
(-0.0440378 0.0440287 -0.938607)
(0.0440311 0.044029 -0.938606)
(-0.134877 0.0569475 -0.866053)
(0.0730775 0.0547545 -0.752732)
(0.19545 0.228092 -0.92201)
(-0.0742059 0.275658 -0.825368)
(0.261465 -0.285827 -0.510766)
(-0.044694 -0.140742 -0.613095)
(-0.114244 -0.462914 0.10518)
(0.128315 -0.128342 -0.470298)
(-0.0569583 -0.134874 -0.86605)
(0.056951 -0.134878 -0.866051)
(-0.12833 -0.128344 -0.470295)
(0.114248 -0.462904 0.105197)
(0.044713 -0.140766 -0.613096)
(-0.26146 -0.285827 -0.510779)
(0.218011 0.129505 1.28691)
(0.422242 0.661959 0.634546)
(-0.403355 0.40354 1.26733)
(0.462864 0.114263 0.105146)
(-0.0547661 0.0730646 -0.752753)
(0.0547464 0.0730686 -0.752737)
(-0.462882 0.114256 0.105187)
(0.403382 0.403471 1.2673)
(-0.422243 0.661962 0.634531)
(-0.218032 0.129519 1.2869)
(-0.603789 -0.771727 1.20343)
(-0.353013 0.353025 1.2307)
(-0.661987 -0.422157 0.634468)
(0.140766 0.0447009 -0.61309)
(-0.228099 0.195443 -0.922017)
(0.228094 0.195446 -0.922013)
(-0.140776 0.0447134 -0.61309)
(0.661973 -0.422211 0.634502)
(0.352999 0.35301 1.2307)
(0.603787 -0.771729 1.20343)
(-0.954393 0.954392 1.4341)
(0.771729 0.603785 1.20341)
(-0.129481 -0.218022 1.28687)
(0.285867 -0.26152 -0.510745)
(-0.275655 -0.0741995 -0.825385)
(0.275654 -0.0742043 -0.825374)
(-0.285842 -0.261478 -0.510768)
(0.129503 -0.218036 1.28688)
(-0.77173 0.603787 1.20342)
(0.954393 0.954393 1.43409)
(-0.948983 -0.948983 1.52705)
(0.750093 -0.572604 1.24444)
(-0.176763 0.38363 1.21421)
(0.254638 0.193248 -0.523868)
(-0.265044 0.0628174 -0.795303)
(0.265053 0.0628229 -0.795302)
(-0.254608 0.193228 -0.523888)
(0.176779 0.383701 1.21419)
(-0.750091 -0.572605 1.24445)
(0.948983 -0.948984 1.52705)
(-0.572603 0.750092 1.24444)
(-0.358421 -0.358418 1.2777)
(-0.663509 0.421044 0.676473)
(0.148661 -0.0924536 -0.627792)
(-0.209383 -0.195991 -0.898331)
(0.209374 -0.195991 -0.898321)
(-0.14867 -0.0924737 -0.627799)
(0.663498 0.421104 0.67651)
(0.358404 -0.358391 1.27771)
(0.572596 0.750091 1.24443)
(0.383611 -0.176764 1.21422)
(0.42103 -0.663514 0.67647)
(-0.314198 -0.314163 1.23406)
(0.449435 -0.117077 -0.0111096)
(-0.0474091 -0.0724052 -0.747173)
(0.047386 -0.0724091 -0.747157)
(-0.449444 -0.117068 -0.011072)
(0.314209 -0.314027 1.23403)
(-0.421046 -0.663517 0.676477)
(-0.383657 -0.176793 1.21418)
(0.193252 0.254647 -0.523864)
(-0.0924575 0.148664 -0.627789)
(-0.117079 0.449433 -0.0110998)
(0.130427 0.13042 -0.498809)
(-0.0462559 0.127691 -0.851068)
(0.0462451 0.127693 -0.851067)
(-0.130457 0.130428 -0.498806)
(0.117083 0.449428 -0.0110533)
(0.0924917 0.148687 -0.627788)
(-0.193241 0.25464 -0.523885)
(0.0628165 -0.265044 -0.795302)
(-0.195991 -0.209385 -0.89833)
(-0.0724028 -0.0474073 -0.747173)
(0.127692 -0.046259 -0.851069)
(-0.0411172 -0.0411194 -0.89781)
(0.0411091 -0.0411185 -0.897808)
(-0.127701 -0.0462557 -0.851072)
(0.0723998 -0.0473831 -0.747165)
(0.195999 -0.209388 -0.898324)
(-0.0628153 -0.265055 -0.79531)
(0.0628251 0.265059 -0.795302)
(-0.195995 0.209374 -0.898316)
(-0.0724117 0.0473847 -0.74715)
(0.127696 0.0462406 -0.851067)
(-0.0411153 0.0411068 -0.897807)
(0.0411081 0.0411064 -0.897806)
(-0.127704 0.0462399 -0.85107)
(0.0724074 0.0473683 -0.747146)
(0.196004 0.209379 -0.898313)
(-0.0628228 0.265065 -0.79531)
(0.193219 -0.254597 -0.523899)
(-0.0924802 -0.148672 -0.627804)
(-0.117066 -0.449448 -0.0110646)
(0.130428 -0.130473 -0.498803)
(-0.0462511 -0.127704 -0.851071)
(0.0462424 -0.127707 -0.85107)
(-0.130452 -0.130472 -0.498801)
(0.11707 -0.449441 -0.0110293)
(0.092504 -0.148694 -0.627802)
(-0.193217 -0.254601 -0.523908)
(0.383728 0.176784 1.21418)
(0.42113 0.663493 0.676518)
(-0.313948 0.314236 1.23401)
(0.449421 0.11708 -0.0110311)
(-0.047366 0.0723966 -0.747161)
(0.0473543 0.0724001 -0.747149)
(-0.449428 0.117072 -0.0110114)
(0.31399 0.31412 1.23399)
(-0.42113 0.663498 0.676515)
(-0.383744 0.176803 1.21417)
(-0.572605 -0.750089 1.24445)
(-0.358378 0.358401 1.2777)
(-0.663519 -0.421046 0.676481)
(0.148695 0.0925032 -0.627788)
(-0.209386 0.195999 -0.898323)
(0.20938 0.196001 -0.898315)
(-0.148701 0.0925128 -0.627794)
(0.66351 -0.421096 0.676507)
(0.35837 0.358379 1.2777)
(0.572601 -0.750089 1.24444)
(-0.948984 0.948983 1.52705)
(0.750091 0.572594 1.24443)
(-0.176801 -0.383673 1.21416)
(0.254638 -0.19324 -0.52389)
(-0.265055 -0.0628165 -0.79531)
(0.265061 -0.0628212 -0.79531)
(-0.254613 -0.193226 -0.523902)
(0.176809 -0.383725 1.21415)
(-0.75009 0.572597 1.24444)
(0.948984 0.948984 1.52705)
(-0.939337 -0.939336 1.61651)
(0.747208 -0.509147 1.31098)
(-0.346977 0.513172 1.09098)
(0.223736 0.130503 -0.530716)
(-0.260559 0.0583319 -0.768518)
(0.260558 0.058336 -0.768518)
(-0.223766 0.130525 -0.530727)
(0.34698 0.513161 1.09094)
(-0.747208 -0.509149 1.31098)
(0.939336 -0.939337 1.61651)
(-0.509147 0.747207 1.31098)
(-0.408105 -0.408099 1.36034)
(-0.645931 0.326924 0.730246)
(0.141173 -0.13133 -0.661587)
(-0.186854 -0.186481 -0.872787)
(0.186842 -0.186481 -0.872777)
(-0.141178 -0.131337 -0.661596)
(0.645926 0.326991 0.730262)
(0.408095 -0.40806 1.36035)
(0.509142 0.747209 1.31097)
(0.513171 -0.346978 1.09099)
(0.326916 -0.645935 0.730248)
(-0.222277 -0.222263 1.19469)
(0.429476 -0.109444 -0.124149)
(-0.0354547 -0.0649763 -0.741822)
(0.0354351 -0.0649785 -0.741811)
(-0.429482 -0.109438 -0.124123)
(0.222281 -0.222168 1.19468)
(-0.32693 -0.645941 0.730265)
(-0.51316 -0.346999 1.09095)
(0.1305 0.223734 -0.530713)
(-0.131334 0.141174 -0.661583)
(-0.109444 0.429475 -0.124139)
(0.133717 0.13371 -0.532509)
(-0.0348532 0.115429 -0.832466)
(0.034842 0.115431 -0.832463)
(-0.133744 0.133716 -0.532505)
(0.109439 0.429474 -0.124087)
(0.131357 0.141187 -0.661583)
(-0.130508 0.223753 -0.530726)
(0.0583309 -0.26056 -0.768517)
(-0.186481 -0.186858 -0.872786)
(-0.0649733 -0.0354538 -0.741822)
(0.115431 -0.0348564 -0.832468)
(-0.0382317 -0.0382342 -0.860192)
(0.0382228 -0.038233 -0.86019)
(-0.11544 -0.0348535 -0.832469)
(0.064966 -0.0354339 -0.741814)
(0.186484 -0.186863 -0.872775)
(-0.0583304 -0.260565 -0.768521)
(0.058337 0.260561 -0.768517)
(-0.186483 0.186842 -0.872772)
(-0.0649787 0.0354344 -0.741805)
(0.115433 0.0348382 -0.832462)
(-0.0382296 0.0382207 -0.860188)
(0.0382217 0.0382201 -0.860186)
(-0.115442 0.0348379 -0.832464)
(0.0649704 0.0354204 -0.741799)
(0.186487 0.18685 -0.872764)
(-0.0583358 0.260564 -0.768521)
(0.13053 -0.223774 -0.530732)
(-0.131338 -0.141178 -0.661602)
(-0.109436 -0.429483 -0.124123)
(0.133716 -0.133758 -0.532502)
(-0.0348489 -0.115444 -0.832469)
(0.0348398 -0.115446 -0.832466)
(-0.133739 -0.133756 -0.5325)
(0.109432 -0.429482 -0.124081)
(0.131355 -0.141192 -0.661599)
(-0.130535 -0.223788 -0.530737)
(0.513162 0.34698 1.09093)
(0.327022 0.645923 0.730257)
(-0.222113 0.222299 1.19466)
(0.429471 0.109436 -0.124059)
(-0.0354207 0.064965 -0.741809)
(0.0354094 0.0649669 -0.7418)
(-0.429477 0.109432 -0.124049)
(0.222135 0.222218 1.19465)
(-0.327028 0.645931 0.730267)
(-0.513153 0.346993 1.09091)
(-0.50915 -0.747207 1.31098)
(-0.408043 0.408094 1.36035)
(-0.645943 -0.326927 0.730278)
(0.141191 0.131366 -0.661583)
(-0.18686 0.186485 -0.872774)
(0.186851 0.186486 -0.872766)
(-0.141196 0.131367 -0.661591)
(0.64594 -0.326989 0.730285)
(0.40804 0.408059 1.36035)
(0.509147 -0.747209 1.31098)
(-0.939337 0.939336 1.61651)
(0.747211 0.50914 1.31097)
(-0.347004 -0.51315 1.09093)
(0.223757 -0.130514 -0.53073)
(-0.260563 -0.0583321 -0.768521)
(0.260562 -0.0583358 -0.768521)
(-0.223782 -0.130534 -0.530734)
(0.347002 -0.513143 1.09091)
(-0.747211 0.509143 1.31097)
(0.939337 0.939337 1.61651)
(-0.925139 -0.925139 1.69527)
(0.748643 -0.44894 1.42921)
(-0.464354 0.52751 1.01222)
(0.196728 0.0775051 -0.56095)
(-0.250159 0.0519227 -0.755481)
(0.250147 0.0519259 -0.755474)
(-0.196758 0.0775124 -0.560976)
(0.464336 0.527455 1.01216)
(-0.748642 -0.448943 1.4292)
(0.925138 -0.92514 1.69527)
(-0.44894 0.748643 1.42921)
(-0.531242 -0.53124 1.48018)
(-0.529341 -0.0102041 0.756281)
(0.120436 -0.151097 -0.702822)
(-0.156702 -0.15403 -0.848603)
(0.156691 -0.154032 -0.848595)
(-0.120437 -0.151099 -0.702828)
(0.529334 -0.0101564 0.756272)
(0.531243 -0.53121 1.48019)
(0.448941 0.748647 1.4292)
(0.52752 -0.464361 1.01223)
(-0.0102003 -0.529348 0.756286)
(-0.122788 -0.122795 1.08114)
(0.402775 -0.0850955 -0.219916)
(-0.0225935 -0.0552043 -0.727062)
(0.0225731 -0.0552058 -0.727055)
(-0.402789 -0.0850951 -0.219893)
(0.122775 -0.12278 1.08114)
(0.0101922 -0.529354 0.7563)
(-0.527482 -0.464354 1.01219)
(0.0775037 0.196723 -0.560944)
(-0.151099 0.120435 -0.702819)
(-0.0850946 0.402772 -0.21991)
(0.135433 0.13543 -0.558697)
(-0.0252188 0.100473 -0.809235)
(0.0252084 0.100474 -0.809231)
(-0.135451 0.135437 -0.558691)
(0.0850876 0.402773 -0.219864)
(0.151107 0.120434 -0.702818)
(-0.0775059 0.19674 -0.560963)
(0.0519209 -0.250161 -0.755482)
(-0.154029 -0.156706 -0.848603)
(-0.055201 -0.0225953 -0.727062)
(0.100475 -0.0252218 -0.809236)
(-0.0346246 -0.0346273 -0.828162)
(0.0346152 -0.0346267 -0.82816)
(-0.100484 -0.0252196 -0.809235)
(0.055192 -0.0225846 -0.727054)
(0.154028 -0.156711 -0.848598)
(-0.051918 -0.25016 -0.755481)
(0.0519258 0.250146 -0.755471)
(-0.154033 0.15669 -0.848591)
(-0.0552047 0.0225712 -0.72705)
(0.100476 0.0252054 -0.809228)
(-0.0346235 0.0346133 -0.828158)
(0.0346149 0.0346133 -0.828156)
(-0.100485 0.0252054 -0.809229)
(0.055195 0.0225648 -0.727043)
(0.154032 0.156697 -0.848587)
(-0.0519223 0.250147 -0.755472)
(0.0775127 -0.196767 -0.560986)
(-0.151097 -0.120435 -0.702832)
(-0.0850942 -0.402791 -0.219892)
(0.135439 -0.135461 -0.558689)
(-0.0252154 -0.100488 -0.809236)
(0.025207 -0.100489 -0.809232)
(-0.135454 -0.135464 -0.558686)
(0.0850878 -0.402793 -0.219855)
(0.151104 -0.120436 -0.702829)
(-0.077515 -0.196778 -0.560993)
(0.527441 0.464334 1.01214)
(-0.0101329 0.529329 0.756256)
(-0.122771 0.122773 1.08114)
(0.402775 0.0850871 -0.219838)
(-0.0225756 0.0551923 -0.727048)
(0.0225607 0.0551936 -0.727042)
(-0.402789 0.0850874 -0.219828)
(0.122759 0.122762 1.08114)
(0.0101184 0.529342 0.756267)
(-0.527421 0.464331 1.01212)
(-0.448943 -0.74864 1.4292)
(-0.531195 0.531247 1.48019)
(-0.529357 0.0101955 0.756312)
(0.120437 0.151112 -0.702817)
(-0.156708 0.154029 -0.848596)
(0.1567 0.154031 -0.848588)
(-0.120439 0.151112 -0.702823)
(0.529355 0.0101436 0.756298)
(0.531197 0.531218 1.48019)
(0.448943 -0.748644 1.42919)
(-0.92514 0.925138 1.69526)
(0.74865 0.448941 1.4292)
(-0.464346 -0.527459 1.01217)
(0.196746 -0.0775107 -0.560969)
(-0.250157 -0.0519206 -0.755479)
(0.250148 -0.0519235 -0.755473)
(-0.196772 -0.0775182 -0.560987)
(0.464332 -0.527419 1.01213)
(-0.748648 0.448942 1.4292)
(0.925139 0.925139 1.69526)
(-0.906865 -0.906865 1.76843)
(0.743452 -0.405341 1.58121)
(-0.456969 0.478219 1.06432)
(0.170118 0.0310277 -0.589111)
(-0.234125 0.0426477 -0.750699)
(0.234115 0.0426519 -0.750692)
(-0.170132 0.0310275 -0.589125)
(0.45694 0.478122 1.06426)
(-0.743449 -0.405344 1.58119)
(0.906864 -0.906865 1.76842)
(-0.405341 0.743453 1.58121)
(-0.614523 -0.614524 1.51384)
(-0.352679 -0.338203 0.725811)
(0.0939967 -0.157327 -0.724271)
(-0.124097 -0.129339 -0.827597)
(0.124086 -0.12934 -0.827591)
(-0.0939932 -0.157331 -0.724277)
(0.352654 -0.33819 0.725787)
(0.614527 -0.614512 1.51385)
(0.405347 0.743457 1.58121)
(0.478238 -0.456977 1.06433)
(-0.338195 -0.352687 0.725817)
(-0.038098 -0.0381065 0.728178)
(0.355531 -0.0633461 -0.302799)
(-0.0132206 -0.0510294 -0.705246)
(0.0132021 -0.051032 -0.705239)
(-0.355545 -0.0633439 -0.302782)
(0.0380856 -0.0381261 0.72819)
(0.338196 -0.352685 0.725819)
(-0.47818 -0.45696 1.06429)
(0.0310278 0.170116 -0.589108)
(-0.157327 0.0939959 -0.724269)
(-0.0633468 0.355529 -0.302795)
(0.127245 0.127244 -0.572719)
(-0.0164037 0.0850272 -0.782779)
(0.0163946 0.0850283 -0.782774)
(-0.127258 0.127251 -0.572714)
(0.0633438 0.355535 -0.302761)
(0.15733 0.093991 -0.724268)
(-0.0310278 0.170124 -0.589119)
(0.0426459 -0.234127 -0.750699)
(-0.129338 -0.1241 -0.827598)
(-0.0510271 -0.0132237 -0.705245)
(0.0850293 -0.0164063 -0.782779)
(-0.0287814 -0.0287842 -0.801783)
(0.0287728 -0.0287844 -0.80178)
(-0.0850379 -0.0164044 -0.782776)
(0.0510221 -0.0132199 -0.705236)
(0.129338 -0.1241 -0.827599)
(-0.0426448 -0.234126 -0.750694)
(0.0426523 0.234114 -0.750688)
(-0.12934 0.124083 -0.82759)
(-0.0510322 0.0131998 -0.705236)
(0.0850303 0.0163921 -0.782771)
(-0.0287818 0.0287712 -0.801779)
(0.0287737 0.0287719 -0.801776)
(-0.0850389 0.0163922 -0.78277)
(0.0510266 0.0131988 -0.705227)
(0.12934 0.124085 -0.827591)
(-0.0426507 0.234115 -0.750685)
(0.0310261 -0.170137 -0.589131)
(-0.15733 -0.0939903 -0.724279)
(-0.0633427 -0.355548 -0.30278)
(0.127253 -0.127265 -0.572712)
(-0.0164006 -0.0850412 -0.782777)
(0.0163934 -0.0850422 -0.782773)
(-0.127264 -0.127269 -0.572709)
(0.0633404 -0.355555 -0.302753)
(0.157333 -0.0939871 -0.724278)
(-0.0310275 -0.170144 -0.589135)
(0.478093 0.456935 1.06424)
(-0.338179 0.352641 0.725768)
(-0.0381367 0.0380793 0.728189)
(0.355536 0.0633423 -0.302744)
(-0.0132142 0.0510219 -0.705231)
(0.013199 0.0510243 -0.705226)
(-0.355551 0.0633406 -0.302735)
(0.0381166 0.0380944 0.72821)
(0.338171 0.35265 0.725771)
(-0.478064 0.456927 1.06422)
(-0.405343 -0.743446 1.58119)
(-0.614502 0.614532 1.51385)
(-0.352686 0.3382 0.725825)
(0.0939926 0.157331 -0.724268)
(-0.124098 0.129338 -0.827596)
(0.124089 0.129339 -0.82759)
(-0.0939899 0.157334 -0.724274)
(0.35267 0.338182 0.7258)
(0.614508 0.614521 1.51385)
(0.405346 -0.743451 1.58118)
(-0.906865 0.906863 1.76842)
(0.74346 0.40535 1.5812)
(-0.456948 -0.478149 1.06429)
(0.170129 -0.0310309 -0.589122)
(-0.234123 -0.0426475 -0.750692)
(0.234116 -0.0426516 -0.750686)
(-0.170142 -0.0310316 -0.589131)
(0.456926 -0.478075 1.06424)
(-0.743456 0.405349 1.58119)
(0.906865 0.906864 1.76842)
(-0.886426 -0.886426 1.8359)
(0.738331 -0.374434 1.73504)
(-0.430838 0.381993 1.18798)
(0.14104 -0.00497024 -0.603542)
(-0.221984 0.0343056 -0.752086)
(0.22197 0.0343112 -0.752079)
(-0.141056 -0.00496534 -0.603552)
(0.430808 0.381853 1.18796)
(-0.738325 -0.374435 1.73502)
(0.886424 -0.886426 1.83589)
(-0.374434 0.738333 1.73505)
(-0.629566 -0.629568 1.48879)
(-0.230601 -0.327275 0.651875)
(0.0673118 -0.156337 -0.729947)
(-0.0976127 -0.110406 -0.808923)
(0.0976033 -0.110408 -0.80892)
(-0.0672997 -0.156332 -0.729948)
(0.230565 -0.327275 0.651816)
(0.629568 -0.629561 1.48878)
(0.374444 0.738337 1.73504)
(0.382021 -0.430846 1.18798)
(-0.327272 -0.230608 0.651887)
(-0.0292127 -0.0292174 0.287062)
(0.287181 -0.0556728 -0.371649)
(-0.0130426 -0.0531083 -0.687436)
(0.0130281 -0.0531127 -0.687431)
(-0.287193 -0.0556678 -0.371636)
(0.0292129 -0.0292393 0.28707)
(0.327265 -0.230598 0.651871)
(-0.381951 -0.430826 1.18797)
(-0.00497108 0.141038 -0.603541)
(-0.156338 0.0673142 -0.729946)
(-0.0556745 0.287179 -0.371646)
(0.106523 0.106522 -0.583395)
(-0.00708245 0.0722771 -0.761864)
(0.00707517 0.0722779 -0.76186)
(-0.106531 0.106527 -0.58339)
(0.0556736 0.287185 -0.371623)
(0.156337 0.0673114 -0.729944)
(0.00496764 0.141045 -0.603548)
(0.0343047 -0.221986 -0.752085)
(-0.110405 -0.0976135 -0.808924)
(-0.0531071 -0.0130458 -0.687436)
(0.072279 -0.00708421 -0.761864)
(-0.021713 -0.0217154 -0.778583)
(0.0217063 -0.0217164 -0.778581)
(-0.0722862 -0.00708243 -0.761861)
(0.0531075 -0.0130456 -0.687427)
(0.110405 -0.0976096 -0.808927)
(-0.0343085 -0.221984 -0.75208)
(0.0343133 0.221966 -0.752076)
(-0.110408 0.0975995 -0.80892)
(-0.0531149 0.0130258 -0.687428)
(0.0722795 0.00707312 -0.761858)
(-0.0217147 0.0217049 -0.77858)
(0.0217082 0.0217062 -0.778577)
(-0.0722866 0.00707291 -0.761855)
(0.0531145 0.0130277 -0.68742)
(0.110407 0.0975976 -0.808922)
(-0.0343167 0.221968 -0.752072)
(-0.00496521 -0.14106 -0.603558)
(-0.15633 -0.0672955 -0.729948)
(-0.0556661 -0.287196 -0.371634)
(0.10653 -0.106536 -0.583388)
(-0.00707964 -0.0722889 -0.761861)
(0.00707405 -0.0722895 -0.761857)
(-0.106537 -0.10654 -0.583385)
(0.0556662 -0.287202 -0.371615)
(0.15633 -0.0672947 -0.729947)
(0.00496257 -0.141066 -0.60356)
(0.381806 0.430802 1.18794)
(-0.327266 0.230548 0.651786)
(-0.0292489 0.0292122 0.287069)
(0.287188 0.0556712 -0.371611)
(-0.0130425 0.0531064 -0.687423)
(0.01303 0.0531105 -0.687418)
(-0.287199 0.0556669 -0.371603)
(0.0292413 0.0292283 0.287082)
(0.327261 0.230548 0.651778)
(-0.381774 0.430792 1.18793)
(-0.374434 -0.738323 1.73501)
(-0.629554 0.629572 1.48877)
(-0.230595 0.327264 0.651867)
(0.0673107 0.156333 -0.729943)
(-0.0976097 0.110404 -0.808924)
(0.0976025 0.110405 -0.808921)
(-0.0672992 0.15633 -0.729945)
(0.230566 0.327268 0.651812)
(0.629558 0.629569 1.48877)
(0.37444 -0.738327 1.735)
(-0.886425 0.886423 1.83589)
(0.738339 0.374449 1.73503)
(-0.430813 -0.381917 1.18797)
(0.14105 0.00496415 -0.60355)
(-0.221981 -0.0343101 -0.752078)
(0.221971 -0.0343157 -0.752072)
(-0.141064 0.00496011 -0.603556)
(0.430791 -0.381805 1.18795)
(-0.738334 0.374447 1.73501)
(0.886424 0.886424 1.83589)
(-0.864653 -0.864653 1.8947)
(0.73626 -0.35244 1.87527)
(-0.406972 0.272906 1.29593)
(0.117168 -0.0281341 -0.606401)
(-0.213833 0.0276219 -0.760296)
(0.213822 0.0276279 -0.760292)
(-0.117181 -0.0281302 -0.606411)
(0.406942 0.272788 1.29594)
(-0.736253 -0.352441 1.87524)
(0.864651 -0.864653 1.8947)
(-0.352441 0.736263 1.87527)
(-0.609817 -0.60982 1.43495)
(-0.190954 -0.107103 0.578614)
(0.0436331 -0.150348 -0.733106)
(-0.0808601 -0.0969514 -0.790904)
(0.0808547 -0.096953 -0.790903)
(-0.0436145 -0.15034 -0.7331)
(0.190923 -0.107112 0.57853)
(0.609813 -0.609817 1.43493)
(0.352454 0.736267 1.87526)
(0.27293 -0.406979 1.29592)
(-0.1071 -0.190959 0.578631)
(-0.048827 -0.0488334 0.0428501)
(0.233214 -0.0553644 -0.437009)
(-0.0164362 -0.0553235 -0.677928)
(0.0164253 -0.0553287 -0.677924)
(-0.233223 -0.0553597 -0.436998)
(0.0488312 -0.0488635 0.0428588)
(0.10708 -0.190949 0.578602)
(-0.272878 -0.40696 1.29592)
(-0.028135 0.117166 -0.6064)
(-0.150349 0.0436377 -0.733106)
(-0.0553659 0.233213 -0.437007)
(0.0864333 0.086433 -0.600633)
(0.00376383 0.0642489 -0.746774)
(-0.00376909 0.0642494 -0.746772)
(-0.0864381 0.0864371 -0.600628)
(0.0553646 0.233217 -0.436992)
(0.150343 0.0436362 -0.733101)
(0.0281309 0.117174 -0.606405)
(0.0276213 -0.213835 -0.760295)
(-0.0969506 -0.0808601 -0.790903)
(-0.0553224 -0.0164394 -0.677927)
(0.0642506 0.00376282 -0.746774)
(-0.0176734 -0.0176754 -0.756981)
(0.0176678 -0.0176767 -0.756979)
(-0.0642562 0.00376424 -0.746771)
(0.0553238 -0.0164417 -0.67792)
(0.0969493 -0.0808572 -0.790901)
(-0.0276262 -0.213833 -0.76029)
(0.0276303 0.21382 -0.760288)
(-0.0969537 0.0808523 -0.790903)
(-0.0553314 0.0164234 -0.677922)
(0.0642506 -0.00377078 -0.74677)
(-0.0176756 0.0176663 -0.756978)
(0.0176702 0.0176679 -0.756976)
(-0.0642561 -0.00377111 -0.746767)
(0.055332 0.0164274 -0.677914)
(0.0969522 0.0808506 -0.7909)
(-0.027635 0.213821 -0.760284)
(-0.0281313 -0.117182 -0.606417)
(-0.150338 -0.0436084 -0.733097)
(-0.0553582 -0.233226 -0.436996)
(0.086439 -0.0864407 -0.600626)
(0.00376587 -0.0642584 -0.74677)
(-0.00376987 -0.0642586 -0.746768)
(-0.0864426 -0.0864439 -0.600622)
(0.0553577 -0.233229 -0.436983)
(0.150334 -0.0436086 -0.733095)
(0.0281284 -0.117188 -0.606417)
(0.272745 0.406936 1.29593)
(-0.107108 0.190909 0.57849)
(-0.0488753 0.0488314 0.0428613)
(0.23322 0.0553625 -0.436983)
(-0.0164404 0.0553228 -0.677916)
(0.016431 0.0553278 -0.677912)
(-0.233227 0.0553583 -0.436975)
(0.0488742 0.0488588 0.0428726)
(0.107094 0.190904 0.578476)
(-0.272722 0.406927 1.29593)
(-0.352438 -0.73625 1.87522)
(-0.609811 0.609814 1.43491)
(-0.190946 0.10707 0.578594)
(0.0436347 0.150338 -0.733099)
(-0.0808583 0.096948 -0.7909)
(0.0808544 0.0969493 -0.790899)
(-0.0436161 0.150331 -0.733095)
(0.190919 0.107087 0.578519)
(0.60981 0.609816 1.4349)
(0.352448 -0.736255 1.87522)
(-0.864652 0.86465 1.8947)
(0.736269 0.352461 1.87526)
(-0.406948 -0.272854 1.29593)
(0.117179 0.0281278 -0.606408)
(-0.213831 -0.0276275 -0.760288)
(0.213822 -0.0276335 -0.760284)
(-0.117189 0.0281253 -0.606414)
(0.406926 -0.272755 1.29594)
(-0.736262 0.352457 1.87523)
(0.864651 0.86465 1.8947)
(-0.841649 -0.841649 1.94626)
(0.741905 -0.332988 2.00685)
(-0.396625 0.199901 1.38196)
(0.100037 -0.0404418 -0.603164)
(-0.205568 0.0222126 -0.772495)
(0.205564 0.0222173 -0.772492)
(-0.10004 -0.0404427 -0.603171)
(0.396595 0.199824 1.38199)
(-0.741896 -0.332988 2.00682)
(0.841645 -0.841647 1.94626)
(-0.332989 0.741909 2.00686)
(-0.588763 -0.588768 1.37696)
(-0.176644 -0.00784365 0.486525)
(0.0156717 -0.133986 -0.739967)
(-0.0706569 -0.0875299 -0.779619)
(0.0706554 -0.0875315 -0.779622)
(-0.0156516 -0.133989 -0.739958)
(0.17663 -0.00787531 0.486433)
(0.58875 -0.58877 1.37692)
(0.333003 0.741913 2.00685)
(0.199917 -0.396631 1.38195)
(-0.00783347 -0.176646 0.486543)
(-0.0698453 -0.0698535 -0.0845194)
(0.190432 -0.0554279 -0.50016)
(-0.0184632 -0.0553847 -0.674802)
(0.0184555 -0.0553895 -0.674799)
(-0.190437 -0.0554256 -0.500152)
(0.0698467 -0.0698859 -0.0845143)
(0.00781581 -0.176642 0.486506)
(-0.199889 -0.396617 1.38195)
(-0.0404418 0.100037 -0.603164)
(-0.133984 0.0156766 -0.739968)
(-0.0554288 0.19043 -0.500159)
(0.0764761 0.0764763 -0.62508)
(0.0123597 0.0578038 -0.734439)
(-0.0123632 0.0578039 -0.734439)
(-0.0764782 0.0764789 -0.625074)
(0.0554274 0.190432 -0.500151)
(0.133978 0.0156743 -0.739962)
(0.0404385 0.100044 -0.603168)
(0.0222118 -0.205568 -0.772494)
(-0.0875291 -0.0706564 -0.779618)
(-0.0553833 -0.018466 -0.674802)
(0.0578053 0.0123592 -0.734439)
(-0.0166872 -0.0166889 -0.737135)
(0.0166826 -0.0166903 -0.737134)
(-0.0578097 0.01236 -0.734436)
(0.0553833 -0.0184697 -0.674796)
(0.0875271 -0.0706552 -0.779617)
(-0.0222152 -0.205567 -0.772488)
(0.022219 0.205566 -0.77249)
(-0.0875323 0.0706545 -0.779622)
(-0.0553917 0.0184539 -0.674798)
(0.0578049 -0.0123645 -0.734437)
(-0.0166896 0.0166811 -0.737133)
(0.0166851 0.0166827 -0.737131)
(-0.0578091 -0.0123647 -0.734434)
(0.0553912 0.0184589 -0.674791)
(0.08753 0.070654 -0.77962)
(-0.0222225 0.205565 -0.772485)
(-0.0404453 -0.100037 -0.603175)
(-0.133992 -0.0156438 -0.739954)
(-0.055425 -0.190439 -0.50015)
(0.0764803 -0.0764795 -0.625072)
(0.0123607 -0.0578114 -0.734435)
(-0.0123634 -0.0578112 -0.734434)
(-0.0764815 -0.0764815 -0.625068)
(0.055424 -0.19044 -0.500143)
(0.133985 -0.0156428 -0.739951)
(0.0404424 -0.100044 -0.603174)
(0.199794 0.396586 1.38199)
(-0.00788992 0.176621 0.486389)
(-0.0698996 0.0698453 -0.0845122)
(0.190434 0.0554261 -0.500146)
(-0.0184699 0.0553828 -0.674793)
(0.0184633 0.0553876 -0.67479)
(-0.190438 0.0554239 -0.500139)
(0.0698976 0.0698772 -0.0845068)
(0.00787281 0.176618 0.486368)
(-0.199781 0.39658 1.38199)
(-0.332985 -0.741893 2.0068)
(-0.588767 0.588747 1.3769)
(-0.176642 0.00780395 0.486495)
(0.0156741 0.133975 -0.73996)
(-0.070657 0.0875254 -0.779616)
(0.0706565 0.0875268 -0.779618)
(-0.0156534 0.133979 -0.739953)
(0.176628 0.00783958 0.486414)
(0.588757 0.588754 1.37687)
(0.332996 -0.741899 2.00679)
(-0.841647 0.841644 1.94626)
(0.741915 0.333011 2.00684)
(-0.396607 -0.199875 1.38196)
(0.100047 0.0404365 -0.60317)
(-0.205566 -0.0222163 -0.772486)
(0.205564 -0.0222214 -0.772484)
(-0.100049 0.0404381 -0.603173)
(0.396584 -0.199808 1.38199)
(-0.741907 0.333007 2.00681)
(0.841645 0.841644 1.94626)
(-0.818766 -0.818766 1.98201)
(0.727702 -0.312397 2.13614)
(-0.40024 0.167113 1.48572)
(0.0819129 -0.0423536 -0.603653)
(-0.19664 0.0191902 -0.787969)
(0.196637 0.0191935 -0.787968)
(-0.0819165 -0.042352 -0.603645)
(0.400215 0.167095 1.48578)
(-0.727692 -0.312399 2.1361)
(0.818762 -0.818764 1.98201)
(-0.312398 0.727707 2.13615)
(-0.57873 -0.578737 1.32497)
(-0.173111 -0.0611578 0.398467)
(-0.0186185 -0.112639 -0.748709)
(-0.0658342 -0.0818077 -0.775252)
(0.065835 -0.0818093 -0.775257)
(0.0186346 -0.11264 -0.748702)
(0.173116 -0.0611898 0.398386)
(0.578711 -0.578743 1.32492)
(0.312412 0.727711 2.13614)
(0.167118 -0.400246 1.4857)
(-0.0611471 -0.173111 0.398481)
(-0.104857 -0.104864 -0.196067)
(0.149065 -0.053512 -0.56512)
(-0.0196217 -0.0564167 -0.67794)
(0.0196158 -0.0564207 -0.677938)
(-0.149069 -0.0535119 -0.565115)
(0.104857 -0.104889 -0.19607)
(0.0611359 -0.173114 0.398443)
(-0.167121 -0.400236 1.4857)
(-0.0423537 0.0819128 -0.603656)
(-0.112638 -0.0186142 -0.74871)
(-0.0535124 0.149064 -0.56512)
(0.0735591 0.0735596 -0.654165)
(0.0157369 0.049897 -0.72164)
(-0.015739 0.0498969 -0.72164)
(-0.0735601 0.0735617 -0.65416)
(0.0535122 0.149065 -0.565118)
(0.112631 -0.0186149 -0.748705)
(0.0423502 0.0819169 -0.603659)
(0.0191897 -0.19664 -0.787969)
(-0.0818067 -0.0658333 -0.77525)
(-0.0564154 -0.0196243 -0.677939)
(0.0498985 0.0157368 -0.721639)
(-0.0176083 -0.0176095 -0.720517)
(0.0176048 -0.0176107 -0.720516)
(-0.049902 0.015737 -0.721636)
(0.0564152 -0.0196279 -0.677935)
(0.0818049 -0.0658333 -0.775248)
(-0.0191922 -0.196639 -0.787963)
(0.0191949 0.196636 -0.787967)
(-0.08181 0.0658351 -0.775257)
(-0.0564224 0.0196141 -0.677937)
(0.0498977 -0.01574 -0.721639)
(-0.0176104 0.0176034 -0.720516)
(0.017607 0.0176049 -0.720515)
(-0.0499011 -0.0157399 -0.721636)
(0.0564219 0.0196192 -0.677932)
(0.0818078 0.0658354 -0.775254)
(-0.0191975 0.196636 -0.787962)
(-0.0423516 -0.0819162 -0.603641)
(-0.112641 0.018642 -0.748698)
(-0.0535123 -0.149071 -0.565114)
(0.0735632 -0.0735608 -0.654158)
(0.0157371 -0.0499033 -0.721635)
(-0.0157387 -0.0499029 -0.721635)
(-0.0735632 -0.0735625 -0.654154)
(0.053512 -0.14907 -0.565112)
(0.112634 0.0186428 -0.748695)
(0.042349 -0.0819197 -0.603644)
(0.167086 0.400208 1.48579)
(-0.0612094 0.173116 0.398346)
(-0.104901 0.104854 -0.196072)
(0.149066 0.0535113 -0.565116)
(-0.0196288 0.0564147 -0.677933)
(0.0196239 0.0564187 -0.677931)
(-0.149069 0.053511 -0.565111)
(0.104899 0.10488 -0.196074)
(0.0611958 0.173116 0.398322)
(-0.167088 0.400205 1.48578)
(-0.312397 -0.727687 2.13608)
(-0.578744 0.578704 1.3249)
(-0.173115 0.0611253 0.398432)
(-0.0186136 0.112628 -0.748702)
(-0.0658355 0.0818034 -0.775247)
(0.065837 0.0818048 -0.775251)
(0.0186314 0.112629 -0.748696)
(0.173118 0.0611584 0.398361)
(0.578728 0.578716 1.32487)
(0.312408 -0.727694 2.13608)
(-0.818763 0.818761 1.98201)
(0.727713 0.31242 2.13613)
(-0.40023 -0.167121 1.48571)
(0.0819203 0.0423486 -0.60366)
(-0.196639 -0.0191927 -0.787961)
(0.196637 -0.0191965 -0.787959)
(-0.0819231 0.0423479 -0.60365)
(0.40021 -0.167101 1.48576)
(-0.727704 0.312418 2.13609)
(0.818761 0.81876 1.98201)
(-0.78443 -0.78443 2.01688)
(0.622321 -0.291514 2.26692)
(-0.407368 0.153222 1.60582)
(0.0671748 -0.0334157 -0.61457)
(-0.188854 0.0184025 -0.807773)
(0.188843 0.0184043 -0.807773)
(-0.0671783 -0.0334089 -0.614564)
(0.407347 0.153234 1.60587)
(-0.622304 -0.291521 2.26688)
(0.784426 -0.784428 2.01688)
(-0.291514 0.622327 2.26692)
(-0.57039 -0.570397 1.28244)
(-0.194598 -0.128553 0.32671)
(-0.050347 -0.0926488 -0.762235)
(-0.0655513 -0.0777846 -0.7808)
(0.065553 -0.0777872 -0.780804)
(0.0503578 -0.0926418 -0.76223)
(0.194614 -0.128564 0.326647)
(0.570369 -0.570405 1.28239)
(0.291528 0.622333 2.26691)
(0.153221 -0.407373 1.6058)
(-0.128547 -0.194596 0.32672)
(-0.141791 -0.141796 -0.330863)
(0.112367 -0.051344 -0.634966)
(-0.0226411 -0.0605821 -0.68849)
(0.0226363 -0.060585 -0.688489)
(-0.112371 -0.0513452 -0.634962)
(0.141791 -0.141812 -0.330872)
(0.128537 -0.194605 0.326684)
(-0.153237 -0.407368 1.60579)
(-0.0334166 0.0671746 -0.614574)
(-0.092649 -0.0503437 -0.762235)
(-0.0513442 0.112366 -0.634968)
(0.0675767 0.0675769 -0.682606)
(0.00993815 0.0382493 -0.708332)
(-0.00993925 0.0382491 -0.708333)
(-0.0675775 0.0675789 -0.682602)
(0.051345 0.112367 -0.634968)
(0.092643 -0.0503432 -0.762231)
(0.0334125 0.067177 -0.614578)
(0.0184023 -0.188855 -0.807772)
(-0.0777835 -0.0655505 -0.780798)
(-0.0605812 -0.0226432 -0.688489)
(0.0382506 0.00993803 -0.708331)
(-0.0186874 -0.0186885 -0.708886)
(0.0186846 -0.0186895 -0.708885)
(-0.0382534 0.00993781 -0.708329)
(0.0605809 -0.0226461 -0.688486)
(0.0777826 -0.0655513 -0.780795)
(-0.0184039 -0.188853 -0.807767)
(0.0184052 0.188839 -0.807772)
(-0.0777882 0.0655537 -0.780805)
(-0.0605864 0.0226347 -0.688489)
(0.0382499 -0.00993971 -0.708332)
(-0.0186893 0.0186834 -0.708885)
(0.0186866 0.0186847 -0.708885)
(-0.0382526 -0.00993934 -0.70833)
(0.060586 0.022639 -0.688485)
(0.0777868 0.0655547 -0.780802)
(-0.0184072 0.18884 -0.807767)
(-0.0334058 -0.067178 -0.614562)
(-0.092639 0.0503635 -0.762228)
(-0.0513462 -0.112373 -0.634961)
(0.0675804 -0.067578 -0.6826)
(0.00993762 -0.0382545 -0.708328)
(-0.00993839 -0.0382541 -0.708329)
(-0.0675804 -0.0675794 -0.682597)
(0.0513467 -0.112373 -0.634961)
(0.0926348 0.0503638 -0.762225)
(0.0334037 -0.0671793 -0.614565)
(0.153236 0.40734 1.60588)
(-0.128573 0.19462 0.326614)
(-0.141821 0.141788 -0.330876)
(0.112369 0.0513445 -0.634966)
(-0.022647 0.0605802 -0.688484)
(0.0226432 0.0605832 -0.688484)
(-0.112372 0.0513454 -0.634963)
(0.14182 0.141806 -0.330882)
(0.128562 0.194626 0.326589)
(-0.153245 0.407341 1.60587)
(-0.291521 -0.622297 2.26685)
(-0.570408 0.57036 1.28236)
(-0.194609 0.128527 0.326672)
(-0.0503412 0.0926388 -0.762229)
(-0.0655536 0.0777817 -0.780794)
(0.0655558 0.0777839 -0.780798)
(0.050354 0.0926333 -0.762225)
(0.194622 0.12854 0.326617)
(0.570389 0.570373 1.28233)
(0.29153 -0.622306 2.26685)
(-0.784427 0.784424 2.01688)
(0.622336 0.291535 2.2669)
(-0.407364 -0.153243 1.6058)
(0.0671805 0.0334105 -0.61458)
(-0.188852 -0.0184039 -0.807764)
(0.188844 -0.0184063 -0.807764)
(-0.0671828 0.0334054 -0.614571)
(0.407348 -0.153249 1.60585)
(-0.622322 0.291538 2.26686)
(0.784424 0.784423 2.01688)
(-0.722505 -0.722505 2.11696)
(0.419881 -0.273569 2.39711)
(-0.395503 0.127559 1.71129)
(0.0764234 -0.0127589 -0.631309)
(-0.175226 0.0194474 -0.82766)
(0.175215 0.0194484 -0.827661)
(-0.0764279 -0.0127494 -0.631307)
(0.395485 0.127583 1.71133)
(-0.419858 -0.27358 2.39707)
(0.7225 -0.722502 2.11696)
(-0.273568 0.419888 2.39712)
(-0.552022 -0.552029 1.26288)
(-0.236034 -0.142897 0.280267)
(-0.0708135 -0.0761707 -0.784977)
(-0.0668152 -0.0719866 -0.791588)
(0.0668171 -0.0719884 -0.791592)
(0.0708196 -0.0761648 -0.784975)
(0.236051 -0.14289 0.280222)
(0.552002 -0.552037 1.26283)
(0.273579 0.419896 2.3971)
(0.127557 -0.395508 1.71127)
(-0.142894 -0.236032 0.280272)
(-0.156886 -0.156888 -0.468887)
(0.0843682 -0.0530271 -0.702308)
(-0.0286007 -0.0656692 -0.702151)
(0.028597 -0.0656711 -0.702151)
(-0.0843734 -0.0530288 -0.702303)
(0.156886 -0.156897 -0.468896)
(0.142882 -0.236046 0.280237)
(-0.127578 -0.395507 1.71126)
(-0.0127605 0.0764226 -0.631312)
(-0.0761711 -0.0708111 -0.784977)
(-0.0530273 0.0843672 -0.702309)
(0.0488441 0.0488443 -0.707228)
(-0.00310088 0.0233471 -0.702171)
(0.00310031 0.0233471 -0.702171)
(-0.0488445 0.0488456 -0.707225)
(0.0530286 0.0843702 -0.702309)
(0.076167 -0.0708105 -0.784975)
(0.0127563 0.0764239 -0.631319)
(0.0194474 -0.175227 -0.827658)
(-0.0719857 -0.0668146 -0.791586)
(-0.0656686 -0.0286024 -0.70215)
(0.0233482 -0.00310098 -0.70217)
(-0.0188345 -0.0188355 -0.703908)
(0.0188322 -0.0188363 -0.703908)
(-0.0233505 -0.00310144 -0.702167)
(0.0656683 -0.0286047 -0.702147)
(0.0719849 -0.066816 -0.791583)
(-0.0194484 -0.175226 -0.827653)
(0.019449 0.175212 -0.827661)
(-0.0719891 0.066818 -0.791594)
(-0.0656723 0.0285956 -0.70215)
(0.0233477 0.00310012 -0.70217)
(-0.0188361 0.0188312 -0.703908)
(0.018834 0.0188324 -0.703907)
(-0.0233499 0.00310065 -0.702168)
(0.065672 0.0285992 -0.702148)
(0.071988 0.0668195 -0.79159)
(-0.0194504 0.175213 -0.827655)
(-0.0127454 -0.0764279 -0.631306)
(-0.0761627 0.0708233 -0.784973)
(-0.05303 -0.084376 -0.702301)
(0.048847 -0.0488446 -0.707223)
(-0.00310176 -0.0233514 -0.702166)
(0.00310142 -0.0233511 -0.702167)
(-0.0488468 -0.0488456 -0.707221)
(0.053031 -0.084377 -0.702302)
(0.07616 0.0708241 -0.784971)
(0.0127439 -0.0764275 -0.63131)
(0.127589 0.395477 1.71134)
(-0.142891 0.236058 0.280197)
(-0.156903 0.156885 -0.4689)
(0.0843725 0.0530286 -0.702309)
(-0.0286055 0.0656675 -0.702146)
(0.0286028 0.0656697 -0.702146)
(-0.0843759 0.0530299 -0.702305)
(0.156904 0.156895 -0.468906)
(0.142881 0.236068 0.280172)
(-0.127601 0.395481 1.71133)
(-0.273583 -0.419846 2.39705)
(-0.552041 0.551992 1.2628)
(-0.236051 0.142872 0.280226)
(-0.0708084 0.076164 -0.784973)
(-0.0668181 0.0719841 -0.791582)
(0.0668204 0.0719856 -0.791586)
(0.0708168 0.0761592 -0.78497)
(0.236065 0.142869 0.280189)
(0.552022 0.552004 1.26277)
(0.273589 -0.419859 2.39704)
(-0.7225 0.722498 2.11696)
(0.419901 0.273585 2.39709)
(-0.395506 -0.127587 1.71126)
(0.0764272 0.0127542 -0.631322)
(-0.175225 -0.0194481 -0.827651)
(0.175217 -0.0194496 -0.827652)
(-0.0764301 0.0127467 -0.631317)
(0.395491 -0.127603 1.7113)
(-0.41988 0.273593 2.39706)
(0.722496 0.722496 2.11696)
(-0.629681 -0.62968 2.29786)
(0.20336 -0.259613 2.53086)
(-0.349019 0.0930767 1.76333)
(0.0991588 0.0157586 -0.658349)
(-0.14368 0.0206354 -0.838518)
(0.143676 0.0206361 -0.838519)
(-0.0991633 0.0157652 -0.658347)
(0.349002 0.0931052 1.76335)
(-0.203336 -0.259628 2.53082)
(0.629675 -0.629675 2.29786)
(-0.25961 0.203366 2.53087)
(-0.518947 -0.518954 1.25887)
(-0.277113 -0.102807 0.217446)
(-0.0735339 -0.0614693 -0.817271)
(-0.0656935 -0.0612993 -0.804214)
(0.0656955 -0.0613006 -0.804217)
(0.0735365 -0.061467 -0.817271)
(0.277128 -0.102795 0.217413)
(0.51893 -0.518962 1.25882)
(0.259617 0.203371 2.53085)
(0.0930741 -0.349023 1.76331)
(-0.102807 -0.277113 0.217447)
(-0.135249 -0.13525 -0.585981)
(0.0665161 -0.0582043 -0.75622)
(-0.0329439 -0.0670347 -0.71733)
(0.0329413 -0.0670361 -0.71733)
(-0.0665212 -0.0582062 -0.756216)
(0.13525 -0.135254 -0.585986)
(0.102796 -0.277127 0.217413)
(-0.0930948 -0.349024 1.76329)
(0.0157574 0.0991576 -0.658353)
(-0.0614694 -0.0735324 -0.817271)
(-0.0582044 0.0665153 -0.756221)
(0.0194045 0.0194046 -0.727804)
(-0.0147776 0.00992692 -0.70738)
(0.0147773 0.00992694 -0.707381)
(-0.0194048 0.0194052 -0.727802)
(0.0582062 0.0665186 -0.756221)
(0.0614678 -0.0735321 -0.81727)
(-0.01576 0.0991578 -0.658361)
(0.0206354 -0.143681 -0.838516)
(-0.0612988 -0.0656931 -0.804212)
(-0.0670341 -0.0329453 -0.717329)
(0.00992782 -0.0147777 -0.707379)
(-0.0178706 -0.0178712 -0.706065)
(0.0178691 -0.0178717 -0.706066)
(-0.0099296 -0.0147782 -0.707377)
(0.0670339 -0.0329469 -0.717327)
(0.0612987 -0.0656947 -0.804209)
(-0.0206361 -0.143682 -0.838512)
(0.0206366 0.143674 -0.838519)
(-0.0613013 0.0656965 -0.804218)
(-0.0670369 0.0329402 -0.71733)
(0.00992746 0.0147772 -0.70738)
(-0.0178717 0.0178684 -0.706066)
(0.0178704 0.0178692 -0.706066)
(-0.00992908 0.0147779 -0.707379)
(0.0670368 0.0329429 -0.717328)
(0.061301 0.0656982 -0.804215)
(-0.0206376 0.143676 -0.838514)
(0.0157683 -0.0991635 -0.658345)
(-0.0614661 0.0735384 -0.81727)
(-0.0582074 -0.0665237 -0.756214)
(0.0194063 -0.0194049 -0.727801)
(-0.0147786 -0.00993027 -0.707376)
(0.0147786 -0.00993003 -0.707377)
(-0.0194062 -0.0194053 -0.727799)
(0.0582089 -0.0665251 -0.756215)
(0.0614649 0.0735399 -0.817269)
(-0.0157691 -0.0991622 -0.658351)
(0.0931127 0.348993 1.76336)
(-0.102794 0.277135 0.217394)
(-0.135257 0.135248 -0.585989)
(0.066521 0.0582064 -0.756221)
(-0.0329476 0.0670334 -0.717326)
(0.0329458 0.0670351 -0.717326)
(-0.0665242 0.058208 -0.756217)
(0.13526 0.135254 -0.585993)
(0.102786 0.277145 0.217367)
(-0.0931257 0.348999 1.76334)
(-0.259633 -0.203324 2.5308)
(-0.518966 0.51892 1.2588)
(-0.277133 0.102787 0.2174)
(-0.0735301 0.0614664 -0.817268)
(-0.0656967 0.0612983 -0.804208)
(0.0656989 0.0612994 -0.804211)
(0.073535 0.0614644 -0.817268)
(0.277144 0.102778 0.217375)
(0.518949 0.518931 1.25877)
(0.259635 -0.203333 2.53079)
(-0.629673 0.629673 2.29786)
(0.203375 0.259621 2.53084)
(-0.349024 -0.0931065 1.76329)
(0.0991601 -0.0157611 -0.658365)
(-0.143682 -0.0206356 -0.838509)
(0.143679 -0.0206367 -0.838511)
(-0.0991634 -0.0157663 -0.658359)
(0.349011 -0.0931281 1.76332)
(-0.203354 0.259633 2.53081)
(0.629669 0.629669 2.29786)
(-0.519288 -0.519287 2.52869)
(0.0241605 -0.24888 2.66423)
(-0.277666 0.0788939 1.75349)
(0.117014 0.0421363 -0.693775)
(-0.100253 0.0177876 -0.83492)
(0.100249 0.0177875 -0.834921)
(-0.117017 0.0421408 -0.693772)
(0.27765 0.078919 1.7535)
(-0.0241413 -0.248896 2.6642)
(0.519282 -0.519282 2.52869)
(-0.248876 0.0241636 2.66424)
(-0.460869 -0.460874 1.28604)
(-0.283882 -0.00332297 0.183567)
(-0.0434467 -0.0465459 -0.854808)
(-0.0575117 -0.0475338 -0.814103)
(0.0575131 -0.0475348 -0.814104)
(0.0434451 -0.0465443 -0.85481)
(0.283893 -0.00331152 0.183551)
(0.460854 -0.460879 1.28599)
(0.248877 0.0241621 2.66422)
(0.0788913 -0.27767 1.75348)
(-0.00332365 -0.283882 0.183564)
(-0.063131 -0.0631312 -0.657256)
(0.0630394 -0.0582583 -0.788768)
(-0.0291052 -0.0516286 -0.728624)
(0.0291033 -0.0516289 -0.728624)
(-0.0630435 -0.0582601 -0.788765)
(0.063133 -0.0631303 -0.657259)
(0.0033176 -0.283892 0.183534)
(-0.0789049 -0.27767 1.75345)
(0.0421349 0.117012 -0.693779)
(-0.0465463 -0.0434462 -0.854808)
(-0.0582586 0.0630388 -0.788769)
(-0.0027044 -0.00270436 -0.746808)
(-0.0192743 0.00299359 -0.721308)
(0.0192743 0.0029938 -0.721308)
(0.00270404 -0.00270409 -0.746807)
(0.0582603 0.0630418 -0.788769)
(0.0465468 -0.0434455 -0.854809)
(-0.0421353 0.11701 -0.693787)
(0.0177877 -0.100255 -0.834919)
(-0.0475333 -0.0575116 -0.814101)
(-0.0516285 -0.0291062 -0.728623)
(0.00299425 -0.0192744 -0.721307)
(-0.0147846 -0.0147849 -0.713268)
(0.0147836 -0.0147852 -0.713268)
(-0.0029956 -0.0192749 -0.721305)
(0.0516285 -0.0291072 -0.728621)
(0.0475337 -0.057513 -0.814099)
(-0.0177878 -0.100255 -0.834915)
(0.0177877 0.100247 -0.834921)
(-0.0475353 0.0575138 -0.814105)
(-0.0516292 0.0291025 -0.728624)
(0.00299426 0.0192743 -0.721308)
(-0.0147852 0.014783 -0.713268)
(0.0147844 0.0147836 -0.713268)
(-0.00299541 0.0192748 -0.721307)
(0.0516294 0.0291044 -0.728622)
(0.0475354 0.0575154 -0.814103)
(-0.0177882 0.100249 -0.834917)
(0.0421432 -0.117017 -0.69377)
(-0.0465438 0.0434455 -0.85481)
(-0.058261 -0.0630456 -0.788763)
(-0.0027033 0.00270399 -0.746806)
(-0.0192754 -0.00299612 -0.721304)
(0.0192754 -0.00299605 -0.721305)
(0.00270329 0.00270395 -0.746805)
(0.0582623 -0.0630469 -0.788764)
(0.0465441 0.043447 -0.85481)
(-0.0421426 -0.117015 -0.693776)
(0.0789252 0.277641 1.7535)
(-0.00330909 0.283898 0.183539)
(-0.0631316 0.0631318 -0.65726)
(0.0630438 0.0582608 -0.788768)
(-0.0291076 0.0516281 -0.728621)
(0.0291066 0.0516286 -0.728621)
(-0.0630463 0.0582621 -0.788766)
(0.0631352 0.0631326 -0.657262)
(0.0033061 0.283906 0.183514)
(-0.0789336 0.277646 1.75348)
(-0.248903 -0.0241316 2.66418)
(-0.460883 0.460845 1.28597)
(-0.283897 0.00331149 0.183524)
(-0.0434433 0.0465466 -0.854808)
(-0.0575145 0.0475337 -0.814098)
(0.0575161 0.0475345 -0.8141)
(0.0434441 0.0465448 -0.854809)
(0.283906 0.00330283 0.183514)
(0.46087 0.460852 1.28594)
(0.2489 -0.024133 2.66417)
(-0.519279 0.519281 2.52869)
(0.0241624 0.248879 2.66421)
(-0.277671 -0.0789149 1.75344)
(0.117011 -0.0421351 -0.693792)
(-0.100255 -0.017787 -0.834913)
(0.100252 -0.0177875 -0.834914)
(-0.117014 -0.0421391 -0.693786)
(0.277659 -0.0789357 1.75346)
(-0.0241457 0.248893 2.66418)
(0.519275 0.519276 2.52869)
(-0.411887 -0.411887 2.77873)
(-0.0771995 -0.228789 2.77769)
(-0.177353 0.101923 1.64899)
(0.121649 0.0551143 -0.736071)
(-0.0564859 0.0117466 -0.821093)
(0.0564829 0.0117465 -0.821094)
(-0.121652 0.0551176 -0.736067)
(0.177344 0.101937 1.64899)
(0.0772095 -0.228806 2.77766)
(0.411883 -0.411882 2.77873)
(-0.228784 -0.0771998 2.77769)
(-0.37043 -0.370433 1.27701)
(-0.210534 0.13538 0.0863481)
(0.0114212 -0.0246999 -0.89109)
(-0.040184 -0.0327534 -0.815592)
(0.0401845 -0.0327539 -0.815593)
(-0.0114245 -0.024699 -0.891092)
(0.210541 0.135389 0.0863356)
(0.370421 -0.370433 1.27696)
(0.228782 -0.0772061 2.77768)
(0.101921 -0.177357 1.64898)
(0.135378 -0.210534 0.0863439)
(0.0339852 0.033986 -0.677908)
(0.0677443 -0.044008 -0.793155)
(-0.0171022 -0.0322802 -0.733344)
(0.0171011 -0.0322803 -0.733343)
(-0.0677467 -0.0440091 -0.793153)
(-0.0339824 0.0339892 -0.677908)
(-0.13538 -0.210539 0.0863128)
(-0.101927 -0.177359 1.64895)
(0.0551126 0.121647 -0.736075)
(-0.0247008 0.011421 -0.89109)
(-0.0440081 0.0677438 -0.793156)
(-0.00465631 -0.00465632 -0.763066)
(-0.0176587 0.00190011 -0.734632)
(0.0176588 0.00190033 -0.734632)
(0.00465603 -0.00465626 -0.763066)
(0.0440088 0.0677454 -0.793155)
(0.0247029 0.0114216 -0.891092)
(-0.055111 0.121644 -0.736083)
(0.0117466 -0.0564872 -0.821091)
(-0.0327532 -0.0401841 -0.815591)
(-0.03228 -0.0171029 -0.733343)
(0.00190059 -0.0176587 -0.734631)
(-0.0107999 -0.0108002 -0.720096)
(0.0107992 -0.0108004 -0.720096)
(-0.00190156 -0.0176591 -0.73463)
(0.0322799 -0.0171035 -0.733341)
(0.0327534 -0.040185 -0.81559)
(-0.0117464 -0.0564883 -0.821088)
(0.0117466 0.0564813 -0.821094)
(-0.0327541 0.0401849 -0.815594)
(-0.0322805 0.0171006 -0.733343)
(0.0019007 0.0176588 -0.734632)
(-0.0108003 0.0107989 -0.720097)
(0.0107998 0.0107992 -0.720096)
(-0.0019015 0.0176592 -0.734631)
(0.0322805 0.0171019 -0.733341)
(0.0327543 0.0401859 -0.815592)
(-0.0117467 0.0564831 -0.821091)
(0.0551197 -0.121653 -0.736063)
(-0.0246985 -0.011425 -0.891092)
(-0.0440095 -0.067748 -0.793151)
(-0.00465577 0.00465603 -0.763065)
(-0.0176595 -0.00190194 -0.734629)
(0.0176596 -0.00190193 -0.73463)
(0.00465569 0.00465609 -0.763064)
(0.04401 -0.0677485 -0.793151)
(0.0247002 -0.0114237 -0.891093)
(-0.0551176 -0.12165 -0.73607)
(0.10194 0.177337 1.64899)
(0.135392 0.210543 0.0863262)
(0.0339892 -0.0339828 -0.677909)
(0.0677466 0.0440092 -0.793155)
(-0.0171038 0.0322796 -0.733341)
(0.0171033 0.0322799 -0.73334)
(-0.0677479 0.04401 -0.793153)
(-0.0339849 -0.0339847 -0.67791)
(-0.135392 0.210547 0.0863004)
(-0.101944 0.177342 1.64896)
(-0.228813 0.0772139 2.77764)
(-0.370436 0.370413 1.27694)
(-0.210542 -0.135383 0.0863005)
(0.0114234 0.0247039 -0.891092)
(-0.040186 0.0327535 -0.815588)
(0.0401867 0.0327539 -0.81559)
(-0.0114248 0.0247023 -0.891093)
(0.210548 -0.135391 0.0862951)
(0.37043 0.370416 1.27692)
(0.228806 0.0772193 2.77763)
(-0.41188 0.411882 2.77874)
(-0.077209 0.228781 2.77767)
(-0.177363 -0.101933 1.64893)
(0.121643 -0.0551096 -0.736087)
(-0.0564892 -0.0117458 -0.821087)
(0.0564865 -0.011746 -0.821088)
(-0.121647 -0.055113 -0.736081)
(0.177355 -0.101946 1.64894)
(0.0772176 0.228795 2.77764)
(0.411876 0.411878 2.77874)
(-0.324591 -0.324591 2.98705)
(-0.114682 -0.220708 2.86141)
(-0.0486716 0.120419 1.52374)
(0.122712 0.0479523 -0.761465)
(-0.0154207 0.00525794 -0.795978)
(0.0154191 0.0052579 -0.795978)
(-0.122715 0.0479544 -0.761461)
(0.0486698 0.120425 1.52374)
(0.114685 -0.220724 2.86138)
(0.324588 -0.324588 2.98706)
(-0.220703 -0.114686 2.86142)
(-0.306475 -0.306474 1.29748)
(0.0314257 0.29196 0.0798353)
(0.0710115 0.00122315 -0.888649)
(-0.0147232 -0.0187547 -0.7993)
(0.0147237 -0.0187549 -0.7993)
(-0.0710132 0.00122343 -0.88865)
(-0.0314227 0.291965 0.0798261)
(0.306476 -0.306471 1.29743)
(0.220698 -0.114696 2.8614)
(0.120418 -0.0486735 1.52374)
(0.291958 0.0314267 0.0798309)
(0.120657 0.120658 -0.604475)
(0.0739374 -0.0154501 -0.763121)
(-0.00544469 -0.0142614 -0.725355)
(0.00544436 -0.0142614 -0.725355)
(-0.0739376 -0.0154509 -0.76312)
(-0.120656 0.12066 -0.604473)
(-0.291955 0.0314286 0.0798025)
(-0.12042 -0.0486773 1.5237)
(0.0479509 0.12271 -0.761469)
(0.00122229 0.0710113 -0.88865)
(-0.0154502 0.0739371 -0.763122)
(0.00434887 0.00434887 -0.768621)
(-0.0095979 0.00359282 -0.740557)
(0.00959804 0.00359291 -0.740557)
(-0.00434888 0.00434881 -0.76862)
(0.015451 0.073937 -0.763121)
(-0.00121972 0.0710119 -0.888651)
(-0.0479487 0.122707 -0.761476)
(0.00525797 -0.0154217 -0.795976)
(-0.0187546 -0.0147233 -0.799299)
(-0.0142614 -0.00544499 -0.725355)
(0.00359308 -0.0095979 -0.740556)
(-0.00625114 -0.00625128 -0.723301)
(0.0062508 -0.00625139 -0.723301)
(-0.00359351 -0.00959816 -0.740555)
(0.0142613 -0.00544542 -0.725353)
(0.0187546 -0.014724 -0.799297)
(-0.00525784 -0.0154231 -0.795975)
(0.00525796 0.0154181 -0.795978)
(-0.0187549 0.014724 -0.7993)
(-0.0142615 0.00544417 -0.725355)
(0.00359308 0.00959808 -0.740557)
(-0.00625138 0.00625058 -0.723301)
(0.00625113 0.0062508 -0.723301)
(-0.00359343 0.00959828 -0.740556)
(0.0142615 0.00544486 -0.725353)
(0.0187549 0.0147247 -0.799299)
(-0.00525797 0.0154198 -0.795977)
(0.0479558 -0.122716 -0.761458)
(0.00122371 -0.0710137 -0.88865)
(-0.0154512 -0.0739378 -0.763118)
(0.00434904 -0.00434882 -0.76862)
(-0.00959838 -0.00359367 -0.740554)
(0.00959849 -0.00359366 -0.740555)
(-0.00434898 -0.00434873 -0.768619)
(0.0154518 -0.0739375 -0.763118)
(-0.00122165 -0.0710135 -0.888651)
(-0.0479535 -0.122713 -0.761464)
(0.120426 0.0486667 1.52373)
(0.291967 -0.0314219 0.0798191)
(0.12066 -0.120655 -0.604472)
(0.0739371 0.0154514 -0.763121)
(-0.00544572 0.0142612 -0.725353)
(0.00544562 0.0142613 -0.725353)
(-0.0739371 0.0154519 -0.76312)
(-0.120657 -0.120656 -0.604471)
(-0.291963 -0.031424 0.0797957)
(-0.120426 0.048671 1.52371)
(-0.220733 0.114686 2.86136)
(-0.306473 0.306473 1.2974)
(0.0314284 -0.291955 0.0797904)
(0.0710126 -0.00121824 -0.88865)
(-0.0147247 0.0187547 -0.799296)
(0.0147252 0.0187548 -0.799297)
(-0.0710135 -0.00121927 -0.888651)
(-0.0314251 -0.291959 0.0797881)
(0.306476 0.306471 1.29738)
(0.220724 0.114698 2.86135)
(-0.324586 0.324588 2.98706)
(-0.114702 0.220696 2.86139)
(-0.0486821 -0.120422 1.52369)
(0.122707 -0.047947 -0.761481)
(-0.0154242 -0.00525738 -0.795974)
(0.0154226 -0.00525751 -0.795975)
(-0.12271 -0.0479494 -0.761475)
(0.0486805 -0.120427 1.52369)
(0.114704 0.220709 2.86136)
(0.324583 0.324585 2.98707)
(-0.242323 -0.242323 3.25536)
(-0.0961986 -0.214347 2.92615)
(0.154822 0.146225 1.28577)
(0.0443744 0.0264143 -0.728438)
(0.00974547 0.00052899 -0.770089)
(-0.00974564 0.000529004 -0.770089)
(-0.0443753 0.0264149 -0.728436)
(-0.154819 0.146227 1.28576)
(0.0961977 -0.214362 2.92612)
(0.242321 -0.242322 3.25536)
(-0.214342 -0.0962024 2.92615)
(-0.318346 -0.318344 1.01125)
(0.131303 0.192097 -0.0961978)
(0.0499334 0.0161857 -0.817422)
(0.00151881 -0.00617192 -0.776499)
(-0.0015181 -0.00617192 -0.776499)
(-0.0499327 0.0161853 -0.817424)
(-0.131296 0.192093 -0.0962094)
(0.318352 -0.318337 1.01121)
(0.214338 -0.0962124 2.92613)
(0.146225 0.154822 1.28576)
(0.192095 0.131303 -0.0962012)
(0.071944 0.0719444 -0.48151)
(0.0367464 0.00141076 -0.723638)
(0.00089367 -0.00304553 -0.715367)
(-0.000893491 -0.00304554 -0.715367)
(-0.0367451 0.00141011 -0.723638)
(-0.0719407 0.0719424 -0.481512)
(-0.192081 0.131295 -0.0962259)
(-0.146228 0.15482 1.28573)
(0.026414 0.044374 -0.728442)
(0.0161853 0.0499331 -0.817423)
(0.00141064 0.0367463 -0.723639)
(0.00493604 0.00493604 -0.764084)
(-0.002365 0.00209931 -0.740286)
(0.00236511 0.00209928 -0.740286)
(-0.00493581 0.0049358 -0.764085)
(-0.00140968 0.0367449 -0.723639)
(-0.0161837 0.0499315 -0.817426)
(-0.0264137 0.0443738 -0.728448)
(0.000529036 0.00974516 -0.770088)
(-0.00617188 0.00151876 -0.776498)
(-0.00304555 0.000893617 -0.715367)
(0.00209939 -0.002365 -0.740286)
(-0.00197031 -0.00197035 -0.723685)
(0.00197022 -0.00197038 -0.723685)
(-0.00209943 -0.00236514 -0.740285)
(0.00304564 0.000893316 -0.715366)
(0.00617179 0.00151788 -0.776497)
(-0.000529147 0.00974444 -0.770087)
(0.00052905 -0.00974581 -0.770089)
(-0.0061719 -0.00151777 -0.776499)
(-0.00304559 -0.000893444 -0.715367)
(0.00209929 0.00236515 -0.740286)
(-0.00197038 0.00197016 -0.723685)
(0.00197032 0.00197022 -0.723685)
(-0.00209933 0.00236525 -0.740286)
(0.00304571 -0.000893156 -0.715366)
(0.00617183 -0.00151712 -0.776499)
(-0.000529173 -0.00974515 -0.770088)
(0.0264154 -0.0443759 -0.728433)
(0.0161853 -0.0499322 -0.817425)
(0.00140978 -0.0367445 -0.723637)
(0.00493574 -0.00493568 -0.764084)
(-0.00236525 -0.00209944 -0.740284)
(0.00236532 -0.0020994 -0.740285)
(-0.00493558 -0.00493552 -0.764084)
(-0.00140906 -0.0367436 -0.723637)
(-0.0161841 -0.0499309 -0.817427)
(-0.026415 -0.0443756 -0.728439)
(0.146228 -0.154818 1.28576)
(0.19209 -0.131293 -0.0962164)
(0.0719412 -0.071939 -0.481513)
(0.0367442 -0.00140915 -0.723639)
(0.000893091 0.00304564 -0.715366)
(-0.000892937 0.00304568 -0.715366)
(-0.0367434 -0.0014088 -0.723639)
(-0.0719386 -0.0719379 -0.481516)
(-0.192079 -0.131287 -0.0962361)
(-0.14623 -0.154817 1.28574)
(-0.214371 0.0961964 2.92611)
(-0.318336 0.318352 1.01118)
(0.13129 -0.192075 -0.0962371)
(0.0499307 -0.0161828 -0.817426)
(0.0015173 0.00617178 -0.776496)
(-0.00151685 0.00617181 -0.776497)
(-0.0499304 -0.016183 -0.817428)
(-0.131286 -0.192074 -0.096242)
(0.318341 0.318344 1.01116)
(0.214363 0.0962083 2.9261)
(-0.242321 0.242321 3.25537)
(-0.0962175 0.214337 2.92612)
(0.154818 -0.14623 1.28571)
(0.0443737 -0.0264133 -0.728453)
(0.00974385 -0.000529061 -0.770087)
(-0.00974414 -0.000529084 -0.770087)
(-0.0443745 -0.0264139 -0.728449)
(-0.154815 -0.146231 1.28572)
(0.0962171 0.214349 2.92611)
(0.242318 0.242319 3.25537)
)
;

boundaryField
{
    bottom
    {
        type            noSlip;
    }
    atmosphere
    {
        type            pressureInletOutletVelocity;
        value           nonuniform List<vector> 
100
(
(-0.242323 -0.242323 3.25536)
(-0.214342 -0.0962024 2.92615)
(0.146225 0.154822 1.28576)
(0 0 -0.728442)
(0 0 -0.770088)
(0 0 -0.770089)
(0 0 -0.728433)
(0.146228 -0.154818 1.28576)
(-0.214371 0.0961964 2.92611)
(-0.242321 0.242321 3.25537)
(-0.0961986 -0.214347 2.92615)
(-0.318346 -0.318344 1.01125)
(0 0 -0.0962012)
(0 0 -0.817423)
(0 0 -0.776498)
(0 0 -0.776499)
(0 0 -0.817425)
(0 0 -0.0962164)
(-0.318336 0.318352 1.01118)
(-0.0962175 0.214337 2.92612)
(0.154822 0.146225 1.28577)
(0 0 -0.0961978)
(0 0 -0.48151)
(0 0 -0.723639)
(0 0 -0.715367)
(0 0 -0.715367)
(0 0 -0.723637)
(0 0 -0.481513)
(0 0 -0.0962371)
(0.154818 -0.14623 1.28571)
(0 0 -0.728438)
(0 0 -0.817422)
(0 0 -0.723638)
(0 0 -0.764084)
(0 0 -0.740286)
(0 0 -0.740286)
(0 0 -0.764084)
(0 0 -0.723639)
(0 0 -0.817426)
(0 0 -0.728453)
(0 0 -0.770089)
(0 0 -0.776499)
(0 0 -0.715367)
(0 0 -0.740286)
(0 0 -0.723685)
(0 0 -0.723685)
(0 0 -0.740284)
(0 0 -0.715366)
(0 0 -0.776496)
(0 0 -0.770087)
(0 0 -0.770089)
(0 0 -0.776499)
(0 0 -0.715367)
(0 0 -0.740286)
(0 0 -0.723685)
(0 0 -0.723685)
(0 0 -0.740285)
(0 0 -0.715366)
(0 0 -0.776497)
(0 0 -0.770087)
(0 0 -0.728436)
(0 0 -0.817424)
(0 0 -0.723638)
(0 0 -0.764085)
(0 0 -0.740285)
(0 0 -0.740286)
(0 0 -0.764084)
(0 0 -0.723639)
(0 0 -0.817428)
(0 0 -0.728449)
(-0.154819 0.146227 1.28576)
(0 0 -0.0962094)
(0 0 -0.481512)
(0 0 -0.723639)
(0 0 -0.715366)
(0 0 -0.715366)
(0 0 -0.723637)
(0 0 -0.481516)
(0 0 -0.096242)
(-0.154815 -0.146231 1.28572)
(0.0961977 -0.214362 2.92612)
(0.318352 -0.318337 1.01121)
(0 0 -0.0962259)
(0 0 -0.817426)
(0 0 -0.776497)
(0 0 -0.776499)
(0 0 -0.817427)
(0 0 -0.0962361)
(0.318341 0.318344 1.01116)
(0.0962171 0.214349 2.92611)
(0.242321 -0.242322 3.25536)
(0.214338 -0.0962124 2.92613)
(-0.146228 0.15482 1.28573)
(0 0 -0.728448)
(0 0 -0.770087)
(0 0 -0.770088)
(0 0 -0.728439)
(-0.14623 -0.154817 1.28574)
(0.214363 0.0962083 2.9261)
(0.242318 0.242319 3.25537)
)
;
    }
    walls
    {
        type            noSlip;
    }
}


// ************************************************************************* //
