/*--------------------------------*- C++ -*----------------------------------*\
| =========                 |                                                 |
| \\      /  F ield         | OpenFOAM: The Open Source CFD Toolbox           |
|  \\    /   O peration     | Version:  2412                                  |
|   \\  /    A nd           | Website:  www.openfoam.com                      |
|    \\/     M anipulation  |                                                 |
\*---------------------------------------------------------------------------*/
FoamFile
{
    version     2.0;
    format      ascii;
    arch        "LSB;label=32;scalar=64";
    class       volVectorField;
    location    "0.09";
    object      U;
}
// * * * * * * * * * * * * * * * * * * * * * * * * * * * * * * * * * * * * * //

dimensions      [0 1 -1 0 0 0 0];

internalField   nonuniform List<vector> 
4000
(
(-3.75837e-05 -3.75831e-05 3.39881e-05)
(-9.97567e-05 -3.8437e-05 2.81063e-05)
(-0.000123638 -3.99086e-05 1.80753e-05)
(-0.000100664 -4.13306e-05 8.28485e-06)
(-3.91929e-05 -4.23038e-05 1.76651e-06)
(3.91596e-05 -4.23038e-05 1.76615e-06)
(0.000100633 -4.13306e-05 8.28466e-06)
(0.000123612 -3.99086e-05 1.80731e-05)
(9.97387e-05 -3.8437e-05 2.81069e-05)
(3.75807e-05 -3.75831e-05 3.39804e-05)
(-3.84377e-05 -9.97539e-05 2.81063e-05)
(-0.000102099 -0.000102096 2.19636e-05)
(-0.000126564 -0.00010612 1.14545e-05)
(-0.000103096 -0.000110013 1.20899e-06)
(-4.01866e-05 -0.000112709 -5.64511e-06)
(4.01533e-05 -0.000112709 -5.64547e-06)
(0.000103065 -0.000110013 1.20877e-06)
(0.000126539 -0.00010612 1.14525e-05)
(0.000102081 -0.000102096 2.19642e-05)
(3.84345e-05 -9.97541e-05 2.80996e-05)
(-3.99093e-05 -0.000123634 1.80753e-05)
(-0.000106123 -0.000126561 1.14545e-05)
(-0.000131598 -0.000131595 8.44743e-08)
(-0.000107289 -0.000136463 -1.09845e-05)
(-4.19031e-05 -0.00013984 -1.84567e-05)
(4.18698e-05 -0.00013984 -1.8457e-05)
(0.000107259 -0.000136463 -1.09848e-05)
(0.000131573 -0.000131594 8.24013e-08)
(0.000106105 -0.00012656 1.14551e-05)
(3.99061e-05 -0.000123634 1.80687e-05)
(-4.13312e-05 -0.000100659 8.28488e-06)
(-0.000110016 -0.000103091 1.20902e-06)
(-0.000136467 -0.000107284 -1.09845e-05)
(-0.000111342 -0.000111337 -2.28382e-05)
(-4.3564e-05 -0.000114166 -3.09006e-05)
(4.35309e-05 -0.000114166 -3.09009e-05)
(0.000111312 -0.000111336 -2.28385e-05)
(0.000136441 -0.000107283 -1.09866e-05)
(0.000109998 -0.00010309 1.20953e-06)
(4.13281e-05 -0.000100658 8.27851e-06)
(-4.23044e-05 -3.91873e-05 1.76659e-06)
(-0.000112712 -4.0181e-05 -5.64503e-06)
(-0.000139844 -4.18975e-05 -1.84566e-05)
(-0.000114171 -4.35584e-05 -3.09005e-05)
(-4.47322e-05 -4.47265e-05 -3.94182e-05)
(4.46993e-05 -4.47263e-05 -3.94186e-05)
(0.000114141 -4.35579e-05 -3.09008e-05)
(0.000139819 -4.18967e-05 -1.84586e-05)
(0.000112694 -4.01801e-05 -5.64447e-06)
(4.23013e-05 -3.91863e-05 1.76029e-06)
(-4.23044e-05 3.91649e-05 1.76623e-06)
(-0.000112712 4.01587e-05 -5.64538e-06)
(-0.000139844 4.18752e-05 -1.84569e-05)
(-0.000114171 4.35364e-05 -3.09009e-05)
(-4.47319e-05 4.47048e-05 -3.94185e-05)
(4.46995e-05 4.47051e-05 -3.94189e-05)
(0.000114141 4.35371e-05 -3.09011e-05)
(0.000139819 4.18764e-05 -1.8459e-05)
(0.000112694 4.016e-05 -5.64479e-06)
(4.23014e-05 3.91664e-05 1.75996e-06)
(-4.13312e-05 0.000100638 8.28481e-06)
(-0.000110016 0.00010307 1.20894e-06)
(-0.000136466 0.000107264 -1.09847e-05)
(-0.000111341 0.000111317 -2.28383e-05)
(-4.35635e-05 0.000114146 -3.09007e-05)
(4.35315e-05 0.000114146 -3.09011e-05)
(0.000111312 0.000111317 -2.28386e-05)
(0.000136442 0.000107265 -1.09866e-05)
(0.000109998 0.000103072 1.20953e-06)
(4.13282e-05 0.00010064 8.27853e-06)
(-3.99092e-05 0.000123616 1.80732e-05)
(-0.000106123 0.000126542 1.14526e-05)
(-0.000131598 0.000131576 8.2554e-08)
(-0.000107288 0.000136445 -1.09864e-05)
(-4.19022e-05 0.000139822 -1.84585e-05)
(4.18708e-05 0.000139823 -1.84589e-05)
(0.00010726 0.000136446 -1.09866e-05)
(0.000131574 0.000131578 8.05434e-08)
(0.000106105 0.000126544 1.14533e-05)
(3.99065e-05 0.000123617 1.80667e-05)
(-3.84376e-05 9.9741e-05 2.81071e-05)
(-0.000102099 0.000102083 2.19644e-05)
(-0.000126564 0.000106107 1.14553e-05)
(-0.000103095 0.00011 1.20975e-06)
(-4.01855e-05 0.000112697 -5.64429e-06)
(4.01546e-05 0.000112697 -5.64464e-06)
(0.000103067 0.000110001 1.20961e-06)
(0.00012654 0.000106108 1.14533e-05)
(0.000102082 0.000102084 2.19654e-05)
(3.84349e-05 9.97426e-05 2.81006e-05)
(-3.75837e-05 3.75813e-05 3.39805e-05)
(-9.97566e-05 3.84351e-05 2.80998e-05)
(-0.000123637 3.99067e-05 1.80689e-05)
(-0.000100663 4.13287e-05 8.27871e-06)
(-3.91916e-05 4.2302e-05 1.76047e-06)
(3.9161e-05 4.23021e-05 1.76012e-06)
(0.000100635 4.13289e-05 8.27863e-06)
(0.000123613 3.99072e-05 1.80667e-05)
(9.97398e-05 3.84356e-05 2.81006e-05)
(3.75814e-05 3.75822e-05 3.39717e-05)
(-4.05757e-05 -4.0575e-05 0.000104836)
(-0.000107867 -4.15651e-05 8.67396e-05)
(-0.000133725 -4.32779e-05 5.58658e-05)
(-0.000108972 -4.49296e-05 2.5752e-05)
(-4.25182e-05 -4.60743e-05 5.60711e-06)
(4.24846e-05 -4.60743e-05 5.60659e-06)
(0.000108941 -4.49296e-05 2.57496e-05)
(0.0001337 -4.32779e-05 5.58638e-05)
(0.000107846 -4.15651e-05 8.67339e-05)
(4.05685e-05 -4.05746e-05 0.000104838)
(-4.15657e-05 -0.000107864 8.67396e-05)
(-0.000110581 -0.000110578 6.78137e-05)
(-0.000137118 -0.000115274 3.54337e-05)
(-0.000111802 -0.000119809 3.88686e-06)
(-4.36836e-05 -0.000122985 -1.7329e-05)
(4.36501e-05 -0.000122985 -1.73295e-05)
(0.000111771 -0.000119809 3.88443e-06)
(0.000137093 -0.000115274 3.54316e-05)
(0.00011056 -0.000110578 6.7808e-05)
(4.1559e-05 -0.000107864 8.674e-05)
(-4.32786e-05 -0.000133722 5.5866e-05)
(-0.000115277 -0.000137115 3.54339e-05)
(-0.000143001 -0.000142997 3.27651e-07)
(-0.000116722 -0.000148675 -3.38255e-05)
(-4.57116e-05 -0.000152662 -5.70127e-05)
(4.5678e-05 -0.000152662 -5.70132e-05)
(0.000116691 -0.000148675 -3.3828e-05)
(0.000142975 -0.000142997 3.25396e-07)
(0.000115257 -0.000137114 3.54281e-05)
(4.32719e-05 -0.000133721 5.58661e-05)
(-4.49302e-05 -0.000108967 2.57523e-05)
(-0.000119812 -0.000111797 3.88714e-06)
(-0.000148679 -0.000116717 -3.38254e-05)
(-0.000121467 -0.000121462 -7.04616e-05)
(-4.76701e-05 -0.000124819 -9.55311e-05)
(4.76367e-05 -0.000124818 -9.55316e-05)
(0.000121436 -0.000121462 -7.04641e-05)
(0.000148654 -0.000116716 -3.38277e-05)
(0.000119791 -0.000111797 3.88134e-06)
(4.49237e-05 -0.000108967 2.57521e-05)
(-4.60749e-05 -4.25127e-05 5.6077e-06)
(-0.000122988 -4.3678e-05 -1.73285e-05)
(-0.000152666 -4.5706e-05 -5.70123e-05)
(-0.000124824 -4.76645e-05 -9.55309e-05)
(-4.90679e-05 -4.90622e-05 -0.000122066)
(4.90347e-05 -4.9062e-05 -0.000122066)
(0.000124793 -4.7664e-05 -9.55334e-05)
(0.000152641 -4.57052e-05 -5.70147e-05)
(0.000122967 -4.36771e-05 -1.73344e-05)
(4.60684e-05 -4.25116e-05 5.60734e-06)
(-4.60749e-05 4.249e-05 5.60729e-06)
(-0.000122988 4.36554e-05 -1.73289e-05)
(-0.000152666 4.56835e-05 -5.70127e-05)
(-0.000124824 4.76422e-05 -9.55313e-05)
(-4.90676e-05 4.90402e-05 -0.000122066)
(4.90349e-05 4.90405e-05 -0.000122067)
(0.000124793 4.76429e-05 -9.55338e-05)
(0.000152641 4.56846e-05 -5.7015e-05)
(0.000122968 4.36568e-05 -1.73347e-05)
(4.60685e-05 4.24915e-05 5.60705e-06)
(-4.49302e-05 0.000108946 2.57505e-05)
(-0.000119812 0.000111776 3.88529e-06)
(-0.000148679 0.000116696 -3.38272e-05)
(-0.000121467 0.000121441 -7.04635e-05)
(-4.76696e-05 0.000124798 -9.5533e-05)
(4.76373e-05 0.000124798 -9.55335e-05)
(0.000121437 0.000121442 -7.04659e-05)
(0.000148654 0.000116697 -3.38295e-05)
(0.000119792 0.000111778 3.87967e-06)
(4.49238e-05 0.000108948 2.57504e-05)
(-4.32784e-05 0.000133704 5.58648e-05)
(-0.000115277 0.000137097 3.54325e-05)
(-0.000143 0.000142979 3.26185e-07)
(-0.000116721 0.000148658 -3.38271e-05)
(-4.57107e-05 0.000152644 -5.70143e-05)
(4.56791e-05 0.000152645 -5.70147e-05)
(0.000116692 0.000148658 -3.38294e-05)
(0.000142976 0.00014298 3.24217e-07)
(0.000115257 0.000137098 3.54271e-05)
(4.32721e-05 0.000133705 5.58653e-05)
(-4.15656e-05 0.000107848 8.6735e-05)
(-0.000110581 0.000110563 6.78091e-05)
(-0.000137118 0.000115259 3.54291e-05)
(-0.000111802 0.000119794 3.88213e-06)
(-4.36825e-05 0.00012297 -1.73338e-05)
(4.36513e-05 0.00012297 -1.73342e-05)
(0.000111773 0.000119795 3.87991e-06)
(0.000137094 0.00011526 3.54272e-05)
(0.000110561 0.000110564 6.78037e-05)
(4.15592e-05 0.000107849 8.67357e-05)
(-4.05752e-05 4.0569e-05 0.000104839)
(-0.000107866 4.15595e-05 8.6741e-05)
(-0.000133725 4.32725e-05 5.5867e-05)
(-0.000108971 4.49243e-05 2.57529e-05)
(-4.25169e-05 4.60691e-05 5.60793e-06)
(4.24861e-05 4.60692e-05 5.6075e-06)
(0.000108943 4.49245e-05 2.57507e-05)
(0.000133701 4.32728e-05 5.58655e-05)
(0.000107846 4.156e-05 8.67357e-05)
(4.0568e-05 4.05688e-05 0.000104842)
(-4.66916e-05 -4.66909e-05 0.00018399)
(-0.000124405 -4.79626e-05 0.000152417)
(-0.000154311 -5.01842e-05 9.83708e-05)
(-0.00012594 -5.2322e-05 4.57123e-05)
(-4.93222e-05 -5.38327e-05 1.03059e-05)
(4.92875e-05 -5.38327e-05 1.03047e-05)
(0.000125909 -5.2322e-05 4.57094e-05)
(0.000154284 -5.01843e-05 9.83647e-05)
(0.000124388 -4.79626e-05 0.000152413)
(4.66921e-05 -4.66916e-05 0.000183978)
(-4.79633e-05 -0.000124402 0.000152417)
(-0.000127915 -0.000127913 0.000119324)
(-0.000158709 -0.000134053 6.25094e-05)
(-0.000129627 -0.000139966 7.21965e-06)
(-5.08552e-05 -0.000144183 -3.01795e-05)
(5.08205e-05 -0.000144183 -3.01807e-05)
(0.000129596 -0.000139966 7.21664e-06)
(0.000158681 -0.000134053 6.25033e-05)
(0.000127899 -0.000127913 0.000119319)
(4.79632e-05 -0.000124403 0.000152406)
(-5.01849e-05 -0.000154307 9.8371e-05)
(-0.000134056 -0.000158705 6.25096e-05)
(-0.000166415 -0.000166411 6.51902e-07)
(-0.000136114 -0.00017383 -5.94545e-05)
(-5.35595e-05 -0.000179139 -0.000100545)
(5.35247e-05 -0.000179139 -0.000100546)
(0.000136083 -0.00017383 -5.94576e-05)
(0.000166388 -0.000166411 6.4563e-07)
(0.000134039 -0.000158704 6.25044e-05)
(5.01847e-05 -0.000154307 9.83594e-05)
(-5.23226e-05 -0.000125934 4.57127e-05)
(-0.000139969 -0.000129622 7.21996e-06)
(-0.000173834 -0.000136109 -5.94543e-05)
(-0.000142355 -0.000142349 -0.000124146)
(-5.61639e-05 -0.000146856 -0.00016876)
(5.61292e-05 -0.000146856 -0.000168761)
(0.000142324 -0.000142349 -0.000124149)
(0.000173807 -0.000136108 -5.94606e-05)
(0.000139952 -0.000129621 7.2146e-06)
(5.23223e-05 -0.000125934 4.5701e-05)
(-5.38334e-05 -4.93165e-05 1.03066e-05)
(-0.000144186 -5.08495e-05 -3.01789e-05)
(-0.000179143 -5.35537e-05 -0.000100544)
(-0.000146862 -5.61581e-05 -0.00016876)
(-5.80664e-05 -5.80606e-05 -0.000216163)
(5.80319e-05 -5.80604e-05 -0.000216164)
(0.000146831 -5.61576e-05 -0.000168763)
(0.000179116 -5.35529e-05 -0.00010055)
(0.000144168 -5.08486e-05 -3.01843e-05)
(5.38331e-05 -4.93155e-05 1.02949e-05)
(-5.38334e-05 4.92929e-05 1.03055e-05)
(-0.000144186 5.08259e-05 -3.018e-05)
(-0.000179143 5.35303e-05 -0.000100545)
(-0.000146861 5.61349e-05 -0.000168761)
(-5.80661e-05 5.80376e-05 -0.000216164)
(5.80322e-05 5.80379e-05 -0.000216165)
(0.000146831 5.61356e-05 -0.000168764)
(0.000179116 5.35315e-05 -0.000100551)
(0.000144169 5.08274e-05 -3.01852e-05)
(5.38332e-05 4.92946e-05 1.0294e-05)
(-5.23226e-05 0.000125914 4.57105e-05)
(-0.000139969 0.000129601 7.21775e-06)
(-0.000173834 0.000136088 -5.94566e-05)
(-0.000142354 0.000142329 -0.000124149)
(-5.61633e-05 0.000146836 -0.000168762)
(5.61299e-05 0.000146836 -0.000168764)
(0.000142324 0.00014233 -0.000124152)
(0.000173808 0.000136089 -5.94627e-05)
(0.000139952 0.000129603 7.2127e-06)
(5.23225e-05 0.000125916 4.56992e-05)
(-5.01849e-05 0.000154287 9.83658e-05)
(-0.000134056 0.000158685 6.25044e-05)
(-0.000166415 0.000166392 6.46647e-07)
(-0.000136113 0.000173811 -5.94597e-05)
(-5.35585e-05 0.00017912 -0.00010055)
(5.35258e-05 0.00017912 -0.000100551)
(0.000136084 0.000173812 -5.94626e-05)
(0.000166389 0.000166393 6.40779e-07)
(0.00013404 0.000158686 6.24997e-05)
(5.01852e-05 0.00015429 9.83546e-05)
(-4.79632e-05 0.000124391 0.000152414)
(-0.000127915 0.000127901 0.00011932)
(-0.000158708 0.000134041 6.25056e-05)
(-0.000129626 0.000139954 7.21575e-06)
(-5.08541e-05 0.000144171 -3.01834e-05)
(5.08218e-05 0.000144171 -3.01845e-05)
(0.000129597 0.000139955 7.21309e-06)
(0.000158682 0.000134042 6.25e-05)
(0.000127899 0.000127902 0.000119316)
(4.79636e-05 0.000124394 0.000152403)
(-4.66922e-05 4.66927e-05 0.000183979)
(-0.000124405 4.79638e-05 0.000152407)
(-0.000154311 5.01853e-05 9.83606e-05)
(-0.000125939 5.2323e-05 4.57022e-05)
(-4.93209e-05 5.38337e-05 1.02958e-05)
(4.9289e-05 5.38339e-05 1.02947e-05)
(0.000125911 5.23232e-05 4.56997e-05)
(0.000154286 5.01859e-05 9.83549e-05)
(0.000124391 4.79643e-05 0.000152403)
(4.66941e-05 4.66949e-05 0.000183966)
(-5.63942e-05 -5.63935e-05 0.0002777)
(-0.000150705 -5.81386e-05 0.000230449)
(-0.000187077 -6.12184e-05 0.00014923)
(-0.000153004 -6.4177e-05 7.02157e-05)
(-6.02217e-05 -6.63127e-05 1.66549e-05)
(6.01861e-05 -6.63127e-05 1.66535e-05)
(0.00015297 -6.4177e-05 7.02106e-05)
(0.000187051 -6.12183e-05 0.000149224)
(0.000150681 -5.81387e-05 0.000230438)
(5.63833e-05 -5.63927e-05 0.000277694)
(-5.81393e-05 -0.000150702 0.000230449)
(-0.000155559 -0.000155556 0.000180773)
(-0.00019317 -0.000164149 9.51004e-05)
(-0.000158147 -0.0001724 1.18582e-05)
(-6.23839e-05 -0.000178411 -4.49604e-05)
(6.23482e-05 -0.000178411 -4.49618e-05)
(0.000158113 -0.0001724 1.1853e-05)
(0.000193144 -0.000164149 9.50939e-05)
(0.000155536 -0.000155557 0.000180762)
(5.81293e-05 -0.000150701 0.000230442)
(-6.1219e-05 -0.000187073 0.00014923)
(-0.000164152 -0.000193166 9.51007e-05)
(-0.000203983 -0.000203979 1.23798e-06)
(-0.00016732 -0.000214358 -8.98173e-05)
(-6.62574e-05 -0.000221952 -0.000152736)
(6.62216e-05 -0.000221952 -0.000152737)
(0.000167286 -0.000214358 -8.98226e-05)
(0.000203957 -0.000203979 1.23119e-06)
(0.000164129 -0.000193167 9.50898e-05)
(6.12091e-05 -0.000187073 0.000149223)
(-6.41776e-05 -0.000152998 7.02163e-05)
(-0.000172403 -0.000158141 1.18587e-05)
(-0.000214362 -0.000167315 -8.9817e-05)
(-0.00017612 -0.000176115 -0.000188303)
(-6.99778e-05 -0.000182628 -0.000257043)
(6.99422e-05 -0.000182628 -0.000257044)
(0.000176087 -0.000176115 -0.000188308)
(0.000214336 -0.000167314 -8.9824e-05)
(0.00017238 -0.000158141 1.18475e-05)
(6.4168e-05 -0.000152998 7.02088e-05)
(-6.63134e-05 -6.0216e-05 1.6656e-05)
(-0.000178414 -6.23781e-05 -4.49594e-05)
(-0.000221956 -6.62516e-05 -0.000152735)
(-0.000182633 -6.99719e-05 -0.000257042)
(-7.27704e-05 -7.27645e-05 -0.000330503)
(7.27349e-05 -7.27643e-05 -0.000330504)
(0.0001826 -6.99715e-05 -0.000257048)
(0.00022193 -6.62507e-05 -0.000152743)
(0.000178391 -6.23771e-05 -4.49708e-05)
(6.63037e-05 -6.02149e-05 1.66483e-05)
(-6.63133e-05 6.01917e-05 1.66548e-05)
(-0.000178414 6.23538e-05 -4.49606e-05)
(-0.000221956 6.62273e-05 -0.000152736)
(-0.000182633 6.99479e-05 -0.000257044)
(-7.27701e-05 7.27408e-05 -0.000330504)
(7.27352e-05 7.27411e-05 -0.000330505)
(0.0001826 6.99487e-05 -0.000257049)
(0.00022193 6.62287e-05 -0.000152744)
(0.000178391 6.23554e-05 -4.49717e-05)
(6.63038e-05 6.01934e-05 1.66474e-05)
(-6.41776e-05 0.000152975 7.02124e-05)
(-0.000172403 0.000158118 1.18547e-05)
(-0.000214362 0.000167292 -8.98211e-05)
(-0.00017612 0.000176092 -0.000188307)
(-6.99772e-05 0.000182605 -0.000257047)
(6.99429e-05 0.000182606 -0.000257049)
(0.000176087 0.000176093 -0.000188312)
(0.000214337 0.000167293 -8.98278e-05)
(0.00017238 0.00015812 1.1844e-05)
(6.41681e-05 0.000152977 7.02053e-05)
(-6.12188e-05 0.000187054 0.000149226)
(-0.000164152 0.000193148 9.50957e-05)
(-0.000203983 0.00020396 1.23277e-06)
(-0.000167319 0.00021434 -8.98227e-05)
(-6.62564e-05 0.000221934 -0.000152742)
(6.62228e-05 0.000221935 -0.000152743)
(0.000167288 0.000214341 -8.98277e-05)
(0.000203958 0.000203962 1.22655e-06)
(0.000164129 0.00019315 9.50855e-05)
(6.12092e-05 0.000187056 0.000149219)
(-5.81393e-05 0.000150683 0.00023044)
(-0.000155559 0.000155539 0.000180764)
(-0.00019317 0.000164132 9.50917e-05)
(-0.000158146 0.000172383 1.18492e-05)
(-6.23827e-05 0.000178394 -4.49695e-05)
(6.23496e-05 0.000178394 -4.49707e-05)
(0.000158115 0.000172383 1.18445e-05)
(0.000193146 0.000164133 9.50858e-05)
(0.000155537 0.00015554 0.000180754)
(5.81296e-05 0.000150683 0.000230435)
(-5.63933e-05 5.63838e-05 0.000277697)
(-0.000150703 5.81298e-05 0.000230444)
(-0.000187076 6.12097e-05 0.000149225)
(-0.000153003 6.41686e-05 7.02105e-05)
(-6.02203e-05 6.63044e-05 1.66496e-05)
(6.01877e-05 6.63045e-05 1.66484e-05)
(0.000152972 6.41689e-05 7.02059e-05)
(0.000187052 6.121e-05 0.00014922)
(0.00015068 5.81304e-05 0.000230435)
(5.63818e-05 5.63826e-05 0.000277693)
(-7.03632e-05 -7.03625e-05 0.000393162)
(-0.000188685 -7.28412e-05 0.000327015)
(-0.000234428 -7.72645e-05 0.000212679)
(-0.000192226 -8.15038e-05 0.000101653)
(-7.61031e-05 -8.46331e-05 2.55871e-05)
(7.60652e-05 -8.46331e-05 2.55851e-05)
(0.000192193 -8.15039e-05 0.000101647)
(0.000234398 -7.72647e-05 0.000212668)
(0.000188669 -7.28413e-05 0.000327005)
(7.03661e-05 -7.03635e-05 0.000393145)
(-7.2842e-05 -0.000188682 0.000327016)
(-0.00019563 -0.000195626 0.000257193)
(-0.000243166 -0.000208073 0.000136046)
(-0.000199657 -0.000219994 1.85585e-05)
(-7.92653e-05 -0.00022888 -6.25931e-05)
(7.92273e-05 -0.00022888 -6.25951e-05)
(0.000199623 -0.000219994 1.85524e-05)
(0.000243136 -0.000208073 0.000136035)
(0.000195613 -0.000195627 0.000257182)
(7.28438e-05 -0.000188684 0.000326999)
(-7.72652e-05 -0.000234424 0.000212679)
(-0.000208076 -0.000243161 0.000136046)
(-0.000258874 -0.00025887 2.21931e-06)
(-0.000213101 -0.000273911 -0.000127346)
(-8.50198e-05 -0.000285181 -0.000218153)
(8.49816e-05 -0.000285181 -0.000218155)
(0.000213067 -0.000273911 -0.000127352)
(0.000258844 -0.00025887 2.20852e-06)
(0.000208059 -0.000243162 0.000136035)
(7.72669e-05 -0.000234424 0.000212662)
(-8.15045e-05 -0.000192221 0.000101653)
(-0.000219997 -0.000199651 1.8559e-05)
(-0.000273915 -0.000213095 -0.000127346)
(-0.000225968 -0.000225962 -0.000268389)
(-9.05351e-05 -0.00023574 -0.000368411)
(9.04971e-05 -0.00023574 -0.000368413)
(0.000225934 -0.000225962 -0.000268396)
(0.000273885 -0.000213095 -0.000127357)
(0.000219979 -0.000199651 1.85474e-05)
(8.15061e-05 -0.000192221 0.000101636)
(-8.46338e-05 -7.60971e-05 2.55882e-05)
(-0.000228883 -7.92592e-05 -6.25921e-05)
(-0.000285185 -8.50137e-05 -0.000218152)
(-0.000235746 -9.0529e-05 -0.000368411)
(-9.47978e-05 -9.47916e-05 -0.00047613)
(9.47598e-05 -9.47913e-05 -0.000476132)
(0.000235712 -9.05285e-05 -0.000368417)
(0.000285155 -8.50128e-05 -0.000218164)
(0.000228866 -7.92583e-05 -6.2604e-05)
(8.46353e-05 -7.6096e-05 2.55705e-05)
(-8.46338e-05 7.6071e-05 2.55864e-05)
(-0.000228883 7.92331e-05 -6.25939e-05)
(-0.000285185 8.49876e-05 -0.000218154)
(-0.000235745 9.05031e-05 -0.000368412)
(-9.47975e-05 9.47659e-05 -0.000476131)
(9.47601e-05 9.47662e-05 -0.000476133)
(0.000235712 9.0504e-05 -0.000368419)
(0.000285155 8.49891e-05 -0.000218165)
(0.000228866 7.92349e-05 -6.26055e-05)
(8.46355e-05 7.60729e-05 2.55689e-05)
(-8.15046e-05 0.000192198 0.000101649)
(-0.000219997 0.000199629 1.85543e-05)
(-0.000273915 0.000213073 -0.000127351)
(-0.000225967 0.000225939 -0.000268394)
(-9.05346e-05 0.000235718 -0.000368416)
(9.04979e-05 0.000235718 -0.000368418)
(0.000225935 0.000225941 -0.000268401)
(0.000273886 0.000213074 -0.000127361)
(0.00021998 0.000199631 1.85431e-05)
(8.15062e-05 0.000192201 0.000101632)
(-7.72653e-05 0.000234402 0.00021267)
(-0.000208076 0.000243139 0.000136037)
(-0.000258874 0.000258848 2.21023e-06)
(-0.0002131 0.000273889 -0.000127355)
(-8.50188e-05 0.000285159 -0.000218163)
(8.4983e-05 0.000285159 -0.000218164)
(0.000213069 0.00027389 -0.000127361)
(0.000258846 0.00025885 2.2001e-06)
(0.00020806 0.000243141 0.000136027)
(7.72676e-05 0.000234404 0.000212654)
(-7.28419e-05 0.000188672 0.000327007)
(-0.00019563 0.000195615 0.000257185)
(-0.000243165 0.000208062 0.000136037)
(-0.000199656 0.000219982 1.85493e-05)
(-7.92642e-05 0.000228868 -6.26025e-05)
(7.92289e-05 0.000228869 -6.26043e-05)
(0.000199625 0.000219983 1.85438e-05)
(0.000243137 0.000208063 0.000136027)
(0.000195613 0.000195617 0.000257175)
(7.28443e-05 0.000188676 0.000326992)
(-7.03642e-05 7.03668e-05 0.000393147)
(-0.000188687 7.28444e-05 0.000327001)
(-0.000234428 7.72675e-05 0.000212664)
(-0.000192226 8.15067e-05 0.000101638)
(-7.61018e-05 8.4636e-05 2.5572e-05)
(7.6067e-05 8.46361e-05 2.55702e-05)
(0.000192195 8.1507e-05 0.000101632)
(0.0002344 7.72684e-05 0.000212654)
(0.000188673 7.28451e-05 0.000326992)
(7.03692e-05 7.037e-05 0.00039313)
(-8.95227e-05 -8.9522e-05 0.000539229)
(-0.000241013 -9.30978e-05 0.000449773)
(-0.000299759 -9.95565e-05 0.000294107)
(-0.000246549 -0.000105729 0.000143265)
(-9.82551e-05 -0.000110393 3.85425e-05)
(9.82155e-05 -0.000110393 3.85404e-05)
(0.000246511 -0.00010573 0.000143257)
(0.00029973 -9.95565e-05 0.000294096)
(0.000240986 -9.30981e-05 0.000449758)
(8.95084e-05 -8.9521e-05 0.000539217)
(-9.30986e-05 -0.00024101 0.000449774)
(-0.000251101 -0.000251098 0.000354881)
(-0.000312488 -0.000269413 0.000189029)
(-0.000257466 -0.000286916 2.85298e-05)
(-0.000102961 -0.000300284 -8.39881e-05)
(0.000102921 -0.000300284 -8.39902e-05)
(0.000257428 -0.000286916 2.85215e-05)
(0.000312459 -0.000269414 0.000189017)
(0.000251074 -0.000251098 0.000354865)
(9.30855e-05 -0.000241009 0.00044976)
(-9.95573e-05 -0.000299755 0.000294108)
(-0.000269417 -0.000312483 0.000189029)
(-0.000335679 -0.000335675 3.95636e-06)
(-0.000277506 -0.000357833 -0.000174837)
(-0.000111662 -0.000374862 -0.000302389)
(0.000111623 -0.000374862 -0.000302392)
(0.000277468 -0.000357833 -0.000174846)
(0.00033565 -0.000335675 3.94459e-06)
(0.00026939 -0.000312484 0.000189012)
(9.95443e-05 -0.000299755 0.000294093)
(-0.00010573 -0.000246543 0.000143266)
(-0.000286919 -0.00025746 2.85305e-05)
(-0.000357837 -0.0002775 -0.000174837)
(-0.000296653 -0.000296647 -0.00037101)
(-0.000119991 -0.000311616 -0.000512924)
(0.000119951 -0.000311616 -0.000512926)
(0.000296615 -0.000296647 -0.00037102)
(0.000357808 -0.0002775 -0.000174849)
(0.000286893 -0.00025746 2.85129e-05)
(0.000105718 -0.000246542 0.000143251)
(-0.000110394 -9.8249e-05 3.85441e-05)
(-0.000300287 -0.000102955 -8.39867e-05)
(-0.000374867 -0.000111656 -0.000302388)
(-0.000311622 -0.000119984 -0.000512923)
(-0.000126632 -0.000126626 -0.000667259)
(0.000126592 -0.000126625 -0.000667261)
(0.000311584 -0.000119984 -0.000512933)
(0.000374838 -0.000111655 -0.000302401)
(0.000300261 -0.000102954 -8.40047e-05)
(0.000110381 -9.82478e-05 3.85284e-05)
(-0.000110394 9.82214e-05 3.85422e-05)
(-0.000300287 0.000102927 -8.39885e-05)
(-0.000374866 0.000111629 -0.00030239)
(-0.000311622 0.000119957 -0.000512925)
(-0.000126632 0.000126598 -0.00066726)
(0.000126592 0.000126599 -0.000667262)
(0.000311585 0.000119958 -0.000512934)
(0.000374838 0.00011163 -0.000302403)
(0.000300261 0.000102929 -8.40063e-05)
(0.000110381 9.82235e-05 3.85269e-05)
(-0.00010573 0.000246516 0.000143259)
(-0.000286919 0.000257433 2.85239e-05)
(-0.000357837 0.000277474 -0.000174844)
(-0.000296653 0.000296621 -0.000371018)
(-0.00011999 0.00031159 -0.000512932)
(0.000119951 0.00031159 -0.000512934)
(0.000296616 0.000296622 -0.000371027)
(0.000357809 0.000277476 -0.000174856)
(0.000286893 0.000257436 2.85068e-05)
(0.000105718 0.000246519 0.000143245)
(-9.95571e-05 0.000299734 0.000294099)
(-0.000269416 0.000312463 0.00018902)
(-0.000335679 0.000335654 3.94682e-06)
(-0.000277506 0.000357812 -0.000174847)
(-0.000111662 0.000374842 -0.0003024)
(0.000111624 0.000374843 -0.000302402)
(0.00027747 0.000357814 -0.000174856)
(0.000335652 0.000335656 3.93584e-06)
(0.000269391 0.000312466 0.000189004)
(9.95444e-05 0.000299737 0.000294086)
(-9.30987e-05 0.000240988 0.000449761)
(-0.000251101 0.000251077 0.000354868)
(-0.000312488 0.000269393 0.000189015)
(-0.000257465 0.000286895 2.85153e-05)
(-0.00010296 0.000300264 -8.40029e-05)
(0.000102923 0.000300264 -8.40048e-05)
(0.00025743 0.000286897 2.85076e-05)
(0.000312461 0.000269394 0.000189004)
(0.000251076 0.000251079 0.000354853)
(9.3086e-05 0.000240988 0.000449748)
(-8.95216e-05 8.95088e-05 0.00053922)
(-0.000241012 9.3086e-05 0.000449763)
(-0.000299758 9.95448e-05 0.000294096)
(-0.000246548 0.000105718 0.000143253)
(-9.82536e-05 0.000110382 3.85302e-05)
(9.82175e-05 0.000110382 3.85283e-05)
(0.000246513 0.000105719 0.000143246)
(0.000299732 9.95452e-05 0.000294086)
(0.000240984 9.30868e-05 0.000449748)
(8.9506e-05 8.95069e-05 0.00053921)
(-0.000115164 -0.000115163 0.000726741)
(-0.000311338 -0.000120348 0.000608199)
(-0.000387682 -0.000129834 0.000400289)
(-0.000320008 -0.00013888 0.000199262)
(-0.000128464 -0.000145885 5.74704e-05)
(0.000128421 -0.000145886 5.74678e-05)
(0.00031997 -0.00013888 0.000199253)
(0.000387648 -0.000129834 0.000400274)
(0.000311321 -0.000120348 0.000608183)
(0.000115168 -0.000115164 0.000726718)
(-0.000120349 -0.000311335 0.0006082)
(-0.000326078 -0.000326075 0.000481719)
(-0.000406341 -0.000353196 0.000258747)
(-0.000336164 -0.000379068 4.34473e-05)
(-0.000135526 -0.000399349 -0.000110201)
(0.000135482 -0.000399349 -0.000110204)
(0.000336126 -0.000379068 4.34376e-05)
(0.000406307 -0.000353197 0.000258731)
(0.00032606 -0.000326075 0.000481702)
(0.000120352 -0.000311338 0.000608176)
(-0.000129835 -0.000387677 0.000400289)
(-0.0003532 -0.000406337 0.000258747)
(-0.000440808 -0.000440803 6.93837e-06)
(-0.000366273 -0.000473682 -0.000235806)
(-0.000148798 -0.000499651 -0.000412724)
(0.000148754 -0.000499651 -0.000412727)
(0.000366235 -0.000473683 -0.000235816)
(0.000440774 -0.000440804 6.92224e-06)
(0.000353181 -0.000406338 0.000258729)
(0.000129838 -0.000387679 0.000400265)
(-0.00013888 -0.000320002 0.000199263)
(-0.000379071 -0.000336158 4.3448e-05)
(-0.000473687 -0.000366267 -0.000235805)
(-0.000395011 -0.000395005 -0.000504633)
(-0.000161494 -0.000418175 -0.000703828)
(0.000161451 -0.000418175 -0.000703831)
(0.000394972 -0.000395005 -0.000504644)
(0.000473653 -0.000366267 -0.000235822)
(0.000379052 -0.000336159 4.34289e-05)
(0.000138883 -0.000320002 0.000199238)
(-0.000145886 -0.000128458 5.74719e-05)
(-0.000399353 -0.000135519 -0.0001102)
(-0.000499655 -0.000148791 -0.000412723)
(-0.000418181 -0.000161488 -0.000703828)
(-0.000171968 -0.000171962 -0.000923067)
(0.000171925 -0.000171961 -0.000923069)
(0.000418142 -0.000161487 -0.000703839)
(0.000499621 -0.00014879 -0.00041274)
(0.000399334 -0.000135518 -0.00011022)
(0.000145889 -0.000128457 5.74462e-05)
(-0.000145886 0.000128428 5.74695e-05)
(-0.000399353 0.000135489 -0.000110202)
(-0.000499655 0.000148761 -0.000412725)
(-0.000418181 0.000161457 -0.00070383)
(-0.000171968 0.000171931 -0.000923069)
(0.000171925 0.000171932 -0.000923071)
(0.000418143 0.000161458 -0.000703841)
(0.000499621 0.000148763 -0.000412742)
(0.000399334 0.000135491 -0.000110222)
(0.000145889 0.00012843 5.74441e-05)
(-0.000138881 0.000319976 0.000199256)
(-0.000379071 0.000336132 4.34401e-05)
(-0.000473687 0.000366241 -0.000235814)
(-0.000395011 0.000394978 -0.000504642)
(-0.000161494 0.000418148 -0.000703838)
(0.000161452 0.000418149 -0.00070384)
(0.000394974 0.00039498 -0.000504653)
(0.000473654 0.000366243 -0.00023583)
(0.000379053 0.000336135 4.34216e-05)
(0.000138883 0.00031998 0.000199231)
(-0.000129835 0.000387652 0.000400276)
(-0.0003532 0.000406311 0.000258734)
(-0.000440808 0.000440778 6.9245e-06)
(-0.000366273 0.000473657 -0.00023582)
(-0.000148797 0.000499625 -0.000412739)
(0.000148756 0.000499626 -0.000412741)
(0.000366237 0.000473659 -0.00023583)
(0.000440776 0.00044078 6.90921e-06)
(0.000353183 0.000406314 0.000258717)
(0.000129839 0.000387656 0.000400253)
(-0.000120349 0.000311324 0.000608186)
(-0.000326078 0.000326063 0.000481705)
(-0.000406342 0.000353184 0.000258732)
(-0.000336164 0.000379055 4.34315e-05)
(-0.000135525 0.000399337 -0.000110218)
(0.000135485 0.000399337 -0.00011022)
(0.000336129 0.000379056 4.34224e-05)
(0.00040631 0.000353186 0.000258717)
(0.000326061 0.000326065 0.000481689)
(0.000120352 0.00031133 0.000608164)
(-0.000115165 0.000115169 0.00072672)
(-0.00031134 0.000120353 0.000608179)
(-0.000387683 0.000129838 0.000400267)
(-0.000320008 0.000138884 0.000199241)
(-0.000128463 0.00014589 5.74482e-05)
(0.000128424 0.00014589 5.74457e-05)
(0.000319974 0.000138884 0.000199232)
(0.000387651 0.000129839 0.000400253)
(0.000311327 0.000120353 0.000608164)
(0.000115173 0.000115173 0.000726697)
(-0.000148893 -0.000148892 0.000969446)
(-0.000404362 -0.00015642 0.00081443)
(-0.000504226 -0.000170369 0.000540128)
(-0.000417957 -0.000183649 0.000275475)
(-0.000169151 -0.000194212 8.53199e-05)
(0.000169105 -0.000194212 8.53173e-05)
(0.000417913 -0.00018365 0.000275463)
(0.000504194 -0.000170369 0.000540112)
(0.000404331 -0.00015642 0.000814408)
(0.000148876 -0.000148891 0.000969426)
(-0.00015642 -0.000404359 0.00081443)
(-0.000425928 -0.000425925 0.000647916)
(-0.000531623 -0.000466153 0.000351505)
(-0.000441938 -0.000504481 6.58922e-05)
(-0.000179787 -0.000535386 -0.00014224)
(0.000179741 -0.000535386 -0.000142243)
(0.000441894 -0.000504482 6.58799e-05)
(0.000531591 -0.000466154 0.000351489)
(0.000425898 -0.000425927 0.000647894)
(0.000156404 -0.000404359 0.000814409)
(-0.00017037 -0.000504221 0.000540129)
(-0.000466157 -0.000531619 0.000351506)
(-0.000582957 -0.000582952 1.20946e-05)
(-0.000487336 -0.000631876 -0.000314475)
(-0.000200125 -0.00067168 -0.000558557)
(0.000200078 -0.00067168 -0.00055856)
(0.000487291 -0.000631877 -0.000314489)
(0.000582924 -0.000582953 1.2077e-05)
(0.000466126 -0.00053162 0.000351481)
(0.000170354 -0.000504222 0.000540106)
(-0.00018365 -0.000417951 0.000275476)
(-0.000504484 -0.000441932 6.5893e-05)
(-0.00063188 -0.00048733 -0.000314475)
(-0.000530665 -0.000530658 -0.000680027)
(-0.000219592 -0.000566789 -0.000958662)
(0.000219545 -0.000566788 -0.000958665)
(0.000530619 -0.000530659 -0.000680042)
(0.000631847 -0.00048733 -0.000314494)
(0.000504454 -0.000441932 6.58673e-05)
(0.000183634 -0.000417951 0.000275452)
(-0.000194213 -0.000169144 8.53218e-05)
(-0.00053539 -0.000179781 -0.000142239)
(-0.000671684 -0.000200118 -0.000558556)
(-0.000566795 -0.000219585 -0.000958662)
(-0.000236256 -0.00023625 -0.00126977)
(0.000236209 -0.000236249 -0.00126977)
(0.000566749 -0.000219585 -0.000958677)
(0.000671652 -0.000200117 -0.000558576)
(0.000535359 -0.00017978 -0.000142265)
(0.000194197 -0.000169143 8.52966e-05)
(-0.000194213 0.000169112 8.53195e-05)
(-0.000535389 0.000179748 -0.000142241)
(-0.000671684 0.000200085 -0.000558558)
(-0.000566795 0.000219552 -0.000958663)
(-0.000236256 0.000236216 -0.00126977)
(0.00023621 0.000236217 -0.00126978)
(0.00056675 0.000219554 -0.000958678)
(0.000671652 0.000200087 -0.000558577)
(0.000535359 0.00017975 -0.000142267)
(0.000194197 0.000169115 8.52947e-05)
(-0.00018365 0.000417919 0.000275466)
(-0.000504485 0.0004419 6.58828e-05)
(-0.000631881 0.000487297 -0.000314486)
(-0.000530665 0.000530626 -0.000680039)
(-0.000219592 0.000566756 -0.000958675)
(0.000219547 0.000566756 -0.000958677)
(0.000530621 0.000530628 -0.000680053)
(0.000631849 0.0004873 -0.000314504)
(0.000504455 0.000441903 6.58576e-05)
(0.000183635 0.000417923 0.000275443)
(-0.00017037 0.000504198 0.000540115)
(-0.000466157 0.000531595 0.000351492)
(-0.000582957 0.000582928 1.20797e-05)
(-0.000487336 0.000631852 -0.000314491)
(-0.000200124 0.000671656 -0.000558574)
(0.00020008 0.000671657 -0.000558576)
(0.000487294 0.000631854 -0.000314504)
(0.000582926 0.000582931 1.2063e-05)
(0.000466127 0.000531599 0.000351468)
(0.000170354 0.000504202 0.000540094)
(-0.000156421 0.000404333 0.000814411)
(-0.000425929 0.000425901 0.000647897)
(-0.000531624 0.000466129 0.000351484)
(-0.000441938 0.000504457 6.58702e-05)
(-0.000179786 0.000535363 -0.000142263)
(0.000179744 0.000535363 -0.000142265)
(0.000441897 0.000504459 6.58585e-05)
(0.000531595 0.000466131 0.000351469)
(0.0004259 0.000425904 0.000647875)
(0.000156405 0.000404333 0.000814391)
(-0.000148892 0.000148876 0.00096943)
(-0.000404361 0.000156405 0.000814412)
(-0.000504226 0.000170354 0.000540109)
(-0.000417957 0.000183635 0.000275455)
(-0.00016915 0.000194198 8.52987e-05)
(0.000169108 0.000194198 8.52964e-05)
(0.000417916 0.000183636 0.000275444)
(0.000504197 0.000170354 0.000540095)
(0.000404329 0.000156406 0.000814391)
(0.000148872 0.000148873 0.000969412)
(-0.000192808 -0.000192807 0.00128457)
(-0.000526161 -0.000203713 0.00108386)
(-0.000657156 -0.000224202 0.000725186)
(-0.000547413 -0.000243689 0.000379791)
(-0.000223541 -0.000259644 0.000126296)
(0.000223491 -0.000259644 0.000126293)
(0.000547368 -0.00024369 0.000379777)
(0.000657117 -0.000224202 0.000725166)
(0.000526142 -0.000203714 0.00108383)
(0.000192814 -0.00019281 0.00128454)
(-0.000203714 -0.000526157 0.00108386)
(-0.000557674 -0.000557671 0.0008666)
(-0.000697354 -0.0006173 0.000475655)
(-0.000583034 -0.000674086 9.96243e-05)
(-0.000239594 -0.000721296 -0.00018109)
(0.000239544 -0.000721296 -0.000181093)
(0.000582989 -0.000674087 9.96099e-05)
(0.000697314 -0.000617302 0.000475634)
(0.000557654 -0.000557673 0.000866576)
(0.000203718 -0.000526161 0.00108382)
(-0.000224203 -0.000657151 0.000725187)
(-0.000617304 -0.000697349 0.000475655)
(-0.000773801 -0.000773796 2.08895e-05)
(-0.000651597 -0.000846647 -0.000416053)
(-0.000270843 -0.00090787 -0.000752295)
(0.000270792 -0.00090787 -0.000752297)
(0.000651551 -0.000846649 -0.000416069)
(0.000773761 -0.000773798 2.08668e-05)
(0.000617283 -0.000697351 0.000475628)
(0.000224206 -0.000657154 0.000725154)
(-0.00024369 -0.000547406 0.000379792)
(-0.00067409 -0.000583027 9.96252e-05)
(-0.000846652 -0.00065159 -0.000416052)
(-0.000717105 -0.000717098 -0.000911126)
(-0.000300819 -0.000773783 -0.00130107)
(0.000300767 -0.000773783 -0.00130108)
(0.000717057 -0.000717099 -0.000911144)
(0.000846613 -0.000651592 -0.000416076)
(0.000674068 -0.000583029 9.95965e-05)
(0.000243694 -0.000547408 0.000379757)
(-0.000259645 -0.000223534 0.000126298)
(-0.000721299 -0.000239587 -0.000181089)
(-0.000907875 -0.000270836 -0.000752294)
(-0.00077379 -0.000300811 -0.00130107)
(-0.000327532 -0.000327525 -0.00174396)
(0.00032748 -0.000327525 -0.00174396)
(0.000773742 -0.000300811 -0.00130109)
(0.000907835 -0.000270835 -0.000752319)
(0.000721278 -0.000239587 -0.000181119)
(0.000259649 -0.000223534 0.000126261)
(-0.000259645 0.000223498 0.000126295)
(-0.000721299 0.000239551 -0.000181091)
(-0.000907875 0.000270799 -0.000752296)
(-0.00077379 0.000300774 -0.00130108)
(-0.000327532 0.000327488 -0.00174396)
(0.00032748 0.000327488 -0.00174396)
(0.000773743 0.000300776 -0.00130109)
(0.000907835 0.000270801 -0.000752321)
(0.000721278 0.000239554 -0.000181121)
(0.000259649 0.000223501 0.000126259)
(-0.000243691 0.000547374 0.00037978)
(-0.000674091 0.000582995 9.96129e-05)
(-0.000846654 0.000651557 -0.000416066)
(-0.000717106 0.000717064 -0.000911141)
(-0.000300818 0.000773749 -0.00130109)
(0.000300768 0.000773749 -0.00130109)
(0.00071706 0.000717067 -0.000911159)
(0.000846615 0.000651561 -0.000416089)
(0.00067407 0.000583 9.95849e-05)
(0.000243694 0.00054738 0.000379746)
(-0.000224203 0.000657121 0.000725169)
(-0.000617305 0.000697319 0.000475637)
(-0.000773802 0.000773766 2.08694e-05)
(-0.000651598 0.000846617 -0.000416074)
(-0.000270842 0.00090784 -0.000752318)
(0.000270794 0.00090784 -0.00075232)
(0.000651555 0.00084662 -0.000416089)
(0.000773765 0.00077377 2.08477e-05)
(0.000617285 0.000697323 0.000475611)
(0.000224208 0.000657127 0.000725137)
(-0.000203715 0.000526145 0.00108384)
(-0.000557676 0.000557657 0.000866579)
(-0.000697355 0.000617286 0.000475632)
(-0.000583035 0.000674071 9.95994e-05)
(-0.000239594 0.000721281 -0.000181117)
(0.000239547 0.000721281 -0.000181119)
(0.000582993 0.000674073 9.95857e-05)
(0.000697318 0.000617289 0.000475612)
(0.000557656 0.00055766 0.000866556)
(0.000203719 0.000526153 0.00108381)
(-0.00019281 0.000192815 0.00128454)
(-0.000526164 0.000203719 0.00108383)
(-0.000657158 0.000224207 0.000725157)
(-0.000547414 0.000243694 0.00037976)
(-0.00022354 0.000259649 0.000126263)
(0.000223494 0.00025965 0.000126261)
(0.000547373 0.000243695 0.000379747)
(0.000657122 0.000224209 0.000725137)
(0.000526149 0.00020372 0.00108381)
(0.00019282 0.00019282 0.00128451)
(-0.000249435 -0.000249434 0.00169396)
(-0.000684269 -0.000265191 0.00143624)
(-0.000856251 -0.000295211 0.000970759)
(-0.000717405 -0.000323759 0.000523159)
(-0.000295897 -0.000347879 0.00018665)
(0.000295843 -0.000347879 0.000186647)
(0.000717352 -0.00032376 0.000523143)
(0.000856214 -0.000295211 0.000970737)
(0.000684233 -0.000265192 0.00143621)
(0.000249414 -0.000249433 0.00169394)
(-0.000265192 -0.000684266 0.00143624)
(-0.000730204 -0.0007302 0.00115486)
(-0.000915112 -0.000818418 0.000642507)
(-0.000770305 -0.000902461 0.000150317)
(-0.000320148 -0.000974693 -0.000227381)
(0.000320094 -0.000974692 -0.000227383)
(0.000770251 -0.000902463 0.000150299)
(0.000915075 -0.00081842 0.000642484)
(0.000730169 -0.000730204 0.00115483)
(0.000265173 -0.000684267 0.00143621)
(-0.000295212 -0.000856246 0.000970759)
(-0.000818421 -0.000915107 0.000642508)
(-0.00102882 -0.00102881 3.58555e-05)
(-0.000873924 -0.00113726 -0.000546664)
(-0.000368253 -0.00123169 -0.00101015)
(0.000368197 -0.00123169 -0.00101016)
(0.000873869 -0.00113726 -0.000546684)
(0.00102878 -0.00102881 3.58306e-05)
(0.000818386 -0.000915111 0.000642474)
(0.000295192 -0.000856249 0.000970727)
(-0.00032376 -0.000717398 0.00052316)
(-0.000902465 -0.000770298 0.000150318)
(-0.00113727 -0.000873917 -0.000546664)
(-0.000973174 -0.000973167 -0.00121576)
(-0.000414578 -0.00106262 -0.00176299)
(0.000414522 -0.00106262 -0.00176299)
(0.000973118 -0.000973169 -0.00121578)
(0.00113723 -0.000873919 -0.00054669)
(0.000902429 -0.0007703 0.000150281)
(0.000323741 -0.0007174 0.000523125)
(-0.00034788 -0.00029589 0.000186652)
(-0.000974696 -0.000320141 -0.000227379)
(-0.00123169 -0.000368246 -0.00101015)
(-0.00106263 -0.000414571 -0.00176299)
(-0.000457716 -0.000457709 -0.00239712)
(0.000457659 -0.000457708 -0.00239712)
(0.00106257 -0.000414571 -0.00176301)
(0.00123166 -0.000368246 -0.00101018)
(0.00097466 -0.000320141 -0.000227418)
(0.000347861 -0.00029589 0.000186614)
(-0.000347879 0.00029585 0.00018665)
(-0.000974696 0.000320101 -0.000227381)
(-0.00123169 0.000368205 -0.00101015)
(-0.00106263 0.00041453 -0.00176299)
(-0.000457716 0.000457667 -0.00239712)
(0.00045766 0.000457667 -0.00239712)
(0.00106257 0.000414532 -0.00176301)
(0.00123166 0.000368208 -0.00101018)
(0.00097466 0.000320105 -0.000227419)
(0.000347861 0.000295854 0.000186612)
(-0.00032376 0.000717359 0.000523146)
(-0.000902467 0.000770258 0.000150303)
(-0.00113727 0.000873876 -0.000546681)
(-0.000973176 0.000973125 -0.00121577)
(-0.000414579 0.00106258 -0.00176301)
(0.000414524 0.00106258 -0.00176301)
(0.000973121 0.000973129 -0.0012158)
(0.00113723 0.00087388 -0.000546708)
(0.000902431 0.000770263 0.000150267)
(0.000323742 0.000717364 0.000523111)
(-0.000295212 0.000856219 0.000970741)
(-0.000818423 0.000915079 0.000642488)
(-0.00102882 0.00102878 3.58335e-05)
(-0.000873925 0.00113723 -0.000546688)
(-0.000368253 0.00123166 -0.00101018)
(0.0003682 0.00123166 -0.00101018)
(0.000873873 0.00113724 -0.000546707)
(0.00102878 0.00102879 3.58096e-05)
(0.000818388 0.000915086 0.000642455)
(0.000295193 0.000856225 0.000970709)
(-0.000265193 0.000684235 0.00143622)
(-0.000730207 0.000730172 0.00115483)
(-0.000915115 0.000818389 0.000642477)
(-0.000770306 0.000902432 0.000150284)
(-0.000320148 0.000974664 -0.000227416)
(0.000320097 0.000974664 -0.000227417)
(0.000770257 0.000902435 0.000150267)
(0.00091508 0.000818392 0.000642456)
(0.000730173 0.000730177 0.0011548)
(0.000265174 0.000684236 0.00143619)
(-0.000249434 0.000249414 0.00169394)
(-0.000684269 0.000265173 0.00143622)
(-0.000856253 0.000295193 0.00097073)
(-0.000717406 0.000323741 0.000523128)
(-0.000295896 0.000347861 0.000186616)
(0.000295847 0.000347861 0.000186614)
(0.000717357 0.000323743 0.000523112)
(0.00085622 0.000295194 0.00097071)
(0.000684232 0.000265175 0.00143619)
(0.00024941 0.000249411 0.00169391)
(-0.000321921 -0.00032192 0.00222499)
(-0.000888048 -0.000344591 0.00189668)
(-0.00111368 -0.000388431 0.00129688)
(-0.000939474 -0.000430149 0.000720575)
(-0.000391794 -0.000466626 0.000275429)
(0.000391734 -0.000466626 0.000275427)
(0.00093942 -0.00043015 0.000720556)
(0.00111364 -0.000388432 0.00129685)
(0.000888026 -0.000344593 0.00189665)
(0.000321928 -0.000321924 0.00222495)
(-0.000344592 -0.000888044 0.00189668)
(-0.000954769 -0.000954765 0.00153475)
(-0.00119963 -0.00108491 0.000867257)
(-0.00101797 -0.00120908 0.000226321)
(-0.000428449 -0.00131971 -0.000281117)
(0.000428388 -0.00131971 -0.000281118)
(0.00101791 -0.00120908 0.0002263)
(0.00119958 -0.00108491 0.000867229)
(0.000954745 -0.000954769 0.00153472)
(0.000344597 -0.00088805 0.00189664)
(-0.000388432 -0.00111368 0.00129688)
(-0.00108491 -0.00119962 0.000867257)
(-0.0013684 -0.00136839 6.11107e-05)
(-0.00117459 -0.00152971 -0.000713397)
(-0.000502601 -0.00167571 -0.00135342)
(0.000502539 -0.00167571 -0.00135342)
(0.00117453 -0.00152971 -0.000713422)
(0.00136835 -0.0013684 6.10798e-05)
(0.00108488 -0.00119963 0.00086722)
(0.000388436 -0.00111368 0.00129684)
(-0.00043015 -0.000939466 0.000720577)
(-0.00120908 -0.00101796 0.000226322)
(-0.00152971 -0.00117459 -0.000713397)
(-0.00132526 -0.00132525 -0.0016167)
(-0.000574458 -0.00146726 -0.00238781)
(0.000574395 -0.00146726 -0.0023878)
(0.0013252 -0.00132526 -0.00161672)
(0.00152966 -0.00117459 -0.000713431)
(0.00120905 -0.00101796 0.00022628)
(0.000430154 -0.000939471 0.000720529)
(-0.000466627 -0.000391786 0.000275431)
(-0.00131972 -0.000428441 -0.000281115)
(-0.00167571 -0.000502593 -0.00135342)
(-0.00146727 -0.00057445 -0.0023878)
(-0.000644632 -0.000644624 -0.00330263)
(0.000644567 -0.000644623 -0.00330263)
(0.00146721 -0.000574451 -0.00238784)
(0.00167567 -0.000502593 -0.00135346)
(0.00131969 -0.000428442 -0.00028116)
(0.000466632 -0.000391786 0.00027538)
(-0.000466627 0.000391742 0.00027543)
(-0.00131972 0.000428396 -0.000281116)
(-0.00167571 0.000502547 -0.00135342)
(-0.00146727 0.000574403 -0.0023878)
(-0.000644631 0.000644576 -0.00330263)
(0.000644568 0.000644576 -0.00330262)
(0.00146721 0.000574406 -0.00238783)
(0.00167566 0.000502551 -0.00135346)
(0.00131969 0.000428401 -0.000281161)
(0.000466631 0.000391746 0.000275379)
(-0.000430151 0.000939427 0.00072056)
(-0.00120908 0.00101792 0.000226303)
(-0.00152971 0.00117454 -0.000713419)
(-0.00132527 0.00132521 -0.00161672)
(-0.000574459 0.00146722 -0.00238783)
(0.000574397 0.00146721 -0.00238783)
(0.00132521 0.00132521 -0.00161675)
(0.00152967 0.00117455 -0.000713452)
(0.00120906 0.00101793 0.000226262)
(0.000430155 0.000939435 0.000720513)
(-0.000388433 0.00111364 0.00129686)
(-0.00108491 0.00119959 0.000867232)
(-0.0013684 0.00136836 6.10825e-05)
(-0.0011746 0.00152967 -0.000713428)
(-0.000502601 0.00167567 -0.00135346)
(0.000502543 0.00167567 -0.00135346)
(0.00117454 0.00152967 -0.000713452)
(0.00136836 0.00136836 6.10525e-05)
(0.00108489 0.00119959 0.000867195)
(0.000388438 0.00111365 0.00129682)
(-0.000344593 0.000888029 0.00189665)
(-0.000954772 0.000954748 0.00153472)
(-0.00119963 0.00108489 0.000867223)
(-0.00101797 0.00120906 0.000226283)
(-0.000428449 0.00131969 -0.000281158)
(0.000428393 0.00131969 -0.000281159)
(0.00101792 0.00120906 0.000226263)
(0.00119959 0.00108489 0.000867196)
(0.000954749 0.000954753 0.00153469)
(0.000344599 0.00088804 0.00189662)
(-0.000321925 0.000321929 0.00222496)
(-0.000888054 0.000344597 0.00189665)
(-0.00111369 0.000388437 0.00129684)
(-0.000939478 0.000430154 0.000720532)
(-0.000391794 0.000466632 0.000275382)
(0.000391738 0.000466632 0.00027538)
(0.000939428 0.000430156 0.000720513)
(0.00111365 0.000388439 0.00129682)
(0.000888036 0.000344599 0.00189662)
(0.000321936 0.000321936 0.00222492)
(-0.000413934 -0.000413933 0.00291192)
(-0.0011487 -0.0004464 0.00249707)
(-0.00144428 -0.000510162 0.00172997)
(-0.00122815 -0.000570942 0.000992766)
(-0.000518466 -0.00062611 0.000405936)
(0.000518401 -0.00062611 0.000405935)
(0.00122808 -0.000570943 0.000992743)
(0.00144424 -0.000510164 0.00172994)
(0.00114865 -0.000446402 0.00249703)
(0.000413909 -0.000413933 0.00291188)
(-0.000446401 -0.00114869 0.00249707)
(-0.00124521 -0.0012452 0.00203478)
(-0.00156933 -0.00143651 0.0011705)
(-0.00134447 -0.00161955 0.000340059)
(-0.000573876 -0.00178914 -0.000340913)
(0.000573811 -0.00178914 -0.000340912)
(0.0013444 -0.00161956 0.000340034)
(0.00156929 -0.00143651 0.00117047)
(0.00124517 -0.00124521 0.00203474)
(0.000446378 -0.0011487 0.00249703)
(-0.000510164 -0.00144427 0.00172997)
(-0.00143651 -0.00156933 0.0011705)
(-0.00181916 -0.00181916 0.000103527)
(-0.00158117 -0.00205881 -0.000923815)
(-0.000688291 -0.0022851 -0.00180967)
(0.000688223 -0.0022851 -0.00180967)
(0.0015811 -0.00205882 -0.000923846)
(0.00181912 -0.00181916 0.000103493)
(0.00143647 -0.00156934 0.00117046)
(0.000510141 -0.00144428 0.00172992)
(-0.000570943 -0.00122814 0.000992767)
(-0.00161956 -0.00134446 0.00034006)
(-0.00205882 -0.00158116 -0.000923815)
(-0.00181036 -0.00181036 -0.00214256)
(-0.000800179 -0.00203721 -0.00323449)
(0.000800109 -0.00203721 -0.00323449)
(0.00181029 -0.00181036 -0.0021426)
(0.00205878 -0.00158117 -0.000923853)
(0.00161951 -0.00134447 0.000340008)
(0.000570921 -0.00122814 0.000992716)
(-0.000626111 -0.000518458 0.000405938)
(-0.00178914 -0.000573869 -0.000340911)
(-0.00228511 -0.000688283 -0.00180967)
(-0.00203722 -0.000800171 -0.00323449)
(-0.000915202 -0.000915194 -0.00456597)
(0.000915131 -0.000915193 -0.00456596)
(0.00203714 -0.000800172 -0.00323453)
(0.00228506 -0.000688284 -0.00180972)
(0.0017891 -0.00057387 -0.000340968)
(0.00062609 -0.000518459 0.000405882)
(-0.000626111 0.000518409 0.000405938)
(-0.00178914 0.000573819 -0.00034091)
(-0.00228511 0.000688231 -0.00180967)
(-0.00203722 0.000800117 -0.00323448)
(-0.000915201 0.000915139 -0.00456596)
(0.000915131 0.000915139 -0.00456595)
(0.00203714 0.000800122 -0.00323452)
(0.00228506 0.000688235 -0.00180971)
(0.0017891 0.000573824 -0.000340966)
(0.000626089 0.000518415 0.000405883)
(-0.000570944 0.00122809 0.000992746)
(-0.00161956 0.00134441 0.000340037)
(-0.00205883 0.00158111 -0.000923843)
(-0.00181037 0.0018103 -0.00214259)
(-0.00080018 0.00203715 -0.00323453)
(0.000800113 0.00203715 -0.00323452)
(0.0018103 0.0018103 -0.00214263)
(0.00205878 0.00158112 -0.000923881)
(0.00161952 0.00134442 0.000339985)
(0.000570923 0.0012281 0.000992696)
(-0.000510165 0.00144424 0.00172994)
(-0.00143651 0.00156929 0.00117048)
(-0.00181917 0.00181912 0.000103495)
(-0.00158117 0.00205878 -0.000923851)
(-0.000688291 0.00228507 -0.00180971)
(0.000688227 0.00228507 -0.00180971)
(0.00158111 0.00205879 -0.000923881)
(0.00181913 0.00181913 0.000103462)
(0.00143647 0.00156931 0.00117043)
(0.000510142 0.00144425 0.0017299)
(-0.000446403 0.00114866 0.00249703)
(-0.00124521 0.00124517 0.00203474)
(-0.00156934 0.00143647 0.00117046)
(-0.00134448 0.00161952 0.000340011)
(-0.000573877 0.0017891 -0.000340966)
(0.000573816 0.0017891 -0.000340965)
(0.00134441 0.00161952 0.000339986)
(0.0015693 0.00143648 0.00117043)
(0.00124517 0.00124518 0.0020347)
(0.00044638 0.00114866 0.002497)
(-0.000413934 0.000413909 0.00291189)
(-0.0011487 0.000446378 0.00249703)
(-0.00144428 0.000510141 0.00172993)
(-0.00122815 0.000570921 0.000992719)
(-0.000518467 0.00062609 0.000405884)
(0.000518407 0.00062609 0.000405884)
(0.00122809 0.000570923 0.000992697)
(0.00144425 0.000510143 0.0017299)
(0.00114866 0.000446381 0.002497)
(0.000413906 0.000413907 0.00291185)
(-0.000529818 -0.000529817 0.00379703)
(-0.00147951 -0.000576049 0.00327743)
(-0.00186578 -0.000668362 0.00230453)
(-0.00160152 -0.000756581 0.0013681)
(-0.000685201 -0.000839999 0.000597464)
(0.00068513 -0.000839998 0.000597465)
(0.00160145 -0.000756584 0.00136807)
(0.00186573 -0.000668365 0.0023045)
(0.00147948 -0.000576052 0.00327739)
(0.000529825 -0.000529822 0.00379698)
(-0.00057605 -0.00147951 0.00327743)
(-0.00161842 -0.00161842 0.00269142)
(-0.002047 -0.00189839 0.00158001)
(-0.00177364 -0.0021675 0.000509765)
(-0.000768952 -0.00242753 -0.000403005)
(0.000768879 -0.00242753 -0.000403001)
(0.00177356 -0.00216751 0.000509734)
(0.00204695 -0.0018984 0.00157997)
(0.00161839 -0.00161842 0.00269138)
(0.000576055 -0.00147952 0.00327738)
(-0.000668363 -0.00186578 0.00230453)
(-0.0018984 -0.002047 0.00158001)
(-0.0024156 -0.0024156 0.000174278)
(-0.00213115 -0.00277111 -0.00118516)
(-0.000945577 -0.00312264 -0.0024143)
(0.000945501 -0.00312264 -0.0024143)
(0.00213107 -0.00277111 -0.0011852)
(0.00241555 -0.0024156 0.000174236)
(0.00189837 -0.00204701 0.00157996)
(0.000668368 -0.00186579 0.00230448)
(-0.000756583 -0.00160151 0.0013681)
(-0.00216751 -0.00177363 0.000509766)
(-0.00277111 -0.00213114 -0.00118516)
(-0.00248056 -0.00248056 -0.00282872)
(-0.00112052 -0.00284537 -0.00438334)
(0.00112044 -0.00284536 -0.00438333)
(0.00248048 -0.00248056 -0.00282876)
(0.00277106 -0.00213115 -0.00118521)
(0.00216747 -0.00177364 0.000509706)
(0.000756587 -0.00160152 0.00136804)
(-0.00084 -0.000685193 0.000597467)
(-0.00242754 -0.000768943 -0.000403002)
(-0.00312265 -0.000945568 -0.0024143)
(-0.00284538 -0.00112051 -0.00438334)
(-0.00131053 -0.00131052 -0.00634042)
(0.00131045 -0.00131052 -0.00634041)
(0.00284529 -0.00112051 -0.0043834)
(0.00312259 -0.000945571 -0.00241436)
(0.0024275 -0.000768946 -0.000403071)
(0.000840005 -0.000685195 0.000597394)
(-0.000839999 0.000685138 0.000597468)
(-0.00242753 0.000768887 -0.000402998)
(-0.00312264 0.00094551 -0.0024143)
(-0.00284537 0.00112045 -0.00438333)
(-0.00131053 0.00131046 -0.0063404)
(0.00131045 0.00131046 -0.00634039)
(0.00284529 0.00112046 -0.00438339)
(0.00312259 0.000945516 -0.00241435)
(0.0024275 0.000768895 -0.000403067)
(0.000840004 0.000685145 0.000597397)
(-0.000756585 0.00160146 0.00136808)
(-0.00216751 0.00177357 0.000509738)
(-0.00277112 0.00213108 -0.0011852)
(-0.00248057 0.00248049 -0.00282876)
(-0.00112052 0.0028453 -0.0043834)
(0.00112045 0.00284529 -0.00438339)
(0.00248049 0.0024805 -0.00282881)
(0.00277107 0.00213109 -0.00118525)
(0.00216748 0.00177358 0.000509677)
(0.00075659 0.00160147 0.00136801)
(-0.000668366 0.00186574 0.0023045)
(-0.0018984 0.00204695 0.00157998)
(-0.00241561 0.00241555 0.000174239)
(-0.00213116 0.00277106 -0.00118521)
(-0.000945579 0.0031226 -0.00241436)
(0.000945507 0.00312259 -0.00241435)
(0.00213108 0.00277107 -0.00118525)
(0.00241556 0.00241556 0.000174198)
(0.00189837 0.00204697 0.00157992)
(0.000668371 0.00186575 0.00230445)
(-0.000576053 0.00147949 0.00327739)
(-0.00161843 0.00161839 0.00269138)
(-0.00204701 0.00189837 0.00157996)
(-0.00177364 0.00216748 0.000509708)
(-0.000768954 0.00242751 -0.000403069)
(0.000768886 0.0024275 -0.000403065)
(0.00177358 0.00216749 0.000509678)
(0.00204696 0.00189838 0.00157992)
(0.0016184 0.0016184 0.00269134)
(0.000576058 0.0014795 0.00327734)
(-0.000529823 0.000529826 0.00379698)
(-0.00147952 0.000576055 0.00327738)
(-0.00186579 0.000668368 0.00230448)
(-0.00160153 0.000756588 0.00136804)
(-0.000685203 0.000840005 0.000597396)
(0.000685137 0.000840004 0.000597397)
(0.00160146 0.00075659 0.00136801)
(0.00186574 0.000668372 0.00230445)
(0.0014795 0.000576059 0.00327734)
(0.000529835 0.000529836 0.00379694)
(-0.000674379 -0.000674378 0.00493206)
(-0.00189557 -0.000739796 0.00428765)
(-0.00239884 -0.000872733 0.00306566)
(-0.00208173 -0.00100022 0.00188544)
(-0.000903771 -0.00112628 0.000878147)
(0.000903694 -0.00112628 0.000878152)
(0.00208165 -0.00100023 0.0018854)
(0.00239879 -0.000872736 0.00306562)
(0.00189552 -0.0007398 0.00428761)
(0.000674351 -0.00067438 0.00493201)
(-0.000739797 -0.00189557 0.00428765)
(-0.00209438 -0.00209437 0.00355114)
(-0.00266019 -0.00250198 0.00213327)
(-0.0023359 -0.00289635 0.000762228)
(-0.00103029 -0.00329501 -0.000459316)
(0.00103021 -0.00329501 -0.000459308)
(0.00233582 -0.00289636 0.000762191)
(0.00266014 -0.00250199 0.00213323)
(0.00209433 -0.00209438 0.00355109)
(0.000739772 -0.00189557 0.0042876)
(-0.000872734 -0.00239883 0.00306566)
(-0.00250198 -0.00266019 0.00213327)
(-0.00320184 -0.00320183 0.000291642)
(-0.00287537 -0.00372824 -0.00150237)
(-0.00130295 -0.00427557 -0.00321163)
(0.00130287 -0.00427557 -0.00321161)
(0.00287527 -0.00372825 -0.00150241)
(0.00320179 -0.00320184 0.000291595)
(0.00250193 -0.0026602 0.0021332)
(0.000872709 -0.00239885 0.0030656)
(-0.00100022 -0.00208172 0.00188544)
(-0.00289636 -0.00233589 0.000762229)
(-0.00372824 -0.00287536 -0.00150237)
(-0.00340936 -0.00340936 -0.00371747)
(-0.0015777 -0.00400015 -0.00594345)
(0.00157761 -0.00400015 -0.00594342)
(0.00340926 -0.00340937 -0.00371753)
(0.00372819 -0.00287537 -0.00150242)
(0.00289631 -0.00233591 0.000762155)
(0.0010002 -0.00208174 0.00188537)
(-0.00112628 -0.000903763 0.000878149)
(-0.00329502 -0.00103029 -0.000459314)
(-0.00427558 -0.00130295 -0.00321162)
(-0.00400016 -0.00157769 -0.00594344)
(-0.0018941 -0.00189409 -0.00885093)
(0.00189401 -0.00189409 -0.0088509)
(0.00400005 -0.0015777 -0.00594352)
(0.00427553 -0.00130295 -0.00321169)
(0.00329497 -0.00103029 -0.0004594)
(0.00112625 -0.000903767 0.000878067)
(-0.00112628 0.000903702 0.000878154)
(-0.00329502 0.00103022 -0.000459306)
(-0.00427557 0.00130288 -0.00321161)
(-0.00400015 0.00157762 -0.00594342)
(-0.0018941 0.00189402 -0.0088509)
(0.00189401 0.00189402 -0.00885087)
(0.00400004 0.00157763 -0.0059435)
(0.00427552 0.00130289 -0.00321167)
(0.00329496 0.00103023 -0.000459391)
(0.00112625 0.000903712 0.000878073)
(-0.00100023 0.00208166 0.00188541)
(-0.00289637 0.00233582 0.000762193)
(-0.00372826 0.00287528 -0.00150241)
(-0.00340938 0.00340927 -0.00371753)
(-0.00157771 0.00400006 -0.00594352)
(0.00157762 0.00400005 -0.00594349)
(0.00340928 0.00340928 -0.00371759)
(0.00372821 0.00287529 -0.00150247)
(0.00289632 0.00233584 0.00076212)
(0.0010002 0.00208167 0.00188534)
(-0.000872737 0.00239879 0.00306563)
(-0.00250199 0.00266015 0.00213323)
(-0.00320185 0.00320179 0.000291597)
(-0.00287538 0.0037282 -0.00150242)
(-0.00130296 0.00427553 -0.00321169)
(0.00130288 0.00427553 -0.00321167)
(0.00287529 0.00372821 -0.00150247)
(0.0032018 0.00320181 0.000291552)
(0.00250194 0.00266017 0.00213317)
(0.000872712 0.00239881 0.00306557)
(-0.000739801 0.00189552 0.00428761)
(-0.00209439 0.00209433 0.00355109)
(-0.00266021 0.00250194 0.00213321)
(-0.00233592 0.00289631 0.000762157)
(-0.0010303 0.00329497 -0.000459398)
(0.00103022 0.00329497 -0.000459389)
(0.00233583 0.00289632 0.00076212)
(0.00266016 0.00250195 0.00213317)
(0.00209434 0.00209435 0.00355104)
(0.000739776 0.00189553 0.00428756)
(-0.000674381 0.000674351 0.00493202)
(-0.00189558 0.000739772 0.00428761)
(-0.00239885 0.000872709 0.0030656)
(-0.00208174 0.0010002 0.00188537)
(-0.000903775 0.00112625 0.000878069)
(0.000903703 0.00112625 0.000878074)
(0.00208167 0.0010002 0.00188534)
(0.00239881 0.000872712 0.00306557)
(0.00189553 0.000739777 0.00428756)
(0.000674349 0.00067435 0.00493197)
(-0.000852905 -0.000852904 0.0063792)
(-0.00241352 -0.000944793 0.00558896)
(-0.00306672 -0.00113499 0.00407161)
(-0.00269535 -0.00131834 0.00259745)
(-0.00118882 -0.00150864 0.00128858)
(0.00118874 -0.00150863 0.00128859)
(0.00269527 -0.00131835 0.00259741)
(0.00306665 -0.001135 0.00407157)
(0.00241349 -0.000944799 0.00558891)
(0.000852913 -0.000852912 0.00637914)
(-0.000944795 -0.00241352 0.00558896)
(-0.00269618 -0.00269617 0.00467236)
(-0.00344153 -0.00328583 0.00288057)
(-0.00306979 -0.0038616 0.00113633)
(-0.00137979 -0.00447235 -0.000494736)
(0.0013797 -0.00447234 -0.000494721)
(0.0030697 -0.00386162 0.00113629)
(0.00344147 -0.00328584 0.00288052)
(0.00269614 -0.00269619 0.0046723)
(0.0009448 -0.00241354 0.0055889)
(-0.00113499 -0.00306671 0.00407161)
(-0.00328583 -0.00344152 0.00288057)
(-0.00423359 -0.00423359 0.000484953)
(-0.00388258 -0.00501132 -0.00187476)
(-0.0018004 -0.00586534 -0.00425557)
(0.0018003 -0.00586532 -0.00425555)
(0.00388247 -0.00501135 -0.00187482)
(0.00423353 -0.0042336 0.000484897)
(0.00328579 -0.00344154 0.00288049)
(0.001135 -0.00306673 0.00407154)
(-0.00131834 -0.00269534 0.00259745)
(-0.00386161 -0.00306978 0.00113633)
(-0.00501133 -0.00388257 -0.00187476)
(-0.00470088 -0.00470087 -0.00485735)
(-0.00223396 -0.00566469 -0.00806281)
(0.00223387 -0.00566468 -0.00806277)
(0.00470076 -0.00470089 -0.00485743)
(0.00501127 -0.00388258 -0.00187483)
(0.00386157 -0.0030698 0.00113625)
(0.00131835 -0.00269536 0.00259736)
(-0.00150864 -0.00118881 0.00128858)
(-0.00447235 -0.00137978 -0.000494734)
(-0.00586534 -0.00180039 -0.00425557)
(-0.0056647 -0.00223395 -0.00806281)
(-0.00276511 -0.0027651 -0.0124316)
(0.00276501 -0.00276509 -0.0124315)
(0.00566456 -0.00223397 -0.00806291)
(0.00586528 -0.00180039 -0.00425565)
(0.00447231 -0.00137979 -0.000494839)
(0.00150864 -0.00118882 0.00128848)
(-0.00150863 0.00118875 0.00128859)
(-0.00447235 0.00137971 -0.000494718)
(-0.00586533 0.00180031 -0.00425555)
(-0.00566469 0.00223388 -0.00806276)
(-0.0027651 0.00276502 -0.0124315)
(0.002765 0.00276501 -0.0124314)
(0.00566455 0.00223389 -0.00806287)
(0.00586527 0.00180032 -0.00425563)
(0.00447231 0.00137972 -0.000494823)
(0.00150864 0.00118876 0.00128849)
(-0.00131835 0.00269527 0.00259741)
(-0.00386162 0.0030697 0.00113629)
(-0.00501135 0.00388248 -0.00187482)
(-0.0047009 0.00470077 -0.00485743)
(-0.00223397 0.00566457 -0.00806291)
(0.00223388 0.00566456 -0.00806287)
(0.00470078 0.00470079 -0.00485751)
(0.00501129 0.0038825 -0.00187489)
(0.00386158 0.00306973 0.0011362)
(0.00131836 0.0026953 0.00259733)
(-0.001135 0.00306666 0.00407158)
(-0.00328585 0.00344147 0.00288052)
(-0.00423361 0.00423354 0.000484899)
(-0.00388259 0.00501127 -0.00187483)
(-0.0018004 0.00586529 -0.00425565)
(0.00180032 0.00586528 -0.00425563)
(0.00388249 0.0050113 -0.00187489)
(0.00423355 0.00423355 0.000484843)
(0.00328581 0.0034415 0.00288045)
(0.00113501 0.00306668 0.0040715)
(-0.0009448 0.0024135 0.00558891)
(-0.00269619 0.00269614 0.00467231)
(-0.00344155 0.0032858 0.0028805)
(-0.00306981 0.00386157 0.00113625)
(-0.0013798 0.00447232 -0.000494838)
(0.00137971 0.00447231 -0.000494823)
(0.00306972 0.00386159 0.0011362)
(0.00344149 0.00328581 0.00288045)
(0.00269616 0.00269616 0.00467225)
(0.000944806 0.00241352 0.00558885)
(-0.000852913 0.000852913 0.00637914)
(-0.00241354 0.000944801 0.0055889)
(-0.00306674 0.001135 0.00407154)
(-0.00269537 0.00131835 0.00259736)
(-0.00118883 0.00150864 0.00128848)
(0.00118875 0.00150864 0.00128849)
(0.00269529 0.00131836 0.00259733)
(0.00306668 0.00113501 0.0040715)
(0.00241351 0.000944807 0.00558885)
(0.000852926 0.000852926 0.00637909)
(-0.00107069 -0.00107069 0.00821189)
(-0.00305043 -0.0011987 0.00725542)
(-0.00389434 -0.00146877 0.00539719)
(-0.00347333 -0.00173099 0.0035752)
(-0.00155817 -0.00201779 0.00188748)
(0.00155807 -0.00201778 0.0018875)
(0.00347322 -0.001731 0.00357515)
(0.00389428 -0.00146878 0.00539714)
(0.00305037 -0.00119871 0.00725536)
(0.00107066 -0.0010707 0.00821184)
(-0.0011987 -0.00305042 0.00725542)
(-0.00344926 -0.00344925 0.00612773)
(-0.00442835 -0.00429578 0.00388927)
(-0.0040233 -0.00513266 0.00168839)
(-0.00184596 -0.00606686 -0.000482602)
(0.00184587 -0.00606685 -0.000482577)
(0.00402319 -0.00513268 0.00168834)
(0.00442829 -0.0042958 0.00388922)
(0.0034492 -0.00344927 0.00612766)
(0.00119868 -0.00305044 0.00725536)
(-0.00146877 -0.00389433 0.00539719)
(-0.00429578 -0.00442834 0.00388927)
(-0.00557985 -0.00557984 0.000801506)
(-0.00524519 -0.00672583 -0.00228947)
(-0.00249375 -0.00806094 -0.00560746)
(0.00249365 -0.00806092 -0.00560742)
(0.00524505 -0.00672587 -0.00228955)
(0.00557979 -0.00557986 0.000801443)
(0.00429572 -0.00442837 0.00388919)
(0.00146875 -0.00389436 0.0053971)
(-0.00173099 -0.00347332 0.0035752)
(-0.00513266 -0.00402329 0.00168839)
(-0.00672584 -0.00524518 -0.00228947)
(-0.00650285 -0.00650284 -0.00629939)
(-0.00318146 -0.00808724 -0.0109408)
(0.00318135 -0.00808721 -0.0109408)
(0.00650269 -0.00650288 -0.0062995)
(0.00672578 -0.00524521 -0.00228955)
(0.0051326 -0.00402332 0.00168829)
(0.00173097 -0.00347335 0.0035751)
(-0.00201779 -0.00155816 0.00188748)
(-0.00606687 -0.00184595 -0.000482601)
(-0.00806095 -0.00249374 -0.00560746)
(-0.00808725 -0.00318145 -0.0109408)
(-0.00408046 -0.00408045 -0.0175834)
(0.00408034 -0.00408044 -0.0175833)
(0.00808706 -0.00318146 -0.010941)
(0.0080609 -0.00249376 -0.00560756)
(0.00606681 -0.00184596 -0.000482731)
(0.00201777 -0.00155817 0.00188736)
(-0.00201779 0.00155808 0.0018875)
(-0.00606686 0.00184587 -0.000482575)
(-0.00806093 0.00249366 -0.00560742)
(-0.00808722 0.00318136 -0.0109408)
(-0.00408045 0.00408035 -0.0175833)
(0.00408034 0.00408035 -0.0175832)
(0.00808704 0.00318138 -0.0109409)
(0.00806088 0.00249368 -0.00560752)
(0.00606679 0.00184589 -0.000482705)
(0.00201776 0.0015581 0.00188738)
(-0.001731 0.00347323 0.00357515)
(-0.00513269 0.00402319 0.00168834)
(-0.00672587 0.00524506 -0.00228955)
(-0.00650289 0.0065027 -0.0062995)
(-0.00318147 0.00808707 -0.010941)
(0.00318137 0.00808705 -0.0109409)
(0.00650273 0.00650274 -0.00629961)
(0.00672582 0.00524509 -0.00228963)
(0.00513263 0.00402323 0.00168823)
(0.00173098 0.00347326 0.00357505)
(-0.00146878 0.00389428 0.00539715)
(-0.0042958 0.0044283 0.00388923)
(-0.00557987 0.0055798 0.000801444)
(-0.00524521 0.00672579 -0.00228955)
(-0.00249376 0.0080609 -0.00560756)
(0.00249367 0.00806088 -0.00560752)
(0.00524508 0.00672582 -0.00228963)
(0.00557981 0.00557982 0.000801382)
(0.00429574 0.00442833 0.00388914)
(0.00146875 0.00389431 0.00539707)
(-0.00119871 0.00305037 0.00725537)
(-0.00344928 0.0034492 0.00612767)
(-0.00442838 0.00429573 0.00388919)
(-0.00402333 0.00513261 0.00168829)
(-0.00184597 0.00606681 -0.00048273)
(0.00184588 0.0060668 -0.000482704)
(0.00402322 0.00513263 0.00168823)
(0.00442832 0.00429574 0.00388914)
(0.00344922 0.00344923 0.0061276)
(0.00119868 0.00305039 0.0072553)
(-0.0010707 0.00107066 0.00821184)
(-0.00305044 0.00119868 0.00725536)
(-0.00389436 0.00146875 0.00539711)
(-0.00347336 0.00173097 0.0035751)
(-0.00155818 0.00201777 0.00188737)
(0.00155809 0.00201776 0.00188738)
(0.00347325 0.00173098 0.00357506)
(0.00389431 0.00146875 0.00539707)
(0.00305038 0.00119869 0.0072553)
(0.00107066 0.00107066 0.00821179)
(-0.00133275 -0.00133275 0.0105146)
(-0.00382232 -0.00150938 0.00937452)
(-0.00490646 -0.00188946 0.0071369)
(-0.00445025 -0.00226202 0.00491293)
(-0.00203261 -0.00269343 0.00275873)
(0.00203251 -0.00269342 0.00275875)
(0.00445014 -0.00226203 0.00491288)
(0.00490639 -0.00188947 0.00713686)
(0.00382228 -0.00150939 0.00937446)
(0.00133276 -0.00133276 0.0105146)
(-0.00150938 -0.00382231 0.00937452)
(-0.00438006 -0.00438006 0.00800581)
(-0.00566147 -0.0055841 0.00524831)
(-0.00525526 -0.00679407 0.00249864)
(-0.00246556 -0.00821921 -0.000376046)
(0.00246545 -0.00821919 -0.000376008)
(0.00525513 -0.0067941 0.00249857)
(0.00566141 -0.00558412 0.00524826)
(0.00438002 -0.00438009 0.00800574)
(0.00150939 -0.00382234 0.00937444)
(-0.00188946 -0.00490645 0.0071369)
(-0.0055841 -0.00566147 0.00524832)
(-0.00732363 -0.00732363 0.0013154)
(-0.00708612 -0.00900673 -0.002712)
(-0.0034602 -0.0110973 -0.00733058)
(0.00346009 -0.0110972 -0.00733052)
(0.00708596 -0.00900678 -0.00271211)
(0.00732357 -0.00732366 0.00131533)
(0.00558405 -0.00566151 0.00524822)
(0.00188947 -0.00490649 0.00713681)
(-0.00226202 -0.00445024 0.00491293)
(-0.00679407 -0.00525525 0.00249864)
(-0.00900674 -0.00708611 -0.002712)
(-0.00902527 -0.00902526 -0.00809001)
(-0.00455705 -0.0116502 -0.0148452)
(0.00455693 -0.0116502 -0.0148451)
(0.00902507 -0.00902532 -0.00809016)
(0.00900668 -0.00708615 -0.00271209)
(0.00679402 -0.0052553 0.00249851)
(0.00226203 -0.00445028 0.00491282)
(-0.00269343 -0.0020326 0.00275873)
(-0.00821922 -0.00246555 -0.000376044)
(-0.0110973 -0.00346019 -0.00733058)
(-0.0116502 -0.00455704 -0.0148452)
(-0.00609121 -0.0060912 -0.0250688)
(0.00609107 -0.00609118 -0.0250686)
(0.01165 -0.00455707 -0.0148454)
(0.0110972 -0.00346021 -0.00733071)
(0.00821917 -0.00246557 -0.000376208)
(0.00269345 -0.00203262 0.00275859)
(-0.00269342 0.00203252 0.00275876)
(-0.0082192 0.00246546 -0.000376005)
(-0.0110972 0.0034601 -0.00733051)
(-0.0116502 0.00455694 -0.0148451)
(-0.00609119 0.00609108 -0.0250686)
(0.00609106 0.00609107 -0.0250685)
(0.0116499 0.00455697 -0.0148453)
(0.0110972 0.00346012 -0.00733065)
(0.00821915 0.00246549 -0.000376168)
(0.00269344 0.00203254 0.00275861)
(-0.00226203 0.00445014 0.00491288)
(-0.00679411 0.00525514 0.00249857)
(-0.00900679 0.00708597 -0.0027121)
(-0.00902533 0.00902508 -0.00809016)
(-0.00455708 0.01165 -0.0148454)
(0.00455696 0.01165 -0.0148453)
(0.00902513 0.00902514 -0.00809032)
(0.00900673 0.00708601 -0.0027122)
(0.00679406 0.00525519 0.00249844)
(0.00226204 0.00445019 0.00491277)
(-0.00188947 0.0049064 0.00713686)
(-0.00558412 0.00566141 0.00524826)
(-0.00732366 0.00732357 0.00131533)
(-0.00708616 0.00900669 -0.00271209)
(-0.00346022 0.0110972 -0.00733071)
(0.00346011 0.0110972 -0.00733065)
(0.007086 0.00900674 -0.0027122)
(0.0073236 0.00732361 0.00131526)
(0.00558408 0.00566146 0.00524817)
(0.00188948 0.00490644 0.00713677)
(-0.00150939 0.00382228 0.00937446)
(-0.00438009 0.00438002 0.00800574)
(-0.00566151 0.00558406 0.00524822)
(-0.0052553 0.00679403 0.00249851)
(-0.00246558 0.00821917 -0.000376208)
(0.00246548 0.00821915 -0.000376168)
(0.00525518 0.00679406 0.00249844)
(0.00566145 0.00558408 0.00524817)
(0.00438005 0.00438005 0.00800567)
(0.0015094 0.00382232 0.00937439)
(-0.00133276 0.00133276 0.0105146)
(-0.00382235 0.00150939 0.00937445)
(-0.0049065 0.00188947 0.00713681)
(-0.00445029 0.00226203 0.00491282)
(-0.00203262 0.00269345 0.00275859)
(0.00203253 0.00269344 0.00275861)
(0.00445018 0.00226204 0.00491277)
(0.00490643 0.00188948 0.00713677)
(0.00382231 0.0015094 0.00937439)
(0.00133278 0.00133278 0.0105145)
(-0.0016429 -0.00164289 0.0133818)
(-0.00474134 -0.00188393 0.0120472)
(-0.00612461 -0.00241338 0.00940862)
(-0.00566231 -0.00293853 0.00673467)
(-0.00263513 -0.00358471 0.00402218)
(0.00263502 -0.0035847 0.00402222)
(0.00566217 -0.00293854 0.00673461)
(0.00612455 -0.00241339 0.00940857)
(0.00474127 -0.00188395 0.0120471)
(0.00164286 -0.0016429 0.0133817)
(-0.00188393 -0.00474133 0.0120472)
(-0.00551329 -0.00551328 0.0104126)
(-0.00718247 -0.00720672 0.00707477)
(-0.00683463 -0.00894503 0.00368061)
(-0.00328386 -0.0111101 -0.000104074)
(0.00328375 -0.01111 -0.000104016)
(0.00683447 -0.00894508 0.00368053)
(0.00718241 -0.00720675 0.00707472)
(0.00551322 -0.00551332 0.0104126)
(0.00188391 -0.00474137 0.0120471)
(-0.00241338 -0.0061246 0.00940862)
(-0.00720673 -0.00718246 0.00707477)
(-0.00956129 -0.00956128 0.00214444)
(-0.0095662 -0.0120232 -0.00306625)
(-0.00480472 -0.0153015 -0.00947056)
(0.0048046 -0.0153015 -0.00947047)
(0.009566 -0.0120233 -0.00306639)
(0.00956124 -0.00956133 0.00214435)
(0.00720666 -0.00718252 0.00707466)
(0.00241336 -0.00612465 0.00940851)
(-0.00293853 -0.0056623 0.00673467)
(-0.00894503 -0.00683462 0.00368061)
(-0.0120232 -0.00956619 -0.00306625)
(-0.0125663 -0.0125663 -0.0102539)
(-0.00656459 -0.0169498 -0.0201281)
(0.00656446 -0.0169497 -0.0201279)
(0.0125661 -0.0125664 -0.0102541)
(0.0120232 -0.00956625 -0.00306636)
(0.00894496 -0.00683468 0.00368046)
(0.00293851 -0.00566235 0.00673454)
(-0.00358472 -0.00263512 0.00402218)
(-0.0111101 -0.00328385 -0.000104074)
(-0.0153015 -0.00480471 -0.00947057)
(-0.0169498 -0.00656458 -0.0201281)
(-0.00920422 -0.00920421 -0.0360574)
(0.00920407 -0.00920418 -0.0360572)
(0.0169495 -0.00656463 -0.0201284)
(0.0153015 -0.00480474 -0.00947074)
(0.01111 -0.00328388 -0.000104277)
(0.0035847 -0.00263515 0.00402201)
(-0.0035847 0.00263503 0.00402222)
(-0.01111 0.00328376 -0.000104015)
(-0.0153015 0.00480461 -0.00947047)
(-0.0169498 0.00656447 -0.0201279)
(-0.00920419 0.00920408 -0.0360572)
(0.00920404 0.00920405 -0.0360569)
(0.0169494 0.00656452 -0.0201283)
(0.0153014 0.00480465 -0.00947064)
(0.01111 0.00328379 -0.000104218)
(0.00358469 0.00263507 0.00402205)
(-0.00293855 0.00566217 0.00673461)
(-0.00894508 0.00683448 0.00368053)
(-0.0120233 0.00956601 -0.00306639)
(-0.0125664 0.0125661 -0.0102541)
(-0.00656464 0.0169495 -0.0201284)
(0.00656451 0.0169494 -0.0201283)
(0.0125662 0.0125662 -0.0102543)
(0.0120232 0.00956606 -0.0030665)
(0.00894501 0.00683454 0.00368038)
(0.00293853 0.00566223 0.00673448)
(-0.00241339 0.00612455 0.00940857)
(-0.00720676 0.00718242 0.00707472)
(-0.00956133 0.00956124 0.00214435)
(-0.00956626 0.0120232 -0.00306636)
(-0.00480475 0.0153015 -0.00947074)
(0.00480464 0.0153015 -0.00947064)
(0.00956606 0.0120232 -0.0030665)
(0.00956128 0.00956129 0.00214427)
(0.00720669 0.00718248 0.00707461)
(0.00241337 0.0061246 0.00940847)
(-0.00188395 0.00474127 0.0120471)
(-0.00551333 0.00551322 0.0104126)
(-0.00718253 0.00720666 0.00707466)
(-0.00683469 0.00894496 0.00368046)
(-0.00328389 0.01111 -0.000104277)
(0.00328378 0.01111 -0.000104218)
(0.00683454 0.00894501 0.00368038)
(0.00718247 0.00720669 0.00707461)
(0.00551326 0.00551327 0.0104125)
(0.00188392 0.0047413 0.012047)
(-0.0016429 0.00164286 0.0133817)
(-0.00474137 0.00188391 0.0120471)
(-0.00612466 0.00241336 0.00940852)
(-0.00566236 0.00293851 0.00673454)
(-0.00263516 0.0035847 0.00402201)
(0.00263506 0.00358469 0.00402205)
(0.00566222 0.00293853 0.00673448)
(0.0061246 0.00241337 0.00940847)
(0.0047413 0.00188392 0.012047)
(0.00164287 0.00164287 0.0133817)
(-0.00200292 -0.00200292 0.0169137)
(-0.00581166 -0.0023276 0.0153847)
(-0.00756186 -0.00305649 0.0123545)
(-0.0071432 -0.0037896 0.00919822)
(-0.0033886 -0.00475564 0.00584436)
(0.00338849 -0.00475562 0.00584441)
(0.00714305 -0.00378963 0.00919815)
(0.00756179 -0.0030565 0.0123544)
(0.00581162 -0.00232762 0.0153846)
(0.00200293 -0.00200293 0.0169136)
(-0.0023276 -0.00581166 0.0153847)
(-0.00686724 -0.00686723 0.0134705)
(-0.00902849 -0.009216 0.00951782)
(-0.00884313 -0.0116939 0.00539113)
(-0.00435902 -0.0149623 0.000460422)
(0.0043589 -0.0149623 0.000460504)
(0.00884294 -0.0116939 0.00539103)
(0.00902843 -0.00921605 0.00951776)
(0.00686718 -0.00686728 0.0134704)
(0.00232761 -0.00581171 0.0153846)
(-0.00305649 -0.00756185 0.0123545)
(-0.00921601 -0.00902848 0.00951782)
(-0.0123966 -0.0123966 0.00346609)
(-0.0128895 -0.01598 -0.00321237)
(-0.0066658 -0.021122 -0.0120269)
(0.00666566 -0.0211219 -0.0120268)
(0.0128892 -0.0159801 -0.00321255)
(0.0123965 -0.0123966 0.00346599)
(0.00921595 -0.00902856 0.0095177)
(0.00305651 -0.00756192 0.0123544)
(-0.00378961 -0.00714319 0.00919822)
(-0.0116939 -0.00884312 0.00539113)
(-0.01598 -0.0128895 -0.00321238)
(-0.0175486 -0.0175486 -0.0127652)
(-0.00950744 -0.0249261 -0.0272468)
(0.00950731 -0.024926 -0.0272465)
(0.0175483 -0.0175488 -0.0127655)
(0.01598 -0.0128895 -0.00321251)
(0.0116938 -0.00884321 0.00539096)
(0.00378963 -0.00714327 0.00919807)
(-0.00475564 -0.00338859 0.00584436)
(-0.0149623 -0.00435901 0.000460423)
(-0.021122 -0.00666579 -0.0120269)
(-0.0249261 -0.00950743 -0.0272468)
(-0.0140866 -0.0140866 -0.0523763)
(0.0140864 -0.0140865 -0.0523759)
(0.0249257 -0.00950752 -0.0272472)
(0.0211221 -0.00666584 -0.0120272)
(0.0149623 -0.00435905 0.000460171)
(0.00475567 -0.00338863 0.00584416)
(-0.00475562 0.0033885 0.00584441)
(-0.0149623 0.00435891 0.000460506)
(-0.021122 0.00666567 -0.0120268)
(-0.024926 0.00950732 -0.0272465)
(-0.0140865 0.0140864 -0.0523759)
(0.0140864 0.0140864 -0.0523755)
(0.0249256 0.00950741 -0.027247)
(0.021122 0.00666573 -0.012027)
(0.0149622 0.00435896 0.000460255)
(0.00475565 0.00338854 0.00584421)
(-0.00378963 0.00714305 0.00919815)
(-0.011694 0.00884295 0.00539103)
(-0.0159801 0.0128892 -0.00321255)
(-0.0175488 0.0175483 -0.0127655)
(-0.00950753 0.0249257 -0.0272472)
(0.0095074 0.0249256 -0.027247)
(0.0175484 0.0175485 -0.0127658)
(0.0159801 0.0128893 -0.00321269)
(0.0116939 0.00884304 0.00539086)
(0.00378965 0.00714313 0.00919801)
(-0.0030565 0.00756179 0.0123544)
(-0.00921605 0.00902843 0.00951776)
(-0.0123966 0.0123965 0.00346599)
(-0.0128895 0.01598 -0.00321251)
(-0.00666585 0.0211221 -0.0120272)
(0.00666572 0.021122 -0.012027)
(0.0128893 0.0159801 -0.00321268)
(0.0123966 0.0123966 0.00346589)
(0.009216 0.00902851 0.00951764)
(0.00305652 0.00756186 0.0123543)
(-0.00232762 0.00581162 0.0153846)
(-0.00686729 0.00686719 0.0134704)
(-0.00902857 0.00921596 0.0095177)
(-0.00884322 0.0116938 0.00539096)
(-0.00435906 0.0149623 0.000460171)
(0.00435895 0.0149622 0.000460254)
(0.00884304 0.0116939 0.00539086)
(0.0090285 0.009216 0.00951764)
(0.00686724 0.00686724 0.0134704)
(0.00232763 0.00581168 0.0153846)
(-0.00200294 0.00200293 0.0169136)
(-0.00581171 0.00232761 0.0153846)
(-0.00756192 0.00305651 0.0123544)
(-0.00714327 0.00378963 0.00919807)
(-0.00338864 0.00475567 0.00584416)
(0.00338853 0.00475565 0.00584421)
(0.00714312 0.00378965 0.009198)
(0.00756186 0.00305652 0.0123543)
(0.00581167 0.00232763 0.0153846)
(0.00200295 0.00200295 0.0169135)
(-0.00241123 -0.00241123 0.0212113)
(-0.00702447 -0.00284191 0.0195048)
(-0.00921672 -0.00383172 0.0161441)
(-0.00891669 -0.00484228 0.0125022)
(-0.00431121 -0.00627482 0.00846168)
(0.0043111 -0.0062748 0.00846174)
(0.00891651 -0.00484231 0.0125021)
(0.00921666 -0.00383173 0.016144)
(0.0070244 -0.00284194 0.0195048)
(0.0024112 -0.00241124 0.0212112)
(-0.00284191 -0.00702447 0.0195048)
(-0.00844756 -0.00844755 0.0173165)
(-0.011224 -0.0116502 0.012768)
(-0.0113605 -0.0151481 0.00784567)
(-0.00575142 -0.0200389 0.00151799)
(0.0057513 -0.0200388 0.0015181)
(0.0113603 -0.0151482 0.00784555)
(0.0112239 -0.0116503 0.0127679)
(0.00844748 -0.00844763 0.0173164)
(0.00284189 -0.00702452 0.0195047)
(-0.00383172 -0.00921671 0.0161441)
(-0.0116502 -0.011224 0.012768)
(-0.0159309 -0.0159309 0.00555774)
(-0.0173042 -0.021113 -0.00289507)
(-0.00921896 -0.0291822 -0.0148569)
(0.00921882 -0.0291821 -0.0148568)
(0.0173039 -0.0211132 -0.0028953)
(0.0159308 -0.0159309 0.00555762)
(0.0116501 -0.0112241 0.0127678)
(0.0038317 -0.00921679 0.016144)
(-0.00484228 -0.00891668 0.0125022)
(-0.0151481 -0.0113605 0.00784567)
(-0.021113 -0.0173042 -0.00289507)
(-0.0245649 -0.0245649 -0.0154948)
(-0.0138383 -0.0370775 -0.0367683)
(0.0138381 -0.0370773 -0.0367679)
(0.0245644 -0.0245651 -0.0154951)
(0.021113 -0.0173043 -0.00289524)
(0.015148 -0.0113606 0.00784547)
(0.00484228 -0.00891678 0.0125021)
(-0.00627483 -0.0043112 0.00846168)
(-0.0200389 -0.00575141 0.00151799)
(-0.0291822 -0.00921895 -0.0148569)
(-0.0370775 -0.0138383 -0.0367683)
(-0.0218675 -0.0218675 -0.0768909)
(0.0218673 -0.0218674 -0.0768903)
(0.0370769 -0.0138384 -0.036769)
(0.0291823 -0.00921903 -0.0148573)
(0.0200388 -0.00575148 0.00151767)
(0.00627484 -0.00431125 0.00846144)
(-0.0062748 0.0043111 0.00846174)
(-0.0200388 0.00575131 0.0015181)
(-0.0291821 0.00921883 -0.0148568)
(-0.0370773 0.0138381 -0.0367679)
(-0.0218674 0.0218673 -0.0768903)
(0.0218672 0.0218672 -0.0768897)
(0.0370767 0.0138383 -0.0367686)
(0.0291822 0.00921892 -0.0148571)
(0.0200388 0.00575139 0.00151778)
(0.00627481 0.00431116 0.00846151)
(-0.00484231 0.00891651 0.0125021)
(-0.0151482 0.0113603 0.00784555)
(-0.0211132 0.0173039 -0.0028953)
(-0.0245651 0.0245645 -0.0154951)
(-0.0138384 0.0370769 -0.036769)
(0.0138383 0.0370767 -0.0367686)
(0.0245647 0.0245647 -0.0154955)
(0.0211132 0.017304 -0.00289546)
(0.0151481 0.0113604 0.00784535)
(0.00484231 0.00891661 0.012502)
(-0.00383173 0.00921666 0.016144)
(-0.0116503 0.0112239 0.0127679)
(-0.015931 0.0159309 0.00555762)
(-0.0173043 0.021113 -0.00289523)
(-0.00921905 0.0291823 -0.0148573)
(0.00921891 0.0291822 -0.0148571)
(0.017304 0.0211132 -0.00289546)
(0.0159309 0.0159309 0.0055575)
(0.0116502 0.011224 0.0127678)
(0.00383171 0.00921675 0.0161439)
(-0.00284194 0.0070244 0.0195048)
(-0.00844763 0.00844749 0.0173164)
(-0.0112241 0.0116501 0.0127678)
(-0.0113606 0.015148 0.00784547)
(-0.00575149 0.0200388 0.00151767)
(0.00575138 0.0200388 0.00151778)
(0.0113604 0.0151481 0.00784535)
(0.011224 0.0116502 0.0127678)
(0.00844756 0.00844756 0.0173164)
(0.00284191 0.00702446 0.0195047)
(-0.00241124 0.0024112 0.0212112)
(-0.00702453 0.00284189 0.0195047)
(-0.0092168 0.0038317 0.016144)
(-0.00891679 0.00484227 0.0125021)
(-0.00431126 0.00627484 0.00846144)
(0.00431116 0.00627481 0.00846151)
(0.00891661 0.00484231 0.012502)
(0.00921675 0.00383171 0.0161439)
(0.00702445 0.00284191 0.0195047)
(0.00241121 0.00241121 0.0212112)
(-0.00286127 -0.00286127 0.0263643)
(-0.00834977 -0.00342242 0.024519)
(-0.0110613 -0.00474426 0.0209604)
(-0.0109819 -0.0061171 0.0168767)
(-0.00540689 -0.0082238 0.0121784)
(0.00540677 -0.00822376 0.0121785)
(0.0109817 -0.00611714 0.0168766)
(0.0110612 -0.00474428 0.0209603)
(0.00834972 -0.00342245 0.0245189)
(0.00286129 -0.0028613 0.0263642)
(-0.00342242 -0.00834977 0.024519)
(-0.0102361 -0.0102361 0.0220912)
(-0.013767 -0.0145075 0.0170479)
(-0.0144632 -0.0193871 0.0113236)
(-0.00752709 -0.0266079 0.00335825)
(0.00752697 -0.0266078 0.00335839)
(0.0144629 -0.0193872 0.0113235)
(0.013767 -0.0145075 0.0170478)
(0.0102361 -0.0102362 0.0220911)
(0.00342244 -0.00834985 0.0245189)
(-0.00474427 -0.0110612 0.0209604)
(-0.0145075 -0.013767 0.0170479)
(-0.0202362 -0.0202362 0.00880499)
(-0.0230796 -0.027672 -0.0017072)
(-0.0126605 -0.0403224 -0.0175791)
(0.0126604 -0.0403221 -0.0175788)
(0.0230792 -0.0276723 -0.00170748)
(0.0202362 -0.0202363 0.00880485)
(0.0145074 -0.0137672 0.0170477)
(0.00474429 -0.0110614 0.0209603)
(-0.0061171 -0.0109819 0.0168767)
(-0.0193871 -0.0144631 0.0113236)
(-0.0276721 -0.0230796 -0.0017072)
(-0.0344383 -0.0344383 -0.018103)
(-0.0202299 -0.0558034 -0.0493351)
(0.0202297 -0.0558031 -0.0493345)
(0.0344377 -0.0344387 -0.0181035)
(0.0276721 -0.0230798 -0.0017074)
(0.019387 -0.0144633 0.0113234)
(0.00611714 -0.010982 0.0168765)
(-0.0082238 -0.00540688 0.0121784)
(-0.0266079 -0.00752708 0.00335825)
(-0.0403224 -0.0126605 -0.0175791)
(-0.0558034 -0.0202299 -0.0493351)
(-0.0343887 -0.0343887 -0.114212)
(0.0343884 -0.0343885 -0.114211)
(0.0558025 -0.0202301 -0.0493362)
(0.0403226 -0.0126606 -0.0175796)
(0.0266079 -0.00752718 0.00335787)
(0.00822387 -0.00540696 0.0121782)
(-0.00822376 0.00540678 0.0121785)
(-0.0266078 0.00752698 0.00335839)
(-0.0403222 0.0126604 -0.0175788)
(-0.0558031 0.0202297 -0.0493345)
(-0.0343885 0.0343884 -0.114211)
(0.0343883 0.0343883 -0.11421)
(0.0558022 0.02023 -0.0493356)
(0.0403224 0.0126605 -0.0175793)
(0.0266078 0.00752709 0.00335801)
(0.00822383 0.00540687 0.0121783)
(-0.00611715 0.0109817 0.0168766)
(-0.0193872 0.0144629 0.0113235)
(-0.0276723 0.0230792 -0.00170748)
(-0.0344387 0.0344377 -0.0181035)
(-0.0202301 0.0558025 -0.0493363)
(0.02023 0.0558022 -0.0493356)
(0.0344381 0.0344381 -0.018104)
(0.0276724 0.0230794 -0.00170767)
(0.0193872 0.0144631 0.0113233)
(0.00611719 0.0109818 0.0168765)
(-0.00474429 0.0110612 0.0209603)
(-0.0145076 0.013767 0.0170478)
(-0.0202363 0.0202362 0.00880485)
(-0.0230798 0.0276721 -0.00170739)
(-0.0126606 0.0403226 -0.0175796)
(0.0126605 0.0403224 -0.0175793)
(0.0230794 0.0276724 -0.00170767)
(0.0202363 0.0202363 0.00880472)
(0.0145075 0.0137671 0.0170477)
(0.00474431 0.0110613 0.0209602)
(-0.00342245 0.00834972 0.0245189)
(-0.0102362 0.0102361 0.0220911)
(-0.0137672 0.0145074 0.0170477)
(-0.0144633 0.019387 0.0113234)
(-0.00752719 0.0266079 0.00335787)
(0.00752708 0.0266078 0.00335801)
(0.0144631 0.0193872 0.0113233)
(0.0137671 0.0145075 0.0170477)
(0.0102362 0.0102362 0.022091)
(0.00342246 0.00834981 0.0245189)
(-0.0028613 0.00286129 0.0263642)
(-0.00834985 0.00342244 0.0245189)
(-0.0110614 0.00474429 0.0209603)
(-0.010982 0.00611714 0.0168765)
(-0.00540697 0.00822388 0.0121782)
(0.00540686 0.00822383 0.0121783)
(0.0109818 0.00611719 0.0168765)
(0.0110613 0.00474431 0.0209602)
(0.0083498 0.00342247 0.0245189)
(0.00286132 0.00286132 0.0263642)
(-0.00334057 -0.00334057 0.032441)
(-0.00973201 -0.00405605 0.0305232)
(-0.0130351 -0.00578709 0.0270023)
(-0.0133019 -0.00761617 0.022589)
(-0.00665642 -0.0106782 0.0174217)
(0.00665631 -0.0106781 0.0174218)
(0.0133016 -0.00761623 0.022589)
(0.0130351 -0.00578711 0.0270023)
(0.00973193 -0.00405608 0.0305232)
(0.00334054 -0.00334059 0.032441)
(-0.00405605 -0.009732 0.0305232)
(-0.0121828 -0.0121828 0.0279303)
(-0.0166129 -0.0177246 0.0226236)
(-0.0181969 -0.0244288 0.0161845)
(-0.00974171 -0.0348931 0.00645987)
(0.0097416 -0.034893 0.00646005)
(0.0181966 -0.024429 0.0161844)
(0.0166129 -0.0177247 0.0226235)
(0.0121828 -0.012183 0.0279303)
(0.00405603 -0.00973209 0.0305232)
(-0.00578709 -0.0130351 0.0270023)
(-0.0177246 -0.0166129 0.0226236)
(-0.0253227 -0.0253227 0.0138019)
(-0.0304637 -0.0358647 0.00104392)
(-0.0171822 -0.0556484 -0.0191707)
(0.0171821 -0.055648 -0.0191703)
(0.0304631 -0.035865 0.00104358)
(0.0253227 -0.0253228 0.0138018)
(0.0177245 -0.0166131 0.0226234)
(0.00578708 -0.0130352 0.0270022)
(-0.00761617 -0.0133019 0.022589)
(-0.0244288 -0.0181969 0.0161845)
(-0.0358647 -0.0304636 0.00104391)
(-0.0482569 -0.0482569 -0.0199324)
(-0.0296733 -0.0850052 -0.0656661)
(0.0296732 -0.0850047 -0.0656652)
(0.0482561 -0.0482576 -0.019933)
(0.0358648 -0.0304639 0.00104366)
(0.0244288 -0.0181972 0.0161843)
(0.0076162 -0.0133021 0.0225889)
(-0.0106782 -0.00665641 0.0174217)
(-0.0348931 -0.0097417 0.00645987)
(-0.0556484 -0.0171822 -0.0191707)
(-0.0850052 -0.0296733 -0.0656661)
(-0.054676 -0.054676 -0.171624)
(0.0546757 -0.0546757 -0.171623)
(0.0850039 -0.0296737 -0.0656678)
(0.0556488 -0.0171825 -0.0191714)
(0.0348932 -0.00974186 0.00645941)
(0.0106783 -0.00665652 0.0174214)
(-0.0106781 0.00665632 0.0174218)
(-0.034893 0.00974161 0.00646005)
(-0.055648 0.0171821 -0.0191703)
(-0.0850047 0.0296732 -0.0656652)
(-0.0546757 0.0546757 -0.171623)
(0.0546754 0.0546754 -0.171622)
(0.0850034 0.0296736 -0.065667)
(0.0556484 0.0171823 -0.0191711)
(0.034893 0.00974177 0.00645959)
(0.0106782 0.00665643 0.0174215)
(-0.00761623 0.0133017 0.022589)
(-0.024429 0.0181966 0.0161844)
(-0.035865 0.0304631 0.00104357)
(-0.0482576 0.0482561 -0.019933)
(-0.0296737 0.0850039 -0.0656679)
(0.0296736 0.0850034 -0.065667)
(0.0482567 0.0482567 -0.0199338)
(0.0358652 0.0304634 0.00104333)
(0.024429 0.0181969 0.0161842)
(0.00761626 0.0133018 0.0225888)
(-0.00578711 0.0130351 0.0270023)
(-0.0177247 0.0166129 0.0226235)
(-0.0253228 0.0253227 0.0138018)
(-0.0304639 0.0358648 0.00104367)
(-0.0171825 0.0556488 -0.0191714)
(0.0171823 0.0556485 -0.0191711)
(0.0304634 0.0358652 0.00104333)
(0.0253229 0.0253229 0.0138016)
(0.0177246 0.0166131 0.0226234)
(0.00578711 0.0130352 0.0270022)
(-0.00405608 0.00973193 0.0305232)
(-0.012183 0.0121828 0.0279303)
(-0.0166131 0.0177245 0.0226234)
(-0.0181972 0.0244288 0.0161843)
(-0.00974187 0.0348932 0.00645941)
(0.00974176 0.034893 0.00645959)
(0.0181968 0.024429 0.0161842)
(0.0166131 0.0177246 0.0226234)
(0.0121829 0.0121829 0.0279302)
(0.00405606 0.00973202 0.0305231)
(-0.00334059 0.00334054 0.032441)
(-0.0097321 0.00405603 0.0305232)
(-0.0130352 0.00578708 0.0270022)
(-0.0133021 0.00761619 0.0225889)
(-0.00665653 0.0106783 0.0174214)
(0.00665642 0.0106782 0.0174215)
(0.0133018 0.00761626 0.0225888)
(0.0130352 0.00578711 0.0270022)
(0.00973201 0.00405606 0.0305231)
(0.00334056 0.00334056 0.032441)
(-0.00382881 -0.00382881 0.0394606)
(-0.011076 -0.00471825 0.0375642)
(-0.015026 -0.00693193 0.0344206)
(-0.0157619 -0.00931314 0.0298821)
(-0.00798307 -0.0136947 0.0246568)
(0.00798296 -0.0136946 0.0246569)
(0.0157616 -0.00931322 0.0298821)
(0.015026 -0.00693197 0.0344206)
(0.011076 -0.00471829 0.0375642)
(0.00382883 -0.00382885 0.0394606)
(-0.00471825 -0.011076 0.0375642)
(-0.0141846 -0.0141846 0.0349309)
(-0.0196482 -0.0211018 0.0297461)
(-0.0225324 -0.0301384 0.0228551)
(-0.0124014 -0.0448638 0.011521)
(0.0124013 -0.0448636 0.0115212)
(0.022532 -0.0301387 0.022855)
(0.0196482 -0.0211019 0.0297461)
(0.0141846 -0.0141848 0.0349309)
(0.00471827 -0.0110761 0.0375641)
(-0.00693194 -0.015026 0.0344206)
(-0.0211018 -0.0196482 0.0297461)
(-0.0310502 -0.0310502 0.0212407)
(-0.0395064 -0.0457915 0.00640021)
(-0.0228167 -0.0766268 -0.0176465)
(0.0228165 -0.0766262 -0.0176461)
(0.0395057 -0.045792 0.00639983)
(0.0310503 -0.0310504 0.0212405)
(0.0211017 -0.0196484 0.029746)
(0.00693198 -0.0150262 0.0344206)
(-0.00931314 -0.0157618 0.0298821)
(-0.0301384 -0.0225324 0.0228551)
(-0.0457915 -0.0395064 0.0064002)
(-0.0674683 -0.0674683 -0.0196293)
(-0.0436866 -0.131092 -0.0860427)
(0.0436866 -0.131091 -0.0860415)
(0.0674672 -0.0674694 -0.0196301)
(0.0457918 -0.0395068 0.00639989)
(0.0301384 -0.0225327 0.0228549)
(0.00931322 -0.0157621 0.029882)
(-0.0136947 -0.00798306 0.0246568)
(-0.0448639 -0.0124014 0.011521)
(-0.0766268 -0.0228167 -0.0176465)
(-0.131092 -0.0436866 -0.0860427)
(-0.0905599 -0.0905598 -0.261155)
(0.0905593 -0.0905593 -0.261152)
(0.13109 -0.0436874 -0.0860455)
(0.0766277 -0.0228171 -0.0176476)
(0.0448641 -0.0124016 0.0115205)
(0.0136949 -0.00798321 0.0246565)
(-0.0136946 0.00798297 0.0246569)
(-0.0448636 0.0124013 0.0115212)
(-0.0766262 0.0228165 -0.0176461)
(-0.131091 0.0436866 -0.0860415)
(-0.0905593 0.0905593 -0.261152)
(0.0905588 0.0905588 -0.26115)
(0.131089 0.0436873 -0.0860442)
(0.0766271 0.0228169 -0.0176472)
(0.0448638 0.0124015 0.0115207)
(0.0136948 0.00798313 0.0246566)
(-0.00931323 0.0157616 0.0298821)
(-0.0301387 0.022532 0.022855)
(-0.0457921 0.0395057 0.00639982)
(-0.0674694 0.0674672 -0.0196301)
(-0.0436874 0.13109 -0.0860455)
(0.0436873 0.131089 -0.0860442)
(0.0674683 0.0674683 -0.019631)
(0.0457924 0.0395062 0.00639953)
(0.0301387 0.0225323 0.0228547)
(0.00931331 0.0157618 0.0298819)
(-0.00693197 0.015026 0.0344206)
(-0.0211019 0.0196482 0.029746)
(-0.0310504 0.0310503 0.0212405)
(-0.0395068 0.0457918 0.00639989)
(-0.0228171 0.0766277 -0.0176476)
(0.0228169 0.0766271 -0.0176472)
(0.0395062 0.0457924 0.00639954)
(0.0310505 0.0310505 0.0212403)
(0.0211019 0.0196484 0.029746)
(0.00693201 0.0150262 0.0344205)
(-0.00471829 0.011076 0.0375642)
(-0.0141848 0.0141846 0.0349309)
(-0.0196484 0.0211017 0.029746)
(-0.0225327 0.0301384 0.0228549)
(-0.0124016 0.0448641 0.0115205)
(0.0124015 0.0448638 0.0115207)
(0.0225323 0.0301387 0.0228548)
(0.0196484 0.0211019 0.029746)
(0.0141847 0.0141847 0.0349308)
(0.00471831 0.0110761 0.0375641)
(-0.00382885 0.00382883 0.0394606)
(-0.0110761 0.00471827 0.0375641)
(-0.0150262 0.00693198 0.0344206)
(-0.0157621 0.00931322 0.029882)
(-0.00798322 0.0136949 0.0246565)
(0.00798312 0.0136948 0.0246566)
(0.0157618 0.00931331 0.0298819)
(0.0150261 0.00693201 0.0344205)
(0.0110761 0.00471831 0.0375641)
(0.00382887 0.00382887 0.0394605)
(-0.00429968 -0.00429968 0.04739)
(-0.0122602 -0.00537076 0.0456328)
(-0.0168753 -0.00812206 0.0433382)
(-0.0181664 -0.011118 0.0389664)
(-0.00925601 -0.0172384 0.0344917)
(0.00925592 -0.0172382 0.0344918)
(0.0181661 -0.0111181 0.0389664)
(0.0168752 -0.00812209 0.0433382)
(0.0122602 -0.00537081 0.0456328)
(0.00429965 -0.00429971 0.04739)
(-0.00537076 -0.0122602 0.0456328)
(-0.0160894 -0.0160894 0.0431298)
(-0.0226633 -0.0243042 0.0386461)
(-0.027296 -0.0361344 0.0317592)
(-0.0154203 -0.0559997 0.0195169)
(0.0154203 -0.0559994 0.0195171)
(0.0272956 -0.0361347 0.0317591)
(0.0226633 -0.0243044 0.0386461)
(0.0160894 -0.0160896 0.0431298)
(0.00537074 -0.0122604 0.0456328)
(-0.00812206 -0.0168753 0.0433382)
(-0.0243043 -0.0226633 0.0386461)
(-0.0370361 -0.0370361 0.0321288)
(-0.0498169 -0.0571723 0.0158008)
(-0.029232 -0.104788 -0.00897979)
(0.0292319 -0.104787 -0.00897934)
(0.0498161 -0.0571731 0.0158004)
(0.0370363 -0.0370364 0.0321287)
(0.0243042 -0.0226636 0.038646)
(0.00812206 -0.0168754 0.0433382)
(-0.011118 -0.0181664 0.0389664)
(-0.0361344 -0.027296 0.0317591)
(-0.0571723 -0.0498169 0.0158008)
(-0.0935623 -0.0935623 -0.0150071)
(-0.0652968 -0.204707 -0.108816)
(0.0652968 -0.204705 -0.108815)
(0.0935607 -0.0935641 -0.0150081)
(0.0571728 -0.0498176 0.0158004)
(0.0361344 -0.0272965 0.031759)
(0.0111181 -0.0181667 0.0389663)
(-0.0172384 -0.009256 0.0344917)
(-0.0559998 -0.0154203 0.0195169)
(-0.104788 -0.029232 -0.00897979)
(-0.204707 -0.0652968 -0.108816)
(-0.162333 -0.162333 -0.403023)
(0.162332 -0.162332 -0.403019)
(0.204704 -0.0652981 -0.108821)
(0.10479 -0.0292327 -0.00898169)
(0.0560002 -0.0154206 0.0195164)
(0.0172385 -0.00925619 0.0344915)
(-0.0172382 0.00925593 0.0344918)
(-0.0559994 0.0154203 0.0195171)
(-0.104787 0.0292319 -0.00897934)
(-0.204705 0.0652968 -0.108815)
(-0.162332 0.162332 -0.403019)
(0.162331 0.162331 -0.403016)
(0.204702 0.0652981 -0.108819)
(0.104789 0.0292325 -0.00898124)
(0.0559999 0.0154206 0.0195166)
(0.0172384 0.00925613 0.0344915)
(-0.0111181 0.0181661 0.0389664)
(-0.0361347 0.0272956 0.031759)
(-0.0571731 0.0498161 0.0158004)
(-0.0935641 0.0935607 -0.0150081)
(-0.0652982 0.204704 -0.108821)
(0.0652981 0.204702 -0.108819)
(0.0935626 0.0935626 -0.0150093)
(0.0571736 0.0498169 0.0158001)
(0.0361348 0.027296 0.0317589)
(0.0111182 0.0181664 0.0389663)
(-0.00812209 0.0168752 0.0433382)
(-0.0243044 0.0226633 0.0386461)
(-0.0370364 0.0370363 0.0321287)
(-0.0498176 0.0571728 0.0158004)
(-0.0292327 0.10479 -0.00898168)
(0.0292325 0.104789 -0.00898123)
(0.0498169 0.0571736 0.0158001)
(0.0370365 0.0370365 0.0321285)
(0.0243044 0.0226636 0.038646)
(0.0081221 0.0168754 0.0433382)
(-0.00537081 0.0122602 0.0456328)
(-0.0160896 0.0160894 0.0431298)
(-0.0226636 0.0243042 0.038646)
(-0.0272965 0.0361344 0.031759)
(-0.0154207 0.0560002 0.0195164)
(0.0154206 0.0559999 0.0195166)
(0.027296 0.0361348 0.0317589)
(0.0226636 0.0243044 0.038646)
(0.0160895 0.0160895 0.0431298)
(0.00537079 0.0122603 0.0456328)
(-0.00429971 0.00429965 0.04739)
(-0.0122604 0.00537074 0.0456328)
(-0.0168755 0.00812206 0.0433382)
(-0.0181667 0.0111181 0.0389663)
(-0.0092562 0.0172385 0.0344915)
(0.00925612 0.0172384 0.0344915)
(0.0181664 0.0111182 0.0389663)
(0.0168754 0.0081221 0.0433382)
(0.0122603 0.00537079 0.0456328)
(0.00429968 0.00429968 0.04739)
(-0.00472095 -0.00472095 0.0560865)
(-0.013112 -0.00596642 0.0545967)
(-0.018362 -0.00927661 0.053641)
(-0.0201577 -0.0128987 0.0498357)
(-0.0102003 -0.0212 0.0472843)
(0.0102002 -0.0211999 0.0472843)
(0.0201574 -0.0128989 0.0498358)
(0.018362 -0.00927665 0.0536411)
(0.0131119 -0.00596647 0.0545968)
(0.00472096 -0.00472099 0.0560865)
(-0.00596642 -0.013112 0.0545967)
(-0.0176754 -0.0176754 0.0524435)
(-0.0253521 -0.0266863 0.0493607)
(-0.0320996 -0.0416741 0.043295)
(-0.0184916 -0.0666208 0.0320528)
(0.0184915 -0.0666203 0.032053)
(0.0320991 -0.0416746 0.043295)
(0.0253521 -0.0266865 0.0493607)
(0.0176754 -0.0176756 0.0524435)
(0.00596644 -0.0131121 0.0545968)
(-0.00927661 -0.018362 0.053641)
(-0.0266863 -0.0253521 0.0493607)
(-0.0425389 -0.0425389 0.047127)
(-0.0599774 -0.0691279 0.0311609)
(-0.0354483 -0.141178 0.0150858)
(0.0354482 -0.141177 0.0150861)
(0.0599765 -0.0691289 0.0311607)
(0.0425392 -0.0425393 0.0471268)
(0.0266864 -0.0253524 0.0493608)
(0.00927665 -0.0183622 0.0536411)
(-0.0128987 -0.0201577 0.0498357)
(-0.0416741 -0.0320996 0.043295)
(-0.0691279 -0.0599774 0.0311609)
(-0.12714 -0.127139 -0.000860259)
(-0.0990835 -0.315358 -0.127673)
(0.0990835 -0.315355 -0.127671)
(0.127138 -0.127143 -0.000861307)
(0.0691286 -0.0599787 0.0311604)
(0.0416743 -0.0321002 0.043295)
(0.0128989 -0.0201581 0.0498357)
(-0.0212 -0.0102003 0.0472843)
(-0.0666208 -0.0184916 0.0320528)
(-0.141178 -0.0354483 0.0150858)
(-0.315358 -0.0990835 -0.127673)
(-0.226405 -0.226405 -0.637284)
(0.226403 -0.226404 -0.637278)
(0.315356 -0.0990865 -0.12768)
(0.141181 -0.0354494 0.0150829)
(0.0666218 -0.018492 0.0320524)
(0.0212003 -0.0102006 0.0472841)
(-0.0211999 0.0102003 0.0472843)
(-0.0666203 0.0184915 0.032053)
(-0.141177 0.0354482 0.0150861)
(-0.315355 0.0990835 -0.127671)
(-0.226404 0.226403 -0.637278)
(0.226402 0.226402 -0.637272)
(0.315354 0.0990865 -0.127678)
(0.14118 0.0354494 0.0150832)
(0.0666214 0.018492 0.0320525)
(0.0212002 0.0102005 0.0472841)
(-0.0128989 0.0201574 0.0498358)
(-0.0416746 0.0320991 0.043295)
(-0.0691289 0.0599765 0.0311607)
(-0.127143 0.127138 -0.000861313)
(-0.0990866 0.315356 -0.12768)
(0.0990865 0.315354 -0.127678)
(0.127141 0.127141 -0.000862613)
(0.0691297 0.0599778 0.0311602)
(0.0416747 0.0320998 0.043295)
(0.012899 0.0201578 0.0498358)
(-0.00927665 0.018362 0.053641)
(-0.0266866 0.0253521 0.0493607)
(-0.0425393 0.0425392 0.0471268)
(-0.0599787 0.0691286 0.0311604)
(-0.0354494 0.141181 0.0150829)
(0.0354493 0.14118 0.0150832)
(0.0599778 0.0691297 0.0311602)
(0.0425395 0.0425395 0.0471266)
(0.0266866 0.0253524 0.0493608)
(0.00927669 0.0183622 0.0536411)
(-0.00596647 0.0131119 0.0545968)
(-0.0176756 0.0176754 0.0524435)
(-0.0253524 0.0266864 0.0493608)
(-0.0321002 0.0416743 0.043295)
(-0.018492 0.0666218 0.0320524)
(0.018492 0.0666214 0.0320526)
(0.0320997 0.0416747 0.043295)
(0.0253524 0.0266866 0.0493608)
(0.0176756 0.0176756 0.0524436)
(0.00596649 0.0131121 0.0545968)
(-0.00472099 0.00472096 0.0560865)
(-0.0131121 0.00596644 0.0545967)
(-0.0183622 0.00927665 0.0536411)
(-0.0201581 0.0128989 0.0498357)
(-0.0102006 0.0212003 0.0472841)
(0.0102005 0.0212002 0.0472841)
(0.0201578 0.012899 0.0498358)
(0.0183622 0.00927669 0.0536411)
(0.0131121 0.00596649 0.0545968)
(0.004721 0.004721 0.0560865)
(-0.00506094 -0.00506094 0.065351)
(-0.0134942 -0.00644333 0.064235)
(-0.0192641 -0.0102661 0.0651227)
(-0.0213138 -0.0143689 0.0622266)
(-0.0105102 -0.0249939 0.0631808)
(0.0105102 -0.0249938 0.0631808)
(0.0213135 -0.014369 0.0622267)
(0.0192641 -0.0102661 0.0651227)
(0.0134941 -0.00644338 0.0642351)
(0.0050609 -0.00506097 0.0653511)
(-0.00644333 -0.0134942 0.064235)
(-0.0187072 -0.0187072 0.0626258)
(-0.0272656 -0.0275151 0.0616507)
(-0.0360716 -0.04539 0.0573296)
(-0.0209999 -0.0721522 0.0506809)
(0.0209999 -0.0721516 0.0506809)
(0.036071 -0.0453905 0.0573298)
(0.0272656 -0.0275154 0.0616507)
(0.0187072 -0.0187074 0.0626259)
(0.0064433 -0.0134943 0.0642351)
(-0.0102661 -0.0192641 0.0651227)
(-0.0275151 -0.0272656 0.0616507)
(-0.0461863 -0.0461863 0.0667426)
(-0.0657848 -0.0785936 0.0539631)
(-0.0407968 -0.182532 0.064637)
(0.0407968 -0.18253 0.0646371)
(0.0657837 -0.0785949 0.0539633)
(0.0461866 -0.0461868 0.0667426)
(0.0275152 -0.0272659 0.0616509)
(0.0102661 -0.0192643 0.0651228)
(-0.0143689 -0.0213138 0.0622265)
(-0.04539 -0.0360716 0.0573296)
(-0.0785936 -0.0657848 0.0539631)
(-0.162352 -0.162352 0.0271251)
(-0.12444 -0.413196 -0.170623)
(0.12444 -0.413194 -0.170619)
(0.162349 -0.162357 0.0271247)
(0.0785946 -0.065787 0.0539625)
(0.0453903 -0.0360723 0.0573298)
(0.014369 -0.0213142 0.0622266)
(-0.0249939 -0.0105102 0.0631808)
(-0.0721522 -0.0209999 0.0506809)
(-0.182532 -0.0407968 0.064637)
(-0.413196 -0.12444 -0.170623)
(-0.115913 -0.115913 -0.977136)
(0.115911 -0.115912 -0.977129)
(0.413208 -0.124449 -0.170633)
(0.182537 -0.0407992 0.0646341)
(0.072154 -0.0210004 0.0506809)
(0.0249942 -0.0105105 0.0631809)
(-0.0249938 0.0105102 0.0631808)
(-0.0721516 0.0209999 0.0506809)
(-0.18253 0.0407968 0.0646371)
(-0.413194 0.12444 -0.170619)
(-0.115912 0.115911 -0.977129)
(0.11591 0.11591 -0.977123)
(0.413206 0.124449 -0.170629)
(0.182536 0.0407992 0.0646342)
(0.0721535 0.0210004 0.0506809)
(0.0249941 0.0105105 0.0631808)
(-0.0143691 0.0213135 0.0622267)
(-0.0453905 0.036071 0.0573298)
(-0.0785949 0.0657837 0.0539633)
(-0.162357 0.162349 0.0271247)
(-0.124449 0.413208 -0.170633)
(0.124449 0.413206 -0.170629)
(0.162355 0.162355 0.0271239)
(0.078596 0.0657859 0.0539629)
(0.0453908 0.0360718 0.05733)
(0.0143691 0.0213139 0.0622268)
(-0.0102661 0.0192641 0.0651227)
(-0.0275154 0.0272656 0.0616507)
(-0.0461868 0.0461866 0.0667426)
(-0.065787 0.0785946 0.0539625)
(-0.0407992 0.182537 0.0646341)
(0.0407992 0.182536 0.0646342)
(0.0657859 0.078596 0.053963)
(0.0461871 0.0461871 0.0667425)
(0.0275155 0.027266 0.0616509)
(0.0102661 0.0192643 0.0651228)
(-0.00644338 0.0134941 0.0642351)
(-0.0187074 0.0187072 0.0626259)
(-0.0272659 0.0275152 0.0616509)
(-0.0360723 0.0453903 0.0573298)
(-0.0210004 0.072154 0.0506809)
(0.0210004 0.0721535 0.0506809)
(0.0360717 0.0453908 0.05733)
(0.027266 0.0275155 0.061651)
(0.0187073 0.0187073 0.062626)
(0.00644335 0.0134942 0.0642352)
(-0.00506098 0.0050609 0.0653511)
(-0.0134943 0.0064433 0.0642351)
(-0.0192643 0.0102661 0.0651228)
(-0.0213142 0.014369 0.0622266)
(-0.0105105 0.0249942 0.0631809)
(0.0105105 0.0249941 0.0631808)
(0.0213139 0.0143691 0.0622268)
(0.0192643 0.0102661 0.0651228)
(0.0134942 0.00644335 0.0642352)
(0.00506092 0.00506093 0.0653511)
(-0.00529831 -0.00529831 0.0748168)
(-0.0132397 -0.00676794 0.0741537)
(-0.0193811 -0.0110292 0.0769684)
(-0.021103 -0.0153453 0.0753005)
(-0.00970696 -0.028141 0.0806291)
(0.00970693 -0.0281408 0.0806289)
(0.0211027 -0.0153455 0.0753008)
(0.019381 -0.0110293 0.0769685)
(0.0132397 -0.00676799 0.0741539)
(0.0052983 -0.00529835 0.0748169)
(-0.00676794 -0.0132397 0.0741537)
(-0.0189753 -0.0189753 0.0732469)
(-0.0280477 -0.0257574 0.0747506)
(-0.0383233 -0.0458293 0.0729484)
(-0.0223444 -0.066257 0.0761835)
(0.0223445 -0.0662565 0.0761832)
(0.0383228 -0.0458297 0.0729488)
(0.0280477 -0.0257577 0.0747507)
(0.0189753 -0.0189754 0.073247)
(0.00676794 -0.0132398 0.0741538)
(-0.0110292 -0.0193811 0.0769684)
(-0.0257574 -0.0280477 0.0747506)
(-0.046469 -0.046469 0.0885399)
(-0.0610747 -0.0807362 0.0835179)
(-0.0390929 -0.20867 0.129912)
(0.0390929 -0.208667 0.129912)
(0.0610734 -0.0807377 0.0835194)
(0.0464692 -0.0464696 0.0885401)
(0.0257575 -0.028048 0.0747511)
(0.0110292 -0.0193813 0.0769686)
(-0.0153453 -0.021103 0.0753005)
(-0.0458293 -0.0383233 0.0729484)
(-0.0807362 -0.0610746 0.0835179)
(-0.181186 -0.181186 0.0568448)
(-0.102412 -0.344545 -0.296435)
(0.102413 -0.344541 -0.29643)
(0.181186 -0.181195 0.0568478)
(0.0807373 -0.0610776 0.0835178)
(0.0458298 -0.038324 0.072949)
(0.0153454 -0.0211034 0.0753007)
(-0.028141 -0.00970695 0.0806291)
(-0.066257 -0.0223444 0.0761834)
(-0.20867 -0.0390928 0.129912)
(-0.344545 -0.102412 -0.296435)
(-0.0105118 -0.0105118 -1.2087)
(0.0105122 -0.0105109 -1.2087)
(0.344573 -0.102428 -0.296455)
(0.20868 -0.0390967 0.129913)
(0.0662596 -0.0223449 0.0761849)
(0.0281413 -0.0097072 0.0806296)
(-0.0281408 0.00970694 0.0806289)
(-0.0662565 0.0223445 0.0761832)
(-0.208667 0.0390929 0.129912)
(-0.344541 0.102413 -0.29643)
(-0.0105109 0.0105122 -1.2087)
(0.0105113 0.0105113 -1.2087)
(0.344569 0.102428 -0.29645)
(0.208677 0.0390968 0.129913)
(0.0662591 0.022345 0.0761846)
(0.0281411 0.00970721 0.0806294)
(-0.0153455 0.0211027 0.0753008)
(-0.0458297 0.0383228 0.0729488)
(-0.0807377 0.0610734 0.0835194)
(-0.181195 0.181186 0.0568478)
(-0.102428 0.344573 -0.296455)
(0.102428 0.344569 -0.29645)
(0.181194 0.181194 0.0568502)
(0.080739 0.0610764 0.0835195)
(0.0458301 0.0383235 0.0729494)
(0.0153455 0.0211031 0.075301)
(-0.0110293 0.019381 0.0769685)
(-0.0257577 0.0280477 0.0747506)
(-0.0464696 0.0464692 0.0885401)
(-0.0610776 0.0807374 0.0835178)
(-0.0390967 0.20868 0.129913)
(0.0390967 0.208677 0.129913)
(0.0610764 0.080739 0.0835195)
(0.0464698 0.0464698 0.0885403)
(0.0257578 0.028048 0.0747511)
(0.0110293 0.0193812 0.0769687)
(-0.00676799 0.0132397 0.0741539)
(-0.0189754 0.0189753 0.073247)
(-0.028048 0.0257575 0.0747511)
(-0.038324 0.0458298 0.072949)
(-0.0223449 0.0662596 0.0761849)
(0.022345 0.0662591 0.0761846)
(0.0383235 0.0458301 0.0729494)
(0.028048 0.0257578 0.0747511)
(0.0189754 0.0189754 0.0732472)
(0.00676798 0.0132398 0.074154)
(-0.00529835 0.0052983 0.0748169)
(-0.0132398 0.00676794 0.0741538)
(-0.0193813 0.0110292 0.0769686)
(-0.0211034 0.0153454 0.0753007)
(-0.00970721 0.0281413 0.0806296)
(0.0097072 0.0281411 0.0806294)
(0.0211031 0.0153455 0.075301)
(0.0193812 0.0110293 0.0769687)
(0.0132398 0.00676798 0.074154)
(0.00529834 0.00529834 0.074817)
(-0.00541442 -0.00541442 0.0841814)
(-0.0124312 -0.00689763 0.0839666)
(-0.0187051 -0.0114135 0.088446)
(-0.0194495 -0.0156226 0.0878558)
(-0.0078377 -0.0292992 0.0968366)
(0.00783773 -0.0292991 0.0968363)
(0.0194492 -0.0156226 0.0878562)
(0.018705 -0.0114136 0.0884461)
(0.0124312 -0.00689767 0.0839668)
(0.00541434 -0.00541445 0.0841815)
(-0.00689763 -0.0124312 0.0839666)
(-0.0184262 -0.0184262 0.0837249)
(-0.0275171 -0.0214853 0.0873542)
(-0.0372656 -0.0415353 0.0874729)
(-0.0212671 -0.045762 0.1009)
(0.0212672 -0.0457616 0.100899)
(0.0372651 -0.0415352 0.0874735)
(0.0275171 -0.0214855 0.0873542)
(0.0184262 -0.0184262 0.0837252)
(0.00689756 -0.0124313 0.0839667)
(-0.0114135 -0.0187051 0.088446)
(-0.0214853 -0.0275171 0.0873542)
(-0.0419715 -0.0419715 0.10786)
(-0.0428992 -0.0722977 0.110474)
(-0.0211396 -0.173595 0.166116)
(0.02114 -0.173593 0.166115)
(0.0428982 -0.0722981 0.110478)
(0.0419713 -0.0419721 0.107861)
(0.0214854 -0.0275173 0.0873549)
(0.0114134 -0.0187053 0.0884463)
(-0.0156226 -0.0194495 0.0878557)
(-0.0415353 -0.0372656 0.0874729)
(-0.0722977 -0.0428991 0.110474)
(-0.142405 -0.142405 0.0555616)
(-0.0429514 -0.147538 -0.446583)
(0.0429531 -0.147533 -0.446578)
(0.142405 -0.142409 0.0555682)
(0.0722978 -0.0429008 0.110475)
(0.0415357 -0.0372659 0.0874737)
(0.0156225 -0.0194497 0.0878561)
(-0.0292992 -0.00783769 0.0968365)
(-0.045762 -0.0212671 0.1009)
(-0.173595 -0.0211396 0.166116)
(-0.147538 -0.0429514 -0.446583)
(0.0115518 0.0115518 -1.3085)
(-0.0115509 0.0115522 -1.30851)
(0.14755 -0.0429567 -0.446625)
(0.173601 -0.021142 0.166122)
(0.0457634 -0.0212672 0.100903)
(0.0292992 -0.00783781 0.0968376)
(-0.0292991 0.00783774 0.0968363)
(-0.0457616 0.0212672 0.100899)
(-0.173593 0.02114 0.166115)
(-0.147533 0.0429531 -0.446578)
(0.0115522 -0.0115509 -1.30851)
(-0.0115513 -0.0115513 -1.30851)
(0.147544 0.0429583 -0.446619)
(0.173599 0.0211424 0.166121)
(0.045763 0.0212674 0.100902)
(0.029299 0.00783787 0.0968373)
(-0.0156227 0.0194493 0.0878562)
(-0.0415352 0.0372652 0.0874735)
(-0.0722981 0.0428982 0.110478)
(-0.142409 0.142405 0.0555682)
(-0.0429567 0.14755 -0.446625)
(0.0429583 0.147544 -0.446619)
(0.142408 0.142408 0.055574)
(0.0722982 0.0428999 0.110478)
(0.0415355 0.0372655 0.0874744)
(0.0156226 0.0194495 0.0878565)
(-0.0114136 0.018705 0.0884461)
(-0.0214855 0.0275171 0.0873542)
(-0.0419721 0.0419713 0.107861)
(-0.0429008 0.0722978 0.110475)
(-0.021142 0.173601 0.166122)
(0.0211424 0.173599 0.166121)
(0.0428999 0.0722982 0.110478)
(0.0419718 0.0419718 0.107861)
(0.0214856 0.0275172 0.0873549)
(0.0114134 0.0187052 0.0884464)
(-0.00689767 0.0124312 0.0839667)
(-0.0184262 0.0184262 0.0837252)
(-0.0275173 0.0214854 0.0873549)
(-0.0372659 0.0415357 0.0874737)
(-0.0212672 0.0457634 0.100903)
(0.0212674 0.045763 0.100902)
(0.0372655 0.0415355 0.0874744)
(0.0275172 0.0214856 0.0873549)
(0.0184262 0.0184262 0.0837254)
(0.0068976 0.0124313 0.0839669)
(-0.00541445 0.00541434 0.0841815)
(-0.0124313 0.00689756 0.0839667)
(-0.0187053 0.0114134 0.0884463)
(-0.0194497 0.0156225 0.0878561)
(-0.00783782 0.0292992 0.0968376)
(0.00783786 0.029299 0.0968373)
(0.0194495 0.0156226 0.0878565)
(0.0187052 0.0114134 0.0884464)
(0.0124313 0.0068976 0.0839669)
(0.00541436 0.00541436 0.0841816)
(-0.00542975 -0.00542975 0.0929864)
(-0.0111218 -0.00689915 0.0932396)
(-0.0174405 -0.0116463 0.0982366)
(-0.0168699 -0.0157701 0.098514)
(-0.00521319 -0.0290502 0.107724)
(0.00521324 -0.0290501 0.107724)
(0.0168698 -0.0157702 0.0985145)
(0.0174403 -0.0116464 0.0982367)
(0.0111218 -0.00689918 0.0932398)
(0.00542969 -0.00542978 0.0929866)
(-0.00689915 -0.0111218 0.0932396)
(-0.0173122 -0.0173122 0.0935373)
(-0.0263714 -0.0156729 0.0980346)
(-0.0340003 -0.0347327 0.0976685)
(-0.0180863 -0.018774 0.112173)
(0.0180864 -0.0187742 0.112172)
(0.0340001 -0.0347317 0.0976691)
(0.0263712 -0.015673 0.0980345)
(0.0173122 -0.017312 0.0935375)
(0.00689909 -0.0111218 0.0932397)
(-0.0116463 -0.0174405 0.0982366)
(-0.0156729 -0.0263714 0.0980345)
(-0.0349509 -0.0349509 0.118268)
(-0.0196071 -0.0632445 0.121801)
(0.00391038 -0.098207 0.168693)
(-0.00390972 -0.0982071 0.168691)
(0.0196072 -0.0632434 0.121805)
(0.0349499 -0.0349515 0.118269)
(0.015673 -0.0263714 0.0980353)
(0.0116461 -0.0174406 0.0982369)
(-0.0157701 -0.0168699 0.098514)
(-0.0347327 -0.0340003 0.0976685)
(-0.0632445 -0.0196071 0.121801)
(-0.0708891 -0.0708891 0.0224338)
(-0.00194406 0.0538671 -0.475598)
(0.001944 0.0538656 -0.475592)
(0.070891 -0.0708789 0.022441)
(0.0632434 -0.0196066 0.121801)
(0.0347331 -0.0339998 0.0976693)
(0.0157699 -0.0168699 0.0985143)
(-0.0290502 -0.00521319 0.107724)
(-0.018774 -0.0180863 0.112173)
(-0.098207 0.00391038 0.168693)
(0.0538671 -0.00194406 -0.475598)
(0.0117666 0.0117666 -1.3267)
(-0.0117663 0.0117664 -1.3267)
(-0.0538761 -0.00193543 -0.475621)
(0.0981989 0.00391082 0.168699)
(0.0187735 -0.0180857 0.112177)
(0.0290494 -0.00521308 0.107725)
(-0.0290501 0.00521325 0.107724)
(-0.0187742 0.0180864 0.112172)
(-0.0982071 -0.00390971 0.168691)
(0.0538656 0.001944 -0.475592)
(0.0117664 -0.0117663 -1.3267)
(-0.011766 -0.011766 -1.32671)
(-0.0538749 0.00193536 -0.475615)
(0.0981993 -0.00391008 0.168698)
(0.0187737 0.0180859 0.112176)
(0.0290493 0.00521316 0.107725)
(-0.0157702 0.0168699 0.0985145)
(-0.0347316 0.0340001 0.0976691)
(-0.0632434 0.0196072 0.121805)
(-0.0708789 0.070891 0.022441)
(-0.00193542 -0.0538761 -0.475621)
(0.00193535 -0.0538748 -0.475615)
(0.0708806 0.0708806 0.0224474)
(0.0632422 0.0196066 0.121805)
(0.0347321 0.0339997 0.09767)
(0.0157699 0.0168699 0.0985147)
(-0.0116464 0.0174403 0.0982367)
(-0.015673 0.0263712 0.0980345)
(-0.0349515 0.0349499 0.118269)
(-0.0196065 0.0632435 0.121801)
(0.00391082 0.098199 0.168699)
(-0.0039101 0.0981993 0.168698)
(0.0196066 0.0632423 0.121805)
(0.0349504 0.0349504 0.118269)
(0.015673 0.0263712 0.0980353)
(0.0116462 0.0174404 0.098237)
(-0.00689918 0.0111218 0.0932398)
(-0.017312 0.0173122 0.0935375)
(-0.0263714 0.015673 0.0980353)
(-0.0339998 0.0347331 0.0976693)
(-0.0180857 0.0187735 0.112177)
(0.0180859 0.0187737 0.112176)
(0.0339996 0.0347321 0.09767)
(0.0263712 0.015673 0.0980353)
(0.017312 0.017312 0.0935377)
(0.00689911 0.0111218 0.0932399)
(-0.00542978 0.00542969 0.0929866)
(-0.0111218 0.00689909 0.0932397)
(-0.0174406 0.0116461 0.0982369)
(-0.0168699 0.0157699 0.0985143)
(-0.00521308 0.0290494 0.107725)
(0.00521314 0.0290493 0.107725)
(0.0168699 0.0157699 0.0985147)
(0.0174404 0.0116462 0.098237)
(0.0111218 0.00689911 0.0932399)
(0.00542973 0.00542973 0.0929867)
(-0.00531316 -0.00531315 0.101145)
(-0.00981023 -0.00676964 0.101877)
(-0.0160331 -0.0116233 0.106382)
(-0.0146362 -0.0164275 0.107345)
(-0.00312676 -0.0299659 0.112335)
(0.00312683 -0.0299659 0.112335)
(0.0146362 -0.0164275 0.107346)
(0.0160329 -0.0116234 0.106382)
(0.00981022 -0.00676966 0.101877)
(0.00531304 -0.00531318 0.101145)
(-0.00676964 -0.00981023 0.101877)
(-0.0160697 -0.0160697 0.102739)
(-0.0257414 -0.0111445 0.106641)
(-0.0322934 -0.0299833 0.105275)
(-0.0159643 0.00276692 0.108401)
(0.0159642 0.00276607 0.108401)
(0.0322934 -0.0299815 0.105275)
(0.0257412 -0.0111445 0.106641)
(0.0160697 -0.0160694 0.102739)
(0.00676952 -0.00981021 0.101877)
(-0.0116233 -0.0160331 0.106382)
(-0.0111445 -0.0257414 0.106641)
(-0.0298999 -0.0298999 0.118129)
(-0.00257421 -0.0727599 0.115172)
(0.025227 -0.085353 0.129566)
(-0.0252261 -0.0853549 0.129565)
(0.00257483 -0.0727583 0.115174)
(0.0298982 -0.0299006 0.118129)
(0.0111445 -0.0257412 0.106641)
(0.0116229 -0.0160332 0.106382)
(-0.0164275 -0.0146362 0.107345)
(-0.0299833 -0.0322934 0.105275)
(-0.0727599 -0.00257421 0.115172)
(-0.0634617 -0.0634617 -0.0229855)
(-0.0284354 0.319169 -0.514254)
(0.0284341 0.319162 -0.514251)
(0.0634661 -0.0634448 -0.0229818)
(0.0727587 -0.00257307 0.115172)
(0.0299839 -0.0322923 0.105275)
(0.0164272 -0.014636 0.107346)
(-0.0299659 -0.00312676 0.112335)
(0.00276692 -0.0159642 0.108401)
(-0.085353 0.025227 0.129566)
(0.319169 -0.0284354 -0.514254)
(0.00809455 0.00809455 -1.24398)
(-0.00809452 0.00809443 -1.24398)
(-0.31918 -0.0284262 -0.514271)
(0.085338 0.0252283 0.129567)
(-0.002768 -0.0159631 0.108403)
(0.0299645 -0.00312648 0.112336)
(-0.0299659 0.00312685 0.112335)
(0.00276607 0.0159643 0.108401)
(-0.0853549 -0.0252261 0.129565)
(0.319162 0.0284342 -0.514251)
(0.00809443 -0.00809452 -1.24398)
(-0.0080944 -0.0080944 -1.24398)
(-0.319173 0.0284251 -0.514267)
(0.08534 -0.0252274 0.129567)
(-0.00276714 0.0159631 0.108403)
(0.0299646 0.00312657 0.112335)
(-0.0164276 0.0146362 0.107346)
(-0.0299815 0.0322934 0.105275)
(-0.0727583 0.00257484 0.115174)
(-0.0634448 0.0634662 -0.0229818)
(-0.0284262 -0.31918 -0.514271)
(0.028425 -0.319173 -0.514267)
(0.0634493 0.0634493 -0.0229787)
(0.072757 0.00257371 0.115173)
(0.0299821 0.0322923 0.105276)
(0.0164272 0.014636 0.107346)
(-0.0116234 0.0160329 0.106382)
(-0.0111445 0.0257412 0.106641)
(-0.0299006 0.0298982 0.118129)
(-0.00257306 0.0727588 0.115172)
(0.0252283 0.085338 0.129567)
(-0.0252274 0.08534 0.129567)
(0.00257369 0.072757 0.115173)
(0.0298989 0.0298989 0.118129)
(0.0111445 0.025741 0.106641)
(0.011623 0.0160329 0.106382)
(-0.00676967 0.00981022 0.101877)
(-0.0160694 0.0160697 0.102739)
(-0.0257412 0.0111445 0.106641)
(-0.0322923 0.0299839 0.105275)
(-0.0159631 -0.00276801 0.108403)
(0.0159631 -0.00276715 0.108403)
(0.0322923 0.0299821 0.105276)
(0.025741 0.0111445 0.106641)
(0.0160694 0.0160694 0.102739)
(0.00676954 0.00981019 0.101877)
(-0.00531318 0.00531304 0.101145)
(-0.00981021 0.00676952 0.101877)
(-0.0160332 0.0116229 0.106382)
(-0.014636 0.0164272 0.107346)
(-0.00312648 0.0299645 0.112336)
(0.00312656 0.0299646 0.112335)
(0.014636 0.0164272 0.107346)
(0.0160329 0.011623 0.106382)
(0.00981019 0.00676954 0.101877)
(0.00531306 0.00531306 0.101146)
(-0.00508597 -0.00508596 0.108419)
(-0.00848601 -0.00649546 0.109821)
(-0.0146448 -0.0116753 0.113162)
(-0.0138303 -0.0171484 0.115796)
(-0.00245681 -0.0332466 0.114705)
(0.00245686 -0.0332466 0.114705)
(0.0138304 -0.0171485 0.115796)
(0.0146446 -0.0116754 0.113162)
(0.00848603 -0.00649548 0.109821)
(0.00508588 -0.005086 0.108419)
(-0.00649546 -0.008486 0.109821)
(-0.0150048 -0.0150048 0.111721)
(-0.0253889 -0.00956144 0.11487)
(-0.0338591 -0.0307855 0.117289)
(-0.0169876 -0.00427112 0.108212)
(0.0169875 -0.00427185 0.108212)
(0.0338591 -0.030784 0.117289)
(0.0253887 -0.00956145 0.11487)
(0.0150049 -0.0150045 0.111721)
(0.00649537 -0.00848597 0.109821)
(-0.0116753 -0.0146448 0.113162)
(-0.00956144 -0.0253889 0.11487)
(-0.030256 -0.0302559 0.115057)
(-0.0114156 -0.100953 0.114537)
(0.0261128 -0.168064 0.0406461)
(-0.0261117 -0.168065 0.0406469)
(0.0114159 -0.100952 0.114536)
(0.0302544 -0.0302567 0.115057)
(0.00956152 -0.0253888 0.11487)
(0.011675 -0.0146449 0.113162)
(-0.0171484 -0.0138303 0.115796)
(-0.0307855 -0.0338591 0.117289)
(-0.100953 -0.0114156 0.114537)
(-0.123696 -0.123696 -0.0300684)
(-0.0582932 0.393456 -0.614977)
(0.0582928 0.393455 -0.614976)
(0.123701 -0.123684 -0.0300668)
(0.100953 -0.0114153 0.114537)
(0.0307863 -0.033858 0.117289)
(0.0171481 -0.0138301 0.115796)
(-0.0332466 -0.00245681 0.114705)
(-0.00427112 -0.0169876 0.108212)
(-0.168064 0.0261128 0.0406461)
(0.393456 -0.0582932 -0.614977)
(0.00416523 0.00416523 -0.975371)
(-0.00416522 0.00416524 -0.975371)
(-0.393456 -0.0582896 -0.614984)
(0.168052 0.0261136 0.0406465)
(0.00427058 -0.0169864 0.108212)
(0.0332453 -0.00245646 0.114705)
(-0.0332466 0.00245687 0.114705)
(-0.00427185 0.0169876 0.108212)
(-0.168065 -0.0261117 0.0406469)
(0.393455 0.0582928 -0.614976)
(0.00416524 -0.00416522 -0.975371)
(-0.00416523 -0.00416523 -0.975371)
(-0.393456 0.0582893 -0.614983)
(0.168054 -0.0261125 0.0406473)
(0.00427129 0.0169864 0.108212)
(0.0332453 0.00245654 0.114705)
(-0.0171485 0.0138304 0.115796)
(-0.030784 0.0338592 0.117289)
(-0.100952 0.0114159 0.114536)
(-0.123684 0.123701 -0.0300668)
(-0.0582896 -0.393456 -0.614984)
(0.0582893 -0.393456 -0.614983)
(0.12369 0.12369 -0.0300656)
(0.100952 0.0114156 0.114536)
(0.0307848 0.033858 0.117289)
(0.0171481 0.0138302 0.115796)
(-0.0116754 0.0146446 0.113162)
(-0.00956145 0.0253887 0.11487)
(-0.0302567 0.0302544 0.115057)
(-0.0114153 0.100953 0.114537)
(0.0261136 0.168052 0.0406465)
(-0.0261125 0.168054 0.0406473)
(0.0114156 0.100952 0.114536)
(0.0302552 0.0302552 0.115057)
(0.00956151 0.0253885 0.11487)
(0.0116751 0.0146446 0.113162)
(-0.00649548 0.00848603 0.109821)
(-0.0150045 0.0150049 0.111721)
(-0.0253888 0.00956152 0.11487)
(-0.033858 0.0307863 0.117289)
(-0.0169864 0.00427056 0.108212)
(0.0169863 0.00427128 0.108212)
(0.033858 0.0307848 0.117289)
(0.0253885 0.00956152 0.11487)
(0.0150046 0.0150046 0.111721)
(0.00649538 0.008486 0.109821)
(-0.005086 0.00508588 0.108419)
(-0.00848597 0.00649536 0.109821)
(-0.0146449 0.011675 0.113162)
(-0.0138301 0.0171481 0.115796)
(-0.00245646 0.0332452 0.114705)
(0.00245653 0.0332453 0.114705)
(0.0138302 0.0171481 0.115796)
(0.0146446 0.0116751 0.113162)
(0.008486 0.00649538 0.109821)
(0.00508592 0.00508592 0.10842)
(-0.00463526 -0.00463526 0.115002)
(-0.00741527 -0.00585037 0.1173)
(-0.0130073 -0.0109099 0.119953)
(-0.0138203 -0.0158965 0.125949)
(-0.00357012 -0.0344275 0.12209)
(0.00357018 -0.0344276 0.12209)
(0.0138204 -0.0158965 0.125949)
(0.0130071 -0.01091 0.119953)
(0.00741528 -0.00585039 0.1173)
(0.00463514 -0.00463529 0.115002)
(-0.00585037 -0.00741526 0.1173)
(-0.0136202 -0.0136202 0.120924)
(-0.0232081 -0.0102208 0.125943)
(-0.0358744 -0.0306089 0.137475)
(-0.0195886 -0.0425392 0.149141)
(0.0195885 -0.0425396 0.149141)
(0.0358744 -0.0306078 0.137475)
(0.023208 -0.0102209 0.125943)
(0.0136203 -0.0136199 0.120924)
(0.00585025 -0.00741523 0.1173)
(-0.0109099 -0.0130073 0.119953)
(-0.0102208 -0.0232081 0.125943)
(-0.0296158 -0.0296158 0.117055)
(-0.0467907 -0.10803 0.14304)
(-0.00965524 -0.198427 -0.0489859)
(0.00965604 -0.198428 -0.0489855)
(0.046791 -0.108029 0.143038)
(0.0296148 -0.0296164 0.117055)
(0.0102209 -0.023208 0.125942)
(0.0109095 -0.0130074 0.119953)
(-0.0158965 -0.0138203 0.125949)
(-0.0306089 -0.0358744 0.137475)
(-0.10803 -0.0467907 0.14304)
(-0.119015 -0.119015 -0.0871008)
(-0.0201085 0.135056 -0.733301)
(0.0201084 0.135057 -0.733301)
(0.119018 -0.11901 -0.0871)
(0.10803 -0.0467904 0.143041)
(0.0306095 -0.0358735 0.137475)
(0.0158962 -0.0138202 0.125949)
(-0.0344275 -0.00357012 0.12209)
(-0.0425392 -0.0195886 0.149141)
(-0.198427 -0.00965526 -0.0489859)
(0.135056 -0.0201084 -0.733301)
(0.0016227 0.0016227 -0.805238)
(-0.00162268 0.00162271 -0.805238)
(-0.135055 -0.0201079 -0.733303)
(0.198421 -0.00965453 -0.0489847)
(0.0425388 -0.0195876 0.149139)
(0.0344264 -0.00356987 0.12209)
(-0.0344276 0.00357019 0.12209)
(-0.0425396 0.0195885 0.149141)
(-0.198428 0.00965607 -0.0489855)
(0.135057 0.0201084 -0.733301)
(0.00162271 -0.00162268 -0.805238)
(-0.0016227 -0.0016227 -0.805238)
(-0.135055 0.0201078 -0.733302)
(0.198422 0.00965534 -0.0489842)
(0.0425392 0.0195876 0.149139)
(0.0344265 0.00356994 0.12209)
(-0.0158965 0.0138204 0.125949)
(-0.0306078 0.0358744 0.137475)
(-0.108029 0.046791 0.143038)
(-0.11901 0.119018 -0.0871)
(-0.0201079 -0.135055 -0.733303)
(0.0201078 -0.135055 -0.733302)
(0.119012 0.119013 -0.0870992)
(0.108029 0.0467907 0.143039)
(0.0306085 0.0358736 0.137474)
(0.0158962 0.0138203 0.125949)
(-0.01091 0.0130071 0.119953)
(-0.0102209 0.023208 0.125943)
(-0.0296164 0.0296148 0.117055)
(-0.0467904 0.10803 0.143041)
(-0.00965451 0.198421 -0.0489847)
(0.0096553 0.198422 -0.0489842)
(0.0467907 0.108029 0.143039)
(0.0296154 0.0296154 0.117055)
(0.0102209 0.0232078 0.125942)
(0.0109096 0.0130072 0.119953)
(-0.0058504 0.00741528 0.1173)
(-0.0136199 0.0136203 0.120924)
(-0.023208 0.0102209 0.125942)
(-0.0358735 0.0306095 0.137475)
(-0.0195876 0.0425388 0.149139)
(0.0195876 0.0425392 0.149139)
(0.0358736 0.0306085 0.137474)
(0.0232078 0.010221 0.125942)
(0.01362 0.01362 0.120924)
(0.00585027 0.00741524 0.1173)
(-0.00463529 0.00463514 0.115002)
(-0.00741523 0.00585025 0.1173)
(-0.0130074 0.0109095 0.119953)
(-0.0138202 0.0158962 0.125949)
(-0.00356987 0.0344264 0.12209)
(0.00356993 0.0344265 0.12209)
(0.0138203 0.0158962 0.125949)
(0.0130072 0.0109096 0.119953)
(0.00741524 0.00585027 0.1173)
(0.00463516 0.00463516 0.115002)
(-0.00396047 -0.00396047 0.120561)
(-0.00600553 -0.00471285 0.123558)
(-0.0103248 -0.00870532 0.12663)
(-0.0128269 -0.0116345 0.134887)
(-0.00456312 -0.0203351 0.14088)
(0.00456312 -0.0203351 0.14088)
(0.012827 -0.0116346 0.134887)
(0.0103246 -0.00870541 0.12663)
(0.00600558 -0.00471288 0.123558)
(0.0039604 -0.0039605 0.120561)
(-0.00471285 -0.00600553 0.123558)
(-0.0107436 -0.0107436 0.128777)
(-0.0173749 -0.0111923 0.135084)
(-0.0243866 -0.0217071 0.160761)
(-0.0124493 -0.0780052 0.16365)
(0.0124492 -0.0780056 0.16365)
(0.0243866 -0.0217064 0.160761)
(0.0173748 -0.0111924 0.135084)
(0.0107437 -0.0107434 0.128777)
(0.00471277 -0.00600551 0.123558)
(-0.00870532 -0.0103248 0.12663)
(-0.0111923 -0.0173749 0.135084)
(-0.0214202 -0.0214202 0.144967)
(-0.0798535 -0.0901827 0.158617)
(-0.0432198 -0.0766017 -0.0904669)
(0.04322 -0.076602 -0.0904672)
(0.0798538 -0.0901829 0.158616)
(0.0214195 -0.0214207 0.144967)
(0.0111924 -0.0173749 0.135084)
(0.00870506 -0.0103248 0.12663)
(-0.0116345 -0.0128269 0.134887)
(-0.0217071 -0.0243866 0.160761)
(-0.0901827 -0.0798535 0.158617)
(-0.0581171 -0.0581171 -0.114036)
(-0.00426251 -0.0498267 -0.760617)
(0.00426249 -0.0498269 -0.760617)
(0.0581172 -0.0581159 -0.114035)
(0.0901831 -0.0798537 0.158618)
(0.0217076 -0.0243861 0.16076)
(0.0116343 -0.0128268 0.134887)
(-0.0203351 -0.00456312 0.14088)
(-0.0780052 -0.0124493 0.16365)
(-0.0766017 -0.0432199 -0.090467)
(-0.0498267 -0.0042625 -0.760617)
(-0.000749389 -0.000749389 -0.83156)
(0.000749388 -0.000749392 -0.83156)
(0.0498264 -0.00426245 -0.760618)
(0.0766 -0.0432198 -0.090465)
(0.0780056 -0.0124486 0.163648)
(0.0203344 -0.00456292 0.14088)
(-0.0203351 0.00456313 0.14088)
(-0.0780056 0.0124493 0.16365)
(-0.0766021 0.0432201 -0.0904673)
(-0.0498269 0.00426248 -0.760617)
(-0.000749392 0.000749388 -0.83156)
(0.000749391 0.000749391 -0.83156)
(0.0498266 0.00426243 -0.760618)
(0.0766003 0.0432201 -0.0904651)
(0.0780059 0.0124486 0.163648)
(0.0203344 0.00456296 0.14088)
(-0.0116346 0.012827 0.134887)
(-0.0217063 0.0243866 0.160761)
(-0.0901829 0.0798539 0.158616)
(-0.0581158 0.0581172 -0.114035)
(-0.00426245 0.0498264 -0.760618)
(0.00426244 0.0498266 -0.760618)
(0.058116 0.058116 -0.114034)
(0.0901831 0.079854 0.158616)
(0.0217069 0.0243861 0.16076)
(0.0116343 0.0128269 0.134887)
(-0.00870541 0.0103246 0.12663)
(-0.0111924 0.0173748 0.135084)
(-0.0214208 0.0214195 0.144967)
(-0.0798537 0.0901831 0.158618)
(-0.0432198 0.0766 -0.0904649)
(0.0432201 0.0766003 -0.0904651)
(0.079854 0.0901831 0.158616)
(0.02142 0.02142 0.144967)
(0.0111925 0.0173747 0.135084)
(0.00870515 0.0103247 0.12663)
(-0.00471288 0.00600557 0.123558)
(-0.0107434 0.0107437 0.128777)
(-0.0173749 0.0111924 0.135084)
(-0.0243861 0.0217076 0.16076)
(-0.0124486 0.0780056 0.163648)
(0.0124486 0.0780059 0.163648)
(0.0243861 0.0217069 0.16076)
(0.0173747 0.0111925 0.135084)
(0.0107435 0.0107435 0.128777)
(0.0047128 0.00600556 0.123558)
(-0.0039605 0.0039604 0.120561)
(-0.00600551 0.00471277 0.123558)
(-0.0103248 0.00870506 0.12663)
(-0.0128268 0.0116343 0.134887)
(-0.00456292 0.0203344 0.14088)
(0.00456295 0.0203344 0.14088)
(0.0128269 0.0116343 0.134887)
(0.0103247 0.00870515 0.12663)
(0.00600556 0.0047128 0.123558)
(0.00396043 0.00396043 0.120561)
(-0.00316359 -0.00316358 0.125122)
(-0.00439366 -0.00327459 0.128446)
(-0.00732196 -0.00679547 0.132195)
(-0.00707625 -0.00349822 0.141792)
(-0.00089774 -0.021194 0.155518)
(0.000897756 -0.021194 0.155518)
(0.00707624 -0.0034983 0.141792)
(0.00732184 -0.00679556 0.132195)
(0.00439368 -0.00327462 0.128446)
(0.00316349 -0.00316361 0.125122)
(-0.00327459 -0.00439365 0.128446)
(-0.00796341 -0.00796341 0.133755)
(-0.00762471 -0.00148285 0.14333)
(-0.0217636 -0.0134171 0.168474)
(-0.0168988 0.0174138 0.193543)
(0.0168987 0.0174138 0.193543)
(0.0217635 -0.0134167 0.168474)
(0.00762464 -0.00148295 0.14333)
(0.00796349 -0.00796328 0.133755)
(0.0032745 -0.00439365 0.128446)
(-0.00679548 -0.00732195 0.132195)
(-0.00148285 -0.0076247 0.14333)
(-0.0126629 -0.0126629 0.165806)
(0.0145263 0.0474791 0.202467)
(0.0254018 -0.168689 -0.168345)
(-0.0254016 -0.168689 -0.168345)
(-0.0145266 0.0474786 0.202465)
(0.0126625 -0.0126634 0.165806)
(0.00148298 -0.00762474 0.14333)
(0.00679525 -0.00732204 0.132195)
(-0.00349822 -0.00707624 0.141792)
(-0.013417 -0.0217636 0.168474)
(0.0474791 0.0145264 0.202467)
(-0.138267 -0.138267 -0.217905)
(0.00351231 -0.0404149 -0.769849)
(-0.00351234 -0.0404149 -0.769849)
(0.138267 -0.138268 -0.217905)
(-0.0474785 0.0145253 0.202467)
(0.0134176 -0.0217634 0.168474)
(0.00349808 -0.00707631 0.141792)
(-0.021194 -0.000897739 0.155518)
(0.0174138 -0.0168988 0.193543)
(-0.168689 0.0254017 -0.168345)
(-0.0404149 0.00351229 -0.769849)
(-0.000626313 -0.000626313 -0.868542)
(0.00062631 -0.000626311 -0.868542)
(0.0404149 0.00351232 -0.769849)
(0.168689 0.0254015 -0.168345)
(-0.0174127 -0.0168985 0.193541)
(0.0211936 -0.000897691 0.155517)
(-0.021194 0.000897761 0.155518)
(0.0174138 0.0168987 0.193543)
(-0.168689 -0.0254015 -0.168345)
(-0.0404149 -0.00351232 -0.769849)
(-0.000626311 0.00062631 -0.868542)
(0.000626311 0.000626311 -0.868542)
(0.0404149 -0.00351234 -0.769849)
(0.168689 -0.0254013 -0.168345)
(-0.0174128 0.0168984 0.193542)
(0.0211936 0.00089772 0.155518)
(-0.0034983 0.00707624 0.141792)
(-0.0134167 0.0217635 0.168474)
(0.0474786 -0.0145266 0.202465)
(-0.138268 0.138267 -0.217905)
(0.00351234 0.0404149 -0.769849)
(-0.00351236 0.0404149 -0.769849)
(0.138267 0.138267 -0.217904)
(-0.0474779 -0.0145255 0.202466)
(0.0134172 0.0217634 0.168474)
(0.00349816 0.00707632 0.141792)
(-0.00679556 0.00732183 0.132195)
(-0.00148296 0.00762463 0.14333)
(-0.0126634 0.0126625 0.165806)
(0.0145253 -0.0474785 0.202467)
(0.0254015 0.16869 -0.168345)
(-0.0254013 0.168689 -0.168345)
(-0.0145255 -0.0474779 0.202466)
(0.012663 0.012663 0.165806)
(0.00148309 0.00762468 0.14333)
(0.00679533 0.00732192 0.132195)
(-0.00327462 0.00439368 0.128446)
(-0.00796329 0.00796349 0.133755)
(-0.00762475 0.00148298 0.143329)
(-0.0217634 0.0134176 0.168474)
(-0.0168985 -0.0174127 0.193541)
(0.0168984 -0.0174127 0.193542)
(0.0217634 0.0134172 0.168474)
(0.00762468 0.00148309 0.14333)
(0.00796337 0.00796337 0.133755)
(0.00327453 0.00439368 0.128446)
(-0.00316362 0.00316349 0.125122)
(-0.00439366 0.0032745 0.128446)
(-0.00732205 0.00679525 0.132195)
(-0.00707631 0.00349808 0.141792)
(-0.000897693 0.0211936 0.155517)
(0.000897715 0.0211936 0.155518)
(0.00707632 0.00349816 0.141792)
(0.00732193 0.00679533 0.132195)
(0.00439368 0.00327453 0.128446)
(0.00316352 0.00316351 0.125122)
(-0.00233188 -0.00233187 0.128126)
(-0.00244286 -0.00212666 0.130855)
(-0.00358033 -0.00327891 0.132207)
(-0.00100396 0.00132248 0.138792)
(0.00241351 0.00204529 0.139699)
(-0.00241354 0.00204527 0.139699)
(0.00100396 0.00132238 0.138792)
(0.00358023 -0.00327898 0.132207)
(0.0024429 -0.00212669 0.130855)
(0.00233182 -0.0023319 0.128126)
(-0.00212666 -0.00244285 0.130855)
(-0.00341537 -0.00341537 0.13406)
(-0.000178606 0.00565925 0.14063)
(0.00410581 0.0127722 0.145159)
(0.00176454 0.0725778 0.184944)
(-0.00176468 0.0725778 0.184944)
(-0.00410586 0.0127723 0.145159)
(0.000178573 0.00565913 0.14063)
(0.00341545 -0.00341531 0.13406)
(0.00212662 -0.00244287 0.130855)
(-0.00327891 -0.00358032 0.132207)
(0.00565924 -0.000178594 0.14063)
(0.0129001 0.0129001 0.134576)
(0.0661925 0.103129 0.174536)
(0.0628415 0.19187 -0.00576131)
(-0.0628415 0.19187 -0.00576136)
(-0.0661926 0.103128 0.174535)
(-0.0129002 0.0128997 0.134576)
(-0.0056591 -0.000178678 0.14063)
(0.00327878 -0.00358041 0.132207)
(0.00132247 -0.00100395 0.138792)
(0.0127722 0.00410581 0.145159)
(0.103129 0.0661925 0.174536)
(0.167631 0.167631 -0.0321525)
(0.0424397 -0.000637899 -0.929838)
(-0.0424398 -0.000638038 -0.929838)
(-0.167632 0.16763 -0.0321521)
(-0.103128 0.0661918 0.174537)
(-0.0127719 0.00410573 0.145159)
(-0.00132253 -0.00100404 0.138792)
(0.00204528 0.00241352 0.139699)
(0.0725778 0.00176454 0.184944)
(0.19187 0.0628415 -0.00576136)
(-0.000637907 0.0424396 -0.929838)
(-0.000102357 -0.000102357 -0.869816)
(0.000102356 -0.000102358 -0.869816)
(0.00063775 0.0424395 -0.929839)
(-0.191869 0.0628412 -0.00576068)
(-0.0725772 0.00176468 0.184943)
(-0.00204544 0.00241353 0.139699)
(0.00204526 -0.00241354 0.139699)
(0.0725779 -0.00176466 0.184944)
(0.19187 -0.0628415 -0.0057614)
(-0.000638044 -0.0424397 -0.929838)
(-0.000102358 0.000102356 -0.869816)
(0.000102356 0.000102356 -0.869816)
(0.000637881 -0.0424396 -0.929839)
(-0.191868 -0.0628412 -0.00576066)
(-0.0725771 -0.00176481 0.184943)
(-0.00204541 -0.00241354 0.139699)
(0.00132238 0.00100396 0.138792)
(0.0127723 -0.00410586 0.145159)
(0.103128 -0.0661926 0.174535)
(0.16763 -0.167631 -0.0321521)
(0.0424396 0.000637741 -0.929839)
(-0.0424397 0.000637873 -0.929839)
(-0.16763 -0.16763 -0.0321518)
(-0.103128 -0.0661919 0.174535)
(-0.012772 -0.00410577 0.145159)
(-0.00132244 0.00100405 0.138792)
(-0.00327898 0.00358023 0.132207)
(0.00565912 0.000178566 0.14063)
(0.0128997 -0.0129002 0.134576)
(0.0661918 -0.103128 0.174537)
(0.0628412 -0.191869 -0.00576064)
(-0.0628412 -0.191869 -0.00576063)
(-0.0661919 -0.103128 0.174535)
(-0.0128998 -0.0128999 0.134576)
(-0.00565898 0.000178648 0.14063)
(0.00327885 0.00358032 0.132207)
(-0.0021267 0.0024429 0.130855)
(-0.00341531 0.00341545 0.13406)
(-0.000178686 -0.0056591 0.14063)
(0.00410573 -0.0127719 0.145159)
(0.00176469 -0.0725771 0.184943)
(-0.00176483 -0.0725771 0.184943)
(-0.00410578 -0.012772 0.145159)
(0.000178651 -0.00565898 0.14063)
(0.00341539 0.00341539 0.13406)
(0.00212665 0.00244292 0.130855)
(-0.00233191 0.00233182 0.128126)
(-0.00244288 0.00212661 0.130855)
(-0.00358042 0.00327878 0.132207)
(-0.00100405 -0.00132253 0.138792)
(0.00241352 -0.00204545 0.139699)
(-0.00241354 -0.00204542 0.139699)
(0.00100405 -0.00132245 0.138792)
(0.00358033 0.00327885 0.132207)
(0.00244292 0.00212665 0.130855)
(0.00233186 0.00233186 0.128126)
(-0.00181115 -0.00181115 0.130241)
(-0.00232941 -0.00174463 0.132099)
(-0.00325278 -0.00270595 0.13158)
(-0.00292714 -0.000458871 0.133487)
(-0.000196143 0.000752896 0.12663)
(0.000196121 0.000752881 0.12663)
(0.00292711 -0.00045895 0.133487)
(0.00325272 -0.00270601 0.13158)
(0.00232943 -0.00174467 0.132099)
(0.00181109 -0.00181117 0.130241)
(-0.00174464 -0.00232941 0.132099)
(-0.00320815 -0.00320814 0.133511)
(-0.00197149 -0.00020988 0.132917)
(0.000522403 0.00382963 0.127083)
(0.000888574 0.0103076 0.110319)
(-0.00088869 0.0103077 0.110319)
(-0.000522479 0.00382957 0.127083)
(0.00197148 -0.000210003 0.132917)
(0.0032082 -0.00320813 0.133511)
(0.00174458 -0.00232944 0.132099)
(-0.00270595 -0.00325277 0.13158)
(-0.000209884 -0.00197148 0.132917)
(0.0036756 0.00367561 0.117093)
(0.00717966 0.0261884 0.0964061)
(0.00292309 0.143479 -0.0410913)
(-0.00292312 0.143479 -0.041091)
(-0.00717985 0.0261878 0.0964054)
(-0.00367557 0.0036753 0.117093)
(0.000210003 -0.00197158 0.132916)
(0.00270585 -0.00325286 0.13158)
(-0.000458871 -0.00292713 0.133487)
(0.00382963 0.000522415 0.127083)
(0.0261884 0.00717968 0.096406)
(0.13041 0.13041 -0.0983374)
(0.0115717 0.00683025 -0.654776)
(-0.011572 0.00682991 -0.654775)
(-0.130411 0.130409 -0.0983376)
(-0.026188 0.00717888 0.0964065)
(-0.00382936 0.000522198 0.127083)
(0.000458828 -0.00292726 0.133487)
(0.000752896 -0.00019614 0.12663)
(0.0103076 0.000888579 0.110319)
(0.143479 0.0029231 -0.0410914)
(0.00683023 0.0115717 -0.654776)
(-1.32203e-05 -1.32201e-05 -0.868754)
(1.32164e-05 -1.3222e-05 -0.868754)
(-0.00683047 0.0115707 -0.654778)
(-0.143477 0.00292254 -0.0410917)
(-0.0103068 0.000888515 0.110319)
(-0.000752913 -0.000196185 0.12663)
(0.000752882 0.00019612 0.12663)
(0.0103077 -0.000888691 0.110319)
(0.143479 -0.00292313 -0.0410911)
(0.00682989 -0.011572 -0.654776)
(-1.32222e-05 1.32162e-05 -0.868754)
(1.32184e-05 1.32182e-05 -0.868754)
(-0.00683013 -0.0115711 -0.654778)
(-0.143477 -0.00292258 -0.0410913)
(-0.0103069 -0.000888622 0.110319)
(-0.000752913 0.000196163 0.12663)
(-0.000458951 0.0029271 0.133487)
(0.00382957 -0.00052249 0.127083)
(0.0261878 -0.00717987 0.0964053)
(0.130409 -0.130411 -0.0983376)
(0.0115707 -0.00683049 -0.654778)
(-0.0115711 -0.00683015 -0.654777)
(-0.130409 -0.130409 -0.0983378)
(-0.0261873 -0.00717907 0.0964057)
(-0.00382929 -0.000522276 0.127083)
(0.000458913 0.00292724 0.133487)
(-0.00270601 0.00325272 0.13158)
(-0.000210009 0.00197148 0.132917)
(0.00367529 -0.00367558 0.117093)
(0.00717886 -0.026188 0.0964065)
(0.00292252 -0.143477 -0.0410917)
(-0.00292256 -0.143477 -0.0410913)
(-0.00717904 -0.0261873 0.0964057)
(-0.00367526 -0.00367527 0.117093)
(0.000210135 0.00197158 0.132916)
(0.0027059 0.00325281 0.13158)
(-0.00174467 0.00232943 0.132099)
(-0.00320813 0.0032082 0.133511)
(-0.00197159 0.000210003 0.132916)
(0.00052219 -0.00382935 0.127083)
(0.000888509 -0.0103068 0.110318)
(-0.00088862 -0.0103069 0.110319)
(-0.000522268 -0.00382929 0.127083)
(0.00197159 0.000210133 0.132916)
(0.00320819 0.00320819 0.133511)
(0.00174462 0.00232946 0.132099)
(-0.00181118 0.00181109 0.130241)
(-0.00232944 0.00174458 0.132099)
(-0.00325287 0.00270584 0.13158)
(-0.00292727 0.000458828 0.133487)
(-0.000196189 -0.000752914 0.12663)
(0.000196164 -0.000752911 0.12663)
(0.00292724 0.000458912 0.133487)
(0.00325282 0.0027059 0.13158)
(0.00232946 0.00174461 0.132099)
(0.00181111 0.00181111 0.130241)
(-0.00141215 -0.00141215 0.132141)
(-0.00182799 -0.00146868 0.133611)
(-0.00290333 -0.00265767 0.133042)
(-0.00332252 -0.00194781 0.133926)
(-0.000860134 -0.00678915 0.127813)
(0.000860098 -0.00678913 0.127813)
(0.0033225 -0.00194788 0.133926)
(0.00290329 -0.00265771 0.133042)
(0.00182802 -0.00146871 0.133611)
(0.00141212 -0.00141217 0.132141)
(-0.00146869 -0.00182799 0.133611)
(-0.00306954 -0.00306953 0.134654)
(-0.00337057 -0.00155177 0.132889)
(-0.0074271 -0.00567289 0.128437)
(-0.00571077 -0.00692577 0.105919)
(0.00571068 -0.00692571 0.105919)
(0.00742702 -0.00567304 0.128437)
(0.00337057 -0.00155189 0.132889)
(0.00306958 -0.00306955 0.134654)
(0.00146866 -0.00182802 0.133611)
(-0.00265767 -0.00290332 0.133042)
(-0.00155178 -0.00337056 0.132889)
(-0.00557624 -0.00557623 0.120299)
(-0.00896474 -0.013075 0.0981686)
(-0.00279423 -0.0616507 -0.011065)
(0.0027941 -0.0616506 -0.0110647)
(0.00896456 -0.0130757 0.0981683)
(0.00557633 -0.00557646 0.120299)
(0.00155189 -0.00337067 0.132889)
(0.00265763 -0.0029034 0.133042)
(-0.00194781 -0.00332251 0.133926)
(-0.0056729 -0.00742709 0.128437)
(-0.013075 -0.00896472 0.0981686)
(-0.0682405 -0.0682404 -0.0357973)
(-0.0357031 0.00708964 -0.735072)
(0.0357029 0.00708953 -0.735072)
(0.0682402 -0.0682431 -0.0357969)
(0.0130755 -0.00896554 0.098169)
(0.00567309 -0.00742737 0.128437)
(0.00194782 -0.00332265 0.133926)
(-0.00678915 -0.00086013 0.127813)
(-0.00692577 -0.00571076 0.105919)
(-0.0616506 -0.00279422 -0.011065)
(0.00708963 -0.035703 -0.735072)
(-9.40786e-05 -9.40787e-05 -0.861206)
(9.40769e-05 -9.40766e-05 -0.861206)
(-0.00708981 -0.0357039 -0.735075)
(0.061653 -0.00279489 -0.0110656)
(0.00692657 -0.00571093 0.105918)
(0.00678925 -0.00086019 0.127813)
(-0.00678913 0.000860097 0.127813)
(-0.00692571 0.00571068 0.105919)
(-0.0616505 0.00279409 -0.0110647)
(0.00708952 0.0357029 -0.735072)
(-9.40766e-05 9.40769e-05 -0.861206)
(9.40747e-05 9.40748e-05 -0.861206)
(-0.0070897 0.0357038 -0.735074)
(0.0616529 0.00279473 -0.0110652)
(0.0069265 0.00571084 0.105918)
(0.00678924 0.00086016 0.127813)
(-0.00194788 0.00332249 0.133926)
(-0.00567304 0.007427 0.128437)
(-0.0130757 0.00896454 0.0981683)
(-0.0682433 0.06824 -0.035797)
(-0.035704 -0.00708982 -0.735075)
(0.0357038 -0.0070897 -0.735074)
(0.0682429 0.0682428 -0.0357969)
(0.0130762 0.00896535 0.0981686)
(0.00567328 0.00742729 0.128437)
(0.00194788 0.00332262 0.133926)
(-0.00265771 0.00290329 0.133042)
(-0.00155189 0.00337057 0.132889)
(-0.00557646 0.00557632 0.120299)
(-0.00896556 0.0130755 0.098169)
(-0.00279491 0.0616531 -0.0110656)
(0.00279475 0.061653 -0.0110652)
(0.00896537 0.0130762 0.0981686)
(0.00557659 0.00557659 0.120299)
(0.001552 0.00337068 0.132889)
(0.00265767 0.00290337 0.133042)
(-0.00146871 0.00182802 0.133611)
(-0.00306955 0.00306958 0.134654)
(-0.00337067 0.00155189 0.132889)
(-0.00742738 0.00567309 0.128437)
(-0.00571094 0.00692658 0.105918)
(0.00571085 0.00692651 0.105918)
(0.0074273 0.00567327 0.128437)
(0.00337068 0.001552 0.132889)
(0.0030696 0.0030696 0.134654)
(0.00146869 0.00182805 0.133611)
(-0.00141217 0.00141212 0.132141)
(-0.00182802 0.00146866 0.133611)
(-0.00290341 0.00265763 0.133042)
(-0.00332266 0.00194782 0.133926)
(-0.000860195 0.00678926 0.127813)
(0.000860162 0.00678925 0.127813)
(0.00332263 0.00194788 0.133926)
(0.00290337 0.00265767 0.133042)
(0.00182806 0.00146869 0.133611)
(0.00141215 0.00141215 0.132141)
(-0.00110921 -0.0011092 0.133667)
(-0.00192487 -0.00125008 0.135152)
(-0.00317754 -0.00278756 0.135026)
(-0.00564602 -0.00316779 0.136927)
(-0.00328299 -0.010206 0.134477)
(0.00328297 -0.0102061 0.134477)
(0.00564599 -0.00316782 0.136927)
(0.00317752 -0.00278759 0.135026)
(0.00192488 -0.0012501 0.135152)
(0.00110917 -0.00110922 0.133667)
(-0.00125008 -0.00192487 0.135152)
(-0.00359981 -0.0035998 0.136627)
(-0.00510595 -0.00664534 0.136237)
(-0.0130593 -0.0142414 0.137937)
(-0.01073 -0.0594818 0.127163)
(0.0107299 -0.0594816 0.127163)
(0.0130592 -0.0142416 0.137937)
(0.00510594 -0.00664543 0.136237)
(0.00359983 -0.00359982 0.136627)
(0.00125005 -0.00192489 0.135152)
(-0.00278756 -0.00317753 0.135026)
(-0.00664534 -0.00510594 0.136237)
(-0.0139511 -0.0139511 0.130744)
(-0.0584884 -0.0437939 0.126792)
(-0.0429751 -0.105786 -0.0341172)
(0.042975 -0.105786 -0.0341169)
(0.0584882 -0.0437942 0.126793)
(0.0139513 -0.0139513 0.130744)
(0.00664542 -0.00510601 0.136237)
(0.00278752 -0.00317759 0.135026)
(-0.00316779 -0.00564602 0.136927)
(-0.0142414 -0.0130593 0.137937)
(-0.0437939 -0.0584884 0.126792)
(-0.0955256 -0.0955256 -0.0458655)
(-0.00642078 -0.0765642 -0.774312)
(0.0064208 -0.0765639 -0.774312)
(0.0955258 -0.0955313 -0.0458664)
(0.0437941 -0.0584895 0.126793)
(0.0142416 -0.0130596 0.137937)
(0.00316777 -0.00564614 0.136927)
(-0.010206 -0.00328298 0.134477)
(-0.0594818 -0.01073 0.127163)
(-0.105786 -0.0429751 -0.0341173)
(-0.0765642 -0.00642078 -0.774312)
(-0.00145065 -0.00145065 -0.859886)
(0.00145065 -0.00145064 -0.859886)
(0.0765646 -0.00642112 -0.774317)
(0.105792 -0.042976 -0.0341185)
(0.0594829 -0.0107303 0.127164)
(0.0102063 -0.00328306 0.134477)
(-0.0102061 0.00328297 0.134477)
(-0.0594816 0.0107299 0.127163)
(-0.105786 0.042975 -0.0341169)
(-0.0765639 0.0064208 -0.774312)
(-0.00145064 0.00145065 -0.859886)
(0.00145065 0.00145065 -0.859886)
(0.0765644 0.00642113 -0.774317)
(0.105792 0.042976 -0.0341181)
(0.0594828 0.0107302 0.127164)
(0.0102063 0.00328304 0.134477)
(-0.00316782 0.00564598 0.136927)
(-0.0142416 0.0130592 0.137937)
(-0.0437942 0.0584882 0.126793)
(-0.0955314 0.0955258 -0.0458664)
(-0.00642112 0.0765646 -0.774317)
(0.00642113 0.0765644 -0.774316)
(0.0955318 0.0955318 -0.045867)
(0.0437946 0.0584893 0.126793)
(0.0142418 0.0130596 0.137937)
(0.00316781 0.00564611 0.136927)
(-0.00278759 0.00317751 0.135026)
(-0.00664543 0.00510593 0.136237)
(-0.0139513 0.0139513 0.130744)
(-0.0584896 0.0437941 0.126793)
(-0.042976 0.105792 -0.0341185)
(0.042976 0.105792 -0.0341181)
(0.0584893 0.0437946 0.126793)
(0.0139515 0.0139515 0.130745)
(0.00664551 0.00510602 0.136237)
(0.00278755 0.00317758 0.135026)
(-0.0012501 0.00192488 0.135152)
(-0.00359983 0.00359983 0.136627)
(-0.00510601 0.00664542 0.136237)
(-0.0130597 0.0142416 0.137937)
(-0.0107303 0.059483 0.127164)
(0.0107302 0.0594828 0.127164)
(0.0130596 0.0142418 0.137937)
(0.00510602 0.00664551 0.136237)
(0.00359986 0.00359985 0.136627)
(0.00125007 0.0019249 0.135152)
(-0.00110922 0.00110917 0.133667)
(-0.00192489 0.00125005 0.135152)
(-0.0031776 0.00278752 0.135026)
(-0.00564614 0.00316777 0.136927)
(-0.00328306 0.0102063 0.134477)
(0.00328304 0.0102063 0.134477)
(0.00564611 0.00316782 0.136927)
(0.00317758 0.00278755 0.135026)
(0.0019249 0.00125007 0.135152)
(0.00110919 0.00110919 0.133667)
(-0.000708273 -0.000708272 0.13499)
(-0.00119466 -0.000750148 0.136807)
(-0.00207795 -0.0020449 0.138255)
(-0.00372996 -0.00140271 0.142276)
(-0.00217931 -0.0101328 0.14963)
(0.0021793 -0.0101328 0.14963)
(0.00372995 -0.0014027 0.142276)
(0.00207792 -0.00204491 0.138255)
(0.00119467 -0.000750157 0.136807)
(0.000708263 -0.000708283 0.13499)
(-0.000750149 -0.00119466 0.136807)
(-0.00254521 -0.00254521 0.139178)
(-0.00275235 -0.00377515 0.142728)
(-0.0118675 -0.00996194 0.151147)
(-0.0107925 -0.0256215 0.163563)
(0.0107925 -0.0256214 0.163563)
(0.0118675 -0.00996189 0.151148)
(0.0027523 -0.00377518 0.142728)
(0.00254522 -0.00254521 0.139178)
(0.000750138 -0.00119467 0.136807)
(-0.0020449 -0.00207794 0.138255)
(-0.00377515 -0.00275234 0.142728)
(-0.0094569 -0.0094569 0.154183)
(-0.0245692 -3.26216e-05 0.169517)
(-0.00968473 -0.132368 -0.108993)
(0.0096848 -0.132368 -0.108993)
(0.0245691 -3.15673e-05 0.169519)
(0.00945681 -0.00945687 0.154184)
(0.00377517 -0.00275233 0.142728)
(0.00204488 -0.00207797 0.138255)
(-0.00140271 -0.00372995 0.142276)
(-0.00996195 -0.0118675 0.151147)
(-3.263e-05 -0.0245692 0.169517)
(-0.0933939 -0.0933939 -0.111296)
(-0.00583581 -0.236239 -0.78729)
(0.00583588 -0.236239 -0.78729)
(0.0933933 -0.0933912 -0.111295)
(3.15316e-05 -0.0245687 0.169518)
(0.00996191 -0.0118676 0.151148)
(0.00140266 -0.00372999 0.142276)
(-0.0101328 -0.00217931 0.14963)
(-0.0256214 -0.0107925 0.163563)
(-0.132368 -0.00968473 -0.108993)
(-0.236239 -0.00583581 -0.78729)
(-0.00978873 -0.00978873 -0.910136)
(0.00978878 -0.0097887 -0.910136)
(0.236241 -0.00583557 -0.787302)
(0.132366 -0.00968441 -0.108997)
(0.0256209 -0.0107925 0.163566)
(0.0101327 -0.00217932 0.149631)
(-0.0101328 0.0021793 0.14963)
(-0.0256214 0.0107925 0.163563)
(-0.132368 0.0096848 -0.108993)
(-0.236239 0.00583588 -0.78729)
(-0.0097887 0.00978878 -0.910136)
(0.00978875 0.00978875 -0.910136)
(0.236241 0.00583565 -0.787302)
(0.132366 0.00968445 -0.108996)
(0.0256209 0.0107925 0.163566)
(0.0101327 0.00217931 0.149631)
(-0.0014027 0.00372994 0.142276)
(-0.00996189 0.0118675 0.151148)
(-3.15742e-05 0.0245691 0.169519)
(-0.0933912 0.0933933 -0.111295)
(-0.00583557 0.236241 -0.787302)
(0.00583565 0.236241 -0.787302)
(0.0933915 0.0933915 -0.111295)
(3.0705e-05 0.0245686 0.16952)
(0.00996194 0.0118675 0.151148)
(0.00140265 0.00372997 0.142276)
(-0.00204491 0.00207791 0.138255)
(-0.00377518 0.00275229 0.142728)
(-0.00945687 0.00945681 0.154184)
(-0.0245687 3.1526e-05 0.169518)
(-0.00968441 0.132366 -0.108997)
(0.00968446 0.132366 -0.108996)
(0.0245686 3.07011e-05 0.16952)
(0.00945687 0.00945687 0.154184)
(0.0037752 0.00275229 0.142728)
(0.00204489 0.00207794 0.138255)
(-0.000750158 0.00119467 0.136807)
(-0.00254521 0.00254522 0.139178)
(-0.00275233 0.00377517 0.142728)
(-0.0118676 0.00996191 0.151148)
(-0.0107925 0.0256209 0.163566)
(0.0107925 0.0256209 0.163566)
(0.0118675 0.00996194 0.151148)
(0.00275229 0.0037752 0.142728)
(0.00254523 0.00254522 0.139178)
(0.000750147 0.00119469 0.136807)
(-0.000708284 0.000708262 0.13499)
(-0.00119467 0.000750137 0.136807)
(-0.00207797 0.00204488 0.138255)
(-0.00372999 0.00140266 0.142276)
(-0.00217932 0.0101327 0.149631)
(0.00217931 0.0101327 0.149631)
(0.00372998 0.00140265 0.142276)
(0.00207795 0.00204489 0.138255)
(0.00119469 0.000750146 0.136807)
(0.000708275 0.000708275 0.13499)
(-0.000216033 -0.000216033 0.135616)
(-0.00031567 -7.31791e-05 0.137402)
(-0.000422251 -0.000536806 0.138597)
(4.96507e-05 0.00123871 0.142151)
(0.000379063 -0.00283802 0.145483)
(-0.000379034 -0.00283804 0.145483)
(-4.96466e-05 0.00123871 0.142151)
(0.000422213 -0.000536809 0.138597)
(0.000315667 -7.31804e-05 0.137402)
(0.000216019 -0.000216034 0.135616)
(-7.31795e-05 -0.000315669 0.137402)
(-0.000629156 -0.000629155 0.139016)
(0.000895997 0.00124475 0.143592)
(-0.00225508 0.000228582 0.142522)
(-0.00379352 0.0271922 0.169145)
(0.00379353 0.0271921 0.169145)
(0.0022551 0.00022917 0.142521)
(-0.000896038 0.00124479 0.143592)
(0.000629155 -0.000629089 0.139016)
(7.3165e-05 -0.000315661 0.137402)
(-0.000536806 -0.00042225 0.138597)
(0.00124475 0.000895999 0.143592)
(0.000442487 0.000442487 0.143653)
(0.0260633 0.0372449 0.159369)
(0.0252147 -0.0193272 0.0292784)
(-0.0252142 -0.0193274 0.0292787)
(-0.0260631 0.0372455 0.159368)
(-0.000443047 0.00044257 0.143653)
(-0.00124478 0.000896076 0.143591)
(0.000536733 -0.000422242 0.138597)
(0.00123871 4.96521e-05 0.142151)
(0.00022858 -0.00225508 0.142521)
(0.0372449 0.0260633 0.159369)
(-0.012978 -0.012978 -0.0264318)
(-0.00603519 -0.116241 -0.841585)
(0.00603527 -0.116241 -0.841584)
(0.0129779 -0.0129696 -0.026431)
(-0.0372455 0.0260645 0.159369)
(-0.000228655 -0.00225447 0.142521)
(-0.00123879 4.97311e-05 0.142151)
(-0.00283802 0.000379063 0.145483)
(0.0271922 -0.00379352 0.169145)
(-0.0193272 0.0252147 0.0292784)
(-0.116241 -0.00603519 -0.841585)
(-0.0103479 -0.0103479 -1.1208)
(0.0103479 -0.0103479 -1.1208)
(0.116241 -0.00603405 -0.841586)
(0.0193187 0.0252157 0.0292787)
(-0.0271933 -0.00379294 0.169144)
(0.00283741 0.000379137 0.145483)
(-0.00283804 -0.000379034 0.145483)
(0.0271921 0.00379353 0.169145)
(-0.0193274 -0.0252142 0.0292787)
(-0.116241 0.00603527 -0.841584)
(-0.0103479 0.0103479 -1.1208)
(0.010348 0.010348 -1.1208)
(0.116241 0.00603421 -0.841585)
(0.0193189 -0.0252153 0.0292791)
(-0.0271931 0.00379297 0.169144)
(0.00283743 -0.000379111 0.145483)
(0.00123871 -4.96478e-05 0.142151)
(0.000229169 0.0022551 0.142521)
(0.0372455 -0.0260631 0.159368)
(-0.0129696 0.0129779 -0.026431)
(-0.00603405 0.116241 -0.841586)
(0.00603421 0.116241 -0.841585)
(0.0129695 0.0129695 -0.0264303)
(-0.0372465 -0.0260642 0.159368)
(-0.000229267 0.00225449 0.142521)
(-0.00123881 -4.97221e-05 0.142151)
(-0.000536809 0.000422212 0.138597)
(0.00124479 -0.00089604 0.143592)
(0.00044257 -0.000443048 0.143653)
(0.0260645 -0.0372455 0.159369)
(0.0252157 0.0193187 0.0292787)
(-0.0252153 0.0193188 0.0292791)
(-0.0260642 -0.0372465 0.159368)
(-0.000443155 -0.000443156 0.143653)
(-0.00124482 -0.00089613 0.143591)
(0.000536733 0.000422202 0.138597)
(-7.31807e-05 0.000315666 0.137402)
(-0.00062909 0.000629154 0.139016)
(0.000896075 -0.00124479 0.143591)
(-0.00225447 -0.000228656 0.142521)
(-0.00379294 -0.0271933 0.169144)
(0.00379297 -0.0271931 0.169144)
(0.00225449 -0.000229268 0.142521)
(-0.000896129 -0.00124482 0.143591)
(0.000629088 0.000629087 0.139016)
(7.31655e-05 0.000315659 0.137402)
(-0.000216034 0.000216018 0.135616)
(-0.000315662 7.31647e-05 0.137402)
(-0.000422242 0.000536733 0.138597)
(4.97306e-05 -0.00123879 0.142151)
(0.000379137 0.00283742 0.145483)
(-0.000379111 0.00283743 0.145483)
(-4.97216e-05 -0.00123881 0.142151)
(0.000422202 0.000536733 0.138597)
(0.000315659 7.31654e-05 0.137402)
(0.000216017 0.000216017 0.135616)
)
;

boundaryField
{
    bottom
    {
        type            noSlip;
    }
    atmosphere
    {
        type            pressureInletOutletVelocity;
        value           nonuniform List<vector> 
100
(
(-0.000216033 -0.000216033 0.135616)
(-7.31795e-05 -0.000315669 0.137402)
(-0.000536806 -0.00042225 0.138597)
(0.00123871 4.96521e-05 0.142151)
(-0.00283802 0.000379063 0.145483)
(-0.00283804 -0.000379034 0.145483)
(0.00123871 -4.96478e-05 0.142151)
(-0.000536809 0.000422212 0.138597)
(-7.31807e-05 0.000315666 0.137402)
(-0.000216034 0.000216018 0.135616)
(-0.00031567 -7.31791e-05 0.137402)
(-0.000629156 -0.000629155 0.139016)
(0.00124475 0.000895999 0.143592)
(0.00022858 -0.00225508 0.142521)
(0.0271922 -0.00379352 0.169145)
(0.0271921 0.00379353 0.169145)
(0.000229169 0.0022551 0.142521)
(0.00124479 -0.00089604 0.143592)
(-0.00062909 0.000629154 0.139016)
(-0.000315662 7.31647e-05 0.137402)
(-0.000422251 -0.000536806 0.138597)
(0.000895997 0.00124475 0.143592)
(0.000442487 0.000442487 0.143653)
(0.0372449 0.0260633 0.159369)
(-0.0193272 0.0252147 0.0292784)
(-0.0193274 -0.0252142 0.0292787)
(0.0372455 -0.0260631 0.159368)
(0.00044257 -0.000443048 0.143653)
(0.000896075 -0.00124479 0.143591)
(-0.000422242 0.000536733 0.138597)
(4.96507e-05 0.00123871 0.142151)
(-0.00225508 0.000228582 0.142522)
(0.0260633 0.0372449 0.159369)
(0 0 -0.0264318)
(0 0 -0.841585)
(0 0 -0.841584)
(0 0 -0.026431)
(0.0260645 -0.0372455 0.159369)
(-0.00225447 -0.000228656 0.142521)
(4.97306e-05 -0.00123879 0.142151)
(0.000379063 -0.00283802 0.145483)
(-0.00379352 0.0271922 0.169145)
(0.0252147 -0.0193272 0.0292784)
(0 0 -0.841585)
(0 0 -1.1208)
(0 0 -1.1208)
(0 0 -0.841586)
(0.0252157 0.0193187 0.0292787)
(-0.00379294 -0.0271933 0.169144)
(0.000379137 0.00283742 0.145483)
(-0.000379034 -0.00283804 0.145483)
(0.00379353 0.0271921 0.169145)
(-0.0252142 -0.0193274 0.0292787)
(0 0 -0.841584)
(0 0 -1.1208)
(0 0 -1.1208)
(0 0 -0.841585)
(-0.0252153 0.0193188 0.0292791)
(0.00379297 -0.0271931 0.169144)
(-0.000379111 0.00283743 0.145483)
(-4.96466e-05 0.00123871 0.142151)
(0.0022551 0.00022917 0.142521)
(-0.0260631 0.0372455 0.159368)
(0 0 -0.026431)
(0 0 -0.841586)
(0 0 -0.841585)
(0 0 -0.0264303)
(-0.0260642 -0.0372465 0.159368)
(0.00225449 -0.000229268 0.142521)
(-4.97216e-05 -0.00123881 0.142151)
(0.000422213 -0.000536809 0.138597)
(-0.000896038 0.00124479 0.143592)
(-0.000443047 0.00044257 0.143653)
(-0.0372455 0.0260645 0.159369)
(0.0193187 0.0252157 0.0292787)
(0.0193189 -0.0252153 0.0292791)
(-0.0372465 -0.0260642 0.159368)
(-0.000443155 -0.000443156 0.143653)
(-0.000896129 -0.00124482 0.143591)
(0.000422202 0.000536733 0.138597)
(0.000315667 -7.31804e-05 0.137402)
(0.000629155 -0.000629089 0.139016)
(-0.00124478 0.000896076 0.143591)
(-0.000228655 -0.00225447 0.142521)
(-0.0271933 -0.00379294 0.169144)
(-0.0271931 0.00379297 0.169144)
(-0.000229267 0.00225449 0.142521)
(-0.00124482 -0.00089613 0.143591)
(0.000629088 0.000629087 0.139016)
(0.000315659 7.31654e-05 0.137402)
(0.000216019 -0.000216034 0.135616)
(7.3165e-05 -0.000315661 0.137402)
(0.000536733 -0.000422242 0.138597)
(-0.00123879 4.97311e-05 0.142151)
(0.00283741 0.000379137 0.145483)
(0.00283743 -0.000379111 0.145483)
(-0.00123881 -4.97221e-05 0.142151)
(0.000536733 0.000422202 0.138597)
(7.31655e-05 0.000315659 0.137402)
(0.000216017 0.000216017 0.135616)
)
;
    }
    walls
    {
        type            noSlip;
    }
}


// ************************************************************************* //
