/*--------------------------------*- C++ -*----------------------------------*\
| =========                 |                                                 |
| \\      /  F ield         | OpenFOAM: The Open Source CFD Toolbox           |
|  \\    /   O peration     | Version:  2412                                  |
|   \\  /    A nd           | Website:  www.openfoam.com                      |
|    \\/     M anipulation  |                                                 |
\*---------------------------------------------------------------------------*/
FoamFile
{
    version     2.0;
    format      ascii;
    arch        "LSB;label=32;scalar=64";
    class       volVectorField;
    location    "0.82";
    object      U;
}
// * * * * * * * * * * * * * * * * * * * * * * * * * * * * * * * * * * * * * //

dimensions      [0 1 -1 0 0 0 0];

internalField   nonuniform List<vector> 
4000
(
(0.349866 0.349866 -0.249352)
(0.251639 0.227523 -0.135397)
(-0.109505 -0.0790325 -0.233258)
(-0.131708 -0.106643 -0.228452)
(-0.131738 -0.283845 -0.148635)
(0.131739 -0.283839 -0.148635)
(0.131708 -0.106635 -0.228456)
(0.109504 -0.0790303 -0.233257)
(-0.251639 0.227524 -0.135396)
(-0.349866 0.349866 -0.249352)
(0.227523 0.251639 -0.135396)
(0.48268 0.48268 -0.135638)
(0.312716 0.517058 -0.152457)
(0.073501 0.402423 -0.130164)
(-0.071051 0.382677 -0.261707)
(0.0710496 0.382668 -0.261705)
(-0.0734985 0.402423 -0.130164)
(-0.312714 0.517059 -0.15246)
(-0.48268 0.48268 -0.135639)
(-0.227524 0.251639 -0.135397)
(-0.0790327 -0.109505 -0.233257)
(0.517058 0.312717 -0.152457)
(0.412212 0.412214 -0.0395604)
(0.324327 -0.108104 -0.0148653)
(-0.0133438 -0.344706 -0.169782)
(0.0133415 -0.344713 -0.169776)
(-0.324324 -0.108099 -0.0148544)
(-0.412213 0.412222 -0.0395581)
(-0.517058 0.312718 -0.152458)
(0.079032 -0.109504 -0.233256)
(-0.106645 -0.131708 -0.228451)
(0.402424 0.0735019 -0.130163)
(-0.108104 0.324331 -0.0148644)
(0.0412848 0.041285 -0.256642)
(-0.11658 -0.0622087 -0.280142)
(0.116573 -0.0622131 -0.280132)
(-0.0412787 0.0412802 -0.256631)
(0.1081 0.324329 -0.0148562)
(-0.402426 0.0735014 -0.130163)
(0.106643 -0.131707 -0.228452)
(-0.283847 -0.131738 -0.148635)
(0.382684 -0.0710509 -0.261709)
(-0.344704 -0.0133446 -0.16978)
(-0.062204 -0.116583 -0.280143)
(-0.0934656 -0.0934746 -0.158222)
(0.0934572 -0.0934802 -0.15822)
(0.0622063 -0.116579 -0.280134)
(0.344707 -0.0133444 -0.169772)
(-0.382683 -0.0710495 -0.261709)
(0.283844 -0.131738 -0.148635)
(-0.283838 0.131739 -0.148635)
(0.382668 0.0710486 -0.261706)
(-0.344717 0.0133371 -0.16977)
(-0.0622149 0.116566 -0.280126)
(-0.0934808 0.0934549 -0.158213)
(0.0934719 0.09346 -0.15821)
(0.0622183 0.116563 -0.280116)
(0.344721 0.0133369 -0.169763)
(-0.382667 0.0710475 -0.261706)
(0.283836 0.131739 -0.148634)
(-0.106633 0.131708 -0.228457)
(0.402424 -0.0735002 -0.130162)
(-0.108101 -0.324324 -0.0148509)
(0.0412748 -0.0412765 -0.256626)
(-0.116578 0.0622141 -0.280123)
(0.116572 0.0622195 -0.280113)
(-0.0412683 -0.0412714 -0.256615)
(0.108099 -0.324321 -0.0148449)
(-0.402425 -0.0735 -0.130162)
(0.106632 0.131707 -0.228457)
(-0.07903 0.109503 -0.233256)
(0.517059 -0.312714 -0.15246)
(0.412222 -0.412215 -0.0395568)
(0.324324 0.108102 -0.0148543)
(-0.0133446 0.344716 -0.16977)
(0.0133422 0.344723 -0.169764)
(-0.32432 0.108099 -0.0148455)
(-0.412221 -0.412221 -0.0395544)
(-0.517059 -0.312714 -0.152461)
(0.0790294 0.109503 -0.233256)
(0.227524 -0.251639 -0.135396)
(0.482681 -0.48268 -0.135639)
(0.312718 -0.517058 -0.152459)
(0.0735004 -0.402424 -0.130163)
(-0.0710489 -0.382674 -0.261705)
(0.0710476 -0.382665 -0.261703)
(-0.0734983 -0.402424 -0.130163)
(-0.312715 -0.517059 -0.152461)
(-0.482681 -0.482681 -0.13564)
(-0.227525 -0.251639 -0.135396)
(0.349866 -0.349866 -0.249352)
(0.251639 -0.227524 -0.135397)
(-0.109504 0.0790314 -0.233256)
(-0.131707 0.10664 -0.228454)
(-0.131739 0.28384 -0.148635)
(0.13174 0.283834 -0.148635)
(0.131707 0.106632 -0.228457)
(0.109503 0.0790293 -0.233256)
(-0.251639 -0.227525 -0.135396)
(-0.349866 -0.349866 -0.249352)
(-0.0553444 -0.0553443 -0.363709)
(0.216332 -0.556093 0.00740827)
(0.0308681 -0.840047 0.190997)
(-0.112977 -1.3298 0.0901969)
(-0.113287 -1.49842 -0.0475488)
(0.113285 -1.49843 -0.0475472)
(0.112976 -1.32978 0.0901976)
(-0.0308689 -0.840024 0.190994)
(-0.216332 -0.556091 0.00740621)
(0.0553435 -0.055345 -0.363709)
(-0.556094 0.216332 0.00740805)
(0.712548 0.712548 0.0513266)
(0.515717 0.920619 0.118535)
(0.201385 1.1801 0.33488)
(-0.331332 1.50137 0.28999)
(0.331332 1.50138 0.289992)
(-0.201403 1.18007 0.33488)
(-0.515727 0.920609 0.118536)
(-0.712546 0.712547 0.0513297)
(0.556094 0.216331 0.00740732)
(-0.840048 0.0308699 0.190997)
(0.920619 0.515718 0.118535)
(0.703773 0.703772 0.197444)
(0.74891 -0.00796374 0.3975)
(-0.0826276 0.108863 0.504516)
(0.0826348 0.108863 0.504507)
(-0.748916 -0.00802773 0.397492)
(-0.703771 0.70375 0.197444)
(-0.920617 0.515711 0.118537)
(0.840041 0.0308717 0.190995)
(-1.32981 -0.112977 0.0901959)
(1.18011 0.20138 0.334879)
(-0.00795108 0.74891 0.397503)
(0.803092 0.803094 0.283042)
(-0.653777 0.185382 0.10099)
(0.653762 0.185352 0.100975)
(-0.803091 0.803102 0.283031)
(0.00799306 0.748909 0.397502)
(-1.1801 0.201385 0.334878)
(1.3298 -0.112976 0.0901956)
(-1.49842 -0.113288 -0.0475509)
(1.50137 -0.331331 0.289991)
(0.108853 -0.0826198 0.504519)
(0.18543 -0.653789 0.100992)
(-0.400454 -0.400516 -0.0363926)
(0.400347 -0.400584 -0.0364105)
(-0.185446 -0.653814 0.100974)
(-0.108841 -0.0826174 0.504512)
(-1.50137 -0.331325 0.289994)
(1.49842 -0.113287 -0.0475519)
(-1.49843 0.113286 -0.0475473)
(1.50138 0.331335 0.289996)
(0.108843 0.0826304 0.504501)
(0.185353 0.653749 0.100967)
(-0.400601 0.400275 -0.0364391)
(0.400496 0.400346 -0.0364596)
(-0.185358 0.653778 0.100948)
(-0.108829 0.082629 0.504495)
(-1.50138 0.33133 0.289999)
(1.49843 0.113286 -0.0475481)
(-1.32977 0.112975 0.0901974)
(1.18007 -0.201407 0.334879)
(-0.00804776 -0.748915 0.39749)
(0.803104 -0.803095 0.283021)
(-0.653833 -0.185413 0.100947)
(0.653821 -0.185371 0.100932)
(-0.803101 -0.803102 0.283009)
(0.00808701 -0.748912 0.39749)
(-1.18007 -0.20141 0.334879)
(1.32977 0.112974 0.090197)
(-0.840019 -0.0308699 0.190994)
(0.920607 -0.515732 0.118536)
(0.703746 -0.703767 0.197445)
(0.748911 0.00803243 0.3975)
(-0.0826253 -0.108844 0.504505)
(0.0826333 -0.108842 0.504495)
(-0.748914 0.00809343 0.397492)
(-0.703743 -0.703745 0.197446)
(-0.920605 -0.515725 0.118538)
(0.840014 -0.0308719 0.190992)
(-0.556091 -0.216332 0.00740559)
(0.712547 -0.712546 0.0513311)
(0.515708 -0.920616 0.118537)
(0.201394 -1.18009 0.33488)
(-0.331315 -1.50137 0.289994)
(0.331317 -1.50138 0.289995)
(-0.20141 -1.18007 0.33488)
(-0.515717 -0.920606 0.118539)
(-0.712545 -0.712545 0.0513342)
(0.556091 -0.216331 0.00740499)
(-0.0553453 0.0553434 -0.363709)
(0.216331 0.556094 0.00740731)
(0.0308703 0.840037 0.190995)
(-0.112976 1.32979 0.0901968)
(-0.113287 1.49842 -0.0475496)
(0.113285 1.49843 -0.0475478)
(0.112975 1.32977 0.0901975)
(-0.0308712 0.840015 0.190992)
(-0.216331 0.556092 0.00740537)
(0.055344 0.0553437 -0.363709)
(-0.324002 -0.324002 -0.432026)
(0.437613 -1.34034 -0.244427)
(0.0266315 -1.61495 -0.106143)
(0.19809 -1.77864 -0.115208)
(-0.23815 -0.624723 -0.240606)
(0.238145 -0.624789 -0.240603)
(-0.198078 -1.77866 -0.115212)
(-0.0266232 -1.61494 -0.106149)
(-0.43761 -1.34034 -0.244427)
(0.324001 -0.324004 -0.432026)
(-1.34034 0.437613 -0.244427)
(1.41847 1.41847 -1.06073)
(-0.302536 1.66438 -0.621659)
(0.101707 1.7603 -0.262239)
(-0.775082 -0.061941 -0.998545)
(0.775108 -0.0618613 -0.998553)
(-0.101704 1.76031 -0.262181)
(0.302498 1.66437 -0.621648)
(-1.41847 1.41847 -1.06073)
(1.34034 0.437613 -0.244428)
(-1.61495 0.0266328 -0.106143)
(1.66438 -0.302549 -0.621657)
(0.822279 0.822275 0.0457443)
(0.896307 0.71925 0.524094)
(0.195406 -0.11371 0.777143)
(-0.195422 -0.113714 0.777168)
(-0.896312 0.719261 0.524093)
(-0.822297 0.822277 0.0457378)
(-1.66437 -0.302549 -0.621657)
(1.61495 0.0266305 -0.106145)
(-1.77864 0.198092 -0.115207)
(1.76031 0.101701 -0.26225)
(0.719249 0.896303 0.524094)
(0.809842 0.809839 0.482435)
(0.28812 0.281212 0.138918)
(-0.288136 0.281142 0.138958)
(-0.809846 0.809836 0.4824)
(-0.719245 0.896302 0.524089)
(-1.7603 0.10169 -0.262228)
(1.77864 0.19809 -0.115208)
(-0.624718 -0.23815 -0.240606)
(-0.0619651 -0.775039 -0.998538)
(-0.113734 0.195417 0.777126)
(0.281228 0.288081 0.138874)
(-0.306386 -0.306389 -0.288224)
(0.306281 -0.306398 -0.288282)
(-0.281175 0.288077 0.138803)
(0.113772 0.195427 0.777124)
(0.0619693 -0.775005 -0.998526)
(0.624757 -0.238152 -0.240604)
(-0.624805 0.238149 -0.240602)
(-0.0618316 0.775093 -0.998546)
(-0.113747 -0.195443 0.777176)
(0.281071 -0.288115 0.138953)
(-0.306361 0.306121 -0.288358)
(0.306255 0.306131 -0.288433)
(-0.281009 -0.288097 0.138885)
(0.113784 -0.195449 0.777177)
(0.0618505 0.775061 -0.998531)
(0.624834 0.238152 -0.2406)
(-1.77867 -0.198077 -0.115212)
(1.76032 -0.101701 -0.262161)
(0.719264 -0.896308 0.524091)
(0.809832 -0.809842 0.482375)
(0.288115 -0.281114 0.138762)
(-0.288115 -0.281035 0.138805)
(-0.809834 -0.809836 0.482345)
(-0.719253 -0.896305 0.524087)
(-1.76032 -0.101692 -0.262143)
(1.77867 -0.198076 -0.115213)
(-1.61494 -0.0266223 -0.106151)
(1.66437 0.302491 -0.621647)
(0.822276 -0.822303 0.0457371)
(0.896306 -0.719236 0.524087)
(0.195425 0.113774 0.777137)
(-0.195437 0.113777 0.777164)
(-0.89631 -0.719242 0.524087)
(-0.822291 -0.822302 0.0457337)
(-1.66437 0.302494 -0.621645)
(1.61494 -0.0266209 -0.106153)
(-1.34034 -0.437609 -0.244427)
(1.41847 -1.41847 -1.06074)
(-0.302549 -1.66437 -0.621659)
(0.101706 -1.7603 -0.262208)
(-0.775006 0.0619736 -0.998515)
(0.775032 0.061907 -0.99852)
(-0.101705 -1.76031 -0.262153)
(0.302513 -1.66437 -0.621647)
(-1.41847 -1.41847 -1.06074)
(1.34034 -0.437609 -0.244428)
(-0.324004 0.324001 -0.432026)
(0.437613 1.34034 -0.244427)
(0.026629 1.61495 -0.106147)
(0.198087 1.77864 -0.11521)
(-0.238152 0.624773 -0.240602)
(0.238148 0.624829 -0.2406)
(-0.198077 1.77866 -0.115214)
(-0.0266216 1.61494 -0.106152)
(-0.43761 1.34034 -0.244427)
(0.324003 0.324002 -0.432025)
(-0.43789 -0.43789 -0.482214)
(0.530696 -1.53953 -0.237247)
(-0.0895765 -1.58823 0.224587)
(0.43628 -0.188203 0.234693)
(-0.488248 0.788798 0.169316)
(0.488258 0.788769 0.169297)
(-0.436271 -0.188262 0.234691)
(0.0895802 -1.58825 0.224588)
(-0.530695 -1.53954 -0.237244)
(0.437891 -0.437892 -0.482213)
(-1.53953 0.530695 -0.237248)
(1.5856 1.58559 -0.944502)
(-1.5814 1.6187 -0.542041)
(0.493935 0.332151 -0.653529)
(-0.787781 -0.616867 -0.333036)
(0.787792 -0.616711 -0.333017)
(-0.493965 0.332201 -0.653528)
(1.58141 1.61871 -0.542038)
(-1.58559 1.5856 -0.94451)
(1.53953 0.530696 -0.237248)
(-1.58823 -0.0895766 0.224586)
(1.61869 -1.5814 -0.542041)
(0.516621 0.516613 0.664217)
(0.819342 0.712551 1.04226)
(0.155558 -0.416961 0.880993)
(-0.155618 -0.41693 0.881056)
(-0.819353 0.712568 1.04226)
(-0.516626 0.516617 0.664209)
(-1.61869 -1.58143 -0.542041)
(1.58823 -0.0895831 0.224585)
(-0.188194 0.43628 0.234691)
(0.332142 0.493908 -0.65355)
(0.712547 0.819336 1.04226)
(0.670077 0.670073 0.760112)
(0.256254 -0.0433875 0.605363)
(-0.256211 -0.0434499 0.605341)
(-0.670084 0.67006 0.760107)
(-0.712555 0.819326 1.04225)
(-0.332127 0.493858 -0.653571)
(0.188212 0.436284 0.234691)
(0.78877 -0.488247 0.169323)
(-0.616921 -0.787757 -0.333031)
(-0.417001 0.155541 0.88098)
(-0.0434254 0.256195 0.605341)
(-0.217241 -0.217003 -0.159939)
(0.217474 -0.216859 -0.160112)
(0.0435732 0.256063 0.605257)
(0.417071 0.155515 0.881001)
(0.616916 -0.78776 -0.333012)
(-0.788746 -0.488253 0.169341)
(0.78873 0.48827 0.169288)
(-0.616666 0.787772 -0.332973)
(-0.416958 -0.15564 0.881104)
(-0.0435667 -0.256115 0.60528)
(-0.216895 0.217475 -0.160314)
(0.217086 0.21729 -0.16049)
(0.043702 -0.256001 0.605201)
(0.417029 -0.155608 0.881124)
(0.616682 0.787773 -0.332949)
(-0.788713 0.488274 0.169311)
(-0.188287 -0.436268 0.234691)
(0.332219 -0.49396 -0.65354)
(0.712558 -0.819351 1.04225)
(0.670045 -0.670073 0.760093)
(0.25597 0.0436689 0.60518)
(-0.255941 0.0437209 0.605165)
(-0.670049 -0.670059 0.760088)
(-0.712558 -0.819341 1.04225)
(-0.332204 -0.493924 -0.653554)
(0.188294 -0.436274 0.23469)
(-1.58825 0.0895805 0.224587)
(1.61872 1.58141 -0.542037)
(0.516614 -0.516631 0.664208)
(0.819328 -0.712547 1.04225)
(0.155505 0.417083 0.881028)
(-0.155559 0.417052 0.88109)
(-0.81934 -0.712557 1.04225)
(-0.516616 -0.516631 0.664201)
(-1.61871 1.58144 -0.542037)
(1.58825 0.0895864 0.224586)
(-1.53954 -0.530695 -0.237244)
(1.5856 -1.58559 -0.94451)
(-1.58144 -1.61869 -0.542051)
(0.493853 -0.332123 -0.653572)
(-0.787776 0.616891 -0.332986)
(0.787784 0.616751 -0.332962)
(-0.493902 -0.332173 -0.653566)
(1.58145 -1.61871 -0.542047)
(-1.5856 -1.5856 -0.944516)
(1.53954 -0.530695 -0.237244)
(-0.437893 0.437891 -0.482213)
(0.530697 1.53953 -0.237247)
(-0.089585 1.58823 0.224586)
(0.436286 0.18823 0.234693)
(-0.488256 -0.788764 0.169354)
(0.488265 -0.78874 0.16934)
(-0.436279 0.188283 0.234691)
(0.0895877 1.58825 0.224586)
(-0.530695 1.53954 -0.237245)
(0.437894 0.437893 -0.482212)
(-0.41522 -0.415221 -0.532963)
(0.5276 -1.48556 -0.421881)
(-0.139028 -1.1156 -0.085874)
(0.444921 0.523523 -0.0208029)
(-0.685336 0.348508 -0.315995)
(0.685329 0.348458 -0.316052)
(-0.44491 0.523476 -0.0207974)
(0.139031 -1.11563 -0.085875)
(-0.5276 -1.48557 -0.421878)
(0.415221 -0.415223 -0.53296)
(-1.48555 0.527599 -0.421882)
(1.50811 1.50811 -0.857196)
(-1.62974 1.13908 -0.935275)
(0.285731 0.171853 -0.825248)
(-1.00412 -0.794703 -0.358911)
(1.00416 -0.794534 -0.358933)
(-0.285841 0.171926 -0.825233)
(1.62976 1.1391 -0.93529)
(-1.50811 1.50812 -0.857186)
(1.48556 0.5276 -0.421883)
(-1.1156 -0.139024 -0.0858746)
(1.13908 -1.62973 -0.935265)
(0.172124 0.172108 0.779814)
(0.73254 0.399931 0.728285)
(0.111189 -0.860112 0.892783)
(-0.111265 -0.859944 0.892865)
(-0.732571 0.399938 0.728292)
(-0.172157 0.172083 0.779812)
(-1.13908 -1.62975 -0.935249)
(1.1156 -0.139019 -0.0858765)
(0.523499 0.444926 -0.0207995)
(0.171846 0.285682 -0.825269)
(0.399931 0.732529 0.728283)
(0.332433 0.332415 0.934346)
(-0.223091 -0.167653 0.594069)
(0.223202 -0.167476 0.594101)
(-0.332468 0.332401 0.934375)
(-0.399955 0.732521 0.728283)
(-0.171902 0.285692 -0.82527)
(-0.523467 0.444927 -0.0207762)
(0.348489 -0.68534 -0.315959)
(-0.794743 -1.0041 -0.358904)
(-0.860165 0.11118 0.892775)
(-0.167701 -0.22303 0.59404)
(-0.23977 -0.239517 -0.469299)
(0.239961 -0.239321 -0.469214)
(0.167579 -0.223076 0.593958)
(0.860195 0.111151 0.892806)
(0.794708 -1.00412 -0.358895)
(-0.348471 -0.685346 -0.31595)
(0.348403 0.685335 -0.316052)
(-0.794469 1.00416 -0.358925)
(-0.859885 -0.111303 0.892929)
(-0.167307 0.223236 0.594063)
(-0.239388 0.239972 -0.469125)
(0.239572 0.239769 -0.469088)
(0.167197 0.22325 0.59396)
(0.859931 -0.111277 0.892955)
(0.794458 1.00418 -0.358902)
(-0.348396 0.685341 -0.316035)
(0.523434 -0.444909 -0.020786)
(0.171963 -0.285837 -0.825237)
(0.39993 -0.73258 0.7283)
(0.332361 -0.332454 0.934406)
(-0.223222 0.167352 0.593882)
(0.223309 0.167189 0.593894)
(-0.332373 -0.332418 0.934425)
(-0.399945 -0.732573 0.728304)
(-0.172003 -0.285839 -0.825235)
(-0.523409 -0.444916 -0.0207691)
(-1.11564 0.139027 -0.0858749)
(1.13911 1.62976 -0.935287)
(0.172079 -0.172162 0.779813)
(0.732532 -0.399947 0.728291)
(0.111128 0.860183 0.892827)
(-0.111209 0.860026 0.892906)
(-0.732565 -0.399946 0.7283)
(-0.172107 -0.172132 0.779811)
(-1.13911 1.62978 -0.935272)
(1.11563 0.139021 -0.0858778)
(-1.48557 -0.5276 -0.421878)
(1.50812 -1.50811 -0.857177)
(-1.62976 -1.13909 -0.935255)
(0.285672 -0.171919 -0.825251)
(-1.00416 0.794676 -0.358869)
(1.0042 0.794524 -0.358878)
(-0.285786 -0.171982 -0.825235)
(1.62979 -1.13911 -0.935273)
(-1.50812 -1.50812 -0.857164)
(1.48557 -0.527601 -0.421878)
(-0.415224 0.415222 -0.53296)
(0.527601 1.48556 -0.421882)
(-0.13902 1.11561 -0.0858763)
(0.444925 -0.523469 -0.0207637)
(-0.685355 -0.348477 -0.315966)
(0.685348 -0.348437 -0.316017)
(-0.44492 -0.523428 -0.0207624)
(0.139022 1.11563 -0.0858783)
(-0.527601 1.48557 -0.421879)
(0.415225 0.415224 -0.532957)
(-0.443935 -0.443937 -0.6263)
(0.504308 -1.49589 -0.387081)
(-0.28677 -0.705473 0.159615)
(0.15288 0.314967 0.108315)
(-0.728444 -0.269412 0.127565)
(0.728425 -0.269446 0.127464)
(-0.15286 0.314908 0.108296)
(0.286774 -0.705506 0.159619)
(-0.504311 -1.4959 -0.387075)
(0.443934 -0.443937 -0.626298)
(-1.49589 0.504307 -0.387085)
(1.49462 1.49462 -0.719834)
(-1.67368 0.757306 -0.720763)
(0.220349 0.0986767 -0.706993)
(-1.24571 -0.899176 -0.094695)
(1.24572 -0.89917 -0.0946975)
(-0.220402 0.0987299 -0.707031)
(1.67368 0.757342 -0.720814)
(-1.49462 1.49463 -0.719819)
(1.4959 0.504308 -0.387087)
(-0.705479 -0.286756 0.159608)
(0.757318 -1.67367 -0.720743)
(-0.124189 -0.124222 0.749716)
(0.599407 -0.159899 0.86706)
(-0.21973 -1.30257 0.878812)
(0.219655 -1.3025 0.878871)
(-0.599457 -0.159879 0.867072)
(0.124119 -0.124284 0.749709)
(-0.757343 -1.67367 -0.720755)
(0.705493 -0.286747 0.159601)
(0.314974 0.152898 0.108332)
(0.0987058 0.220326 -0.70702)
(-0.159897 0.599397 0.867049)
(-0.226877 -0.226873 1.30238)
(-0.550858 0.235078 0.238297)
(0.550874 0.235267 0.238393)
(0.226839 -0.226821 1.30249)
(0.159857 0.599408 0.867054)
(-0.0987863 0.220334 -0.707062)
(-0.314997 0.152919 0.108322)
(-0.269395 -0.728456 0.127608)
(-0.89916 -1.24569 -0.094704)
(-1.30256 -0.21971 0.878811)
(0.235048 -0.550802 0.238318)
(-0.369921 -0.369762 -0.519332)
(0.37001 -0.369631 -0.519102)
(-0.235194 -0.55079 0.2383)
(1.30252 -0.219723 0.878803)
(0.899125 -1.2457 -0.0946903)
(0.269377 -0.728456 0.127614)
(-0.269453 0.728431 0.127446)
(-0.899153 1.24571 -0.0947071)
(-1.30242 0.219608 0.878898)
(0.235463 0.550883 0.238434)
(-0.369723 0.370046 -0.518825)
(0.369836 0.369935 -0.518639)
(-0.235588 0.550867 0.238366)
(1.30238 0.219615 0.878882)
(0.899119 1.24572 -0.0946864)
(0.269425 0.728436 0.127471)
(0.314876 -0.15286 0.1083)
(0.098794 -0.220389 -0.707062)
(-0.159869 -0.599477 0.867091)
(-0.226819 0.226795 1.30255)
(-0.550744 -0.235377 0.238188)
(0.550756 -0.235545 0.238243)
(0.226811 0.226774 1.30261)
(0.159843 -0.599486 0.867099)
(-0.0988561 -0.220385 -0.707091)
(-0.314885 -0.152889 0.108294)
(-0.705527 0.286759 0.159616)
(0.757372 1.67367 -0.720813)
(-0.124278 0.124119 0.74971)
(0.599421 0.15984 0.867071)
(-0.219745 1.30247 0.878753)
(0.219658 1.30239 0.878807)
(-0.599469 0.159833 0.867087)
(0.124215 0.124189 0.749704)
(-0.757394 1.67369 -0.720821)
(0.705546 0.286745 0.159607)
(-1.49591 -0.504312 -0.387078)
(1.49463 -1.49462 -0.719808)
(-1.67368 -0.757351 -0.720762)
(0.22031 -0.098813 -0.707042)
(-1.24576 0.899077 -0.0946982)
(1.24576 0.89907 -0.0946912)
(-0.22036 -0.0988578 -0.707074)
(1.67369 -0.757387 -0.720815)
(-1.49463 -1.49463 -0.719785)
(1.49591 -0.504313 -0.387081)
(-0.443937 0.443936 -0.626298)
(0.504308 1.4959 -0.387086)
(-0.286749 0.705501 0.159603)
(0.152918 -0.314995 0.108315)
(-0.72845 0.269387 0.1276)
(0.728437 0.269412 0.127514)
(-0.152906 -0.31492 0.108298)
(0.286747 0.70554 0.159605)
(-0.504312 1.49591 -0.387082)
(0.443937 0.443937 -0.626295)
(-0.564421 -0.564424 -0.622179)
(0.400536 -1.47984 -0.485107)
(-0.323633 -0.369278 0.0628748)
(-0.0193632 -0.0507171 -0.000364491)
(-0.647402 -0.334828 -0.0210569)
(0.647411 -0.334806 -0.0211256)
(0.0193672 -0.0507249 -0.000372099)
(0.323627 -0.369318 0.0628835)
(-0.400539 -1.47985 -0.485102)
(0.56442 -0.564425 -0.622178)
(-1.47984 0.400542 -0.485115)
(1.47722 1.47721 -0.56626)
(-1.58979 0.702089 -0.545632)
(0.260317 0.254477 -0.599131)
(-1.3127 -0.479792 -0.263228)
(1.31276 -0.479954 -0.263234)
(-0.260295 0.254474 -0.599151)
(1.58976 0.702131 -0.545653)
(-1.47723 1.47723 -0.566254)
(1.47985 0.400542 -0.485122)
(-0.369284 -0.323617 0.0628623)
(0.70211 -1.58976 -0.54563)
(-0.325172 -0.32522 0.782209)
(0.368769 -0.63343 1.0695)
(-0.671312 -1.11716 0.540767)
(0.671247 -1.1172 0.540753)
(-0.368841 -0.633398 1.06953)
(0.325114 -0.325291 0.782195)
(-0.702143 -1.58974 -0.545654)
(0.369299 -0.323606 0.0628451)
(-0.0507221 -0.0193661 -0.000360984)
(0.254532 0.260336 -0.599168)
(-0.633436 0.368766 1.0695)
(-0.474051 -0.474023 1.28395)
(-0.396644 0.353419 -0.289285)
(0.396494 0.353438 -0.289268)
(0.474057 -0.473958 1.284)
(0.633411 0.368797 1.06951)
(-0.254566 0.26034 -0.599187)
(0.0507101 -0.0193614 -0.000387197)
(-0.334831 -0.647401 -0.0210299)
(-0.479754 -1.31263 -0.26324)
(-1.11714 -0.671336 0.540798)
(0.353454 -0.396742 -0.28922)
(-0.480748 -0.480805 -0.558974)
(0.480764 -0.480916 -0.558649)
(-0.353483 -0.396787 -0.289195)
(1.11711 -0.671373 0.540756)
(0.479775 -1.31264 -0.263231)
(0.33482 -0.647397 -0.0210377)
(-0.334802 0.647418 -0.0211377)
(-0.48001 1.31274 -0.263252)
(-1.11718 0.671256 0.54074)
(0.353492 0.396507 -0.289165)
(-0.481041 0.480864 -0.558278)
(0.481086 0.481003 -0.558004)
(-0.353515 0.396591 -0.289155)
(1.11715 0.671303 0.540699)
(0.479998 1.31275 -0.263242)
(0.334792 0.647416 -0.0211323)
(-0.0507458 0.0193789 -0.000365491)
(0.254537 -0.260275 -0.599184)
(-0.633365 -0.368877 1.06955)
(-0.473904 0.474029 1.28403)
(-0.396732 -0.353459 -0.289155)
(0.396617 -0.353477 -0.289151)
(0.47392 0.473971 1.28405)
(0.633349 -0.368911 1.06957)
(-0.254571 -0.260259 -0.599207)
(0.05075 0.019374 -0.000375581)
(-0.369344 0.323608 0.0628804)
(0.702173 1.58972 -0.545655)
(-0.32527 0.325131 0.782193)
(0.36883 0.633369 1.06953)
(-0.671356 1.11707 0.540669)
(0.671299 1.1171 0.540656)
(-0.368906 0.633342 1.06956)
(0.32522 0.32521 0.78218)
(-0.702204 1.58969 -0.545675)
(0.369369 0.32359 0.0628632)
(-1.47986 -0.400544 -0.48511)
(1.47724 -1.47724 -0.56625)
(-1.58974 -0.702151 -0.545651)
(0.260309 -0.254576 -0.599161)
(-1.31268 0.47974 -0.26326)
(1.31274 0.479875 -0.26326)
(-0.260269 -0.254582 -0.599189)
(1.58971 -0.702195 -0.545674)
(-1.47726 -1.47726 -0.566234)
(1.47987 -0.400547 -0.485119)
(-0.564423 0.564422 -0.622178)
(0.400539 1.47985 -0.485121)
(-0.323607 0.369307 0.0628469)
(-0.0193639 0.0507104 -0.000394169)
(-0.647398 0.334813 -0.0210704)
(0.647407 0.334792 -0.021129)
(0.0193679 0.0507376 -0.000387201)
(0.323592 0.369359 0.0628552)
(-0.400543 1.47986 -0.485121)
(0.564424 0.564424 -0.622177)
(-0.628525 -0.628528 -0.459531)
(0.427636 -1.55887 -0.519106)
(-0.338304 -0.210065 0.105995)
(-0.0799047 -0.243616 0.136843)
(-0.60453 -0.461104 0.110869)
(0.604524 -0.461102 0.110859)
(0.0799091 -0.243597 0.136836)
(0.33831 -0.210083 0.106002)
(-0.427632 -1.55888 -0.519103)
(0.628524 -0.628529 -0.459531)
(-1.55887 0.427646 -0.519118)
(1.55329 1.5533 -0.48838)
(-1.26458 0.782967 -0.171937)
(0.350489 0.264634 -0.430036)
(-0.881108 -0.365513 -0.248271)
(0.881207 -0.365664 -0.248235)
(-0.350428 0.264625 -0.430049)
(1.26456 0.783004 -0.17195)
(-1.55329 1.55332 -0.488405)
(1.55888 0.42765 -0.51913)
(-0.210084 -0.338286 0.105983)
(0.783001 -1.26447 -0.171956)
(-0.416521 -0.416584 0.972374)
(0.299233 -0.88245 1.35093)
(-0.594792 -0.698089 0.197446)
(0.594821 -0.698146 0.197413)
(-0.299294 -0.882391 1.35093)
(0.416498 -0.416631 0.972344)
(-0.783038 -1.26439 -0.171995)
(0.21011 -0.338277 0.105964)
(-0.24364 -0.0799189 0.13684)
(0.264695 0.350517 -0.430081)
(-0.882478 0.299258 1.35095)
(-0.38459 -0.384553 1.09047)
(-0.316747 0.346848 -0.541186)
(0.316613 0.346744 -0.541186)
(0.384639 -0.384498 1.09054)
(0.882465 0.299328 1.35096)
(-0.264695 0.350518 -0.430107)
(0.243639 -0.0799324 0.13681)
(-0.461106 -0.604537 0.110881)
(-0.365487 -0.881027 -0.248277)
(-0.698077 -0.594766 0.197447)
(0.346918 -0.316856 -0.541158)
(-0.520951 -0.521146 -0.654705)
(0.52094 -0.521402 -0.654503)
(-0.346866 -0.316881 -0.54117)
(0.698095 -0.594745 0.197393)
(0.365539 -0.88102 -0.248265)
(0.461099 -0.604525 0.11089)
(-0.461105 0.60453 0.110864)
(-0.365717 0.881191 -0.248229)
(-0.698175 0.594812 0.197383)
(0.346703 0.316597 -0.541122)
(-0.52151 0.521066 -0.654273)
(0.521523 0.521348 -0.654096)
(-0.346674 0.316653 -0.541127)
(0.698193 0.594809 0.197348)
(0.365738 0.881169 -0.248224)
(0.461098 0.604524 0.110875)
(-0.243609 0.079927 0.136828)
(0.264687 -0.350396 -0.430096)
(-0.882336 -0.299353 1.35096)
(-0.384458 0.384642 1.09061)
(-0.316841 -0.346772 -0.541166)
(0.316733 -0.346693 -0.54116)
(0.384496 0.384575 1.09066)
(0.88233 -0.299442 1.35098)
(-0.264693 -0.350375 -0.430118)
(0.243614 0.0799452 0.136811)
(-0.210104 0.338298 0.105998)
(0.783053 1.26445 -0.171956)
(-0.416589 0.416528 0.97233)
(0.299389 0.882405 1.35097)
(-0.594729 0.698113 0.197364)
(0.594772 0.698171 0.197349)
(-0.299471 0.882349 1.35098)
(0.416569 0.416574 0.972301)
(-0.783095 1.26435 -0.171977)
(0.210135 0.338285 0.105983)
(-1.55888 -0.42764 -0.519114)
(1.55331 -1.55329 -0.488424)
(-1.26442 -0.783037 -0.171976)
(0.350492 -0.264682 -0.430088)
(-0.88105 0.365577 -0.248289)
(0.881132 0.365705 -0.248255)
(-0.350407 -0.264682 -0.430103)
(1.26436 -0.783084 -0.171978)
(-1.55331 -1.5533 -0.488447)
(1.55888 -0.427646 -0.519131)
(-0.628529 0.628526 -0.459531)
(0.427646 1.55887 -0.519131)
(-0.338283 0.210109 0.105966)
(-0.0799347 0.243622 0.136796)
(-0.604519 0.461091 0.110865)
(0.604517 0.461088 0.110856)
(0.0799435 0.243609 0.136799)
(0.338284 0.210134 0.105976)
(-0.427645 1.55888 -0.519134)
(0.628529 0.628528 -0.459532)
(-0.675324 -0.675326 -0.423093)
(0.607851 -1.49062 -0.583259)
(-0.106042 -0.451043 0.007002)
(0.0292896 -0.223943 0.162577)
(-0.611192 -0.482131 0.0538129)
(0.611175 -0.482139 0.0538076)
(-0.0292769 -0.223917 0.162558)
(0.106066 -0.451019 0.00700218)
(-0.607846 -1.49066 -0.58326)
(0.675323 -0.675327 -0.423091)
(-1.49059 0.607858 -0.583268)
(0.894596 0.89472 -0.88971)
(-0.986703 0.939113 0.116164)
(0.0306317 0.260812 -0.326834)
(-0.577837 -0.321023 -0.346975)
(0.577854 -0.321119 -0.346922)
(-0.0305885 0.260745 -0.326804)
(0.986773 0.939119 0.116171)
(-0.894529 0.89484 -0.889764)
(1.49059 0.607864 -0.583277)
(-0.451088 -0.106011 0.00699494)
(0.939146 -0.986535 0.116124)
(-0.394174 -0.394269 1.1558)
(0.392936 -0.935162 1.47688)
(-0.155494 -0.619533 0.00501032)
(0.155508 -0.619604 0.00499831)
(-0.392941 -0.935225 1.47687)
(0.394149 -0.394302 1.15575)
(-0.939177 -0.98642 0.116085)
(0.451125 -0.106 0.00698164)
(-0.223967 0.0292919 0.162568)
(0.260874 0.0306354 -0.326861)
(-0.935151 0.392987 1.47689)
(0.00412739 0.00418736 0.808749)
(-0.257089 0.35924 -0.701549)
(0.257032 0.359137 -0.70153)
(-0.00406165 0.00423934 0.808809)
(0.93519 0.393045 1.47689)
(-0.260841 0.0306373 -0.326848)
(0.223954 0.0292952 0.162539)
(-0.48213 -0.611192 0.0538207)
(-0.320976 -0.577815 -0.346972)
(-0.619531 -0.155459 0.0050357)
(0.359294 -0.257167 -0.701541)
(-0.426522 -0.426635 -0.727922)
(0.426549 -0.426828 -0.727846)
(-0.35922 -0.257174 -0.701524)
(0.61956 -0.155389 0.00503841)
(0.320999 -0.577785 -0.346939)
(0.482122 -0.611176 0.053835)
(-0.482144 0.611168 0.0538111)
(-0.32112 0.577843 -0.346901)
(-0.619655 0.155475 0.00502287)
(0.359085 0.25702 -0.701463)
(-0.426884 0.426566 -0.727758)
(0.4269 0.426751 -0.727671)
(-0.359035 0.257027 -0.701434)
(0.619684 0.155406 0.00505443)
(0.321124 0.577808 -0.346882)
(0.482134 0.61116 0.0538239)
(-0.22392 -0.0292705 0.162544)
(0.260743 -0.0305525 -0.326819)
(-0.935242 -0.392983 1.47689)
(0.00424753 -0.00407095 0.808886)
(-0.257123 -0.359139 -0.701491)
(0.257062 -0.35906 -0.701462)
(-0.00419931 -0.00414061 0.808936)
(0.935258 -0.39306 1.4769)
(-0.260725 -0.0305343 -0.326813)
(0.223914 -0.0292659 0.162537)
(-0.451041 0.106048 0.00699794)
(0.939148 0.986685 0.116151)
(-0.394235 0.394196 1.15572)
(0.393063 0.935207 1.4769)
(-0.155367 0.619594 0.00504046)
(0.155378 0.619662 0.00505311)
(-0.393089 0.935246 1.47691)
(0.394208 0.39422 1.15566)
(-0.939187 0.986562 0.11612)
(0.451085 0.106021 0.00698823)
(-1.49064 -0.607849 -0.583269)
(0.89477 -0.894548 -0.889794)
(-0.986481 -0.939172 0.116108)
(0.0306537 -0.260785 -0.326832)
(-0.577765 0.321079 -0.346945)
(0.577775 0.321163 -0.346905)
(-0.0305835 -0.260728 -0.326811)
(0.986529 -0.93919 0.116116)
(-0.894634 -0.89458 -0.889853)
(1.49061 -0.607853 -0.583279)
(-0.675327 0.675325 -0.423091)
(0.607861 1.4906 -0.583275)
(-0.106012 0.451108 0.00698286)
(0.0292853 0.223928 0.162522)
(-0.611173 0.482116 0.0538147)
(0.611162 0.482121 0.053808)
(-0.0292664 0.223907 0.162523)
(0.106015 0.451096 0.00698453)
(-0.607857 1.4906 -0.58328)
(0.675328 0.675327 -0.423091)
(-0.720678 -0.720679 -0.410989)
(0.633333 -1.04083 -0.538097)
(0.206226 -0.800893 0.0592133)
(0.205067 -0.178153 0.360357)
(-0.523816 -0.456832 0.16424)
(0.52379 -0.456839 0.164263)
(-0.205083 -0.178119 0.360352)
(-0.206218 -0.800899 0.0592061)
(-0.633329 -1.04086 -0.538115)
(0.720678 -0.72068 -0.410989)
(-1.0408 0.633343 -0.538088)
(-0.185864 -0.185771 -0.748777)
(-1.25201 0.959294 0.251486)
(-0.0982232 0.0759366 -0.228535)
(-0.572463 -0.298947 -0.432439)
(0.572418 -0.299024 -0.432388)
(0.0982399 0.0758336 -0.228515)
(1.2521 0.959293 0.251486)
(0.185926 -0.185715 -0.748835)
(1.04081 0.633352 -0.538081)
(-0.800912 0.206254 0.0592141)
(0.959311 -1.25194 0.251468)
(-0.485513 -0.48562 1.40141)
(0.502623 -0.942642 1.36242)
(0.00752221 -0.640717 -0.0930409)
(-0.00763788 -0.640762 -0.0930542)
(-0.502582 -0.942706 1.36239)
(0.485502 -0.485667 1.40137)
(-0.959337 -1.25193 0.251459)
(0.80096 0.206279 0.0592047)
(-0.178184 0.205071 0.360346)
(0.075994 -0.0982548 -0.228536)
(-0.942637 0.502689 1.36243)
(0.459981 0.460006 0.423974)
(-0.243235 0.351759 -0.741328)
(0.243252 0.35175 -0.741317)
(-0.459918 0.459926 0.423956)
(0.942687 0.502724 1.36242)
(-0.0759445 -0.0983033 -0.228496)
(0.178182 0.205085 0.360326)
(-0.456831 -0.523812 0.164235)
(-0.298886 -0.572487 -0.43244)
(-0.640725 0.00748367 -0.0929992)
(0.351769 -0.243299 -0.741331)
(-0.326082 -0.326131 -0.737346)
(0.326145 -0.32624 -0.737305)
(-0.351733 -0.243339 -0.74132)
(0.640724 0.00753834 -0.0929699)
(0.298906 -0.572454 -0.432395)
(0.456818 -0.523793 0.164256)
(-0.456844 0.523776 0.164267)
(-0.299002 0.572406 -0.432368)
(-0.640803 -0.00767179 -0.0930178)
(0.351737 0.24327 -0.741279)
(-0.326273 0.326177 -0.737269)
(0.326316 0.32627 -0.737249)
(-0.351709 0.243284 -0.741258)
(0.640803 -0.00772583 -0.0929623)
(0.299013 0.572373 -0.432336)
(0.456828 0.523765 0.16428)
(-0.178122 -0.205091 0.360347)
(0.0758099 0.0982718 -0.228513)
(-0.942739 -0.502607 1.36239)
(0.459884 -0.459893 0.423975)
(-0.243317 -0.351697 -0.741313)
(0.2433 -0.351695 -0.741291)
(-0.459852 -0.459842 0.423961)
(0.942764 -0.502651 1.36239)
(-0.0757703 0.0983134 -0.228483)
(0.178124 -0.205096 0.360345)
(-0.800905 -0.206231 0.0592055)
(0.9593 1.25209 0.251467)
(-0.485595 0.485558 1.40132)
(0.502696 0.942715 1.36243)
(0.00760227 0.640733 -0.0929818)
(-0.00771342 0.640777 -0.0929762)
(-0.502664 0.942753 1.36241)
(0.485566 0.485578 1.40125)
(-0.95932 1.25205 0.251442)
(0.800928 -0.206252 0.0592033)
(-1.04085 -0.633332 -0.538115)
(-0.185758 0.185898 -0.748855)
(-1.25195 -0.959331 0.251461)
(-0.0982702 -0.07586 -0.228484)
(-0.572393 0.299025 -0.432375)
(0.572351 0.299098 -0.432337)
(0.0982886 -0.0757636 -0.228473)
(1.25201 -0.959327 0.251445)
(0.185829 0.185865 -0.748893)
(1.04083 -0.633339 -0.538106)
(-0.72068 0.720679 -0.410989)
(0.633349 1.04082 -0.538082)
(0.206263 0.800947 0.0592038)
(0.205071 0.178146 0.36032)
(-0.523788 0.456812 0.164258)
(0.523769 0.456815 0.164275)
(-0.205082 0.178116 0.360333)
(-0.206257 0.800932 0.0592033)
(-0.633344 1.04082 -0.538097)
(0.720681 0.72068 -0.410988)
(-0.758721 -0.758721 -0.354792)
(0.621932 -0.804514 -0.450175)
(0.145841 -0.750329 0.105284)
(0.271326 -0.158613 0.564139)
(-0.426288 -0.391454 0.267302)
(0.426265 -0.391455 0.267331)
(-0.271333 -0.158585 0.564135)
(-0.145833 -0.750339 0.105271)
(-0.621932 -0.804519 -0.450195)
(0.758723 -0.758723 -0.354792)
(-0.804508 0.621935 -0.450159)
(-0.254807 -0.25479 -0.559571)
(-1.20656 0.910933 -0.0322599)
(0.0261188 0.0272109 -0.222537)
(-0.585818 -0.185247 -0.51744)
(0.585789 -0.185233 -0.517412)
(-0.0261141 0.0270853 -0.222515)
(1.20663 0.910917 -0.0322726)
(0.254805 -0.254825 -0.559598)
(0.804516 0.621941 -0.450146)
(-0.750327 0.145861 0.105287)
(0.910944 -1.20653 -0.0322735)
(-0.650823 -0.650944 1.55851)
(0.66095 -0.884514 1.10029)
(0.0544334 -0.614927 -0.107565)
(-0.0542893 -0.614865 -0.107712)
(-0.660883 -0.884542 1.10024)
(0.650805 -0.651018 1.55848)
(-0.910957 -1.20656 -0.032266)
(0.750354 0.145874 0.105288)
(-0.158642 0.271321 0.56413)
(0.0272594 0.026088 -0.222539)
(-0.884513 0.661019 1.1003)
(0.578337 0.578361 0.0962322)
(-0.258334 0.321277 -0.745208)
(0.258388 0.321238 -0.745179)
(-0.578265 0.578311 0.0962126)
(0.884543 0.661045 1.10027)
(-0.0271949 0.0260529 -0.2225)
(0.158651 0.271315 0.564115)
(-0.391455 -0.426281 0.267291)
(-0.185249 -0.585826 -0.517439)
(-0.614959 0.0544238 -0.107465)
(0.321298 -0.258371 -0.745221)
(-0.262129 -0.262148 -0.711284)
(0.262173 -0.262203 -0.711242)
(-0.321277 -0.258428 -0.74521)
(0.614949 0.0544031 -0.10741)
(0.18526 -0.585817 -0.517403)
(0.391447 -0.426263 0.267322)
(-0.391459 0.42625 0.267329)
(-0.185213 0.585775 -0.517402)
(-0.614881 -0.0542493 -0.10768)
(0.321221 0.258412 -0.745161)
(-0.262222 0.262189 -0.711219)
(0.262254 0.262233 -0.711182)
(-0.321212 0.258428 -0.745149)
(0.614883 -0.0542756 -0.107593)
(0.185238 0.585759 -0.517376)
(0.391448 0.426237 0.267352)
(-0.158588 -0.271335 0.564135)
(0.0270588 -0.0260907 -0.222513)
(-0.884566 -0.660894 1.10022)
(0.578268 -0.578231 0.0962277)
(-0.258415 -0.321236 -0.745198)
(0.258418 -0.321208 -0.745168)
(-0.578229 -0.578204 0.0962091)
(0.88458 -0.66091 1.1002)
(-0.027012 -0.0260578 -0.222488)
(0.158593 -0.27133 0.564147)
(-0.750336 -0.145839 0.105264)
(0.910912 1.20664 -0.0322941)
(-0.650953 0.650867 1.55844)
(0.660999 0.884561 1.10027)
(0.0544087 0.614924 -0.107477)
(-0.0543084 0.614875 -0.107595)
(-0.660931 0.884573 1.10023)
(0.650913 0.650903 1.55837)
(-0.910921 1.20665 -0.0323009)
(0.750341 -0.145845 0.10526)
(-0.804518 -0.621934 -0.450192)
(-0.254844 0.254794 -0.559618)
(-1.20658 -0.910951 -0.0322623)
(0.026077 -0.0271051 -0.222483)
(-0.585792 0.185311 -0.517374)
(0.58576 0.185313 -0.517354)
(-0.0260695 -0.0269978 -0.222472)
(1.20663 -0.910932 -0.0322861)
(0.254835 0.25482 -0.55965)
(0.804516 -0.621939 -0.45018)
(-0.758723 0.758724 -0.354792)
(0.62194 0.804519 -0.450148)
(0.145864 0.750353 0.10529)
(0.271308 0.15862 0.564108)
(-0.426263 0.391441 0.267347)
(0.426245 0.391436 0.267369)
(-0.271316 0.158589 0.564132)
(-0.145854 0.750344 0.105269)
(-0.621942 0.804514 -0.450169)
(0.758725 0.758725 -0.354791)
(-0.799016 -0.799016 -0.296571)
(0.648008 -0.814732 -0.422233)
(-0.0145391 -0.688418 0.0843272)
(0.271401 -0.166146 0.723397)
(-0.311095 -0.245084 0.349359)
(0.311101 -0.245092 0.349376)
(-0.271399 -0.166153 0.723411)
(0.0145776 -0.688431 0.0843417)
(-0.648006 -0.814737 -0.422226)
(0.799017 -0.799016 -0.296572)
(-0.814725 0.648009 -0.422232)
(-0.200024 -0.200005 -0.336987)
(-1.04867 0.797047 0.0430609)
(-0.059431 0.174168 -0.171134)
(-0.646103 -0.054718 -0.600054)
(0.646104 -0.0545792 -0.600047)
(0.0594241 0.174143 -0.171145)
(1.04872 0.797007 0.0430911)
(0.200014 -0.200013 -0.336998)
(0.814732 0.648017 -0.422232)
(-0.68841 -0.0145147 0.084319)
(0.797075 -1.04865 0.0430209)
(-0.889695 -0.88977 1.59303)
(0.773664 -0.717527 0.715343)
(-0.0476318 -0.540575 -0.0308066)
(0.0478421 -0.540557 -0.0307869)
(-0.773595 -0.717547 0.715339)
(0.889642 -0.889819 1.59303)
(-0.797123 -1.04867 0.0429854)
(0.68843 -0.014491 0.0843204)
(-0.166164 0.271393 0.723385)
(0.174184 -0.0594779 -0.171141)
(-0.717527 0.773663 0.715337)
(0.495304 0.495319 -0.184897)
(-0.271478 0.27122 -0.768166)
(0.271555 0.271161 -0.768114)
(-0.495209 0.495263 -0.184864)
(0.717522 0.773624 0.715293)
(-0.174154 -0.0595297 -0.17112)
(0.166182 0.27138 0.723394)
(-0.245075 -0.311083 0.349355)
(-0.0547761 -0.646094 -0.600048)
(-0.540586 -0.0476455 -0.0307689)
(0.27124 -0.271485 -0.768188)
(-0.228058 -0.228074 -0.688546)
(0.228075 -0.228115 -0.688534)
(-0.271222 -0.271576 -0.768181)
(0.540569 -0.0477452 -0.0307233)
(0.0547743 -0.64609 -0.600017)
(0.245068 -0.311067 0.349385)
(-0.245083 0.311087 0.349378)
(-0.0545679 0.646083 -0.600038)
(-0.540562 0.0479125 -0.0307477)
(0.271137 0.271572 -0.768109)
(-0.22813 0.228088 -0.688546)
(0.22814 0.228123 -0.688547)
(-0.27113 0.271612 -0.768111)
(0.540546 0.0479441 -0.030708)
(0.0545927 0.646069 -0.600017)
(0.245067 0.311066 0.349406)
(-0.16616 -0.271399 0.723413)
(0.174135 0.0594518 -0.171158)
(-0.717563 -0.773561 0.715325)
(0.495213 -0.495168 -0.184849)
(-0.271572 -0.271182 -0.768171)
(0.27159 -0.271133 -0.768128)
(-0.495164 -0.495144 -0.184852)
(0.717556 -0.773526 0.715284)
(-0.174102 0.0595004 -0.171142)
(0.166156 -0.271393 0.723431)
(-0.688427 0.0145923 0.0843412)
(0.796999 1.04874 0.0430722)
(-0.889787 0.889664 1.593)
(0.7736 0.717525 0.7153)
(-0.0477364 0.540562 -0.0307421)
(0.0478857 0.540547 -0.0307302)
(-0.773541 0.717533 0.715295)
(0.88973 0.889693 1.59296)
(-0.797025 1.04874 0.0430349)
(0.688429 0.0146011 0.0843381)
(-0.814734 -0.648004 -0.422223)
(-0.200018 0.200003 -0.337005)
(-1.04867 -0.797119 0.042992)
(-0.0595133 -0.174121 -0.171101)
(-0.646095 0.0547422 -0.599995)
(0.646088 0.0546324 -0.599996)
(0.0595106 -0.174095 -0.171117)
(1.04872 -0.797067 0.0430116)
(0.200005 0.200007 -0.337014)
(0.814729 -0.648011 -0.422226)
(-0.799017 0.799018 -0.296572)
(0.648021 0.814734 -0.422233)
(-0.014493 0.688433 0.0843272)
(0.271376 0.166173 0.723406)
(-0.311077 0.245084 0.349408)
(0.311077 0.245081 0.349425)
(-0.27138 0.166158 0.723432)
(0.0145624 0.688433 0.0843373)
(-0.64802 0.814727 -0.422231)
(0.79902 0.799019 -0.296574)
(-0.804188 -0.804187 -0.217183)
(0.765695 -0.748517 -0.320781)
(-0.243934 -0.671726 0.192049)
(0.257395 -0.156426 0.719332)
(-0.272457 0.300356 0.4047)
(0.272467 0.300365 0.404674)
(-0.257407 -0.156446 0.719339)
(0.243974 -0.671725 0.192065)
(-0.765689 -0.748512 -0.320778)
(0.804189 -0.804188 -0.217184)
(-0.748516 0.765696 -0.320774)
(-0.192823 -0.192807 -0.222367)
(-0.899137 0.679347 0.0666945)
(-0.15402 0.291608 -0.164304)
(-0.699559 0.0403427 -0.656961)
(0.699518 0.0404249 -0.656945)
(0.154005 0.291608 -0.164303)
(0.899175 0.679343 0.0667096)
(0.192841 -0.192793 -0.22236)
(0.748519 0.765708 -0.320777)
(-0.671721 -0.243915 0.192038)
(0.679347 -0.899143 0.066673)
(-1.03467 -1.03468 1.53612)
(0.762758 -0.288714 0.475223)
(-0.441484 -0.347508 0.048649)
(0.44153 -0.34752 0.048688)
(-0.762743 -0.288873 0.475318)
(1.03462 -1.03471 1.53614)
(-0.679377 -0.899158 0.0666565)
(0.67173 -0.243896 0.192037)
(-0.15643 0.257382 0.719328)
(0.2916 -0.15406 -0.164318)
(-0.288736 0.762757 0.475223)
(0.352113 0.35211 -0.301394)
(-0.128666 0.225075 -0.777834)
(0.128728 0.22504 -0.777786)
(-0.352011 0.352032 -0.301363)
(0.288745 0.762716 0.475242)
(-0.291566 -0.154122 -0.164309)
(0.156437 0.257369 0.719347)
(0.300393 -0.272466 0.404714)
(0.0403014 -0.699562 -0.656954)
(-0.347483 -0.441543 0.0486695)
(0.22509 -0.128676 -0.77786)
(-0.199035 -0.199037 -0.675556)
(0.199035 -0.19905 -0.675561)
(-0.225078 -0.128767 -0.777875)
(0.347458 -0.441716 0.0487032)
(-0.0403242 -0.699567 -0.656932)
(-0.300406 -0.272459 0.404746)
(0.300431 0.272469 0.404669)
(0.0404171 0.69949 -0.656926)
(-0.347494 0.441597 0.0487229)
(0.225032 0.128752 -0.777787)
(-0.19906 0.199048 -0.675585)
(0.19906 0.199062 -0.675596)
(-0.225027 0.128805 -0.777813)
(0.347453 0.441741 0.0487384)
(-0.0404241 0.699491 -0.656909)
(-0.300473 0.272448 0.4047)
(-0.15645 -0.257411 0.719336)
(0.291597 0.154029 -0.164316)
(-0.288941 -0.762735 0.47535)
(0.351993 -0.351963 -0.301361)
(-0.128764 -0.225052 -0.777869)
(0.128787 -0.225024 -0.77783)
(-0.351929 -0.35191 -0.301366)
(0.28891 -0.762693 0.475337)
(-0.291561 0.15408 -0.164309)
(0.156432 -0.257405 0.719348)
(-0.671722 0.243994 0.192064)
(0.679337 0.899195 0.0666904)
(-1.03472 1.0346 1.53612)
(0.762691 0.288729 0.475252)
(-0.441643 0.347484 0.048695)
(0.44167 0.347487 0.0487169)
(-0.76268 0.288838 0.475314)
(1.03467 1.03462 1.53609)
(-0.67935 0.899201 0.0666674)
(0.671723 0.244005 0.192059)
(-0.748511 -0.765685 -0.320769)
(-0.192783 0.192846 -0.222368)
(-0.899151 -0.679386 0.066658)
(-0.1541 -0.291565 -0.164289)
(-0.699564 -0.0403645 -0.656927)
(0.699521 -0.0404297 -0.656913)
(0.154081 -0.29156 -0.16429)
(0.899178 -0.67937 0.0666582)
(0.192792 0.192827 -0.222375)
(0.748506 -0.765693 -0.320763)
(-0.804188 0.804188 -0.217184)
(0.765713 0.748519 -0.320781)
(-0.243896 0.671733 0.192046)
(0.257371 0.156442 0.719361)
(-0.272445 -0.300332 0.404756)
(0.272441 -0.300367 0.404731)
(-0.257388 0.156437 0.719363)
(0.243967 0.671727 0.192057)
(-0.765704 0.748507 -0.320769)
(0.80419 0.80419 -0.217184)
(-0.762149 -0.762148 -0.260238)
(0.771314 -0.679076 -0.212206)
(-0.387413 -0.642688 0.315679)
(0.276861 -0.0194416 0.669521)
(-0.533761 0.783226 0.140748)
(0.533804 0.783251 0.140709)
(-0.276873 -0.0194483 0.66953)
(0.387438 -0.642677 0.315688)
(-0.771313 -0.679076 -0.21219)
(0.762148 -0.762148 -0.260241)
(-0.679074 0.771313 -0.212207)
(-0.177042 -0.177035 -0.172656)
(-0.807682 0.589086 0.190349)
(-0.119149 0.375234 -0.190332)
(-0.608937 0.0117336 -0.629088)
(0.6089 0.0117483 -0.629093)
(0.119169 0.375219 -0.190319)
(0.807715 0.589077 0.190371)
(0.17706 -0.177035 -0.172636)
(0.679078 0.771313 -0.212207)
(-0.642682 -0.387401 0.315674)
(0.589063 -0.80769 0.190346)
(-0.960908 -0.960896 1.47181)
(0.477392 0.170693 0.368072)
(-0.68398 -0.167801 0.0171938)
(0.683968 -0.167787 0.0172924)
(-0.477492 0.170515 0.368198)
(0.96088 -0.960934 1.47186)
(-0.589101 -0.807705 0.190324)
(0.642682 -0.38739 0.315674)
(-0.0194377 0.276848 0.669528)
(0.375209 -0.119165 -0.19034)
(0.170663 0.47738 0.368087)
(0.183302 0.183306 -0.239297)
(-0.00861268 0.195583 -0.730387)
(0.00864271 0.195574 -0.730356)
(-0.183231 0.183235 -0.239303)
(-0.170621 0.477302 0.368148)
(-0.37518 -0.119218 -0.190322)
(0.0194172 0.276818 0.669562)
(0.78321 -0.533764 0.140746)
(0.0117113 -0.608936 -0.629087)
(-0.167773 -0.684002 0.0171676)
(0.195593 -0.00862006 -0.730406)
(-0.186249 -0.186245 -0.670542)
(0.18624 -0.186242 -0.670554)
(-0.195583 -0.00866633 -0.73045)
(0.167734 -0.684016 0.017146)
(-0.0117308 -0.608935 -0.629099)
(-0.783209 -0.533822 0.140761)
(0.783235 0.53381 0.140679)
(0.0117117 0.608878 -0.629091)
(-0.16776 0.683989 0.0173028)
(0.195582 0.00865927 -0.73036)
(-0.186247 0.186248 -0.670578)
(0.186245 0.186252 -0.670597)
(-0.195574 0.00869093 -0.730411)
(0.167721 0.684002 0.0172479)
(-0.0117178 0.608884 -0.629105)
(-0.783217 0.533839 0.140685)
(-0.0194463 -0.276873 0.66953)
(0.375183 0.119186 -0.190331)
(0.170438 -0.477512 0.368256)
(0.183207 -0.183208 -0.239314)
(-0.00866915 -0.195573 -0.730456)
(0.00868369 -0.195569 -0.730431)
(-0.183143 -0.183136 -0.239334)
(-0.170447 -0.477421 0.368276)
(-0.375156 0.119221 -0.190322)
(0.0194188 -0.276849 0.669542)
(-0.642672 0.387448 0.315686)
(0.589058 0.807736 0.190368)
(-0.960959 0.960855 1.47186)
(0.477298 -0.170644 0.368143)
(-0.68398 0.167743 0.0171866)
(0.68397 0.167733 0.0172564)
(-0.477389 -0.170509 0.368229)
(0.960932 0.960885 1.47185)
(-0.589092 0.807743 0.190345)
(0.64267 0.387452 0.31568)
(-0.679076 -0.771312 -0.212185)
(-0.177022 0.177072 -0.172636)
(-0.807699 -0.589131 0.190311)
(-0.119212 -0.375197 -0.190308)
(-0.608945 -0.011776 -0.629095)
(0.608913 -0.0117773 -0.629099)
(0.119221 -0.37518 -0.190304)
(0.807724 -0.589126 0.19032)
(0.177027 0.177061 -0.172619)
(0.679072 -0.771314 -0.212183)
(-0.76215 0.762148 -0.260241)
(0.771315 0.679078 -0.212206)
(-0.387391 0.642687 0.315678)
(0.27683 0.0194278 0.66957)
(-0.533796 -0.783228 0.140804)
(0.533814 -0.783243 0.14076)
(-0.276844 0.0194265 0.66956)
(0.38743 0.642678 0.315681)
(-0.771316 0.679071 -0.212188)
(0.762152 0.762151 -0.260241)
(-0.706986 -0.706986 -0.25182)
(0.620341 -0.56738 -0.0689464)
(-0.447349 -0.606025 0.425995)
(0.249435 0.291726 0.592806)
(-0.671191 0.403645 -0.120247)
(0.671141 0.403661 -0.120264)
(-0.249443 0.291686 0.592828)
(0.447358 -0.606011 0.426002)
(-0.620334 -0.567388 -0.0689307)
(0.706985 -0.706989 -0.251821)
(-0.567378 0.62034 -0.0689449)
(-0.17044 -0.170436 -0.0278287)
(-0.827713 0.550325 0.21796)
(-0.0712987 0.464519 -0.268173)
(-0.430535 -0.0956667 -0.58747)
(0.430519 -0.0956904 -0.587479)
(0.0713241 0.464584 -0.26813)
(0.827737 0.550296 0.218003)
(0.170465 -0.170444 -0.0278026)
(0.567381 0.620336 -0.0689421)
(-0.606022 -0.447342 0.425998)
(0.550302 -0.827707 0.21797)
(-0.834967 -0.834941 1.54938)
(0.207984 0.330416 0.395924)
(-0.583102 -0.0739303 -0.166223)
(0.58295 -0.073921 -0.166124)
(-0.208103 0.330399 0.396036)
(0.834961 -0.834991 1.54943)
(-0.550328 -0.827705 0.217958)
(0.606014 -0.447332 0.425995)
(0.291725 0.249429 0.592822)
(0.464472 -0.0712943 -0.268181)
(0.330385 0.207976 0.395935)
(-0.0704241 -0.0704087 -0.0603898)
(0.0563268 0.168037 -0.690083)
(-0.056332 0.168052 -0.690054)
(0.0704321 -0.0703464 -0.0604369)
(-0.330384 0.207922 0.39596)
(-0.464494 -0.0713401 -0.268153)
(-0.291709 0.249393 0.592877)
(0.403639 -0.671186 -0.120226)
(-0.0956623 -0.430542 -0.587477)
(-0.0739223 -0.583083 -0.166239)
(0.168046 0.0563241 -0.690097)
(-0.186239 -0.186231 -0.669295)
(0.18623 -0.186221 -0.669318)
(-0.168037 0.0563187 -0.690146)
(0.073935 -0.58293 -0.16624)
(0.0956329 -0.430542 -0.587501)
(-0.403696 -0.671216 -0.120235)
(0.403641 0.671114 -0.120243)
(-0.0957127 0.430516 -0.58749)
(-0.073915 0.582872 -0.166112)
(0.168074 -0.0563276 -0.690054)
(-0.186223 0.18623 -0.66934)
(0.186223 0.186229 -0.669358)
(-0.168066 -0.0563135 -0.690116)
(0.0739253 0.582765 -0.166145)
(0.095683 0.430521 -0.587512)
(-0.403685 0.671154 -0.120251)
(0.291669 -0.249443 0.59284)
(0.464551 0.0713307 -0.268135)
(0.330364 -0.208139 0.396085)
(-0.0703387 0.070417 -0.0604556)
(0.0563144 -0.168036 -0.690152)
(-0.0563107 -0.168055 -0.690132)
(0.070387 0.0703976 -0.0605126)
(-0.330359 -0.20807 0.396084)
(-0.464543 0.0713628 -0.268125)
(-0.291665 -0.249411 0.592862)
(-0.606006 0.44736 0.426005)
(0.550268 0.827744 0.218013)
(-0.835029 0.834936 1.54942)
(0.207905 -0.33042 0.395949)
(-0.582945 0.07393 -0.166202)
(0.582823 0.0739168 -0.166133)
(-0.208022 -0.330391 0.396036)
(0.835019 0.834977 1.54941)
(-0.550295 0.827737 0.217997)
(0.606003 0.447356 0.425999)
(-0.56739 -0.620331 -0.0689247)
(-0.170439 0.170478 -0.0278029)
(-0.827709 -0.550356 0.217936)
(-0.0713529 -0.464541 -0.268137)
(-0.430545 0.0956185 -0.587494)
(0.430531 0.0956448 -0.5875)
(0.0713714 -0.464581 -0.26811)
(0.827728 -0.550334 0.217965)
(0.17045 0.170477 -0.0277878)
(0.567386 -0.62033 -0.0689178)
(-0.706992 0.706985 -0.251821)
(0.620337 0.567381 -0.0689389)
(-0.447335 0.606018 0.42599)
(0.249402 -0.291707 0.592876)
(-0.671233 -0.40373 -0.120239)
(0.671191 -0.403739 -0.120254)
(-0.24941 -0.29167 0.592872)
(0.447348 0.606011 0.425992)
(-0.620335 0.567383 -0.0689188)
(0.706994 0.706992 -0.25182)
(-0.618563 -0.618567 -0.181167)
(0.476838 -0.479361 0.0272329)
(-0.457827 -0.5512 0.511707)
(0.130365 0.572421 0.409244)
(-0.610476 0.285786 -0.250985)
(0.61038 0.285775 -0.251046)
(-0.130271 0.572428 0.409224)
(0.457824 -0.551168 0.51172)
(-0.476825 -0.479371 0.0272634)
(0.61856 -0.618579 -0.181161)
(-0.479356 0.476845 0.0272284)
(-0.161723 -0.161715 0.126139)
(-0.822001 0.555662 0.252412)
(-0.12686 0.395441 -0.359129)
(-0.320097 -0.103458 -0.627852)
(0.320118 -0.10352 -0.627874)
(0.126885 0.395627 -0.359136)
(0.822025 0.555646 0.252459)
(0.161751 -0.161715 0.126168)
(0.479356 0.476855 0.0272356)
(-0.551208 -0.457824 0.511712)
(0.555655 -0.821991 0.252426)
(-0.721217 -0.72119 1.73417)
(0.143655 0.290913 0.508754)
(-0.397255 -0.0213091 -0.331739)
(0.39715 -0.0213116 -0.331668)
(-0.143782 0.291059 0.508797)
(0.721227 -0.721233 1.73419)
(-0.555663 -0.821988 0.252424)
(0.551193 -0.457813 0.511713)
(0.57242 0.130405 0.409276)
(0.395411 -0.12683 -0.359117)
(0.290886 0.143639 0.508764)
(-0.302865 -0.302835 0.039769)
(0.0876978 0.115459 -0.679526)
(-0.087732 0.115494 -0.679507)
(0.302842 -0.30266 0.0397747)
(-0.290974 0.143629 0.508734)
(-0.395552 -0.126832 -0.359092)
(-0.572441 0.130361 0.409328)
(0.285821 -0.610495 -0.250977)
(-0.103432 -0.320102 -0.627849)
(-0.0213054 -0.397248 -0.331736)
(0.115463 0.0876964 -0.67953)
(-0.197013 -0.197008 -0.691753)
(0.197005 -0.197002 -0.691767)
(-0.115452 0.0877225 -0.679561)
(0.0213448 -0.397149 -0.331709)
(0.103424 -0.320107 -0.627851)
(-0.285856 -0.610455 -0.251044)
(0.285806 0.610367 -0.251055)
(-0.103525 0.320135 -0.627885)
(-0.0213131 0.397106 -0.331653)
(0.115516 -0.0877348 -0.679502)
(-0.197004 0.196999 -0.691774)
(0.197 0.196998 -0.69178)
(-0.115499 -0.0877373 -0.679548)
(0.0213526 0.397043 -0.331648)
(0.103503 0.320138 -0.627881)
(-0.285843 0.610355 -0.251114)
(0.572421 -0.130267 0.409238)
(0.395657 0.126874 -0.359143)
(0.291079 -0.143815 0.508813)
(-0.302612 0.302822 0.0397746)
(0.0877261 -0.115454 -0.679563)
(-0.0877343 -0.115487 -0.679556)
(0.302639 0.302679 0.0397566)
(-0.291106 -0.143774 0.508779)
(-0.395729 0.126866 -0.359121)
(-0.572433 -0.130251 0.409274)
(-0.551164 0.45782 0.511727)
(0.555634 0.822027 0.252474)
(-0.721266 0.721209 1.73418)
(0.143611 -0.291014 0.50872)
(-0.39716 0.0213536 -0.331695)
(0.39708 0.0213539 -0.331646)
(-0.143724 -0.291104 0.508754)
(0.721276 0.721248 1.73416)
(-0.555642 0.822018 0.252468)
(0.551163 0.457809 0.511725)
(-0.479372 -0.476828 0.0272677)
(-0.161718 0.161756 0.126173)
(-0.821998 -0.555671 0.252404)
(-0.126869 -0.395585 -0.359094)
(-0.32011 0.103435 -0.62785)
(0.320126 0.103489 -0.627868)
(0.126888 -0.395721 -0.359104)
(0.822018 -0.555658 0.252438)
(0.161733 0.161746 0.126192)
(0.479366 -0.476843 0.0272678)
(-0.618582 0.618563 -0.181159)
(0.476856 0.479357 0.0272425)
(-0.457813 0.551188 0.511704)
(0.130336 -0.57245 0.409316)
(-0.610438 -0.285833 -0.251039)
(0.610362 -0.285825 -0.251094)
(-0.130262 -0.572446 0.409286)
(0.457808 0.55117 0.511713)
(-0.476849 0.479363 0.0272688)
(0.618583 0.618578 -0.181152)
(-0.520864 -0.52087 -0.138263)
(0.332021 -0.426065 0.171901)
(-0.462596 -0.487889 0.586639)
(0.0242361 0.501153 0.198568)
(-0.557734 0.243892 -0.457629)
(0.557667 0.243851 -0.457724)
(-0.0240832 0.501289 0.198436)
(0.462585 -0.487834 0.586681)
(-0.332001 -0.426065 0.171923)
(0.520869 -0.520898 -0.138261)
(-0.426065 0.332028 0.1719)
(-0.171322 -0.171313 0.317288)
(-0.776164 0.524197 0.295493)
(-0.102536 0.328768 -0.408729)
(-0.274956 -0.103779 -0.650631)
(0.275008 -0.103852 -0.65064)
(0.102501 0.329013 -0.408735)
(0.776184 0.524183 0.29556)
(0.171364 -0.171323 0.317325)
(0.426064 0.332048 0.171903)
(-0.487906 -0.462596 0.586634)
(0.524196 -0.776156 0.295504)
(-0.636277 -0.636253 1.92161)
(0.203478 0.182496 0.618349)
(-0.263263 -0.0291453 -0.414974)
(0.263229 -0.0291358 -0.41492)
(-0.203574 0.18265 0.618363)
(0.636297 -0.636289 1.92161)
(-0.524205 -0.77616 0.295509)
(0.487884 -0.462583 0.586646)
(0.501165 0.0243081 0.198615)
(0.328745 -0.102523 -0.408715)
(0.182498 0.203464 0.618367)
(-0.343927 -0.343911 0.122586)
(0.0843875 0.0741625 -0.694337)
(-0.0844512 0.0741985 -0.694319)
(0.343894 -0.343746 0.122669)
(-0.182618 0.203485 0.618342)
(-0.328913 -0.102501 -0.408705)
(-0.501275 0.0242688 0.198573)
(0.243915 -0.557743 -0.457607)
(-0.10375 -0.274952 -0.650621)
(-0.0291409 -0.263253 -0.414963)
(0.074166 0.0843879 -0.694331)
(-0.198146 -0.198146 -0.754903)
(0.198138 -0.198147 -0.754915)
(-0.0741598 0.0844541 -0.694317)
(0.0291644 -0.263213 -0.414921)
(0.103774 -0.274964 -0.650608)
(-0.243878 -0.557669 -0.457662)
(0.243872 0.557651 -0.457732)
(-0.103847 0.275031 -0.650634)
(-0.0291293 0.263215 -0.414901)
(0.0742169 -0.084465 -0.694309)
(-0.19815 0.198131 -0.754921)
(0.198142 0.198135 -0.754929)
(-0.0742015 -0.0844949 -0.694311)
(0.0291589 0.263196 -0.41488)
(0.103855 0.275028 -0.650616)
(-0.243839 0.557606 -0.457763)
(0.501351 -0.0240864 0.198432)
(0.329087 0.10248 -0.408734)
(0.182699 -0.203594 0.61837)
(-0.343686 0.343892 0.122691)
(0.0844654 -0.0741588 -0.69431)
(-0.0844905 -0.0741898 -0.694308)
(0.343699 0.343753 0.122716)
(-0.182753 -0.203574 0.618347)
(-0.32917 0.102464 -0.408721)
(-0.501413 -0.0240861 0.198416)
(-0.487828 0.46258 0.586693)
(0.524176 0.776185 0.295579)
(-0.636315 0.636288 1.92159)
(0.203477 -0.182639 0.618325)
(-0.263226 0.0291774 -0.414921)
(0.263209 0.0291722 -0.414887)
(-0.203546 -0.182732 0.618331)
(0.636343 0.636327 1.92155)
(-0.524185 0.776184 0.295578)
(0.487827 0.462565 0.586695)
(-0.426066 -0.33201 0.171927)
(-0.171332 0.171371 0.317333)
(-0.776168 -0.524206 0.295498)
(-0.102524 -0.328941 -0.40871)
(-0.274973 0.103793 -0.650615)
(0.275011 0.103858 -0.650621)
(0.102495 -0.329126 -0.408716)
(0.776187 -0.524196 0.295551)
(0.171365 0.171369 0.317357)
(0.426065 -0.33204 0.171923)
(-0.520902 0.520875 -0.13826)
(0.332049 0.426064 0.171908)
(-0.462581 0.48787 0.586645)
(0.0242043 -0.501272 0.198541)
(-0.557657 -0.24386 -0.457672)
(0.557609 -0.243822 -0.457751)
(-0.0240764 -0.50137 0.198428)
(0.462566 0.487834 0.586679)
(-0.332044 0.426064 0.171923)
(0.520904 0.520899 -0.138257)
(-0.539225 -0.539228 0.0131205)
(0.403327 -0.407851 0.321102)
(-0.447666 -0.397884 0.630764)
(0.131444 0.369894 0.0591759)
(-0.510004 0.196411 -0.594281)
(0.509995 0.196395 -0.594354)
(-0.13157 0.369967 0.0589121)
(0.447649 -0.397843 0.630818)
(-0.403331 -0.407851 0.321124)
(0.539232 -0.539247 0.0131392)
(-0.407852 0.403328 0.3211)
(-0.204234 -0.20423 0.480121)
(-0.708093 0.436101 0.305955)
(-0.0700194 0.227451 -0.46639)
(-0.247343 -0.132992 -0.676672)
(0.247417 -0.13303 -0.676666)
(0.0699844 0.227525 -0.466374)
(0.708107 0.436099 0.306002)
(0.204289 -0.20425 0.480168)
(0.407858 0.403364 0.321106)
(-0.397904 -0.447669 0.630748)
(0.43611 -0.708086 0.305972)
(-0.562196 -0.562172 2.04953)
(0.29776 0.0191694 0.697489)
(-0.195061 -0.0325971 -0.445345)
(0.195154 -0.0325787 -0.445302)
(-0.29777 0.0192387 0.69752)
(0.562217 -0.562198 2.04951)
(-0.436135 -0.708088 0.305972)
(0.397897 -0.447644 0.630762)
(0.369896 0.131431 0.0592237)
(0.227451 -0.0700174 -0.466379)
(0.0192011 0.29776 0.697506)
(-0.300486 -0.300496 0.0977124)
(0.0453258 0.0801163 -0.719068)
(-0.0453805 0.0801433 -0.71905)
(0.3005 -0.30047 0.0978137)
(-0.0192895 0.297779 0.6975)
(-0.227509 -0.0700008 -0.466368)
(-0.369936 0.131495 0.0590931)
(0.196421 -0.510003 -0.594265)
(-0.132977 -0.247338 -0.676665)
(-0.0325913 -0.195037 -0.44533)
(0.0801217 0.045329 -0.719057)
(-0.180446 -0.180448 -0.821572)
(0.180447 -0.18046 -0.821578)
(-0.0801218 0.0454 -0.719007)
(0.0325985 -0.195075 -0.44529)
(0.133003 -0.247373 -0.676657)
(-0.196401 -0.509986 -0.594284)
(0.196408 0.509982 -0.594371)
(-0.133022 0.247445 -0.676653)
(-0.0325659 0.195182 -0.445281)
(0.0801583 -0.0453975 -0.719038)
(-0.180462 0.180446 -0.821581)
(0.180461 0.180457 -0.821584)
(-0.0801505 -0.0454365 -0.719003)
(0.0325794 0.195206 -0.44526)
(0.133039 0.247457 -0.676648)
(-0.196385 0.509981 -0.59437)
(0.370006 -0.131613 0.0588497)
(0.227561 0.0699758 -0.466362)
(0.019283 -0.297763 0.69753)
(-0.300446 0.300522 0.0978421)
(0.0454116 -0.0801179 -0.718991)
(-0.0454356 -0.0801404 -0.718991)
(0.300463 0.300492 0.0978835)
(-0.0193347 -0.297762 0.697517)
(-0.227586 0.0699638 -0.466353)
(-0.370018 -0.131623 0.058795)
(-0.397841 0.447642 0.630829)
(0.436104 0.70811 0.306017)
(-0.562217 0.562212 2.04949)
(0.297779 -0.0192871 0.69749)
(-0.195095 0.0326088 -0.445293)
(0.195183 0.0325963 -0.445271)
(-0.297765 -0.0193183 0.697502)
(0.562248 0.562241 2.04945)
(-0.436129 0.708111 0.306022)
(0.397848 0.447619 0.630836)
(-0.407853 -0.40334 0.321127)
(-0.204261 0.204302 0.480179)
(-0.708093 -0.436131 0.305962)
(-0.0700061 -0.227515 -0.466375)
(-0.247382 0.133014 -0.676661)
(0.247436 0.133048 -0.676658)
(0.069977 -0.227567 -0.466362)
(0.708112 -0.436132 0.306002)
(0.204306 0.204308 0.480209)
(0.40786 -0.403371 0.321125)
(-0.539249 0.539234 0.013142)
(0.403369 0.407859 0.321112)
(-0.447635 0.397883 0.630775)
(0.131491 -0.369938 0.0590565)
(-0.509987 -0.196393 -0.594288)
(0.509989 -0.196376 -0.594346)
(-0.131576 -0.36999 0.05885)
(0.447618 0.397854 0.630827)
(-0.403373 0.407861 0.321126)
(0.53925 0.539248 0.0131498)
(-0.670722 -0.670723 -0.02368)
(0.452097 -0.435217 0.438275)
(-0.355287 -0.276187 0.687084)
(0.232952 0.278835 -0.0449716)
(-0.46856 0.168273 -0.678462)
(0.468614 0.168281 -0.678467)
(-0.233103 0.278708 -0.0451757)
(0.35525 -0.276176 0.687077)
(-0.452123 -0.435221 0.438299)
(0.670703 -0.67071 -0.0236808)
(-0.435216 0.452092 0.438274)
(-0.265427 -0.265425 0.609079)
(-0.666469 0.314521 0.318717)
(-0.0610496 0.143248 -0.493354)
(-0.228918 -0.163177 -0.701243)
(0.228983 -0.163183 -0.701227)
(0.06109 0.143063 -0.493326)
(0.666439 0.314525 0.318756)
(0.265467 -0.265425 0.609122)
(0.435228 0.452119 0.438285)
(-0.276207 -0.355292 0.687082)
(0.314528 -0.666473 0.318735)
(-0.494706 -0.494677 2.04495)
(0.367498 -0.133154 0.736512)
(-0.153648 -0.0398841 -0.466538)
(0.153746 -0.0398661 -0.466478)
(-0.367475 -0.13313 0.736588)
(0.494731 -0.494694 2.04494)
(-0.314561 -0.666465 0.318735)
(0.276234 -0.355241 0.687075)
(0.278858 0.232917 -0.0449291)
(0.143269 -0.0610355 -0.493352)
(-0.133129 0.3675 0.736525)
(-0.151791 -0.151832 0.0383097)
(-0.0130823 0.109775 -0.737572)
(0.0130662 0.109784 -0.737569)
(0.151896 -0.15203 0.0383859)
(0.133089 0.3675 0.736547)
(-0.143198 -0.0610516 -0.49335)
(-0.278811 0.232985 -0.0450204)
(0.168276 -0.468548 -0.678457)
(-0.163174 -0.228911 -0.701241)
(-0.0398767 -0.153623 -0.466531)
(0.109783 -0.0130785 -0.737565)
(-0.140478 -0.140478 -0.85016)
(0.140492 -0.140494 -0.850162)
(-0.109784 -0.0130367 -0.737537)
(0.0398712 -0.153658 -0.466503)
(0.163183 -0.228945 -0.701238)
(-0.168287 -0.468581 -0.678453)
(0.168289 0.468622 -0.678465)
(-0.163179 0.229006 -0.701216)
(-0.0398532 0.153776 -0.466455)
(0.109792 0.0130591 -0.737562)
(-0.140497 0.140497 -0.850163)
(0.140507 0.140508 -0.850166)
(-0.10979 0.0130323 -0.737538)
(0.0398521 0.153794 -0.466451)
(0.163184 0.229019 -0.701219)
(-0.168294 0.46865 -0.678461)
(0.278675 -0.233142 -0.0452239)
(0.143014 0.0611054 -0.493317)
(-0.133099 -0.36746 0.736616)
(-0.152077 0.151949 0.0384085)
(-0.0130293 -0.109778 -0.737527)
(0.0130276 -0.109784 -0.73753)
(0.152119 0.152096 0.038432)
(0.133073 -0.367452 0.736613)
(-0.142988 0.0611023 -0.493317)
(-0.278653 -0.233157 -0.0452467)
(-0.276183 0.355238 0.687074)
(0.314534 0.666432 0.31877)
(-0.494709 0.494727 2.04493)
(0.367496 0.133099 0.736549)
(-0.15368 0.0398759 -0.466498)
(0.153771 0.0398633 -0.466464)
(-0.36746 0.133088 0.736592)
(0.494745 0.494747 2.04491)
(-0.31457 0.666432 0.318776)
(0.276209 0.3552 0.687079)
(-0.435224 -0.452125 0.438304)
(-0.265431 0.265475 0.609131)
(-0.666464 -0.314565 0.318726)
(-0.0610611 -0.143186 -0.493354)
(-0.228954 0.163183 -0.701239)
(0.229005 0.163187 -0.701229)
(0.0610929 -0.143039 -0.49333)
(0.666445 -0.314576 0.318758)
(0.265468 0.265468 0.609161)
(0.435235 -0.452134 0.438305)
(-0.670706 0.670699 -0.0236828)
(0.452125 0.435231 0.438291)
(-0.355225 0.276228 0.687081)
(0.233009 -0.278793 -0.0450482)
(-0.468594 -0.168287 -0.678453)
(0.468644 -0.168294 -0.678458)
(-0.233123 -0.278686 -0.0452021)
(0.355201 0.276216 0.687085)
(-0.452135 0.435236 0.438305)
(0.670694 0.670693 -0.0236893)
(-0.816879 -0.816879 0.235927)
(0.431507 -0.495682 0.519237)
(-0.148978 -0.150403 0.705708)
(0.282462 0.25229 -0.0746951)
(-0.404171 0.159729 -0.724511)
(0.404264 0.159746 -0.724489)
(-0.282465 0.252164 -0.0747875)
(0.148927 -0.150396 0.705683)
(-0.431511 -0.495688 0.519252)
(0.816872 -0.816875 0.235892)
(-0.495679 0.431503 0.519238)
(-0.334878 -0.334882 0.700379)
(-0.664018 0.217799 0.33267)
(-0.0525723 0.121684 -0.497823)
(-0.213995 -0.177155 -0.720388)
(0.214014 -0.177149 -0.720377)
(0.052605 0.121447 -0.497788)
(0.663968 0.217792 0.332718)
(0.334896 -0.334884 0.700412)
(0.495692 0.431508 0.519248)
(-0.150424 -0.148989 0.705715)
(0.217806 -0.664029 0.332683)
(-0.436573 -0.43655 1.98668)
(0.412505 -0.225389 0.711127)
(-0.113109 -0.0453088 -0.476499)
(0.113144 -0.0453023 -0.47643)
(-0.412481 -0.225388 0.711201)
(0.436599 -0.436552 1.98668)
(-0.21783 -0.664019 0.332688)
(0.150465 -0.148941 0.705704)
(0.252307 0.282461 -0.0746712)
(0.121714 -0.0525598 -0.497825)
(-0.225381 0.412502 0.711138)
(-0.0158902 -0.0159222 -0.0693319)
(-0.0560729 0.136367 -0.740542)
(0.056078 0.136367 -0.740555)
(0.0159562 -0.0160493 -0.0692509)
(0.225385 0.412489 0.711165)
(-0.12163 -0.0525749 -0.497822)
(-0.252257 0.282461 -0.0747116)
(0.159733 -0.404151 -0.724515)
(-0.177154 -0.213995 -0.720388)
(-0.0453007 -0.113095 -0.476499)
(0.136374 -0.0560697 -0.740542)
(-0.112142 -0.112142 -0.855676)
(0.112153 -0.112152 -0.855677)
(-0.136373 -0.0560527 -0.740553)
(0.0452962 -0.113103 -0.476476)
(0.177155 -0.214007 -0.72039)
(-0.15975 -0.404198 -0.724518)
(0.159757 0.404284 -0.724483)
(-0.177144 0.214024 -0.720372)
(-0.0452941 0.113155 -0.476407)
(0.136372 0.0560762 -0.740555)
(-0.112155 0.112156 -0.855678)
(0.112163 0.112163 -0.855682)
(-0.13637 0.0560656 -0.740561)
(0.0452898 0.113162 -0.476408)
(0.177143 0.214029 -0.720379)
(-0.159768 0.404311 -0.724494)
(0.252127 -0.282473 -0.0748058)
(0.121382 0.0526186 -0.49778)
(-0.225374 -0.412464 0.71123)
(-0.0160789 0.0159952 -0.0692255)
(-0.0560516 -0.136368 -0.740556)
(0.0560621 -0.136368 -0.740561)
(0.0161107 0.0160988 -0.0691951)
(0.225376 -0.412448 0.711228)
(-0.121367 0.0526186 -0.497784)
(-0.252105 -0.28247 -0.0748087)
(-0.150403 0.14891 0.705674)
(0.217793 0.663957 0.332736)
(-0.436557 0.436598 1.98668)
(0.412485 0.225392 0.711178)
(-0.113116 0.0453002 -0.476466)
(0.113155 0.0452959 -0.476423)
(-0.412456 0.225386 0.711217)
(0.436589 0.436602 1.98668)
(-0.217831 0.66396 0.332743)
(0.150439 0.148882 0.705675)
(-0.495689 -0.431509 0.519255)
(-0.334891 0.334895 0.70042)
(-0.664013 -0.217842 0.33268)
(-0.052582 -0.121609 -0.497823)
(-0.214009 0.177153 -0.720391)
(0.214024 0.177147 -0.720384)
(0.0526102 -0.121426 -0.497796)
(0.663975 -0.217847 0.33272)
(0.334907 0.334895 0.700442)
(0.4957 -0.431506 0.519259)
(-0.816874 0.816871 0.235883)
(0.43151 0.495696 0.519253)
(-0.148925 0.150464 0.705704)
(0.282453 -0.252243 -0.0747252)
(-0.404216 -0.15975 -0.724513)
(0.404294 -0.159764 -0.724497)
(-0.282454 -0.252138 -0.0747934)
(0.148893 0.150451 0.705687)
(-0.431507 0.4957 0.51926)
(0.816871 0.81687 0.235868)
(-0.848332 -0.848331 0.354675)
(0.658304 -0.608349 0.544794)
(0.144362 -0.139287 0.715789)
(0.333551 0.279092 -0.0667078)
(-0.327053 0.158024 -0.73218)
(0.327098 0.158039 -0.732159)
(-0.333517 0.278968 -0.0666664)
(-0.144403 -0.139284 0.715776)
(-0.658258 -0.608348 0.544804)
(0.848323 -0.848326 0.354668)
(-0.608345 0.658302 0.544795)
(-0.379218 -0.379227 0.763922)
(-0.667004 0.187104 0.339679)
(-0.0565097 0.161302 -0.505234)
(-0.20461 -0.18209 -0.734284)
(0.2046 -0.182087 -0.734278)
(0.056527 0.161226 -0.505232)
(0.666982 0.187068 0.339726)
(0.37922 -0.37924 0.763932)
(0.608344 0.658261 0.544802)
(-0.139297 0.144349 0.715794)
(0.187111 -0.667013 0.339688)
(-0.389662 -0.389653 1.8464)
(0.438272 -0.240551 0.675626)
(-0.0896419 -0.0464267 -0.479507)
(0.0896204 -0.0464298 -0.479441)
(-0.438257 -0.240591 0.675665)
(0.389681 -0.389644 1.84642)
(-0.18712 -0.667012 0.339688)
(0.139328 0.144375 0.715791)
(0.279111 0.333561 -0.066706)
(0.161315 -0.0565012 -0.50523)
(-0.24055 0.438268 0.675639)
(0.0486781 0.0486669 -0.16842)
(-0.0798226 0.153146 -0.734624)
(0.079832 0.153147 -0.734636)
(-0.0486692 0.0486641 -0.168355)
(0.240591 0.438264 0.675662)
(-0.161303 -0.0565133 -0.505239)
(-0.27906 0.333546 -0.066689)
(0.158027 -0.327044 -0.732185)
(-0.182089 -0.204613 -0.734282)
(-0.0464192 -0.0896409 -0.47951)
(0.153151 -0.0798199 -0.734626)
(-0.095148 -0.0951483 -0.830232)
(0.0951542 -0.0951553 -0.830232)
(-0.153151 -0.0798138 -0.734641)
(0.0464203 -0.0896342 -0.47949)
(0.182089 -0.204611 -0.734286)
(-0.158041 -0.327062 -0.732203)
(0.15805 0.327104 -0.732154)
(-0.182083 0.204601 -0.734276)
(-0.046426 0.0896143 -0.47942)
(0.15315 0.0798321 -0.734639)
(-0.0951574 0.0951556 -0.830233)
(0.0951628 0.0951617 -0.830236)
(-0.153149 0.07983 -0.734649)
(0.0464243 0.0896202 -0.479422)
(0.182081 0.204602 -0.734282)
(-0.158059 0.327114 -0.732179)
(0.278935 -0.333515 -0.0666498)
(0.161213 0.0565343 -0.505235)
(-0.240598 -0.438241 0.675683)
(0.0486701 -0.0486544 -0.168332)
(-0.0798153 -0.153149 -0.734645)
(0.0798282 -0.153149 -0.73465)
(-0.0486552 -0.0486439 -0.168308)
(0.24062 -0.438232 0.675689)
(-0.16123 0.0565362 -0.505243)
(-0.278915 -0.333513 -0.0666322)
(-0.139288 -0.144417 0.715768)
(0.187053 0.666981 0.339744)
(-0.38964 0.389684 1.84642)
(0.438267 0.240601 0.675681)
(-0.0896354 0.0464252 -0.479479)
(0.089627 0.0464274 -0.479437)
(-0.438247 0.24062 0.675695)
(0.389665 0.389679 1.84645)
(-0.187083 0.666986 0.339747)
(0.139316 -0.144429 0.715768)
(-0.608347 -0.658243 0.544806)
(-0.37925 0.379214 0.763932)
(-0.667005 -0.187136 0.339679)
(-0.056519 -0.161296 -0.505243)
(-0.204609 0.18209 -0.734288)
(0.204604 0.182086 -0.734285)
(0.0565347 -0.161243 -0.505245)
(0.666987 -0.187117 0.33972)
(0.379249 0.379227 0.763942)
(0.60835 -0.658225 0.544809)
(-0.848325 0.848321 0.354666)
(0.658253 0.608346 0.544804)
(0.144386 0.139333 0.715791)
(0.333533 -0.279044 -0.0666822)
(-0.327072 -0.158039 -0.7322)
(0.327111 -0.158051 -0.732185)
(-0.333505 -0.278943 -0.0666444)
(-0.144416 0.139326 0.71578)
(-0.65823 0.608349 0.544808)
(0.848321 0.848321 0.354661)
(-0.85754 -0.85754 0.38792)
(0.759599 -0.670938 0.54944)
(0.288006 -0.176414 0.783499)
(0.311378 0.339265 -0.0328539)
(-0.259248 0.153528 -0.715399)
(0.259211 0.153543 -0.715389)
(-0.31139 0.339268 -0.032788)
(-0.288044 -0.176426 0.78349)
(-0.759584 -0.670948 0.549445)
(0.857546 -0.857548 0.387934)
(-0.670934 0.759596 0.54944)
(-0.397446 -0.397456 0.745606)
(-0.654724 0.18837 0.321149)
(-0.050337 0.189188 -0.499852)
(-0.201265 -0.185748 -0.744956)
(0.201249 -0.185749 -0.744953)
(0.0503212 0.189281 -0.499853)
(0.654737 0.188342 0.321192)
(0.397437 -0.397471 0.74562)
(0.670938 0.75959 0.549439)
(-0.176412 0.287994 0.783502)
(0.188369 -0.654727 0.321153)
(-0.365058 -0.365062 1.68309)
(0.436459 -0.198938 0.648113)
(-0.0794811 -0.0477451 -0.485244)
(0.079452 -0.0477445 -0.485191)
(-0.436452 -0.199008 0.648135)
(0.365065 -0.365056 1.6831)
(-0.188379 -0.654733 0.321148)
(0.176433 0.288008 0.783498)
(0.339266 0.31138 -0.0328601)
(0.189179 -0.0503343 -0.499847)
(-0.198933 0.436457 0.648126)
(0.0782948 0.0782926 -0.25072)
(-0.0855535 0.160761 -0.72364)
(0.0855654 0.160763 -0.723647)
(-0.0782927 0.0783122 -0.250688)
(0.198982 0.436468 0.648155)
(-0.189234 -0.0503342 -0.499851)
(-0.339275 0.31138 -0.0328399)
(0.15353 -0.259251 -0.715403)
(-0.185745 -0.201269 -0.744953)
(-0.0477398 -0.0794843 -0.485246)
(0.160765 -0.0855517 -0.723641)
(-0.0892251 -0.089226 -0.80104)
(0.0892275 -0.0892309 -0.801041)
(-0.160767 -0.085553 -0.72365)
(0.0477404 -0.0794803 -0.485228)
(0.185747 -0.201266 -0.744956)
(-0.153541 -0.259235 -0.715426)
(0.153554 0.259193 -0.715387)
(-0.185747 0.201248 -0.74495)
(-0.0477415 0.0794429 -0.485174)
(0.160765 0.0855664 -0.72365)
(-0.0892319 0.0892274 -0.801043)
(0.0892344 0.0892323 -0.801047)
(-0.160765 0.0855696 -0.723655)
(0.0477408 0.0794513 -0.485172)
(0.185747 0.20125 -0.744954)
(-0.153561 0.25919 -0.715414)
(0.339277 -0.3114 -0.0327695)
(0.189316 0.0503156 -0.499855)
(-0.199027 -0.436439 0.648148)
(0.0783239 -0.0782879 -0.250674)
(-0.0855565 -0.160766 -0.723651)
(0.0855698 -0.160767 -0.723655)
(-0.0783111 -0.0782977 -0.250665)
(0.199047 -0.436445 0.648166)
(-0.189352 0.0503144 -0.49986)
(-0.339282 -0.311399 -0.0327569)
(-0.17643 -0.288055 0.783484)
(0.188321 0.654749 0.321209)
(-0.365054 0.365064 1.68311)
(0.436481 0.198996 0.648177)
(-0.0794788 0.047743 -0.485217)
(0.0794617 0.0477427 -0.485183)
(-0.436469 0.199037 0.64818)
(0.365063 0.365063 1.68314)
(-0.188341 0.654751 0.321206)
(0.176446 -0.28806 0.783481)
(-0.67095 -0.759575 0.549446)
(-0.39748 0.397428 0.745621)
(-0.654728 -0.188399 0.321138)
(-0.0503369 -0.189249 -0.499853)
(-0.201262 0.185751 -0.74496)
(0.201252 0.185751 -0.744959)
(0.0503249 -0.189327 -0.499859)
(0.654738 -0.188382 0.321178)
(0.39747 0.397445 0.745632)
(0.670953 -0.759575 0.549444)
(-0.857551 0.857548 0.387938)
(0.759594 0.670942 0.549436)
(0.288017 0.176439 0.783496)
(0.311377 -0.339275 -0.0328284)
(-0.259233 -0.153539 -0.715426)
(0.259208 -0.153552 -0.715419)
(-0.311384 -0.339277 -0.032772)
(-0.288047 0.176448 0.783487)
(-0.759585 0.670951 0.549439)
(0.857554 0.857553 0.387945)
(-0.868901 -0.8689 0.433848)
(0.722277 -0.645585 0.550451)
(0.190624 -0.118536 0.883326)
(0.274254 0.398271 -0.0282436)
(-0.220319 0.146497 -0.696575)
(0.220268 0.146506 -0.696574)
(-0.274283 0.398323 -0.0282466)
(-0.190677 -0.118569 0.883317)
(-0.722276 -0.645601 0.550452)
(0.868902 -0.868904 0.433851)
(-0.645579 0.722275 0.550451)
(-0.386141 -0.386148 0.71596)
(-0.629881 0.192267 0.304634)
(-0.0137018 0.170516 -0.482197)
(-0.199936 -0.188616 -0.74858)
(0.199927 -0.188622 -0.748572)
(0.0136693 0.170634 -0.482168)
(0.629902 0.192246 0.304665)
(0.386133 -0.386166 0.715971)
(0.645582 0.722285 0.550445)
(-0.118526 0.190609 0.88333)
(0.192259 -0.629882 0.304636)
(-0.358162 -0.358169 1.53698)
(0.411679 -0.141436 0.619504)
(-0.0718239 -0.0499575 -0.496521)
(0.0718074 -0.0499529 -0.496474)
(-0.411677 -0.141482 0.619549)
(0.358155 -0.358174 1.53698)
(-0.19227 -0.629886 0.304622)
(0.118539 0.190615 0.883328)
(0.398266 0.274253 -0.0282424)
(0.170502 -0.0137008 -0.482196)
(-0.141429 0.411677 0.619512)
(0.0896311 0.0896284 -0.294143)
(-0.083886 0.164016 -0.710536)
(0.0838984 0.164018 -0.71054)
(-0.0896186 0.0896241 -0.294133)
(0.141449 0.411703 0.619561)
(-0.170557 -0.0136891 -0.482182)
(-0.398297 0.27426 -0.0282577)
(0.146499 -0.220327 -0.696574)
(-0.188613 -0.199939 -0.748578)
(-0.0499539 -0.0718269 -0.496522)
(0.164019 -0.0838852 -0.710537)
(-0.0849359 -0.084937 -0.765724)
(0.0849369 -0.0849407 -0.765725)
(-0.164024 -0.0838908 -0.710546)
(0.0499515 -0.0718302 -0.496502)
(0.18862 -0.19994 -0.748577)
(-0.146502 -0.22031 -0.696595)
(0.146514 0.220247 -0.696573)
(-0.188622 0.199928 -0.748566)
(-0.0499502 0.0718003 -0.496461)
(0.164021 0.083899 -0.710542)
(-0.0849409 0.0849363 -0.765726)
(0.0849423 0.08494 -0.765729)
(-0.164024 0.0839034 -0.710548)
(0.0499482 0.0718091 -0.496456)
(0.188626 0.199931 -0.748567)
(-0.146514 0.220246 -0.696594)
(0.398346 -0.274296 -0.0282539)
(0.170671 0.0136565 -0.482161)
(-0.141494 -0.411666 0.619569)
(0.0896278 -0.0896157 -0.294125)
(-0.0838956 -0.164025 -0.710545)
(0.0839061 -0.164027 -0.710547)
(-0.0896154 -0.0896103 -0.294125)
(0.141496 -0.411688 0.6196)
(-0.170699 0.0136484 -0.482157)
(-0.398362 -0.274297 -0.0282562)
(-0.11858 -0.19069 0.883315)
(0.192221 0.629914 0.304681)
(-0.358183 0.358142 1.53698)
(0.411724 0.141457 0.619589)
(-0.0718306 0.0499511 -0.49649)
(0.0718202 0.0499484 -0.496462)
(-0.411719 0.141486 0.61961)
(0.358176 0.358151 1.53701)
(-0.192232 0.629912 0.304671)
(0.118586 -0.190691 0.883312)
(-0.645603 -0.722272 0.550453)
(-0.386174 0.386127 0.715972)
(-0.629882 -0.192291 0.304607)
(-0.013689 -0.170577 -0.482178)
(-0.199937 0.188624 -0.748582)
(0.199932 0.188629 -0.748576)
(0.0136632 -0.170672 -0.482161)
(0.629897 -0.192275 0.304638)
(0.386166 0.386145 0.71598)
(0.645605 -0.72228 0.550448)
(-0.868905 0.868902 0.433851)
(0.722293 0.645586 0.550439)
(0.190622 0.118542 0.883322)
(0.274261 -0.398303 -0.0282554)
(-0.220304 -0.146501 -0.696599)
(0.220266 -0.146508 -0.696598)
(-0.274283 -0.398345 -0.0282529)
(-0.190671 0.118571 0.883314)
(-0.722292 0.645601 0.55044)
(0.868906 0.868905 0.433853)
(-0.885163 -0.885163 0.515793)
(0.717819 -0.58977 0.576977)
(-0.0498228 0.00536664 0.935931)
(0.281946 0.393409 -0.101761)
(-0.211097 0.136421 -0.668609)
(0.211073 0.13642 -0.668611)
(-0.281967 0.393357 -0.101778)
(0.0497785 0.00532603 0.935935)
(-0.717825 -0.589786 0.576975)
(0.885163 -0.885164 0.515803)
(-0.589763 0.717817 0.576978)
(-0.36307 -0.363075 0.70378)
(-0.628941 0.220652 0.306917)
(0.0463928 0.107798 -0.466547)
(-0.199004 -0.191426 -0.738881)
(0.199002 -0.191435 -0.738869)
(-0.046406 0.107835 -0.466528)
(0.628945 0.220634 0.306936)
(0.363066 -0.363092 0.703789)
(0.589765 0.717834 0.57697)
(0.00537763 -0.0498359 0.935933)
(0.220639 -0.628943 0.306917)
(-0.373789 -0.373792 1.41966)
(0.400073 -0.108466 0.572971)
(-0.0671263 -0.0499597 -0.513193)
(0.0671077 -0.0499567 -0.513154)
(-0.400081 -0.108474 0.573057)
(0.373778 -0.373808 1.41965)
(-0.220647 -0.628943 0.306892)
(-0.00537358 -0.0498354 0.935932)
(0.39342 0.281948 -0.101761)
(0.107794 0.0463982 -0.466545)
(-0.108461 0.400071 0.572973)
(0.0959286 0.0959253 -0.314179)
(-0.0761159 0.165764 -0.695311)
(0.0761175 0.165768 -0.695314)
(-0.0959208 0.0959191 -0.314171)
(0.108456 0.400106 0.573042)
(-0.107808 0.0464105 -0.466536)
(-0.393401 0.281958 -0.101791)
(0.136422 -0.211103 -0.668606)
(-0.191424 -0.199007 -0.738879)
(-0.0499562 -0.0671302 -0.513193)
(0.165767 -0.0761165 -0.695311)
(-0.0820662 -0.0820677 -0.728002)
(0.0820644 -0.08207 -0.728002)
(-0.165774 -0.0761177 -0.695322)
(0.0499527 -0.0671344 -0.513172)
(0.191435 -0.199013 -0.738877)
(-0.136417 -0.211099 -0.668622)
(0.136423 0.211066 -0.66861)
(-0.191438 0.199006 -0.738861)
(-0.0499547 0.0670981 -0.513144)
(0.165771 0.0761157 -0.695316)
(-0.0820693 0.0820629 -0.728003)
(0.0820679 0.0820653 -0.728005)
(-0.165776 0.0761171 -0.695325)
(0.049951 0.0671057 -0.513136)
(0.191446 0.199011 -0.738861)
(-0.136418 0.211067 -0.668626)
(0.393343 -0.281978 -0.101794)
(0.107842 -0.0464128 -0.466522)
(-0.108476 -0.400075 0.573093)
(0.0959223 -0.09592 -0.314165)
(-0.076119 -0.165776 -0.695322)
(0.0761205 -0.165778 -0.695324)
(-0.095917 -0.0959141 -0.314165)
(0.108468 -0.400105 0.573136)
(-0.107851 -0.0464255 -0.466521)
(-0.393341 -0.281983 -0.101803)
(0.00531046 0.0497704 0.93594)
(0.220612 0.628952 0.30695)
(-0.373827 0.37376 1.41964)
(0.40013 0.108458 0.573074)
(-0.0671353 0.0499518 -0.513159)
(0.0671213 0.0499504 -0.513135)
(-0.400135 0.108463 0.573131)
(0.373814 0.373773 1.41966)
(-0.220613 0.628949 0.30693)
(-0.00531369 0.0497704 0.935938)
(-0.589788 -0.717822 0.576976)
(-0.363096 0.363067 0.703789)
(-0.628939 -0.220662 0.30687)
(0.0464114 -0.107819 -0.466534)
(-0.199011 0.191438 -0.738883)
(0.199011 0.191447 -0.738874)
(-0.0464205 -0.10785 -0.466524)
(0.628941 -0.220646 0.306892)
(0.363092 0.363083 0.703794)
(0.58979 -0.717833 0.576969)
(-0.885165 0.885162 0.515806)
(0.717843 0.589768 0.576962)
(-0.0498298 -0.00537574 0.935923)
(0.281958 -0.393393 -0.101792)
(-0.211093 -0.136417 -0.668629)
(0.211075 -0.136416 -0.668631)
(-0.281973 -0.393353 -0.101797)
(0.0497861 -0.00533948 0.935927)
(-0.717845 0.589785 0.576961)
(0.885165 0.885164 0.515811)
(-0.887936 -0.887936 0.587397)
(0.791245 -0.544884 0.643503)
(-0.242621 0.118303 0.952891)
(0.28778 0.32386 -0.215491)
(-0.219498 0.126977 -0.633148)
(0.219497 0.126982 -0.633138)
(-0.287786 0.323848 -0.215481)
(0.242606 0.118254 0.952906)
(-0.791247 -0.544894 0.643501)
(0.887932 -0.887933 0.587386)
(-0.544878 0.791243 0.643504)
(-0.352244 -0.352247 0.731636)
(-0.636682 0.260457 0.339088)
(0.10721 0.0312474 -0.462454)
(-0.19741 -0.191394 -0.715299)
(0.197399 -0.191402 -0.715286)
(-0.107216 0.0312261 -0.462444)
(0.636683 0.26046 0.339097)
(0.352242 -0.352246 0.731638)
(0.544878 0.791252 0.643497)
(0.118317 -0.24263 0.952893)
(0.26044 -0.636686 0.339089)
(-0.408765 -0.408766 1.32436)
(0.404111 -0.107643 0.487455)
(-0.0598378 -0.0444101 -0.529377)
(0.0598097 -0.0444076 -0.529344)
(-0.404139 -0.107632 0.487532)
(0.408763 -0.408795 1.32433)
(-0.260444 -0.636686 0.339059)
(-0.118319 -0.242636 0.952893)
(0.323861 0.287785 -0.215496)
(0.0312491 0.107217 -0.462451)
(-0.107643 0.404104 0.487458)
(0.102886 0.102883 -0.328863)
(-0.0695272 0.163731 -0.676886)
(0.0695228 0.163736 -0.676889)
(-0.102892 0.102889 -0.328853)
(0.107635 0.404134 0.487519)
(-0.031237 0.107231 -0.462445)
(-0.323854 0.287791 -0.215514)
(0.126976 -0.219501 -0.633145)
(-0.191392 -0.197415 -0.715297)
(-0.0444057 -0.0598441 -0.529375)
(0.163733 -0.0695293 -0.676886)
(-0.0809112 -0.0809131 -0.687949)
(0.080906 -0.0809137 -0.687948)
(-0.163741 -0.0695304 -0.676896)
(0.0443963 -0.0598446 -0.529354)
(0.191403 -0.197421 -0.715294)
(-0.12697 -0.219506 -0.633152)
(0.126983 0.219501 -0.633132)
(-0.191406 0.197402 -0.715278)
(-0.0444044 0.059798 -0.529336)
(0.163742 0.0695205 -0.676892)
(-0.0809117 0.080904 -0.687949)
(0.0809073 0.0809049 -0.68795)
(-0.163748 0.0695229 -0.6769)
(0.0443943 0.0598027 -0.529326)
(0.191415 0.19741 -0.715278)
(-0.126977 0.219503 -0.633143)
(0.323842 -0.287791 -0.215487)
(0.0312106 -0.107217 -0.462441)
(-0.107626 -0.404151 0.487562)
(0.102896 -0.102894 -0.328845)
(-0.0695293 -0.163743 -0.676896)
(0.0695259 -0.163748 -0.676898)
(-0.1029 -0.102897 -0.328842)
(0.107621 -0.404178 0.487601)
(-0.0312099 -0.107233 -0.462439)
(-0.323843 -0.287799 -0.215493)
(0.118237 0.242611 0.952916)
(0.260454 0.636689 0.339108)
(-0.40882 0.40875 1.32432)
(0.404148 0.107635 0.487545)
(-0.0598417 0.044396 -0.529341)
(0.059819 0.0443944 -0.529322)
(-0.404177 0.107626 0.487596)
(0.408811 0.408771 1.32433)
(-0.260444 0.636687 0.339084)
(-0.118249 0.242613 0.952914)
(-0.544893 -0.791245 0.643502)
(-0.352238 0.352251 0.731637)
(-0.636681 -0.260448 0.339036)
(0.107237 -0.0312393 -0.462444)
(-0.197417 0.191405 -0.715299)
(0.19741 0.191413 -0.715289)
(-0.10724 -0.031225 -0.462441)
(0.63668 -0.260447 0.339049)
(0.352239 0.352253 0.731634)
(0.544894 -0.791252 0.643494)
(-0.887933 0.887931 0.587384)
(0.791257 0.544881 0.64349)
(-0.24263 -0.118324 0.952882)
(0.287791 -0.323855 -0.215514)
(-0.219501 -0.126973 -0.633157)
(0.2195 -0.126977 -0.63315)
(-0.287795 -0.323848 -0.215496)
(0.242611 -0.118283 0.952895)
(-0.791257 0.544893 0.643487)
(0.887931 0.88793 0.587378)
(-0.889476 -0.889475 0.571108)
(0.761989 -0.525387 0.733413)
(-0.286778 0.159982 0.964262)
(0.249957 0.273644 -0.306125)
(-0.221493 0.122474 -0.60556)
(0.22149 0.12248 -0.605554)
(-0.249969 0.273661 -0.306117)
(0.28681 0.159948 0.964283)
(-0.761985 -0.525384 0.733412)
(0.889474 -0.889475 0.571109)
(-0.525383 0.761987 0.733414)
(-0.358926 -0.358925 0.786217)
(-0.630968 0.291338 0.372557)
(0.138388 -0.0114469 -0.469469)
(-0.191585 -0.177645 -0.683453)
(0.191569 -0.177645 -0.683444)
(-0.138392 -0.0114575 -0.469466)
(0.63097 0.291373 0.372568)
(0.358923 -0.358901 0.786217)
(0.52538 0.761983 0.733409)
(0.159997 -0.286783 0.964262)
(0.291317 -0.630974 0.37256)
(-0.444276 -0.444275 1.25206)
(0.400971 -0.115911 0.370018)
(-0.0479029 -0.0352494 -0.538679)
(0.0478734 -0.0352462 -0.53865)
(-0.400999 -0.115895 0.370078)
(0.444282 -0.444306 1.25203)
(-0.291318 -0.630975 0.372532)
(-0.160004 -0.286793 0.964259)
(0.27364 0.249959 -0.30613)
(-0.0114498 0.138392 -0.469465)
(-0.115915 0.400963 0.370023)
(0.110965 0.110961 -0.351235)
(-0.0658771 0.151102 -0.653125)
(0.0658686 0.151107 -0.653126)
(-0.110981 0.110972 -0.351225)
(0.115913 0.40097 0.37007)
(0.0114576 0.138403 -0.46946)
(-0.273644 0.24997 -0.306148)
(0.12247 -0.221497 -0.605557)
(-0.177643 -0.191591 -0.683452)
(-0.0352442 -0.0479089 -0.538678)
(0.151103 -0.0658802 -0.653125)
(-0.0802481 -0.0802506 -0.652197)
(0.08024 -0.0802497 -0.652195)
(-0.151112 -0.0658802 -0.65313)
(0.0352285 -0.0479043 -0.538657)
(0.177644 -0.191598 -0.683454)
(-0.122463 -0.2215 -0.605563)
(0.12248 0.221496 -0.60555)
(-0.177648 0.19157 -0.68344)
(-0.0352424 0.047864 -0.538642)
(0.151112 0.0658658 -0.653128)
(-0.0802466 0.0802378 -0.652196)
(0.0802395 0.0802375 -0.652195)
(-0.15112 0.0658681 -0.653132)
(0.0352263 0.0478637 -0.538631)
(0.177649 0.19158 -0.683443)
(-0.122471 0.221497 -0.605557)
(0.273663 -0.249973 -0.306122)
(-0.0114683 -0.138388 -0.469466)
(-0.115888 -0.401015 0.3701)
(0.110979 -0.110986 -0.351218)
(-0.0658775 -0.151114 -0.653129)
(0.0658708 -0.151118 -0.65313)
(-0.11099 -0.110991 -0.351214)
(0.115888 -0.401022 0.370134)
(0.0114696 -0.138401 -0.469462)
(-0.273666 -0.249984 -0.30613)
(0.159937 0.286836 0.964296)
(0.291389 0.630975 0.37258)
(-0.444323 0.444282 1.25201)
(0.400971 0.115912 0.370091)
(-0.0478962 0.0352283 -0.538648)
(0.0478726 0.035226 -0.538629)
(-0.401001 0.115898 0.370131)
(0.444323 0.444303 1.252)
(-0.291369 0.630977 0.372558)
(-0.159954 0.286838 0.964291)
(-0.525378 -0.761983 0.733412)
(-0.358878 0.358939 0.786216)
(-0.63097 -0.29131 0.37251)
(0.138413 0.0114554 -0.469459)
(-0.191592 0.177644 -0.683456)
(0.191581 0.177646 -0.683449)
(-0.138415 0.0114599 -0.46946)
(0.63097 -0.291336 0.372524)
(0.358884 0.35892 0.786209)
(0.525377 -0.761982 0.733407)
(-0.889476 0.889473 0.571109)
(0.761983 0.525384 0.733404)
(-0.286782 -0.160009 0.964248)
(0.249973 -0.273651 -0.306149)
(-0.221492 -0.122467 -0.605568)
(0.22149 -0.122472 -0.605564)
(-0.249983 -0.273668 -0.306134)
(0.286805 -0.15998 0.964268)
(-0.761981 0.525384 0.733402)
(0.889475 0.889474 0.57111)
(-0.907481 -0.907481 0.707834)
(0.689313 -0.528807 0.802936)
(-0.197425 0.1518 0.955753)
(0.225895 0.248568 -0.371829)
(-0.201924 0.119715 -0.594326)
(0.20191 0.11972 -0.594316)
(-0.225915 0.248581 -0.371845)
(0.197486 0.1518 0.955765)
(-0.689315 -0.528795 0.802937)
(0.907481 -0.907482 0.707834)
(-0.528804 0.68931 0.802937)
(-0.37177 -0.371768 0.854881)
(-0.619456 0.306013 0.39496)
(0.139481 -0.0166302 -0.48099)
(-0.183398 -0.146512 -0.652515)
(0.183384 -0.146512 -0.652508)
(-0.139488 -0.016631 -0.480987)
(0.619448 0.306071 0.39497)
(0.371768 -0.371731 0.854883)
(0.528799 0.689306 0.802932)
(0.151808 -0.197427 0.955755)
(0.30599 -0.619463 0.394966)
(-0.457678 -0.45767 1.19279)
(0.399603 -0.109645 0.232591)
(-0.0358154 -0.0314936 -0.533839)
(0.03579 -0.0314931 -0.533814)
(-0.399618 -0.109626 0.232638)
(0.457686 -0.457661 1.19276)
(-0.305986 -0.619462 0.394952)
(-0.151831 -0.197439 0.955744)
(0.248564 0.225895 -0.37183)
(-0.0166364 0.139482 -0.480986)
(-0.109649 0.399596 0.232595)
(0.115157 0.115152 -0.374931)
(-0.063237 0.140235 -0.625123)
(0.0632229 0.140239 -0.625122)
(-0.115179 0.115163 -0.374915)
(0.109644 0.399581 0.232627)
(0.0166453 0.139492 -0.48098)
(-0.248566 0.22591 -0.371849)
(0.119711 -0.201929 -0.594323)
(-0.146508 -0.183403 -0.652516)
(-0.0314891 -0.0358193 -0.533837)
(0.140236 -0.0632412 -0.625123)
(-0.0765495 -0.0765526 -0.622914)
(0.0765393 -0.0765507 -0.622912)
(-0.140243 -0.0632379 -0.625123)
(0.0314754 -0.0358103 -0.53382)
(0.146501 -0.183407 -0.652523)
(-0.119705 -0.201925 -0.594323)
(0.11972 0.201913 -0.59431)
(-0.146513 0.183385 -0.652508)
(-0.0314917 0.0357855 -0.533806)
(0.140243 0.0632185 -0.625122)
(-0.0765464 0.0765376 -0.622912)
(0.0765372 0.0765363 -0.62291)
(-0.14025 0.063219 -0.625123)
(0.0314773 0.0357799 -0.533796)
(0.146506 0.183392 -0.652517)
(-0.119712 0.20191 -0.594312)
(0.248581 -0.225921 -0.371861)
(-0.016635 -0.139483 -0.480988)
(-0.109616 -0.399628 0.232653)
(0.115167 -0.115189 -0.374906)
(-0.0632327 -0.140245 -0.625122)
(0.0632217 -0.140249 -0.625122)
(-0.115184 -0.115193 -0.374896)
(0.109613 -0.399616 0.232677)
(0.0166407 -0.139493 -0.480983)
(-0.248583 -0.225933 -0.371867)
(0.151802 0.197526 0.955773)
(0.306103 0.619446 0.394979)
(-0.457649 0.4577 1.19274)
(0.399571 0.109646 0.23264)
(-0.0357976 0.0314741 -0.533815)
(0.0357782 0.031474 -0.533797)
(-0.399591 0.109629 0.232674)
(0.45766 0.457689 1.19273)
(-0.306078 0.619449 0.394967)
(-0.151823 0.197526 0.955764)
(-0.528785 -0.689317 0.802937)
(-0.371704 0.371783 0.854883)
(-0.619458 -0.30597 0.39494)
(0.139505 0.0166448 -0.480978)
(-0.183403 0.146501 -0.652522)
(0.183392 0.146503 -0.652517)
(-0.139509 0.0166403 -0.480978)
(0.619451 -0.306019 0.394947)
(0.371712 0.371755 0.854878)
(0.528783 -0.689314 0.802933)
(-0.907482 0.90748 0.707834)
(0.689304 0.528803 0.802928)
(-0.197423 -0.151841 0.955732)
(0.225914 -0.248574 -0.37185)
(-0.201915 -0.119709 -0.594326)
(0.201903 -0.119713 -0.594319)
(-0.225931 -0.248588 -0.371857)
(0.197474 -0.151836 0.955745)
(-0.689307 0.528794 0.802929)
(0.907482 0.907481 0.707834)
(-0.912231 -0.91223 0.784707)
(0.748343 -0.547254 0.84761)
(-0.0938135 0.179698 0.944182)
(0.228036 0.218354 -0.405514)
(-0.181987 0.114717 -0.581743)
(0.181975 0.114723 -0.581734)
(-0.228049 0.218347 -0.405547)
(0.0938499 0.179733 0.944167)
(-0.748346 -0.547245 0.847612)
(0.91223 -0.912232 0.784705)
(-0.547252 0.74834 0.847611)
(-0.383913 -0.383912 0.90511)
(-0.612592 0.307509 0.416054)
(0.125849 -0.0254464 -0.50027)
(-0.17415 -0.131161 -0.621955)
(0.174139 -0.131161 -0.62195)
(-0.125853 -0.0254476 -0.500269)
(0.612579 0.307572 0.416056)
(0.38391 -0.383881 0.905112)
(0.547245 0.748337 0.847608)
(0.179692 -0.0938167 0.944189)
(0.307489 -0.612598 0.416065)
(-0.425696 -0.425674 1.14218)
(0.403728 -0.0926889 0.0971932)
(-0.0243939 -0.0367889 -0.517186)
(0.024372 -0.0367928 -0.517166)
(-0.403736 -0.0926785 0.0972312)
(0.425705 -0.425589 1.14217)
(-0.30748 -0.612597 0.416068)
(-0.179728 -0.0938322 0.944167)
(0.218354 0.228036 -0.405511)
(-0.0254532 0.125851 -0.500267)
(-0.0926912 0.403722 0.0971985)
(0.117455 0.11745 -0.390265)
(-0.0570493 0.131103 -0.598547)
(0.0570325 0.131106 -0.598545)
(-0.117484 0.117461 -0.39025)
(0.0926896 0.403696 0.0972329)
(0.0254718 0.125863 -0.500262)
(-0.218348 0.228047 -0.405533)
(0.114715 -0.181991 -0.581741)
(-0.131159 -0.174152 -0.621958)
(-0.0367867 -0.0243949 -0.517185)
(0.131104 -0.0570541 -0.598547)
(-0.0665392 -0.0665423 -0.594546)
(0.0665291 -0.0665404 -0.594545)
(-0.13111 -0.0570491 -0.598544)
(0.0367821 -0.0243765 -0.517173)
(0.131158 -0.174149 -0.62197)
(-0.114716 -0.181988 -0.581736)
(0.114726 0.181977 -0.581728)
(-0.131164 0.174139 -0.621952)
(-0.0367957 0.024372 -0.517159)
(0.131109 0.0570273 -0.598544)
(-0.0665359 0.0665278 -0.594544)
(0.0665266 0.0665263 -0.594542)
(-0.131116 0.0570268 -0.598542)
(0.0367896 0.0243574 -0.517151)
(0.131163 0.174138 -0.621965)
(-0.114726 0.181975 -0.581727)
(0.218341 -0.228051 -0.405568)
(-0.0254478 -0.125848 -0.500271)
(-0.0926702 -0.403743 0.0972382)
(0.117463 -0.1175 -0.390243)
(-0.0570422 -0.131114 -0.598543)
(0.0570292 -0.131117 -0.598542)
(-0.117486 -0.117503 -0.390233)
(0.0926695 -0.40372 0.0972657)
(0.0254625 -0.125861 -0.500266)
(-0.218341 -0.228062 -0.405575)
(0.179747 0.0938712 0.944163)
(0.307607 0.612573 0.416055)
(-0.425532 0.425732 1.14216)
(0.403681 0.0926938 0.097251)
(-0.0243586 0.0367786 -0.51717)
(0.0243437 0.0367821 -0.517155)
(-0.403694 0.0926834 0.0972765)
(0.42556 0.425657 1.14216)
(-0.307583 0.612576 0.416059)
(-0.179766 0.0938784 0.944152)
(-0.547238 -0.748349 0.847612)
(-0.383861 0.383918 0.905111)
(-0.612597 -0.307462 0.416068)
(0.125873 0.0254767 -0.500258)
(-0.174147 0.131157 -0.621965)
(0.174139 0.131159 -0.621961)
(-0.125875 0.0254717 -0.500259)
(0.612586 -0.307518 0.416064)
(0.383866 0.383893 0.905108)
(0.547235 -0.748345 0.847609)
(-0.912232 0.91223 0.784705)
(0.748335 0.547247 0.847605)
(-0.0938269 -0.179741 0.944155)
(0.228053 -0.218352 -0.405536)
(-0.181981 -0.114719 -0.581737)
(0.18197 -0.114725 -0.581731)
(-0.228065 -0.218349 -0.405559)
(0.093855 -0.179763 0.944147)
(-0.748338 0.547241 0.847607)
(0.912232 0.912232 0.784703)
(-0.91059 -0.91059 0.836762)
(0.77665 -0.534974 0.888056)
(-0.113664 0.283411 0.932156)
(0.22326 0.167409 -0.425606)
(-0.180545 0.10501 -0.564261)
(0.180539 0.105019 -0.564254)
(-0.22327 0.167396 -0.425641)
(0.113672 0.283434 0.932114)
(-0.776652 -0.53497 0.888054)
(0.91059 -0.910591 0.836763)
(-0.534972 0.776649 0.888058)
(-0.423426 -0.423428 0.956038)
(-0.586877 0.250452 0.434773)
(0.10389 -0.05673 -0.531349)
(-0.164146 -0.124565 -0.594206)
(0.164138 -0.124565 -0.5942)
(-0.103888 -0.0567343 -0.531352)
(0.586865 0.250495 0.43475)
(0.423419 -0.423408 0.956045)
(0.534966 0.776649 0.888055)
(0.283402 -0.113667 0.932169)
(0.250445 -0.586881 0.434787)
(-0.341014 -0.34099 1.08035)
(0.405753 -0.0853351 -0.0331548)
(-0.0137913 -0.0458458 -0.493533)
(0.0137733 -0.0458522 -0.493519)
(-0.405753 -0.0853291 -0.0331299)
(0.341021 -0.340874 1.08036)
(-0.250437 -0.586879 0.434802)
(-0.283417 -0.113686 0.932139)
(0.167411 0.223259 -0.425602)
(-0.0567359 0.103893 -0.531346)
(-0.0853375 0.405752 -0.0331446)
(0.122591 0.122585 -0.404897)
(-0.0459214 0.125729 -0.574183)
(0.0459068 0.12573 -0.574179)
(-0.122623 0.122594 -0.404885)
(0.0853396 0.405735 -0.0330946)
(0.0567601 0.103903 -0.531344)
(-0.167406 0.223266 -0.425621)
(0.105009 -0.180547 -0.564259)
(-0.124565 -0.164146 -0.594208)
(-0.0458454 -0.0137902 -0.493532)
(0.125729 -0.0459254 -0.574184)
(-0.0562399 -0.0562425 -0.564037)
(0.0562314 -0.0562411 -0.564035)
(-0.125737 -0.0459207 -0.574181)
(0.0458476 -0.013767 -0.493524)
(0.124565 -0.16414 -0.594212)
(-0.105017 -0.180549 -0.564253)
(0.105023 0.180541 -0.564249)
(-0.124567 0.164136 -0.594201)
(-0.0458573 0.0137762 -0.493512)
(0.125732 0.0459026 -0.574177)
(-0.0562372 0.0562301 -0.564034)
(0.0562293 0.0562288 -0.564032)
(-0.125739 0.0459011 -0.574175)
(0.0458577 0.0137565 -0.493506)
(0.124568 0.164131 -0.594206)
(-0.10503 0.180541 -0.564246)
(0.167385 -0.223271 -0.425662)
(-0.0567348 -0.103885 -0.531355)
(-0.0853265 -0.405753 -0.0331308)
(0.122594 -0.12264 -0.404879)
(-0.0459141 -0.125741 -0.57418)
(0.0459024 -0.125742 -0.574176)
(-0.12262 -0.122642 -0.404871)
(0.0853282 -0.405741 -0.033088)
(0.0567537 -0.103897 -0.531352)
(-0.167388 -0.223278 -0.425667)
(0.283449 0.113676 0.932097)
(0.250521 0.586858 0.434733)
(-0.340803 0.341047 1.08035)
(0.405725 0.0853382 -0.0330672)
(-0.0137477 0.0458434 -0.49352)
(0.0137366 0.0458487 -0.493509)
(-0.405729 0.0853319 -0.0330556)
(0.340833 0.340945 1.08036)
(-0.250508 0.58686 0.434749)
(-0.283449 0.113687 0.932086)
(-0.534968 -0.776654 0.888052)
(-0.423399 0.423419 0.956045)
(-0.586881 -0.250422 0.434814)
(0.103907 0.0567685 -0.531339)
(-0.164138 0.124565 -0.594207)
(0.164132 0.124565 -0.594202)
(-0.103904 0.0567662 -0.531343)
(0.586872 -0.250463 0.434786)
(0.423395 0.423402 0.956042)
(0.534965 -0.776653 0.88805)
(-0.910592 0.91059 0.836763)
(0.776648 0.534965 0.888053)
(-0.11369 -0.283417 0.932127)
(0.223271 -0.167408 -0.425624)
(-0.180544 -0.105019 -0.564253)
(0.180537 -0.105028 -0.564248)
(-0.223281 -0.167399 -0.42565)
(0.113692 -0.283433 0.932097)
(-0.776651 0.534964 0.888052)
(0.910592 0.910591 0.836765)
(-0.906437 -0.906436 0.892796)
(0.748816 -0.498918 0.957396)
(-0.232455 0.39335 0.920492)
(0.200573 0.109502 -0.440265)
(-0.191278 0.0917848 -0.55142)
(0.191279 0.091795 -0.551415)
(-0.200583 0.109477 -0.440296)
(0.232442 0.393318 0.920444)
(-0.748817 -0.498919 0.957391)
(0.906436 -0.906437 0.892793)
(-0.498917 0.748816 0.957397)
(-0.507261 -0.507266 1.01283)
(-0.496944 0.0209746 0.455667)
(0.0805169 -0.0902357 -0.56528)
(-0.149816 -0.119813 -0.570563)
(0.149808 -0.119812 -0.570557)
(-0.0805113 -0.0902479 -0.565287)
(0.496919 0.0209657 0.455622)
(0.507257 -0.507261 1.01283)
(0.498915 0.74882 0.957396)
(0.393354 -0.232459 0.920505)
(0.0209904 -0.496952 0.455683)
(-0.20983 -0.209822 0.965443)
(0.402408 -0.0802004 -0.142082)
(-0.0067103 -0.0515612 -0.465486)
(0.0066965 -0.0515674 -0.465477)
(-0.402407 -0.0801974 -0.142063)
(0.209826 -0.20976 0.96546)
(-0.0209814 -0.496948 0.455698)
(-0.393329 -0.232463 0.920477)
(0.109505 0.200571 -0.440261)
(-0.0902387 0.0805186 -0.565277)
(-0.0802025 0.402409 -0.142073)
(0.130888 0.130884 -0.422546)
(-0.0311588 0.121187 -0.549098)
(0.0311452 0.121187 -0.549093)
(-0.130914 0.13089 -0.422537)
(0.080203 0.402403 -0.142022)
(0.0902577 0.0805208 -0.565275)
(-0.109502 0.200577 -0.440275)
(0.0917829 -0.191278 -0.55142)
(-0.119813 -0.149816 -0.570564)
(-0.0515606 -0.00670915 -0.465486)
(0.121187 -0.0311622 -0.549099)
(-0.0499753 -0.0499777 -0.531022)
(0.0499679 -0.0499768 -0.53102)
(-0.121194 -0.031157 -0.549096)
(0.0515626 -0.00669118 -0.465476)
(0.119813 -0.149811 -0.570564)
(-0.0917905 -0.191281 -0.551416)
(0.0917983 0.191285 -0.551411)
(-0.119814 0.149806 -0.570557)
(-0.0515713 0.006699 -0.465472)
(0.121188 0.0311407 -0.54909)
(-0.0499736 0.0499664 -0.531018)
(0.0499663 0.0499655 -0.531016)
(-0.121195 0.0311387 -0.549089)
(0.0515719 0.00668326 -0.465463)
(0.119815 0.149803 -0.570557)
(-0.0918047 0.191285 -0.551408)
(0.10946 -0.20058 -0.440312)
(-0.0902533 -0.0805101 -0.565292)
(-0.080198 -0.402404 -0.142067)
(0.130889 -0.130928 -0.422532)
(-0.0311509 -0.121199 -0.549095)
(0.0311401 -0.121199 -0.549091)
(-0.130911 -0.130929 -0.422525)
(0.0801981 -0.402402 -0.142023)
(0.0902666 -0.0805136 -0.565289)
(-0.109465 -0.200587 -0.440315)
(0.393315 0.232438 0.920422)
(0.0209676 0.496904 0.455594)
(-0.209725 0.209831 0.965459)
(0.402399 0.0801992 -0.141992)
(-0.00667754 0.0515601 -0.46547)
(0.00666845 0.0515653 -0.465462)
(-0.402401 0.0801961 -0.141986)
(0.209731 0.209777 0.965476)
(-0.0209722 0.496908 0.455613)
(-0.393296 0.23244 0.920413)
(-0.498919 -0.748818 0.957387)
(-0.507261 0.507256 1.01283)
(-0.49695 -0.0209715 0.455711)
(0.0805191 0.0902652 -0.565271)
(-0.14981 0.119813 -0.570559)
(0.149805 0.119813 -0.570554)
(-0.0805145 0.0902718 -0.565279)
(0.49693 -0.0209702 0.455664)
(0.507257 0.507252 1.01283)
(0.498919 -0.748822 0.957386)
(-0.906437 0.906435 0.892792)
(0.74882 0.498915 0.957394)
(-0.232463 -0.393312 0.92047)
(0.20058 -0.109503 -0.440278)
(-0.191278 -0.0917939 -0.551413)
(0.191279 -0.0918033 -0.551409)
(-0.20059 -0.109483 -0.440301)
(0.232449 -0.393288 0.920434)
(-0.748822 0.498917 0.957388)
(0.906437 0.906437 0.89279)
(-0.899828 -0.899828 0.975766)
(0.731388 -0.46692 1.0729)
(-0.308226 0.416955 0.966112)
(0.171253 0.0713253 -0.457005)
(-0.19554 0.0795553 -0.547684)
(0.195546 0.0795651 -0.547679)
(-0.17126 0.0713038 -0.457014)
(0.308192 0.416896 0.966084)
(-0.731385 -0.466923 1.07289)
(0.899827 -0.899828 0.975764)
(-0.466919 0.731389 1.07291)
(-0.556899 -0.556903 1.00684)
(-0.359803 -0.213632 0.439189)
(0.0602383 -0.10441 -0.583027)
(-0.131661 -0.115138 -0.551275)
(0.131653 -0.115136 -0.551269)
(-0.0602293 -0.104427 -0.583034)
(0.359759 -0.213676 0.439124)
(0.5569 -0.556905 1.00684)
(0.466924 0.731391 1.0729)
(0.416966 -0.308235 0.966117)
(-0.213613 -0.359814 0.439205)
(-0.0937384 -0.0937414 0.657622)
(0.370657 -0.0731921 -0.228834)
(-0.00829806 -0.052666 -0.436836)
(0.00828768 -0.0526717 -0.43683)
(-0.370657 -0.07319 -0.228822)
(0.0937296 -0.0937448 0.657629)
(0.21363 -0.359807 0.439206)
(-0.416928 -0.308219 0.966103)
(0.0713285 0.171251 -0.457003)
(-0.10441 0.0602399 -0.583026)
(-0.0731938 0.370657 -0.228826)
(0.135991 0.135988 -0.443298)
(-0.0189046 0.112901 -0.519631)
(0.018895 0.112901 -0.519625)
(-0.136006 0.135993 -0.44329)
(0.0731928 0.370654 -0.228784)
(0.104419 0.0602355 -0.583023)
(-0.0713284 0.17126 -0.457009)
(0.0795526 -0.19554 -0.547685)
(-0.115138 -0.131661 -0.551276)
(-0.0526647 -0.00829809 -0.436836)
(0.112902 -0.0189065 -0.519631)
(-0.0467996 -0.0468016 -0.498716)
(0.0467932 -0.0468016 -0.498714)
(-0.112908 -0.0189024 -0.519629)
(0.052665 -0.00828916 -0.436825)
(0.115138 -0.131656 -0.551273)
(-0.0795579 -0.195542 -0.547681)
(0.0795674 0.195553 -0.547677)
(-0.115137 0.13165 -0.551267)
(-0.0526744 0.008289 -0.436826)
(0.112902 0.0188916 -0.519622)
(-0.0467993 0.0467918 -0.498712)
(0.0467928 0.0467916 -0.49871)
(-0.112909 0.0188896 -0.519621)
(0.0526736 0.00828099 -0.436815)
(0.115137 0.131647 -0.551265)
(-0.0795715 0.195553 -0.547674)
(0.0712907 -0.171257 -0.457018)
(-0.104435 -0.060228 -0.583039)
(-0.0731906 -0.370655 -0.228825)
(0.135992 -0.136015 -0.443287)
(-0.0188983 -0.112912 -0.519628)
(0.0188907 -0.112913 -0.519623)
(-0.136006 -0.136016 -0.443282)
(0.0731897 -0.370654 -0.228788)
(0.10444 -0.0602255 -0.583036)
(-0.071296 -0.171266 -0.457018)
(0.41688 0.30818 0.966066)
(-0.213683 0.359737 0.43909)
(-0.0937495 0.0937219 0.657626)
(0.37065 0.0731902 -0.228762)
(-0.0082817 0.0526641 -0.436818)
(0.00827369 0.0526691 -0.436812)
(-0.370653 0.0731881 -0.228758)
(0.0937371 0.0937235 0.657636)
(0.213681 0.359741 0.439099)
(-0.416858 0.308173 0.966062)
(-0.466924 -0.731384 1.07289)
(-0.556904 0.556901 1.00683)
(-0.359808 0.21364 0.439212)
(0.0602311 0.104424 -0.58302)
(-0.131655 0.115137 -0.55127)
(0.131649 0.115136 -0.551264)
(-0.0602236 0.104437 -0.583028)
(0.35977 0.213673 0.43915)
(0.556905 0.556904 1.00682)
(0.466927 -0.731387 1.07289)
(-0.899829 0.899827 0.975764)
(0.731391 0.466926 1.0729)
(-0.30821 -0.416906 0.966104)
(0.171262 -0.0713291 -0.457011)
(-0.19554 -0.079562 -0.547677)
(0.195545 -0.0795711 -0.547673)
(-0.17127 -0.0713107 -0.457016)
(0.308182 -0.416861 0.96608)
(-0.731389 0.466928 1.07289)
(0.899828 0.899828 0.975763)
(-0.88997 -0.889969 1.03899)
(0.741965 -0.451792 1.19583)
(-0.289829 0.388642 1.05561)
(0.152759 0.0531574 -0.472301)
(-0.190671 0.0712671 -0.549022)
(0.190668 0.0712764 -0.549018)
(-0.152776 0.0531585 -0.472292)
(0.289793 0.388571 1.05561)
(-0.741962 -0.451797 1.19581)
(0.889968 -0.88997 1.03899)
(-0.451792 0.741966 1.19583)
(-0.558073 -0.558075 0.954757)
(-0.27916 -0.191351 0.402768)
(0.0382336 -0.0973497 -0.584134)
(-0.116573 -0.108891 -0.534322)
(0.116566 -0.108889 -0.534318)
(-0.0382151 -0.0973509 -0.584134)
(0.279116 -0.191389 0.402693)
(0.558074 -0.558077 0.954731)
(0.451802 0.741968 1.19582)
(0.388656 -0.289837 1.05561)
(-0.19134 -0.279168 0.402785)
(-0.0721231 -0.0721288 0.305693)
(0.313571 -0.0675128 -0.29838)
(-0.0180598 -0.0530859 -0.418953)
(0.0180522 -0.0530919 -0.418949)
(-0.31357 -0.0675101 -0.298373)
(0.0721242 -0.0721575 0.305684)
(0.191345 -0.279156 0.402776)
(-0.388614 -0.289819 1.0556)
(0.0531571 0.152756 -0.472303)
(-0.0973505 0.038237 -0.584134)
(-0.0675141 0.313571 -0.298374)
(0.128958 0.128957 -0.463582)
(-0.0172583 0.0990761 -0.48951)
(0.0172518 0.099076 -0.489505)
(-0.128966 0.128959 -0.463576)
(0.0675129 0.313568 -0.298345)
(0.0973496 0.0382282 -0.584129)
(-0.0531611 0.152766 -0.472304)
(0.0712648 -0.190671 -0.549024)
(-0.108891 -0.116574 -0.534323)
(-0.0530844 -0.0180609 -0.418953)
(0.0990768 -0.0172595 -0.48951)
(-0.0462327 -0.0462346 -0.470733)
(0.0462275 -0.0462355 -0.470732)
(-0.0990821 -0.0172565 -0.489507)
(0.0530848 -0.0180589 -0.418943)
(0.108889 -0.116569 -0.53432)
(-0.0712698 -0.190671 -0.549019)
(0.071279 0.190671 -0.549017)
(-0.108889 0.116563 -0.534316)
(-0.0530945 0.0180526 -0.418946)
(0.0990764 0.0172494 -0.489503)
(-0.0462339 0.0462263 -0.47073)
(0.0462285 0.046227 -0.470728)
(-0.099082 0.0172477 -0.4895)
(0.0530937 0.0180509 -0.418936)
(0.108889 0.11656 -0.534313)
(-0.0712828 0.19067 -0.549012)
(0.0531579 -0.15278 -0.472286)
(-0.0973514 -0.03821 -0.584135)
(-0.0675098 -0.313569 -0.298376)
(0.128959 -0.128971 -0.463573)
(-0.0172539 -0.0990852 -0.489507)
(0.0172486 -0.0990853 -0.489503)
(-0.128967 -0.128973 -0.463568)
(0.0675092 -0.313568 -0.298349)
(0.0973505 -0.0382051 -0.584132)
(-0.0531614 -0.152787 -0.472287)
(0.388548 0.289782 1.0556)
(-0.191393 0.279096 0.402658)
(-0.0721704 0.0721223 0.305679)
(0.313566 0.0675109 -0.298329)
(-0.0180555 0.0530845 -0.418937)
(0.0180488 0.0530898 -0.418932)
(-0.313567 0.0675087 -0.298328)
(0.072164 0.0721458 0.30568)
(0.191389 0.279093 0.402659)
(-0.388525 0.289775 1.0556)
(-0.451797 -0.741961 1.1958)
(-0.558073 0.558076 0.954717)
(-0.279153 0.19135 0.402777)
(0.0382228 0.0973493 -0.584127)
(-0.116569 0.108889 -0.534317)
(0.116563 0.108888 -0.534313)
(-0.0382068 0.0973503 -0.584127)
(0.279115 0.191386 0.402707)
(0.558075 0.558079 0.954694)
(0.451804 -0.741963 1.1958)
(-0.88997 0.889968 1.03899)
(0.741969 0.451807 1.19582)
(-0.289809 -0.388592 1.05561)
(0.15277 -0.0531643 -0.472302)
(-0.190669 -0.0712732 -0.549014)
(0.190667 -0.0712818 -0.54901)
(-0.152785 -0.053165 -0.472292)
(0.289782 -0.388536 1.05561)
(-0.741966 0.451808 1.1958)
(0.889969 0.889968 1.03899)
(-0.877352 -0.877352 1.0974)
(0.742461 -0.442372 1.30187)
(-0.256981 0.329563 1.12853)
(0.148799 0.04444 -0.481776)
(-0.183143 0.0654962 -0.551009)
(0.183128 0.0655052 -0.551004)
(-0.148822 0.0444524 -0.481767)
(0.256952 0.329484 1.12855)
(-0.742458 -0.442376 1.30184)
(0.87735 -0.877352 1.0974)
(-0.442372 0.742464 1.30187)
(-0.53813 -0.538132 0.884836)
(-0.248899 -0.0777404 0.376402)
(0.00898423 -0.087701 -0.582147)
(-0.106313 -0.100337 -0.522182)
(0.106309 -0.100337 -0.522181)
(-0.00895692 -0.0876872 -0.582136)
(0.24887 -0.0777831 0.376323)
(0.538126 -0.538134 0.88479)
(0.442386 0.742465 1.30187)
(0.329578 -0.256988 1.12852)
(-0.0777294 -0.248903 0.37642)
(-0.0893514 -0.0893596 0.0920137)
(0.259657 -0.0634192 -0.361023)
(-0.0323422 -0.0564177 -0.410692)
(0.0323366 -0.056424 -0.410689)
(-0.259655 -0.0634166 -0.361017)
(0.0893601 -0.0893991 0.0920005)
(0.0777199 -0.248893 0.376405)
(-0.329534 -0.256972 1.12853)
(0.0444379 0.148795 -0.481778)
(-0.087703 0.00898967 -0.582148)
(-0.0634204 0.259657 -0.361019)
(0.104176 0.104176 -0.477417)
(-0.0252779 0.0788792 -0.463978)
(0.0252739 0.0788789 -0.463975)
(-0.10418 0.104178 -0.477411)
(0.0634196 0.259654 -0.361)
(0.0876955 0.00897942 -0.58214)
(-0.0444436 0.148805 -0.481778)
(0.0654944 -0.183145 -0.55101)
(-0.100336 -0.106313 -0.522182)
(-0.0564164 -0.0323441 -0.410692)
(0.0788801 -0.0252786 -0.463977)
(-0.0469094 -0.0469112 -0.450431)
(0.0469052 -0.0469127 -0.45043)
(-0.0788842 -0.0252764 -0.463975)
(0.0564171 -0.0323468 -0.410684)
(0.100334 -0.10631 -0.522179)
(-0.0654991 -0.183143 -0.551004)
(0.0655082 0.183123 -0.551002)
(-0.100337 0.106307 -0.52218)
(-0.0564268 0.0323366 -0.410687)
(0.078879 0.0252724 -0.463972)
(-0.0469117 0.0469043 -0.450428)
(0.0469072 0.0469056 -0.450427)
(-0.0788834 0.025271 -0.46397)
(0.0564263 0.0323395 -0.410679)
(0.100335 0.106305 -0.522177)
(-0.0655117 0.183124 -0.550997)
(0.0444573 -0.14883 -0.481762)
(-0.0876807 -0.00894757 -0.582133)
(-0.0634161 -0.259654 -0.361018)
(0.104178 -0.104182 -0.477409)
(-0.0252745 -0.0788865 -0.463974)
(0.0252714 -0.0788862 -0.463972)
(-0.104181 -0.104184 -0.477404)
(0.0634159 -0.259653 -0.361)
(0.087677 -0.00894237 -0.582128)
(-0.0444596 -0.148835 -0.481761)
(0.329455 0.256944 1.12855)
(-0.0777979 0.248856 0.376285)
(-0.089414 0.0893629 0.0919954)
(0.259653 0.0634177 -0.360989)
(-0.0323462 0.0564168 -0.410679)
(0.0323407 0.0564224 -0.410676)
(-0.259653 0.0634154 -0.360986)
(0.0894148 0.0893976 0.0919898)
(0.0777847 0.248851 0.376281)
(-0.329433 0.256938 1.12855)
(-0.442376 -0.742457 1.30183)
(-0.538131 0.538127 0.884769)
(-0.24889 0.077716 0.376405)
(0.00897406 0.087691 -0.582136)
(-0.106311 0.100334 -0.522178)
(0.106308 0.100334 -0.522177)
(-0.00894968 0.08768 -0.582127)
(0.248865 0.0777602 0.376331)
(0.538129 0.538132 0.884733)
(0.442386 -0.742459 1.30183)
(-0.877352 0.87735 1.0974)
(0.742465 0.442393 1.30186)
(-0.256963 -0.329514 1.12854)
(0.14881 -0.044448 -0.481777)
(-0.18314 -0.0655018 -0.551)
(0.183128 -0.0655102 -0.550995)
(-0.14883 -0.044458 -0.481767)
(0.256941 -0.329452 1.12856)
(-0.742462 0.442393 1.30184)
(0.877351 0.87735 1.0974)
(-0.862716 -0.862716 1.15343)
(0.735375 -0.434765 1.39651)
(-0.230422 0.255185 1.1989)
(0.155443 0.0453245 -0.485776)
(-0.174901 0.062111 -0.551778)
(0.174886 0.0621189 -0.551774)
(-0.155457 0.0453336 -0.485773)
(0.2304 0.255112 1.19895)
(-0.735371 -0.434769 1.39648)
(0.862714 -0.862716 1.15343)
(-0.434766 0.735378 1.39651)
(-0.521637 -0.521641 0.805459)
(-0.238837 -0.0712012 0.335765)
(-0.0316347 -0.0806815 -0.578968)
(-0.0985434 -0.0881714 -0.517302)
(0.0985438 -0.0881718 -0.517305)
(0.0316656 -0.0806698 -0.578952)
(0.238837 -0.0712392 0.335684)
(0.521622 -0.521642 0.805401)
(0.434781 0.735379 1.3965)
(0.255199 -0.230427 1.19889)
(-0.071189 -0.238837 0.335783)
(-0.11829 -0.118299 -0.0691673)
(0.202164 -0.0643472 -0.415297)
(-0.0508172 -0.0612011 -0.4097)
(0.0508139 -0.0612071 -0.409699)
(-0.202163 -0.0643463 -0.415292)
(0.118303 -0.118344 -0.0691897)
(0.0711737 -0.238838 0.335761)
(-0.255159 -0.230416 1.1989)
(0.0453228 0.155441 -0.485778)
(-0.0806825 -0.031628 -0.57897)
(-0.064348 0.202164 -0.415296)
(0.0616012 0.0616019 -0.489856)
(-0.0377057 0.0553646 -0.452876)
(0.0377036 0.055364 -0.452875)
(-0.0616006 0.0616025 -0.489851)
(0.0643482 0.202161 -0.415286)
(0.0806741 -0.0316376 -0.57896)
(-0.0453274 0.155447 -0.485779)
(0.0621095 -0.174903 -0.551778)
(-0.0881704 -0.0985428 -0.5173)
(-0.0611998 -0.0508196 -0.409699)
(0.0553656 -0.0377061 -0.452876)
(-0.0464351 -0.0464368 -0.443305)
(0.0464323 -0.0464386 -0.443304)
(-0.0553688 -0.0377048 -0.452873)
(0.0612004 -0.0508255 -0.409693)
(0.0881684 -0.0985426 -0.517299)
(-0.0621134 -0.174901 -0.551772)
(0.0621217 0.17488 -0.551772)
(-0.0881719 0.0985434 -0.517305)
(-0.0612098 0.0508139 -0.409697)
(0.055364 0.0377028 -0.452873)
(-0.046438 0.0464318 -0.443303)
(0.0464349 0.0464334 -0.443303)
(-0.0553676 0.037702 -0.452871)
(0.0612094 0.0508197 -0.409691)
(0.0881698 0.0985434 -0.517302)
(-0.0621247 0.174882 -0.551766)
(0.045337 -0.155462 -0.485771)
(-0.0806644 0.0316775 -0.578947)
(-0.0643466 -0.202163 -0.415292)
(0.0616027 -0.0616012 -0.489848)
(-0.0377037 -0.0553707 -0.452873)
(0.0377022 -0.0553702 -0.452872)
(-0.061602 -0.061602 -0.489844)
(0.064347 -0.202161 -0.415282)
(0.0806592 0.0316821 -0.57894)
(-0.045339 -0.155465 -0.485771)
(0.255082 0.230394 1.19896)
(-0.0712599 0.238835 0.335643)
(-0.118363 0.118307 -0.0691987)
(0.20216 0.0643469 -0.415279)
(-0.050827 0.0612002 -0.409689)
(0.0508232 0.0612056 -0.409687)
(-0.202161 0.0643462 -0.415274)
(0.118367 0.118347 -0.0692131)
(0.0712423 0.238836 0.335634)
(-0.255063 0.230391 1.19896)
(-0.434768 -0.735369 1.39647)
(-0.52164 0.521619 0.805375)
(-0.23884 0.0711632 0.335758)
(-0.0316418 0.0806693 -0.578955)
(-0.0985443 0.0881676 -0.517298)
(0.0985451 0.0881682 -0.517301)
(0.0316702 0.0806601 -0.578943)
(0.238839 0.0712034 0.335684)
(0.521629 0.521625 0.80533)
(0.434779 -0.735372 1.39646)
(-0.862716 0.862713 1.15343)
(0.735379 0.434789 1.3965)
(-0.23041 -0.255143 1.19892)
(0.155451 -0.0453306 -0.48578)
(-0.174899 -0.0621156 -0.551768)
(0.174887 -0.0621231 -0.551765)
(-0.155463 -0.0453379 -0.485774)
(0.230393 -0.255084 1.19896)
(-0.735375 0.434788 1.39648)
(0.862714 0.862713 1.15343)
(-0.846521 -0.846521 1.20536)
(0.724702 -0.429128 1.48525)
(-0.214053 0.188772 1.29775)
(0.162692 0.0543621 -0.490387)
(-0.160581 0.0597131 -0.550606)
(0.160575 0.0597183 -0.550604)
(-0.162696 0.0543674 -0.490384)
(0.214037 0.188735 1.29781)
(-0.724697 -0.42913 1.48522)
(0.846519 -0.846521 1.20536)
(-0.429129 0.724705 1.48525)
(-0.505705 -0.505711 0.735012)
(-0.250648 -0.107035 0.308763)
(-0.0695533 -0.0720764 -0.575904)
(-0.0923845 -0.0729786 -0.521706)
(0.0923882 -0.0729791 -0.521713)
(0.0695783 -0.0720724 -0.575893)
(0.250671 -0.107043 0.308698)
(0.50568 -0.505709 0.734954)
(0.429143 0.724706 1.48524)
(0.188778 -0.214057 1.29773)
(-0.107028 -0.250645 0.308778)
(-0.137644 -0.137651 -0.221386)
(0.138975 -0.0715896 -0.461463)
(-0.0646063 -0.0635951 -0.418005)
(0.0646042 -0.0636004 -0.418005)
(-0.138977 -0.071591 -0.46146)
(0.137653 -0.137686 -0.221408)
(0.107008 -0.250659 0.308756)
(-0.18876 -0.214051 1.29775)
(0.0543608 0.162692 -0.490389)
(-0.072076 -0.0695471 -0.575906)
(-0.0715902 0.138974 -0.461464)
(0.0180481 0.0180491 -0.497676)
(-0.0437265 0.0346272 -0.458755)
(0.0437259 0.0346266 -0.458755)
(-0.0180456 0.0180491 -0.497672)
(0.0715918 0.138974 -0.461463)
(0.0720698 -0.0695526 -0.575899)
(-0.0543638 0.162695 -0.490391)
(0.0597121 -0.160582 -0.550605)
(-0.0729778 -0.0923834 -0.521705)
(-0.0635938 -0.0646088 -0.418004)
(0.034628 -0.0437266 -0.458755)
(-0.0421571 -0.0421582 -0.443511)
(0.0421555 -0.0421598 -0.443511)
(-0.0346304 -0.0437264 -0.458753)
(0.0635943 -0.0646155 -0.418001)
(0.0729758 -0.0923853 -0.521704)
(-0.0597146 -0.160583 -0.5506)
(0.0597203 0.160572 -0.550602)
(-0.0729794 0.0923892 -0.521714)
(-0.0636029 0.064604 -0.418005)
(0.0346266 0.0437256 -0.458754)
(-0.0421598 0.0421552 -0.443511)
(0.042158 0.0421568 -0.44351)
(-0.0346293 0.0437256 -0.458752)
(0.0636027 0.0646107 -0.418001)
(0.0729775 0.0923907 -0.521711)
(-0.0597224 0.160575 -0.550597)
(0.0543692 -0.162696 -0.490384)
(-0.0720705 0.0695887 -0.575888)
(-0.0715919 -0.138978 -0.461461)
(0.0180492 -0.0180451 -0.49767)
(-0.0437261 -0.0346318 -0.458753)
(0.0437259 -0.0346313 -0.458753)
(-0.0180467 -0.0180455 -0.497666)
(0.0715933 -0.138977 -0.461459)
(0.0720655 0.0695913 -0.575883)
(-0.0543707 -0.162698 -0.490384)
(0.188718 0.214032 1.29783)
(-0.107051 0.25068 0.308663)
(-0.137702 0.137656 -0.221417)
(0.138974 0.0715914 -0.461459)
(-0.0646177 0.063594 -0.417998)
(0.0646151 0.0635991 -0.417998)
(-0.138976 0.0715926 -0.461456)
(0.137706 0.137688 -0.221432)
(0.107033 0.250689 0.308652)
(-0.188708 0.214032 1.29783)
(-0.429128 -0.724696 1.4852)
(-0.505707 0.505672 0.734927)
(-0.250665 0.106994 0.308755)
(-0.0695543 0.0720665 -0.575895)
(-0.0923881 0.0729748 -0.521704)
(0.0923917 0.0729756 -0.521709)
(0.0695787 0.0720637 -0.575885)
(0.250685 0.107006 0.308695)
(0.505687 0.505677 0.734883)
(0.429139 -0.724699 1.4852)
(-0.84652 0.846518 1.20536)
(0.724706 0.42915 1.48524)
(-0.214047 -0.188753 1.29776)
(0.162698 -0.0543655 -0.490392)
(-0.160583 -0.0597158 -0.550597)
(0.160578 -0.059721 -0.550595)
(-0.162701 -0.0543698 -0.490388)
(0.214035 -0.188723 1.29782)
(-0.724702 0.429148 1.48521)
(0.846518 0.846518 1.20535)
(-0.829247 -0.829247 1.2555)
(0.714337 -0.424 1.56698)
(-0.201516 0.166672 1.40973)
(0.165315 0.0634703 -0.500944)
(-0.134175 0.0539755 -0.5459)
(0.134172 0.0539781 -0.5459)
(-0.165316 0.0634761 -0.500939)
(0.2015 0.166679 1.4098)
(-0.714334 -0.424001 1.56695)
(0.829245 -0.829246 1.2555)
(-0.424001 0.71434 1.56699)
(-0.473247 -0.473253 0.657219)
(-0.283132 -0.0825008 0.268445)
(-0.0816315 -0.0659218 -0.580241)
(-0.0871787 -0.0547581 -0.533868)
(0.087183 -0.0547591 -0.533874)
(0.0816456 -0.0659216 -0.580236)
(0.283156 -0.0824867 0.2684)
(0.473217 -0.473249 0.657167)
(0.424012 0.714342 1.56697)
(0.166671 -0.20152 1.40972)
(-0.0824982 -0.283129 0.268454)
(-0.124382 -0.124387 -0.343193)
(0.0919803 -0.0776141 -0.499108)
(-0.0637119 -0.0552376 -0.437095)
(0.0637102 -0.0552408 -0.437096)
(-0.0919835 -0.0776168 -0.499107)
(0.124386 -0.124407 -0.343205)
(0.0824749 -0.283145 0.268436)
(-0.166676 -0.201516 1.40972)
(0.0634686 0.165316 -0.500947)
(-0.0659216 -0.0816269 -0.580241)
(-0.0776144 0.0919797 -0.49911)
(-0.00583191 -0.0058311 -0.508506)
(-0.0418085 0.0216944 -0.474449)
(0.0418087 0.0216942 -0.47445)
(0.00583378 -0.00583118 -0.508503)
(0.0776164 0.0919812 -0.499114)
(0.0659194 -0.0816268 -0.580238)
(-0.0634704 0.165318 -0.500948)
(0.0539749 -0.134176 -0.545899)
(-0.0547573 -0.0871777 -0.533866)
(-0.0552365 -0.0637139 -0.437095)
(0.0216951 -0.0418085 -0.474448)
(-0.0364031 -0.0364039 -0.452837)
(0.0364021 -0.0364052 -0.452837)
(-0.0216968 -0.0418088 -0.474447)
(0.055236 -0.063719 -0.437093)
(0.0547557 -0.0871806 -0.533866)
(-0.0539763 -0.134178 -0.545895)
(0.0539792 0.134171 -0.545899)
(-0.0547597 0.0871845 -0.533876)
(-0.0552427 0.0637098 -0.437096)
(0.0216943 0.0418087 -0.47445)
(-0.0364054 0.0364017 -0.452837)
(0.0364042 0.036403 -0.452836)
(-0.0216961 0.0418091 -0.474448)
(0.0552419 0.0637152 -0.437093)
(0.0547581 0.0871871 -0.533874)
(-0.0539807 0.134174 -0.545895)
(0.0634782 -0.165314 -0.500938)
(-0.0659212 0.0816528 -0.580234)
(-0.077618 -0.0919856 -0.499108)
(-0.00583089 0.00583432 -0.508501)
(-0.0418091 -0.0216978 -0.474447)
(0.0418095 -0.0216975 -0.474448)
(0.00583294 0.00583418 -0.508499)
(0.0776198 -0.0919865 -0.499111)
(0.0659191 0.0816525 -0.580232)
(-0.0634788 -0.165316 -0.500939)
(0.166679 0.201495 1.40982)
(-0.0824842 0.283166 0.268372)
(-0.124418 0.124387 -0.34321)
(0.0919825 0.0776165 -0.499113)
(-0.063721 0.0552354 -0.437092)
(0.0637191 0.0552388 -0.437092)
(-0.0919853 0.077619 -0.499111)
(0.12442 0.124406 -0.343219)
(0.0824656 0.28318 0.268361)
(-0.166681 0.201497 1.40981)
(-0.423999 -0.714334 1.56693)
(-0.473246 0.473205 0.657143)
(-0.283152 0.0824612 0.268436)
(-0.0816261 0.0659181 -0.580236)
(-0.0871835 0.0547547 -0.533866)
(0.0871879 0.054756 -0.533871)
(0.0816416 0.0659181 -0.580232)
(0.283175 0.0824526 0.268395)
(0.473223 0.473209 0.657105)
(0.424008 -0.714337 1.56693)
(-0.829246 0.829243 1.25549)
(0.714343 0.424019 1.56697)
(-0.201513 -0.166679 1.40973)
(0.165321 -0.0634712 -0.500949)
(-0.134178 -0.0539768 -0.545893)
(0.134176 -0.0539797 -0.545892)
(-0.165321 -0.0634764 -0.500943)
(0.201502 -0.166683 1.40979)
(-0.71434 0.424017 1.56694)
(0.829244 0.829243 1.25549)
(-0.810642 -0.810642 1.30589)
(0.725727 -0.417691 1.64032)
(-0.19139 0.176703 1.50716)
(0.1682 0.0617622 -0.51957)
(-0.102071 0.0444305 -0.53629)
(0.102066 0.0444316 -0.53629)
(-0.168201 0.0617686 -0.519565)
(0.191372 0.176723 1.50722)
(-0.725725 -0.417691 1.64028)
(0.810638 -0.81064 1.30589)
(-0.417692 0.72573 1.64033)
(-0.424704 -0.424711 0.620645)
(-0.300585 0.00567931 0.273879)
(-0.0505102 -0.0536343 -0.59405)
(-0.0806547 -0.0350216 -0.546605)
(0.0806588 -0.0350225 -0.54661)
(0.0505152 -0.0536324 -0.59405)
(0.300601 0.00569458 0.273858)
(0.424674 -0.424707 0.620595)
(0.4177 0.725733 1.64031)
(0.176699 -0.191394 1.50715)
(0.00568104 -0.300583 0.273883)
(-0.0595272 -0.0595297 -0.415433)
(0.0757071 -0.0735318 -0.522431)
(-0.0510346 -0.0396077 -0.450386)
(0.051033 -0.0396093 -0.450386)
(-0.0757106 -0.073534 -0.522431)
(0.0595275 -0.0595369 -0.415438)
(-0.00570128 -0.300595 0.273872)
(-0.176711 -0.191391 1.50715)
(0.0617601 0.168201 -0.519573)
(-0.0536343 -0.0505073 -0.594051)
(-0.0735321 0.0757066 -0.522433)
(-0.00811823 -0.0081176 -0.525135)
(-0.0359303 0.0161792 -0.489996)
(0.0359306 0.0161792 -0.489997)
(0.00811926 -0.0081173 -0.525134)
(0.0735334 0.0757092 -0.522437)
(0.0536318 -0.0505035 -0.594051)
(-0.0617608 0.168204 -0.519575)
(0.0444302 -0.102072 -0.536288)
(-0.0350209 -0.0806539 -0.546603)
(-0.0396071 -0.0510361 -0.450385)
(0.0161798 -0.0359302 -0.489995)
(-0.0290562 -0.0290569 -0.461236)
(0.0290554 -0.0290579 -0.461236)
(-0.0161812 -0.0359306 -0.489993)
(0.0396066 -0.0510395 -0.450383)
(0.0350193 -0.0806569 -0.546603)
(-0.0444309 -0.102074 -0.536285)
(0.0444323 0.102065 -0.53629)
(-0.0350229 0.0806602 -0.546612)
(-0.0396105 0.0510324 -0.450386)
(0.0161793 0.0359307 -0.489997)
(-0.029058 0.0290551 -0.461236)
(0.029057 0.0290561 -0.461236)
(-0.0161808 0.0359312 -0.489995)
(0.03961 0.0510363 -0.450384)
(0.0350213 0.0806632 -0.546611)
(-0.0444332 0.102068 -0.536287)
(0.061771 -0.168199 -0.519563)
(-0.0536319 0.0505197 -0.59405)
(-0.0735348 -0.0757129 -0.522431)
(-0.00811681 0.00811968 -0.525132)
(-0.0359309 -0.0161819 -0.489993)
(0.0359315 -0.0161818 -0.489994)
(0.0081182 0.00811943 -0.525131)
(0.0735363 -0.0757146 -0.522435)
(0.0536299 0.0505169 -0.59405)
(-0.0617704 -0.168202 -0.519564)
(0.176728 0.191365 1.50724)
(0.00569815 0.300607 0.273842)
(-0.0595435 0.0595256 -0.415441)
(0.075711 0.0735335 -0.522438)
(-0.051041 0.0396061 -0.450383)
(0.0510396 0.0396079 -0.450383)
(-0.0757138 0.0735359 -0.522436)
(0.0595446 0.0595346 -0.415444)
(-0.00571423 0.30062 0.273831)
(-0.176734 0.191369 1.50723)
(-0.417689 -0.725726 1.64026)
(-0.424705 0.42466 0.620571)
(-0.3006 -0.00571229 0.273875)
(-0.0505017 0.0536301 -0.594049)
(-0.0806598 0.0350185 -0.546602)
(0.0806641 0.0350195 -0.546607)
(0.0505088 0.0536286 -0.594049)
(0.300618 -0.00572288 0.273853)
(0.424681 0.424665 0.620541)
(0.417696 -0.725729 1.64026)
(-0.81064 0.810637 1.30589)
(0.725735 0.417705 1.6403)
(-0.191388 -0.176716 1.50715)
(0.168207 -0.061761 -0.519575)
(-0.102075 -0.0444311 -0.536283)
(0.102071 -0.0444326 -0.536284)
(-0.168207 -0.0617668 -0.519568)
(0.191376 -0.176731 1.5072)
(-0.725732 0.417703 1.64027)
(0.810637 0.810637 1.30589)
(-0.790287 -0.790287 1.33245)
(0.731204 -0.39631 1.7004)
(-0.195051 0.207047 1.57148)
(0.166111 0.045041 -0.545386)
(-0.074444 0.0318567 -0.519968)
(0.0744405 0.0318571 -0.51997)
(-0.166112 0.0450464 -0.545381)
(0.195034 0.20707 1.57152)
(-0.731197 -0.396309 1.70035)
(0.790283 -0.790284 1.33245)
(-0.39631 0.731207 1.7004)
(-0.36125 -0.361257 0.535952)
(-0.29302 0.141167 0.208992)
(-0.000641359 -0.0415027 -0.624835)
(-0.068876 -0.0230776 -0.55299)
(0.0688784 -0.023078 -0.552993)
(0.000641887 -0.0415007 -0.624836)
(0.29303 0.141179 0.208984)
(0.361223 -0.361258 0.535908)
(0.396316 0.731206 1.70037)
(0.207044 -0.195055 1.57146)
(0.141169 -0.293019 0.208992)
(0.0238601 0.0238593 -0.437735)
(0.0732566 -0.0501083 -0.528709)
(-0.0340343 -0.0260939 -0.457531)
(0.0340333 -0.0260948 -0.457532)
(-0.0732592 -0.0501096 -0.528708)
(-0.0238609 0.0238586 -0.437735)
(-0.141187 -0.293024 0.208981)
(-0.207058 -0.195053 1.57145)
(0.0450392 0.166112 -0.545389)
(-0.0415032 -0.000639753 -0.624836)
(-0.0501084 0.0732561 -0.528711)
(-0.00065285 -0.000652458 -0.537527)
(-0.0258494 0.0139102 -0.500261)
(0.0258497 0.0139101 -0.500262)
(0.000653301 -0.00065211 -0.537526)
(0.0501088 0.0732579 -0.528714)
(0.0415026 -0.000635143 -0.624838)
(-0.0450389 0.166116 -0.54539)
(0.0318566 -0.0744452 -0.519967)
(-0.023077 -0.0688755 -0.552988)
(-0.0260935 -0.0340352 -0.457531)
(0.0139107 -0.0258493 -0.50026)
(-0.0212168 -0.0212172 -0.467758)
(0.0212162 -0.0212179 -0.467758)
(-0.0139118 -0.0258496 -0.500259)
(0.0260928 -0.0340372 -0.457529)
(0.0230758 -0.0688773 -0.552987)
(-0.031857 -0.0744472 -0.519964)
(0.0318575 0.0744396 -0.519971)
(-0.0230783 0.0688794 -0.552995)
(-0.0260956 0.0340328 -0.457532)
(0.0139102 0.0258497 -0.500262)
(-0.021218 0.0212159 -0.467758)
(0.0212173 0.0212166 -0.467758)
(-0.0139113 0.0258501 -0.500261)
(0.0260949 0.0340352 -0.45753)
(0.0230771 0.0688814 -0.552993)
(-0.031858 0.0744425 -0.519967)
(0.0450485 -0.166111 -0.545378)
(-0.0415 0.000644584 -0.624836)
(-0.05011 -0.0732608 -0.528708)
(-0.000651666 0.000653591 -0.537525)
(-0.0258499 -0.0139123 -0.500258)
(0.0258503 -0.0139121 -0.50026)
(0.000652413 0.000653333 -0.537524)
(0.0501107 -0.0732618 -0.528711)
(0.0414999 0.000640669 -0.624838)
(-0.0450473 -0.166114 -0.54538)
(0.207078 0.195026 1.57153)
(0.141183 0.293032 0.208974)
(0.0238549 -0.0238629 -0.437736)
(0.0732589 0.0501088 -0.528715)
(-0.0340383 0.0260924 -0.457529)
(0.0340374 0.0260934 -0.457529)
(-0.0732609 0.0501104 -0.528713)
(-0.0238547 -0.0238608 -0.437735)
(-0.141196 0.293038 0.208962)
(-0.207085 0.195032 1.57152)
(-0.396307 -0.731195 1.70033)
(-0.361258 0.36121 0.535887)
(-0.293026 -0.141196 0.208983)
(-0.000633808 0.041502 -0.624836)
(-0.0688792 0.0230752 -0.552986)
(0.0688819 0.0230758 -0.55299)
(0.000635679 0.0415004 -0.624838)
(0.293038 -0.141202 0.208975)
(0.361234 0.361216 0.535861)
(0.396311 -0.731198 1.70032)
(-0.790284 0.790281 1.33245)
(0.731205 0.39632 1.70036)
(-0.195052 -0.207064 1.57145)
(0.166118 -0.0450387 -0.54539)
(-0.0744486 -0.0318571 -0.519962)
(0.0744459 -0.0318577 -0.519964)
(-0.166119 -0.0450437 -0.545384)
(0.195041 -0.207082 1.57149)
(-0.731201 0.396318 1.70033)
(0.790281 0.79028 1.33244)
(-0.756221 -0.756221 1.34235)
(0.637555 -0.365442 1.74428)
(-0.221696 0.230346 1.58145)
(0.120571 0.0145927 -0.577118)
(-0.0510926 0.0160051 -0.498131)
(0.0510903 0.0160052 -0.498132)
(-0.120573 0.0145962 -0.577113)
(0.221688 0.230371 1.58148)
(-0.637542 -0.365442 1.74424)
(0.756216 -0.756218 1.34235)
(-0.365442 0.637558 1.74429)
(-0.273303 -0.273308 0.540607)
(-0.143511 0.295577 0.217865)
(0.0436894 -0.0335551 -0.656976)
(-0.0422034 -0.015302 -0.547267)
(0.0422045 -0.0153023 -0.54727)
(-0.04369 -0.0335538 -0.656977)
(0.143514 0.295582 0.217873)
(0.273284 -0.273311 0.540559)
(0.365447 0.637555 1.74426)
(0.230343 -0.221699 1.58144)
(0.295578 -0.143508 0.217862)
(0.105021 0.105021 -0.366803)
(0.0728925 -0.0296955 -0.512398)
(-0.0164534 -0.01241 -0.454115)
(0.0164528 -0.0124104 -0.454115)
(-0.0728936 -0.0296964 -0.512396)
(-0.105023 0.105024 -0.366797)
(-0.295587 -0.143501 0.217854)
(-0.230358 -0.221702 1.58142)
(0.0145915 0.120571 -0.577121)
(-0.0335557 0.0436901 -0.656976)
(-0.0296954 0.0728922 -0.5124)
(0.00583309 0.00583329 -0.543867)
(-0.0152987 0.0103823 -0.504511)
(0.0152988 0.0103823 -0.504512)
(-0.00583304 0.00583367 -0.543867)
(0.0296951 0.0728926 -0.512402)
(0.0335564 0.0436936 -0.656977)
(-0.0145911 0.120576 -0.577122)
(0.0160052 -0.0510936 -0.498129)
(-0.0153016 -0.0422031 -0.547266)
(-0.0124098 -0.0164539 -0.454114)
(0.0103826 -0.0152986 -0.50451)
(-0.0126856 -0.0126858 -0.470103)
(0.0126852 -0.0126861 -0.470103)
(-0.010383 -0.0152988 -0.504509)
(0.0124092 -0.0164548 -0.454113)
(0.0153008 -0.0422038 -0.547264)
(-0.0160055 -0.0510952 -0.498126)
(0.0160053 0.0510895 -0.498133)
(-0.0153024 0.042205 -0.547271)
(-0.0124107 0.0164525 -0.454115)
(0.0103822 0.0152988 -0.504513)
(-0.0126862 0.0126851 -0.470103)
(0.0126858 0.0126854 -0.470103)
(-0.0103826 0.0152991 -0.504512)
(0.0124102 0.0164537 -0.454114)
(0.0153016 0.042206 -0.547269)
(-0.0160056 0.0510917 -0.49813)
(0.0145976 -0.120574 -0.57711)
(-0.0335531 -0.0436905 -0.656977)
(-0.0296965 -0.0728943 -0.512396)
(0.00583403 -0.00583298 -0.543866)
(-0.015299 -0.0103832 -0.504509)
(0.0152993 -0.010383 -0.50451)
(-0.00583369 -0.00583318 -0.543865)
(0.0296964 -0.0728944 -0.512398)
(0.0335539 -0.043693 -0.656978)
(-0.0145968 -0.120577 -0.577112)
(0.23038 0.221684 1.5815)
(0.295585 0.143514 0.217873)
(0.105024 -0.105025 -0.366795)
(0.0728929 0.0296953 -0.512403)
(-0.0164553 0.0124089 -0.454113)
(0.0164549 0.0124094 -0.454113)
(-0.0728937 0.0296964 -0.512401)
(-0.105025 -0.105027 -0.366791)
(-0.295591 0.143509 0.217859)
(-0.230388 0.22169 1.58148)
(-0.36544 -0.637536 1.74422)
(-0.273316 0.273274 0.540536)
(-0.143503 -0.295593 0.21786)
(0.0436952 0.0335566 -0.656976)
(-0.042205 0.0153004 -0.547263)
(0.0422066 0.0153009 -0.547265)
(-0.0436944 0.0335553 -0.656977)
(0.143509 -0.295595 0.217863)
(0.273296 0.273276 0.540513)
(0.365442 -0.63754 1.7442)
(-0.756216 0.756214 1.34235)
(0.637551 0.365451 1.74424)
(-0.221705 -0.230366 1.58141)
(0.120579 -0.0145911 -0.577121)
(-0.0510963 -0.0160055 -0.498124)
(0.0510945 -0.0160056 -0.498126)
(-0.120579 -0.0145945 -0.577116)
(0.221699 -0.230386 1.58145)
(-0.637545 0.365449 1.74421)
(0.756213 0.756212 1.34234)
(-0.682172 -0.682172 1.46719)
(0.491109 -0.27425 1.7743)
(-0.200512 0.215997 1.5494)
(0.0369673 -0.00846491 -0.629409)
(-0.0245192 0.00300457 -0.490796)
(0.0245186 0.00300437 -0.490798)
(-0.0369665 -0.00846344 -0.629404)
(0.200509 0.216017 1.54942)
(-0.491093 -0.274254 1.77426)
(0.682164 -0.682166 1.46719)
(-0.27425 0.491112 1.77431)
(-0.228174 -0.228175 0.287344)
(0.0386314 0.221259 0.138194)
(0.0362763 -0.018002 -0.631642)
(-0.00988704 -0.0067509 -0.534034)
(0.00988733 -0.0067511 -0.534036)
(-0.0362784 -0.0180016 -0.631643)
(-0.0386304 0.221262 0.13821)
(0.228171 -0.228175 0.287292)
(0.274254 0.491109 1.77428)
(0.215994 -0.200513 1.54939)
(0.221256 0.0386321 0.138188)
(0.0732745 0.0732746 -0.227641)
(0.037279 -0.00724464 -0.484305)
(-0.00331358 -0.00282374 -0.446662)
(0.0033133 -0.00282372 -0.446662)
(-0.037279 -0.00724489 -0.484303)
(-0.0732766 0.0732765 -0.227636)
(-0.22125 0.0386335 0.138183)
(-0.216006 -0.200515 1.54936)
(-0.00846543 0.0369678 -0.629412)
(-0.0180022 0.0362764 -0.631643)
(-0.00724468 0.0372788 -0.484307)
(0.00407768 0.00407773 -0.545208)
(-0.00494972 0.00354573 -0.504335)
(0.00494976 0.00354567 -0.504336)
(-0.00407768 0.00407789 -0.545207)
(0.00724488 0.0372784 -0.484308)
(0.0180025 0.0362792 -0.631642)
(0.00846548 0.0369693 -0.629413)
(0.00300465 -0.0245195 -0.490794)
(-0.00675074 -0.00988712 -0.534033)
(-0.00282367 -0.00331375 -0.446661)
(0.0035458 -0.00494972 -0.504334)
(-0.00403185 -0.00403194 -0.471146)
(0.00403172 -0.00403204 -0.471146)
(-0.00354587 -0.0049498 -0.504333)
(0.0028234 -0.00331394 -0.44666)
(0.00675043 -0.00988756 -0.53403)
(-0.00300466 -0.0245201 -0.490791)
(0.00300421 0.0245182 -0.490798)
(-0.00675119 0.00988741 -0.534037)
(-0.0028237 0.00331305 -0.446662)
(0.00354567 0.00494978 -0.504336)
(-0.00403204 0.00403164 -0.471146)
(0.00403192 0.00403177 -0.471146)
(-0.00354575 0.0049499 -0.504335)
(0.00282353 0.00331349 -0.446661)
(0.00675086 0.00988802 -0.534034)
(-0.00300437 0.024519 -0.490795)
(-0.00846275 -0.0369665 -0.6294)
(-0.0180011 -0.0362808 -0.631642)
(-0.00724486 -0.0372793 -0.484301)
(0.00407809 -0.00407776 -0.545206)
(-0.00494988 -0.00354592 -0.504333)
(0.00494998 -0.00354584 -0.504334)
(-0.0040779 -0.00407776 -0.545206)
(0.00724516 -0.0372787 -0.484303)
(0.0180014 -0.0362818 -0.631642)
(0.00846298 -0.0369678 -0.629403)
(0.216023 0.200506 1.54942)
(0.221262 -0.0386313 0.138211)
(0.0732789 -0.0732788 -0.227634)
(0.0372785 0.00724504 -0.484308)
(-0.00331398 0.00282318 -0.44666)
(0.0033139 0.0028233 -0.44666)
(-0.0372784 0.00724538 -0.484306)
(-0.0732789 -0.0732786 -0.227631)
(-0.221254 -0.0386317 0.1382)
(-0.216031 0.200508 1.5494)
(-0.274254 -0.491085 1.77424)
(-0.228179 0.228166 0.287267)
(0.0386317 -0.22125 0.138186)
(0.0362818 0.0180029 -0.631641)
(-0.00988803 0.00675031 -0.534029)
(0.00988854 0.00675054 -0.534031)
(-0.036282 0.0180024 -0.631643)
(-0.0386294 -0.221253 0.138199)
(0.228176 0.228166 0.287245)
(0.274253 -0.491088 1.77423)
(-0.682163 0.682161 1.4672)
(0.491107 0.274257 1.77427)
(-0.200519 -0.216014 1.54935)
(0.0369702 0.00846561 -0.629413)
(-0.0245208 -0.00300456 -0.490789)
(0.0245203 -0.00300448 -0.490791)
(-0.0369688 0.00846416 -0.629408)
(0.200515 -0.216031 1.54938)
(-0.491096 0.274256 1.77424)
(0.682159 0.682158 1.46719)
)
;

boundaryField
{
    bottom
    {
        type            noSlip;
    }
    atmosphere
    {
        type            pressureInletOutletVelocity;
        value           nonuniform List<vector> 
100
(
(-0.682172 -0.682172 1.46719)
(-0.27425 0.491112 1.77431)
(0.215994 -0.200513 1.54939)
(0 0 -0.629412)
(0 0 -0.490794)
(0 0 -0.490798)
(0 0 -0.6294)
(0.216023 0.200506 1.54942)
(-0.274254 -0.491085 1.77424)
(-0.682163 0.682161 1.4672)
(0.491109 -0.27425 1.7743)
(-0.228174 -0.228175 0.287344)
(0.221256 0.0386321 0.138188)
(0 0 -0.631643)
(0 0 -0.534033)
(0 0 -0.534037)
(0 0 -0.631642)
(0.221262 -0.0386313 0.138211)
(-0.228179 0.228166 0.287267)
(0.491107 0.274257 1.77427)
(-0.200512 0.215997 1.5494)
(0.0386314 0.221259 0.138194)
(0 0 -0.227641)
(0 0 -0.484307)
(0 0 -0.446661)
(0 0 -0.446662)
(0 0 -0.484301)
(0 0 -0.227634)
(0.0386317 -0.22125 0.138186)
(-0.200519 -0.216014 1.54935)
(0 0 -0.629409)
(0 0 -0.631642)
(0 0 -0.484305)
(0 0 -0.545208)
(0 0 -0.504334)
(0 0 -0.504336)
(0 0 -0.545206)
(0 0 -0.484308)
(0 0 -0.631641)
(0 0 -0.629413)
(0 0 -0.490796)
(0 0 -0.534034)
(0 0 -0.446662)
(0 0 -0.504335)
(0 0 -0.471146)
(0 0 -0.471146)
(0 0 -0.504333)
(0 0 -0.44666)
(0 0 -0.534029)
(0 0 -0.490789)
(0 0 -0.490798)
(0 0 -0.534036)
(0 0 -0.446662)
(0 0 -0.504336)
(0 0 -0.471146)
(0 0 -0.471146)
(0 0 -0.504334)
(0 0 -0.44666)
(0 0 -0.534031)
(0 0 -0.490791)
(0 0 -0.629404)
(0 0 -0.631643)
(0 0 -0.484303)
(0 0 -0.545207)
(0 0 -0.504333)
(0 0 -0.504335)
(0 0 -0.545206)
(0 0 -0.484306)
(0 0 -0.631643)
(0 0 -0.629408)
(0.200509 0.216017 1.54942)
(-0.0386304 0.221262 0.13821)
(0 0 -0.227636)
(0 0 -0.484308)
(0 0 -0.44666)
(0 0 -0.446661)
(0 0 -0.484303)
(0 0 -0.227631)
(-0.0386294 -0.221253 0.138199)
(0.200515 -0.216031 1.54938)
(-0.491093 -0.274254 1.77426)
(0.228171 -0.228175 0.287292)
(-0.22125 0.0386335 0.138183)
(0 0 -0.631642)
(0 0 -0.53403)
(0 0 -0.534034)
(0 0 -0.631642)
(-0.221254 -0.0386317 0.1382)
(0.228176 0.228166 0.287245)
(-0.491096 0.274256 1.77424)
(0.682164 -0.682166 1.46719)
(0.274254 0.491109 1.77428)
(-0.216006 -0.200515 1.54936)
(0 0 -0.629413)
(0 0 -0.490791)
(0 0 -0.490795)
(0 0 -0.629403)
(-0.216031 0.200508 1.5494)
(0.274253 -0.491088 1.77423)
(0.682159 0.682158 1.46719)
)
;
    }
    walls
    {
        type            noSlip;
    }
}


// ************************************************************************* //
