/*--------------------------------*- C++ -*----------------------------------*\
| =========                 |                                                 |
| \\      /  F ield         | OpenFOAM: The Open Source CFD Toolbox           |
|  \\    /   O peration     | Version:  2412                                  |
|   \\  /    A nd           | Website:  www.openfoam.com                      |
|    \\/     M anipulation  |                                                 |
\*---------------------------------------------------------------------------*/
FoamFile
{
    version     2.0;
    format      ascii;
    arch        "LSB;label=32;scalar=64";
    class       volVectorField;
    location    "0.8";
    object      U;
}
// * * * * * * * * * * * * * * * * * * * * * * * * * * * * * * * * * * * * * //

dimensions      [0 1 -1 0 0 0 0];

internalField   nonuniform List<vector> 
4000
(
(0.351861 0.351861 -0.233296)
(0.18336 0.205991 -0.134345)
(-0.159566 -0.107184 -0.243443)
(-0.162573 -0.0930672 -0.241698)
(-0.138891 -0.2281 -0.168906)
(0.138893 -0.228093 -0.168906)
(0.162572 -0.0930596 -0.241702)
(0.159565 -0.107182 -0.243442)
(-0.183361 0.205991 -0.134344)
(-0.351861 0.351861 -0.233296)
(0.205991 0.18336 -0.134345)
(0.455141 0.455141 -0.146228)
(0.245132 0.517987 -0.152387)
(0.0211894 0.365553 -0.151855)
(-0.0781424 0.321706 -0.292011)
(0.0781407 0.321698 -0.292008)
(-0.0211878 0.365553 -0.151855)
(-0.24513 0.517988 -0.15239)
(-0.455141 0.455142 -0.146229)
(-0.205992 0.18336 -0.134345)
(-0.107184 -0.159566 -0.243442)
(0.517987 0.245133 -0.152387)
(0.290038 0.290041 0.0123259)
(0.223675 -0.260307 -0.0462078)
(-0.0353145 -0.377125 -0.222586)
(0.0353113 -0.377131 -0.22258)
(-0.223671 -0.260309 -0.0461959)
(-0.29004 0.29005 0.0123313)
(-0.517987 0.245135 -0.152388)
(0.107183 -0.159565 -0.243442)
(-0.093069 -0.162572 -0.241696)
(0.365555 0.0211904 -0.151855)
(-0.260306 0.223679 -0.0462063)
(-0.0441576 -0.044157 -0.262545)
(-0.11418 -0.126591 -0.296919)
(0.114173 -0.126596 -0.296908)
(0.0441639 -0.0441613 -0.262534)
(0.260306 0.223674 -0.0461973)
(-0.365556 0.02119 -0.151854)
(0.0930674 -0.162571 -0.241697)
(-0.228103 -0.138891 -0.168906)
(0.321712 -0.0781422 -0.292014)
(-0.377122 -0.0353157 -0.222585)
(-0.126587 -0.114182 -0.296921)
(-0.09373 -0.0937377 -0.178047)
(0.0937219 -0.0937408 -0.178048)
(0.126589 -0.114177 -0.296911)
(0.377125 -0.0353152 -0.222576)
(-0.321711 -0.0781407 -0.292015)
(0.228099 -0.138891 -0.168906)
(-0.228093 0.138892 -0.168906)
(0.321697 0.0781395 -0.29201)
(-0.377134 0.0353068 -0.222573)
(-0.126598 0.114165 -0.296902)
(-0.0937399 0.0937183 -0.178043)
(0.0937316 0.0937211 -0.178042)
(0.1266 0.11416 -0.296893)
(0.377138 0.0353065 -0.222566)
(-0.321697 0.0781382 -0.29201)
(0.22809 0.138892 -0.168906)
(-0.0930586 0.162572 -0.241702)
(0.365553 -0.0211897 -0.151853)
(-0.260313 -0.223669 -0.0461916)
(-0.0441671 0.0441667 -0.262529)
(-0.114175 0.126596 -0.296902)
(0.114168 0.126602 -0.296891)
(0.0441739 0.0441716 -0.262519)
(0.260314 -0.223664 -0.0461852)
(-0.365554 -0.0211895 -0.151853)
(0.0930576 0.162571 -0.241703)
(-0.107182 0.159565 -0.243442)
(0.517988 -0.245129 -0.15239)
(0.29005 -0.290042 0.0123336)
(0.223667 0.26031 -0.0461953)
(-0.0353151 0.377133 -0.222573)
(0.035312 0.377139 -0.222567)
(-0.223662 0.260314 -0.046186)
(-0.290049 -0.290049 0.0123384)
(-0.517988 -0.245131 -0.152391)
(0.107181 0.159564 -0.243441)
(0.205992 -0.183361 -0.134344)
(0.455142 -0.455141 -0.14623)
(0.245134 -0.517987 -0.152389)
(0.0211891 -0.365553 -0.151855)
(-0.07814 -0.321703 -0.292012)
(0.0781384 -0.321694 -0.292009)
(-0.0211877 -0.365553 -0.151854)
(-0.245131 -0.517988 -0.152391)
(-0.455142 -0.455142 -0.146231)
(-0.205993 -0.183361 -0.134344)
(0.351861 -0.35186 -0.233296)
(0.18336 -0.205992 -0.134345)
(-0.159565 0.107183 -0.243442)
(-0.162571 0.0930648 -0.241699)
(-0.138891 0.228095 -0.168906)
(0.138893 0.228089 -0.168906)
(0.162571 0.0930577 -0.241703)
(0.159564 0.107181 -0.243441)
(-0.183361 -0.205993 -0.134344)
(-0.351861 -0.351861 -0.233296)
(-0.0243529 -0.0243528 -0.312054)
(0.132631 -0.564918 0.057396)
(-0.0730095 -0.91492 0.193909)
(-0.173368 -1.35457 0.0934909)
(-0.13627 -1.55167 -0.0449513)
(0.136269 -1.55168 -0.04495)
(0.173368 -1.35454 0.0934929)
(0.0730094 -0.914896 0.193907)
(-0.132632 -0.564914 0.0573942)
(0.0243521 -0.0243531 -0.312054)
(-0.564918 0.132631 0.0573959)
(0.730834 0.730834 0.111098)
(0.415 0.976386 0.185196)
(0.141807 1.21557 0.397192)
(-0.330953 1.55996 0.33796)
(0.330956 1.55997 0.337963)
(-0.141826 1.21553 0.397193)
(-0.415006 0.976373 0.185197)
(-0.730833 0.730834 0.111101)
(0.564918 0.13263 0.0573953)
(-0.914921 -0.073008 0.193909)
(0.976386 0.415001 0.185196)
(0.450509 0.450506 0.236231)
(0.745694 -0.528578 0.391283)
(-0.260342 0.123737 0.490914)
(0.260348 0.123727 0.4909)
(-0.745697 -0.528643 0.391272)
(-0.450499 0.450476 0.236229)
(-0.976384 0.41499 0.185198)
(0.914915 -0.0730073 0.193907)
(-1.35457 -0.173368 0.0934895)
(1.21558 0.141801 0.39719)
(-0.528566 0.745696 0.391284)
(0.922136 0.922139 0.136327)
(-0.925677 0.105041 0.0570611)
(0.925674 0.104955 0.0570409)
(-0.922136 0.922149 0.136306)
(0.528614 0.745698 0.391282)
(-1.21557 0.141806 0.39719)
(1.35456 -0.173367 0.0934897)
(-1.55167 -0.13627 -0.0449533)
(1.55996 -0.330956 0.337961)
(0.123725 -0.260334 0.490918)
(0.105123 -0.925687 0.0570641)
(-0.474732 -0.474804 -0.0906862)
(0.474636 -0.474886 -0.0906989)
(-0.105125 -0.925709 0.0570444)
(-0.123705 -0.260328 0.490907)
(-1.55996 -0.330956 0.337966)
(1.55167 -0.13627 -0.0449541)
(-1.55168 0.136269 -0.0449503)
(1.55997 0.330962 0.337968)
(0.123696 0.26034 0.490891)
(0.104931 0.925671 0.0570288)
(-0.474906 0.474573 -0.0907228)
(0.474808 0.474654 -0.0907408)
(-0.104924 0.925692 0.0570099)
(-0.123677 0.260334 0.49088)
(-1.55997 0.330963 0.337972)
(1.55168 0.136268 -0.044951)
(-1.35454 0.173367 0.093493)
(1.21552 -0.141828 0.397193)
(-0.528664 -0.745697 0.391269)
(0.922146 -0.922147 0.136292)
(-0.925726 -0.105041 0.0570163)
(0.925723 -0.104943 0.0569966)
(-0.922144 -0.922154 0.136271)
(0.528708 -0.745696 0.391269)
(-1.21552 -0.14183 0.397194)
(1.35453 0.173366 0.0934931)
(-0.914891 0.0730087 0.193906)
(0.97637 -0.415011 0.185197)
(0.450471 -0.450488 0.236229)
(0.745696 0.528656 0.39128)
(-0.260336 -0.123708 0.490896)
(0.260342 -0.123699 0.490882)
(-0.745697 0.528715 0.391271)
(-0.450461 -0.450459 0.236228)
(-0.976369 -0.414999 0.185199)
(0.914886 0.0730077 0.193904)
(-0.564914 -0.132632 0.0573937)
(0.730834 -0.730834 0.111102)
(0.414985 -0.976382 0.185199)
(0.141815 -1.21555 0.397193)
(-0.330947 -1.55996 0.337969)
(0.330951 -1.55996 0.337971)
(-0.14183 -1.21552 0.397195)
(-0.414991 -0.976369 0.1852)
(-0.730833 -0.730833 0.111105)
(0.564914 -0.132631 0.0573932)
(-0.0243533 0.024352 -0.312054)
(0.13263 0.564919 0.0573952)
(-0.0730088 0.914911 0.193907)
(-0.173368 1.35456 0.0934918)
(-0.136269 1.55167 -0.0449518)
(0.136268 1.55168 -0.0449504)
(0.173367 1.35453 0.0934937)
(0.0730084 0.914888 0.193905)
(-0.13263 0.564914 0.0573935)
(0.0243521 0.0243519 -0.312054)
(-0.301732 -0.301732 -0.357009)
(0.356003 -1.38946 -0.186678)
(-0.0793224 -1.7127 -0.11476)
(0.0957397 -1.87384 -0.173209)
(-0.293541 -1.08842 -0.306314)
(0.29354 -1.08849 -0.306313)
(-0.0957308 -1.87386 -0.17321)
(0.0793278 -1.7127 -0.114764)
(-0.355998 -1.38946 -0.186679)
(0.30173 -0.301733 -0.357009)
(-1.38946 0.356003 -0.186678)
(1.46309 1.46309 -1.04269)
(0.00931274 1.75067 -0.488807)
(0.0207292 1.85218 -0.0698184)
(-0.921739 0.295504 -1.12826)
(0.921741 0.295562 -1.12825)
(-0.0207301 1.85219 -0.0697699)
(-0.00936503 1.75067 -0.488794)
(-1.46309 1.46309 -1.04269)
(1.38946 0.356003 -0.186678)
(-1.7127 -0.0793217 -0.114759)
(1.75067 0.00929964 -0.488805)
(0.876333 0.876332 0.124277)
(0.93481 0.731266 0.499563)
(-0.0027643 -0.266629 0.721336)
(0.0027351 -0.266643 0.721388)
(-0.934822 0.731287 0.499561)
(-0.876353 0.876333 0.124273)
(-1.75067 0.00931154 -0.488801)
(1.7127 -0.0793235 -0.114762)
(-1.87384 0.0957414 -0.173208)
(1.85218 0.0207206 -0.0698236)
(0.731262 0.934804 0.499563)
(0.864541 0.864539 0.235006)
(0.207823 0.248665 0.0659655)
(-0.207848 0.248527 0.0660144)
(-0.864546 0.864526 0.234972)
(-0.731273 0.934794 0.499557)
(-1.85218 0.0207107 -0.0698019)
(1.87384 0.0957405 -0.173208)
(-1.08841 -0.293539 -0.306315)
(0.2955 -0.921723 -1.12826)
(-0.26666 -0.0027579 0.721307)
(0.248695 0.207758 0.0659178)
(-0.463235 -0.463283 -0.397129)
(0.463108 -0.463335 -0.397241)
(-0.248593 0.207721 0.0658575)
(0.266719 -0.00275707 0.721322)
(-0.295507 -0.921719 -1.12826)
(1.08845 -0.293539 -0.306313)
(-1.08851 0.293543 -0.306311)
(0.295596 0.921737 -1.12824)
(-0.26669 0.00270848 0.721414)
(0.248394 -0.20782 0.0660206)
(-0.463306 0.462954 -0.397393)
(0.463175 0.463004 -0.397537)
(-0.248286 -0.207772 0.0659632)
(0.266745 0.00271347 0.72143)
(-0.295591 0.92174 -1.12824)
(1.08853 0.293542 -0.30631)
(-1.87386 -0.0957297 -0.173209)
(1.85219 -0.0207244 -0.0697513)
(0.731288 -0.934817 0.499559)
(0.864513 -0.864541 0.234949)
(0.207741 -0.248476 0.0658209)
(-0.207754 -0.24833 0.0658734)
(-0.864515 -0.864526 0.234922)
(-0.73129 -0.934805 0.499555)
(-1.85219 -0.0207146 -0.0697331)
(1.87386 -0.0957299 -0.173209)
(-1.71269 0.0793281 -0.114765)
(1.75067 -0.00938177 -0.488791)
(0.876329 -0.876361 0.124274)
(0.934797 -0.731271 0.499555)
(-0.00276615 0.266727 0.721359)
(0.00274213 0.266737 0.721413)
(-0.934807 -0.731284 0.499553)
(-0.876345 -0.876356 0.124272)
(-1.75066 -0.00938668 -0.488785)
(1.71269 0.0793292 -0.114767)
(-1.38946 -0.355998 -0.186679)
(1.46309 -1.46309 -1.04269)
(0.00931771 -1.75067 -0.488798)
(0.0207256 -1.85218 -0.0697857)
(-0.921712 -0.295489 -1.12825)
(0.92172 -0.295536 -1.12824)
(-0.0207268 -1.85218 -0.0697406)
(-0.009366 -1.75066 -0.488784)
(-1.46309 -1.46309 -1.04269)
(1.38946 -0.355998 -0.186679)
(-0.301733 0.301729 -0.357009)
(0.356003 1.38945 -0.186678)
(-0.0793244 1.7127 -0.114762)
(0.0957386 1.87384 -0.173209)
(-0.29354 1.08846 -0.306312)
(0.293539 1.08852 -0.30631)
(-0.0957307 1.87386 -0.17321)
(0.079329 1.71269 -0.114766)
(-0.355999 1.38946 -0.186678)
(0.301731 0.30173 -0.357009)
(-0.455814 -0.455814 -0.376024)
(0.478899 -1.68769 -0.116836)
(-0.195601 -1.67742 0.249215)
(0.321059 0.0292511 0.20662)
(-0.597278 0.431159 0.110087)
(0.597286 0.431146 0.11009)
(-0.321049 0.0291635 0.206624)
(0.195602 -1.67744 0.249215)
(-0.478896 -1.68769 -0.116834)
(0.455814 -0.455816 -0.376023)
(-1.68769 0.478898 -0.116837)
(1.71625 1.71624 -1.1415)
(-1.7679 1.69799 -0.455141)
(0.448979 0.256037 -0.424397)
(-0.912674 -0.654601 -0.501539)
(0.912658 -0.654471 -0.501545)
(-0.448944 0.256093 -0.424391)
(1.76786 1.69801 -0.455134)
(-1.71625 1.71625 -1.14152)
(1.68768 0.478897 -0.116837)
(-1.67742 -0.195601 0.249215)
(1.69798 -1.76792 -0.455138)
(0.5371 0.537091 0.72087)
(0.840378 0.765925 1.11076)
(-0.0222974 -0.658938 0.940433)
(0.0222021 -0.658878 0.940518)
(-0.8404 0.76593 1.11075)
(-0.537127 0.537095 0.720858)
(-1.69798 -1.76795 -0.455136)
(1.67742 -0.195609 0.249214)
(0.0292576 0.321057 0.206617)
(0.256033 0.448976 -0.424409)
(0.765921 0.840372 1.11076)
(0.627891 0.627883 0.710452)
(-0.0257632 -0.243053 0.541187)
(0.025821 -0.243148 0.541153)
(-0.627895 0.627849 0.710462)
(-0.765938 0.840358 1.11076)
(-0.256005 0.448903 -0.424417)
(-0.0292403 0.321057 0.206618)
(0.431128 -0.597276 0.11008)
(-0.654644 -0.912662 -0.501527)
(-0.658982 -0.0223196 0.940423)
(-0.243055 -0.0258171 0.541143)
(-0.31818 -0.317977 -0.464716)
(0.31837 -0.317829 -0.464984)
(0.243182 -0.0259454 0.541)
(0.659063 -0.0223528 0.940468)
(0.654659 -0.91267 -0.5015)
(-0.431108 -0.597281 0.110089)
(0.431114 0.597293 0.110081)
(-0.654437 0.912636 -0.501503)
(-0.658899 0.0221657 0.940597)
(-0.243263 0.0259062 0.541054)
(-0.317821 0.318334 -0.46529)
(0.317974 0.318151 -0.465554)
(0.243376 0.0260113 0.540918)
(0.658984 0.0222085 0.94064)
(0.65447 0.912647 -0.501466)
(-0.4311 0.597297 0.110091)
(0.0291306 -0.321044 0.206626)
(0.25611 -0.448929 -0.424391)
(0.765916 -0.840401 1.11075)
(0.627812 -0.627872 0.710459)
(-0.02606 0.243263 0.540877)
(0.0260957 0.243346 0.540851)
(-0.627813 -0.627835 0.710459)
(-0.765925 -0.840387 1.11075)
(-0.256082 -0.448879 -0.424393)
(-0.0291255 -0.321046 0.206626)
(-1.67744 0.195602 0.249215)
(1.69801 1.76786 -0.455128)
(0.537093 -0.537135 0.720855)
(0.840362 -0.765931 1.11076)
(-0.0223631 0.65908 0.940508)
(0.0222756 0.659023 0.940593)
(-0.840384 -0.765928 1.11075)
(-0.537114 -0.537132 0.720846)
(-1.69801 1.7679 -0.455125)
(1.67744 0.195609 0.249214)
(-1.68769 -0.478895 -0.116834)
(1.71625 -1.71625 -1.14153)
(-1.76796 -1.69798 -0.455147)
(0.448905 -0.255995 -0.424419)
(-0.912677 0.654655 -0.501464)
(0.912661 0.65454 -0.501461)
(-0.448891 -0.256051 -0.424406)
(1.76792 -1.698 -0.455138)
(-1.71625 -1.71625 -1.14154)
(1.68769 -0.478894 -0.116834)
(-0.455817 0.455814 -0.376022)
(0.478898 1.68768 -0.116836)
(-0.195611 1.67742 0.249215)
(0.321057 -0.0292246 0.206623)
(-0.597287 -0.431131 0.110106)
(0.597295 -0.431122 0.11011)
(-0.32105 -0.0291459 0.206626)
(0.195611 1.67744 0.249214)
(-0.478895 1.68769 -0.116834)
(0.455816 0.455816 -0.376021)
(-0.4556 -0.4556 -0.370912)
(0.519049 -1.61185 -0.319307)
(-0.250004 -1.16234 -0.040442)
(0.332848 0.362741 -0.116384)
(-0.641916 0.051073 -0.283767)
(0.641912 0.051034 -0.283809)
(-0.332842 0.362692 -0.116364)
(0.250005 -1.16237 -0.0404427)
(-0.519047 -1.61187 -0.319305)
(0.455601 -0.455603 -0.370909)
(-1.61185 0.519048 -0.319308)
(1.6295 1.6295 -0.891296)
(-1.86641 1.18622 -0.808706)
(0.444979 0.00964324 -0.681405)
(-1.19179 -0.757047 -0.582869)
(1.19181 -0.756871 -0.582934)
(-0.4451 0.00969721 -0.681396)
(1.86644 1.18624 -0.808689)
(-1.62949 1.62951 -0.891309)
(1.61185 0.519049 -0.31931)
(-1.16234 -0.250001 -0.0404413)
(1.18622 -1.8664 -0.808709)
(0.162803 0.162785 0.935351)
(0.734736 0.399858 0.856798)
(-0.0540811 -1.18648 0.887328)
(0.0539884 -1.18627 0.887426)
(-0.734771 0.399857 0.856808)
(-0.162855 0.162761 0.935349)
(-1.18623 -1.86642 -0.808694)
(1.16234 -0.249999 -0.0404398)
(0.362719 0.332851 -0.116385)
(0.00964331 0.444935 -0.681422)
(0.399858 0.734726 0.856798)
(0.0491369 0.0491054 0.999223)
(-0.373851 0.0334798 0.317306)
(0.373983 0.0337307 0.317374)
(-0.0491436 0.0490735 0.999258)
(-0.399891 0.734714 0.8568)
(-0.00968538 0.444956 -0.681427)
(-0.362691 0.332854 -0.116358)
(0.0510494 -0.641917 -0.283743)
(-0.757094 -1.19178 -0.58285)
(-1.18653 -0.054082 0.887312)
(0.0334547 -0.373756 0.317254)
(-0.343435 -0.343223 -0.763265)
(0.343601 -0.343052 -0.763255)
(-0.0336695 -0.373733 0.317144)
(1.18654 -0.0540958 0.887348)
(0.757038 -1.1918 -0.58286)
(-0.051021 -0.64192 -0.283729)
(0.0509815 0.641918 -0.283808)
(-0.756805 1.19182 -0.582936)
(-1.1862 0.0539403 0.887508)
(0.0340113 0.373986 0.317326)
(-0.343087 0.343602 -0.763249)
(0.343249 0.343427 -0.763284)
(-0.0342075 0.37393 0.317187)
(1.18623 0.053951 0.887541)
(0.756777 1.19183 -0.582925)
(-0.050963 0.641921 -0.283788)
(0.362651 -0.33284 -0.11635)
(0.00972869 -0.445102 -0.6814)
(0.399847 -0.73478 0.856823)
(0.0490055 -0.0491163 0.999292)
(-0.373818 -0.0339767 0.317022)
(0.373918 -0.0342091 0.317065)
(-0.0489837 -0.049055 0.99931)
(-0.39987 -0.734768 0.856829)
(-0.0097589 -0.445114 -0.681402)
(-0.362632 -0.332847 -0.116331)
(-1.16238 0.250001 -0.0404411)
(1.18625 1.86645 -0.808682)
(0.162762 -0.162859 0.935352)
(0.734722 -0.399885 0.856811)
(-0.0541203 1.18653 0.88738)
(0.0540218 1.18634 0.887476)
(-0.734756 -0.399875 0.856825)
(-0.162808 -0.162826 0.935351)
(-1.18626 1.86647 -0.808671)
(1.16238 0.249998 -0.040441)
(-1.61187 -0.519047 -0.319305)
(1.62951 -1.62949 -0.891309)
(-1.86644 -1.18623 -0.808699)
(0.444954 -0.00969766 -0.681413)
(-1.19183 0.75699 -0.582843)
(1.19185 0.756836 -0.582891)
(-0.445075 -0.00974181 -0.681402)
(1.86647 -1.18625 -0.808685)
(-1.6295 -1.6295 -0.891313)
(1.61187 -0.519048 -0.319306)
(-0.455604 0.455601 -0.370908)
(0.51905 1.61185 -0.319309)
(-0.249999 1.16235 -0.0404394)
(0.332854 -0.362694 -0.11634)
(-0.641929 -0.0510297 -0.283735)
(0.641926 -0.0509995 -0.283772)
(-0.332852 -0.362653 -0.116327)
(0.249999 1.16237 -0.0404413)
(-0.519048 1.61187 -0.319307)
(0.455604 0.455604 -0.370905)
(-0.42629 -0.426291 -0.457282)
(0.522571 -1.5883 -0.241298)
(-0.382933 -0.763825 0.229441)
(0.126539 0.0915777 0.153509)
(-0.682277 -0.417695 0.141721)
(0.682265 -0.417711 0.14164)
(-0.126548 0.0915321 0.153506)
(0.382938 -0.763861 0.229445)
(-0.522573 -1.58831 -0.241294)
(0.42629 -0.426292 -0.457279)
(-1.5883 0.522571 -0.2413)
(1.58292 1.58292 -0.723987)
(-1.87556 0.76684 -0.663642)
(0.471814 -0.0881851 -0.562819)
(-1.38687 -0.761785 -0.28605)
(1.38689 -0.761728 -0.286095)
(-0.471903 -0.0881263 -0.562856)
(1.87558 0.76686 -0.663685)
(-1.58292 1.58293 -0.723979)
(1.5883 0.522573 -0.241301)
(-0.763828 -0.382923 0.229434)
(0.766862 -1.87555 -0.663625)
(-0.158236 -0.158264 0.896755)
(0.549316 -0.214535 1.05903)
(-0.483155 -1.39143 0.756497)
(0.483121 -1.39147 0.75657)
(-0.549376 -0.214511 1.05904)
(0.15818 -0.158318 0.896744)
(-0.766899 -1.87556 -0.663647)
(0.763843 -0.382919 0.229426)
(0.0915807 0.126538 0.15352)
(-0.0881661 0.471775 -0.562841)
(-0.214536 0.549306 1.05901)
(-0.408096 -0.408069 1.3322)
(-0.522778 0.353306 -0.173787)
(0.522812 0.353565 -0.173716)
(0.408105 -0.407989 1.33229)
(0.214496 0.54932 1.05903)
(0.0880928 0.471806 -0.562888)
(-0.0916085 0.126549 0.153513)
(-0.417688 -0.682288 0.141753)
(-0.761799 -1.38686 -0.286057)
(-1.39139 -0.483129 0.756483)
(0.353254 -0.52272 -0.173779)
(-0.432831 -0.432652 -0.775002)
(0.432968 -0.432529 -0.774842)
(-0.353399 -0.522724 -0.173813)
(1.39136 -0.483128 0.75647)
(0.761757 -1.38685 -0.28605)
(0.417678 -0.682286 0.141748)
(-0.417718 0.682273 0.141624)
(-0.761711 1.38689 -0.286114)
(-1.39144 0.483105 0.756594)
(0.353793 0.522834 -0.173712)
(-0.432639 0.433046 -0.774646)
(0.432792 0.432937 -0.774523)
(-0.353907 0.522833 -0.173789)
(1.3914 0.4831 0.75657)
(0.761681 1.38689 -0.286091)
(0.417703 0.682276 0.141636)
(0.0915043 -0.126544 0.153515)
(-0.0880629 -0.471895 -0.562879)
(-0.214501 -0.549401 1.05907)
(-0.407979 0.408055 1.33232)
(-0.522668 -0.353564 -0.173941)
(0.522698 -0.353796 -0.173906)
(0.408003 0.40799 1.33236)
(0.214472 -0.549416 1.05908)
(0.0880053 -0.471909 -0.562912)
(-0.0915146 -0.126557 0.153509)
(-0.763879 0.382927 0.229443)
(0.766888 1.87559 -0.663684)
(-0.158308 0.158187 0.896744)
(0.549336 0.214475 1.05905)
(-0.483151 1.39133 0.756397)
(0.48311 1.39135 0.756462)
(-0.549399 0.21446 1.05907)
(0.158256 0.158248 0.896736)
(-0.766923 1.87561 -0.6637)
(0.763895 0.382917 0.229434)
(-1.58832 -0.522575 -0.241296)
(1.58293 -1.58292 -0.72397)
(-1.87558 -0.766906 -0.663663)
(0.471809 0.0880591 -0.562879)
(-1.38689 0.76171 -0.28603)
(1.3869 0.761661 -0.286059)
(-0.471894 0.0880082 -0.562906)
(1.87561 -0.766924 -0.663703)
(-1.58293 -1.58293 -0.723953)
(1.58832 -0.522577 -0.241297)
(-0.426293 0.426291 -0.457278)
(0.522574 1.58831 -0.2413)
(-0.382922 0.763851 0.229428)
(0.126553 -0.0916122 0.15351)
(-0.682283 0.417682 0.141736)
(0.682276 0.417693 0.141668)
(-0.126565 -0.0915476 0.153509)
(0.382919 0.763889 0.229431)
(-0.522576 1.58832 -0.241298)
(0.426294 0.426293 -0.457274)
(-0.530352 -0.530355 -0.510811)
(0.39848 -1.53816 -0.320566)
(-0.371682 -0.479866 0.175168)
(-0.0245425 -0.201127 0.0937116)
(-0.631364 -0.478761 0.0222653)
(0.631373 -0.478738 0.0221984)
(0.0245392 -0.201139 0.0937158)
(0.371676 -0.479905 0.175178)
(-0.398485 -1.53818 -0.320561)
(0.530352 -0.530355 -0.51081)
(-1.53817 0.398483 -0.320572)
(1.52281 1.52281 -0.511369)
(-1.81822 0.712396 -0.540085)
(0.49937 0.227302 -0.586707)
(-1.24038 -0.380499 -0.420119)
(1.24043 -0.38063 -0.420102)
(-0.499406 0.22734 -0.586743)
(1.81821 0.712438 -0.540118)
(-1.52282 1.52283 -0.511363)
(1.53818 0.398484 -0.320575)
(-0.479869 -0.371671 0.175155)
(0.712412 -1.81819 -0.540075)
(-0.386205 -0.386237 0.957158)
(0.363946 -0.674577 1.27163)
(-0.777741 -1.01676 0.335655)
(0.777723 -1.01683 0.335672)
(-0.364022 -0.674549 1.27165)
(0.38619 -0.386289 0.957139)
(-0.712443 -1.81818 -0.540104)
(0.479884 -0.371661 0.175135)
(-0.201135 -0.0245544 0.0937122)
(0.227343 0.499358 -0.58673)
(-0.674581 0.36395 1.27162)
(-0.414045 -0.413981 1.26417)
(-0.403295 0.400605 -0.622772)
(0.403177 0.400689 -0.622785)
(0.414063 -0.413871 1.26425)
(0.674553 0.363994 1.27165)
(-0.227384 0.499386 -0.586766)
(0.201127 -0.0245549 0.093694)
(-0.478767 -0.631364 0.0222898)
(-0.380485 -1.24032 -0.420143)
(-1.01672 -0.777739 0.335649)
(0.400607 -0.40338 -0.622707)
(-0.473875 -0.473839 -0.815428)
(0.473954 -0.473888 -0.8151)
(-0.400664 -0.403439 -0.622697)
(1.01671 -0.777758 0.335625)
(0.380501 -1.24033 -0.420136)
(0.478764 -0.631358 0.0222811)
(-0.478738 0.631381 0.022187)
(-0.380681 1.24042 -0.420116)
(-1.01683 0.777746 0.335662)
(0.400789 0.403201 -0.622727)
(-0.474046 0.474081 -0.814738)
(0.474145 0.474149 -0.814476)
(-0.400839 0.403293 -0.622729)
(1.01681 0.777777 0.335639)
(0.380674 1.24042 -0.420104)
(0.478739 0.631377 0.0221927)
(-0.201162 0.0245531 0.0937232)
(0.227417 -0.499392 -0.586776)
(-0.674514 -0.364063 1.27168)
(-0.413793 0.414016 1.26429)
(-0.403383 -0.400697 -0.622697)
(0.403295 -0.400779 -0.622722)
(0.413805 0.413897 1.26433)
(0.674494 -0.364116 1.2717)
(-0.227454 -0.499396 -0.586811)
(0.201169 0.0245557 0.0937176)
(-0.479923 0.37166 0.175175)
(0.712473 1.81818 -0.540118)
(-0.38627 0.386211 0.957135)
(0.364034 0.674508 1.27167)
(-0.777734 1.01668 0.335581)
(0.777727 1.01674 0.335602)
(-0.364121 0.674485 1.27169)
(0.386258 0.386266 0.957111)
(-0.712502 1.81817 -0.540144)
(0.479944 0.371644 0.175156)
(-1.53819 -0.39849 -0.320566)
(1.52283 -1.52283 -0.511359)
(-1.81818 -0.712451 -0.540114)
(0.49937 -0.227406 -0.586756)
(-1.24037 0.380471 -0.420138)
(1.24042 0.380578 -0.420115)
(-0.499392 -0.227451 -0.586798)
(1.81818 -0.712495 -0.540148)
(-1.52284 -1.52284 -0.511346)
(1.5382 -0.398494 -0.320572)
(-0.530354 0.530354 -0.510809)
(0.398483 1.53818 -0.320574)
(-0.371661 0.479892 0.175136)
(-0.0245505 0.201125 0.0936905)
(-0.631363 0.478758 0.0222562)
(0.631373 0.478739 0.022201)
(0.0245489 0.201154 0.0937066)
(0.371646 0.479937 0.175147)
(-0.398491 1.5382 -0.320573)
(0.530355 0.530355 -0.510808)
(-0.616608 -0.61661 -0.322165)
(0.357083 -1.62216 -0.332497)
(-0.376613 -0.310924 0.227561)
(-0.0917713 -0.333053 0.237168)
(-0.625972 -0.563304 0.143207)
(0.62596 -0.563296 0.143192)
(0.0917813 -0.333046 0.237163)
(0.37662 -0.310946 0.227563)
(-0.357079 -1.62217 -0.332494)
(0.616607 -0.616611 -0.322165)
(-1.62217 0.357094 -0.332504)
(1.63541 1.63541 -0.247398)
(-1.48099 0.785845 -0.252053)
(0.518513 0.280187 -0.510639)
(-0.864666 -0.36977 -0.388576)
(0.864747 -0.369916 -0.388521)
(-0.518472 0.280196 -0.510657)
(1.48096 0.785884 -0.25209)
(-1.63542 1.63542 -0.247412)
(1.62218 0.357098 -0.33251)
(-0.310933 -0.376598 0.227553)
(0.785874 -1.48091 -0.252048)
(-0.51167 -0.511724 1.15656)
(0.360103 -0.960962 1.4834)
(-0.4663 -0.662224 0.0356916)
(0.466395 -0.662276 0.0356652)
(-0.360126 -0.960941 1.48339)
(0.511672 -0.511759 1.15653)
(-0.785909 -1.48085 -0.252083)
(0.310956 -0.376592 0.227535)
(-0.333073 -0.0917845 0.237164)
(0.280247 0.518537 -0.510681)
(-0.960975 0.360153 1.48342)
(-0.0828377 -0.0827551 1.11003)
(-0.291896 0.399385 -0.825398)
(0.291748 0.399332 -0.825432)
(0.0828778 -0.0826297 1.11013)
(0.960973 0.360236 1.48344)
(-0.280236 0.518533 -0.510716)
(0.333075 -0.0917998 0.237134)
(-0.56331 -0.625979 0.143218)
(-0.369744 -0.864597 -0.388603)
(-0.662227 -0.466234 0.0356899)
(0.399431 -0.292007 -0.825332)
(-0.486864 -0.487015 -0.86114)
(0.486868 -0.487233 -0.86088)
(-0.399418 -0.292048 -0.825318)
(0.662276 -0.466218 0.0356449)
(0.369799 -0.864594 -0.388582)
(0.563305 -0.625968 0.14322)
(-0.563301 0.625963 0.143194)
(-0.369969 0.864728 -0.388517)
(-0.662316 0.466386 0.0356348)
(0.399341 0.291731 -0.825369)
(-0.487366 0.487008 -0.860586)
(0.487393 0.487251 -0.860369)
(-0.39935 0.291805 -0.825351)
(0.66236 0.466376 0.035609)
(0.369989 0.864712 -0.388505)
(0.563297 0.625959 0.1432)
(-0.333059 0.0917995 0.237155)
(0.280258 -0.518446 -0.510699)
(-0.960905 -0.360181 1.48342)
(-0.0825641 0.0828288 1.1102)
(-0.292003 -0.399372 -0.825306)
(0.291884 -0.399345 -0.825336)
(0.0825984 0.0826945 1.11026)
(0.960907 -0.360281 1.48344)
(-0.280255 -0.518415 -0.510734)
(0.333065 0.0918181 0.237138)
(-0.310959 0.376611 0.22756)
(0.785928 1.48087 -0.252093)
(-0.511717 0.511703 1.15652)
(0.360271 0.960924 1.48345)
(-0.466238 0.662295 0.0356109)
(0.466332 0.662344 0.0356053)
(-0.360313 0.960907 1.48344)
(0.51172 0.511737 1.15648)
(-0.785969 1.48079 -0.252108)
(0.310983 0.376599 0.227547)
(-1.62218 -0.357087 -0.332501)
(1.63542 -1.63542 -0.247417)
(-1.48087 -0.785908 -0.252081)
(0.518491 -0.280221 -0.5107)
(-0.864627 0.36983 -0.388582)
(0.864693 0.36995 -0.388531)
(-0.51842 -0.280242 -0.510724)
(1.48081 -0.785958 -0.252105)
(-1.63543 -1.63543 -0.247413)
(1.62219 -0.357093 -0.332512)
(-0.616611 0.616608 -0.322165)
(0.357092 1.62217 -0.332511)
(-0.376598 0.310959 0.227534)
(-0.0918023 0.333062 0.237121)
(-0.625962 0.563295 0.143197)
(0.625956 0.563287 0.143185)
(0.0918152 0.333059 0.237126)
(0.376599 0.310982 0.227539)
(-0.357092 1.62218 -0.332515)
(0.616611 0.61661 -0.322166)
(-0.668233 -0.668234 -0.241772)
(0.564463 -1.67746 -0.426459)
(-0.23078 -0.436388 0.144363)
(-0.0138392 -0.308216 0.287402)
(-0.631424 -0.571143 0.129927)
(0.631408 -0.571147 0.129916)
(0.0138619 -0.308205 0.287387)
(0.230811 -0.436356 0.144364)
(-0.564461 -1.67749 -0.426451)
(0.668232 -0.668235 -0.24177)
(-1.67745 0.564467 -0.426471)
(1.45337 1.45343 -0.705582)
(-0.858816 1.02453 0.101347)
(0.210702 0.298234 -0.404562)
(-0.614022 -0.335175 -0.459182)
(0.61404 -0.335275 -0.459115)
(-0.210654 0.298194 -0.404546)
(0.858866 1.02454 0.101332)
(-1.45335 1.45352 -0.705618)
(1.67746 0.564468 -0.42648)
(-0.436436 -0.230749 0.144357)
(1.02456 -0.858675 0.101321)
(-0.464433 -0.464504 1.29216)
(0.478335 -1.03688 1.44277)
(-0.0777798 -0.648151 -0.144251)
(0.0778133 -0.648245 -0.144247)
(-0.478318 -1.03694 1.44276)
(0.464428 -0.464522 1.29213)
(-1.02459 -0.858574 0.101283)
(0.436476 -0.230738 0.144344)
(-0.308234 -0.0138326 0.287396)
(0.298289 0.210717 -0.404595)
(-1.03688 0.478394 1.44278)
(0.380579 0.380641 0.711344)
(-0.211703 0.398899 -0.867007)
(0.211617 0.398806 -0.867021)
(-0.380539 0.380687 0.711397)
(1.03693 0.478464 1.4428)
(-0.298253 0.210714 -0.4046)
(0.308226 -0.0138312 0.287373)
(-0.571146 -0.631424 0.129936)
(-0.335128 -0.614002 -0.459188)
(-0.648137 -0.0777373 -0.144232)
(0.398942 -0.211788 -0.86697)
(-0.413187 -0.413363 -0.903831)
(0.413186 -0.413614 -0.9037)
(-0.39888 -0.211797 -0.866948)
(0.648169 -0.0776923 -0.144229)
(0.335155 -0.613984 -0.459147)
(0.571139 -0.631412 0.129945)
(-0.571153 0.631402 0.129919)
(-0.335276 0.614031 -0.459093)
(-0.648298 0.0777841 -0.144229)
(0.398767 0.211597 -0.86695)
(-0.413675 0.413206 -0.903545)
(0.413671 0.413457 -0.903412)
(-0.398736 0.211614 -0.866913)
(0.648325 0.0777309 -0.1442)
(0.335279 0.614005 -0.45907)
(0.571145 0.631397 0.129929)
(-0.308212 0.0138684 0.287378)
(0.298205 -0.210624 -0.404571)
(-1.03696 -0.478359 1.44278)
(0.380707 -0.380582 0.711444)
(-0.211742 -0.398808 -0.866913)
(0.211659 -0.398746 -0.866915)
(-0.380678 -0.38064 0.71148)
(1.03699 -0.478445 1.4428)
(-0.298187 -0.2106 -0.404579)
(0.308209 0.0138721 0.287375)
(-0.436379 0.230795 0.14436)
(1.02457 0.858784 0.101313)
(-0.46446 0.46446 1.29211)
(0.478473 1.03694 1.4428)
(-0.0776928 0.648207 -0.144231)
(0.0777141 0.648294 -0.144207)
(-0.478472 1.03698 1.4428)
(0.46444 0.46446 1.29206)
(-1.02461 0.858663 0.101287)
(0.43643 0.230767 0.144351)
(-1.67748 -0.564463 -0.426459)
(1.45349 -1.45336 -0.705644)
(-0.858619 -1.02458 0.101298)
(0.210707 -0.298218 -0.404591)
(-0.613967 0.335221 -0.459146)
(0.613976 0.335307 -0.459094)
(-0.21063 -0.298191 -0.40458)
(0.858638 -1.02461 0.10129)
(-1.45342 -1.45338 -0.705694)
(1.67747 -0.564465 -0.426473)
(-0.668235 0.668233 -0.24177)
(0.564467 1.67746 -0.426478)
(-0.230751 0.43646 0.144344)
(-0.013843 0.308209 0.28736)
(-0.631412 0.571131 0.129926)
(0.631402 0.571133 0.129916)
(0.0138698 0.308202 0.287362)
(0.23076 0.436445 0.144347)
(-0.564466 1.67746 -0.426478)
(0.668236 0.668235 -0.24177)
(-0.717082 -0.717083 -0.234477)
(0.636789 -1.31399 -0.432857)
(0.199059 -0.878642 0.129392)
(0.195549 -0.2182 0.452026)
(-0.551562 -0.518777 0.226554)
(0.551537 -0.518782 0.226568)
(-0.195552 -0.218178 0.452016)
(-0.19904 -0.878643 0.129389)
(-0.636787 -1.31404 -0.432865)
(0.717081 -0.717084 -0.234476)
(-1.31396 0.636795 -0.432858)
(0.0655926 0.0657286 -0.809311)
(-1.30591 1.05388 0.334748)
(0.01825 0.148674 -0.252824)
(-0.644687 -0.268249 -0.525433)
(0.644651 -0.268347 -0.525355)
(-0.0182257 0.148604 -0.25281)
(1.30601 1.05388 0.334749)
(-0.0655181 0.0658689 -0.809364)
(1.31398 0.636802 -0.432859)
(-0.878665 0.199092 0.129389)
(1.0539 -1.30583 0.334718)
(-0.60862 -0.608716 1.55291)
(0.620063 -1.00414 1.26124)
(0.0283869 -0.643431 -0.205605)
(-0.0285096 -0.643494 -0.205613)
(-0.620033 -1.00419 1.26122)
(0.608597 -0.608757 1.55286)
(-1.05393 -1.3058 0.334699)
(0.878712 0.19912 0.12938)
(-0.218226 0.195556 0.45202)
(0.148721 0.0182346 -0.252826)
(-1.00415 0.620115 1.26126)
(0.614183 0.614186 0.266792)
(-0.234795 0.381423 -0.847188)
(0.234801 0.38139 -0.847187)
(-0.614124 0.61406 0.266774)
(1.0042 0.620153 1.26126)
(-0.148687 0.0181878 -0.252796)
(0.21823 0.195568 0.452005)
(-0.51878 -0.551558 0.226552)
(-0.268169 -0.644707 -0.525449)
(-0.64343 0.0283523 -0.205556)
(0.381438 -0.234865 -0.847182)
(-0.322488 -0.322561 -0.889728)
(0.322542 -0.322701 -0.88969)
(-0.381391 -0.234905 -0.847179)
(0.64343 0.0284028 -0.205519)
(0.268188 -0.644683 -0.525399)
(0.518768 -0.55154 0.226569)
(-0.518788 0.551523 0.226572)
(-0.268314 0.644642 -0.525333)
(-0.643537 -0.0285504 -0.205576)
(0.381368 0.234822 -0.847142)
(-0.322748 0.322574 -0.889652)
(0.322786 0.322701 -0.88962)
(-0.381337 0.234843 -0.847124)
(0.643536 -0.0286011 -0.205517)
(0.268318 0.644618 -0.525304)
(0.518775 0.551511 0.226582)
(-0.218184 -0.195559 0.45201)
(0.14859 -0.0181946 -0.25281)
(-1.00421 -0.620054 1.26123)
(0.614019 -0.614084 0.266781)
(-0.234885 -0.381344 -0.847171)
(0.234867 -0.381325 -0.847157)
(-0.613997 -0.613993 0.266762)
(1.00424 -0.620093 1.26123)
(-0.14856 -0.0181456 -0.252786)
(0.21819 -0.195566 0.452011)
(-0.878652 -0.199055 0.129387)
(1.05389 1.30599 0.334726)
(-0.60869 0.608638 1.55282)
(0.620136 1.00421 1.26126)
(0.0284693 0.643445 -0.205537)
(-0.0285865 0.643506 -0.205529)
(-0.620107 1.00424 1.26125)
(0.608646 0.608647 1.55276)
(-1.05392 1.30593 0.3347)
(0.878679 -0.199083 0.129381)
(-1.31403 -0.636789 -0.432869)
(0.0658135 -0.0655502 -0.809381)
(-1.30582 -1.05392 0.334711)
(0.0182055 -0.148626 -0.252788)
(-0.644629 0.26832 -0.525368)
(0.644597 0.268407 -0.525311)
(-0.0181694 -0.148558 -0.252781)
(1.30589 -1.05393 0.334704)
(-0.0656912 -0.0656206 -0.809417)
(1.314 -0.636793 -0.432871)
(-0.717084 0.717082 -0.234476)
(0.636799 1.31398 -0.432859)
(0.199105 0.878699 0.129381)
(0.195551 0.218205 0.451997)
(-0.551537 0.518759 0.226567)
(0.551518 0.51876 0.226577)
(-0.195552 0.218185 0.452003)
(-0.199094 0.878685 0.129381)
(-0.636796 1.31399 -0.432868)
(0.717084 0.717083 -0.234476)
(-0.761378 -0.761379 -0.179065)
(0.63116 -0.922811 -0.328948)
(0.16726 -0.845723 0.217694)
(0.22776 -0.188132 0.667255)
(-0.439491 -0.431509 0.323015)
(0.439476 -0.431511 0.323035)
(-0.227761 -0.188123 0.667239)
(-0.16725 -0.845732 0.217681)
(-0.631161 -0.922824 -0.328981)
(0.76138 -0.761379 -0.179065)
(-0.922804 0.631163 -0.328925)
(-0.255055 -0.255032 -0.512603)
(-1.3118 0.981361 0.0723582)
(0.0490189 0.14963 -0.266266)
(-0.675958 -0.137356 -0.637169)
(0.675918 -0.137375 -0.637112)
(-0.0490018 0.149513 -0.266271)
(1.31188 0.981348 0.0723363)
(0.255064 -0.255045 -0.512622)
(0.922813 0.63117 -0.328913)
(-0.845724 0.167278 0.217696)
(0.981373 -1.31177 0.0723547)
(-0.805189 -0.805275 1.69098)
(0.806535 -0.866595 0.910642)
(-0.0120215 -0.59577 -0.187315)
(0.0121378 -0.595721 -0.187453)
(-0.806473 -0.866604 0.910625)
(0.805143 -0.805324 1.69096)
(-0.98139 -1.31179 0.0723831)
(0.845751 0.167295 0.217697)
(-0.188154 0.227757 0.667251)
(0.149687 0.0489843 -0.26627)
(-0.866601 0.806545 0.910647)
(0.598092 0.598107 -0.0514603)
(-0.262593 0.33733 -0.834663)
(0.262632 0.337294 -0.834653)
(-0.59802 0.59805 -0.0514578)
(0.866618 0.806532 0.910629)
(-0.149648 0.0489209 -0.266245)
(0.188169 0.22775 0.667241)
(-0.431514 -0.439482 0.323001)
(-0.137324 -0.675969 -0.637183)
(-0.595797 -0.0120268 -0.18722)
(0.337348 -0.26265 -0.83467)
(-0.257578 -0.257597 -0.856669)
(0.257632 -0.257662 -0.856622)
(-0.337323 -0.262687 -0.83467)
(0.595787 -0.0120408 -0.187168)
(0.137338 -0.67596 -0.63715)
(0.431504 -0.439467 0.323024)
(-0.431518 0.43946 0.323028)
(-0.137341 0.675902 -0.637103)
(-0.59574 0.0121633 -0.187425)
(0.337276 0.262666 -0.834635)
(-0.257688 0.257654 -0.856582)
(0.257727 0.257706 -0.856539)
(-0.337261 0.262673 -0.834626)
(0.595738 0.0121313 -0.187345)
(0.137364 0.675888 -0.637087)
(0.431505 0.439445 0.323044)
(-0.188129 -0.227763 0.667239)
(0.149497 -0.0489713 -0.266277)
(-0.866627 -0.806446 0.91062)
(0.598014 -0.59798 -0.0514469)
(-0.26267 -0.337283 -0.834661)
(0.262671 -0.337255 -0.834643)
(-0.597976 -0.597947 -0.0514543)
(0.866636 -0.806427 0.910612)
(-0.149472 -0.0489176 -0.266255)
(0.18813 -0.227755 0.667256)
(-0.845732 -0.167254 0.217675)
(0.981346 1.31189 0.072312)
(-0.805277 0.805169 1.69093)
(0.806515 0.866627 0.910636)
(-0.0120308 0.595766 -0.187236)
(0.012108 0.595729 -0.18735)
(-0.806456 0.866624 0.910626)
(0.805216 0.805186 1.69088)
(-0.98136 1.31189 0.0723134)
(0.84574 -0.16726 0.217671)
(-0.922822 -0.631163 -0.328976)
(-0.255063 0.255053 -0.512641)
(-1.31181 -0.981387 0.0723842)
(0.0489391 -0.149565 -0.266237)
(-0.675933 0.137422 -0.637112)
(0.675893 0.137453 -0.637072)
(-0.0489241 -0.149463 -0.266244)
(1.31186 -0.981372 0.0723399)
(0.255067 0.255065 -0.512676)
(0.922817 -0.631167 -0.328957)
(-0.76138 0.76138 -0.179064)
(0.631169 0.922815 -0.328916)
(0.167288 0.845749 0.217699)
(0.227742 0.188154 0.667231)
(-0.43947 0.431494 0.323048)
(0.439456 0.43149 0.323063)
(-0.227741 0.188133 0.667244)
(-0.167272 0.845742 0.21768)
(-0.63117 0.922813 -0.32894)
(0.761382 0.761381 -0.179064)
(-0.805354 -0.805353 -0.124116)
(0.649314 -0.909358 -0.259379)
(-0.0333108 -0.768601 0.23357)
(0.214943 -0.205541 0.795311)
(-0.334306 -0.230311 0.389725)
(0.334319 -0.230321 0.389748)
(-0.214944 -0.205559 0.795326)
(0.0333533 -0.768605 0.233589)
(-0.649315 -0.909367 -0.259374)
(0.805355 -0.805354 -0.124117)
(-0.909352 0.649313 -0.259378)
(-0.191446 -0.191435 -0.387454)
(-1.10686 0.845326 0.101193)
(-0.0140707 0.294984 -0.234654)
(-0.719557 0.00631083 -0.750436)
(0.719545 0.00644605 -0.750416)
(0.0140624 0.294937 -0.23468)
(1.10692 0.845291 0.101203)
(0.191434 -0.191445 -0.38747)
(0.90936 0.649318 -0.259377)
(-0.7686 -0.0332889 0.23356)
(0.845345 -1.10685 0.101168)
(-0.996325 -0.996376 1.6849)
(0.854185 -0.631739 0.592165)
(-0.182147 -0.506907 -0.101507)
(0.18231 -0.506879 -0.101507)
(-0.854128 -0.631797 0.59219)
(0.996232 -0.996409 1.68491)
(-0.84539 -1.10686 0.101143)
(0.768621 -0.033266 0.23356)
(-0.205553 0.214936 0.795299)
(0.295 -0.0140984 -0.234655)
(-0.631748 0.854174 0.592163)
(0.478369 0.478377 -0.299802)
(-0.259329 0.280749 -0.851752)
(0.259408 0.280689 -0.851723)
(-0.478277 0.478326 -0.299777)
(0.631747 0.854137 0.592147)
(-0.294969 -0.014142 -0.234644)
(0.20557 0.214923 0.795309)
(-0.230299 -0.334294 0.389712)
(0.00625793 -0.719545 -0.750441)
(-0.506918 -0.182163 -0.101463)
(0.280771 -0.259336 -0.85177)
(-0.216188 -0.216204 -0.824293)
(0.216215 -0.216253 -0.824273)
(-0.280753 -0.259414 -0.851769)
(0.506893 -0.182253 -0.10142)
(-0.00624324 -0.719531 -0.750415)
(0.230288 -0.334283 0.389737)
(-0.230307 0.334304 0.389746)
(0.00646115 0.719519 -0.750411)
(-0.50688 0.182368 -0.10147)
(0.280665 0.259427 -0.85172)
(-0.21627 0.216229 -0.824272)
(0.216287 0.216267 -0.824262)
(-0.280657 0.259456 -0.85172)
(0.506857 0.1824 -0.101431)
(-0.00641506 0.7195 -0.750397)
(0.230285 0.334279 0.389767)
(-0.205566 -0.214947 0.795323)
(0.294927 0.0140805 -0.234692)
(-0.631835 -0.854095 0.592189)
(0.478285 -0.478231 -0.299768)
(-0.259418 -0.280709 -0.851759)
(0.259441 -0.280658 -0.85173)
(-0.478236 -0.478209 -0.299774)
(0.631824 -0.854063 0.59217)
(-0.2949 0.0141252 -0.234678)
(0.205554 -0.214939 0.795331)
(-0.768603 0.0333702 0.233588)
(0.845282 1.10693 0.101185)
(-0.996392 0.996222 1.68489)
(0.854124 0.631741 0.592152)
(-0.182235 0.506886 -0.101451)
(0.18235 0.506863 -0.101456)
(-0.854079 0.631776 0.592171)
(0.996308 0.996241 1.68487)
(-0.845307 1.10693 0.101157)
(0.768607 0.0333801 0.233583)
(-0.909364 -0.649313 -0.259371)
(-0.191446 0.191425 -0.387476)
(-1.10687 -0.845391 0.101142)
(-0.0141347 -0.294938 -0.23464)
(-0.719542 -0.00626605 -0.75039)
(0.719528 -0.00636836 -0.75038)
(0.0141342 -0.294897 -0.234664)
(1.10691 -0.845344 0.101143)
(0.191427 0.191427 -0.387485)
(0.909357 -0.649318 -0.259374)
(-0.805355 0.805356 -0.124117)
(0.649322 0.909362 -0.259379)
(-0.0332676 0.768622 0.233567)
(0.21492 0.20557 0.795325)
(-0.334294 0.230307 0.389767)
(0.334293 0.230304 0.389789)
(-0.214926 0.20556 0.79534)
(0.0333419 0.768612 0.233581)
(-0.649324 0.909355 -0.259378)
(0.805357 0.805357 -0.124118)
(-0.814184 -0.814183 -0.0368601)
(0.762213 -0.809123 -0.167822)
(-0.266761 -0.716227 0.349054)
(0.226074 -0.154396 0.774105)
(-0.341406 0.427307 0.383364)
(0.341425 0.427319 0.383341)
(-0.226096 -0.15441 0.774117)
(0.266793 -0.716222 0.349062)
(-0.762206 -0.809121 -0.167824)
(0.814185 -0.814183 -0.036861)
(-0.809122 0.762214 -0.167816)
(-0.142872 -0.142866 -0.195837)
(-0.930513 0.721171 0.147709)
(-0.0930154 0.380861 -0.230682)
(-0.740905 0.076993 -0.777383)
(0.740859 0.0770923 -0.777358)
(0.0930055 0.380845 -0.230694)
(0.930549 0.721159 0.147714)
(0.142885 -0.142861 -0.195833)
(0.809125 0.762224 -0.167821)
(-0.716226 -0.266748 0.349049)
(0.72117 -0.930521 0.147703)
(-1.03096 -1.03094 1.62587)
(0.751721 -0.146236 0.387545)
(-0.540523 -0.315405 -0.0334865)
(0.540554 -0.315396 -0.0334501)
(-0.751733 -0.146411 0.387649)
(1.03092 -1.03097 1.62591)
(-0.721197 -0.930538 0.14769)
(0.716234 -0.266731 0.349047)
(-0.154397 0.226059 0.7741)
(0.380854 -0.0930424 -0.230691)
(-0.146267 0.751721 0.387555)
(0.332052 0.332044 -0.354486)
(-0.122868 0.228736 -0.854411)
(0.122932 0.228692 -0.854371)
(-0.331959 0.331967 -0.354462)
(0.14629 0.751692 0.387589)
(-0.380813 -0.0930892 -0.23069)
(0.154394 0.226047 0.774119)
(0.427351 -0.341422 0.383366)
(0.0769414 -0.740905 -0.77738)
(-0.315376 -0.540563 -0.0334661)
(0.228754 -0.122878 -0.854435)
(-0.184703 -0.184711 -0.800888)
(0.184709 -0.184735 -0.800885)
(-0.228744 -0.122964 -0.854444)
(0.31533 -0.540696 -0.0334373)
(-0.0769453 -0.740902 -0.777358)
(-0.42738 -0.341431 0.383396)
(0.427399 0.341436 0.383324)
(0.0770839 0.740827 -0.777337)
(-0.315362 0.540602 -0.0334136)
(0.228679 0.122955 -0.854374)
(-0.184748 0.184724 -0.8009)
(0.184752 0.184746 -0.800904)
(-0.228676 0.123001 -0.85439)
(0.315308 0.540715 -0.033403)
(-0.0770669 0.740823 -0.77732)
(-0.427462 0.341423 0.38335)
(-0.154411 -0.226101 0.774113)
(0.38083 0.0930236 -0.230705)
(-0.146488 -0.751737 0.387691)
(0.33193 -0.331909 -0.354462)
(-0.122963 -0.228711 -0.854441)
(0.122986 -0.228675 -0.854407)
(-0.331874 -0.331857 -0.354471)
(0.146462 -0.751705 0.387692)
(-0.380792 0.0930665 -0.2307)
(0.154393 -0.226089 0.774118)
(-0.71622 0.266808 0.349059)
(0.72115 0.930568 0.147704)
(-1.03099 1.0309 1.6259)
(0.751675 0.146267 0.38759)
(-0.540641 0.315358 -0.0334512)
(0.540662 0.315349 -0.0334307)
(-0.751688 0.146387 0.387659)
(1.03097 1.03093 1.62588)
(-0.721167 0.930575 0.147686)
(0.716222 0.266816 0.349051)
(-0.80912 -0.762201 -0.167815)
(-0.142849 0.142892 -0.19584)
(-0.930528 -0.721205 0.147682)
(-0.0930736 -0.380809 -0.230681)
(-0.740905 -0.0769894 -0.777353)
(0.740859 -0.077067 -0.777331)
(0.0930637 -0.380791 -0.23069)
(0.930551 -0.721188 0.147674)
(0.142854 0.14288 -0.195848)
(0.809114 -0.762208 -0.16781)
(-0.814184 0.814184 -0.0368611)
(0.76223 0.809124 -0.167825)
(-0.266731 0.716236 0.349052)
(0.226054 0.1544 0.774134)
(-0.341409 -0.427306 0.383417)
(0.341409 -0.427348 0.383392)
(-0.226076 0.154397 0.774135)
(0.266786 0.716227 0.349053)
(-0.762221 0.809114 -0.167815)
(0.814186 0.814186 -0.0368618)
(-0.780194 -0.780193 -0.0797075)
(0.786577 -0.722675 -0.0464915)
(-0.40373 -0.675187 0.472949)
(0.267312 0.0503492 0.710009)
(-0.611881 0.819904 0.0427745)
(0.611935 0.819927 0.0427384)
(-0.267322 0.0503519 0.710032)
(0.403748 -0.675176 0.472954)
(-0.786576 -0.722676 -0.046479)
(0.780193 -0.780193 -0.07971)
(-0.722674 0.786576 -0.0464914)
(-0.139081 -0.139083 -0.196386)
(-0.839904 0.660358 0.216611)
(-0.0815066 0.494744 -0.275788)
(-0.588003 -0.000836772 -0.737966)
(0.587967 -0.000810447 -0.737967)
(0.0815288 0.494703 -0.275786)
(0.839936 0.660343 0.216619)
(0.139105 -0.139087 -0.196371)
(0.722678 0.786576 -0.046491)
(-0.675186 -0.403722 0.472947)
(0.660346 -0.83991 0.216617)
(-0.931744 -0.931723 1.60631)
(0.435142 0.26532 0.328099)
(-0.680934 -0.164313 -0.0948126)
(0.680919 -0.164296 -0.0947147)
(-0.435221 0.265154 0.328218)
(0.931722 -0.931759 1.60635)
(-0.660365 -0.839925 0.216605)
(0.675182 -0.403712 0.472944)
(0.0503528 0.267299 0.710014)
(0.494716 -0.0815121 -0.275788)
(0.265301 0.435132 0.328117)
(0.15548 0.155476 -0.221927)
(-0.00726423 0.191818 -0.811999)
(0.00729493 0.191799 -0.81197)
(-0.155411 0.155409 -0.221932)
(-0.265254 0.435065 0.328177)
(-0.494667 -0.0815564 -0.275776)
(-0.050378 0.267271 0.710053)
(0.819874 -0.611873 0.0427637)
(-0.00086666 -0.588003 -0.737965)
(-0.164286 -0.680951 -0.0948327)
(0.19183 -0.00727117 -0.81202)
(-0.174044 -0.174045 -0.78923)
(0.174037 -0.174051 -0.789241)
(-0.191822 -0.00732475 -0.812052)
(0.164243 -0.680966 -0.0948496)
(0.000854887 -0.587997 -0.737978)
(-0.819861 -0.611939 0.0427725)
(0.819888 0.611933 0.0426962)
(-0.000849178 0.587943 -0.737963)
(-0.164271 0.680936 -0.0946935)
(0.191799 0.00731032 -0.811976)
(-0.174059 0.174048 -0.789265)
(0.174056 0.174058 -0.789281)
(-0.191794 0.00734721 -0.812015)
(0.164231 0.680954 -0.0947422)
(0.000854222 0.587944 -0.737979)
(-0.819848 0.61197 0.042693)
(0.0503541 -0.267317 0.710034)
(0.494658 0.0815399 -0.275795)
(0.265088 -0.435234 0.328275)
(0.155384 -0.15538 -0.221942)
(-0.00732606 -0.191807 -0.81206)
(0.00733907 -0.191792 -0.812035)
(-0.155324 -0.155314 -0.221962)
(-0.265091 -0.435156 0.328295)
(-0.494617 0.0815671 -0.275789)
(-0.0503742 -0.267292 0.710044)
(-0.675173 0.403756 0.472953)
(0.660332 0.839954 0.216618)
(-0.931791 0.931699 1.60634)
(0.435065 -0.265265 0.328168)
(-0.680935 0.164252 -0.0948185)
(0.680926 0.164241 -0.0947474)
(-0.435138 -0.265138 0.328247)
(0.931777 0.931734 1.60633)
(-0.660347 0.839961 0.216608)
(0.675172 0.403757 0.472945)
(-0.722677 -0.786575 -0.0464739)
(-0.139071 0.139122 -0.196372)
(-0.839919 -0.66038 0.216585)
(-0.0815546 -0.494684 -0.275773)
(-0.588003 0.000810175 -0.737974)
(0.587972 0.000800505 -0.737976)
(0.0815663 -0.494645 -0.275779)
(0.839942 -0.660368 0.216586)
(0.139083 0.139117 -0.196363)
(0.722672 -0.786577 -0.0464708)
(-0.780194 0.780193 -0.0797102)
(0.786577 0.722677 -0.0464905)
(-0.403712 0.675184 0.472945)
(0.267288 -0.050374 0.710063)
(-0.611932 -0.819901 0.0428184)
(0.611962 -0.819905 0.0427739)
(-0.267297 -0.0503702 0.710061)
(0.403741 0.675178 0.472945)
(-0.786578 0.72267 -0.0464754)
(0.780196 0.780195 -0.0797096)
(-0.73165 -0.73165 -0.0618574)
(0.65444 -0.606115 0.0868737)
(-0.451971 -0.621821 0.580105)
(0.23351 0.48595 0.580729)
(-0.643743 0.398737 -0.191136)
(0.643707 0.398748 -0.191146)
(-0.233508 0.485903 0.580778)
(0.451973 -0.621803 0.580108)
(-0.654435 -0.606122 0.0868858)
(0.73165 -0.731653 -0.0618591)
(-0.606114 0.65444 0.0868737)
(-0.14233 -0.142333 -0.0167411)
(-0.885203 0.624702 0.234637)
(-0.0712973 0.53294 -0.349013)
(-0.421342 -0.112426 -0.673037)
(0.421312 -0.112436 -0.673046)
(0.0713356 0.532994 -0.348977)
(0.885227 0.624679 0.234664)
(0.142353 -0.142343 -0.0167206)
(0.606117 0.654437 0.0868774)
(-0.621822 -0.451968 0.58011)
(0.624695 -0.885196 0.234649)
(-0.808014 -0.807987 1.73845)
(0.237513 0.371261 0.403251)
(-0.591457 -0.0875727 -0.281263)
(0.591279 -0.0875667 -0.281166)
(-0.237618 0.371227 0.403347)
(0.808005 -0.808023 1.73848)
(-0.624697 -0.885192 0.234648)
(0.621813 -0.451958 0.58011)
(0.485946 0.233506 0.580738)
(0.532887 -0.0712837 -0.349018)
(0.371248 0.2375 0.403265)
(-0.0913083 -0.0912961 -0.0265992)
(0.0503469 0.170299 -0.783699)
(-0.0503462 0.170299 -0.783673)
(0.0913234 -0.0912402 -0.0266423)
(-0.371246 0.237456 0.40329)
(-0.532893 -0.0713258 -0.348994)
(-0.485918 0.233478 0.580805)
(0.398726 -0.643733 -0.191115)
(-0.112428 -0.421349 -0.673046)
(-0.0875613 -0.591449 -0.28128)
(0.170308 0.050344 -0.783716)
(-0.175257 -0.175251 -0.788555)
(0.175246 -0.175243 -0.788574)
(-0.170303 0.050324 -0.783758)
(0.0875682 -0.591301 -0.281285)
(0.112401 -0.421343 -0.673072)
(-0.398771 -0.643764 -0.191118)
(0.398718 0.64368 -0.191126)
(-0.112462 0.421304 -0.673061)
(-0.0875585 0.591202 -0.28115)
(0.170312 -0.0503389 -0.783678)
(-0.175244 0.175247 -0.788596)
(0.17524 0.175246 -0.788616)
(-0.170309 -0.0503138 -0.783731)
(0.0875615 0.591113 -0.281185)
(0.112437 0.421309 -0.673086)
(-0.398751 0.643721 -0.19113)
(0.485879 -0.233502 0.580792)
(0.532957 0.071341 -0.348983)
(0.371201 -0.237641 0.403393)
(-0.091234 0.0913147 -0.0266628)
(0.0503198 -0.170299 -0.783765)
(-0.050314 -0.170303 -0.783747)
(0.0912878 0.0912996 -0.0267167)
(-0.371198 -0.237578 0.403394)
(-0.532937 0.0713636 -0.348977)
(-0.485857 -0.233477 0.580821)
(-0.621799 0.451973 0.580111)
(0.624665 0.885234 0.234673)
(-0.808058 0.807985 1.73847)
(0.237445 -0.371265 0.403277)
(-0.591305 0.0875638 -0.281252)
(0.591167 0.0875529 -0.281181)
(-0.237544 -0.37122 0.40335)
(0.808061 0.808028 1.73846)
(-0.62467 0.885226 0.234671)
(0.621799 0.451966 0.580109)
(-0.606125 -0.654433 0.0868901)
(-0.142334 0.142369 -0.0167205)
(-0.885197 -0.624705 0.234628)
(-0.0713419 -0.532947 -0.348982)
(-0.421345 0.112382 -0.673061)
(0.421321 0.112397 -0.673068)
(0.0713675 -0.532981 -0.348963)
(0.885217 -0.624687 0.234647)
(0.142346 0.142373 -0.0167069)
(0.606122 -0.654433 0.0868969)
(-0.731655 0.73165 -0.0618591)
(0.654439 0.606117 0.0868816)
(-0.451959 0.621813 0.580103)
(0.23349 -0.485924 0.58081)
(-0.643789 -0.398808 -0.191125)
(0.643761 -0.398813 -0.191134)
(-0.233489 -0.485872 0.58083)
(0.451962 0.621806 0.580104)
(-0.654437 0.606118 0.0868978)
(0.731657 0.731655 -0.0618587)
(-0.656939 -0.656941 -0.0106871)
(0.490842 -0.505477 0.182198)
(-0.458942 -0.553696 0.67184)
(0.0891664 0.634069 0.315366)
(-0.597422 0.285683 -0.342873)
(0.597348 0.285661 -0.342944)
(-0.0890168 0.634076 0.31538)
(0.458933 -0.553656 0.671852)
(-0.490825 -0.505486 0.182221)
(0.656937 -0.656951 -0.0106817)
(-0.505475 0.490849 0.182194)
(-0.14568 -0.145679 0.14328)
(-0.869873 0.598034 0.274025)
(-0.137409 0.41108 -0.437167)
(-0.329159 -0.131885 -0.719484)
(0.329165 -0.131936 -0.719518)
(0.137443 0.41129 -0.437186)
(0.869901 0.598018 0.274061)
(0.145702 -0.145686 0.143303)
(0.505477 0.490857 0.182201)
(-0.553707 -0.458942 0.671843)
(0.598028 -0.869863 0.274036)
(-0.701745 -0.701717 1.92456)
(0.240794 0.284808 0.549284)
(-0.407217 -0.0284636 -0.437854)
(0.407094 -0.0284711 -0.43778)
(-0.240913 0.284908 0.549307)
(0.701757 -0.701753 1.92457)
(-0.598031 -0.869861 0.27404)
(0.553693 -0.45893 0.671845)
(0.634072 0.0892244 0.315395)
(0.411039 -0.137377 -0.437155)
(0.284801 0.240776 0.549298)
(-0.303148 -0.303115 0.0805166)
(0.07618 0.13796 -0.785755)
(-0.0762064 0.137981 -0.785738)
(0.30312 -0.302935 0.0805319)
(-0.284887 0.240773 0.549274)
(-0.411185 -0.137384 -0.437142)
(-0.634106 0.0891801 0.315471)
(0.285723 -0.597436 -0.342859)
(-0.131862 -0.329165 -0.719479)
(-0.0284584 -0.407213 -0.437855)
(0.137965 0.0761791 -0.785762)
(-0.18475 -0.184743 -0.796646)
(0.184741 -0.184732 -0.796664)
(-0.137959 0.0761881 -0.785788)
(0.028495 -0.407108 -0.437832)
(0.131848 -0.329164 -0.719487)
(-0.285768 -0.597414 -0.342925)
(0.285687 0.597338 -0.342953)
(-0.131944 0.329177 -0.719534)
(-0.028473 0.407048 -0.437763)
(0.137999 -0.076206 -0.785737)
(-0.184734 0.184736 -0.796676)
(0.18473 0.184732 -0.796688)
(-0.137988 -0.0761939 -0.785777)
(0.0285065 0.406989 -0.437761)
(0.131918 0.32918 -0.719534)
(-0.285737 0.597338 -0.343009)
(0.634069 -0.0890032 0.315403)
(0.411322 0.137431 -0.4372)
(0.284929 -0.240938 0.549319)
(-0.302889 0.303094 0.0805319)
(0.0761887 -0.137962 -0.78579)
(-0.076192 -0.137981 -0.785785)
(0.302916 0.302953 0.0805177)
(-0.284966 -0.240891 0.54929)
(-0.411392 0.137422 -0.437187)
(-0.634091 -0.0890032 0.315457)
(-0.553651 0.458927 0.671859)
(0.598006 0.869904 0.274072)
(-0.701783 0.701744 1.92456)
(0.24076 -0.284914 0.549258)
(-0.407117 0.0285014 -0.437817)
(0.407026 0.0285038 -0.437764)
(-0.240852 -0.284966 0.54927)
(0.701807 0.701786 1.92453)
(-0.598012 0.869893 0.274076)
(0.553654 0.458914 0.67186)
(-0.50549 -0.490828 0.182223)
(-0.145686 0.145711 0.143307)
(-0.86987 -0.598037 0.274024)
(-0.137423 -0.411229 -0.437144)
(-0.329167 0.131857 -0.719487)
(0.329171 0.131901 -0.719514)
(0.137445 -0.411385 -0.437166)
(0.869892 -0.598026 0.274054)
(0.145699 0.14571 0.143322)
(0.505488 -0.490844 0.182224)
(-0.656955 0.656938 -0.0106793)
(0.490858 0.505478 0.182208)
(-0.458928 0.553685 0.671837)
(0.0891414 -0.634116 0.31546)
(-0.597403 -0.285741 -0.342927)
(0.597344 -0.285726 -0.342989)
(-0.089024 -0.634111 0.315462)
(0.458915 0.553662 0.671848)
(-0.49085 0.505484 0.182227)
(0.656956 0.656951 -0.0106728)
(-0.573775 -0.573779 0.0787411)
(0.373647 -0.436222 0.318563)
(-0.466559 -0.475521 0.737831)
(0.0658038 0.504295 0.133668)
(-0.559789 0.255142 -0.527739)
(0.559733 0.255107 -0.527839)
(-0.0656459 0.504469 0.133567)
(0.466541 -0.47546 0.737885)
(-0.373633 -0.436224 0.318581)
(0.57378 -0.573803 0.078741)
(-0.436222 0.373653 0.31856)
(-0.169087 -0.169085 0.349834)
(-0.816006 0.514766 0.308036)
(-0.0969122 0.307939 -0.480711)
(-0.284174 -0.133161 -0.743201)
(0.284217 -0.133222 -0.743218)
(0.0968618 0.308251 -0.480704)
(0.81604 0.514761 0.3081)
(0.16913 -0.169111 0.349867)
(0.436225 0.373674 0.318563)
(-0.475541 -0.466561 0.737821)
(0.514764 -0.815994 0.308045)
(-0.610841 -0.61081 2.08232)
(0.32764 0.128658 0.663691)
(-0.256731 -0.0346147 -0.509676)
(0.256692 -0.0346139 -0.509624)
(-0.327705 0.128736 0.663681)
(0.610871 -0.610847 2.0823)
(-0.514783 -0.816002 0.30806)
(0.475523 -0.466545 0.737838)
(0.504308 0.0658766 0.133708)
(0.307903 -0.096904 -0.480702)
(0.128685 0.327632 0.663711)
(-0.316547 -0.316528 0.145362)
(0.0680634 0.104258 -0.802226)
(-0.0681176 0.104281 -0.80221)
(0.3165 -0.31635 0.145439)
(-0.128795 0.327651 0.663683)
(-0.308104 -0.096878 -0.48069)
(-0.504451 0.065832 0.133679)
(0.255168 -0.559794 -0.527716)
(-0.133133 -0.284169 -0.743188)
(-0.0346096 -0.25672 -0.509667)
(0.104262 0.0680646 -0.802221)
(-0.191354 -0.19135 -0.836149)
(0.191348 -0.191346 -0.836163)
(-0.104257 0.068114 -0.802207)
(0.0346341 -0.256671 -0.509625)
(0.133149 -0.284177 -0.743176)
(-0.255142 -0.559727 -0.527777)
(0.255131 0.559721 -0.527851)
(-0.133219 0.284238 -0.743216)
(-0.0346107 0.256678 -0.509607)
(0.104295 -0.0681279 -0.802203)
(-0.19135 0.191341 -0.83617)
(0.191347 0.191342 -0.836181)
(-0.104284 -0.0681438 -0.802204)
(0.0346379 0.256654 -0.509586)
(0.133221 0.284234 -0.743197)
(-0.255109 0.559678 -0.527888)
(0.504546 -0.0656455 0.133566)
(0.30834 0.0968385 -0.480705)
(0.128775 -0.327713 0.663682)
(-0.31629 0.316491 0.145458)
(0.0681211 -0.104258 -0.802199)
(-0.0681394 -0.104278 -0.8022)
(0.316297 0.316348 0.145478)
(-0.128841 -0.327694 0.663658)
(-0.308439 0.096821 -0.480693)
(-0.504632 -0.065639 0.133559)
(-0.475452 0.466534 0.737899)
(0.514755 0.816044 0.308116)
(-0.610874 0.610865 2.08228)
(0.327648 -0.128805 0.663668)
(-0.256686 0.034644 -0.509624)
(0.256668 0.0346443 -0.509593)
(-0.32768 -0.128833 0.663651)
(0.610915 0.610905 2.08225)
(-0.514778 0.816042 0.308124)
(0.475455 0.466518 0.737903)
(-0.436226 -0.37364 0.318582)
(-0.169122 0.169139 0.349874)
(-0.816011 -0.514788 0.308054)
(-0.0968968 -0.308143 -0.480693)
(-0.284188 0.133167 -0.743185)
(0.28422 0.133221 -0.743198)
(0.0968537 -0.308384 -0.480688)
(0.816042 -0.514791 0.308105)
(0.169152 0.169152 0.349895)
(0.436229 -0.373668 0.318579)
(-0.573808 0.573784 0.0787406)
(0.373676 0.436225 0.31857)
(-0.46654 0.475508 0.737842)
(0.0657629 -0.504446 0.133651)
(-0.559719 -0.255122 -0.527789)
(0.559679 -0.255089 -0.527872)
(-0.0656272 -0.504577 0.133568)
(0.46652 0.475466 0.737887)
(-0.373673 0.436228 0.318582)
(0.573809 0.573804 0.07874)
(-0.607255 -0.607257 0.183082)
(0.433488 -0.426774 0.450738)
(-0.433475 -0.354463 0.78932)
(0.192476 0.397992 -0.0181179)
(-0.509476 0.215614 -0.653109)
(0.509457 0.215593 -0.653199)
(-0.192607 0.398069 -0.0184018)
(0.433447 -0.354423 0.789373)
(-0.433493 -0.426777 0.450758)
(0.60726 -0.607273 0.183111)
(-0.426774 0.433489 0.450734)
(-0.21156 -0.211558 0.53114)
(-0.751587 0.370157 0.321172)
(-0.069653 0.204455 -0.529808)
(-0.255321 -0.150853 -0.759597)
(0.255399 -0.150892 -0.759593)
(0.0696192 0.204613 -0.529778)
(0.751612 0.370196 0.321212)
(0.211614 -0.211586 0.531184)
(0.426782 0.433516 0.450742)
(-0.354486 -0.433479 0.789303)
(0.370159 -0.751577 0.321187)
(-0.529114 -0.529078 2.08266)
(0.398166 -0.0453303 0.733185)
(-0.178315 -0.0479481 -0.522955)
(0.178387 -0.0479359 -0.522917)
(-0.398171 -0.0452643 0.733212)
(0.529157 -0.529104 2.08265)
(-0.370212 -0.751582 0.321193)
(0.35449 -0.433442 0.789316)
(0.397991 0.192461 -0.018068)
(0.20444 -0.0696509 -0.529804)
(-0.0453036 0.398168 0.733205)
(-0.237157 -0.237171 0.0978181)
(0.0335689 0.0996257 -0.819351)
(-0.0336146 0.0996456 -0.819333)
(0.237163 -0.237158 0.0979045)
(0.0452158 0.398187 0.733205)
(-0.204537 -0.0696303 -0.529793)
(-0.398033 0.192511 -0.0182085)
(0.215624 -0.509477 -0.653088)
(-0.150836 -0.255313 -0.759589)
(-0.047943 -0.178293 -0.522942)
(0.099631 0.0335728 -0.819341)
(-0.182937 -0.182936 -0.891956)
(0.182938 -0.182941 -0.891966)
(-0.0996317 0.0336371 -0.819293)
(0.047952 -0.178314 -0.522903)
(0.150869 -0.255347 -0.759579)
(-0.215593 -0.509443 -0.653121)
(0.215607 0.509445 -0.653216)
(-0.150883 0.25543 -0.759582)
(-0.0479256 0.178409 -0.522899)
(0.0996573 -0.0336293 -0.819323)
(-0.182945 0.182935 -0.89197)
(0.182946 0.182941 -0.891977)
(-0.0996517 -0.0336649 -0.819291)
(0.0479387 0.178422 -0.522877)
(0.150908 0.25544 -0.759573)
(-0.215575 0.50943 -0.653227)
(0.398106 -0.192656 -0.0184696)
(0.204673 0.0696105 -0.529768)
(-0.0452226 -0.398162 0.733224)
(-0.237139 0.237186 0.0979268)
(0.0336449 -0.0996305 -0.81928)
(-0.0336634 -0.099646 -0.81928)
(0.237147 0.23717 0.0979585)
(0.0451675 -0.398165 0.733216)
(-0.204714 0.0695928 -0.529761)
(-0.398119 -0.192649 -0.0185283)
(-0.354421 0.433436 0.789382)
(0.37021 0.751616 0.321224)
(-0.529123 0.529156 2.08264)
(0.398188 0.0452139 0.733196)
(-0.178333 0.0479597 -0.522905)
(0.178404 0.0479507 -0.522887)
(-0.398172 0.0451813 0.733205)
(0.529171 0.529176 2.08263)
(-0.370256 0.751614 0.321232)
(0.354434 0.433405 0.789387)
(-0.426779 -0.433498 0.450761)
(-0.211601 0.211624 0.531195)
(-0.751588 -0.37022 0.321187)
(-0.0696345 -0.204554 -0.529797)
(-0.255358 0.150883 -0.759585)
(0.255417 0.150919 -0.759582)
(0.0696049 -0.204676 -0.52977)
(0.751614 -0.370257 0.32122)
(0.211641 0.211637 0.531223)
(0.426787 -0.433519 0.450761)
(-0.607275 0.607262 0.183116)
(0.433519 0.426784 0.450749)
(-0.433429 0.354477 0.78933)
(0.192505 -0.398038 -0.0182473)
(-0.509441 -0.215584 -0.653133)
(0.509435 -0.215563 -0.653208)
(-0.192594 -0.398093 -0.018469)
(0.433405 0.354443 0.78938)
(-0.43352 0.426788 0.450763)
(0.607276 0.607273 0.183128)
(-0.736831 -0.736832 0.227272)
(0.47657 -0.474432 0.552681)
(-0.289765 -0.210504 0.840514)
(0.25618 0.321026 -0.111161)
(-0.460644 0.18099 -0.726742)
(0.460692 0.180986 -0.72676)
(-0.256307 0.320868 -0.111387)
(0.289724 -0.210497 0.840498)
(-0.476591 -0.474438 0.552701)
(0.736815 -0.736821 0.227256)
(-0.474431 0.476566 0.552679)
(-0.277571 -0.277568 0.665903)
(-0.715929 0.251448 0.343901)
(-0.0577284 0.121876 -0.537991)
(-0.236716 -0.178639 -0.774972)
(0.236794 -0.178655 -0.77496)
(0.0577684 0.121741 -0.537962)
(0.7159 0.251482 0.343937)
(0.277609 -0.277572 0.665947)
(0.474442 0.476588 0.552688)
(-0.210525 -0.28977 0.840515)
(0.25145 -0.715935 0.343916)
(-0.458104 -0.458076 2.02716)
(0.439271 -0.182908 0.749599)
(-0.136615 -0.0569405 -0.529424)
(0.136709 -0.0569276 -0.529373)
(-0.439266 -0.182867 0.749694)
(0.458141 -0.458079 2.02716)
(-0.251495 -0.715925 0.343923)
(0.210564 -0.289717 0.840507)
(0.321053 0.25615 -0.111118)
(0.12189 -0.0577144 -0.53799)
(-0.182897 0.439269 0.749611)
(-0.0770307 -0.0770696 0.00809282)
(-0.0174607 0.119553 -0.822092)
(0.0174466 0.119563 -0.822087)
(0.0771226 -0.0772535 0.0081694)
(0.182861 0.439275 0.749649)
(-0.121834 -0.0577251 -0.537991)
(-0.320991 0.256205 -0.111218)
(0.180994 -0.460634 -0.726736)
(-0.178633 -0.236707 -0.77497)
(-0.056934 -0.136591 -0.529418)
(0.11956 -0.0174575 -0.822086)
(-0.148302 -0.148302 -0.919652)
(0.148316 -0.148319 -0.919656)
(-0.119565 -0.0174213 -0.822061)
(0.0569311 -0.136623 -0.529389)
(0.178654 -0.236743 -0.774969)
(-0.180991 -0.460657 -0.726733)
(0.180992 0.460697 -0.726761)
(-0.178651 0.236821 -0.774951)
(-0.0569162 0.136739 -0.529352)
(0.119572 0.0174412 -0.822081)
(-0.148322 0.148322 -0.919658)
(0.148332 0.148334 -0.919663)
(-0.119573 0.0174194 -0.822061)
(0.0569159 0.136754 -0.529343)
(0.178666 0.236833 -0.774954)
(-0.180987 0.460716 -0.726757)
(0.320827 -0.25634 -0.111445)
(0.121709 0.0577832 -0.537956)
(-0.182839 -0.439255 0.749729)
(-0.0772981 0.0771709 0.00819238)
(-0.0174161 -0.119561 -0.822053)
(0.0174156 -0.119569 -0.822055)
(0.0773349 0.0773114 0.0082173)
(0.182818 -0.439252 0.749736)
(-0.121684 0.0577753 -0.537958)
(-0.320801 -0.256352 -0.111472)
(-0.210504 0.289709 0.84049)
(0.251496 0.715892 0.343947)
(-0.458085 0.458144 2.02716)
(0.439275 0.182862 0.749657)
(-0.136643 0.0569357 -0.529385)
(0.136729 0.0569258 -0.529356)
(-0.439259 0.182833 0.749715)
(0.458128 0.458145 2.02717)
(-0.251538 0.715891 0.343957)
(0.210537 0.289672 0.840492)
(-0.474441 -0.476593 0.552705)
(-0.277581 0.277614 0.665957)
(-0.715924 -0.251508 0.343918)
(-0.0577344 -0.121828 -0.537994)
(-0.236755 0.178658 -0.774972)
(0.236815 0.178671 -0.774964)
(0.0577658 -0.121721 -0.537969)
(0.715904 -0.251542 0.343946)
(0.277614 0.27761 0.665985)
(0.47445 -0.476601 0.552706)
(-0.736817 0.736811 0.22725)
(0.476593 0.474446 0.552694)
(-0.2897 0.210561 0.84051)
(0.256226 -0.320969 -0.111246)
(-0.460667 -0.18099 -0.726735)
(0.460713 -0.180986 -0.72675)
(-0.256324 -0.320839 -0.111418)
(0.289675 0.210548 0.840503)
(-0.476602 0.474451 0.552706)
(0.736807 0.736805 0.227238)
(-0.843501 -0.8435 0.464143)
(0.500047 -0.554615 0.611956)
(-0.0464005 -0.118397 0.860083)
(0.298769 0.304004 -0.12368)
(-0.394722 0.165769 -0.76434)
(0.394816 0.165781 -0.764326)
(-0.298781 0.303858 -0.123799)
(0.046366 -0.118394 0.860051)
(-0.500034 -0.554619 0.611968)
(0.843498 -0.843501 0.464138)
(-0.554612 0.500042 0.611956)
(-0.338548 -0.338547 0.76894)
(-0.711643 0.177417 0.362249)
(-0.0555512 0.100909 -0.540246)
(-0.22195 -0.189759 -0.787133)
(0.221977 -0.189759 -0.787124)
(0.0555802 0.100644 -0.540223)
(0.711592 0.177409 0.362284)
(0.338566 -0.338549 0.768976)
(0.554619 0.500029 0.611964)
(-0.118412 -0.0464081 0.860091)
(0.177422 -0.711656 0.362259)
(-0.393939 -0.39393 1.88417)
(0.451266 -0.245686 0.71605)
(-0.100884 -0.0576589 -0.532116)
(0.100924 -0.057656 -0.532052)
(-0.451257 -0.245684 0.71615)
(0.393955 -0.393922 1.8842)
(-0.177443 -0.711646 0.362262)
(0.118454 -0.0463735 0.860082)
(0.304024 0.298766 -0.123651)
(0.100944 -0.0555408 -0.540244)
(-0.245687 0.451262 0.716055)
(0.0404512 0.0404231 -0.111925)
(-0.0565307 0.139533 -0.810322)
(0.0565356 0.139537 -0.810333)
(-0.04039 0.0403023 -0.111848)
(0.245699 0.451263 0.716099)
(-0.100842 -0.0555514 -0.540244)
(-0.303964 0.298772 -0.123706)
(0.165773 -0.394703 -0.764342)
(-0.189758 -0.221948 -0.787133)
(-0.0576509 -0.100872 -0.532118)
(0.13954 -0.0565284 -0.810324)
(-0.113421 -0.113422 -0.924302)
(0.113429 -0.113431 -0.924305)
(-0.139545 -0.0565146 -0.810336)
(0.0576467 -0.100884 -0.532095)
(0.189765 -0.221962 -0.787137)
(-0.165786 -0.394751 -0.764343)
(0.165789 0.394836 -0.764321)
(-0.189756 0.221989 -0.787119)
(-0.0576485 0.100937 -0.53203)
(0.139542 0.0565346 -0.810334)
(-0.113433 0.113432 -0.924307)
(0.11344 0.11344 -0.924312)
(-0.139545 0.056527 -0.810342)
(0.0576435 0.100945 -0.532029)
(0.189761 0.221994 -0.787127)
(-0.165799 0.394863 -0.764328)
(0.303816 -0.298792 -0.123826)
(0.10057 0.0555927 -0.540218)
(-0.245677 -0.451245 0.716185)
(0.0402733 -0.0403554 -0.111823)
(-0.0565141 -0.139542 -0.810338)
(0.0565241 -0.139544 -0.810344)
(-0.0402439 -0.0402571 -0.111794)
(0.245686 -0.451241 0.716195)
(-0.100546 0.0555896 -0.540222)
(-0.303791 -0.298793 -0.123833)
(-0.1184 0.0463528 0.860038)
(0.177405 0.711581 0.362295)
(-0.393919 0.393958 1.88421)
(0.451266 0.245703 0.71612)
(-0.100896 0.0576512 -0.532085)
(0.100936 0.0576491 -0.532044)
(-0.451253 0.245694 0.716182)
(0.393943 0.393956 1.88425)
(-0.177434 0.711584 0.362301)
(0.118434 0.046332 0.860038)
(-0.55462 -0.500027 0.61197)
(-0.338558 0.338563 0.768985)
(-0.71164 -0.177457 0.362256)
(-0.0555562 -0.100817 -0.540248)
(-0.221966 0.189766 -0.787139)
(0.221989 0.189765 -0.787133)
(0.055581 -0.100611 -0.540231)
(0.7116 -0.177457 0.362287)
(0.338575 0.338563 0.769007)
(0.554626 -0.500016 0.611973)
(-0.843501 0.843497 0.464137)
(0.500026 0.554622 0.611968)
(-0.0463612 0.118456 0.860079)
(0.298766 -0.303947 -0.123723)
(-0.394768 -0.165786 -0.764341)
(0.394847 -0.165796 -0.764331)
(-0.298775 -0.303827 -0.123811)
(0.0463409 0.118446 0.860053)
(-0.500017 0.554626 0.611974)
(0.843499 0.843498 0.464133)
(-0.87248 -0.872479 0.562694)
(0.714324 -0.648583 0.625938)
(0.180295 -0.134522 0.884702)
(0.317894 0.32886 -0.101308)
(-0.326796 0.156302 -0.769681)
(0.326858 0.156315 -0.769663)
(-0.31786 0.328752 -0.101271)
(-0.180327 -0.134522 0.88468)
(-0.714302 -0.648587 0.625946)
(0.872479 -0.872481 0.56269)
(-0.648579 0.714321 0.625938)
(-0.375561 -0.375565 0.813754)
(-0.701386 0.176798 0.365484)
(-0.0578803 0.128491 -0.541003)
(-0.214133 -0.191168 -0.797391)
(0.214121 -0.191167 -0.797387)
(0.0578974 0.128357 -0.541009)
(0.701361 0.176753 0.365517)
(0.375558 -0.375567 0.813763)
(0.648581 0.714305 0.625943)
(-0.134526 0.180285 0.884708)
(0.176802 -0.701395 0.365489)
(-0.352075 -0.352081 1.70191)
(0.438445 -0.235622 0.673421)
(-0.0766774 -0.0555978 -0.537064)
(0.076659 -0.0556007 -0.537002)
(-0.438438 -0.235673 0.673474)
(0.35207 -0.352079 1.70193)
(-0.176805 -0.701394 0.365485)
(0.134552 0.180303 0.884703)
(0.328877 0.317904 -0.101306)
(0.128515 -0.0578736 -0.540998)
(-0.235621 0.438441 0.673428)
(0.0936108 0.0936016 -0.21133)
(-0.0772861 0.151613 -0.794321)
(0.0772948 0.151616 -0.794332)
(-0.0936 0.0935932 -0.211272)
(0.235667 0.438448 0.673459)
(-0.128479 -0.0578854 -0.541007)
(-0.328835 0.31789 -0.101292)
(0.156305 -0.326784 -0.769685)
(-0.191166 -0.214135 -0.79739)
(-0.0555896 -0.0766779 -0.537068)
(0.151618 -0.0772844 -0.794323)
(-0.0900158 -0.0900165 -0.900642)
(0.0900198 -0.0900231 -0.900642)
(-0.151623 -0.0772814 -0.794339)
(0.0555875 -0.0766763 -0.537049)
(0.191171 -0.214133 -0.797397)
(-0.156318 -0.326813 -0.7697)
(0.156325 0.326871 -0.769658)
(-0.191164 0.214121 -0.797385)
(-0.0555961 0.0766532 -0.536982)
(0.15162 0.0772955 -0.794335)
(-0.090025 0.090021 -0.900642)
(0.0900287 0.0900272 -0.900644)
(-0.151623 0.0772955 -0.794346)
(0.0555914 0.0766602 -0.536982)
(0.191167 0.214121 -0.797393)
(-0.156334 0.326886 -0.769679)
(0.328724 -0.317858 -0.101258)
(0.128326 0.0579053 -0.541013)
(-0.235686 -0.438426 0.673495)
(0.0935971 -0.0935869 -0.211251)
(-0.077283 -0.151622 -0.794343)
(0.0772942 -0.151624 -0.794349)
(-0.0935837 -0.0935745 -0.21123)
(0.23571 -0.438431 0.673506)
(-0.128335 0.0579072 -0.54102)
(-0.328709 -0.317857 -0.10124)
(-0.134525 -0.180338 0.884671)
(0.176728 0.701358 0.365529)
(-0.352078 0.352065 1.70194)
(0.438459 0.235678 0.673483)
(-0.0766785 0.0555924 -0.537037)
(0.076669 0.0555948 -0.536996)
(-0.438451 0.235705 0.67351)
(0.352079 0.352072 1.70199)
(-0.176744 0.701364 0.365529)
(0.134546 -0.180347 0.884669)
(-0.648588 -0.714293 0.625949)
(-0.375573 0.375551 0.813764)
(-0.701388 -0.176821 0.365477)
(-0.0578896 -0.128465 -0.541012)
(-0.214131 0.191174 -0.797399)
(0.214125 0.191172 -0.797397)
(0.0579045 -0.128364 -0.541019)
(0.701368 -0.176787 0.365508)
(0.375572 0.375555 0.813773)
(0.64859 -0.714285 0.625951)
(-0.872482 0.872478 0.562689)
(0.714304 0.648584 0.625944)
(0.180313 0.134557 0.884701)
(0.317877 -0.328821 -0.101285)
(-0.326825 -0.156316 -0.769698)
(0.326878 -0.156328 -0.769684)
(-0.31785 -0.328733 -0.10125)
(-0.180337 0.134553 0.884682)
(-0.714292 0.648589 0.625949)
(0.872481 0.872481 0.562686)
(-0.878338 -0.878338 0.582206)
(0.774431 -0.669328 0.633051)
(0.197223 -0.127939 0.971178)
(0.287416 0.379331 -0.0683949)
(-0.274839 0.144468 -0.760231)
(0.274823 0.144483 -0.760222)
(-0.287418 0.379365 -0.0683137)
(-0.197271 -0.127959 0.971167)
(-0.774427 -0.669338 0.633054)
(0.87834 -0.878342 0.582221)
(-0.669324 0.774428 0.633052)
(-0.383876 -0.383884 0.802948)
(-0.67379 0.196754 0.352014)
(-0.0401009 0.145092 -0.530725)
(-0.212293 -0.190328 -0.806084)
(0.212269 -0.190329 -0.806084)
(0.0400907 0.145153 -0.530725)
(0.673802 0.196715 0.352051)
(0.383864 -0.383893 0.80296)
(0.669326 0.774432 0.633052)
(-0.127935 0.19721 0.971182)
(0.196752 -0.673793 0.352014)
(-0.335612 -0.33562 1.55271)
(0.401947 -0.184182 0.634268)
(-0.062279 -0.0552895 -0.54822)
(0.0622457 -0.055289 -0.548169)
(-0.401945 -0.184255 0.634299)
(0.335599 -0.33563 1.55271)
(-0.196757 -0.6738 0.352006)
(0.127949 0.19722 0.971182)
(0.379329 0.287422 -0.0684032)
(0.145089 -0.0400981 -0.53072)
(-0.184174 0.401944 0.634276)
(0.114185 0.114184 -0.285808)
(-0.0807999 0.155806 -0.775083)
(0.0808109 0.155808 -0.77509)
(-0.114184 0.114203 -0.285788)
(0.184216 0.401965 0.634307)
(-0.145133 -0.0401007 -0.530722)
(-0.379352 0.28742 -0.0683789)
(0.14447 -0.27484 -0.760234)
(-0.190325 -0.212297 -0.806082)
(-0.0552834 -0.0622842 -0.548222)
(0.15581 -0.0807984 -0.775084)
(-0.0801255 -0.0801268 -0.867703)
(0.0801253 -0.0801314 -0.867704)
(-0.155815 -0.0808008 -0.775095)
(0.055281 -0.0622837 -0.548204)
(0.190329 -0.212293 -0.806088)
(-0.144481 -0.274834 -0.760257)
(0.144494 0.274813 -0.760221)
(-0.190327 0.212265 -0.806083)
(-0.0552853 0.0622335 -0.548153)
(0.155811 0.080812 -0.775093)
(-0.0801322 0.0801247 -0.867705)
(0.0801323 0.0801296 -0.867708)
(-0.155815 0.0808154 -0.7751)
(0.0552817 0.0622427 -0.548149)
(0.190329 0.212266 -0.806089)
(-0.1445 0.274812 -0.760246)
(0.379383 -0.287426 -0.0682916)
(0.145177 0.0400877 -0.530726)
(-0.184274 -0.401934 0.634315)
(0.114216 -0.11418 -0.285778)
(-0.080804 -0.155816 -0.775096)
(0.0808157 -0.155818 -0.7751)
(-0.114207 -0.114192 -0.285774)
(0.184289 -0.401954 0.634335)
(-0.145211 0.0400881 -0.53073)
(-0.379396 -0.287427 -0.0682769)
(-0.127967 -0.197285 0.971163)
(0.196685 0.673811 0.352066)
(-0.335642 0.335582 1.55272)
(0.401986 0.18423 0.634331)
(-0.0622827 0.0552837 -0.548193)
(0.0622583 0.0552837 -0.548159)
(-0.401983 0.184277 0.634343)
(0.335629 0.335597 1.55275)
(-0.196695 0.673815 0.35206)
(0.127976 -0.197288 0.971162)
(-0.66934 -0.774422 0.633055)
(-0.3839 0.383856 0.802962)
(-0.673798 -0.196777 0.351994)
(-0.0401033 -0.145145 -0.530725)
(-0.212289 0.190333 -0.806093)
(0.212273 0.190334 -0.806093)
(0.0400961 -0.145196 -0.53073)
(0.673806 -0.196744 0.352029)
(0.383889 0.383869 0.802971)
(0.669341 -0.774426 0.633054)
(-0.878344 0.878341 0.582225)
(0.774439 0.669329 0.633049)
(0.197227 0.127951 0.971179)
(0.287415 -0.379356 -0.0683656)
(-0.274834 -0.14448 -0.760258)
(0.274824 -0.144493 -0.760251)
(-0.287415 -0.379383 -0.0682956)
(-0.197269 0.127967 0.971168)
(-0.774436 0.669339 0.633051)
(0.878345 0.878344 0.582232)
(-0.892217 -0.892216 0.644296)
(0.724151 -0.621912 0.658821)
(-0.00657557 -0.0294944 1.05211)
(0.277522 0.404528 -0.110171)
(-0.25064 0.133267 -0.74374)
(0.250583 0.13328 -0.743739)
(-0.277549 0.4046 -0.110157)
(0.00652771 -0.0295289 1.05211)
(-0.724153 -0.621927 0.658818)
(0.892217 -0.892218 0.644294)
(-0.621906 0.724148 0.658822)
(-0.368102 -0.368109 0.792925)
(-0.65807 0.223002 0.351404)
(0.00740349 0.117291 -0.514908)
(-0.213638 -0.190706 -0.808359)
(0.213625 -0.190709 -0.808354)
(-0.0074271 0.117413 -0.514881)
(0.658088 0.222972 0.351436)
(0.368093 -0.368125 0.792935)
(0.621909 0.724159 0.658817)
(-0.0294864 -0.00658918 1.05211)
(0.222993 -0.658072 0.351403)
(-0.349335 -0.349337 1.44789)
(0.381889 -0.133633 0.5828)
(-0.058293 -0.0565465 -0.564104)
(0.0582664 -0.0565423 -0.56406)
(-0.381896 -0.133666 0.582856)
(0.349324 -0.349355 1.44788)
(-0.223 -0.658078 0.351386)
(0.029494 -0.00658609 1.05211)
(0.40452 0.277522 -0.110172)
(0.117276 0.00740615 -0.514906)
(-0.133625 0.381886 0.582804)
(0.112928 0.112925 -0.322555)
(-0.0794457 0.157078 -0.757296)
(0.0794539 0.157081 -0.757299)
(-0.11292 0.112926 -0.322549)
(0.133634 0.381919 0.582854)
(-0.117333 0.00741636 -0.514895)
(-0.404558 0.277533 -0.110188)
(0.133267 -0.250649 -0.743739)
(-0.190703 -0.213641 -0.808356)
(-0.0565425 -0.0582983 -0.564104)
(0.157081 -0.0794453 -0.757297)
(-0.0756783 -0.07568 -0.831993)
(0.0756763 -0.0756836 -0.831993)
(-0.157087 -0.0794497 -0.757305)
(0.0565389 -0.0583029 -0.564084)
(0.190709 -0.213642 -0.808359)
(-0.133273 -0.25063 -0.743759)
(0.13329 0.250561 -0.743738)
(-0.190709 0.213625 -0.808351)
(-0.0565396 0.0582549 -0.564048)
(0.157084 0.0794539 -0.757301)
(-0.0756834 0.0756751 -0.831994)
(0.0756819 0.0756789 -0.831995)
(-0.15709 0.0794581 -0.757309)
(0.0565365 0.0582644 -0.56404)
(0.190714 0.213628 -0.808355)
(-0.133292 0.250558 -0.743759)
(0.404629 -0.277562 -0.11016)
(0.117449 -0.00743603 -0.514874)
(-0.133673 -0.38189 0.582883)
(0.112933 -0.112918 -0.322543)
(-0.0794533 -0.15709 -0.757306)
(0.0794608 -0.157092 -0.757308)
(-0.112925 -0.112918 -0.322545)
(0.13367 -0.38192 0.582915)
(-0.117478 -0.00744404 -0.514873)
(-0.404649 -0.277566 -0.110164)
(-0.0295439 0.0065164 1.05212)
(0.222944 0.658099 0.351454)
(-0.349378 0.349304 1.44788)
(0.381945 0.13364 0.58288)
(-0.0583022 0.0565383 -0.564072)
(0.0582809 0.056536 -0.564044)
(-0.38195 0.133662 0.582913)
(0.349364 0.34932 1.4479)
(-0.222948 0.658099 0.35144)
(0.0295447 0.00651574 1.05212)
(-0.621929 -0.724149 0.658818)
(-0.368131 0.36809 0.792936)
(-0.658076 -0.223017 0.351367)
(0.00741735 -0.117355 -0.514893)
(-0.213641 0.190713 -0.808365)
(0.213632 0.190717 -0.808362)
(-0.00743482 -0.117454 -0.514878)
(0.658088 -0.22299 0.3514)
(0.368122 0.368108 0.792943)
(0.621931 -0.724156 0.658814)
(-0.892219 0.892217 0.644293)
(0.724167 0.621912 0.658811)
(-0.00657972 0.0294925 1.05211)
(0.277534 -0.404568 -0.110186)
(-0.250623 -0.133273 -0.743763)
(0.250579 -0.133285 -0.743763)
(-0.277553 -0.404628 -0.110168)
(0.00653407 0.0295226 1.05211)
(-0.724166 0.621926 0.658809)
(0.89222 0.892219 0.644292)
(-0.907086 -0.907085 0.739458)
(0.736614 -0.573174 0.718341)
(-0.212293 0.081966 1.06726)
(0.295532 0.36344 -0.219733)
(-0.250041 0.12053 -0.716577)
(0.250005 0.120534 -0.71658)
(-0.295555 0.363394 -0.219756)
(0.212271 0.0819237 1.06727)
(-0.73662 -0.573186 0.718338)
(0.907085 -0.907086 0.739466)
(-0.573169 0.736611 0.718342)
(-0.353519 -0.353525 0.812498)
(-0.659852 0.264576 0.375834)
(0.0735309 0.0537315 -0.504946)
(-0.212899 -0.194059 -0.797025)
(0.212898 -0.194065 -0.797016)
(-0.0735437 0.0537726 -0.504921)
(0.659857 0.264563 0.375856)
(0.353514 -0.353536 0.812508)
(0.573169 0.736624 0.718336)
(0.081977 -0.212303 1.06726)
(0.264563 -0.659855 0.375833)
(-0.388542 -0.388541 1.36164)
(0.396354 -0.113361 0.508397)
(-0.061336 -0.0570599 -0.579499)
(0.0613094 -0.0570579 -0.579461)
(-0.396369 -0.113355 0.508488)
(0.388539 -0.388571 1.36161)
(-0.264569 -0.659857 0.375809)
(-0.0819758 -0.212309 1.06726)
(0.363449 0.295534 -0.219732)
(0.0537255 0.0735373 -0.504946)
(-0.113359 0.39635 0.508398)
(0.107405 0.107402 -0.34295)
(-0.0743535 0.158656 -0.741838)
(0.0743527 0.158659 -0.741841)
(-0.1074 0.107401 -0.342943)
(0.113349 0.396387 0.508459)
(-0.0537391 0.0735551 -0.504935)
(-0.363431 0.295544 -0.219767)
(0.12053 -0.250048 -0.716573)
(-0.194057 -0.212901 -0.797023)
(-0.0570567 -0.0613415 -0.579498)
(0.158658 -0.0743541 -0.741839)
(-0.0728623 -0.0728642 -0.7928)
(0.0728583 -0.0728666 -0.792799)
(-0.158666 -0.0743534 -0.741849)
(0.0570541 -0.0613461 -0.579475)
(0.194067 -0.212907 -0.797022)
(-0.120528 -0.250043 -0.716587)
(0.120538 0.249996 -0.716578)
(-0.194067 0.212901 -0.79701)
(-0.0570572 0.0612976 -0.579452)
(0.158664 0.0743498 -0.741844)
(-0.0728655 0.0728564 -0.7928)
(0.072862 0.0728588 -0.792801)
(-0.15867 0.0743502 -0.741852)
(0.0570545 0.0613051 -0.579441)
(0.194075 0.212906 -0.797012)
(-0.120534 0.249997 -0.716592)
(0.363379 -0.295566 -0.219774)
(0.0537778 -0.0735487 -0.504913)
(-0.113351 -0.39637 0.508526)
(0.107406 -0.107401 -0.342936)
(-0.0743545 -0.158668 -0.741849)
(0.0743541 -0.158672 -0.741851)
(-0.107404 -0.1074 -0.342935)
(0.113343 -0.396402 0.508564)
(-0.0537852 -0.0735666 -0.504911)
(-0.363379 -0.295572 -0.219786)
(0.0819066 0.212271 1.06728)
(0.264547 0.659864 0.375872)
(-0.388599 0.388523 1.3616)
(0.396411 0.113349 0.508484)
(-0.0613446 0.0570521 -0.579463)
(0.0613225 0.0570516 -0.579439)
(-0.396423 0.113344 0.508547)
(0.388589 0.388544 1.3616)
(-0.264543 0.659862 0.375851)
(-0.0819141 0.212273 1.06728)
(-0.573187 -0.736618 0.718337)
(-0.353534 0.35352 0.812508)
(-0.659853 -0.264578 0.375787)
(0.0735599 -0.0537521 -0.504933)
(-0.212907 0.194069 -0.797028)
(0.212907 0.194075 -0.797022)
(-0.0735679 -0.0537866 -0.504918)
(0.659854 -0.264565 0.375811)
(0.35353 0.353533 0.812511)
(0.573187 -0.736626 0.718332)
(-0.907087 0.907084 0.739468)
(0.736631 0.573172 0.71833)
(-0.212303 -0.0819793 1.06725)
(0.295545 -0.363425 -0.21977)
(-0.250035 -0.120528 -0.716594)
(0.250007 -0.120531 -0.716597)
(-0.295562 -0.363391 -0.219779)
(0.212277 -0.0819431 1.06727)
(-0.736634 0.573184 0.718326)
(0.907086 0.907086 0.739471)
(-0.90917 -0.909169 0.79316)
(0.786264 -0.544859 0.805121)
(-0.29494 0.151198 1.06821)
(0.277736 0.297688 -0.32156)
(-0.249387 0.10899 -0.687658)
(0.249395 0.108993 -0.687655)
(-0.277736 0.297658 -0.321562)
(0.294958 0.151156 1.06823)
(-0.786266 -0.544862 0.805121)
(0.909167 -0.909168 0.793149)
(-0.544855 0.786261 0.805121)
(-0.354163 -0.354165 0.866499)
(-0.648385 0.309225 0.414619)
(0.12662 -0.00740789 -0.506971)
(-0.207241 -0.19737 -0.773096)
(0.207232 -0.197376 -0.773085)
(-0.126628 -0.0074366 -0.506962)
(0.648386 0.309248 0.414641)
(0.354156 -0.354153 0.866506)
(0.544853 0.786267 0.805117)
(0.151213 -0.294945 1.06821)
(0.309207 -0.64839 0.414618)
(-0.43418 -0.43418 1.29027)
(0.416276 -0.115553 0.401492)
(-0.0615839 -0.0537897 -0.591986)
(0.0615536 -0.0537897 -0.591955)
(-0.416306 -0.115541 0.401568)
(0.434185 -0.434217 1.29022)
(-0.309214 -0.648388 0.414591)
(-0.151216 -0.294957 1.06821)
(0.297693 0.277741 -0.321562)
(-0.00740669 0.126627 -0.506968)
(-0.115555 0.416268 0.401494)
(0.106647 0.106644 -0.361211)
(-0.0669528 0.158189 -0.725466)
(0.0669457 0.158194 -0.725469)
(-0.106655 0.106653 -0.3612)
(0.115553 0.416287 0.401544)
(0.00742377 0.126649 -0.506963)
(-0.29768 0.277746 -0.321585)
(0.108989 -0.249389 -0.687654)
(-0.197369 -0.207244 -0.773093)
(-0.0537861 -0.06159 -0.591984)
(0.15819 -0.0669551 -0.725467)
(-0.0715508 -0.071553 -0.752012)
(0.0715445 -0.0715535 -0.752011)
(-0.158197 -0.0669544 -0.725475)
(0.0537806 -0.0615882 -0.591962)
(0.197379 -0.20725 -0.773091)
(-0.108984 -0.249399 -0.687664)
(0.108995 0.249404 -0.687651)
(-0.19738 0.207234 -0.773079)
(-0.0537892 0.0615427 -0.591947)
(0.158199 0.0669422 -0.725472)
(-0.0715514 0.0715422 -0.752011)
(0.0715457 0.0715429 -0.752011)
(-0.158205 0.0669433 -0.725479)
(0.0537827 0.0615451 -0.591935)
(0.19739 0.207241 -0.773078)
(-0.10899 0.249408 -0.687662)
(0.297645 -0.277736 -0.321569)
(-0.00745508 -0.126629 -0.50696)
(-0.115534 -0.416321 0.401598)
(0.10666 -0.10666 -0.361193)
(-0.0669525 -0.158199 -0.725474)
(0.0669467 -0.158204 -0.725476)
(-0.106666 -0.106665 -0.361189)
(0.115534 -0.416338 0.401631)
(0.00746014 -0.126652 -0.506958)
(-0.297645 -0.277745 -0.321579)
(0.151142 0.294978 1.06824)
(0.309255 0.648392 0.414657)
(-0.434239 0.434181 1.2902)
(0.416294 0.115553 0.401564)
(-0.0615821 0.0537787 -0.591952)
(0.0615578 0.0537792 -0.591932)
(-0.416325 0.115542 0.401617)
(0.434236 0.434207 1.29019)
(-0.309243 0.64839 0.414631)
(-0.151156 0.294982 1.06824)
(-0.544858 -0.786265 0.805121)
(-0.354137 0.354167 0.866506)
(-0.648383 -0.309215 0.414569)
(0.126658 0.00742159 -0.506963)
(-0.207247 0.197379 -0.773095)
(0.207242 0.197386 -0.773087)
(-0.126662 0.00744178 -0.506959)
(0.648383 -0.30923 0.414591)
(0.354137 0.35416 0.866504)
(0.544858 -0.786268 0.805116)
(-0.909168 0.909166 0.793146)
(0.786269 0.544856 0.805112)
(-0.294949 -0.151219 1.0682)
(0.277746 -0.29768 -0.32159)
(-0.249394 -0.108986 -0.687669)
(0.2494 -0.108989 -0.687668)
(-0.277747 -0.297658 -0.321583)
(0.294959 -0.151183 1.06822)
(-0.78627 0.54486 0.805111)
(0.909167 0.909167 0.793139)
(-0.913388 -0.913388 0.824633)
(0.759347 -0.54668 0.885415)
(-0.226377 0.154367 1.06096)
(0.244604 0.262535 -0.384488)
(-0.231675 0.106632 -0.66229)
(0.231685 0.106638 -0.662284)
(-0.244612 0.262541 -0.384492)
(0.226431 0.154354 1.06098)
(-0.759342 -0.546671 0.885418)
(0.913387 -0.913388 0.824634)
(-0.546677 0.759345 0.885415)
(-0.362271 -0.362271 0.925052)
(-0.629077 0.336075 0.439992)
(0.146856 -0.031753 -0.513196)
(-0.197934 -0.188503 -0.742012)
(0.197919 -0.188504 -0.742003)
(-0.146861 -0.0317752 -0.513194)
(0.629071 0.336126 0.440018)
(0.362262 -0.362238 0.925058)
(0.546673 0.759339 0.885411)
(0.154376 -0.226379 1.06096)
(0.336054 -0.629083 0.439992)
(-0.460802 -0.460796 1.23111)
(0.421769 -0.120151 0.271134)
(-0.0532415 -0.0457293 -0.599197)
(0.053214 -0.0457295 -0.599171)
(-0.421792 -0.120136 0.27119)
(0.460809 -0.460803 1.23107)
(-0.336059 -0.629083 0.439971)
(-0.154393 -0.226393 1.06095)
(0.262533 0.244607 -0.38449)
(-0.0317553 0.146861 -0.513192)
(-0.120155 0.421762 0.271137)
(0.111385 0.11138 -0.387592)
(-0.0609559 0.147036 -0.706013)
(0.0609459 0.14704 -0.706015)
(-0.111404 0.111391 -0.387584)
(0.120159 0.421757 0.27117)
(0.0317706 0.146879 -0.513186)
(-0.262534 0.244617 -0.38451)
(0.106629 -0.231677 -0.662288)
(-0.188502 -0.197939 -0.74201)
(-0.0457245 -0.0532456 -0.599195)
(0.147037 -0.0609592 -0.706013)
(-0.0705422 -0.0705447 -0.713471)
(0.0705337 -0.0705437 -0.713469)
(-0.147045 -0.0609581 -0.706018)
(0.045712 -0.0532359 -0.599178)
(0.188505 -0.197945 -0.742006)
(-0.106624 -0.231684 -0.662293)
(0.106639 0.231695 -0.66228)
(-0.188508 0.19792 -0.741997)
(-0.0457281 0.0532068 -0.599163)
(0.147045 0.0609423 -0.706017)
(-0.0705403 0.0705313 -0.713469)
(0.0705327 0.0705307 -0.713468)
(-0.147053 0.0609436 -0.706021)
(0.0457146 0.0532015 -0.599154)
(0.188512 0.197929 -0.741995)
(-0.106632 0.231697 -0.662287)
(0.262537 -0.244616 -0.384503)
(-0.0317891 -0.146858 -0.513195)
(-0.120129 -0.421806 0.27121)
(0.111396 -0.111412 -0.387577)
(-0.0609545 -0.147047 -0.706017)
(0.0609463 -0.147051 -0.706018)
(-0.111411 -0.111416 -0.387574)
(0.120133 -0.421802 0.271233)
(0.0317956 -0.146876 -0.513191)
(-0.26254 -0.244626 -0.38451)
(0.154352 0.226467 1.061)
(0.336151 0.629071 0.440034)
(-0.4608 0.460819 1.23104)
(0.421751 0.120159 0.271183)
(-0.053225 0.0457108 -0.599171)
(0.0532042 0.0457113 -0.599154)
(-0.421776 0.120144 0.271222)
(0.460807 0.460822 1.23102)
(-0.336134 0.629074 0.440013)
(-0.154371 0.22647 1.06099)
(-0.546663 -0.759341 0.885419)
(-0.362215 0.362272 0.925059)
(-0.629078 -0.336051 0.439954)
(0.14689 0.0317715 -0.513186)
(-0.19794 0.188504 -0.742008)
(0.19793 0.188508 -0.742001)
(-0.146892 0.0317852 -0.513187)
(0.629073 -0.336091 0.439977)
(0.362216 0.362249 0.925056)
(0.546662 -0.759337 0.885415)
(-0.913389 0.913387 0.824634)
(0.759337 0.546676 0.885407)
(-0.226381 -0.154398 1.06094)
(0.244619 -0.262541 -0.38451)
(-0.231678 -0.106627 -0.662297)
(0.231685 -0.106632 -0.662293)
(-0.244626 -0.262547 -0.384505)
(0.226424 -0.154385 1.06097)
(-0.759335 0.54667 0.88541)
(0.913389 0.913388 0.824634)
(-0.922502 -0.922501 0.941502)
(0.715005 -0.555522 0.935161)
(-0.11926 0.17808 1.04596)
(0.235512 0.23607 -0.417809)
(-0.207528 0.105366 -0.643891)
(0.20752 0.10537 -0.643883)
(-0.235531 0.236084 -0.417823)
(0.119302 0.178113 1.04596)
(-0.715007 -0.555513 0.935167)
(0.922501 -0.922502 0.941502)
(-0.555519 0.715002 0.935161)
(-0.37022 -0.370219 0.979986)
(-0.623449 0.345269 0.464278)
(0.144118 -0.0338652 -0.522146)
(-0.186882 -0.155771 -0.711307)
(0.186867 -0.15577 -0.7113)
(-0.144124 -0.0338698 -0.522146)
(0.623436 0.345324 0.464299)
(0.370209 -0.370189 0.979992)
(0.555514 0.715 0.935157)
(0.178075 -0.119263 1.04596)
(0.345249 -0.623455 0.464282)
(-0.43683 -0.436808 1.18425)
(0.418579 -0.111824 0.130923)
(-0.0399115 -0.0388042 -0.594105)
(0.0398883 -0.0388056 -0.594083)
(-0.41859 -0.111806 0.130963)
(0.436837 -0.436736 1.18423)
(-0.345247 -0.623456 0.464275)
(-0.178114 -0.119278 1.04595)
(0.236066 0.235512 -0.417809)
(-0.0338712 0.144119 -0.522143)
(-0.111828 0.418573 0.130927)
(0.118107 0.118101 -0.416131)
(-0.0566862 0.135372 -0.681007)
(0.0566721 0.135375 -0.681006)
(-0.118135 0.118111 -0.416119)
(0.111824 0.418549 0.130955)
(0.0338875 0.14413 -0.522136)
(-0.236069 0.235529 -0.417828)
(0.105362 -0.207531 -0.64389)
(-0.155768 -0.186887 -0.711307)
(-0.0387993 -0.0399127 -0.594104)
(0.135373 -0.0566906 -0.681007)
(-0.0679839 -0.0679868 -0.6817)
(0.0679736 -0.0679846 -0.681698)
(-0.135381 -0.0566874 -0.681008)
(0.0387849 -0.0398957 -0.594092)
(0.155761 -0.186891 -0.711309)
(-0.105355 -0.207531 -0.643892)
(0.10537 0.207525 -0.643879)
(-0.155771 0.186867 -0.711298)
(-0.0388047 0.0398859 -0.594075)
(0.135379 0.0566678 -0.681007)
(-0.0679801 0.0679718 -0.681697)
(0.067971 0.0679702 -0.681696)
(-0.135387 0.056668 -0.681008)
(0.0387894 0.0398733 -0.594069)
(0.155765 0.186875 -0.711301)
(-0.105362 0.207524 -0.643883)
(0.236084 -0.235536 -0.417835)
(-0.0338727 -0.144117 -0.522148)
(-0.111796 -0.418598 0.130974)
(0.118113 -0.118148 -0.416111)
(-0.0566818 -0.135383 -0.681007)
(0.0566704 -0.135387 -0.681007)
(-0.118135 -0.11815 -0.416105)
(0.111795 -0.418578 0.130995)
(0.0338842 -0.144128 -0.522142)
(-0.236086 -0.235549 -0.417843)
(0.178127 0.119327 1.04596)
(0.345354 0.623431 0.464308)
(-0.436687 0.436862 1.18421)
(0.418535 0.111826 0.130968)
(-0.0398798 0.0387837 -0.594088)
(0.039864 0.0387851 -0.594072)
(-0.41855 0.11181 0.130996)
(0.436712 0.436799 1.1842)
(-0.345335 0.623435 0.464299)
(-0.178149 0.119335 1.04595)
(-0.555506 -0.715008 0.935169)
(-0.37017 0.370215 0.979992)
(-0.623455 -0.345234 0.46427)
(0.144143 0.033893 -0.522134)
(-0.186887 0.155762 -0.711307)
(0.186876 0.155763 -0.711302)
(-0.144146 0.0338907 -0.522136)
(0.623444 -0.345282 0.464285)
(0.370169 0.370192 0.979991)
(0.555504 -0.715006 0.935164)
(-0.922503 0.922501 0.941501)
(0.714999 0.555515 0.935153)
(-0.119272 -0.178129 1.04593)
(0.235534 -0.236076 -0.41783)
(-0.207523 -0.105359 -0.643893)
(0.207517 -0.105363 -0.643887)
(-0.23555 -0.23609 -0.417836)
(0.119305 -0.178149 1.04594)
(-0.715002 0.55551 0.935158)
(0.922503 0.922502 0.941501)
(-0.923173 -0.923173 1.01967)
(0.755498 -0.549193 0.971412)
(-0.117515 0.283689 1.01095)
(0.237465 0.191475 -0.439672)
(-0.196456 0.0998726 -0.625329)
(0.196443 0.099878 -0.62532)
(-0.237485 0.191473 -0.439702)
(0.117528 0.28373 1.01092)
(-0.7555 -0.549191 0.971415)
(0.923173 -0.923174 1.01967)
(-0.549192 0.755495 0.971412)
(-0.388251 -0.388252 1.02192)
(-0.621425 0.324329 0.488283)
(0.128457 -0.0519683 -0.546899)
(-0.173032 -0.132257 -0.683021)
(0.17302 -0.132256 -0.683015)
(-0.12846 -0.05197 -0.5469)
(0.621415 0.324375 0.488284)
(0.38824 -0.388229 1.02193)
(0.549186 0.755495 0.971407)
(0.283677 -0.117518 1.01096)
(0.324317 -0.62143 0.488292)
(-0.357981 -0.357951 1.14266)
(0.415738 -0.0926335 0.00425959)
(-0.0243178 -0.0406307 -0.57655)
(0.0242966 -0.0406345 -0.576533)
(-0.415744 -0.0926253 0.00429116)
(0.35799 -0.357821 1.14265)
(-0.324311 -0.621434 0.488302)
(-0.283704 -0.11754 1.01092)
(0.191475 0.237464 -0.439669)
(-0.0519751 0.128457 -0.546896)
(-0.0926345 0.415734 0.00426827)
(0.1255 0.125493 -0.436601)
(-0.0506251 0.124295 -0.653798)
(0.050609 0.124297 -0.653795)
(-0.125533 0.125504 -0.436588)
(0.0926304 0.415715 0.0043142)
(0.0519998 0.128465 -0.546891)
(-0.19147 0.237477 -0.439691)
(0.0998698 -0.196458 -0.625328)
(-0.132256 -0.173034 -0.683024)
(-0.0406278 -0.0243168 -0.576549)
(0.124296 -0.05063 -0.653798)
(-0.0599668 -0.05997 -0.652894)
(0.0599563 -0.0599679 -0.652892)
(-0.124304 -0.0506254 -0.653796)
(0.0406204 -0.0242927 -0.576539)
(0.132255 -0.173033 -0.683031)
(-0.0998674 -0.196457 -0.625324)
(0.0998791 0.196443 -0.625315)
(-0.132258 0.173018 -0.683016)
(-0.0406362 0.0242978 -0.576525)
(0.1243 0.0506042 -0.653793)
(-0.059963 0.0599551 -0.652891)
(0.0599535 0.0599534 -0.652889)
(-0.124308 0.0506037 -0.653792)
(0.0406275 0.0242787 -0.576519)
(0.132258 0.173019 -0.683025)
(-0.0998757 0.196442 -0.625314)
(0.191469 -0.237489 -0.439719)
(-0.0519676 -0.128454 -0.546903)
(-0.092619 -0.415747 0.00429287)
(0.125504 -0.125552 -0.436583)
(-0.0506184 -0.124308 -0.653796)
(0.0506056 -0.124311 -0.653793)
(-0.125531 -0.125553 -0.436575)
(0.0926157 -0.415731 0.00433071)
(0.0519873 -0.128462 -0.546897)
(-0.191469 -0.2375 -0.439726)
(0.283748 0.117534 1.0109)
(0.324401 0.621409 0.488279)
(-0.357741 0.358021 1.14265)
(0.415704 0.0926325 0.00433981)
(-0.024273 0.0406179 -0.576537)
(0.0242602 0.0406212 -0.576524)
(-0.415714 0.0926247 0.00435702)
(0.357778 0.357908 1.14264)
(-0.324386 0.621415 0.488287)
(-0.283755 0.117548 1.01089)
(-0.549188 -0.755501 0.971415)
(-0.388218 0.388239 1.02193)
(-0.621436 -0.324298 0.488309)
(0.128474 0.0520105 -0.546887)
(-0.17303 0.132255 -0.683026)
(0.173021 0.132256 -0.683021)
(-0.128475 0.0520047 -0.54689)
(0.621427 -0.324341 0.488303)
(0.388213 0.388221 1.02193)
(0.549185 -0.755499 0.971412)
(-0.923174 0.923172 1.01967)
(0.755494 0.549185 0.971404)
(-0.117545 -0.283712 1.01091)
(0.237483 -0.191474 -0.439694)
(-0.196451 -0.0998709 -0.625324)
(0.19644 -0.099876 -0.625317)
(-0.2375 -0.191475 -0.439714)
(0.117551 -0.28374 1.01089)
(-0.755497 0.549184 0.971408)
(0.923174 0.923174 1.01967)
(-0.918198 -0.918198 1.07512)
(0.764482 -0.509304 1.0312)
(-0.234446 0.409092 0.962463)
(0.223116 0.130109 -0.461271)
(-0.199528 0.0905534 -0.608279)
(0.199518 0.0905618 -0.608272)
(-0.223131 0.130103 -0.4613)
(0.234441 0.409076 0.962414)
(-0.764481 -0.509304 1.0312)
(0.918197 -0.918199 1.07512)
(-0.509303 0.764481 1.0312)
(-0.462775 -0.462778 1.10011)
(-0.568064 0.172825 0.515023)
(0.105628 -0.0900688 -0.587087)
(-0.156531 -0.124065 -0.65626)
(0.15652 -0.124063 -0.656255)
(-0.105626 -0.0900699 -0.587092)
(0.568052 0.172852 0.514993)
(0.462768 -0.46276 1.10012)
(0.509299 0.764483 1.0312)
(0.409092 -0.23445 0.962478)
(0.17283 -0.568069 0.515036)
(-0.243071 -0.243057 1.06841)
(0.414775 -0.0790651 -0.110816)
(-0.0100968 -0.048032 -0.547337)
(0.0100779 -0.048037 -0.547325)
(-0.414776 -0.0790615 -0.110793)
(0.243071 -0.242965 1.06841)
(-0.172827 -0.56807 0.515052)
(-0.409077 -0.234463 0.962442)
(0.13011 0.223114 -0.461266)
(-0.0900742 0.105629 -0.587084)
(-0.0790662 0.414775 -0.110804)
(0.131297 0.131292 -0.450781)
(-0.0404445 0.116506 -0.62746)
(0.0404305 0.116507 -0.627454)
(-0.131326 0.131301 -0.45077)
(0.0790652 0.414768 -0.110747)
(0.0900959 0.105635 -0.587083)
(-0.130108 0.223119 -0.461282)
(0.0905519 -0.19953 -0.608278)
(-0.124065 -0.156531 -0.656262)
(-0.0480313 -0.0100965 -0.547337)
(0.116507 -0.0404485 -0.62746)
(-0.0491414 -0.0491441 -0.623393)
(0.0491326 -0.049143 -0.623391)
(-0.116516 -0.0404444 -0.627457)
(0.0480318 -0.0100761 -0.547327)
(0.124065 -0.156525 -0.656267)
(-0.0905574 -0.19953 -0.608273)
(0.0905653 0.199518 -0.608266)
(-0.124064 0.156516 -0.656256)
(-0.0480407 0.0100795 -0.547319)
(0.116509 0.0404266 -0.627451)
(-0.0491391 0.0491315 -0.62339)
(0.0491309 0.0491305 -0.623387)
(-0.116517 0.0404255 -0.627449)
(0.0480398 0.010063 -0.547311)
(0.124066 0.156512 -0.656261)
(-0.0905695 0.199519 -0.608263)
(0.130098 -0.223135 -0.461316)
(-0.0900678 -0.105624 -0.587096)
(-0.0790604 -0.414775 -0.110796)
(0.131301 -0.131343 -0.450766)
(-0.040438 -0.11652 -0.627456)
(0.0404267 -0.116521 -0.627452)
(-0.131326 -0.131345 -0.450759)
(0.079059 -0.414772 -0.110747)
(0.0900855 -0.10563 -0.587094)
(-0.1301 -0.223141 -0.46132)
(0.409077 0.23444 0.962394)
(0.172867 0.568044 0.51497)
(-0.242912 0.243085 1.06841)
(0.414763 0.0790625 -0.110716)
(-0.0100594 0.0480286 -0.547322)
(0.0100469 0.0480328 -0.547312)
(-0.414768 0.0790589 -0.110708)
(0.242928 0.243006 1.06841)
(-0.172869 0.56805 0.514987)
(-0.409063 0.234448 0.962381)
(-0.509304 -0.764481 1.0312)
(-0.462753 0.462767 1.10012)
(-0.568073 -0.172818 0.515066)
(0.105636 0.0901036 -0.587079)
(-0.156524 0.124066 -0.656262)
(0.156515 0.124065 -0.656257)
(-0.105635 0.0900993 -0.587085)
(0.568064 -0.172848 0.515031)
(0.462748 0.462751 1.10012)
(0.509302 -0.764483 1.03119)
(-0.918199 0.918197 1.07512)
(0.764484 0.509299 1.03119)
(-0.234466 -0.409063 0.962429)
(0.223123 -0.130111 -0.461286)
(-0.199526 -0.09056 -0.608271)
(0.199517 -0.0905678 -0.608266)
(-0.223138 -0.130108 -0.461307)
(0.234457 -0.409051 0.962395)
(-0.764484 0.5093 1.03119)
(0.918199 0.918198 1.07512)
(-0.910323 -0.910323 1.14899)
(0.742051 -0.4664 1.13695)
(-0.34238 0.449694 0.959325)
(0.18839 0.0742434 -0.483207)
(-0.204321 0.0775549 -0.599405)
(0.204316 0.0775643 -0.599399)
(-0.188403 0.0742303 -0.483234)
(0.342355 0.449639 0.959282)
(-0.742049 -0.466403 1.13695)
(0.910322 -0.910323 1.14898)
(-0.4664 0.742051 1.13695)
(-0.547873 -0.547877 1.14189)
(-0.425944 -0.141135 0.521386)
(0.0832369 -0.121168 -0.618977)
(-0.138337 -0.116683 -0.632031)
(0.138328 -0.116682 -0.632025)
(-0.0832313 -0.121173 -0.618981)
(0.425914 -0.14115 0.521336)
(0.547875 -0.547871 1.14189)
(0.466402 0.742055 1.13695)
(0.449704 -0.342387 0.959334)
(-0.141118 -0.425953 0.5214)
(-0.114413 -0.114415 0.870394)
(0.394082 -0.0718105 -0.20473)
(-0.00590077 -0.0528927 -0.515492)
(0.00588585 -0.0528982 -0.515485)
(-0.394084 -0.0718077 -0.204712)
(0.114402 -0.114402 0.870407)
(0.141127 -0.42595 0.521408)
(-0.449666 -0.342376 0.959309)
(0.0742451 0.188387 -0.483203)
(-0.121171 0.0832385 -0.618975)
(-0.0718124 0.394082 -0.204722)
(0.131434 0.13143 -0.464136)
(-0.0267827 0.110647 -0.602304)
(0.0267705 0.110647 -0.602298)
(-0.131454 0.131437 -0.464128)
(0.0718124 0.394078 -0.204675)
(0.121183 0.0832392 -0.618973)
(-0.0742454 0.188392 -0.483215)
(0.0775536 -0.204322 -0.599405)
(-0.116683 -0.138338 -0.632032)
(-0.0528922 -0.00590104 -0.515492)
(0.110648 -0.0267858 -0.602305)
(-0.0419698 -0.0419721 -0.591843)
(0.0419624 -0.0419717 -0.591841)
(-0.110656 -0.0267816 -0.602302)
(0.0528945 -0.00588836 -0.515482)
(0.116683 -0.138333 -0.632032)
(-0.0775617 -0.204323 -0.5994)
(0.0775679 0.204319 -0.599394)
(-0.116683 0.138325 -0.632024)
(-0.0529017 0.00588663 -0.51548)
(0.110648 0.0267667 -0.602295)
(-0.0419687 0.0419611 -0.591839)
(0.0419616 0.0419606 -0.591837)
(-0.110656 0.0267651 -0.602293)
(0.0529027 0.00587602 -0.515471)
(0.116684 0.138322 -0.632025)
(-0.0775748 0.204319 -0.599391)
(0.0742194 -0.188403 -0.483248)
(-0.121176 -0.0832307 -0.618984)
(-0.0718082 -0.394082 -0.204713)
(0.131437 -0.131465 -0.464125)
(-0.026776 -0.11066 -0.602301)
(0.0267663 -0.11066 -0.602296)
(-0.131455 -0.131468 -0.464119)
(0.0718079 -0.394082 -0.204673)
(0.121185 -0.0832328 -0.618982)
(-0.0742242 -0.188409 -0.48325)
(0.449626 0.342349 0.959261)
(-0.141148 0.425897 0.521307)
(-0.114397 0.114396 0.870406)
(0.394076 0.0718085 -0.204649)
(-0.00587814 0.0528922 -0.515476)
(0.00586699 0.0528969 -0.515469)
(-0.39408 0.0718056 -0.204642)
(0.114385 0.114384 0.87042)
(0.141141 0.425904 0.52132)
(-0.449603 0.342343 0.959251)
(-0.466403 -0.742048 1.13694)
(-0.547868 0.547876 1.14188)
(-0.425953 0.141136 0.521417)
(0.0832365 0.121186 -0.61897)
(-0.138331 0.116682 -0.632028)
(0.138324 0.116682 -0.632022)
(-0.0832319 0.121188 -0.618976)
(0.425929 0.141141 0.521367)
(0.547869 0.547871 1.14188)
(0.466405 -0.742053 1.13694)
(-0.910324 0.910321 1.14898)
(0.742057 0.466404 1.13695)
(-0.342368 -0.449643 0.959304)
(0.188396 -0.0742479 -0.483219)
(-0.20432 -0.0775644 -0.599398)
(0.204316 -0.0775731 -0.599392)
(-0.18841 -0.0742369 -0.483239)
(0.342348 -0.449602 0.95927)
(-0.742056 0.466405 1.13694)
(0.910323 0.910323 1.14898)
(-0.899503 -0.899503 1.22408)
(0.737276 -0.440973 1.27139)
(-0.34 0.428068 1.04047)
(0.156928 0.0405681 -0.499374)
(-0.203514 0.0654653 -0.600143)
(0.203516 0.065474 -0.600138)
(-0.156936 0.0405502 -0.499386)
(0.339967 0.427992 1.04045)
(-0.737273 -0.440977 1.27138)
(0.899501 -0.899503 1.22408)
(-0.440973 0.737278 1.2714)
(-0.579545 -0.579547 1.11301)
(-0.295723 -0.270296 0.481431)
(0.0625704 -0.124229 -0.627292)
(-0.120407 -0.109672 -0.612244)
(0.120399 -0.109671 -0.61224)
(-0.0625593 -0.124241 -0.627293)
(0.295679 -0.270326 0.481365)
(0.579549 -0.579544 1.113)
(0.440981 0.737281 1.27139)
(0.428082 -0.340009 1.04047)
(-0.270284 -0.295733 0.481447)
(-0.0548947 -0.0548998 0.467668)
(0.339713 -0.0692103 -0.28053)
(-0.0118267 -0.0524394 -0.489913)
(0.0118164 -0.0524452 -0.489907)
(-0.339715 -0.0692073 -0.280517)
(0.0548912 -0.0549216 0.467666)
(0.270294 -0.295723 0.48144)
(-0.428036 -0.339991 1.04046)
(0.0405707 0.156927 -0.499372)
(-0.124229 0.0625726 -0.627291)
(-0.069212 0.339713 -0.280524)
(0.12622 0.126218 -0.481682)
(-0.0132977 0.102341 -0.576023)
(0.0132891 0.102341 -0.576018)
(-0.126232 0.126221 -0.481676)
(0.0692108 0.33971 -0.280489)
(0.124233 0.062568 -0.627288)
(-0.0405715 0.156935 -0.499378)
(0.065463 -0.203515 -0.600144)
(-0.109672 -0.120408 -0.612245)
(-0.052438 -0.0118278 -0.489912)
(0.102342 -0.0132994 -0.576024)
(-0.0386182 -0.0386203 -0.561053)
(0.0386119 -0.0386206 -0.561051)
(-0.102348 -0.013296 -0.576021)
(0.0524386 -0.0118232 -0.489902)
(0.109671 -0.120403 -0.612243)
(-0.065468 -0.203515 -0.600139)
(0.0654762 0.203521 -0.600135)
(-0.109671 0.120397 -0.612238)
(-0.0524479 0.0118168 -0.489904)
(0.102342 0.0132862 -0.576015)
(-0.0386185 0.0386105 -0.561049)
(0.0386122 0.0386108 -0.561047)
(-0.102348 0.0132846 -0.576013)
(0.0524473 0.0118129 -0.489894)
(0.109671 0.120394 -0.612236)
(-0.0654802 0.203521 -0.600132)
(0.0405384 -0.156933 -0.499392)
(-0.124248 -0.0625574 -0.627296)
(-0.0692072 -0.339714 -0.280517)
(0.126221 -0.126238 -0.481673)
(-0.0132924 -0.102352 -0.57602)
(0.0132856 -0.102352 -0.576015)
(-0.126232 -0.12624 -0.481668)
(0.0692066 -0.339714 -0.280486)
(0.124249 -0.0625549 -0.627293)
(-0.0405435 -0.156941 -0.499391)
(0.42797 0.339957 1.04043)
(-0.270325 0.295659 0.481333)
(-0.0549342 0.0548857 0.467662)
(0.339708 0.0692084 -0.28047)
(-0.011818 0.0524376 -0.489896)
(0.0118093 0.0524428 -0.489891)
(-0.339712 0.0692057 -0.280464)
(0.0549231 0.0549024 0.46767)
(0.270324 0.295659 0.481334)
(-0.427945 0.339949 1.04043)
(-0.440977 -0.737271 1.27137)
(-0.57954 0.579553 1.11299)
(-0.295722 0.270301 0.481442)
(0.0625637 0.124235 -0.627285)
(-0.120403 0.10967 -0.61224)
(0.120397 0.109669 -0.612235)
(-0.062554 0.124245 -0.627289)
(0.295684 0.270325 0.481379)
(0.579544 0.579551 1.11298)
(0.440983 -0.737274 1.27137)
(-0.899503 0.899501 1.22408)
(0.737282 0.440985 1.27139)
(-0.33998 -0.428012 1.04046)
(0.156938 -0.0405726 -0.49938)
(-0.203513 -0.0654714 -0.600136)
(0.203515 -0.0654797 -0.600132)
(-0.156944 -0.0405569 -0.499387)
(0.339954 -0.427953 1.04045)
(-0.737278 0.440986 1.27137)
(0.899502 0.899502 1.22407)
(-0.885987 -0.885987 1.28712)
(0.742356 -0.428921 1.39309)
(-0.309205 0.368934 1.13084)
(0.140695 0.0252249 -0.505738)
(-0.197088 0.0576451 -0.604971)
(0.197087 0.0576534 -0.604966)
(-0.140707 0.0252216 -0.505732)
(0.309172 0.368843 1.13085)
(-0.742352 -0.428926 1.39306)
(0.885986 -0.885987 1.28712)
(-0.428921 0.742358 1.39309)
(-0.567769 -0.56777 1.05012)
(-0.243078 -0.14323 0.442891)
(0.0409181 -0.110789 -0.626247)
(-0.106048 -0.102511 -0.596058)
(0.106042 -0.10251 -0.596055)
(-0.0408984 -0.110793 -0.626243)
(0.243038 -0.14326 0.442815)
(0.567769 -0.567768 1.05008)
(0.428934 0.74236 1.39308)
(0.368952 -0.309213 1.13084)
(-0.143223 -0.243085 0.442908)
(-0.0663645 -0.0663713 0.175337)
(0.279489 -0.0643022 -0.346109)
(-0.0194211 -0.0519591 -0.477848)
(0.0194137 -0.0519651 -0.477844)
(-0.279489 -0.0642993 -0.346102)
(0.066369 -0.0664041 0.175332)
(0.143216 -0.243072 0.442893)
(-0.368901 -0.309194 1.13084)
(0.0252254 0.140693 -0.50574)
(-0.110789 0.040922 -0.626247)
(-0.0643034 0.279489 -0.346105)
(0.119009 0.119009 -0.503833)
(-0.00798526 0.0904403 -0.549027)
(0.00797958 0.0904402 -0.549023)
(-0.119015 0.119011 -0.503827)
(0.0643017 0.279486 -0.346082)
(0.110786 0.0409141 -0.626242)
(-0.0252286 0.140702 -0.505741)
(0.0576431 -0.197089 -0.604972)
(-0.102511 -0.106048 -0.596058)
(-0.0519576 -0.0194229 -0.477847)
(0.0904412 -0.00798624 -0.549027)
(-0.0379269 -0.0379287 -0.533993)
(0.0379217 -0.0379298 -0.533992)
(-0.0904463 -0.00798387 -0.549024)
(0.0519578 -0.0194235 -0.477838)
(0.102509 -0.106045 -0.596056)
(-0.0576475 -0.197088 -0.604967)
(0.0576557 0.19709 -0.604965)
(-0.10251 0.10604 -0.596053)
(-0.0519675 0.0194137 -0.477841)
(0.0904407 0.00797746 -0.54902)
(-0.0379285 0.0379205 -0.53399)
(0.0379232 0.0379215 -0.533988)
(-0.0904459 0.00797607 -0.549018)
(0.0519666 0.0194146 -0.477832)
(0.102508 0.106037 -0.59605)
(-0.0576592 0.197089 -0.604961)
(0.0252186 -0.140708 -0.505728)
(-0.110795 -0.0408926 -0.626243)
(-0.0642987 -0.279489 -0.346104)
(0.119011 -0.119019 -0.503824)
(-0.00798172 -0.090449 -0.549024)
(0.00797709 -0.090449 -0.54902)
(-0.119016 -0.119021 -0.503819)
(0.0642977 -0.279488 -0.346082)
(0.110792 -0.0408882 -0.626239)
(-0.0252222 -0.140716 -0.505728)
(0.368811 0.309163 1.13084)
(-0.143263 0.24302 0.442778)
(-0.0664167 0.0663697 0.17533)
(0.279484 0.0642997 -0.346069)
(-0.0194215 0.0519574 -0.477833)
(0.0194147 0.0519627 -0.477829)
(-0.279486 0.0642973 -0.346066)
(0.0664141 0.066398 0.175332)
(0.143254 0.243014 0.442774)
(-0.368786 0.309155 1.13084)
(-0.428925 -0.742351 1.39305)
(-0.567763 0.567772 1.05007)
(-0.243068 0.143215 0.442892)
(0.0409097 0.110785 -0.626239)
(-0.106045 0.102507 -0.596054)
(0.10604 0.102506 -0.59605)
(-0.040892 0.110788 -0.626237)
(0.243033 0.143247 0.44282)
(0.567766 0.567773 1.05004)
(0.428934 -0.742353 1.39305)
(-0.885987 0.885985 1.28712)
(0.742361 0.428941 1.39308)
(-0.309183 -0.368877 1.13085)
(0.140705 -0.0252311 -0.50574)
(-0.197086 -0.0576504 -0.604963)
(0.197085 -0.0576583 -0.604959)
(-0.140716 -0.0252277 -0.505732)
(0.309158 -0.368806 1.13085)
(-0.742357 0.428941 1.39306)
(0.885986 0.885986 1.28712)
(-0.869939 -0.869939 1.34446)
(0.739518 -0.419861 1.50179)
(-0.279236 0.284516 1.19942)
(0.137746 0.0186458 -0.509718)
(-0.189147 0.0526865 -0.609738)
(0.189135 0.052694 -0.609734)
(-0.137764 0.0186557 -0.509708)
(0.279209 0.284422 1.19945)
(-0.739514 -0.419865 1.50177)
(0.869937 -0.869939 1.34446)
(-0.419862 0.739521 1.5018)
(-0.547083 -0.547086 0.97741)
(-0.222076 -0.0445182 0.399095)
(0.0120888 -0.0943565 -0.625516)
(-0.0963937 -0.0950691 -0.583772)
(0.096391 -0.0950694 -0.583773)
(-0.0120613 -0.0943453 -0.625505)
(0.222056 -0.0445611 0.399007)
(0.547074 -0.547086 0.977361)
(0.419877 0.739522 1.50179)
(0.284534 -0.279242 1.19941)
(-0.0445064 -0.22208 0.399114)
(-0.0847822 -0.0847914 0.00439999)
(0.233047 -0.0590358 -0.409709)
(-0.0293195 -0.054881 -0.472963)
(0.0293137 -0.0548868 -0.47296)
(-0.233046 -0.0590338 -0.409704)
(0.08479 -0.084833 0.0043896)
(0.0444911 -0.222072 0.39909)
(-0.284486 -0.279228 1.19942)
(0.0186442 0.137743 -0.509721)
(-0.0943576 0.0120948 -0.625517)
(-0.0590368 0.233047 -0.409707)
(0.102151 0.102151 -0.520954)
(-0.012568 0.0731495 -0.524528)
(0.0125644 0.0731491 -0.524526)
(-0.102153 0.102153 -0.520949)
(0.0590359 0.233044 -0.409693)
(0.0943492 0.0120862 -0.62551)
(-0.0186495 0.137752 -0.509721)
(0.052685 -0.189149 -0.609739)
(-0.0950684 -0.0963935 -0.583772)
(-0.0548796 -0.0293218 -0.472962)
(0.0731505 -0.0125686 -0.524527)
(-0.0385957 -0.0385974 -0.513329)
(0.0385917 -0.0385989 -0.513327)
(-0.0731544 -0.0125669 -0.524524)
(0.05488 -0.0293254 -0.472955)
(0.0950663 -0.0963915 -0.583769)
(-0.052689 -0.189147 -0.609733)
(0.0526965 0.189131 -0.609732)
(-0.0950696 0.0963894 -0.583772)
(-0.0548894 0.0293132 -0.472958)
(0.0731495 0.0125631 -0.524524)
(-0.0385981 0.0385906 -0.513326)
(0.0385939 0.0385921 -0.513325)
(-0.0731536 0.0125621 -0.524521)
(0.0548888 0.0293173 -0.472951)
(0.0950675 0.0963881 -0.583769)
(-0.0526998 0.189132 -0.609727)
(0.0186594 -0.13777 -0.509704)
(-0.0943403 -0.0120512 -0.625501)
(-0.0590336 -0.233046 -0.409705)
(0.102153 -0.102155 -0.520946)
(-0.0125655 -0.0731564 -0.524524)
(0.0125627 -0.0731562 -0.524522)
(-0.102155 -0.102157 -0.520942)
(0.0590331 -0.233044 -0.409692)
(0.0943351 -0.0120471 -0.625496)
(-0.0186619 -0.137775 -0.509703)
(0.284385 0.279201 1.19945)
(-0.0445801 0.222045 0.398965)
(-0.0848496 0.0847919 0.0043856)
(0.233043 0.0590341 -0.409685)
(-0.0293254 0.0548796 -0.472951)
(0.0293199 0.0548849 -0.472949)
(-0.233043 0.0590324 -0.409682)
(0.0848502 0.0848298 0.00438127)
(0.0445626 0.22204 0.398955)
(-0.284363 0.279195 1.19946)
(-0.419864 -0.739513 1.50175)
(-0.547082 0.547073 0.977338)
(-0.222071 0.0444825 0.399086)
(0.0120824 0.0943442 -0.625506)
(-0.0963925 0.0950652 -0.583769)
(0.0963906 0.0950656 -0.583769)
(-0.012057 0.0943356 -0.625497)
(0.222052 0.0445281 0.399006)
(0.547077 0.547078 0.977302)
(0.419875 -0.739515 1.50175)
(-0.869939 0.869936 1.34446)
(0.739523 0.419885 1.50179)
(-0.279218 -0.284466 1.19943)
(0.137756 -0.0186534 -0.50972)
(-0.189144 -0.0526911 -0.609729)
(0.189134 -0.0526984 -0.609725)
(-0.137772 -0.0186612 -0.509709)
(0.279198 -0.28439 1.19946)
(-0.739519 0.419884 1.50176)
(0.869937 0.869936 1.34446)
(-0.852365 -0.852365 1.39756)
(0.729363 -0.412332 1.60219)
(-0.258771 0.201558 1.28264)
(0.142319 0.0216373 -0.511175)
(-0.180906 0.0497268 -0.61342)
(0.180892 0.0497328 -0.613417)
(-0.14233 0.0216469 -0.511171)
(0.25875 0.201496 1.2827)
(-0.729358 -0.412334 1.60216)
(0.852363 -0.852364 1.39756)
(-0.412333 0.729366 1.60219)
(-0.532998 -0.533004 0.897395)
(-0.218533 -0.072363 0.335851)
(-0.0284474 -0.0830577 -0.625031)
(-0.0901179 -0.0852209 -0.579922)
(0.090119 -0.0852221 -0.579926)
(0.0284755 -0.0830468 -0.625018)
(0.218541 -0.0723923 0.335766)
(0.532978 -0.533004 0.897337)
(0.412348 0.729367 1.60218)
(0.20157 -0.258776 1.28263)
(-0.0723522 -0.218532 0.335869)
(-0.117371 -0.11738 -0.141151)
(0.181167 -0.0587818 -0.468172)
(-0.0438199 -0.0600206 -0.474982)
(0.0438158 -0.0600258 -0.474982)
(-0.181167 -0.0587816 -0.468167)
(0.11738 -0.11742 -0.141168)
(0.0723353 -0.218538 0.335839)
(-0.201542 -0.258766 1.28264)
(0.0216356 0.142318 -0.511178)
(-0.0830585 -0.0284408 -0.625033)
(-0.0587824 0.181166 -0.468172)
(0.0671664 0.067167 -0.53608)
(-0.0244747 0.0512378 -0.510813)
(0.0244727 0.0512373 -0.510813)
(-0.0671663 0.0671681 -0.536075)
(0.0587827 0.181164 -0.468168)
(0.0830502 -0.0284479 -0.625025)
(-0.0216407 0.142323 -0.511179)
(0.0497256 -0.180908 -0.61342)
(-0.0852199 -0.0901171 -0.57992)
(-0.0600194 -0.0438223 -0.474982)
(0.0512388 -0.0244751 -0.510812)
(-0.0386467 -0.0386483 -0.504141)
(0.0386435 -0.03865 -0.50414)
(-0.0512421 -0.0244742 -0.51081)
(0.0600195 -0.0438274 -0.474977)
(0.0852178 -0.0901173 -0.579919)
(-0.0497288 -0.180906 -0.613414)
(0.049735 0.180887 -0.613415)
(-0.0852225 0.0901191 -0.579926)
(-0.0600283 0.0438152 -0.474981)
(0.0512375 0.024472 -0.510811)
(-0.0386494 0.0386427 -0.50414)
(0.0386461 0.0386444 -0.504139)
(-0.0512409 0.0244715 -0.510809)
(0.0600276 0.0438207 -0.474975)
(0.0852203 0.0901193 -0.579923)
(-0.0497377 0.180888 -0.613409)
(0.0216503 -0.142334 -0.51117)
(-0.0830422 0.028487 -0.625013)
(-0.0587821 -0.181168 -0.468167)
(0.0671687 -0.0671669 -0.536072)
(-0.0244733 -0.0512438 -0.51081)
(0.0244719 -0.0512433 -0.510809)
(-0.0671683 -0.067168 -0.536068)
(0.0587824 -0.181166 -0.468163)
(0.0830368 0.0284902 -0.625007)
(-0.0216525 -0.142337 -0.51117)
(0.20147 0.258744 1.28272)
(-0.0724104 0.218542 0.335723)
(-0.117438 0.117382 -0.141175)
(0.181164 0.0587816 -0.468163)
(-0.0438286 0.060019 -0.474974)
(0.0438246 0.0600239 -0.474973)
(-0.181165 0.0587813 -0.468159)
(0.11744 0.117419 -0.141186)
(0.0723926 0.218545 0.335708)
(-0.201456 0.258742 1.28272)
(-0.412333 -0.729356 1.60214)
(-0.533002 0.532971 0.89731)
(-0.21854 0.0723232 0.335833)
(-0.0284504 0.083045 -0.625021)
(-0.0901194 0.0852169 -0.579918)
(0.0901209 0.085218 -0.579922)
(0.0284772 0.0830365 -0.625009)
(0.218546 0.0723551 0.335757)
(0.532986 0.532978 0.897266)
(0.412344 -0.729359 1.60214)
(-0.852364 0.852362 1.39756)
(0.729368 0.412356 1.60218)
(-0.25876 -0.201531 1.28265)
(0.142327 -0.021644 -0.51118)
(-0.180904 -0.0497303 -0.61341)
(0.180893 -0.0497363 -0.613408)
(-0.142336 -0.0216515 -0.511174)
(0.258744 -0.201479 1.28271)
(-0.729364 0.412354 1.60215)
(0.852362 0.852362 1.39756)
(-0.833688 -0.833688 1.44785)
(0.719975 -0.406732 1.6982)
(-0.247906 0.161381 1.39636)
(0.151035 0.0337149 -0.51501)
(-0.166728 0.0481117 -0.614979)
(0.166721 0.0481163 -0.614978)
(-0.151038 0.0337215 -0.515007)
(0.247889 0.16138 1.39643)
(-0.71997 -0.406734 1.69816)
(0.833685 -0.833687 1.44785)
(-0.406734 0.719978 1.6982)
(-0.517519 -0.517526 0.82855)
(-0.239053 -0.106934 0.2957)
(-0.064206 -0.0742762 -0.62666)
(-0.0857435 -0.0726172 -0.584395)
(0.0857469 -0.072618 -0.584401)
(0.0642259 -0.0742724 -0.626651)
(0.239076 -0.106933 0.295638)
(0.517493 -0.517526 0.828493)
(0.406747 0.71998 1.69819)
(0.161382 -0.24791 1.39634)
(-0.106928 -0.23905 0.295712)
(-0.134814 -0.13482 -0.287697)
(0.126263 -0.0655153 -0.519277)
(-0.0560892 -0.0634893 -0.484025)
(0.0560861 -0.0634936 -0.484026)
(-0.126265 -0.065517 -0.519274)
(0.13482 -0.134849 -0.287714)
(0.106908 -0.239065 0.295687)
(-0.161385 -0.247905 1.39635)
(0.0337135 0.151036 -0.515012)
(-0.074276 -0.0642007 -0.626661)
(-0.0655157 0.126262 -0.519279)
(0.0246888 0.0246894 -0.546492)
(-0.0343823 0.0306903 -0.512916)
(0.0343815 0.0306899 -0.512916)
(-0.0246883 0.0246901 -0.546488)
(0.0655173 0.126261 -0.519279)
(0.0742711 -0.0642035 -0.626655)
(-0.0337171 0.151038 -0.515015)
(0.0481109 -0.166729 -0.614978)
(-0.0726164 -0.0857424 -0.584393)
(-0.0634883 -0.0560913 -0.484025)
(0.0306913 -0.0343825 -0.512915)
(-0.0360021 -0.0360032 -0.503196)
(0.036 -0.0360045 -0.503196)
(-0.0306939 -0.0343823 -0.512913)
(0.0634883 -0.0560957 -0.484022)
(0.0726145 -0.0857443 -0.584392)
(-0.0481132 -0.166729 -0.614973)
(0.048118 0.166719 -0.614977)
(-0.0726184 0.0857481 -0.584402)
(-0.0634958 0.0560855 -0.484026)
(0.03069 0.0343811 -0.512915)
(-0.0360044 0.0359995 -0.503195)
(0.0360023 0.0360009 -0.503195)
(-0.0306927 0.0343811 -0.512913)
(0.0634953 0.0560904 -0.484022)
(0.0726165 0.0857496 -0.5844)
(-0.0481202 0.16672 -0.614972)
(0.0337238 -0.151038 -0.515006)
(-0.0742709 0.0642346 -0.626647)
(-0.0655181 -0.126267 -0.519274)
(0.0246907 -0.0246885 -0.546486)
(-0.0343822 -0.0306952 -0.512913)
(0.0343816 -0.0306947 -0.512913)
(-0.0246898 -0.0246892 -0.546483)
(0.0655195 -0.126265 -0.519274)
(0.0742669 0.0642361 -0.626643)
(-0.0337255 -0.15104 -0.515007)
(0.161376 0.247884 1.39645)
(-0.106937 0.239085 0.295606)
(-0.134862 0.134821 -0.287721)
(0.126262 0.065517 -0.519277)
(-0.056097 0.0634877 -0.48402)
(0.0560941 0.063492 -0.48402)
(-0.126264 0.0655184 -0.519273)
(0.134864 0.134848 -0.287733)
(0.106919 0.239095 0.29559)
(-0.161378 0.247884 1.39644)
(-0.406732 -0.719969 1.69815)
(-0.517525 0.517483 0.828466)
(-0.239071 0.106894 0.295684)
(-0.0642038 0.074268 -0.626652)
(-0.085747 0.0726134 -0.584392)
(0.0857506 0.0726143 -0.584397)
(0.0642242 0.0742651 -0.626644)
(0.23909 0.106897 0.295628)
(0.517503 0.517489 0.828425)
(0.406742 -0.719973 1.69814)
(-0.833686 0.833684 1.44785)
(0.719981 0.406754 1.69818)
(-0.247901 -0.161387 1.39636)
(0.151041 -0.0337191 -0.515017)
(-0.166729 -0.0481142 -0.61497)
(0.166723 -0.048119 -0.61497)
(-0.151043 -0.0337243 -0.515012)
(0.247888 -0.161383 1.39642)
(-0.719977 0.406752 1.69816)
(0.833684 0.833684 1.44785)
(-0.81389 -0.81389 1.49763)
(0.729144 -0.396147 1.79002)
(-0.24758 0.168953 1.51346)
(0.157616 0.0459925 -0.527746)
(-0.14277 0.0443054 -0.612009)
(0.142766 0.0443071 -0.612009)
(-0.157617 0.0459979 -0.527743)
(0.247564 0.168974 1.51351)
(-0.729141 -0.396148 1.78998)
(0.813886 -0.813888 1.49763)
(-0.396148 0.729148 1.79003)
(-0.486129 -0.486136 0.758785)
(-0.275644 -0.0755113 0.246827)
(-0.0749632 -0.0701634 -0.63533)
(-0.0817568 -0.057183 -0.595101)
(0.0817606 -0.0571842 -0.595107)
(0.0749728 -0.070163 -0.635327)
(0.275665 -0.0754977 0.246788)
(0.486101 -0.486136 0.758734)
(0.396159 0.729151 1.79001)
(0.16895 -0.247583 1.51344)
(-0.0755088 -0.275642 0.246834)
(-0.117339 -0.117343 -0.402067)
(0.0866424 -0.0733775 -0.559213)
(-0.0570304 -0.0581172 -0.502534)
(0.0570279 -0.0581199 -0.502534)
(-0.0866466 -0.0733803 -0.559211)
(0.117341 -0.117358 -0.402078)
(0.0754873 -0.275657 0.246813)
(-0.168964 -0.247581 1.51344)
(0.045991 0.157617 -0.527749)
(-0.0701633 -0.0749595 -0.635331)
(-0.0733778 0.0866417 -0.559214)
(-0.00422819 -0.00422767 -0.558614)
(-0.0358037 0.0176016 -0.527122)
(0.0358036 0.0176015 -0.527123)
(0.00422882 -0.00422731 -0.558611)
(0.0733795 0.0866439 -0.559216)
(0.0701617 -0.0749577 -0.635328)
(-0.0459926 0.157619 -0.527753)
(0.044305 -0.14277 -0.612008)
(-0.0571823 -0.0817559 -0.595099)
(-0.0581162 -0.0570321 -0.502533)
(0.0176024 -0.0358038 -0.527121)
(-0.0315115 -0.0315123 -0.511363)
(0.0315103 -0.0315133 -0.511363)
(-0.0176044 -0.0358042 -0.527119)
(0.0581153 -0.0570358 -0.502531)
(0.0571809 -0.0817585 -0.595098)
(-0.0443059 -0.142772 -0.612003)
(0.0443079 0.142766 -0.612008)
(-0.0571848 0.0817622 -0.595109)
(-0.0581214 0.0570272 -0.502534)
(0.0176016 0.0358036 -0.527122)
(-0.0315134 0.0315098 -0.511363)
(0.0315121 0.031511 -0.511363)
(-0.0176036 0.035804 -0.527121)
(0.0581206 0.0570315 -0.502532)
(0.0571835 0.0817646 -0.595107)
(-0.0443092 0.142768 -0.612004)
(0.0460001 -0.157615 -0.527741)
(-0.0701627 0.074978 -0.635325)
(-0.0733815 -0.0866489 -0.559211)
(-0.0042267 0.00422892 -0.558609)
(-0.0358045 -0.0176054 -0.527119)
(0.0358046 -0.017605 -0.52712)
(0.00422767 0.00422858 -0.558607)
(0.073383 -0.08665 -0.559212)
(0.070161 0.0749773 -0.635323)
(-0.0460004 -0.157617 -0.527743)
(0.16898 0.247559 1.51353)
(-0.0754953 0.275673 0.246762)
(-0.117366 0.11734 -0.402083)
(0.0866455 0.0733797 -0.559215)
(-0.0570372 0.0581145 -0.50253)
(0.0570351 0.0581175 -0.50253)
(-0.0866487 0.0733821 -0.559212)
(0.117367 0.117355 -0.402091)
(0.075478 0.275687 0.246748)
(-0.168987 0.247562 1.51352)
(-0.396146 -0.72914 1.78997)
(-0.486135 0.486089 0.758709)
(-0.275663 0.0754741 0.246811)
(-0.0749558 0.0701605 -0.635326)
(-0.0817614 0.05718 -0.595098)
(0.0817654 0.0571814 -0.595103)
(0.0749678 0.07016 -0.635323)
(0.275683 0.0754655 0.246775)
(0.486111 0.486096 0.758674)
(0.396154 -0.729144 1.78996)
(-0.813888 0.813885 1.49763)
(0.729153 0.396165 1.79)
(-0.247579 -0.16897 1.51344)
(0.157621 -0.0459934 -0.527754)
(-0.142773 -0.044306 -0.612001)
(0.142771 -0.0443083 -0.612001)
(-0.157621 -0.0459981 -0.527748)
(0.247567 -0.168985 1.5135)
(-0.729148 0.396163 1.78997)
(0.813885 0.813885 1.49763)
(-0.792893 -0.792893 1.52102)
(0.699729 -0.376581 1.87873)
(-0.262192 0.188413 1.60756)
(0.160837 0.0482237 -0.551686)
(-0.112179 0.0359619 -0.603403)
(0.112174 0.0359625 -0.603404)
(-0.160838 0.0482294 -0.55168)
(0.262177 0.188438 1.6076)
(-0.699723 -0.376582 1.87869)
(0.792889 -0.792891 1.52101)
(-0.376582 0.699733 1.87873)
(-0.4418 -0.441807 0.736685)
(-0.293167 0.0110145 0.251999)
(-0.0437038 -0.062273 -0.652215)
(-0.0747148 -0.0387381 -0.606602)
(0.0747177 -0.0387389 -0.606606)
(0.0437049 -0.062272 -0.652215)
(0.293181 0.011027 0.251983)
(0.441774 -0.441808 0.736634)
(0.37659 0.699736 1.87871)
(0.188409 -0.262196 1.60754)
(0.0110165 -0.293166 0.252001)
(-0.0503021 -0.0503039 -0.470228)
(0.0740675 -0.0725995 -0.583418)
(-0.0464581 -0.0409086 -0.515599)
(0.046456 -0.0409096 -0.515599)
(-0.0740714 -0.0726019 -0.583416)
(0.050301 -0.050307 -0.470233)
(-0.0110344 -0.293177 0.251986)
(-0.188425 -0.262194 1.60753)
(0.0482217 0.160837 -0.55169)
(-0.0622732 -0.0437017 -0.652216)
(-0.0725997 0.0740669 -0.58342)
(-0.0107126 -0.0107122 -0.576078)
(-0.0322977 0.0121126 -0.543624)
(0.0322978 0.0121127 -0.543626)
(0.0107127 -0.0107117 -0.576076)
(0.072601 0.0740696 -0.583422)
(0.062272 -0.0436965 -0.652216)
(-0.0482219 0.160839 -0.551692)
(0.0359618 -0.11218 -0.603402)
(-0.0387375 -0.0747142 -0.6066)
(-0.0409082 -0.0464595 -0.515598)
(0.0121133 -0.0322976 -0.543623)
(-0.0252763 -0.0252769 -0.520014)
(0.0252752 -0.0252777 -0.520014)
(-0.0121148 -0.0322981 -0.543622)
(0.0409074 -0.0464618 -0.515596)
(0.0387362 -0.0747168 -0.606599)
(-0.0359623 -0.112182 -0.603398)
(0.0359629 0.112172 -0.603404)
(-0.0387393 0.074719 -0.606608)
(-0.0409106 0.0464552 -0.515599)
(0.012113 0.0322978 -0.543625)
(-0.0252777 0.0252748 -0.520014)
(0.0252766 0.0252757 -0.520014)
(-0.0121144 0.0322983 -0.543624)
(0.04091 0.0464583 -0.515597)
(0.038738 0.0747216 -0.606606)
(-0.0359638 0.112176 -0.6034)
(0.0482317 -0.160836 -0.551678)
(-0.0622719 0.0437074 -0.652215)
(-0.0726029 -0.0740737 -0.583416)
(-0.010711 0.0107127 -0.576075)
(-0.0322985 -0.0121155 -0.543622)
(0.0322988 -0.0121154 -0.543623)
(0.0107115 0.0107124 -0.576074)
(0.0726041 -0.0740753 -0.583419)
(0.0622708 0.0437048 -0.652216)
(-0.0482307 -0.160838 -0.551681)
(0.188446 0.26217 1.60762)
(0.0110293 0.293186 0.25197)
(-0.0503113 0.0502982 -0.470236)
(0.0740715 0.0726012 -0.583422)
(-0.0464629 0.0409066 -0.515596)
(0.0464613 0.040908 -0.515596)
(-0.0740745 0.0726035 -0.58342)
(0.0503124 0.0503042 -0.470239)
(-0.0110436 0.293197 0.251954)
(-0.188454 0.262175 1.60761)
(-0.37658 -0.699722 1.87867)
(-0.441809 0.441762 0.736609)
(-0.293182 -0.0110451 0.251987)
(-0.0436934 0.0622709 -0.652214)
(-0.0747193 0.0387354 -0.606598)
(0.0747225 0.0387363 -0.606602)
(0.0436978 0.0622698 -0.652214)
(0.293196 -0.0110534 0.25197)
(0.441786 0.441769 0.73658)
(0.376587 -0.699726 1.87866)
(-0.79289 0.792888 1.52101)
(0.699737 0.376596 1.8787)
(-0.262193 -0.188432 1.60753)
(0.160842 -0.0482218 -0.551693)
(-0.112183 -0.0359622 -0.603396)
(0.112179 -0.0359633 -0.603397)
(-0.160842 -0.048227 -0.551686)
(0.262183 -0.188452 1.60758)
(-0.699731 0.376594 1.87867)
(0.792887 0.792887 1.52101)
(-0.751617 -0.751617 1.56721)
(0.588324 -0.339505 1.95738)
(-0.288165 0.218945 1.64597)
(0.158392 0.0347077 -0.589533)
(-0.0822697 0.025339 -0.589116)
(0.0822663 0.0253391 -0.589117)
(-0.158394 0.0347126 -0.589528)
(0.288154 0.21897 1.64601)
(-0.588307 -0.339507 1.95734)
(0.751611 -0.751613 1.5672)
(-0.339505 0.588328 1.95739)
(-0.382735 -0.382742 0.673351)
(-0.275485 0.144083 0.16795)
(0.00627821 -0.0493812 -0.684153)
(-0.0613968 -0.0257775 -0.612649)
(0.0613986 -0.0257779 -0.612652)
(-0.00628071 -0.0493799 -0.684154)
(0.275493 0.144093 0.167942)
(0.382713 -0.382745 0.673309)
(0.339512 0.588324 1.95736)
(0.218942 -0.288169 1.64595)
(0.144084 -0.275484 0.167948)
(0.0334949 0.0334946 -0.492346)
(0.0738381 -0.0491874 -0.589859)
(-0.0307671 -0.0262523 -0.522114)
(0.0307657 -0.0262528 -0.522114)
(-0.073841 -0.0491888 -0.589857)
(-0.0334964 0.0334968 -0.492346)
(-0.144099 -0.275489 0.16793)
(-0.218958 -0.288171 1.64594)
(0.0347057 0.158392 -0.589537)
(-0.0493818 0.00627928 -0.684153)
(-0.0491874 0.0738376 -0.58986)
(-0.00322261 -0.00322237 -0.589683)
(-0.0238007 0.0105803 -0.554946)
(0.0238007 0.0105804 -0.554947)
(0.00322243 -0.00322192 -0.589682)
(0.0491878 0.0738396 -0.589862)
(0.0493824 0.00628462 -0.684155)
(-0.0347047 0.158395 -0.589539)
(0.025339 -0.082271 -0.589114)
(-0.0257771 -0.0613965 -0.612648)
(-0.026252 -0.030768 -0.522113)
(0.0105809 -0.0238006 -0.554945)
(-0.0184612 -0.0184617 -0.526901)
(0.0184605 -0.0184621 -0.526901)
(-0.0105821 -0.023801 -0.554944)
(0.0262512 -0.0307693 -0.522111)
(0.025776 -0.0613984 -0.612646)
(-0.0253391 -0.0822732 -0.589111)
(0.0253393 0.0822654 -0.589118)
(-0.0257782 0.0613995 -0.612653)
(-0.0262534 0.0307651 -0.522114)
(0.0105806 0.0238008 -0.554947)
(-0.0184622 0.0184601 -0.526902)
(0.0184614 0.0184607 -0.526902)
(-0.0105818 0.0238011 -0.554946)
(0.0262527 0.030767 -0.522112)
(0.0257772 0.0614014 -0.612651)
(-0.0253398 0.0822682 -0.589115)
(0.0347146 -0.158393 -0.589525)
(-0.0493796 -0.00627905 -0.684154)
(-0.0491892 -0.0738428 -0.589856)
(-0.00322136 0.00322248 -0.589681)
(-0.0238013 -0.0105827 -0.554944)
(0.0238014 -0.0105826 -0.554945)
(0.00322152 0.00322219 -0.58968)
(0.0491896 -0.0738437 -0.589858)
(0.0493801 -0.00628286 -0.684156)
(-0.0347128 -0.158396 -0.589528)
(0.218978 0.288149 1.64602)
(0.144097 0.275495 0.167931)
(0.0334946 -0.0334987 -0.492347)
(0.0738409 0.0491878 -0.589862)
(-0.0307701 0.0262506 -0.522111)
(0.0307691 0.0262513 -0.522111)
(-0.0738428 0.0491892 -0.58986)
(-0.0334943 -0.033499 -0.492347)
(-0.144108 0.275499 0.167915)
(-0.218988 0.288154 1.646)
(-0.339505 -0.588298 1.95731)
(-0.382746 0.3827 0.673289)
(-0.275492 -0.144109 0.167927)
(0.00628678 0.0493823 -0.684154)
(-0.0614003 0.0257754 -0.612644)
(0.0614022 0.0257759 -0.612648)
(-0.00628728 0.0493808 -0.684155)
(0.275499 -0.144114 0.167923)
(0.382726 0.382708 0.673262)
(0.33951 -0.588304 1.9573)
(-0.751611 0.751609 1.5672)
(0.588321 0.339516 1.95735)
(-0.288172 -0.218967 1.64593)
(0.158397 -0.0347041 -0.589539)
(-0.0822746 -0.025339 -0.589109)
(0.0822716 -0.0253395 -0.589111)
(-0.158399 -0.0347087 -0.589534)
(0.288164 -0.218987 1.64597)
(-0.588312 0.339516 1.95732)
(0.751608 0.751607 1.5672)
(-0.680796 -0.680796 1.65608)
(0.404795 -0.292893 2.02487)
(-0.296759 0.22671 1.61488)
(0.127963 0.00820005 -0.642494)
(-0.0534935 0.0119701 -0.567712)
(0.0534911 0.0119701 -0.567714)
(-0.127967 0.00820312 -0.642489)
(0.296751 0.226735 1.6149)
(-0.404775 -0.292896 2.02483)
(0.680789 -0.68079 1.65608)
(-0.292892 0.4048 2.02488)
(-0.281139 -0.281143 0.701004)
(-0.0936317 0.297775 0.187714)
(0.0562429 -0.0373996 -0.711904)
(-0.0351349 -0.0163678 -0.604169)
(0.0351357 -0.016368 -0.604171)
(-0.0562453 -0.0373987 -0.711905)
(0.0936332 0.297782 0.187722)
(0.281123 -0.281145 0.70095)
(0.292898 0.404798 2.02485)
(0.226707 -0.296762 1.61486)
(0.297775 -0.0936298 0.187709)
(0.116299 0.116299 -0.416327)
(0.0749793 -0.0252954 -0.571673)
(-0.014216 -0.0118497 -0.517445)
(0.0142153 -0.0118498 -0.517445)
(-0.0749802 -0.0252963 -0.57167)
(-0.1163 0.116303 -0.416322)
(-0.297781 -0.0936225 0.187697)
(-0.226722 -0.296765 1.61483)
(0.00819875 0.127963 -0.642498)
(-0.0374004 0.0562433 -0.711904)
(-0.0252953 0.074979 -0.571674)
(0.00515555 0.00515567 -0.595244)
(-0.0134582 0.00911774 -0.55945)
(0.0134582 0.00911771 -0.559451)
(-0.00515579 0.00515604 -0.595243)
(0.0252953 0.0749794 -0.571674)
(0.0374015 0.0562471 -0.711904)
(-0.00819788 0.127967 -0.642499)
(0.0119702 -0.0534946 -0.567711)
(-0.0163675 -0.0351347 -0.604168)
(-0.0118496 -0.0142164 -0.517444)
(0.00911805 -0.0134582 -0.559449)
(-0.0110052 -0.0110054 -0.529325)
(0.0110047 -0.0110056 -0.529325)
(-0.00911856 -0.0134584 -0.559448)
(0.0118489 -0.0142169 -0.517443)
(0.0163668 -0.0351354 -0.604165)
(-0.0119704 -0.0534963 -0.567707)
(0.0119701 0.0534903 -0.567714)
(-0.016368 0.0351361 -0.604172)
(-0.01185 0.0142149 -0.517445)
(0.00911773 0.0134582 -0.559451)
(-0.0110057 0.0110045 -0.529326)
(0.0110053 0.0110049 -0.529326)
(-0.00911822 0.0134585 -0.55945)
(0.0118495 0.0142158 -0.517443)
(0.0163673 0.0351369 -0.604169)
(-0.0119705 0.0534925 -0.567711)
(0.00820447 -0.127968 -0.642486)
(-0.0373982 -0.0562461 -0.711905)
(-0.0252965 -0.0749811 -0.571669)
(0.00515645 -0.00515584 -0.595242)
(-0.0134586 -0.00911882 -0.559447)
(0.0134587 -0.00911867 -0.559448)
(-0.00515642 -0.00515604 -0.595241)
(0.0252964 -0.074981 -0.57167)
(0.0373992 -0.0562489 -0.711905)
(-0.00820318 -0.127971 -0.642489)
(0.226742 0.296747 1.61491)
(0.297785 0.093633 0.187724)
(0.116303 -0.116302 -0.41632)
(0.0749798 0.0252954 -0.571674)
(-0.0142172 0.0118485 -0.517442)
(0.0142168 0.0118488 -0.517442)
(-0.0749804 0.0252963 -0.571673)
(-0.116304 -0.116304 -0.416316)
(-0.297788 0.093627 0.187706)
(-0.226751 0.296752 1.61488)
(-0.292897 -0.404765 2.02481)
(-0.28115 0.281113 0.700922)
(-0.0936235 -0.297787 0.187701)
(0.0562492 0.037402 -0.711903)
(-0.0351365 0.0163664 -0.604164)
(0.0351376 0.0163667 -0.604166)
(-0.0562504 0.0374007 -0.711904)
(0.0936272 -0.297791 0.187705)
(0.281134 0.281115 0.700897)
(0.292898 -0.404771 2.0248)
(-0.680787 0.680786 1.65609)
(0.404797 0.292902 2.02484)
(-0.296769 -0.226732 1.61482)
(0.127969 -0.00819745 -0.6425)
(-0.0534975 -0.0119703 -0.567706)
(0.0534954 -0.0119704 -0.567707)
(-0.127971 -0.00820053 -0.642494)
(0.296761 -0.226751 1.61485)
(-0.404783 0.292902 2.02481)
(0.680783 0.680783 1.65608)
(-0.559425 -0.559425 1.88951)
(0.231549 -0.218325 2.07255)
(-0.181715 0.182776 1.49901)
(0.035369 -0.0071914 -0.691854)
(-0.0195469 0.00152029 -0.557748)
(0.0195461 0.00152017 -0.557749)
(-0.0353698 -0.00718997 -0.691848)
(0.181711 0.182794 1.49902)
(-0.231531 -0.218331 2.07251)
(0.559417 -0.559418 1.88951)
(-0.218323 0.231552 2.07255)
(-0.242205 -0.242205 0.457059)
(0.0837891 0.201283 0.0745913)
(0.0411834 -0.0131783 -0.670137)
(-0.0062732 -0.00697977 -0.587916)
(0.00627343 -0.00697983 -0.587916)
(-0.0411852 -0.0131781 -0.670137)
(-0.0837875 0.201285 0.0746034)
(0.242205 -0.242203 0.457006)
(0.218325 0.231551 2.07253)
(0.182774 -0.181716 1.499)
(0.20128 0.0837891 0.0745856)
(0.0742159 0.074216 -0.289282)
(0.03573 -0.00418726 -0.541313)
(-0.00226962 -0.00252154 -0.509861)
(0.00226937 -0.00252148 -0.509861)
(-0.0357295 -0.00418751 -0.54131)
(-0.0742175 0.0742174 -0.289279)
(-0.20127 0.0837877 0.0745744)
(-0.182784 -0.181715 1.49897)
(-0.00719191 0.0353692 -0.691857)
(-0.0131786 0.0411835 -0.670137)
(-0.00418733 0.0357298 -0.541314)
(0.0041654 0.00416543 -0.594983)
(-0.00418848 0.00312241 -0.558933)
(0.00418851 0.00312234 -0.558933)
(-0.0041654 0.00416553 -0.594983)
(0.00418763 0.035729 -0.541314)
(0.0131793 0.041186 -0.670137)
(0.00719188 0.0353711 -0.691858)
(0.00152035 -0.0195472 -0.557746)
(-0.00697964 -0.00627329 -0.587914)
(-0.00252149 -0.00226975 -0.50986)
(0.00312248 -0.00418849 -0.558932)
(-0.00345796 -0.00345803 -0.530064)
(0.0034578 -0.0034581 -0.530064)
(-0.00312255 -0.00418859 -0.558931)
(0.00252121 -0.0022699 -0.509858)
(0.00697928 -0.00627379 -0.587911)
(-0.00152042 -0.0195477 -0.557743)
(0.00152007 0.0195458 -0.557749)
(-0.00697986 0.00627358 -0.587917)
(-0.00252145 0.00226917 -0.509861)
(0.00312234 0.00418851 -0.558933)
(-0.00345809 0.00345771 -0.530064)
(0.00345797 0.00345782 -0.530064)
(-0.00312242 0.00418865 -0.558932)
(0.0025213 0.00226951 -0.509859)
(0.00697953 0.00627419 -0.587914)
(-0.00152025 0.0195464 -0.557746)
(-0.00718917 -0.0353704 -0.691845)
(-0.0131777 -0.0411873 -0.670137)
(-0.00418759 -0.0357296 -0.541308)
(0.00416569 -0.00416546 -0.594982)
(-0.00418867 -0.0031226 -0.55893)
(0.00418874 -0.00312252 -0.558931)
(-0.00416555 -0.00416545 -0.594981)
(0.00418788 -0.0357287 -0.541309)
(0.0131783 -0.0411881 -0.670137)
(0.00718937 -0.0353717 -0.691847)
(0.182797 0.181707 1.49902)
(0.201284 -0.0837871 0.074604)
(0.0742194 -0.0742195 -0.289277)
(0.0357289 0.00418786 -0.541313)
(-0.00226996 0.002521 -0.509858)
(0.00226988 0.0025211 -0.509858)
(-0.0357284 0.00418807 -0.541312)
(-0.0742191 -0.074219 -0.289276)
(-0.201273 -0.083786 0.0745896)
(-0.182804 0.181706 1.49899)
(-0.218334 -0.231523 2.07249)
(-0.242206 0.242201 0.456981)
(0.0837852 -0.201267 0.0745746)
(0.0411881 0.0131798 -0.670136)
(-0.00627427 0.00697913 -0.58791)
(0.00627464 0.00697925 -0.587911)
(-0.0411882 0.0131793 -0.670137)
(-0.0837839 -0.201269 0.0745858)
(0.242206 0.2422 0.456955)
(0.218331 -0.231526 2.07248)
(-0.559414 0.559414 1.88951)
(0.23155 0.218326 2.07252)
(-0.181717 -0.182791 1.49895)
(0.0353722 0.00719205 -0.691859)
(-0.0195483 -0.00152034 -0.557741)
(0.0195477 -0.00152032 -0.557743)
(-0.0353722 0.00719071 -0.691853)
(0.181713 -0.182806 1.49897)
(-0.231536 0.218329 2.07249)
(0.559409 0.55941 1.88951)
)
;

boundaryField
{
    bottom
    {
        type            noSlip;
    }
    atmosphere
    {
        type            pressureInletOutletVelocity;
        value           nonuniform List<vector> 
100
(
(-0.559425 -0.559425 1.88951)
(-0.218323 0.231552 2.07255)
(0.182774 -0.181716 1.499)
(0 0 -0.691857)
(0 0 -0.557746)
(0 0 -0.557749)
(0 0 -0.691845)
(0.182797 0.181707 1.49902)
(-0.218334 -0.231523 2.07249)
(-0.559414 0.559414 1.88951)
(0.231549 -0.218325 2.07255)
(-0.242205 -0.242205 0.457059)
(0.20128 0.0837891 0.0745856)
(0 0 -0.670137)
(0 0 -0.587914)
(0 0 -0.587917)
(0 0 -0.670137)
(0.201284 -0.0837871 0.074604)
(-0.242206 0.242201 0.456981)
(0.23155 0.218326 2.07252)
(-0.181715 0.182776 1.49901)
(0.0837891 0.201283 0.0745913)
(0 0 -0.289282)
(0 0 -0.541314)
(0 0 -0.50986)
(0 0 -0.509861)
(0 0 -0.541308)
(0 0 -0.289277)
(0.0837852 -0.201267 0.0745746)
(-0.181717 -0.182791 1.49895)
(0 0 -0.691854)
(0 0 -0.670137)
(0 0 -0.541313)
(0 0 -0.594983)
(0 0 -0.558932)
(0 0 -0.558933)
(0 0 -0.594982)
(0 0 -0.541313)
(0 0 -0.670136)
(0 0 -0.691859)
(0 0 -0.557748)
(0 0 -0.587916)
(0 0 -0.509861)
(0 0 -0.558933)
(0 0 -0.530064)
(0 0 -0.530064)
(0 0 -0.55893)
(0 0 -0.509858)
(0 0 -0.58791)
(0 0 -0.557741)
(0 0 -0.557749)
(0 0 -0.587916)
(0 0 -0.509861)
(0 0 -0.558933)
(0 0 -0.530064)
(0 0 -0.530064)
(0 0 -0.558931)
(0 0 -0.509858)
(0 0 -0.587911)
(0 0 -0.557743)
(0 0 -0.691848)
(0 0 -0.670137)
(0 0 -0.54131)
(0 0 -0.594983)
(0 0 -0.558931)
(0 0 -0.558932)
(0 0 -0.594981)
(0 0 -0.541312)
(0 0 -0.670137)
(0 0 -0.691853)
(0.181711 0.182794 1.49902)
(-0.0837875 0.201285 0.0746034)
(0 0 -0.289279)
(0 0 -0.541314)
(0 0 -0.509858)
(0 0 -0.509859)
(0 0 -0.541309)
(0 0 -0.289276)
(-0.0837839 -0.201269 0.0745858)
(0.181713 -0.182806 1.49897)
(-0.231531 -0.218331 2.07251)
(0.242205 -0.242203 0.457006)
(-0.20127 0.0837877 0.0745744)
(0 0 -0.670137)
(0 0 -0.587911)
(0 0 -0.587914)
(0 0 -0.670137)
(-0.201273 -0.083786 0.0745896)
(0.242206 0.2422 0.456955)
(-0.231536 0.218329 2.07249)
(0.559417 -0.559418 1.88951)
(0.218325 0.231551 2.07253)
(-0.182784 -0.181715 1.49897)
(0 0 -0.691858)
(0 0 -0.557743)
(0 0 -0.557746)
(0 0 -0.691847)
(-0.182804 0.181706 1.49899)
(0.218331 -0.231526 2.07248)
(0.559409 0.55941 1.88951)
)
;
    }
    walls
    {
        type            noSlip;
    }
}


// ************************************************************************* //
