/*--------------------------------*- C++ -*----------------------------------*\
| =========                 |                                                 |
| \\      /  F ield         | OpenFOAM: The Open Source CFD Toolbox           |
|  \\    /   O peration     | Version:  2412                                  |
|   \\  /    A nd           | Website:  www.openfoam.com                      |
|    \\/     M anipulation  |                                                 |
\*---------------------------------------------------------------------------*/
FoamFile
{
    version     2.0;
    format      ascii;
    arch        "LSB;label=32;scalar=64";
    class       volVectorField;
    location    "0.3";
    object      U;
}
// * * * * * * * * * * * * * * * * * * * * * * * * * * * * * * * * * * * * * //

dimensions      [0 1 -1 0 0 0 0];

internalField   nonuniform List<vector> 
4000
(
(-0.00922334 -0.00922334 0.008512)
(-0.0250739 -0.0103261 0.00766531)
(-0.0323192 -0.012305 0.00606671)
(-0.0280965 -0.0145908 0.00423161)
(-0.0115702 -0.0165068 0.00268827)
(0.0115702 -0.0165068 0.00268827)
(0.0280964 -0.0145908 0.00423161)
(0.0323192 -0.012305 0.00606671)
(0.0250739 -0.0103261 0.00766531)
(0.00922335 -0.00922335 0.00851201)
(-0.0103261 -0.0250739 0.00766531)
(-0.0281439 -0.0281439 0.00655877)
(-0.036548 -0.0337197 0.00450872)
(-0.0322726 -0.0402423 0.00205101)
(-0.013484 -0.0457603 -0.000149208)
(0.013484 -0.0457603 -0.000149206)
(0.0322725 -0.0402423 0.00205101)
(0.036548 -0.0337197 0.00450872)
(0.0281438 -0.0281439 0.00655877)
(0.0103261 -0.0250739 0.00766531)
(-0.012305 -0.0323192 0.00606671)
(-0.0337197 -0.036548 0.00450872)
(-0.0443777 -0.0443777 0.00156586)
(-0.0400925 -0.0536527 -0.00213085)
(-0.0170582 -0.0617968 -0.00561784)
(0.0170582 -0.0617968 -0.00561784)
(0.0400925 -0.0536528 -0.00213086)
(0.0443777 -0.0443777 0.00156586)
(0.0337197 -0.0365481 0.00450872)
(0.012305 -0.0323192 0.00606671)
(-0.0145908 -0.0280965 0.00423161)
(-0.0402423 -0.0322726 0.00205101)
(-0.0536527 -0.0400925 -0.00213085)
(-0.0497479 -0.0497479 -0.00761298)
(-0.0216291 -0.0585809 -0.0131897)
(0.0216291 -0.0585809 -0.0131897)
(0.0497478 -0.0497479 -0.00761299)
(0.0536527 -0.0400926 -0.00213086)
(0.0402422 -0.0322726 0.00205101)
(0.0145908 -0.0280965 0.00423161)
(-0.0165068 -0.0115702 0.00268827)
(-0.0457603 -0.013484 -0.000149209)
(-0.0617968 -0.0170582 -0.00561784)
(-0.0585809 -0.0216291 -0.0131897)
(-0.0258435 -0.0258435 -0.0211788)
(0.0258434 -0.0258435 -0.0211788)
(0.0585809 -0.0216291 -0.0131897)
(0.0617968 -0.0170582 -0.00561785)
(0.0457603 -0.013484 -0.000149216)
(0.0165068 -0.0115702 0.00268826)
(-0.0165068 0.0115702 0.00268827)
(-0.0457603 0.013484 -0.000149207)
(-0.0617968 0.0170582 -0.00561784)
(-0.0585809 0.0216291 -0.0131897)
(-0.0258435 0.0258434 -0.0211788)
(0.0258434 0.0258434 -0.0211788)
(0.0585809 0.0216291 -0.0131897)
(0.0617968 0.0170582 -0.00561784)
(0.0457603 0.013484 -0.000149214)
(0.0165068 0.0115702 0.00268826)
(-0.0145908 0.0280964 0.0042316)
(-0.0402423 0.0322726 0.002051)
(-0.0536528 0.0400925 -0.00213086)
(-0.0497479 0.0497478 -0.00761299)
(-0.0216291 0.0585809 -0.0131897)
(0.0216291 0.0585809 -0.0131897)
(0.0497478 0.0497478 -0.007613)
(0.0536528 0.0400925 -0.00213086)
(0.0402423 0.0322726 0.002051)
(0.0145908 0.0280965 0.0042316)
(-0.012305 0.0323192 0.00606671)
(-0.0337197 0.036548 0.00450872)
(-0.0443777 0.0443777 0.00156585)
(-0.0400926 0.0536527 -0.00213086)
(-0.0170582 0.0617968 -0.00561785)
(0.0170582 0.0617968 -0.00561784)
(0.0400925 0.0536528 -0.00213086)
(0.0443777 0.0443777 0.00156585)
(0.0337197 0.0365481 0.00450872)
(0.0123051 0.0323192 0.00606671)
(-0.0103261 0.0250739 0.00766531)
(-0.0281439 0.0281438 0.00655877)
(-0.0365481 0.0337197 0.00450872)
(-0.0322726 0.0402422 0.002051)
(-0.013484 0.0457603 -0.000149218)
(0.013484 0.0457603 -0.000149215)
(0.0322726 0.0402423 0.002051)
(0.0365481 0.0337197 0.00450872)
(0.0281439 0.0281439 0.00655877)
(0.0103261 0.0250739 0.00766531)
(-0.00922335 0.00922335 0.008512)
(-0.0250739 0.0103261 0.00766531)
(-0.0323192 0.0123051 0.00606671)
(-0.0280965 0.0145908 0.0042316)
(-0.0115702 0.0165069 0.00268826)
(0.0115702 0.0165068 0.00268826)
(0.0280965 0.0145908 0.0042316)
(0.0323192 0.0123051 0.00606671)
(0.0250739 0.0103261 0.00766531)
(0.00922335 0.00922335 0.008512)
(-0.00977135 -0.00977135 0.0261134)
(-0.0264779 -0.0109831 0.0235014)
(-0.0341349 -0.013174 0.0186763)
(-0.0298735 -0.0157452 0.013149)
(-0.012396 -0.0179618 0.00842942)
(0.012396 -0.0179618 0.00842942)
(0.0298735 -0.0157452 0.013149)
(0.0341349 -0.013174 0.0186763)
(0.0264779 -0.0109831 0.0235014)
(0.00977135 -0.00977135 0.0261134)
(-0.0109831 -0.0264779 0.0235014)
(-0.0299065 -0.0299065 0.0201205)
(-0.0389521 -0.036143 0.0139056)
(-0.0346221 -0.0435567 0.00647757)
(-0.0146092 -0.0499949 -0.000251033)
(0.0146092 -0.0499949 -0.000251026)
(0.0346221 -0.0435568 0.00647756)
(0.0389521 -0.0361431 0.0139056)
(0.0299065 -0.0299065 0.0201205)
(0.0109831 -0.0264779 0.0235014)
(-0.013174 -0.0341349 0.0186763)
(-0.036143 -0.0389521 0.0139056)
(-0.0478436 -0.0478436 0.00494623)
(-0.0436804 -0.058691 -0.0063398)
(-0.0188357 -0.0685642 -0.0171385)
(0.0188356 -0.0685642 -0.0171384)
(0.0436804 -0.058691 -0.00633982)
(0.0478436 -0.0478436 0.00494622)
(0.036143 -0.0389521 0.0139056)
(0.013174 -0.0341349 0.0186763)
(-0.0157452 -0.0298735 0.013149)
(-0.0435567 -0.0346221 0.00647757)
(-0.058691 -0.0436804 -0.0063398)
(-0.0552829 -0.0552829 -0.0233391)
(-0.0244637 -0.0663351 -0.0409464)
(0.0244637 -0.0663351 -0.0409463)
(0.0552828 -0.0552829 -0.0233391)
(0.058691 -0.0436804 -0.00633981)
(0.0435567 -0.0346221 0.00647756)
(0.0157453 -0.0298735 0.013149)
(-0.0179618 -0.012396 0.00842942)
(-0.0499949 -0.0146092 -0.000251031)
(-0.0685642 -0.0188357 -0.0171385)
(-0.0663351 -0.0244637 -0.0409464)
(-0.0298998 -0.0298998 -0.0665669)
(0.0298997 -0.0298998 -0.0665668)
(0.066335 -0.0244637 -0.0409464)
(0.0685642 -0.0188357 -0.0171385)
(0.0499949 -0.0146092 -0.000251052)
(0.0179618 -0.012396 0.00842941)
(-0.0179618 0.012396 0.00842943)
(-0.0499949 0.0146092 -0.000251023)
(-0.0685642 0.0188356 -0.0171384)
(-0.0663351 0.0244637 -0.0409463)
(-0.0298998 0.0298997 -0.0665668)
(0.0298997 0.0298997 -0.0665668)
(0.066335 0.0244637 -0.0409464)
(0.0685642 0.0188356 -0.0171385)
(0.0499949 0.0146092 -0.000251043)
(0.0179618 0.012396 0.00842942)
(-0.0157453 0.0298735 0.013149)
(-0.0435568 0.0346221 0.00647756)
(-0.058691 0.0436804 -0.00633982)
(-0.0552829 0.0552828 -0.0233391)
(-0.0244637 0.066335 -0.0409464)
(0.0244637 0.066335 -0.0409464)
(0.0552829 0.0552829 -0.0233392)
(0.058691 0.0436804 -0.00633983)
(0.0435567 0.0346221 0.00647755)
(0.0157453 0.0298735 0.013149)
(-0.013174 0.0341349 0.0186763)
(-0.0361431 0.0389521 0.0139056)
(-0.0478436 0.0478436 0.00494623)
(-0.0436804 0.058691 -0.00633981)
(-0.0188357 0.0685642 -0.0171385)
(0.0188356 0.0685642 -0.0171385)
(0.0436804 0.058691 -0.00633983)
(0.0478436 0.0478436 0.00494622)
(0.036143 0.0389521 0.0139056)
(0.013174 0.0341349 0.0186763)
(-0.0109831 0.0264779 0.0235014)
(-0.0299065 0.0299065 0.0201205)
(-0.0389521 0.036143 0.0139056)
(-0.0346221 0.0435567 0.00647756)
(-0.0146092 0.0499949 -0.00025105)
(0.0146092 0.0499949 -0.000251043)
(0.0346221 0.0435567 0.00647755)
(0.0389521 0.036143 0.0139056)
(0.0299065 0.0299065 0.0201205)
(0.0109831 0.0264779 0.0235014)
(-0.00977135 0.00977135 0.0261134)
(-0.0264779 0.0109831 0.0235014)
(-0.0341349 0.013174 0.0186763)
(-0.0298735 0.0157453 0.013149)
(-0.012396 0.0179618 0.00842941)
(0.012396 0.0179618 0.00842942)
(0.0298735 0.0157453 0.013149)
(0.0341349 0.013174 0.0186763)
(0.0264779 0.0109831 0.0235014)
(0.00977136 0.00977136 0.0261134)
(-0.0106109 -0.0106109 0.0449971)
(-0.0289172 -0.0120738 0.0406396)
(-0.0375717 -0.0147361 0.0326264)
(-0.0332952 -0.0179554 0.0233609)
(-0.0139651 -0.0208586 0.0153211)
(0.013965 -0.0208586 0.0153211)
(0.0332952 -0.0179554 0.0233609)
(0.0375717 -0.0147361 0.0326264)
(0.0289172 -0.0120739 0.0406396)
(0.0106109 -0.0106109 0.0449971)
(-0.0120738 -0.0289172 0.0406396)
(-0.0330664 -0.0330664 0.0349837)
(-0.0434905 -0.0407087 0.0245454)
(-0.0393492 -0.0500938 0.0119404)
(-0.0168743 -0.058621 0.000278193)
(0.0168742 -0.058621 0.000278204)
(0.0393492 -0.0500938 0.0119403)
(0.0434905 -0.0407087 0.0245454)
(0.0330664 -0.0330664 0.0349837)
(0.0120739 -0.0289173 0.0406396)
(-0.0147361 -0.0375717 0.0326264)
(-0.0407087 -0.0434905 0.0245454)
(-0.0546429 -0.0546428 0.0093281)
(-0.0511199 -0.06878 -0.0101829)
(-0.0225013 -0.0824114 -0.0293082)
(0.0225013 -0.0824114 -0.0293082)
(0.0511198 -0.06878 -0.010183)
(0.0546428 -0.0546429 0.00932809)
(0.0407087 -0.0434905 0.0245454)
(0.0147361 -0.0375717 0.0326264)
(-0.0179554 -0.0332952 0.0233609)
(-0.0500938 -0.0393492 0.0119404)
(-0.06878 -0.0511199 -0.0101829)
(-0.0670407 -0.0670407 -0.0403755)
(-0.03051 -0.0832436 -0.0727743)
(0.03051 -0.0832435 -0.0727743)
(0.0670406 -0.0670407 -0.0403756)
(0.06878 -0.0511199 -0.010183)
(0.0500938 -0.0393492 0.0119403)
(0.0179554 -0.0332953 0.0233609)
(-0.0208587 -0.0139651 0.0153211)
(-0.058621 -0.0168743 0.000278194)
(-0.0824114 -0.0225013 -0.0293082)
(-0.0832436 -0.03051 -0.0727743)
(-0.0387754 -0.0387754 -0.12141)
(0.0387754 -0.0387754 -0.12141)
(0.0832435 -0.03051 -0.0727744)
(0.0824114 -0.0225013 -0.0293082)
(0.058621 -0.0168743 0.000278159)
(0.0208587 -0.0139651 0.0153211)
(-0.0208587 0.013965 0.0153211)
(-0.058621 0.0168742 0.000278205)
(-0.0824114 0.0225013 -0.0293082)
(-0.0832435 0.03051 -0.0727743)
(-0.0387754 0.0387754 -0.12141)
(0.0387753 0.0387754 -0.12141)
(0.0832435 0.03051 -0.0727744)
(0.0824114 0.0225013 -0.0293082)
(0.058621 0.0168743 0.000278171)
(0.0208587 0.0139651 0.0153211)
(-0.0179554 0.0332952 0.0233609)
(-0.0500938 0.0393492 0.0119403)
(-0.06878 0.0511198 -0.010183)
(-0.0670407 0.0670406 -0.0403756)
(-0.03051 0.0832435 -0.0727744)
(0.03051 0.0832435 -0.0727744)
(0.0670407 0.0670407 -0.0403756)
(0.06878 0.0511199 -0.010183)
(0.0500938 0.0393492 0.0119403)
(0.0179554 0.0332952 0.0233609)
(-0.0147361 0.0375717 0.0326264)
(-0.0407087 0.0434905 0.0245454)
(-0.0546429 0.0546429 0.00932809)
(-0.0511199 0.06878 -0.010183)
(-0.0225013 0.0824114 -0.0293082)
(0.0225013 0.0824114 -0.0293082)
(0.0511199 0.06878 -0.010183)
(0.0546429 0.0546429 0.00932808)
(0.0407087 0.0434905 0.0245454)
(0.0147362 0.0375717 0.0326264)
(-0.0120739 0.0289172 0.0406396)
(-0.0330664 0.0330664 0.0349837)
(-0.0434905 0.0407087 0.0245454)
(-0.0393492 0.0500938 0.0119403)
(-0.0168743 0.058621 0.000278157)
(0.0168743 0.058621 0.000278169)
(0.0393492 0.0500938 0.0119403)
(0.0434905 0.0407087 0.0245454)
(0.0330664 0.0330664 0.0349837)
(0.0120739 0.0289173 0.0406396)
(-0.0106109 0.0106109 0.0449971)
(-0.0289173 0.0120739 0.0406396)
(-0.0375717 0.0147362 0.0326264)
(-0.0332953 0.0179554 0.0233609)
(-0.0139651 0.0208587 0.0153211)
(0.013965 0.0208587 0.0153211)
(0.0332952 0.0179554 0.0233609)
(0.0375717 0.0147362 0.0326264)
(0.0289173 0.0120739 0.0406396)
(0.0106109 0.0106109 0.0449971)
(-0.0119195 -0.0119195 0.0659744)
(-0.0326173 -0.0137712 0.0599596)
(-0.0427507 -0.017175 0.0488194)
(-0.0385229 -0.0214223 0.0357937)
(-0.0163973 -0.0254591 0.02426)
(0.0163973 -0.0254591 0.02426)
(0.0385229 -0.0214223 0.0357937)
(0.0427507 -0.0171751 0.0488195)
(0.0326173 -0.0137712 0.0599596)
(0.0119195 -0.0119195 0.0659744)
(-0.0137712 -0.0326173 0.0599596)
(-0.0378978 -0.0378978 0.052012)
(-0.0504463 -0.0477451 0.0373547)
(-0.0467225 -0.0603007 0.0192681)
(-0.0204495 -0.0723009 0.00201973)
(0.0204495 -0.0723009 0.00201975)
(0.0467225 -0.0603007 0.0192681)
(0.0504463 -0.0477451 0.0373547)
(0.0378978 -0.0378978 0.052012)
(0.0137712 -0.0326173 0.0599596)
(-0.0171751 -0.0427507 0.0488194)
(-0.0477451 -0.0504463 0.0373547)
(-0.0652124 -0.0652124 0.0156384)
(-0.0629732 -0.0848849 -0.0130996)
(-0.0284413 -0.105156 -0.0422635)
(0.0284413 -0.105156 -0.0422634)
(0.0629731 -0.0848849 -0.0130997)
(0.0652124 -0.0652125 0.0156384)
(0.0477451 -0.0504463 0.0373547)
(0.0171751 -0.0427507 0.0488194)
(-0.0214223 -0.0385229 0.0357937)
(-0.0603007 -0.0467225 0.0192681)
(-0.0848849 -0.0629732 -0.0130996)
(-0.086534 -0.086534 -0.0593736)
(-0.0407866 -0.112311 -0.111735)
(0.0407865 -0.112311 -0.111735)
(0.0865339 -0.086534 -0.0593736)
(0.0848849 -0.0629732 -0.0130997)
(0.0603007 -0.0467226 0.019268)
(0.0214223 -0.0385229 0.0357937)
(-0.0254591 -0.0163973 0.02426)
(-0.0723009 -0.0204495 0.00201973)
(-0.105156 -0.0284413 -0.0422635)
(-0.112311 -0.0407866 -0.111735)
(-0.054462 -0.054462 -0.194018)
(0.0544619 -0.054462 -0.194018)
(0.112311 -0.0407866 -0.111735)
(0.105156 -0.0284413 -0.0422635)
(0.0723009 -0.0204495 0.00201968)
(0.0254591 -0.0163973 0.02426)
(-0.0254591 0.0163973 0.02426)
(-0.0723009 0.0204495 0.00201975)
(-0.105156 0.0284413 -0.0422634)
(-0.112311 0.0407865 -0.111735)
(-0.054462 0.0544619 -0.194018)
(0.0544619 0.0544619 -0.194018)
(0.112311 0.0407866 -0.111735)
(0.105156 0.0284413 -0.0422635)
(0.0723009 0.0204495 0.0020197)
(0.0254591 0.0163973 0.02426)
(-0.0214223 0.0385229 0.0357937)
(-0.0603007 0.0467225 0.0192681)
(-0.0848849 0.0629731 -0.0130997)
(-0.086534 0.0865339 -0.0593736)
(-0.0407866 0.112311 -0.111735)
(0.0407865 0.112311 -0.111735)
(0.0865339 0.0865339 -0.0593737)
(0.0848849 0.0629732 -0.0130997)
(0.0603007 0.0467225 0.019268)
(0.0214223 0.0385229 0.0357937)
(-0.0171751 0.0427507 0.0488195)
(-0.0477451 0.0504463 0.0373547)
(-0.0652125 0.0652124 0.0156384)
(-0.0629732 0.0848849 -0.0130997)
(-0.0284413 0.105156 -0.0422635)
(0.0284413 0.105156 -0.0422635)
(0.0629732 0.0848849 -0.0130997)
(0.0652125 0.0652125 0.0156383)
(0.0477451 0.0504463 0.0373547)
(0.0171751 0.0427507 0.0488195)
(-0.0137712 0.0326173 0.0599596)
(-0.0378978 0.0378978 0.052012)
(-0.0504463 0.0477451 0.0373547)
(-0.0467226 0.0603007 0.019268)
(-0.0204495 0.0723009 0.00201968)
(0.0204495 0.0723009 0.0020197)
(0.0467225 0.0603007 0.019268)
(0.0504463 0.0477451 0.0373547)
(0.0378978 0.0378978 0.052012)
(0.0137712 0.0326173 0.0599596)
(-0.0119195 0.0119195 0.0659744)
(-0.0326173 0.0137712 0.0599596)
(-0.0427507 0.0171751 0.0488194)
(-0.0385229 0.0214223 0.0357937)
(-0.0163973 0.0254591 0.02426)
(0.0163973 0.0254591 0.02426)
(0.0385229 0.0214223 0.0357937)
(0.0427507 0.0171751 0.0488195)
(0.0326173 0.0137712 0.0599596)
(0.0119196 0.0119196 0.0659744)
(-0.0136364 -0.0136364 0.0898289)
(-0.0374792 -0.0160205 0.0822955)
(-0.0496114 -0.0204669 0.0682833)
(-0.0455839 -0.0262212 0.0515396)
(-0.0197278 -0.031975 0.0363495)
(0.0197278 -0.031975 0.0363495)
(0.0455838 -0.0262212 0.0515396)
(0.0496114 -0.0204669 0.0682833)
(0.0374792 -0.0160205 0.0822955)
(0.0136364 -0.0136364 0.089829)
(-0.0160205 -0.0374792 0.0822955)
(-0.0443371 -0.0443371 0.072145)
(-0.0598707 -0.0572911 0.0533654)
(-0.0569806 -0.0745312 0.0295084)
(-0.0255144 -0.09186 0.00588901)
(0.0255144 -0.09186 0.00588903)
(0.0569806 -0.0745312 0.0295083)
(0.0598707 -0.0572911 0.0533654)
(0.0443371 -0.0443371 0.072145)
(0.0160205 -0.0374792 0.0822955)
(-0.0204669 -0.0496114 0.0682833)
(-0.0572911 -0.0598707 0.0533654)
(-0.0798968 -0.0798968 0.025012)
(-0.0800158 -0.108173 -0.0141532)
(-0.037177 -0.139428 -0.0555913)
(0.037177 -0.139428 -0.0555913)
(0.0800157 -0.108173 -0.0141533)
(0.0798968 -0.0798969 0.025012)
(0.0572911 -0.0598708 0.0533654)
(0.0204669 -0.0496114 0.0682833)
(-0.0262212 -0.0455839 0.0515396)
(-0.0745312 -0.0569806 0.0295084)
(-0.108173 -0.0800158 -0.0141532)
(-0.116245 -0.116245 -0.0807911)
(-0.0569941 -0.1589 -0.161504)
(0.056994 -0.1589 -0.161504)
(0.116245 -0.116245 -0.0807912)
(0.108173 -0.0800158 -0.0141533)
(0.0745312 -0.0569807 0.0295083)
(0.0262212 -0.0455839 0.0515396)
(-0.031975 -0.0197278 0.0363495)
(-0.09186 -0.0255144 0.00588901)
(-0.139428 -0.037177 -0.0555913)
(-0.1589 -0.0569941 -0.161504)
(-0.0804101 -0.0804101 -0.29611)
(0.08041 -0.0804101 -0.29611)
(0.1589 -0.0569942 -0.161504)
(0.139428 -0.0371771 -0.0555914)
(0.0918601 -0.0255145 0.00588894)
(0.0319751 -0.0197278 0.0363495)
(-0.031975 0.0197278 0.0363495)
(-0.09186 0.0255144 0.00588904)
(-0.139428 0.037177 -0.0555913)
(-0.1589 0.0569941 -0.161504)
(-0.0804101 0.08041 -0.29611)
(0.08041 0.08041 -0.29611)
(0.1589 0.0569941 -0.161504)
(0.139428 0.037177 -0.0555914)
(0.0918601 0.0255144 0.00588897)
(0.031975 0.0197278 0.0363495)
(-0.0262212 0.0455838 0.0515396)
(-0.0745312 0.0569806 0.0295083)
(-0.108173 0.0800157 -0.0141533)
(-0.116245 0.116245 -0.0807912)
(-0.0569942 0.1589 -0.161504)
(0.0569941 0.1589 -0.161504)
(0.116245 0.116245 -0.0807914)
(0.108173 0.0800158 -0.0141533)
(0.0745312 0.0569806 0.0295083)
(0.0262213 0.0455839 0.0515396)
(-0.0204669 0.0496114 0.0682833)
(-0.0572911 0.0598707 0.0533654)
(-0.0798969 0.0798968 0.025012)
(-0.0800158 0.108173 -0.0141533)
(-0.0371771 0.139428 -0.0555914)
(0.037177 0.139428 -0.0555914)
(0.0800158 0.108173 -0.0141533)
(0.0798969 0.0798969 0.025012)
(0.0572911 0.0598708 0.0533654)
(0.0204669 0.0496115 0.0682833)
(-0.0160205 0.0374792 0.0822955)
(-0.0443371 0.0443371 0.072145)
(-0.0598708 0.0572911 0.0533654)
(-0.0569807 0.0745312 0.0295083)
(-0.0255145 0.0918601 0.00588894)
(0.0255144 0.0918601 0.00588896)
(0.0569806 0.0745312 0.0295083)
(0.0598708 0.0572911 0.0533654)
(0.0443371 0.0443371 0.072145)
(0.0160205 0.0374792 0.0822955)
(-0.0136364 0.0136364 0.089829)
(-0.0374792 0.0160205 0.0822955)
(-0.0496115 0.0204669 0.0682833)
(-0.0455839 0.0262212 0.0515396)
(-0.0197278 0.0319751 0.0363495)
(0.0197278 0.0319751 0.0363495)
(0.0455839 0.0262213 0.0515396)
(0.0496115 0.0204669 0.0682833)
(0.0374792 0.0160205 0.0822955)
(0.0136364 0.0136364 0.089829)
(-0.0157247 -0.0157247 0.117371)
(-0.0434055 -0.0188 0.108528)
(-0.0580583 -0.0245999 0.0920046)
(-0.0544661 -0.0324417 0.0718317)
(-0.0239843 -0.0406802 0.0529671)
(0.0239843 -0.0406802 0.0529671)
(0.0544661 -0.0324417 0.0718317)
(0.0580583 -0.0245999 0.0920047)
(0.0434055 -0.0188001 0.108528)
(0.0157247 -0.0157247 0.117371)
(-0.0188 -0.0434055 0.108528)
(-0.0523137 -0.0523137 0.0963427)
(-0.0717829 -0.0693378 0.0737916)
(-0.0703942 -0.0931257 0.0440476)
(-0.032285 -0.118219 0.01329)
(0.032285 -0.118219 0.01329)
(0.0703941 -0.0931257 0.0440475)
(0.0717829 -0.0693378 0.0737916)
(0.0523137 -0.0523138 0.0963427)
(0.0188001 -0.0434056 0.108528)
(-0.0245999 -0.0580583 0.0920046)
(-0.0693378 -0.0717828 0.0737916)
(-0.0990208 -0.0990208 0.0390669)
(-0.103156 -0.14017 -0.0115933)
(-0.0493694 -0.189138 -0.067702)
(0.0493694 -0.189138 -0.0677019)
(0.103156 -0.14017 -0.0115933)
(0.0990208 -0.0990208 0.0390669)
(0.0693378 -0.0717829 0.0737916)
(0.0245999 -0.0580583 0.0920046)
(-0.0324417 -0.0544661 0.0718317)
(-0.0931257 -0.0703942 0.0440476)
(-0.14017 -0.103156 -0.0115933)
(-0.159917 -0.159917 -0.104462)
(-0.0818404 -0.231847 -0.226592)
(0.0818403 -0.231847 -0.226591)
(0.159917 -0.159917 -0.104462)
(0.14017 -0.103157 -0.0115933)
(0.0931257 -0.0703942 0.0440475)
(0.0324417 -0.0544662 0.0718317)
(-0.0406802 -0.0239843 0.0529671)
(-0.118219 -0.032285 0.01329)
(-0.189138 -0.0493694 -0.067702)
(-0.231847 -0.0818404 -0.226592)
(-0.122587 -0.122587 -0.445224)
(0.122587 -0.122587 -0.445224)
(0.231846 -0.0818405 -0.226592)
(0.189138 -0.0493695 -0.0677021)
(0.118219 -0.0322851 0.0132899)
(0.0406803 -0.0239843 0.052967)
(-0.0406802 0.0239843 0.0529671)
(-0.118219 0.032285 0.01329)
(-0.189138 0.0493694 -0.0677019)
(-0.231847 0.0818403 -0.226591)
(-0.122587 0.122587 -0.445224)
(0.122587 0.122587 -0.445224)
(0.231846 0.0818404 -0.226592)
(0.189138 0.0493694 -0.0677021)
(0.118219 0.032285 0.01329)
(0.0406803 0.0239843 0.0529671)
(-0.0324417 0.0544661 0.0718317)
(-0.0931257 0.0703941 0.0440475)
(-0.14017 0.103156 -0.0115933)
(-0.159917 0.159917 -0.104462)
(-0.0818405 0.231846 -0.226592)
(0.0818404 0.231846 -0.226592)
(0.159917 0.159917 -0.104462)
(0.14017 0.103156 -0.0115934)
(0.0931258 0.0703942 0.0440475)
(0.0324417 0.0544661 0.0718317)
(-0.0245999 0.0580583 0.0920047)
(-0.0693378 0.0717829 0.0737916)
(-0.0990208 0.0990208 0.0390669)
(-0.103157 0.14017 -0.0115933)
(-0.0493695 0.189138 -0.0677021)
(0.0493694 0.189138 -0.0677021)
(0.103156 0.14017 -0.0115934)
(0.0990208 0.0990208 0.0390669)
(0.0693378 0.0717829 0.0737916)
(0.0245999 0.0580583 0.0920047)
(-0.0188001 0.0434055 0.108528)
(-0.0523138 0.0523137 0.0963427)
(-0.0717829 0.0693378 0.0737916)
(-0.0703942 0.0931257 0.0440475)
(-0.0322851 0.118219 0.0132899)
(0.032285 0.118219 0.01329)
(0.0703942 0.0931258 0.0440475)
(0.0717829 0.0693378 0.0737916)
(0.0523138 0.0523138 0.0963427)
(0.0188001 0.0434056 0.108528)
(-0.0157247 0.0157248 0.117371)
(-0.0434056 0.0188001 0.108528)
(-0.0580583 0.0245999 0.0920047)
(-0.0544661 0.0324417 0.0718317)
(-0.0239843 0.0406803 0.052967)
(0.0239843 0.0406803 0.0529671)
(0.0544661 0.0324417 0.0718317)
(0.0580583 0.0245999 0.0920047)
(0.0434056 0.0188001 0.108528)
(0.0157248 0.0157248 0.117371)
(-0.0181166 -0.0181166 0.149238)
(-0.0501965 -0.022042 0.139425)
(-0.0678685 -0.0295091 0.121033)
(-0.0650355 -0.0401014 0.0980174)
(-0.0291298 -0.0517993 0.0758142)
(0.0291298 -0.0517993 0.0758143)
(0.0650355 -0.0401014 0.0980174)
(0.0678685 -0.0295091 0.121033)
(0.0501965 -0.022042 0.139425)
(0.0181166 -0.0181166 0.149238)
(-0.022042 -0.0501965 0.139425)
(-0.0616321 -0.0616321 0.125554)
(-0.0860537 -0.0836822 0.0999852)
(-0.0871142 -0.116182 0.0646737)
(-0.040929 -0.152082 0.0264792)
(0.040929 -0.152082 0.0264792)
(0.0871141 -0.116182 0.0646736)
(0.0860538 -0.0836822 0.0999852)
(0.0616321 -0.0616321 0.125554)
(0.022042 -0.0501966 0.139425)
(-0.0295091 -0.0678685 0.121033)
(-0.0836822 -0.0860537 0.0999852)
(-0.122672 -0.122672 0.0599008)
(-0.13315 -0.18265 -0.00280003)
(-0.0656556 -0.259847 -0.0748225)
(0.0656555 -0.259847 -0.0748225)
(0.13315 -0.18265 -0.00280011)
(0.122672 -0.122672 0.0599008)
(0.0836822 -0.0860538 0.0999852)
(0.0295091 -0.0678685 0.121033)
(-0.0401014 -0.0650355 0.0980174)
(-0.116182 -0.0871142 0.0646737)
(-0.18265 -0.13315 -0.00280003)
(-0.222951 -0.222951 -0.129162)
(-0.120068 -0.345966 -0.311904)
(0.120068 -0.345966 -0.311904)
(0.222951 -0.222951 -0.129162)
(0.18265 -0.13315 -0.00280011)
(0.116182 -0.0871143 0.0646736)
(0.0401014 -0.0650356 0.0980174)
(-0.0517993 -0.0291298 0.0758142)
(-0.152082 -0.040929 0.0264792)
(-0.259847 -0.0656556 -0.0748225)
(-0.345966 -0.120068 -0.311904)
(-0.203585 -0.203585 -0.668295)
(0.203585 -0.203585 -0.668295)
(0.345966 -0.120068 -0.311905)
(0.259847 -0.0656557 -0.0748228)
(0.152082 -0.0409291 0.0264791)
(0.0517993 -0.0291298 0.0758142)
(-0.0517993 0.0291298 0.0758143)
(-0.152082 0.040929 0.0264792)
(-0.259847 0.0656555 -0.0748225)
(-0.345966 0.120068 -0.311904)
(-0.203585 0.203585 -0.668295)
(0.203585 0.203585 -0.668295)
(0.345966 0.120068 -0.311905)
(0.259847 0.0656556 -0.0748227)
(0.152082 0.040929 0.0264791)
(0.0517993 0.0291298 0.0758142)
(-0.0401014 0.0650355 0.0980174)
(-0.116182 0.0871141 0.0646736)
(-0.18265 0.13315 -0.00280011)
(-0.222951 0.222951 -0.129162)
(-0.120068 0.345966 -0.311905)
(0.120068 0.345966 -0.311905)
(0.222951 0.222951 -0.129162)
(0.18265 0.13315 -0.00280018)
(0.116182 0.0871142 0.0646736)
(0.0401015 0.0650356 0.0980174)
(-0.0295091 0.0678685 0.121033)
(-0.0836822 0.0860538 0.0999852)
(-0.122672 0.122672 0.0599008)
(-0.13315 0.18265 -0.00280011)
(-0.0656557 0.259847 -0.0748228)
(0.0656556 0.259847 -0.0748227)
(0.13315 0.18265 -0.00280018)
(0.122672 0.122672 0.0599008)
(0.0836822 0.0860538 0.0999852)
(0.0295091 0.0678685 0.121033)
(-0.022042 0.0501965 0.139425)
(-0.0616321 0.0616321 0.125554)
(-0.0860538 0.0836822 0.0999852)
(-0.0871143 0.116182 0.0646736)
(-0.0409291 0.152082 0.0264791)
(0.040929 0.152082 0.0264791)
(0.0871142 0.116182 0.0646736)
(0.0860538 0.0836822 0.0999852)
(0.0616321 0.0616321 0.125554)
(0.022042 0.0501965 0.139425)
(-0.0181166 0.0181166 0.149238)
(-0.0501966 0.022042 0.139425)
(-0.0678685 0.0295091 0.121033)
(-0.0650356 0.0401014 0.0980174)
(-0.0291298 0.0517993 0.0758142)
(0.0291298 0.0517993 0.0758142)
(0.0650356 0.0401015 0.0980174)
(0.0678685 0.0295091 0.121033)
(0.0501965 0.022042 0.139425)
(0.0181166 0.0181166 0.149238)
(-0.020715 -0.020715 0.185939)
(-0.0575628 -0.0256243 0.175623)
(-0.078654 -0.0350147 0.156277)
(-0.0769277 -0.0490651 0.131479)
(-0.0350062 -0.065352 0.106875)
(0.0350062 -0.065352 0.106875)
(0.0769277 -0.0490652 0.131479)
(0.078654 -0.0350147 0.156277)
(0.0575628 -0.0256244 0.175623)
(0.020715 -0.020715 0.185939)
(-0.0256243 -0.0575628 0.175623)
(-0.0719219 -0.0719219 0.160644)
(-0.10229 -0.0997715 0.133377)
(-0.106956 -0.143383 0.0936891)
(-0.0513781 -0.193263 0.049114)
(0.051378 -0.193263 0.0491141)
(0.106956 -0.143383 0.0936891)
(0.102291 -0.0997715 0.133377)
(0.0719219 -0.071922 0.160644)
(0.0256244 -0.0575628 0.175623)
(-0.0350147 -0.078654 0.156277)
(-0.0997715 -0.10229 0.133377)
(-0.150538 -0.150538 0.0901579)
(-0.169967 -0.237318 0.0170909)
(-0.0860582 -0.358884 -0.0686813)
(0.0860581 -0.358884 -0.0686812)
(0.169967 -0.237318 0.0170908)
(0.150538 -0.150538 0.0901579)
(0.0997715 -0.102291 0.133377)
(0.0350148 -0.078654 0.156277)
(-0.0490651 -0.0769277 0.131479)
(-0.143383 -0.106956 0.0936891)
(-0.237318 -0.169967 0.0170909)
(-0.312733 -0.312733 -0.150654)
(-0.183849 -0.530344 -0.415782)
(0.183849 -0.530344 -0.415782)
(0.312733 -0.312734 -0.150654)
(0.237318 -0.169967 0.0170908)
(0.143383 -0.106956 0.0936891)
(0.0490652 -0.0769278 0.131479)
(-0.065352 -0.0350062 0.106875)
(-0.193263 -0.0513781 0.049114)
(-0.358884 -0.0860582 -0.0686813)
(-0.530344 -0.183849 -0.415782)
(-0.360433 -0.360433 -1.01357)
(0.360432 -0.360433 -1.01357)
(0.530344 -0.18385 -0.415783)
(0.358885 -0.0860583 -0.0686818)
(0.193263 -0.0513781 0.0491139)
(0.065352 -0.0350062 0.106875)
(-0.065352 0.0350062 0.106875)
(-0.193263 0.051378 0.0491141)
(-0.358884 0.0860581 -0.0686812)
(-0.530344 0.183849 -0.415782)
(-0.360433 0.360432 -1.01357)
(0.360432 0.360432 -1.01357)
(0.530344 0.183849 -0.415782)
(0.358884 0.0860583 -0.0686817)
(0.193263 0.0513781 0.049114)
(0.065352 0.0350062 0.106875)
(-0.0490652 0.0769277 0.131479)
(-0.143383 0.106956 0.0936891)
(-0.237318 0.169967 0.0170908)
(-0.312734 0.312733 -0.150654)
(-0.18385 0.530344 -0.415783)
(0.183849 0.530344 -0.415782)
(0.312734 0.312734 -0.150655)
(0.237318 0.169967 0.0170907)
(0.143383 0.106956 0.0936891)
(0.0490652 0.0769278 0.131479)
(-0.0350147 0.078654 0.156277)
(-0.0997715 0.102291 0.133377)
(-0.150538 0.150538 0.0901579)
(-0.169967 0.237318 0.0170908)
(-0.0860583 0.358885 -0.0686818)
(0.0860583 0.358884 -0.0686817)
(0.169967 0.237318 0.0170907)
(0.150538 0.150538 0.0901579)
(0.0997715 0.102291 0.133377)
(0.0350148 0.078654 0.156277)
(-0.0256244 0.0575628 0.175623)
(-0.071922 0.0719219 0.160644)
(-0.102291 0.0997715 0.133377)
(-0.106956 0.143383 0.0936891)
(-0.0513781 0.193263 0.0491139)
(0.0513781 0.193263 0.049114)
(0.106956 0.143383 0.0936891)
(0.102291 0.0997715 0.133377)
(0.071922 0.071922 0.160644)
(0.0256244 0.0575628 0.175623)
(-0.020715 0.020715 0.185939)
(-0.0575628 0.0256244 0.175623)
(-0.078654 0.0350148 0.156277)
(-0.0769278 0.0490652 0.131479)
(-0.0350062 0.065352 0.106875)
(0.0350062 0.065352 0.106875)
(0.0769278 0.0490652 0.131479)
(0.078654 0.0350148 0.156277)
(0.0575628 0.0256244 0.175623)
(0.020715 0.020715 0.185939)
(-0.0233889 -0.0233889 0.227746)
(-0.0651082 -0.029358 0.217509)
(-0.0898246 -0.0407813 0.198363)
(-0.089456 -0.0588951 0.173404)
(-0.0412566 -0.0808089 0.148112)
(0.0412566 -0.0808089 0.148112)
(0.0894559 -0.0588951 0.173404)
(0.0898247 -0.0407813 0.198364)
(0.0651081 -0.029358 0.217509)
(0.023389 -0.023389 0.227746)
(-0.029358 -0.0651082 0.217509)
(-0.082585 -0.082585 0.202252)
(-0.11966 -0.11652 0.175255)
(-0.12897 -0.173037 0.133783)
(-0.0629579 -0.239259 0.0869015)
(0.0629579 -0.239259 0.0869016)
(0.128969 -0.173037 0.133783)
(0.11966 -0.11652 0.175255)
(0.082585 -0.082585 0.202252)
(0.029358 -0.0651082 0.217509)
(-0.0407813 -0.0898246 0.198363)
(-0.11652 -0.11966 0.175255)
(-0.180934 -0.180934 0.132499)
(-0.211485 -0.30467 0.0551354)
(-0.112218 -0.495097 -0.0302724)
(0.112218 -0.495097 -0.0302723)
(0.211485 -0.30467 0.0551354)
(0.180934 -0.180934 0.132499)
(0.11652 -0.11966 0.175255)
(0.0407813 -0.0898247 0.198364)
(-0.0588951 -0.089456 0.173404)
(-0.173037 -0.12897 0.133783)
(-0.30467 -0.211485 0.0551354)
(-0.436818 -0.436818 -0.157062)
(-0.281162 -0.812433 -0.545089)
(0.281162 -0.812433 -0.545089)
(0.436818 -0.436819 -0.157063)
(0.30467 -0.211485 0.0551354)
(0.173037 -0.12897 0.133783)
(0.0588951 -0.089456 0.173404)
(-0.0808089 -0.0412566 0.148112)
(-0.239259 -0.0629579 0.0869015)
(-0.495097 -0.112218 -0.0302723)
(-0.812433 -0.281162 -0.545089)
(-0.438371 -0.438371 -1.57986)
(0.438371 -0.438371 -1.57986)
(0.812435 -0.281164 -0.54509)
(0.495098 -0.112218 -0.0302728)
(0.239259 -0.062958 0.0869015)
(0.080809 -0.0412567 0.148112)
(-0.0808089 0.0412566 0.148112)
(-0.239259 0.0629579 0.0869016)
(-0.495097 0.112218 -0.0302723)
(-0.812433 0.281162 -0.545089)
(-0.438371 0.438371 -1.57986)
(0.43837 0.43837 -1.57986)
(0.812435 0.281163 -0.54509)
(0.495098 0.112218 -0.0302728)
(0.239259 0.062958 0.0869015)
(0.080809 0.0412567 0.148112)
(-0.0588951 0.0894559 0.173404)
(-0.173037 0.128969 0.133783)
(-0.30467 0.211485 0.0551354)
(-0.436819 0.436818 -0.157063)
(-0.281164 0.812435 -0.54509)
(0.281163 0.812435 -0.54509)
(0.436818 0.436818 -0.157063)
(0.30467 0.211485 0.0551354)
(0.173037 0.12897 0.133783)
(0.0588951 0.089456 0.173404)
(-0.0407813 0.0898247 0.198364)
(-0.11652 0.11966 0.175255)
(-0.180934 0.180934 0.132499)
(-0.211485 0.30467 0.0551354)
(-0.112218 0.495098 -0.0302728)
(0.112218 0.495098 -0.0302728)
(0.211485 0.30467 0.0551354)
(0.180934 0.180934 0.132499)
(0.11652 0.11966 0.175255)
(0.0407813 0.0898247 0.198364)
(-0.029358 0.0651081 0.217509)
(-0.082585 0.082585 0.202252)
(-0.11966 0.11652 0.175255)
(-0.12897 0.173037 0.133783)
(-0.062958 0.239259 0.0869015)
(0.062958 0.239259 0.0869015)
(0.12897 0.173037 0.133783)
(0.11966 0.11652 0.175255)
(0.082585 0.082585 0.202252)
(0.029358 0.0651082 0.217509)
(-0.023389 0.023389 0.227746)
(-0.0651082 0.029358 0.217509)
(-0.0898247 0.0407813 0.198364)
(-0.089456 0.0588951 0.173404)
(-0.0412567 0.080809 0.148112)
(0.0412567 0.080809 0.148112)
(0.089456 0.0588951 0.173404)
(0.0898247 0.0407813 0.198364)
(0.0651082 0.029358 0.217509)
(0.023389 0.023389 0.227746)
(-0.0259843 -0.0259843 0.274642)
(-0.0723693 -0.0329888 0.26511)
(-0.10061 -0.0462908 0.247369)
(-0.101598 -0.0687262 0.224325)
(-0.0472678 -0.0961576 0.20084)
(0.0472678 -0.0961576 0.20084)
(0.101598 -0.0687262 0.224325)
(0.10061 -0.0462909 0.247369)
(0.0723693 -0.0329888 0.265111)
(0.0259843 -0.0259843 0.274642)
(-0.0329888 -0.0723693 0.26511)
(-0.0927966 -0.0927966 0.250587)
(-0.136768 -0.132323 0.226282)
(-0.150548 -0.201853 0.187414)
(-0.0745653 -0.283636 0.147959)
(0.0745653 -0.283636 0.147959)
(0.150548 -0.201853 0.187414)
(0.136769 -0.132324 0.226282)
(0.0927967 -0.0927967 0.250587)
(0.0329888 -0.0723694 0.265111)
(-0.0462908 -0.10061 0.247369)
(-0.132323 -0.136768 0.226282)
(-0.210471 -0.210471 0.188361)
(-0.251906 -0.380945 0.120861)
(-0.148952 -0.662764 0.0541067)
(0.148952 -0.662764 0.0541067)
(0.251906 -0.380945 0.120861)
(0.210471 -0.210471 0.188361)
(0.132323 -0.136769 0.226282)
(0.0462909 -0.10061 0.247369)
(-0.0687262 -0.101598 0.224325)
(-0.201853 -0.150548 0.187414)
(-0.380945 -0.251906 0.120861)
(-0.589684 -0.589684 -0.146486)
(-0.338594 -0.999137 -0.794063)
(0.338594 -0.999136 -0.794064)
(0.589685 -0.589685 -0.146486)
(0.380945 -0.251907 0.120861)
(0.201853 -0.150548 0.187414)
(0.0687262 -0.101598 0.224325)
(-0.0961576 -0.0472678 0.20084)
(-0.283636 -0.0745653 0.147959)
(-0.662764 -0.148952 0.0541067)
(-0.999137 -0.338594 -0.794063)
(-0.197173 -0.197173 -2.33018)
(0.197173 -0.197173 -2.33018)
(0.99914 -0.338596 -0.794067)
(0.662765 -0.148953 0.0541065)
(0.283637 -0.0745654 0.147959)
(0.0961577 -0.0472678 0.20084)
(-0.0961576 0.0472678 0.20084)
(-0.283636 0.0745653 0.147959)
(-0.662764 0.148952 0.0541067)
(-0.999136 0.338594 -0.794063)
(-0.197173 0.197173 -2.33018)
(0.197173 0.197173 -2.33018)
(0.999139 0.338595 -0.794067)
(0.662765 0.148953 0.0541065)
(0.283637 0.0745654 0.147959)
(0.0961577 0.0472679 0.20084)
(-0.0687262 0.101598 0.224325)
(-0.201853 0.150548 0.187414)
(-0.380945 0.251906 0.120861)
(-0.589685 0.589685 -0.146486)
(-0.338596 0.99914 -0.794067)
(0.338595 0.999139 -0.794067)
(0.589685 0.589685 -0.146486)
(0.380946 0.251907 0.120862)
(0.201854 0.150548 0.187414)
(0.0687262 0.101598 0.224325)
(-0.0462909 0.10061 0.247369)
(-0.132324 0.136769 0.226282)
(-0.210471 0.210471 0.188361)
(-0.251907 0.380945 0.120861)
(-0.148953 0.662765 0.0541065)
(0.148953 0.662765 0.0541065)
(0.251907 0.380946 0.120862)
(0.210471 0.210471 0.188361)
(0.132324 0.136769 0.226282)
(0.0462909 0.10061 0.247369)
(-0.0329888 0.0723693 0.265111)
(-0.0927967 0.0927967 0.250587)
(-0.136769 0.132323 0.226282)
(-0.150548 0.201853 0.187414)
(-0.0745654 0.283637 0.147959)
(0.0745654 0.283637 0.147959)
(0.150548 0.201854 0.187414)
(0.136769 0.132324 0.226282)
(0.0927967 0.0927967 0.250588)
(0.0329888 0.0723694 0.265111)
(-0.0259843 0.0259843 0.274642)
(-0.0723694 0.0329888 0.265111)
(-0.10061 0.0462909 0.247369)
(-0.101598 0.0687262 0.224325)
(-0.0472678 0.0961577 0.20084)
(0.0472679 0.0961577 0.20084)
(0.101598 0.0687263 0.224325)
(0.10061 0.0462909 0.247369)
(0.0723694 0.0329888 0.265111)
(0.0259843 0.0259844 0.274642)
(-0.0283477 -0.0283477 0.326292)
(-0.0789083 -0.0362309 0.318007)
(-0.110178 -0.0509029 0.30257)
(-0.112147 -0.0772817 0.283524)
(-0.0523383 -0.107084 0.264107)
(0.0523384 -0.107084 0.264107)
(0.112147 -0.0772817 0.283524)
(0.110178 -0.0509029 0.30257)
(0.0789083 -0.0362309 0.318007)
(0.0283478 -0.0283477 0.326292)
(-0.0362309 -0.0789083 0.318007)
(-0.101631 -0.101631 0.305193)
(-0.151743 -0.145338 0.285811)
(-0.167435 -0.224377 0.256284)
(-0.0852739 -0.321359 0.235869)
(0.0852739 -0.321359 0.235869)
(0.167435 -0.224378 0.256284)
(0.151743 -0.145338 0.285811)
(0.101631 -0.101631 0.305194)
(0.0362309 -0.0789083 0.318007)
(-0.0509029 -0.110178 0.30257)
(-0.145338 -0.151743 0.285811)
(-0.233525 -0.233525 0.256885)
(-0.285886 -0.455435 0.218349)
(-0.178741 -0.795356 0.133493)
(0.178741 -0.795356 0.133493)
(0.285886 -0.455435 0.218349)
(0.233525 -0.233525 0.256885)
(0.145338 -0.151743 0.285811)
(0.0509029 -0.110178 0.30257)
(-0.0772817 -0.112147 0.283524)
(-0.224377 -0.167435 0.256284)
(-0.455435 -0.285886 0.218349)
(-0.699583 -0.699583 -0.177952)
(-0.257322 -0.820234 -1.24189)
(0.257321 -0.820234 -1.24189)
(0.699583 -0.699584 -0.177952)
(0.455435 -0.285886 0.218349)
(0.224378 -0.167435 0.256284)
(0.0772817 -0.112147 0.283524)
(-0.107084 -0.0523383 0.264107)
(-0.321359 -0.0852739 0.235869)
(-0.795356 -0.178741 0.133493)
(-0.820234 -0.257322 -1.24189)
(-0.0244125 -0.0244125 -2.88782)
(0.0244122 -0.0244125 -2.88782)
(0.820233 -0.257322 -1.24189)
(0.795357 -0.178741 0.133493)
(0.321359 -0.085274 0.23587)
(0.107084 -0.0523384 0.264107)
(-0.107084 0.0523384 0.264107)
(-0.321359 0.0852739 0.235869)
(-0.795356 0.178741 0.133493)
(-0.820234 0.257321 -1.24189)
(-0.0244125 0.0244122 -2.88782)
(0.0244122 0.0244122 -2.88782)
(0.820233 0.257322 -1.24189)
(0.795357 0.178741 0.133493)
(0.321359 0.0852741 0.23587)
(0.107084 0.0523384 0.264107)
(-0.0772817 0.112147 0.283524)
(-0.224378 0.167435 0.256284)
(-0.455435 0.285886 0.218349)
(-0.699584 0.699583 -0.177952)
(-0.257322 0.820233 -1.24189)
(0.257322 0.820233 -1.24189)
(0.699584 0.699584 -0.177953)
(0.455436 0.285886 0.218349)
(0.224378 0.167435 0.256284)
(0.0772818 0.112147 0.283524)
(-0.0509029 0.110178 0.30257)
(-0.145338 0.151743 0.285811)
(-0.233525 0.233525 0.256885)
(-0.285886 0.455435 0.218349)
(-0.178741 0.795357 0.133493)
(0.178741 0.795357 0.133493)
(0.285886 0.455436 0.218349)
(0.233525 0.233525 0.256885)
(0.145338 0.151743 0.285811)
(0.0509029 0.110179 0.30257)
(-0.0362309 0.0789083 0.318007)
(-0.101631 0.101631 0.305194)
(-0.151743 0.145338 0.285811)
(-0.167435 0.224378 0.256284)
(-0.085274 0.321359 0.23587)
(0.0852741 0.321359 0.23587)
(0.167435 0.224378 0.256284)
(0.151743 0.145338 0.285811)
(0.101631 0.101631 0.305194)
(0.0362309 0.0789083 0.318007)
(-0.0283477 0.0283478 0.326292)
(-0.0789083 0.0362309 0.318007)
(-0.110178 0.0509029 0.30257)
(-0.112147 0.0772817 0.283524)
(-0.0523384 0.107084 0.264107)
(0.0523384 0.107084 0.264107)
(0.112147 0.0772818 0.283524)
(0.110179 0.0509029 0.30257)
(0.0789083 0.0362309 0.318007)
(0.0283478 0.0283478 0.326292)
(-0.0303649 -0.0303649 0.382084)
(-0.0844586 -0.0388424 0.375343)
(-0.117907 -0.0540448 0.36236)
(-0.120287 -0.0831211 0.348692)
(-0.0563936 -0.109868 0.335368)
(0.0563937 -0.109868 0.335368)
(0.120287 -0.0831212 0.348693)
(0.117907 -0.0540448 0.36236)
(0.0844586 -0.0388424 0.375343)
(0.030365 -0.0303649 0.382084)
(-0.0388424 -0.0844586 0.375343)
(-0.10836 -0.10836 0.364814)
(-0.162655 -0.154227 0.3514)
(-0.175285 -0.235611 0.336814)
(-0.0923909 -0.349607 0.33733)
(0.0923909 -0.349607 0.33733)
(0.175285 -0.235612 0.336814)
(0.162655 -0.154227 0.3514)
(0.10836 -0.10836 0.364814)
(0.0388424 -0.0844587 0.375343)
(-0.0540448 -0.117907 0.36236)
(-0.154227 -0.162655 0.3514)
(-0.244982 -0.244982 0.334908)
(-0.309968 -0.498435 0.321901)
(-0.166365 -0.7991 0.105561)
(0.166365 -0.7991 0.105561)
(0.309968 -0.498435 0.321901)
(0.244982 -0.244982 0.334908)
(0.154227 -0.162655 0.3514)
(0.0540449 -0.117907 0.36236)
(-0.0831212 -0.120287 0.348692)
(-0.235611 -0.175285 0.336814)
(-0.498435 -0.309968 0.321901)
(-0.657582 -0.657582 -0.327694)
(-0.102558 -0.401191 -1.71458)
(0.102558 -0.401191 -1.71458)
(0.657582 -0.657583 -0.327695)
(0.498435 -0.309968 0.321901)
(0.235612 -0.175286 0.336814)
(0.0831212 -0.120287 0.348693)
(-0.109868 -0.0563936 0.335368)
(-0.349607 -0.0923909 0.33733)
(-0.7991 -0.166365 0.105561)
(-0.401191 -0.102558 -1.71458)
(0.0110462 0.0110462 -3.14335)
(-0.0110463 0.0110461 -3.14335)
(0.40119 -0.102558 -1.71458)
(0.799101 -0.166365 0.10556)
(0.349607 -0.0923911 0.33733)
(0.109868 -0.0563937 0.335368)
(-0.109868 0.0563937 0.335368)
(-0.349607 0.0923909 0.33733)
(-0.7991 0.166365 0.105561)
(-0.401191 0.102558 -1.71458)
(0.0110461 -0.0110463 -3.14335)
(-0.0110462 -0.0110462 -3.14335)
(0.40119 0.102558 -1.71458)
(0.799101 0.166365 0.10556)
(0.349607 0.0923911 0.337331)
(0.109868 0.0563938 0.335368)
(-0.0831212 0.120287 0.348693)
(-0.235612 0.175285 0.336814)
(-0.498435 0.309968 0.321901)
(-0.657583 0.657582 -0.327695)
(-0.102558 0.40119 -1.71458)
(0.102558 0.40119 -1.71458)
(0.657583 0.657583 -0.327696)
(0.498436 0.309968 0.321901)
(0.235612 0.175286 0.336814)
(0.0831212 0.120287 0.348693)
(-0.0540448 0.117907 0.36236)
(-0.154227 0.162655 0.3514)
(-0.244982 0.244982 0.334908)
(-0.309968 0.498435 0.321901)
(-0.166365 0.799101 0.10556)
(0.166365 0.799101 0.10556)
(0.309968 0.498436 0.321901)
(0.244982 0.244982 0.334908)
(0.154227 0.162655 0.3514)
(0.0540449 0.117907 0.36236)
(-0.0388424 0.0844586 0.375343)
(-0.10836 0.10836 0.364814)
(-0.162655 0.154227 0.3514)
(-0.175286 0.235612 0.336814)
(-0.0923911 0.349607 0.33733)
(0.0923911 0.349607 0.337331)
(0.175286 0.235612 0.336814)
(0.162655 0.154227 0.3514)
(0.10836 0.10836 0.364814)
(0.0388424 0.0844586 0.375344)
(-0.0303649 0.030365 0.382084)
(-0.0844587 0.0388424 0.375343)
(-0.117907 0.0540449 0.36236)
(-0.120287 0.0831212 0.348693)
(-0.0563937 0.109868 0.335368)
(0.0563938 0.109868 0.335368)
(0.120287 0.0831212 0.348693)
(0.117907 0.0540449 0.36236)
(0.0844586 0.0388424 0.375344)
(0.030365 0.030365 0.382084)
(-0.0320003 -0.0320003 0.441278)
(-0.0890734 -0.0407319 0.436009)
(-0.123694 -0.0555474 0.424541)
(-0.125812 -0.0853489 0.416196)
(-0.0595918 -0.104983 0.408353)
(0.0595919 -0.104983 0.408353)
(0.125812 -0.0853489 0.416197)
(0.123694 -0.0555474 0.424541)
(0.0890734 -0.0407319 0.43601)
(0.0320003 -0.0320003 0.441278)
(-0.0407319 -0.0890734 0.436009)
(-0.11289 -0.11289 0.427625)
(-0.168573 -0.158318 0.418835)
(-0.175245 -0.236071 0.417846)
(-0.092287 -0.351326 0.426029)
(0.092287 -0.351326 0.426029)
(0.175245 -0.236071 0.417846)
(0.168573 -0.158318 0.418835)
(0.11289 -0.11289 0.427625)
(0.0407319 -0.0890734 0.43601)
(-0.0555474 -0.123694 0.424541)
(-0.158318 -0.168573 0.418835)
(-0.245131 -0.245131 0.410928)
(-0.302436 -0.494105 0.385878)
(-0.122677 -0.673009 -0.0302186)
(0.122677 -0.67301 -0.0302189)
(0.302436 -0.494106 0.385878)
(0.245131 -0.245131 0.410929)
(0.158318 -0.168573 0.418835)
(0.0555474 -0.123694 0.424541)
(-0.0853489 -0.125812 0.416196)
(-0.236071 -0.175245 0.417846)
(-0.494105 -0.302436 0.385878)
(-0.485562 -0.485562 -0.563635)
(-0.0134758 -0.10067 -2.05872)
(0.0134766 -0.100671 -2.05872)
(0.485562 -0.485563 -0.563636)
(0.494105 -0.302437 0.385878)
(0.236071 -0.175245 0.417846)
(0.0853489 -0.125812 0.416197)
(-0.104983 -0.0595918 0.408353)
(-0.351326 -0.092287 0.426029)
(-0.673009 -0.122677 -0.0302186)
(-0.10067 -0.0134758 -2.05872)
(0.012128 0.012128 -3.2333)
(-0.0121281 0.012128 -3.2333)
(0.100669 -0.0134753 -2.05872)
(0.67301 -0.122678 -0.0302204)
(0.351327 -0.0922872 0.426029)
(0.104983 -0.0595919 0.408353)
(-0.104983 0.0595919 0.408353)
(-0.351326 0.092287 0.426029)
(-0.67301 0.122677 -0.0302189)
(-0.100671 0.0134767 -2.05872)
(0.012128 -0.012128 -3.2333)
(-0.012128 -0.012128 -3.2333)
(0.10067 0.0134762 -2.05872)
(0.673011 0.122678 -0.0302205)
(0.351327 0.0922873 0.426029)
(0.104983 0.059592 0.408353)
(-0.0853489 0.125812 0.416197)
(-0.236071 0.175245 0.417846)
(-0.494106 0.302436 0.385878)
(-0.485563 0.485562 -0.563636)
(-0.0134753 0.100669 -2.05872)
(0.0134762 0.10067 -2.05872)
(0.485563 0.485563 -0.563637)
(0.494106 0.302437 0.385879)
(0.236071 0.175245 0.417847)
(0.0853489 0.125812 0.416197)
(-0.0555474 0.123694 0.424541)
(-0.158318 0.168573 0.418835)
(-0.245131 0.245131 0.410929)
(-0.302437 0.494105 0.385878)
(-0.122678 0.67301 -0.0302204)
(0.122678 0.673011 -0.0302205)
(0.302437 0.494106 0.385879)
(0.245131 0.245131 0.410929)
(0.158318 0.168573 0.418836)
(0.0555474 0.123694 0.424541)
(-0.0407319 0.0890734 0.43601)
(-0.11289 0.11289 0.427625)
(-0.168573 0.158318 0.418835)
(-0.175245 0.236071 0.417846)
(-0.0922872 0.351327 0.426029)
(0.0922873 0.351327 0.426029)
(0.175245 0.236071 0.417847)
(0.168573 0.158318 0.418836)
(0.11289 0.11289 0.427625)
(0.0407319 0.0890734 0.43601)
(-0.0320003 0.0320003 0.441278)
(-0.0890734 0.0407319 0.43601)
(-0.123694 0.0555474 0.424541)
(-0.125812 0.0853489 0.416197)
(-0.0595919 0.104983 0.408353)
(0.059592 0.104983 0.408353)
(0.125812 0.0853489 0.416197)
(0.123694 0.0555474 0.424541)
(0.0890734 0.0407319 0.43601)
(0.0320003 0.0320003 0.441278)
(-0.0333165 -0.0333165 0.503228)
(-0.0931987 -0.0420292 0.499017)
(-0.128198 -0.0559576 0.487138)
(-0.130148 -0.0843287 0.482628)
(-0.0628129 -0.0976233 0.473751)
(0.0628131 -0.0976233 0.473751)
(0.130148 -0.0843287 0.482629)
(0.128198 -0.0559575 0.487138)
(0.0931987 -0.0420292 0.499017)
(0.0333165 -0.0333165 0.503228)
(-0.0420292 -0.0931987 0.499017)
(-0.116128 -0.116128 0.491943)
(-0.170462 -0.159691 0.483839)
(-0.172729 -0.231131 0.492059)
(-0.0880604 -0.33575 0.485947)
(0.0880606 -0.33575 0.485947)
(0.172729 -0.231131 0.492059)
(0.170462 -0.159691 0.483839)
(0.116128 -0.116128 0.491943)
(0.0420292 -0.0931987 0.499017)
(-0.0559576 -0.128198 0.487138)
(-0.159691 -0.170462 0.483839)
(-0.238933 -0.238933 0.472287)
(-0.273933 -0.449742 0.388767)
(-0.0806509 -0.51685 -0.215245)
(0.0806514 -0.51685 -0.215245)
(0.273933 -0.449742 0.388768)
(0.238933 -0.238933 0.472287)
(0.159691 -0.170462 0.483839)
(0.0559575 -0.128198 0.487138)
(-0.0843287 -0.130148 0.482628)
(-0.231131 -0.172729 0.492059)
(-0.449742 -0.273933 0.388767)
(-0.308344 -0.308344 -0.80675)
(0.0125529 0.0819932 -2.28225)
(-0.0125514 0.0819927 -2.28225)
(0.308344 -0.308345 -0.806751)
(0.449742 -0.273933 0.388767)
(0.231131 -0.172729 0.492059)
(0.0843287 -0.130148 0.482629)
(-0.0976233 -0.0628129 0.473751)
(-0.33575 -0.0880604 0.485947)
(-0.51685 -0.0806509 -0.215245)
(0.0819933 0.0125529 -2.28225)
(0.00948286 0.00948285 -3.22884)
(-0.0094828 0.00948282 -3.22884)
(-0.0819942 0.0125545 -2.28225)
(0.516851 -0.080651 -0.215247)
(0.335751 -0.0880606 0.485948)
(0.0976233 -0.062813 0.473752)
(-0.0976233 0.0628131 0.473751)
(-0.33575 0.0880606 0.485947)
(-0.51685 0.0806515 -0.215245)
(0.0819927 -0.0125513 -2.28225)
(0.00948282 -0.0094828 -3.22884)
(-0.00948276 -0.00948276 -3.22884)
(-0.0819938 -0.0125528 -2.28225)
(0.516851 0.0806516 -0.215247)
(0.335751 0.0880608 0.485948)
(0.0976233 0.0628132 0.473752)
(-0.0843287 0.130148 0.482629)
(-0.231131 0.172729 0.492059)
(-0.449742 0.273933 0.388768)
(-0.308345 0.308344 -0.806751)
(0.0125544 -0.0819942 -2.28225)
(-0.0125528 -0.0819939 -2.28225)
(0.308345 0.308345 -0.806751)
(0.449742 0.273934 0.388768)
(0.231131 0.172729 0.49206)
(0.0843287 0.130148 0.482629)
(-0.0559575 0.128198 0.487138)
(-0.159691 0.170462 0.483839)
(-0.238933 0.238933 0.472287)
(-0.273933 0.449742 0.388767)
(-0.080651 0.516851 -0.215247)
(0.0806516 0.516851 -0.215247)
(0.273934 0.449742 0.388768)
(0.238933 0.238933 0.472287)
(0.159691 0.170462 0.483839)
(0.0559575 0.128198 0.487138)
(-0.0420292 0.0931987 0.499017)
(-0.116128 0.116128 0.491943)
(-0.170462 0.159691 0.483839)
(-0.172729 0.231131 0.492059)
(-0.0880606 0.335751 0.485948)
(0.0880608 0.335751 0.485948)
(0.172729 0.231131 0.49206)
(0.170462 0.159691 0.483839)
(0.116128 0.116128 0.491943)
(0.0420292 0.0931987 0.499018)
(-0.0333165 0.0333165 0.503228)
(-0.0931987 0.0420292 0.499017)
(-0.128198 0.0559575 0.487138)
(-0.130148 0.0843287 0.482629)
(-0.062813 0.0976233 0.473752)
(0.0628132 0.0976233 0.473752)
(0.130148 0.0843287 0.482629)
(0.128198 0.0559575 0.487138)
(0.0931987 0.0420292 0.499018)
(0.0333165 0.0333165 0.503228)
(-0.0344423 -0.0344422 0.567619)
(-0.0975427 -0.0430144 0.563943)
(-0.132582 -0.0563385 0.549415)
(-0.135216 -0.0817932 0.546671)
(-0.0671035 -0.0937115 0.529505)
(0.0671038 -0.0937114 0.529505)
(0.135217 -0.0817932 0.546671)
(0.132582 -0.0563385 0.549415)
(0.0975427 -0.0430144 0.563944)
(0.0344422 -0.0344422 0.567619)
(-0.0430144 -0.0975427 0.563943)
(-0.1197 -0.1197 0.557099)
(-0.17102 -0.162371 0.54452)
(-0.173646 -0.228123 0.55598)
(-0.086552 -0.321907 0.508602)
(0.0865524 -0.321907 0.508602)
(0.173646 -0.228123 0.55598)
(0.17102 -0.162371 0.54452)
(0.1197 -0.1197 0.557099)
(0.0430144 -0.0975426 0.563944)
(-0.0563385 -0.132582 0.549415)
(-0.162371 -0.17102 0.54452)
(-0.233464 -0.233464 0.514539)
(-0.246928 -0.39303 0.345364)
(-0.0577806 -0.391103 -0.416885)
(0.0577818 -0.391103 -0.416885)
(0.246929 -0.39303 0.345365)
(0.233464 -0.233464 0.51454)
(0.162371 -0.17102 0.54452)
(0.0563384 -0.132582 0.549415)
(-0.0817932 -0.135216 0.546671)
(-0.228123 -0.173646 0.55598)
(-0.39303 -0.246928 0.345364)
(-0.180827 -0.180827 -1.02059)
(0.0094962 0.193741 -2.45259)
(-0.00949471 0.193741 -2.45259)
(0.180827 -0.180827 -1.02059)
(0.393029 -0.246928 0.345364)
(0.228123 -0.173646 0.55598)
(0.0817931 -0.135216 0.546671)
(-0.0937115 -0.0671035 0.529505)
(-0.321907 -0.086552 0.508602)
(-0.391103 -0.0577806 -0.416885)
(0.193741 0.00949615 -2.45259)
(0.01076 0.0107599 -3.16075)
(-0.0107599 0.01076 -3.16075)
(-0.193741 0.00949817 -2.45259)
(0.391103 -0.05778 -0.416888)
(0.321908 -0.0865522 0.508602)
(0.0937114 -0.0671036 0.529505)
(-0.0937114 0.0671038 0.529505)
(-0.321907 0.0865524 0.508602)
(-0.391103 0.0577819 -0.416885)
(0.193741 -0.00949464 -2.45259)
(0.01076 -0.0107599 -3.16075)
(-0.0107599 -0.0107599 -3.16075)
(-0.193741 -0.00949666 -2.45259)
(0.391103 0.0577814 -0.416887)
(0.321907 0.0865526 0.508603)
(0.0937113 0.0671039 0.529505)
(-0.0817932 0.135217 0.546671)
(-0.228123 0.173646 0.55598)
(-0.39303 0.246929 0.345365)
(-0.180827 0.180827 -1.02059)
(0.00949813 -0.193741 -2.45259)
(-0.00949665 -0.193741 -2.45259)
(0.180827 0.180827 -1.02059)
(0.393029 0.246929 0.345365)
(0.228123 0.173646 0.555981)
(0.0817931 0.135216 0.546671)
(-0.0563385 0.132582 0.549415)
(-0.162371 0.17102 0.54452)
(-0.233464 0.233464 0.51454)
(-0.246928 0.393029 0.345364)
(-0.05778 0.391103 -0.416888)
(0.0577814 0.391103 -0.416888)
(0.246929 0.393029 0.345365)
(0.233464 0.233464 0.51454)
(0.162371 0.17102 0.54452)
(0.0563384 0.132582 0.549415)
(-0.0430144 0.0975427 0.563944)
(-0.1197 0.1197 0.557099)
(-0.17102 0.162371 0.54452)
(-0.173646 0.228123 0.55598)
(-0.0865522 0.321908 0.508603)
(0.0865526 0.321907 0.508603)
(0.173646 0.228123 0.555981)
(0.17102 0.162371 0.54452)
(0.1197 0.1197 0.557099)
(0.0430144 0.0975426 0.563944)
(-0.0344422 0.0344422 0.567619)
(-0.0975426 0.0430144 0.563944)
(-0.132582 0.0563384 0.549415)
(-0.135216 0.0817931 0.546671)
(-0.0671036 0.0937114 0.529505)
(0.0671039 0.0937113 0.529505)
(0.135216 0.0817931 0.546671)
(0.132582 0.0563384 0.549415)
(0.0975426 0.0430144 0.563944)
(0.0344422 0.0344422 0.567619)
(-0.0354946 -0.0354946 0.634585)
(-0.102772 -0.043944 0.631145)
(-0.137998 -0.0577077 0.61237)
(-0.142921 -0.0793725 0.609563)
(-0.0737024 -0.0967837 0.578824)
(0.0737027 -0.0967835 0.578824)
(0.142921 -0.0793724 0.609563)
(0.137998 -0.0577076 0.61237)
(0.102772 -0.043944 0.631145)
(0.0354946 -0.0354946 0.634585)
(-0.043944 -0.102772 0.631145)
(-0.125177 -0.125177 0.623742)
(-0.17281 -0.170778 0.602264)
(-0.181095 -0.234784 0.613381)
(-0.0922446 -0.329545 0.506527)
(0.0922452 -0.329544 0.506527)
(0.181095 -0.234783 0.613381)
(0.17281 -0.170778 0.602264)
(0.125177 -0.125177 0.623742)
(0.043944 -0.102772 0.631145)
(-0.0577077 -0.137998 0.61237)
(-0.170778 -0.17281 0.602264)
(-0.236655 -0.236655 0.541558)
(-0.244737 -0.341577 0.273102)
(-0.0661471 -0.311014 -0.630839)
(0.0661491 -0.311014 -0.630839)
(0.244738 -0.341576 0.273104)
(0.236654 -0.236654 0.541558)
(0.170778 -0.17281 0.602264)
(0.0577075 -0.137998 0.61237)
(-0.0793725 -0.142921 0.609563)
(-0.234784 -0.181095 0.613381)
(-0.341577 -0.244738 0.273102)
(-0.0957823 -0.0957824 -1.19107)
(-0.0101018 0.236038 -2.57002)
(0.0101024 0.236038 -2.57002)
(0.0957836 -0.0957791 -1.19107)
(0.341575 -0.244737 0.273102)
(0.234783 -0.181095 0.613381)
(0.0793723 -0.14292 0.609563)
(-0.0967837 -0.0737024 0.578824)
(-0.329545 -0.0922446 0.506527)
(-0.311014 -0.0661471 -0.630839)
(0.236038 -0.0101018 -2.57002)
(0.0116085 0.0116085 -3.01331)
(-0.0116085 0.0116085 -3.01331)
(-0.236038 -0.010101 -2.57002)
(0.311013 -0.0661456 -0.630842)
(0.329545 -0.0922446 0.506527)
(0.0967834 -0.0737024 0.578824)
(-0.0967835 0.0737028 0.578824)
(-0.329544 0.0922452 0.506527)
(-0.311014 0.0661492 -0.630839)
(0.236038 0.0101023 -2.57002)
(0.0116085 -0.0116084 -3.01331)
(-0.0116085 -0.0116085 -3.01331)
(-0.236039 0.0101015 -2.57002)
(0.311012 0.0661476 -0.630841)
(0.329544 0.0922452 0.506528)
(0.0967833 0.0737028 0.578824)
(-0.0793724 0.142921 0.609563)
(-0.234783 0.181095 0.613381)
(-0.341576 0.244738 0.273104)
(-0.0957791 0.0957836 -1.19107)
(-0.010101 -0.236038 -2.57002)
(0.0101015 -0.236038 -2.57002)
(0.0957804 0.0957803 -1.19107)
(0.341574 0.244737 0.273104)
(0.234782 0.181095 0.613381)
(0.0793722 0.142921 0.609563)
(-0.0577076 0.137998 0.61237)
(-0.170778 0.17281 0.602264)
(-0.236654 0.236654 0.541558)
(-0.244737 0.341575 0.273102)
(-0.0661456 0.311013 -0.630842)
(0.0661476 0.311012 -0.630841)
(0.244737 0.341574 0.273104)
(0.236653 0.236653 0.541558)
(0.170778 0.17281 0.602264)
(0.0577075 0.137998 0.61237)
(-0.043944 0.102772 0.631145)
(-0.125177 0.125177 0.623742)
(-0.17281 0.170778 0.602264)
(-0.181095 0.234783 0.613381)
(-0.0922446 0.329545 0.506527)
(0.0922452 0.329544 0.506528)
(0.181095 0.234782 0.613381)
(0.17281 0.170778 0.602264)
(0.125177 0.125177 0.623742)
(0.043944 0.102772 0.631145)
(-0.0354946 0.0354946 0.634585)
(-0.102772 0.043944 0.631145)
(-0.137998 0.0577075 0.61237)
(-0.14292 0.0793723 0.609563)
(-0.0737024 0.0967834 0.578824)
(0.0737028 0.0967833 0.578824)
(0.142921 0.0793722 0.609563)
(0.137998 0.0577075 0.61237)
(0.102772 0.043944 0.631145)
(0.0354946 0.0354946 0.634585)
(-0.0364984 -0.0364984 0.704603)
(-0.109186 -0.0449286 0.701616)
(-0.145046 -0.060739 0.678591)
(-0.154691 -0.0781374 0.674927)
(-0.0837391 -0.106637 0.627952)
(0.0837395 -0.106637 0.627952)
(0.154691 -0.0781372 0.674927)
(0.145046 -0.0607389 0.678591)
(0.109186 -0.0449286 0.701616)
(0.0364984 -0.0364984 0.704603)
(-0.0449286 -0.109186 0.701616)
(-0.133512 -0.133512 0.693455)
(-0.177587 -0.18765 0.661675)
(-0.198314 -0.255763 0.670174)
(-0.108431 -0.375732 0.491162)
(0.108431 -0.375731 0.491162)
(0.198314 -0.255762 0.670174)
(0.177587 -0.18765 0.661675)
(0.133512 -0.133512 0.693455)
(0.0449286 -0.109186 0.701616)
(-0.060739 -0.145046 0.678591)
(-0.18765 -0.177587 0.661675)
(-0.254928 -0.254928 0.564575)
(-0.280431 -0.298305 0.185682)
(-0.119305 -0.264344 -0.8714)
(0.119307 -0.264342 -0.871399)
(0.280432 -0.298303 0.185684)
(0.254927 -0.254928 0.564575)
(0.18765 -0.177587 0.661675)
(0.0607388 -0.145046 0.678591)
(-0.0781374 -0.154691 0.674927)
(-0.255763 -0.198314 0.670174)
(-0.298305 -0.280432 0.185682)
(-0.0427306 -0.0427307 -1.3255)
(-0.0262518 0.16458 -2.67129)
(0.0262516 0.16458 -2.67129)
(0.0427322 -0.0427256 -1.3255)
(0.298303 -0.28043 0.185682)
(0.255762 -0.198314 0.670174)
(0.0781371 -0.154691 0.674927)
(-0.106637 -0.0837391 0.627952)
(-0.375732 -0.108431 0.491162)
(-0.264344 -0.119306 -0.8714)
(0.16458 -0.0262518 -2.67129)
(0.0100216 0.0100216 -2.90487)
(-0.0100216 0.0100216 -2.90487)
(-0.16458 -0.0262521 -2.67129)
(0.264342 -0.119304 -0.871401)
(0.375731 -0.10843 0.491162)
(0.106636 -0.0837391 0.627953)
(-0.106637 0.0837395 0.627952)
(-0.375731 0.108431 0.491162)
(-0.264342 0.119307 -0.871399)
(0.16458 0.0262515 -2.67129)
(0.0100216 -0.0100216 -2.90487)
(-0.0100216 -0.0100216 -2.90487)
(-0.16458 0.0262519 -2.67129)
(0.264341 0.119305 -0.8714)
(0.375731 0.108431 0.491163)
(0.106636 0.0837395 0.627952)
(-0.0781372 0.154691 0.674927)
(-0.255762 0.198314 0.670174)
(-0.298303 0.280432 0.185684)
(-0.0427256 0.0427322 -1.3255)
(-0.0262521 -0.16458 -2.67129)
(0.0262519 -0.16458 -2.67129)
(0.0427272 0.0427272 -1.3255)
(0.298301 0.28043 0.185684)
(0.255761 0.198314 0.670174)
(0.078137 0.154691 0.674927)
(-0.0607389 0.145046 0.678591)
(-0.18765 0.177587 0.661675)
(-0.254928 0.254927 0.564575)
(-0.28043 0.298303 0.185682)
(-0.119304 0.264342 -0.871401)
(0.119305 0.264341 -0.8714)
(0.280431 0.298301 0.185684)
(0.254926 0.254926 0.564575)
(0.18765 0.177587 0.661675)
(0.0607387 0.145046 0.678591)
(-0.0449286 0.109186 0.701616)
(-0.133512 0.133512 0.693455)
(-0.177587 0.18765 0.661675)
(-0.198314 0.255762 0.670174)
(-0.10843 0.375731 0.491162)
(0.108431 0.375731 0.491163)
(0.198314 0.255761 0.670174)
(0.177587 0.18765 0.661675)
(0.133512 0.133512 0.693455)
(0.0449285 0.109186 0.701616)
(-0.0364984 0.0364984 0.704603)
(-0.109186 0.0449286 0.701616)
(-0.145046 0.0607388 0.678591)
(-0.154691 0.0781371 0.674927)
(-0.0837391 0.106636 0.627953)
(0.0837395 0.106636 0.627952)
(0.154691 0.078137 0.674927)
(0.145046 0.0607387 0.678591)
(0.109186 0.0449285 0.701616)
(0.0364983 0.0364983 0.704602)
(-0.0373265 -0.0373265 0.778186)
(-0.116424 -0.0458993 0.776563)
(-0.153346 -0.0655131 0.751554)
(-0.170584 -0.0790372 0.748117)
(-0.0975373 -0.126142 0.687243)
(0.0975376 -0.126142 0.687242)
(0.170584 -0.0790371 0.748117)
(0.153346 -0.065513 0.751554)
(0.116424 -0.0458993 0.776563)
(0.0373265 -0.0373265 0.778186)
(-0.0458993 -0.116424 0.776563)
(-0.144559 -0.144559 0.768143)
(-0.186276 -0.212661 0.728431)
(-0.226624 -0.290593 0.728535)
(-0.137939 -0.453648 0.45412)
(0.13794 -0.453648 0.45412)
(0.226624 -0.290591 0.728535)
(0.186276 -0.212661 0.72843)
(0.144559 -0.144559 0.768143)
(0.0458993 -0.116424 0.776563)
(-0.0655131 -0.153346 0.751554)
(-0.212661 -0.186276 0.728431)
(-0.287773 -0.287773 0.600443)
(-0.348847 -0.258825 0.0907643)
(-0.19818 -0.193955 -1.16747)
(0.19818 -0.193954 -1.16747)
(0.348848 -0.258823 0.0907664)
(0.287772 -0.287772 0.600443)
(0.212661 -0.186276 0.72843)
(0.0655129 -0.153346 0.751554)
(-0.0790372 -0.170584 0.748117)
(-0.290593 -0.226624 0.728535)
(-0.258825 -0.348847 0.0907642)
(-0.00396857 -0.00396857 -1.42645)
(-0.0283167 0.0801823 -2.73809)
(0.0283164 0.0801823 -2.73809)
(0.00396905 -0.00396567 -1.42645)
(0.258823 -0.348844 0.0907646)
(0.290592 -0.226623 0.728534)
(0.079037 -0.170583 0.748117)
(-0.126142 -0.0975372 0.687243)
(-0.453648 -0.137939 0.45412)
(-0.193955 -0.19818 -1.16747)
(0.0801823 -0.0283166 -2.73809)
(0.00508858 0.00508859 -2.8489)
(-0.0050886 0.00508857 -2.8489)
(-0.0801823 -0.0283168 -2.73809)
(0.193954 -0.19818 -1.16747)
(0.453647 -0.137938 0.45412)
(0.126142 -0.0975372 0.687243)
(-0.126142 0.0975376 0.687242)
(-0.453648 0.13794 0.45412)
(-0.193954 0.19818 -1.16747)
(0.0801823 0.0283164 -2.73809)
(0.00508857 -0.0050886 -2.8489)
(-0.00508859 -0.00508859 -2.8489)
(-0.0801823 0.0283165 -2.73809)
(0.193953 0.19818 -1.16747)
(0.453647 0.137939 0.454121)
(0.126142 0.0975375 0.687243)
(-0.0790371 0.170584 0.748117)
(-0.290591 0.226624 0.728535)
(-0.258823 0.348848 0.0907664)
(-0.00396567 0.00396907 -1.42645)
(-0.0283168 -0.0801823 -2.73809)
(0.0283165 -0.0801823 -2.73809)
(0.00396619 0.00396621 -1.42644)
(0.258821 0.348845 0.0907668)
(0.290591 0.226623 0.728534)
(0.0790369 0.170584 0.748117)
(-0.065513 0.153346 0.751554)
(-0.212661 0.186276 0.72843)
(-0.287772 0.287772 0.600443)
(-0.348844 0.258823 0.0907647)
(-0.19818 0.193954 -1.16747)
(0.19818 0.193953 -1.16747)
(0.348845 0.258821 0.0907668)
(0.287771 0.287771 0.600444)
(0.212661 0.186275 0.72843)
(0.0655129 0.153346 0.751554)
(-0.0458993 0.116424 0.776563)
(-0.144559 0.144559 0.768143)
(-0.186276 0.212661 0.72843)
(-0.226623 0.290592 0.728534)
(-0.137938 0.453647 0.45412)
(0.137939 0.453647 0.454121)
(0.226623 0.290591 0.728534)
(0.186275 0.212661 0.72843)
(0.144559 0.144559 0.768143)
(0.0458993 0.116424 0.776563)
(-0.0373265 0.0373265 0.778186)
(-0.116424 0.0458993 0.776563)
(-0.153346 0.0655129 0.751554)
(-0.170583 0.079037 0.748117)
(-0.0975372 0.126142 0.687243)
(0.0975375 0.126142 0.687243)
(0.170584 0.0790369 0.748117)
(0.153346 0.0655129 0.751554)
(0.116424 0.0458993 0.776563)
(0.0373265 0.0373265 0.778186)
(-0.0376692 -0.0376692 0.85543)
(-0.123319 -0.0465969 0.856791)
(-0.161435 -0.071479 0.834445)
(-0.188744 -0.0829308 0.834183)
(-0.114617 -0.161542 0.765778)
(0.114617 -0.161542 0.765778)
(0.188744 -0.0829307 0.834183)
(0.161435 -0.071479 0.834445)
(0.123319 -0.0465969 0.856791)
(0.0376692 -0.0376692 0.85543)
(-0.0465969 -0.123319 0.856791)
(-0.156951 -0.156951 0.84952)
(-0.198825 -0.2417 0.807812)
(-0.269803 -0.336436 0.790134)
(-0.184893 -0.53421 0.372458)
(0.184893 -0.53421 0.372458)
(0.269803 -0.336435 0.790134)
(0.198824 -0.2417 0.807812)
(0.156951 -0.156951 0.84952)
(0.0465969 -0.123319 0.856791)
(-0.071479 -0.161435 0.834445)
(-0.2417 -0.198825 0.807812)
(-0.331271 -0.331271 0.661084)
(-0.431553 -0.221982 -0.0124081)
(-0.254707 -0.108373 -1.47978)
(0.254706 -0.108372 -1.47978)
(0.431555 -0.221982 -0.012406)
(0.331271 -0.331271 0.661085)
(0.2417 -0.198824 0.807812)
(0.0714789 -0.161435 0.834445)
(-0.0829308 -0.188744 0.834183)
(-0.336436 -0.269803 0.790134)
(-0.221982 -0.431553 -0.0124081)
(0.0118979 0.0118979 -1.50235)
(-0.0307059 0.0352796 -2.77616)
(0.0307058 0.0352796 -2.77616)
(-0.0118982 0.0118986 -1.50235)
(0.221983 -0.431551 -0.0124071)
(0.336436 -0.269802 0.790133)
(0.0829307 -0.188744 0.834183)
(-0.161542 -0.114617 0.765778)
(-0.53421 -0.184893 0.372458)
(-0.108372 -0.254707 -1.47978)
(0.0352796 -0.0307059 -2.77616)
(-0.0033088 -0.0033088 -2.82441)
(0.00330879 -0.0033088 -2.82441)
(-0.0352797 -0.0307059 -2.77616)
(0.108372 -0.254709 -1.47978)
(0.534209 -0.184893 0.372459)
(0.161542 -0.114617 0.765778)
(-0.161542 0.114617 0.765778)
(-0.53421 0.184893 0.372458)
(-0.108372 0.254706 -1.47978)
(0.0352796 0.0307058 -2.77616)
(-0.0033088 0.00330879 -2.82441)
(0.00330879 0.00330879 -2.82441)
(-0.0352797 0.0307057 -2.77616)
(0.108372 0.254708 -1.47978)
(0.534209 0.184893 0.372459)
(0.161542 0.114617 0.765778)
(-0.0829307 0.188744 0.834183)
(-0.336435 0.269803 0.790134)
(-0.221982 0.431555 -0.012406)
(0.0118985 -0.0118982 -1.50235)
(-0.0307059 -0.0352797 -2.77616)
(0.0307057 -0.0352797 -2.77616)
(-0.0118989 -0.0118989 -1.50235)
(0.221982 0.431553 -0.012405)
(0.336435 0.269802 0.790133)
(0.0829307 0.188744 0.834182)
(-0.071479 0.161435 0.834445)
(-0.2417 0.198824 0.807812)
(-0.331271 0.331271 0.661085)
(-0.431551 0.221983 -0.0124071)
(-0.254709 0.108372 -1.47978)
(0.254708 0.108372 -1.47978)
(0.431553 0.221982 -0.012405)
(0.33127 0.33127 0.661085)
(0.2417 0.198824 0.807811)
(0.0714789 0.161435 0.834445)
(-0.0465969 0.123319 0.856791)
(-0.156951 0.156951 0.84952)
(-0.198824 0.2417 0.807812)
(-0.269802 0.336436 0.790133)
(-0.184893 0.534209 0.372459)
(0.184893 0.534209 0.372459)
(0.269802 0.336435 0.790133)
(0.198824 0.2417 0.807811)
(0.156951 0.156951 0.84952)
(0.0465969 0.123319 0.856791)
(-0.0376692 0.0376692 0.85543)
(-0.123319 0.0465969 0.856791)
(-0.161435 0.0714789 0.834445)
(-0.188744 0.0829307 0.834183)
(-0.114617 0.161542 0.765778)
(0.114617 0.161542 0.765778)
(0.188744 0.0829307 0.834182)
(0.161435 0.0714789 0.834445)
(0.123319 0.0465969 0.856791)
(0.0376692 0.0376692 0.85543)
(-0.0370383 -0.0370383 0.935512)
(-0.127958 -0.0465029 0.942109)
(-0.166929 -0.0773958 0.928926)
(-0.20653 -0.0902084 0.937202)
(-0.134925 -0.219635 0.869275)
(0.134925 -0.219635 0.869274)
(0.20653 -0.0902085 0.937202)
(0.166929 -0.0773959 0.928926)
(0.127958 -0.046503 0.942109)
(0.0370383 -0.0370383 0.935512)
(-0.0465029 -0.127958 0.942109)
(-0.168164 -0.168164 0.938797)
(-0.213882 -0.267869 0.904387)
(-0.332272 -0.385806 0.85808)
(-0.249177 -0.593523 0.225014)
(0.249176 -0.593523 0.225014)
(0.332272 -0.385806 0.85808)
(0.213882 -0.267869 0.904387)
(0.168164 -0.168164 0.938797)
(0.0465029 -0.127958 0.942109)
(-0.0773958 -0.166929 0.928926)
(-0.267869 -0.213882 0.904387)
(-0.376696 -0.376696 0.754744)
(-0.514005 -0.179227 -0.134727)
(-0.234601 -0.0501474 -1.83009)
(0.234601 -0.0501475 -1.83009)
(0.514005 -0.179228 -0.134725)
(0.376697 -0.376697 0.754744)
(0.267869 -0.213882 0.904386)
(0.0773958 -0.166929 0.928926)
(-0.0902084 -0.20653 0.937202)
(-0.385806 -0.332272 0.85808)
(-0.179227 -0.514005 -0.134727)
(0.0155341 0.0155341 -1.57182)
(-0.0369309 -0.00426044 -2.79493)
(0.0369309 -0.00426041 -2.79493)
(-0.0155344 0.0155335 -1.57182)
(0.179228 -0.514005 -0.134726)
(0.385807 -0.332272 0.858079)
(0.0902085 -0.20653 0.937202)
(-0.219635 -0.134925 0.869275)
(-0.593523 -0.249177 0.225014)
(-0.0501473 -0.234601 -1.83009)
(-0.00426043 -0.0369309 -2.79493)
(-0.0140633 -0.0140633 -2.81871)
(0.0140633 -0.0140633 -2.81871)
(0.00426046 -0.0369309 -2.79493)
(0.0501476 -0.234602 -1.83009)
(0.593523 -0.249177 0.225015)
(0.219635 -0.134925 0.869274)
(-0.219635 0.134925 0.869274)
(-0.593523 0.249176 0.225014)
(-0.0501475 0.234601 -1.83009)
(-0.00426042 0.0369309 -2.79493)
(-0.0140633 0.0140633 -2.81871)
(0.0140633 0.0140633 -2.81871)
(0.00426044 0.0369309 -2.79493)
(0.0501477 0.234602 -1.83009)
(0.593523 0.249177 0.225015)
(0.219635 0.134925 0.869274)
(-0.0902085 0.20653 0.937202)
(-0.385806 0.332272 0.85808)
(-0.179228 0.514005 -0.134725)
(0.0155335 -0.0155344 -1.57182)
(-0.0369309 0.00426045 -2.79493)
(0.0369309 0.00426042 -2.79493)
(-0.0155338 -0.0155337 -1.57182)
(0.17923 0.514005 -0.134724)
(0.385807 0.332272 0.858079)
(0.0902086 0.20653 0.937201)
(-0.0773959 0.166929 0.928926)
(-0.267869 0.213882 0.904387)
(-0.376697 0.376697 0.754744)
(-0.514005 0.179229 -0.134726)
(-0.234602 0.0501476 -1.83009)
(0.234602 0.0501477 -1.83009)
(0.514005 0.17923 -0.134724)
(0.376698 0.376698 0.754744)
(0.267869 0.213882 0.904386)
(0.0773959 0.166929 0.928926)
(-0.046503 0.127958 0.942109)
(-0.168164 0.168164 0.938797)
(-0.213882 0.267869 0.904386)
(-0.332272 0.385807 0.858079)
(-0.249177 0.593523 0.225015)
(0.249177 0.593523 0.225015)
(0.332272 0.385807 0.858079)
(0.213882 0.267869 0.904386)
(0.168164 0.168164 0.938797)
(0.046503 0.127958 0.942109)
(-0.0370383 0.0370383 0.935512)
(-0.127958 0.0465029 0.942109)
(-0.166929 0.0773958 0.928926)
(-0.20653 0.0902085 0.937202)
(-0.134925 0.219635 0.869274)
(0.134925 0.219635 0.869274)
(0.20653 0.0902086 0.937201)
(0.166929 0.0773959 0.928926)
(0.127958 0.046503 0.942109)
(0.0370383 0.0370383 0.935512)
(-0.0347684 -0.0347683 1.01625)
(-0.127951 -0.0447025 1.03072)
(-0.166166 -0.0808526 1.034)
(-0.220666 -0.0991834 1.05932)
(-0.157484 -0.296839 0.99681)
(0.157484 -0.296839 0.99681)
(0.220666 -0.0991836 1.05932)
(0.166166 -0.0808528 1.034)
(0.127951 -0.0447025 1.03072)
(0.0347683 -0.0347684 1.01625)
(-0.0447025 -0.127951 1.03072)
(-0.173956 -0.173956 1.03596)
(-0.226852 -0.281055 1.02056)
(-0.407543 -0.418417 0.928012)
(-0.311894 -0.571143 -0.0111711)
(0.311894 -0.571144 -0.0111709)
(0.407543 -0.418418 0.928013)
(0.226852 -0.281055 1.02056)
(0.173956 -0.173956 1.03596)
(0.0447025 -0.127951 1.03072)
(-0.0808526 -0.166166 1.034)
(-0.281055 -0.226852 1.02056)
(-0.401376 -0.401376 0.877539)
(-0.537928 -0.110749 -0.299872)
(-0.140976 -0.0386707 -2.19786)
(0.140976 -0.0386708 -2.19786)
(0.537927 -0.11075 -0.299871)
(0.401377 -0.401378 0.877539)
(0.281055 -0.226852 1.02056)
(0.0808527 -0.166166 1.034)
(-0.0991834 -0.220666 1.05932)
(-0.418417 -0.407543 0.928012)
(-0.110749 -0.537927 -0.299872)
(0.026595 0.0265951 -1.61775)
(-0.0427289 -0.082558 -2.80572)
(0.042729 -0.082558 -2.80572)
(-0.026595 0.0265942 -1.61775)
(0.11075 -0.537929 -0.299872)
(0.418418 -0.407544 0.928013)
(0.0991837 -0.220665 1.05932)
(-0.296839 -0.157484 0.99681)
(-0.571143 -0.311894 -0.0111712)
(-0.0386707 -0.140976 -2.19786)
(-0.082558 -0.0427289 -2.80572)
(-0.0228868 -0.0228868 -2.84372)
(0.0228868 -0.0228868 -2.84372)
(0.0825581 -0.042729 -2.80572)
(0.0386712 -0.140976 -2.19786)
(0.571144 -0.311895 -0.0111703)
(0.29684 -0.157483 0.99681)
(-0.296839 0.157484 0.99681)
(-0.571144 0.311894 -0.0111709)
(-0.0386707 0.140976 -2.19786)
(-0.082558 0.042729 -2.80572)
(-0.0228868 0.0228868 -2.84372)
(0.0228868 0.0228868 -2.84372)
(0.082558 0.042729 -2.80572)
(0.0386712 0.140976 -2.19786)
(0.571144 0.311894 -0.01117)
(0.29684 0.157483 0.99681)
(-0.0991836 0.220666 1.05932)
(-0.418418 0.407543 0.928013)
(-0.110751 0.537927 -0.299871)
(0.0265941 -0.026595 -1.61775)
(-0.042729 0.082558 -2.80572)
(0.0427291 0.082558 -2.80572)
(-0.0265941 -0.0265941 -1.61775)
(0.110752 0.537929 -0.29987)
(0.418419 0.407544 0.928013)
(0.0991839 0.220666 1.05932)
(-0.0808528 0.166166 1.034)
(-0.281055 0.226852 1.02056)
(-0.401378 0.401377 0.877539)
(-0.537929 0.11075 -0.299872)
(-0.140976 0.0386712 -2.19786)
(0.140976 0.0386712 -2.19786)
(0.537929 0.110752 -0.29987)
(0.401379 0.401379 0.87754)
(0.281056 0.226852 1.02056)
(0.0808529 0.166166 1.034)
(-0.0447025 0.127951 1.03072)
(-0.173956 0.173956 1.03596)
(-0.226852 0.281055 1.02056)
(-0.407544 0.418418 0.928013)
(-0.311895 0.571144 -0.0111702)
(0.311894 0.571144 -0.0111701)
(0.407544 0.418419 0.928013)
(0.226852 0.281056 1.02056)
(0.173956 0.173956 1.03596)
(0.0447026 0.127951 1.03072)
(-0.0347684 0.0347683 1.01625)
(-0.127951 0.0447025 1.03072)
(-0.166166 0.0808527 1.034)
(-0.220665 0.0991837 1.05932)
(-0.157483 0.29684 0.99681)
(0.157483 0.29684 0.99681)
(0.220666 0.0991839 1.05932)
(0.166166 0.0808529 1.034)
(0.127951 0.0447026 1.03072)
(0.0347684 0.0347684 1.01625)
(-0.0301496 -0.0301496 1.09388)
(-0.120932 -0.0399067 1.11863)
(-0.155166 -0.0785808 1.14485)
(-0.226654 -0.104841 1.19565)
(-0.177772 -0.375813 1.12452)
(0.177772 -0.375813 1.12452)
(0.226654 -0.104841 1.19565)
(0.155166 -0.0785809 1.14485)
(0.120932 -0.0399068 1.11863)
(0.0301496 -0.0301496 1.09388)
(-0.0399067 -0.120932 1.11863)
(-0.169356 -0.169356 1.13845)
(-0.229648 -0.268863 1.15206)
(-0.477176 -0.402303 0.983737)
(-0.338602 -0.438897 -0.328127)
(0.338602 -0.438898 -0.328127)
(0.477176 -0.402304 0.983737)
(0.229648 -0.268863 1.15206)
(0.169356 -0.169356 1.13845)
(0.0399068 -0.120932 1.11863)
(-0.0785808 -0.155166 1.14485)
(-0.268863 -0.229648 1.15206)
(-0.378709 -0.378709 0.99719)
(-0.455525 -0.0382738 -0.515258)
(-0.0644067 -0.0850711 -2.43116)
(0.0644068 -0.085071 -2.43116)
(0.455525 -0.0382741 -0.515256)
(0.37871 -0.378711 0.99719)
(0.268863 -0.229649 1.15206)
(0.0785809 -0.155166 1.14485)
(-0.104841 -0.226654 1.19565)
(-0.402303 -0.477176 0.983737)
(-0.0382738 -0.455525 -0.515258)
(0.0425241 0.0425241 -1.6114)
(-0.0423276 -0.200406 -2.81579)
(0.0423277 -0.200406 -2.81579)
(-0.042524 0.042524 -1.6114)
(0.038274 -0.455526 -0.515258)
(0.402304 -0.477177 0.983738)
(0.104841 -0.226654 1.19565)
(-0.375813 -0.177772 1.12452)
(-0.438897 -0.338602 -0.328127)
(-0.0850712 -0.0644067 -2.43116)
(-0.200406 -0.0423276 -2.81579)
(-0.0207648 -0.0207648 -2.91555)
(0.0207648 -0.0207648 -2.91555)
(0.200406 -0.0423276 -2.81579)
(0.085071 -0.0644067 -2.43116)
(0.438898 -0.338602 -0.328127)
(0.375813 -0.177772 1.12452)
(-0.375813 0.177772 1.12452)
(-0.438898 0.338602 -0.328127)
(-0.085071 0.0644068 -2.43116)
(-0.200406 0.0423277 -2.81579)
(-0.0207648 0.0207648 -2.91555)
(0.0207648 0.0207648 -2.91555)
(0.200406 0.0423277 -2.81579)
(0.0850709 0.0644067 -2.43116)
(0.438898 0.338602 -0.328127)
(0.375813 0.177772 1.12452)
(-0.104841 0.226654 1.19565)
(-0.402304 0.477176 0.983737)
(-0.0382742 0.455525 -0.515256)
(0.0425239 -0.0425239 -1.6114)
(-0.0423276 0.200406 -2.81579)
(0.0423277 0.200406 -2.81579)
(-0.0425238 -0.0425238 -1.6114)
(0.0382745 0.455526 -0.515256)
(0.402305 0.477177 0.983738)
(0.104841 0.226654 1.19565)
(-0.0785809 0.155166 1.14485)
(-0.268863 0.229648 1.15206)
(-0.378711 0.37871 0.99719)
(-0.455526 0.0382741 -0.515258)
(-0.0644067 0.085071 -2.43116)
(0.0644068 0.0850709 -2.43116)
(0.455526 0.0382745 -0.515256)
(0.378711 0.378711 0.997191)
(0.268864 0.229649 1.15206)
(0.078581 0.155166 1.14485)
(-0.0399068 0.120932 1.11863)
(-0.169356 0.169356 1.13845)
(-0.229649 0.268863 1.15206)
(-0.477177 0.402304 0.983738)
(-0.338602 0.438898 -0.328127)
(0.338602 0.438898 -0.328127)
(0.477177 0.402305 0.983738)
(0.229649 0.268864 1.15206)
(0.169356 0.169356 1.13845)
(0.0399068 0.120932 1.11863)
(-0.0301496 0.0301496 1.09388)
(-0.120932 0.0399068 1.11863)
(-0.155166 0.0785809 1.14485)
(-0.226654 0.104841 1.19565)
(-0.177772 0.375813 1.12452)
(0.177772 0.375813 1.12452)
(0.226654 0.104841 1.19565)
(0.155166 0.078581 1.14485)
(0.120932 0.0399069 1.11863)
(0.0301496 0.0301496 1.09388)
(-0.0226086 -0.0226086 1.16317)
(-0.105097 -0.0307203 1.1996)
(-0.131153 -0.0675258 1.25196)
(-0.218995 -0.0985006 1.33157)
(-0.189467 -0.410207 1.22505)
(0.189467 -0.410207 1.22505)
(0.218995 -0.0985006 1.33157)
(0.131153 -0.0675259 1.25196)
(0.105097 -0.0307204 1.1996)
(0.0226086 -0.0226086 1.16317)
(-0.0307203 -0.105097 1.1996)
(-0.15032 -0.15032 1.24004)
(-0.210389 -0.221354 1.28654)
(-0.505608 -0.319193 1.00949)
(-0.305703 -0.272501 -0.659486)
(0.305703 -0.272501 -0.659486)
(0.505608 -0.319193 1.00949)
(0.210389 -0.221354 1.28654)
(0.15032 -0.15032 1.24004)
(0.0307203 -0.105097 1.1996)
(-0.0675258 -0.131153 1.25196)
(-0.221354 -0.210389 1.28654)
(-0.294887 -0.294887 1.0764)
(-0.31598 0.00292792 -0.704365)
(-0.0344025 -0.182028 -2.54522)
(0.0344025 -0.182027 -2.54522)
(0.31598 0.00292883 -0.704365)
(0.294887 -0.294888 1.0764)
(0.221354 -0.210389 1.28654)
(0.0675258 -0.131153 1.25196)
(-0.0985006 -0.218995 1.33157)
(-0.319193 -0.505608 1.00949)
(0.00292792 -0.31598 -0.704366)
(0.0166508 0.0166508 -1.59377)
(-0.0271473 -0.267568 -2.8335)
(0.0271474 -0.267568 -2.8335)
(-0.0166511 0.0166514 -1.59377)
(-0.00292872 -0.31598 -0.704366)
(0.319193 -0.505608 1.00949)
(0.0985007 -0.218995 1.33157)
(-0.410207 -0.189467 1.22505)
(-0.272501 -0.305703 -0.659486)
(-0.182028 -0.0344025 -2.54522)
(-0.267568 -0.0271473 -2.8335)
(0.0134277 0.0134277 -3.04738)
(-0.0134277 0.0134277 -3.04738)
(0.267568 -0.0271473 -2.8335)
(0.182027 -0.0344024 -2.54522)
(0.272501 -0.305703 -0.659487)
(0.410207 -0.189467 1.22505)
(-0.410207 0.189467 1.22505)
(-0.272501 0.305703 -0.659486)
(-0.182027 0.0344025 -2.54522)
(-0.267568 0.0271474 -2.8335)
(0.0134277 -0.0134277 -3.04738)
(-0.0134277 -0.0134277 -3.04738)
(0.267568 0.0271474 -2.8335)
(0.182027 0.0344025 -2.54522)
(0.272501 0.305704 -0.659487)
(0.410207 0.189467 1.22505)
(-0.0985006 0.218995 1.33157)
(-0.319193 0.505608 1.00949)
(0.00292879 0.31598 -0.704365)
(0.0166514 -0.0166511 -1.59377)
(-0.0271472 0.267568 -2.8335)
(0.0271474 0.267568 -2.8335)
(-0.0166517 -0.0166517 -1.59377)
(-0.00292953 0.31598 -0.704365)
(0.319194 0.505608 1.00949)
(0.0985007 0.218995 1.33157)
(-0.0675259 0.131153 1.25196)
(-0.221354 0.210389 1.28654)
(-0.294888 0.294888 1.0764)
(-0.31598 -0.00292868 -0.704366)
(-0.0344025 0.182027 -2.54522)
(0.0344025 0.182027 -2.54522)
(0.31598 -0.00292953 -0.704365)
(0.294888 0.294888 1.0764)
(0.221354 0.210389 1.28654)
(0.0675259 0.131153 1.25196)
(-0.0307204 0.105097 1.1996)
(-0.15032 0.15032 1.24004)
(-0.210389 0.221354 1.28654)
(-0.505608 0.319193 1.00949)
(-0.305703 0.272501 -0.659487)
(0.305704 0.272501 -0.659487)
(0.505608 0.319194 1.00949)
(0.210389 0.221354 1.28654)
(0.15032 0.15032 1.24005)
(0.0307204 0.105097 1.1996)
(-0.0226086 0.0226086 1.16317)
(-0.105097 0.0307203 1.1996)
(-0.131153 0.0675259 1.25196)
(-0.218995 0.0985007 1.33157)
(-0.189467 0.410207 1.22505)
(0.189467 0.410207 1.22505)
(0.218995 0.0985007 1.33157)
(0.131153 0.0675259 1.25196)
(0.105097 0.0307204 1.1996)
(0.0226086 0.0226086 1.16317)
(-0.0117919 -0.0117919 1.21796)
(-0.0801025 -0.016002 1.26555)
(-0.0921291 -0.0463406 1.3406)
(-0.18937 -0.0682053 1.44578)
(-0.186689 -0.367575 1.27921)
(0.186689 -0.367576 1.27921)
(0.18937 -0.0682052 1.44578)
(0.0921291 -0.0463406 1.3406)
(0.0801026 -0.016002 1.26555)
(0.0117919 -0.0117919 1.21796)
(-0.016002 -0.0801025 1.26555)
(-0.115116 -0.115116 1.32939)
(-0.156153 -0.140778 1.40359)
(-0.459861 -0.179113 1.00669)
(-0.230143 -0.147955 -0.927976)
(0.230143 -0.147955 -0.927976)
(0.459861 -0.179113 1.00669)
(0.156153 -0.140778 1.40359)
(0.115116 -0.115116 1.32939)
(0.016002 -0.0801025 1.26555)
(-0.0463406 -0.092129 1.3406)
(-0.140778 -0.156153 1.40359)
(-0.157265 -0.157265 1.11347)
(-0.195665 0.0614431 -0.809019)
(-0.00994122 -0.229237 -2.58443)
(0.00994123 -0.229237 -2.58443)
(0.195665 0.0614442 -0.809019)
(0.157265 -0.157265 1.11347)
(0.140778 -0.156153 1.40359)
(0.0463407 -0.0921289 1.3406)
(-0.0682053 -0.18937 1.44578)
(-0.179113 -0.459861 1.00669)
(0.061443 -0.195665 -0.809019)
(-0.0650091 -0.0650091 -1.59774)
(0.0441631 -0.274852 -2.90704)
(-0.0441633 -0.274852 -2.90704)
(0.0650085 -0.0650082 -1.59774)
(-0.0614441 -0.195665 -0.80902)
(0.179113 -0.459861 1.00669)
(0.0682051 -0.18937 1.44578)
(-0.367575 -0.186689 1.27921)
(-0.147955 -0.230143 -0.927976)
(-0.229237 -0.00994121 -2.58443)
(-0.274852 0.0441632 -2.90704)
(0.0810729 0.0810729 -3.20133)
(-0.0810729 0.0810728 -3.20133)
(0.274852 0.0441634 -2.90704)
(0.229237 -0.00994109 -2.58443)
(0.147955 -0.230142 -0.927977)
(0.367576 -0.186689 1.27921)
(-0.367576 0.186689 1.27921)
(-0.147955 0.230143 -0.927976)
(-0.229237 0.00994124 -2.58443)
(-0.274852 -0.0441633 -2.90704)
(0.0810728 -0.0810729 -3.20133)
(-0.0810728 -0.0810728 -3.20133)
(0.274852 -0.0441635 -2.90704)
(0.229237 0.00994112 -2.58443)
(0.147955 0.230143 -0.927976)
(0.367576 0.186689 1.27921)
(-0.0682052 0.18937 1.44578)
(-0.179113 0.459861 1.00669)
(0.0614442 0.195665 -0.809019)
(-0.0650082 0.0650085 -1.59774)
(0.0441634 0.274852 -2.90704)
(-0.0441636 0.274852 -2.90704)
(0.0650076 0.0650076 -1.59774)
(-0.0614453 0.195665 -0.809019)
(0.179113 0.459861 1.00669)
(0.068205 0.18937 1.44578)
(-0.0463406 0.0921291 1.3406)
(-0.140778 0.156153 1.40359)
(-0.157265 0.157265 1.11347)
(-0.195665 -0.0614441 -0.80902)
(-0.00994111 0.229237 -2.58443)
(0.00994112 0.229237 -2.58443)
(0.195665 -0.0614453 -0.809019)
(0.157265 0.157265 1.11347)
(0.140778 0.156153 1.40359)
(0.0463407 0.092129 1.3406)
(-0.016002 0.0801026 1.26555)
(-0.115116 0.115116 1.32939)
(-0.156153 0.140778 1.40359)
(-0.459861 0.179113 1.00669)
(-0.230143 0.147955 -0.927977)
(0.230143 0.147955 -0.927977)
(0.459861 0.179113 1.00669)
(0.156153 0.140778 1.40359)
(0.115116 0.115116 1.32939)
(0.016002 0.0801026 1.26555)
(-0.0117919 0.0117919 1.21796)
(-0.0801025 0.016002 1.26555)
(-0.0921289 0.0463407 1.3406)
(-0.18937 0.0682051 1.44578)
(-0.186689 0.367576 1.27921)
(0.186689 0.367576 1.27921)
(0.18937 0.068205 1.44578)
(0.092129 0.0463407 1.3406)
(0.0801026 0.016002 1.26555)
(0.0117919 0.0117919 1.21796)
(0.00104126 0.00104126 1.25219)
(-0.0483334 0.00207755 1.30824)
(-0.0394805 -0.0169173 1.39613)
(-0.137338 -0.0111992 1.51551)
(-0.168087 -0.274182 1.29826)
(0.168087 -0.274182 1.29826)
(0.137338 -0.0111991 1.51551)
(0.0394805 -0.0169173 1.39613)
(0.0483335 0.00207758 1.30824)
(-0.00104126 0.00104127 1.25219)
(0.00207754 -0.0483334 1.30824)
(-0.0667273 -0.0667273 1.3925)
(-0.0720454 -0.0448073 1.48761)
(-0.350782 -0.00433242 0.990043)
(-0.144604 -0.0744818 -1.09579)
(0.144604 -0.0744817 -1.09579)
(0.350782 -0.00433239 0.990044)
(0.0720454 -0.0448072 1.48761)
(0.0667274 -0.0667273 1.39251)
(-0.00207757 -0.0483334 1.30824)
(-0.0169173 -0.0394805 1.39613)
(-0.0448073 -0.0720454 1.48761)
(0.0188979 0.0188979 1.13494)
(-0.105296 0.157322 -0.806062)
(0.0512636 -0.231977 -2.57547)
(-0.0512636 -0.231977 -2.57547)
(0.105296 0.157323 -0.806062)
(-0.0188979 0.0188985 1.13494)
(0.0448072 -0.072045 1.48761)
(0.0169173 -0.0394803 1.39613)
(-0.0111992 -0.137338 1.51551)
(-0.00433238 -0.350782 0.990043)
(0.157322 -0.105296 -0.806063)
(-0.0926544 -0.0926544 -1.57563)
(0.160579 -0.275958 -3.01456)
(-0.160579 -0.275958 -3.01456)
(0.0926539 -0.0926535 -1.57562)
(-0.157323 -0.105296 -0.806063)
(0.00433189 -0.350782 0.990044)
(0.0111989 -0.137338 1.51551)
(-0.274182 -0.168087 1.29826)
(-0.0744818 -0.144604 -1.09579)
(-0.231977 0.0512636 -2.57547)
(-0.275958 0.160579 -3.01456)
(0.065453 0.0654529 -3.24684)
(-0.0654531 0.0654528 -3.24684)
(0.275958 0.160579 -3.01456)
(0.231977 0.0512638 -2.57547)
(0.0744816 -0.144604 -1.09579)
(0.274182 -0.168087 1.29826)
(-0.274182 0.168087 1.29826)
(-0.0744817 0.144604 -1.09579)
(-0.231977 -0.0512636 -2.57547)
(-0.275958 -0.160579 -3.01456)
(0.0654528 -0.0654531 -3.24684)
(-0.0654529 -0.0654529 -3.24684)
(0.275958 -0.16058 -3.01456)
(0.231977 -0.0512638 -2.57547)
(0.0744815 0.144604 -1.09579)
(0.274182 0.168087 1.29826)
(-0.0111991 0.137338 1.51551)
(-0.00433238 0.350782 0.990044)
(0.157323 0.105296 -0.806062)
(-0.0926535 0.0926538 -1.57562)
(0.160579 0.275958 -3.01456)
(-0.16058 0.275958 -3.01456)
(0.092653 0.0926529 -1.57562)
(-0.157323 0.105296 -0.806063)
(0.00433188 0.350782 0.990044)
(0.0111988 0.137338 1.51551)
(-0.0169173 0.0394805 1.39613)
(-0.0448072 0.0720454 1.48761)
(0.0188985 -0.0188979 1.13494)
(-0.105296 -0.157323 -0.806063)
(0.0512638 0.231977 -2.57547)
(-0.0512639 0.231977 -2.57547)
(0.105296 -0.157323 -0.806063)
(-0.0188985 -0.0188985 1.13494)
(0.0448071 0.072045 1.48761)
(0.0169172 0.0394804 1.39613)
(0.00207758 0.0483335 1.30824)
(-0.0667273 0.0667273 1.39251)
(-0.072045 0.0448072 1.48761)
(-0.350782 0.0043319 0.990044)
(-0.144604 0.0744816 -1.09579)
(0.144604 0.0744815 -1.09579)
(0.350782 0.00433186 0.990044)
(0.072045 0.0448071 1.48761)
(0.0667273 0.0667273 1.39251)
(-0.00207761 0.0483334 1.30824)
(0.00104127 -0.00104127 1.25219)
(-0.0483334 -0.00207757 1.30824)
(-0.0394804 0.0169173 1.39613)
(-0.137338 0.0111989 1.51551)
(-0.168087 0.274182 1.29826)
(0.168087 0.274182 1.29826)
(0.137338 0.0111988 1.51551)
(0.0394804 0.0169173 1.39613)
(0.0483334 -0.0020776 1.30824)
(-0.00104128 -0.00104127 1.25219)
(0.0158298 0.0158298 1.26316)
(-0.0132962 0.0240548 1.32127)
(0.0200126 0.017441 1.41212)
(-0.0718156 0.0580724 1.52788)
(-0.141601 -0.151174 1.28858)
(0.141601 -0.151174 1.28858)
(0.0718156 0.0580725 1.52788)
(-0.0200125 0.017441 1.41212)
(0.0132963 0.0240549 1.32127)
(-0.0158298 0.0158298 1.26316)
(0.0240548 -0.0132962 1.32127)
(-0.0121254 -0.0121254 1.41541)
(0.0324879 0.0444715 1.51952)
(-0.20129 0.161823 0.960603)
(-0.0620134 -0.014594 -1.16138)
(0.0620133 -0.0145939 -1.16138)
(0.20129 0.161824 0.960603)
(-0.0324879 0.0444716 1.51952)
(0.0121254 -0.0121253 1.41541)
(-0.0240548 -0.0132962 1.32127)
(0.017441 0.0200126 1.41212)
(0.0444714 0.032488 1.51952)
(0.192653 0.192653 1.1524)
(-0.0243793 0.266989 -0.719483)
(0.149699 -0.223698 -2.51783)
(-0.149699 -0.223698 -2.51783)
(0.0243793 0.266989 -0.719483)
(-0.192653 0.192654 1.1524)
(-0.0444715 0.0324884 1.51952)
(-0.017441 0.0200128 1.41212)
(0.0580724 -0.0718156 1.52788)
(0.161824 -0.20129 0.960603)
(0.266989 -0.0243792 -0.719483)
(-0.0638812 -0.0638812 -1.57784)
(0.211295 -0.205671 -3.04697)
(-0.211296 -0.205671 -3.04697)
(0.0638808 -0.0638805 -1.57783)
(-0.266989 -0.0243789 -0.719483)
(-0.161824 -0.201289 0.960603)
(-0.0580727 -0.0718153 1.52788)
(-0.151174 -0.141601 1.28858)
(-0.0145939 -0.0620134 -1.16138)
(-0.223698 0.149699 -2.51783)
(-0.205671 0.211295 -3.04697)
(-0.0192286 -0.0192286 -3.39904)
(0.0192282 -0.0192286 -3.39904)
(0.205671 0.211295 -3.04697)
(0.223698 0.149699 -2.51783)
(0.0145935 -0.0620132 -1.16138)
(0.151174 -0.141601 1.28858)
(-0.151174 0.141601 1.28858)
(-0.0145939 0.0620133 -1.16138)
(-0.223698 -0.149699 -2.51783)
(-0.205671 -0.211296 -3.04697)
(-0.0192286 0.0192282 -3.39904)
(0.0192282 0.0192283 -3.39904)
(0.205671 -0.211296 -3.04697)
(0.223698 -0.149699 -2.51783)
(0.0145935 0.0620131 -1.16138)
(0.151174 0.141601 1.28858)
(0.0580725 0.0718156 1.52788)
(0.161824 0.20129 0.960603)
(0.266989 0.0243793 -0.719483)
(-0.0638805 0.0638808 -1.57783)
(0.211295 0.205671 -3.04697)
(-0.211296 0.205671 -3.04697)
(0.0638802 0.0638801 -1.57783)
(-0.26699 0.024379 -0.719483)
(-0.161824 0.201289 0.960603)
(-0.0580728 0.0718153 1.52788)
(0.017441 -0.0200126 1.41212)
(0.0444716 -0.032488 1.51952)
(0.192654 -0.192653 1.1524)
(-0.0243789 -0.266989 -0.719483)
(0.149699 0.223698 -2.51783)
(-0.149699 0.223698 -2.51783)
(0.024379 -0.26699 -0.719483)
(-0.192654 -0.192654 1.1524)
(-0.0444717 -0.0324884 1.51952)
(-0.0174411 -0.0200127 1.41212)
(0.0240549 0.0132963 1.32127)
(-0.0121253 0.0121254 1.41541)
(0.0324884 -0.0444715 1.51952)
(-0.201289 -0.161824 0.960603)
(-0.0620132 0.0145936 -1.16138)
(0.0620132 0.0145935 -1.16138)
(0.201289 -0.161824 0.960603)
(-0.0324884 -0.0444717 1.51952)
(0.0121253 0.0121253 1.41541)
(-0.0240549 0.0132962 1.32127)
(0.0158298 -0.0158298 1.26316)
(-0.0132962 -0.0240548 1.32127)
(0.0200128 -0.017441 1.41212)
(-0.0718153 -0.0580727 1.52788)
(-0.141601 0.151174 1.28858)
(0.141601 0.151174 1.28858)
(0.0718153 -0.0580728 1.52788)
(-0.0200128 -0.017441 1.41212)
(0.0132962 -0.0240549 1.32127)
(-0.0158298 -0.0158298 1.26316)
(0.030685 0.030685 1.24854)
(0.022446 0.0460604 1.30282)
(0.0778816 0.0527721 1.38868)
(-0.00399546 0.125453 1.4857)
(-0.113323 -0.0247947 1.26698)
(0.113323 -0.0247948 1.26698)
(0.00399549 0.125453 1.4857)
(-0.0778816 0.0527722 1.38868)
(-0.0224459 0.0460604 1.30282)
(-0.030685 0.030685 1.24854)
(0.0460604 0.022446 1.30282)
(0.0440272 0.0440272 1.39518)
(0.135715 0.119233 1.49688)
(-0.0483041 0.301448 0.935394)
(0.0129223 0.0685169 -1.15288)
(-0.0129225 0.0685169 -1.15288)
(0.0483041 0.301448 0.935394)
(-0.135715 0.119233 1.49687)
(-0.0440272 0.0440273 1.39518)
(-0.0460604 0.022446 1.30282)
(0.0527721 0.0778816 1.38868)
(0.119233 0.135715 1.49688)
(0.334165 0.334166 1.15305)
(0.0797767 0.355999 -0.621891)
(0.251949 -0.152219 -2.43224)
(-0.251949 -0.152219 -2.43224)
(-0.0797768 0.355999 -0.621891)
(-0.334165 0.334166 1.15305)
(-0.119233 0.135716 1.49687)
(-0.0527721 0.0778818 1.38868)
(0.125453 -0.00399542 1.4857)
(0.301448 -0.048304 0.935394)
(0.355999 0.0797768 -0.621891)
(0.0208656 0.0208656 -1.5473)
(0.233056 -0.060724 -3.03751)
(-0.233056 -0.060724 -3.0375)
(-0.0208655 0.0208655 -1.5473)
(-0.355999 0.0797773 -0.621891)
(-0.301449 -0.0483035 0.935394)
(-0.125453 -0.0039951 1.4857)
(-0.0247947 -0.113323 1.26698)
(0.0685169 0.0129223 -1.15288)
(-0.152219 0.251949 -2.43224)
(-0.0607239 0.233056 -3.03751)
(-0.0116817 -0.0116817 -3.46968)
(0.0116813 -0.0116817 -3.46968)
(0.0607237 0.233056 -3.0375)
(0.152218 0.251949 -2.43224)
(-0.0685176 0.0129226 -1.15288)
(0.0247945 -0.113323 1.26699)
(-0.0247947 0.113323 1.26698)
(0.068517 -0.0129225 -1.15288)
(-0.152219 -0.251949 -2.43224)
(-0.0607239 -0.233056 -3.0375)
(-0.0116816 0.0116812 -3.46968)
(0.0116812 0.0116812 -3.46968)
(0.0607237 -0.233057 -3.0375)
(0.152218 -0.251949 -2.43224)
(-0.0685176 -0.0129227 -1.15288)
(0.0247945 0.113323 1.26699)
(0.125453 0.00399546 1.4857)
(0.301448 0.0483041 0.935394)
(0.355999 -0.0797768 -0.621891)
(0.0208655 -0.0208656 -1.5473)
(0.233056 0.0607237 -3.0375)
(-0.233057 0.0607237 -3.0375)
(-0.0208655 -0.0208656 -1.5473)
(-0.355999 -0.0797774 -0.621891)
(-0.301449 0.0483035 0.935394)
(-0.125453 0.00399514 1.4857)
(0.0527722 -0.0778816 1.38868)
(0.119233 -0.135715 1.49687)
(0.334166 -0.334165 1.15305)
(0.0797773 -0.355999 -0.621891)
(0.251949 0.152218 -2.43224)
(-0.251949 0.152218 -2.43224)
(-0.0797773 -0.355999 -0.621891)
(-0.334166 -0.334166 1.15305)
(-0.119234 -0.135715 1.49687)
(-0.0527722 -0.0778817 1.38868)
(0.0460604 -0.0224459 1.30282)
(0.0440273 -0.0440272 1.39518)
(0.135716 -0.119233 1.49687)
(-0.0483035 -0.301449 0.935394)
(0.0129225 -0.0685175 -1.15288)
(-0.0129227 -0.0685175 -1.15288)
(0.0483035 -0.301449 0.935394)
(-0.135716 -0.119234 1.49687)
(-0.0440273 -0.0440273 1.39518)
(-0.0460604 -0.022446 1.30282)
(0.030685 -0.030685 1.24854)
(0.022446 -0.0460604 1.30282)
(0.0778818 -0.0527721 1.38868)
(-0.00399512 -0.125453 1.4857)
(-0.113323 0.0247945 1.26699)
(0.113323 0.0247945 1.26699)
(0.00399515 -0.125453 1.4857)
(-0.0778818 -0.0527722 1.38868)
(-0.022446 -0.0460604 1.30282)
(-0.030685 -0.030685 1.24854)
(0.0441717 0.0441717 1.20819)
(0.0552496 0.0669916 1.25537)
(0.127078 0.0861375 1.33014)
(0.0586694 0.177506 1.40073)
(-0.0842666 0.0975328 1.20395)
(0.0842665 0.0975328 1.20395)
(-0.0586694 0.177506 1.40073)
(-0.127078 0.0861375 1.33014)
(-0.0552496 0.0669916 1.25537)
(-0.0441717 0.0441718 1.20819)
(0.0669916 0.0552496 1.25537)
(0.0967813 0.0967813 1.33727)
(0.21936 0.179775 1.43565)
(0.100196 0.414558 0.902675)
(0.0849699 0.163792 -1.10138)
(-0.0849701 0.163792 -1.10138)
(-0.100196 0.414558 0.902675)
(-0.21936 0.179776 1.43565)
(-0.0967813 0.0967813 1.33727)
(-0.0669916 0.0552497 1.25537)
(0.0861375 0.127078 1.33014)
(0.179775 0.21936 1.43565)
(0.439861 0.439861 1.13306)
(0.196045 0.437547 -0.500466)
(0.29845 0.103755 -2.30835)
(-0.29845 0.103755 -2.30835)
(-0.196045 0.437546 -0.500466)
(-0.43986 0.439861 1.13306)
(-0.179776 0.21936 1.43565)
(-0.0861374 0.127078 1.33014)
(0.177506 0.0586695 1.40073)
(0.414558 0.100196 0.902675)
(0.437547 0.196045 -0.500466)
(0.13689 0.13689 -1.48287)
(0.260134 0.0659275 -2.97248)
(-0.260134 0.0659274 -2.97247)
(-0.13689 0.13689 -1.48287)
(-0.437547 0.196046 -0.500466)
(-0.414558 0.100197 0.902675)
(-0.177506 0.0586697 1.40073)
(0.0975328 -0.0842665 1.20395)
(0.163792 0.0849699 -1.10138)
(0.103755 0.29845 -2.30835)
(0.0659275 0.260134 -2.97247)
(0.0740936 0.0740935 -3.47228)
(-0.0740939 0.0740936 -3.47228)
(-0.0659279 0.260134 -2.97247)
(-0.103756 0.29845 -2.30835)
(-0.163793 0.08497 -1.10138)
(-0.097533 -0.0842664 1.20395)
(0.0975328 0.0842665 1.20395)
(0.163792 -0.0849701 -1.10138)
(0.103755 -0.29845 -2.30835)
(0.0659275 -0.260134 -2.97247)
(0.0740937 -0.074094 -3.47228)
(-0.074094 -0.074094 -3.47228)
(-0.0659278 -0.260134 -2.97247)
(-0.103756 -0.29845 -2.30835)
(-0.163793 -0.0849702 -1.10138)
(-0.097533 0.0842663 1.20395)
(0.177506 -0.0586694 1.40073)
(0.414558 -0.100196 0.902675)
(0.437546 -0.196045 -0.500466)
(0.13689 -0.13689 -1.48287)
(0.260134 -0.0659278 -2.97247)
(-0.260134 -0.0659277 -2.97247)
(-0.136889 -0.136889 -1.48287)
(-0.437546 -0.196046 -0.500466)
(-0.414558 -0.100197 0.902675)
(-0.177506 -0.0586697 1.40073)
(0.0861375 -0.127078 1.33014)
(0.179776 -0.21936 1.43565)
(0.439861 -0.43986 1.13306)
(0.196045 -0.437547 -0.500466)
(0.29845 -0.103756 -2.30835)
(-0.29845 -0.103756 -2.30835)
(-0.196046 -0.437546 -0.500466)
(-0.439861 -0.439861 1.13306)
(-0.179776 -0.21936 1.43565)
(-0.0861375 -0.127078 1.33014)
(0.0669916 -0.0552496 1.25537)
(0.0967813 -0.0967813 1.33727)
(0.21936 -0.179776 1.43565)
(0.100197 -0.414558 0.902675)
(0.08497 -0.163793 -1.10138)
(-0.0849702 -0.163793 -1.10138)
(-0.100197 -0.414558 0.902675)
(-0.21936 -0.179776 1.43565)
(-0.0967813 -0.0967813 1.33727)
(-0.0669916 -0.0552496 1.25537)
(0.0441718 -0.0441717 1.20819)
(0.0552497 -0.0669916 1.25537)
(0.127078 -0.0861375 1.33014)
(0.0586697 -0.177506 1.40073)
(-0.0842664 -0.097533 1.20395)
(0.0842663 -0.097533 1.20395)
(-0.0586697 -0.177506 1.40073)
(-0.127078 -0.0861375 1.33014)
(-0.0552497 -0.0669916 1.25537)
(-0.0441717 -0.0441717 1.20819)
(0.0551119 0.0551119 1.14605)
(0.0826469 0.0804281 1.18315)
(0.164495 0.113543 1.24333)
(0.11077 0.209528 1.28506)
(-0.0557971 0.198149 1.10627)
(0.055797 0.198149 1.10627)
(-0.11077 0.209528 1.28506)
(-0.164495 0.113543 1.24333)
(-0.0826469 0.0804281 1.18315)
(-0.0551119 0.0551119 1.14605)
(0.0804281 0.0826469 1.18315)
(0.141252 0.141252 1.24764)
(0.278224 0.225639 1.34196)
(0.224188 0.496469 0.852626)
(0.148917 0.259125 -1.0209)
(-0.148917 0.259125 -1.0209)
(-0.224188 0.496469 0.852626)
(-0.278224 0.225639 1.34196)
(-0.141252 0.141252 1.24764)
(-0.0804281 0.0826469 1.18315)
(0.113543 0.164495 1.24333)
(0.225639 0.278224 1.34196)
(0.510652 0.510652 1.08445)
(0.307952 0.509966 -0.371315)
(0.330494 0.28805 -2.14393)
(-0.330494 0.28805 -2.14393)
(-0.307952 0.509965 -0.371315)
(-0.510652 0.510652 1.08445)
(-0.225639 0.278224 1.34196)
(-0.113543 0.164495 1.24333)
(0.209528 0.11077 1.28506)
(0.496469 0.224188 0.852626)
(0.509966 0.307952 -0.371315)
(0.240998 0.240998 -1.38572)
(0.28875 0.192075 -2.8292)
(-0.288751 0.192075 -2.8292)
(-0.240997 0.240997 -1.38572)
(-0.509966 0.307953 -0.371314)
(-0.496469 0.224188 0.852626)
(-0.209528 0.11077 1.28506)
(0.198149 -0.0557971 1.10627)
(0.259125 0.148917 -1.0209)
(0.28805 0.330494 -2.14393)
(0.192075 0.288751 -2.8292)
(0.155076 0.155076 -3.34568)
(-0.155076 0.155076 -3.34568)
(-0.192075 0.288751 -2.8292)
(-0.28805 0.330494 -2.14393)
(-0.259125 0.148917 -1.0209)
(-0.198149 -0.0557969 1.10627)
(0.198149 0.055797 1.10627)
(0.259125 -0.148917 -1.0209)
(0.28805 -0.330494 -2.14393)
(0.192075 -0.288751 -2.8292)
(0.155076 -0.155076 -3.34568)
(-0.155076 -0.155076 -3.34568)
(-0.192075 -0.288751 -2.8292)
(-0.28805 -0.330494 -2.14393)
(-0.259125 -0.148917 -1.0209)
(-0.198149 0.0557969 1.10627)
(0.209528 -0.11077 1.28506)
(0.496469 -0.224188 0.852626)
(0.509965 -0.307952 -0.371315)
(0.240997 -0.240997 -1.38572)
(0.288751 -0.192075 -2.8292)
(-0.288751 -0.192075 -2.8292)
(-0.240997 -0.240997 -1.38572)
(-0.509965 -0.307953 -0.371314)
(-0.496469 -0.224188 0.852626)
(-0.209527 -0.11077 1.28506)
(0.113543 -0.164495 1.24333)
(0.225639 -0.278224 1.34196)
(0.510652 -0.510652 1.08445)
(0.307953 -0.509966 -0.371314)
(0.330494 -0.28805 -2.14393)
(-0.330494 -0.28805 -2.14393)
(-0.307953 -0.509965 -0.371314)
(-0.510652 -0.510652 1.08445)
(-0.225639 -0.278224 1.34196)
(-0.113543 -0.164495 1.24333)
(0.0804281 -0.0826469 1.18315)
(0.141252 -0.141252 1.24764)
(0.278224 -0.225639 1.34196)
(0.224188 -0.496469 0.852626)
(0.148917 -0.259125 -1.0209)
(-0.148917 -0.259125 -1.0209)
(-0.224188 -0.496469 0.852626)
(-0.278224 -0.225639 1.34196)
(-0.141252 -0.141252 1.24764)
(-0.080428 -0.0826469 1.18315)
(0.0551119 -0.0551119 1.14605)
(0.0826469 -0.0804281 1.18315)
(0.164495 -0.113543 1.24333)
(0.11077 -0.209528 1.28506)
(-0.055797 -0.198149 1.10627)
(0.0557969 -0.198149 1.10627)
(-0.11077 -0.209527 1.28506)
(-0.164495 -0.113543 1.24333)
(-0.0826469 -0.080428 1.18315)
(-0.0551119 -0.0551119 1.14605)
(0.0626333 0.0626333 1.06712)
(0.103428 0.0894439 1.09291)
(0.189455 0.131811 1.1369)
(0.149977 0.22281 1.14819)
(-0.0291242 0.264521 0.984902)
(0.0291241 0.264521 0.984902)
(-0.149977 0.22281 1.14819)
(-0.189455 0.131811 1.1369)
(-0.103428 0.0894438 1.09291)
(-0.0626333 0.0626333 1.06712)
(0.0894439 0.103428 1.09291)
(0.173586 0.173586 1.13718)
(0.313789 0.256437 1.22023)
(0.309963 0.549808 0.791392)
(0.200086 0.348126 -0.922155)
(-0.200086 0.348126 -0.922155)
(-0.309963 0.549808 0.791392)
(-0.313789 0.256437 1.22023)
(-0.173586 0.173586 1.13718)
(-0.0894438 0.103428 1.09291)
(0.131811 0.189455 1.1369)
(0.256437 0.313789 1.22023)
(0.554345 0.554345 1.00918)
(0.39779 0.560393 -0.246878)
(0.356329 0.38579 -1.95938)
(-0.356329 0.38579 -1.95938)
(-0.39779 0.560392 -0.246878)
(-0.554345 0.554345 1.00918)
(-0.256437 0.313789 1.22023)
(-0.131811 0.189455 1.1369)
(0.22281 0.149977 1.14819)
(0.549809 0.309963 0.791392)
(0.560393 0.39779 -0.246878)
(0.327412 0.327412 -1.27352)
(0.311757 0.293321 -2.64059)
(-0.311757 0.293321 -2.64059)
(-0.327411 0.327411 -1.27352)
(-0.560392 0.39779 -0.246878)
(-0.549808 0.309963 0.791392)
(-0.22281 0.149977 1.14819)
(0.264521 -0.0291242 0.984902)
(0.348126 0.200086 -0.922155)
(0.38579 0.356329 -1.95938)
(0.293321 0.311758 -2.64059)
(0.186716 0.186716 -3.11663)
(-0.186716 0.186716 -3.11663)
(-0.293321 0.311757 -2.64059)
(-0.38579 0.356329 -1.95938)
(-0.348126 0.200085 -0.922154)
(-0.264521 -0.0291241 0.984902)
(0.264521 0.0291241 0.984902)
(0.348126 -0.200086 -0.922155)
(0.38579 -0.356329 -1.95938)
(0.293321 -0.311758 -2.64059)
(0.186716 -0.186716 -3.11663)
(-0.186716 -0.186716 -3.11663)
(-0.293322 -0.311757 -2.64059)
(-0.38579 -0.356329 -1.95938)
(-0.348126 -0.200085 -0.922154)
(-0.264521 0.029124 0.984902)
(0.22281 -0.149977 1.14819)
(0.549808 -0.309963 0.791392)
(0.560392 -0.39779 -0.246878)
(0.327411 -0.327411 -1.27352)
(0.311757 -0.293321 -2.64059)
(-0.311758 -0.293321 -2.64059)
(-0.327411 -0.327411 -1.27352)
(-0.560392 -0.39779 -0.246878)
(-0.549808 -0.309963 0.791392)
(-0.22281 -0.149977 1.14819)
(0.131811 -0.189455 1.1369)
(0.256437 -0.313789 1.22023)
(0.554345 -0.554345 1.00918)
(0.397789 -0.560392 -0.246878)
(0.356329 -0.38579 -1.95938)
(-0.356329 -0.38579 -1.95938)
(-0.39779 -0.560392 -0.246878)
(-0.554345 -0.554345 1.00918)
(-0.256437 -0.313789 1.22023)
(-0.131811 -0.189455 1.1369)
(0.0894438 -0.103428 1.09291)
(0.173586 -0.173586 1.13718)
(0.313789 -0.256437 1.22023)
(0.309963 -0.549808 0.791392)
(0.200085 -0.348126 -0.922154)
(-0.200085 -0.348126 -0.922154)
(-0.309963 -0.549808 0.791392)
(-0.313789 -0.256437 1.22023)
(-0.173586 -0.173586 1.13718)
(-0.0894438 -0.103428 1.09291)
(0.0626333 -0.0626333 1.06712)
(0.103428 -0.0894438 1.09291)
(0.189455 -0.131811 1.1369)
(0.149977 -0.22281 1.14819)
(-0.0291241 -0.264521 0.984902)
(0.029124 -0.264521 0.984902)
(-0.149977 -0.22281 1.14819)
(-0.189455 -0.131811 1.1369)
(-0.103428 -0.0894438 1.09291)
(-0.0626333 -0.0626333 1.06712)
(0.0668555 0.0668555 0.976716)
(0.117192 0.0929379 0.990899)
(0.202404 0.140505 1.0193)
(0.175173 0.220761 0.999541)
(-0.00543104 0.295121 0.848843)
(0.00543093 0.295121 0.848843)
(-0.175173 0.22076 0.999541)
(-0.202404 0.140505 1.0193)
(-0.117192 0.0929379 0.990899)
(-0.0668555 0.0668555 0.976716)
(0.0929379 0.117192 0.990899)
(0.193208 0.193208 1.01669)
(0.328616 0.273056 1.08103)
(0.361377 0.568237 0.719)
(0.227132 0.406916 -0.80129)
(-0.227132 0.406916 -0.80129)
(-0.361377 0.568237 0.719)
(-0.328616 0.273056 1.08103)
(-0.193208 0.193208 1.01669)
(-0.0929379 0.117192 0.990899)
(0.140505 0.202404 1.0193)
(0.273056 0.328617 1.08103)
(0.563364 0.563364 0.913137)
(0.459579 0.591527 -0.135304)
(0.375255 0.444392 -1.74968)
(-0.375255 0.444392 -1.74968)
(-0.459579 0.591527 -0.135304)
(-0.563364 0.563364 0.913137)
(-0.273056 0.328616 1.08103)
(-0.140505 0.202404 1.0193)
(0.220761 0.175173 0.999541)
(0.568237 0.361377 0.719)
(0.591527 0.459579 -0.135304)
(0.384566 0.384566 -1.1486)
(0.327749 0.357575 -2.41379)
(-0.327749 0.357575 -2.41379)
(-0.384566 0.384566 -1.1486)
(-0.591527 0.459578 -0.135304)
(-0.568236 0.361377 0.719)
(-0.22076 0.175173 0.999541)
(0.295121 -0.00543103 0.848843)
(0.406916 0.227132 -0.80129)
(0.444392 0.375255 -1.74968)
(0.357575 0.327749 -2.41379)
(0.199794 0.199794 -2.86272)
(-0.199794 0.199794 -2.86272)
(-0.357575 0.327749 -2.41379)
(-0.444392 0.375255 -1.74968)
(-0.406916 0.227132 -0.801289)
(-0.295121 -0.005431 0.848843)
(0.295121 0.00543092 0.848843)
(0.406916 -0.227132 -0.80129)
(0.444392 -0.375255 -1.74968)
(0.357575 -0.327749 -2.41379)
(0.199794 -0.199794 -2.86272)
(-0.199794 -0.199794 -2.86272)
(-0.357575 -0.327749 -2.41379)
(-0.444392 -0.375255 -1.74968)
(-0.406916 -0.227132 -0.801289)
(-0.29512 0.0054309 0.848843)
(0.22076 -0.175173 0.999541)
(0.568237 -0.361377 0.719)
(0.591527 -0.459579 -0.135304)
(0.384566 -0.384566 -1.1486)
(0.327749 -0.357575 -2.41379)
(-0.327749 -0.357575 -2.41379)
(-0.384566 -0.384566 -1.1486)
(-0.591526 -0.459578 -0.135304)
(-0.568236 -0.361377 0.719)
(-0.22076 -0.175173 0.999541)
(0.140505 -0.202404 1.0193)
(0.273056 -0.328616 1.08103)
(0.563364 -0.563364 0.913137)
(0.459578 -0.591527 -0.135304)
(0.375255 -0.444392 -1.74968)
(-0.375255 -0.444392 -1.74968)
(-0.459578 -0.591526 -0.135304)
(-0.563364 -0.563364 0.913137)
(-0.273056 -0.328616 1.08103)
(-0.140505 -0.202404 1.0193)
(0.0929379 -0.117192 0.990899)
(0.193208 -0.193208 1.01669)
(0.328616 -0.273056 1.08103)
(0.361377 -0.568236 0.719)
(0.227132 -0.406915 -0.801289)
(-0.227132 -0.406915 -0.801289)
(-0.361377 -0.568236 0.719)
(-0.328616 -0.273056 1.08103)
(-0.193208 -0.193208 1.01669)
(-0.0929378 -0.117192 0.990899)
(0.0668555 -0.0668555 0.976716)
(0.117192 -0.0929379 0.990899)
(0.202404 -0.140505 1.0193)
(0.175173 -0.22076 0.999541)
(-0.005431 -0.295121 0.848843)
(0.0054309 -0.29512 0.848843)
(-0.175173 -0.22076 0.999541)
(-0.202404 -0.140505 1.0193)
(-0.117192 -0.0929378 0.990899)
(-0.0668555 -0.0668555 0.976716)
(0.0677309 0.0677309 0.880286)
(0.124298 0.0917187 0.883592)
(0.204436 0.140792 0.897505)
(0.187486 0.207451 0.849226)
(0.0148089 0.302292 0.710396)
(-0.014809 0.302292 0.710396)
(-0.187486 0.207451 0.849226)
(-0.204436 0.140792 0.897505)
(-0.124298 0.0917186 0.883592)
(-0.0677309 0.0677309 0.880286)
(0.0917187 0.124298 0.883592)
(0.201458 0.201459 0.894077)
(0.326204 0.278539 0.938055)
(0.382273 0.553488 0.638617)
(0.2311 0.429058 -0.676191)
(-0.2311 0.429058 -0.676191)
(-0.382273 0.553488 0.638617)
(-0.326204 0.278539 0.938055)
(-0.201458 0.201458 0.894077)
(-0.0917187 0.124298 0.883592)
(0.140792 0.204436 0.897505)
(0.278539 0.326204 0.938055)
(0.541815 0.541815 0.804587)
(0.49471 0.604939 -0.0404787)
(0.380229 0.472576 -1.52727)
(-0.380228 0.472576 -1.52727)
(-0.49471 0.604939 -0.0404787)
(-0.541815 0.541815 0.804587)
(-0.278539 0.326204 0.938055)
(-0.140792 0.204436 0.897505)
(0.207451 0.187486 0.849225)
(0.553488 0.382273 0.638617)
(0.604939 0.494711 -0.0404787)
(0.407494 0.407494 -1.00982)
(0.334277 0.396318 -2.15918)
(-0.334277 0.396318 -2.15918)
(-0.407494 0.407494 -1.00982)
(-0.604939 0.49471 -0.0404785)
(-0.553487 0.382273 0.638617)
(-0.207451 0.187486 0.849226)
(0.302292 0.0148089 0.710396)
(0.429058 0.2311 -0.676191)
(0.472576 0.380229 -1.52727)
(0.396318 0.334277 -2.15918)
(0.210655 0.210654 -2.56866)
(-0.210655 0.210654 -2.56866)
(-0.396318 0.334277 -2.15918)
(-0.472576 0.380229 -1.52727)
(-0.429057 0.2311 -0.676191)
(-0.302291 0.0148088 0.710397)
(0.302292 -0.014809 0.710396)
(0.429058 -0.2311 -0.676191)
(0.472576 -0.380229 -1.52727)
(0.396318 -0.334277 -2.15918)
(0.210655 -0.210655 -2.56866)
(-0.210655 -0.210655 -2.56866)
(-0.396318 -0.334277 -2.15918)
(-0.472576 -0.380228 -1.52727)
(-0.429057 -0.2311 -0.676191)
(-0.302291 -0.0148089 0.710397)
(0.207451 -0.187486 0.849226)
(0.553488 -0.382273 0.638617)
(0.604939 -0.49471 -0.0404786)
(0.407494 -0.407494 -1.00982)
(0.334277 -0.396318 -2.15918)
(-0.334277 -0.396318 -2.15918)
(-0.407494 -0.407494 -1.00982)
(-0.604939 -0.49471 -0.0404784)
(-0.553487 -0.382273 0.638617)
(-0.207451 -0.187486 0.849226)
(0.140792 -0.204436 0.897505)
(0.278539 -0.326204 0.938055)
(0.541815 -0.541816 0.804587)
(0.49471 -0.604939 -0.0404786)
(0.380229 -0.472576 -1.52727)
(-0.380229 -0.472576 -1.52727)
(-0.49471 -0.604939 -0.0404785)
(-0.541815 -0.541815 0.804587)
(-0.278539 -0.326204 0.938055)
(-0.140792 -0.204436 0.897505)
(0.0917187 -0.124298 0.883592)
(0.201458 -0.201458 0.894077)
(0.326204 -0.278539 0.938055)
(0.382273 -0.553487 0.638617)
(0.2311 -0.429057 -0.676191)
(-0.2311 -0.429057 -0.676191)
(-0.382273 -0.553487 0.638617)
(-0.326204 -0.278539 0.938055)
(-0.201458 -0.201458 0.894077)
(-0.0917186 -0.124298 0.883592)
(0.0677309 -0.0677309 0.880286)
(0.124298 -0.0917187 0.883592)
(0.204436 -0.140792 0.897505)
(0.187486 -0.207451 0.849226)
(0.0148088 -0.302291 0.710397)
(-0.0148089 -0.302291 0.710397)
(-0.187486 -0.207451 0.849226)
(-0.204436 -0.140792 0.897505)
(-0.124298 -0.0917186 0.883592)
(-0.0677309 -0.0677309 0.880286)
(0.0655209 0.0655209 0.782647)
(0.125886 0.0865525 0.7766)
(0.197411 0.133705 0.777287)
(0.188778 0.187075 0.70614)
(0.0285945 0.292027 0.579704)
(-0.0285946 0.292027 0.579704)
(-0.188778 0.187075 0.70614)
(-0.197411 0.133705 0.777287)
(-0.125886 0.0865524 0.7766)
(-0.0655209 0.0655208 0.782647)
(0.0865525 0.125886 0.7766)
(0.199556 0.199557 0.775304)
(0.310813 0.276733 0.798721)
(0.378926 0.513108 0.55456)
(0.220506 0.419467 -0.561544)
(-0.220506 0.419467 -0.561544)
(-0.378926 0.513108 0.554561)
(-0.310813 0.276733 0.798721)
(-0.199556 0.199556 0.775304)
(-0.0865524 0.125886 0.7766)
(0.133705 0.197411 0.777287)
(0.276733 0.310813 0.798721)
(0.49819 0.49819 0.693362)
(0.499182 0.599219 0.0252036)
(0.365077 0.470832 -1.30624)
(-0.365077 0.470832 -1.30624)
(-0.499182 0.599219 0.0252036)
(-0.49819 0.49819 0.693362)
(-0.276733 0.310813 0.798721)
(-0.133705 0.197411 0.777287)
(0.187075 0.188778 0.70614)
(0.513107 0.378926 0.55456)
(0.599219 0.499182 0.0252036)
(0.41675 0.41675 -0.881162)
(0.327582 0.414786 -1.9039)
(-0.327582 0.414787 -1.9039)
(-0.41675 0.41675 -0.881162)
(-0.599219 0.499182 0.0252036)
(-0.513107 0.378925 0.554561)
(-0.187075 0.188778 0.70614)
(0.292027 0.0285945 0.579704)
(0.419467 0.220505 -0.561544)
(0.470832 0.365077 -1.30624)
(0.414786 0.327582 -1.9039)
(0.214345 0.214345 -2.26236)
(-0.214345 0.214345 -2.26236)
(-0.414787 0.327582 -1.9039)
(-0.470832 0.365077 -1.30624)
(-0.419467 0.220506 -0.561544)
(-0.292027 0.0285945 0.579704)
(0.292027 -0.0285946 0.579704)
(0.419467 -0.220506 -0.561544)
(0.470832 -0.365077 -1.30624)
(0.414787 -0.327582 -1.9039)
(0.214345 -0.214345 -2.26236)
(-0.214345 -0.214345 -2.26236)
(-0.414787 -0.327582 -1.9039)
(-0.470832 -0.365077 -1.30624)
(-0.419467 -0.220506 -0.561544)
(-0.292027 -0.0285946 0.579704)
(0.187075 -0.188778 0.70614)
(0.513108 -0.378926 0.554561)
(0.599219 -0.499182 0.0252037)
(0.41675 -0.41675 -0.881162)
(0.327582 -0.414786 -1.9039)
(-0.327582 -0.414787 -1.9039)
(-0.41675 -0.41675 -0.881162)
(-0.599219 -0.499182 0.0252037)
(-0.513107 -0.378925 0.554561)
(-0.187074 -0.188778 0.70614)
(0.133705 -0.197411 0.777287)
(0.276733 -0.310813 0.798721)
(0.49819 -0.49819 0.693362)
(0.499182 -0.599219 0.0252035)
(0.365077 -0.470832 -1.30624)
(-0.365077 -0.470832 -1.30624)
(-0.499182 -0.599219 0.0252036)
(-0.49819 -0.49819 0.693362)
(-0.276733 -0.310813 0.798721)
(-0.133705 -0.197411 0.777287)
(0.0865524 -0.125885 0.7766)
(0.199556 -0.199556 0.775304)
(0.310813 -0.276733 0.798721)
(0.378925 -0.513107 0.554561)
(0.220506 -0.419467 -0.561544)
(-0.220506 -0.419467 -0.561544)
(-0.378925 -0.513107 0.554561)
(-0.310813 -0.276733 0.798721)
(-0.199556 -0.199556 0.775304)
(-0.0865524 -0.125885 0.7766)
(0.0655209 -0.0655209 0.782647)
(0.125885 -0.0865525 0.7766)
(0.197411 -0.133705 0.777287)
(0.188778 -0.187075 0.70614)
(0.0285945 -0.292027 0.579704)
(-0.0285946 -0.292027 0.579704)
(-0.188778 -0.187074 0.70614)
(-0.197411 -0.133705 0.777287)
(-0.125885 -0.0865524 0.7766)
(-0.0655209 -0.0655209 0.782647)
(0.0607862 0.0607862 0.687616)
(0.12274 0.0783414 0.674386)
(0.183712 0.120939 0.662249)
(0.181202 0.162447 0.576515)
(0.038826 0.272862 0.46276)
(-0.0388261 0.272862 0.46276)
(-0.181202 0.162447 0.576515)
(-0.183712 0.120939 0.662249)
(-0.12274 0.0783414 0.674386)
(-0.0607862 0.0607861 0.687616)
(0.0783414 0.12274 0.674386)
(0.189628 0.189628 0.664001)
(0.286501 0.269551 0.668837)
(0.359062 0.458971 0.47016)
(0.20017 0.38748 -0.458392)
(-0.200171 0.38748 -0.458392)
(-0.359062 0.458971 0.47016)
(-0.286501 0.26955 0.668837)
(-0.189628 0.189628 0.664001)
(-0.0783414 0.12274 0.674386)
(0.120939 0.183712 0.662249)
(0.269551 0.286501 0.668837)
(0.444229 0.444229 0.588355)
(0.484391 0.57435 0.0731565)
(0.32425 0.448532 -1.1024)
(-0.32425 0.448533 -1.1024)
(-0.484391 0.57435 0.0731566)
(-0.444229 0.444229 0.588356)
(-0.26955 0.286501 0.668837)
(-0.120939 0.183711 0.662249)
(0.162447 0.181202 0.576515)
(0.458971 0.359062 0.47016)
(0.57435 0.484391 0.0731566)
(0.446802 0.446802 -0.738159)
(0.308948 0.420297 -1.65508)
(-0.308948 0.420297 -1.65508)
(-0.446802 0.446802 -0.73816)
(-0.57435 0.484391 0.0731564)
(-0.458971 0.359061 0.47016)
(-0.162447 0.181202 0.576515)
(0.272862 0.038826 0.46276)
(0.38748 0.20017 -0.458392)
(0.448533 0.32425 -1.1024)
(0.420297 0.308949 -1.65508)
(0.208216 0.208216 -1.94834)
(-0.208216 0.208216 -1.94834)
(-0.420297 0.308949 -1.65508)
(-0.448532 0.324251 -1.1024)
(-0.38748 0.20017 -0.458392)
(-0.272862 0.0388259 0.462761)
(0.272862 -0.0388261 0.46276)
(0.38748 -0.200171 -0.458392)
(0.448533 -0.324251 -1.1024)
(0.420297 -0.308948 -1.65508)
(0.208216 -0.208217 -1.94834)
(-0.208216 -0.208217 -1.94834)
(-0.420297 -0.308948 -1.65508)
(-0.448532 -0.324251 -1.10241)
(-0.38748 -0.200171 -0.458392)
(-0.272862 -0.038826 0.46276)
(0.162447 -0.181202 0.576515)
(0.458971 -0.359062 0.47016)
(0.57435 -0.484391 0.0731566)
(0.446802 -0.446802 -0.73816)
(0.308949 -0.420297 -1.65508)
(-0.308949 -0.420297 -1.65508)
(-0.446802 -0.446802 -0.73816)
(-0.57435 -0.484391 0.0731565)
(-0.458971 -0.359061 0.47016)
(-0.162447 -0.181202 0.576515)
(0.120939 -0.183712 0.662249)
(0.26955 -0.286501 0.668837)
(0.444229 -0.444229 0.588356)
(0.484391 -0.57435 0.0731563)
(0.324251 -0.448532 -1.1024)
(-0.324251 -0.448532 -1.1024)
(-0.484391 -0.57435 0.0731564)
(-0.444229 -0.444229 0.588356)
(-0.26955 -0.286501 0.668837)
(-0.120939 -0.183711 0.662249)
(0.0783414 -0.12274 0.674386)
(0.189628 -0.189628 0.664001)
(0.286501 -0.26955 0.668837)
(0.359061 -0.458971 0.47016)
(0.200171 -0.38748 -0.458392)
(-0.200171 -0.38748 -0.458392)
(-0.359061 -0.458971 0.47016)
(-0.286501 -0.26955 0.668837)
(-0.189628 -0.189628 0.664002)
(-0.0783414 -0.12274 0.674386)
(0.0607861 -0.0607862 0.687616)
(0.12274 -0.0783414 0.674386)
(0.183711 -0.120939 0.662249)
(0.181202 -0.162447 0.576515)
(0.038826 -0.272862 0.462761)
(-0.038826 -0.272862 0.462761)
(-0.181202 -0.162447 0.576515)
(-0.183712 -0.120939 0.662249)
(-0.12274 -0.0783414 0.674386)
(-0.0607861 -0.0607861 0.687616)
(0.0543401 0.0543401 0.598704)
(0.11541 0.0676847 0.580572)
(0.166587 0.10505 0.555862)
(0.167293 0.132852 0.462763)
(0.0464433 0.250721 0.362036)
(-0.0464434 0.250721 0.362036)
(-0.167293 0.132852 0.462763)
(-0.166587 0.10505 0.555862)
(-0.11541 0.0676847 0.580572)
(-0.0543401 0.0543401 0.598704)
(0.0676847 0.11541 0.580572)
(0.173945 0.173945 0.563245)
(0.254147 0.252203 0.551958)
(0.328885 0.402728 0.38989)
(0.175201 0.345365 -0.368497)
(-0.175201 0.345365 -0.368497)
(-0.328885 0.402729 0.38989)
(-0.254147 0.252203 0.551958)
(-0.173945 0.173945 0.563245)
(-0.0676847 0.11541 0.580572)
(0.10505 0.166587 0.555862)
(0.252203 0.254147 0.551958)
(0.389554 0.389554 0.489408)
(0.452661 0.51619 0.0931994)
(0.272351 0.418174 -0.924763)
(-0.272351 0.418174 -0.924763)
(-0.452661 0.51619 0.0931994)
(-0.389554 0.389554 0.489408)
(-0.252203 0.254147 0.551958)
(-0.10505 0.166587 0.555862)
(0.132852 0.167293 0.462763)
(0.402728 0.328885 0.38989)
(0.51619 0.452661 0.0931994)
(0.468538 0.468538 -0.607875)
(0.278859 0.411149 -1.40671)
(-0.278859 0.411149 -1.40671)
(-0.468538 0.468538 -0.607875)
(-0.51619 0.452661 0.0931993)
(-0.402729 0.328885 0.38989)
(-0.132852 0.167293 0.462763)
(0.250721 0.0464433 0.362036)
(0.345365 0.175201 -0.368497)
(0.418174 0.272351 -0.924763)
(0.411149 0.278859 -1.40671)
(0.188342 0.188341 -1.63801)
(-0.188342 0.188341 -1.63801)
(-0.411149 0.278859 -1.40671)
(-0.418174 0.272351 -0.924763)
(-0.345365 0.175201 -0.368497)
(-0.250721 0.0464433 0.362036)
(0.250721 -0.0464434 0.362036)
(0.345365 -0.175201 -0.368497)
(0.418174 -0.272351 -0.924763)
(0.411149 -0.278859 -1.40671)
(0.188341 -0.188342 -1.63801)
(-0.188341 -0.188342 -1.63801)
(-0.411149 -0.278859 -1.40671)
(-0.418174 -0.272351 -0.924763)
(-0.345365 -0.175201 -0.368497)
(-0.250721 -0.0464434 0.362036)
(0.132852 -0.167293 0.462763)
(0.402728 -0.328885 0.38989)
(0.51619 -0.452661 0.0931995)
(0.468538 -0.468538 -0.607875)
(0.278859 -0.411149 -1.40671)
(-0.278859 -0.411149 -1.40671)
(-0.468538 -0.468538 -0.607875)
(-0.51619 -0.45266 0.0931993)
(-0.402729 -0.328885 0.38989)
(-0.132852 -0.167293 0.462763)
(0.10505 -0.166587 0.555862)
(0.252203 -0.254147 0.551958)
(0.389554 -0.389554 0.489408)
(0.452661 -0.51619 0.0931992)
(0.272351 -0.418174 -0.924763)
(-0.272351 -0.418174 -0.924763)
(-0.452661 -0.51619 0.0931992)
(-0.389554 -0.389554 0.489408)
(-0.252203 -0.254147 0.551958)
(-0.10505 -0.166587 0.555862)
(0.0676847 -0.11541 0.580572)
(0.173945 -0.173945 0.563245)
(0.254147 -0.252203 0.551958)
(0.328885 -0.402729 0.38989)
(0.175201 -0.345365 -0.368497)
(-0.175201 -0.345365 -0.368497)
(-0.328885 -0.402729 0.389891)
(-0.254147 -0.252203 0.551958)
(-0.173945 -0.173945 0.563245)
(-0.0676847 -0.11541 0.580572)
(0.0543401 -0.0543401 0.598704)
(0.11541 -0.0676847 0.580572)
(0.166587 -0.10505 0.555862)
(0.167293 -0.132852 0.462763)
(0.0464433 -0.250721 0.362036)
(-0.0464434 -0.250721 0.362036)
(-0.167293 -0.132852 0.462763)
(-0.166587 -0.10505 0.555862)
(-0.11541 -0.0676847 0.580572)
(-0.0543401 -0.0543401 0.598704)
(0.0469025 0.0469025 0.517624)
(0.104686 0.0555504 0.49637)
(0.148162 0.0881868 0.4606)
(0.149783 0.101545 0.364788)
(0.0507857 0.225039 0.27572)
(-0.0507857 0.225039 0.27572)
(-0.149783 0.101546 0.364788)
(-0.148162 0.0881868 0.4606)
(-0.104686 0.0555504 0.49637)
(-0.0469025 0.0469025 0.517624)
(0.0555504 0.104686 0.49637)
(0.154505 0.154505 0.474544)
(0.215079 0.222496 0.446904)
(0.292672 0.340324 0.317707)
(0.150425 0.303766 -0.292998)
(-0.150425 0.303766 -0.292998)
(-0.292672 0.340324 0.317708)
(-0.215079 0.222496 0.446904)
(-0.154505 0.154505 0.474545)
(-0.0555504 0.104686 0.49637)
(0.0881868 0.148162 0.4606)
(0.222496 0.215079 0.446904)
(0.333217 0.333217 0.39757)
(0.406799 0.430296 0.0941793)
(0.22263 0.383892 -0.772375)
(-0.22263 0.383892 -0.772375)
(-0.406799 0.430297 0.0941794)
(-0.333217 0.333217 0.39757)
(-0.222496 0.215079 0.446904)
(-0.0881868 0.148162 0.4606)
(0.101545 0.149783 0.364788)
(0.340324 0.292672 0.317708)
(0.430296 0.406799 0.0941793)
(0.449713 0.449713 -0.500192)
(0.240222 0.370241 -1.17016)
(-0.240222 0.370241 -1.17016)
(-0.449713 0.449713 -0.500192)
(-0.430296 0.406799 0.0941792)
(-0.340324 0.292672 0.317708)
(-0.101545 0.149783 0.364788)
(0.225039 0.0507857 0.27572)
(0.303766 0.150425 -0.292998)
(0.383892 0.22263 -0.772375)
(0.370241 0.240222 -1.17016)
(0.160426 0.160425 -1.35147)
(-0.160426 0.160425 -1.35147)
(-0.370241 0.240222 -1.17016)
(-0.383892 0.22263 -0.772375)
(-0.303766 0.150425 -0.292998)
(-0.225039 0.0507857 0.27572)
(0.225039 -0.0507858 0.27572)
(0.303766 -0.150426 -0.292998)
(0.383892 -0.22263 -0.772375)
(0.370241 -0.240222 -1.17016)
(0.160425 -0.160426 -1.35147)
(-0.160425 -0.160426 -1.35147)
(-0.370241 -0.240222 -1.17016)
(-0.383892 -0.22263 -0.772375)
(-0.303766 -0.150426 -0.292998)
(-0.225039 -0.0507857 0.27572)
(0.101546 -0.149783 0.364788)
(0.340323 -0.292671 0.317708)
(0.430297 -0.406799 0.0941794)
(0.449713 -0.449713 -0.500192)
(0.240222 -0.370241 -1.17016)
(-0.240222 -0.370241 -1.17016)
(-0.449713 -0.449713 -0.500192)
(-0.430297 -0.406799 0.0941793)
(-0.340324 -0.292672 0.317708)
(-0.101546 -0.149783 0.364788)
(0.0881868 -0.148162 0.4606)
(0.222496 -0.215079 0.446904)
(0.333217 -0.333217 0.39757)
(0.406799 -0.430296 0.0941791)
(0.22263 -0.383892 -0.772375)
(-0.22263 -0.383892 -0.772375)
(-0.406799 -0.430297 0.0941792)
(-0.333217 -0.333217 0.39757)
(-0.222496 -0.215079 0.446904)
(-0.0881868 -0.148162 0.4606)
(0.0555504 -0.104686 0.49637)
(0.154505 -0.154505 0.474545)
(0.215079 -0.222496 0.446904)
(0.292672 -0.340324 0.317708)
(0.150426 -0.303766 -0.292998)
(-0.150426 -0.303766 -0.292998)
(-0.292672 -0.340324 0.317708)
(-0.215079 -0.222496 0.446904)
(-0.154505 -0.154505 0.474545)
(-0.0555504 -0.104686 0.49637)
(0.0469025 -0.0469025 0.517624)
(0.104686 -0.0555504 0.49637)
(0.148162 -0.0881868 0.4606)
(0.149783 -0.101546 0.364788)
(0.0507857 -0.225039 0.27572)
(-0.0507857 -0.225039 0.27572)
(-0.149783 -0.101546 0.364788)
(-0.148162 -0.0881868 0.4606)
(-0.104686 -0.0555504 0.49637)
(-0.0469025 -0.0469025 0.517624)
(0.0389563 0.0389563 0.447997)
(0.0913005 0.0429817 0.424539)
(0.128233 0.0713827 0.381713)
(0.130792 0.0743853 0.287512)
(0.0512617 0.185769 0.20277)
(-0.0512618 0.185769 0.20277)
(-0.130792 0.0743853 0.287512)
(-0.128233 0.0713827 0.381713)
(-0.0913005 0.0429817 0.424539)
(-0.0389563 0.0389563 0.447997)
(0.0429817 0.0913006 0.424539)
(0.132022 0.132022 0.402884)
(0.17434 0.185128 0.357918)
(0.252439 0.270314 0.260404)
(0.126187 0.277224 -0.230606)
(-0.126187 0.277224 -0.230606)
(-0.252439 0.270314 0.260404)
(-0.17434 0.185128 0.357918)
(-0.132022 0.132022 0.402884)
(-0.0429817 0.0913006 0.424539)
(0.0713827 0.128233 0.381713)
(0.185128 0.17434 0.357918)
(0.270773 0.270773 0.316543)
(0.345929 0.333916 0.0876471)
(0.171147 0.337349 -0.641434)
(-0.171147 0.337349 -0.641435)
(-0.345929 0.333916 0.0876472)
(-0.270773 0.270773 0.316544)
(-0.185128 0.17434 0.357918)
(-0.0713827 0.128233 0.381713)
(0.0743853 0.130792 0.287512)
(0.270314 0.25244 0.260404)
(0.333916 0.345929 0.0876472)
(0.425502 0.425502 -0.414575)
(0.1935 0.30535 -0.95096)
(-0.1935 0.30535 -0.95096)
(-0.425502 0.425503 -0.414575)
(-0.333916 0.345929 0.0876471)
(-0.270314 0.25244 0.260404)
(-0.0743853 0.130792 0.287512)
(0.185769 0.0512617 0.20277)
(0.277224 0.126187 -0.230606)
(0.337349 0.171147 -0.641434)
(0.30535 0.193501 -0.95096)
(0.12912 0.12912 -1.10613)
(-0.12912 0.12912 -1.10613)
(-0.30535 0.193501 -0.95096)
(-0.337349 0.171147 -0.641434)
(-0.277225 0.126187 -0.230606)
(-0.185769 0.0512617 0.202771)
(0.185769 -0.0512618 0.20277)
(0.277224 -0.126187 -0.230606)
(0.337349 -0.171147 -0.641435)
(0.30535 -0.1935 -0.95096)
(0.12912 -0.12912 -1.10613)
(-0.12912 -0.12912 -1.10613)
(-0.30535 -0.1935 -0.95096)
(-0.337349 -0.171147 -0.641435)
(-0.277224 -0.126187 -0.230606)
(-0.185769 -0.0512618 0.202771)
(0.0743853 -0.130792 0.287512)
(0.270314 -0.252439 0.260404)
(0.333916 -0.345929 0.0876472)
(0.425503 -0.425502 -0.414575)
(0.1935 -0.30535 -0.95096)
(-0.1935 -0.30535 -0.95096)
(-0.425503 -0.425503 -0.414575)
(-0.333916 -0.345929 0.0876471)
(-0.270314 -0.252439 0.260404)
(-0.0743854 -0.130792 0.287512)
(0.0713827 -0.128233 0.381713)
(0.185128 -0.17434 0.357918)
(0.270773 -0.270773 0.316544)
(0.345929 -0.333916 0.087647)
(0.171147 -0.337349 -0.641434)
(-0.171147 -0.337349 -0.641434)
(-0.345929 -0.333916 0.0876471)
(-0.270773 -0.270773 0.316544)
(-0.185128 -0.17434 0.357918)
(-0.0713827 -0.128233 0.381714)
(0.0429817 -0.0913005 0.424539)
(0.132022 -0.132022 0.402884)
(0.17434 -0.185128 0.357918)
(0.25244 -0.270314 0.260404)
(0.126187 -0.277225 -0.230606)
(-0.126187 -0.277225 -0.230606)
(-0.25244 -0.270314 0.260404)
(-0.17434 -0.185128 0.357918)
(-0.132022 -0.132022 0.402884)
(-0.0429817 -0.0913005 0.424539)
(0.0389563 -0.0389564 0.447997)
(0.0913005 -0.0429817 0.424539)
(0.128233 -0.0713827 0.381714)
(0.130792 -0.0743853 0.287512)
(0.0512617 -0.185769 0.202771)
(-0.0512618 -0.185769 0.202771)
(-0.130792 -0.0743853 0.287512)
(-0.128233 -0.0713827 0.381714)
(-0.0913005 -0.0429817 0.424539)
(-0.0389563 -0.0389564 0.447997)
(0.030712 0.030712 0.386648)
(0.0767638 0.032282 0.36246)
(0.105739 0.0543365 0.314134)
(0.108985 0.0563879 0.228024)
(0.047314 0.13641 0.140082)
(-0.047314 0.13641 0.140082)
(-0.108985 0.0563879 0.228024)
(-0.105739 0.0543365 0.314134)
(-0.0767638 0.032282 0.36246)
(-0.030712 0.030712 0.386648)
(0.032282 0.0767638 0.36246)
(0.107529 0.107529 0.341189)
(0.137856 0.153578 0.282986)
(0.208638 0.199383 0.214491)
(0.0973896 0.272492 -0.185109)
(-0.0973896 0.272492 -0.18511)
(-0.208638 0.199383 0.214491)
(-0.137856 0.153578 0.282986)
(-0.107529 0.107529 0.34119)
(-0.032282 0.0767638 0.36246)
(0.0543365 0.105739 0.314134)
(0.153578 0.137856 0.282986)
(0.202268 0.202269 0.243363)
(0.289452 0.26231 0.06386)
(0.119349 0.271291 -0.527388)
(-0.119349 0.271291 -0.527388)
(-0.289452 0.262311 0.06386)
(-0.202268 0.202269 0.243363)
(-0.153578 0.137856 0.282986)
(-0.0543365 0.105739 0.314134)
(0.0563879 0.108985 0.228024)
(0.199383 0.208638 0.214491)
(0.26231 0.289452 0.06386)
(0.366452 0.366452 -0.358185)
(0.13962 0.223087 -0.760498)
(-0.13962 0.223087 -0.760498)
(-0.366452 0.366452 -0.358185)
(-0.262311 0.289452 0.06386)
(-0.199383 0.208638 0.214491)
(-0.0563879 0.108985 0.228024)
(0.13641 0.047314 0.140082)
(0.272492 0.0973896 -0.185109)
(0.271291 0.119349 -0.527388)
(0.223088 0.13962 -0.760498)
(0.0939827 0.0939827 -0.914317)
(-0.0939827 0.0939827 -0.914317)
(-0.223088 0.13962 -0.760498)
(-0.271291 0.119349 -0.527388)
(-0.272492 0.0973896 -0.185109)
(-0.13641 0.047314 0.140082)
(0.13641 -0.047314 0.140082)
(0.272492 -0.0973896 -0.18511)
(0.271291 -0.119349 -0.527388)
(0.223087 -0.13962 -0.760498)
(0.0939827 -0.0939828 -0.914317)
(-0.0939827 -0.0939827 -0.914317)
(-0.223087 -0.13962 -0.760498)
(-0.271291 -0.119349 -0.527388)
(-0.272492 -0.0973897 -0.185109)
(-0.13641 -0.047314 0.140082)
(0.0563879 -0.108985 0.228024)
(0.199383 -0.208638 0.214491)
(0.262311 -0.289452 0.06386)
(0.366452 -0.366452 -0.358185)
(0.13962 -0.223088 -0.760498)
(-0.13962 -0.223088 -0.760498)
(-0.366452 -0.366452 -0.358185)
(-0.262311 -0.289452 0.06386)
(-0.199383 -0.208638 0.214491)
(-0.0563879 -0.108985 0.228024)
(0.0543365 -0.105739 0.314134)
(0.153578 -0.137856 0.282986)
(0.202269 -0.202268 0.243363)
(0.289452 -0.26231 0.0638599)
(0.119349 -0.271291 -0.527388)
(-0.119349 -0.271291 -0.527388)
(-0.289452 -0.262311 0.06386)
(-0.202269 -0.202269 0.243363)
(-0.153578 -0.137856 0.282986)
(-0.0543365 -0.105739 0.314134)
(0.032282 -0.0767638 0.36246)
(0.107529 -0.107529 0.341189)
(0.137856 -0.153578 0.282986)
(0.208638 -0.199383 0.214491)
(0.0973897 -0.272492 -0.185109)
(-0.0973897 -0.272492 -0.185109)
(-0.208638 -0.199383 0.214491)
(-0.137856 -0.153578 0.282986)
(-0.107529 -0.107529 0.34119)
(-0.0322821 -0.0767638 0.36246)
(0.030712 -0.030712 0.386648)
(0.0767638 -0.0322821 0.36246)
(0.105739 -0.0543365 0.314134)
(0.108985 -0.0563879 0.228024)
(0.047314 -0.13641 0.140082)
(-0.047314 -0.13641 0.140082)
(-0.108985 -0.0563879 0.228024)
(-0.105739 -0.0543365 0.314134)
(-0.0767638 -0.0322821 0.36246)
(-0.030712 -0.030712 0.386648)
(0.0237715 0.0237715 0.343592)
(0.0614699 0.0231511 0.318676)
(0.0833852 0.0403935 0.266381)
(0.0890076 0.0444626 0.188107)
(0.0396052 0.0917881 0.0789642)
(-0.0396052 0.0917881 0.0789642)
(-0.0890076 0.0444627 0.188107)
(-0.0833852 0.0403935 0.266381)
(-0.0614699 0.0231511 0.318676)
(-0.0237715 0.0237715 0.343592)
(0.0231511 0.0614699 0.318676)
(0.0841346 0.0841346 0.299735)
(0.109369 0.123827 0.232088)
(0.166942 0.147718 0.181393)
(0.0542111 0.264621 -0.15077)
(-0.0542111 0.264621 -0.15077)
(-0.166942 0.147718 0.181393)
(-0.109369 0.123827 0.232088)
(-0.0841346 0.0841347 0.299735)
(-0.0231511 0.0614699 0.318676)
(0.0403935 0.0833852 0.266381)
(0.123827 0.109369 0.232088)
(0.142468 0.142468 0.195172)
(0.269041 0.243603 0.0394725)
(0.0656978 0.18324 -0.406941)
(-0.0656977 0.18324 -0.406941)
(-0.269041 0.243603 0.0394726)
(-0.142468 0.142468 0.195172)
(-0.123827 0.109369 0.232088)
(-0.0403935 0.0833852 0.266381)
(0.0444626 0.0890076 0.188107)
(0.147718 0.166943 0.181393)
(0.243603 0.269041 0.0394726)
(0.257387 0.257387 -0.299159)
(0.0829299 0.135335 -0.610969)
(-0.0829299 0.135335 -0.610969)
(-0.257387 0.257387 -0.299159)
(-0.243603 0.269041 0.0394725)
(-0.147718 0.166943 0.181393)
(-0.0444627 0.0890076 0.188107)
(0.0917881 0.0396052 0.0789641)
(0.264622 0.0542112 -0.15077)
(0.18324 0.0656978 -0.406941)
(0.135335 0.0829299 -0.610969)
(0.0571138 0.0571137 -0.782686)
(-0.0571138 0.0571137 -0.782686)
(-0.135335 0.0829299 -0.610969)
(-0.18324 0.0656978 -0.406941)
(-0.264622 0.0542112 -0.15077)
(-0.0917881 0.0396052 0.0789641)
(0.0917881 -0.0396052 0.0789642)
(0.264621 -0.0542112 -0.15077)
(0.18324 -0.0656977 -0.406941)
(0.135335 -0.0829298 -0.610969)
(0.0571137 -0.0571138 -0.782686)
(-0.0571138 -0.0571138 -0.782686)
(-0.135335 -0.0829298 -0.610969)
(-0.18324 -0.0656977 -0.406941)
(-0.264621 -0.0542112 -0.15077)
(-0.0917881 -0.0396052 0.0789642)
(0.0444627 -0.0890076 0.188107)
(0.147718 -0.166942 0.181393)
(0.243603 -0.269041 0.0394726)
(0.257387 -0.257387 -0.299159)
(0.0829298 -0.135335 -0.610969)
(-0.0829298 -0.135335 -0.610969)
(-0.257387 -0.257387 -0.299159)
(-0.243603 -0.269041 0.0394726)
(-0.147718 -0.166942 0.181393)
(-0.0444627 -0.0890076 0.188107)
(0.0403935 -0.0833852 0.266381)
(0.123827 -0.109369 0.232088)
(0.142468 -0.142468 0.195172)
(0.269041 -0.243603 0.0394725)
(0.0656978 -0.18324 -0.406941)
(-0.0656977 -0.18324 -0.406941)
(-0.269041 -0.243603 0.0394726)
(-0.142468 -0.142468 0.195172)
(-0.123827 -0.109369 0.232088)
(-0.0403935 -0.0833852 0.266381)
(0.0231511 -0.0614699 0.318676)
(0.0841346 -0.0841346 0.299735)
(0.109369 -0.123827 0.232088)
(0.166943 -0.147718 0.181393)
(0.0542113 -0.264622 -0.15077)
(-0.0542113 -0.264622 -0.15077)
(-0.166943 -0.147718 0.181393)
(-0.109369 -0.123827 0.232088)
(-0.0841346 -0.0841346 0.299735)
(-0.0231511 -0.0614699 0.318676)
(0.0237715 -0.0237715 0.343592)
(0.0614699 -0.0231511 0.318676)
(0.0833852 -0.0403935 0.266381)
(0.0890076 -0.0444626 0.188107)
(0.0396052 -0.0917881 0.0789641)
(-0.0396052 -0.0917881 0.0789641)
(-0.0890076 -0.0444627 0.188107)
(-0.0833852 -0.0403935 0.266381)
(-0.0614699 -0.0231511 0.318676)
(-0.0237715 -0.0237715 0.343592)
(0.0130655 0.0130655 0.296799)
(0.0378884 0.0126343 0.274608)
(0.0491812 0.0195508 0.215918)
(0.0459078 0.0291088 0.152118)
(0.019825 0.0467005 0.0322794)
(-0.019825 0.0467006 0.0322794)
(-0.0459078 0.0291088 0.152118)
(-0.0491812 0.0195508 0.215918)
(-0.0378884 0.0126343 0.274608)
(-0.0130655 0.0130655 0.296799)
(0.0126343 0.0378884 0.274608)
(0.0456493 0.0456493 0.251055)
(0.0640116 0.0803596 0.186469)
(0.0872797 0.0739786 0.144697)
(0.00318973 0.107009 -0.117881)
(-0.00318973 0.107009 -0.117881)
(-0.0872797 0.0739786 0.144697)
(-0.0640117 0.0803596 0.18647)
(-0.0456493 0.0456493 0.251055)
(-0.0126343 0.0378884 0.274608)
(0.0195508 0.0491812 0.215918)
(0.0803596 0.0640116 0.186469)
(0.0688303 0.0688303 0.098627)
(0.184939 0.165167 0.050154)
(0.0186292 0.0615549 -0.28604)
(-0.0186292 0.0615548 -0.28604)
(-0.184939 0.165167 0.0501541)
(-0.0688303 0.0688304 0.0986271)
(-0.0803596 0.0640117 0.186469)
(-0.0195508 0.0491812 0.215918)
(0.0291087 0.0459078 0.152118)
(0.0739786 0.0872797 0.144697)
(0.165167 0.184939 0.0501541)
(0.0941689 0.0941688 -0.190183)
(0.0319572 0.0495234 -0.527264)
(-0.0319572 0.0495234 -0.527264)
(-0.0941689 0.0941688 -0.190183)
(-0.165167 0.184939 0.0501541)
(-0.0739786 0.0872798 0.144697)
(-0.0291088 0.0459078 0.152118)
(0.0467005 0.019825 0.0322793)
(0.107009 0.00318976 -0.117881)
(0.0615549 0.0186292 -0.28604)
(0.0495234 0.0319572 -0.527264)
(0.019432 0.019432 -0.714141)
(-0.019432 0.019432 -0.714141)
(-0.0495235 0.0319572 -0.527264)
(-0.0615549 0.0186292 -0.28604)
(-0.107009 0.00318976 -0.117881)
(-0.0467005 0.019825 0.0322793)
(0.0467005 -0.0198251 0.0322794)
(0.107009 -0.00318973 -0.117881)
(0.0615549 -0.0186292 -0.28604)
(0.0495234 -0.0319572 -0.527264)
(0.019432 -0.019432 -0.714141)
(-0.019432 -0.019432 -0.714141)
(-0.0495234 -0.0319572 -0.527264)
(-0.0615549 -0.0186292 -0.28604)
(-0.107009 -0.00318973 -0.117881)
(-0.0467006 -0.0198251 0.0322794)
(0.0291088 -0.0459078 0.152118)
(0.0739786 -0.0872797 0.144697)
(0.165167 -0.184939 0.0501541)
(0.0941688 -0.0941689 -0.190183)
(0.0319572 -0.0495235 -0.527264)
(-0.0319572 -0.0495235 -0.527264)
(-0.0941688 -0.0941689 -0.190183)
(-0.165167 -0.184939 0.0501541)
(-0.0739786 -0.0872797 0.144697)
(-0.0291088 -0.0459078 0.152118)
(0.0195508 -0.0491812 0.215918)
(0.0803596 -0.0640117 0.18647)
(0.0688304 -0.0688303 0.0986271)
(0.184939 -0.165167 0.0501541)
(0.0186292 -0.0615549 -0.28604)
(-0.0186292 -0.0615549 -0.28604)
(-0.184939 -0.165167 0.0501541)
(-0.0688304 -0.0688303 0.0986271)
(-0.0803596 -0.0640117 0.18647)
(-0.0195508 -0.0491812 0.215918)
(0.0126343 -0.0378884 0.274608)
(0.0456493 -0.0456493 0.251055)
(0.0640116 -0.0803596 0.186469)
(0.0872797 -0.0739786 0.144697)
(0.00318976 -0.107009 -0.117881)
(-0.00318975 -0.107009 -0.117881)
(-0.0872797 -0.0739786 0.144697)
(-0.0640117 -0.0803596 0.18647)
(-0.0456493 -0.0456493 0.251055)
(-0.0126343 -0.0378884 0.274608)
(0.0130655 -0.0130655 0.296799)
(0.0378884 -0.0126343 0.274608)
(0.0491812 -0.0195508 0.215918)
(0.0459078 -0.0291087 0.152118)
(0.0198251 -0.0467005 0.0322793)
(-0.0198251 -0.0467005 0.0322794)
(-0.0459078 -0.0291088 0.152118)
(-0.0491812 -0.0195508 0.215918)
(-0.0378884 -0.0126343 0.274608)
(-0.0130655 -0.0130655 0.296799)
)
;

boundaryField
{
    bottom
    {
        type            noSlip;
    }
    atmosphere
    {
        type            pressureInletOutletVelocity;
        value           nonuniform List<vector> 
100
(
(0.0130655 0.0130655 0.296799)
(0.0126343 0.0378884 0.274608)
(0.0195508 0.0491812 0.215918)
(0.0291087 0.0459078 0.152118)
(0.0467005 0.019825 0.0322793)
(0.0467005 -0.0198251 0.0322794)
(0.0291088 -0.0459078 0.152118)
(0.0195508 -0.0491812 0.215918)
(0.0126343 -0.0378884 0.274608)
(0.0130655 -0.0130655 0.296799)
(0.0378884 0.0126343 0.274608)
(0.0456493 0.0456493 0.251055)
(0.0803596 0.0640116 0.186469)
(0.0739786 0.0872797 0.144697)
(0 0 -0.117881)
(0 0 -0.117881)
(0.0739786 -0.0872797 0.144697)
(0.0803596 -0.0640117 0.18647)
(0.0456493 -0.0456493 0.251055)
(0.0378884 -0.0126343 0.274608)
(0.0491812 0.0195508 0.215918)
(0.0640116 0.0803596 0.186469)
(0.0688303 0.0688303 0.098627)
(0.165167 0.184939 0.0501541)
(0 0 -0.28604)
(0 0 -0.28604)
(0.165167 -0.184939 0.0501541)
(0.0688304 -0.0688303 0.0986271)
(0.0640116 -0.0803596 0.186469)
(0.0491812 -0.0195508 0.215918)
(0.0459078 0.0291088 0.152118)
(0.0872797 0.0739786 0.144697)
(0.184939 0.165167 0.050154)
(0 0 -0.190183)
(0 0 -0.527264)
(0 0 -0.527264)
(0 0 -0.190183)
(0.184939 -0.165167 0.0501541)
(0.0872797 -0.0739786 0.144697)
(0.0459078 -0.0291087 0.152118)
(0.019825 0.0467005 0.0322794)
(0 0 -0.117881)
(0 0 -0.28604)
(0 0 -0.527264)
(0 0 -0.714141)
(0 0 -0.714141)
(0 0 -0.527264)
(0 0 -0.28604)
(0 0 -0.117881)
(0.0198251 -0.0467005 0.0322793)
(-0.019825 0.0467006 0.0322794)
(0 0 -0.117881)
(0 0 -0.28604)
(0 0 -0.527264)
(0 0 -0.714141)
(0 0 -0.714141)
(0 0 -0.527264)
(0 0 -0.28604)
(0 0 -0.117881)
(-0.0198251 -0.0467005 0.0322794)
(-0.0459078 0.0291088 0.152118)
(-0.0872797 0.0739786 0.144697)
(-0.184939 0.165167 0.0501541)
(0 0 -0.190183)
(0 0 -0.527264)
(0 0 -0.527264)
(0 0 -0.190183)
(-0.184939 -0.165167 0.0501541)
(-0.0872797 -0.0739786 0.144697)
(-0.0459078 -0.0291088 0.152118)
(-0.0491812 0.0195508 0.215918)
(-0.0640117 0.0803596 0.18647)
(-0.0688303 0.0688304 0.0986271)
(-0.165167 0.184939 0.0501541)
(0 0 -0.28604)
(0 0 -0.28604)
(-0.165167 -0.184939 0.0501541)
(-0.0688304 -0.0688303 0.0986271)
(-0.0640117 -0.0803596 0.18647)
(-0.0491812 -0.0195508 0.215918)
(-0.0378884 0.0126343 0.274608)
(-0.0456493 0.0456493 0.251055)
(-0.0803596 0.0640117 0.186469)
(-0.0739786 0.0872798 0.144697)
(0 0 -0.117881)
(0 0 -0.117881)
(-0.0739786 -0.0872797 0.144697)
(-0.0803596 -0.0640117 0.18647)
(-0.0456493 -0.0456493 0.251055)
(-0.0378884 -0.0126343 0.274608)
(-0.0130655 0.0130655 0.296799)
(-0.0126343 0.0378884 0.274608)
(-0.0195508 0.0491812 0.215918)
(-0.0291088 0.0459078 0.152118)
(-0.0467005 0.019825 0.0322793)
(-0.0467006 -0.0198251 0.0322794)
(-0.0291088 -0.0459078 0.152118)
(-0.0195508 -0.0491812 0.215918)
(-0.0126343 -0.0378884 0.274608)
(-0.0130655 -0.0130655 0.296799)
)
;
    }
    walls
    {
        type            noSlip;
    }
}


// ************************************************************************* //
