/*--------------------------------*- C++ -*----------------------------------*\
| =========                 |                                                 |
| \\      /  F ield         | OpenFOAM: The Open Source CFD Toolbox           |
|  \\    /   O peration     | Version:  2412                                  |
|   \\  /    A nd           | Website:  www.openfoam.com                      |
|    \\/     M anipulation  |                                                 |
\*---------------------------------------------------------------------------*/
FoamFile
{
    version     2.0;
    format      ascii;
    arch        "LSB;label=32;scalar=64";
    class       surfaceScalarField;
    location    "0.37";
    object      phi;
}
// * * * * * * * * * * * * * * * * * * * * * * * * * * * * * * * * * * * * * //

dimensions      [0 3 -1 0 0 0 0];

oriented        oriented;

internalField   nonuniform List<scalar> 
11100
(
-0.000152061
-0.000152061
0.000304122
-0.000271828
-0.000191997
0.000311764
-0.000320955
-0.000273627
0.000322754
-0.000242078
-0.000418557
0.000339679
9.43079e-11
-0.000599456
0.000357378
0.000242078
-0.000599456
0.000357378
0.000320955
-0.000418558
0.00033968
0.000271828
-0.000273628
0.000322755
0.000152061
-0.000191997
0.000311764
-0.000152061
0.000304122
-0.000191997
-0.000271828
0.000311764
-0.00035192
-0.00035192
0.000319846
-0.000442171
-0.000527578
0.000344201
-0.000355843
-0.000892406
0.000387521
-1.5785e-10
-0.00142118
0.000465885
0.000355842
-0.00142118
0.000465886
0.000442171
-0.000892408
0.000387522
0.00035192
-0.000527579
0.000344202
0.000191997
-0.000351921
0.000319847
-0.000271829
0.000311764
-0.000273627
-0.000320955
0.000322754
-0.000527578
-0.000442171
0.000344201
-0.000724578
-0.000724578
0.000394
-0.000625594
-0.0014973
0.000505909
-9.00807e-10
-0.00259714
0.000550365
0.000625593
-0.00259714
0.000550365
0.000724578
-0.0014973
0.000505911
0.000527579
-0.000724581
0.000394001
0.000273628
-0.000442172
0.000344202
-0.000320956
0.000322755
-0.000418557
-0.000242078
0.000339679
-0.000892406
-0.000355843
0.000387521
-0.0014973
-0.000625594
0.000505909
-0.00151729
-0.00151729
3.99907e-05
-3.05674e-09
-0.00253972
-0.00157472
0.00151729
-0.00253972
-0.00157472
0.0014973
-0.0015173
3.99864e-05
0.000892408
-0.000625598
0.00050591
0.000418558
-0.000355844
0.000387522
-0.000242079
0.000339681
-0.000599456
9.60401e-11
0.000357378
-0.00142118
-1.56474e-10
0.000465885
-0.00259714
-8.96515e-10
0.000550365
-0.00253972
-3.04776e-09
-0.00157472
-4.66252e-09
-4.64706e-09
-0.00507942
0.00253971
-5.12425e-09
-0.00507943
0.00259715
-2.85089e-09
-0.00157473
0.00142119
-7.07199e-10
0.000550359
0.000599459
-6.77717e-11
0.000465887
1.60093e-10
0.000357379
-0.000599456
0.000242078
0.000357378
-0.00142118
0.000355842
0.000465886
-0.00259714
0.000625593
0.000550365
-0.00253972
0.00151729
-0.00157472
-5.13978e-09
0.00253971
-0.00507943
0.00253971
0.00253971
-0.00507943
0.00259715
0.0015173
-0.00157474
0.00142119
0.000625597
0.000550359
0.000599458
0.000355844
0.000465887
0.000242079
0.000357379
-0.000418558
0.000320955
0.00033968
-0.000892408
0.000442171
0.000387522
-0.0014973
0.000724578
0.000505911
-0.0015173
0.0014973
3.99864e-05
-2.85984e-09
0.00259715
-0.00157473
0.0015173
0.00259715
-0.00157474
0.00149731
0.00149731
3.99824e-05
0.00089241
0.000724581
0.000505912
0.000418558
0.000442172
0.000387523
0.000320956
0.000339681
-0.000273628
0.000271828
0.000322755
-0.000527579
0.00035192
0.000344202
-0.000724581
0.000527579
0.000394001
-0.000625598
0.000892408
0.00050591
-7.11293e-10
0.00142119
0.000550359
0.000625597
0.00142119
0.000550359
0.000724581
0.00089241
0.000505912
0.00052758
0.00052758
0.000394002
0.000273628
0.000351921
0.000344203
0.000271829
0.000322756
-0.000191997
0.000152061
0.000311764
-0.000351921
0.000191997
0.000319847
-0.000442172
0.000273628
0.000344202
-0.000355844
0.000418558
0.000387522
-6.87721e-11
0.000599459
0.000465887
0.000355844
0.000599458
0.000465887
0.000442172
0.000418558
0.000387523
0.000351921
0.000273628
0.000344203
0.000191997
0.000191997
0.000319848
0.000152061
0.000311765
-0.000152061
0.000304122
-0.000271829
0.000311764
-0.000320956
0.000322755
-0.000242079
0.000339681
1.58666e-10
0.000357379
0.000242079
0.000357379
0.000320956
0.000339681
0.000271829
0.000322756
0.000152061
0.000311765
0.000304123
-0.000160632
-0.000160632
0.000625386
-0.000282341
-0.00020476
0.000638233
-0.000331002
-0.000289841
0.000661257
-0.000250407
-0.00043891
0.000697994
1.49224e-10
-0.000628164
0.000735135
0.000250407
-0.000628164
0.000735135
0.000331003
-0.000438911
0.000697996
0.000282342
-0.000289842
0.000661258
0.000160632
-0.000204761
0.000638234
-0.000160632
0.000625387
-0.00020476
-0.000282341
0.000638233
-0.000372139
-0.000372139
0.000654604
-0.000463482
-0.000552574
0.000698278
-0.00036932
-0.000933585
0.000788034
-1.21076e-10
-0.00147365
0.000942054
0.00036932
-0.00147365
0.000942055
0.000463482
-0.000933588
0.000788037
0.000372139
-0.000552576
0.000698279
0.00020476
-0.00037214
0.000654605
-0.000282342
0.000638234
-0.000289841
-0.000331002
0.000661257
-0.000552574
-0.000463482
0.000698278
-0.000744553
-0.000744553
0.000777957
-0.000637913
-0.00147067
0.000936357
-1.10519e-09
-0.00221708
0.000655876
0.000637912
-0.00221708
0.000655875
0.000744554
-0.00147068
0.000936361
0.000552576
-0.000744557
0.00077796
0.000289842
-0.000463483
0.00069828
-0.000331003
0.000661258
-0.00043891
-0.000250407
0.000697994
-0.000933585
-0.00036932
0.000788034
-0.00147067
-0.000637913
0.000936357
-0.00126138
-0.00126138
-0.000378587
-2.95532e-09
-0.00144208
-0.0036111
0.00126138
-0.00144208
-0.0036111
0.00147068
-0.00126139
-0.000378595
0.000933588
-0.000637918
0.000936358
0.000438911
-0.000369322
0.000788037
-0.000250408
0.000697997
-0.000628164
1.52482e-10
0.000735135
-0.00147365
-1.1666e-10
0.000942054
-0.00221708
-1.0951e-09
0.000655876
-0.00144208
-2.94432e-09
-0.0036111
-2.04334e-09
-2.03886e-09
-0.00796358
0.00144207
-2.47838e-09
-0.00796358
0.00221708
-2.87769e-09
-0.00361113
0.00147366
-8.8737e-10
0.000655861
0.000628167
-1.50726e-11
0.000942057
2.2067e-10
0.000735138
-0.000628164
0.000250407
0.000735135
-0.00147365
0.00036932
0.000942055
-0.00221708
0.000637912
0.000655875
-0.00144208
0.00126138
-0.0036111
-2.48299e-09
0.00144207
-0.00796358
0.00144207
0.00144207
-0.00796358
0.00221708
0.00126139
-0.00361113
0.00147366
0.000637917
0.000655861
0.000628167
0.000369322
0.000942057
0.000250408
0.000735138
-0.000438911
0.000331003
0.000697996
-0.000933588
0.000463482
0.000788037
-0.00147068
0.000744554
0.000936361
-0.00126139
0.00147068
-0.000378595
-2.88848e-09
0.00221708
-0.00361113
0.00126139
0.00221708
-0.00361113
0.00147068
0.00147068
-0.000378603
0.000933591
0.000744557
0.000936363
0.000438912
0.000463484
0.00078804
0.000331004
0.000697998
-0.000289842
0.000282342
0.000661258
-0.000552576
0.000372139
0.000698279
-0.000744557
0.000552576
0.00077796
-0.000637918
0.000933588
0.000936358
-8.97087e-10
0.00147366
0.000655861
0.000637917
0.00147366
0.000655861
0.000744557
0.000933591
0.000936363
0.000552577
0.000552577
0.000777962
0.000289842
0.00037214
0.000698281
0.000282342
0.000661259
-0.000204761
0.000160632
0.000638234
-0.00037214
0.00020476
0.000654605
-0.000463483
0.000289842
0.00069828
-0.000369322
0.000438911
0.000788038
-2.16859e-11
0.000628167
0.000942057
0.000369322
0.000628167
0.000942057
0.000463484
0.000438912
0.00078804
0.00037214
0.000289842
0.000698281
0.000204761
0.000204761
0.000654607
0.000160633
0.000638235
-0.000160632
0.000625387
-0.000282342
0.000638234
-0.000331003
0.000661258
-0.000250408
0.000697997
2.17659e-10
0.000735138
0.000250408
0.000735138
0.000331004
0.000697998
0.000282342
0.000661259
0.000160633
0.000638235
0.000625388
-0.000153808
-0.000153808
0.000933002
-0.000271377
-0.000194474
0.000950276
-0.000316864
-0.000272211
0.000978954
-0.000238113
-0.000412126
0.00103137
2.59649e-10
-0.000588614
0.00108564
0.000238113
-0.000588614
0.00108564
0.000316864
-0.000412127
0.00103137
0.000271378
-0.000272212
0.000978956
0.000153808
-0.000194474
0.000950277
-0.000153808
0.000933003
-0.000194474
-0.000271377
0.000950276
-0.00035233
-0.00035233
0.000970317
-0.00043426
-0.00052038
0.00102838
-0.000334106
-0.00088309
0.00115884
-3.00546e-11
-0.00131073
0.00133007
0.000334106
-0.00131073
0.00133007
0.00043426
-0.000883093
0.00115885
0.000352331
-0.000520381
0.00102838
0.000194474
-0.000352331
0.000970319
-0.000271378
0.000950278
-0.000272211
-0.000316864
0.000978954
-0.00052038
-0.00043426
0.00102838
-0.000696447
-0.000696447
0.00113009
-0.00057323
-0.00130149
0.00123154
-9.5692e-10
-0.00148248
0.000254392
0.00057323
-0.00148248
0.00025439
0.000696447
-0.00130149
0.00123155
0.000520381
-0.000696451
0.0011301
0.000272211
-0.000434261
0.00102838
-0.000316865
0.000978957
-0.000412126
-0.000238113
0.00103137
-0.00088309
-0.000334106
0.00115884
-0.00130149
-0.00057323
0.00123154
-0.00089252
-0.00089252
-0.00119652
-1.27339e-09
-0.000601101
-0.00538499
0.000892519
-0.000601103
-0.005385
0.00130149
-0.000892527
-0.00119653
0.000883093
-0.000573237
0.00123154
0.000412127
-0.000334108
0.00115885
-0.000238114
0.00103137
-0.000588614
2.62523e-10
0.00108564
-0.00131073
-2.22601e-11
0.00133007
-0.00148248
-9.42795e-10
0.000254392
-0.000601101
-1.2596e-09
-0.00538499
-7.23989e-10
-7.21764e-10
-0.00916578
0.000601096
-8.19488e-10
-0.00916578
0.00148248
-1.15811e-09
-0.00538504
0.00131074
-7.30191e-10
0.000254365
0.000588618
5.77995e-11
0.00133007
3.3176e-10
0.00108564
-0.000588614
0.000238113
0.00108564
-0.00131073
0.000334106
0.00133007
-0.00148248
0.00057323
0.000254391
-0.000601103
0.000892519
-0.005385
-8.21757e-10
0.000601096
-0.00916578
0.000601098
0.000601098
-0.00916578
0.00148248
0.000892526
-0.00538504
0.00131074
0.000573237
0.000254365
0.000588617
0.000334108
0.00133007
0.000238114
0.00108564
-0.000412127
0.000316864
0.00103137
-0.000883093
0.00043426
0.00115885
-0.00130149
0.000696447
0.00123155
-0.000892527
0.00130149
-0.00119653
-1.17171e-09
0.00148248
-0.00538504
0.000892526
0.00148248
-0.00538504
0.0013015
0.0013015
-0.00119654
0.000883096
0.000696451
0.00123155
0.000412128
0.000434262
0.00115885
0.000316865
0.00103138
-0.000272212
0.000271378
0.000978956
-0.000520381
0.000352331
0.00102838
-0.000696451
0.000520381
0.0011301
-0.000573237
0.000883093
0.00123154
-7.43751e-10
0.00131074
0.000254365
0.000573237
0.00131074
0.000254365
0.000696451
0.000883096
0.00123155
0.000520382
0.000520382
0.0011301
0.000272212
0.000352331
0.00102838
0.000271378
0.000978958
-0.000194474
0.000153808
0.000950277
-0.000352331
0.000194474
0.000970319
-0.000434261
0.000272211
0.00102838
-0.000334108
0.000412127
0.00115885
5.45545e-11
0.000588618
0.00133007
0.000334108
0.000588617
0.00133007
0.000434262
0.000412128
0.00115885
0.000352331
0.000272212
0.00102838
0.000194474
0.000194474
0.000970321
0.000153808
0.000950279
-0.000153808
0.000933003
-0.000271378
0.000950278
-0.000316865
0.000978957
-0.000238114
0.00103137
3.28934e-10
0.00108564
0.000238114
0.00108564
0.000316865
0.00103138
0.000271378
0.000978958
0.000153808
0.000950279
0.000933004
-0.000148721
-0.000148721
0.00123044
-0.000262613
-0.000185711
0.00124988
-0.000303768
-0.00025645
0.00127656
-0.000227495
-0.000383791
0.00133889
4.25219e-10
-0.00053436
0.0013925
0.000227496
-0.00053436
0.0013925
0.000303769
-0.000383792
0.00133889
0.000262613
-0.00025645
0.00127656
0.000148721
-0.000185711
0.00124988
-0.000148721
0.00123044
-0.000185711
-0.000262613
0.00124988
-0.00033564
-0.00033564
0.00127018
-0.000404973
-0.000490478
0.00133174
-0.000296438
-0.000813199
0.00147972
1.50215e-10
-0.00109558
0.00159485
0.000296439
-0.00109558
0.00159485
0.000404973
-0.000813202
0.00147973
0.000335641
-0.00049048
0.00133174
0.000185711
-0.000335641
0.00127018
-0.000262613
0.00124988
-0.00025645
-0.000303768
0.00127656
-0.000490479
-0.000404973
0.00133174
-0.000636769
-0.000636769
0.00142267
-0.000489563
-0.00104391
0.00131505
1.73591e-10
-0.000871366
-0.000459383
0.000489564
-0.000871368
-0.000459384
0.000636769
-0.00104392
0.00131506
0.000490479
-0.000636773
0.00142268
0.00025645
-0.000404974
0.00133174
-0.000303769
0.00127656
-0.000383791
-0.000227495
0.00133889
-0.000813199
-0.000296438
0.00147972
-0.00104391
-0.000489563
0.00131505
-0.000551937
-0.000551937
-0.00218048
1.48052e-09
-0.000170088
-0.00663821
0.000551939
-0.00017009
-0.00663821
0.00104392
-0.000551944
-0.00218049
0.000813202
-0.000489568
0.00131505
0.000383792
-0.00029644
0.00147973
-0.000227496
0.00133889
-0.00053436
4.27361e-10
0.0013925
-0.00109558
1.54221e-10
0.00159485
-0.000871366
1.88397e-10
-0.000459383
-0.000170088
1.50129e-09
-0.00663821
6.37151e-11
6.37274e-11
-0.00950595
0.000170085
8.59592e-11
-0.00950595
0.000871369
1.70994e-09
-0.00663827
0.00109559
4.30344e-10
-0.000459421
0.000534363
2.52982e-10
0.00159485
4.98159e-10
0.00139251
-0.00053436
0.000227496
0.0013925
-0.00109558
0.000296439
0.00159485
-0.000871368
0.000489564
-0.000459384
-0.00017009
0.000551939
-0.00663821
8.59961e-11
0.000170085
-0.00950595
0.000170087
0.000170087
-0.00950596
0.000871371
0.000551946
-0.00663827
0.00109559
0.00048957
-0.00045942
0.000534363
0.00029644
0.00159486
0.000227497
0.00139251
-0.000383792
0.000303769
0.00133889
-0.000813202
0.000404973
0.00147973
-0.00104392
0.000636769
0.00131506
-0.000551944
0.00104392
-0.00218049
1.68846e-09
0.000871369
-0.00663827
0.000551946
0.000871371
-0.00663827
0.00104392
0.00104392
-0.0021805
0.000813204
0.000636773
0.00131506
0.000383792
0.000404974
0.00147973
0.000303769
0.0013389
-0.00025645
0.000262613
0.00127656
-0.00049048
0.000335641
0.00133174
-0.000636773
0.000490479
0.00142268
-0.000489568
0.000813202
0.00131505
4.12082e-10
0.00109559
-0.000459421
0.00048957
0.00109559
-0.00045942
0.000636773
0.000813204
0.00131506
0.00049048
0.00049048
0.00142269
0.00025645
0.000335641
0.00133175
0.000262613
0.00127657
-0.000185711
0.000148721
0.00124988
-0.000335641
0.000185711
0.00127018
-0.000404974
0.00025645
0.00133174
-0.00029644
0.000383792
0.00147973
2.49068e-10
0.000534363
0.00159485
0.00029644
0.000534363
0.00159486
0.000404974
0.000383792
0.00147973
0.000335641
0.000256451
0.00133175
0.000185711
0.000185711
0.00127018
0.000148721
0.00124988
-0.000148721
0.00123044
-0.000262613
0.00124988
-0.000303769
0.00127656
-0.000227496
0.00133889
4.96147e-10
0.00139251
0.000227497
0.00139251
0.000303769
0.0013389
0.000262613
0.00127657
0.000148721
0.00124988
0.00123045
-0.000144206
-0.000144206
0.00151886
-0.000254459
-0.000177048
0.00153718
-0.000290666
-0.000240572
0.00155334
-0.000219167
-0.000351205
0.00161859
6.55382e-10
-0.000474937
0.00164827
0.000219168
-0.000474936
0.00164827
0.000290666
-0.000351205
0.0016186
0.000254459
-0.000240572
0.00155334
0.000144206
-0.000177048
0.00153718
-0.000144206
0.00151886
-0.000177048
-0.000254459
0.00153718
-0.000319049
-0.000319049
0.00155418
-0.00037361
-0.000457869
0.0016036
-0.00026831
-0.000725666
0.00174888
6.0017e-10
-0.000874418
0.00172602
0.000268311
-0.000874418
0.00172602
0.00037361
-0.000725666
0.00174889
0.000319049
-0.000457869
0.0016036
0.000177048
-0.000319048
0.00155418
-0.000254458
0.00153718
-0.000240572
-0.000290666
0.00155334
-0.000457869
-0.00037361
0.0016036
-0.000566435
-0.000566435
0.00163981
-0.000405846
-0.000776586
0.00120538
2.06157e-09
-0.000499636
-0.00124001
0.00040585
-0.000499637
-0.00124001
0.000566435
-0.000776589
0.0012054
0.000457868
-0.000566438
0.00163981
0.000240572
-0.00037361
0.0016036
-0.000290666
0.00155334
-0.000351205
-0.000219167
0.00161859
-0.000725666
-0.00026831
0.00174888
-0.000776586
-0.000405846
0.00120538
-0.000327005
-0.000327005
-0.00307964
3.31342e-09
-9.37724e-06
-0.00745547
0.00032701
-9.37846e-06
-0.00745548
0.000776585
-0.000327007
-0.00307965
0.000725666
-0.000405848
0.00120538
0.000351205
-0.000268311
0.00174889
-0.000219168
0.0016186
-0.000474937
6.58516e-10
0.00164827
-0.000874418
6.05675e-10
0.00172602
-0.000499636
2.08905e-09
-0.00124001
-9.37721e-06
3.33886e-09
-0.00745547
3.73067e-10
3.72476e-10
-0.00952471
9.37691e-06
3.59372e-10
-0.00952471
0.000499637
3.46225e-09
-0.00745554
0.000874424
2.49786e-09
-0.00124006
0.00047494
7.08107e-10
0.00172603
7.24066e-10
0.00164828
-0.000474936
0.000219168
0.00164827
-0.000874418
0.000268311
0.00172602
-0.000499637
0.00040585
-0.00124001
-9.37845e-06
0.00032701
-0.00745548
3.59945e-10
9.37692e-06
-0.00952471
9.37777e-06
9.37776e-06
-0.00952471
0.000499638
0.000327011
-0.00745554
0.000874423
0.000405852
-0.00124005
0.000474939
0.000268312
0.00172603
0.000219169
0.00164828
-0.000351205
0.000290666
0.0016186
-0.000725666
0.00037361
0.00174889
-0.000776589
0.000566435
0.0012054
-0.000327007
0.000776585
-0.00307965
3.43606e-09
0.000499637
-0.00745554
0.000327011
0.000499638
-0.00745554
0.000776588
0.000776588
-0.00307965
0.000725666
0.000566437
0.0012054
0.000351204
0.000373611
0.0017489
0.000290666
0.0016186
-0.000240572
0.000254459
0.00155334
-0.000457869
0.000319049
0.0016036
-0.000566438
0.000457868
0.00163981
-0.000405848
0.000725666
0.00120538
2.46824e-09
0.000874424
-0.00124006
0.000405852
0.000874423
-0.00124005
0.000566437
0.000725666
0.0012054
0.000457868
0.000457868
0.00163982
0.000240571
0.000319048
0.0016036
0.000254458
0.00155334
-0.000177048
0.000144206
0.00153718
-0.000319048
0.000177048
0.00155418
-0.00037361
0.000240572
0.0016036
-0.000268311
0.000351205
0.00174889
7.02807e-10
0.00047494
0.00172603
0.000268312
0.000474939
0.00172603
0.000373611
0.000351204
0.0017489
0.000319048
0.000240571
0.0016036
0.000177048
0.000177048
0.00155418
0.000144206
0.00153718
-0.000144206
0.00151886
-0.000254458
0.00153718
-0.000290666
0.00155334
-0.000219168
0.0016186
7.21206e-10
0.00164828
0.000219169
0.00164828
0.000290666
0.0016186
0.000254458
0.00155334
0.000144206
0.00153718
0.00151886
-0.000140442
-0.000140442
0.00179974
-0.00024803
-0.000169406
0.00181417
-0.000279701
-0.000226786
0.0018118
-0.000214507
-0.000318857
0.00187226
9.19249e-10
-0.000423869
0.00185763
0.000214508
-0.000423868
0.00185763
0.000279701
-0.000318855
0.00187226
0.00024803
-0.000226785
0.0018118
0.000140442
-0.000169406
0.00181417
-0.000140442
0.00179974
-0.000169406
-0.00024803
0.00181417
-0.000304249
-0.000304249
0.00182386
-0.000344797
-0.000427032
0.00184439
-0.000254667
-0.000635288
0.00197518
1.34554e-09
-0.00068936
0.00173684
0.000254669
-0.000689358
0.00173684
0.000344797
-0.000635283
0.00197519
0.000304248
-0.00042703
0.00184439
0.000169406
-0.000304248
0.00182386
-0.000248029
0.00181417
-0.000226786
-0.000279701
0.0018118
-0.000427032
-0.000344797
0.00184439
-0.000498797
-0.000498797
0.00178334
-0.000338102
-0.000549615
0.000959008
4.33097e-09
-0.00026323
-0.00200425
0.000338109
-0.00026323
-0.00200425
0.000498795
-0.000549607
0.000959035
0.00042703
-0.000498796
0.00178335
0.000226785
-0.000344796
0.00184439
-0.0002797
0.0018118
-0.000318857
-0.000214507
0.00187226
-0.000635288
-0.000254667
0.00197518
-0.000549615
-0.000338102
0.000959008
-0.000195018
-0.000195018
-0.00378883
3.45807e-09
6.77647e-05
-0.00798149
0.000195025
6.77643e-05
-0.00798149
0.000549613
-0.000195008
-0.00378883
0.000635284
-0.000338098
0.000959009
0.000318856
-0.000254667
0.00197519
-0.000214507
0.00187226
-0.000423869
9.21512e-10
0.00185763
-0.00068936
1.34891e-09
0.00173684
-0.00026323
4.35937e-09
-0.00200425
6.77647e-05
3.4734e-09
-0.00798149
2.71957e-10
2.71237e-10
-0.00938918
-6.77646e-05
3.09684e-10
-0.00938918
0.000263227
3.42383e-09
-0.00798154
0.000689358
4.69634e-09
-0.00200429
0.000423869
1.41816e-09
0.00173685
9.63141e-10
0.00185764
-0.000423868
0.000214508
0.00185763
-0.000689358
0.000254669
0.00173684
-0.00026323
0.000338109
-0.00200425
6.77643e-05
0.000195025
-0.00798149
3.10416e-10
-6.77646e-05
-0.00938918
-6.77653e-05
-6.77653e-05
-0.00938918
0.000263226
0.000195015
-0.00798154
0.000689357
0.000338105
-0.00200429
0.000423868
0.000254669
0.00173685
0.000214509
0.00185764
-0.000318855
0.000279701
0.00187226
-0.000635283
0.000344797
0.00197519
-0.000549607
0.000498795
0.000959035
-0.000195008
0.000549613
-0.00378883
3.40805e-09
0.000263227
-0.00798154
0.000195015
0.000263226
-0.00798154
0.000549604
0.000549604
-0.00378883
0.00063528
0.000498794
0.000959036
0.000318854
0.000344796
0.00197519
0.0002797
0.00187226
-0.000226785
0.00024803
0.0018118
-0.00042703
0.000304248
0.00184439
-0.000498796
0.00042703
0.00178335
-0.000338098
0.000635284
0.000959009
4.6664e-09
0.000689358
-0.00200429
0.000338105
0.000689357
-0.00200429
0.000498794
0.00063528
0.000959036
0.000427028
0.000427028
0.00178335
0.000226784
0.000304247
0.0018444
0.000248029
0.0018118
-0.000169406
0.000140442
0.00181417
-0.000304248
0.000169406
0.00182386
-0.000344796
0.000226785
0.00184439
-0.000254667
0.000318856
0.00197519
1.41499e-09
0.000423869
0.00173685
0.000254669
0.000423868
0.00173685
0.000344796
0.000318854
0.00197519
0.000304247
0.000226784
0.0018444
0.000169406
0.000169406
0.00182386
0.000140442
0.00181418
-0.000140442
0.00179974
-0.000248029
0.00181417
-0.0002797
0.0018118
-0.000214507
0.00187226
9.61197e-10
0.00185764
0.000214509
0.00185764
0.0002797
0.00187226
0.000248029
0.0018118
0.000140442
0.00181418
0.00179974
-0.000138252
-0.000138252
0.00207625
-0.000245053
-0.000164134
0.00208511
-0.000273364
-0.000218551
0.00205866
-0.000215823
-0.000291084
0.0021058
1.14952e-09
-0.000389146
0.00203095
0.000215825
-0.000389145
0.00203095
0.000273364
-0.00029108
0.0021058
0.000245053
-0.000218549
0.00205866
0.000138252
-0.000164133
0.00208511
-0.000138252
0.00207625
-0.000164134
-0.000245053
0.00208511
-0.000294285
-0.000294285
0.00208417
-0.00032348
-0.000406948
0.00206198
-0.0002557
-0.000551741
0.00216806
2.17965e-09
-0.000551536
0.00164353
0.000255702
-0.000551533
0.00164353
0.00032348
-0.000551731
0.00216806
0.000294285
-0.000406945
0.00206198
0.000164133
-0.000294284
0.00208417
-0.000245052
0.00208511
-0.000218551
-0.000273364
0.00205866
-0.000406948
-0.00032348
0.00206198
-0.000445645
-0.000445645
0.00186073
-0.000297748
-0.00035709
0.000616459
5.56001e-09
-0.000106871
-0.00274667
0.000297756
-0.000106869
-0.00274666
0.000445643
-0.000357068
0.000616485
0.000406944
-0.000445638
0.00186074
0.000218549
-0.000323478
0.00206198
-0.000273363
0.00205866
-0.000291084
-0.000215823
0.0021058
-0.000551741
-0.0002557
0.00216806
-0.00035709
-0.000297748
0.000616459
-0.000114396
-0.000114396
-0.00427422
1.80198e-09
0.000120267
-0.00832303
0.000114403
0.000120266
-0.00832303
0.000357088
-0.00011438
-0.00427421
0.000551734
-0.000297734
0.000616459
0.000291081
-0.000255697
0.00216806
-0.000215823
0.0021058
-0.000389146
1.15066e-09
0.00203095
-0.000551536
2.17865e-09
0.00164353
-0.000106871
5.57226e-09
-0.00274667
0.000120267
1.79989e-09
-0.00832303
7.83936e-11
7.81275e-11
-0.00914865
-0.000120267
1.10376e-10
-0.00914865
0.000106865
1.66513e-09
-0.00832305
0.000551527
5.58399e-09
-0.0027467
0.000389143
2.17767e-09
0.00164353
1.15607e-09
0.00203096
-0.000389145
0.000215825
0.00203095
-0.000551533
0.000255702
0.00164353
-0.000106869
0.000297756
-0.00274666
0.000120266
0.000114403
-0.00832303
1.10628e-10
-0.000120267
-0.00914865
-0.000120268
-0.000120268
-0.00914865
0.000106862
0.000114387
-0.00832306
0.000551524
0.000297743
-0.00274669
0.000389142
0.0002557
0.00164353
0.000215824
0.00203096
-0.00029108
0.000273364
0.0021058
-0.000551731
0.00032348
0.00216806
-0.000357068
0.000445643
0.000616485
-0.00011438
0.000357088
-0.0042742
1.66703e-09
0.000106865
-0.00832305
0.000114387
0.000106862
-0.00832306
0.000357066
0.000357066
-0.00427419
0.000551724
0.000445635
0.000616486
0.000291076
0.000323478
0.00216806
0.000273363
0.0021058
-0.000218549
0.000245053
0.00205866
-0.000406945
0.000294285
0.00206198
-0.000445638
0.000406944
0.00186074
-0.000297734
0.000551734
0.000616459
5.57117e-09
0.000551527
-0.00274669
0.000297743
0.000551524
-0.00274669
0.000445635
0.000551724
0.000616486
0.000406941
0.000406941
0.00186074
0.000218548
0.000294283
0.00206198
0.000245052
0.00205866
-0.000164133
0.000138252
0.00208511
-0.000294284
0.000164133
0.00208417
-0.000323478
0.000218549
0.00206198
-0.000255697
0.00029108
0.00216806
2.17895e-09
0.000389143
0.00164353
0.0002557
0.000389142
0.00164353
0.000323478
0.000291076
0.00216806
0.000294283
0.000218548
0.00206198
0.000164132
0.000164132
0.00208417
0.000138252
0.00208511
-0.000138252
0.00207625
-0.000245052
0.00208511
-0.000273363
0.00205866
-0.000215823
0.0021058
1.15531e-09
0.00203096
0.000215824
0.00203096
0.000273363
0.0021058
0.000245052
0.00205866
0.000138252
0.00208511
0.00207625
-0.000138316
-0.000138316
0.00235288
-0.000246873
-0.000162596
0.00235626
-0.000274017
-0.000219746
0.00230555
-0.000226112
-0.000274646
0.00233254
1.25258e-09
-0.00038223
0.00218707
0.000226113
-0.000382228
0.00218707
0.000274017
-0.000274641
0.00233254
0.000246873
-0.000219744
0.00230555
0.000138316
-0.000162595
0.00235626
-0.000138316
0.00235288
-0.000162596
-0.000246873
0.00235626
-0.000291823
-0.000291823
0.00234262
-0.000315187
-0.000406139
0.00227174
-0.000274857
-0.000478186
0.00233127
2.50356e-09
-0.00046992
0.00145636
0.00027486
-0.000469916
0.00145636
0.000315186
-0.000478174
0.00233127
0.000291822
-0.000406134
0.00227174
0.000162596
-0.000291821
0.00234262
-0.000246872
0.00235626
-0.000219746
-0.000274017
0.00230555
-0.000406139
-0.000315187
0.00227174
-0.000423151
-0.000423151
0.00189476
-0.000305844
-0.000193775
0.000214741
3.41981e-09
-2.24365e-05
-0.0035
0.00030585
-2.2434e-05
-0.00349999
0.00042315
-0.000193754
0.000214765
0.000406134
-0.000423138
0.00189476
0.000219744
-0.000315184
0.00227174
-0.000274016
0.00230555
-0.000274646
-0.000226111
0.00233254
-0.000478186
-0.000274857
0.00233127
-0.000193775
-0.000305844
0.000214741
-6.23825e-05
-6.23825e-05
-0.00453701
2.72797e-10
0.000112197
-0.00852004
6.23859e-05
0.000112197
-0.00852005
0.000193772
-6.23701e-05
-0.00453698
0.000478178
-0.000305827
0.000214741
0.000274642
-0.000274852
0.00233126
-0.00022611
0.00233254
-0.00038223
1.25151e-09
0.00218707
-0.00046992
2.49574e-09
0.00145636
-2.24365e-05
3.40763e-09
-0.0035
0.000112197
2.64597e-10
-0.00852004
-8.00365e-12
-7.6556e-12
-0.00892425
-0.000112198
-1.29977e-11
-0.00892425
2.24308e-05
1.26479e-10
-0.00852005
0.000469908
3.02812e-09
-0.0035
0.000382224
2.40011e-09
0.00145636
1.21368e-09
0.00218707
-0.000382228
0.000226113
0.00218707
-0.000469916
0.00027486
0.00145636
-2.2434e-05
0.00030585
-0.00349999
0.000112197
6.23859e-05
-0.00852005
-1.33921e-11
-0.000112198
-0.00892425
-0.000112197
-0.000112197
-0.00892425
2.24284e-05
6.23734e-05
-0.00852005
0.000469905
0.000305833
-0.00349999
0.000382222
0.000274855
0.00145636
0.000226112
0.00218707
-0.000274641
0.000274017
0.00233254
-0.000478174
0.000315186
0.00233127
-0.000193754
0.00042315
0.000214765
-6.23701e-05
0.000193772
-0.00453698
1.34826e-10
2.24308e-05
-0.00852005
6.23734e-05
2.24284e-05
-0.00852005
0.000193751
0.000193751
-0.00453694
0.000478166
0.000423137
0.000214767
0.000274637
0.000315183
0.00233127
0.000274016
0.00233254
-0.000219744
0.000246873
0.00230555
-0.000406134
0.000291822
0.00227174
-0.000423138
0.000406134
0.00189476
-0.000305827
0.000478178
0.000214742
3.04221e-09
0.000469908
-0.0035
0.000305833
0.000469905
-0.00349999
0.000423137
0.000478166
0.000214767
0.000406129
0.000406129
0.00189476
0.000219742
0.00029182
0.00227173
0.000246872
0.00230554
-0.000162595
0.000138316
0.00235626
-0.000291821
0.000162596
0.00234262
-0.000315184
0.000219744
0.00227174
-0.000274852
0.000274642
0.00233126
2.40828e-09
0.000382224
0.00145636
0.000274855
0.000382222
0.00145636
0.000315183
0.000274637
0.00233127
0.00029182
0.000219742
0.00227173
0.000162595
0.000162595
0.00234262
0.000138316
0.00235626
-0.000138316
0.00235288
-0.000246872
0.00235626
-0.000274016
0.00230555
-0.00022611
0.00233254
1.21499e-09
0.00218707
0.000226112
0.00218707
0.000274016
0.00233254
0.000246872
0.00230554
0.000138316
0.00235626
0.00235288
-0.000140806
-0.000140806
0.00263449
-0.000253785
-0.000165636
0.00263488
-0.000283232
-0.000233224
0.00256822
-0.000247307
-0.000276582
0.0025732
1.13859e-09
-0.000420154
0.00235992
0.000247309
-0.000420153
0.00235991
0.000283232
-0.000276578
0.00257319
0.000253785
-0.000233223
0.00256822
0.000140806
-0.000165635
0.00263487
-0.000140806
0.00263449
-0.000165636
-0.000253785
0.00263488
-0.000298653
-0.000298653
0.00260865
-0.000326496
-0.000430996
0.00249735
-0.000323651
-0.000417166
0.00246901
1.77233e-09
-0.000443268
0.00115582
0.000323654
-0.000443266
0.00115582
0.000326496
-0.000417156
0.002469
0.000298652
-0.000430992
0.00249735
0.000165636
-0.000298651
0.00260865
-0.000253784
0.00263487
-0.000233224
-0.000283232
0.00256822
-0.000430996
-0.000326496
0.00249735
-0.000452101
-0.000452101
0.00193697
-0.000394111
-7.17674e-05
-0.000188648
-5.86696e-10
6.42664e-06
-0.0043438
0.000394113
6.42811e-06
-0.0043438
0.000452103
-7.17576e-05
-0.000188623
0.000430993
-0.000452086
0.00193696
0.000233223
-0.000326492
0.00249735
-0.00028323
0.00256822
-0.000276582
-0.000247307
0.0025732
-0.000417166
-0.000323651
0.00246901
-7.17674e-05
-0.000394111
-0.000188648
-2.8223e-05
-2.8223e-05
-0.00462409
-2.85495e-10
7.47435e-05
-0.00861658
2.82223e-05
7.47434e-05
-0.00861658
7.17632e-05
-2.82196e-05
-0.00462405
0.00041716
-0.000394102
-0.00018864
0.000276579
-0.000323647
0.002469
-0.000247306
0.00257319
-0.000420154
1.13522e-09
0.00235992
-0.000443268
1.75906e-09
0.00115582
6.42667e-06
-6.09216e-10
-0.0043438
7.47435e-05
-2.9461e-10
-0.00861658
-2.65165e-11
-2.47592e-11
-0.00877476
-7.47436e-05
-2.8555e-11
-0.00877476
-6.43065e-06
-3.48189e-10
-0.00861658
0.000443257
-1.00678e-09
-0.00434379
0.000420145
1.61029e-09
0.00115583
1.066e-09
0.00235991
-0.000420153
0.000247309
0.00235991
-0.000443266
0.000323654
0.00115582
6.42811e-06
0.000394113
-0.0043438
7.47433e-05
2.82223e-05
-0.00861658
-3.03065e-11
-7.47436e-05
-0.00877476
-7.47433e-05
-7.47433e-05
-0.00877476
-6.43175e-06
2.82188e-05
-0.00861659
0.000443256
0.000394104
-0.00434378
0.000420144
0.000323649
0.00115583
0.000247307
0.00235991
-0.000276578
0.000283232
0.00257319
-0.000417156
0.000326496
0.002469
-7.17575e-05
0.000452103
-0.000188623
-2.82196e-05
7.17632e-05
-0.00462405
-3.38913e-10
-6.43065e-06
-0.00861658
2.82189e-05
-6.43177e-06
-0.00861659
7.17534e-05
7.17534e-05
-0.00462401
0.00041715
0.000452089
-0.000188614
0.000276575
0.000326492
0.002469
0.00028323
0.00257319
-0.000233223
0.000253785
0.00256822
-0.000430992
0.000298652
0.00249735
-0.000452086
0.000430993
0.00193696
-0.000394102
0.00041716
-0.00018864
-9.81453e-10
0.000443257
-0.00434379
0.000394104
0.000443256
-0.00434378
0.000452089
0.00041715
-0.000188614
0.000430989
0.000430989
0.00193696
0.000233221
0.00029865
0.00249734
0.000253784
0.00256821
-0.000165635
0.000140806
0.00263487
-0.000298651
0.000165636
0.00260865
-0.000326492
0.000233223
0.00249735
-0.000323647
0.000276579
0.002469
1.62273e-09
0.000420145
0.00115583
0.000323649
0.000420144
0.00115583
0.000326492
0.000276575
0.002469
0.00029865
0.000233221
0.00249734
0.000165635
0.000165635
0.00260865
0.000140806
0.00263487
-0.000140806
0.00263449
-0.000253784
0.00263487
-0.00028323
0.00256821
-0.000247306
0.00257319
1.06961e-09
0.00235991
0.000247307
0.00235991
0.00028323
0.00257319
0.000253784
0.00256821
0.000140806
0.00263487
0.00263449
-0.000145112
-0.000145112
0.00292471
-0.000264405
-0.000173073
0.00292724
-0.000300772
-0.000258435
0.00286302
-0.00027914
-0.000302279
0.00285384
7.93163e-10
-0.000514525
0.0025953
0.000279141
-0.000514525
0.0025953
0.000300772
-0.000302278
0.00285384
0.000264405
-0.000258435
0.00286302
0.000145112
-0.000173073
0.00292724
-0.000145111
0.00292471
-0.000173073
-0.000264405
0.00292724
-0.000314837
-0.000314837
0.00289218
-0.00036326
-0.000479719
0.00276706
-0.000413829
-0.000370181
0.00258748
6.30934e-10
-0.000460576
0.00068804
0.000413829
-0.000460576
0.000688043
0.00036326
-0.000370177
0.00258747
0.000314836
-0.000479718
0.00276706
0.000173073
-0.000314836
0.00289218
-0.000264405
0.00292724
-0.000258435
-0.000300772
0.00286302
-0.000479719
-0.00036326
0.00276706
-0.00054589
-0.00054589
0.00206931
-0.000539072
8.65411e-06
-0.0005743
-1.26765e-09
1.72688e-05
-0.00536072
0.000539072
1.72685e-05
-0.00536072
0.000545893
8.65727e-06
-0.000574279
0.00047972
-0.000545888
0.0020693
0.000258435
-0.000363258
0.00276705
-0.000300771
0.00286302
-0.000302279
-0.00027914
0.00285384
-0.000370181
-0.000413829
0.00258748
8.65414e-06
-0.000539072
-0.0005743
-1.40256e-05
-1.40257e-05
-0.00457873
-3.16831e-10
3.3722e-05
-0.00864706
1.40234e-05
3.37221e-05
-0.00864706
-8.65725e-06
-1.40256e-05
-0.00457869
0.000370179
-0.000539075
-0.000574289
0.000302278
-0.000413829
0.00258747
-0.000279139
0.00285384
-0.000514525
7.88448e-10
0.0025953
-0.000460576
6.17734e-10
0.00068804
1.72688e-05
-1.29191e-09
-0.00536072
3.3722e-05
-3.27598e-10
-0.00864706
-3.69867e-11
-3.24856e-11
-0.00870732
-3.37221e-05
-3.46641e-11
-0.00870732
-1.72689e-05
-3.40577e-10
-0.00864706
0.000460573
-1.55674e-09
-0.00536071
0.00051452
4.43089e-10
0.000688049
6.9764e-10
0.00259529
-0.000514525
0.000279141
0.0025953
-0.000460576
0.000413829
0.000688043
1.72685e-05
0.000539072
-0.00536072
3.3722e-05
1.40234e-05
-0.00864706
-3.91554e-11
-3.37221e-05
-0.00870732
-3.37221e-05
-3.37221e-05
-0.00870732
-1.72685e-05
1.40233e-05
-0.00864706
0.000460573
0.000539075
-0.0053607
0.00051452
0.000413829
0.000688052
0.00027914
0.00259529
-0.000302278
0.000300772
0.00285384
-0.000370177
0.00036326
0.00258747
8.65731e-06
0.000545893
-0.000574279
-1.40256e-05
-8.65729e-06
-0.00457869
-3.29551e-10
-1.72689e-05
-0.00864706
1.40233e-05
-1.72685e-05
-0.00864706
-8.65987e-06
-8.65989e-06
-0.00457865
0.000370177
0.00054589
-0.000574266
0.000302277
0.000363258
0.00258747
0.000300771
0.00285383
-0.000258435
0.000264405
0.00286302
-0.000479718
0.000314836
0.00276706
-0.000545888
0.00047972
0.00206931
-0.000539075
0.000370179
-0.000574289
-1.53153e-09
0.000460573
-0.00536071
0.000539075
0.000460573
-0.0053607
0.00054589
0.000370177
-0.000574266
0.000479719
0.000479719
0.0020693
0.000258435
0.000314836
0.00276705
0.000264405
0.00286301
-0.000173073
0.000145112
0.00292724
-0.000314836
0.000173073
0.00289218
-0.000363258
0.000258435
0.00276705
-0.000413829
0.000302278
0.00258747
4.56766e-10
0.00051452
0.000688049
0.000413829
0.00051452
0.000688052
0.000363258
0.000302277
0.00258747
0.000314836
0.000258435
0.00276705
0.000173073
0.000173073
0.00289217
0.000145111
0.00292724
-0.000145111
0.00292471
-0.000264405
0.00292724
-0.000300771
0.00286302
-0.000279139
0.00285384
7.02459e-10
0.00259529
0.00027914
0.00259529
0.000300771
0.00285383
0.000264405
0.00286301
0.000145111
0.00292724
0.00292471
-0.000149628
-0.000149628
0.00322397
-0.000275304
-0.000183096
0.00323601
-0.000323513
-0.00028877
0.0032
-0.000319276
-0.000346865
0.00319647
4.1679e-10
-0.000646944
0.00292297
0.000319276
-0.000646944
0.00292297
0.000323513
-0.000346866
0.00319647
0.000275304
-0.000288771
0.0032
0.000149628
-0.000183096
0.00323601
-0.000149628
0.00322397
-0.000183096
-0.000275304
0.00323601
-0.000337698
-0.000337698
0.00320138
-0.000430533
-0.000532279
0.00310341
-0.000543911
-0.000332034
0.00268602
-4.32694e-11
-0.000485581
-1.72337e-05
0.000543911
-0.000485582
-1.72308e-05
0.000430533
-0.000332037
0.00268602
0.000337698
-0.000532282
0.0031034
0.000183096
-0.000337698
0.00320138
-0.000275304
0.00323601
-0.00028877
-0.000323513
0.0032
-0.000532279
-0.000430533
0.00310341
-0.000667363
-0.000667363
0.00233948
-0.00060096
9.30748e-05
-0.00106581
-6.3618e-10
-1.00689e-05
-0.00643719
0.000600959
-1.00691e-05
-0.00643719
0.000667365
9.30736e-05
-0.0010658
0.000532282
-0.000667372
0.00233948
0.000288772
-0.000430535
0.0031034
-0.000323512
0.0032
-0.000346865
-0.000319276
0.00319647
-0.000332034
-0.000543911
0.00268602
9.30748e-05
-0.00060096
-0.00106581
-6.87648e-06
-6.8765e-06
-0.00437883
-2.38044e-10
-1.23249e-05
-0.00865168
6.87535e-06
-1.23248e-05
-0.00865168
-9.30741e-05
-6.87623e-06
-0.00437879
0.000332038
-0.000600968
-0.0010658
0.000346868
-0.000543916
0.00268602
-0.000319275
0.00319647
-0.000646944
4.12941e-10
0.00292297
-0.000485581
-5.42831e-11
-1.72337e-05
-1.00688e-05
-6.42179e-10
-0.00643719
-1.23249e-05
-2.5016e-10
-0.00865168
-5.60446e-11
-4.90806e-11
-0.00873197
1.23249e-05
-5.17515e-11
-0.00873197
1.00696e-05
-2.50784e-10
-0.00865168
0.000485584
-7.46059e-10
-0.00643719
0.000646947
-2.05684e-10
-1.72292e-05
3.13156e-10
0.00292296
-0.000646944
0.000319276
0.00292297
-0.000485582
0.000543911
-1.72307e-05
-1.00691e-05
0.000600959
-0.00643719
-1.23248e-05
6.87534e-06
-0.00865168
-5.8722e-11
1.23249e-05
-0.00873197
1.23248e-05
1.23248e-05
-0.00873197
1.00699e-05
6.87505e-06
-0.00865168
0.000485585
0.000600966
-0.00643719
0.000646947
0.000543915
-1.72263e-05
0.000319276
0.00292296
-0.000346866
0.000323513
0.00319647
-0.000332037
0.000430533
0.00268602
9.30736e-05
0.000667365
-0.00106579
-6.87623e-06
-9.30742e-05
-0.00437879
-2.3838e-10
1.00696e-05
-0.00865168
6.87508e-06
1.00699e-05
-0.00865168
-9.30723e-05
-9.30724e-05
-0.00437875
0.000332041
0.000667374
-0.00106579
0.000346869
0.000430536
0.00268602
0.000323513
0.00319647
-0.000288771
0.000275304
0.0032
-0.000532282
0.000337698
0.0031034
-0.000667372
0.000532282
0.00233948
-0.000600968
0.000332038
-0.0010658
-7.40353e-10
0.000485584
-0.00643719
0.000600966
0.000485585
-0.00643719
0.000667374
0.000332041
-0.00106579
0.000532285
0.000532285
0.00233948
0.000288772
0.000337699
0.0031034
0.000275304
0.00319999
-0.000183096
0.000149628
0.00323601
-0.000337698
0.000183096
0.00320138
-0.000430535
0.000288772
0.0031034
-0.000543916
0.000346868
0.00268602
-1.95163e-10
0.000646947
-1.7229e-05
0.000543915
0.000646947
-1.72262e-05
0.000430536
0.000346869
0.00268602
0.000337699
0.000288772
0.0031034
0.000183096
0.000183096
0.00320138
0.000149628
0.00323601
-0.000149628
0.00322397
-0.000275304
0.00323601
-0.000323512
0.0032
-0.000319275
0.00319647
3.1752e-10
0.00292296
0.000319276
0.00292296
0.000323513
0.00319647
0.000275304
0.00319999
0.000149628
0.00323601
0.00322397
-0.000151906
-0.000151906
0.00352778
-0.000281569
-0.000191955
0.00355763
-0.000345705
-0.000312086
0.00357622
-0.000360507
-0.000395585
0.00360686
1.96463e-10
-0.000741046
0.00330351
0.000360507
-0.000741046
0.00330351
0.000345706
-0.000395587
0.00360686
0.000281569
-0.000312087
0.00357622
0.000151907
-0.000191955
0.00355763
-0.000151907
0.00352778
-0.000191955
-0.000281569
0.00355763
-0.00036076
-0.00036076
0.00353899
-0.000520243
-0.000553213
0.00350402
-0.000669466
-0.000300978
0.00274064
-4.61976e-11
-0.000438317
-0.000989428
0.000669465
-0.000438317
-0.000989425
0.000520243
-0.000300982
0.00274064
0.000360761
-0.000553216
0.00350401
0.000191956
-0.000360761
0.00353899
-0.000281569
0.00355763
-0.000312086
-0.000345705
0.00357622
-0.000553213
-0.000520243
0.00350402
-0.00071625
-0.00071625
0.00266555
-0.000502093
0.000139669
-0.00172062
-5.13717e-10
-7.61941e-05
-0.00730141
0.000502092
-7.61941e-05
-0.0073014
0.000716253
0.000139667
-0.0017206
0.000553215
-0.000716257
0.00266556
0.000312087
-0.000520246
0.00350401
-0.000345706
0.00357622
-0.000395585
-0.000360507
0.00360686
-0.000300978
-0.000669466
0.00274064
0.000139669
-0.000502093
-0.00172062
4.27343e-06
4.27341e-06
-0.00410804
-1.97435e-10
-7.22482e-05
-0.00865135
-4.27394e-06
-7.22481e-05
-0.00865135
-0.000139666
4.274e-06
-0.00410801
0.000300983
-0.000502096
-0.00172062
0.000395588
-0.000669469
0.00274064
-0.000360507
0.00360686
-0.000741046
1.97375e-10
0.00330351
-0.000438317
-4.85505e-11
-0.000989428
-7.61941e-05
-5.09801e-10
-0.00730141
-7.22482e-05
-2.0956e-10
-0.00865135
-5.36406e-11
-4.90763e-11
-0.00887647
7.22483e-05
-5.30305e-11
-0.00887647
7.61949e-05
-2.08681e-10
-0.00865136
0.00043832
-5.30985e-10
-0.00730141
0.00074105
-1.42557e-10
-0.000989429
1.04477e-10
0.0033035
-0.000741046
0.000360507
0.00330351
-0.000438317
0.000669465
-0.000989425
-7.61941e-05
0.000502092
-0.0073014
-7.22481e-05
-4.27396e-06
-0.00865135
-5.76184e-11
7.22483e-05
-0.00887647
7.22482e-05
7.22482e-05
-0.00887647
7.61949e-05
-4.27456e-06
-0.00865136
0.00043832
0.000502096
-0.00730141
0.000741051
0.000669469
-0.000989426
0.000360507
0.00330351
-0.000395587
0.000345706
0.00360686
-0.000300982
0.000520243
0.00274064
0.000139667
0.000716253
-0.0017206
4.274e-06
-0.000139666
-0.00410801
-1.96248e-10
7.61949e-05
-0.00865136
-4.27453e-06
7.61949e-05
-0.00865136
-0.000139664
-0.000139664
-0.00410797
0.000300987
0.00071626
-0.0017206
0.00039559
0.000520247
0.00274064
0.000345706
0.00360686
-0.000312087
0.000281569
0.00357622
-0.000553216
0.000360761
0.00350401
-0.000716257
0.000553215
0.00266556
-0.000502096
0.000300983
-0.00172061
-5.35067e-10
0.00043832
-0.00730141
0.000502096
0.00043832
-0.00730141
0.00071626
0.000300987
-0.0017206
0.000553219
0.000553219
0.00266556
0.000312089
0.000360762
0.00350401
0.000281569
0.00357622
-0.000191955
0.000151907
0.00355763
-0.000360761
0.000191956
0.00353899
-0.000520246
0.000312087
0.00350401
-0.000669469
0.000395588
0.00274064
-1.40279e-10
0.00074105
-0.000989429
0.000669469
0.000741051
-0.000989425
0.000520247
0.00039559
0.00274064
0.000360762
0.000312089
0.00350401
0.000191956
0.000191956
0.00353899
0.000151907
0.00355763
-0.000151907
0.00352778
-0.000281569
0.00355763
-0.000345706
0.00357622
-0.000360507
0.00360686
1.03966e-10
0.0033035
0.000360507
0.00330351
0.000345706
0.00360686
0.000281569
0.00357622
0.000151907
0.00355763
0.00352778
-0.000149183
-0.000149183
0.00382615
-0.000277767
-0.000194675
0.00388089
-0.00035906
-0.000315604
0.00397312
-0.000390569
-0.000417436
0.0040558
9.81003e-11
-0.000708445
0.00362138
0.000390568
-0.000708445
0.00362138
0.000359061
-0.000417437
0.0040558
0.000277767
-0.000315605
0.00397312
0.000149183
-0.000194675
0.00388089
-0.000149183
0.00382615
-0.000194675
-0.000277767
0.00388089
-0.000373488
-0.000373488
0.00389662
-0.000606033
-0.000517609
0.00393856
-0.000718585
-0.000257531
0.00269329
-8.15049e-11
-0.000341619
-0.00207484
0.000718585
-0.000341619
-0.00207484
0.000606034
-0.000257534
0.00269329
0.000373489
-0.000517612
0.00393857
0.000194675
-0.00037349
0.00389662
-0.000277767
0.00388089
-0.000315604
-0.00035906
0.00397312
-0.000517609
-0.000606033
0.00393856
-0.000629808
-0.000629808
0.00288995
-0.000343031
0.000161843
-0.00242677
-2.48428e-10
-0.000177556
-0.0078085
0.000343031
-0.000177556
-0.0078085
0.000629811
0.000161841
-0.00242676
0.000517611
-0.000629811
0.00288996
0.000315606
-0.000606036
0.00393857
-0.000359061
0.00397312
-0.000417436
-0.000390568
0.0040558
-0.000257531
-0.000718585
0.00269329
0.000161843
-0.000343031
-0.00242677
3.24232e-05
3.24232e-05
-0.0038492
-1.47906e-10
-0.000136335
-0.00866015
-3.24233e-05
-0.000136335
-0.00866015
-0.000161839
3.24237e-05
-0.00384917
0.000257534
-0.000343031
-0.00242677
0.000417438
-0.000718587
0.00269329
-0.000390569
0.0040558
-0.000708445
1.04107e-10
0.00362138
-0.000341619
-7.24131e-11
-0.00207484
-0.000177556
-2.47763e-10
-0.0078085
-0.000136335
-1.59938e-10
-0.00866015
5.38634e-11
4.6304e-11
-0.00914914
0.000136335
4.08602e-11
-0.00914914
0.000177556
-1.59509e-10
-0.00866015
0.00034162
-2.50313e-10
-0.0078085
0.000708448
-1.39405e-10
-0.00207484
2.14353e-11
0.00362138
-0.000708445
0.000390568
0.00362138
-0.000341619
0.000718585
-0.00207484
-0.000177556
0.000343031
-0.0078085
-0.000136335
-3.24233e-05
-0.00866015
4.83268e-11
0.000136335
-0.00914914
0.000136335
0.000136335
-0.00914914
0.000177556
-3.24239e-05
-0.00866015
0.00034162
0.000343031
-0.0078085
0.000708448
0.000718586
-0.00207484
0.000390569
0.00362138
-0.000417437
0.000359061
0.0040558
-0.000257534
0.000606034
0.00269329
0.000161841
0.000629811
-0.00242676
3.24237e-05
-0.000161839
-0.00384917
-1.47178e-10
0.000177556
-0.00866015
-3.24239e-05
0.000177556
-0.00866015
-0.000161838
-0.000161838
-0.00384914
0.000257538
0.000629813
-0.00242676
0.000417439
0.000606037
0.00269329
0.000359061
0.0040558
-0.000315605
0.000277767
0.00397312
-0.000517612
0.000373489
0.00393857
-0.000629811
0.000517611
0.00288996
-0.000343031
0.000257534
-0.00242677
-2.50874e-10
0.00034162
-0.0078085
0.000343031
0.00034162
-0.0078085
0.000629814
0.000257538
-0.00242676
0.000517613
0.000517613
0.00288996
0.000315607
0.000373491
0.00393857
0.000277768
0.00397312
-0.000194675
0.000149183
0.00388089
-0.00037349
0.000194675
0.00389662
-0.000606036
0.000315606
0.00393857
-0.000718587
0.000417438
0.00269329
-1.4893e-10
0.000708448
-0.00207484
0.000718586
0.000708448
-0.00207484
0.000606037
0.000417439
0.00269329
0.000373491
0.000315607
0.00393857
0.000194675
0.000194675
0.00389662
0.000149183
0.00388089
-0.000149183
0.00382615
-0.000277767
0.00388089
-0.000359061
0.00397312
-0.000390569
0.0040558
1.35294e-11
0.00362138
0.000390569
0.00362138
0.000359061
0.0040558
0.000277768
0.00397312
0.000149183
0.00388089
0.00382615
-0.000139167
-0.000139167
0.00410449
-0.000259616
-0.000186827
0.00418816
-0.000353881
-0.000288973
0.00435636
-0.00039762
-0.000391197
0.00449074
1.024e-10
-0.000578479
0.00380224
0.00039762
-0.000578479
0.00380224
0.000353882
-0.000391198
0.00449074
0.000259616
-0.000288973
0.00435636
0.000139168
-0.000186827
0.00418816
-0.000139167
0.00410448
-0.000186827
-0.000259616
0.00418816
-0.000364535
-0.000364534
0.00425204
-0.000647103
-0.000429662
0.00436182
-0.000677712
-0.000189053
0.00252175
-8.26282e-11
-0.000258341
-0.00307269
0.000677712
-0.000258341
-0.00307269
0.000647104
-0.000189055
0.00252175
0.000364535
-0.000429663
0.00436182
0.000186827
-0.000364535
0.00425204
-0.000259616
0.00418816
-0.000288973
-0.000353881
0.00435636
-0.000429662
-0.000647103
0.00436182
-0.000462141
-0.000462141
0.00295491
-0.000215712
0.000145589
-0.00300784
-3.25126e-11
-0.000246717
-0.00803584
0.000215712
-0.000246716
-0.00803584
0.000462143
0.000145587
-0.00300783
0.000429663
-0.00046214
0.00295491
0.000288974
-0.000647104
0.00436182
-0.000353881
0.00435636
-0.000391197
-0.00039762
0.00449074
-0.000189053
-0.000677712
0.00252175
0.000145589
-0.000215712
-0.00300784
5.9873e-05
5.9873e-05
-0.00367777
5.03826e-11
-0.000145538
-0.00870146
-5.98729e-05
-0.000145539
-0.00870146
-0.000145585
5.98736e-05
-0.00367775
0.000189054
-0.000215711
-0.00300784
0.000391198
-0.000677711
0.00252175
-0.00039762
0.00449074
-0.000578479
1.13697e-10
0.00380224
-0.000258341
-6.67847e-11
-0.00307269
-0.000246717
-3.33383e-11
-0.00803584
-0.000145538
4.66098e-11
-0.00870146
4.39572e-10
4.07633e-10
-0.00944021
0.000145539
4.0389e-10
-0.00944021
0.000246717
3.8436e-11
-0.00870146
0.000258341
-3.30076e-11
-0.00803584
0.000578479
-1.22259e-10
-0.00307269
4.36609e-11
0.00380224
-0.000578479
0.00039762
0.00380224
-0.000258341
0.000677712
-0.00307269
-0.000246716
0.000215712
-0.00803584
-0.000145539
-5.98729e-05
-0.00870146
4.35754e-10
0.000145538
-0.00944021
0.000145539
0.000145539
-0.00944021
0.000246717
-5.98734e-05
-0.00870146
0.000258341
0.000215712
-0.00803584
0.000578479
0.000677711
-0.00307269
0.00039762
0.00380224
-0.000391198
0.000353882
0.00449074
-0.000189055
0.000647104
0.00252175
0.000145587
0.000462143
-0.00300783
5.98736e-05
-0.000145585
-0.00367775
4.22123e-11
0.000246717
-0.00870146
-5.98735e-05
0.000246717
-0.00870146
-0.000145584
-0.000145584
-0.00367772
0.000189057
0.000462143
-0.00300783
0.000391199
0.000647104
0.00252175
0.000353881
0.00449074
-0.000288973
0.000259616
0.00435636
-0.000429663
0.000364535
0.00436182
-0.000462141
0.000429663
0.00295491
-0.000215711
0.000189054
-0.00300784
-3.20055e-11
0.000258341
-0.00803584
0.000215712
0.000258341
-0.00803584
0.000462143
0.000189057
-0.00300783
0.000429664
0.000429664
0.00295492
0.000288974
0.000364536
0.00436183
0.000259616
0.00435636
-0.000186827
0.000139168
0.00418816
-0.000364535
0.000186827
0.00425204
-0.000647104
0.000288974
0.00436182
-0.000677711
0.000391198
0.00252175
-1.38098e-10
0.000578479
-0.00307269
0.000677711
0.000578479
-0.00307269
0.000647104
0.000391199
0.00252175
0.000364536
0.000288974
0.00436183
0.000186828
0.000186828
0.00425204
0.000139168
0.00418816
-0.000139167
0.00410448
-0.000259616
0.00418816
-0.000353881
0.00435636
-0.00039762
0.00449074
3.11467e-11
0.00380224
0.00039762
0.00380224
0.000353881
0.00449074
0.000259616
0.00435636
0.000139168
0.00418816
0.00410448
-0.000120752
-0.000120752
0.00434599
-0.000225876
-0.000166248
0.00445954
-0.000324898
-0.00023232
0.0046877
-0.000378342
-0.00031275
0.00485693
1.26942e-10
-0.000436024
0.00385992
0.000378342
-0.000436024
0.00385992
0.000324898
-0.00031275
0.00485693
0.000225876
-0.00023232
0.0046877
0.000120752
-0.000166248
0.00445954
-0.000120751
0.00434599
-0.000166248
-0.000225876
0.00445954
-0.00033044
-0.00033044
0.00458042
-0.000613464
-0.000313571
0.0047261
-0.000570052
-0.000119902
0.00228549
-1.12964e-10
-0.000206452
-0.00387231
0.000570052
-0.000206452
-0.00387231
0.000613465
-0.000119903
0.00228549
0.00033044
-0.00031357
0.0047261
0.000166248
-0.000330439
0.00458042
-0.000225876
0.00445954
-0.00023232
-0.000324898
0.0046877
-0.000313571
-0.000613464
0.0047261
-0.000301211
-0.000301211
0.00293019
-0.000138577
9.51451e-05
-0.00338552
1.12261e-10
-0.000278389
-0.00810248
0.000138578
-0.000278389
-0.00810248
0.000301212
9.5144e-05
-0.00338551
0.000313571
-0.000301209
0.00293019
0.00023232
-0.000613463
0.0047261
-0.000324897
0.0046877
-0.00031275
-0.000378342
0.00485693
-0.000119902
-0.000570052
0.00228549
9.51451e-05
-0.000138577
-0.00338552
7.96116e-05
7.96117e-05
-0.0036467
5.22033e-10
-0.000104649
-0.00879558
-7.96109e-05
-0.00010465
-0.00879558
-9.51427e-05
7.96127e-05
-0.00364668
0.000119903
-0.000138577
-0.00338552
0.000312749
-0.000570051
0.00228549
-0.000378341
0.00485693
-0.000436024
1.40704e-10
0.00385992
-0.000206452
-1.02308e-10
-0.00387231
-0.000278389
1.16798e-10
-0.00810248
-0.000104649
5.53247e-10
-0.00879558
7.52841e-10
7.04502e-10
-0.00964951
0.00010465
7.03757e-10
-0.00964951
0.000278389
5.29159e-10
-0.00879558
0.000206452
1.14736e-10
-0.00810248
0.000436023
-1.35272e-10
-0.00387231
8.27219e-11
0.00385993
-0.000436024
0.000378342
0.00385992
-0.000206452
0.000570052
-0.00387231
-0.000278389
0.000138578
-0.00810248
-0.00010465
-7.96108e-05
-0.00879558
7.52021e-10
0.00010465
-0.00964951
0.000104651
0.000104651
-0.00964951
0.000278389
-7.96118e-05
-0.00879558
0.000206452
0.000138577
-0.00810248
0.000436023
0.000570051
-0.00387231
0.000378341
0.00385993
-0.00031275
0.000324898
0.00485693
-0.000119903
0.000613465
0.00228549
9.51439e-05
0.000301212
-0.00338551
7.96127e-05
-9.51427e-05
-0.00364668
4.96554e-10
0.000278389
-0.00879558
-7.96119e-05
0.000278389
-0.00879558
-9.51415e-05
-9.51415e-05
-0.00364666
0.000119904
0.000301211
-0.00338551
0.000312749
0.000613464
0.00228549
0.000324897
0.00485693
-0.00023232
0.000225876
0.0046877
-0.00031357
0.00033044
0.0047261
-0.000301209
0.000313571
0.00293019
-0.000138577
0.000119903
-0.00338552
1.10268e-10
0.000206452
-0.00810248
0.000138577
0.000206452
-0.00810248
0.000301211
0.000119904
-0.00338551
0.000313571
0.000313571
0.0029302
0.00023232
0.00033044
0.0047261
0.000225876
0.0046877
-0.000166248
0.000120752
0.00445954
-0.000330439
0.000166248
0.00458042
-0.000613463
0.00023232
0.0047261
-0.000570051
0.000312749
0.00228549
-1.45491e-10
0.000436023
-0.00387231
0.000570051
0.000436023
-0.00387231
0.000613464
0.000312749
0.00228549
0.00033044
0.00023232
0.0047261
0.000166248
0.000166248
0.00458042
0.000120752
0.00445954
-0.000120751
0.00434599
-0.000225876
0.00445954
-0.000324897
0.0046877
-0.000378341
0.00485693
6.86638e-11
0.00385993
0.000378341
0.00385993
0.000324897
0.00485693
0.000225876
0.0046877
0.000120752
0.00445954
0.00434599
-9.41369e-05
-9.41369e-05
0.00453426
-0.000177577
-0.000132166
0.00467514
-0.000272179
-0.00015544
0.00493774
-0.000337503
-0.000194062
0.00511632
1.13215e-10
-0.000314176
0.0038366
0.000337503
-0.000314176
0.0038366
0.000272179
-0.000194061
0.00511632
0.000177577
-0.000155439
0.00493774
9.41369e-05
-0.000132166
0.00467514
-9.41367e-05
0.00453426
-0.000132166
-0.000177577
0.00467514
-0.000269944
-0.000269944
0.00485598
-0.00051219
-0.000178538
0.00499144
-0.000433089
-5.00719e-05
0.0020624
-1.25051e-10
-0.000192882
-0.0044267
0.00043309
-0.000192882
-0.00442669
0.00051219
-5.00726e-05
0.0020624
0.000269944
-0.000178536
0.00499144
0.000132166
-0.000269943
0.00485598
-0.000177577
0.00467514
-0.00015544
-0.000272179
0.00493774
-0.000178538
-0.00051219
0.00499144
-0.000157503
-0.000157503
0.00288812
-7.72532e-05
3.85664e-05
-0.00355441
1.03544e-10
-0.000286066
-0.00808655
7.72534e-05
-0.000286066
-0.00808655
0.000157503
3.85662e-05
-0.0035544
0.000178538
-0.000157501
0.00288812
0.00015544
-0.000512187
0.00499144
-0.000272178
0.00493774
-0.000194062
-0.000337503
0.00511632
-5.00719e-05
-0.000433089
0.0020624
3.85663e-05
-7.72532e-05
-0.00355441
0.000137897
0.000137897
-0.00384537
-7.25027e-11
-0.000120281
-0.00882347
-0.000137897
-0.000120283
-0.00882347
-3.85656e-05
0.000137899
-0.00384535
5.0072e-05
-7.72525e-05
-0.0035544
0.00019406
-0.000433088
0.0020624
-0.000337502
0.00511632
-0.000314176
1.28535e-10
0.0038366
-0.000192882
-1.16003e-10
-0.0044267
-0.000286066
1.10997e-10
-0.00808655
-0.000120281
-3.65236e-11
-0.00882347
8.30866e-10
7.84802e-10
-0.00989008
0.000120282
7.86166e-10
-0.00989008
0.000286066
-2.72737e-11
-0.00882347
0.000192881
1.1173e-10
-0.00808655
0.000314175
-1.27818e-10
-0.0044267
8.38908e-11
0.0038366
-0.000314176
0.000337503
0.0038366
-0.000192882
0.00043309
-0.00442669
-0.000286066
7.72534e-05
-0.00808655
-0.000120283
-0.000137897
-0.00882347
8.32204e-10
0.000120282
-0.00989008
0.000120283
0.000120283
-0.00989008
0.000286066
-0.000137899
-0.00882347
0.000192881
7.72527e-05
-0.00808655
0.000314175
0.000433088
-0.00442669
0.000337502
0.0038366
-0.000194061
0.000272179
0.00511632
-5.00727e-05
0.00051219
0.0020624
3.85661e-05
0.000157503
-0.0035544
0.000137899
-3.85655e-05
-0.00384535
-6.6917e-11
0.000286066
-0.00882347
-0.000137899
0.000286066
-0.00882347
-3.85653e-05
-3.85653e-05
-0.00384533
5.00728e-05
0.000157502
-0.0035544
0.00019406
0.000512188
0.00206241
0.000272178
0.00511632
-0.000155439
0.000177577
0.00493774
-0.000178536
0.000269944
0.00499144
-0.000157501
0.000178538
0.00288812
-7.72525e-05
5.0072e-05
-0.0035544
1.04372e-10
0.000192881
-0.00808655
7.72527e-05
0.000192881
-0.00808655
0.000157502
5.00728e-05
-0.0035544
0.000178537
0.000178537
0.00288813
0.000155439
0.000269943
0.00499144
0.000177577
0.00493774
-0.000132166
9.41369e-05
0.00467514
-0.000269943
0.000132166
0.00485598
-0.000512188
0.00015544
0.00499144
-0.000433088
0.00019406
0.0020624
-1.36338e-10
0.000314175
-0.0044267
0.000433088
0.000314175
-0.00442669
0.000512188
0.00019406
0.00206241
0.000269943
0.000155439
0.00499144
0.000132166
0.000132166
0.00485598
9.41368e-05
0.00467514
-9.41367e-05
0.00453426
-0.000177577
0.00467514
-0.000272178
0.00493774
-0.000337502
0.00511632
6.89903e-11
0.0038366
0.000337502
0.0038366
0.000272178
0.00511632
0.000177577
0.00493774
9.41368e-05
0.00467514
0.00453426
-6.12766e-05
-6.12766e-05
0.00465682
-0.000118354
-8.64593e-05
0.00481868
-0.000199328
-6.99494e-05
0.00508866
-0.000276162
-6.09066e-05
0.00525406
7.43291e-11
-0.000214743
0.00377518
0.000276162
-0.000214743
0.00377518
0.000199328
-6.0906e-05
0.00525406
0.000118354
-6.99488e-05
0.00508866
6.12766e-05
-8.6459e-05
0.00481868
-6.12764e-05
0.00465681
-8.64593e-05
-0.000118354
0.00481868
-0.000186249
-0.000186249
0.00505556
-0.000360293
-4.28721e-05
0.00513841
-0.000281672
6.37734e-06
0.0019165
-1.18472e-10
-0.000191167
-0.00473194
0.000281672
-0.000191167
-0.00473194
0.000360293
6.37773e-06
0.0019165
0.00018625
-4.28708e-05
0.00513841
8.64593e-05
-0.000186248
0.00505555
-0.000118354
0.00481868
-6.99494e-05
-0.000199328
0.00508866
-4.28721e-05
-0.000360293
0.00513841
-4.4763e-05
-4.4763e-05
0.0028919
-1.14136e-05
-1.90731e-05
-0.0035623
-4.37189e-11
-0.00028343
-0.0080057
1.14135e-05
-0.00028343
-0.0080057
4.47629e-05
-1.90717e-05
-0.0035623
4.28718e-05
-4.47619e-05
0.0028919
6.9949e-05
-0.000360291
0.00513841
-0.000199326
0.00508866
-6.09066e-05
-0.000276162
0.00525406
6.37735e-06
-0.000281672
0.0019165
-1.90731e-05
-1.14135e-05
-0.0035623
0.000146118
0.000146118
-0.00417575
-5.42606e-10
-0.000187651
-0.00877313
-0.000146119
-0.000187652
-0.00877313
1.90719e-05
0.00014612
-0.00417573
-6.37814e-06
-1.14129e-05
-0.0035623
6.09056e-05
-0.000281671
0.0019165
-0.000276161
0.00525406
-0.000214743
8.85781e-11
0.00377518
-0.000191167
-1.09625e-10
-0.00473194
-0.00028343
-3.44302e-11
-0.0080057
-0.000187651
-5.17507e-10
-0.00877313
3.0629e-10
2.8623e-10
-0.0102654
0.000187651
2.75045e-10
-0.0102654
0.00028343
-4.87563e-10
-0.00877313
0.000191166
-2.47222e-11
-0.0080057
0.000214742
-1.03461e-10
-0.00473194
5.81999e-11
0.00377518
-0.000214743
0.000276162
0.00377518
-0.000191167
0.000281672
-0.00473194
-0.00028343
1.14135e-05
-0.0080057
-0.000187652
-0.000146119
-0.00877313
2.95307e-10
0.000187651
-0.0102654
0.000187651
0.000187651
-0.0102654
0.000283429
-0.000146122
-0.00877312
0.000191166
1.14129e-05
-0.0080057
0.000214742
0.000281671
-0.00473194
0.000276161
0.00377518
-6.0906e-05
0.000199328
0.00525406
6.37763e-06
0.000360293
0.0019165
-1.90719e-05
4.47629e-05
-0.0035623
0.00014612
1.90721e-05
-0.00417573
-5.12639e-10
0.00028343
-0.00877313
-0.000146122
0.000283429
-0.00877312
1.90709e-05
1.90709e-05
-0.00417572
-6.37833e-06
4.47618e-05
-0.0035623
6.09051e-05
0.000360292
0.0019165
0.000199327
0.00525406
-6.99488e-05
0.000118354
0.00508866
-4.28708e-05
0.00018625
0.00513841
-4.47619e-05
4.28719e-05
0.0028919
-1.14129e-05
-6.37804e-06
-0.0035623
-3.3755e-11
0.000191166
-0.0080057
1.14129e-05
0.000191166
-0.0080057
4.47619e-05
-6.37834e-06
-0.0035623
4.28706e-05
4.28706e-05
0.00289191
6.99485e-05
0.000186249
0.00513841
0.000118354
0.00508866
-8.64591e-05
6.12766e-05
0.00481868
-0.000186248
8.64593e-05
0.00505556
-0.000360291
6.9949e-05
0.00513841
-0.000281671
6.09056e-05
0.0019165
-1.11901e-10
0.000214742
-0.00473194
0.000281671
0.000214742
-0.00473194
0.000360292
6.09051e-05
0.0019165
0.000186249
6.99485e-05
0.00513841
8.64591e-05
8.64591e-05
0.00505555
6.12764e-05
0.00481868
-6.12764e-05
0.00465681
-0.000118354
0.00481868
-0.000199326
0.00508866
-0.000276161
0.00525406
4.45562e-11
0.00377518
0.000276161
0.00377518
0.000199327
0.00525406
0.000118354
0.00508866
6.12764e-05
0.00481868
0.00465681
-2.65193e-05
-2.65193e-05
0.00470985
-5.43581e-05
-3.30676e-05
0.00487959
-0.000114728
9.72851e-06
0.0051393
-0.000201204
5.58555e-05
0.00528468
3.94573e-11
-0.000123192
0.00369716
0.000201204
-0.000123192
0.00369717
0.000114728
5.58564e-05
0.00528468
5.4358e-05
9.72893e-06
0.0051393
2.65193e-05
-3.30674e-05
0.00487959
-2.65191e-05
0.00470985
-3.30676e-05
-5.43581e-05
0.00487959
-8.60038e-05
-8.60037e-05
0.00516143
-0.000190963
7.79677e-05
0.00517513
-0.000147628
6.04299e-05
0.00186859
-7.53347e-11
-0.000175923
-0.00482684
0.000147628
-0.000175922
-0.00482684
0.000190963
6.04311e-05
0.00186859
8.60038e-05
7.79686e-05
0.00517513
3.30676e-05
-8.60029e-05
0.00516143
-5.43576e-05
0.00487959
9.72851e-06
-0.000114728
0.0051393
7.79677e-05
-0.000190962
0.00517513
4.97347e-05
4.97347e-05
0.00294836
5.94735e-05
-7.75575e-05
-0.00343406
-2.86434e-10
-0.000288581
-0.00783356
-5.9474e-05
-0.000288581
-0.00783356
-4.97354e-05
-7.75558e-05
-0.00343405
-7.79682e-05
4.97355e-05
0.00294837
-9.72876e-06
-0.000190961
0.00517513
-0.000114727
0.0051393
5.58555e-05
-0.000201204
0.00528468
6.04299e-05
-0.000147628
0.00186859
-7.75575e-05
5.94735e-05
-0.00343406
0.000113533
0.000113533
-0.00455793
-6.37063e-10
-0.000181551
-0.00876663
-0.000113535
-0.000181551
-0.00876662
7.75556e-05
0.000113536
-0.00455791
-6.04311e-05
5.94741e-05
-0.00343405
-5.58561e-05
-0.000147628
0.00186859
-0.000201203
0.00528468
-0.000123192
5.1952e-11
0.00369716
-0.000175923
-7.09656e-11
-0.00482684
-0.000288581
-2.67468e-10
-0.00783356
-0.000181551
-6.1196e-10
-0.00876663
-5.09494e-10
-5.29987e-10
-0.0106285
0.000181549
-5.35009e-10
-0.0106285
0.00028858
-5.73146e-10
-0.00876662
0.000175922
-2.44659e-10
-0.00783356
0.000123191
-5.13891e-11
-0.00482684
3.29245e-11
0.00369717
-0.000123192
0.000201204
0.00369717
-0.000175922
0.000147628
-0.00482684
-0.000288581
-5.9474e-05
-0.00783356
-0.000181551
-0.000113535
-0.00876662
-5.14431e-10
0.000181549
-0.0106285
0.000181549
0.000181549
-0.0106285
0.00028858
-0.000113537
-0.00876662
0.000175922
-5.94745e-05
-0.00783356
0.000123191
0.000147628
-0.00482684
0.000201203
0.00369717
5.58564e-05
0.000114728
0.00528468
6.0431e-05
0.000190963
0.00186859
-7.75559e-05
-4.97354e-05
-0.00343405
0.000113535
7.75557e-05
-0.00455791
-5.98411e-10
0.00028858
-0.00876662
-0.000113537
0.00028858
-0.00876662
7.75543e-05
7.75543e-05
-0.0045579
-6.04321e-05
-4.97362e-05
-0.00343405
-5.5857e-05
0.000190962
0.00186859
0.000114727
0.00528468
9.72892e-06
5.4358e-05
0.0051393
7.79685e-05
8.60038e-05
0.00517513
4.97355e-05
-7.79682e-05
0.00294837
5.94741e-05
-6.0431e-05
-0.00343405
-2.63234e-10
0.000175922
-0.00783356
-5.94745e-05
0.000175922
-0.00783356
-4.97361e-05
-6.04321e-05
-0.00343405
-7.7969e-05
-7.7969e-05
0.00294838
-9.72916e-06
8.6003e-05
0.00517513
5.43575e-05
0.0051393
-3.30674e-05
2.65193e-05
0.00487959
-8.60029e-05
3.30676e-05
0.00516143
-0.000190961
-9.72875e-06
0.00517513
-0.000147628
-5.58561e-05
0.00186859
-5.56764e-11
0.000123191
-0.00482684
0.000147628
0.000123191
-0.00482684
0.000190962
-5.5857e-05
0.00186859
8.6003e-05
-9.72916e-06
0.00517513
3.30674e-05
3.30674e-05
0.00516143
2.65191e-05
0.00487958
-2.65191e-05
0.00470985
-5.43576e-05
0.00487959
-0.000114727
0.0051393
-0.000201203
0.00528468
2.09135e-11
0.00369717
0.000201203
0.00369717
0.000114727
0.00528468
5.43575e-05
0.0051393
2.65191e-05
0.00487958
0.00470985
9.73607e-06
9.73609e-06
0.00469038
1.38535e-05
2.08044e-05
0.00485466
-2.73455e-05
8.44905e-05
0.00509601
-0.000127462
0.000173936
0.00521086
-8.57938e-12
-3.76912e-05
0.00360739
0.000127462
-3.76912e-05
0.0036074
2.73455e-05
0.000173936
0.00521086
-1.38536e-05
8.44907e-05
0.00509601
-9.73606e-06
2.08045e-05
0.00485466
9.73621e-06
0.00469038
2.08044e-05
1.38535e-05
0.00485466
2.40089e-05
2.40089e-05
0.00515502
-3.61748e-05
0.000183022
0.00513678
-3.90053e-05
0.000119457
0.0019259
-2.45426e-11
-0.000148786
-0.00475475
3.90054e-05
-0.000148786
-0.00475475
3.61749e-05
0.000119458
0.0019259
-2.40089e-05
0.000183022
0.00513678
-2.08044e-05
2.40092e-05
0.00515502
1.38538e-05
0.00485466
8.44905e-05
-2.73455e-05
0.00509601
0.000183022
-3.61747e-05
0.00513678
0.000145721
0.000145721
0.00302297
0.000114781
-8.61069e-05
-0.00319755
-5.42097e-10
-0.000263164
-0.00760441
-0.000114782
-0.000263163
-0.00760441
-0.000145722
-8.61058e-05
-0.00319755
-0.000183022
0.000145722
0.00302297
-8.44905e-05
-3.61744e-05
0.00513678
-2.73449e-05
0.00509601
0.000173936
-0.000127462
0.00521086
0.000119457
-3.90052e-05
0.0019259
-8.61069e-05
0.000114781
-0.00319755
7.46842e-05
7.46842e-05
-0.00487951
-1.17982e-09
-0.000111172
-0.00884394
-7.46865e-05
-0.000111172
-0.00884393
8.61055e-05
7.4686e-05
-0.0048795
-0.000119458
0.000114782
-0.00319755
-0.000173936
-3.90052e-05
0.0019259
-0.000127461
0.00521086
-3.76912e-05
2.14865e-12
0.00360739
-0.000148786
-1.60978e-11
-0.00475475
-0.000263164
-5.13554e-10
-0.00760441
-0.000111172
-1.12086e-09
-0.00884394
-8.8267e-10
-9.21839e-10
-0.0108508
0.00011117
-9.16376e-10
-0.0108508
0.000263163
-1.04733e-09
-0.00884393
0.000148785
-4.7341e-10
-0.0076044
3.76907e-05
9.13443e-12
-0.00475475
-6.94797e-12
0.0036074
-3.76911e-05
0.000127462
0.0036074
-0.000148786
3.90054e-05
-0.00475475
-0.000263163
-0.000114782
-0.00760441
-0.000111172
-7.46864e-05
-0.00884393
-8.77223e-10
0.00011117
-0.0108508
0.000111169
0.00011117
-0.0108508
0.000263162
-7.46881e-05
-0.00884392
0.000148785
-0.000114783
-0.0076044
3.76906e-05
3.90053e-05
-0.00475475
0.000127462
0.0036074
0.000173936
2.73454e-05
0.00521086
0.000119458
3.61749e-05
0.0019259
-8.61059e-05
-0.000145722
-0.00319755
7.46859e-05
8.61056e-05
-0.0048795
-1.1067e-09
0.000263163
-0.00884393
-7.46881e-05
0.000263162
-0.00884392
8.61047e-05
8.61047e-05
-0.00487949
-0.000119459
-0.000145723
-0.00319755
-0.000173936
3.61746e-05
0.0019259
2.73449e-05
0.00521086
8.44907e-05
-1.38536e-05
0.00509601
0.000183022
-2.40089e-05
0.00513678
0.000145722
-0.000183022
0.00302297
0.000114782
-0.000119458
-0.00319755
-5.01539e-10
0.000148785
-0.0076044
-0.000114783
0.000148785
-0.00760441
-0.000145723
-0.000119459
-0.00319755
-0.000183023
-0.000183023
0.00302298
-8.44907e-05
-2.40092e-05
0.00513678
-1.38538e-05
0.00509601
2.08045e-05
-9.73606e-06
0.00485466
2.40092e-05
-2.08044e-05
0.00515502
-3.61745e-05
-8.44905e-05
0.00513678
-3.90052e-05
-0.000173936
0.0019259
6.03213e-12
3.76907e-05
-0.00475475
3.90053e-05
3.76906e-05
-0.00475475
3.61746e-05
-0.000173936
0.0019259
-2.40092e-05
-8.44906e-05
0.00513678
-2.08044e-05
-2.08044e-05
0.00515502
-9.73619e-06
0.00485466
9.73621e-06
0.00469038
1.38538e-05
0.00485466
-2.73449e-05
0.00509601
-0.000127462
0.00521086
-2.17866e-11
0.0036074
0.000127462
0.0036074
2.73448e-05
0.00521086
-1.38539e-05
0.00509601
-9.73619e-06
0.00485466
0.00469038
4.67191e-05
4.67191e-05
0.00459694
7.57107e-05
7.47223e-05
0.00475095
5.75676e-05
0.00015028
0.00496388
-6.29457e-05
0.000283905
0.00504747
-1.03692e-10
6.29785e-05
0.00348147
6.29456e-05
6.29785e-05
0.00348147
-5.75677e-05
0.000283905
0.00504747
-7.57108e-05
0.00015028
0.00496388
-4.6719e-05
7.47222e-05
0.00475095
4.67191e-05
0.00459694
7.47223e-05
7.57108e-05
0.00475095
0.000123545
0.000123545
0.00505737
0.000111358
0.000278467
0.00502078
6.67946e-05
0.000224934
0.00202943
-3.2591e-12
-5.88716e-05
-0.00456611
-6.67946e-05
-5.88712e-05
-0.00456611
-0.000111358
0.000224934
0.00202943
-0.000123545
0.000278467
0.00502078
-7.47222e-05
0.000123544
0.00505737
7.57108e-05
0.00475095
0.00015028
5.75677e-05
0.00496388
0.000278467
0.000111358
0.00502078
0.000243145
0.000243145
0.00309361
0.00014858
-3.12773e-05
-0.00284678
-6.6752e-10
-0.000141865
-0.00737283
-0.000148581
-0.000141865
-0.00737283
-0.000243146
-3.1277e-05
-0.00284677
-0.000278467
0.000243145
0.00309362
-0.00015028
0.000111357
0.00502078
5.75678e-05
0.00496387
0.000283905
-6.29456e-05
0.00504747
0.000224934
6.67948e-05
0.00202943
-3.12773e-05
0.00014858
-0.00284678
4.16252e-05
4.16252e-05
-0.00502532
-1.41537e-09
-2.71949e-05
-0.00891698
-4.16275e-05
-2.71948e-05
-0.00891697
3.12769e-05
4.16266e-05
-0.00502531
-0.000224934
0.000148581
-0.00284677
-0.000283904
6.67941e-05
0.00202943
-6.29455e-05
0.00504747
6.29786e-05
-1.00003e-10
0.00348147
-5.88715e-05
1.52552e-11
-0.00456611
-0.000141865
-6.32835e-10
-0.00737283
-2.71948e-05
-1.35096e-09
-0.00891698
-8.48692e-10
-9.07882e-10
-0.0109052
2.7193e-05
-8.99902e-10
-0.0109052
0.000141865
-1.26698e-09
-0.00891697
5.88711e-05
-5.87232e-10
-0.00737283
-6.29785e-05
3.50129e-11
-0.00456611
-9.85267e-11
0.00348147
6.29785e-05
6.29456e-05
0.00348147
-5.8871e-05
-6.67945e-05
-0.00456611
-0.000141865
-0.000148581
-0.00737283
-2.71947e-05
-4.16274e-05
-0.00891697
-8.40874e-10
2.7193e-05
-0.0109052
2.71929e-05
2.71929e-05
-0.0109052
0.000141864
-4.16287e-05
-0.00891697
5.88707e-05
-0.000148582
-0.00737283
-6.29784e-05
-6.67939e-05
-0.00456611
6.29454e-05
0.00348148
0.000283905
-5.75677e-05
0.00504747
0.000224934
-0.000111358
0.00202943
-3.1277e-05
-0.000243146
-0.00284677
4.16265e-05
3.12769e-05
-0.00502531
-1.33181e-09
0.000141865
-0.00891697
-4.16287e-05
0.000141865
-0.00891697
3.12766e-05
3.12766e-05
-0.0050253
-0.000224934
-0.000243146
-0.00284677
-0.000283904
-0.000111357
0.00202943
-5.75679e-05
0.00504747
0.00015028
-7.57108e-05
0.00496388
0.000278467
-0.000123545
0.00502078
0.000243145
-0.000278467
0.00309362
0.000148581
-0.000224934
-0.00284677
-6.21357e-10
5.88711e-05
-0.00737283
-0.000148582
5.88707e-05
-0.00737283
-0.000243146
-0.000224934
-0.00284677
-0.000278467
-0.000278467
0.00309362
-0.00015028
-0.000123544
0.00502078
-7.57108e-05
0.00496387
7.47222e-05
-4.6719e-05
0.00475095
0.000123544
-7.47222e-05
0.00505737
0.000111357
-0.00015028
0.00502078
6.6794e-05
-0.000283904
0.00202943
1.60089e-11
-6.29785e-05
-0.00456611
-6.67939e-05
-6.29785e-05
-0.00456611
-0.000111357
-0.000283904
0.00202943
-0.000123544
-0.00015028
0.00502078
-7.47221e-05
-7.47221e-05
0.00505737
-4.6719e-05
0.00475095
4.67191e-05
0.00459694
7.57107e-05
0.00475095
5.75678e-05
0.00496387
-6.29455e-05
0.00504747
-1.00369e-10
0.00348147
6.29454e-05
0.00348148
-5.75679e-05
0.00504747
-7.57108e-05
0.00496387
-4.6719e-05
0.00475095
0.00459694
8.05784e-05
8.05784e-05
0.00443579
0.00013214
0.000124513
0.00457488
0.000133608
0.000209297
0.00475311
-9.09546e-06
0.000387129
0.00480304
-2.08333e-10
0.000182089
0.00329029
9.09524e-06
0.000182089
0.00329029
-0.000133608
0.000387129
0.00480304
-0.00013214
0.000209297
0.00475311
-8.05783e-05
0.000124513
0.00457487
8.05783e-05
0.00443579
0.000124513
0.00013214
0.00457488
0.000218143
0.000218143
0.00487012
0.000250417
0.000369151
0.00482865
0.000178838
0.000368311
0.00211983
-6.99669e-11
9.47681e-05
-0.00429995
-0.000178839
9.47679e-05
-0.00429995
-0.000250417
0.000368311
0.00211983
-0.000218143
0.000369151
0.00482865
-0.000124513
0.000218142
0.00487011
0.00013214
0.00457487
0.000209297
0.000133608
0.00475311
0.000369151
0.000250417
0.00482865
0.000350858
0.000350858
0.0031302
0.000190951
9.76932e-05
-0.00241625
-5.85506e-10
3.05296e-05
-0.00711764
-0.000190952
3.05294e-05
-0.00711764
-0.000350858
9.76925e-05
-0.00241625
-0.000369151
0.000350858
0.0031302
-0.000209297
0.000250415
0.00482865
0.000133608
0.00475311
0.000387129
-9.0954e-06
0.00480304
0.000368311
0.000178839
0.00211983
9.76932e-05
0.000190951
-0.00241625
7.20227e-05
7.20228e-05
-0.00497397
-1.03096e-09
6.36899e-05
-0.00887812
-7.20238e-05
6.369e-05
-0.00887811
-9.76924e-05
7.2023e-05
-0.00497397
-0.00036831
0.000190952
-0.00241625
-0.000387128
0.000178837
0.00211983
-9.09572e-06
0.00480304
0.000182089
-2.12126e-10
0.00329029
9.47682e-05
1.12379e-11
-0.00429995
3.05298e-05
-5.45049e-10
-0.00711764
6.369e-05
-1.01255e-09
-0.00887812
-6.99095e-10
-7.68444e-10
-0.0107778
-6.36913e-05
-7.5759e-10
-0.0107778
-3.053e-05
-9.72777e-10
-0.00887811
-9.47678e-05
-5.11769e-10
-0.00711764
-0.000182088
1.77208e-11
-0.00429995
-2.02519e-10
0.00329029
0.000182089
9.09523e-06
0.00329029
9.4768e-05
-0.000178839
-0.00429995
3.05295e-05
-0.000190952
-0.00711764
6.36901e-05
-7.20239e-05
-0.00887811
-6.88664e-10
-6.36913e-05
-0.0107778
-6.36915e-05
-6.36914e-05
-0.0107778
-3.05298e-05
-7.20241e-05
-0.0088781
-9.47677e-05
-0.000190952
-0.00711764
-0.000182088
-0.000178837
-0.00429995
9.09554e-06
0.00329029
0.000387129
-0.000133608
0.00480304
0.000368311
-0.000250417
0.00211983
9.76925e-05
-0.000350858
-0.00241625
7.2023e-05
-9.76925e-05
-0.00497397
-9.91403e-10
-3.053e-05
-0.00887811
-7.20241e-05
-3.05298e-05
-0.0088781
-9.76918e-05
-9.76918e-05
-0.00497396
-0.00036831
-0.000350858
-0.00241625
-0.000387128
-0.000250415
0.00211983
-0.000133608
0.00480304
0.000209297
-0.00013214
0.00475311
0.000369151
-0.000218143
0.00482865
0.000350858
-0.000369151
0.0031302
0.000190952
-0.00036831
-0.00241625
-5.51535e-10
-9.47678e-05
-0.00711764
-0.000190952
-9.47677e-05
-0.00711764
-0.000350858
-0.00036831
-0.00241625
-0.00036915
-0.00036915
0.0031302
-0.000209297
-0.000218142
0.00482865
-0.00013214
0.00475311
0.000124513
-8.05783e-05
0.00457487
0.000218142
-0.000124513
0.00487011
0.000250415
-0.000209297
0.00482865
0.000178837
-0.000387128
0.00211983
-5.89513e-11
-0.000182088
-0.00429995
-0.000178837
-0.000182088
-0.00429995
-0.000250415
-0.000387128
0.00211983
-0.000218142
-0.000209297
0.00482865
-0.000124513
-0.000124513
0.00487011
-8.05783e-05
0.00457487
8.05783e-05
0.00443579
0.00013214
0.00457487
0.000133608
0.00475311
-9.09576e-06
0.00480304
-1.98278e-10
0.00329029
9.09553e-06
0.00329029
-0.000133608
0.00480304
-0.00013214
0.00475311
-8.05783e-05
0.00457487
0.00443579
0.000108678
0.000108678
0.00421843
0.00017926
0.000167113
0.00433718
0.000196336
0.00025979
0.00447624
4.01372e-05
0.000477332
0.00448191
-2.42494e-10
0.000291505
0.00303892
-4.01376e-05
0.000291505
0.00303892
-0.000196336
0.000477331
0.00448191
-0.00017926
0.00025979
0.00447624
-0.000108678
0.000167112
0.00433718
0.000108678
0.00421843
0.000167113
0.00017926
0.00433718
0.000300927
0.000300927
0.00460249
0.000366999
0.00045284
0.00456953
0.000273822
0.000518589
0.00217175
-1.40598e-10
0.000230815
-0.00396544
-0.000273822
0.000230815
-0.00396544
-0.000366999
0.000518588
0.00217175
-0.000300927
0.000452839
0.00456953
-0.000167113
0.000300927
0.00460249
0.00017926
0.00433718
0.00025979
0.000196336
0.00447624
0.00045284
0.000366999
0.00456953
0.000460626
0.000460626
0.00311463
0.000256218
0.000270642
-0.0019639
-4.62889e-10
0.000188307
-0.00681891
-0.000256219
0.000188306
-0.00681891
-0.000460626
0.00027064
-0.0019639
-0.000452839
0.000460626
0.00311463
-0.00025979
0.000366998
0.00456953
0.000196336
0.00447624
0.000477332
4.01373e-05
0.00448191
0.000518589
0.000273822
0.00217175
0.000270642
0.000256218
-0.0019639
0.000162648
0.000162648
-0.00475799
-7.96352e-10
0.000160972
-0.00868813
-0.000162648
0.000160972
-0.00868813
-0.000270641
0.000162647
-0.00475798
-0.000518588
0.000256219
-0.0019639
-0.000477331
0.000273821
0.00217175
4.01367e-05
0.00448191
0.000291505
-2.31163e-10
0.00303892
0.000230816
-6.90448e-11
-0.00396544
0.000188307
-4.24737e-10
-0.00681891
0.000160972
-7.99652e-10
-0.00868813
-6.57548e-10
-7.14167e-10
-0.0104559
-0.000160973
-6.99507e-10
-0.0104559
-0.000188307
-7.88944e-10
-0.00868813
-0.000230815
-4.05648e-10
-0.00681891
-0.000291505
-6.57588e-11
-0.00396544
-2.26303e-10
0.00303892
0.000291505
-4.01376e-05
0.00303892
0.000230815
-0.000273822
-0.00396544
0.000188306
-0.000256219
-0.00681891
0.000160972
-0.000162648
-0.00868813
-6.43474e-10
-0.000160973
-0.0104559
-0.000160974
-0.000160973
-0.0104559
-0.000188306
-0.000162648
-0.00868812
-0.000230815
-0.000256219
-0.00681891
-0.000291505
-0.000273822
-0.00396544
-4.0137e-05
0.00303892
0.000477331
-0.000196336
0.00448191
0.000518588
-0.000366999
0.00217175
0.000270641
-0.000460626
-0.0019639
0.000162647
-0.000270641
-0.00475798
-7.85782e-10
-0.000188307
-0.00868813
-0.000162648
-0.000188306
-0.00868812
-0.00027064
-0.00027064
-0.00475798
-0.000518587
-0.000460625
-0.0019639
-0.000477331
-0.000366998
0.00217175
-0.000196336
0.00448191
0.00025979
-0.00017926
0.00447624
0.000452839
-0.000300927
0.00456953
0.000460626
-0.000452839
0.00311463
0.000256219
-0.000518588
-0.0019639
-4.43546e-10
-0.000230815
-0.00681891
-0.000256219
-0.000230815
-0.00681891
-0.000460625
-0.000518587
-0.0019639
-0.000452838
-0.000452838
0.00311463
-0.000259789
-0.000300926
0.00456953
-0.00017926
0.00447624
0.000167112
-0.000108678
0.00433718
0.000300927
-0.000167113
0.00460249
0.000366998
-0.00025979
0.00456953
0.000273821
-0.000477331
0.00217175
-1.357e-10
-0.000291504
-0.00396544
-0.000273822
-0.000291505
-0.00396544
-0.000366998
-0.000477331
0.00217175
-0.000300926
-0.000259789
0.00456953
-0.000167112
-0.000167112
0.00460249
-0.000108678
0.00433718
0.000108678
0.00421843
0.00017926
0.00433718
0.000196336
0.00447624
4.01366e-05
0.00448191
-2.37358e-10
0.00303892
-4.0137e-05
0.00303892
-0.000196336
0.00448191
-0.00017926
0.00447624
-0.000108678
0.00433718
0.00421843
0.000131334
0.000131334
0.00395576
0.000216148
0.000201145
0.00405122
0.000245001
0.000298857
0.00414853
8.1245e-05
0.000545962
0.0040997
-2.5098e-10
0.000385806
0.00273436
-8.12455e-05
0.000385806
0.00273436
-0.000245001
0.000545962
0.0040997
-0.000216148
0.000298856
0.00414853
-0.000131334
0.000201145
0.00405122
0.000131334
0.00395576
0.000201145
0.000216148
0.00405122
0.000365635
0.000365635
0.00427351
0.000454272
0.000523016
0.00425673
0.000350231
0.000653552
0.0021682
-2.84754e-10
0.000359676
-0.00358908
-0.000350231
0.000359676
-0.00358907
-0.000454272
0.000653551
0.0021682
-0.000365635
0.000523015
0.00425673
-0.000201145
0.000365635
0.00427351
0.000216147
0.00405122
0.000298857
0.000245001
0.00414853
0.000523016
0.000454272
0.00425673
0.000562887
0.000562887
0.00303488
0.000335038
0.000455298
-0.00153779
-3.60402e-10
0.000320557
-0.00644476
-0.000335038
0.000320557
-0.00644476
-0.000562887
0.000455296
-0.00153779
-0.000523015
0.000562887
0.00303488
-0.000298856
0.000454272
0.00425673
0.000245
0.00414853
0.000545962
8.12451e-05
0.0040997
0.000653552
0.000350231
0.0021682
0.000455298
0.000335038
-0.00153779
0.000287656
0.000287656
-0.0044227
-6.49267e-10
0.000246916
-0.00832684
-0.000287657
0.000246916
-0.00832683
-0.000455297
0.000287655
-0.0044227
-0.000653552
0.000335038
-0.00153779
-0.000545962
0.000350231
0.0021682
8.12445e-05
0.0040997
0.000385806
-2.23295e-10
0.00273436
0.000359676
-2.6011e-10
-0.00358908
0.000320557
-3.3691e-10
-0.00644476
0.000246917
-6.53862e-10
-0.00832684
-5.34083e-10
-5.86408e-10
-0.00996205
-0.000246918
-5.81981e-10
-0.00996205
-0.000320557
-6.53229e-10
-0.00832683
-0.000359676
-3.23771e-10
-0.00644475
-0.000385806
-2.4423e-10
-0.00358908
-2.20399e-10
0.00273436
0.000385806
-8.12455e-05
0.00273436
0.000359676
-0.000350232
-0.00358907
0.000320557
-0.000335038
-0.00644476
0.000246916
-0.000287657
-0.00832683
-5.30041e-10
-0.000246918
-0.00996205
-0.000246918
-0.000246917
-0.00996205
-0.000320557
-0.000287656
-0.00832683
-0.000359676
-0.000335039
-0.00644475
-0.000385806
-0.000350232
-0.00358908
-8.12449e-05
0.00273436
0.000545962
-0.000245001
0.0040997
0.000653551
-0.000454272
0.0021682
0.000455296
-0.000562887
-0.00153779
0.000287655
-0.000455297
-0.0044227
-6.48873e-10
-0.000320557
-0.00832683
-0.000287656
-0.000320557
-0.00832683
-0.000455296
-0.000455296
-0.0044227
-0.000653551
-0.000562887
-0.00153779
-0.000545962
-0.000454272
0.0021682
-0.000245
0.0040997
0.000298856
-0.000216148
0.00414853
0.000523015
-0.000365635
0.00425673
0.000562887
-0.000523015
0.00303488
0.000335038
-0.000653552
-0.00153779
-3.47963e-10
-0.000359676
-0.00644476
-0.000335039
-0.000359676
-0.00644476
-0.000562887
-0.000653551
-0.00153779
-0.000523014
-0.000523014
0.00303489
-0.000298856
-0.000365635
0.00425674
-0.000216147
0.00414853
0.000201145
-0.000131334
0.00405122
0.000365635
-0.000201145
0.00427351
0.000454272
-0.000298856
0.00425673
0.000350231
-0.000545962
0.0021682
-2.68391e-10
-0.000385806
-0.00358908
-0.000350232
-0.000385806
-0.00358908
-0.000454272
-0.000545962
0.0021682
-0.000365635
-0.000298856
0.00425674
-0.000201144
-0.000201144
0.00427351
-0.000131334
0.00405122
0.000131334
0.00395576
0.000216147
0.00405122
0.000245
0.00414853
8.12445e-05
0.0040997
-2.47655e-10
0.00273436
-8.12449e-05
0.00273436
-0.000245
0.0040997
-0.000216147
0.00414853
-0.000131334
0.00405122
0.00395576
0.000147591
0.000147591
0.00366058
0.000241896
0.000225058
0.00373186
0.000278842
0.000324032
0.00378756
0.00011238
0.000588157
0.00367801
-2.61204e-10
0.000454305
0.00239243
-0.000112381
0.000454306
0.00239243
-0.000278843
0.000588157
0.00367801
-0.000241896
0.000324031
0.00378756
-0.000147591
0.000225057
0.00373186
0.000147591
0.00366058
0.000225058
0.000241896
0.00373186
0.000409262
0.000409262
0.0039051
0.000510847
0.000571858
0.00390732
0.000405813
0.000756459
0.00210493
-3.78655e-10
0.000468157
-0.00319711
-0.000405814
0.000468157
-0.00319711
-0.000510847
0.000756458
0.00210493
-0.000409262
0.000571857
0.00390732
-0.000225057
0.000409262
0.0039051
0.000241896
0.00373186
0.000324032
0.000278842
0.00378756
0.000571858
0.000510847
0.00390732
0.000643652
0.000643652
0.00289129
0.000415691
0.000593828
-0.0011472
-2.6434e-10
0.000428189
-0.0059891
-0.000415691
0.000428189
-0.0059891
-0.000643651
0.000593827
-0.0011472
-0.000571857
0.000643652
0.0028913
-0.000324031
0.000510847
0.00390732
0.000278842
0.00378756
0.000588157
0.00011238
0.00367801
0.000756459
0.000405813
0.00210493
0.000593828
0.000415691
-0.0011472
0.000389515
0.000389515
-0.00401408
-4.78944e-10
0.000309537
-0.00781867
-0.000389516
0.000309537
-0.00781867
-0.000593828
0.000389514
-0.00401407
-0.000756459
0.000415691
-0.0011472
-0.000588157
0.000405814
0.00210493
0.00011238
0.00367801
0.000454305
-2.32552e-10
0.00239243
0.000468157
-4.03881e-10
-0.00319711
0.000428189
-2.50583e-10
-0.0059891
0.000309538
-4.75383e-10
-0.00781867
-3.99722e-10
-4.4774e-10
-0.00934297
-0.000309538
-4.47077e-10
-0.00934297
-0.00042819
-4.76526e-10
-0.00781867
-0.000468157
-2.43114e-10
-0.0059891
-0.000454307
-3.74445e-10
-0.00319711
-2.22117e-10
0.00239243
0.000454306
-0.000112381
0.00239243
0.000468157
-0.000405814
-0.00319711
0.000428189
-0.000415691
-0.0059891
0.000309538
-0.000389516
-0.00781867
-3.9929e-10
-0.000309538
-0.00934297
-0.000309538
-0.000309538
-0.00934297
-0.000428189
-0.000389515
-0.00781866
-0.000468158
-0.000415691
-0.0059891
-0.000454307
-0.000405814
-0.00319711
-0.000112381
0.00239244
0.000588157
-0.000278843
0.00367801
0.000756458
-0.000510847
0.00210493
0.000593828
-0.000643651
-0.0011472
0.000389514
-0.000593828
-0.00401407
-4.80433e-10
-0.00042819
-0.00781867
-0.000389515
-0.000428189
-0.00781866
-0.000593827
-0.000593827
-0.00401407
-0.000756458
-0.000643651
-0.0011472
-0.000588157
-0.000510847
0.00210493
-0.000278842
0.00367801
0.000324031
-0.000241896
0.00378756
0.000571857
-0.000409262
0.00390732
0.000643652
-0.000571857
0.0028913
0.000415691
-0.000756459
-0.0011472
-2.58512e-10
-0.000468157
-0.0059891
-0.000415691
-0.000468157
-0.0059891
-0.000643651
-0.000756458
-0.0011472
-0.000571856
-0.000571856
0.0028913
-0.000324031
-0.000409262
0.00390732
-0.000241896
0.00378756
0.000225057
-0.000147591
0.00373186
0.000409262
-0.000225057
0.0039051
0.000510847
-0.000324031
0.00390732
0.000405814
-0.000588157
0.00210493
-3.50111e-10
-0.000454307
-0.00319711
-0.000405814
-0.000454307
-0.00319711
-0.000510847
-0.000588157
0.00210493
-0.000409262
-0.000324031
0.00390732
-0.000225057
-0.000225057
0.0039051
-0.000147591
0.00373186
0.000147591
0.00366058
0.000241896
0.00373186
0.000278842
0.00378756
0.00011238
0.00367801
-2.50246e-10
0.00239244
-0.000112381
0.00239244
-0.000278842
0.00367801
-0.000241896
0.00378756
-0.000147591
0.00373186
0.00366058
0.000157225
0.000157225
0.00334613
0.000256382
0.000238384
0.00339432
0.000297908
0.000334543
0.00341149
0.000133873
0.000601014
0.00324103
-2.68217e-10
0.000491095
0.00203521
-0.000133874
0.000491095
0.00203521
-0.000297908
0.000601013
0.00324103
-0.000256382
0.000334543
0.00341149
-0.000157225
0.000238383
0.00339432
0.000157224
0.00334613
0.000238384
0.000256382
0.00339432
0.000430919
0.000430919
0.00352003
0.00053871
0.000599239
0.00353484
0.00043634
0.000811616
0.0019967
-2.89191e-10
0.000541345
-0.00281102
-0.00043634
0.000541345
-0.00281102
-0.00053871
0.000811616
0.0019967
-0.000430918
0.000599238
0.00353484
-0.000238383
0.000430918
0.00352003
0.000256382
0.00339432
0.000334543
0.000297908
0.00341149
0.000599239
0.00053871
0.00353484
0.000695288
0.000695288
0.0026992
0.000476576
0.000678465
-0.000795338
-2.15067e-10
0.000500649
-0.00547183
-0.000476576
0.000500648
-0.00547183
-0.000695287
0.000678464
-0.000795339
-0.000599238
0.000695288
0.0026992
-0.000334543
0.00053871
0.00353484
0.000297908
0.00341149
0.000601014
0.000133873
0.00324103
0.000811616
0.00043634
0.0019967
0.000678465
0.000476576
-0.000795338
0.000458772
0.000458772
-0.00357469
-3.29399e-10
0.0003535
-0.00721275
-0.000458772
0.0003535
-0.00721275
-0.000678465
0.000458771
-0.00357469
-0.000811616
0.000476576
-0.000795338
-0.000601014
0.00043634
0.0019967
0.000133873
0.00324103
0.000491095
-2.51129e-10
0.00203521
0.000541345
-2.85362e-10
-0.00281102
0.000500649
-1.88608e-10
-0.00547182
0.0003535
-3.20874e-10
-0.00721275
-2.57266e-10
-3.04173e-10
-0.00863597
-0.000353501
-3.0308e-10
-0.00863597
-0.000500649
-3.24504e-10
-0.00721275
-0.000541345
-1.87104e-10
-0.00547182
-0.000491095
-2.68773e-10
-0.00281102
-2.30242e-10
0.00203521
0.000491095
-0.000133874
0.00203521
0.000541345
-0.00043634
-0.00281102
0.000500649
-0.000476576
-0.00547182
0.0003535
-0.000458772
-0.00721275
-2.56671e-10
-0.000353501
-0.00863597
-0.000353501
-0.000353501
-0.00863597
-0.000500649
-0.000458772
-0.00721274
-0.000541345
-0.000476576
-0.00547182
-0.000491095
-0.000436341
-0.00281102
-0.000133873
0.00203521
0.000601013
-0.000297908
0.00324103
0.000811616
-0.000538709
0.0019967
0.000678464
-0.000695287
-0.000795339
0.000458771
-0.000678465
-0.00357469
-3.33513e-10
-0.000500649
-0.00721275
-0.000458772
-0.000500649
-0.00721274
-0.000678464
-0.000678464
-0.00357469
-0.000811616
-0.000695287
-0.000795339
-0.000601013
-0.00053871
0.0019967
-0.000297908
0.00324103
0.000334543
-0.000256382
0.00341149
0.000599238
-0.000430918
0.00353484
0.000695288
-0.000599238
0.0026992
0.000476576
-0.000811616
-0.000795338
-2.15442e-10
-0.000541345
-0.00547182
-0.000476576
-0.000541345
-0.00547182
-0.000695287
-0.000811616
-0.000795339
-0.000599238
-0.000599238
0.0026992
-0.000334543
-0.000430918
0.00353484
-0.000256382
0.00341149
0.000238383
-0.000157225
0.00339432
0.000430918
-0.000238383
0.00352003
0.00053871
-0.000334543
0.00353484
0.00043634
-0.000601014
0.0019967
-2.73029e-10
-0.000491095
-0.00281102
-0.000436341
-0.000491095
-0.00281102
-0.00053871
-0.000601013
0.0019967
-0.000430918
-0.000334543
0.00353484
-0.000238383
-0.000238383
0.00352003
-0.000157224
0.00339432
0.000157224
0.00334613
0.000256382
0.00339432
0.000297908
0.00341149
0.000133873
0.00324103
-2.46898e-10
0.00203521
-0.000133873
0.00203521
-0.000297908
0.00324103
-0.000256382
0.00341149
-0.000157224
0.00339432
0.00334613
0.000160652
0.000160652
0.00302483
0.000260539
0.000241329
0.0030531
0.000303572
0.00033071
0.00303774
0.000146439
0.000583996
0.00281417
-2.38014e-10
0.000492388
0.00168926
-0.00014644
0.000492388
0.00168926
-0.000303573
0.000583995
0.00281417
-0.000260539
0.00033071
0.00303774
-0.000160652
0.000241329
0.0030531
0.000160652
0.00302483
0.000241329
0.000260539
0.0030531
0.000431059
0.000431059
0.00314057
0.000536858
0.000599082
0.00316067
0.000431999
0.000823271
0.00186228
-2.71142e-10
0.000573205
-0.00245984
-0.000431999
0.000573205
-0.00245984
-0.000536858
0.00082327
0.00186228
-0.000431058
0.000599082
0.00316067
-0.000241329
0.000431058
0.00314057
0.000260539
0.0030531
0.00033071
0.000303572
0.00303774
0.000599082
0.000536858
0.00316067
0.000710758
0.000710758
0.00247584
0.000511755
0.000719613
-0.000492676
-1.93233e-10
0.000534383
-0.00492125
-0.000511755
0.000534383
-0.00492125
-0.000710758
0.000719612
-0.000492678
-0.000599082
0.000710758
0.00247585
-0.00033071
0.000536858
0.00316067
0.000303572
0.00303774
0.000583996
0.000146439
0.00281417
0.000823271
0.000431999
0.00186228
0.000719613
0.000511755
-0.000492676
0.000502768
0.000502768
-0.003141
-2.03562e-10
0.000377828
-0.00655342
-0.000502768
0.000377828
-0.00655342
-0.000719613
0.000502767
-0.003141
-0.000823271
0.000511755
-0.000492676
-0.000583996
0.000431999
0.00186228
0.000146439
0.00281417
0.000492388
-2.25398e-10
0.00168926
0.000573205
-2.75128e-10
-0.00245984
0.000534384
-1.62698e-10
-0.00492125
0.000377828
-1.87681e-10
-0.00655342
-1.41244e-10
-1.88963e-10
-0.00788032
-0.000377829
-1.91272e-10
-0.00788032
-0.000534384
-1.93493e-10
-0.00655342
-0.000573205
-1.64803e-10
-0.00492125
-0.000492389
-2.62387e-10
-0.00245984
-2.02109e-10
0.00168926
0.000492388
-0.00014644
0.00168926
0.000573205
-0.000431999
-0.00245984
0.000534383
-0.000511755
-0.00492125
0.000377828
-0.000502768
-0.00655342
-1.44139e-10
-0.000377829
-0.00788032
-0.000377829
-0.000377829
-0.00788032
-0.000534383
-0.000502767
-0.00655342
-0.000573205
-0.000511755
-0.00492125
-0.000492388
-0.000431999
-0.00245984
-0.00014644
0.00168926
0.000583995
-0.000303573
0.00281417
0.00082327
-0.000536858
0.00186228
0.000719612
-0.000710758
-0.000492677
0.000502767
-0.000719613
-0.003141
-2.099e-10
-0.000534384
-0.00655342
-0.000502768
-0.000534383
-0.00655342
-0.000719612
-0.000719612
-0.003141
-0.000823271
-0.000710758
-0.000492677
-0.000583996
-0.000536858
0.00186228
-0.000303573
0.00281417
0.00033071
-0.000260539
0.00303774
0.000599082
-0.000431058
0.00316067
0.000710758
-0.000599082
0.00247585
0.000511755
-0.000823271
-0.000492676
-1.97398e-10
-0.000573205
-0.00492125
-0.000511755
-0.000573205
-0.00492125
-0.000710758
-0.000823271
-0.000492677
-0.000599082
-0.000599082
0.00247585
-0.00033071
-0.000431058
0.00316067
-0.000260539
0.00303775
0.000241329
-0.000160652
0.0030531
0.000431058
-0.000241329
0.00314057
0.000536858
-0.00033071
0.00316067
0.000431999
-0.000583996
0.00186228
-2.59037e-10
-0.000492389
-0.00245984
-0.000431999
-0.000492388
-0.00245984
-0.000536858
-0.000583996
0.00186228
-0.000431058
-0.00033071
0.00316067
-0.000241329
-0.000241329
0.00314057
-0.000160652
0.0030531
0.000160652
0.00302483
0.000260539
0.0030531
0.000303572
0.00303774
0.000146439
0.00281417
-2.14357e-10
0.00168926
-0.00014644
0.00168926
-0.000303573
0.00281417
-0.000260539
0.00303775
-0.000160652
0.0030531
0.00302483
0.000158908
0.000158909
0.00270701
0.000256358
0.000235869
0.00271978
0.00029865
0.000316725
0.00267873
0.000151483
0.000547708
0.00241363
-2.06846e-10
0.000468035
0.00137271
-0.000151483
0.000468035
0.00137271
-0.00029865
0.000547708
0.00241363
-0.000256358
0.000316725
0.00267873
-0.000158909
0.000235869
0.00271978
0.000158908
0.00270701
0.000235869
0.000256358
0.00271978
0.000415986
0.000415986
0.00278033
0.000516129
0.000579001
0.00279825
0.00040847
0.000802372
0.00171528
-2.44217e-10
0.000568397
-0.00215173
-0.00040847
0.000568397
-0.00215173
-0.000516129
0.000802371
0.00171528
-0.000415986
0.000579001
0.00279825
-0.000235869
0.000415986
0.00278033
0.000256358
0.00271978
0.000316725
0.00029865
0.00267873
0.000579001
0.000516129
0.00279825
0.000695933
0.000695933
0.00224198
0.000520317
0.000726377
-0.000241066
-1.75116e-10
0.000534596
-0.00436713
-0.000520317
0.000534595
-0.00436713
-0.000695932
0.000726376
-0.000241067
-0.000579001
0.000695933
0.00224198
-0.000316725
0.000516129
0.00279825
0.00029865
0.00267873
0.000547708
0.000151483
0.00241363
0.000802372
0.00040847
0.00171528
0.000726377
0.000520317
-0.000241066
0.000519119
0.000519119
-0.00272648
-8.79685e-11
0.000381118
-0.00588083
-0.000519119
0.000381118
-0.00588083
-0.000726377
0.000519119
-0.00272648
-0.000802372
0.000520317
-0.000241065
-0.000547708
0.00040847
0.00171528
0.000151483
0.00241363
0.000468035
-2.00841e-10
0.00137271
0.000568397
-2.53266e-10
-0.00215173
0.000534596
-1.46684e-10
-0.00436713
0.000381118
-7.05481e-11
-0.00588083
-1.00372e-11
-7.73518e-11
-0.00711808
-0.000381118
-8.24445e-11
-0.00711808
-0.000534596
-7.87546e-11
-0.00588083
-0.000568397
-1.51287e-10
-0.00436713
-0.000468035
-2.46096e-10
-0.00215173
-1.79509e-10
0.00137271
0.000468035
-0.000151483
0.00137271
0.000568397
-0.00040847
-0.00215173
0.000534595
-0.000520317
-0.00436713
0.000381118
-0.00051912
-0.00588083
-1.51382e-11
-0.000381118
-0.00711808
-0.000381118
-0.000381118
-0.00711808
-0.000534595
-0.000519119
-0.00588083
-0.000568397
-0.000520317
-0.00436713
-0.000468035
-0.00040847
-0.00215173
-0.000151483
0.00137271
0.000547708
-0.00029865
0.00241363
0.000802371
-0.000516129
0.00171528
0.000726376
-0.000695932
-0.000241067
0.000519119
-0.000726377
-0.00272648
-9.66321e-11
-0.000534596
-0.00588083
-0.000519119
-0.000534595
-0.00588083
-0.000726376
-0.000726376
-0.00272648
-0.000802372
-0.000695933
-0.000241066
-0.000547708
-0.000516129
0.00171528
-0.00029865
0.00241363
0.000316725
-0.000256358
0.00267873
0.000579001
-0.000415986
0.00279825
0.000695933
-0.000579001
0.00224198
0.000520317
-0.000802372
-0.000241065
-1.81676e-10
-0.000568397
-0.00436713
-0.000520317
-0.000568397
-0.00436713
-0.000695933
-0.000802372
-0.000241066
-0.000579001
-0.000579001
0.00224198
-0.000316725
-0.000415986
0.00279825
-0.000256358
0.00267873
0.000235869
-0.000158909
0.00271978
0.000415986
-0.000235869
0.00278033
0.000516129
-0.000316725
0.00279825
0.00040847
-0.000547708
0.00171528
-2.37626e-10
-0.000468035
-0.00215173
-0.00040847
-0.000468035
-0.00215173
-0.000516129
-0.000547708
0.00171528
-0.000415986
-0.000316725
0.00279825
-0.000235869
-0.000235869
0.00278033
-0.000158908
0.00271978
0.000158908
0.00270701
0.000256358
0.00271978
0.00029865
0.00267873
0.000151483
0.00241363
-1.85187e-10
0.00137271
-0.000151483
0.00137271
-0.00029865
0.00241363
-0.000256358
0.00267873
-0.000158908
0.00271978
0.00270701
0.000153222
0.000153222
0.00240057
0.000246041
0.000224865
0.0024021
0.000286218
0.000296728
0.00234182
0.000150905
0.000500956
0.00204798
-1.80506e-10
0.000430778
0.00109284
-0.000150906
0.000430778
0.00109284
-0.000286218
0.000500956
0.00204798
-0.000246041
0.000296728
0.00234182
-0.000153222
0.000224865
0.0024021
0.000153222
0.00240057
0.000224865
0.000246041
0.0024021
0.000392247
0.000392247
0.00244557
0.000484057
0.000543782
0.00245938
0.000377278
0.000762765
0.00156025
-2.12248e-10
0.000537957
-0.00188163
-0.000377278
0.000537957
-0.00188163
-0.000484057
0.000762765
0.00156025
-0.000392247
0.000543783
0.00245938
-0.000224865
0.000392247
0.00244557
0.000246041
0.0024021
0.000296728
0.000286218
0.00234182
0.000543782
0.000484057
0.00245938
0.000659583
0.000659583
0.00201038
0.000507885
0.000711069
-3.76715e-05
-1.56773e-10
0.000513221
-0.00383451
-0.000507885
0.00051322
-0.00383451
-0.000659583
0.000711068
-3.76725e-05
-0.000543782
0.000659583
0.00201038
-0.000296728
0.000484057
0.00245938
0.000286218
0.00234182
0.000500956
0.000150905
0.00204798
0.000762765
0.000377278
0.00156025
0.000711069
0.000507885
-3.76713e-05
0.000512547
0.000512547
-0.00232944
4.21343e-11
0.000375021
-0.00523008
-0.000512547
0.000375021
-0.00523008
-0.000711069
0.000512547
-0.00232944
-0.000762765
0.000507885
-3.76705e-05
-0.000500956
0.000377278
0.00156025
0.000150905
0.00204798
0.000430778
-1.81795e-10
0.00109284
0.000537957
-2.3195e-10
-0.00188163
0.000513221
-1.37793e-10
-0.00383451
0.000375021
5.11714e-11
-0.00523008
8.46622e-11
-2.61469e-12
-0.00636804
-0.000375021
-6.72621e-12
-0.00636804
-0.000513221
3.96115e-11
-0.00523008
-0.000537957
-1.43503e-10
-0.00383451
-0.000430778
-2.27722e-10
-0.00188163
-1.64658e-10
0.00109284
0.000430778
-0.000150906
0.00109284
0.000537957
-0.000377278
-0.00188163
0.00051322
-0.000507885
-0.00383451
0.000375021
-0.000512547
-0.00523008
7.84808e-11
-0.000375021
-0.00636804
-0.000375021
-0.000375021
-0.00636804
-0.00051322
-0.000512547
-0.00523008
-0.000537957
-0.000507885
-0.00383451
-0.000430778
-0.000377278
-0.00188163
-0.000150905
0.00109284
0.000500956
-0.000286218
0.00204798
0.000762765
-0.000484057
0.00156025
0.000711068
-0.000659583
-3.76722e-05
0.000512547
-0.000711069
-0.00232944
2.9996e-11
-0.000513221
-0.00523008
-0.000512547
-0.00051322
-0.00523008
-0.000711068
-0.000711068
-0.00232944
-0.000762765
-0.000659583
-3.76714e-05
-0.000500956
-0.000484057
0.00156025
-0.000286218
0.00204798
0.000296728
-0.000246041
0.00234182
0.000543783
-0.000392247
0.00245938
0.000659583
-0.000543782
0.00201038
0.000507885
-0.000762765
-3.76704e-05
-1.64208e-10
-0.000537957
-0.00383451
-0.000507885
-0.000537957
-0.00383451
-0.000659583
-0.000762765
-3.76713e-05
-0.000543783
-0.000543783
0.00201038
-0.000296728
-0.000392247
0.00245938
-0.000246041
0.00234182
0.000224865
-0.000153222
0.0024021
0.000392247
-0.000224865
0.00244557
0.000484057
-0.000296728
0.00245938
0.000377278
-0.000500956
0.00156025
-2.08546e-10
-0.000430778
-0.00188163
-0.000377278
-0.000430778
-0.00188163
-0.000484057
-0.000500956
0.00156025
-0.000392247
-0.000296728
0.00245938
-0.000224865
-0.000224865
0.00244557
-0.000153222
0.0024021
0.000153222
0.00240057
0.000246041
0.0024021
0.000286218
0.00234182
0.000150905
0.00204798
-1.63129e-10
0.00109284
-0.000150905
0.00109284
-0.000286218
0.00204798
-0.000246041
0.00234182
-0.000153222
0.0024021
0.00240057
0.000144753
0.000144753
0.00211106
0.000231549
0.000210426
0.00210488
0.000268872
0.00027324
0.00203126
0.000146663
0.0004497
0.00172049
-1.58493e-10
0.000387612
0.00085189
-0.000146663
0.000387612
0.00085189
-0.000268872
0.0004497
0.00172049
-0.00023155
0.00027324
0.00203126
-0.000144753
0.000210426
0.00210488
0.000144753
0.00211106
0.000210426
0.000231549
0.00210488
0.000363829
0.000363829
0.00213876
0.000447708
0.000500441
0.0021483
0.000344023
0.000712291
0.00140134
-1.68518e-10
0.000495797
-0.0016458
-0.000344023
0.000495797
-0.0016458
-0.000447708
0.000712291
0.00140134
-0.000363829
0.000500441
0.0021483
-0.000210426
0.000363829
0.00213876
0.000231549
0.00210488
0.00027324
0.000268872
0.00203126
0.000500441
0.000447708
0.0021483
0.00061251
0.00061251
0.00178624
0.000484131
0.000681632
0.000121366
-1.22402e-10
0.000485659
-0.00334024
-0.000484132
0.000485659
-0.00334024
-0.00061251
0.000681631
0.000121365
-0.000500441
0.00061251
0.00178624
-0.000273241
0.000447708
0.0021483
0.000268872
0.00203126
0.0004497
0.000146663
0.00172049
0.000712291
0.000344023
0.00140134
0.000681632
0.000484131
0.000121366
0.000495938
0.000495938
-0.00195805
1.19085e-10
0.000364543
-0.00461303
-0.000495938
0.000364543
-0.00461303
-0.000681632
0.000495938
-0.00195805
-0.000712291
0.000484131
0.000121367
-0.0004497
0.000344023
0.00140134
0.000146663
0.00172049
0.000387612
-1.66429e-10
0.00085189
0.000495797
-1.99881e-10
-0.0016458
0.000485659
-1.12035e-10
-0.00334024
0.000364543
1.20752e-10
-0.00461303
9.22445e-11
1.23986e-11
-0.00563895
-0.000364543
9.26277e-12
-0.00563895
-0.000485659
1.08132e-10
-0.00461303
-0.000495797
-1.19758e-10
-0.00334024
-0.000387612
-1.98133e-10
-0.00164579
-1.53116e-10
0.000851891
0.000387612
-0.000146663
0.00085189
0.000495797
-0.000344023
-0.0016458
0.000485659
-0.000484132
-0.00334024
0.000364543
-0.000495938
-0.00461303
8.82038e-11
-0.000364543
-0.00563895
-0.000364543
-0.000364543
-0.00563895
-0.000485659
-0.000495938
-0.00461303
-0.000495796
-0.000484132
-0.00334024
-0.000387612
-0.000344023
-0.00164579
-0.000146663
0.000851891
0.0004497
-0.000268872
0.00172049
0.000712291
-0.000447708
0.00140134
0.000681631
-0.00061251
0.000121365
0.000495938
-0.000681632
-0.00195805
1.05639e-10
-0.000485659
-0.00461303
-0.000495938
-0.000485659
-0.00461303
-0.000681631
-0.000681631
-0.00195805
-0.000712291
-0.00061251
0.000121366
-0.0004497
-0.000447708
0.00140134
-0.000268872
0.00172049
0.00027324
-0.00023155
0.00203126
0.000500441
-0.000363829
0.0021483
0.00061251
-0.000500441
0.00178624
0.000484131
-0.000712291
0.000121367
-1.31465e-10
-0.000495796
-0.00334024
-0.000484132
-0.000495796
-0.00334024
-0.00061251
-0.000712291
0.000121366
-0.000500441
-0.000500441
0.00178624
-0.000273241
-0.000363829
0.0021483
-0.00023155
0.00203126
0.000210426
-0.000144753
0.00210488
0.000363829
-0.000210426
0.00213876
0.000447708
-0.000273241
0.0021483
0.000344023
-0.0004497
0.00140134
-1.6715e-10
-0.000387612
-0.00164579
-0.000344023
-0.000387612
-0.00164579
-0.000447708
-0.0004497
0.00140134
-0.000363829
-0.000273241
0.0021483
-0.000210426
-0.000210426
0.00213876
-0.000144753
0.00210488
0.000144753
0.00211106
0.000231549
0.00210488
0.000268872
0.00203126
0.000146663
0.00172049
-1.45002e-10
0.000851891
-0.000146663
0.000851891
-0.000268872
0.00172049
-0.00023155
0.00203126
-0.000144753
0.00210488
0.00211106
0.000134488
0.000134488
0.00184208
0.000214566
0.000194044
0.00183075
0.000248719
0.0002484
0.0017487
0.000140028
0.000398482
0.0014307
-1.37909e-10
0.000342466
0.000649452
-0.000140028
0.000342466
0.000649452
-0.00024872
0.000398482
0.0014307
-0.000214566
0.0002484
0.00174871
-0.000134488
0.000194044
0.00183076
0.000134488
0.00184208
0.000194044
0.000214566
0.00183075
0.000333461
0.000333461
0.00185993
0.000410183
0.000454933
0.00186505
0.000312091
0.000654499
0.00124341
-1.19796e-10
0.000448241
-0.00143948
-0.000312091
0.000448241
-0.00143948
-0.000410183
0.000654499
0.00124341
-0.000333461
0.000454933
0.00186505
-0.000194044
0.000333461
0.00185993
0.000214566
0.00183076
0.0002484
0.000248719
0.0017487
0.000454933
0.000410183
0.00186505
0.000561384
0.000561384
0.00157334
0.000454108
0.000642583
0.000240558
-6.49848e-11
0.000454754
-0.00289264
-0.000454108
0.000454754
-0.00289264
-0.000561384
0.000642583
0.000240557
-0.000454933
0.000561384
0.00157334
-0.0002484
0.000410183
0.00186505
0.000248719
0.00174871
0.000398482
0.000140028
0.0014307
0.000654499
0.000312091
0.00124341
0.000642583
0.000454108
0.000240558
0.000475322
0.000475322
-0.00162353
1.49554e-10
0.00035147
-0.00403442
-0.000475322
0.00035147
-0.00403442
-0.000642583
0.000475322
-0.00162353
-0.000654499
0.000454108
0.000240559
-0.000398482
0.000312091
0.00124341
0.000140028
0.0014307
0.000342466
-1.52063e-10
0.000649452
0.000448241
-1.61278e-10
-0.00143948
0.000454754
-7.09842e-11
-0.00289264
0.00035147
1.5745e-10
-0.00403442
7.51456e-11
5.72326e-12
-0.00493601
-0.00035147
4.40511e-12
-0.00493601
-0.000454755
1.44931e-10
-0.00403442
-0.000448241
-8.24976e-11
-0.00289264
-0.000342466
-1.62148e-10
-0.00143948
-1.42233e-10
0.000649453
0.000342466
-0.000140028
0.000649452
0.000448241
-0.000312091
-0.00143948
0.000454754
-0.000454108
-0.00289264
0.00035147
-0.000475322
-0.00403442
7.34749e-11
-0.00035147
-0.00493601
-0.00035147
-0.00035147
-0.00493601
-0.000454755
-0.000475321
-0.00403442
-0.000448241
-0.000454108
-0.00289264
-0.000342466
-0.000312091
-0.00143948
-0.000140028
0.000649453
0.000398482
-0.00024872
0.0014307
0.000654499
-0.000410183
0.00124341
0.000642583
-0.000561384
0.000240557
0.000475322
-0.000642583
-0.00162353
1.36122e-10
-0.000454755
-0.00403442
-0.000475322
-0.000454755
-0.00403442
-0.000642583
-0.000642583
-0.00162353
-0.000654499
-0.000561384
0.000240558
-0.000398482
-0.000410183
0.00124342
-0.00024872
0.0014307
0.0002484
-0.000214566
0.00174871
0.000454933
-0.000333461
0.00186505
0.000561384
-0.000454933
0.00157334
0.000454108
-0.000654499
0.000240559
-7.74949e-11
-0.000448241
-0.00289264
-0.000454108
-0.000448241
-0.00289264
-0.000561384
-0.000654499
0.000240558
-0.000454934
-0.000454933
0.00157334
-0.0002484
-0.000333461
0.00186505
-0.000214566
0.00174871
0.000194044
-0.000134488
0.00183076
0.000333461
-0.000194044
0.00185993
0.000410183
-0.0002484
0.00186505
0.000312091
-0.000398482
0.00124342
-1.21008e-10
-0.000342466
-0.00143948
-0.000312091
-0.000342466
-0.00143948
-0.000410183
-0.000398482
0.00124342
-0.000333461
-0.0002484
0.00186505
-0.000194044
-0.000194044
0.00185993
-0.000134488
0.00183076
0.000134488
0.00184208
0.000214566
0.00183076
0.000248719
0.00174871
0.000140028
0.0014307
-1.2801e-10
0.000649453
-0.000140028
0.000649454
-0.00024872
0.0014307
-0.000214566
0.00174871
-0.000134488
0.00183076
0.00184208
0.000123234
0.000123234
0.00159562
0.000196366
0.000176712
0.00158091
0.000227328
0.000223434
0.00149431
0.00013211
0.000348781
0.00117714
-1.19309e-10
0.000297855
0.000483708
-0.00013211
0.000297855
0.000483708
-0.000227328
0.000348781
0.00117714
-0.000196366
0.000223434
0.00149431
-0.000123234
0.000176712
0.00158091
0.000123234
0.00159562
0.000176712
0.000196366
0.00158091
0.000302588
0.000302588
0.00160818
0.000372846
0.000409381
0.00160884
0.00028287
0.000589031
0.00109314
-8.676e-11
0.000398877
-0.00125763
-0.000282871
0.000398877
-0.00125763
-0.000372846
0.000589031
0.00109314
-0.000302588
0.000409381
0.00160884
-0.000176712
0.000302588
0.00160818
0.000196366
0.00158091
0.000223434
0.000227328
0.00149431
0.000409381
0.000372846
0.00160884
0.000508549
0.000508549
0.00137501
0.000420049
0.0005969
0.000321189
-1.97581e-11
0.000421633
-0.00249535
-0.00042005
0.000421633
-0.00249535
-0.000508549
0.0005969
0.000321188
-0.000409381
0.000508549
0.00137501
-0.000223434
0.000372846
0.00160884
0.000227328
0.00149431
0.000348781
0.00013211
0.00117714
0.000589031
0.00028287
0.00109314
0.0005969
0.00042005
0.000321189
0.000450386
0.000450386
-0.0013305
6.80472e-11
0.000335187
-0.00349759
-0.000450386
0.000335187
-0.00349759
-0.0005969
0.000450386
-0.0013305
-0.000589031
0.000420049
0.000321189
-0.000348781
0.00028287
0.00109314
0.00013211
0.00117714
0.000297855
-1.38109e-10
0.000483707
0.000398877
-1.34673e-10
-0.00125763
0.000421633
-4.95374e-11
-0.00249535
0.000335187
1.06201e-10
-0.00349759
4.54177e-11
-1.60314e-11
-0.00426564
-0.000335187
-1.55823e-11
-0.00426564
-0.000421633
1.00869e-10
-0.00349759
-0.000398877
-6.34152e-11
-0.00249535
-0.000297855
-1.37397e-10
-0.00125763
-1.31131e-10
0.000483709
0.000297855
-0.00013211
0.000483708
0.000398877
-0.000282871
-0.00125763
0.000421633
-0.00042005
-0.00249535
0.000335187
-0.000450386
-0.00349759
4.56659e-11
-0.000335187
-0.00426564
-0.000335187
-0.000335187
-0.00426564
-0.000421633
-0.000450386
-0.00349759
-0.000398877
-0.000420049
-0.00249535
-0.000297854
-0.00028287
-0.00125763
-0.00013211
0.000483709
0.000348781
-0.000227328
0.00117714
0.000589031
-0.000372846
0.00109314
0.0005969
-0.000508549
0.000321189
0.000450386
-0.0005969
-0.0013305
6.1639e-11
-0.000421633
-0.00349759
-0.000450386
-0.000421633
-0.00349759
-0.0005969
-0.0005969
-0.0013305
-0.000589031
-0.000508549
0.000321189
-0.000348781
-0.000372846
0.00109314
-0.000227328
0.00117714
0.000223434
-0.000196366
0.00149431
0.000409381
-0.000302588
0.00160884
0.000508549
-0.000409381
0.00137501
0.000420049
-0.000589031
0.000321189
-3.47025e-11
-0.000398877
-0.00249535
-0.000420049
-0.000398877
-0.00249535
-0.000508549
-0.000589031
0.000321189
-0.000409381
-0.000409381
0.00137501
-0.000223434
-0.000302588
0.00160884
-0.000196366
0.00149431
0.000176712
-0.000123234
0.00158091
0.000302588
-0.000176712
0.00160818
0.000372846
-0.000223434
0.00160884
0.00028287
-0.000348781
0.00109314
-8.98103e-11
-0.000297855
-0.00125763
-0.000282871
-0.000297855
-0.00125763
-0.000372846
-0.000348781
0.00109314
-0.000302588
-0.000223434
0.00160884
-0.000176712
-0.000176712
0.00160818
-0.000123234
0.00158091
0.000123234
0.00159562
0.000196366
0.00158091
0.000227328
0.00149431
0.00013211
0.00117714
-1.12395e-10
0.000483709
-0.00013211
0.000483709
-0.000227328
0.00117714
-0.000196366
0.00149431
-0.000123234
0.00158091
0.00159562
0.000111609
0.000111609
0.0013724
0.000177916
0.000159113
0.00135549
0.000205889
0.000199515
0.00126682
0.000124213
0.000301743
0.000957071
-1.08726e-10
0.000255846
0.000352075
-0.000124214
0.000255846
0.000352075
-0.000205889
0.000301743
0.000957072
-0.000177916
0.000199515
0.00126682
-0.000111609
0.000159112
0.00135549
0.000111609
0.0013724
0.000159113
0.000177916
0.00135549
0.000272427
0.000272427
0.00138155
0.000337322
0.000365215
0.00137825
0.00025611
0.000526599
0.000949497
-6.6118e-11
0.000351672
-0.00109735
-0.00025611
0.000351672
-0.00109735
-0.000337322
0.000526599
0.000949497
-0.000272427
0.000365214
0.00137825
-0.000159113
0.000272427
0.00138155
0.000177916
0.00135549
0.000199515
0.000205889
0.00126682
0.000365215
0.000337322
0.00137825
0.00045813
0.00045813
0.00118918
0.000385476
0.000557179
0.000363263
-3.98635e-11
0.000388118
-0.00214632
-0.000385476
0.000388118
-0.00214632
-0.00045813
0.000557178
0.000363263
-0.000365215
0.000458129
0.00118918
-0.000199515
0.000337322
0.00137825
0.000205889
0.00126682
0.000301743
0.000124213
0.000957071
0.000526599
0.00025611
0.000949497
0.000557179
0.000385476
0.000363263
0.000424287
0.000424287
-0.00106472
1.31267e-11
0.000313472
-0.00299865
-0.000424287
0.000313472
-0.00299865
-0.000557179
0.000424287
-0.00106472
-0.000526599
0.000385476
0.000363263
-0.000301743
0.00025611
0.000949497
0.000124213
0.000957072
0.000255846
-1.31985e-10
0.000352075
0.000351672
-1.22017e-10
-0.00109735
0.000388118
-7.75587e-11
-0.00214632
0.000313472
8.16487e-11
-0.00299865
2.39242e-11
-3.17032e-11
-0.00363869
-0.000313472
-3.02624e-11
-0.00363869
-0.000388118
8.14674e-11
-0.00299865
-0.000351672
-8.87595e-11
-0.00214632
-0.000255846
-1.25738e-10
-0.00109735
-1.2743e-10
0.000352076
0.000255846
-0.000124214
0.000352075
0.000351672
-0.00025611
-0.00109735
0.000388118
-0.000385476
-0.00214632
0.000313472
-0.000424287
-0.00299865
2.51584e-11
-0.000313472
-0.00363869
-0.000313472
-0.000313472
-0.00363869
-0.000388118
-0.000424287
-0.00299866
-0.000351672
-0.000385476
-0.00214632
-0.000255846
-0.00025611
-0.00109735
-0.000124214
0.000352076
0.000301743
-0.000205889
0.000957072
0.000526599
-0.000337322
0.000949497
0.000557178
-0.00045813
0.000363263
0.000424287
-0.000557178
-0.00106472
1.15948e-11
-0.000388118
-0.00299865
-0.000424287
-0.000388118
-0.00299865
-0.000557178
-0.000557178
-0.00106472
-0.000526599
-0.000458129
0.000363263
-0.000301743
-0.000337322
0.000949497
-0.000205889
0.000957072
0.000199515
-0.000177916
0.00126682
0.000365214
-0.000272427
0.00137825
0.000458129
-0.000365215
0.00118918
0.000385476
-0.000526599
0.000363263
-5.09499e-11
-0.000351672
-0.00214632
-0.000385476
-0.000351672
-0.00214632
-0.00045813
-0.000526599
0.000363263
-0.000365214
-0.000365214
0.00118918
-0.000199515
-0.000272427
0.00137825
-0.000177916
0.00126682
0.000159112
-0.000111609
0.00135549
0.000272427
-0.000159113
0.00138155
0.000337322
-0.000199515
0.00137825
0.00025611
-0.000301743
0.000949497
-6.99979e-11
-0.000255846
-0.00109735
-0.00025611
-0.000255846
-0.00109735
-0.000337322
-0.000301743
0.000949498
-0.000272427
-0.000199515
0.00137825
-0.000159112
-0.000159112
0.00138155
-0.000111609
0.00135549
0.000111609
0.0013724
0.000177916
0.00135549
0.000205889
0.00126682
0.000124213
0.000957072
-1.0413e-10
0.000352076
-0.000124214
0.000352076
-0.000205889
0.000957072
-0.000177916
0.00126682
-0.000111609
0.00135549
0.0013724
0.000100095
0.000100095
0.00117221
0.000159983
0.000141636
0.00115397
0.000185462
0.000177205
0.00106414
0.000117352
0.000258386
0.000766796
-9.85378e-11
0.000218938
0.000250489
-0.000117352
0.000218938
0.00025049
-0.000185462
0.000258386
0.000766796
-0.000159983
0.000177205
0.00106414
-0.000100095
0.000141636
0.00115397
0.000100095
0.00117221
0.000141636
0.000159983
0.00115397
0.00024348
0.00024348
0.00117786
0.000304141
0.000324479
0.00117031
0.000232763
0.000466977
0.000812285
-5.6865e-11
0.000308427
-0.000954075
-0.000232763
0.000308428
-0.000954075
-0.000304142
0.000466977
0.000812285
-0.00024348
0.000324479
0.00117031
-0.000141636
0.00024348
0.00117786
0.000159983
0.00115397
0.000177205
0.000185462
0.00106414
0.000324479
0.000304141
0.00117031
0.000408705
0.000408705
0.00102073
0.000349683
0.000517236
0.000372025
-2.55691e-11
0.000350343
-0.00183855
-0.000349683
0.000350343
-0.00183855
-0.000408705
0.000517235
0.000372025
-0.000324479
0.000408705
0.00102073
-0.000177205
0.000304141
0.00117031
0.000185462
0.00106414
0.000258386
0.000117352
0.000766796
0.000466977
0.000232763
0.000812285
0.000517236
0.000349683
0.000372025
0.000397206
0.000397206
-0.000824663
1.79251e-11
0.000287386
-0.00253849
-0.000397206
0.000287386
-0.00253849
-0.000517236
0.000397207
-0.000824663
-0.000466976
0.000349683
0.000372026
-0.000258386
0.000232763
0.000812285
0.000117352
0.000766796
0.000218938
-1.23392e-10
0.000250489
0.000308428
-1.22692e-10
-0.000954075
0.000350343
-5.94437e-11
-0.00183855
0.000287386
1.04997e-10
-0.00253849
8.38693e-12
-4.45757e-11
-0.00306392
-0.000287386
-4.29855e-11
-0.00306392
-0.000350343
1.05631e-10
-0.00253849
-0.000308428
-6.98178e-11
-0.00183855
-0.000218938
-1.26141e-10
-0.000954074
-1.21138e-10
0.00025049
0.000218938
-0.000117352
0.000250489
0.000308427
-0.000232763
-0.000954075
0.000350343
-0.000349683
-0.00183855
0.000287386
-0.000397206
-0.00253849
9.83156e-12
-0.000287387
-0.00306392
-0.000287386
-0.000287387
-0.00306392
-0.000350343
-0.000397206
-0.00253849
-0.000308428
-0.000349683
-0.00183855
-0.000218938
-0.000232763
-0.000954075
-0.000117352
0.000250491
0.000258386
-0.000185462
0.000766796
0.000466977
-0.000304141
0.000812285
0.000517235
-0.000408705
0.000372026
0.000397206
-0.000517236
-0.000824663
1.70726e-11
-0.000350343
-0.00253849
-0.000397207
-0.000350343
-0.00253849
-0.000517236
-0.000517235
-0.000824664
-0.000466976
-0.000408705
0.000372026
-0.000258386
-0.000304141
0.000812285
-0.000185462
0.000766796
0.000177205
-0.000159983
0.00106414
0.000324479
-0.00024348
0.00117031
0.000408705
-0.000324479
0.00102073
0.000349683
-0.000466976
0.000372026
-3.56038e-11
-0.000308428
-0.00183855
-0.000349683
-0.000308428
-0.00183855
-0.000408705
-0.000466976
0.000372026
-0.000324479
-0.000324479
0.00102073
-0.000177205
-0.00024348
0.00117031
-0.000159983
0.00106414
0.000141636
-0.000100095
0.00115397
0.00024348
-0.000141636
0.00117786
0.000304141
-0.000177205
0.00117031
0.000232763
-0.000258386
0.000812285
-6.01199e-11
-0.000218938
-0.000954074
-0.000232763
-0.000218938
-0.000954074
-0.000304141
-0.000258386
0.000812285
-0.00024348
-0.000177205
0.00117031
-0.000141636
-0.000141636
0.00117786
-0.000100095
0.00115397
0.000100095
0.00117221
0.000159983
0.00115397
0.000185462
0.00106414
0.000117352
0.000766796
-9.60863e-11
0.000250491
-0.000117352
0.000250491
-0.000185462
0.000766797
-0.000159983
0.00106414
-0.000100095
0.00115397
0.00117221
8.90415e-05
8.90415e-05
0.000994126
0.00014298
0.000124365
0.000975665
0.000166353
0.000157246
0.000883516
0.000111907
0.000218076
0.000603166
-8.4887e-11
0.000189848
0.000172549
-0.000111907
0.000189848
0.000172549
-0.000166353
0.000218076
0.000603166
-0.00014298
0.000157246
0.000883516
-8.90416e-05
0.000124365
0.000975665
8.90415e-05
0.000994126
0.000124365
0.00014298
0.000975665
0.000215432
0.000215432
0.000995728
0.000272955
0.00028774
0.000982297
0.000213034
0.000406412
0.000683869
-5.60727e-11
0.000271248
-0.000822441
-0.000213034
0.000271248
-0.000822441
-0.000272955
0.000406412
0.000683869
-0.000215432
0.00028774
0.000982297
-0.000124365
0.000215432
0.000995728
0.00014298
0.000975665
0.000157246
0.000166353
0.000883516
0.00028774
0.000272955
0.000982297
0.000363379
0.000363379
0.000869449
0.0003177
0.000468369
0.000355748
-3.26406e-11
0.000311256
-0.00156086
-0.0003177
0.000311256
-0.00156086
-0.000363379
0.000468369
0.000355748
-0.000287741
0.000363379
0.000869449
-0.000157246
0.000272955
0.000982297
0.000166353
0.000883516
0.000218076
0.000111907
0.000603166
0.000406412
0.000213034
0.000683869
0.000468369
0.0003177
0.000355748
0.000365002
0.000365002
-0.000617928
-1.06005e-12
0.000258491
-0.00212073
-0.000365002
0.000258491
-0.00212073
-0.000468369
0.000365002
-0.000617928
-0.000406412
0.0003177
0.000355748
-0.000218076
0.000213034
0.000683869
0.000111907
0.000603167
0.000189848
-1.10173e-10
0.000172548
0.000271248
-1.2897e-10
-0.000822441
0.000311256
-3.58924e-11
-0.00156086
0.000258492
9.78249e-11
-0.00212073
-2.28217e-11
-6.96781e-11
-0.00254694
-0.000258492
-6.78409e-11
-0.00254694
-0.000311256
1.00261e-10
-0.00212073
-0.000271249
-4.22201e-11
-0.00156086
-0.000189848
-1.312e-10
-0.000822441
-1.09793e-10
0.000172549
0.000189848
-0.000111907
0.000172549
0.000271248
-0.000213034
-0.000822441
0.000311256
-0.0003177
-0.00156086
0.000258492
-0.000365002
-0.00212073
-2.05906e-11
-0.000258492
-0.00254694
-0.000258492
-0.000258492
-0.00254694
-0.000311256
-0.000365002
-0.00212073
-0.000271248
-0.0003177
-0.00156086
-0.000189848
-0.000213034
-0.000822441
-0.000111907
0.000172549
0.000218076
-0.000166353
0.000603166
0.000406412
-0.000272955
0.000683869
0.000468369
-0.000363379
0.000355748
0.000365002
-0.000468369
-0.000617928
-5.46103e-14
-0.000311256
-0.00212073
-0.000365002
-0.000311256
-0.00212073
-0.000468369
-0.000468369
-0.000617929
-0.000406412
-0.000363379
0.000355748
-0.000218076
-0.000272955
0.000683869
-0.000166353
0.000603167
0.000157246
-0.00014298
0.000883516
0.00028774
-0.000215432
0.000982297
0.000363379
-0.000287741
0.000869449
0.0003177
-0.000406412
0.000355748
-3.85244e-11
-0.000271249
-0.00156086
-0.0003177
-0.000271249
-0.00156086
-0.000363379
-0.000406412
0.000355748
-0.00028774
-0.00028774
0.00086945
-0.000157246
-0.000215432
0.000982297
-0.00014298
0.000883516
0.000124365
-8.90416e-05
0.000975665
0.000215432
-0.000124365
0.000995728
0.000272955
-0.000157246
0.000982297
0.000213034
-0.000218076
0.000683869
-5.76125e-11
-0.000189848
-0.00082244
-0.000213034
-0.000189848
-0.00082244
-0.000272955
-0.000218076
0.00068387
-0.000215432
-0.000157246
0.000982297
-0.000124365
-0.000124365
0.000995728
-8.90415e-05
0.000975665
8.90415e-05
0.000994126
0.00014298
0.000975665
0.000166353
0.000883516
0.000111907
0.000603167
-8.39707e-11
0.000172549
-0.000111907
0.000172549
-0.000166353
0.000603167
-0.00014298
0.000883516
-8.90415e-05
0.000975665
0.000994126
7.86561e-05
7.86561e-05
0.000836814
0.0001272
0.00010735
0.00081977
0.000148701
0.000139184
0.00072283
0.000107242
0.000181172
0.000463453
-6.79725e-11
0.000170758
0.000109033
-0.000107242
0.000170758
0.000109033
-0.000148701
0.000181172
0.000463453
-0.0001272
0.000139184
0.000722831
-7.86561e-05
0.00010735
0.000819771
7.8656e-05
0.000836814
0.00010735
0.0001272
0.00081977
0.000188201
0.000188201
0.000834026
0.000243737
0.000254231
0.000811714
0.000196485
0.000345706
0.000566587
-5.34662e-11
0.000239225
-0.000694423
-0.000196485
0.000239225
-0.000694424
-0.000243737
0.000345707
0.000566587
-0.000188201
0.000254231
0.000811714
-0.00010735
0.000188201
0.000834026
0.0001272
0.000819771
0.000139184
0.000148701
0.00072283
0.000254231
0.000243737
0.000811714
0.000323283
0.000323283
0.000731346
0.000285943
0.000413545
0.000325249
-3.86165e-11
0.000273417
-0.00130911
-0.000285943
0.000273417
-0.00130911
-0.000323283
0.000413545
0.00032525
-0.000254231
0.000323283
0.000731346
-0.000139184
0.000243737
0.000811714
0.000148701
0.000722831
0.000181172
0.000107242
0.000463453
0.000345706
0.000196485
0.000566587
0.000413544
0.000285943
0.00032525
0.000332471
0.000332471
-0.00045578
1.57415e-11
0.000228117
-0.00174296
-0.000332471
0.000228117
-0.00174296
-0.000413545
0.000332471
-0.00045578
-0.000345707
0.000285943
0.000325249
-0.000181172
0.000196485
0.000566587
0.000107242
0.000463453
0.000170758
-9.29049e-11
0.000109033
0.000239225
-1.26915e-10
-0.000694423
0.000273417
3.01878e-13
-0.00130911
0.000228118
1.12309e-10
-0.00174296
-2.96818e-11
-7.55929e-11
-0.0020907
-0.000228118
-7.39679e-11
-0.0020907
-0.000273417
1.1373e-10
-0.00174296
-0.000239225
-2.62606e-12
-0.00130911
-0.000170758
-1.28271e-10
-0.000694423
-9.29452e-11
0.000109033
0.000170758
-0.000107242
0.000109033
0.000239225
-0.000196485
-0.000694424
0.000273417
-0.000285943
-0.00130911
0.000228117
-0.000332471
-0.00174296
-2.75538e-11
-0.000228118
-0.0020907
-0.000228117
-0.000228118
-0.0020907
-0.000273417
-0.000332471
-0.00174296
-0.000239225
-0.000285943
-0.00130911
-0.000170758
-0.000196485
-0.000694423
-0.000107242
0.000109034
0.000181172
-0.000148701
0.000463453
0.000345706
-0.000243737
0.000566587
0.000413545
-0.000323283
0.00032525
0.000332471
-0.000413545
-0.00045578
1.51014e-11
-0.000273417
-0.00174296
-0.000332471
-0.000273417
-0.00174296
-0.000413545
-0.000413545
-0.000455781
-0.000345707
-0.000323283
0.00032525
-0.000181172
-0.000243737
0.000566587
-0.000148701
0.000463454
0.000139184
-0.0001272
0.000722831
0.000254231
-0.000188201
0.000811714
0.000323283
-0.000254231
0.000731346
0.000285943
-0.000345707
0.000325249
-4.09767e-11
-0.000239225
-0.00130911
-0.000285943
-0.000239225
-0.00130911
-0.000323283
-0.000345707
0.00032525
-0.000254231
-0.000254231
0.000731346
-0.000139184
-0.000188201
0.000811715
-0.0001272
0.000722831
0.00010735
-7.86561e-05
0.000819771
0.000188201
-0.00010735
0.000834026
0.000243737
-0.000139184
0.000811714
0.000196485
-0.000181172
0.000566587
-5.36401e-11
-0.000170758
-0.000694423
-0.000196485
-0.000170758
-0.000694423
-0.000243737
-0.000181172
0.000566588
-0.000188201
-0.000139184
0.000811715
-0.00010735
-0.00010735
0.000834027
-7.86561e-05
0.000819771
7.8656e-05
0.000836814
0.0001272
0.000819771
0.000148701
0.000722831
0.000107242
0.000463453
-6.72939e-11
0.000109033
-0.000107242
0.000109034
-0.000148701
0.000463454
-0.0001272
0.000722831
-7.86561e-05
0.000819771
0.000836814
6.88269e-05
6.88269e-05
0.00069916
0.000113072
9.10936e-05
0.000684432
0.000132326
0.000121327
0.000582248
0.000100742
0.000146765
0.000348272
-4.81741e-11
0.000161223
4.85516e-05
-0.000100742
0.000161223
4.85517e-05
-0.000132326
0.000146766
0.000348272
-0.000113072
0.000121327
0.000582249
-6.8827e-05
9.10936e-05
0.000684432
6.88269e-05
0.00069916
9.10936e-05
0.000113072
0.000684432
0.000161151
0.000161151
0.000693911
0.000214603
0.000221927
0.000657662
0.000180534
0.000283187
0.000464235
-4.77121e-11
0.000216077
-0.000568743
-0.000180534
0.000216077
-0.000568743
-0.000214603
0.000283187
0.000464235
-0.000161151
0.000221927
0.000657663
-9.10936e-05
0.000161151
0.000693912
0.000113072
0.000684432
0.000121327
0.000132326
0.000582248
0.000221927
0.000214603
0.000657662
0.000285695
0.000285695
0.00060381
0.000253561
0.000355872
0.000284699
-2.27878e-11
0.000238695
-0.00107817
-0.000253561
0.000238695
-0.00107817
-0.000285695
0.000355872
0.000284699
-0.000221927
0.000285695
0.00060381
-0.000121327
0.000214603
0.000657662
0.000132326
0.000582249
0.000146765
0.000100742
0.000348272
0.000283187
0.000180534
0.000464235
0.000355872
0.000253561
0.000284699
0.000299905
0.000299905
-0.000343846
2.24704e-12
0.00019644
-0.0014008
-0.000299905
0.00019644
-0.0014008
-0.000355872
0.000299905
-0.000343846
-0.000283187
0.000253561
0.000284699
-0.000146766
0.000180534
0.000464235
0.000100742
0.000348272
0.000161223
-6.9967e-11
4.85515e-05
0.000216077
-1.12146e-10
-0.000568743
0.000238695
4.0411e-11
-0.00107817
0.00019644
9.06451e-11
-0.0014008
-3.24298e-11
-7.5826e-11
-0.00169782
-0.00019644
-7.44649e-11
-0.00169782
-0.000238696
9.27655e-11
-0.0014008
-0.000216078
3.95109e-11
-0.00107817
-0.000161224
-1.13204e-10
-0.000568743
-6.99816e-11
4.85519e-05
0.000161223
-0.000100742
4.85517e-05
0.000216077
-0.000180534
-0.000568743
0.000238695
-0.000253561
-0.00107817
0.00019644
-0.000299905
-0.0014008
-3.05058e-11
-0.00019644
-0.00169782
-0.00019644
-0.00019644
-0.00169782
-0.000238695
-0.000299905
-0.0014008
-0.000216077
-0.000253561
-0.00107817
-0.000161223
-0.000180534
-0.000568743
-0.000100742
4.85521e-05
0.000146765
-0.000132326
0.000348272
0.000283187
-0.000214603
0.000464235
0.000355872
-0.000285695
0.000284699
0.000299905
-0.000355872
-0.000343846
2.37312e-12
-0.000238696
-0.0014008
-0.000299905
-0.000238696
-0.0014008
-0.000355872
-0.000355872
-0.000343846
-0.000283187
-0.000285695
0.000284699
-0.000146766
-0.000214603
0.000464235
-0.000132326
0.000348272
0.000121327
-0.000113072
0.000582249
0.000221927
-0.000161151
0.000657663
0.000285695
-0.000221927
0.00060381
0.000253561
-0.000283187
0.000284699
-2.39477e-11
-0.000216077
-0.00107817
-0.000253561
-0.000216077
-0.00107817
-0.000285695
-0.000283187
0.000284699
-0.000221927
-0.000221927
0.00060381
-0.000121327
-0.000161151
0.000657663
-0.000113072
0.000582249
9.10936e-05
-6.8827e-05
0.000684432
0.000161151
-9.10936e-05
0.000693912
0.000214603
-0.000121327
0.000657662
0.000180534
-0.000146766
0.000464235
-4.72587e-11
-0.000161223
-0.000568743
-0.000180534
-0.000161223
-0.000568743
-0.000214603
-0.000146766
0.000464235
-0.000161151
-0.000121327
0.000657663
-9.10937e-05
-9.10936e-05
0.000693912
-6.88269e-05
0.000684433
6.88269e-05
0.00069916
0.000113072
0.000684432
0.000132326
0.000582249
0.000100742
0.000348272
-4.74195e-11
4.8552e-05
-0.000100742
4.8552e-05
-0.000132326
0.000348272
-0.000113072
0.000582249
-6.88269e-05
0.000684433
0.00069916
5.98176e-05
5.98176e-05
0.000579525
0.000101112
7.60341e-05
0.000567103
0.000119234
0.000102326
0.000461801
9.36999e-05
0.000114669
0.000259136
-3.41184e-11
0.000153903
-1.16514e-05
-9.37e-05
0.000153903
-1.16513e-05
-0.000119234
0.000114669
0.000259136
-0.000101112
0.000102326
0.000461801
-5.98176e-05
7.60341e-05
0.000567104
5.98176e-05
0.000579525
7.60341e-05
0.000101112
0.000567103
0.000135211
0.000135211
0.000575558
0.000186489
0.000187894
0.000520816
0.000162687
0.000221795
0.000380911
-3.61269e-11
0.000203903
-0.000456057
-0.000162687
0.000203903
-0.000456057
-0.000186489
0.000221795
0.000380911
-0.000135211
0.000187894
0.000520817
-7.60341e-05
0.000135211
0.000575558
0.000101112
0.000567104
0.000102326
0.000119234
0.000461801
0.000187894
0.000186489
0.000520816
0.000249386
0.000249386
0.000480826
0.000218052
0.000298755
0.000239073
1.30577e-13
0.000203668
-0.00085988
-0.000218052
0.000203668
-0.00085988
-0.000249386
0.000298755
0.000239073
-0.000187894
0.000249386
0.000480826
-0.000102326
0.000186489
0.000520817
0.000119234
0.000461801
0.000114669
9.36999e-05
0.000259136
0.000221795
0.000162687
0.000380911
0.000298755
0.000218052
0.000239073
0.000261512
0.000261512
-0.000269359
3.52414e-13
0.000160562
-0.00109618
-0.000261512
0.000160562
-0.00109618
-0.000298755
0.000261512
-0.000269359
-0.000221795
0.000218052
0.000239073
-0.00011467
0.000162687
0.000380911
9.36999e-05
0.000259136
0.000153903
-5.46953e-11
-1.16514e-05
0.000203903
-7.81821e-11
-0.000456057
0.000203668
8.04983e-11
-0.000859879
0.000160562
6.6245e-11
-0.00109618
-2.99173e-11
-6.57579e-11
-0.0013767
-0.000160562
-6.45943e-11
-0.0013767
-0.000203668
6.84258e-11
-0.00109618
-0.000203903
8.06612e-11
-0.000859879
-0.000153903
-7.91815e-11
-0.000456056
-5.44307e-11
-1.16512e-05
0.000153903
-9.37e-05
-1.16513e-05
0.000203903
-0.000162687
-0.000456057
0.000203668
-0.000218052
-0.00085988
0.000160562
-0.000261512
-0.00109618
-2.82119e-11
-0.000160562
-0.0013767
-0.000160562
-0.000160562
-0.0013767
-0.000203668
-0.000261512
-0.00109618
-0.000203903
-0.000218052
-0.00085988
-0.000153903
-0.000162687
-0.000456057
-9.37e-05
-1.1651e-05
0.000114669
-0.000119234
0.000259136
0.000221795
-0.000186489
0.000380911
0.000298755
-0.000249386
0.000239073
0.000261512
-0.000298755
-0.000269359
7.91339e-13
-0.000203668
-0.00109618
-0.000261512
-0.000203668
-0.00109618
-0.000298755
-0.000298755
-0.000269359
-0.000221795
-0.000249386
0.000239073
-0.00011467
-0.000186489
0.000380911
-0.000119234
0.000259136
0.000102326
-0.000101112
0.000461801
0.000187894
-0.000135211
0.000520817
0.000249386
-0.000187894
0.000480826
0.000218052
-0.000221795
0.000239073
-7.00177e-13
-0.000203903
-0.000859879
-0.000218052
-0.000203903
-0.000859879
-0.000249386
-0.000221795
0.000239073
-0.000187894
-0.000187894
0.000480827
-0.000102326
-0.000135211
0.000520817
-0.000101112
0.000461801
7.60341e-05
-5.98176e-05
0.000567103
0.000135211
-7.60341e-05
0.000575558
0.000186489
-0.000102326
0.000520817
0.000162687
-0.00011467
0.000380911
-3.56741e-11
-0.000153903
-0.000456056
-0.000162687
-0.000153903
-0.000456056
-0.000186489
-0.00011467
0.000380912
-0.000135211
-0.000102326
0.000520817
-7.60342e-05
-7.60341e-05
0.000575559
-5.98176e-05
0.000567104
5.98176e-05
0.000579525
0.000101112
0.000567104
0.000119234
0.000461801
9.36999e-05
0.000259136
-3.32036e-11
-1.16511e-05
-9.37e-05
-1.16511e-05
-0.000119234
0.000259137
-0.000101112
0.000461801
-5.98176e-05
0.000567104
0.000579525
5.08494e-05
5.08494e-05
0.000477826
8.85107e-05
6.22923e-05
0.00046715
0.000102957
8.57672e-05
0.000361587
7.95594e-05
8.75483e-05
0.000194985
-2.46519e-11
0.000147252
-7.93435e-05
-7.95594e-05
0.000147252
-7.93435e-05
-0.000102957
8.75483e-05
0.000194985
-8.85107e-05
8.57672e-05
0.000361588
-5.08494e-05
6.22923e-05
0.00046715
5.08494e-05
0.000477826
6.22923e-05
8.85107e-05
0.00046715
0.0001104
0.0001104
0.000479343
0.000156795
0.00015449
0.000405698
0.000135592
0.000169918
0.000319744
-2.01573e-11
0.000196626
-0.000369839
-0.000135592
0.000196626
-0.000369839
-0.000156795
0.000169918
0.000319744
-0.0001104
0.00015449
0.000405699
-6.22923e-05
0.0001104
0.000479343
8.85107e-05
0.00046715
8.57672e-05
0.000102957
0.000361587
0.00015449
0.000156795
0.000405698
0.000209673
0.000209673
0.000370461
0.000177983
0.000245529
0.000195152
1.3476e-11
0.000162896
-0.000648167
-0.000177983
0.000162896
-0.000648167
-0.000209673
0.000245529
0.000195152
-0.00015449
0.000209673
0.000370461
-8.57672e-05
0.000156795
0.000405699
0.000102957
0.000361588
8.75483e-05
7.95594e-05
0.000194985
0.000169918
0.000135592
0.000319744
0.000245529
0.000177983
0.000195152
0.000213787
0.000213787
-0.000205875
-4.54392e-12
0.00011981
-0.000839306
-0.000213787
0.00011981
-0.000839306
-0.000245529
0.000213787
-0.000205875
-0.000169918
0.000177983
0.000195152
-8.75484e-05
0.000135592
0.000319745
7.95594e-05
0.000194985
0.000147252
-4.5336e-11
-7.93436e-05
0.000196626
-2.35814e-11
-0.000369839
0.000162896
9.54256e-11
-0.000648166
0.000119811
3.64207e-11
-0.000839306
-2.42178e-11
-4.78572e-11
-0.00113708
-0.000119811
-4.68606e-11
-0.00113708
-0.000162896
3.81615e-11
-0.000839305
-0.000196626
9.64986e-11
-0.000648166
-0.000147252
-2.40036e-11
-0.000369838
-4.50118e-11
-7.93435e-05
0.000147252
-7.95594e-05
-7.93434e-05
0.000196626
-0.000135592
-0.000369839
0.000162896
-0.000177983
-0.000648167
0.00011981
-0.000213787
-0.000839306
-2.27926e-11
-0.000119811
-0.00113708
-0.00011981
-0.000119811
-0.00113708
-0.000162896
-0.000213787
-0.000839306
-0.000196626
-0.000177983
-0.000648166
-0.000147252
-0.000135592
-0.000369839
-7.95594e-05
-7.93433e-05
8.75483e-05
-0.000102957
0.000194985
0.000169918
-0.000156795
0.000319744
0.000245529
-0.000209673
0.000195152
0.000213787
-0.000245529
-0.000205875
-3.89834e-12
-0.000162896
-0.000839305
-0.000213787
-0.000162896
-0.000839305
-0.000245529
-0.000245529
-0.000205875
-0.000169918
-0.000209673
0.000195152
-8.75483e-05
-0.000156795
0.000319745
-0.000102957
0.000194985
8.57672e-05
-8.85107e-05
0.000361588
0.00015449
-0.0001104
0.000405699
0.000209673
-0.00015449
0.000370461
0.000177983
-0.000169918
0.000195152
1.32636e-11
-0.000196626
-0.000648166
-0.000177983
-0.000196626
-0.000648166
-0.000209673
-0.000169918
0.000195152
-0.00015449
-0.00015449
0.000370461
-8.57672e-05
-0.0001104
0.000405699
-8.85107e-05
0.000361588
6.22923e-05
-5.08494e-05
0.00046715
0.0001104
-6.22923e-05
0.000479343
0.000156795
-8.57672e-05
0.000405699
0.000135592
-8.75484e-05
0.000319745
-1.98362e-11
-0.000147252
-0.000369838
-0.000135592
-0.000147252
-0.000369838
-0.000156795
-8.75484e-05
0.000319745
-0.0001104
-8.57672e-05
0.000405699
-6.22923e-05
-6.22923e-05
0.000479343
-5.08494e-05
0.00046715
5.08494e-05
0.000477826
8.85107e-05
0.00046715
0.000102957
0.000361588
7.95594e-05
0.000194985
-2.36925e-11
-7.93434e-05
-7.95594e-05
-7.93433e-05
-0.000102957
0.000194985
-8.85107e-05
0.000361588
-5.08494e-05
0.00046715
0.000477826
4.48697e-05
4.48697e-05
0.000388086
7.84587e-05
5.31182e-05
0.000380443
9.2586e-05
7.50898e-05
0.00027237
7.05188e-05
7.49767e-05
0.000142076
-1.96972e-11
0.000128097
-0.000136921
-7.05188e-05
0.000128097
-0.000136921
-9.2586e-05
7.49767e-05
0.000142076
-7.84587e-05
7.50898e-05
0.00027237
-4.48697e-05
5.31182e-05
0.000380443
4.48697e-05
0.000388087
5.31182e-05
7.84587e-05
0.000380443
9.70286e-05
9.70286e-05
0.000391522
0.000140321
0.000126275
0.00031122
0.00010563
0.000160662
0.000268751
-6.02382e-12
0.00016255
-0.000298663
-0.00010563
0.00016255
-0.000298663
-0.000140321
0.000160662
0.000268751
-9.70286e-05
0.000126275
0.000311221
-5.31182e-05
9.70286e-05
0.000391523
7.84587e-05
0.000380443
7.50898e-05
9.25861e-05
0.00027237
0.000126275
0.000140321
0.00031122
0.000191947
0.000191947
0.000239117
0.000156394
0.000216695
0.000174672
1.15542e-11
0.000110028
-0.000439251
-0.000156394
0.000110028
-0.000439251
-0.000191947
0.000216695
0.000174672
-0.000126275
0.000191947
0.000239118
-7.50898e-05
0.000140321
0.000311221
9.25861e-05
0.000272371
7.49767e-05
7.05188e-05
0.000142076
0.000160662
0.00010563
0.000268751
0.000216695
0.000156394
0.000174672
0.000153484
0.000153484
-7.94535e-05
-8.15699e-12
7.60495e-05
-0.000651843
-0.000153484
7.60495e-05
-0.000651843
-0.000216695
0.000153484
-7.94533e-05
-0.000160662
0.000156394
0.000174672
-7.49768e-05
0.00010563
0.000268751
7.05188e-05
0.000142076
0.000128097
-5.27296e-11
-0.000136922
0.00016255
2.08509e-11
-0.000298662
0.000110029
6.28095e-11
-0.000439251
7.60496e-05
1.5611e-11
-0.000651843
-1.58437e-11
-2.71093e-11
-0.000984979
-7.60496e-05
-2.63305e-11
-0.000984979
-0.000110029
1.71291e-11
-0.000651842
-0.00016255
6.39111e-11
-0.00043925
-0.000128097
2.184e-11
-0.000298662
-5.30852e-11
-0.000136921
0.000128097
-7.05188e-05
-0.000136921
0.00016255
-0.00010563
-0.000298663
0.000110028
-0.000156394
-0.000439251
7.60495e-05
-0.000153484
-0.000651843
-1.47935e-11
-7.60496e-05
-0.000984979
-7.60496e-05
-7.60496e-05
-0.000984979
-0.000110029
-0.000153484
-0.000651843
-0.00016255
-0.000156394
-0.000439251
-0.000128097
-0.00010563
-0.000298662
-7.05188e-05
-0.000136921
7.49767e-05
-9.25861e-05
0.000142076
0.000160662
-0.000140321
0.000268751
0.000216695
-0.000191947
0.000174672
0.000153484
-0.000216695
-7.94532e-05
-7.22689e-12
-0.000110029
-0.000651842
-0.000153484
-0.000110029
-0.000651842
-0.000216695
-0.000216695
-7.9453e-05
-0.000160662
-0.000191947
0.000174672
-7.49767e-05
-0.000140321
0.000268751
-9.25861e-05
0.000142076
7.50898e-05
-7.84587e-05
0.000272371
0.000126275
-9.70286e-05
0.000311221
0.000191947
-0.000126275
0.000239118
0.000156394
-0.000160662
0.000174672
1.16622e-11
-0.00016255
-0.00043925
-0.000156394
-0.00016255
-0.00043925
-0.000191947
-0.000160662
0.000174672
-0.000126275
-0.000126275
0.000239118
-7.50898e-05
-9.70286e-05
0.000311221
-7.84587e-05
0.000272371
5.31182e-05
-4.48697e-05
0.000380443
9.70286e-05
-5.31182e-05
0.000391523
0.000140321
-7.50898e-05
0.000311221
0.00010563
-7.49768e-05
0.000268751
-5.09287e-12
-0.000128097
-0.000298662
-0.00010563
-0.000128097
-0.000298662
-0.000140321
-7.49768e-05
0.000268751
-9.70286e-05
-7.50898e-05
0.000311221
-5.31182e-05
-5.31182e-05
0.000391523
-4.48697e-05
0.000380443
4.48697e-05
0.000388087
7.84587e-05
0.000380443
9.25861e-05
0.000272371
7.05188e-05
0.000142076
-1.92547e-11
-0.000136921
-7.05188e-05
-0.000136921
-9.25861e-05
0.000142076
-7.84587e-05
0.000272371
-4.48697e-05
0.000380443
0.000388087
3.12318e-05
3.12318e-05
5.35113e-05
3.4306e-05
5.46528e-05
5.50925e-05
3.30549e-05
5.01429e-05
-7.80888e-12
4.50089e-05
-3.30549e-05
4.50089e-05
-5.46528e-05
5.01429e-05
-5.35114e-05
5.50925e-05
-3.12318e-05
3.4306e-05
3.12318e-05
3.4306e-05
5.35114e-05
6.42956e-05
6.42956e-05
8.72207e-05
8.36547e-05
4.95705e-05
0.000111933
-4.57076e-13
4.59205e-05
-4.95705e-05
4.59205e-05
-8.72207e-05
0.000111933
-6.42956e-05
8.36547e-05
-3.4306e-05
6.42956e-05
5.35114e-05
5.50925e-05
5.46528e-05
8.36547e-05
8.72207e-05
0.000132083
0.000132083
0.000105277
0.000129537
3.58249e-12
3.76795e-05
-0.000105277
3.76795e-05
-0.000132083
0.000129537
-8.36547e-05
0.000132083
-5.50925e-05
8.72207e-05
5.46529e-05
5.01429e-05
3.30549e-05
0.000111933
4.95706e-05
0.000129537
0.000105277
7.12312e-05
7.12311e-05
-4.42309e-12
2.92247e-05
-7.12312e-05
2.92247e-05
-0.000129537
7.12312e-05
-0.000111933
0.000105277
-5.01429e-05
4.95706e-05
3.30549e-05
4.50089e-05
-2.66022e-11
4.59206e-05
1.44654e-11
3.76795e-05
1.4206e-11
2.92247e-05
4.76889e-12
-5.37484e-12
-7.46721e-12
-2.92247e-05
-7.19798e-12
-3.76795e-05
5.58803e-12
-4.59207e-05
1.38751e-11
-4.50089e-05
1.48905e-11
-2.70354e-11
4.50089e-05
-3.30549e-05
4.59205e-05
-4.95705e-05
3.76795e-05
-0.000105277
2.92247e-05
-7.12312e-05
-5.03101e-12
-2.92247e-05
-2.92247e-05
-2.92247e-05
-3.76795e-05
-7.12312e-05
-4.59206e-05
-0.000105277
-4.50089e-05
-4.95705e-05
-3.30549e-05
5.01429e-05
-5.46528e-05
0.000111933
-8.72207e-05
0.000129537
-0.000132083
7.12312e-05
-0.000129537
-3.78271e-12
-3.76795e-05
-7.12312e-05
-3.76795e-05
-0.000129537
-0.000129537
-0.000111933
-0.000132083
-5.01429e-05
-8.72207e-05
-5.46528e-05
5.50925e-05
-5.35114e-05
8.36547e-05
-6.42956e-05
0.000132083
-8.36547e-05
0.000105277
-0.000111933
3.01709e-12
-4.59207e-05
-0.000105277
-4.59206e-05
-0.000132083
-0.000111933
-8.36547e-05
-8.36547e-05
-5.50925e-05
-6.42956e-05
-5.35114e-05
3.4306e-05
-3.12318e-05
6.42956e-05
-3.4306e-05
8.72207e-05
-5.50925e-05
4.95706e-05
-5.01429e-05
-2.25244e-13
-4.50089e-05
-4.95706e-05
-4.50089e-05
-8.72207e-05
-5.01429e-05
-6.42956e-05
-5.50925e-05
-3.4306e-05
-3.4306e-05
-3.12318e-05
3.12318e-05
5.35114e-05
5.46529e-05
3.30549e-05
-7.85994e-12
-3.30549e-05
-5.46529e-05
-5.35114e-05
-3.12318e-05
)
;

boundaryField
{
    bottom
    {
        type            calculated;
        value           uniform 0;
    }
    atmosphere
    {
        type            calculated;
        value           nonuniform List<scalar> 
100
(
0.000325623
0.000323857
0.000216136
0.000113531
-0.000148875
-0.000148875
0.000113531
0.000216137
0.000323857
0.000325623
0.000323857
0.000331543
0.000259733
0.00024461
-0.000250003
-0.000250004
0.000244611
0.000259733
0.000331543
0.000323857
0.000216136
0.000259733
0.000142261
0.000183874
-0.000325733
-0.000325733
0.000183875
0.000142261
0.000259733
0.000216137
0.000113531
0.00024461
0.000183874
3.71578e-05
-0.000572157
-0.000572157
3.71581e-05
0.000183875
0.000244611
0.000113531
-0.000148875
-0.000250004
-0.000325733
-0.000572157
-0.00092653
-0.00092653
-0.000572156
-0.000325733
-0.000250003
-0.000148875
-0.000148875
-0.000250004
-0.000325734
-0.000572157
-0.00092653
-0.00092653
-0.000572156
-0.000325733
-0.000250003
-0.000148875
0.000113531
0.000244611
0.000183875
3.7158e-05
-0.000572156
-0.000572157
3.71583e-05
0.000183875
0.000244611
0.000113531
0.000216137
0.000259733
0.000142261
0.000183875
-0.000325733
-0.000325733
0.000183875
0.000142261
0.000259733
0.000216137
0.000323857
0.000331543
0.000259733
0.000244611
-0.000250003
-0.000250003
0.000244611
0.000259734
0.000331543
0.000323857
0.000325623
0.000323857
0.000216137
0.000113531
-0.000148875
-0.000148875
0.000113531
0.000216137
0.000323857
0.000325623
)
;
    }
    walls
    {
        type            calculated;
        value           uniform 0;
    }
}


// ************************************************************************* //
