/*--------------------------------*- C++ -*----------------------------------*\
| =========                 |                                                 |
| \\      /  F ield         | OpenFOAM: The Open Source CFD Toolbox           |
|  \\    /   O peration     | Version:  2412                                  |
|   \\  /    A nd           | Website:  www.openfoam.com                      |
|    \\/     M anipulation  |                                                 |
\*---------------------------------------------------------------------------*/
FoamFile
{
    version     2.0;
    format      ascii;
    arch        "LSB;label=32;scalar=64";
    class       volVectorField;
    location    "0.22";
    object      U;
}
// * * * * * * * * * * * * * * * * * * * * * * * * * * * * * * * * * * * * * //

dimensions      [0 1 -1 0 0 0 0];

internalField   nonuniform List<vector> 
4000
(
(-0.000965302 -0.000965298 0.000882789)
(-0.00259691 -0.00101697 0.000749873)
(-0.00324829 -0.00110683 0.000515693)
(-0.00268697 -0.00119892 0.00028008)
(-0.00106961 -0.00126586 0.000111445)
(0.0010696 -0.00126586 0.000111445)
(0.00268697 -0.00119892 0.000280079)
(0.00324828 -0.00110683 0.000515693)
(0.00259691 -0.00101697 0.000749871)
(0.0009653 -0.000965299 0.000882788)
(-0.00101697 -0.00259692 0.000749872)
(-0.00273884 -0.00273885 0.000601953)
(-0.0034309 -0.00298544 0.000340866)
(-0.00284701 -0.00323974 7.64514e-05)
(-0.00113714 -0.0034247 -0.000115681)
(0.00113713 -0.0034247 -0.000115682)
(0.002847 -0.00323974 7.64508e-05)
(0.0034309 -0.00298544 0.000340865)
(0.00273884 -0.00273885 0.000601951)
(0.00101697 -0.00259692 0.000749872)
(-0.00110683 -0.00324828 0.000515693)
(-0.00298543 -0.0034309 0.000340866)
(-0.00375015 -0.00375015 3.11468e-05)
(-0.00312731 -0.00407981 -0.000286218)
(-0.00125499 -0.0043222 -0.000520956)
(0.00125498 -0.0043222 -0.000520956)
(0.0031273 -0.00407981 -0.000286219)
(0.00375014 -0.00375015 3.11462e-05)
(0.00298543 -0.0034309 0.000340864)
(0.00110683 -0.00324828 0.000515692)
(-0.00119892 -0.00268697 0.000280079)
(-0.00323974 -0.00284701 7.64507e-05)
(-0.00407981 -0.00312731 -0.000286218)
(-0.00341924 -0.00341924 -0.000660678)
(-0.00137951 -0.00363668 -0.000943897)
(0.0013795 -0.00363668 -0.000943897)
(0.00341923 -0.00341924 -0.000660679)
(0.0040798 -0.00312731 -0.000286219)
(0.00323973 -0.00284701 7.64494e-05)
(0.00119892 -0.00268697 0.000280078)
(-0.00126587 -0.00106961 0.000111443)
(-0.00342469 -0.00113714 -0.000115683)
(-0.00432221 -0.00125499 -0.000520957)
(-0.00363668 -0.00137951 -0.000943898)
(-0.00147232 -0.00147232 -0.00126785)
(0.00147231 -0.00147232 -0.00126785)
(0.00363667 -0.00137951 -0.000943899)
(0.0043222 -0.00125499 -0.000520958)
(0.00342469 -0.00113714 -0.000115684)
(0.00126586 -0.00106961 0.000111443)
(-0.00126587 0.0010696 0.000111443)
(-0.00342469 0.00113713 -0.000115684)
(-0.00432221 0.00125499 -0.000520958)
(-0.00363668 0.0013795 -0.000943898)
(-0.00147232 0.00147231 -0.00126785)
(0.00147231 0.00147231 -0.00126785)
(0.00363667 0.0013795 -0.000943899)
(0.0043222 0.00125499 -0.000520959)
(0.00342469 0.00113714 -0.000115685)
(0.00126587 0.0010696 0.000111442)
(-0.00119892 0.00268697 0.000280076)
(-0.00323974 0.002847 7.64481e-05)
(-0.00407981 0.0031273 -0.000286221)
(-0.00341924 0.00341923 -0.000660681)
(-0.00137951 0.00363667 -0.0009439)
(0.0013795 0.00363667 -0.0009439)
(0.00341923 0.00341924 -0.000660681)
(0.0040798 0.0031273 -0.000286222)
(0.00323973 0.002847 7.6447e-05)
(0.00119892 0.00268697 0.000280076)
(-0.00110683 0.00324829 0.000515689)
(-0.00298544 0.0034309 0.000340862)
(-0.00375015 0.00375015 3.11432e-05)
(-0.00312731 0.00407981 -0.000286221)
(-0.00125499 0.00432221 -0.00052096)
(0.00125498 0.00432221 -0.00052096)
(0.0031273 0.00407981 -0.000286222)
(0.00375014 0.00375015 3.11424e-05)
(0.00298543 0.0034309 0.000340861)
(0.00110683 0.00324829 0.000515688)
(-0.00101697 0.00259691 0.000749867)
(-0.00273884 0.00273884 0.000601948)
(-0.0034309 0.00298543 0.000340861)
(-0.00284701 0.00323973 7.64467e-05)
(-0.00113714 0.00342469 -0.000115686)
(0.00113713 0.00342469 -0.000115686)
(0.002847 0.00323973 7.64464e-05)
(0.0034309 0.00298543 0.000340861)
(0.00273884 0.00273884 0.000601947)
(0.00101697 0.00259691 0.000749867)
(-0.000965302 0.000965304 0.000882783)
(-0.00259692 0.00101697 0.000749867)
(-0.00324829 0.00110683 0.000515688)
(-0.00268697 0.00119892 0.000280075)
(-0.00106961 0.00126587 0.00011144)
(0.0010696 0.00126587 0.00011144)
(0.00268697 0.00119893 0.000280075)
(0.00324828 0.00110683 0.000515687)
(0.00259691 0.00101697 0.000749866)
(0.0009653 0.000965304 0.000882783)
(-0.00103477 -0.00103477 0.00271581)
(-0.00278708 -0.00109376 0.00230868)
(-0.00348949 -0.00119689 0.00159224)
(-0.00289481 -0.00130313 0.000870921)
(-0.00115637 -0.00138168 0.000350862)
(0.00115636 -0.00138168 0.000350861)
(0.0028948 -0.00130313 0.000870921)
(0.00348949 -0.00119689 0.00159224)
(0.00278708 -0.00109376 0.00230868)
(0.00103477 -0.00103477 0.00271581)
(-0.00109377 -0.00278708 0.00230868)
(-0.00295 -0.00295 0.00185471)
(-0.0037003 -0.00323427 0.00105403)
(-0.00308037 -0.00352925 0.000242539)
(-0.0012357 -0.00374738 -0.000351961)
(0.00123569 -0.00374738 -0.000351962)
(0.00308036 -0.00352925 0.000242538)
(0.0037003 -0.00323427 0.00105403)
(0.00294999 -0.00295 0.00185471)
(0.00109377 -0.00278708 0.00230867)
(-0.00119689 -0.00348949 0.00159225)
(-0.00323427 -0.0037003 0.00105403)
(-0.00407076 -0.00407075 0.000100544)
(-0.00340875 -0.00445601 -0.000878223)
(-0.00137506 -0.00474438 -0.00160867)
(0.00137505 -0.00474438 -0.00160867)
(0.00340874 -0.00445601 -0.000878224)
(0.00407075 -0.00407075 0.000100542)
(0.00323427 -0.0037003 0.00105403)
(0.00119689 -0.00348949 0.00159224)
(-0.00130313 -0.00289481 0.000870922)
(-0.00352925 -0.00308037 0.00024254)
(-0.00445602 -0.00340875 -0.000878222)
(-0.00375384 -0.00375384 -0.00203851)
(-0.00152401 -0.00401612 -0.00292483)
(0.001524 -0.00401612 -0.00292483)
(0.00375383 -0.00375384 -0.00203851)
(0.00445601 -0.00340875 -0.000878224)
(0.00352925 -0.00308037 0.000242537)
(0.00130313 -0.00289481 0.000870919)
(-0.00138168 -0.00115637 0.000350863)
(-0.00374738 -0.00123569 -0.00035196)
(-0.00474438 -0.00137506 -0.00160867)
(-0.00401612 -0.00152401 -0.00292483)
(-0.00163736 -0.00163736 -0.00394376)
(0.00163735 -0.00163736 -0.00394376)
(0.00401611 -0.00152401 -0.00292484)
(0.00474437 -0.00137506 -0.00160867)
(0.00374738 -0.00123569 -0.000351963)
(0.00138168 -0.00115637 0.00035086)
(-0.00138168 0.00115637 0.000350864)
(-0.00374738 0.00123569 -0.000351959)
(-0.00474438 0.00137505 -0.00160867)
(-0.00401612 0.001524 -0.00292483)
(-0.00163736 0.00163735 -0.00394376)
(0.00163735 0.00163735 -0.00394376)
(0.00401611 0.001524 -0.00292483)
(0.00474437 0.00137505 -0.00160867)
(0.00374738 0.00123569 -0.000351962)
(0.00138168 0.00115637 0.000350861)
(-0.00130313 0.00289481 0.000870924)
(-0.00352925 0.00308036 0.000242541)
(-0.00445602 0.00340874 -0.000878221)
(-0.00375384 0.00375383 -0.00203851)
(-0.00152401 0.00401611 -0.00292483)
(0.001524 0.00401611 -0.00292483)
(0.00375383 0.00375383 -0.00203851)
(0.00445601 0.00340874 -0.000878224)
(0.00352925 0.00308036 0.000242538)
(0.00130313 0.00289481 0.000870921)
(-0.00119689 0.00348949 0.00159225)
(-0.00323427 0.0037003 0.00105403)
(-0.00407076 0.00407075 0.000100547)
(-0.00340875 0.00445601 -0.000878221)
(-0.00137506 0.00474438 -0.00160867)
(0.00137505 0.00474438 -0.00160867)
(0.00340874 0.00445601 -0.000878222)
(0.00407075 0.00407076 0.000100545)
(0.00323427 0.0037003 0.00105403)
(0.00119689 0.00348949 0.00159225)
(-0.00109377 0.00278708 0.00230868)
(-0.00295 0.00294999 0.00185472)
(-0.00370031 0.00323427 0.00105403)
(-0.00308037 0.00352925 0.000242541)
(-0.0012357 0.00374737 -0.00035196)
(0.00123569 0.00374737 -0.00035196)
(0.00308036 0.00352925 0.00024254)
(0.0037003 0.00323427 0.00105403)
(0.00294999 0.00294999 0.00185472)
(0.00109377 0.00278708 0.00230868)
(-0.00103477 0.00103477 0.00271582)
(-0.00278708 0.00109377 0.00230868)
(-0.00348949 0.0011969 0.00159225)
(-0.00289481 0.00130313 0.000870924)
(-0.00115638 0.00138168 0.000350864)
(0.00115636 0.00138168 0.000350864)
(0.00289481 0.00130313 0.000870923)
(0.00348949 0.0011969 0.00159225)
(0.00278708 0.00109377 0.00230868)
(0.00103477 0.00103477 0.00271582)
(-0.00117166 -0.00117165 0.00474115)
(-0.003165 -0.00124647 0.00403978)
(-0.00397337 -0.0013782 0.00280222)
(-0.00331308 -0.00151521 0.00155282)
(-0.0013317 -0.00161932 0.000644507)
(0.00133168 -0.00161932 0.000644506)
(0.00331307 -0.00151521 0.00155282)
(0.00397336 -0.0013782 0.00280222)
(0.003165 -0.00124647 0.00403978)
(0.00117166 -0.00117165 0.00474115)
(-0.00124647 -0.00316501 0.00403978)
(-0.0033725 -0.0033725 0.00325398)
(-0.00424368 -0.00373766 0.00186361)
(-0.00355477 -0.00412069 0.000449817)
(-0.00143658 -0.00441091 -0.000596768)
(0.00143657 -0.00441091 -0.000596768)
(0.00355476 -0.00412069 0.000449815)
(0.00424367 -0.00373766 0.00186361)
(0.00337249 -0.0033725 0.00325398)
(0.00124647 -0.00316501 0.00403978)
(-0.0013782 -0.00397337 0.00280222)
(-0.00373766 -0.00424367 0.00186361)
(-0.00472352 -0.00472352 0.00019496)
(-0.00398703 -0.00522822 -0.00152663)
(-0.00162261 -0.00561693 -0.00282749)
(0.0016226 -0.00561693 -0.00282749)
(0.00398702 -0.00522822 -0.00152663)
(0.00472352 -0.00472352 0.000194957)
(0.00373765 -0.00424367 0.00186361)
(0.0013782 -0.00397337 0.00280221)
(-0.00151522 -0.00331308 0.00155282)
(-0.00412069 -0.00355476 0.000449816)
(-0.00522822 -0.00398702 -0.00152663)
(-0.00444804 -0.00444803 -0.00358563)
(-0.00182529 -0.00480994 -0.00518309)
(0.00182527 -0.00480994 -0.00518309)
(0.00444802 -0.00444803 -0.00358563)
(0.00522822 -0.00398703 -0.00152663)
(0.00412068 -0.00355477 0.000449811)
(0.00151522 -0.00331308 0.00155282)
(-0.00161932 -0.00133169 0.000644505)
(-0.0044109 -0.00143657 -0.00059677)
(-0.00561693 -0.0016226 -0.00282749)
(-0.00480994 -0.00182528 -0.00518309)
(-0.00198458 -0.00198458 -0.00703862)
(0.00198457 -0.00198458 -0.00703862)
(0.00480993 -0.00182528 -0.0051831)
(0.00561692 -0.0016226 -0.00282749)
(0.0044109 -0.00143657 -0.000596775)
(0.00161932 -0.00133169 0.000644499)
(-0.00161932 0.00133169 0.000644504)
(-0.0044109 0.00143657 -0.00059677)
(-0.00561693 0.0016226 -0.00282749)
(-0.00480994 0.00182528 -0.00518309)
(-0.00198458 0.00198457 -0.00703862)
(0.00198457 0.00198457 -0.00703862)
(0.00480993 0.00182528 -0.0051831)
(0.00561692 0.0016226 -0.00282749)
(0.0044109 0.00143657 -0.000596775)
(0.00161932 0.00133169 0.000644499)
(-0.00151522 0.00331307 0.00155282)
(-0.00412069 0.00355476 0.000449812)
(-0.00522822 0.00398702 -0.00152663)
(-0.00444804 0.00444803 -0.00358563)
(-0.00182529 0.00480993 -0.0051831)
(0.00182527 0.00480993 -0.0051831)
(0.00444803 0.00444803 -0.00358564)
(0.00522822 0.00398702 -0.00152664)
(0.00412069 0.00355476 0.000449807)
(0.00151522 0.00331308 0.00155281)
(-0.0013782 0.00397337 0.00280221)
(-0.00373766 0.00424368 0.00186361)
(-0.00472352 0.00472352 0.000194955)
(-0.00398703 0.00522822 -0.00152663)
(-0.00162261 0.00561693 -0.00282749)
(0.0016226 0.00561693 -0.00282749)
(0.00398702 0.00522822 -0.00152664)
(0.00472352 0.00472352 0.000194951)
(0.00373765 0.00424368 0.0018636)
(0.0013782 0.00397337 0.00280221)
(-0.00124647 0.003165 0.00403978)
(-0.0033725 0.00337249 0.00325398)
(-0.00424368 0.00373765 0.0018636)
(-0.00355477 0.00412068 0.000449809)
(-0.00143658 0.0044109 -0.000596775)
(0.00143657 0.0044109 -0.000596776)
(0.00355476 0.00412068 0.000449808)
(0.00424367 0.00373765 0.0018636)
(0.00337249 0.00337249 0.00325397)
(0.00124647 0.003165 0.00403977)
(-0.00117166 0.00117166 0.00474115)
(-0.00316501 0.00124648 0.00403978)
(-0.00397337 0.0013782 0.00280221)
(-0.00331308 0.00151522 0.00155281)
(-0.0013317 0.00161933 0.000644499)
(0.00133169 0.00161933 0.000644498)
(0.00331307 0.00151522 0.00155281)
(0.00397337 0.0013782 0.00280221)
(0.003165 0.00124648 0.00403977)
(0.00117166 0.00117166 0.00474115)
(-0.0013862 -0.0013862 0.00709412)
(-0.00375698 -0.00148711 0.00606575)
(-0.00473272 -0.00166616 0.00424363)
(-0.00397368 -0.00185452 0.0023963)
(-0.00161045 -0.00200216 0.00103575)
(0.00161044 -0.00200216 0.00103575)
(0.00397367 -0.00185452 0.0023963)
(0.00473271 -0.00166617 0.00424362)
(0.00375698 -0.00148711 0.00606575)
(0.0013862 -0.0013862 0.00709412)
(-0.00148711 -0.00375699 0.00606575)
(-0.00403833 -0.00403833 0.00490503)
(-0.00510227 -0.00453809 0.0028422)
(-0.00431037 -0.0050692 0.000732909)
(-0.00175904 -0.00548347 -0.000853926)
(0.00175903 -0.00548347 -0.000853927)
(0.00431036 -0.0050692 0.000732906)
(0.00510226 -0.00453809 0.0028422)
(0.00403833 -0.00403834 0.00490502)
(0.00148711 -0.00375699 0.00606574)
(-0.00166617 -0.00473272 0.00424363)
(-0.00453808 -0.00510227 0.0028422)
(-0.00576597 -0.00576596 0.000337788)
(-0.0049199 -0.00647397 -0.00226725)
(-0.00202565 -0.00703786 -0.00427337)
(0.00202563 -0.00703786 -0.00427337)
(0.00491989 -0.00647397 -0.00226726)
(0.00576596 -0.00576596 0.000337783)
(0.00453808 -0.00510227 0.0028422)
(0.00166617 -0.00473272 0.00424362)
(-0.00185452 -0.00397368 0.0023963)
(-0.0050692 -0.00431037 0.000732909)
(-0.00647397 -0.0049199 -0.00226725)
(-0.00558206 -0.00558206 -0.00542375)
(-0.00232303 -0.00612175 -0.00793143)
(0.00232301 -0.00612175 -0.00793143)
(0.00558205 -0.00558206 -0.00542376)
(0.00647396 -0.0049199 -0.00226726)
(0.0050692 -0.00431037 0.000732903)
(0.00185452 -0.00397368 0.0023963)
(-0.00200216 -0.00161045 0.00103576)
(-0.00548347 -0.00175904 -0.000853926)
(-0.00703786 -0.00202564 -0.00427337)
(-0.00612175 -0.00232302 -0.00793143)
(-0.00256553 -0.00256553 -0.0108895)
(0.00256552 -0.00256553 -0.0108895)
(0.00612174 -0.00232302 -0.00793144)
(0.00703786 -0.00202564 -0.00427337)
(0.00548347 -0.00175904 -0.000853933)
(0.00200216 -0.00161045 0.00103575)
(-0.00200216 0.00161044 0.00103576)
(-0.00548347 0.00175904 -0.000853924)
(-0.00703786 0.00202564 -0.00427336)
(-0.00612175 0.00232302 -0.00793143)
(-0.00256553 0.00256552 -0.0108895)
(0.00256552 0.00256552 -0.0108895)
(0.00612174 0.00232302 -0.00793144)
(0.00703786 0.00202564 -0.00427337)
(0.00548347 0.00175904 -0.000853931)
(0.00200216 0.00161044 0.00103575)
(-0.00185452 0.00397367 0.0023963)
(-0.0050692 0.00431036 0.000732909)
(-0.00647397 0.00491989 -0.00226725)
(-0.00558206 0.00558205 -0.00542376)
(-0.00232303 0.00612174 -0.00793144)
(0.00232301 0.00612174 -0.00793144)
(0.00558205 0.00558205 -0.00542376)
(0.00647396 0.00491989 -0.00226726)
(0.0050692 0.00431036 0.000732902)
(0.00185452 0.00397367 0.0023963)
(-0.00166617 0.00473272 0.00424363)
(-0.00453808 0.00510227 0.00284221)
(-0.00576597 0.00576596 0.000337789)
(-0.0049199 0.00647396 -0.00226725)
(-0.00202565 0.00703786 -0.00427337)
(0.00202563 0.00703786 -0.00427337)
(0.00491989 0.00647397 -0.00226726)
(0.00576596 0.00576596 0.000337784)
(0.00453808 0.00510227 0.0028422)
(0.00166617 0.00473272 0.00424362)
(-0.00148711 0.00375698 0.00606575)
(-0.00403833 0.00403833 0.00490503)
(-0.00510227 0.00453808 0.0028422)
(-0.00431037 0.00506919 0.000732908)
(-0.00175904 0.00548347 -0.000853928)
(0.00175903 0.00548347 -0.000853929)
(0.00431036 0.0050692 0.000732905)
(0.00510226 0.00453808 0.0028422)
(0.00403833 0.00403833 0.00490502)
(0.00148711 0.00375698 0.00606575)
(-0.0013862 0.00138621 0.00709413)
(-0.00375698 0.00148712 0.00606575)
(-0.00473272 0.00166617 0.00424363)
(-0.00397368 0.00185452 0.0023963)
(-0.00161045 0.00200217 0.00103575)
(0.00161044 0.00200217 0.00103575)
(0.00397367 0.00185452 0.0023963)
(0.00473271 0.00166617 0.00424362)
(0.00375698 0.00148712 0.00606575)
(0.0013862 0.00138621 0.00709412)
(-0.00168762 -0.00168761 0.00993062)
(-0.00459154 -0.00182797 0.00852999)
(-0.00580773 -0.00207956 0.00603455)
(-0.0049173 -0.00234716 0.00348968)
(-0.00201197 -0.00256405 0.0015835)
(0.00201195 -0.00256405 0.0015835)
(0.00491729 -0.00234716 0.00348968)
(0.00580772 -0.00207956 0.00603454)
(0.00459154 -0.00182798 0.00852998)
(0.00168761 -0.00168761 0.00993061)
(-0.00182798 -0.00459154 0.00852999)
(-0.00498524 -0.00498524 0.00693309)
(-0.00632973 -0.00569137 0.00407947)
(-0.00540256 -0.0064529 0.00113897)
(-0.0022301 -0.00706558 -0.00112058)
(0.00223009 -0.00706558 -0.00112058)
(0.00540255 -0.0064529 0.00113897)
(0.00632972 -0.00569137 0.00407947)
(0.00498523 -0.00498524 0.00693308)
(0.00182798 -0.00459155 0.00852998)
(-0.00207956 -0.00580772 0.00603455)
(-0.00569137 -0.00632972 0.00407947)
(-0.00727843 -0.00727843 0.000563019)
(-0.00629244 -0.00830697 -0.00313647)
(-0.00262598 -0.00915632 -0.00605691)
(0.00262596 -0.00915632 -0.00605691)
(0.00629243 -0.00830698 -0.00313648)
(0.00727842 -0.00727843 0.000563012)
(0.00569137 -0.00632973 0.00407946)
(0.00207956 -0.00580772 0.00603454)
(-0.00234717 -0.0049173 0.00348968)
(-0.0064529 -0.00540256 0.00113897)
(-0.00830698 -0.00629244 -0.00313647)
(-0.00728009 -0.00728009 -0.00769701)
(-0.00307972 -0.00811808 -0.0114347)
(0.00307971 -0.00811808 -0.0114347)
(0.00728007 -0.00728009 -0.00769702)
(0.00830697 -0.00629244 -0.00313648)
(0.00645289 -0.00540256 0.00113896)
(0.00234717 -0.0049173 0.00348967)
(-0.00256405 -0.00201196 0.0015835)
(-0.00706558 -0.00223009 -0.00112058)
(-0.00915632 -0.00262597 -0.00605691)
(-0.00811808 -0.00307972 -0.0114347)
(-0.00346448 -0.00346448 -0.0159349)
(0.00346447 -0.00346448 -0.0159349)
(0.00811806 -0.00307972 -0.0114347)
(0.00915632 -0.00262597 -0.00605692)
(0.00706558 -0.00223009 -0.00112059)
(0.00256405 -0.00201196 0.00158349)
(-0.00256405 0.00201196 0.0015835)
(-0.00706558 0.00223009 -0.00112058)
(-0.00915632 0.00262597 -0.00605691)
(-0.00811808 0.00307971 -0.0114347)
(-0.00346448 0.00346447 -0.0159349)
(0.00346447 0.00346447 -0.0159349)
(0.00811806 0.00307971 -0.0114347)
(0.00915631 0.00262597 -0.00605692)
(0.00706558 0.00223009 -0.00112059)
(0.00256405 0.00201196 0.00158349)
(-0.00234717 0.0049173 0.00348967)
(-0.0064529 0.00540256 0.00113896)
(-0.00830698 0.00629243 -0.00313648)
(-0.00728009 0.00728008 -0.00769702)
(-0.00307972 0.00811807 -0.0114347)
(0.00307971 0.00811807 -0.0114347)
(0.00728008 0.00728008 -0.00769702)
(0.00830697 0.00629243 -0.00313649)
(0.00645289 0.00540256 0.00113895)
(0.00234717 0.0049173 0.00348966)
(-0.00207956 0.00580773 0.00603454)
(-0.00569137 0.00632973 0.00407947)
(-0.00727843 0.00727843 0.000563012)
(-0.00629244 0.00830698 -0.00313648)
(-0.00262598 0.00915632 -0.00605692)
(0.00262596 0.00915632 -0.00605692)
(0.00629243 0.00830698 -0.00313648)
(0.00727842 0.00727843 0.000563005)
(0.00569137 0.00632973 0.00407946)
(0.00207956 0.00580773 0.00603453)
(-0.00182798 0.00459154 0.00852998)
(-0.00498524 0.00498523 0.00693308)
(-0.00632973 0.00569137 0.00407946)
(-0.00540257 0.00645289 0.00113896)
(-0.0022301 0.00706558 -0.00112059)
(0.00223009 0.00706558 -0.00112059)
(0.00540255 0.00645289 0.00113896)
(0.00632972 0.00569137 0.00407946)
(0.00498524 0.00498524 0.00693307)
(0.00182798 0.00459154 0.00852998)
(-0.00168762 0.00168762 0.00993061)
(-0.00459155 0.00182798 0.00852998)
(-0.00580773 0.00207957 0.00603454)
(-0.00491731 0.00234717 0.00348967)
(-0.00201197 0.00256406 0.00158349)
(0.00201196 0.00256406 0.00158349)
(0.00491729 0.00234717 0.00348967)
(0.00580772 0.00207957 0.00603453)
(0.00459154 0.00182798 0.00852998)
(0.00168762 0.00168762 0.0099306)
(-0.00208898 -0.00208898 0.0134268)
(-0.00570668 -0.00228645 0.0115974)
(-0.00725189 -0.00264468 0.00831769)
(-0.00619978 -0.00303029 0.00494638)
(-0.00256352 -0.00335408 0.00236813)
(0.0025635 -0.00335408 0.00236813)
(0.00619977 -0.00303029 0.00494637)
(0.00725188 -0.00264468 0.00831768)
(0.00570668 -0.00228645 0.0115974)
(0.00208898 -0.00208898 0.0134268)
(-0.00228645 -0.00570668 0.0115974)
(-0.00626451 -0.00626452 0.00948638)
(-0.00799935 -0.00727496 0.00568834)
(-0.00690989 -0.00838285 0.00173482)
(-0.00288901 -0.00930379 -0.00138435)
(0.002889 -0.00930379 -0.00138435)
(0.00690987 -0.00838285 0.00173482)
(0.00799934 -0.00727497 0.00568833)
(0.00626451 -0.00626452 0.00948638)
(0.00228645 -0.00570669 0.0115974)
(-0.00264468 -0.00725189 0.00831769)
(-0.00727496 -0.00799935 0.00568834)
(-0.00937429 -0.00937429 0.000923418)
(-0.00822951 -0.0108928 -0.0041651)
(-0.00348649 -0.0121962 -0.00830644)
(0.00348647 -0.0121962 -0.00830644)
(0.0082295 -0.0108928 -0.00416511)
(0.00937428 -0.00937429 0.000923409)
(0.00727496 -0.00799935 0.00568833)
(0.00264468 -0.00725189 0.00831768)
(-0.00303029 -0.00619979 0.00494638)
(-0.00838285 -0.00690989 0.00173482)
(-0.0108928 -0.00822951 -0.0041651)
(-0.00973102 -0.00973102 -0.0105736)
(-0.00419312 -0.0110608 -0.0160322)
(0.0041931 -0.0110608 -0.0160322)
(0.009731 -0.00973102 -0.0105736)
(0.0108928 -0.00822952 -0.00416511)
(0.00838284 -0.00690989 0.00173481)
(0.00303029 -0.00619979 0.00494636)
(-0.00335408 -0.00256351 0.00236813)
(-0.00930379 -0.00288901 -0.00138435)
(-0.0121962 -0.00348648 -0.00830644)
(-0.0110608 -0.00419311 -0.0160322)
(-0.00481758 -0.00481757 -0.0227752)
(0.00481756 -0.00481757 -0.0227752)
(0.0110608 -0.00419311 -0.0160322)
(0.0121962 -0.00348649 -0.00830645)
(0.00930379 -0.00288901 -0.00138436)
(0.00335408 -0.00256351 0.00236812)
(-0.00335408 0.0025635 0.00236814)
(-0.00930379 0.002889 -0.00138434)
(-0.0121962 0.00348647 -0.00830643)
(-0.0110608 0.0041931 -0.0160322)
(-0.00481758 0.00481756 -0.0227752)
(0.00481756 0.00481756 -0.0227752)
(0.0110608 0.0041931 -0.0160322)
(0.0121962 0.00348648 -0.00830645)
(0.00930379 0.002889 -0.00138436)
(0.00335408 0.00256351 0.00236812)
(-0.00303029 0.00619977 0.00494638)
(-0.00838285 0.00690987 0.00173482)
(-0.0108928 0.0082295 -0.0041651)
(-0.00973102 0.009731 -0.0105736)
(-0.00419312 0.0110608 -0.0160322)
(0.0041931 0.0110608 -0.0160322)
(0.009731 0.00973101 -0.0105736)
(0.0108928 0.0082295 -0.00416511)
(0.00838285 0.00690988 0.00173481)
(0.00303029 0.00619978 0.00494636)
(-0.00264468 0.00725189 0.00831769)
(-0.00727496 0.00799935 0.00568834)
(-0.0093743 0.00937429 0.000923416)
(-0.00822951 0.0108928 -0.0041651)
(-0.00348649 0.0121962 -0.00830644)
(0.00348647 0.0121962 -0.00830644)
(0.0082295 0.0108928 -0.00416511)
(0.00937429 0.00937429 0.000923408)
(0.00727496 0.00799935 0.00568833)
(0.00264468 0.00725189 0.00831768)
(-0.00228645 0.00570667 0.0115974)
(-0.00626452 0.00626451 0.00948638)
(-0.00799935 0.00727495 0.00568833)
(-0.00690989 0.00838284 0.00173482)
(-0.00288901 0.00930378 -0.00138435)
(0.002889 0.00930378 -0.00138435)
(0.00690988 0.00838284 0.00173481)
(0.00799935 0.00727496 0.00568833)
(0.00626451 0.00626451 0.00948637)
(0.00228645 0.00570668 0.0115974)
(-0.00208898 0.00208898 0.0134268)
(-0.00570668 0.00228646 0.0115974)
(-0.00725189 0.00264468 0.00831769)
(-0.00619979 0.00303029 0.00494637)
(-0.00256352 0.00335409 0.00236813)
(0.0025635 0.00335409 0.00236813)
(0.00619977 0.00303029 0.00494637)
(0.00725188 0.00264468 0.00831768)
(0.00570668 0.00228646 0.0115974)
(0.00208898 0.00208898 0.0134268)
(-0.00260593 -0.00260593 0.0177883)
(-0.00714844 -0.00288432 0.0154654)
(-0.00913158 -0.00339556 0.0112714)
(-0.00789304 -0.00395357 0.00691648)
(-0.00330103 -0.00444016 0.00350345)
(0.00330101 -0.00444016 0.00350345)
(0.00789303 -0.00395358 0.00691647)
(0.00913158 -0.00339556 0.0112714)
(0.00714843 -0.00288432 0.0154654)
(0.00260593 -0.00260593 0.0177883)
(-0.00288433 -0.00714844 0.0154654)
(-0.00794072 -0.00794072 0.012746)
(-0.0102056 -0.0093899 0.00781578)
(-0.00893795 -0.0110093 0.00261723)
(-0.00379004 -0.0124029 -0.00161546)
(0.00379002 -0.0124029 -0.00161546)
(0.00893794 -0.0110093 0.00261722)
(0.0102056 -0.0093899 0.00781577)
(0.00794071 -0.00794072 0.012746)
(0.00288432 -0.00714844 0.0154654)
(-0.00339557 -0.00913158 0.0112714)
(-0.00938989 -0.0102056 0.00781578)
(-0.0122058 -0.0122058 0.00150139)
(-0.0109066 -0.0144629 -0.005372)
(-0.00469789 -0.0164828 -0.0111704)
(0.00469788 -0.0164828 -0.0111704)
(0.0109066 -0.0144629 -0.00537201)
(0.0122058 -0.0122058 0.00150138)
(0.00938989 -0.0102056 0.00781576)
(0.00339556 -0.00913158 0.0112714)
(-0.00395358 -0.00789304 0.00691648)
(-0.0110093 -0.00893795 0.00261723)
(-0.0144629 -0.0109066 -0.005372)
(-0.0132132 -0.0132132 -0.0142537)
(-0.00581169 -0.0153522 -0.0221739)
(0.00581167 -0.0153522 -0.0221739)
(0.0132131 -0.0132132 -0.0142537)
(0.0144629 -0.0109066 -0.00537202)
(0.0110093 -0.00893796 0.00261721)
(0.00395358 -0.00789304 0.00691646)
(-0.00444017 -0.00330102 0.00350345)
(-0.0124029 -0.00379003 -0.00161546)
(-0.0164828 -0.00469789 -0.0111704)
(-0.0153522 -0.00581169 -0.0221739)
(-0.00684024 -0.00684024 -0.0322655)
(0.00684022 -0.00684024 -0.0322655)
(0.0153522 -0.00581169 -0.0221739)
(0.0164828 -0.00469789 -0.0111705)
(0.0124029 -0.00379004 -0.00161548)
(0.00444016 -0.00330102 0.00350343)
(-0.00444017 0.00330102 0.00350345)
(-0.0124029 0.00379003 -0.00161546)
(-0.0164828 0.00469788 -0.0111704)
(-0.0153522 0.00581168 -0.0221739)
(-0.00684024 0.00684023 -0.0322655)
(0.00684022 0.00684023 -0.0322655)
(0.0153522 0.00581168 -0.0221739)
(0.0164828 0.00469788 -0.0111705)
(0.0124029 0.00379003 -0.00161547)
(0.00444016 0.00330102 0.00350344)
(-0.00395358 0.00789304 0.00691647)
(-0.0110093 0.00893794 0.00261722)
(-0.0144629 0.0109066 -0.00537201)
(-0.0132132 0.0132132 -0.0142537)
(-0.0058117 0.0153522 -0.0221739)
(0.00581168 0.0153522 -0.0221739)
(0.0132131 0.0132132 -0.0142537)
(0.0144629 0.0109066 -0.00537203)
(0.0110093 0.00893795 0.0026172)
(0.00395358 0.00789304 0.00691646)
(-0.00339557 0.00913158 0.0112714)
(-0.0093899 0.0102056 0.00781577)
(-0.0122059 0.0122058 0.00150138)
(-0.0109066 0.0144629 -0.00537201)
(-0.00469789 0.0164828 -0.0111705)
(0.00469788 0.0164828 -0.0111705)
(0.0109066 0.0144629 -0.00537202)
(0.0122058 0.0122059 0.00150137)
(0.00938989 0.0102056 0.00781576)
(0.00339557 0.00913159 0.0112714)
(-0.00288433 0.00714843 0.0154654)
(-0.00794072 0.00794071 0.012746)
(-0.0102056 0.00938989 0.00781577)
(-0.00893796 0.0110093 0.00261721)
(-0.00379004 0.0124029 -0.00161547)
(0.00379003 0.0124029 -0.00161547)
(0.00893794 0.0110093 0.00261721)
(0.0102056 0.00938989 0.00781576)
(0.00794072 0.00794072 0.012746)
(0.00288432 0.00714844 0.0154654)
(-0.00260593 0.00260594 0.0177883)
(-0.00714844 0.00288433 0.0154654)
(-0.00913159 0.00339557 0.0112714)
(-0.00789305 0.00395358 0.00691646)
(-0.00330103 0.00444017 0.00350344)
(0.00330101 0.00444017 0.00350344)
(0.00789303 0.00395358 0.00691646)
(0.00913158 0.00339557 0.0112714)
(0.00714844 0.00288433 0.0154654)
(0.00260593 0.00260594 0.0177883)
(-0.00325583 -0.00325582 0.0232532)
(-0.00896848 -0.00364685 0.0203678)
(-0.0115236 -0.00437404 0.015119)
(-0.0100851 -0.00518084 0.00959963)
(-0.00426989 -0.00591337 0.00515085)
(0.00426987 -0.00591337 0.00515085)
(0.0100851 -0.00518084 0.00959962)
(0.0115236 -0.00437404 0.015119)
(0.00896848 -0.00364685 0.0203678)
(0.00325583 -0.00325582 0.0232532)
(-0.00364685 -0.00896848 0.0203678)
(-0.0100901 -0.0100901 0.0169335)
(-0.013064 -0.0121614 0.0106548)
(-0.0116237 -0.0145279 0.00392696)
(-0.00500602 -0.0166405 -0.00175531)
(0.005006 -0.0166405 -0.00175531)
(0.0116237 -0.0145279 0.00392695)
(0.013064 -0.0121614 0.0106548)
(0.0100901 -0.0100901 0.0169334)
(0.00364685 -0.00896849 0.0203678)
(-0.00437405 -0.0115236 0.015119)
(-0.0121614 -0.013064 0.0106548)
(-0.0159695 -0.0159695 0.00242578)
(-0.0145638 -0.0193317 -0.00674935)
(-0.00638824 -0.0224806 -0.0148136)
(0.00638822 -0.0224806 -0.0148136)
(0.0145638 -0.0193317 -0.00674936)
(0.0159695 -0.0159696 0.00242577)
(0.0121614 -0.013064 0.0106547)
(0.00437405 -0.0115236 0.015119)
(-0.00518084 -0.0100851 0.00959963)
(-0.0145279 -0.0116237 0.00392696)
(-0.0193317 -0.0145638 -0.00674935)
(-0.0181306 -0.0181306 -0.0189706)
(-0.00815902 -0.0216071 -0.0304642)
(0.008159 -0.0216071 -0.0304642)
(0.0181306 -0.0181306 -0.0189706)
(0.0193316 -0.0145638 -0.00674937)
(0.0145278 -0.0116237 0.00392694)
(0.00518084 -0.0100851 0.00959961)
(-0.00591337 -0.00426989 0.00515085)
(-0.0166405 -0.00500602 -0.00175531)
(-0.0224806 -0.00638824 -0.0148136)
(-0.0216071 -0.00815902 -0.0304642)
(-0.00987303 -0.00987303 -0.0456549)
(0.00987301 -0.00987303 -0.0456549)
(0.0216071 -0.00815902 -0.0304642)
(0.0224806 -0.00638824 -0.0148136)
(0.0166405 -0.00500602 -0.00175533)
(0.00591337 -0.00426989 0.00515083)
(-0.00591337 0.00426987 0.00515086)
(-0.0166405 0.00500601 -0.0017553)
(-0.0224806 0.00638823 -0.0148136)
(-0.0216071 0.008159 -0.0304642)
(-0.00987303 0.00987301 -0.0456549)
(0.00987301 0.00987301 -0.0456549)
(0.0216071 0.008159 -0.0304642)
(0.0224806 0.00638823 -0.0148136)
(0.0166405 0.00500601 -0.00175532)
(0.00591337 0.00426988 0.00515084)
(-0.00518084 0.0100851 0.00959963)
(-0.0145279 0.0116237 0.00392695)
(-0.0193317 0.0145638 -0.00674936)
(-0.0181306 0.0181306 -0.0189706)
(-0.00815902 0.0216071 -0.0304642)
(0.008159 0.0216071 -0.0304642)
(0.0181306 0.0181306 -0.0189706)
(0.0193317 0.0145638 -0.00674938)
(0.0145279 0.0116237 0.00392694)
(0.00518084 0.0100851 0.00959961)
(-0.00437405 0.0115236 0.015119)
(-0.0121614 0.013064 0.0106548)
(-0.0159696 0.0159695 0.00242578)
(-0.0145638 0.0193317 -0.00674936)
(-0.00638825 0.0224806 -0.0148136)
(0.00638823 0.0224806 -0.0148136)
(0.0145638 0.0193317 -0.00674937)
(0.0159695 0.0159695 0.00242576)
(0.0121614 0.013064 0.0106547)
(0.00437405 0.0115236 0.015119)
(-0.00364685 0.00896847 0.0203678)
(-0.0100901 0.0100901 0.0169334)
(-0.013064 0.0121614 0.0106548)
(-0.0116237 0.0145278 0.00392695)
(-0.00500602 0.0166405 -0.00175532)
(0.00500601 0.0166405 -0.00175532)
(0.0116237 0.0145279 0.00392694)
(0.013064 0.0121614 0.0106547)
(0.0100901 0.0100901 0.0169334)
(0.00364685 0.00896848 0.0203678)
(-0.00325583 0.00325583 0.0232532)
(-0.00896848 0.00364686 0.0203678)
(-0.0115236 0.00437405 0.015119)
(-0.0100851 0.00518084 0.00959962)
(-0.00426989 0.00591338 0.00515084)
(0.00426987 0.00591338 0.00515084)
(0.0100851 0.00518085 0.00959962)
(0.0115236 0.00437405 0.015119)
(0.00896848 0.00364686 0.0203678)
(0.00325583 0.00325583 0.0232532)
(-0.00405638 -0.00405637 0.0300955)
(-0.0112204 -0.00460181 0.0265817)
(-0.0145114 -0.00562902 0.0201408)
(-0.0128788 -0.0067912 0.0132614)
(-0.00552512 -0.00789295 0.0075394)
(0.0055251 -0.00789295 0.0075394)
(0.0128788 -0.00679121 0.0132614)
(0.0145114 -0.00562902 0.0201408)
(0.0112204 -0.00460182 0.0265817)
(0.00405637 -0.00405638 0.0300955)
(-0.00460182 -0.0112204 0.0265817)
(-0.0127975 -0.0127975 0.0223198)
(-0.0167096 -0.0157374 0.0144598)
(-0.0151397 -0.0191844 0.00586847)
(-0.00663243 -0.0223841 -0.00169867)
(0.00663241 -0.0223841 -0.00169867)
(0.0151396 -0.0191845 0.00586846)
(0.0167096 -0.0157374 0.0144598)
(0.0127974 -0.0127975 0.0223198)
(0.00460181 -0.0112204 0.0265817)
(-0.00562903 -0.0145114 0.0201408)
(-0.0157374 -0.0167096 0.0144598)
(-0.0209106 -0.0209106 0.00389675)
(-0.0195228 -0.0259184 -0.00823732)
(-0.00873523 -0.0308478 -0.019401)
(0.00873521 -0.0308478 -0.019401)
(0.0195228 -0.0259184 -0.00823734)
(0.0209105 -0.0209106 0.00389673)
(0.0157374 -0.0167096 0.0144598)
(0.00562902 -0.0145114 0.0201408)
(-0.00679121 -0.0128788 0.0132614)
(-0.0191844 -0.0151397 0.00586847)
(-0.0259184 -0.0195228 -0.00823732)
(-0.0250669 -0.0250669 -0.0249852)
(-0.0115713 -0.0307684 -0.0417205)
(0.0115713 -0.0307684 -0.0417205)
(0.0250668 -0.0250669 -0.0249852)
(0.0259184 -0.0195228 -0.00823734)
(0.0191844 -0.0151397 0.00586845)
(0.00679121 -0.0128788 0.0132614)
(-0.00789295 -0.00552511 0.0075394)
(-0.0223841 -0.00663242 -0.00169867)
(-0.0308478 -0.00873522 -0.019401)
(-0.0307684 -0.0115713 -0.0417205)
(-0.014458 -0.014458 -0.0648033)
(0.014458 -0.014458 -0.0648033)
(0.0307684 -0.0115713 -0.0417206)
(0.0308478 -0.00873523 -0.0194011)
(0.0223841 -0.00663242 -0.0016987)
(0.00789295 -0.00552512 0.00753937)
(-0.00789295 0.00552511 0.0075394)
(-0.0223841 0.00663242 -0.00169866)
(-0.0308478 0.00873522 -0.019401)
(-0.0307684 0.0115713 -0.0417205)
(-0.014458 0.014458 -0.0648033)
(0.014458 0.014458 -0.0648033)
(0.0307684 0.0115713 -0.0417206)
(0.0308478 0.00873522 -0.0194011)
(0.0223841 0.00663242 -0.00169869)
(0.00789295 0.00552512 0.00753938)
(-0.00679121 0.0128788 0.0132614)
(-0.0191844 0.0151397 0.00586847)
(-0.0259184 0.0195228 -0.00823734)
(-0.0250669 0.0250668 -0.0249852)
(-0.0115714 0.0307684 -0.0417206)
(0.0115713 0.0307684 -0.0417206)
(0.0250669 0.0250669 -0.0249852)
(0.0259184 0.0195228 -0.00823736)
(0.0191844 0.0151397 0.00586844)
(0.00679121 0.0128788 0.0132614)
(-0.00562903 0.0145114 0.0201408)
(-0.0157374 0.0167096 0.0144598)
(-0.0209106 0.0209106 0.00389674)
(-0.0195228 0.0259184 -0.00823734)
(-0.00873524 0.0308478 -0.0194011)
(0.00873522 0.0308478 -0.0194011)
(0.0195228 0.0259184 -0.00823735)
(0.0209106 0.0209106 0.00389672)
(0.0157374 0.0167096 0.0144598)
(0.00562902 0.0145114 0.0201408)
(-0.00460182 0.0112204 0.0265817)
(-0.0127975 0.0127975 0.0223198)
(-0.0167096 0.0157374 0.0144598)
(-0.0151397 0.0191844 0.00586846)
(-0.00663243 0.0223841 -0.00169869)
(0.00663241 0.0223841 -0.00169869)
(0.0151397 0.0191844 0.00586845)
(0.0167096 0.0157374 0.0144598)
(0.0127975 0.0127975 0.0223198)
(0.00460182 0.0112204 0.0265817)
(-0.00405638 0.00405638 0.0300955)
(-0.0112204 0.00460182 0.0265817)
(-0.0145114 0.00562903 0.0201408)
(-0.0128789 0.00679121 0.0132614)
(-0.00552512 0.00789296 0.00753938)
(0.00552511 0.00789296 0.00753938)
(0.0128788 0.00679122 0.0132614)
(0.0145114 0.00562903 0.0201408)
(0.0112204 0.00460182 0.0265817)
(0.00405638 0.00405638 0.0300955)
(-0.00502356 -0.00502356 0.038624)
(-0.0139533 -0.00577728 0.0344298)
(-0.0181772 -0.00721446 0.0266826)
(-0.0163874 -0.008879 0.0182517)
(-0.00713029 -0.0105317 0.0109926)
(0.00713027 -0.0105317 0.0109926)
(0.0163874 -0.008879 0.0182517)
(0.0181772 -0.00721447 0.0266826)
(0.0139533 -0.00577728 0.0344298)
(0.00502356 -0.00502356 0.038624)
(-0.00577728 -0.0139533 0.0344298)
(-0.0161502 -0.0161502 0.0292328)
(-0.0212914 -0.0202825 0.019565)
(-0.0196968 -0.0252772 0.00873713)
(-0.00879193 -0.0301077 -0.00125716)
(0.00879191 -0.0301077 -0.00125715)
(0.0196968 -0.0252772 0.00873712)
(0.0212914 -0.0202825 0.0195649)
(0.0161502 -0.0161502 0.0292328)
(0.00577728 -0.0139533 0.0344298)
(-0.00721447 -0.0181772 0.0266826)
(-0.0202825 -0.0212914 0.019565)
(-0.0273232 -0.0273232 0.00622209)
(-0.0262053 -0.0347719 -0.00968017)
(-0.011981 -0.0425131 -0.0250573)
(0.011981 -0.0425131 -0.0250573)
(0.0262052 -0.0347719 -0.00968018)
(0.0273232 -0.0273232 0.00622207)
(0.0202825 -0.0212914 0.0195649)
(0.00721447 -0.0181772 0.0266826)
(-0.008879 -0.0163874 0.0182517)
(-0.0252771 -0.0196968 0.00873714)
(-0.0347719 -0.0262053 -0.00968016)
(-0.0348624 -0.0348624 -0.032565)
(-0.0165558 -0.0442939 -0.057048)
(0.0165557 -0.0442939 -0.057048)
(0.0348623 -0.0348624 -0.0325651)
(0.0347719 -0.0262053 -0.00968019)
(0.0252771 -0.0196968 0.00873711)
(0.008879 -0.0163875 0.0182517)
(-0.0105317 -0.00713028 0.0109926)
(-0.0301077 -0.00879193 -0.00125716)
(-0.0425131 -0.011981 -0.0250573)
(-0.0442939 -0.0165558 -0.057048)
(-0.0214678 -0.0214678 -0.0925228)
(0.0214678 -0.0214678 -0.0925227)
(0.0442939 -0.0165558 -0.0570481)
(0.0425131 -0.011981 -0.0250573)
(0.0301077 -0.00879193 -0.00125719)
(0.0105317 -0.00713029 0.0109926)
(-0.0105317 0.00713027 0.0109926)
(-0.0301077 0.00879191 -0.00125715)
(-0.0425131 0.011981 -0.0250572)
(-0.0442939 0.0165557 -0.057048)
(-0.0214678 0.0214678 -0.0925227)
(0.0214678 0.0214678 -0.0925227)
(0.0442939 0.0165558 -0.057048)
(0.0425131 0.011981 -0.0250573)
(0.0301077 0.00879192 -0.00125718)
(0.0105317 0.00713028 0.0109926)
(-0.008879 0.0163874 0.0182517)
(-0.0252772 0.0196968 0.00873713)
(-0.0347719 0.0262052 -0.00968018)
(-0.0348624 0.0348623 -0.0325651)
(-0.0165558 0.0442939 -0.057048)
(0.0165558 0.0442939 -0.057048)
(0.0348624 0.0348624 -0.0325651)
(0.0347719 0.0262052 -0.00968021)
(0.0252772 0.0196968 0.0087371)
(0.008879 0.0163874 0.0182517)
(-0.00721447 0.0181772 0.0266826)
(-0.0202825 0.0212914 0.019565)
(-0.0273232 0.0273232 0.00622208)
(-0.0262053 0.0347719 -0.00968018)
(-0.011981 0.0425131 -0.0250573)
(0.011981 0.0425131 -0.0250573)
(0.0262052 0.0347719 -0.0096802)
(0.0273232 0.0273232 0.00622206)
(0.0202825 0.0212914 0.0195649)
(0.00721447 0.0181772 0.0266826)
(-0.00577728 0.0139533 0.0344298)
(-0.0161502 0.0161502 0.0292328)
(-0.0212914 0.0202825 0.0195649)
(-0.0196968 0.0252771 0.00873712)
(-0.00879194 0.0301077 -0.00125719)
(0.00879192 0.0301077 -0.00125718)
(0.0196968 0.0252772 0.00873711)
(0.0212914 0.0202825 0.0195649)
(0.0161502 0.0161502 0.0292328)
(0.00577728 0.0139533 0.0344298)
(-0.00502357 0.00502357 0.038624)
(-0.0139533 0.00577729 0.0344298)
(-0.0181772 0.00721447 0.0266826)
(-0.0163875 0.00887901 0.0182517)
(-0.00713029 0.0105317 0.0109926)
(0.00713027 0.0105317 0.0109926)
(0.0163874 0.00887901 0.0182517)
(0.0181772 0.00721447 0.0266826)
(0.0139533 0.00577729 0.0344298)
(0.00502356 0.00502357 0.038624)
(-0.00616854 -0.00616853 0.0491767)
(-0.0172022 -0.00719793 0.0442784)
(-0.02259 -0.00918507 0.0351657)
(-0.0207252 -0.0115506 0.0250243)
(-0.00915351 -0.0140161 0.0159597)
(0.00915349 -0.0140161 0.0159597)
(0.0207252 -0.0115506 0.0250242)
(0.02259 -0.00918507 0.0351657)
(0.0172022 -0.00719793 0.0442784)
(0.00616853 -0.00616854 0.0491766)
(-0.00719793 -0.0172022 0.0442784)
(-0.0202269 -0.0202269 0.0380617)
(-0.0269609 -0.0259634 0.0264035)
(-0.0255393 -0.0331485 0.0129529)
(-0.0116338 -0.0404017 -0.000143538)
(0.0116338 -0.0404017 -0.000143533)
(0.0255393 -0.0331485 0.0129529)
(0.0269609 -0.0259634 0.0264035)
(0.0202269 -0.0202269 0.0380617)
(0.00719793 -0.0172022 0.0442784)
(-0.00918507 -0.02259 0.0351657)
(-0.0259634 -0.0269609 0.0264035)
(-0.0355428 -0.0355428 0.00986718)
(-0.0351466 -0.0465959 -0.0107554)
(-0.0164468 -0.0587872 -0.0317796)
(0.0164467 -0.0587872 -0.0317796)
(0.0351465 -0.0465959 -0.0107554)
(0.0355428 -0.0355428 0.00986716)
(0.0259634 -0.0269609 0.0264035)
(0.00918507 -0.02259 0.0351657)
(-0.0115506 -0.0207252 0.0250243)
(-0.0331485 -0.0255393 0.0129529)
(-0.0465959 -0.0351466 -0.0107554)
(-0.0487253 -0.0487253 -0.0419341)
(-0.0238805 -0.0644583 -0.0779314)
(0.0238805 -0.0644583 -0.0779314)
(0.0487252 -0.0487253 -0.0419342)
(0.0465959 -0.0351466 -0.0107554)
(0.0331485 -0.0255394 0.0129529)
(0.0115506 -0.0207253 0.0250242)
(-0.0140161 -0.0091535 0.0159597)
(-0.0404017 -0.0116338 -0.000143535)
(-0.0587872 -0.0164468 -0.0317796)
(-0.0644583 -0.0238805 -0.0779314)
(-0.0323293 -0.0323293 -0.133125)
(0.0323292 -0.0323293 -0.133125)
(0.0644583 -0.0238805 -0.0779315)
(0.0587872 -0.0164468 -0.0317796)
(0.0404017 -0.0116338 -0.000143578)
(0.0140161 -0.00915351 0.0159597)
(-0.0140161 0.0091535 0.0159597)
(-0.0404017 0.0116338 -0.000143525)
(-0.0587872 0.0164467 -0.0317796)
(-0.0644583 0.0238805 -0.0779314)
(-0.0323293 0.0323292 -0.133125)
(0.0323292 0.0323292 -0.133125)
(0.0644582 0.0238805 -0.0779315)
(0.0587872 0.0164468 -0.0317796)
(0.0404017 0.0116338 -0.000143567)
(0.0140161 0.00915351 0.0159597)
(-0.0115506 0.0207252 0.0250243)
(-0.0331485 0.0255393 0.0129529)
(-0.0465959 0.0351466 -0.0107554)
(-0.0487253 0.0487252 -0.0419341)
(-0.0238805 0.0644583 -0.0779315)
(0.0238805 0.0644583 -0.0779315)
(0.0487253 0.0487253 -0.0419342)
(0.0465959 0.0351466 -0.0107554)
(0.0331485 0.0255393 0.0129529)
(0.0115506 0.0207252 0.0250242)
(-0.00918508 0.02259 0.0351657)
(-0.0259634 0.0269609 0.0264035)
(-0.0355428 0.0355428 0.00986717)
(-0.0351466 0.0465959 -0.0107554)
(-0.0164468 0.0587873 -0.0317796)
(0.0164468 0.0587872 -0.0317796)
(0.0351466 0.0465959 -0.0107554)
(0.0355428 0.0355428 0.00986715)
(0.0259634 0.026961 0.0264035)
(0.00918507 0.02259 0.0351657)
(-0.00719794 0.0172022 0.0442784)
(-0.0202269 0.0202269 0.0380617)
(-0.026961 0.0259634 0.0264035)
(-0.0255394 0.0331485 0.0129529)
(-0.0116339 0.0404017 -0.000143574)
(0.0116338 0.0404017 -0.000143568)
(0.0255393 0.0331485 0.0129529)
(0.0269609 0.0259634 0.0264035)
(0.0202269 0.0202269 0.0380617)
(0.00719794 0.0172022 0.0442784)
(-0.00616854 0.00616854 0.0491767)
(-0.0172022 0.00719794 0.0442784)
(-0.02259 0.00918508 0.0351657)
(-0.0207253 0.0115506 0.0250242)
(-0.00915352 0.0140161 0.0159597)
(0.0091535 0.0140161 0.0159597)
(0.0207252 0.0115506 0.0250242)
(0.02259 0.00918508 0.0351657)
(0.0172022 0.00719794 0.0442784)
(0.00616854 0.00616854 0.0491766)
(-0.00749356 -0.00749356 0.0621078)
(-0.020975 -0.00887956 0.0565285)
(-0.0277879 -0.011588 0.0460877)
(-0.0259902 -0.014917 0.0341547)
(-0.0116603 -0.0185795 0.0230609)
(0.0116603 -0.0185795 0.0230609)
(0.0259902 -0.0149171 0.0341547)
(0.0277878 -0.011588 0.0460876)
(0.020975 -0.00887956 0.0565285)
(0.00749356 -0.00749356 0.0621078)
(-0.00887956 -0.020975 0.0565285)
(-0.0250805 -0.0250805 0.0492561)
(-0.0338527 -0.0329215 0.035529)
(-0.0329495 -0.0431609 0.0191096)
(-0.0153476 -0.0539607 0.00217736)
(0.0153476 -0.0539606 0.00217737)
(0.0329495 -0.043161 0.0191096)
(0.0338527 -0.0329215 0.035529)
(0.0250805 -0.0250806 0.049256)
(0.00887956 -0.0209751 0.0565285)
(-0.011588 -0.0277879 0.0460877)
(-0.0329215 -0.0338527 0.035529)
(-0.0459207 -0.0459207 0.0155232)
(-0.0469949 -0.0622666 -0.0108593)
(-0.0225424 -0.0814969 -0.0392529)
(0.0225423 -0.0814969 -0.0392529)
(0.0469948 -0.0622666 -0.0108593)
(0.0459207 -0.0459208 0.0155231)
(0.0329215 -0.0338528 0.0355289)
(0.011588 -0.0277879 0.0460876)
(-0.0149171 -0.0259902 0.0341547)
(-0.0431609 -0.0329495 0.0191096)
(-0.0622666 -0.0469949 -0.0108593)
(-0.068385 -0.068385 -0.0531694)
(-0.0347167 -0.094843 -0.106332)
(0.0347167 -0.094843 -0.106332)
(0.0683849 -0.068385 -0.0531694)
(0.0622666 -0.0469949 -0.0108593)
(0.0431609 -0.0329495 0.0191096)
(0.0149171 -0.0259903 0.0341547)
(-0.0185795 -0.0116603 0.0230609)
(-0.0539606 -0.0153476 0.00217736)
(-0.0814969 -0.0225423 -0.0392529)
(-0.094843 -0.0347167 -0.106332)
(-0.0493878 -0.0493878 -0.193306)
(0.0493877 -0.0493878 -0.193306)
(0.0948429 -0.0347167 -0.106332)
(0.081497 -0.0225424 -0.039253)
(0.0539607 -0.0153476 0.00217731)
(0.0185795 -0.0116603 0.0230609)
(-0.0185795 0.0116603 0.0230609)
(-0.0539606 0.0153476 0.00217738)
(-0.0814969 0.0225423 -0.0392529)
(-0.094843 0.0347167 -0.106332)
(-0.0493878 0.0493877 -0.193306)
(0.0493877 0.0493877 -0.193306)
(0.0948429 0.0347167 -0.106332)
(0.0814969 0.0225423 -0.039253)
(0.0539606 0.0153476 0.00217732)
(0.0185795 0.0116603 0.0230609)
(-0.0149171 0.0259902 0.0341547)
(-0.0431609 0.0329495 0.0191096)
(-0.0622666 0.0469948 -0.0108593)
(-0.068385 0.0683849 -0.0531694)
(-0.0347167 0.0948429 -0.106332)
(0.0347167 0.0948429 -0.106332)
(0.0683849 0.068385 -0.0531695)
(0.0622666 0.0469948 -0.0108594)
(0.0431609 0.0329495 0.0191096)
(0.0149171 0.0259902 0.0341547)
(-0.011588 0.0277879 0.0460877)
(-0.0329215 0.0338527 0.035529)
(-0.0459208 0.0459207 0.0155232)
(-0.0469949 0.0622666 -0.0108593)
(-0.0225424 0.081497 -0.039253)
(0.0225423 0.081497 -0.039253)
(0.0469948 0.0622666 -0.0108594)
(0.0459208 0.0459208 0.0155231)
(0.0329215 0.0338528 0.0355289)
(0.011588 0.0277879 0.0460876)
(-0.00887956 0.020975 0.0565285)
(-0.0250805 0.0250805 0.0492561)
(-0.0338528 0.0329215 0.035529)
(-0.0329495 0.0431609 0.0191096)
(-0.0153476 0.0539607 0.00217731)
(0.0153476 0.0539606 0.00217732)
(0.0329495 0.0431609 0.0191096)
(0.0338527 0.0329215 0.0355289)
(0.0250805 0.0250805 0.049256)
(0.00887956 0.020975 0.0565285)
(-0.00749356 0.00749357 0.0621078)
(-0.0209751 0.00887956 0.0565285)
(-0.0277879 0.011588 0.0460876)
(-0.0259903 0.0149171 0.0341547)
(-0.0116603 0.0185795 0.0230609)
(0.0116603 0.0185795 0.0230609)
(0.0259902 0.0149171 0.0341547)
(0.0277879 0.011588 0.0460876)
(0.020975 0.00887957 0.0565285)
(0.00749356 0.00749357 0.0621078)
(-0.00898691 -0.0089869 0.0777644)
(-0.0252354 -0.0108212 0.0715946)
(-0.0337512 -0.0144489 0.0600075)
(-0.0322274 -0.0190729 0.0463483)
(-0.0146942 -0.0244503 0.0331242)
(0.0146942 -0.0244503 0.0331242)
(0.0322274 -0.0190729 0.0463483)
(0.0337512 -0.0144489 0.0600075)
(0.0252354 -0.0108213 0.0715946)
(0.0089869 -0.00898691 0.0777644)
(-0.0108212 -0.0252354 0.0715946)
(-0.0307123 -0.0307123 0.0633138)
(-0.0420476 -0.0412253 0.0476255)
(-0.0421778 -0.0556387 0.0280245)
(-0.020112 -0.0715228 0.00653322)
(0.020112 -0.0715228 0.00653323)
(0.0421778 -0.0556387 0.0280245)
(0.0420476 -0.0412253 0.0476255)
(0.0307123 -0.0307123 0.0633138)
(0.0108212 -0.0252354 0.0715946)
(-0.0144489 -0.0337512 0.0600075)
(-0.0412253 -0.0420476 0.0476255)
(-0.0587699 -0.0587699 0.0241851)
(-0.0624637 -0.082831 -0.0089124)
(-0.0307526 -0.113226 -0.0465047)
(0.0307526 -0.113226 -0.0465046)
(0.0624636 -0.082831 -0.00891243)
(0.0587699 -0.0587699 0.0241851)
(0.0412253 -0.0420476 0.0476254)
(0.0144489 -0.0337512 0.0600075)
(-0.0190729 -0.0322274 0.0463483)
(-0.0556387 -0.0421778 0.0280245)
(-0.082831 -0.0624636 -0.00891239)
(-0.0962941 -0.0962941 -0.0660017)
(-0.0508466 -0.141112 -0.144787)
(0.0508466 -0.141112 -0.144787)
(0.0962941 -0.0962942 -0.0660017)
(0.082831 -0.0624637 -0.00891244)
(0.0556387 -0.0421779 0.0280245)
(0.0190729 -0.0322274 0.0463483)
(-0.0244503 -0.0146942 0.0331242)
(-0.0715228 -0.020112 0.00653323)
(-0.113226 -0.0307526 -0.0465047)
(-0.141112 -0.0508466 -0.144787)
(-0.0762318 -0.0762318 -0.283554)
(0.0762317 -0.0762318 -0.283554)
(0.141112 -0.0508466 -0.144787)
(0.113226 -0.0307526 -0.0465048)
(0.0715228 -0.020112 0.00653316)
(0.0244503 -0.0146942 0.0331241)
(-0.0244503 0.0146942 0.0331242)
(-0.0715228 0.020112 0.00653324)
(-0.113226 0.0307526 -0.0465046)
(-0.141112 0.0508466 -0.144787)
(-0.0762318 0.0762317 -0.283553)
(0.0762317 0.0762317 -0.283553)
(0.141112 0.0508466 -0.144787)
(0.113226 0.0307526 -0.0465047)
(0.0715228 0.020112 0.00653318)
(0.0244503 0.0146942 0.0331241)
(-0.0190729 0.0322274 0.0463483)
(-0.0556387 0.0421778 0.0280245)
(-0.082831 0.0624636 -0.00891243)
(-0.0962942 0.0962941 -0.0660017)
(-0.0508467 0.141112 -0.144787)
(0.0508466 0.141112 -0.144787)
(0.0962941 0.0962941 -0.0660018)
(0.082831 0.0624637 -0.00891247)
(0.0556387 0.0421778 0.0280245)
(0.0190729 0.0322274 0.0463483)
(-0.0144489 0.0337512 0.0600075)
(-0.0412253 0.0420476 0.0476255)
(-0.0587699 0.0587699 0.0241851)
(-0.0624637 0.082831 -0.00891243)
(-0.0307526 0.113226 -0.0465048)
(0.0307526 0.113226 -0.0465047)
(0.0624636 0.082831 -0.00891246)
(0.0587699 0.0587699 0.0241851)
(0.0412253 0.0420476 0.0476254)
(0.0144489 0.0337512 0.0600075)
(-0.0108213 0.0252354 0.0715946)
(-0.0307123 0.0307123 0.0633138)
(-0.0420476 0.0412253 0.0476255)
(-0.0421779 0.0556387 0.0280245)
(-0.020112 0.0715228 0.00653317)
(0.020112 0.0715228 0.00653318)
(0.0421778 0.0556387 0.0280245)
(0.0420476 0.0412253 0.0476254)
(0.0307123 0.0307123 0.0633138)
(0.0108213 0.0252354 0.0715946)
(-0.00898691 0.00898692 0.0777644)
(-0.0252354 0.0108213 0.0715946)
(-0.0337512 0.0144489 0.0600075)
(-0.0322274 0.0190729 0.0463483)
(-0.0146942 0.0244503 0.0331241)
(0.0146942 0.0244503 0.0331241)
(0.0322274 0.0190729 0.0463483)
(0.0337512 0.0144489 0.0600075)
(0.0252354 0.0108213 0.0715946)
(0.00898691 0.00898692 0.0777644)
(-0.0106175 -0.0106175 0.0964527)
(-0.0298843 -0.0129955 0.0898703)
(-0.0403748 -0.0177514 0.0775153)
(-0.0393958 -0.0240675 0.0624148)
(-0.018254 -0.0318631 0.0472189)
(0.018254 -0.0318631 0.0472189)
(0.0393958 -0.0240675 0.0624148)
(0.0403748 -0.0177514 0.0775153)
(0.0298843 -0.0129955 0.0898703)
(0.0106175 -0.0106175 0.0964527)
(-0.0129955 -0.0298843 0.0898703)
(-0.0370389 -0.0370389 0.0807524)
(-0.0515222 -0.0507965 0.0635005)
(-0.0534312 -0.0707483 0.0407857)
(-0.02611 -0.0937035 0.0142107)
(0.0261099 -0.0937035 0.0142107)
(0.0534312 -0.0707483 0.0407857)
(0.0515222 -0.0507965 0.0635005)
(0.0370389 -0.0370389 0.0807524)
(0.0129955 -0.0298843 0.0898703)
(-0.0177514 -0.0403748 0.0775154)
(-0.0507965 -0.0515222 0.0635005)
(-0.0742471 -0.0742471 0.0372136)
(-0.0821927 -0.109446 -0.00329442)
(-0.0415818 -0.157516 -0.051275)
(0.0415817 -0.157516 -0.051275)
(0.0821926 -0.109446 -0.00329446)
(0.0742471 -0.0742472 0.0372135)
(0.0507965 -0.0515222 0.0635005)
(0.0177514 -0.0403749 0.0775153)
(-0.0240675 -0.0393958 0.0624148)
(-0.0707483 -0.0534312 0.0407857)
(-0.109446 -0.0821927 -0.00329441)
(-0.135881 -0.135881 -0.0794991)
(-0.0750107 -0.212279 -0.196651)
(0.0750107 -0.212279 -0.196651)
(0.13588 -0.135881 -0.0794992)
(0.109446 -0.0821927 -0.00329448)
(0.0707483 -0.0534313 0.0407856)
(0.0240675 -0.0393958 0.0624148)
(-0.0318631 -0.018254 0.0472189)
(-0.0937035 -0.0261099 0.0142107)
(-0.157516 -0.0415818 -0.051275)
(-0.212279 -0.0750107 -0.196651)
(-0.121599 -0.121599 -0.420134)
(0.121599 -0.121599 -0.420134)
(0.212279 -0.0750108 -0.196651)
(0.157516 -0.0415818 -0.0512752)
(0.0937036 -0.02611 0.0142106)
(0.0318631 -0.018254 0.0472189)
(-0.0318631 0.018254 0.0472189)
(-0.0937035 0.0261099 0.0142107)
(-0.157516 0.0415818 -0.051275)
(-0.212279 0.0750107 -0.196651)
(-0.121599 0.121599 -0.420134)
(0.121599 0.121599 -0.420133)
(0.212279 0.0750108 -0.196651)
(0.157516 0.0415818 -0.0512752)
(0.0937036 0.02611 0.0142106)
(0.0318631 0.018254 0.0472189)
(-0.0240675 0.0393958 0.0624148)
(-0.0707483 0.0534312 0.0407857)
(-0.109446 0.0821926 -0.00329445)
(-0.135881 0.13588 -0.0794992)
(-0.0750108 0.212279 -0.196651)
(0.0750108 0.212279 -0.196651)
(0.135881 0.135881 -0.0794993)
(0.109446 0.0821927 -0.00329452)
(0.0707484 0.0534312 0.0407856)
(0.0240676 0.0393958 0.0624148)
(-0.0177514 0.0403748 0.0775154)
(-0.0507965 0.0515222 0.0635005)
(-0.0742472 0.0742471 0.0372135)
(-0.0821927 0.109446 -0.00329447)
(-0.0415818 0.157516 -0.0512752)
(0.0415818 0.157516 -0.0512751)
(0.0821927 0.109446 -0.00329452)
(0.0742472 0.0742472 0.0372135)
(0.0507965 0.0515222 0.0635005)
(0.0177514 0.0403749 0.0775153)
(-0.0129955 0.0298843 0.0898703)
(-0.0370389 0.0370389 0.0807524)
(-0.0515222 0.0507965 0.0635005)
(-0.0534313 0.0707483 0.0407856)
(-0.02611 0.0937036 0.0142106)
(0.02611 0.0937036 0.0142106)
(0.0534312 0.0707483 0.0407856)
(0.0515222 0.0507965 0.0635005)
(0.0370389 0.0370389 0.0807524)
(0.0129955 0.0298843 0.0898703)
(-0.0106175 0.0106175 0.0964527)
(-0.0298843 0.0129955 0.0898703)
(-0.0403749 0.0177514 0.0775153)
(-0.0393958 0.0240675 0.0624148)
(-0.018254 0.0318631 0.0472189)
(0.018254 0.0318631 0.0472189)
(0.0393958 0.0240676 0.0624148)
(0.0403749 0.0177514 0.0775153)
(0.0298843 0.0129955 0.0898703)
(0.0106175 0.0106175 0.0964527)
(-0.0123303 -0.0123303 0.11839)
(-0.0347441 -0.0153369 0.111673)
(-0.047434 -0.0214096 0.0991553)
(-0.047297 -0.0298555 0.0832233)
(-0.022252 -0.0409486 0.0666431)
(0.0222519 -0.0409486 0.0666431)
(0.047297 -0.0298555 0.0832233)
(0.047434 -0.0214096 0.0991553)
(0.0347441 -0.0153369 0.111673)
(0.0123303 -0.0123303 0.11839)
(-0.0153369 -0.0347441 0.111673)
(-0.0438525 -0.0438525 0.102054)
(-0.0620756 -0.0613138 0.0840419)
(-0.0667196 -0.0884024 0.0588192)
(-0.0334058 -0.120624 0.0273302)
(0.0334057 -0.120624 0.0273302)
(0.0667195 -0.0884025 0.0588192)
(0.0620756 -0.0613138 0.0840419)
(0.0438525 -0.0438525 0.102054)
(0.0153369 -0.0347442 0.111673)
(-0.0214096 -0.047434 0.0991553)
(-0.0613138 -0.0620756 0.0840419)
(-0.0922614 -0.0922614 0.0563901)
(-0.106401 -0.143208 0.00900913)
(-0.0551585 -0.219142 -0.0486482)
(0.0551585 -0.219142 -0.0486482)
(0.1064 -0.143208 0.00900908)
(0.0922614 -0.0922614 0.05639)
(0.0613138 -0.0620756 0.0840419)
(0.0214096 -0.047434 0.0991553)
(-0.0298555 -0.047297 0.0832233)
(-0.0884024 -0.0667196 0.0588192)
(-0.143208 -0.106401 0.00900913)
(-0.191837 -0.191837 -0.0912917)
(-0.113246 -0.324581 -0.263206)
(0.113246 -0.32458 -0.263206)
(0.191837 -0.191838 -0.0912918)
(0.143208 -0.106401 0.00900905)
(0.0884025 -0.0667196 0.0588192)
(0.0298555 -0.0472971 0.0832233)
(-0.0409486 -0.022252 0.0666431)
(-0.120624 -0.0334057 0.0273302)
(-0.219142 -0.0551585 -0.0486482)
(-0.324581 -0.113246 -0.263206)
(-0.21903 -0.21903 -0.630561)
(0.219029 -0.219029 -0.630561)
(0.32458 -0.113246 -0.263207)
(0.219142 -0.0551586 -0.0486485)
(0.120624 -0.0334058 0.0273301)
(0.0409486 -0.022252 0.0666431)
(-0.0409486 0.022252 0.0666432)
(-0.120624 0.0334057 0.0273302)
(-0.219142 0.0551585 -0.0486482)
(-0.32458 0.113246 -0.263206)
(-0.219029 0.219029 -0.630561)
(0.219029 0.219029 -0.630561)
(0.32458 0.113246 -0.263206)
(0.219142 0.0551586 -0.0486484)
(0.120624 0.0334058 0.0273301)
(0.0409486 0.022252 0.0666431)
(-0.0298555 0.047297 0.0832233)
(-0.0884025 0.0667195 0.0588192)
(-0.143208 0.1064 0.00900908)
(-0.191838 0.191837 -0.0912918)
(-0.113246 0.32458 -0.263207)
(0.113246 0.32458 -0.263206)
(0.191837 0.191837 -0.0912919)
(0.143208 0.106401 0.00900901)
(0.0884025 0.0667196 0.0588192)
(0.0298555 0.047297 0.0832233)
(-0.0214096 0.047434 0.0991553)
(-0.0613138 0.0620756 0.0840419)
(-0.0922614 0.0922614 0.0563901)
(-0.106401 0.143208 0.00900906)
(-0.0551586 0.219142 -0.0486484)
(0.0551586 0.219142 -0.0486484)
(0.106401 0.143208 0.00900902)
(0.0922614 0.0922615 0.05639)
(0.0613138 0.0620756 0.0840419)
(0.0214096 0.047434 0.0991553)
(-0.0153369 0.0347441 0.111673)
(-0.0438525 0.0438525 0.102054)
(-0.0620756 0.0613138 0.0840419)
(-0.0667196 0.0884025 0.0588192)
(-0.0334058 0.120624 0.0273301)
(0.0334058 0.120624 0.0273301)
(0.0667196 0.0884025 0.0588192)
(0.0620756 0.0613138 0.0840419)
(0.0438525 0.0438525 0.102054)
(0.0153369 0.0347441 0.111673)
(-0.0123304 0.0123303 0.11839)
(-0.0347442 0.0153369 0.111673)
(-0.047434 0.0214096 0.0991553)
(-0.0472971 0.0298555 0.0832233)
(-0.022252 0.0409486 0.0666431)
(0.022252 0.0409486 0.0666431)
(0.047297 0.0298555 0.0832233)
(0.047434 0.0214097 0.0991553)
(0.0347441 0.0153369 0.111673)
(0.0123303 0.0123304 0.11839)
(-0.0140447 -0.0140447 0.143653)
(-0.0395535 -0.0177325 0.137171)
(-0.0545547 -0.025233 0.12531)
(-0.055504 -0.0362031 0.109551)
(-0.0264629 -0.0515759 0.0927916)
(0.0264629 -0.0515759 0.0927916)
(0.055504 -0.0362031 0.109551)
(0.0545547 -0.025233 0.12531)
(0.0395535 -0.0177325 0.137171)
(0.0140447 -0.0140447 0.143653)
(-0.0177325 -0.0395535 0.137171)
(-0.0507826 -0.0507826 0.127578)
(-0.0732196 -0.0720735 0.110098)
(-0.0816464 -0.107675 0.0838471)
(-0.041734 -0.151014 0.0491834)
(0.041734 -0.151014 0.0491834)
(0.0816464 -0.107675 0.0838471)
(0.0732196 -0.0720735 0.110098)
(0.0507826 -0.0507826 0.127578)
(0.0177325 -0.0395536 0.137171)
(-0.025233 -0.0545547 0.12531)
(-0.0720735 -0.0732196 0.110098)
(-0.111898 -0.111898 0.0837017)
(-0.134065 -0.184612 0.0323033)
(-0.0714401 -0.303502 -0.0290986)
(0.0714401 -0.303502 -0.0290986)
(0.134065 -0.184612 0.0323032)
(0.111898 -0.111898 0.0837017)
(0.0720735 -0.0732196 0.110098)
(0.025233 -0.0545548 0.12531)
(-0.0362031 -0.055504 0.109551)
(-0.107675 -0.0816464 0.0838471)
(-0.184612 -0.134065 0.0323033)
(-0.269839 -0.269839 -0.094392)
(-0.178584 -0.503374 -0.339295)
(0.178584 -0.503373 -0.339295)
(0.269839 -0.26984 -0.0943922)
(0.184612 -0.134065 0.0323032)
(0.107675 -0.0816465 0.0838471)
(0.0362031 -0.0555041 0.109551)
(-0.0515759 -0.0264629 0.0927916)
(-0.151014 -0.041734 0.0491834)
(-0.303502 -0.0714401 -0.0290986)
(-0.503374 -0.178584 -0.339295)
(-0.3509 -0.3509 -0.976791)
(0.3509 -0.3509 -0.976791)
(0.503373 -0.178584 -0.339296)
(0.303502 -0.0714403 -0.0290989)
(0.151015 -0.0417341 0.0491833)
(0.0515759 -0.026463 0.0927916)
(-0.0515759 0.0264629 0.0927916)
(-0.151014 0.041734 0.0491834)
(-0.303502 0.0714401 -0.0290985)
(-0.503373 0.178584 -0.339295)
(-0.3509 0.3509 -0.976791)
(0.3509 0.3509 -0.97679)
(0.503373 0.178584 -0.339296)
(0.303502 0.0714402 -0.0290989)
(0.151014 0.0417341 0.0491833)
(0.0515759 0.026463 0.0927916)
(-0.0362031 0.055504 0.109551)
(-0.107675 0.0816464 0.0838471)
(-0.184612 0.134065 0.0323033)
(-0.26984 0.269839 -0.0943922)
(-0.178584 0.503373 -0.339296)
(0.178584 0.503373 -0.339296)
(0.269839 0.269839 -0.0943923)
(0.184612 0.134065 0.0323032)
(0.107675 0.0816465 0.0838471)
(0.0362031 0.0555041 0.109551)
(-0.025233 0.0545547 0.12531)
(-0.0720735 0.0732196 0.110098)
(-0.111898 0.111898 0.0837017)
(-0.134065 0.184612 0.0323032)
(-0.0714403 0.303502 -0.0290989)
(0.0714402 0.303502 -0.0290989)
(0.134065 0.184612 0.0323032)
(0.111898 0.111898 0.0837017)
(0.0720735 0.0732196 0.110098)
(0.025233 0.0545548 0.12531)
(-0.0177325 0.0395535 0.137171)
(-0.0507826 0.0507826 0.127578)
(-0.0732196 0.0720735 0.110098)
(-0.0816465 0.107675 0.0838471)
(-0.0417341 0.151015 0.0491833)
(0.0417341 0.151014 0.0491833)
(0.0816464 0.107675 0.0838471)
(0.0732196 0.0720735 0.110098)
(0.0507826 0.0507826 0.127578)
(0.0177325 0.0395536 0.137171)
(-0.0140447 0.0140447 0.143653)
(-0.0395536 0.0177325 0.137171)
(-0.0545548 0.025233 0.12531)
(-0.0555041 0.0362031 0.109551)
(-0.026463 0.0515759 0.0927916)
(0.026463 0.0515759 0.0927916)
(0.055504 0.0362031 0.109551)
(0.0545548 0.025233 0.12531)
(0.0395536 0.0177325 0.137171)
(0.0140447 0.0140448 0.143653)
(-0.0156592 -0.0156592 0.17212)
(-0.0439835 -0.0200203 0.166299)
(-0.0612158 -0.0289011 0.156008)
(-0.0633083 -0.0425987 0.141796)
(-0.0304593 -0.0628954 0.126773)
(0.0304593 -0.0628954 0.126773)
(0.0633083 -0.0425987 0.141796)
(0.0612158 -0.0289011 0.156008)
(0.0439835 -0.0200204 0.166299)
(0.0156592 -0.0156592 0.17212)
(-0.0200204 -0.0439835 0.166299)
(-0.0572817 -0.0572817 0.157416)
(-0.0840857 -0.0819379 0.142194)
(-0.0969089 -0.126677 0.117584)
(-0.0502359 -0.18146 0.0848252)
(0.0502359 -0.181459 0.0848252)
(0.0969088 -0.126677 0.117584)
(0.0840857 -0.081938 0.142194)
(0.0572817 -0.0572817 0.157416)
(0.0200203 -0.0439835 0.166299)
(-0.0289011 -0.0612158 0.156008)
(-0.0819379 -0.0840857 0.142194)
(-0.131258 -0.131258 0.120649)
(-0.162124 -0.231632 0.0723925)
(-0.0941783 -0.415059 0.0261793)
(0.0941783 -0.415059 0.0261793)
(0.162124 -0.231633 0.0723925)
(0.131258 -0.131258 0.120649)
(0.0819379 -0.0840857 0.142194)
(0.0289011 -0.0612158 0.156008)
(-0.0425987 -0.0633083 0.141796)
(-0.126677 -0.0969089 0.117584)
(-0.231632 -0.162124 0.0723925)
(-0.369232 -0.369232 -0.0779911)
(-0.251065 -0.718989 -0.457848)
(0.251065 -0.718989 -0.457848)
(0.369232 -0.369233 -0.0779912)
(0.231633 -0.162124 0.0723924)
(0.126677 -0.096909 0.117584)
(0.0425987 -0.0633084 0.141796)
(-0.0628954 -0.0304593 0.126773)
(-0.18146 -0.0502359 0.0848251)
(-0.415059 -0.0941783 0.0261793)
(-0.718989 -0.251065 -0.457848)
(-0.287213 -0.287213 -1.50872)
(0.287213 -0.287213 -1.50872)
(0.718989 -0.251066 -0.45785)
(0.41506 -0.0941785 0.0261787)
(0.18146 -0.0502359 0.0848251)
(0.0628954 -0.0304593 0.126773)
(-0.0628954 0.0304593 0.126773)
(-0.181459 0.0502359 0.0848252)
(-0.415059 0.0941783 0.0261793)
(-0.718989 0.251065 -0.457848)
(-0.287213 0.287213 -1.50872)
(0.287213 0.287213 -1.50872)
(0.718989 0.251066 -0.45785)
(0.41506 0.0941785 0.0261788)
(0.18146 0.050236 0.0848251)
(0.0628954 0.0304593 0.126773)
(-0.0425987 0.0633083 0.141796)
(-0.126677 0.0969088 0.117584)
(-0.231633 0.162124 0.0723925)
(-0.369233 0.369232 -0.0779912)
(-0.251066 0.718989 -0.45785)
(0.251066 0.718989 -0.45785)
(0.369233 0.369233 -0.0779914)
(0.231633 0.162124 0.0723924)
(0.126677 0.0969089 0.117584)
(0.0425987 0.0633084 0.141796)
(-0.0289011 0.0612158 0.156008)
(-0.0819379 0.0840857 0.142194)
(-0.131258 0.131258 0.120649)
(-0.162124 0.231633 0.0723924)
(-0.0941785 0.41506 0.0261788)
(0.0941785 0.41506 0.0261788)
(0.162124 0.231633 0.0723924)
(0.131259 0.131259 0.120649)
(0.081938 0.0840857 0.142194)
(0.0289011 0.0612158 0.156008)
(-0.0200204 0.0439835 0.166299)
(-0.0572817 0.0572817 0.157416)
(-0.0840857 0.0819379 0.142194)
(-0.096909 0.126677 0.117584)
(-0.050236 0.18146 0.0848251)
(0.0502359 0.18146 0.0848251)
(0.0969089 0.126677 0.117584)
(0.0840857 0.081938 0.142194)
(0.0572817 0.0572817 0.157416)
(0.0200204 0.0439835 0.166299)
(-0.0156593 0.0156593 0.17212)
(-0.0439835 0.0200204 0.166299)
(-0.0612158 0.0289011 0.156008)
(-0.0633084 0.0425987 0.141796)
(-0.0304593 0.0628955 0.126773)
(0.0304593 0.0628954 0.126773)
(0.0633083 0.0425988 0.141796)
(0.0612158 0.0289011 0.156008)
(0.0439835 0.0200204 0.166299)
(0.0156592 0.0156593 0.17212)
(-0.0170657 -0.0170657 0.203446)
(-0.0476995 -0.0220059 0.19868)
(-0.0668176 -0.0319763 0.19073)
(-0.0697949 -0.0481876 0.17957)
(-0.033639 -0.0726891 0.168444)
(0.033639 -0.0726891 0.168444)
(0.0697949 -0.0481876 0.17957)
(0.0668175 -0.0319763 0.19073)
(0.0476995 -0.0220059 0.19868)
(0.0170657 -0.0170657 0.203446)
(-0.0220059 -0.0476995 0.19868)
(-0.062683 -0.062683 0.19123)
(-0.0934027 -0.0894186 0.180075)
(-0.110169 -0.141994 0.161007)
(-0.0582189 -0.204524 0.140434)
(0.0582189 -0.204524 0.140434)
(0.110169 -0.141994 0.161007)
(0.0934027 -0.0894187 0.180075)
(0.062683 -0.062683 0.19123)
(0.0220059 -0.0476995 0.19868)
(-0.0319763 -0.0668176 0.19073)
(-0.0894186 -0.0934027 0.180075)
(-0.146789 -0.146789 0.167206)
(-0.183594 -0.277004 0.136298)
(-0.120036 -0.526263 0.110481)
(0.120036 -0.526263 0.110481)
(0.183593 -0.277004 0.136298)
(0.146789 -0.146789 0.167206)
(0.0894186 -0.0934027 0.180075)
(0.0319763 -0.0668176 0.19073)
(-0.0481876 -0.0697949 0.17957)
(-0.141994 -0.110169 0.161007)
(-0.277004 -0.183594 0.136298)
(-0.471139 -0.471139 -0.0578489)
(-0.248629 -0.751472 -0.705053)
(0.248629 -0.751472 -0.705053)
(0.471139 -0.471141 -0.0578486)
(0.277004 -0.183594 0.136298)
(0.141994 -0.110169 0.161007)
(0.0481876 -0.069795 0.17957)
(-0.0726891 -0.033639 0.168444)
(-0.204524 -0.0582188 0.140434)
(-0.526263 -0.120036 0.110481)
(-0.751472 -0.248629 -0.705053)
(-0.0720973 -0.0720974 -2.0553)
(0.0720973 -0.0720972 -2.0553)
(0.751474 -0.248631 -0.705054)
(0.526265 -0.120037 0.110481)
(0.204524 -0.0582189 0.140434)
(0.0726892 -0.033639 0.168444)
(-0.0726891 0.033639 0.168444)
(-0.204524 0.0582189 0.140434)
(-0.526263 0.120036 0.110481)
(-0.751472 0.248629 -0.705053)
(-0.0720972 0.0720973 -2.0553)
(0.0720971 0.0720971 -2.0553)
(0.751474 0.248631 -0.705054)
(0.526265 0.120037 0.110481)
(0.204524 0.058219 0.140434)
(0.0726892 0.0336391 0.168444)
(-0.0481876 0.0697949 0.17957)
(-0.141994 0.110169 0.161007)
(-0.277004 0.183593 0.136298)
(-0.471141 0.471139 -0.0578486)
(-0.248631 0.751474 -0.705054)
(0.248631 0.751474 -0.705054)
(0.471141 0.471141 -0.0578483)
(0.277004 0.183594 0.136298)
(0.141994 0.110169 0.161007)
(0.0481876 0.0697949 0.17957)
(-0.0319763 0.0668176 0.19073)
(-0.0894187 0.0934027 0.180075)
(-0.146789 0.146789 0.167206)
(-0.183594 0.277004 0.136298)
(-0.120037 0.526265 0.110481)
(0.120037 0.526265 0.110481)
(0.183594 0.277004 0.136298)
(0.146789 0.146789 0.167206)
(0.0894187 0.0934027 0.180075)
(0.0319763 0.0668176 0.19073)
(-0.0220059 0.0476995 0.19868)
(-0.062683 0.062683 0.19123)
(-0.0934027 0.0894186 0.180075)
(-0.110169 0.141994 0.161007)
(-0.0582189 0.204524 0.140434)
(0.0582189 0.204524 0.140434)
(0.110169 0.141994 0.161007)
(0.0934027 0.0894187 0.180075)
(0.062683 0.062683 0.191231)
(0.0220059 0.0476995 0.19868)
(-0.0170657 0.0170657 0.203446)
(-0.0476995 0.0220059 0.19868)
(-0.0668176 0.0319763 0.19073)
(-0.069795 0.0481876 0.17957)
(-0.0336391 0.0726892 0.168444)
(0.033639 0.0726892 0.168444)
(0.0697949 0.0481876 0.17957)
(0.0668176 0.0319763 0.19073)
(0.0476995 0.0220059 0.19868)
(0.0170657 0.0170657 0.203446)
(-0.0181764 -0.0181764 0.237064)
(-0.0504611 -0.0235094 0.233604)
(-0.0708457 -0.0339987 0.228242)
(-0.0741369 -0.0519893 0.221268)
(-0.0355879 -0.0777072 0.215759)
(0.0355879 -0.0777072 0.215759)
(0.0741369 -0.0519893 0.221268)
(0.0708457 -0.0339987 0.228242)
(0.0504611 -0.0235094 0.233604)
(0.0181764 -0.0181764 0.237064)
(-0.0235094 -0.0504611 0.233604)
(-0.0663687 -0.0663687 0.228106)
(-0.0998177 -0.0931402 0.222183)
(-0.117902 -0.148831 0.213283)
(-0.0645814 -0.217858 0.210088)
(0.0645815 -0.217858 0.210088)
(0.117902 -0.148831 0.213283)
(0.0998177 -0.0931403 0.222183)
(0.0663687 -0.0663687 0.228106)
(0.0235094 -0.0504612 0.233604)
(-0.0339987 -0.0708457 0.228242)
(-0.0931402 -0.0998177 0.222183)
(-0.153603 -0.153602 0.220513)
(-0.193765 -0.307569 0.215598)
(-0.124906 -0.577049 0.157093)
(0.124906 -0.577049 0.157093)
(0.193765 -0.307569 0.215599)
(0.153602 -0.153603 0.220513)
(0.0931402 -0.0998177 0.222183)
(0.0339987 -0.0708457 0.228242)
(-0.0519893 -0.0741369 0.221268)
(-0.148831 -0.117902 0.213283)
(-0.307569 -0.193765 0.215598)
(-0.495535 -0.495535 -0.0898198)
(-0.150271 -0.494058 -1.05619)
(0.150271 -0.494057 -1.05619)
(0.495536 -0.495535 -0.089819)
(0.307569 -0.193765 0.215599)
(0.148831 -0.117903 0.213283)
(0.0519893 -0.0741369 0.221268)
(-0.0777072 -0.0355879 0.215759)
(-0.217858 -0.0645814 0.210088)
(-0.577049 -0.124906 0.157093)
(-0.494058 -0.150271 -1.05619)
(-3.45554e-05 -3.45701e-05 -2.36402)
(3.49616e-05 -3.44164e-05 -2.36402)
(0.494062 -0.150272 -1.0562)
(0.57705 -0.124907 0.157093)
(0.217858 -0.0645815 0.210089)
(0.0777072 -0.0355879 0.215759)
(-0.0777072 0.0355879 0.215759)
(-0.217858 0.0645815 0.210088)
(-0.577049 0.124906 0.157093)
(-0.494057 0.150271 -1.05619)
(-3.44128e-05 3.49581e-05 -2.36402)
(3.48075e-05 3.47926e-05 -2.36402)
(0.494061 0.150272 -1.0562)
(0.577049 0.124907 0.157093)
(0.217858 0.0645816 0.210089)
(0.0777072 0.0355879 0.215759)
(-0.0519893 0.0741369 0.221268)
(-0.148831 0.117902 0.213283)
(-0.307569 0.193765 0.215599)
(-0.495535 0.495536 -0.089819)
(-0.150272 0.494062 -1.0562)
(0.150272 0.494061 -1.0562)
(0.495535 0.495535 -0.0898184)
(0.307569 0.193765 0.215599)
(0.148831 0.117902 0.213284)
(0.0519893 0.0741369 0.221268)
(-0.0339988 0.0708457 0.228242)
(-0.0931402 0.0998177 0.222183)
(-0.153603 0.153602 0.220513)
(-0.193765 0.307569 0.215599)
(-0.124907 0.57705 0.157093)
(0.124907 0.577049 0.157093)
(0.193765 0.307569 0.215599)
(0.153603 0.153603 0.220513)
(0.0931402 0.0998177 0.222183)
(0.0339987 0.0708457 0.228242)
(-0.0235094 0.0504611 0.233604)
(-0.0663687 0.0663687 0.228106)
(-0.0998177 0.0931402 0.222183)
(-0.117903 0.148831 0.213283)
(-0.0645815 0.217858 0.210089)
(0.0645815 0.217858 0.210089)
(0.117902 0.148831 0.213284)
(0.0998177 0.0931403 0.222183)
(0.0663687 0.0663687 0.228106)
(0.0235094 0.0504611 0.233604)
(-0.0181764 0.0181764 0.237064)
(-0.0504612 0.0235094 0.233604)
(-0.0708457 0.0339987 0.228242)
(-0.0741369 0.0519893 0.221268)
(-0.0355879 0.0777072 0.215759)
(0.0355879 0.0777072 0.215759)
(0.0741369 0.0519893 0.221268)
(0.0708457 0.0339988 0.228242)
(0.0504611 0.0235094 0.233604)
(0.0181764 0.0181764 0.237064)
(-0.0189534 -0.0189534 0.272291)
(-0.052264 -0.0244399 0.270129)
(-0.0731349 -0.034707 0.266744)
(-0.075956 -0.053288 0.26401)
(-0.0363194 -0.0760931 0.264509)
(0.0363194 -0.0760931 0.264509)
(0.075956 -0.053288 0.26401)
(0.0731349 -0.034707 0.266744)
(0.052264 -0.0244399 0.270129)
(0.0189534 -0.0189534 0.272291)
(-0.0244399 -0.052264 0.270129)
(-0.068105 -0.068105 0.266609)
(-0.102479 -0.0927489 0.265433)
(-0.117431 -0.145102 0.267826)
(-0.0655949 -0.21182 0.279069)
(0.065595 -0.21182 0.279069)
(0.117431 -0.145102 0.267826)
(0.102479 -0.0927488 0.265433)
(0.068105 -0.068105 0.266609)
(0.0244399 -0.052264 0.270129)
(-0.034707 -0.0731349 0.266744)
(-0.0927489 -0.102479 0.265433)
(-0.149616 -0.149616 0.273867)
(-0.185036 -0.303265 0.284593)
(-0.0973305 -0.513927 0.121988)
(0.0973306 -0.513927 0.121988)
(0.185036 -0.303265 0.284594)
(0.149615 -0.149616 0.273867)
(0.0927488 -0.102479 0.265434)
(0.0347069 -0.0731349 0.266744)
(-0.053288 -0.075956 0.26401)
(-0.145102 -0.117431 0.267826)
(-0.303265 -0.185036 0.284593)
(-0.40648 -0.40648 -0.202625)
(-0.0382695 -0.2144 -1.35287)
(0.0382697 -0.214399 -1.35287)
(0.40648 -0.406477 -0.202625)
(0.303265 -0.185036 0.284594)
(0.145102 -0.117431 0.267826)
(0.053288 -0.075956 0.26401)
(-0.0760931 -0.0363194 0.264509)
(-0.21182 -0.0655949 0.279069)
(-0.513927 -0.0973304 0.121988)
(-0.2144 -0.0382695 -1.35287)
(0.0129811 0.0129811 -2.5124)
(-0.0129809 0.0129812 -2.5124)
(0.214399 -0.0382683 -1.35287)
(0.513925 -0.0973301 0.121989)
(0.21182 -0.0655949 0.279069)
(0.076093 -0.0363194 0.264509)
(-0.0760931 0.0363195 0.264509)
(-0.21182 0.065595 0.279069)
(-0.513927 0.0973306 0.121988)
(-0.214399 0.0382697 -1.35287)
(0.0129812 -0.0129809 -2.5124)
(-0.0129809 -0.0129809 -2.5124)
(0.214399 0.0382684 -1.35287)
(0.513925 0.0973303 0.121989)
(0.21182 0.0655949 0.279069)
(0.076093 0.0363194 0.264509)
(-0.053288 0.075956 0.26401)
(-0.145102 0.117431 0.267826)
(-0.303265 0.185036 0.284594)
(-0.406477 0.40648 -0.202625)
(-0.0382683 0.214399 -1.35287)
(0.0382685 0.214399 -1.35287)
(0.406477 0.406477 -0.202624)
(0.303265 0.185036 0.284594)
(0.145102 0.117431 0.267826)
(0.053288 0.075956 0.26401)
(-0.034707 0.0731349 0.266744)
(-0.0927488 0.102479 0.265433)
(-0.149616 0.149616 0.273867)
(-0.185036 0.303265 0.284594)
(-0.0973302 0.513925 0.121989)
(0.0973303 0.513925 0.121989)
(0.185036 0.303265 0.284594)
(0.149615 0.149615 0.273867)
(0.0927488 0.102479 0.265434)
(0.0347069 0.0731349 0.266744)
(-0.0244399 0.052264 0.270129)
(-0.068105 0.068105 0.266609)
(-0.102479 0.0927488 0.265434)
(-0.117431 0.145102 0.267826)
(-0.0655949 0.21182 0.279069)
(0.0655949 0.21182 0.279069)
(0.117431 0.145102 0.267826)
(0.102479 0.0927488 0.265434)
(0.068105 0.068105 0.266609)
(0.0244399 0.052264 0.270129)
(-0.0189534 0.0189534 0.272291)
(-0.052264 0.0244399 0.270129)
(-0.0731349 0.034707 0.266744)
(-0.075956 0.053288 0.26401)
(-0.0363194 0.076093 0.264509)
(0.0363194 0.076093 0.264509)
(0.075956 0.053288 0.26401)
(0.0731349 0.034707 0.266744)
(0.052264 0.0244399 0.270129)
(0.0189534 0.0189534 0.272291)
(-0.0194332 -0.0194332 0.308483)
(-0.0534159 -0.0248692 0.307343)
(-0.0741235 -0.0343424 0.30438)
(-0.0758761 -0.0522568 0.304548)
(-0.0362288 -0.0699663 0.307731)
(0.0362288 -0.0699663 0.307731)
(0.075876 -0.0522568 0.304548)
(0.0741234 -0.0343424 0.30438)
(0.0534159 -0.0248692 0.307343)
(0.0194332 -0.0194332 0.308483)
(-0.0248692 -0.0534159 0.307343)
(-0.0683987 -0.0683987 0.305264)
(-0.101911 -0.0894259 0.306012)
(-0.111441 -0.134401 0.314964)
(-0.0610094 -0.184984 0.327865)
(0.0610095 -0.184984 0.327865)
(0.111441 -0.134401 0.314964)
(0.101911 -0.0894259 0.306012)
(0.0683987 -0.0683987 0.305264)
(0.0248692 -0.0534159 0.307343)
(-0.0343424 -0.0741235 0.30438)
(-0.0894259 -0.101911 0.306012)
(-0.138358 -0.138358 0.316328)
(-0.154434 -0.266406 0.314395)
(-0.0568377 -0.389259 0.0400487)
(0.0568378 -0.389259 0.0400487)
(0.154434 -0.266406 0.314395)
(0.138358 -0.138358 0.316328)
(0.0894259 -0.101911 0.306012)
(0.0343424 -0.0741235 0.30438)
(-0.0522568 -0.0758761 0.304548)
(-0.134401 -0.111441 0.314964)
(-0.266406 -0.154434 0.314395)
(-0.262873 -0.262873 -0.347816)
(0.0188288 -0.0184549 -1.5408)
(-0.0188288 -0.0184548 -1.5408)
(0.262873 -0.262872 -0.347816)
(0.266406 -0.154434 0.314395)
(0.134401 -0.111441 0.314964)
(0.0522568 -0.075876 0.304548)
(-0.0699663 -0.0362288 0.307731)
(-0.184984 -0.0610094 0.327865)
(-0.389259 -0.0568377 0.0400487)
(-0.0184548 0.0188287 -1.5408)
(0.0110474 0.0110474 -2.55434)
(-0.0110473 0.0110474 -2.55434)
(0.0184546 0.0188293 -1.5408)
(0.389258 -0.0568376 0.0400489)
(0.184984 -0.0610093 0.327865)
(0.0699662 -0.0362287 0.307731)
(-0.0699663 0.0362288 0.307731)
(-0.184984 0.0610095 0.327865)
(-0.389259 0.0568378 0.0400487)
(-0.0184548 -0.0188287 -1.5408)
(0.0110474 -0.0110473 -2.55434)
(-0.0110473 -0.0110473 -2.55434)
(0.0184546 -0.0188292 -1.5408)
(0.389258 0.0568377 0.0400489)
(0.184983 0.0610094 0.327865)
(0.0699662 0.0362288 0.307731)
(-0.0522568 0.0758761 0.304548)
(-0.134401 0.111441 0.314964)
(-0.266406 0.154434 0.314395)
(-0.262872 0.262873 -0.347816)
(0.0188292 0.0184546 -1.5408)
(-0.0188292 0.0184545 -1.5408)
(0.262872 0.262872 -0.347816)
(0.266405 0.154434 0.314395)
(0.134401 0.111441 0.314964)
(0.0522568 0.075876 0.304548)
(-0.0343424 0.0741235 0.30438)
(-0.0894259 0.101911 0.306012)
(-0.138358 0.138358 0.316328)
(-0.154434 0.266406 0.314395)
(-0.0568376 0.389258 0.0400489)
(0.0568377 0.389258 0.0400489)
(0.154434 0.266405 0.314395)
(0.138358 0.138358 0.316328)
(0.0894259 0.101911 0.306012)
(0.0343424 0.0741235 0.30438)
(-0.0248692 0.0534159 0.307343)
(-0.0683987 0.0683987 0.305264)
(-0.101911 0.0894259 0.306012)
(-0.111441 0.134401 0.314964)
(-0.0610093 0.184984 0.327865)
(0.0610094 0.184984 0.327865)
(0.111441 0.134401 0.314964)
(0.101911 0.0894259 0.306012)
(0.0683987 0.0683987 0.305264)
(0.0248692 0.0534159 0.307343)
(-0.0194332 0.0194332 0.308483)
(-0.0534159 0.0248692 0.307343)
(-0.0741235 0.0343424 0.30438)
(-0.075876 0.0522568 0.304548)
(-0.0362287 0.0699663 0.307731)
(0.0362288 0.0699663 0.307731)
(0.075876 0.0522568 0.304548)
(0.0741234 0.0343424 0.30438)
(0.0534159 0.0248692 0.307343)
(0.0194332 0.0194332 0.308483)
(-0.0197073 -0.0197073 0.345247)
(-0.0545036 -0.0250055 0.344742)
(-0.0747962 -0.0336577 0.340122)
(-0.0756639 -0.0501757 0.341191)
(-0.036373 -0.0636335 0.339906)
(0.036373 -0.0636335 0.339906)
(0.0756639 -0.0501757 0.341191)
(0.0747962 -0.0336577 0.340122)
(0.0545036 -0.0250055 0.344742)
(0.0197073 -0.0197073 0.345247)
(-0.0250055 -0.0545036 0.344742)
(-0.0684917 -0.0684917 0.343306)
(-0.100206 -0.0863915 0.341703)
(-0.105177 -0.124184 0.351195)
(-0.0552189 -0.152567 0.349705)
(0.0552189 -0.152567 0.349705)
(0.105177 -0.124184 0.351195)
(0.100206 -0.0863915 0.341703)
(0.0684917 -0.0684917 0.343306)
(0.0250055 -0.0545036 0.344742)
(-0.0336577 -0.0747962 0.340122)
(-0.0863915 -0.100206 0.341703)
(-0.12728 -0.12728 0.34101)
(-0.11876 -0.224954 0.304569)
(-0.0245194 -0.278133 -0.0602919)
(0.0245194 -0.278133 -0.060292)
(0.11876 -0.224954 0.304569)
(0.12728 -0.12728 0.34101)
(0.0863915 -0.100206 0.341703)
(0.0336577 -0.0747962 0.340122)
(-0.0501757 -0.0756639 0.341191)
(-0.124184 -0.105177 0.351195)
(-0.224954 -0.11876 0.304569)
(-0.147838 -0.147838 -0.487818)
(0.0333843 0.167673 -1.65225)
(-0.0333843 0.167673 -1.65225)
(0.147838 -0.147837 -0.487818)
(0.224954 -0.11876 0.304569)
(0.124184 -0.105177 0.351195)
(0.0501757 -0.0756639 0.341191)
(-0.0636335 -0.036373 0.339906)
(-0.152567 -0.0552189 0.349705)
(-0.278133 -0.0245194 -0.060292)
(0.167674 0.0333842 -1.65225)
(0.00885447 0.00885446 -2.52424)
(-0.00885446 0.00885446 -2.52424)
(-0.167674 0.0333845 -1.65225)
(0.278133 -0.0245193 -0.0602918)
(0.152567 -0.0552188 0.349705)
(0.0636334 -0.036373 0.339906)
(-0.0636335 0.036373 0.339906)
(-0.152567 0.0552189 0.349705)
(-0.278133 0.0245194 -0.060292)
(0.167673 -0.0333842 -1.65225)
(0.00885446 -0.00885445 -2.52424)
(-0.00885445 -0.00885446 -2.52424)
(-0.167674 -0.0333845 -1.65225)
(0.278133 0.0245194 -0.0602917)
(0.152567 0.0552188 0.349705)
(0.0636334 0.036373 0.339906)
(-0.0501757 0.0756639 0.341191)
(-0.124184 0.105177 0.351195)
(-0.224954 0.11876 0.304569)
(-0.147837 0.147838 -0.487818)
(0.0333844 -0.167674 -1.65225)
(-0.0333844 -0.167674 -1.65225)
(0.147837 0.147837 -0.487818)
(0.224954 0.11876 0.304569)
(0.124184 0.105177 0.351195)
(0.0501757 0.0756639 0.341191)
(-0.0336577 0.0747962 0.340122)
(-0.0863915 0.100206 0.341703)
(-0.12728 0.12728 0.34101)
(-0.11876 0.224954 0.304569)
(-0.0245194 0.278133 -0.0602918)
(0.0245194 0.278133 -0.0602918)
(0.11876 0.224954 0.304569)
(0.12728 0.12728 0.34101)
(0.0863915 0.100206 0.341703)
(0.0336577 0.0747962 0.340122)
(-0.0250055 0.0545036 0.344742)
(-0.0684917 0.0684917 0.343306)
(-0.100206 0.0863915 0.341703)
(-0.105177 0.124184 0.351195)
(-0.0552188 0.152567 0.349705)
(0.0552188 0.152567 0.349705)
(0.105177 0.124184 0.351195)
(0.100206 0.0863915 0.341703)
(0.0684917 0.0684917 0.343306)
(0.0250055 0.0545036 0.344742)
(-0.0197073 0.0197073 0.345247)
(-0.0545036 0.0250055 0.344742)
(-0.0747962 0.0336577 0.340122)
(-0.0756639 0.0501757 0.341191)
(-0.036373 0.0636334 0.339906)
(0.036373 0.0636334 0.339906)
(0.0756639 0.0501757 0.341191)
(0.0747962 0.0336577 0.340122)
(0.0545036 0.0250055 0.344742)
(0.0197073 0.0197073 0.345247)
(-0.0198667 -0.0198667 0.382549)
(-0.0561539 -0.0250587 0.382482)
(-0.0761965 -0.0334527 0.374434)
(-0.0774845 -0.0487639 0.375148)
(-0.0382119 -0.061039 0.362735)
(0.0382119 -0.061039 0.362735)
(0.0774845 -0.0487639 0.375148)
(0.0761965 -0.0334527 0.374434)
(0.0561539 -0.0250587 0.382482)
(0.0198667 -0.0198667 0.382549)
(-0.0250587 -0.0561539 0.382482)
(-0.0697209 -0.0697209 0.381175)
(-0.0997907 -0.0877568 0.373516)
(-0.103818 -0.122456 0.379862)
(-0.0533441 -0.142628 0.353975)
(0.0533441 -0.142628 0.353975)
(0.103818 -0.122456 0.379862)
(0.0997907 -0.0877568 0.373516)
(0.0697209 -0.0697209 0.381175)
(0.0250587 -0.0561539 0.382482)
(-0.0334527 -0.0761965 0.374434)
(-0.0877568 -0.0997907 0.373516)
(-0.124319 -0.124319 0.350111)
(-0.106126 -0.204718 0.273421)
(-0.0177682 -0.229863 -0.182019)
(0.0177682 -0.229863 -0.182019)
(0.106126 -0.204718 0.27342)
(0.124319 -0.124319 0.350111)
(0.0877568 -0.0997907 0.373516)
(0.0334527 -0.0761965 0.374434)
(-0.0487639 -0.0774845 0.375148)
(-0.122456 -0.103818 0.379862)
(-0.204718 -0.106126 0.273421)
(-0.0897511 -0.0897513 -0.61095)
(0.0136876 0.29104 -1.73289)
(-0.0136876 0.29104 -1.73289)
(0.0897512 -0.089751 -0.61095)
(0.204718 -0.106126 0.273421)
(0.122456 -0.103818 0.379862)
(0.0487639 -0.0774845 0.375148)
(-0.061039 -0.0382119 0.362735)
(-0.142628 -0.0533441 0.353975)
(-0.229863 -0.0177682 -0.18202)
(0.29104 0.0136876 -1.73289)
(0.00910043 0.00910042 -2.39591)
(-0.00910043 0.00910042 -2.39591)
(-0.29104 0.0136877 -1.73289)
(0.229862 -0.0177682 -0.182019)
(0.142628 -0.053344 0.353975)
(0.0610389 -0.0382119 0.362734)
(-0.061039 0.0382119 0.362735)
(-0.142628 0.0533441 0.353975)
(-0.229863 0.0177683 -0.182019)
(0.29104 -0.0136875 -1.73289)
(0.00910042 -0.00910042 -2.39591)
(-0.00910042 -0.00910042 -2.39591)
(-0.29104 -0.0136876 -1.73289)
(0.229862 0.0177683 -0.182019)
(0.142628 0.0533441 0.353975)
(0.0610389 0.0382119 0.362734)
(-0.0487639 0.0774845 0.375148)
(-0.122456 0.103818 0.379862)
(-0.204718 0.106126 0.27342)
(-0.0897509 0.0897512 -0.61095)
(0.0136876 -0.29104 -1.73289)
(-0.0136876 -0.29104 -1.73289)
(0.089751 0.0897508 -0.610949)
(0.204718 0.106126 0.27342)
(0.122456 0.103818 0.379862)
(0.0487639 0.0774845 0.375148)
(-0.0334527 0.0761965 0.374434)
(-0.0877568 0.0997907 0.373516)
(-0.124319 0.124319 0.350111)
(-0.106126 0.204718 0.273421)
(-0.0177683 0.229862 -0.182019)
(0.0177683 0.229862 -0.182019)
(0.106126 0.204718 0.27342)
(0.124319 0.124319 0.350111)
(0.0877567 0.0997907 0.373516)
(0.0334527 0.0761965 0.374434)
(-0.0250587 0.0561539 0.382482)
(-0.0697209 0.0697209 0.381175)
(-0.0997907 0.0877568 0.373516)
(-0.103818 0.122456 0.379862)
(-0.0533441 0.142628 0.353975)
(0.0533441 0.142628 0.353975)
(0.103818 0.122456 0.379862)
(0.0997907 0.0877567 0.373516)
(0.0697209 0.0697209 0.381175)
(0.0250587 0.0561539 0.382482)
(-0.0198667 0.0198667 0.382549)
(-0.0561539 0.0250587 0.382482)
(-0.0761965 0.0334527 0.374434)
(-0.0774845 0.0487639 0.375148)
(-0.0382119 0.0610389 0.362734)
(0.0382119 0.0610389 0.362734)
(0.0774844 0.0487639 0.375148)
(0.0761965 0.0334527 0.374434)
(0.0561539 0.0250587 0.382482)
(0.0198667 0.0198667 0.382549)
(-0.0199156 -0.0199156 0.420699)
(-0.0587224 -0.0250797 0.421295)
(-0.0788256 -0.0340839 0.409276)
(-0.0826615 -0.0486006 0.410034)
(-0.0431186 -0.0625465 0.382667)
(0.0431186 -0.0625465 0.382667)
(0.0826615 -0.0486006 0.410034)
(0.0788256 -0.0340839 0.409276)
(0.0587224 -0.0250797 0.421295)
(0.0199156 -0.0199156 0.420699)
(-0.0250797 -0.0587224 0.421295)
(-0.0728089 -0.0728089 0.420359)
(-0.102008 -0.0964397 0.405612)
(-0.109382 -0.13382 0.409892)
(-0.0577505 -0.173845 0.35873)
(0.0577504 -0.173845 0.35873)
(0.109382 -0.13382 0.409892)
(0.102008 -0.0964397 0.405612)
(0.0728089 -0.0728089 0.420359)
(0.0250797 -0.0587224 0.421295)
(-0.0340839 -0.0788256 0.409276)
(-0.0964397 -0.102008 0.405612)
(-0.134213 -0.134213 0.353235)
(-0.134979 -0.211454 0.239076)
(-0.0565148 -0.238999 -0.340748)
(0.0565148 -0.238999 -0.340748)
(0.134979 -0.211454 0.239076)
(0.134213 -0.134213 0.353235)
(0.0964397 -0.102008 0.405612)
(0.0340839 -0.0788256 0.409276)
(-0.0486006 -0.0826615 0.410034)
(-0.13382 -0.109382 0.409892)
(-0.211454 -0.13498 0.239076)
(-0.0774772 -0.0774773 -0.713711)
(-0.00920541 0.286431 -1.81337)
(0.0092054 0.286431 -1.81337)
(0.0774772 -0.0774772 -0.713711)
(0.211454 -0.13498 0.239076)
(0.13382 -0.109382 0.409892)
(0.0486006 -0.0826615 0.410034)
(-0.0625465 -0.0431186 0.382667)
(-0.173845 -0.0577505 0.35873)
(-0.238999 -0.0565148 -0.340748)
(0.28643 -0.00920539 -1.81337)
(0.00803942 0.00803942 -2.19531)
(-0.00803942 0.00803942 -2.19531)
(-0.28643 -0.00920536 -1.81337)
(0.238999 -0.0565148 -0.340748)
(0.173845 -0.0577504 0.35873)
(0.0625465 -0.0431186 0.382667)
(-0.0625465 0.0431186 0.382667)
(-0.173845 0.0577505 0.35873)
(-0.238999 0.0565149 -0.340748)
(0.286431 0.00920537 -1.81337)
(0.00803942 -0.00803942 -2.19531)
(-0.00803941 -0.00803942 -2.19531)
(-0.286431 0.00920534 -1.81337)
(0.238999 0.0565149 -0.340748)
(0.173845 0.0577504 0.35873)
(0.0625465 0.0431186 0.382667)
(-0.0486006 0.0826615 0.410034)
(-0.13382 0.109382 0.409892)
(-0.211454 0.13498 0.239076)
(-0.0774772 0.0774772 -0.713711)
(-0.00920533 -0.286431 -1.81337)
(0.00920531 -0.28643 -1.81337)
(0.0774772 0.0774771 -0.713711)
(0.211454 0.13498 0.239076)
(0.13382 0.109382 0.409892)
(0.0486006 0.0826615 0.410034)
(-0.0340839 0.0788256 0.409276)
(-0.0964397 0.102008 0.405612)
(-0.134213 0.134213 0.353235)
(-0.13498 0.211454 0.239076)
(-0.0565149 0.238999 -0.340748)
(0.0565149 0.238999 -0.340748)
(0.13498 0.211454 0.239076)
(0.134213 0.134213 0.353235)
(0.0964397 0.102008 0.405612)
(0.0340839 0.0788256 0.409276)
(-0.0250797 0.0587224 0.421295)
(-0.0728089 0.0728089 0.420359)
(-0.102008 0.0964397 0.405612)
(-0.109382 0.13382 0.409892)
(-0.0577504 0.173845 0.35873)
(0.0577504 0.173845 0.35873)
(0.109382 0.13382 0.409892)
(0.102008 0.0964397 0.405612)
(0.0728089 0.0728089 0.420359)
(0.0250797 0.0587224 0.421295)
(-0.0199156 0.0199156 0.420699)
(-0.0587224 0.0250797 0.421295)
(-0.0788256 0.0340839 0.409276)
(-0.0826615 0.0486006 0.410034)
(-0.0431186 0.0625465 0.382667)
(0.0431186 0.0625465 0.382667)
(0.0826615 0.0486006 0.410034)
(0.0788256 0.0340839 0.409276)
(0.0587224 0.0250797 0.421295)
(0.0199156 0.0199156 0.420699)
(-0.0197413 -0.0197413 0.460061)
(-0.0620422 -0.0248735 0.462008)
(-0.0823085 -0.0352546 0.447389)
(-0.0913074 -0.0488431 0.450342)
(-0.0514735 -0.0662755 0.410219)
(0.0514734 -0.0662755 0.410219)
(0.0913074 -0.0488431 0.450342)
(0.0823085 -0.0352546 0.447389)
(0.0620422 -0.0248735 0.462008)
(0.0197413 -0.0197413 0.460061)
(-0.0248735 -0.0620422 0.462008)
(-0.0774326 -0.0774326 0.462468)
(-0.105852 -0.112107 0.44256)
(-0.120829 -0.15698 0.449707)
(-0.0705886 -0.250162 0.373206)
(0.0705885 -0.250162 0.373206)
(0.120829 -0.15698 0.449707)
(0.105852 -0.112107 0.44256)
(0.0774326 -0.0774326 0.462468)
(0.0248735 -0.0620422 0.462008)
(-0.0352546 -0.0823085 0.447389)
(-0.112107 -0.105852 0.44256)
(-0.155887 -0.155887 0.370212)
(-0.207784 -0.229279 0.215936)
(-0.145321 -0.246654 -0.527338)
(0.145321 -0.246654 -0.527338)
(0.207784 -0.229279 0.215936)
(0.155887 -0.155887 0.370212)
(0.112107 -0.105852 0.44256)
(0.0352546 -0.0823085 0.447389)
(-0.0488431 -0.0913075 0.450342)
(-0.15698 -0.120829 0.449707)
(-0.229279 -0.207784 0.215936)
(-0.07063 -0.07063 -0.819231)
(-0.00835727 0.115178 -1.90847)
(0.00835725 0.115178 -1.90848)
(0.07063 -0.07063 -0.819231)
(0.229279 -0.207784 0.215936)
(0.15698 -0.120829 0.449707)
(0.0488431 -0.0913075 0.450342)
(-0.0662755 -0.0514735 0.410219)
(-0.250162 -0.0705886 0.373206)
(-0.246654 -0.145321 -0.527338)
(0.115178 -0.00835725 -1.90848)
(0.00611692 0.00611692 -2.09426)
(-0.00611692 0.00611692 -2.09426)
(-0.115178 -0.00835724 -1.90848)
(0.246654 -0.145321 -0.527338)
(0.250162 -0.0705885 0.373206)
(0.0662755 -0.0514734 0.410219)
(-0.0662755 0.0514735 0.410219)
(-0.250162 0.0705886 0.373206)
(-0.246654 0.145321 -0.527338)
(0.115178 0.0083572 -1.90848)
(0.00611692 -0.00611692 -2.09426)
(-0.00611692 -0.00611692 -2.09426)
(-0.115178 0.00835719 -1.90848)
(0.246654 0.145321 -0.527338)
(0.250162 0.0705885 0.373206)
(0.0662755 0.0514735 0.410219)
(-0.0488431 0.0913074 0.450342)
(-0.15698 0.120829 0.449707)
(-0.229279 0.207784 0.215936)
(-0.07063 0.07063 -0.819231)
(-0.0083572 -0.115178 -1.90848)
(0.00835718 -0.115178 -1.90848)
(0.0706299 0.07063 -0.819231)
(0.229279 0.207784 0.215936)
(0.15698 0.120829 0.449707)
(0.0488431 0.0913074 0.450342)
(-0.0352546 0.0823085 0.447389)
(-0.112107 0.105852 0.44256)
(-0.155887 0.155887 0.370212)
(-0.207784 0.229279 0.215936)
(-0.145321 0.246654 -0.527338)
(0.145321 0.246654 -0.527338)
(0.207784 0.229279 0.215936)
(0.155887 0.155887 0.370212)
(0.112107 0.105852 0.44256)
(0.0352546 0.0823085 0.447389)
(-0.0248735 0.0620422 0.462008)
(-0.0774326 0.0774326 0.462468)
(-0.105852 0.112107 0.44256)
(-0.120829 0.15698 0.449707)
(-0.0705885 0.250162 0.373206)
(0.0705885 0.250162 0.373206)
(0.120829 0.15698 0.449707)
(0.105852 0.112107 0.44256)
(0.0774326 0.0774326 0.462468)
(0.0248735 0.0620422 0.462008)
(-0.0197413 0.0197413 0.460061)
(-0.0620422 0.0248735 0.462008)
(-0.0823085 0.0352546 0.447389)
(-0.0913075 0.0488431 0.450342)
(-0.0514735 0.0662755 0.410219)
(0.0514734 0.0662755 0.410219)
(0.0913074 0.0488431 0.450342)
(0.0823085 0.0352546 0.447389)
(0.0620422 0.0248735 0.462008)
(0.0197413 0.0197413 0.460061)
(-0.019122 -0.019122 0.500763)
(-0.0653074 -0.0240722 0.505024)
(-0.0853315 -0.0363 0.49101)
(-0.101176 -0.0481311 0.49913)
(-0.0618898 -0.0719545 0.454437)
(0.0618898 -0.0719545 0.454437)
(0.101176 -0.0481311 0.49913)
(0.0853315 -0.0363 0.49101)
(0.0653074 -0.0240722 0.505024)
(0.019122 -0.019122 0.500763)
(-0.0240722 -0.0653074 0.505024)
(-0.0823558 -0.0823558 0.508208)
(-0.109208 -0.129795 0.487705)
(-0.136425 -0.182495 0.501031)
(-0.0916063 -0.333824 0.377868)
(0.0916062 -0.333824 0.377868)
(0.136425 -0.182495 0.50103)
(0.109208 -0.129795 0.487705)
(0.0823558 -0.0823558 0.508208)
(0.0240722 -0.0653074 0.505024)
(-0.0363 -0.0853315 0.49101)
(-0.129795 -0.109208 0.487705)
(-0.182691 -0.182691 0.416546)
(-0.284855 -0.233868 0.196595)
(-0.18952 -0.179449 -0.776963)
(0.18952 -0.179449 -0.776963)
(0.284855 -0.233868 0.196595)
(0.182691 -0.182691 0.416546)
(0.129795 -0.109208 0.487705)
(0.0363 -0.0853315 0.49101)
(-0.0481311 -0.101176 0.49913)
(-0.182495 -0.136425 0.501031)
(-0.233868 -0.284856 0.196595)
(-0.0421414 -0.0421413 -0.924814)
(-0.00492587 0.0128813 -1.97156)
(0.00492584 0.0128813 -1.97156)
(0.0421414 -0.0421413 -0.924814)
(0.233868 -0.284856 0.196595)
(0.182495 -0.136425 0.50103)
(0.0481311 -0.101176 0.49913)
(-0.0719545 -0.0618898 0.454437)
(-0.333824 -0.0916062 0.377868)
(-0.179449 -0.18952 -0.776963)
(0.0128812 -0.00492587 -1.97156)
(0.00323967 0.00323967 -2.07813)
(-0.00323967 0.00323967 -2.07813)
(-0.0128813 -0.00492587 -1.97156)
(0.179449 -0.18952 -0.776963)
(0.333824 -0.0916062 0.377868)
(0.0719545 -0.0618898 0.454437)
(-0.0719545 0.0618898 0.454437)
(-0.333824 0.0916062 0.377868)
(-0.179449 0.18952 -0.776963)
(0.0128813 0.00492582 -1.97156)
(0.00323967 -0.00323967 -2.07813)
(-0.00323967 -0.00323967 -2.07813)
(-0.0128813 0.00492582 -1.97156)
(0.179449 0.18952 -0.776963)
(0.333824 0.0916062 0.377868)
(0.0719545 0.0618898 0.454437)
(-0.0481311 0.101176 0.49913)
(-0.182495 0.136425 0.50103)
(-0.233868 0.284855 0.196595)
(-0.0421413 0.0421414 -0.924814)
(-0.00492585 -0.0128813 -1.97156)
(0.00492582 -0.0128812 -1.97156)
(0.0421413 0.0421414 -0.924814)
(0.233868 0.284856 0.196595)
(0.182495 0.136425 0.50103)
(0.0481311 0.101176 0.49913)
(-0.0363 0.0853315 0.49101)
(-0.129795 0.109208 0.487705)
(-0.182691 0.182691 0.416546)
(-0.284856 0.233868 0.196595)
(-0.18952 0.179449 -0.776963)
(0.18952 0.179449 -0.776963)
(0.284855 0.233868 0.196595)
(0.182691 0.182691 0.416546)
(0.129795 0.109208 0.487705)
(0.0363 0.0853315 0.49101)
(-0.0240722 0.0653074 0.505024)
(-0.0823558 0.0823558 0.508208)
(-0.109208 0.129795 0.487705)
(-0.136425 0.182495 0.50103)
(-0.0916062 0.333824 0.377868)
(0.0916062 0.333824 0.377868)
(0.136425 0.182495 0.50103)
(0.109208 0.129795 0.487705)
(0.0823558 0.0823558 0.508208)
(0.0240722 0.0653074 0.505024)
(-0.019122 0.019122 0.500763)
(-0.0653074 0.0240722 0.505024)
(-0.0853315 0.0363 0.49101)
(-0.101176 0.0481311 0.49913)
(-0.0618898 0.0719545 0.454437)
(0.0618898 0.0719545 0.454437)
(0.101176 0.0481311 0.49913)
(0.0853315 0.0363 0.49101)
(0.0653074 0.0240722 0.505024)
(0.019122 0.019122 0.500763)
(-0.0177951 -0.0177951 0.542261)
(-0.0672979 -0.0223127 0.549767)
(-0.0862401 -0.0364704 0.54036)
(-0.109542 -0.0459315 0.556206)
(-0.0730883 -0.084384 0.514749)
(0.0730883 -0.084384 0.514749)
(0.109542 -0.0459315 0.556206)
(0.0862401 -0.0364704 0.54036)
(0.0672979 -0.0223127 0.549767)
(0.0177951 -0.0177951 0.542261)
(-0.0223127 -0.0672979 0.549767)
(-0.0859289 -0.0859289 0.557046)
(-0.11037 -0.143033 0.54157)
(-0.156036 -0.202723 0.560389)
(-0.11701 -0.373816 0.341828)
(0.11701 -0.373816 0.341828)
(0.156036 -0.202723 0.560388)
(0.11037 -0.143033 0.54157)
(0.0859289 -0.0859289 0.557046)
(0.0223127 -0.067298 0.549767)
(-0.0364704 -0.0862401 0.54036)
(-0.143033 -0.11037 0.54157)
(-0.204102 -0.204102 0.489937)
(-0.321841 -0.216572 0.154505)
(-0.1632 -0.102521 -0.998463)
(0.1632 -0.102521 -0.998463)
(0.321841 -0.216572 0.154505)
(0.204102 -0.204102 0.489937)
(0.143033 -0.11037 0.54157)
(0.0364704 -0.0862401 0.54036)
(-0.0459315 -0.109542 0.556206)
(-0.202723 -0.156036 0.560389)
(-0.216572 -0.321841 0.154505)
(-0.0267451 -0.026745 -1.01983)
(-0.00609454 -0.00400691 -2.00979)
(0.00609452 -0.00400692 -2.00979)
(0.0267451 -0.0267451 -1.01983)
(0.216572 -0.321841 0.154505)
(0.202723 -0.156036 0.560388)
(0.0459315 -0.109542 0.556206)
(-0.084384 -0.0730883 0.514749)
(-0.373816 -0.11701 0.341828)
(-0.102521 -0.1632 -0.998463)
(-0.00400692 -0.00609455 -2.00979)
(0.00127442 0.00127442 -2.08288)
(-0.00127442 0.00127442 -2.08288)
(0.00400691 -0.00609456 -2.00979)
(0.102522 -0.1632 -0.998463)
(0.373816 -0.11701 0.341828)
(0.084384 -0.0730883 0.514749)
(-0.084384 0.0730883 0.514749)
(-0.373816 0.11701 0.341828)
(-0.102521 0.1632 -0.998463)
(-0.00400692 0.00609451 -2.00979)
(0.00127442 -0.00127442 -2.08288)
(-0.00127442 -0.00127442 -2.08288)
(0.00400691 0.00609453 -2.00979)
(0.102522 0.1632 -0.998462)
(0.373816 0.11701 0.341828)
(0.084384 0.0730883 0.514749)
(-0.0459315 0.109542 0.556206)
(-0.202723 0.156036 0.560388)
(-0.216572 0.321841 0.154505)
(-0.0267451 0.0267451 -1.01983)
(-0.00609456 0.0040069 -2.00979)
(0.00609453 0.00400691 -2.00979)
(0.0267451 0.0267453 -1.01983)
(0.216572 0.321841 0.154505)
(0.202723 0.156036 0.560388)
(0.0459315 0.109542 0.556206)
(-0.0364704 0.0862401 0.54036)
(-0.143033 0.11037 0.54157)
(-0.204102 0.204102 0.489937)
(-0.321841 0.216572 0.154505)
(-0.1632 0.102522 -0.998463)
(0.1632 0.102522 -0.998463)
(0.321841 0.216572 0.154505)
(0.204102 0.204102 0.489937)
(0.143033 0.11037 0.54157)
(0.0364704 0.0862401 0.54036)
(-0.0223127 0.0672979 0.549767)
(-0.0859289 0.0859289 0.557046)
(-0.11037 0.143033 0.54157)
(-0.156036 0.202723 0.560388)
(-0.11701 0.373816 0.341828)
(0.11701 0.373816 0.341828)
(0.156036 0.202723 0.560388)
(0.11037 0.143033 0.54157)
(0.0859289 0.0859289 0.557046)
(0.0223127 0.0672979 0.549767)
(-0.0177951 0.0177951 0.542261)
(-0.067298 0.0223127 0.549767)
(-0.0862401 0.0364704 0.54036)
(-0.109542 0.0459315 0.556206)
(-0.0730883 0.084384 0.514749)
(0.0730883 0.084384 0.514749)
(0.109542 0.0459315 0.556206)
(0.0862401 0.0364704 0.54036)
(0.0672979 0.0223127 0.549767)
(0.0177951 0.0177951 0.542261)
(-0.0155312 -0.0155312 0.583317)
(-0.0667817 -0.0192337 0.594889)
(-0.0836056 -0.0353289 0.593816)
(-0.114791 -0.0419628 0.620046)
(-0.0842482 -0.106178 0.582896)
(0.0842482 -0.106178 0.582896)
(0.114791 -0.0419628 0.620046)
(0.0836056 -0.035329 0.593816)
(0.0667817 -0.0192337 0.594889)
(0.0155312 -0.0155312 0.583317)
(-0.0192337 -0.0667816 0.594889)
(-0.0867611 -0.0867611 0.607723)
(-0.107642 -0.148287 0.60244)
(-0.179381 -0.213664 0.622054)
(-0.144983 -0.376907 0.263162)
(0.144983 -0.376907 0.263162)
(0.179381 -0.213664 0.622054)
(0.107642 -0.148287 0.60244)
(0.0867611 -0.0867611 0.607723)
(0.0192337 -0.0667817 0.594889)
(-0.0353289 -0.0836056 0.593816)
(-0.148287 -0.107642 0.60244)
(-0.214035 -0.214035 0.572503)
(-0.329171 -0.183072 0.0915576)
(-0.134191 -0.0513233 -1.20536)
(0.13419 -0.0513233 -1.20536)
(0.329171 -0.183072 0.0915576)
(0.214035 -0.214035 0.572503)
(0.148287 -0.107642 0.60244)
(0.0353289 -0.0836056 0.593816)
(-0.0419628 -0.114791 0.620046)
(-0.213664 -0.179381 0.622054)
(-0.183072 -0.329171 0.0915575)
(-0.0290685 -0.0290684 -1.10797)
(-0.0139301 0.00374692 -2.03678)
(0.0139301 0.00374692 -2.03678)
(0.0290685 -0.0290689 -1.10797)
(0.183072 -0.329171 0.0915574)
(0.213664 -0.179381 0.622054)
(0.0419628 -0.114791 0.620046)
(-0.106178 -0.0842482 0.582896)
(-0.376907 -0.144983 0.263162)
(-0.0513233 -0.134191 -1.20536)
(0.00374692 -0.0139301 -2.03678)
(-0.00318158 -0.00318159 -2.08115)
(0.00318158 -0.00318158 -2.08115)
(-0.00374692 -0.0139302 -2.03678)
(0.0513238 -0.13419 -1.20536)
(0.376907 -0.144983 0.263162)
(0.106178 -0.0842482 0.582896)
(-0.106178 0.0842482 0.582896)
(-0.376907 0.144983 0.263162)
(-0.0513233 0.13419 -1.20536)
(0.00374692 0.0139301 -2.03678)
(-0.00318158 0.00318158 -2.08115)
(0.00318158 0.00318158 -2.08115)
(-0.00374692 0.0139302 -2.03678)
(0.0513238 0.13419 -1.20536)
(0.376907 0.144983 0.263162)
(0.106178 0.0842482 0.582896)
(-0.0419628 0.114791 0.620046)
(-0.213664 0.179381 0.622054)
(-0.183072 0.329171 0.0915575)
(-0.0290689 0.0290685 -1.10797)
(-0.0139302 -0.00374693 -2.03678)
(0.0139302 -0.00374693 -2.03678)
(0.0290689 0.029069 -1.10797)
(0.183072 0.329171 0.0915575)
(0.213664 0.179381 0.622054)
(0.0419628 0.114791 0.620046)
(-0.035329 0.0836056 0.593816)
(-0.148287 0.107642 0.60244)
(-0.214035 0.214035 0.572503)
(-0.329171 0.183072 0.0915574)
(-0.13419 0.0513238 -1.20536)
(0.13419 0.0513238 -1.20536)
(0.329171 0.183072 0.0915574)
(0.214035 0.214035 0.572503)
(0.148287 0.107642 0.60244)
(0.035329 0.0836056 0.593816)
(-0.0192338 0.0667817 0.594889)
(-0.0867611 0.0867611 0.607723)
(-0.107642 0.148287 0.60244)
(-0.179381 0.213664 0.622054)
(-0.144983 0.376907 0.263162)
(0.144983 0.376907 0.263162)
(0.179381 0.213664 0.622054)
(0.107642 0.148287 0.60244)
(0.0867611 0.0867611 0.607723)
(0.0192338 0.0667817 0.594889)
(-0.0155312 0.0155312 0.583317)
(-0.0667817 0.0192337 0.594889)
(-0.0836056 0.0353289 0.593816)
(-0.114791 0.0419628 0.620046)
(-0.0842482 0.106178 0.582896)
(0.0842481 0.106178 0.582896)
(0.114791 0.0419628 0.620046)
(0.0836056 0.035329 0.593816)
(0.0667817 0.0192338 0.594889)
(0.0155312 0.0155312 0.583317)
(-0.0121013 -0.0121013 0.621885)
(-0.0627322 -0.0145095 0.638148)
(-0.075975 -0.0321153 0.648535)
(-0.117034 -0.0348105 0.687862)
(-0.0954367 -0.137109 0.655754)
(0.0954367 -0.137109 0.655754)
(0.117034 -0.0348105 0.687862)
(0.075975 -0.0321154 0.648535)
(0.0627322 -0.0145096 0.638148)
(0.0121013 -0.0121013 0.621885)
(-0.0145095 -0.0627322 0.638148)
(-0.0832483 -0.0832482 0.65826)
(-0.0982935 -0.143652 0.668307)
(-0.209465 -0.208002 0.685477)
(-0.176973 -0.374522 0.1492)
(0.176973 -0.374522 0.1492)
(0.209465 -0.208002 0.685477)
(0.0982935 -0.143652 0.668307)
(0.0832483 -0.0832483 0.65826)
(0.0145095 -0.0627322 0.638148)
(-0.0321153 -0.075975 0.648535)
(-0.143652 -0.0982935 0.668307)
(-0.205577 -0.205577 0.653347)
(-0.337245 -0.111868 0.02044)
(-0.126496 -0.0231771 -1.42767)
(0.126496 -0.0231771 -1.42767)
(0.337245 -0.111868 0.0204399)
(0.205577 -0.205577 0.653347)
(0.143652 -0.0982935 0.668307)
(0.0321153 -0.075975 0.648535)
(-0.0348105 -0.117034 0.687862)
(-0.208002 -0.209465 0.685477)
(-0.111868 -0.337245 0.0204398)
(-0.0276637 -0.0276636 -1.17493)
(-0.0256747 -0.0284122 -2.0582)
(0.0256747 -0.0284122 -2.0582)
(0.0276637 -0.0276642 -1.17493)
(0.111868 -0.337245 0.0204396)
(0.208002 -0.209465 0.685477)
(0.0348105 -0.117034 0.687862)
(-0.137109 -0.0954367 0.655754)
(-0.374522 -0.176973 0.1492)
(-0.0231771 -0.126496 -1.42767)
(-0.0284122 -0.0256747 -2.0582)
(-0.0162676 -0.0162676 -2.08177)
(0.0162676 -0.0162676 -2.08177)
(0.0284122 -0.0256748 -2.0582)
(0.0231775 -0.126496 -1.42767)
(0.374522 -0.176973 0.1492)
(0.137109 -0.0954367 0.655754)
(-0.137109 0.0954367 0.655754)
(-0.374522 0.176973 0.1492)
(-0.0231771 0.126496 -1.42767)
(-0.0284122 0.0256747 -2.0582)
(-0.0162676 0.0162676 -2.08177)
(0.0162676 0.0162676 -2.08177)
(0.0284122 0.0256748 -2.0582)
(0.0231775 0.126496 -1.42767)
(0.374522 0.176973 0.1492)
(0.137109 0.0954367 0.655754)
(-0.0348105 0.117034 0.687862)
(-0.208002 0.209465 0.685477)
(-0.111868 0.337245 0.0204399)
(-0.0276642 0.0276637 -1.17493)
(-0.0256748 0.0284122 -2.0582)
(0.0256748 0.0284122 -2.0582)
(0.0276641 0.0276642 -1.17493)
(0.111868 0.337245 0.0204398)
(0.208002 0.209465 0.685477)
(0.0348105 0.117034 0.687862)
(-0.0321154 0.075975 0.648535)
(-0.143652 0.0982935 0.668307)
(-0.205577 0.205577 0.653347)
(-0.337245 0.111868 0.0204397)
(-0.126496 0.0231775 -1.42767)
(0.126496 0.0231775 -1.42767)
(0.337245 0.111868 0.0204397)
(0.205577 0.205577 0.653347)
(0.143652 0.0982935 0.668307)
(0.0321154 0.075975 0.648535)
(-0.0145096 0.0627322 0.638148)
(-0.0832483 0.0832483 0.65826)
(-0.0982935 0.143652 0.668307)
(-0.209465 0.208002 0.685477)
(-0.176973 0.374522 0.1492)
(0.176973 0.374522 0.1492)
(0.209465 0.208002 0.685477)
(0.0982935 0.143652 0.668307)
(0.0832483 0.0832483 0.65826)
(0.0145096 0.0627322 0.638148)
(-0.0121013 0.0121013 0.621885)
(-0.0627322 0.0145095 0.638148)
(-0.075975 0.0321153 0.648535)
(-0.117034 0.0348105 0.687862)
(-0.0954367 0.137109 0.655754)
(0.0954367 0.137109 0.655754)
(0.117034 0.0348105 0.687862)
(0.075975 0.0321154 0.648535)
(0.0627322 0.0145096 0.638148)
(0.0121013 0.0121013 0.621885)
(-0.00735432 -0.00735432 0.655481)
(-0.0543511 -0.00767747 0.676762)
(-0.0618279 -0.0256894 0.701338)
(-0.114289 -0.0213148 0.75533)
(-0.1056 -0.175643 0.733601)
(0.1056 -0.175643 0.733601)
(0.114289 -0.0213148 0.75533)
(0.0618279 -0.0256894 0.701338)
(0.0543511 -0.00767749 0.676762)
(0.00735433 -0.00735433 0.655481)
(-0.00767747 -0.0543511 0.676762)
(-0.0735071 -0.0735071 0.705198)
(-0.0784568 -0.125563 0.737585)
(-0.242606 -0.177218 0.742292)
(-0.211209 -0.346703 0.00468211)
(0.211209 -0.346703 0.00468208)
(0.242606 -0.177218 0.742292)
(0.0784568 -0.125563 0.737585)
(0.0735071 -0.0735071 0.705198)
(0.00767748 -0.0543511 0.676762)
(-0.0256894 -0.0618279 0.701338)
(-0.125563 -0.0784568 0.737585)
(-0.168972 -0.168972 0.740004)
(-0.333957 0.0177854 -0.0390142)
(-0.0992944 -0.0705456 -1.6427)
(0.0992945 -0.0705456 -1.6427)
(0.333957 0.0177853 -0.0390141)
(0.168972 -0.168972 0.740004)
(0.125563 -0.0784569 0.737585)
(0.0256894 -0.0618279 0.701338)
(-0.0213148 -0.114289 0.75533)
(-0.177218 -0.242606 0.742292)
(0.0177854 -0.333957 -0.0390143)
(0.00875878 0.00875884 -1.18458)
(-0.0309942 -0.168303 -2.07262)
(0.0309942 -0.168303 -2.07262)
(-0.00875884 0.00875937 -1.18458)
(-0.0177853 -0.333957 -0.0390145)
(0.177218 -0.242606 0.742292)
(0.0213148 -0.114289 0.75533)
(-0.175643 -0.1056 0.733601)
(-0.346703 -0.211209 0.004682)
(-0.0705456 -0.0992944 -1.6427)
(-0.168303 -0.0309942 -2.07262)
(-0.0254228 -0.0254228 -2.12457)
(0.0254228 -0.0254228 -2.12457)
(0.168303 -0.0309942 -2.07262)
(0.0705452 -0.0992945 -1.6427)
(0.346703 -0.211209 0.00468215)
(0.175643 -0.1056 0.733601)
(-0.175643 0.1056 0.733601)
(-0.346703 0.211209 0.00468203)
(-0.0705456 0.0992945 -1.6427)
(-0.168303 0.0309942 -2.07262)
(-0.0254228 0.0254228 -2.12457)
(0.0254228 0.0254228 -2.12457)
(0.168303 0.0309941 -2.07262)
(0.0705452 0.0992945 -1.6427)
(0.346703 0.211209 0.00468218)
(0.175643 0.1056 0.733601)
(-0.0213148 0.114289 0.75533)
(-0.177218 0.242606 0.742292)
(0.0177852 0.333957 -0.0390142)
(0.00875932 -0.00875887 -1.18458)
(-0.0309942 0.168303 -2.07262)
(0.0309941 0.168303 -2.07262)
(-0.00875938 -0.00875939 -1.18458)
(-0.0177852 0.333957 -0.0390143)
(0.177218 0.242606 0.742292)
(0.0213148 0.114289 0.75533)
(-0.0256894 0.0618279 0.701338)
(-0.125563 0.0784568 0.737585)
(-0.168972 0.168972 0.740004)
(-0.333957 -0.0177853 -0.0390144)
(-0.0992945 0.0705452 -1.6427)
(0.0992946 0.0705452 -1.6427)
(0.333957 -0.0177852 -0.0390144)
(0.168972 0.168972 0.740004)
(0.125563 0.0784569 0.737585)
(0.0256895 0.0618279 0.701338)
(-0.00767749 0.0543511 0.676762)
(-0.0735071 0.0735071 0.705198)
(-0.0784569 0.125563 0.737585)
(-0.242606 0.177218 0.742292)
(-0.211209 0.346703 0.00468227)
(0.211209 0.346703 0.00468224)
(0.242606 0.177218 0.742292)
(0.0784569 0.125563 0.737585)
(0.0735071 0.0735072 0.705198)
(0.0076775 0.0543512 0.676762)
(-0.00735434 0.00735432 0.655481)
(-0.0543511 0.00767748 0.676762)
(-0.061828 0.0256894 0.701338)
(-0.114289 0.0213148 0.75533)
(-0.1056 0.175643 0.733601)
(0.1056 0.175643 0.733601)
(0.114289 0.0213148 0.75533)
(0.0618279 0.0256895 0.701338)
(0.0543511 0.0076775 0.676762)
(0.00735434 0.00735434 0.655481)
(-0.00132872 -0.00132871 0.681066)
(-0.0408737 0.000770412 0.706737)
(-0.0394565 -0.0139236 0.746854)
(-0.10113 -0.00173024 0.814007)
(-0.109927 -0.202529 0.810614)
(0.109927 -0.202529 0.810614)
(0.10113 -0.00173027 0.814007)
(0.0394565 -0.0139237 0.746854)
(0.0408737 0.000770393 0.706737)
(0.00132871 -0.00132873 0.681066)
(0.000770408 -0.0408737 0.706737)
(-0.0549787 -0.0549787 0.742919)
(-0.0470019 -0.0868704 0.804553)
(-0.259718 -0.103031 0.782375)
(-0.214337 -0.253446 -0.176803)
(0.214337 -0.253446 -0.176803)
(0.259718 -0.103031 0.782375)
(0.0470019 -0.0868704 0.804553)
(0.0549787 -0.0549787 0.742919)
(-0.000770407 -0.0408737 0.706737)
(-0.0139237 -0.0394564 0.746854)
(-0.0868704 -0.0470018 0.804553)
(-0.0849928 -0.0849927 0.826459)
(-0.262258 0.121281 -0.111826)
(-0.055037 -0.203767 -1.75708)
(0.055037 -0.203767 -1.75708)
(0.262258 0.12128 -0.111826)
(0.0849927 -0.0849929 0.826459)
(0.0868704 -0.0470019 0.804553)
(0.0139237 -0.0394565 0.746854)
(-0.00173023 -0.10113 0.814007)
(-0.103031 -0.259718 0.782375)
(0.12128 -0.262258 -0.111826)
(0.0474922 0.0474922 -1.08683)
(-0.0238794 -0.29193 -2.08671)
(0.0238794 -0.29193 -2.08671)
(-0.0474922 0.0474931 -1.08683)
(-0.12128 -0.262258 -0.111826)
(0.103031 -0.259718 0.782375)
(0.00173027 -0.10113 0.814007)
(-0.202529 -0.109927 0.810614)
(-0.253446 -0.214337 -0.176803)
(-0.203767 -0.055037 -1.75708)
(-0.29193 -0.0238794 -2.08671)
(0.00247183 0.00247184 -2.24556)
(-0.0024718 0.00247184 -2.24556)
(0.291929 -0.0238793 -2.08671)
(0.203766 -0.0550371 -1.75708)
(0.253446 -0.214337 -0.176803)
(0.202529 -0.109927 0.810614)
(-0.202529 0.109927 0.810614)
(-0.253446 0.214337 -0.176803)
(-0.203767 0.0550371 -1.75708)
(-0.291929 0.0238794 -2.08671)
(0.00247185 -0.0024718 -2.24556)
(-0.00247181 -0.0024718 -2.24556)
(0.291929 0.0238793 -2.08671)
(0.203766 0.0550371 -1.75708)
(0.253446 0.214337 -0.176803)
(0.202529 0.109927 0.810614)
(-0.00173027 0.10113 0.814007)
(-0.103031 0.259718 0.782375)
(0.12128 0.262258 -0.111826)
(0.0474931 -0.0474922 -1.08683)
(-0.0238793 0.291929 -2.08671)
(0.0238793 0.291929 -2.08671)
(-0.047493 -0.0474931 -1.08683)
(-0.12128 0.262258 -0.111827)
(0.103031 0.259718 0.782375)
(0.0017303 0.10113 0.814007)
(-0.0139237 0.0394564 0.746854)
(-0.0868704 0.0470019 0.804553)
(-0.084993 0.0849927 0.826459)
(-0.262258 -0.12128 -0.111826)
(-0.0550371 0.203766 -1.75708)
(0.0550371 0.203766 -1.75708)
(0.262258 -0.12128 -0.111827)
(0.0849929 0.0849929 0.826459)
(0.0868705 0.0470019 0.804553)
(0.0139237 0.0394565 0.746854)
(0.000770389 0.0408737 0.706737)
(-0.0549787 0.0549787 0.742919)
(-0.0470019 0.0868704 0.804553)
(-0.259718 0.103031 0.782375)
(-0.214337 0.253446 -0.176803)
(0.214337 0.253446 -0.176803)
(0.259718 0.103031 0.782375)
(0.047002 0.0868705 0.804553)
(0.0549787 0.0549787 0.742919)
(-0.00077039 0.0408737 0.706737)
(-0.00132873 0.00132871 0.681066)
(-0.0408737 -0.000770414 0.706737)
(-0.0394565 0.0139237 0.746854)
(-0.10113 0.00173026 0.814007)
(-0.109927 0.202529 0.810614)
(0.109927 0.202529 0.810614)
(0.10113 0.00173029 0.814007)
(0.0394565 0.0139237 0.746854)
(0.0408737 -0.000770395 0.706737)
(0.00132872 0.00132872 0.681066)
(0.00534698 0.00534698 0.695812)
(-0.023317 0.0101024 0.72363)
(-0.00957981 0.00267098 0.776721)
(-0.0716034 0.0244312 0.849546)
(-0.100725 -0.165617 0.865244)
(0.100725 -0.165617 0.865244)
(0.0716033 0.0244311 0.849546)
(0.00957979 0.00267095 0.776721)
(0.023317 0.0101024 0.72363)
(-0.00534697 0.00534697 0.695812)
(0.0101024 -0.023317 0.72363)
(-0.0266038 -0.0266037 0.764142)
(-0.00241578 -0.0274339 0.854699)
(-0.213766 0.0209081 0.792269)
(-0.158719 -0.132942 -0.30698)
(0.158719 -0.132942 -0.30698)
(0.213766 0.0209081 0.792269)
(0.0024158 -0.0274339 0.854699)
(0.0266038 -0.0266038 0.764142)
(-0.0101024 -0.023317 0.72363)
(0.00267098 -0.00957978 0.776721)
(-0.0274339 -0.00241575 0.854699)
(0.0437701 0.0437702 0.893199)
(-0.129335 0.169778 -0.132122)
(-0.00800266 -0.259642 -1.77015)
(0.00800267 -0.259642 -1.77015)
(0.129335 0.169778 -0.132122)
(-0.04377 0.04377 0.893199)
(0.0274339 -0.00241584 0.854699)
(-0.00267097 -0.00957982 0.776721)
(0.0244312 -0.0716033 0.849546)
(0.0209082 -0.213766 0.792269)
(0.169778 -0.129335 -0.132122)
(0.00878862 0.00878851 -1.00664)
(0.0190204 -0.305615 -2.1455)
(-0.0190204 -0.305615 -2.1455)
(-0.00878853 0.00878835 -1.00664)
(-0.169778 -0.129335 -0.132123)
(-0.0209081 -0.213766 0.792269)
(-0.0244311 -0.0716034 0.849546)
(-0.165617 -0.100725 0.865244)
(-0.132942 -0.158719 -0.30698)
(-0.259642 -0.00800267 -1.77015)
(-0.305615 0.0190204 -2.1455)
(0.106932 0.106932 -2.4508)
(-0.106932 0.106932 -2.4508)
(0.305615 0.0190204 -2.1455)
(0.259642 -0.00800266 -1.77015)
(0.132942 -0.158719 -0.30698)
(0.165617 -0.100725 0.865244)
(-0.165617 0.100725 0.865244)
(-0.132942 0.158719 -0.30698)
(-0.259642 0.00800268 -1.77015)
(-0.305615 -0.0190204 -2.1455)
(0.106933 -0.106932 -2.4508)
(-0.106932 -0.106932 -2.4508)
(0.305615 -0.0190204 -2.1455)
(0.259642 0.00800267 -1.77015)
(0.132942 0.158719 -0.30698)
(0.165617 0.100725 0.865244)
(0.0244311 0.0716033 0.849546)
(0.0209082 0.213766 0.792269)
(0.169778 0.129335 -0.132122)
(0.00878838 -0.00878858 -1.00664)
(0.0190204 0.305615 -2.1455)
(-0.0190204 0.305615 -2.1455)
(-0.00878829 -0.00878843 -1.00664)
(-0.169778 0.129336 -0.132123)
(-0.020908 0.213766 0.792269)
(-0.0244311 0.0716034 0.849546)
(0.00267094 0.00957977 0.776721)
(-0.0274339 0.00241576 0.854699)
(0.0437699 -0.0437701 0.893199)
(-0.129336 -0.169778 -0.132123)
(-0.00800265 0.259642 -1.77015)
(0.00800266 0.259642 -1.77015)
(0.129336 -0.169778 -0.132123)
(-0.0437699 -0.0437699 0.893199)
(0.0274339 0.00241585 0.854699)
(-0.00267094 0.00957981 0.776721)
(0.0101024 0.023317 0.72363)
(-0.0266038 0.0266038 0.764142)
(-0.00241586 0.0274339 0.854699)
(-0.213766 -0.020908 0.792269)
(-0.158719 0.132942 -0.30698)
(0.158719 0.132942 -0.30698)
(0.213766 -0.020908 0.792269)
(0.00241587 0.0274339 0.854699)
(0.0266038 0.0266038 0.764142)
(-0.0101024 0.023317 0.72363)
(0.00534696 -0.00534698 0.695812)
(-0.023317 -0.0101024 0.72363)
(-0.00957984 -0.00267097 0.776721)
(-0.0716034 -0.0244311 0.849546)
(-0.100725 0.165617 0.865244)
(0.100725 0.165617 0.865244)
(0.0716034 -0.0244311 0.849546)
(0.00957983 -0.00267095 0.776721)
(0.023317 -0.0101024 0.72363)
(-0.00534696 -0.00534696 0.695812)
(0.0125858 0.0125858 0.697769)
(-0.00265961 0.0197747 0.723602)
(0.0239249 0.0242638 0.781909)
(-0.0287112 0.0529402 0.845245)
(-0.0763452 -0.0756261 0.884943)
(0.0763452 -0.075626 0.884943)
(0.0287112 0.0529402 0.845245)
(-0.0239249 0.0242638 0.781909)
(0.00265961 0.0197747 0.723602)
(-0.0125858 0.0125858 0.697769)
(0.0197747 -0.00265959 0.723602)
(0.00858396 0.00858399 0.761466)
(0.0535623 0.0376808 0.870488)
(-0.104362 0.163332 0.777656)
(-0.0690818 -0.0338426 -0.332794)
(0.0690819 -0.0338426 -0.332794)
(0.104362 0.163332 0.777656)
(-0.0535623 0.0376808 0.870488)
(-0.00858396 0.00858397 0.761466)
(-0.0197747 -0.0026596 0.723602)
(0.0242638 0.0239249 0.781909)
(0.0376808 0.0535623 0.870488)
(0.183924 0.183924 0.92142)
(0.0197373 0.250538 -0.0483864)
(0.0668471 -0.256547 -1.71267)
(-0.0668471 -0.256547 -1.71267)
(-0.0197374 0.250538 -0.0483866)
(-0.183924 0.183924 0.92142)
(-0.0376808 0.0535623 0.870488)
(-0.0242638 0.0239248 0.781909)
(0.0529402 -0.0287111 0.845245)
(0.163332 -0.104362 0.777656)
(0.250538 0.0197374 -0.0483864)
(0.00141081 0.00141072 -0.939445)
(0.14181 -0.247282 -2.26547)
(-0.14181 -0.247282 -2.26547)
(-0.00141057 0.00141045 -0.939445)
(-0.250538 0.0197373 -0.0483868)
(-0.163332 -0.104362 0.777656)
(-0.0529402 -0.0287112 0.845245)
(-0.075626 -0.0763452 0.884943)
(-0.0338426 -0.0690818 -0.332794)
(-0.256547 0.0668471 -1.71267)
(-0.247282 0.14181 -2.26547)
(0.125217 0.125217 -2.47499)
(-0.125217 0.125217 -2.47499)
(0.247282 0.14181 -2.26547)
(0.256547 0.0668471 -1.71267)
(0.0338428 -0.0690818 -0.332794)
(0.075626 -0.0763452 0.884943)
(-0.075626 0.0763452 0.884943)
(-0.0338425 0.0690819 -0.332794)
(-0.256547 -0.0668471 -1.71267)
(-0.247282 -0.14181 -2.26547)
(0.125217 -0.125217 -2.47499)
(-0.125217 -0.125217 -2.47499)
(0.247282 -0.14181 -2.26547)
(0.256547 -0.0668471 -1.71267)
(0.0338426 0.0690818 -0.332794)
(0.0756261 0.0763452 0.884943)
(0.0529402 0.0287111 0.845245)
(0.163332 0.104362 0.777656)
(0.250538 -0.0197374 -0.0483865)
(0.00141051 -0.0014106 -0.939445)
(0.14181 0.247282 -2.26547)
(-0.14181 0.247282 -2.26547)
(-0.00141028 -0.00141035 -0.939446)
(-0.250538 -0.0197373 -0.0483869)
(-0.163332 0.104362 0.777656)
(-0.0529402 0.0287112 0.845245)
(0.0242638 -0.0239249 0.781909)
(0.0376808 -0.0535623 0.870488)
(0.183924 -0.183924 0.92142)
(0.0197372 -0.250538 -0.0483869)
(0.0668471 0.256547 -1.71267)
(-0.0668471 0.256547 -1.71267)
(-0.0197372 -0.250538 -0.048387)
(-0.183924 -0.183924 0.92142)
(-0.0376808 -0.0535623 0.870488)
(-0.0242638 -0.0239249 0.781909)
(0.0197747 0.00265961 0.723602)
(0.00858397 -0.00858395 0.761466)
(0.0535622 -0.0376808 0.870488)
(-0.104362 -0.163331 0.777656)
(-0.0690818 0.0338428 -0.332794)
(0.0690819 0.0338427 -0.332794)
(0.104362 -0.163331 0.777656)
(-0.0535622 -0.0376808 0.870488)
(-0.00858396 -0.00858394 0.761466)
(-0.0197747 0.00265962 0.723602)
(0.0125858 -0.0125858 0.697769)
(-0.00265961 -0.0197747 0.723602)
(0.0239248 -0.0242638 0.781909)
(-0.0287112 -0.0529402 0.845245)
(-0.0763452 0.0756261 0.884943)
(0.0763452 0.0756261 0.884943)
(0.0287112 -0.0529402 0.845245)
(-0.0239249 -0.0242638 0.781909)
(0.0026596 -0.0197747 0.723602)
(-0.0125858 -0.0125858 0.697769)
(0.0190318 0.0190318 0.685687)
(0.017832 0.0273121 0.70515)
(0.0542042 0.0454215 0.759774)
(0.0165208 0.0764501 0.798579)
(-0.0481502 0.0462409 0.865517)
(0.0481502 0.0462409 0.865517)
(-0.0165208 0.0764501 0.798579)
(-0.0542042 0.0454215 0.759774)
(-0.017832 0.0273121 0.70515)
(-0.0190318 0.0190318 0.685687)
(0.0273121 0.0178321 0.70515)
(0.0445574 0.0445574 0.732826)
(0.101287 0.0952082 0.83917)
(0.0409959 0.273481 0.735652)
(0.01713 0.089898 -0.271769)
(-0.01713 0.0898981 -0.271769)
(-0.0409959 0.273481 0.735652)
(-0.101287 0.0952082 0.83917)
(-0.0445574 0.0445574 0.732827)
(-0.0273121 0.0178321 0.70515)
(0.0454215 0.0542042 0.759774)
(0.0952082 0.101287 0.83917)
(0.283197 0.283197 0.891217)
(0.207873 0.34366 0.0375413)
(0.177833 -0.131617 -1.618)
(-0.177833 -0.131617 -1.618)
(-0.207873 0.34366 0.0375413)
(-0.283197 0.283197 0.891217)
(-0.0952082 0.101287 0.83917)
(-0.0454215 0.0542042 0.759774)
(0.0764501 0.0165208 0.798579)
(0.273481 0.040996 0.735652)
(0.34366 0.207873 0.0375412)
(0.0559329 0.0559329 -0.887629)
(0.250732 0.0755078 -2.29525)
(-0.250732 0.0755078 -2.29525)
(-0.0559325 0.0559326 -0.88763)
(-0.34366 0.207873 0.0375409)
(-0.273481 0.040996 0.735652)
(-0.0764501 0.0165208 0.798579)
(0.046241 -0.0481501 0.865517)
(0.0898981 0.01713 -0.271769)
(-0.131617 0.177833 -1.618)
(0.0755078 0.250732 -2.29525)
(0.0704316 0.0704316 -2.51673)
(-0.0704316 0.0704316 -2.51673)
(-0.0755077 0.250732 -2.29525)
(0.131616 0.177834 -1.618)
(-0.089898 0.01713 -0.271769)
(-0.046241 -0.0481502 0.865517)
(0.046241 0.0481501 0.865517)
(0.0898981 -0.01713 -0.271769)
(-0.131617 -0.177834 -1.618)
(0.0755079 -0.250732 -2.29525)
(0.0704316 -0.0704316 -2.51673)
(-0.0704316 -0.0704316 -2.51673)
(-0.0755078 -0.250731 -2.29525)
(0.131617 -0.177834 -1.618)
(-0.089898 -0.01713 -0.271769)
(-0.046241 0.0481501 0.865517)
(0.0764502 -0.0165208 0.798579)
(0.273481 -0.0409959 0.735652)
(0.34366 -0.207874 0.0375414)
(0.0559327 -0.0559326 -0.88763)
(0.250732 -0.0755077 -2.29525)
(-0.250732 -0.0755077 -2.29525)
(-0.0559324 -0.0559323 -0.887631)
(-0.34366 -0.207873 0.0375411)
(-0.273481 -0.0409959 0.735652)
(-0.0764501 -0.0165208 0.798579)
(0.0454215 -0.0542043 0.759774)
(0.0952082 -0.101287 0.83917)
(0.283197 -0.283197 0.891217)
(0.207873 -0.34366 0.0375408)
(0.177834 0.131617 -1.618)
(-0.177834 0.131616 -1.618)
(-0.207873 -0.34366 0.0375408)
(-0.283197 -0.283197 0.891217)
(-0.0952083 -0.101287 0.839171)
(-0.0454215 -0.0542042 0.759774)
(0.0273121 -0.017832 0.70515)
(0.0445574 -0.0445574 0.732827)
(0.101287 -0.0952082 0.83917)
(0.0409959 -0.273481 0.735652)
(0.0171301 -0.089898 -0.271769)
(-0.01713 -0.089898 -0.271769)
(-0.040996 -0.273481 0.735652)
(-0.101287 -0.0952082 0.839171)
(-0.0445574 -0.0445574 0.732827)
(-0.0273121 -0.017832 0.705151)
(0.0190318 -0.0190318 0.685687)
(0.017832 -0.0273121 0.70515)
(0.0542042 -0.0454215 0.759774)
(0.0165208 -0.0764501 0.798579)
(-0.0481501 -0.046241 0.865517)
(0.0481501 -0.046241 0.865517)
(-0.0165208 -0.0764501 0.798579)
(-0.0542042 -0.0454215 0.759774)
(-0.017832 -0.0273121 0.705151)
(-0.0190318 -0.0190318 0.685687)
(0.0231043 0.0231043 0.661232)
(0.0347616 0.0309264 0.67133)
(0.074918 0.0600399 0.714561)
(0.0542483 0.0833784 0.721907)
(-0.0173743 0.147642 0.795762)
(0.0173743 0.147642 0.795762)
(-0.0542483 0.0833784 0.721907)
(-0.074918 0.0600399 0.714561)
(-0.0347616 0.0309264 0.67133)
(-0.0231043 0.0231043 0.661232)
(0.0309264 0.0347616 0.67133)
(0.0725109 0.0725109 0.684707)
(0.127421 0.138357 0.762725)
(0.158303 0.328867 0.661459)
(0.0816558 0.218768 -0.19018)
(-0.0816558 0.218768 -0.19018)
(-0.158303 0.328867 0.661459)
(-0.127421 0.138357 0.762725)
(-0.0725109 0.0725109 0.684707)
(-0.0309264 0.0347616 0.67133)
(0.0600399 0.074918 0.714561)
(0.138357 0.127421 0.762725)
(0.338769 0.338769 0.815744)
(0.349348 0.348002 0.122227)
(0.262166 0.182013 -1.49961)
(-0.262166 0.182013 -1.49961)
(-0.349348 0.348002 0.122227)
(-0.338769 0.338769 0.815744)
(-0.138357 0.127421 0.762725)
(-0.06004 0.074918 0.714561)
(0.0833784 0.0542483 0.721907)
(0.328867 0.158303 0.661459)
(0.348001 0.349348 0.122227)
(0.0998686 0.0998687 -0.861953)
(0.285333 0.254438 -2.20005)
(-0.285333 0.254438 -2.20005)
(-0.0998684 0.0998686 -0.861954)
(-0.348001 0.349348 0.122227)
(-0.328867 0.158303 0.661459)
(-0.0833784 0.0542483 0.721907)
(0.147642 -0.0173743 0.795762)
(0.218768 0.0816557 -0.19018)
(0.182013 0.262166 -1.49961)
(0.254438 0.285333 -2.20005)
(0.0910047 0.0910047 -2.37038)
(-0.0910047 0.0910046 -2.37038)
(-0.254438 0.285333 -2.20005)
(-0.182013 0.262167 -1.49961)
(-0.218768 0.0816558 -0.19018)
(-0.147642 -0.0173743 0.795762)
(0.147642 0.0173743 0.795762)
(0.218768 -0.0816559 -0.19018)
(0.182013 -0.262166 -1.49961)
(0.254439 -0.285333 -2.20005)
(0.0910046 -0.0910047 -2.37038)
(-0.0910046 -0.0910047 -2.37038)
(-0.254438 -0.285333 -2.20005)
(-0.182013 -0.262167 -1.49961)
(-0.218768 -0.0816559 -0.19018)
(-0.147642 0.0173743 0.795762)
(0.0833784 -0.0542483 0.721907)
(0.328867 -0.158303 0.661459)
(0.348002 -0.349348 0.122227)
(0.0998686 -0.0998684 -0.861954)
(0.285333 -0.254438 -2.20005)
(-0.285333 -0.254438 -2.20005)
(-0.0998684 -0.0998683 -0.861954)
(-0.348002 -0.349348 0.122227)
(-0.328867 -0.158303 0.661459)
(-0.0833784 -0.0542483 0.721907)
(0.0600399 -0.074918 0.714561)
(0.138357 -0.127421 0.762725)
(0.338769 -0.338769 0.815744)
(0.349348 -0.348001 0.122226)
(0.262167 -0.182013 -1.49961)
(-0.262167 -0.182013 -1.49961)
(-0.349348 -0.348002 0.122226)
(-0.338769 -0.338769 0.815744)
(-0.138357 -0.127421 0.762725)
(-0.0600399 -0.074918 0.714561)
(0.0309264 -0.0347616 0.67133)
(0.0725109 -0.0725109 0.684707)
(0.127421 -0.138357 0.762725)
(0.158303 -0.328867 0.661459)
(0.0816559 -0.218768 -0.19018)
(-0.0816559 -0.218768 -0.19018)
(-0.158303 -0.328867 0.661459)
(-0.127421 -0.138357 0.762725)
(-0.0725109 -0.0725109 0.684708)
(-0.0309264 -0.0347616 0.671331)
(0.0231043 -0.0231043 0.661232)
(0.0347616 -0.0309264 0.67133)
(0.074918 -0.06004 0.714561)
(0.0542483 -0.0833784 0.721907)
(-0.0173743 -0.147642 0.795762)
(0.0173743 -0.147642 0.795762)
(-0.0542483 -0.0833784 0.721907)
(-0.074918 -0.06004 0.714561)
(-0.0347616 -0.0309264 0.671331)
(-0.0231043 -0.0231043 0.661232)
(0.0241977 0.0241977 0.628028)
(0.045735 0.0305919 0.627896)
(0.0835487 0.0638328 0.654423)
(0.0770503 0.0787217 0.63602)
(0.00761649 0.194845 0.692489)
(-0.00761649 0.194845 0.692489)
(-0.0770504 0.0787217 0.63602)
(-0.0835487 0.0638328 0.654423)
(-0.045735 0.0305919 0.627896)
(-0.0241977 0.0241977 0.628028)
(0.0305919 0.0457351 0.627896)
(0.0863988 0.0863988 0.627752)
(0.132083 0.159515 0.665422)
(0.217661 0.316851 0.585786)
(0.117061 0.295299 -0.145661)
(-0.117061 0.295298 -0.145661)
(-0.217661 0.316851 0.585786)
(-0.132083 0.159515 0.665422)
(-0.0863988 0.0863988 0.627752)
(-0.0305919 0.0457351 0.627896)
(0.0638328 0.0835487 0.654423)
(0.159515 0.132083 0.665422)
(0.315377 0.315377 0.707703)
(0.402627 0.323433 0.178235)
(0.307888 0.381532 -1.32446)
(-0.307888 0.381532 -1.32446)
(-0.402627 0.323433 0.178235)
(-0.315377 0.315378 0.707703)
(-0.159515 0.132083 0.665422)
(-0.0638328 0.0835487 0.654423)
(0.0787216 0.0770504 0.63602)
(0.316851 0.217662 0.585786)
(0.323432 0.402628 0.178235)
(0.213515 0.213515 -0.853512)
(0.295116 0.3266 -2.05044)
(-0.295116 0.3266 -2.05044)
(-0.213515 0.213515 -0.853512)
(-0.323432 0.402628 0.178235)
(-0.316851 0.217662 0.585786)
(-0.0787217 0.0770504 0.63602)
(0.194845 0.00761649 0.692489)
(0.295299 0.117061 -0.145661)
(0.381532 0.307888 -1.32446)
(0.326601 0.295116 -2.05044)
(0.121425 0.121425 -2.15805)
(-0.121425 0.121425 -2.15805)
(-0.326601 0.295116 -2.05044)
(-0.381532 0.307888 -1.32446)
(-0.295299 0.117061 -0.145661)
(-0.194845 0.00761648 0.692489)
(0.194845 -0.00761654 0.692489)
(0.295298 -0.117061 -0.145661)
(0.381532 -0.307888 -1.32446)
(0.3266 -0.295116 -2.05044)
(0.121425 -0.121425 -2.15805)
(-0.121425 -0.121425 -2.15805)
(-0.326601 -0.295116 -2.05044)
(-0.381532 -0.307888 -1.32446)
(-0.295298 -0.117061 -0.145662)
(-0.194845 -0.00761653 0.692489)
(0.0787217 -0.0770503 0.63602)
(0.316851 -0.217661 0.585786)
(0.323433 -0.402627 0.178235)
(0.213515 -0.213515 -0.853512)
(0.295116 -0.326601 -2.05044)
(-0.295116 -0.326601 -2.05044)
(-0.213515 -0.213515 -0.853512)
(-0.323433 -0.402627 0.178235)
(-0.316851 -0.217661 0.585786)
(-0.0787217 -0.0770504 0.63602)
(0.0638328 -0.0835487 0.654423)
(0.159515 -0.132083 0.665422)
(0.315378 -0.315377 0.707703)
(0.402628 -0.323432 0.178235)
(0.307888 -0.381532 -1.32446)
(-0.307888 -0.381532 -1.32446)
(-0.402627 -0.323433 0.178235)
(-0.315378 -0.315378 0.707703)
(-0.159515 -0.132083 0.665422)
(-0.0638328 -0.0835487 0.654423)
(0.030592 -0.045735 0.627896)
(0.0863988 -0.0863988 0.627752)
(0.132083 -0.159515 0.665422)
(0.217662 -0.316852 0.585786)
(0.117061 -0.295299 -0.145661)
(-0.117061 -0.295299 -0.145661)
(-0.217662 -0.316852 0.585786)
(-0.132083 -0.159515 0.665422)
(-0.0863988 -0.0863988 0.627752)
(-0.030592 -0.045735 0.627896)
(0.0241977 -0.0241977 0.628028)
(0.0457351 -0.030592 0.627896)
(0.0835487 -0.0638328 0.654423)
(0.0770504 -0.0787217 0.63602)
(0.00761652 -0.194845 0.692489)
(-0.00761652 -0.194845 0.692489)
(-0.0770504 -0.0787217 0.63602)
(-0.0835487 -0.0638328 0.654423)
(-0.0457351 -0.030592 0.627896)
(-0.0241977 -0.0241977 0.628028)
(0.0227577 0.0227577 0.591998)
(0.0491314 0.0276484 0.58325)
(0.0813501 0.059914 0.591409)
(0.0849866 0.0714556 0.558093)
(0.0233484 0.197385 0.583666)
(-0.0233484 0.197385 0.583666)
(-0.0849866 0.0714556 0.558093)
(-0.0813502 0.0599141 0.591409)
(-0.0491314 0.0276484 0.58325)
(-0.0227577 0.0227577 0.591998)
(0.0276484 0.0491314 0.58325)
(0.0874565 0.0874565 0.574571)
(0.12532 0.160566 0.575839)
(0.229371 0.285941 0.519072)
(0.127863 0.338202 -0.103961)
(-0.127863 0.338201 -0.103961)
(-0.229371 0.285941 0.519072)
(-0.12532 0.160566 0.575839)
(-0.0874565 0.0874565 0.574571)
(-0.0276485 0.0491314 0.58325)
(0.059914 0.0813502 0.591409)
(0.160566 0.12532 0.575839)
(0.275888 0.275888 0.592585)
(0.400599 0.318493 0.17255)
(0.299736 0.458364 -1.1417)
(-0.299736 0.458364 -1.1417)
(-0.400599 0.318493 0.17255)
(-0.275888 0.275889 0.592585)
(-0.160566 0.12532 0.575839)
(-0.0599141 0.0813502 0.591409)
(0.0714556 0.0849866 0.558093)
(0.285941 0.229371 0.519072)
(0.318493 0.400599 0.17255)
(0.392992 0.392992 -0.843227)
(0.288214 0.375329 -1.81169)
(-0.288214 0.375329 -1.81169)
(-0.392992 0.392992 -0.843228)
(-0.318493 0.400599 0.17255)
(-0.285941 0.229372 0.519072)
(-0.0714556 0.0849866 0.558093)
(0.197385 0.0233484 0.583666)
(0.338202 0.127863 -0.10396)
(0.458364 0.299736 -1.1417)
(0.37533 0.288215 -1.81169)
(0.125896 0.125896 -1.92667)
(-0.125896 0.125896 -1.92667)
(-0.37533 0.288214 -1.81169)
(-0.458364 0.299736 -1.1417)
(-0.338202 0.127863 -0.103961)
(-0.197385 0.0233484 0.583666)
(0.197385 -0.0233485 0.583666)
(0.338201 -0.127863 -0.103961)
(0.458364 -0.299736 -1.1417)
(0.375329 -0.288214 -1.81169)
(0.125896 -0.125896 -1.92667)
(-0.125896 -0.125896 -1.92667)
(-0.37533 -0.288214 -1.81169)
(-0.458364 -0.299736 -1.1417)
(-0.338201 -0.127863 -0.103961)
(-0.197385 -0.0233484 0.583666)
(0.0714556 -0.0849865 0.558093)
(0.285941 -0.229371 0.519072)
(0.318493 -0.400599 0.17255)
(0.392992 -0.392992 -0.843227)
(0.288214 -0.37533 -1.81169)
(-0.288214 -0.37533 -1.81169)
(-0.392992 -0.392992 -0.843228)
(-0.318493 -0.400599 0.17255)
(-0.285941 -0.229371 0.519072)
(-0.0714557 -0.0849866 0.558093)
(0.0599141 -0.0813502 0.591409)
(0.160566 -0.12532 0.575839)
(0.275889 -0.275888 0.592585)
(0.400599 -0.318493 0.17255)
(0.299736 -0.458364 -1.1417)
(-0.299736 -0.458364 -1.1417)
(-0.400599 -0.318493 0.17255)
(-0.275889 -0.275888 0.592585)
(-0.160566 -0.12532 0.575839)
(-0.0599141 -0.0813502 0.591409)
(0.0276485 -0.0491314 0.58325)
(0.0874565 -0.0874565 0.574571)
(0.12532 -0.160566 0.575839)
(0.229372 -0.285941 0.519072)
(0.127863 -0.338202 -0.103961)
(-0.127863 -0.338202 -0.103961)
(-0.229372 -0.285941 0.519072)
(-0.12532 -0.160566 0.575839)
(-0.0874565 -0.0874565 0.574571)
(-0.0276485 -0.0491314 0.58325)
(0.0227577 -0.0227577 0.591998)
(0.0491314 -0.0276485 0.58325)
(0.0813502 -0.0599141 0.591409)
(0.0849866 -0.0714556 0.558093)
(0.0233484 -0.197385 0.583666)
(-0.0233484 -0.197385 0.583666)
(-0.0849866 -0.0714556 0.558093)
(-0.0813502 -0.0599141 0.591409)
(-0.0491314 -0.0276485 0.58325)
(-0.0227577 -0.0227577 0.591998)
(0.0194711 0.0194711 0.555864)
(0.0465261 0.0235901 0.539798)
(0.0728169 0.0511848 0.52723)
(0.083055 0.064341 0.482105)
(0.0313382 0.174372 0.471086)
(-0.0313382 0.174372 0.471086)
(-0.083055 0.064341 0.482105)
(-0.0728169 0.0511848 0.52723)
(-0.0465261 0.0235901 0.539798)
(-0.0194711 0.0194711 0.555864)
(0.0235901 0.0465261 0.539798)
(0.0792996 0.0792996 0.522157)
(0.113237 0.149232 0.490793)
(0.212034 0.250802 0.445031)
(0.122224 0.365841 -0.0867098)
(-0.122224 0.365841 -0.0867098)
(-0.212034 0.250802 0.445031)
(-0.113237 0.149232 0.490793)
(-0.0792996 0.0792997 0.522157)
(-0.0235901 0.0465261 0.539798)
(0.0511848 0.0728169 0.52723)
(0.149232 0.113237 0.490793)
(0.233621 0.233622 0.470747)
(0.38616 0.344574 0.110434)
(0.228018 0.476544 -0.984912)
(-0.228018 0.476544 -0.984912)
(-0.38616 0.344575 0.110434)
(-0.233621 0.233622 0.470747)
(-0.149232 0.113237 0.490793)
(-0.0511848 0.0728169 0.52723)
(0.0643409 0.0830551 0.482105)
(0.250802 0.212034 0.445031)
(0.344574 0.38616 0.110434)
(0.484831 0.484831 -0.814384)
(0.224597 0.349729 -1.53686)
(-0.224597 0.349729 -1.53686)
(-0.484831 0.484831 -0.814384)
(-0.344575 0.38616 0.110434)
(-0.250802 0.212034 0.445031)
(-0.064341 0.0830551 0.482105)
(0.174372 0.0313382 0.471086)
(0.365841 0.122224 -0.0867095)
(0.476545 0.228018 -0.984912)
(0.349729 0.224597 -1.53686)
(0.113877 0.113877 -1.66836)
(-0.113877 0.113877 -1.66836)
(-0.349729 0.224597 -1.53686)
(-0.476545 0.228018 -0.984912)
(-0.365841 0.122224 -0.0867097)
(-0.174372 0.0313382 0.471086)
(0.174372 -0.0313383 0.471086)
(0.365841 -0.122224 -0.0867098)
(0.476544 -0.228018 -0.984912)
(0.349729 -0.224596 -1.53686)
(0.113877 -0.113877 -1.66836)
(-0.113877 -0.113877 -1.66836)
(-0.349729 -0.224596 -1.53686)
(-0.476545 -0.228018 -0.984912)
(-0.365841 -0.122224 -0.08671)
(-0.174372 -0.0313383 0.471086)
(0.064341 -0.083055 0.482105)
(0.250802 -0.212034 0.445031)
(0.344574 -0.38616 0.110434)
(0.484831 -0.484831 -0.814384)
(0.224597 -0.349729 -1.53686)
(-0.224596 -0.349729 -1.53686)
(-0.484831 -0.484831 -0.814384)
(-0.344575 -0.38616 0.110434)
(-0.250802 -0.212034 0.445031)
(-0.064341 -0.083055 0.482105)
(0.0511848 -0.0728169 0.52723)
(0.149232 -0.113237 0.490793)
(0.233622 -0.233621 0.470747)
(0.38616 -0.344574 0.110434)
(0.228018 -0.476545 -0.984912)
(-0.228018 -0.476545 -0.984912)
(-0.38616 -0.344575 0.110434)
(-0.233622 -0.233622 0.470747)
(-0.149232 -0.113237 0.490793)
(-0.0511848 -0.0728169 0.52723)
(0.0235901 -0.0465261 0.539798)
(0.0792996 -0.0792996 0.522157)
(0.113237 -0.149232 0.490793)
(0.212034 -0.250802 0.445031)
(0.122224 -0.365841 -0.0867097)
(-0.122224 -0.365841 -0.0867097)
(-0.212034 -0.250802 0.445031)
(-0.113237 -0.149232 0.490793)
(-0.0792997 -0.0792996 0.522157)
(-0.0235901 -0.0465261 0.539798)
(0.0194711 -0.0194711 0.555864)
(0.0465261 -0.0235901 0.539798)
(0.0728169 -0.0511848 0.52723)
(0.0830551 -0.064341 0.482105)
(0.0313383 -0.174372 0.471086)
(-0.0313383 -0.174372 0.471086)
(-0.0830551 -0.064341 0.482105)
(-0.0728169 -0.0511848 0.52723)
(-0.0465261 -0.0235901 0.539798)
(-0.0194711 -0.0194711 0.555864)
(0.0145734 0.0145735 0.527435)
(0.0359331 0.0169129 0.505678)
(0.0564118 0.038024 0.477231)
(0.0676925 0.0506665 0.4193)
(0.0282965 0.138094 0.373009)
(-0.0282965 0.138094 0.373009)
(-0.0676925 0.0506665 0.4193)
(-0.0564118 0.038024 0.477231)
(-0.0359331 0.0169129 0.505678)
(-0.0145735 0.0145735 0.527435)
(0.0169129 0.0359331 0.505678)
(0.0604073 0.0604073 0.482677)
(0.0895389 0.117548 0.421911)
(0.17199 0.199051 0.373761)
(0.0940488 0.36807 -0.0785964)
(-0.0940488 0.36807 -0.0785965)
(-0.17199 0.199051 0.373761)
(-0.0895389 0.117548 0.421911)
(-0.0604073 0.0604073 0.482677)
(-0.0169129 0.0359331 0.505678)
(0.038024 0.0564118 0.477231)
(0.117548 0.0895389 0.421911)
(0.179397 0.179397 0.372671)
(0.364707 0.348611 0.0368827)
(0.121795 0.372059 -0.82355)
(-0.121795 0.372059 -0.82355)
(-0.364707 0.348611 0.0368827)
(-0.179397 0.179397 0.372671)
(-0.117548 0.0895389 0.421911)
(-0.038024 0.0564118 0.477231)
(0.0506665 0.0676925 0.4193)
(0.199051 0.17199 0.373761)
(0.348611 0.364707 0.0368827)
(0.440738 0.440738 -0.717866)
(0.140079 0.23656 -1.27031)
(-0.140079 0.23656 -1.27031)
(-0.440738 0.440738 -0.717866)
(-0.348611 0.364707 0.0368826)
(-0.199051 0.171991 0.373761)
(-0.0506665 0.0676925 0.4193)
(0.138094 0.0282965 0.373009)
(0.36807 0.0940489 -0.0785962)
(0.372059 0.121795 -0.823549)
(0.23656 0.140079 -1.27031)
(0.0810889 0.0810889 -1.45598)
(-0.0810889 0.0810889 -1.45598)
(-0.23656 0.140079 -1.27031)
(-0.372059 0.121795 -0.82355)
(-0.36807 0.0940489 -0.0785963)
(-0.138094 0.0282965 0.373009)
(0.138094 -0.0282965 0.373009)
(0.36807 -0.0940489 -0.0785965)
(0.372059 -0.121795 -0.82355)
(0.23656 -0.140079 -1.27031)
(0.0810889 -0.0810889 -1.45598)
(-0.0810889 -0.0810889 -1.45598)
(-0.23656 -0.140079 -1.27031)
(-0.372059 -0.121795 -0.82355)
(-0.36807 -0.0940489 -0.0785966)
(-0.138094 -0.0282966 0.373009)
(0.0506665 -0.0676924 0.4193)
(0.199051 -0.17199 0.373761)
(0.348611 -0.364707 0.0368827)
(0.440738 -0.440738 -0.717866)
(0.140079 -0.23656 -1.27031)
(-0.140079 -0.23656 -1.27031)
(-0.440738 -0.440738 -0.717866)
(-0.348611 -0.364707 0.0368826)
(-0.199051 -0.17199 0.373761)
(-0.0506666 -0.0676925 0.4193)
(0.038024 -0.0564118 0.477231)
(0.117548 -0.0895389 0.421911)
(0.179397 -0.179397 0.372671)
(0.364707 -0.348611 0.0368826)
(0.121795 -0.372059 -0.82355)
(-0.121795 -0.372059 -0.82355)
(-0.364707 -0.348611 0.0368826)
(-0.179397 -0.179397 0.372671)
(-0.117548 -0.0895389 0.421911)
(-0.038024 -0.0564118 0.477231)
(0.0169129 -0.0359331 0.505678)
(0.0604073 -0.0604073 0.482677)
(0.0895389 -0.117548 0.421911)
(0.171991 -0.199051 0.373761)
(0.0940489 -0.36807 -0.0785963)
(-0.0940489 -0.36807 -0.0785963)
(-0.17199 -0.199051 0.373761)
(-0.0895389 -0.117548 0.421911)
(-0.0604073 -0.0604073 0.482677)
(-0.0169129 -0.0359331 0.505678)
(0.0145735 -0.0145735 0.527435)
(0.0359331 -0.0169129 0.505678)
(0.0564118 -0.038024 0.477231)
(0.0676925 -0.0506665 0.4193)
(0.0282965 -0.138094 0.373009)
(-0.0282965 -0.138094 0.373009)
(-0.0676925 -0.0506665 0.4193)
(-0.0564118 -0.038024 0.477231)
(-0.0359331 -0.0169129 0.505678)
(-0.0145735 -0.0145735 0.527435)
(0.00688737 0.00688737 0.503015)
(0.0192901 0.00853442 0.477215)
(0.0291028 0.0156078 0.429743)
(0.0397584 0.0297107 0.365155)
(0.0216723 0.0545897 0.261805)
(-0.0216723 0.0545897 0.261805)
(-0.0397584 0.0297107 0.365155)
(-0.0291028 0.0156078 0.429743)
(-0.0192901 0.00853442 0.477215)
(-0.00688737 0.00688737 0.503015)
(0.00853441 0.0192901 0.477215)
(0.0282065 0.0282066 0.443239)
(0.0494236 0.0679479 0.361904)
(0.0794663 0.0859536 0.289457)
(0.0252968 0.239222 -0.0670141)
(-0.0252968 0.239222 -0.0670142)
(-0.0794663 0.0859536 0.289457)
(-0.0494236 0.0679479 0.361904)
(-0.0282066 0.0282066 0.443239)
(-0.00853442 0.0192901 0.477215)
(0.0156078 0.0291028 0.429743)
(0.0679479 0.0494236 0.361904)
(0.0787083 0.0787083 0.222979)
(0.235569 0.236804 0.010863)
(0.0287556 0.124337 -0.647907)
(-0.0287556 0.124337 -0.647907)
(-0.235569 0.236804 0.010863)
(-0.0787083 0.0787083 0.222979)
(-0.0679479 0.0494236 0.361904)
(-0.0156078 0.0291028 0.429743)
(0.0297106 0.0397584 0.365155)
(0.0859536 0.0794663 0.289457)
(0.236804 0.235569 0.010863)
(0.152507 0.152507 -0.587333)
(0.0518024 0.0813511 -1.11048)
(-0.0518024 0.0813511 -1.11048)
(-0.152507 0.152507 -0.587333)
(-0.236804 0.235569 0.0108629)
(-0.0859537 0.0794663 0.289457)
(-0.0297106 0.0397584 0.365155)
(0.0545897 0.0216723 0.261805)
(0.239222 0.0252968 -0.0670139)
(0.124337 0.0287556 -0.647907)
(0.0813511 0.0518024 -1.11048)
(0.0277567 0.0277567 -1.34739)
(-0.0277567 0.0277567 -1.34739)
(-0.0813511 0.0518024 -1.11048)
(-0.124337 0.0287556 -0.647907)
(-0.239222 0.0252968 -0.0670139)
(-0.0545897 0.0216723 0.261804)
(0.0545897 -0.0216723 0.261805)
(0.239222 -0.0252968 -0.0670142)
(0.124337 -0.0287556 -0.647907)
(0.0813511 -0.0518023 -1.11048)
(0.0277567 -0.0277567 -1.34739)
(-0.0277567 -0.0277567 -1.34739)
(-0.0813511 -0.0518023 -1.11048)
(-0.124337 -0.0287556 -0.647907)
(-0.239222 -0.0252968 -0.0670142)
(-0.0545897 -0.0216723 0.261805)
(0.0297107 -0.0397584 0.365155)
(0.0859536 -0.0794663 0.289457)
(0.236804 -0.235569 0.0108631)
(0.152507 -0.152507 -0.587333)
(0.0518023 -0.0813511 -1.11048)
(-0.0518023 -0.0813511 -1.11048)
(-0.152507 -0.152507 -0.587333)
(-0.236804 -0.235569 0.010863)
(-0.0859536 -0.0794663 0.289457)
(-0.0297107 -0.0397584 0.365155)
(0.0156078 -0.0291028 0.429743)
(0.0679479 -0.0494236 0.361904)
(0.0787083 -0.0787083 0.222979)
(0.235569 -0.236804 0.0108629)
(0.0287556 -0.124337 -0.647907)
(-0.0287556 -0.124337 -0.647907)
(-0.235569 -0.236804 0.0108629)
(-0.0787083 -0.0787083 0.222979)
(-0.0679479 -0.0494236 0.361904)
(-0.0156078 -0.0291028 0.429743)
(0.00853442 -0.0192901 0.477215)
(0.0282066 -0.0282066 0.443239)
(0.0494236 -0.0679479 0.361904)
(0.0794663 -0.0859537 0.289457)
(0.0252968 -0.239222 -0.0670139)
(-0.0252968 -0.239222 -0.067014)
(-0.0794663 -0.0859537 0.289457)
(-0.0494236 -0.0679479 0.361904)
(-0.0282066 -0.0282066 0.443239)
(-0.00853442 -0.0192901 0.477215)
(0.00688737 -0.00688737 0.503015)
(0.0192901 -0.00853442 0.477215)
(0.0291028 -0.0156078 0.429743)
(0.0397584 -0.0297106 0.365155)
(0.0216723 -0.0545897 0.261804)
(-0.0216723 -0.0545897 0.261805)
(-0.0397584 -0.0297107 0.365155)
(-0.0291028 -0.0156078 0.429743)
(-0.0192901 -0.00853442 0.477215)
(-0.00688737 -0.00688737 0.503015)
)
;

boundaryField
{
    bottom
    {
        type            noSlip;
    }
    atmosphere
    {
        type            pressureInletOutletVelocity;
        value           nonuniform List<vector> 
100
(
(0.00688737 0.00688737 0.503015)
(0.00853441 0.0192901 0.477215)
(0.0156078 0.0291028 0.429743)
(0.0297106 0.0397584 0.365155)
(0.0545897 0.0216723 0.261805)
(0.0545897 -0.0216723 0.261805)
(0.0297107 -0.0397584 0.365155)
(0.0156078 -0.0291028 0.429743)
(0.00853442 -0.0192901 0.477215)
(0.00688737 -0.00688737 0.503015)
(0.0192901 0.00853442 0.477215)
(0.0282065 0.0282066 0.443239)
(0.0679479 0.0494236 0.361904)
(0.0859536 0.0794663 0.289457)
(0 0 -0.0670139)
(0 0 -0.0670142)
(0.0859536 -0.0794663 0.289457)
(0.0679479 -0.0494236 0.361904)
(0.0282066 -0.0282066 0.443239)
(0.0192901 -0.00853442 0.477215)
(0.0291028 0.0156078 0.429743)
(0.0494236 0.0679479 0.361904)
(0.0787083 0.0787083 0.222979)
(0.236804 0.235569 0.010863)
(0 0 -0.647907)
(0 0 -0.647907)
(0.236804 -0.235569 0.0108631)
(0.0787083 -0.0787083 0.222979)
(0.0494236 -0.0679479 0.361904)
(0.0291028 -0.0156078 0.429743)
(0.0397584 0.0297107 0.365155)
(0.0794663 0.0859536 0.289457)
(0.235569 0.236804 0.010863)
(0 0 -0.587333)
(0 0 -1.11048)
(0 0 -1.11048)
(0 0 -0.587333)
(0.235569 -0.236804 0.0108629)
(0.0794663 -0.0859537 0.289457)
(0.0397584 -0.0297106 0.365155)
(0.0216723 0.0545897 0.261805)
(0 0 -0.0670141)
(0 0 -0.647907)
(0 0 -1.11048)
(0 0 -1.34739)
(0 0 -1.34739)
(0 0 -1.11048)
(0 0 -0.647907)
(0 0 -0.0670139)
(0.0216723 -0.0545897 0.261804)
(-0.0216723 0.0545897 0.261805)
(0 0 -0.0670142)
(0 0 -0.647907)
(0 0 -1.11048)
(0 0 -1.34739)
(0 0 -1.34739)
(0 0 -1.11048)
(0 0 -0.647907)
(0 0 -0.067014)
(-0.0216723 -0.0545897 0.261805)
(-0.0397584 0.0297107 0.365155)
(-0.0794663 0.0859536 0.289457)
(-0.235569 0.236804 0.010863)
(0 0 -0.587333)
(0 0 -1.11048)
(0 0 -1.11048)
(0 0 -0.587333)
(-0.235569 -0.236804 0.0108629)
(-0.0794663 -0.0859537 0.289457)
(-0.0397584 -0.0297107 0.365155)
(-0.0291028 0.0156078 0.429743)
(-0.0494236 0.0679479 0.361904)
(-0.0787083 0.0787083 0.222979)
(-0.236804 0.235569 0.0108629)
(0 0 -0.647907)
(0 0 -0.647907)
(-0.236804 -0.235569 0.010863)
(-0.0787083 -0.0787083 0.222979)
(-0.0494236 -0.0679479 0.361904)
(-0.0291028 -0.0156078 0.429743)
(-0.0192901 0.00853442 0.477215)
(-0.0282066 0.0282066 0.443239)
(-0.0679479 0.0494236 0.361904)
(-0.0859537 0.0794663 0.289457)
(0 0 -0.0670139)
(0 0 -0.0670142)
(-0.0859536 -0.0794663 0.289457)
(-0.0679479 -0.0494236 0.361904)
(-0.0282066 -0.0282066 0.443239)
(-0.0192901 -0.00853442 0.477215)
(-0.00688737 0.00688737 0.503015)
(-0.00853442 0.0192901 0.477215)
(-0.0156078 0.0291028 0.429743)
(-0.0297106 0.0397584 0.365155)
(-0.0545897 0.0216723 0.261804)
(-0.0545897 -0.0216723 0.261805)
(-0.0297107 -0.0397584 0.365155)
(-0.0156078 -0.0291028 0.429743)
(-0.00853442 -0.0192901 0.477215)
(-0.00688737 -0.00688737 0.503015)
)
;
    }
    walls
    {
        type            noSlip;
    }
}


// ************************************************************************* //
