/*--------------------------------*- C++ -*----------------------------------*\
| =========                 |                                                 |
| \\      /  F ield         | OpenFOAM: The Open Source CFD Toolbox           |
|  \\    /   O peration     | Version:  2412                                  |
|   \\  /    A nd           | Website:  www.openfoam.com                      |
|    \\/     M anipulation  |                                                 |
\*---------------------------------------------------------------------------*/
FoamFile
{
    version     2.0;
    format      ascii;
    arch        "LSB;label=32;scalar=64";
    class       surfaceScalarField;
    location    "0.43";
    object      phi;
}
// * * * * * * * * * * * * * * * * * * * * * * * * * * * * * * * * * * * * * //

dimensions      [0 3 -1 0 0 0 0];

oriented        oriented;

internalField   nonuniform List<scalar> 
11100
(
-0.00329053
-0.00329053
0.00658105
-0.00460737
-0.00384932
0.00516617
-0.00370379
-0.00511218
0.0042086
-0.00195011
-0.0058936
0.00413992
3.5603e-12
-0.00664788
0.00469776
0.00195011
-0.00664788
0.00469776
0.00370379
-0.0058936
0.00413992
0.00460737
-0.00511218
0.0042086
0.00329053
-0.00384933
0.00516617
-0.00329053
0.00658106
-0.00384932
-0.00460737
0.00516617
-0.00457011
-0.00457011
0.00144158
-0.00346405
-0.00536877
-0.000849472
-0.00167146
-0.00589532
-0.00179087
1.25527e-10
-0.00649038
-0.00182895
0.00167145
-0.00649038
-0.00182895
0.00346404
-0.00589532
-0.00179087
0.00457011
-0.00536877
-0.000849473
0.00384933
-0.00457011
0.00144157
-0.00460737
0.00516617
-0.00511218
-0.00370379
0.0042086
-0.00536877
-0.00346405
-0.000849472
-0.00388365
-0.00388365
-0.00297024
-0.00189475
-0.00435889
-0.00352533
4.73677e-11
-0.00482625
-0.00355888
0.00189475
-0.00482625
-0.00355888
0.00388365
-0.00435889
-0.00352533
0.00536877
-0.00388365
-0.00297023
0.00511218
-0.00346405
-0.000849474
-0.0037038
0.0042086
-0.0058936
-0.00195011
0.00413992
-0.00589532
-0.00167146
-0.00179087
-0.00435889
-0.00189475
-0.00352533
-0.00221024
-0.00221024
-0.0042973
-4.40518e-11
-0.00243551
-0.00460098
0.00221024
-0.00243551
-0.00460098
0.00435889
-0.00221024
-0.0042973
0.00589532
-0.00189475
-0.00352533
0.0058936
-0.00167146
-0.00179088
-0.00195012
0.00413992
-0.00664788
1.06514e-11
0.00469776
-0.00649038
1.32349e-10
-0.00182895
-0.00482625
4.80533e-11
-0.00355888
-0.00243551
-4.43345e-11
-0.00460098
-6.92447e-11
-6.76467e-11
-0.00487102
0.00243551
-5.82641e-11
-0.00487102
0.00482625
-7.5305e-12
-0.00460098
0.00649038
1.48847e-10
-0.00355889
0.00664788
3.2472e-10
-0.00182895
-1.24279e-10
0.00469776
-0.00664788
0.00195011
0.00469776
-0.00649038
0.00167145
-0.00182895
-0.00482625
0.00189475
-0.00355888
-0.00243551
0.00221024
-0.00460098
-5.98169e-11
0.00243551
-0.00487102
0.00243551
0.00243551
-0.00487102
0.00482625
0.00221024
-0.00460098
0.00649038
0.00189475
-0.00355889
0.00664788
0.00167146
-0.00182895
0.00195011
0.00469776
-0.0058936
0.00370379
0.00413992
-0.00589532
0.00346404
-0.00179087
-0.00435889
0.00388365
-0.00352533
-0.00221024
0.00435889
-0.0042973
-7.29768e-12
0.00482625
-0.00460098
0.00221024
0.00482625
-0.00460098
0.00435889
0.00435889
-0.0042973
0.00589532
0.00388365
-0.00352533
0.0058936
0.00346405
-0.00179087
0.00370379
0.00413992
-0.00511218
0.00460737
0.0042086
-0.00536877
0.00457011
-0.000849473
-0.00388365
0.00536877
-0.00297023
-0.00189475
0.00589532
-0.00352533
1.48341e-10
0.00649038
-0.00355889
0.00189475
0.00649038
-0.00355889
0.00388365
0.00589532
-0.00352533
0.00536877
0.00536877
-0.00297024
0.00511218
0.00457012
-0.000849474
0.00460737
0.0042086
-0.00384933
0.00329053
0.00516617
-0.00457011
0.00384933
0.00144157
-0.00346405
0.00511218
-0.000849474
-0.00167146
0.0058936
-0.00179088
3.18622e-10
0.00664788
-0.00182895
0.00167146
0.00664788
-0.00182895
0.00346405
0.0058936
-0.00179087
0.00457012
0.00511218
-0.000849474
0.00384933
0.00384933
0.00144158
0.00329053
0.00516617
-0.00329053
0.00658106
-0.00460737
0.00516617
-0.0037038
0.0042086
-0.00195012
0.00413992
-1.30537e-10
0.00469776
0.00195011
0.00469776
0.00370379
0.00413992
0.00460737
0.0042086
0.00329053
0.00516617
0.00658106
-0.00220332
-0.00220332
0.0109877
-0.0035753
-0.00225091
0.00878905
-0.00350284
-0.00300107
0.00713721
-0.00228615
-0.00363281
0.00655604
3.8362e-10
-0.00442707
0.00683869
0.00228615
-0.00442707
0.00683869
0.00350284
-0.00363281
0.00655604
0.0035753
-0.00300107
0.00713721
0.00220333
-0.00225091
0.00878905
-0.00220333
0.0109877
-0.00225091
-0.0035753
0.00878905
-0.00260408
-0.00260408
0.00214791
-0.00151828
-0.00266009
-0.00227625
-0.000939557
-0.00259294
-0.00340946
1.96124e-09
-0.00332117
-0.00387441
0.000939559
-0.00332117
-0.00387441
0.00151828
-0.00259294
-0.00340946
0.00260408
-0.00266009
-0.00227625
0.00225091
-0.00260408
0.00214791
-0.00357531
0.00878905
-0.00300107
-0.00350284
0.00713721
-0.00266009
-0.00151828
-0.00227625
-0.00238957
-0.00238957
-0.00351128
-0.00149018
-0.00244842
-0.00456924
3.09026e-10
-0.00259065
-0.00577959
0.00149018
-0.00259065
-0.00577959
0.00238957
-0.00244842
-0.00456924
0.00266009
-0.00238957
-0.00351127
0.00300107
-0.00151828
-0.00227626
-0.00350284
0.00713721
-0.00363281
-0.00228615
0.00655604
-0.00259294
-0.000939557
-0.00340946
-0.00244842
-0.00149018
-0.00456924
-0.0014442
-0.0014442
-0.00630573
-6.52867e-11
-0.0013751
-0.00726073
0.0014442
-0.0013751
-0.00726073
0.00244842
-0.00144421
-0.00630573
0.00259294
-0.00149019
-0.00456924
0.00363281
-0.000939561
-0.00340946
-0.00228615
0.00655604
-0.00442707
4.01254e-10
0.00683869
-0.00332117
1.96961e-09
-0.00387441
-0.00259065
3.1239e-10
-0.00577959
-0.0013751
-6.20197e-11
-0.00726073
-2.07173e-10
-1.96466e-10
-0.00762122
0.0013751
-2.06265e-10
-0.00762122
0.00259065
-1.02309e-10
-0.00726073
0.00332117
2.86214e-10
-0.0057796
0.00442707
2.14918e-09
-0.00387442
2.94758e-10
0.00683869
-0.00442707
0.00228615
0.00683869
-0.00332117
0.000939559
-0.00387441
-0.00259065
0.00149018
-0.00577959
-0.0013751
0.0014442
-0.00726073
-2.16947e-10
0.0013751
-0.00762122
0.0013751
0.0013751
-0.00762122
0.00259065
0.00144421
-0.00726073
0.00332117
0.00149019
-0.0057796
0.00442707
0.000939564
-0.00387441
0.00228615
0.00683869
-0.00363281
0.00350284
0.00655604
-0.00259294
0.00151828
-0.00340946
-0.00244842
0.00238957
-0.00456924
-0.00144421
0.00244842
-0.00630573
-1.05671e-10
0.00259065
-0.00726073
0.00144421
0.00259065
-0.00726073
0.00244842
0.00244842
-0.00630573
0.00259294
0.00238957
-0.00456924
0.00363281
0.00151828
-0.00340946
0.00350284
0.00655604
-0.00300107
0.0035753
0.00713721
-0.00266009
0.00260408
-0.00227625
-0.00238957
0.00266009
-0.00351127
-0.00149019
0.00259294
-0.00456924
2.83183e-10
0.00332117
-0.0057796
0.00149019
0.00332117
-0.0057796
0.00238957
0.00259294
-0.00456924
0.00266009
0.00266009
-0.00351127
0.00300107
0.00260408
-0.00227625
0.0035753
0.00713721
-0.00225091
0.00220332
0.00878905
-0.00260408
0.00225091
0.00214791
-0.00151828
0.00300107
-0.00227625
-0.000939561
0.00363281
-0.00340946
2.14186e-09
0.00442707
-0.00387442
0.000939564
0.00442707
-0.00387441
0.00151828
0.00363281
-0.00340946
0.00260408
0.00300107
-0.00227625
0.00225091
0.00225091
0.00214791
0.00220333
0.00878905
-0.00220333
0.0109877
-0.00357531
0.00878905
-0.00350284
0.00713721
-0.00228615
0.00655604
2.77201e-10
0.00683869
0.00228615
0.00683869
0.00350284
0.00655604
0.0035753
0.00713721
0.00220333
0.00878905
0.0109877
-0.000779242
-0.000779242
0.0125462
-0.00264295
0.000632895
0.0100199
-0.00289859
-0.0010516
0.00844445
-0.00201915
-0.00202452
0.00770112
4.98927e-10
-0.00329098
0.00811052
0.00201915
-0.00329098
0.00811052
0.00289859
-0.00202452
0.00770112
0.00264295
-0.00105159
0.00844444
0.00077924
0.000632898
0.0100199
-0.000779253
0.0125462
0.000632895
-0.00264295
0.0100199
0.000624869
0.000624869
0.00216397
0.000454813
-0.000996727
-0.00216107
-0.000391628
-0.00112476
-0.00346278
2.81304e-09
-0.00220167
-0.00535535
0.000391633
-0.00220167
-0.00535535
-0.000454807
-0.00112476
-0.00346278
-0.000624864
-0.000996725
-0.00216107
-0.000632882
0.000624868
0.00216395
-0.00264295
0.0100199
-0.0010516
-0.00289859
0.00844445
-0.000996727
0.000454813
-0.00216107
-0.00186708
-0.00186708
-0.00177057
-0.00132822
-0.00155608
-0.00467678
-1.24498e-10
-0.00156232
-0.00774716
0.00132822
-0.00156232
-0.00774716
0.00186708
-0.00155609
-0.00467678
0.00099673
-0.00186708
-0.00177056
0.0010516
0.000454809
-0.00216107
-0.00289859
0.00844445
-0.00202452
-0.00201915
0.00770112
-0.00112476
-0.000391628
-0.00346278
-0.00155608
-0.00132822
-0.00467678
-0.000960052
-0.000960052
-0.0074978
-1.34581e-10
-0.000799012
-0.00898409
0.000960053
-0.000799013
-0.00898409
0.00155608
-0.000960054
-0.0074978
0.00112476
-0.00132822
-0.00467678
0.00202452
-0.000391632
-0.00346278
-0.00201915
0.00770112
-0.00329098
5.26024e-10
0.00811052
-0.00220167
2.80112e-09
-0.00535535
-0.00156232
-1.25515e-10
-0.00774716
-0.000799012
-1.43875e-10
-0.00898409
-9.46332e-11
-8.86485e-11
-0.00921924
0.000799012
-1.07754e-10
-0.00921924
0.00156232
-1.59699e-10
-0.00898409
0.00220167
-1.93202e-10
-0.00774717
0.00329098
2.37045e-09
-0.00535536
5.49307e-10
0.00811052
-0.00329098
0.00201915
0.00811052
-0.00220167
0.000391633
-0.00535535
-0.00156232
0.00132822
-0.00774716
-0.000799013
0.000960053
-0.00898409
-1.1371e-10
0.000799012
-0.00921924
0.000799012
0.000799012
-0.00921924
0.00156232
0.000960055
-0.00898409
0.00220167
0.00132822
-0.00774717
0.00329098
0.000391636
-0.00535536
0.00201915
0.00811052
-0.00202452
0.00289859
0.00770112
-0.00112476
-0.000454808
-0.00346278
-0.00155609
0.00186708
-0.00467678
-0.000960054
0.00155608
-0.0074978
-1.49798e-10
0.00156232
-0.00898409
0.000960055
0.00156232
-0.00898409
0.00155609
0.00155609
-0.0074978
0.00112476
0.00186709
-0.00467677
0.00202452
-0.000454806
-0.00346278
0.00289859
0.00770112
-0.00105159
0.00264295
0.00844444
-0.000996725
-0.000624864
-0.00216107
-0.00186708
0.00099673
-0.00177055
-0.00132822
0.00112476
-0.00467678
-1.91583e-10
0.00220167
-0.00774717
0.00132822
0.00220167
-0.00774717
0.00186709
0.00112476
-0.00467677
0.000996728
0.000996728
-0.00177055
0.0010516
-0.000624864
-0.00216106
0.00264295
0.00844445
0.000632898
0.00077924
0.0100199
0.000624867
-0.000632882
0.00216396
0.000454809
0.0010516
-0.00216107
-0.000391632
0.00202452
-0.00346278
2.38388e-09
0.00329098
-0.00535536
0.000391636
0.00329098
-0.00535536
-0.000454806
0.00202452
-0.00346278
-0.000624864
0.0010516
-0.00216106
-0.000632888
-0.000632888
0.00216396
0.000779246
0.0100199
-0.000779253
0.0125462
-0.00264295
0.0100199
-0.00289859
0.00844445
-0.00201915
0.00770112
5.22837e-10
0.00811052
0.00201915
0.00811052
0.00289859
0.00770112
0.00264295
0.00844445
0.000779246
0.0100199
0.0125462
0.000303268
0.000303268
0.0119396
-0.00147216
0.00249472
0.00930056
-0.0021174
0.000560216
0.00852947
-0.00162545
-0.000753296
0.00796247
5.79668e-10
-0.00204733
0.0085324
0.00162545
-0.00204733
0.0085324
0.0021174
-0.000753295
0.00796247
0.00147216
0.000560218
0.00852947
-0.000303275
0.00249473
0.00930057
0.000303259
0.0119397
0.00249472
-0.00147216
0.00930056
0.00205241
0.00205241
0.0030486
0.00140415
-4.0351e-05
-0.000912239
0.00024426
0.000202279
-0.00325847
2.6727e-09
-0.000855743
-0.00630269
-0.000244255
-0.000855741
-0.00630268
-0.00140414
0.000202284
-0.00325847
-0.0020524
-4.03474e-05
-0.000912243
-0.00249472
0.00205241
0.0030486
-0.00147217
0.00930058
0.000560216
-0.0021174
0.00852947
-4.0351e-05
0.00140415
-0.000912239
-0.000946942
-0.000946942
4.26092e-05
-0.000686273
-0.000365133
-0.00437004
-2.61257e-10
-0.000525657
-0.00876351
0.000686275
-0.000525656
-0.00876352
0.000946944
-0.000365129
-0.00437003
4.03527e-05
-0.000946938
4.26272e-05
-0.000560207
0.00140415
-0.000912248
-0.0021174
0.00852948
-0.000753296
-0.00162545
0.00796247
0.000202279
0.000244261
-0.00325847
-0.000365133
-0.000686273
-0.00437004
-0.000438673
-0.000438673
-0.00735072
-2.98665e-10
-0.000282719
-0.0096657
0.000438673
-0.00028272
-0.0096657
0.00036513
-0.000438674
-0.00735071
-0.000202283
-0.000686272
-0.00437003
0.000753296
0.00024426
-0.00325847
-0.00162546
0.00796247
-0.00204733
6.225e-10
0.0085324
-0.000855743
2.6704e-09
-0.00630269
-0.000525657
-2.56546e-10
-0.00876351
-0.000282719
-3.27432e-10
-0.0096657
3.61685e-10
3.47578e-10
-0.00978468
0.00028272
3.43489e-10
-0.00978468
0.000525656
-3.15341e-10
-0.0096657
0.000855743
-2.79708e-10
-0.00876352
0.00204734
2.0028e-09
-0.0063027
4.51981e-10
0.0085324
-0.00204733
0.00162545
0.0085324
-0.000855741
-0.000244255
-0.00630268
-0.000525656
0.000686275
-0.00876352
-0.00028272
0.000438673
-0.0096657
3.57419e-10
0.00028272
-0.00978468
0.00028272
0.00028272
-0.00978468
0.000525656
0.000438675
-0.0096657
0.000855741
0.000686274
-0.00876353
0.00204734
-0.000244256
-0.0063027
0.00162545
0.0085324
-0.000753295
0.0021174
0.00796247
0.000202284
-0.00140414
-0.00325847
-0.000365129
0.000946944
-0.00437003
-0.000438674
0.00036513
-0.00735071
-2.85486e-10
0.000525656
-0.0096657
0.000438675
0.000525656
-0.0096657
0.000365126
0.000365126
-0.0073507
-0.000202287
0.000946939
-0.00437003
0.000753295
-0.00140414
-0.00325847
0.0021174
0.00796247
0.000560218
0.00147216
0.00852947
-4.03474e-05
-0.0020524
-0.000912243
-0.000946938
4.03525e-05
4.26273e-05
-0.000686273
-0.000202283
-0.00437003
-2.83746e-10
0.000855743
-0.00876352
0.000686274
0.000855741
-0.00876353
0.000946939
-0.000202287
-0.00437003
4.03459e-05
4.03458e-05
4.26368e-05
-0.000560213
-0.00205241
-0.000912243
0.00147216
0.00852947
0.00249473
-0.000303275
0.00930057
0.00205241
-0.00249472
0.0030486
0.00140415
-0.000560207
-0.000912249
0.00024426
0.000753296
-0.00325847
2.00606e-09
0.00204734
-0.0063027
-0.000244256
0.00204734
-0.0063027
-0.00140414
0.000753295
-0.00325847
-0.00205241
-0.000560213
-0.000912243
-0.00249472
-0.00249472
0.0030486
-0.000303267
0.00930057
0.000303259
0.0119397
-0.00147217
0.00930058
-0.0021174
0.00852948
-0.00162546
0.00796247
4.11075e-10
0.0085324
0.00162545
0.0085324
0.0021174
0.00796247
0.00147216
0.00852947
-0.000303267
0.00930057
0.0119397
0.000788239
0.00078824
0.0103632
-0.000308226
0.00218436
0.00821267
-0.00111044
0.00155723
0.00777446
-0.00108813
0.00050701
0.00743316
8.9292e-10
-0.000737893
0.00818216
0.00108814
-0.000737893
0.00818216
0.00111044
0.000507011
0.00743315
0.000308223
0.00155723
0.00777446
-0.000788246
0.00218436
0.00821267
0.000788239
0.0103632
0.00218436
-0.000308226
0.00821267
0.001676
0.001676
0.00406533
0.00121404
0.000246787
0.000860158
0.000168699
0.000437671
-0.00214379
1.98021e-09
-0.000383707
-0.00648817
-0.000168695
-0.000383706
-0.00648817
-0.00121404
0.000437675
-0.00214379
-0.001676
0.000246793
0.000860154
-0.00218436
0.001676
0.00406532
-0.000308231
0.00821268
0.00155723
-0.00111044
0.00777446
0.000246787
0.00121404
0.000860158
-0.000360277
-0.000360277
0.00125674
-0.000310854
0.000316011
-0.0042978
-1.82474e-10
-0.000238156
-0.00921992
0.000310854
-0.000238156
-0.00921992
0.000360277
0.000316016
-0.0042978
-0.000246788
-0.000360269
0.00125675
-0.00155722
0.00121404
0.000860146
-0.00111044
0.00777447
0.00050701
-0.00108813
0.00743316
0.000437671
0.000168699
-0.00214379
0.000316011
-0.000310854
-0.0042978
-0.000131263
-0.000131263
-0.00645617
-1.54247e-10
-0.000140152
-0.00989497
0.000131263
-0.000140152
-0.00989497
-0.000316017
-0.000131263
-0.00645615
-0.000437676
-0.000310851
-0.00429779
-0.000507009
0.000168701
-0.0021438
-0.00108814
0.00743315
-0.000737893
9.5579e-10
0.00818216
-0.000383707
1.98072e-09
-0.00648817
-0.000238156
-1.72785e-10
-0.00921992
-0.000140152
-1.61411e-10
-0.00989497
1.24544e-09
1.19566e-09
-0.010065
0.000140153
1.22213e-09
-0.010065
0.000238156
-1.6338e-10
-0.00989497
0.000383707
-1.77253e-10
-0.00921993
0.000737895
1.31461e-09
-0.00648819
4.56978e-10
0.00818216
-0.000737893
0.00108814
0.00818216
-0.000383706
-0.000168696
-0.00648817
-0.000238156
0.000310854
-0.00921992
-0.000140152
0.000131263
-0.00989497
1.27117e-09
0.000140153
-0.010065
0.000140154
0.000140154
-0.010065
0.000238156
0.000131263
-0.00989497
0.000383706
0.000310852
-0.00921993
0.000737895
-0.000168698
-0.00648819
0.00108814
0.00818216
0.000507011
0.00111044
0.00743315
0.000437675
-0.00121404
-0.00214379
0.000316016
0.000360277
-0.0042978
-0.000131263
-0.000316017
-0.00645615
-1.5571e-10
0.000238156
-0.00989497
0.000131263
0.000238156
-0.00989497
-0.000316022
-0.000316022
-0.00645613
-0.00043768
0.000360269
-0.00429779
-0.00050701
-0.00121404
-0.0021438
0.00111044
0.00743315
0.00155723
0.000308223
0.00777446
0.000246793
-0.001676
0.000860154
-0.000360269
-0.000246788
0.00125675
-0.000310852
-0.000437676
-0.00429779
-1.86458e-10
0.000383707
-0.00921993
0.000310852
0.000383706
-0.00921993
0.000360269
-0.00043768
-0.00429779
-0.000246796
-0.000246796
0.00125677
-0.00155723
-0.001676
0.00086015
0.000308228
0.00777446
0.00218436
-0.000788246
0.00821267
0.001676
-0.00218436
0.00406532
0.00121404
-0.00155722
0.000860146
0.000168701
-0.000507009
-0.0021438
1.31602e-09
0.000737895
-0.00648819
-0.000168698
0.000737895
-0.00648819
-0.00121404
-0.00050701
-0.0021438
-0.001676
-0.00155723
0.00086015
-0.00218437
-0.00218437
0.00406532
-0.000788242
0.00821268
0.000788239
0.0103632
-0.000308231
0.00821268
-0.00111044
0.00777447
-0.00108814
0.00743315
3.96359e-10
0.00818216
0.00108814
0.00818216
0.00111044
0.00743315
0.000308228
0.00777446
-0.000788242
0.00821268
0.0103632
0.000733812
0.000733812
0.00889554
0.000253019
0.00140814
0.00728533
-0.000307215
0.00137619
0.0069585
-0.000607187
0.00121366
0.00651947
1.88353e-09
0.000530072
0.0070449
0.00060719
0.000530072
0.0070449
0.000307216
0.00121366
0.00651947
-0.000253022
0.0013762
0.0069585
-0.000733818
0.00140814
0.00728532
0.000733815
0.00889556
0.00140814
0.000253019
0.00728533
0.00116574
0.00116574
0.00455013
0.000572437
0.000230853
0.0025988
-0.000186487
0.000416685
-0.000587894
1.11343e-09
-0.000201979
-0.00594261
0.000186488
-0.000201978
-0.00594261
-0.000572437
0.00041669
-0.000587895
-0.00116574
0.00023086
0.00259879
-0.00140814
0.00116574
0.00455013
0.000253021
0.00728533
0.00137619
-0.000307215
0.0069585
0.000230852
0.000572437
0.0025988
-0.000200735
-0.000200735
0.00211991
-0.000177357
0.000510798
-0.00441529
-6.44258e-11
-0.000234106
-0.00936515
0.000177357
-0.000234107
-0.00936515
0.000200734
0.000510802
-0.00441528
-0.000230856
-0.000200728
0.00211993
-0.0013762
0.000572442
0.00259879
-0.000307215
0.0069585
0.00121366
-0.000607187
0.00651947
0.000416685
-0.000186487
-0.000587894
0.000510798
-0.000177357
-0.00441529
6.91996e-05
6.91997e-05
-0.00557297
1.1933e-09
-0.000141501
-0.00991837
-6.91981e-05
-0.000141503
-0.00991837
-0.000510804
6.91993e-05
-0.00557294
-0.000416691
-0.000177355
-0.00441528
-0.00121366
-0.000186483
-0.000587906
-0.000607187
0.00651946
0.000530072
1.96603e-09
0.0070449
-0.000201979
1.09678e-09
-0.00594261
-0.000234106
-4.96097e-11
-0.00936515
-0.000141501
1.31381e-09
-0.00991837
2.56142e-09
2.47475e-09
-0.010348
0.000141504
2.53418e-09
-0.010348
0.000234106
1.21449e-09
-0.00991837
0.000201979
-5.67155e-11
-0.00936515
-0.00053007
5.48182e-10
-0.00594262
1.37445e-09
0.0070449
0.000530072
0.00060719
0.0070449
-0.000201978
0.000186488
-0.00594261
-0.000234107
0.000177357
-0.00936515
-0.000141503
-6.91981e-05
-0.00991837
2.61916e-09
0.000141503
-0.010348
0.000141506
0.000141506
-0.010348
0.000234107
-6.91979e-05
-0.00991837
0.000201978
0.000177355
-0.00936515
-0.000530071
0.000186484
-0.00594262
0.000607189
0.0070449
0.00121366
0.000307215
0.00651947
0.00041669
-0.000572438
-0.000587895
0.000510802
0.000200734
-0.00441528
6.91993e-05
-0.000510804
-0.00557294
1.09042e-09
0.000234106
-0.00991837
-6.9198e-05
0.000234107
-0.00991837
-0.000510808
-0.000510808
-0.00557291
-0.000416695
0.000200726
-0.00441527
-0.00121366
-0.000572442
-0.000587906
0.000307216
0.00651946
0.0013762
-0.000253022
0.0069585
0.00023086
-0.00116574
0.00259879
-0.000200728
-0.000230856
0.00211993
-0.000177355
-0.000416691
-0.00441528
-7.11026e-11
0.000201979
-0.00936515
0.000177355
0.000201978
-0.00936515
0.000200727
-0.000416695
-0.00441527
-0.000230864
-0.000230864
0.00211995
-0.0013762
-0.00116574
0.00259879
-0.000253021
0.0069585
0.00140814
-0.000733818
0.00728532
0.00116574
-0.00140814
0.00455013
0.000572442
-0.0013762
0.00259879
-0.000186483
-0.00121366
-0.000587906
5.70278e-10
-0.00053007
-0.00594262
0.000186484
-0.000530071
-0.00594262
-0.000572442
-0.00121366
-0.000587907
-0.00116574
-0.0013762
0.00259879
-0.00140814
-0.00140814
0.00455012
-0.000733817
0.00728533
0.000733815
0.00889556
0.000253021
0.00728533
-0.000307215
0.0069585
-0.000607187
0.00651946
1.29584e-09
0.0070449
0.000607189
0.0070449
0.000307216
0.00651946
-0.000253021
0.0069585
-0.000733816
0.00728533
0.00889555
0.000508494
0.000508494
0.00787855
0.00028588
0.000763
0.00674494
-7.83978e-05
0.000832793
0.00648999
-0.000472394
0.000827072
0.00608639
2.99557e-09
0.00068426
0.00588824
0.000472398
0.000684261
0.00588824
7.83981e-05
0.000827076
0.00608639
-0.000285883
0.000832796
0.00648998
-0.000508497
0.000763002
0.00674494
0.000508497
0.00787856
0.000763
0.00028588
0.00674494
0.000577962
0.000577963
0.0049202
-7.08767e-05
0.000141336
0.00393909
-0.000516669
0.000281321
0.00040365
-1.80113e-10
-0.000122425
-0.00565259
0.000516669
-0.000122425
-0.00565259
7.08759e-05
0.000281323
0.000403651
-0.000577966
0.000141342
0.00393909
-0.000763004
0.000577968
0.0049202
0.000285885
0.00674494
0.000832793
-7.83976e-05
0.00648999
0.000141336
-7.08765e-05
0.00393909
-0.000109102
-0.000109102
0.00262079
-0.000119822
0.000441566
-0.00456482
4.51181e-11
-0.00022876
-0.00937864
0.000119822
-0.00022876
-0.00937864
0.0001091
0.000441567
-0.00456481
-0.00014134
-0.000109097
0.00262081
-0.000832798
-7.08712e-05
0.00393909
-7.83942e-05
0.00648998
0.000827072
-0.000472394
0.00608639
0.000281321
-0.000516669
0.00040365
0.000441566
-0.000119822
-0.00456482
0.000192901
0.000192901
-0.00507564
1.06013e-09
-0.000213293
-0.00974094
-0.0001929
-0.000213294
-0.00974094
-0.000441569
0.000192902
-0.00507561
-0.000281322
-0.00011982
-0.0045648
-0.000827074
-0.000516665
0.00040364
-0.000472392
0.00608638
0.00068426
3.092e-09
0.00588824
-0.000122425
-1.91491e-10
-0.00565259
-0.00022876
7.08235e-11
-0.00937864
-0.000213293
1.09136e-09
-0.00974094
3.22094e-09
3.16154e-09
-0.0107746
0.000213297
3.1853e-09
-0.0107746
0.00022876
9.96773e-10
-0.00974094
0.000122425
5.13434e-11
-0.00937864
-0.000684262
-4.42892e-10
-0.0056526
2.52474e-09
0.00588824
0.000684261
0.000472398
0.00588824
-0.000122425
0.000516669
-0.00565259
-0.00022876
0.000119822
-0.00937864
-0.000213294
-0.0001929
-0.00974094
3.24315e-09
0.000213296
-0.0107746
0.000213298
0.000213298
-0.0107746
0.00022876
-0.000192901
-0.00974093
0.000122425
0.00011982
-0.00937864
-0.000684263
0.000516665
-0.0056526
0.000472395
0.00588824
0.000827076
7.83978e-05
0.00608639
0.000281323
7.08756e-05
0.000403652
0.000441567
0.0001091
-0.00456481
0.000192903
-0.000441569
-0.00507561
9.62187e-10
0.00022876
-0.00974094
-0.000192901
0.00022876
-0.00974093
-0.00044157
-0.00044157
-0.00507557
-0.000281324
0.000109095
-0.00456479
-0.000827078
7.08713e-05
0.000403641
7.83958e-05
0.00608638
0.000832796
-0.000285883
0.00648998
0.000141342
-0.000577966
0.00393909
-0.000109097
-0.00014134
0.00262081
-0.00011982
-0.000281322
-0.0045648
2.44597e-11
0.000122425
-0.00937864
0.00011982
0.000122425
-0.00937864
0.000109095
-0.000281324
-0.00456479
-0.000141347
-0.000141347
0.00262083
-0.000832801
-0.000577969
0.00393908
-0.000285884
0.00648998
0.000763002
-0.000508498
0.00674494
0.000577967
-0.000763004
0.0049202
-7.08713e-05
-0.000832798
0.00393909
-0.000516665
-0.000827074
0.00040364
-4.31546e-10
-0.000684262
-0.0056526
0.000516665
-0.000684263
-0.0056526
7.08716e-05
-0.000827078
0.00040364
-0.000577968
-0.000832801
0.00393908
-0.000763004
-0.000763004
0.00492019
-0.000508498
0.00674494
0.000508497
0.00787856
0.000285884
0.00674494
-7.83943e-05
0.00648998
-0.000472392
0.00608638
2.43654e-09
0.00588824
0.000472395
0.00588824
7.8396e-05
0.00608638
-0.000285884
0.00648998
-0.000508498
0.00674494
0.00787856
0.000313257
0.000313257
0.00725204
0.000155115
0.000407876
0.00649521
-0.000141194
0.000425281
0.00636102
-0.000530963
0.000456632
0.00601953
2.93549e-09
0.000239932
0.00511734
0.000530966
0.000239934
0.00511735
0.000141194
0.000456635
0.00601953
-0.000155117
0.000425284
0.00636101
-0.00031326
0.000407878
0.0064952
0.00031326
0.00725204
0.000407876
0.000155115
0.00649521
0.000212994
0.000212995
0.00530997
-0.000343313
0.000110939
0.00480974
-0.000561952
0.000245167
0.000833752
-1.80417e-10
-0.000101604
-0.00587301
0.000561951
-0.000101604
-0.00587301
0.000343312
0.000245169
0.000833756
-0.000212997
0.000110943
0.00480974
-0.000407878
0.000212998
0.00530996
0.000155119
0.00649521
0.000425281
-0.000141194
0.00636102
0.000110939
-0.000343313
0.00480974
-3.41282e-05
-3.41282e-05
0.00291092
-7.56548e-05
0.000364413
-0.00464254
5.25973e-11
-0.000205884
-0.00935001
7.56539e-05
-0.000205884
-0.00935001
3.41263e-05
0.000364415
-0.00464253
-0.000110942
-3.41252e-05
0.00291095
-0.000425284
-0.000343309
0.00480974
-0.00014119
0.00636101
0.000456631
-0.000530963
0.00601953
0.000245167
-0.000561951
0.000833753
0.000364413
-7.56548e-05
-0.00464254
0.000244545
0.000244545
-0.00483591
7.65069e-10
-0.000236575
-0.00946571
-0.000244544
-0.000236577
-0.0094657
-0.000364415
0.000244547
-0.00483587
-0.000245166
-7.56534e-05
-0.00464252
-0.000456632
-0.00056195
0.000833746
-0.00053096
0.00601952
0.000239932
3.05389e-09
0.00511734
-0.000101604
-1.12854e-10
-0.00587301
-0.000205884
8.26391e-11
-0.00935001
-0.000236575
7.06648e-10
-0.00946571
2.26133e-09
2.24719e-09
-0.0112477
0.000236577
2.18783e-09
-0.0112477
0.000205883
7.0291e-10
-0.0094657
0.000101603
7.85959e-11
-0.00935001
-0.000239936
-1.9149e-10
-0.00587301
2.5563e-09
0.00511734
0.000239934
0.000530966
0.00511735
-0.000101604
0.000561951
-0.005873
-0.000205884
7.56539e-05
-0.00935001
-0.000236577
-0.000244544
-0.0094657
2.20145e-09
0.000236577
-0.0112477
0.000236579
0.000236579
-0.0112477
0.000205883
-0.000244546
-0.00946569
0.000101604
7.56525e-05
-0.00935001
-0.000239937
0.000561949
-0.00587301
0.000530963
0.00511735
0.000456635
0.000141194
0.00601953
0.000245168
0.000343312
0.000833757
0.000364415
3.41262e-05
-0.00464253
0.000244547
-0.000364415
-0.00483587
7.60392e-10
0.000205883
-0.0094657
-0.000244546
0.000205883
-0.00946569
-0.000364417
-0.000364417
-0.00483583
-0.000245167
3.41233e-05
-0.00464251
-0.000456635
0.000343309
0.000833749
0.000141191
0.00601952
0.000425284
-0.000155117
0.00636101
0.000110943
-0.000212997
0.00480974
-3.41253e-05
-0.000110942
0.00291095
-7.56535e-05
-0.000245167
-0.00464252
4.86812e-11
0.000101603
-0.00935001
7.56525e-05
0.000101604
-0.00935001
3.41235e-05
-0.000245167
-0.00464251
-0.000110945
-0.000110946
0.00291097
-0.000425286
-0.000212999
0.00480973
-0.000155119
0.006361
0.000407878
-0.00031326
0.0064952
0.000212998
-0.000407878
0.00530996
-0.000343309
-0.000425284
0.00480974
-0.00056195
-0.000456632
0.000833746
-2.60133e-10
-0.000239936
-0.00587301
0.000561949
-0.000239937
-0.00587301
0.000343309
-0.000456635
0.000833748
-0.000212999
-0.000425286
0.00480973
-0.000407879
-0.000407879
0.00530995
-0.00031326
0.0064952
0.00031326
0.00725204
0.000155119
0.00649521
-0.00014119
0.00636101
-0.00053096
0.00601952
2.45109e-09
0.00511734
0.000530963
0.00511735
0.000141191
0.00601952
-0.000155119
0.006361
-0.00031326
0.0064952
0.00725204
0.000188699
0.000188699
0.00687464
5.06331e-05
0.000236932
0.00639634
-0.00022203
0.000246747
0.00638693
-0.00055103
0.00024165
0.00610688
2.2273e-09
-8.0694e-05
0.004647
0.000551032
-8.06928e-05
0.00464701
0.00022203
0.000241653
0.00610688
-5.06344e-05
0.000246748
0.00638692
-0.0001887
0.000236933
0.00639634
0.0001887
0.00687464
0.000236932
5.06333e-05
0.00639634
4.95219e-05
4.95221e-05
0.00568479
-0.000383004
0.000131444
0.00535757
-0.000435913
0.000240179
0.000888132
2.88612e-10
-0.000138162
-0.00625146
0.000435913
-0.000138162
-0.00625145
0.000383003
0.000240179
0.000888139
-4.95233e-05
0.000131445
0.00535757
-0.000236933
4.95237e-05
0.00568478
5.06356e-05
0.00639634
0.000246747
-0.00022203
0.00638693
0.000131444
-0.000383004
0.00535757
4.06867e-05
4.06868e-05
0.00309244
-9.62856e-06
0.000285839
-0.00463788
1.51688e-10
-0.000207306
-0.0092905
9.6278e-06
-0.000207305
-0.0092905
-4.06883e-05
0.000285843
-0.00463787
-0.000131444
4.06891e-05
0.00309246
-0.000246747
-0.000383003
0.00535757
-0.000222027
0.00638692
0.00024165
-0.00055103
0.00610688
0.000240179
-0.000435913
0.000888133
0.000285839
-9.62853e-06
-0.00463788
0.000244696
0.000244696
-0.00475362
1.38293e-09
-0.000166052
-0.00926227
-0.000244694
-0.000166054
-0.00926225
-0.00028584
0.000244699
-0.00475358
-0.000240177
-9.62679e-06
-0.00463787
-0.000241649
-0.000435912
0.000888128
-0.000551027
0.00610687
-8.06941e-05
2.35092e-09
0.004647
-0.000138163
5.51536e-10
-0.00625146
-0.000207306
1.75128e-10
-0.0092905
-0.000166052
1.29623e-09
-0.00926227
1.1527e-09
1.13766e-09
-0.0115798
0.000166053
1.09327e-09
-0.0115798
0.000207305
1.266e-09
-0.00926225
0.000138162
2.00235e-10
-0.0092905
8.0693e-05
5.18787e-10
-0.00625145
1.99187e-09
0.00464701
-8.06926e-05
0.000551031
0.00464701
-0.000138162
0.000435913
-0.00625145
-0.000207305
9.62778e-06
-0.0092905
-0.000166054
-0.000244694
-0.00926225
1.11038e-09
0.000166052
-0.0115798
0.000166055
0.000166055
-0.0115798
0.000207304
-0.000244697
-0.00926224
0.000138162
9.62607e-06
-0.0092905
8.06918e-05
0.000435912
-0.00625145
0.000551029
0.00464701
0.000241653
0.000222029
0.00610688
0.000240179
0.000383003
0.000888141
0.000285843
-4.06885e-05
-0.00463787
0.000244699
-0.00028584
-0.00475358
1.35219e-09
0.000207305
-0.00926225
-0.000244697
0.000207304
-0.00926224
-0.000285843
-0.000285843
-0.00475354
-0.000240176
-4.06906e-05
-0.00463786
-0.000241651
0.000383002
0.000888134
0.000222027
0.00610687
0.000246748
-5.06347e-05
0.00638692
0.000131445
-4.95236e-05
0.00535757
4.0689e-05
-0.000131444
0.00309246
-9.62684e-06
-0.000240177
-0.00463787
1.77737e-10
0.000138162
-0.0092905
9.62611e-06
0.000138162
-0.0092905
-4.06903e-05
-0.000240177
-0.00463786
-0.000131445
-0.000131445
0.00309248
-0.000246748
-4.95242e-05
0.00535756
-5.06357e-05
0.00638692
0.000236933
-0.0001887
0.00639633
4.95236e-05
-0.000236933
0.00568478
-0.000383003
-0.000246748
0.00535757
-0.000435912
-0.000241649
0.000888128
2.68531e-10
8.0693e-05
-0.00625145
0.000435912
8.06919e-05
-0.00625145
0.000383002
-0.000241651
0.000888132
-4.95239e-05
-0.000246748
0.00535756
-0.000236933
-0.000236933
0.00568477
-0.0001887
0.00639633
0.0001887
0.00687464
5.06355e-05
0.00639634
-0.000222027
0.00638692
-0.000551028
0.00610687
1.88514e-09
0.004647
0.000551029
0.00464701
0.000222028
0.00610687
-5.06355e-05
0.00638692
-0.0001887
0.00639633
0.00687464
0.000120005
0.000120005
0.00663463
9.2521e-06
0.000151623
0.00635547
-0.00022653
0.000190564
0.00643215
-0.000486378
0.000180419
0.00618631
1.31542e-09
-9.2829e-05
0.00425345
0.000486378
-9.28285e-05
0.00425346
0.00022653
0.00018042
0.00618631
-9.25295e-06
0.000190564
0.00643214
-0.000120006
0.000151623
0.00635547
0.000120006
0.00663463
0.000151623
9.25233e-06
0.00635547
-1.5232e-06
-1.52283e-06
0.00599108
-0.000306613
0.000176349
0.00567688
-0.000299611
0.000205089
0.000856461
4.38288e-10
-0.000195324
-0.00644857
0.000299612
-0.000195323
-0.00644857
0.000306612
0.000205087
0.000856471
1.52247e-06
0.000176348
0.00567687
-0.000151624
-1.52247e-06
0.00599107
9.25372e-06
0.00635547
0.000190564
-0.00022653
0.00643215
0.000176349
-0.000306612
0.00567688
0.000110993
0.000110993
0.00322315
6.30399e-05
0.000202052
-0.00458689
2.20273e-10
-0.00029096
-0.00913182
-6.30399e-05
-0.000290959
-0.00913182
-0.000110993
0.000202054
-0.00458689
-0.000176347
0.000110994
0.00322317
-0.000190563
-0.000306613
0.00567687
-0.000226528
0.00643214
0.000180419
-0.000486377
0.00618631
0.000205088
-0.000299611
0.000856462
0.000202052
6.30399e-05
-0.00458689
0.000226514
0.000226514
-0.00480254
8.17534e-10
-0.000111236
-0.00921548
-0.000226514
-0.000111236
-0.00921546
-0.000202052
0.000226517
-0.0048025
-0.000205085
6.30412e-05
-0.00458688
-0.000180416
-0.000299612
0.000856459
-0.000486376
0.00618631
-9.28291e-05
1.43329e-09
0.00425345
-0.000195325
7.63649e-10
-0.00644857
-0.000290961
2.27182e-10
-0.00913182
-0.000111236
7.31988e-10
-0.00921548
-9.53191e-10
-9.7608e-10
-0.0118023
0.000111234
-9.8087e-10
-0.0118023
0.000290959
6.94608e-10
-0.00921546
0.000195324
2.86474e-10
-0.00913182
9.28289e-05
7.28701e-10
-0.00644857
1.20647e-09
0.00425346
-9.28286e-05
0.000486378
0.00425346
-0.000195324
0.000299612
-0.00644856
-0.000290959
-6.304e-05
-0.00913182
-0.000111236
-0.000226514
-0.00921546
-9.52296e-10
0.000111234
-0.0118023
0.000111234
0.000111234
-0.0118023
0.000290958
-0.000226517
-0.00921545
0.000195324
-6.30412e-05
-0.00913182
9.28285e-05
0.000299612
-0.00644856
0.000486377
0.00425346
0.00018042
0.000226529
0.0061863
0.000205087
0.000306612
0.000856474
0.000202054
-0.000110993
-0.00458689
0.000226517
-0.000202052
-0.0048025
7.81131e-10
0.000290959
-0.00921546
-0.000226517
0.000290958
-0.00921545
-0.000202054
-0.000202054
-0.00480246
-0.000205083
-0.000110993
-0.00458688
-0.000180417
0.000306612
0.000856468
0.000226528
0.0061863
0.000190564
-9.25329e-06
0.00643214
0.000176348
1.52185e-06
0.00567687
0.000110994
-0.000176348
0.00322317
6.30412e-05
-0.000205085
-0.00458688
2.83954e-10
0.000195324
-0.00913182
-6.30411e-05
0.000195324
-0.00913182
-0.000110993
-0.000205084
-0.00458688
-0.000176346
-0.000176346
0.00322318
-0.000190563
1.52258e-06
0.00567687
-9.25368e-06
0.00643213
0.000151623
-0.000120006
0.00635546
-1.52282e-06
-0.000151624
0.00599107
-0.000306613
-0.000190563
0.00567687
-0.000299612
-0.000180416
0.000856458
4.16638e-10
9.28288e-05
-0.00644857
0.000299612
9.28283e-05
-0.00644857
0.000306613
-0.000180417
0.000856465
1.52315e-06
-0.000190563
0.00567687
-0.000151623
-0.000151624
0.00599107
-0.000120006
0.00635546
0.000120006
0.00663463
9.25354e-06
0.00635547
-0.000226528
0.00643214
-0.000486376
0.0061863
1.11092e-09
0.00425346
0.000486377
0.00425346
0.000226529
0.0061863
-9.2534e-06
0.00643213
-0.000120006
0.00635546
0.00663462
8.76529e-05
8.7653e-05
0.00645933
9.8976e-06
0.000115295
0.00631793
-0.00017887
0.000170197
0.00645072
-0.000392469
0.00019105
0.00620886
4.8186e-10
-8.10244e-05
0.00394201
0.000392469
-8.10238e-05
0.00394202
0.00017887
0.000191048
0.00620886
-9.89796e-06
0.000170196
0.00645071
-8.76532e-05
0.000115295
0.00631793
8.76533e-05
0.00645932
0.000115295
9.89787e-06
0.00631793
1.55942e-05
1.55944e-05
0.00619048
-0.000189176
0.000208643
0.0058432
-0.000176674
0.000161791
0.000873219
1.72523e-10
-0.000247962
-0.00645831
0.000176674
-0.000247961
-0.0064583
0.000189176
0.000161789
0.000873227
-1.55937e-05
0.00020864
0.0058432
-0.000115295
1.55939e-05
0.00619047
9.89844e-06
0.00631793
0.000170197
-0.00017887
0.00645072
0.000208643
-0.000189176
0.0058432
0.000159263
0.000159263
0.00332191
0.000121264
0.000110004
-0.0044971
1.92708e-10
-0.000356113
-0.00890241
-0.000121263
-0.000356112
-0.00890241
-0.000159262
0.000110004
-0.0044971
-0.00020864
0.000159263
0.00332192
-0.000170195
-0.000189177
0.0058432
-0.000178869
0.00645071
0.00019105
-0.000392469
0.00620886
0.000161791
-0.000176674
0.00087322
0.000110004
0.000121264
-0.0044971
0.000188436
0.000188436
-0.00495941
1.96194e-10
-8.84462e-05
-0.00929471
-0.000188436
-8.84456e-05
-0.00929469
-0.000110003
0.000188438
-0.00495937
-0.000161788
0.000121264
-0.0044971
-0.000191047
-0.000176675
0.000873216
-0.000392468
0.00620886
-8.10248e-05
5.59443e-10
0.00394201
-0.000247962
4.2271e-10
-0.00645831
-0.000356114
1.8787e-10
-0.00890241
-8.84464e-05
1.2407e-10
-0.00929471
-2.08914e-09
-2.10685e-09
-0.0119792
8.84429e-05
-2.09699e-09
-0.0119792
0.000356113
9.86133e-11
-0.00929469
0.000247962
2.76218e-10
-0.00890241
8.10244e-05
4.02823e-10
-0.00645831
4.27659e-10
0.00394201
-8.10241e-05
0.000392469
0.00394202
-0.000247962
0.000176674
-0.0064583
-0.000356113
-0.000121263
-0.00890241
-8.84457e-05
-0.000188437
-0.00929469
-2.06987e-09
8.84427e-05
-0.0119792
8.84422e-05
8.84421e-05
-0.0119792
0.000356112
-0.000188439
-0.00929468
0.000247962
-0.000121263
-0.00890241
8.10238e-05
0.000176675
-0.0064583
0.000392468
0.00394202
0.000191048
0.000178869
0.00620886
0.000161789
0.000189176
0.000873231
0.000110004
-0.000159262
-0.0044971
0.000188438
-0.000110003
-0.00495937
1.7187e-10
0.000356112
-0.00929469
-0.000188438
0.000356111
-0.00929468
-0.000110002
-0.000110003
-0.00495933
-0.000161786
-0.000159261
-0.0044971
-0.000191045
0.000189177
0.000873225
0.000178869
0.00620886
0.000170196
-9.89832e-06
0.00645071
0.00020864
-1.55939e-05
0.0058432
0.000159263
-0.00020864
0.00332192
0.000121264
-0.000161788
-0.0044971
2.87999e-10
0.000247962
-0.00890241
-0.000121263
0.000247961
-0.00890241
-0.00015926
-0.000161786
-0.0044971
-0.000208636
-0.000208637
0.00332194
-0.000170194
-1.55931e-05
0.0058432
-9.89818e-06
0.00645071
0.000115295
-8.76534e-05
0.00631792
1.55937e-05
-0.000115295
0.00619047
-0.000189177
-0.000170195
0.0058432
-0.000176675
-0.000191047
0.000873215
1.74313e-10
8.10241e-05
-0.00645831
0.000176674
8.10235e-05
-0.0064583
0.000189177
-0.000191045
0.000873221
-1.5593e-05
-0.000170194
0.0058432
-0.000115295
-0.000115295
0.00619047
-8.76532e-05
0.00631792
8.76532e-05
0.00645932
9.89823e-06
0.00631793
-0.000178869
0.00645071
-0.000392468
0.00620886
3.78522e-10
0.00394201
0.000392469
0.00394202
0.000178869
0.00620885
-9.89789e-06
0.00645071
-8.76531e-05
0.00631792
0.00645932
7.92757e-05
7.92759e-05
0.00630077
3.12762e-05
0.000109219
0.00625671
-0.000111773
0.000176189
0.00641758
-0.000292894
0.000223805
0.00616617
-3.99284e-11
-5.50147e-05
0.00370413
0.000292893
-5.50124e-05
0.00370414
0.000111773
0.000223803
0.00616617
-3.12763e-05
0.000176187
0.00641758
-7.92758e-05
0.000109219
0.00625671
7.92759e-05
0.00630077
0.000109219
3.12765e-05
0.00625671
6.02737e-05
6.02741e-05
0.00628837
-7.20005e-05
0.000235845
0.00591582
-6.19371e-05
0.000108462
0.000978498
1.53674e-10
-0.00027985
-0.00629541
6.19351e-05
-0.00027985
-0.0062954
7.19999e-05
0.00010846
0.000978506
-6.02727e-05
0.000235841
0.00591582
-0.000109219
6.02732e-05
0.00628837
3.12766e-05
0.00625671
0.000176189
-0.000111773
0.00641758
0.000235844
-7.20006e-05
0.00591582
0.000196819
0.000196819
0.00339996
0.000153381
-1.23822e-05
-0.00433282
6.7245e-10
-0.000358532
-0.00867034
-0.000153379
-0.000358532
-0.00867034
-0.000196817
-1.23826e-05
-0.00433282
-0.00023584
0.000196819
0.00339997
-0.000176186
-7.20013e-05
0.00591582
-0.000111772
0.00641758
0.000223805
-0.000292893
0.00616617
0.000108462
-6.19375e-05
0.0009785
-1.23824e-05
0.000153381
-0.00433282
0.000125526
0.000125526
-0.00523522
-1.05175e-09
-6.10795e-05
-0.00946664
-0.000125529
-6.10789e-05
-0.00946662
1.23829e-05
0.000125527
-0.00523519
-0.000108461
0.000153381
-0.00433282
-0.000223804
-6.19378e-05
0.000978496
-0.000292893
0.00616617
-5.50156e-05
9.15868e-11
0.00370413
-0.000279851
2.89654e-10
-0.00629541
-0.000358533
7.42057e-10
-0.00867034
-6.10798e-05
-1.05326e-09
-0.00946663
-2.43744e-09
-2.44314e-09
-0.0121014
6.1076e-05
-2.41003e-09
-0.0121014
0.000358532
-9.66054e-10
-0.00946662
0.00027985
8.77401e-10
-0.00867034
5.50146e-05
3.20976e-10
-0.00629541
2.76168e-11
0.00370413
-5.50123e-05
0.000292893
0.00370414
-0.000279851
6.19343e-05
-0.00629539
-0.000358533
-0.000153379
-0.00867035
-6.1079e-05
-0.000125529
-0.00946662
-2.39068e-09
6.10758e-05
-0.0121014
6.10753e-05
6.10752e-05
-0.0121014
0.000358532
-0.00012553
-0.0094666
0.000279851
-0.000153378
-0.00867035
5.50117e-05
6.1935e-05
-0.0062954
0.000292892
0.00370414
0.000223803
0.000111772
0.00616617
0.00010846
7.19991e-05
0.000978509
-1.23829e-05
-0.000196817
-0.00433282
0.000125527
1.23828e-05
-0.00523519
-9.62461e-10
0.000358532
-0.00946662
-0.00012553
0.000358531
-0.0094666
1.23838e-05
1.23836e-05
-0.00523516
-0.000108458
-0.000196816
-0.00433282
-0.000223802
7.20002e-05
0.000978503
0.000111772
0.00616617
0.000176187
-3.12766e-05
0.00641757
0.000235841
-6.02731e-05
0.00591582
0.000196819
-0.000235841
0.00339997
0.000153381
-0.000108461
-0.00433282
8.19927e-10
0.000279849
-0.00867034
-0.000153378
0.000279849
-0.00867034
-0.000196816
-0.000108459
-0.00433282
-0.000235836
-0.000235837
0.00339998
-0.000176185
-6.02719e-05
0.00591582
-3.12762e-05
0.00641757
0.000109218
-7.92759e-05
0.00625671
6.02729e-05
-0.000109219
0.00628836
-7.20013e-05
-0.000176186
0.00591582
-6.19375e-05
-0.000223804
0.000978494
2.0577e-10
5.50137e-05
-0.00629541
6.19358e-05
5.50119e-05
-0.0062954
7.20009e-05
-0.000223802
0.000978499
-6.02715e-05
-0.000176185
0.00591582
-0.000109218
-0.000109218
0.00628836
-7.92756e-05
0.0062567
7.92758e-05
0.00630077
3.12764e-05
0.00625671
-0.000111773
0.00641758
-0.000292893
0.00616617
-8.67893e-11
0.00370413
0.000292893
0.00370414
0.000111773
0.00616617
-3.1276e-05
0.00641757
-7.92755e-05
0.0062567
0.00630077
8.52222e-05
8.52223e-05
0.00613033
6.67568e-05
0.000121973
0.0061532
-3.59762e-05
0.000192416
0.0063279
-0.000194068
0.000260848
0.00606342
-2.64692e-10
-1.0535e-05
0.0035206
0.000194068
-1.05279e-05
0.0035206
3.59754e-05
0.000260849
0.00606342
-6.67567e-05
0.000192414
0.00632789
-8.5222e-05
0.000121972
0.0061532
8.52222e-05
0.00613033
0.000121973
6.67572e-05
0.0061532
0.000122207
0.000122207
0.0062879
4.36743e-05
0.000262653
0.00592411
4.21065e-05
6.48108e-05
0.0011761
-4.00437e-10
-0.000275226
-0.00598861
-4.21131e-05
-0.000275225
-0.00598859
-4.36794e-05
6.4811e-05
0.00117611
-0.000122206
0.000262652
0.00592411
-0.000121972
0.000122207
0.0062879
6.67574e-05
0.0061532
0.000192415
-3.59759e-05
0.0063279
0.000262653
4.36746e-05
0.00592411
0.000227541
0.000227541
0.00347019
0.000162421
-0.000105789
-0.0040971
8.27882e-10
-0.000328227
-0.00845492
-0.000162418
-0.000328227
-0.00845492
-0.000227539
-0.000105789
-0.0040971
-0.00026265
0.000227542
0.00347019
-0.000192414
4.3675e-05
0.00592411
-3.59752e-05
0.0063279
0.000260848
-0.000194068
0.00606342
6.48108e-05
4.21063e-05
0.00117611
-0.000105789
0.000162421
-0.0040971
5.99924e-05
5.99925e-05
-0.00556679
-2.92633e-09
-3.86288e-05
-0.00969624
-5.99972e-05
-3.86278e-05
-0.00969622
0.000105788
5.99931e-05
-0.00556676
-6.48125e-05
0.000162422
-0.0040971
-0.00026085
4.21073e-05
0.0011761
-0.000194068
0.00606342
-1.05362e-05
-2.08299e-11
0.0035206
-0.000275228
-6.77872e-10
-0.00598861
-0.000328228
9.87464e-10
-0.00845492
-3.86292e-05
-2.97398e-09
-0.00969624
-2.53635e-09
-2.52417e-09
-0.0121786
3.86254e-05
-2.44502e-09
-0.0121786
0.000328227
-2.74635e-09
-0.00969623
0.000275227
1.20244e-09
-0.00845492
1.05342e-05
-4.76514e-10
-0.00598861
-6.84111e-11
0.0035206
-1.05252e-05
0.000194067
0.0035206
-0.000275228
-4.21169e-05
-0.00598858
-0.000328229
-0.000162418
-0.00845492
-3.8628e-05
-5.99974e-05
-0.00969623
-2.43667e-09
3.86251e-05
-0.0121786
3.86244e-05
3.86242e-05
-0.0121786
0.000328228
-5.99977e-05
-0.00969621
0.000275227
-0.000162419
-0.00845492
1.05245e-05
-4.21165e-05
-0.00598858
0.000194067
0.0035206
0.000260849
3.59746e-05
0.00606342
6.48105e-05
-4.36834e-05
0.00117611
-0.000105789
-0.000227539
-0.0040971
5.9993e-05
0.000105788
-0.00556676
-2.70287e-09
0.000328227
-0.00969623
-5.99973e-05
0.000328226
-0.00969621
0.000105789
0.000105789
-0.00556673
-6.48121e-05
-0.00022754
-0.0040971
-0.00026085
-4.36825e-05
0.00117611
3.59743e-05
0.00606342
0.000192415
-6.67571e-05
0.00632789
0.000262651
-0.000122207
0.00592411
0.000227542
-0.00026265
0.00347019
0.000162422
-6.48125e-05
-0.0040971
1.04585e-09
0.000275225
-0.00845492
-0.000162419
0.000275224
-0.00845492
-0.000227539
-6.48124e-05
-0.0040971
-0.000262648
-0.000262648
0.00347019
-0.000192412
-0.000122206
0.00592411
-6.6757e-05
0.00632789
0.000121972
-8.52221e-05
0.0061532
0.000122206
-0.000121973
0.0062879
4.36745e-05
-0.000192414
0.00592411
4.21072e-05
-0.00026085
0.0011761
-1.94135e-10
1.05331e-05
-0.00598861
-4.21127e-05
1.05271e-05
-0.00598859
-4.36786e-05
-0.00026085
0.0011761
-0.000122205
-0.000192412
0.00592411
-0.000121972
-0.000121972
0.00628789
-8.52218e-05
0.00615319
8.52221e-05
0.00613033
6.67571e-05
0.0061532
-3.59755e-05
0.0063279
-0.000194068
0.00606342
-2.5308e-10
0.0035206
0.000194068
0.0035206
3.5975e-05
0.00606342
-6.67567e-05
0.00632789
-8.52217e-05
0.00615319
0.00613032
9.96115e-05
9.96117e-05
0.00593111
0.000111973
0.000146272
0.00599457
5.25719e-05
0.00021692
0.00617038
-0.000102193
0.000307109
0.00591107
-4.55873e-10
7.78245e-05
0.00334058
0.000102192
7.78451e-05
0.00334056
-5.25732e-05
0.000307113
0.00591107
-0.000111973
0.000216919
0.00617037
-9.96111e-05
0.000146271
0.00599457
9.96115e-05
0.0059311
0.000146271
0.000111974
0.00599457
0.000191063
0.000191064
0.00619832
0.000178097
0.000294516
0.00585948
0.000147481
7.12756e-05
0.00144255
-5.90687e-09
-0.000179374
-0.00558393
-0.000147496
-0.00017936
-0.0055839
-0.000178106
7.12763e-05
0.00144256
-0.000191063
0.000294516
0.00585947
-0.000146271
0.000191063
0.00619831
0.000111974
0.00599457
0.00021692
5.25725e-05
0.00617038
0.000294515
0.000178098
0.00585949
0.000246135
0.000246135
0.00356695
0.00013397
-0.000136388
-0.00377727
-1.66105e-09
-0.00022106
-0.00827926
-0.000133971
-0.000221051
-0.00827926
-0.000246136
-0.000136389
-0.00377727
-0.000294514
0.000246138
0.00356695
-0.000216919
0.000178099
0.00585948
5.25732e-05
0.00617038
0.000307108
-0.000102191
0.00591107
7.12754e-05
0.000147482
0.00144255
-0.000136389
0.000133971
-0.00377727
9.86914e-06
9.86895e-06
-0.0058593
-4.81869e-09
-6.42981e-06
-0.00990099
-9.87525e-06
-6.42833e-06
-0.00990098
0.000136388
9.86978e-06
-0.00585928
-7.12763e-05
0.000133975
-0.00377727
-0.000307111
0.000147484
0.00144255
-0.000102192
0.00591107
7.78245e-05
-2.57559e-10
0.00334058
-0.000179379
-8.93018e-09
-0.00558392
-0.000221062
-1.45485e-09
-0.00827927
-6.42999e-06
-5.32274e-09
-0.009901
-2.41925e-09
-2.40796e-09
-0.0121915
6.42649e-06
-2.29668e-09
-0.0121915
0.00022106
-4.88752e-09
-0.00990098
0.000179376
-1.08904e-09
-0.00827926
-7.7829e-05
-7.89197e-09
-0.00558391
-2.14582e-10
0.00334058
7.78564e-05
0.00010219
0.00334055
-0.000179356
-0.000147505
-0.00558387
-0.00022105
-0.00013397
-0.00827926
-6.42818e-06
-9.8755e-06
-0.00990098
-2.28418e-09
6.4263e-06
-0.0121915
6.42491e-06
6.42502e-06
-0.0121915
0.000221049
-9.87585e-06
-0.00990097
0.000179356
-0.000133974
-0.00827926
-7.78575e-05
-0.000147504
-0.00558387
0.000102191
0.00334055
0.000307115
-5.25746e-05
0.00591107
7.1276e-05
-0.000178112
0.00144256
-0.000136389
-0.000246136
-0.00377727
9.86984e-06
0.000136388
-0.00585928
-4.40657e-09
0.000221058
-0.00990098
-9.8755e-06
0.00022105
-0.00990096
0.000136389
0.000136389
-0.00585926
-7.12767e-05
-0.000246139
-0.00377727
-0.000307116
-0.000178112
0.00144255
-5.25748e-05
0.00591107
0.000216919
-0.000111973
0.00617037
0.000294516
-0.000191065
0.00585946
0.000246138
-0.000294514
0.00356695
0.000133975
-7.12764e-05
-0.00377727
-1.3075e-09
0.000179372
-0.00827926
-0.000133974
0.000179359
-0.00827926
-0.000246138
-7.12769e-05
-0.00377727
-0.000294514
-0.000294514
0.00356695
-0.000216918
-0.000191064
0.00585946
-0.000111974
0.00617037
0.000146271
-9.96112e-05
0.00599457
0.000191063
-0.000146271
0.00619831
0.000178098
-0.000216919
0.00585948
0.000147483
-0.000307111
0.00144255
-4.96682e-09
-7.78288e-05
-0.00558392
-0.000147495
-7.78465e-05
-0.0055839
-0.000178106
-0.000307114
0.00144255
-0.000191062
-0.000216917
0.00585947
-0.00014627
-0.00014627
0.00619831
-9.96109e-05
0.00599456
9.96113e-05
0.0059311
0.000111974
0.00599456
5.25727e-05
0.00617038
-0.000102193
0.00591107
-3.45108e-10
0.00334058
0.000102192
0.00334056
-5.25736e-05
0.00591107
-0.000111973
0.00617037
-9.96108e-05
0.00599456
0.0059311
0.00011877
0.00011877
0.00569357
0.000158329
0.000177023
0.00577799
0.000136938
0.000250451
0.00594132
-2.32958e-05
0.000378753
0.00569255
-2.60664e-09
0.000200566
0.00311672
2.3295e-05
0.000200574
0.00311669
-0.000136938
0.000378754
0.00569255
-0.000158329
0.000250449
0.00594132
-0.00011877
0.000177022
0.00577799
0.00011877
0.00569357
0.000177022
0.00015833
0.00577799
0.00026547
0.000265471
0.00602142
0.000315348
0.000347002
0.00571305
0.000262879
0.000150024
0.00172375
-1.20646e-08
3.11841e-05
-0.00515165
-0.000262886
3.12005e-05
-0.00515165
-0.000315344
0.000150027
0.00172374
-0.000265467
0.000347003
0.00571304
-0.00017702
0.00026547
0.00602142
0.00015833
0.00577799
0.000250451
0.000136939
0.00594132
0.000347001
0.000315349
0.00571306
0.000302306
0.000302306
0.00365634
0.000119755
-0.00010592
-0.00333878
-1.46578e-09
-2.64725e-05
-0.00810185
-0.000119754
-2.64625e-05
-0.00810185
-0.000302307
-0.00010592
-0.00333877
-0.000347
0.000302306
0.00365634
-0.00025045
0.00031535
0.00571305
0.000136939
0.00594132
0.000378753
-2.32947e-05
0.00569255
0.000150024
0.00026288
0.00172375
-0.00010592
0.000119756
-0.00333878
-3.32624e-05
-3.32626e-05
-0.00600462
-4.98878e-09
3.99361e-05
-0.0100007
3.32572e-05
3.99382e-05
-0.0100006
0.000105919
-3.32618e-05
-0.0060046
-0.000150023
0.000119758
-0.00333878
-0.000378754
0.000262881
0.00172375
-2.32952e-05
0.00569255
0.00020057
-3.57749e-09
0.00311672
3.11835e-05
-1.81296e-08
-0.00515163
-2.6474e-05
-3.9391e-10
-0.00810185
3.99365e-05
-5.79813e-09
-0.0100007
-1.96684e-09
-1.92338e-09
-0.0121116
-3.99388e-05
-1.72697e-09
-0.0121116
2.64724e-05
-5.24939e-09
-0.0100007
-3.11862e-05
-2.76385e-10
-0.00810185
-0.000200572
-1.61376e-08
-0.00515163
-3.1275e-09
0.00311672
0.000200583
2.32934e-05
0.00311667
3.12096e-05
-0.000262891
-0.00515162
-2.64584e-05
-0.000119753
-0.00810184
3.99388e-05
3.3257e-05
-0.0100006
-1.73094e-09
-3.99384e-05
-0.0121116
-3.99409e-05
-3.99403e-05
-0.0121116
2.64583e-05
3.32567e-05
-0.0100006
-3.12097e-05
-0.000119755
-0.00810184
-0.000200584
-0.000262891
-0.00515162
2.32943e-05
0.00311667
0.000378755
-0.000136939
0.00569254
0.000150028
-0.000315345
0.00172374
-0.000105919
-0.000302307
-0.00333877
-3.32617e-05
0.000105919
-0.0060046
-4.47215e-09
2.6471e-05
-0.0100006
3.32569e-05
2.64622e-05
-0.0100006
0.000105919
0.000105919
-0.00600459
-0.000150026
-0.000302306
-0.00333877
-0.000378755
-0.000315345
0.00172374
-0.000136939
0.00569254
0.000250448
-0.000158329
0.00594131
0.000347004
-0.000265468
0.00571303
0.000302306
-0.000347001
0.00365634
0.000119757
-0.000150023
-0.00333878
-1.3319e-09
-3.11866e-05
-0.00810184
-0.000119756
-3.12009e-05
-0.00810184
-0.000302306
-0.000150026
-0.00333877
-0.000347003
-0.000347002
0.00365634
-0.000250448
-0.000265468
0.00571303
-0.000158329
0.00594131
0.000177021
-0.00011877
0.00577799
0.00026547
-0.00017702
0.00602142
0.000315348
-0.00025045
0.00571305
0.00026288
-0.000378754
0.00172375
-1.02944e-08
-0.000200568
-0.00515165
-0.000262885
-0.000200575
-0.00515165
-0.000315345
-0.000378755
0.00172374
-0.000265467
-0.000250448
0.00571304
-0.00017702
-0.00017702
0.00602141
-0.000118769
0.00577798
0.00011877
0.00569357
0.00015833
0.00577798
0.000136939
0.00594132
-2.32963e-05
0.00569255
-2.13677e-09
0.00311671
2.32958e-05
0.00311668
-0.000136939
0.00569255
-0.000158329
0.00594132
-0.000118769
0.00577798
0.00569356
0.000139107
0.000139107
0.00541535
0.000202187
0.000209872
0.00550504
0.000209411
0.000291309
0.00564279
4.21197e-05
0.000471403
0.00538844
-6.7873e-09
0.000314213
0.00284463
-4.21203e-05
0.000314184
0.00284462
-0.000209409
0.000471396
0.00538844
-0.000202185
0.000291306
0.00564279
-0.000139106
0.000209871
0.00550504
0.000139107
0.00541535
0.000209872
0.000202187
0.00550504
0.000339466
0.000339468
0.00576223
0.000435474
0.000430699
0.00547766
0.000352032
0.000325225
0.00195337
-1.69807e-08
0.00022917
-0.00471456
-0.000352
0.000229178
-0.00471466
-0.000435435
0.00032523
0.00195334
-0.000339457
0.000430703
0.00547766
-0.000209868
0.000339467
0.00576223
0.000202188
0.00550504
0.000291309
0.000209412
0.00564279
0.000430698
0.000435479
0.00547766
0.000423002
0.000423002
0.00367173
0.000177632
2.80359e-05
-0.00279622
1.58165e-09
0.00017415
-0.0078692
-0.000177627
0.000174153
-0.00786919
-0.000423002
2.80353e-05
-0.0027962
-0.000430698
0.000423001
0.00367174
-0.000291309
0.000435472
0.00547766
0.000209412
0.00564279
0.000471404
4.212e-05
0.00538844
0.000325224
0.000352035
0.00195338
2.80358e-05
0.000177633
-0.00279622
3.04126e-06
3.04093e-06
-0.00595463
-2.55321e-09
0.000117941
-0.00994141
-3.04171e-06
0.000117941
-0.00994139
-2.80315e-05
3.03934e-06
-0.00595462
-0.000325221
0.000177631
-0.00279622
-0.000471403
0.000352027
0.00195338
4.21188e-05
0.00538844
0.000314221
-9.95417e-09
0.00284463
0.000229172
-2.54602e-08
-0.00471452
0.000174151
3.04581e-09
-0.0078692
0.000117942
-3.17203e-09
-0.00994141
-4.07309e-10
-2.24953e-10
-0.0118757
-0.000117943
-2.04119e-10
-0.0118757
-0.000174151
-2.8514e-09
-0.0099414
-0.000229174
2.78866e-09
-0.0078692
-0.000314213
-2.27691e-08
-0.00471454
-8.82835e-09
0.00284463
0.000314176
-4.21209e-05
0.00284461
0.000229187
-0.000351986
-0.00471467
0.000174157
-0.000177626
-0.00786918
0.000117941
-3.04172e-06
-0.00994138
-3.74234e-10
-0.000117942
-0.0118757
-0.000117941
-0.000117941
-0.0118757
-0.000174156
-3.0401e-06
-0.00994137
-0.000229186
-0.000177625
-0.00786918
-0.000314173
-0.000351982
-0.00471467
-4.21193e-05
0.00284461
0.000471393
-0.000209408
0.00538844
0.000325232
-0.000435421
0.00195334
2.8036e-05
-0.000423002
-0.0027962
3.03969e-06
-2.80317e-05
-0.00595462
-2.2585e-09
-0.000174151
-0.0099414
-3.04012e-06
-0.000174153
-0.00994138
-2.80316e-05
-2.80309e-05
-0.0059546
-0.000325229
-0.000423001
-0.0027962
-0.000471393
-0.000435419
0.00195334
-0.000209408
0.00538844
0.000291305
-0.000202185
0.00564279
0.000430705
-0.000339454
0.00547766
0.000423002
-0.000430699
0.00367174
0.00017763
-0.000325222
-0.00279622
1.32858e-09
-0.000229171
-0.00786919
-0.000177627
-0.000229177
-0.00786919
-0.000423001
-0.000325227
-0.0027962
-0.000430704
-0.000430702
0.00367174
-0.000291304
-0.000339454
0.00547766
-0.000202186
0.00564279
0.00020987
-0.000139106
0.00550504
0.000339466
-0.000209867
0.00576223
0.000435467
-0.000291308
0.00547766
0.000352024
-0.000471402
0.00195337
-1.45734e-08
-0.000314206
-0.00471458
-0.000351995
-0.00031418
-0.00471466
-0.000435433
-0.000471396
0.00195335
-0.000339457
-0.000291305
0.00547766
-0.000209867
-0.000209867
0.00576223
-0.000139106
0.00550504
0.000139107
0.00541535
0.000202188
0.00550504
0.000209411
0.00564279
4.21186e-05
0.00538844
-5.71411e-09
0.00284463
-4.21188e-05
0.00284462
-0.000209409
0.00538844
-0.000202186
0.00564279
-0.000139106
0.00550504
0.00541535
0.000157979
0.000157979
0.00509939
0.000239703
0.000240168
0.00518314
0.000266041
0.00033206
0.00528439
9.16921e-05
0.000556686
0.00500611
-8.57289e-09
0.000400964
0.00253537
-9.16888e-05
0.000400879
0.00253542
-0.000266036
0.000556677
0.00500611
-0.000239702
0.000332059
0.00528439
-0.000157978
0.000240167
0.00518315
0.000157979
0.00509939
0.000240167
0.000239703
0.00518314
0.000405417
0.000405419
0.00543173
0.000532059
0.000518103
0.00516497
0.000419211
0.000533554
0.00208935
1.21915e-08
0.000391285
-0.00428568
-0.00041915
0.000391239
-0.00428586
-0.000532021
0.000533556
0.00208934
-0.000405407
0.000518108
0.005165
-0.000240164
0.000405419
0.00543174
0.000239704
0.00518315
0.000332061
0.000266042
0.00528439
0.000518102
0.000532064
0.00516497
0.000560441
0.000560441
0.00358705
0.000287635
0.00026749
-0.00225735
1.7985e-09
0.000336128
-0.00752641
-0.000287636
0.000336116
-0.00752643
-0.000560443
0.000267488
-0.00225733
-0.000518103
0.000560443
0.00358706
-0.00033206
0.000532057
0.00516498
0.000266041
0.00528439
0.000556687
9.1692e-05
0.0050061
0.000533554
0.00041922
0.00208935
0.00026749
0.000287635
-0.00225735
0.000138747
0.000138747
-0.00569714
-1.94567e-10
0.00020973
-0.00967626
-0.000138746
0.000209728
-0.00967625
-0.000267487
0.000138745
-0.00569713
-0.000533554
0.000287636
-0.00225735
-0.000556687
0.000419206
0.00208936
9.16898e-05
0.00500611
0.000400977
-1.27378e-08
0.00253536
0.000391293
1.86614e-08
-0.00428564
0.000336131
3.20025e-09
-0.00752641
0.00020973
-2.5163e-10
-0.00967626
3.82292e-10
7.03613e-10
-0.0114562
-0.00020973
5.24839e-10
-0.0114562
-0.000336128
-4.31913e-10
-0.00967626
-0.000391282
2.9603e-09
-0.00752641
-0.000400955
1.6992e-08
-0.00428568
-1.13247e-08
0.00253538
0.000400849
-9.16871e-05
0.00253543
0.000391228
-0.000419127
-0.0042859
0.000336114
-0.000287637
-0.00752643
0.000209727
-0.000138746
-0.00967625
2.13283e-10
-0.00020973
-0.0114562
-0.000209728
-0.000209728
-0.0114562
-0.000336113
-0.000138744
-0.00967625
-0.000391223
-0.000287638
-0.00752643
-0.000400839
-0.000419122
-0.00428592
-9.16852e-05
0.00253544
0.000556674
-0.000266034
0.00500611
0.000533557
-0.000532008
0.00208934
0.000267488
-0.000560444
-0.00225732
0.000138745
-0.000267487
-0.00569713
-3.87503e-10
-0.000336126
-0.00967626
-0.000138744
-0.000336115
-0.00967625
-0.000267486
-0.000267486
-0.00569712
-0.000533556
-0.000560446
-0.00225732
-0.000556676
-0.000532007
0.00208934
-0.000266034
0.00500611
0.000332058
-0.000239701
0.00528439
0.000518109
-0.000405404
0.00516501
0.000560444
-0.000518104
0.00358706
0.000287636
-0.000533554
-0.00225734
1.52392e-09
-0.000391274
-0.00752641
-0.000287636
-0.000391234
-0.00752643
-0.000560445
-0.000533556
-0.00225732
-0.00051811
-0.000518108
0.00358707
-0.000332058
-0.000405405
0.00516501
-0.000239702
0.0052844
0.000240166
-0.000157978
0.00518315
0.000405418
-0.000240163
0.00543174
0.000532052
-0.00033206
0.00516498
0.000419198
-0.000556686
0.00208936
1.05667e-08
-0.000400943
-0.00428572
-0.000419145
-0.000400869
-0.00428587
-0.00053202
-0.000556679
0.00208934
-0.000405409
-0.000332059
0.005165
-0.000240163
-0.000240162
0.00543175
-0.000157978
0.00518315
0.000157979
0.0050994
0.000239704
0.00518315
0.000266041
0.00528439
9.169e-05
0.00500611
-7.24638e-09
0.00253539
-9.16869e-05
0.00253543
-0.000266036
0.00500611
-0.000239703
0.0052844
-0.000157978
0.00518315
0.0050994
0.000172934
0.000172934
0.00475353
0.000267559
0.000264092
0.00482443
0.000305127
0.000363214
0.00488361
0.000127129
0.000613176
0.00457093
-3.37388e-09
0.000482381
0.00218012
-0.000127128
0.000482367
0.00218017
-0.000305123
0.000613175
0.00457093
-0.000267558
0.000363216
0.00488361
-0.000172933
0.000264092
0.00482443
0.000172934
0.00475353
0.000264092
0.000267559
0.00482443
0.000455254
0.000455255
0.00504941
0.000602707
0.000581278
0.00479946
0.000474547
0.000690662
0.00214002
1.78906e-08
0.000517327
-0.0038461
-0.000474535
0.000517296
-0.00384623
-0.000602706
0.000690658
0.00214002
-0.000455252
0.000581281
0.00479948
-0.000264091
0.000455256
0.00504941
0.00026756
0.00482443
0.000363214
0.000305128
0.0048836
0.000581278
0.000602707
0.00479945
0.000658409
0.000658408
0.00343279
0.000383239
0.000501714
-0.00179323
1.55032e-10
0.000454834
-0.00708068
-0.000383243
0.000454822
-0.00708072
-0.000658412
0.000501714
-0.00179322
-0.000581279
0.000658411
0.0034328
-0.000363215
0.000602708
0.00479946
0.000305128
0.00488361
0.000613177
0.000127129
0.00457093
0.000690662
0.00047455
0.00214003
0.000501715
0.000383238
-0.00179323
0.000296634
0.000296634
-0.00528698
3.25423e-10
0.000290616
-0.00921541
-0.000296635
0.000290614
-0.00921541
-0.000501715
0.000296634
-0.00528697
-0.000690663
0.00038324
-0.00179323
-0.000613178
0.000474551
0.00214003
0.000127129
0.00457093
0.000482383
-4.94081e-09
0.00218011
0.000517333
2.77962e-08
-0.00384607
0.000454836
3.75803e-11
-0.00708067
0.000290616
4.69631e-10
-0.00921541
2.6772e-10
6.01275e-10
-0.010875
-0.000290617
3.27541e-10
-0.010875
-0.000454834
2.89744e-11
-0.00921541
-0.000517325
-1.7918e-11
-0.00708068
-0.000482379
2.51641e-08
-0.0038461
-4.28793e-09
0.00218013
0.000482364
-0.000127127
0.00218019
0.00051729
-0.000474532
-0.00384627
0.000454821
-0.000383246
-0.00708071
0.000290614
-0.000296635
-0.00921541
-3.08912e-11
-0.000290616
-0.010875
-0.000290615
-0.000290615
-0.010875
-0.00045482
-0.000296635
-0.0092154
-0.000517287
-0.000383247
-0.00708071
-0.000482361
-0.000474535
-0.00384628
-0.000127126
0.0021802
0.000613174
-0.000305122
0.00457093
0.000690657
-0.000602706
0.00214003
0.000501714
-0.000658413
-0.00179321
0.000296634
-0.000501715
-0.00528697
-9.6809e-11
-0.000454832
-0.00921541
-0.000296635
-0.000454822
-0.00921541
-0.000501714
-0.000501715
-0.00528696
-0.000690658
-0.000658416
-0.00179321
-0.000613176
-0.000602707
0.00214003
-0.000305122
0.00457093
0.000363216
-0.000267558
0.00488361
0.000581282
-0.000455251
0.00479948
0.000658412
-0.00058128
0.0034328
0.000383241
-0.000690663
-0.00179322
1.03975e-10
-0.00051732
-0.00708068
-0.000383245
-0.000517292
-0.00708072
-0.000658415
-0.000690659
-0.00179321
-0.000581283
-0.000581282
0.0034328
-0.000363217
-0.000455252
0.00479949
-0.000267558
0.00488362
0.000264092
-0.000172933
0.00482443
0.000455256
-0.00026409
0.00504942
0.000602708
-0.000363215
0.00479946
0.000474548
-0.000613178
0.00214003
1.53964e-08
-0.000482377
-0.00384613
-0.000474537
-0.000482365
-0.00384625
-0.000602707
-0.000613177
0.00214003
-0.000455253
-0.000363217
0.00479948
-0.000264091
-0.00026409
0.00504942
-0.000172933
0.00482443
0.000172934
0.00475353
0.00026756
0.00482443
0.000305127
0.00488361
0.000127129
0.00457093
-2.77272e-09
0.00218014
-0.000127127
0.00218019
-0.000305124
0.00457093
-0.000267559
0.00488361
-0.000172933
0.00482443
0.00475353
0.000182416
0.000182416
0.00438869
0.000284224
0.000278443
0.00444418
0.000327338
0.000378476
0.00446201
0.000148062
0.000638698
0.00411151
9.24624e-10
0.000516756
0.00181143
-0.000148062
0.000516793
0.00181144
-0.000327338
0.000638699
0.00411151
-0.000284224
0.000378479
0.00446202
-0.000182416
0.000278444
0.00444418
0.000182417
0.00438869
0.000278443
0.000284224
0.00444418
0.000483184
0.000483183
0.00463993
0.000633717
0.000616054
0.00441134
0.000491735
0.00079316
0.00212754
6.20484e-09
0.000596228
-0.00343384
-0.000491761
0.000596228
-0.0034339
-0.000633736
0.000793155
0.00212754
-0.000483187
0.000616055
0.00441135
-0.000278444
0.000483185
0.00463993
0.000284225
0.00444418
0.000378476
0.000327338
0.00446201
0.000616055
0.000633713
0.00441134
0.000712013
0.000712012
0.00324088
0.000443529
0.000652698
-0.00138429
8.51273e-10
0.000527872
-0.00656879
-0.000443532
0.000527866
-0.00656882
-0.000712015
0.000652699
-0.00138428
-0.000616055
0.000712014
0.00324088
-0.000378477
0.00063372
0.00441135
0.000327339
0.00446201
0.000638698
0.000148062
0.00411151
0.000793161
0.00049173
0.00212755
0.000652699
0.000443528
-0.00138429
0.000403088
0.000403088
-0.00478776
-2.24679e-10
0.000335816
-0.00862027
-0.000403092
0.000335815
-0.00862027
-0.000652701
0.000403089
-0.00478775
-0.000793161
0.00044353
-0.00138428
-0.000638699
0.000491741
0.00212755
0.000148064
0.0041115
0.000516749
1.4457e-09
0.00181142
0.000596229
1.00753e-08
-0.00343383
0.000527873
7.55478e-10
-0.00656879
0.000335816
1.63783e-12
-0.00862027
-2.29489e-10
-7.09818e-11
-0.0102034
-0.000335818
-1.85357e-10
-0.0102034
-0.000527872
-2.12621e-10
-0.00862026
-0.00059623
6.73335e-10
-0.00656879
-0.00051676
9.02026e-09
-0.00343384
1.49029e-09
0.00181143
0.000516804
-0.000148062
0.00181145
0.000596229
-0.000491768
-0.00343392
0.000527866
-0.000443533
-0.00656882
0.000335815
-0.000403091
-0.00862027
-3.50233e-10
-0.000335817
-0.0102034
-0.000335816
-0.000335816
-0.0102034
-0.000527866
-0.000403092
-0.00862026
-0.00059623
-0.000443534
-0.00656882
-0.00051681
-0.000491776
-0.00343392
-0.000148064
0.00181146
0.0006387
-0.000327337
0.00411151
0.000793154
-0.000633742
0.00212755
0.000652699
-0.000712015
-0.00138428
0.000403089
-0.000652701
-0.00478775
-4.41708e-10
-0.000527871
-0.00862026
-0.000403092
-0.000527866
-0.00862026
-0.000652701
-0.000652701
-0.00478775
-0.000793155
-0.000712017
-0.00138427
-0.000638701
-0.000633746
0.00212755
-0.000327338
0.00411151
0.00037848
-0.000284223
0.00446202
0.000616055
-0.000483187
0.00441135
0.000712015
-0.000616055
0.00324088
0.000443531
-0.000793161
-0.00138428
7.61585e-10
-0.00059623
-0.00656879
-0.000443533
-0.000596229
-0.00656882
-0.000712016
-0.000793156
-0.00138427
-0.000616055
-0.000616056
0.00324088
-0.000378481
-0.000483189
0.00441136
-0.000284224
0.00446202
0.000278444
-0.000182416
0.00444418
0.000483186
-0.000278444
0.00463993
0.000633724
-0.000378478
0.00441135
0.000491746
-0.0006387
0.00212755
5.25856e-09
-0.000516767
-0.00343385
-0.000491768
-0.000516799
-0.0034339
-0.00063374
-0.000638701
0.00212755
-0.000483188
-0.00037848
0.00441135
-0.000278445
-0.000278445
0.00463993
-0.000182416
0.00444418
0.000182417
0.0043887
0.000284225
0.00444418
0.000327339
0.00446202
0.000148064
0.00411151
9.48146e-10
0.00181144
-0.000148064
0.00181145
-0.000327339
0.00411151
-0.000284225
0.00446202
-0.000182417
0.00444418
0.0043887
0.000186057
0.000186057
0.00401658
0.000290216
0.000282412
0.0040576
0.000334377
0.000378212
0.00403964
0.000155965
0.000636794
0.00365312
1.04079e-09
0.000496702
0.00147069
-0.000155965
0.000496723
0.00147069
-0.000334377
0.000636796
0.00365312
-0.000290216
0.000378214
0.00403964
-0.000186057
0.000282413
0.00405761
0.000186057
0.00401658
0.000282412
0.000290216
0.0040576
0.000489725
0.000489724
0.0042253
0.000622144
0.000629051
0.00402809
0.000466269
0.000837386
0.00208283
2.16607e-09
0.000616055
-0.00308693
-0.000466286
0.000616056
-0.00308695
-0.000622158
0.000837384
0.00208283
-0.000489728
0.00062905
0.00402809
-0.000282414
0.000489725
0.0042253
0.000290217
0.00405761
0.000378212
0.000334376
0.00403964
0.000629051
0.000622141
0.00402809
0.000732065
0.000732064
0.00303485
0.000471673
0.000720264
-0.00100677
6.06896e-10
0.000558129
-0.0060392
-0.00047168
0.000558126
-0.00603921
-0.000732068
0.000720263
-0.00100677
-0.000629051
0.000732063
0.00303485
-0.000378213
0.000622146
0.00402809
0.000334377
0.00403964
0.000636794
0.000155965
0.00365312
0.000837386
0.000466265
0.00208283
0.000720264
0.000471672
-0.00100677
0.000454818
0.000454818
-0.00425687
-7.65963e-10
0.000359146
-0.00796646
-0.000454821
0.000359144
-0.00796646
-0.000720265
0.000454818
-0.00425686
-0.000837385
0.000471673
-0.00100677
-0.000636793
0.000466273
0.00208283
0.000155967
0.00365312
0.000496696
1.56388e-09
0.00147069
0.000616054
3.67262e-09
-0.00308692
0.00055813
4.83036e-10
-0.00603919
0.000359146
-5.80991e-10
-0.00796646
-1.53097e-10
-1.39498e-10
-0.00948509
-0.000359147
-1.11068e-10
-0.00948509
-0.00055813
-3.87241e-10
-0.00796646
-0.000616057
4.336e-10
-0.00603919
-0.000496706
3.1661e-09
-0.00308692
1.56084e-09
0.00147069
0.000496728
-0.000155965
0.00147069
0.000616056
-0.00046629
-0.00308695
0.000558126
-0.00047168
-0.00603921
0.000359145
-0.000454821
-0.00796646
-1.25716e-10
-0.000359147
-0.00948509
-0.000359146
-0.000359145
-0.00948509
-0.000558127
-0.00045482
-0.00796646
-0.000616059
-0.000471681
-0.0060392
-0.000496735
-0.000466296
-0.00308694
-0.000155966
0.00147069
0.000636796
-0.000334377
0.00365312
0.000837384
-0.000622161
0.00208283
0.000720264
-0.000732068
-0.00100677
0.000454819
-0.000720265
-0.00425686
-5.70252e-10
-0.00055813
-0.00796646
-0.000454821
-0.000558126
-0.00796646
-0.000720264
-0.000720264
-0.00425686
-0.000837383
-0.000732067
-0.00100677
-0.000636795
-0.000622165
0.00208283
-0.000334378
0.00365312
0.000378214
-0.000290216
0.00403965
0.00062905
-0.000489728
0.00402809
0.000732064
-0.000629051
0.00303485
0.000471675
-0.000837385
-0.00100677
5.54947e-10
-0.000616058
-0.00603919
-0.00047168
-0.00061606
-0.00603921
-0.000732067
-0.000837383
-0.00100677
-0.00062905
-0.00062905
0.00303485
-0.000378215
-0.000489729
0.00402809
-0.000290217
0.00403964
0.000282413
-0.000186057
0.00405761
0.000489726
-0.000282414
0.0042253
0.000622149
-0.000378213
0.00402809
0.000466276
-0.000636793
0.00208283
1.76783e-09
-0.000496711
-0.00308692
-0.000466292
-0.00049673
-0.00308694
-0.000622162
-0.000636795
0.00208283
-0.000489729
-0.000378215
0.00402809
-0.000282414
-0.000282414
0.0042253
-0.000186057
0.00405761
0.000186057
0.00401658
0.000290217
0.00405761
0.000334378
0.00403964
0.000155967
0.00365312
1.01891e-09
0.00147069
-0.000155967
0.00147069
-0.000334378
0.00365312
-0.000290217
0.00403964
-0.000186057
0.00405761
0.00401658
0.000184464
0.000184464
0.00364765
0.000287202
0.000277982
0.00367688
0.000329312
0.000367153
0.00363038
0.000157233
0.000609584
0.00321562
4.07515e-10
0.000466149
0.00116177
-0.000157233
0.000466156
0.00116177
-0.000329313
0.000609585
0.00321562
-0.000287202
0.000367153
0.00363038
-0.000184464
0.000277983
0.00367689
0.000184465
0.00364765
0.000277982
0.000287202
0.00367688
0.000480199
0.000480198
0.00382087
0.000596902
0.000616852
0.00366168
0.000436367
0.000838832
0.00201412
-2.87592e-10
0.00060597
-0.00279038
-0.000436374
0.000605971
-0.00279039
-0.000596908
0.000838831
0.00201412
-0.000480201
0.000616851
0.00366168
-0.000277983
0.000480199
0.00382087
0.000287202
0.00367688
0.000367153
0.000329312
0.00363038
0.000616852
0.0005969
0.00366168
0.000721036
0.000721036
0.00282648
0.000478059
0.000746816
-0.000671781
1.90949e-10
0.000554936
-0.0055101
-0.000478064
0.000554932
-0.00551011
-0.000721038
0.000746815
-0.000671779
-0.000616853
0.000721034
0.00282648
-0.000367153
0.000596903
0.00366168
0.000329312
0.00363038
0.000609584
0.000157233
0.00321562
0.000838832
0.000436365
0.00201412
0.000746816
0.000478059
-0.000671781
0.000480368
0.000480368
-0.00372397
-5.52276e-10
0.000367752
-0.00729891
-0.000480369
0.000367751
-0.00729892
-0.000746816
0.000480368
-0.00372397
-0.000838832
0.000478059
-0.00067178
-0.000609583
0.000436367
0.00201412
0.000157233
0.00321562
0.000466148
6.74742e-10
0.00116177
0.00060597
5.987e-11
-0.00279038
0.000554936
-8.12314e-11
-0.0055101
0.000367753
-4.97832e-10
-0.00729891
2.87395e-10
1.54659e-10
-0.00874959
-0.000367753
2.39893e-10
-0.00874959
-0.000554936
-4.12793e-11
-0.00729891
-0.000605971
3.98567e-11
-0.0055101
-0.000466151
-6.68976e-11
-0.00279037
6.98558e-10
0.00116177
0.000466157
-0.000157233
0.00116177
0.00060597
-0.000436376
-0.00279039
0.000554933
-0.000478064
-0.00551011
0.000367752
-0.00048037
-0.00729891
3.58258e-10
-0.000367753
-0.00874959
-0.000367752
-0.000367752
-0.00874959
-0.000554933
-0.000480369
-0.00729891
-0.000605971
-0.000478063
-0.0055101
-0.000466159
-0.000436377
-0.00279038
-0.000157234
0.00116177
0.000609585
-0.000329313
0.00321562
0.000838831
-0.000596909
0.00201412
0.000746816
-0.000721038
-0.000671778
0.000480368
-0.000746816
-0.00372397
-8.98904e-11
-0.000554935
-0.00729891
-0.000480369
-0.000554933
-0.00729891
-0.000746815
-0.000746815
-0.00372397
-0.000838831
-0.000721036
-0.000671777
-0.000609584
-0.000596911
0.00201412
-0.000329313
0.00321562
0.000367154
-0.000287202
0.00363038
0.000616851
-0.000480201
0.00366168
0.000721035
-0.000616853
0.00282648
0.00047806
-0.000838832
-0.000671779
3.09659e-10
-0.000605971
-0.0055101
-0.000478064
-0.000605972
-0.0055101
-0.000721036
-0.000838831
-0.000671777
-0.000616852
-0.000616852
0.00282648
-0.000367154
-0.000480201
0.00366168
-0.000287202
0.00363038
0.000277983
-0.000184464
0.00367689
0.000480199
-0.000277983
0.00382087
0.000596904
-0.000367153
0.00366168
0.000436369
-0.000609584
0.00201412
-3.22815e-10
-0.000466152
-0.00279037
-0.000436375
-0.000466158
-0.00279038
-0.00059691
-0.000609584
0.00201412
-0.000480201
-0.000367154
0.00366168
-0.000277984
-0.000277984
0.00382087
-0.000184465
0.00367689
0.000184465
0.00364765
0.000287202
0.00367689
0.000329313
0.00363038
0.000157234
0.00321562
4.28579e-10
0.00116177
-0.000157234
0.00116177
-0.000329313
0.00321562
-0.000287202
0.00363038
-0.000184465
0.00367689
0.00364765
0.000178745
0.000178745
0.00329016
0.000277365
0.000267572
0.00331069
0.000315498
0.000349226
0.00324302
0.000152814
0.000569192
0.00280911
1.44772e-10
0.000429883
0.000884702
-0.000152815
0.000429883
0.000884698
-0.000315499
0.000569192
0.00280911
-0.000277365
0.000349226
0.00324302
-0.000178745
0.000267572
0.00331069
0.000178745
0.00329016
0.000267572
0.000277365
0.00331069
0.000459577
0.000459577
0.00343686
0.000562475
0.000591502
0.00331651
0.000401791
0.00082043
0.00192356
-2.37475e-10
0.000573366
-0.00253207
-0.000401794
0.000573366
-0.00253208
-0.000562476
0.000820429
0.00192356
-0.000459578
0.000591501
0.00331651
-0.000267572
0.000459577
0.00343686
0.000277365
0.00331069
0.000349226
0.000315498
0.00324302
0.000591502
0.000562474
0.00331651
0.000695503
0.000695503
0.00261848
0.000474955
0.00075252
-0.000383322
3.6177e-11
0.000531988
-0.00499377
-0.000474957
0.000531986
-0.00499377
-0.000695503
0.000752518
-0.000383322
-0.000591502
0.000695502
0.00261848
-0.000349226
0.000562474
0.00331651
0.000315498
0.00324302
0.000569192
0.000152814
0.00280911
0.000820431
0.000401791
0.00192356
0.00075252
0.000474955
-0.000383322
0.000494799
0.000494799
-0.00320853
1.87266e-10
0.000367109
-0.00663923
-0.000494799
0.000367108
-0.00663924
-0.000752519
0.000494798
-0.00320853
-0.00082043
0.000474954
-0.000383322
-0.000569191
0.00040179
0.00192356
0.000152814
0.00280911
0.000429884
3.56563e-10
0.000884703
0.000573367
-7.33912e-11
-0.00253207
0.000531989
-2.46087e-11
-0.00499377
0.000367109
1.85954e-10
-0.00663923
5.17424e-10
3.73849e-10
-0.00801537
-0.000367109
3.0476e-10
-0.00801537
-0.000531988
4.26874e-10
-0.00663923
-0.000573367
1.24631e-10
-0.00499376
-0.000429882
-9.22914e-11
-0.00253207
3.81397e-10
0.000884706
0.000429883
-0.000152815
0.000884698
0.000573365
-0.000401795
-0.00253208
0.000531987
-0.000474957
-0.00499377
0.000367108
-0.000494799
-0.00663924
4.47301e-10
-0.000367109
-0.00801537
-0.000367109
-0.000367108
-0.00801537
-0.000531987
-0.000494798
-0.00663924
-0.000573366
-0.000474955
-0.00499377
-0.000429881
-0.000401794
-0.00253207
-0.000152815
0.0008847
0.000569192
-0.000315499
0.00280911
0.000820429
-0.000562477
0.00192356
0.000752519
-0.000695503
-0.000383321
0.000494798
-0.000752519
-0.00320853
4.2217e-10
-0.000531988
-0.00663923
-0.000494798
-0.000531986
-0.00663924
-0.000752518
-0.000752518
-0.00320853
-0.000820429
-0.000695501
-0.00038332
-0.000569191
-0.000562476
0.00192356
-0.0003155
0.00280911
0.000349226
-0.000277365
0.00324302
0.000591501
-0.000459579
0.00331651
0.000695502
-0.000591502
0.00261848
0.000474954
-0.00082043
-0.000383321
1.81987e-10
-0.000573366
-0.00499376
-0.000474956
-0.000573366
-0.00499377
-0.000695502
-0.000820429
-0.00038332
-0.000591501
-0.000591502
0.00261848
-0.000349226
-0.000459578
0.00331651
-0.000277365
0.00324302
0.000267572
-0.000178745
0.00331069
0.000459577
-0.000267572
0.00343686
0.000562474
-0.000349226
0.00331651
0.00040179
-0.000569191
0.00192356
-2.28937e-10
-0.000429882
-0.00253207
-0.000401793
-0.000429881
-0.00253207
-0.000562476
-0.000569191
0.00192356
-0.000459578
-0.000349226
0.00331651
-0.000267572
-0.000267572
0.00343686
-0.000178745
0.00331069
0.000178745
0.00329016
0.000277365
0.00331069
0.000315499
0.00324302
0.000152814
0.00280911
1.75691e-10
0.000884705
-0.000152815
0.000884701
-0.000315499
0.00280911
-0.000277365
0.00324302
-0.000178746
0.00331069
0.00329016
0.000170065
0.000170065
0.00295003
0.00026293
0.000252869
0.00296496
0.000296523
0.00032654
0.00288289
0.000145484
0.000523202
0.00243695
-1.82911e-11
0.000386123
0.000644063
-0.000145485
0.000386121
0.000644062
-0.000296524
0.000523201
0.00243695
-0.00026293
0.00032654
0.00288289
-0.000170065
0.000252869
0.00296496
0.000170065
0.00295003
0.000252869
0.00026293
0.00296496
0.000431637
0.000431636
0.00307932
0.000521713
0.000558977
0.002994
0.000365512
0.000789336
0.00181363
3.0811e-10
0.000526133
-0.00230657
-0.000365513
0.000526132
-0.00230657
-0.000521714
0.000789335
0.00181363
-0.000431637
0.000558976
0.002994
-0.000252869
0.000431636
0.00307932
0.00026293
0.00296496
0.00032654
0.000296523
0.00288289
0.000558977
0.000521713
0.002994
0.000661169
0.000661169
0.00241409
0.0004648
0.000741726
-0.000139342
7.64908e-11
0.000497307
-0.00450014
-0.0004648
0.000497306
-0.00450015
-0.000661169
0.000741724
-0.000139342
-0.000558977
0.000661168
0.00241409
-0.00032654
0.000521711
0.002994
0.000296523
0.00288289
0.000523202
0.000145484
0.00243695
0.000789336
0.000365512
0.00181363
0.000741726
0.000464799
-0.000139342
0.000499052
0.000499051
-0.00272318
5.38634e-10
0.000358742
-0.00600162
-0.000499051
0.000358741
-0.00600162
-0.000741725
0.000499051
-0.00272318
-0.000789335
0.000464799
-0.000139342
-0.000523201
0.000365511
0.00181363
0.000145484
0.00243695
0.000386123
1.64542e-10
0.000644064
0.000526133
7.45218e-10
-0.00230657
0.000497307
8.91935e-11
-0.00450014
0.000358742
4.93441e-10
-0.00600162
7.05347e-10
5.69302e-10
-0.00729789
-0.000358742
4.57403e-10
-0.00729789
-0.000497307
4.8137e-10
-0.00600162
-0.000526133
1.24511e-10
-0.00450014
-0.000386121
7.15252e-10
-0.00230657
1.96697e-10
0.000644068
0.000386121
-0.000145485
0.000644062
0.000526131
-0.000365513
-0.00230657
0.000497306
-0.0004648
-0.00450014
0.000358741
-0.000499051
-0.00600162
5.93365e-10
-0.000358742
-0.00729789
-0.000358741
-0.000358741
-0.00729789
-0.000497306
-0.000499051
-0.00600162
-0.000526132
-0.0004648
-0.00450014
-0.000386119
-0.000365511
-0.00230657
-0.000145485
0.000644066
0.000523201
-0.000296524
0.00243695
0.000789335
-0.000521714
0.00181363
0.000741724
-0.000661169
-0.000139341
0.000499051
-0.000741725
-0.00272318
5.24707e-10
-0.000497307
-0.00600162
-0.000499051
-0.000497306
-0.00600162
-0.000741724
-0.000741723
-0.00272318
-0.000789334
-0.000661168
-0.000139341
-0.0005232
-0.000521712
0.00181363
-0.000296524
0.00243695
0.00032654
-0.00026293
0.00288289
0.000558976
-0.000431637
0.002994
0.000661168
-0.000558977
0.00241409
0.000464799
-0.000789335
-0.000139341
1.04715e-10
-0.000526133
-0.00450014
-0.0004648
-0.000526132
-0.00450014
-0.000661168
-0.000789334
-0.000139341
-0.000558976
-0.000558976
0.00241409
-0.000326539
-0.000431636
0.00299399
-0.00026293
0.00288289
0.000252869
-0.000170065
0.00296496
0.000431636
-0.000252869
0.00307932
0.000521711
-0.00032654
0.002994
0.000365511
-0.000523201
0.00181363
2.76641e-10
-0.000386121
-0.00230657
-0.000365511
-0.00038612
-0.00230657
-0.000521712
-0.0005232
0.00181363
-0.000431636
-0.000326539
0.00299399
-0.000252869
-0.000252869
0.00307932
-0.000170065
0.00296496
0.000170065
0.00295003
0.00026293
0.00296496
0.000296523
0.00288289
0.000145484
0.00243695
2.26007e-11
0.000644068
-0.000145485
0.000644067
-0.000296524
0.00243695
-0.00026293
0.00288289
-0.000170065
0.00296496
0.00295003
0.000159485
0.000159485
0.00263106
0.000245832
0.000235297
0.00264332
0.000275626
0.000300953
0.00255214
0.000138146
0.000474665
0.00209976
-1.59704e-10
0.000339031
0.000443178
-0.000138147
0.000339031
0.000443178
-0.000275627
0.000474664
0.00209976
-0.000245832
0.000300952
0.00255214
-0.000159485
0.000235296
0.00264332
0.000159485
0.00263106
0.000235297
0.000245832
0.00264332
0.00039968
0.00039968
0.00275056
0.000478217
0.000522164
0.00269425
0.00032993
0.00074578
0.0016908
1.42673e-10
0.000473035
-0.00211065
-0.000329931
0.000473035
-0.00211065
-0.000478216
0.000745778
0.0016908
-0.000399681
0.000522163
0.00269425
-0.000235297
0.000399679
0.00275056
0.000245832
0.00264332
0.000300953
0.000275626
0.00255214
0.000522164
0.000478217
0.00269425
0.000621161
0.000621161
0.0022161
0.000450945
0.000717775
5.88778e-05
1.23986e-10
0.000456447
-0.00403261
-0.000450946
0.000456447
-0.00403261
-0.00062116
0.000717774
5.88773e-05
-0.000522164
0.00062116
0.0022161
-0.000300952
0.000478215
0.00269425
0.000275626
0.00255214
0.000474665
0.000138146
0.00209976
0.00074578
0.00032993
0.0016908
0.000717775
0.000450945
5.8878e-05
0.000494053
0.000494053
-0.00227574
6.14847e-10
0.000344684
-0.0053958
-0.000494053
0.000344683
-0.0053958
-0.000717775
0.000494052
-0.00227574
-0.000745779
0.000450944
5.88781e-05
-0.000474664
0.000329929
0.0016908
0.000138145
0.00209977
0.000339031
-9.29114e-11
0.000443178
0.000473035
4.19099e-10
-0.00211065
0.000456447
1.59718e-10
-0.00403261
0.000344684
5.61114e-10
-0.0053958
5.67749e-10
4.3542e-10
-0.00660852
-0.000344684
3.72416e-10
-0.00660852
-0.000456448
5.30304e-10
-0.0053958
-0.000473035
1.52776e-10
-0.00403261
-0.000339031
4.21773e-10
-0.00211064
-6.63039e-11
0.000443183
0.000339031
-0.000138147
0.000443178
0.000473034
-0.00032993
-0.00211065
0.000456447
-0.000450945
-0.00403261
0.000344683
-0.000494053
-0.0053958
5.04181e-10
-0.000344684
-0.00660852
-0.000344683
-0.000344683
-0.00660852
-0.000456447
-0.000494052
-0.0053958
-0.000473034
-0.000450945
-0.00403261
-0.00033903
-0.000329929
-0.00211065
-0.000138146
0.000443183
0.000474664
-0.000275627
0.00209976
0.000745778
-0.000478216
0.0016908
0.000717774
-0.00062116
5.88779e-05
0.000494052
-0.000717775
-0.00227574
5.82878e-10
-0.000456447
-0.0053958
-0.000494052
-0.000456447
-0.0053958
-0.000717773
-0.000717773
-0.00227574
-0.000745778
-0.000621159
5.88779e-05
-0.000474664
-0.000478215
0.0016908
-0.000275626
0.00209977
0.000300952
-0.000245832
0.00255214
0.000522163
-0.000399681
0.00269425
0.00062116
-0.000522163
0.0022161
0.000450945
-0.000745779
5.88783e-05
1.11072e-10
-0.000473035
-0.00403261
-0.000450945
-0.000473034
-0.00403261
-0.000621159
-0.000745778
5.88778e-05
-0.000522162
-0.000522162
0.0022161
-0.000300952
-0.00039968
0.00269425
-0.000245832
0.00255214
0.000235296
-0.000159485
0.00264332
0.00039968
-0.000235297
0.00275056
0.000478215
-0.000300952
0.00269425
0.000329929
-0.000474664
0.0016908
1.39669e-10
-0.000339031
-0.00211064
-0.000329929
-0.00033903
-0.00211064
-0.000478215
-0.000474664
0.0016908
-0.00039968
-0.000300952
0.00269425
-0.000235296
-0.000235296
0.00275056
-0.000159485
0.00264332
0.000159485
0.00263106
0.000245832
0.00264332
0.000275626
0.00255214
0.000138146
0.00209977
-1.2966e-10
0.000443183
-0.000138146
0.000443183
-0.000275626
0.00209977
-0.000245832
0.00255214
-0.000159485
0.00264332
0.00263106
0.00014787
0.00014787
0.00233532
0.000227386
0.000216315
0.00234748
0.000254137
0.000274474
0.00225091
0.00013041
0.000425261
0.00179823
-1.82968e-10
0.00029466
0.000278928
-0.000130411
0.00029466
0.000278928
-0.000254138
0.000425261
0.00179823
-0.000227386
0.000274473
0.00225091
-0.00014787
0.000216315
0.00234748
0.00014787
0.00233532
0.000216315
0.000227386
0.00234748
0.000366538
0.000366538
0.00245011
0.000435139
0.000481698
0.00241842
0.000296485
0.000692801
0.00156191
-1.00556e-10
0.000416464
-0.00193596
-0.000296486
0.000416464
-0.00193596
-0.000435139
0.0006928
0.00156191
-0.000366538
0.000481698
0.00241842
-0.000216315
0.000366537
0.00245011
0.000227385
0.00234748
0.000274474
0.000254137
0.00225091
0.000481698
0.000435139
0.00241842
0.000576341
0.000576341
0.00202682
0.000431511
0.000682021
0.000214488
2.92908e-11
0.000413253
-0.00359789
-0.000431511
0.000413252
-0.00359789
-0.000576341
0.00068202
0.000214487
-0.000481698
0.00057634
0.00202682
-0.000274473
0.000435138
0.00241842
0.000254137
0.00225091
0.000425261
0.00013041
0.00179823
0.000692801
0.000296485
0.00156191
0.000682021
0.000431511
0.000214488
0.000480356
0.000480356
-0.00187241
5.54809e-10
0.000327475
-0.00482967
-0.000480356
0.000327474
-0.00482967
-0.000682021
0.000480355
-0.00187241
-0.000692801
0.000431511
0.000214488
-0.000425261
0.000296484
0.00156191
0.00013041
0.00179823
0.00029466
-1.34962e-10
0.000278928
0.000416464
-4.22834e-11
-0.00193596
0.000413253
6.62684e-11
-0.00359789
0.000327475
5.05235e-10
-0.00482967
4.89718e-10
3.68227e-10
-0.00595357
-0.000327475
3.39416e-10
-0.00595357
-0.000413253
4.74702e-10
-0.00482967
-0.000416464
7.07282e-11
-0.00359789
-0.000294661
-2.39349e-11
-0.00193596
-1.06307e-10
0.000278931
0.000294661
-0.000130411
0.000278928
0.000416464
-0.000296486
-0.00193596
0.000413252
-0.000431511
-0.00359789
0.000327475
-0.000480356
-0.00482967
4.59776e-10
-0.000327475
-0.00595357
-0.000327474
-0.000327474
-0.00595357
-0.000413252
-0.000480355
-0.00482967
-0.000416464
-0.000431511
-0.00359789
-0.000294661
-0.000296485
-0.00193596
-0.00013041
0.000278931
0.000425261
-0.000254138
0.00179823
0.0006928
-0.000435139
0.00156191
0.00068202
-0.000576341
0.000214487
0.000480356
-0.000682021
-0.00187241
5.23645e-10
-0.000413253
-0.00482967
-0.000480355
-0.000413252
-0.00482967
-0.00068202
-0.00068202
-0.00187241
-0.0006928
-0.00057634
0.000214487
-0.000425261
-0.000435138
0.00156191
-0.000254137
0.00179823
0.000274473
-0.000227386
0.00225091
0.000481698
-0.000366538
0.00241842
0.00057634
-0.000481698
0.00202682
0.000431511
-0.000692801
0.000214488
3.07031e-11
-0.000416464
-0.00359789
-0.000431511
-0.000416464
-0.00359789
-0.00057634
-0.0006928
0.000214487
-0.000481697
-0.000481697
0.00202682
-0.000274473
-0.000366538
0.00241842
-0.000227386
0.00225091
0.000216315
-0.00014787
0.00234749
0.000366537
-0.000216315
0.00245011
0.000435138
-0.000274473
0.00241842
0.000296484
-0.000425261
0.00156191
-8.21935e-11
-0.000294661
-0.00193596
-0.000296485
-0.000294661
-0.00193596
-0.000435138
-0.000425261
0.00156191
-0.000366538
-0.000274473
0.00241842
-0.000216315
-0.000216315
0.00245011
-0.00014787
0.00234749
0.00014787
0.00233532
0.000227386
0.00234748
0.000254137
0.00225091
0.00013041
0.00179823
-1.52162e-10
0.000278931
-0.00013041
0.000278932
-0.000254137
0.00179823
-0.000227386
0.00225091
-0.00014787
0.00234749
0.00233532
0.000135907
0.000135907
0.00206351
0.000208525
0.000197209
0.00207766
0.000232793
0.000248301
0.00197834
0.000122321
0.000376908
0.00153179
-1.58932e-10
0.000255375
0.000145874
-0.000122321
0.000255375
0.000145874
-0.000232794
0.000376908
0.00153179
-0.000208525
0.000248301
0.00197834
-0.000135907
0.000197209
0.00207766
0.000135907
0.00206351
0.000197209
0.000208524
0.00207766
0.000333944
0.000333944
0.00217664
0.000394915
0.000439521
0.00216623
0.000267288
0.00063413
0.00143232
-7.34296e-11
0.000362349
-0.00177565
-0.000267288
0.000362349
-0.00177565
-0.000394915
0.000634129
0.00143232
-0.000333944
0.000439521
0.00216623
-0.000197209
0.000333943
0.00217664
0.000208524
0.00207766
0.000248301
0.000232793
0.00197834
0.000439521
0.000394915
0.00216623
0.000529233
0.000529233
0.00184739
0.000406803
0.000637522
0.000333526
-5.60959e-12
0.000371859
-0.0032006
-0.000406803
0.000371859
-0.0032006
-0.000529233
0.000637521
0.000333525
-0.000439521
0.000529233
0.00184739
-0.000248301
0.000394914
0.00216623
0.000232793
0.00197835
0.000376908
0.000122321
0.00153179
0.00063413
0.000267288
0.00143232
0.000637522
0.000406803
0.000333526
0.000460126
0.000460126
-0.00151762
4.803e-10
0.000309347
-0.00430703
-0.000460126
0.000309346
-0.00430703
-0.000637522
0.000460125
-0.00151762
-0.00063413
0.000406803
0.000333526
-0.000376909
0.000267288
0.00143232
0.00012232
0.0015318
0.000255375
-1.20228e-10
0.000145874
0.000362349
-3.96628e-11
-0.00177565
0.000371859
1.66801e-11
-0.00320059
0.000309347
4.37329e-10
-0.00430703
4.14729e-10
3.08821e-10
-0.00533488
-0.000309346
2.88165e-10
-0.00533488
-0.000371859
4.11357e-10
-0.00430703
-0.000362349
2.32247e-11
-0.00320059
-0.000255376
-2.75292e-11
-0.00177565
-8.81088e-11
0.000145876
0.000255375
-0.000122321
0.000145874
0.000362349
-0.000267288
-0.00177565
0.000371859
-0.000406803
-0.0032006
0.000309346
-0.000460126
-0.00430703
3.93141e-10
-0.000309346
-0.00533488
-0.000309346
-0.000309346
-0.00533488
-0.000371859
-0.000460125
-0.00430703
-0.000362349
-0.000406803
-0.00320059
-0.000255376
-0.000267288
-0.00177565
-0.000122321
0.000145876
0.000376908
-0.000232794
0.00153179
0.000634129
-0.000394915
0.00143232
0.000637521
-0.000529233
0.000333525
0.000460125
-0.000637522
-0.00151762
4.53597e-10
-0.000371859
-0.00430703
-0.000460125
-0.000371859
-0.00430703
-0.000637521
-0.000637521
-0.00151762
-0.000634129
-0.000529232
0.000333525
-0.000376909
-0.000394915
0.00143232
-0.000232793
0.0015318
0.000248301
-0.000208525
0.00197834
0.000439521
-0.000333944
0.00216623
0.000529233
-0.000439521
0.00184739
0.000406803
-0.00063413
0.000333526
-2.6708e-12
-0.000362349
-0.00320059
-0.000406803
-0.000362349
-0.00320059
-0.000529232
-0.000634129
0.000333525
-0.00043952
-0.00043952
0.00184739
-0.000248301
-0.000333943
0.00216623
-0.000208524
0.00197835
0.000197209
-0.000135907
0.00207766
0.000333943
-0.000197209
0.00217664
0.000394914
-0.000248301
0.00216623
0.000267288
-0.000376909
0.00143232
-5.67088e-11
-0.000255376
-0.00177565
-0.000267288
-0.000255376
-0.00177565
-0.000394915
-0.000376909
0.00143232
-0.000333943
-0.000248301
0.00216623
-0.000197209
-0.000197209
0.00217664
-0.000135907
0.00207766
0.000135907
0.00206351
0.000208524
0.00207766
0.000232793
0.00197835
0.00012232
0.0015318
-1.25323e-10
0.000145876
-0.000122321
0.000145876
-0.000232793
0.0015318
-0.000208524
0.00197835
-0.000135907
0.00207766
0.00206351
0.000124078
0.000124078
0.00181535
0.000190068
0.000178704
0.00183296
0.000212623
0.000222961
0.00173283
0.000114756
0.000331218
0.00129844
-1.4233e-10
0.000220067
4.05623e-05
-0.000114756
0.000220067
4.05629e-05
-0.000212623
0.000331218
0.00129844
-0.000190069
0.00022296
0.00173283
-0.000124078
0.000178704
0.00183296
0.000124078
0.00181535
0.000178704
0.000190068
0.00183296
0.000302627
0.000302627
0.0019288
0.000358106
0.000397913
0.0019358
0.000242526
0.000574697
0.00130442
-5.69891e-11
0.000312597
-0.00162565
-0.000242526
0.000312597
-0.00162565
-0.000358106
0.000574696
0.00130442
-0.000302627
0.000397913
0.0019358
-0.000178705
0.000302627
0.0019288
0.000190068
0.00183296
0.000222961
0.000212623
0.00173283
0.000397913
0.000358106
0.0019358
0.000483013
0.000483013
0.00167719
0.000378501
0.000590109
0.000422625
-1.00098e-11
0.000335185
-0.00284468
-0.000378501
0.000335185
-0.00284468
-0.000483013
0.000590108
0.000422624
-0.000397913
0.000483013
0.00167719
-0.000222961
0.000358106
0.0019358
0.000212623
0.00173283
0.000331218
0.000114756
0.00129844
0.000574697
0.000242526
0.00130442
0.000590109
0.000378501
0.000422625
0.00043707
0.00043707
-0.00121154
3.68331e-10
0.000292193
-0.00382697
-0.00043707
0.000292192
-0.00382697
-0.000590109
0.00043707
-0.00121154
-0.000574697
0.000378501
0.000422626
-0.000331218
0.000242526
0.00130442
0.000114755
0.00129845
0.000220067
-1.19385e-10
4.05624e-05
0.000312597
-4.83351e-11
-0.00162565
0.000335185
-1.14514e-11
-0.00284468
0.000292193
3.42028e-10
-0.00382697
3.22082e-10
2.34638e-10
-0.00475049
-0.000292192
2.22069e-10
-0.00475049
-0.000335185
3.22169e-10
-0.00382697
-0.000312598
-7.94191e-12
-0.00284468
-0.000220067
-3.43126e-11
-0.00162565
-8.50063e-11
4.05639e-05
0.000220067
-0.000114756
4.0563e-05
0.000312597
-0.000242526
-0.00162565
0.000335185
-0.000378501
-0.00284468
0.000292193
-0.00043707
-0.00382697
3.08742e-10
-0.000292192
-0.00475049
-0.000292192
-0.000292192
-0.00475049
-0.000335185
-0.000437069
-0.00382697
-0.000312597
-0.000378501
-0.00284468
-0.000220067
-0.000242526
-0.00162565
-0.000114755
4.05644e-05
0.000331218
-0.000212623
0.00129844
0.000574696
-0.000358106
0.00130442
0.000590109
-0.000483013
0.000422625
0.00043707
-0.000590109
-0.00121154
3.47562e-10
-0.000335185
-0.00382697
-0.000437069
-0.000335185
-0.00382697
-0.000590109
-0.000590108
-0.00121154
-0.000574697
-0.000483013
0.000422625
-0.000331218
-0.000358106
0.00130442
-0.000212623
0.00129845
0.000222961
-0.000190069
0.00173283
0.000397913
-0.000302627
0.0019358
0.000483013
-0.000397913
0.00167719
0.000378501
-0.000574697
0.000422626
-8.74947e-12
-0.000312597
-0.00284468
-0.000378501
-0.000312597
-0.00284468
-0.000483013
-0.000574697
0.000422625
-0.000397913
-0.000397913
0.00167719
-0.000222961
-0.000302627
0.0019358
-0.000190068
0.00173283
0.000178704
-0.000124078
0.00183296
0.000302627
-0.000178705
0.0019288
0.000358106
-0.000222961
0.0019358
0.000242526
-0.000331218
0.00130442
-4.2784e-11
-0.000220067
-0.00162565
-0.000242526
-0.000220067
-0.00162565
-0.000358106
-0.000331218
0.00130442
-0.000302627
-0.00022296
0.0019358
-0.000178704
-0.000178704
0.0019288
-0.000124078
0.00183296
0.000124078
0.00181535
0.000190068
0.00183296
0.000212623
0.00173283
0.000114755
0.00129845
-1.06677e-10
4.0564e-05
-0.000114755
4.05645e-05
-0.000212623
0.00129845
-0.000190068
0.00173283
-0.000124078
0.00183296
0.00181535
0.000112702
0.000112702
0.00158995
0.000172596
0.000161335
0.00161173
0.000194189
0.000199087
0.00151215
0.000107966
0.000289424
0.00109524
-1.35019e-10
0.000188893
-4.03644e-05
-0.000107967
0.000188893
-4.03639e-05
-0.000194189
0.000289424
0.00109524
-0.000172597
0.000199087
0.00151215
-0.000112702
0.000161335
0.00161173
0.000112702
0.00158995
0.000161335
0.000172596
0.00161173
0.00027326
0.00027326
0.00170495
0.0003246
0.000358316
0.00172523
0.000221941
0.0005169
0.0011796
-5.83382e-11
0.000267611
-0.00148243
-0.000221941
0.000267611
-0.00148243
-0.0003246
0.0005169
0.0011796
-0.00027326
0.000358316
0.00172523
-0.000161335
0.00027326
0.00170495
0.000172596
0.00161173
0.000199087
0.000194189
0.00151215
0.000358316
0.0003246
0.00172523
0.000438285
0.000438285
0.00151725
0.000349968
0.000543792
0.00048405
-1.01956e-11
0.000304122
-0.00253122
-0.000349968
0.000304122
-0.00253122
-0.000438285
0.000543792
0.000484049
-0.000358316
0.000438285
0.00151726
-0.000199087
0.0003246
0.00172523
0.000194189
0.00151215
0.000289424
0.000107966
0.00109524
0.0005169
0.000221941
0.0011796
0.000543792
0.000349968
0.00048405
0.000415998
0.000415998
-0.000955948
2.34877e-10
0.00027712
-0.00338397
-0.000415997
0.00027712
-0.00338397
-0.000543792
0.000415997
-0.000955949
-0.0005169
0.000349968
0.000484051
-0.000289425
0.000221941
0.0011796
0.000107966
0.00109524
0.000188893
-1.26425e-10
-4.03644e-05
0.000267611
-7.76025e-11
-0.00148243
0.000304122
-2.98226e-11
-0.00253122
0.00027712
2.32285e-10
-0.00338397
2.29447e-10
1.59117e-10
-0.00419625
-0.00027712
1.52535e-10
-0.00419625
-0.000304122
2.18032e-10
-0.00338397
-0.000267611
-3.2227e-11
-0.00253122
-0.000188893
-6.56063e-11
-0.00148243
-9.33669e-11
-4.03632e-05
0.000188893
-0.000107967
-4.03639e-05
0.000267611
-0.000221941
-0.00148243
0.000304122
-0.000349968
-0.00253122
0.00027712
-0.000415997
-0.00338397
2.22267e-10
-0.00027712
-0.00419625
-0.00027712
-0.00027712
-0.00419625
-0.000304122
-0.000415997
-0.00338397
-0.000267611
-0.000349968
-0.00253122
-0.000188894
-0.000221941
-0.00148243
-0.000107966
-4.03628e-05
0.000289424
-0.000194189
0.00109524
0.0005169
-0.0003246
0.0011796
0.000543792
-0.000438285
0.000484049
0.000415997
-0.000543792
-0.000955949
2.19617e-10
-0.000304122
-0.00338397
-0.000415997
-0.000304122
-0.00338397
-0.000543792
-0.000543792
-0.000955949
-0.0005169
-0.000438285
0.00048405
-0.000289425
-0.0003246
0.0011796
-0.000194189
0.00109524
0.000199087
-0.000172597
0.00151215
0.000358316
-0.00027326
0.00172523
0.000438285
-0.000358316
0.00151726
0.000349968
-0.0005169
0.000484051
-1.4064e-11
-0.000267611
-0.00253122
-0.000349968
-0.000267611
-0.00253122
-0.000438285
-0.0005169
0.00048405
-0.000358316
-0.000358316
0.00151726
-0.000199087
-0.00027326
0.00172523
-0.000172596
0.00151215
0.000161335
-0.000112702
0.00161173
0.00027326
-0.000161335
0.00170495
0.0003246
-0.000199087
0.00172523
0.000221941
-0.000289425
0.0011796
-4.64382e-11
-0.000188893
-0.00148243
-0.000221941
-0.000188894
-0.00148243
-0.0003246
-0.000289425
0.0011796
-0.00027326
-0.000199087
0.00172523
-0.000161335
-0.000161335
0.00170495
-0.000112702
0.00161173
0.000112702
0.00158995
0.000172596
0.00161173
0.000194189
0.00151215
0.000107966
0.00109524
-1.00822e-10
-4.03631e-05
-0.000107966
-4.03627e-05
-0.000194189
0.00109524
-0.000172596
0.00151215
-0.000112702
0.00161173
0.00158995
0.000101956
0.000101956
0.00138604
0.000156376
0.000145456
0.00141186
0.000177442
0.000177257
0.00131383
0.000101878
0.000252262
0.000918545
-1.14638e-10
0.000161787
-0.000100274
-0.000101878
0.000161787
-0.000100273
-0.000177443
0.000252262
0.000918546
-0.000156376
0.000177257
0.00131383
-0.000101956
0.000145456
0.00141186
0.000101956
0.00138604
0.000145456
0.000156376
0.00141186
0.00024643
0.00024643
0.001503
0.000294674
0.000321711
0.00153253
0.000205034
0.000462188
0.00105932
-4.84772e-11
0.000230031
-0.00134564
-0.000205035
0.000230032
-0.00134564
-0.000294674
0.000462188
0.00105932
-0.00024643
0.000321711
0.00153253
-0.000145456
0.00024643
0.001503
0.000156376
0.00141186
0.000177257
0.000177442
0.00131383
0.000321711
0.000294674
0.00153253
0.000396412
0.000396412
0.00136785
0.000325266
0.000497621
0.000519762
-6.00236e-12
0.000277843
-0.00225377
-0.000325266
0.000277843
-0.00225377
-0.000396412
0.000497621
0.000519762
-0.000321711
0.000396412
0.00136785
-0.000177257
0.000294674
0.00153253
0.000177442
0.00131383
0.000252262
0.000101878
0.000918545
0.000462188
0.000205034
0.00105932
0.000497621
0.000325266
0.000519762
0.000392537
0.000392537
-0.000745779
1.10843e-10
0.000261144
-0.00297473
-0.000392537
0.000261144
-0.00297473
-0.000497621
0.000392537
-0.00074578
-0.000462188
0.000325266
0.000519763
-0.000252262
0.000205034
0.00105932
0.000101878
0.000918546
0.000161787
-1.19747e-10
-0.000100274
0.000230031
-8.72622e-11
-0.00134564
0.000277843
-3.99846e-11
-0.00225377
0.000261144
1.34629e-10
-0.00297473
1.5538e-10
9.69581e-11
-0.00367397
-0.000261144
9.47016e-11
-0.00367397
-0.000277843
1.25537e-10
-0.00297473
-0.000230031
-4.78324e-11
-0.00225377
-0.000161787
-7.89581e-11
-0.00134564
-9.42061e-11
-0.000100273
0.000161787
-0.000101878
-0.000100273
0.000230031
-0.000205035
-0.00134564
0.000277843
-0.000325266
-0.00225377
0.000261144
-0.000392537
-0.00297473
1.52677e-10
-0.000261144
-0.00367397
-0.000261144
-0.000261144
-0.00367397
-0.000277843
-0.000392537
-0.00297473
-0.000230032
-0.000325266
-0.00225377
-0.000161787
-0.000205035
-0.00134564
-0.000101878
-0.000100272
0.000252262
-0.000177443
0.000918546
0.000462188
-0.000294674
0.00105932
0.000497621
-0.000396412
0.000519762
0.000392537
-0.000497621
-0.00074578
1.0066e-10
-0.000277843
-0.00297473
-0.000392537
-0.000277843
-0.00297473
-0.000497621
-0.000497621
-0.00074578
-0.000462188
-0.000396412
0.000519763
-0.000252262
-0.000294674
0.00105932
-0.000177442
0.000918546
0.000177257
-0.000156376
0.00131383
0.000321711
-0.00024643
0.00153253
0.000396412
-0.000321711
0.00136785
0.000325266
-0.000462188
0.000519763
-1.4006e-11
-0.000230031
-0.00225377
-0.000325266
-0.000230032
-0.00225377
-0.000396412
-0.000462188
0.000519763
-0.000321711
-0.000321711
0.00136785
-0.000177257
-0.00024643
0.00153253
-0.000156376
0.00131383
0.000145456
-0.000101956
0.00141186
0.00024643
-0.000145456
0.001503
0.000294674
-0.000177257
0.00153253
0.000205034
-0.000252262
0.00105932
-4.01967e-11
-0.000161787
-0.00134564
-0.000205035
-0.000161787
-0.00134564
-0.000294674
-0.000252262
0.00105932
-0.00024643
-0.000177257
0.00153253
-0.000145456
-0.000145456
0.001503
-0.000101956
0.00141186
0.000101956
0.00138604
0.000156376
0.00141186
0.000177442
0.00131383
0.000101878
0.000918546
-8.86739e-11
-0.000100273
-0.000101878
-0.000100272
-0.000177443
0.000918546
-0.000156376
0.00131383
-0.000101956
0.00141186
0.00138604
9.191e-05
9.191e-05
0.00120222
0.000141482
0.000131131
0.00123115
0.000162189
0.000157715
0.0011354
9.64696e-05
0.000219924
0.00076434
-1.14539e-10
0.000138244
-0.000142049
-9.64698e-05
0.000138244
-0.000142048
-0.000162189
0.000219924
0.000764341
-0.000141482
0.000157715
0.0011354
-9.19101e-05
0.000131131
0.00123115
9.191e-05
0.00120222
0.000131131
0.000141482
0.00123115
0.000222411
0.000222411
0.00132044
0.000268506
0.000288887
0.00135527
0.000190214
0.000412037
0.000945496
-5.21041e-11
0.000201119
-0.0012183
-0.000190214
0.000201119
-0.0012183
-0.000268506
0.000412037
0.000945496
-0.000222411
0.000288887
0.00135527
-0.000131131
0.000222411
0.00132044
0.000141481
0.00123115
0.000157715
0.000162189
0.0011354
0.000288888
0.000268506
0.00135527
0.00035826
0.00035826
0.00122911
0.00030368
0.000454864
0.000531515
-9.73753e-12
0.000253756
-0.00200273
-0.00030368
0.000253756
-0.00200273
-0.000358261
0.000454864
0.000531514
-0.000288888
0.00035826
0.00122911
-0.000157715
0.000268506
0.00135527
0.000162189
0.0011354
0.000219924
9.64696e-05
0.00076434
0.000412037
0.000190214
0.000945496
0.000454864
0.00030368
0.000531515
0.000368563
0.000368563
-0.000573177
2.88096e-11
0.000240923
-0.00259334
-0.000368563
0.000240923
-0.00259334
-0.000454865
0.000368563
-0.000573177
-0.000412037
0.00030368
0.000531515
-0.000219924
0.000190214
0.000945497
9.64696e-05
0.000764341
0.000138244
-1.30134e-10
-0.000142049
0.000201119
-1.03128e-10
-0.0012183
0.000253756
-5.62336e-11
-0.00200273
0.000240923
7.79647e-11
-0.00259334
1.02736e-10
5.14431e-11
-0.00319212
-0.000240923
5.09161e-11
-0.00319212
-0.000253756
7.28439e-11
-0.00259334
-0.000201119
-6.77825e-11
-0.00200273
-0.000138244
-9.72536e-11
-0.0012183
-1.0923e-10
-0.000142047
0.000138244
-9.64698e-05
-0.000142048
0.000201119
-0.000190214
-0.0012183
0.000253756
-0.00030368
-0.00200273
0.000240923
-0.000368563
-0.00259334
1.01893e-10
-0.000240923
-0.00319212
-0.000240923
-0.000240923
-0.00319212
-0.000253756
-0.000368563
-0.00259334
-0.000201119
-0.00030368
-0.00200273
-0.000138244
-0.000190214
-0.0012183
-9.64698e-05
-0.000142047
0.000219925
-0.000162189
0.000764341
0.000412037
-0.000268506
0.000945496
0.000454864
-0.000358261
0.000531515
0.000368563
-0.000454864
-0.000573177
2.26975e-11
-0.000253756
-0.00259334
-0.000368563
-0.000253756
-0.00259334
-0.000454864
-0.000454864
-0.000573177
-0.000412037
-0.000358261
0.000531515
-0.000219925
-0.000268506
0.000945497
-0.000162189
0.000764341
0.000157715
-0.000141482
0.0011354
0.000288887
-0.000222411
0.00135527
0.00035826
-0.000288888
0.00122911
0.00030368
-0.000412037
0.000531516
-2.1218e-11
-0.000201119
-0.00200273
-0.000303681
-0.000201119
-0.00200273
-0.000358261
-0.000412037
0.000531515
-0.000288888
-0.000288888
0.00122911
-0.000157715
-0.000222411
0.00135527
-0.000141482
0.0011354
0.000131131
-9.19101e-05
0.00123115
0.000222411
-0.000131131
0.00132044
0.000268506
-0.000157715
0.00135527
0.000190214
-0.000219924
0.000945497
-4.61705e-11
-0.000138244
-0.0012183
-0.000190214
-0.000138244
-0.0012183
-0.000268506
-0.000219925
0.000945497
-0.000222411
-0.000157715
0.00135527
-0.000131131
-0.000131131
0.00132044
-9.19101e-05
0.00123115
9.191e-05
0.00120222
0.000141481
0.00123115
0.000162189
0.0011354
9.64697e-05
0.000764341
-9.32764e-11
-0.000142047
-9.64698e-05
-0.000142047
-0.000162189
0.000764341
-0.000141482
0.0011354
-9.19101e-05
0.00123115
0.00120222
8.25904e-05
8.25904e-05
0.00103704
0.000127946
0.000118143
0.00106766
0.000148419
0.000140362
0.000974569
9.21261e-05
0.000191456
0.000629177
-1.14998e-10
0.000118042
-0.000167964
-9.21263e-05
0.000118042
-0.000167964
-0.000148419
0.000191456
0.000629178
-0.000127946
0.000140362
0.00097457
-8.25904e-05
0.000118143
0.00106766
8.25904e-05
0.00103704
0.000118143
0.000127946
0.00106766
0.000200951
0.000200951
0.00115483
0.000245413
0.00025964
0.00119153
0.000177119
0.000365007
0.000840238
-6.67746e-11
0.000178295
-0.00110143
-0.000177119
0.000178295
-0.00110143
-0.000245413
0.000365007
0.000840239
-0.000200951
0.00025964
0.00119153
-0.000118143
0.000200951
0.00115483
0.000127946
0.00106766
0.000140362
0.000148419
0.000974569
0.00025964
0.000245413
0.00119153
0.000325045
0.000325045
0.0010983
0.000285203
0.000414442
0.000521922
-1.82281e-11
0.000228703
-0.00176793
-0.000285203
0.000228703
-0.00176793
-0.000325045
0.000414442
0.000521922
-0.00025964
0.000325045
0.0010983
-0.000140362
0.000245413
0.00119153
0.000148419
0.00097457
0.000191456
9.21261e-05
0.000629177
0.000365007
0.000177119
0.000840238
0.000414442
0.000285203
0.000521923
0.00034804
0.00034804
-0.000440374
1.67659e-11
0.00021816
-0.00223475
-0.00034804
0.00021816
-0.00223475
-0.000414442
0.00034804
-0.000440374
-0.000365007
0.000285203
0.000521923
-0.000191456
0.000177119
0.000840239
9.21262e-05
0.000629178
0.000118042
-1.39932e-10
-0.000167964
0.000178295
-1.26546e-10
-0.00110143
0.000228703
-7.01963e-11
-0.00176793
0.000218161
8.27747e-11
-0.00223475
6.89777e-11
2.15723e-11
-0.0027558
-0.00021816
2.12411e-11
-0.0027558
-0.000228703
7.94317e-11
-0.00223475
-0.000178295
-8.20341e-11
-0.00176793
-0.000118042
-1.21741e-10
-0.00110143
-1.22976e-10
-0.000167963
0.000118042
-9.21263e-05
-0.000167964
0.000178295
-0.000177119
-0.00110143
0.000228703
-0.000285203
-0.00176793
0.000218161
-0.00034804
-0.00223475
6.84208e-11
-0.00021816
-0.0027558
-0.00021816
-0.00021816
-0.0027558
-0.000228703
-0.00034804
-0.00223475
-0.000178295
-0.000285203
-0.00176793
-0.000118042
-0.000177119
-0.00110143
-9.21263e-05
-0.000167962
0.000191456
-0.000148419
0.000629178
0.000365007
-0.000245413
0.000840239
0.000414442
-0.000325045
0.000521922
0.00034804
-0.000414442
-0.000440374
1.23247e-11
-0.000228703
-0.00223475
-0.00034804
-0.000228703
-0.00223475
-0.000414442
-0.000414442
-0.000440374
-0.000365007
-0.000325045
0.000521923
-0.000191456
-0.000245413
0.000840239
-0.000148419
0.000629178
0.000140362
-0.000127946
0.00097457
0.00025964
-0.000200951
0.00119153
0.000325045
-0.00025964
0.0010983
0.000285203
-0.000365007
0.000521923
-2.99653e-11
-0.000178295
-0.00176793
-0.000285203
-0.000178295
-0.00176793
-0.000325045
-0.000365007
0.000521923
-0.00025964
-0.00025964
0.0010983
-0.000140362
-0.000200951
0.00119153
-0.000127946
0.00097457
0.000118143
-8.25904e-05
0.00106766
0.000200951
-0.000118143
0.00115483
0.000245413
-0.000140362
0.00119153
0.000177119
-0.000191456
0.000840239
-6.19545e-11
-0.000118042
-0.00110143
-0.000177119
-0.000118042
-0.00110143
-0.000245413
-0.000191456
0.000840239
-0.000200951
-0.000140362
0.00119153
-0.000118143
-0.000118143
0.00115483
-8.25904e-05
0.00106766
8.25904e-05
0.00103704
0.000127946
0.00106766
0.000148419
0.00097457
9.21262e-05
0.000629178
-9.79642e-11
-0.000167963
-9.21263e-05
-0.000167962
-0.000148419
0.000629178
-0.000127946
0.00097457
-8.25904e-05
0.00106766
0.00103704
7.40126e-05
7.40126e-05
0.000889011
0.000115804
0.000106207
0.000919657
0.000136121
0.000125112
0.00082914
8.89824e-05
0.000166228
0.000510088
-1.14757e-10
0.000100902
-0.000179883
-8.89826e-05
0.000100902
-0.000179883
-0.000136122
0.000166228
0.000510088
-0.000115804
0.000125112
0.00082914
-7.40126e-05
0.000106207
0.000919657
7.40126e-05
0.000889012
0.000106207
0.000115804
0.000919657
0.000181834
0.000181834
0.00100357
0.000224823
0.000233485
0.00104016
0.000165824
0.000324974
0.000740493
-7.18383e-11
0.000157688
-0.000992397
-0.000165824
0.000157689
-0.000992397
-0.000224823
0.000324974
0.000740493
-0.000181834
0.000233485
0.00104016
-0.000106207
0.000181834
0.00100357
0.000115804
0.000919657
0.000125112
0.000136121
0.00082914
0.000233485
0.000224823
0.00104016
0.000297307
0.000297307
0.000970654
0.000268538
0.000381993
0.000493671
-3.24851e-11
0.000202102
-0.00154381
-0.000268538
0.000202102
-0.00154381
-0.000297307
0.000381993
0.000493671
-0.000233485
0.000297307
0.000970654
-0.000125112
0.000224823
0.00104016
0.000136121
0.00082914
0.000166228
8.89824e-05
0.000510088
0.000324974
0.000165824
0.000740493
0.000381993
0.000268538
0.000493671
0.000325422
0.000325422
-0.00032723
3.49589e-12
0.000197597
-0.00190483
-0.000325422
0.000197597
-0.00190483
-0.000381993
0.000325422
-0.000327231
-0.000324974
0.000268538
0.000493672
-0.000166228
0.000165824
0.000740493
8.89825e-05
0.000510088
0.000100902
-1.44644e-10
-0.000179883
0.000157689
-1.40264e-10
-0.000992397
0.000202102
-7.6235e-11
-0.00154381
0.000197597
8.50954e-11
-0.00190483
2.93641e-11
-1.4532e-11
-0.00236061
-0.000197597
-1.40547e-11
-0.00236061
-0.000202102
8.48494e-11
-0.00190483
-0.000157689
-8.48751e-11
-0.00154381
-0.000100902
-1.36192e-10
-0.000992396
-1.31736e-10
-0.000179882
0.000100902
-8.89826e-05
-0.000179883
0.000157688
-0.000165824
-0.000992397
0.000202102
-0.000268538
-0.00154381
0.000197597
-0.000325422
-0.00190483
2.96453e-11
-0.000197597
-0.00236061
-0.000197597
-0.000197597
-0.00236061
-0.000202102
-0.000325422
-0.00190483
-0.000157689
-0.000268538
-0.00154381
-0.000100902
-0.000165824
-0.000992396
-8.89826e-05
-0.000179882
0.000166228
-0.000136122
0.000510088
0.000324974
-0.000224823
0.000740493
0.000381993
-0.000297307
0.000493671
0.000325422
-0.000381993
-0.000327231
1.9793e-12
-0.000202102
-0.00190483
-0.000325422
-0.000202103
-0.00190483
-0.000381993
-0.000381993
-0.000327231
-0.000324974
-0.000297307
0.000493671
-0.000166228
-0.000224823
0.000740493
-0.000136122
0.000510089
0.000125112
-0.000115804
0.00082914
0.000233485
-0.000181834
0.00104016
0.000297307
-0.000233485
0.000970654
0.000268538
-0.000324974
0.000493672
-4.09613e-11
-0.000157689
-0.00154381
-0.000268538
-0.000157689
-0.00154381
-0.000297307
-0.000324974
0.000493672
-0.000233485
-0.000233485
0.000970654
-0.000125112
-0.000181834
0.00104016
-0.000115804
0.00082914
0.000106207
-7.40126e-05
0.000919657
0.000181834
-0.000106207
0.00100357
0.000224823
-0.000125112
0.00104016
0.000165824
-0.000166228
0.000740493
-6.76093e-11
-0.000100902
-0.000992396
-0.000165824
-0.000100902
-0.000992396
-0.000224823
-0.000166228
0.000740493
-0.000181834
-0.000125112
0.00104016
-0.000106207
-0.000106207
0.00100357
-7.40126e-05
0.000919657
7.40126e-05
0.000889012
0.000115804
0.000919657
0.000136121
0.00082914
8.89825e-05
0.000510089
-1.01662e-10
-0.000179882
-8.89826e-05
-0.000179882
-0.000136122
0.000510089
-0.000115804
0.000829141
-7.40126e-05
0.000919657
0.000889012
6.62216e-05
6.62216e-05
0.000756568
0.000104998
9.50475e-05
0.000785833
0.000125398
0.000111239
0.0006975
8.73852e-05
0.000143459
0.000404642
-1.14005e-10
8.74461e-05
-0.000179944
-8.73853e-05
8.74461e-05
-0.000179944
-0.000125398
0.000143459
0.000404642
-0.000104998
0.000111239
0.000697501
-6.62216e-05
9.50474e-05
0.000785834
6.62216e-05
0.000756568
9.50475e-05
0.000104998
0.000785833
0.000164583
0.000164583
0.0008645
0.000206549
0.000209678
0.000899759
0.000157526
0.000290099
0.000642875
-7.17686e-11
0.000138182
-0.000885607
-0.000157526
0.000138182
-0.000885607
-0.000206549
0.000290099
0.000642876
-0.000164583
0.000209678
0.00089976
-9.50475e-05
0.000164583
0.0008645
0.000104998
0.000785834
0.000111239
0.000125398
0.0006975
0.000209678
0.000206549
0.000899759
0.000271212
0.000271212
0.000847586
0.000249465
0.00035316
0.000452358
-5.2299e-11
0.000177888
-0.00133405
-0.000249465
0.000177888
-0.00133405
-0.000271212
0.00035316
0.000452358
-0.000209678
0.000271212
0.000847587
-0.000111239
0.000206549
0.00089976
0.000125398
0.000697501
0.000143459
8.73852e-05
0.000404642
0.000290099
0.000157526
0.000642875
0.00035316
0.000249465
0.000452358
0.000299131
0.000299131
-0.000219172
-2.40907e-11
0.000181492
-0.0016093
-0.000299131
0.000181492
-0.0016093
-0.00035316
0.000299131
-0.000219173
-0.000290099
0.000249464
0.000452358
-0.000143459
0.000157526
0.000642876
8.73851e-05
0.000404642
8.74462e-05
-1.45051e-10
-0.000179944
0.000138182
-1.47231e-10
-0.000885607
0.000177888
-7.28233e-11
-0.00133405
0.000181492
7.21126e-11
-0.0016093
-1.00314e-11
-5.29863e-11
-0.00199762
-0.000181492
-5.12904e-11
-0.00199762
-0.000177888
7.491e-11
-0.0016093
-0.000138182
-7.64158e-11
-0.00133405
-8.74463e-05
-1.43852e-10
-0.000885607
-1.35461e-10
-0.000179943
8.7446e-05
-8.73853e-05
-0.000179944
0.000138182
-0.000157526
-0.000885607
0.000177888
-0.000249465
-0.00133405
0.000181492
-0.000299131
-0.0016093
-8.30326e-12
-0.000181492
-0.00199762
-0.000181492
-0.000181492
-0.00199762
-0.000177888
-0.000299131
-0.0016093
-0.000138182
-0.000249465
-0.00133405
-8.74461e-05
-0.000157526
-0.000885607
-8.73853e-05
-0.000179943
0.000143459
-0.000125398
0.000404642
0.000290099
-0.000206549
0.000642876
0.00035316
-0.000271212
0.000452358
0.000299131
-0.00035316
-0.000219173
-2.27545e-11
-0.000177888
-0.0016093
-0.000299131
-0.000177888
-0.0016093
-0.00035316
-0.00035316
-0.000219173
-0.000290099
-0.000271212
0.000452358
-0.000143459
-0.000206549
0.000642876
-0.000125398
0.000404643
0.000111239
-0.000104998
0.000697501
0.000209678
-0.000164583
0.00089976
0.000271212
-0.000209678
0.000847587
0.000249464
-0.000290099
0.000452358
-5.54946e-11
-0.000138182
-0.00133405
-0.000249465
-0.000138182
-0.00133405
-0.000271212
-0.000290099
0.000452358
-0.000209678
-0.000209678
0.000847587
-0.000111239
-0.000164583
0.00089976
-0.000104998
0.000697501
9.50474e-05
-6.62216e-05
0.000785834
0.000164583
-9.50475e-05
0.0008645
0.000206549
-0.000111239
0.00089976
0.000157526
-0.000143459
0.000642876
-6.77974e-11
-8.74463e-05
-0.000885607
-0.000157526
-8.74462e-05
-0.000885606
-0.000206549
-0.000143459
0.000642876
-0.000164583
-0.000111239
0.00089976
-9.50474e-05
-9.50474e-05
0.0008645
-6.62216e-05
0.000785834
6.62216e-05
0.000756568
0.000104998
0.000785834
0.000125398
0.000697501
8.73851e-05
0.000404642
-1.04161e-10
-0.000179943
-8.73853e-05
-0.000179943
-0.000125398
0.000404643
-0.000104998
0.000697501
-6.62216e-05
0.000785834
0.000756569
5.92532e-05
5.92532e-05
0.000638062
9.54254e-05
8.44117e-05
0.000665249
0.000115909
9.89407e-05
0.000578076
8.71326e-05
0.000122326
0.000311092
-1.02836e-10
8.01694e-05
-0.000172981
-8.71327e-05
8.01694e-05
-0.000172981
-0.000115909
0.000122326
0.000311093
-9.54255e-05
9.89407e-05
0.000578076
-5.92532e-05
8.44117e-05
0.00066525
5.92532e-05
0.000638062
8.44117e-05
9.54254e-05
0.000665249
0.000148368
0.000148368
0.000736587
0.000190395
0.000188536
0.000768137
0.000152632
0.000255918
0.000547047
-6.72646e-11
0.000123648
-0.000776454
-0.000152632
0.000123648
-0.000776454
-0.000190395
0.000255918
0.000547047
-0.000148368
0.000188536
0.000768137
-8.44117e-05
0.000148368
0.000736588
9.54254e-05
0.00066525
9.89407e-05
0.000115909
0.000578076
0.000188536
0.000190395
0.000768137
0.00024717
0.00024717
0.000730319
0.000229739
0.000318914
0.000406793
-6.8531e-11
0.000159244
-0.00113991
-0.000229739
0.000159244
-0.00113991
-0.00024717
0.000318914
0.000406793
-0.000188537
0.00024717
0.00073032
-9.89408e-05
0.000190395
0.000768137
0.000115909
0.000578076
0.000122326
8.71326e-05
0.000311092
0.000255918
0.000152632
0.000547047
0.000318914
0.000229739
0.000406793
0.000272438
0.000272438
-0.000126222
1.15502e-14
0.000165119
-0.00134274
-0.000272438
0.000165119
-0.00134274
-0.000318914
0.000272438
-0.000126222
-0.000255918
0.000229738
0.000406793
-0.000122326
0.000152632
0.000547047
8.71325e-05
0.000311093
8.01695e-05
-1.31476e-10
-0.000172981
0.000123648
-1.46291e-10
-0.000776454
0.000159244
-5.86703e-11
-0.00113991
0.000165119
1.00714e-10
-0.00134274
-2.86507e-11
-7.28492e-11
-0.00166738
-0.000165119
-7.02058e-11
-0.00166738
-0.000159244
1.04089e-10
-0.00134274
-0.000123648
-5.79557e-11
-0.00113991
-8.01696e-05
-1.43318e-10
-0.000776454
-1.24957e-10
-0.00017298
8.01693e-05
-8.71327e-05
-0.000172981
0.000123648
-0.000152632
-0.000776454
0.000159244
-0.000229739
-0.00113991
0.000165119
-0.000272438
-0.00134274
-2.58893e-11
-0.000165119
-0.00166738
-0.000165119
-0.000165119
-0.00166738
-0.000159244
-0.000272438
-0.00134274
-0.000123648
-0.000229739
-0.00113991
-8.01695e-05
-0.000152632
-0.000776454
-8.71326e-05
-0.00017298
0.000122326
-0.000115909
0.000311093
0.000255918
-0.000190395
0.000547047
0.000318914
-0.00024717
0.000406793
0.000272438
-0.000318914
-0.000126222
1.33464e-12
-0.000159244
-0.00134274
-0.000272438
-0.000159244
-0.00134274
-0.000318914
-0.000318914
-0.000126223
-0.000255918
-0.00024717
0.000406793
-0.000122326
-0.000190395
0.000547047
-0.000115909
0.000311093
9.89407e-05
-9.54255e-05
0.000578076
0.000188536
-0.000148368
0.000768137
0.00024717
-0.000188537
0.00073032
0.000229738
-0.000255918
0.000406793
-6.71654e-11
-0.000123648
-0.00113991
-0.000229739
-0.000123648
-0.00113991
-0.00024717
-0.000255918
0.000406793
-0.000188536
-0.000188536
0.00073032
-9.89407e-05
-0.000148368
0.000768137
-9.54255e-05
0.000578076
8.44117e-05
-5.92532e-05
0.00066525
0.000148368
-8.44117e-05
0.000736588
0.000190395
-9.89408e-05
0.000768137
0.000152632
-0.000122326
0.000547047
-6.32173e-11
-8.01696e-05
-0.000776454
-0.000152632
-8.01695e-05
-0.000776453
-0.000190395
-0.000122326
0.000547047
-0.000148368
-9.89407e-05
0.000768137
-8.44117e-05
-8.44117e-05
0.000736588
-5.92532e-05
0.00066525
5.92532e-05
0.000638062
9.54254e-05
0.00066525
0.000115909
0.000578076
8.71325e-05
0.000311093
-9.57149e-11
-0.00017298
-8.71326e-05
-0.00017298
-0.000115909
0.000311093
-9.54255e-05
0.000578076
-5.92532e-05
0.00066525
0.000638062
5.32883e-05
5.32884e-05
0.000531485
8.71915e-05
7.40613e-05
0.000557285
0.000107569
8.86419e-05
0.000469057
8.74813e-05
0.000102797
0.000228383
-8.34989e-11
8.17657e-05
-0.000167265
-8.74814e-05
8.17656e-05
-0.000167265
-0.000107569
0.000102797
0.000228383
-8.71916e-05
8.86419e-05
0.000469057
-5.32884e-05
7.40613e-05
0.000557285
5.32883e-05
0.000531485
7.40613e-05
8.71915e-05
0.000557285
0.000132684
0.000132684
0.000619342
0.000176233
0.000170629
0.000642601
0.00014985
0.000220205
0.000456022
-6.1837e-11
0.000115222
-0.000660061
-0.00014985
0.000115222
-0.000660061
-0.000176233
0.000220205
0.000456022
-0.000132684
0.000170629
0.000642601
-7.40613e-05
0.000132684
0.000619342
8.71915e-05
0.000557285
8.86419e-05
0.000107569
0.000469057
0.000170629
0.000176233
0.000642601
0.000226132
0.000226132
0.000619312
0.000210251
0.000284158
0.000358722
-5.97713e-11
0.000144935
-0.000959368
-0.000210251
0.000144935
-0.000959368
-0.000226132
0.000284158
0.000358722
-0.000170629
0.000226132
0.000619313
-8.8642e-05
0.000176233
0.000642601
0.000107569
0.000469057
0.000102797
8.74813e-05
0.000228383
0.000220205
0.00014985
0.000456022
0.000284158
0.000210251
0.000358722
0.000251162
0.000251162
-6.02305e-05
1.23271e-11
0.000149797
-0.00109644
-0.000251162
0.000149798
-0.00109644
-0.000284158
0.000251162
-6.02307e-05
-0.000220205
0.000210251
0.000358722
-0.000102797
0.00014985
0.000456022
8.74812e-05
0.000228384
8.17657e-05
-1.08647e-10
-0.000167265
0.000115222
-1.36046e-10
-0.00066006
0.000144935
-1.9168e-11
-0.000959367
0.000149798
1.10821e-10
-0.00109644
-3.51559e-11
-8.39361e-11
-0.00136779
-0.000149798
-8.13762e-11
-0.00136779
-0.000144935
1.13832e-10
-0.00109644
-0.000115222
-1.66376e-11
-0.000959367
-8.17659e-05
-1.33313e-10
-0.00066006
-1.0373e-10
-0.000167265
8.17656e-05
-8.74815e-05
-0.000167265
0.000115222
-0.00014985
-0.000660061
0.000144935
-0.000210251
-0.000959368
0.000149798
-0.000251162
-0.00109644
-3.22546e-11
-0.000149798
-0.00136779
-0.000149798
-0.000149798
-0.00136779
-0.000144935
-0.000251162
-0.00109644
-0.000115222
-0.000210251
-0.000959368
-8.17658e-05
-0.00014985
-0.00066006
-8.74813e-05
-0.000167264
0.000102797
-0.000107569
0.000228383
0.000220205
-0.000176233
0.000456022
0.000284158
-0.000226132
0.000358722
0.000251162
-0.000284158
-6.02307e-05
1.33048e-11
-0.000144935
-0.00109644
-0.000251162
-0.000144935
-0.00109644
-0.000284158
-0.000284158
-6.02309e-05
-0.000220205
-0.000226132
0.000358722
-0.000102797
-0.000176233
0.000456022
-0.000107569
0.000228384
8.86419e-05
-8.71916e-05
0.000469057
0.000170629
-0.000132684
0.000642601
0.000226132
-0.000170629
0.000619313
0.000210251
-0.000220205
0.000358722
-5.68705e-11
-0.000115222
-0.000959367
-0.000210251
-0.000115222
-0.000959367
-0.000226132
-0.000220205
0.000358722
-0.000170629
-0.000170629
0.000619313
-8.8642e-05
-0.000132684
0.000642602
-8.71916e-05
0.000469057
7.40613e-05
-5.32884e-05
0.000557285
0.000132684
-7.40613e-05
0.000619342
0.000176233
-8.8642e-05
0.000642601
0.00014985
-0.000102797
0.000456022
-5.76114e-11
-8.17659e-05
-0.00066006
-0.00014985
-8.17658e-05
-0.00066006
-0.000176233
-0.000102797
0.000456022
-0.000132684
-8.8642e-05
0.000642602
-7.40613e-05
-7.40613e-05
0.000619342
-5.32883e-05
0.000557285
5.32883e-05
0.000531485
8.71915e-05
0.000557285
0.000107569
0.000469057
8.74812e-05
0.000228384
-7.78269e-11
-0.000167265
-8.74813e-05
-0.000167264
-0.000107569
0.000228384
-8.71916e-05
0.000469057
-5.32884e-05
0.000557286
0.000531486
4.78793e-05
4.78793e-05
0.000435726
8.00893e-05
6.39477e-05
0.000461127
9.8973e-05
7.96795e-05
0.000370493
8.46775e-05
8.38562e-05
0.000158822
-5.92296e-11
9.103e-05
-0.000173618
-8.46776e-05
9.10299e-05
-0.000173617
-9.8973e-05
8.38562e-05
0.000158823
-8.00893e-05
7.96795e-05
0.000370494
-4.78793e-05
6.39477e-05
0.000461127
4.78793e-05
0.000435727
6.39477e-05
8.00893e-05
0.000461127
0.000116453
0.000116453
0.000514332
0.000161492
0.000154142
0.000523099
0.000145238
0.000182043
0.000374089
-5.41279e-11
0.000117108
-0.000540901
-0.000145238
0.000117108
-0.000540901
-0.000161492
0.000182043
0.00037409
-0.000116453
0.000154142
0.0005231
-6.39477e-05
0.000116453
0.000514332
8.00893e-05
0.000461127
7.96795e-05
9.8973e-05
0.000370493
0.000154142
0.000161492
0.000523099
0.000205907
0.000205907
0.000515783
0.000190948
0.000246937
0.000308786
-3.12467e-11
0.000133196
-0.000784508
-0.000190948
0.000133196
-0.000784508
-0.000205907
0.000246937
0.000308787
-0.000154142
0.000205907
0.000515783
-7.96796e-05
0.000161492
0.0005231
9.89729e-05
0.000370494
8.38562e-05
8.46775e-05
0.000158822
0.000182043
0.000145238
0.000374089
0.000246937
0.000190948
0.000308786
0.000228139
0.000228139
-2.26354e-05
-5.36778e-12
0.00013209
-0.000867192
-0.000228139
0.00013209
-0.000867192
-0.000246937
0.000228139
-2.26355e-05
-0.000182043
0.000190948
0.000308787
-8.38563e-05
0.000145238
0.00037409
8.46774e-05
0.000158823
9.103e-05
-7.8642e-11
-0.000173618
0.000117108
-1.09915e-10
-0.0005409
0.000133196
3.2655e-11
-0.000784507
0.00013209
8.15303e-11
-0.000867192
-4.12742e-11
-8.61169e-11
-0.00110361
-0.00013209
-8.38572e-11
-0.00110361
-0.000133196
8.51902e-11
-0.000867192
-0.000117108
3.52012e-11
-0.000784507
-9.10301e-05
-1.07293e-10
-0.0005409
-7.46219e-11
-0.000173617
9.10299e-05
-8.46776e-05
-0.000173617
0.000117108
-0.000145238
-0.000540901
0.000133196
-0.000190948
-0.000784508
0.00013209
-0.000228139
-0.000867192
-3.85418e-11
-0.000132091
-0.00110361
-0.00013209
-0.000132091
-0.00110361
-0.000133196
-0.000228139
-0.000867192
-0.000117108
-0.000190948
-0.000784508
-9.10301e-05
-0.000145238
-0.000540901
-8.46775e-05
-0.000173617
8.38562e-05
-9.8973e-05
0.000158822
0.000182043
-0.000161492
0.00037409
0.000246937
-0.000205907
0.000308787
0.000228139
-0.000246937
-2.26354e-05
-3.45221e-12
-0.000133196
-0.000867192
-0.000228139
-0.000133196
-0.000867192
-0.000246937
-0.000246937
-2.26355e-05
-0.000182043
-0.000205907
0.000308787
-8.38563e-05
-0.000161492
0.00037409
-9.8973e-05
0.000158823
7.96795e-05
-8.00893e-05
0.000370494
0.000154142
-0.000116453
0.0005231
0.000205907
-0.000154142
0.000515783
0.000190948
-0.000182043
0.000308787
-2.87739e-11
-0.000117108
-0.000784507
-0.000190948
-0.000117108
-0.000784507
-0.000205907
-0.000182043
0.000308787
-0.000154142
-0.000154142
0.000515783
-7.96796e-05
-0.000116453
0.0005231
-8.00893e-05
0.000370494
6.39477e-05
-4.78793e-05
0.000461127
0.000116453
-6.39477e-05
0.000514332
0.000161492
-7.96796e-05
0.0005231
0.000145238
-8.38563e-05
0.00037409
-4.98798e-11
-9.10301e-05
-0.0005409
-0.000145238
-9.10301e-05
-0.0005409
-0.000161492
-8.38563e-05
0.00037409
-0.000116453
-7.96796e-05
0.0005231
-6.39477e-05
-6.39477e-05
0.000514332
-4.78793e-05
0.000461128
4.78793e-05
0.000435727
8.00893e-05
0.000461128
9.89729e-05
0.000370494
8.46774e-05
0.000158823
-5.44117e-11
-0.000173617
-8.46775e-05
-0.000173617
-9.8973e-05
0.000158823
-8.00893e-05
0.000370494
-4.78793e-05
0.000461128
0.000435727
4.36462e-05
4.36462e-05
0.000348434
7.57369e-05
5.4983e-05
0.000374053
9.38229e-05
7.0657e-05
0.00028175
8.09648e-05
6.67317e-05
0.000104949
-4.27858e-11
9.69119e-05
-0.000189565
-8.09649e-05
9.69119e-05
-0.000189564
-9.38229e-05
6.67317e-05
0.000104949
-7.57369e-05
7.0657e-05
0.000281751
-4.36462e-05
5.49831e-05
0.000374054
4.36462e-05
0.000348434
5.4983e-05
7.57369e-05
0.000374053
0.000101334
0.000101334
0.000421629
0.000147235
0.000136468
0.000411387
0.000135694
0.000146001
0.000306361
-3.93693e-11
0.000124676
-0.000432971
-0.000135695
0.000124676
-0.00043297
-0.000147235
0.000146001
0.000306361
-0.000101334
0.000136468
0.000411387
-5.49831e-05
0.000101334
0.000421629
7.57369e-05
0.000374054
7.0657e-05
9.38229e-05
0.00028175
0.000136468
0.000147235
0.000411387
0.000188266
0.000188266
0.000412187
0.000171873
0.000213768
0.000257412
-6.9755e-12
0.000120409
-0.000608368
-0.000171873
0.000120409
-0.000608368
-0.000188266
0.000213768
0.000257412
-0.000136468
0.000188266
0.000412187
-7.0657e-05
0.000147235
0.000411387
9.38229e-05
0.000281751
6.67317e-05
8.09648e-05
0.000104949
0.000146001
0.000135694
0.000306361
0.000213768
0.000171873
0.000257412
0.000201568
0.000201568
1.76529e-06
-5.9452e-12
0.000110571
-0.000655787
-0.000201568
0.000110571
-0.000655787
-0.000213768
0.000201568
1.76531e-06
-0.000146001
0.000171873
0.000257412
-6.67318e-05
0.000135695
0.000306362
8.09648e-05
0.000104949
9.69118e-05
-6.24714e-11
-0.000189565
0.000124676
-6.45245e-11
-0.00043297
0.000120409
6.92984e-11
-0.000608368
0.000110571
5.70931e-11
-0.000655786
-3.70516e-11
-7.39843e-11
-0.000882464
-0.000110572
-7.21796e-11
-0.000882464
-0.000120409
6.02128e-11
-0.000655786
-0.000124676
7.21878e-11
-0.000608367
-9.6912e-05
-6.19497e-11
-0.00043297
-5.9085e-11
-0.000189564
9.69118e-05
-8.09649e-05
-0.000189564
0.000124676
-0.000135695
-0.00043297
0.000120409
-0.000171873
-0.000608368
0.000110571
-0.000201568
-0.000655787
-3.47214e-11
-0.000110572
-0.000882464
-0.000110571
-0.000110572
-0.000882464
-0.000120409
-0.000201568
-0.000655787
-0.000124676
-0.000171873
-0.000608368
-9.69119e-05
-0.000135695
-0.00043297
-8.09648e-05
-0.000189564
6.67317e-05
-9.38229e-05
0.000104949
0.000146001
-0.000147235
0.000306361
0.000213768
-0.000188266
0.000257412
0.000201568
-0.000213768
1.76542e-06
-4.35158e-12
-0.00012041
-0.000655786
-0.000201568
-0.00012041
-0.000655786
-0.000213768
-0.000213768
1.76543e-06
-0.000146001
-0.000188266
0.000257412
-6.67318e-05
-0.000147235
0.000306362
-9.38229e-05
0.000104949
7.0657e-05
-7.57369e-05
0.000281751
0.000136468
-0.000101334
0.000411387
0.000188266
-0.000136468
0.000412187
0.000171873
-0.000146001
0.000257412
-4.74163e-12
-0.000124676
-0.000608367
-0.000171873
-0.000124676
-0.000608367
-0.000188266
-0.000146001
0.000257412
-0.000136468
-0.000136468
0.000412188
-7.0657e-05
-0.000101334
0.000411388
-7.57369e-05
0.000281751
5.49831e-05
-4.36462e-05
0.000374054
0.000101334
-5.49831e-05
0.000421629
0.000147235
-7.0657e-05
0.000411387
0.000135695
-6.67318e-05
0.000306362
-3.54796e-11
-9.6912e-05
-0.00043297
-0.000135695
-9.69119e-05
-0.00043297
-0.000147235
-6.67318e-05
0.000306362
-0.000101334
-7.0657e-05
0.000411387
-5.49831e-05
-5.49831e-05
0.00042163
-4.36462e-05
0.000374054
4.36462e-05
0.000348434
7.57369e-05
0.000374054
9.38229e-05
0.000281751
8.09648e-05
0.000104949
-3.87014e-11
-0.000189564
-8.09648e-05
-0.000189564
-9.38229e-05
0.000104949
-7.57369e-05
0.000281751
-4.36462e-05
0.000374054
0.000348435
3.87098e-05
3.87099e-05
0.000271014
7.00474e-05
4.66124e-05
0.000296103
8.40911e-05
6.23288e-05
0.000205378
6.91293e-05
5.31754e-05
6.67352e-05
-3.19177e-11
9.75508e-05
-0.000217986
-6.91293e-05
9.75508e-05
-0.000217986
-8.40911e-05
5.31754e-05
6.67353e-05
-7.00474e-05
6.23288e-05
0.000205378
-3.87099e-05
4.66124e-05
0.000296104
3.87098e-05
0.000271015
4.66124e-05
7.00474e-05
0.000296103
8.49469e-05
8.49469e-05
0.00034496
0.000127042
0.000117721
0.0003139
0.000113826
0.000114233
0.000258519
-2.45934e-11
0.000129205
-0.000350798
-0.000113826
0.000129205
-0.000350798
-0.000127042
0.000114233
0.000258519
-8.49469e-05
0.000117721
0.0003139
-4.66124e-05
8.49469e-05
0.00034496
7.00474e-05
0.000296104
6.23288e-05
8.40911e-05
0.000205378
0.000117721
0.000127042
0.0003139
0.000165949
0.000165949
0.00031573
0.000146434
0.000180503
0.000210657
6.7235e-12
0.000102306
-0.000435035
-0.000146434
0.000102306
-0.000435035
-0.000165949
0.000180503
0.000210657
-0.000117721
0.000165949
0.00031573
-6.23289e-05
0.000127042
0.0003139
8.40911e-05
0.000205378
5.31754e-05
6.91293e-05
6.67352e-05
0.000114233
0.000113826
0.000258519
0.000180503
0.000146434
0.000210657
0.00016958
0.00016958
2.36112e-05
-9.93862e-12
8.4958e-05
-0.000468858
-0.00016958
8.4958e-05
-0.000468858
-0.000180503
0.00016958
2.36114e-05
-0.000114234
0.000146434
0.000210657
-5.31755e-05
0.000113826
0.000258519
6.91293e-05
6.67355e-05
9.75508e-05
-5.48359e-11
-0.000217986
0.000129205
-1.61128e-11
-0.000350798
0.000102306
7.8026e-11
-0.000435035
8.4958e-05
3.00512e-11
-0.000468858
-2.92276e-11
-5.13218e-11
-0.000712548
-8.49581e-05
-4.98149e-11
-0.000712548
-0.000102306
3.26737e-11
-0.000468858
-0.000129205
8.10131e-11
-0.000435035
-9.75509e-05
-1.32237e-11
-0.000350798
-5.23222e-11
-0.000217986
9.75507e-05
-6.91293e-05
-0.000217986
0.000129204
-0.000113826
-0.000350798
0.000102306
-0.000146434
-0.000435035
8.4958e-05
-0.00016958
-0.000468858
-2.73596e-11
-8.49581e-05
-0.000712548
-8.4958e-05
-8.49581e-05
-0.000712548
-0.000102306
-0.00016958
-0.000468858
-0.000129205
-0.000146434
-0.000435035
-9.75508e-05
-0.000113826
-0.000350798
-6.91293e-05
-0.000217986
5.31754e-05
-8.40912e-05
6.67353e-05
0.000114233
-0.000127042
0.000258519
0.000180503
-0.000165949
0.000210658
0.00016958
-0.000180503
2.36115e-05
-8.39976e-12
-0.000102306
-0.000468858
-0.00016958
-0.000102306
-0.000468858
-0.000180503
-0.000180503
2.36116e-05
-0.000114234
-0.000165949
0.000210658
-5.31755e-05
-0.000127042
0.000258519
-8.40911e-05
6.67355e-05
6.23288e-05
-7.00474e-05
0.000205378
0.000117721
-8.49469e-05
0.0003139
0.000165949
-0.000117721
0.000315731
0.000146434
-0.000114234
0.000210658
8.55053e-12
-0.000129205
-0.000435035
-0.000146434
-0.000129205
-0.000435035
-0.000165949
-0.000114234
0.000210658
-0.000117721
-0.000117721
0.000315731
-6.23289e-05
-8.49469e-05
0.000313901
-7.00474e-05
0.000205378
4.66124e-05
-3.87099e-05
0.000296104
8.49469e-05
-4.66124e-05
0.00034496
0.000127042
-6.23289e-05
0.0003139
0.000113826
-5.31755e-05
0.000258519
-2.11364e-11
-9.75509e-05
-0.000350797
-0.000113826
-9.75508e-05
-0.000350797
-0.000127042
-5.31755e-05
0.000258519
-8.49469e-05
-6.23289e-05
0.000313901
-4.66124e-05
-4.66124e-05
0.00034496
-3.87099e-05
0.000296104
3.87098e-05
0.000271015
7.00474e-05
0.000296104
8.40911e-05
0.000205378
6.91292e-05
6.67355e-05
-2.86614e-11
-0.000217986
-6.91293e-05
-0.000217986
-8.40911e-05
6.67356e-05
-7.00474e-05
0.000205378
-3.87099e-05
0.000296104
0.000271015
3.76225e-05
3.76225e-05
0.000195769
6.83747e-05
4.35843e-05
0.000221767
8.26034e-05
5.95434e-05
0.000131606
6.3594e-05
5.39113e-05
3.18334e-05
-2.39406e-11
8.19488e-05
-0.000236341
-6.3594e-05
8.19488e-05
-0.000236341
-8.26035e-05
5.39113e-05
3.18335e-05
-6.83747e-05
5.95434e-05
0.000131606
-3.76225e-05
4.35843e-05
0.000221767
3.76225e-05
0.00019577
4.35842e-05
6.83747e-05
0.000221767
8.1287e-05
8.1287e-05
0.000269554
0.000122834
0.000104293
0.000227603
9.38126e-05
0.000121043
0.000220409
-1.01576e-11
0.000102561
-0.000277598
-9.38126e-05
0.000102561
-0.000277598
-0.000122834
0.000121043
0.000220409
-8.1287e-05
0.000104293
0.000227603
-4.35843e-05
8.1287e-05
0.000269555
6.83747e-05
0.000221767
5.95434e-05
8.26035e-05
0.000131606
0.000104293
0.000122834
0.000227603
0.000162111
0.000162111
0.000200094
0.000135838
0.00017722
0.000180752
7.18345e-12
7.26187e-05
-0.000269255
-0.000135838
7.26187e-05
-0.000269255
-0.000162111
0.000177221
0.000180752
-0.000104293
0.000162111
0.000200095
-5.95434e-05
0.000122834
0.000227603
8.26035e-05
0.000131606
5.39113e-05
6.3594e-05
3.18334e-05
0.000121043
9.38127e-05
0.000220409
0.00017722
0.000135838
0.000180752
0.000132368
0.000132368
0.000113316
-1.22726e-11
5.56973e-05
-0.000319569
-0.000132368
5.56973e-05
-0.000319569
-0.00017722
0.000132368
0.000113316
-0.000121043
0.000135839
0.000180752
-5.39113e-05
9.38127e-05
0.000220409
6.3594e-05
3.18336e-05
8.19489e-05
-6.02762e-11
-0.000236341
0.000102561
1.54568e-11
-0.000277597
7.26188e-05
5.17802e-11
-0.000269254
5.56974e-05
9.55034e-12
-0.000319569
-1.87047e-11
-2.97689e-11
-0.000601153
-5.56974e-05
-2.86437e-11
-0.000601153
-7.26189e-05
1.1625e-11
-0.000319569
-0.000102561
5.38419e-11
-0.000269254
-8.19489e-05
1.81873e-11
-0.000277597
-5.94086e-11
-0.000236341
8.19488e-05
-6.3594e-05
-0.000236341
0.000102561
-9.38126e-05
-0.000277598
7.26187e-05
-0.000135838
-0.000269255
5.56973e-05
-0.000132368
-0.000319569
-1.73483e-11
-5.56974e-05
-0.000601153
-5.56974e-05
-5.56974e-05
-0.000601153
-7.26188e-05
-0.000132368
-0.000319569
-0.000102561
-0.000135838
-0.000269254
-8.19488e-05
-9.38127e-05
-0.000277597
-6.3594e-05
-0.000236341
5.39113e-05
-8.26035e-05
3.18335e-05
0.000121043
-0.000122834
0.000220409
0.00017722
-0.000162111
0.000180752
0.000132368
-0.00017722
0.000113316
-1.08045e-11
-7.26189e-05
-0.000319569
-0.000132368
-7.26189e-05
-0.000319568
-0.000177221
-0.000177221
0.000113316
-0.000121043
-0.000162111
0.000180753
-5.39113e-05
-0.000122834
0.000220409
-8.26035e-05
3.18337e-05
5.95434e-05
-6.83747e-05
0.000131606
0.000104293
-8.1287e-05
0.000227603
0.000162111
-0.000104293
0.000200095
0.000135838
-0.000121043
0.000180753
8.33222e-12
-0.000102561
-0.000269254
-0.000135838
-0.000102561
-0.000269254
-0.000162111
-0.000121043
0.000180753
-0.000104293
-0.000104293
0.000200095
-5.95434e-05
-8.1287e-05
0.000227603
-6.83747e-05
0.000131606
4.35843e-05
-3.76225e-05
0.000221767
8.1287e-05
-4.35843e-05
0.000269555
0.000122834
-5.95434e-05
0.000227603
9.38127e-05
-5.39113e-05
0.000220409
-7.41502e-12
-8.19489e-05
-0.000277597
-9.38127e-05
-8.19489e-05
-0.000277597
-0.000122834
-5.39113e-05
0.000220409
-8.1287e-05
-5.95434e-05
0.000227603
-4.35843e-05
-4.35843e-05
0.000269555
-3.76225e-05
0.000221768
3.76225e-05
0.00019577
6.83747e-05
0.000221767
8.26035e-05
0.000131606
6.3594e-05
3.18336e-05
-2.22034e-11
-0.000236341
-6.3594e-05
-0.000236341
-8.26035e-05
3.18337e-05
-6.83747e-05
0.000131606
-3.76225e-05
0.000221768
0.00019577
2.87776e-05
2.87776e-05
4.94891e-05
3.17955e-05
5.00054e-05
4.98371e-05
2.80647e-05
4.36859e-05
-8.62891e-12
2.22722e-05
-2.80647e-05
2.22722e-05
-5.00054e-05
4.36859e-05
-4.94891e-05
4.98371e-05
-2.87776e-05
3.17955e-05
2.87776e-05
3.17955e-05
4.94891e-05
5.97205e-05
5.97205e-05
8.2781e-05
7.77604e-05
4.90803e-05
9.5023e-05
-2.04955e-12
2.18463e-05
-4.90803e-05
2.18463e-05
-8.2781e-05
9.5023e-05
-5.97205e-05
7.77604e-05
-3.17955e-05
5.97205e-05
4.94891e-05
4.98371e-05
5.00054e-05
7.77604e-05
8.2781e-05
0.000120114
0.000120114
9.47223e-05
0.000121959
1.12363e-12
2.47311e-05
-9.47223e-05
2.47311e-05
-0.000120114
0.000121959
-7.77604e-05
0.000120115
-4.98371e-05
8.2781e-05
5.00054e-05
4.36859e-05
2.80647e-05
9.5023e-05
4.90803e-05
0.000121959
9.47223e-05
7.24633e-05
7.24633e-05
-7.04754e-12
2.30367e-05
-7.24633e-05
2.30367e-05
-0.000121959
7.24633e-05
-9.5023e-05
9.47223e-05
-4.36859e-05
4.90804e-05
2.80647e-05
2.22722e-05
-2.30156e-11
2.18464e-05
1.09615e-11
2.47311e-05
7.90881e-12
2.30367e-05
2.40925e-13
-6.32783e-12
-7.15834e-12
-2.30367e-05
-6.77761e-12
-2.47311e-05
1.20588e-12
-2.18464e-05
7.9446e-12
-2.22722e-05
1.2035e-11
-2.28499e-11
2.22722e-05
-2.80647e-05
2.18463e-05
-4.90803e-05
2.47311e-05
-9.47223e-05
2.30367e-05
-7.24633e-05
-5.91641e-12
-2.30367e-05
-2.30367e-05
-2.30367e-05
-2.47311e-05
-7.24633e-05
-2.18464e-05
-9.47223e-05
-2.22722e-05
-4.90803e-05
-2.80647e-05
4.36859e-05
-5.00054e-05
9.5023e-05
-8.2781e-05
0.000121959
-0.000120114
7.24633e-05
-0.000121959
-6.21526e-12
-2.47311e-05
-7.24633e-05
-2.47311e-05
-0.000121959
-0.000121959
-9.5023e-05
-0.000120115
-4.36859e-05
-8.2781e-05
-5.00054e-05
4.98371e-05
-4.94891e-05
7.77604e-05
-5.97205e-05
0.000120115
-7.77604e-05
9.47223e-05
-9.5023e-05
9.73879e-13
-2.18464e-05
-9.47223e-05
-2.18464e-05
-0.000120115
-9.5023e-05
-7.77604e-05
-7.77604e-05
-4.98371e-05
-5.97205e-05
-4.94891e-05
3.17955e-05
-2.87776e-05
5.97205e-05
-3.17955e-05
8.2781e-05
-4.98371e-05
4.90803e-05
-4.36859e-05
-1.11218e-12
-2.22722e-05
-4.90803e-05
-2.22722e-05
-8.2781e-05
-4.36859e-05
-5.97205e-05
-4.98371e-05
-3.17955e-05
-3.17955e-05
-2.87776e-05
2.87776e-05
4.94891e-05
5.00054e-05
2.80647e-05
-8.15112e-12
-2.80647e-05
-5.00054e-05
-4.94891e-05
-2.87776e-05
)
;

boundaryField
{
    bottom
    {
        type            calculated;
        value           uniform 0;
    }
    atmosphere
    {
        type            calculated;
        value           nonuniform List<scalar> 
100
(
0.000138214
0.00016926
8.12522e-05
1.00882e-05
-0.000230548
-0.000230548
1.00883e-05
8.12525e-05
0.00016926
0.000138215
0.00016926
0.000213704
0.000176619
0.000202773
-0.000228091
-0.000228091
0.000202773
0.000176619
0.000213705
0.00016926
8.12522e-05
0.000176619
0.000115386
0.000179208
-0.000177417
-0.000177417
0.000179208
0.000115387
0.000176619
8.12525e-05
1.00882e-05
0.000202773
0.000179208
0.000212308
-0.000245411
-0.000245411
0.000212309
0.000179208
0.000202773
1.00884e-05
-0.000230548
-0.000228091
-0.000177417
-0.000245411
-0.00055508
-0.00055508
-0.000245411
-0.000177416
-0.000228091
-0.000230548
-0.000230548
-0.000228091
-0.000177417
-0.000245411
-0.00055508
-0.00055508
-0.000245411
-0.000177416
-0.000228091
-0.000230548
1.00883e-05
0.000202773
0.000179208
0.000212309
-0.000245411
-0.000245411
0.000212309
0.000179208
0.000202773
1.00885e-05
8.12524e-05
0.000176619
0.000115387
0.000179208
-0.000177416
-0.000177417
0.000179208
0.000115387
0.00017662
8.12527e-05
0.00016926
0.000213705
0.000176619
0.000202773
-0.000228091
-0.000228091
0.000202773
0.00017662
0.000213705
0.000169261
0.000138215
0.00016926
8.12525e-05
1.00884e-05
-0.000230548
-0.000230548
1.00885e-05
8.12527e-05
0.00016926
0.000138215
)
;
    }
    walls
    {
        type            calculated;
        value           uniform 0;
    }
}


// ************************************************************************* //
