/*--------------------------------*- C++ -*----------------------------------*\
| =========                 |                                                 |
| \\      /  F ield         | OpenFOAM: The Open Source CFD Toolbox           |
|  \\    /   O peration     | Version:  2412                                  |
|   \\  /    A nd           | Website:  www.openfoam.com                      |
|    \\/     M anipulation  |                                                 |
\*---------------------------------------------------------------------------*/
FoamFile
{
    version     2.0;
    format      ascii;
    arch        "LSB;label=32;scalar=64";
    class       surfaceScalarField;
    location    "0.86";
    object      phi;
}
// * * * * * * * * * * * * * * * * * * * * * * * * * * * * * * * * * * * * * //

dimensions      [0 3 -1 0 0 0 0];

oriented        oriented;

internalField   nonuniform List<scalar> 
11100
(
0.000451646
0.000451646
-0.000903292
0.000250141
0.000512421
-0.000310916
-1.66146e-05
0.000310957
-4.42011e-05
-0.000103469
0.000211903
-0.000125049
3.90928e-10
8.02227e-05
-0.000183692
0.00010347
8.02216e-05
-0.000183691
1.66138e-05
0.000211909
-0.000125054
-0.000250142
0.000310959
-4.42024e-05
-0.000451647
0.000512422
-0.000310917
0.000451646
-0.000903293
0.000512421
0.000250142
-0.000310917
0.000595884
0.000595885
-0.000166927
0.000384378
0.000653533
-0.00013107
9.36825e-05
0.00037701
0.000125589
-3.45724e-10
0.000107037
6.68684e-05
-9.36807e-05
0.000107031
6.68708e-05
-0.000384375
0.000377019
0.000125584
-0.000595883
0.000653536
-0.000131069
-0.000512422
0.000595886
-0.000166925
0.000250142
-0.000310918
0.000310957
-1.66139e-05
-4.42014e-05
0.000653533
0.000384379
-0.000131071
0.000650787
0.00065079
5.48925e-06
0.000332559
0.000302674
0.000392565
-1.45964e-09
-7.76243e-05
0.000517222
-0.000332559
-7.76259e-05
0.000517215
-0.000650787
0.000302685
0.000392562
-0.000653534
0.000650794
5.48898e-06
-0.000310958
0.00038438
-0.00013107
-1.66127e-05
-4.42026e-05
0.000211903
-0.000103469
-0.000125048
0.000377011
9.36829e-05
0.000125588
0.000302673
0.000332561
0.000392567
0.000135966
0.000135965
0.000333416
1.29607e-09
1.25899e-05
4.57503e-05
-0.000135966
1.25844e-05
4.57567e-05
-0.000302679
0.000135969
0.00033343
-0.000377017
0.000332564
0.000392568
-0.000211905
9.36827e-05
0.000125586
-0.000103468
-0.00012505
8.02245e-05
1.38694e-10
-0.000183693
0.000107043
-8.65362e-10
6.68657e-05
-7.76192e-05
-4.14472e-09
0.000517227
1.25976e-05
1.17035e-09
4.57474e-05
-8.51079e-10
-3.0597e-09
2.51915e-05
-1.25991e-05
-4.14699e-09
2.51869e-05
7.76184e-05
1.21494e-09
4.57499e-05
-0.000107043
-4.01507e-09
0.000517229
-8.02258e-05
-8.35283e-10
6.68664e-05
6.34023e-11
-0.000183694
8.02219e-05
0.000103469
-0.000183691
0.000107031
-9.36815e-05
6.68712e-05
-7.76247e-05
-0.000332563
0.000517215
1.25826e-05
-0.000135969
4.57627e-05
-1.89795e-09
-1.25947e-05
2.51762e-05
-1.25839e-05
-1.25892e-05
2.51671e-05
7.76256e-05
-0.000135972
4.57633e-05
-0.000107031
-0.000332566
0.000517218
-8.0223e-05
-9.36814e-05
6.68729e-05
0.000103469
-0.000183692
0.000211911
1.6613e-05
-0.000125055
0.000377023
-0.000384375
0.000125582
0.000302689
-0.000650789
0.000392559
0.000135969
-0.000302683
0.000333434
1.37694e-09
7.76235e-05
4.57496e-05
-0.000135969
7.76268e-05
4.57542e-05
-0.000302692
-0.000302692
0.000333444
-0.000377026
-0.000650792
0.000392561
-0.000211913
-0.000384376
0.000125581
1.6612e-05
-0.000125056
0.000310959
-0.000250143
-4.42033e-05
0.000653536
-0.000595883
-0.000131069
0.000650793
-0.000653535
5.48913e-06
0.000332562
-0.000377019
0.000392566
-1.45795e-09
-0.000107036
0.000517223
-0.000332563
-0.000107029
0.000517217
-0.000650792
-0.000377026
0.000392562
-0.000653537
-0.000653537
5.48969e-06
-0.00031096
-0.000595884
-0.000131069
-0.000250143
-4.42044e-05
0.000512422
-0.000451647
-0.000310918
0.000595885
-0.000512422
-0.000166924
0.000384379
-0.000310958
-0.00013107
9.3682e-05
-0.000211907
0.000125586
-4.21756e-10
-8.02242e-05
6.68709e-05
-9.36805e-05
-8.0223e-05
6.68741e-05
-0.000384375
-0.000211913
0.000125582
-0.000595884
-0.00031096
-0.000131069
-0.000512423
-0.000512423
-0.000166923
-0.000451647
-0.000310919
0.000451646
-0.000903293
0.000250142
-0.000310918
-1.66131e-05
-4.42028e-05
-0.000103469
-0.000125051
2.80196e-10
-0.000183693
0.000103469
-0.000183692
1.66125e-05
-0.000125056
-0.000250143
-4.42041e-05
-0.000451647
-0.000310919
-0.000903293
0.000177509
0.000177509
-0.00125831
0.000427415
0.00011528
-0.000676102
0.000232678
0.000111342
3.91938e-05
3.30548e-05
-6.53295e-05
0.000139904
-2.43521e-09
-2.38185e-05
-0.000126816
-3.3061e-05
-2.38133e-05
-0.000126819
-0.000232683
-6.5323e-05
0.000139892
-0.000427417
0.000111348
3.91831e-05
-0.00017751
0.00011528
-0.000676104
0.000177508
-0.00125831
0.000115281
0.000427416
-0.000676105
0.000770309
0.000770308
-0.00147698
0.0005482
0.00101673
-0.000814352
4.06555e-05
0.00105706
-0.000489261
-3.19661e-09
0.000828676
-0.000744967
-4.06639e-05
0.000828697
-0.000744979
-0.00054821
0.00105704
-0.000489228
-0.000770312
0.00101672
-0.000814339
-0.00011528
0.000770305
-0.00147698
0.000427419
-0.000676108
0.000111341
0.00023268
3.91934e-05
0.00101673
0.000548198
-0.000814353
0.00101648
0.00101648
6.00388e-06
0.000595967
0.000940175
0.000929964
-6.44232e-09
0.000368601
0.00157327
-0.000595978
0.00036862
0.00157326
-0.00101648
0.000940146
0.000929954
-0.00101673
0.00101647
5.99347e-06
-0.000111343
0.000548199
-0.000814353
0.000232685
3.91882e-05
-6.53298e-05
3.30549e-05
0.000139907
0.00105707
4.06631e-05
-0.000489279
0.000940181
0.000595969
0.000929965
0.000527194
0.000527181
0.0011594
-7.77049e-09
0.000107043
0.00083451
-0.000527199
0.000107038
0.00083453
-0.000940168
0.000527171
0.00115937
-0.00105706
0.000595967
0.000929963
6.53252e-05
4.06778e-05
-0.000489282
3.30564e-05
0.000139904
-2.38197e-05
-2.2144e-09
-0.000126816
0.000828666
8.41158e-12
-0.000744957
0.000368597
-7.44027e-09
0.00157327
0.000107068
-2.54102e-08
0.000834483
-4.63174e-08
-9.77997e-08
0.000239447
-0.000107131
-9.27611e-08
0.000239403
-0.000368603
-2.41869e-08
0.000834417
-0.000828667
-5.2492e-09
0.00157327
2.38178e-05
1.61525e-09
-0.000744942
-2.12253e-09
-0.000126818
-2.38117e-05
-3.30623e-05
-0.000126819
0.000828701
-4.06705e-05
-0.00074497
0.000368633
-0.000595982
0.00157326
0.000107049
-0.000527205
0.000834527
-4.14599e-08
-0.00010718
0.000239349
-0.000107102
-0.000107165
0.000239299
-0.000368632
-0.000527195
0.000834464
-0.000828694
-0.000595977
0.00157325
2.38115e-05
-4.0683e-05
-0.000744948
-3.30634e-05
-0.000126819
-6.53206e-05
-0.000232686
0.000139889
0.00105703
-0.000548214
-0.000489226
0.000940142
-0.00101648
0.000929949
0.000527178
-0.000940155
0.00115935
-6.7924e-09
-0.000368617
0.000834372
-0.000527182
-0.000368631
0.000834395
-0.000940129
-0.000940127
0.00115932
-0.00105702
-0.00101647
0.00092995
6.53165e-05
-0.000548214
-0.000489228
-0.00023269
0.000139887
0.000111349
-0.000427418
3.91794e-05
0.00101672
-0.000770312
-0.000814339
0.00101646
-0.00101673
5.98857e-06
0.000595968
-0.00105705
0.000929961
-4.58838e-09
-0.000828673
0.00157325
-0.000595976
-0.000828689
0.00157325
-0.00101647
-0.00105702
0.000929953
-0.00101672
-0.00101672
5.98145e-06
-0.000111351
-0.000770309
-0.000814339
-0.00042742
3.91749e-05
0.00011528
-0.00017751
-0.000676106
0.000770303
-0.000115279
-0.00147698
0.000548201
-0.000111344
-0.000814355
4.06879e-05
6.53223e-05
-0.000489276
-1.87216e-09
2.38173e-05
-0.00074493
-4.06949e-05
2.38136e-05
-0.000744936
-0.000548211
6.53162e-05
-0.000489242
-0.000770305
-0.00011135
-0.000814342
-0.000115279
-0.000115279
-0.00147698
-0.000177509
-0.000676109
0.000177508
-0.00125831
0.000427418
-0.000676107
0.000232684
3.9187e-05
3.30561e-05
0.000139899
-2.32675e-09
-0.000126818
-3.3062e-05
-0.000126819
-0.000232688
0.000139887
-0.000427419
3.91768e-05
-0.000177509
-0.000676108
-0.00125831
0.000146963
0.000146962
-0.00155223
0.000496354
0.000101775
-0.00112727
0.000424843
7.73166e-05
3.3388e-05
0.000313742
1.27751e-05
0.00023823
-8.63408e-09
-0.000258988
0.000445923
-0.000313742
-0.000258958
0.000445871
-0.000424828
1.2775e-05
0.000238203
-0.000496346
7.73175e-05
3.33838e-05
-0.000146962
0.000101775
-0.00112726
0.000146962
-0.00155223
0.000101777
0.000496355
-0.00112727
0.000435877
0.000435872
-0.00214518
-2.31775e-05
0.00121979
-0.00149778
-0.000162049
0.00142948
-0.00176709
4.9874e-08
-7.94481e-05
-0.00108661
0.0001621
-7.93841e-05
-0.0010866
2.31919e-05
0.0014295
-0.00176704
-0.000435863
0.00121979
-0.00149776
-0.000101778
0.000435857
-0.00214515
0.000496354
-0.00112728
7.73172e-05
0.000424847
3.33847e-05
0.0012198
-2.31836e-05
-0.00149778
0.000923694
0.000923693
0.000598208
0.000729423
0.00102767
0.00152605
-7.88488e-09
0.00029985
0.0019234
-0.000729426
0.000299858
0.00192344
-0.000923687
0.00102767
0.00152605
-0.00121979
0.000923698
0.000598193
-7.73173e-05
-2.32024e-05
-0.00149777
0.000424845
3.33805e-05
1.27765e-05
0.000313742
0.000238235
0.00142948
-0.000162011
-0.00176715
0.00102767
0.000729429
0.00152604
0.000713893
0.000713886
0.00178696
-1.92718e-09
0.000318029
0.00153023
-0.000713896
0.000318022
0.00153026
-0.00102766
0.000713898
0.00178691
-0.00142947
0.000729438
0.00152604
-1.27778e-05
-0.000161998
-0.00176718
0.000313739
0.000238232
-0.000259013
-1.04175e-08
0.000445949
-7.94847e-05
8.41763e-08
-0.00108658
0.00029984
-1.10338e-08
0.00192339
0.000318033
-1.64145e-09
0.00153018
-3.31401e-08
-9.1699e-08
0.000875633
-0.000318074
-8.3777e-08
0.000875549
-0.000299828
5.28574e-09
0.00153006
7.95036e-05
-8.96784e-09
0.00192338
0.000259032
7.73241e-08
-0.00108655
-9.38931e-09
0.000445963
-0.000258949
-0.00031374
0.00044586
-7.93767e-05
0.000162096
-0.00108655
0.000299852
-0.000729431
0.00192345
0.000318039
-0.000713891
0.00153023
-2.55021e-08
-0.000318138
0.000875459
-0.000318065
-0.000318117
0.000875373
-0.000299833
-0.000713896
0.00153013
7.94075e-05
-0.000729438
0.00192344
0.000258975
0.000162072
-0.00108651
-0.000313738
0.000445884
1.27767e-05
-0.000424827
0.000238199
0.00142951
2.3201e-05
-0.00176706
0.00102767
-0.000923685
0.00152604
0.000713923
-0.00102765
0.00178686
4.9308e-09
-0.000299833
0.00152998
-0.000713918
-0.000299835
0.00153004
-0.00102766
-0.00102765
0.00178682
-0.0014295
-0.000923689
0.00152604
-1.2778e-05
2.32154e-05
-0.00176709
-0.000424827
0.000238198
7.73183e-05
-0.000496345
3.33798e-05
0.00121979
-0.000435855
-0.00149776
0.000923698
-0.00121979
0.000598185
0.000729441
-0.00142947
0.00152604
-6.37196e-09
7.94896e-05
0.00192338
-0.000729442
7.94346e-05
0.00192341
-0.00092369
-0.00142949
0.00152604
-0.00121979
-0.00121979
0.000598174
-7.73186e-05
-0.000435843
-0.00149775
-0.000496345
3.33748e-05
0.000101776
-0.000146962
-0.00112726
0.000435852
-0.000101777
-0.00214513
-2.32084e-05
-7.73174e-05
-0.00149777
-0.000162011
-1.27778e-05
-0.00176717
4.36547e-08
0.000259029
-0.00108652
0.00016205
0.000259004
-0.00108651
2.32176e-05
-1.27779e-05
-0.00176712
-0.000435839
-7.73186e-05
-0.00149775
-0.000101777
-0.000101777
-0.00214511
-0.000146962
-0.00112727
0.000146962
-0.00155223
0.000496353
-0.00112728
0.000424841
3.33815e-05
0.000313739
0.000238223
-7.71545e-09
0.000445958
-0.000313739
0.000445916
-0.000424828
0.000238198
-0.000496346
3.33761e-05
-0.000146961
-0.00112727
-0.00155223
0.000128128
0.000128127
-0.00180849
0.000397037
7.62642e-05
-0.00147244
0.000450523
6.8769e-05
-8.88669e-05
0.000382491
-4.84493e-05
0.000354711
1.24918e-08
0.000647728
0.000180673
-0.000382478
0.00064782
0.000180542
-0.000450515
-4.8423e-05
0.000354664
-0.000397033
6.87692e-05
-8.88674e-05
-0.000128129
7.62624e-05
-0.00147243
0.000128125
-0.00180849
7.62669e-05
0.000397039
-0.00147245
0.000117972
0.000117974
-0.00222859
-0.000315632
0.00105275
-0.00204816
-0.000236563
0.000632283
-0.0025269
3.06893e-08
-0.000270864
-0.000404606
0.00023654
-0.000270769
-0.000404522
0.000315601
0.000632335
-0.00252686
-0.000117965
0.00105276
-0.00204818
-7.62693e-05
0.000117972
-0.00222856
0.000397038
-0.00147246
6.87697e-05
0.000450527
-8.88725e-05
0.00105276
-0.00031565
-0.00204814
0.000783002
0.000782996
0.00113772
0.000642371
0.000795152
0.00150381
-2.32936e-08
0.000110033
0.0021849
-0.000642392
0.000110034
0.002185
-0.000782994
0.000795163
0.00150382
-0.00105275
0.000782996
0.00113771
-6.877e-05
-0.000315663
-0.00204811
0.000450527
-8.88781e-05
-4.84551e-05
0.000382491
0.000354726
0.000632274
-0.00023657
-0.00252696
0.00079515
0.000642369
0.00150379
0.000669378
0.000669352
0.00203853
3.35127e-09
0.000161325
0.00214831
-0.000669374
0.000161328
0.00214834
-0.000795138
0.000669321
0.00203851
-0.000632278
0.000642377
0.0015038
4.84497e-05
-0.000236579
-0.00252699
0.000382487
0.000354721
0.000647659
2.38353e-08
0.000180758
-0.000270926
4.84065e-08
-0.000404615
0.000110006
-3.87153e-08
0.00218486
0.000161212
1.71962e-08
0.00214831
1.54366e-07
3.1139e-07
0.0011977
-0.000161049
2.77496e-07
0.0011978
-0.000109952
2.08927e-08
0.00214827
0.000270964
-3.49045e-08
0.00218488
-0.000647631
4.37437e-08
-0.000404573
2.13621e-08
0.000180797
0.000647819
-0.000382468
0.000180533
-0.000270771
0.000236538
-0.000404454
0.000109998
-0.000642403
0.00218504
0.000161247
-0.000669336
0.00214833
1.20083e-07
-0.000161001
0.0011979
-0.000161115
-0.000161034
0.00119792
-0.000109944
-0.000669304
0.00214829
0.00027082
-0.000642408
0.00218505
-0.000647778
0.000236542
-0.000404411
-0.000382468
0.000180596
-4.84131e-05
-0.000450516
0.00035466
0.000632353
0.000315602
-0.00252689
0.000795161
-0.000782993
0.00150382
0.000669318
-0.000795128
0.00203849
8.90825e-09
-0.000109932
0.00214823
-0.00066931
-0.000109935
0.00214826
-0.000795146
-0.000795135
0.00203848
-0.000632349
-0.000782994
0.00150383
4.84099e-05
0.000315616
-0.00252692
-0.000450517
0.000354657
6.87698e-05
-0.000397034
-8.88717e-05
0.00105276
-0.000117966
-0.00204818
0.000782998
-0.00105275
0.0011377
0.00064238
-0.000632273
0.0015038
-2.06215e-08
0.000270948
0.0021849
-0.000642399
0.000270859
0.002185
-0.000782989
-0.000632321
0.00150382
-0.00105275
-0.00105275
0.00113769
-6.87705e-05
-0.000117964
-0.00204814
-0.000397033
-8.88796e-05
7.62636e-05
-0.000128128
-0.00147243
0.000117972
-7.62687e-05
-0.00222854
-0.000315681
-6.87693e-05
-0.00204809
-0.000236607
4.84516e-05
-0.00252696
2.68626e-08
-0.000647664
-0.000404546
0.000236575
-0.000647745
-0.000404455
0.000315646
4.84253e-05
-0.00252694
-0.000117965
-6.87702e-05
-0.00204812
-7.62662e-05
-7.62674e-05
-0.0022285
-0.000128126
-0.00147244
0.000128126
-0.00180849
0.000397036
-0.00147246
0.000450524
-8.88757e-05
0.000382487
0.000354712
1.05557e-08
0.000180771
-0.000382477
0.000180659
-0.000450518
0.000354665
-0.000397033
-8.8879e-05
-0.000128126
-0.00147245
-0.00180849
0.000108709
0.000108705
-0.0020259
0.000345337
4.79088e-05
-0.00175698
0.000443245
4.60285e-05
-0.000232803
-1.7531e-05
0.00064209
0.000173396
-1.4134e-08
0.000294068
-0.000130911
1.75202e-05
0.000294056
-0.000131049
-0.000443236
0.0006421
0.00017332
-0.000345333
4.60285e-05
-0.000232799
-0.00010871
4.79073e-05
-0.00175696
0.000108702
-0.0020259
4.79118e-05
0.000345344
-0.001757
7.32365e-05
7.32401e-05
-0.00227925
-0.000545831
0.000673669
-0.00205673
-0.00044952
0.00039419
-0.00237531
2.92214e-08
-0.000703928
0.00014384
0.000449531
-0.000703845
0.000143877
0.000545819
0.000394217
-0.00237527
-7.32461e-05
0.000673659
-0.00205675
-4.79145e-05
7.32486e-05
-0.00227923
0.00034535
-0.00175702
4.60317e-05
0.000443258
-0.000232818
0.000673688
-0.000545826
-0.00205673
0.00058639
0.000586367
0.00131232
0.000603176
0.000497585
0.00138363
-2.95275e-08
-0.000263945
0.00234812
-0.000603215
-0.000263868
0.00234821
-0.000586416
0.000497589
0.00138365
-0.000673703
0.000586347
0.00131231
-4.60348e-05
-0.000545828
-0.0020567
0.000443269
-0.000232831
0.000642075
-1.75282e-05
0.000173437
0.00039419
-0.000449521
-0.00237538
0.00049759
0.000603155
0.0013836
0.00042222
0.000422199
0.00218928
4.02685e-08
-0.000127887
0.00243443
-0.000422205
-0.000127722
0.00243444
-0.000497604
0.000422137
0.00218936
-0.000394211
0.000603134
0.00138362
-0.000642075
-0.000449544
-0.00237541
-1.75175e-05
0.000173433
0.000294055
-1.97377e-08
-0.000130806
-0.000703963
3.97113e-08
0.000143843
-0.000264007
-5.03878e-08
0.00234811
-0.000128113
9.0602e-08
0.00243452
1.83893e-07
4.22199e-07
0.000941099
0.000128296
3.98437e-07
0.000941571
0.000264059
7.9866e-08
0.00243456
0.000703982
-5.01734e-08
0.00234814
-0.000294057
3.36276e-08
0.000143888
-1.74189e-08
-0.00013076
0.00029403
1.75144e-05
-0.000131031
-0.000703828
0.00044954
0.000143903
-0.000263871
-0.000603221
0.00234826
-0.000127777
-0.000422148
0.00243448
1.59929e-07
0.0001283
0.000942083
0.000127943
0.000128118
0.000942416
0.00026393
-0.000422093
0.00243447
0.000703854
-0.000603201
0.00234828
-0.000294037
0.00044956
0.000143954
1.75014e-05
-0.00013096
0.000642091
-0.000443243
0.000173326
0.000394223
0.000545814
-0.0023753
0.000497578
-0.000586421
0.00138366
0.000422082
-0.000497591
0.00218943
3.08954e-08
0.000264044
0.00243453
-0.000422071
0.000263973
0.0024345
-0.000497584
-0.000497588
0.00218949
-0.000394235
-0.000586402
0.00138368
-0.000642087
0.000545819
-0.00237533
-0.000443258
0.000173329
4.60316e-05
-0.000345339
-0.000232808
0.000673665
-7.32553e-05
-0.00205674
0.00058635
-0.000673707
0.0013123
0.000603128
-0.000394203
0.00138364
-3.07466e-08
0.000703967
0.00234813
-0.000603169
0.000703888
0.00234822
-0.000586375
-0.000394226
0.00138366
-0.000673679
-0.000673698
0.00131229
-4.60357e-05
-7.32619e-05
-0.00205671
-0.000345345
-0.000232828
4.79089e-05
-0.000108708
-0.00175697
7.32497e-05
-4.7914e-05
-0.00227922
-0.000545855
-4.60345e-05
-0.00205666
-0.000449592
-0.000642078
-0.00237535
2.39441e-08
-0.000294064
0.00014387
0.000449597
-0.00029406
0.00014392
0.000545842
-0.000642084
-0.00237532
-7.32593e-05
-4.60359e-05
-0.00205668
-4.79116e-05
-4.79127e-05
-0.0022792
-0.000108705
-0.00175699
0.000108703
-0.0020259
0.000345348
-0.00175701
0.000443264
-0.000232826
-1.752e-05
0.000173419
-1.25946e-08
-0.000130801
1.75057e-05
-0.000130919
-0.00044326
0.000173346
-0.000345345
-0.00023283
-0.000108704
-0.001757
-0.0020259
2.4656e-05
2.46546e-05
-0.00207521
0.000203712
4.8148e-05
-0.00198418
7.74285e-05
0.000129454
-0.000235974
-0.000336154
0.000760115
-0.000173136
-1.56966e-08
-0.000519298
5.22479e-05
0.000336159
-0.000519313
5.20894e-05
-7.73938e-05
0.000760053
-0.00017318
-0.00020371
0.000129456
-0.000235939
-2.46571e-05
4.81477e-05
-0.00198416
2.46532e-05
-0.00207521
4.81519e-05
0.00020373
-0.00198423
3.57547e-05
3.57641e-05
-0.00225447
-0.000739895
0.000377274
-0.0015289
-0.000505172
8.89801e-05
-0.00193889
1.40037e-08
-0.00116944
0.000288798
0.000505185
-0.00116932
0.000288709
0.000739888
8.89727e-05
-0.00193889
-3.57727e-05
0.000377249
-0.00152888
-4.81577e-05
3.57833e-05
-0.00225448
0.000203741
-0.00198427
0.000129454
7.74692e-05
-0.000236012
0.000377319
-0.000739869
-0.00152896
0.000436834
0.000436788
0.00119329
0.000441793
-7.19754e-05
0.00153962
-3.65036e-08
-0.000673184
0.00229369
-0.000441852
-0.000672999
0.00229371
-0.000436919
-7.1948e-05
0.00153964
-0.000377386
0.00043675
0.00119327
-0.000129457
-0.000739867
-0.00152898
7.74951e-05
-0.000236043
0.00076015
-0.000336139
-0.000173105
8.90181e-05
-0.000505154
-0.00193896
-7.19786e-05
0.000441787
0.0015396
-0.00022227
-0.000222194
0.00248979
5.36046e-08
-0.000274213
0.00181313
0.000222286
-0.000274021
0.00181323
7.19282e-05
-0.000222175
0.00248995
-8.90708e-05
0.000441768
0.0015396
-0.000760186
-0.000505185
-0.00193898
-0.00033612
-0.000173138
-0.000519258
-2.24838e-08
5.2336e-05
-0.00116945
2.46432e-08
0.000288853
-0.000673246
-5.37332e-08
0.00229375
-0.000274352
1.31265e-07
0.0018133
3.0954e-08
1.17396e-07
0.000392385
0.00027434
1.2984e-07
0.000393111
0.000673212
1.2065e-07
0.00181339
0.00116944
-5.76208e-08
0.00229374
0.000519225
2.26671e-08
0.000288892
-1.79826e-08
5.23617e-05
-0.000519279
0.000336149
5.20768e-05
-0.00116922
0.000505189
0.000288679
-0.00067288
-0.000441877
0.00229374
-0.000273988
0.000222264
0.00181345
4.54546e-08
0.000274245
0.000393922
0.000273997
0.000274073
0.000394521
0.00067286
0.000222252
0.00181348
0.00116921
-0.000441861
0.00229373
0.000519232
0.000505224
0.000288733
0.000336127
5.2127e-05
0.000760049
-7.74125e-05
-0.000173161
8.90023e-05
0.000739872
-0.00193894
-7.19359e-05
-0.000436929
0.00153965
-0.000222221
7.18973e-05
0.00249008
4.37886e-08
0.000673093
0.00181342
0.000222243
0.00067292
0.00181346
7.1909e-05
7.18926e-05
0.00249019
-8.90409e-05
-0.000436885
0.00153966
-0.000760072
0.000739877
-0.00193895
-7.74488e-05
-0.000173167
0.000129456
-0.000203725
-0.000235951
0.000377272
-3.57894e-05
-0.00152889
0.000436764
-0.000377392
0.00119327
0.000441762
-8.90779e-05
0.00153961
-4.19175e-08
0.00116938
0.00229365
-0.000441826
0.00116926
0.00229366
-0.000436842
-8.90616e-05
0.00153963
-0.000377333
-0.000377364
0.00119326
-0.000129452
-3.58058e-05
-0.00152891
-0.000203739
-0.00023599
4.81502e-05
-2.46576e-05
-0.00198419
3.57836e-05
-4.81585e-05
-0.00225449
-0.000739904
-0.000129457
-0.00152891
-0.000505257
-0.000760177
-0.0019389
1.1021e-08
0.000519209
0.000288776
0.00050527
0.000519211
0.000288708
0.000739898
-0.000760103
-0.00193891
-3.58025e-05
-0.000129454
-0.00152889
-4.81558e-05
-4.81583e-05
-0.00225449
-2.4657e-05
-0.00198423
2.46531e-05
-0.00207521
0.000203735
-0.00198425
7.74809e-05
-0.000236029
-0.000336125
-0.000173153
-1.25078e-08
5.22955e-05
0.000336125
5.21544e-05
-7.74573e-05
-0.000173175
-0.000203737
-0.000236004
-2.4655e-05
-0.00198424
-0.00207521
-3.71154e-05
-3.71122e-05
-0.00200099
0.000139927
-7.7948e-06
-0.00215343
-0.000130222
0.000396896
-0.000362721
-0.000417008
0.000313021
-0.000199371
7.59754e-09
-0.000429548
6.47805e-05
0.000417011
-0.000429582
6.46675e-05
0.000130222
0.000312994
-0.000199385
-0.000139925
0.000396887
-0.000362679
3.71167e-05
-7.77589e-06
-0.00215343
-3.71102e-05
-0.00200098
-7.8182e-06
0.000139948
-0.00215347
4.00046e-05
4.00687e-05
-0.00235016
-0.000762609
0.000296366
-0.000625754
-0.000906731
-0.000278983
-0.00120277
1.30403e-08
-0.00117515
0.000127653
0.000906756
-0.00117517
0.000127553
0.000762614
-0.000278992
-0.00120276
-3.99997e-05
0.000296318
-0.000625696
7.83068e-06
4.01302e-05
-0.00235022
0.000139962
-0.00215351
0.000396906
-0.000130202
-0.000362768
0.000296445
-0.000762549
-0.000625882
0.000230858
0.000230788
0.00132445
8.42687e-05
-0.000594879
0.00200211
-6.55731e-08
-0.000696479
0.00189936
-8.43603e-05
-0.00069646
0.0018993
-0.000230995
-0.000594835
0.00200212
-0.00029655
0.000230735
0.00132441
-0.000396918
-0.000762525
-0.000625956
-0.000130185
-0.000362813
0.000313072
-0.000417
-0.000199379
-0.000278927
-0.000906679
-0.00120283
-0.000594891
8.42541e-05
0.00200209
-0.000650091
-0.000650123
0.00260024
-7.5551e-08
-0.000252506
0.000719146
0.000649981
-0.000252572
0.000719287
0.000594842
-0.000650113
0.00260036
0.000278875
8.42263e-05
0.00200207
-0.000313105
-0.000906709
-0.00120281
-0.000416989
-0.000199439
-0.000429526
1.26979e-08
6.48488e-05
-0.00117512
2.88134e-08
0.000127739
-0.000696461
-9.93533e-08
0.00189945
-0.000252431
-1.13024e-07
0.000719262
-3.78635e-08
-7.64513e-08
-0.000112437
0.000252381
-5.1939e-08
-0.000111828
0.000696428
-9.43885e-08
0.000719329
0.00117511
-9.70591e-08
0.00189938
0.000429518
2.74019e-08
0.000127749
1.2887e-08
6.48773e-05
-0.000429579
0.00041701
6.46587e-05
-0.00117514
0.000906741
0.000127526
-0.000696421
-8.43941e-05
0.00189932
-0.000252608
0.000649953
0.000719574
-1.24523e-08
0.000252418
-0.000111168
0.000252588
0.000252512
-0.000110643
0.000696391
0.000649977
0.000719604
0.00117512
-8.4362e-05
0.00189927
0.000429557
0.000906776
0.000127544
0.000416998
6.46983e-05
0.000313024
0.000130209
-0.000199384
-0.000278932
0.000762577
-0.00120282
-0.000594799
-0.000231003
0.00200213
-0.00065007
0.00059479
0.00260052
-5.95607e-08
0.000696415
0.000719413
0.00064999
0.000696398
0.000719521
0.000594776
0.000594772
0.0026006
0.000278895
-0.000230937
0.00200211
-0.000313047
0.000762562
-0.0012028
0.00013019
-0.000199406
0.00039689
-0.000139943
-0.00036269
0.000296364
-4.00434e-05
-0.000625747
0.000230773
-0.000296538
0.0013244
8.42286e-05
0.000278847
0.0020021
-6.45695e-08
0.00117506
0.00189929
-8.4318e-05
0.00117507
0.00189924
-0.000230895
0.000278864
0.00200212
-0.000296456
-0.000296483
0.00132436
-0.000396889
-4.00946e-05
-0.000625816
-0.000139959
-0.000362729
-7.78795e-06
3.7114e-05
-0.00215346
4.01084e-05
7.82318e-06
-0.00235025
-0.000762554
-0.000396917
-0.000625864
-0.000906761
-0.000313105
-0.00120274
1.06272e-08
0.00042948
0.000127588
0.000906789
0.000429501
0.000127503
0.000762557
-0.000313067
-0.00120275
-4.01046e-05
-0.000396896
-0.000625819
7.80564e-06
7.81247e-06
-0.00235031
3.71113e-05
-0.0021535
-3.71112e-05
-0.00200098
0.000139957
-0.0021535
-0.000130196
-0.000362792
-0.000416989
-0.000199464
6.67107e-09
6.47802e-05
0.00041699
6.46725e-05
0.000130192
-0.000199445
-0.00013996
-0.000362747
3.71113e-05
-0.0021535
-0.00200098
-2.96551e-05
-2.96453e-05
-0.00194169
0.000237231
-0.000362333
-0.00205798
-0.000116222
0.000403208
-0.000412477
-0.000364152
6.5329e-05
-1.67703e-05
1.7227e-09
-0.000410325
0.000110952
0.000364141
-0.000410419
0.000110947
0.000116224
6.53275e-05
-1.67953e-05
-0.00023721
0.000403221
-0.000412466
2.96616e-05
-0.000362267
-0.00205803
-2.96384e-05
-0.00194168
-0.000362434
0.000237271
-0.00205796
-0.000403669
-0.000403441
-0.00226781
-0.000773947
0.000219387
-7.16544e-05
-0.000734611
-0.000524326
-0.000652448
5.15399e-08
-0.00092874
-8.85954e-05
0.000734675
-0.000928862
-8.86276e-05
0.000773977
-0.000524352
-0.000652384
0.000403771
0.000219342
-7.16122e-05
0.0003625
-0.000403284
-0.00226793
0.000237297
-0.00205795
0.000403209
-0.000116208
-0.000412498
0.00021949
-0.000773853
-7.17497e-05
-4.98753e-05
-4.99451e-05
0.00186315
-0.000338138
-0.000898433
0.00266448
-5.59408e-08
-0.000525106
0.00115764
0.00033804
-0.000525219
0.00115756
4.97783e-05
-0.000898439
0.00266446
-0.00021958
-4.99821e-05
0.00186309
-0.000403212
-0.000773802
-7.18056e-05
-0.000116197
-0.000412531
6.53674e-05
-0.000364161
-1.67928e-05
-0.000524271
-0.000734554
-0.000652495
-0.000898421
-0.000338174
0.00266447
-0.000656573
-0.000656668
0.00211662
-7.77843e-08
-0.000228276
-0.00023418
0.000656495
-0.000228508
-0.000233997
0.000898424
-0.000656693
0.00211669
0.000524263
-0.000338194
0.00266444
-6.53835e-05
-0.000734548
-0.00065242
-0.00036415
-1.68705e-05
-0.0004103
6.7939e-09
0.000110981
-0.000928703
8.45024e-08
-8.84967e-05
-0.000525045
-9.51943e-08
0.00115771
-0.000228116
-1.47213e-07
-0.000234187
-3.4869e-09
-5.43135e-08
-0.000568771
0.000228166
-4.23676e-08
-0.000568463
0.000525081
-1.22531e-07
-0.000234157
0.000928709
-8.24203e-08
0.00115764
0.000410312
7.79708e-08
-8.84794e-05
9.76962e-09
0.00011103
-0.000410445
0.000364149
0.000110961
-0.000928898
0.000734669
-8.86062e-05
-0.000525285
0.000338008
0.0011576
-0.000228618
0.000656518
-0.000233758
6.7608e-09
0.000228298
-0.000568146
0.000228672
0.000228537
-0.000567888
0.000525315
0.000656574
-0.000233735
0.000928888
0.000338039
0.00115757
0.00041044
0.000734666
-8.85961e-05
0.000364149
0.000111
6.53677e-05
0.000116218
-1.682e-05
-0.000524298
0.000773926
-0.000652406
-0.000898423
4.97843e-05
0.00266448
-0.000656676
0.000898426
0.00211686
-5.61384e-08
0.00052516
-0.000234068
0.000656625
0.000525266
-0.000233889
0.000898433
0.000898437
0.00211693
0.000524289
4.98223e-05
0.00266447
-6.53785e-05
0.000773883
-0.000652345
0.000116213
-1.68486e-05
0.000403232
-0.00023723
-0.000412474
0.00021941
0.000403664
-7.16634e-05
-4.99242e-05
-0.000219541
0.00186306
-0.000338159
0.000524272
0.00266449
-4.36473e-08
0.00092874
0.00115759
0.000338068
0.00092885
0.00115755
4.98329e-05
0.000524292
0.0026645
-0.000219489
-0.000219498
0.00186301
-0.000403233
0.000403543
-7.17323e-05
-0.000237255
-0.000412494
-0.000362318
2.96576e-05
-0.00205803
-0.00040339
0.000362464
-0.00226798
-0.000773821
-0.000403218
-7.17563e-05
-0.000734546
-6.53823e-05
-0.000652365
4.42181e-08
0.000410331
-8.85925e-05
0.000734612
0.000410413
-8.86276e-05
0.00077385
-6.53782e-05
-0.000652313
0.000403498
-0.00040323
-7.17347e-05
0.000362387
0.000362415
-0.00226807
2.96521e-05
-0.00205802
-2.96423e-05
-0.00194168
0.000237282
-0.00205796
-0.000116208
-0.000412521
-0.000364143
-1.69112e-05
4.21929e-09
0.000110964
0.000364141
0.000110949
0.000116211
-1.68934e-05
-0.000237265
-0.000412501
2.96486e-05
-0.002058
-0.00194168
-3.12151e-05
-3.12066e-05
-0.00187926
0.000405496
-0.000600041
-0.00189465
9.65434e-05
0.000253648
-0.000357173
-0.000308174
8.34516e-05
0.000304495
-1.02726e-08
-0.000323652
0.00012644
0.000308158
-0.0003237
0.000126479
-9.65385e-05
8.34162e-05
0.000304485
-0.000405478
0.000253653
-0.000357179
3.1221e-05
-0.000600013
-0.00189472
-3.12003e-05
-0.00187926
-0.0006001
0.000405532
-0.00189459
-0.000797423
-0.000797255
-0.00187328
-0.000839487
0.000205772
1.82858e-05
-0.000570123
-0.000490748
-0.000347612
9.4405e-09
-0.000594595
-0.000387785
0.000570147
-0.000594677
-0.000387789
0.000839534
-0.000490838
-0.000347515
0.000797524
0.000205724
1.83268e-05
0.000600149
-0.000797163
-0.0018734
0.000405556
-0.00189455
0.000253649
9.6562e-05
-0.000357178
0.000205868
-0.000839437
1.82124e-05
-0.000137968
-0.000138039
0.0025508
-0.000294218
-0.000878269
0.00320825
-1.61472e-08
-0.000281544
0.000550392
0.000294178
-0.000281628
0.000550316
0.000137909
-0.000878301
0.0032082
-0.000205924
-0.000138068
0.00255072
-0.000253642
-0.000839414
1.81632e-05
9.65863e-05
-0.000357203
8.34838e-05
-0.000308177
0.000304463
-0.000490691
-0.000570124
-0.000347634
-0.000878258
-0.000294226
0.00320823
-0.000560449
-0.000560504
0.00148105
-3.70911e-08
-0.000151283
-0.000924854
0.000560448
-0.000151405
-0.000924706
0.000878321
-0.000560503
0.00148102
0.000490725
-0.000294171
0.00320814
-8.3485e-05
-0.000570105
-0.000347519
-0.000308152
0.000304382
-0.000323626
-1.36964e-08
0.000126444
-0.000594568
1.76572e-08
-0.000387697
-0.000281513
-3.46706e-08
0.000550465
-0.000151214
-9.08343e-08
-0.0009249
2.34218e-08
-5.31645e-09
-0.000871286
0.000151291
-9.58088e-09
-0.000871126
0.00028157
-8.53297e-08
-0.000924853
0.000594586
-1.77981e-08
0.000550468
0.000323625
1.68758e-08
-0.00038764
-7.5115e-09
0.000126511
-0.000323701
0.000308158
0.000126491
-0.00059471
0.000570162
-0.000387741
-0.000281696
0.000294149
0.000550405
-0.000151462
0.000560475
-0.000924558
1.76915e-08
0.000151354
-0.000870984
0.000151526
0.000151466
-0.000870872
0.000281747
0.000560479
-0.00092452
0.000594724
0.000294098
0.00055048
0.000323693
0.000570137
-0.000387686
0.000308148
0.000126537
8.34162e-05
-9.65454e-05
0.000304467
-0.000490842
0.000839518
-0.000347504
-0.000878319
0.000137926
0.00320818
-0.000560483
0.000878364
0.00148114
-3.52025e-08
0.000281636
-0.000924797
0.000560481
0.000281713
-0.000924653
0.000878369
0.000878384
0.00148114
0.000490858
0.00013794
0.00320814
-8.34184e-05
0.000839481
-0.000347412
-9.65588e-05
0.00030444
0.000253658
-0.000405495
-0.000357183
0.000205777
0.00079745
1.82853e-05
-0.000138001
-0.000205881
0.00255064
-0.000294115
0.00049079
0.00320818
-1.73275e-09
0.000594656
0.00055046
0.000294073
0.000594736
0.000550449
0.000137931
0.00049086
0.00320816
-0.000205833
-0.000205842
0.00255055
-0.000253659
0.00079736
1.82158e-05
-0.000405516
-0.000357196
-0.000600038
3.12179e-05
-0.00189471
-0.000797231
0.000600125
-0.00187346
-0.000839403
-0.000253647
1.81815e-05
-0.000570063
-8.34575e-05
-0.000347458
7.91149e-09
0.000323671
-0.000387678
0.000570084
0.000323715
-0.000387683
0.000839433
-8.3424e-05
-0.000347378
0.000797317
-0.000253659
1.81993e-05
0.000600073
0.000600089
-0.00187356
3.12126e-05
-0.00189467
-3.12036e-05
-0.00187926
0.000405539
-0.00189458
9.65747e-05
-0.000357204
-0.000308149
0.000304355
-5.25653e-09
0.000126492
0.000308147
0.000126512
-9.65646e-05
0.000304394
-0.000405524
-0.000357201
3.1209e-05
-0.00189464
-0.00187926
-5.5812e-05
-5.58073e-05
-0.00176765
0.000446524
-0.000577629
-0.00181936
0.000234021
0.000123013
-0.000267683
-0.00017662
-5.60689e-05
0.000771205
-1.43443e-08
-0.000386848
0.000336683
0.000176589
-0.00038689
0.000336766
-0.000234032
-5.61261e-05
0.000771233
-0.000446517
0.000123002
-0.000267696
5.58156e-05
-0.000577649
-0.0018194
-5.58034e-05
-0.00176764
-0.000577632
0.000446549
-0.00181932
-0.000877725
-0.000877679
-0.00127313
-0.000825187
0.0001967
-0.00010794
-0.000426388
-0.000527151
-0.000275329
-5.34734e-08
-0.000571291
-0.000629677
0.000426328
-0.000571354
-0.000629706
0.000825224
-0.000527265
-0.000275273
0.000877782
0.000196654
-0.000107883
0.000577638
-0.000877699
-0.00127321
0.000446569
-0.00181929
0.00012302
0.00023404
-0.000267688
0.000196781
-0.000825193
-0.000108035
-8.43923e-05
-8.44423e-05
0.00311311
9.45126e-06
-0.000632485
0.00321974
-8.65779e-08
-0.000202635
0.000191274
-9.5007e-06
-0.000202666
0.000191043
8.43872e-05
-0.000632526
0.00321957
-0.000196811
-8.44716e-05
0.00311304
-0.000123008
-0.000825227
-0.000108111
0.000234065
-0.000267708
-5.60465e-05
-0.000176618
0.000771167
-0.000527104
-0.000426444
-0.000275325
-0.000632502
9.44213e-06
0.00321974
-0.00033383
-0.000333844
0.000883739
-9.27457e-10
-8.53396e-05
-0.00137598
0.000333869
-8.53874e-05
-0.00137585
0.000632582
-0.000333866
0.000883646
0.000527175
9.48114e-06
0.0032196
5.60793e-05
-0.000426445
-0.000275205
-0.000176585
0.000771112
-0.000386825
-1.85819e-08
0.000336669
-0.000571273
-8.58821e-08
-0.000629607
-0.000202631
-1.43734e-07
0.000191409
-8.53062e-05
-3.30024e-08
-0.00137604
2.13596e-08
8.06141e-09
-0.00104196
8.5356e-05
4.02145e-09
-0.00104185
0.000202668
-4.59871e-08
-0.00137599
0.00057129
-1.35864e-07
0.000191464
0.000386822
-8.68113e-08
-0.000629531
-1.20733e-08
0.00033676
-0.000386885
0.000176579
0.000336778
-0.000571376
0.000426332
-0.000629667
-0.000202709
-9.52469e-06
0.000191119
-8.54108e-05
0.000333897
-0.00137579
1.50166e-08
8.53949e-05
-0.0010418
8.54494e-05
8.5434e-05
-0.00104174
0.00020274
0.000333898
-0.00137575
0.00057139
-9.57371e-06
0.000191268
0.000386881
0.00042632
-0.000629583
0.000176562
0.000336843
-5.61412e-05
-0.000234045
0.000771232
-0.000527291
0.000825236
-0.000275259
-0.000632569
8.44154e-05
0.00321952
-0.00033387
0.00063263
0.000883704
-1.92572e-08
0.0002027
-0.00137595
0.00033388
0.000202724
-0.00137584
0.000632624
0.000632646
0.000883648
0.000527338
8.44183e-05
0.00321944
5.61659e-05
0.00082524
-0.000275161
-0.000234059
0.000771228
0.000123005
-0.000446529
-0.000267705
0.000196692
0.000877768
-0.000107934
-8.44301e-05
-0.000196767
0.00311295
9.51881e-06
0.000527265
0.00321959
-7.92093e-08
0.000571357
0.000191401
-9.58035e-06
0.000571416
0.000191257
8.44013e-05
0.000527354
0.00321947
-0.000196723
-0.000196729
0.00311282
-0.000123009
0.000877764
-0.000108022
-0.000446543
-0.000267722
-0.000577653
5.58138e-05
-0.0018194
-0.000877718
0.000577634
-0.00127326
-0.0008252
-0.000123008
-0.000108097
-0.00042637
5.61204e-05
-0.000275143
-5.12649e-08
0.000386881
-0.000629521
0.000426303
0.000386922
-0.000629542
0.000825211
5.61709e-05
-0.000275104
0.00087775
-0.000123011
-0.000108057
0.000577648
0.000577642
-0.00127333
5.58101e-05
-0.00181938
-5.58049e-05
-0.00176764
0.000446555
-0.0018193
0.000234048
-0.000267706
-0.000176582
0.000771105
-8.39953e-09
0.000336799
0.000176563
0.000336862
-0.000234055
0.000771183
-0.000446548
-0.000267719
5.58074e-05
-0.00181935
-0.00176764
-6.7142e-05
-6.714e-05
-0.00163336
0.000395931
-0.000551595
-0.00173084
0.000257657
0.000174342
-0.000303751
-5.83871e-05
-8.90041e-05
0.00117625
-9.99548e-09
-0.000326006
0.000604311
5.8365e-05
-0.000325988
0.000604379
-0.000257656
-8.90609e-05
0.00117631
-0.00039592
0.00017432
-0.000303751
6.71435e-05
-0.000551624
-0.00173084
-6.71361e-05
-0.00163336
-0.000551594
0.000395953
-0.00173082
-0.000752524
-0.0007525
-0.000871297
-0.000685683
0.000164262
-0.000164702
-0.000318759
-0.000493323
-0.000237934
-2.85536e-09
-0.000522813
-0.000751626
0.000318753
-0.000522771
-0.00075168
0.000685724
-0.00049343
-0.000237874
0.000752562
0.0001642
-0.000164601
0.000551592
-0.00075254
-0.000871323
0.000395967
-0.0017308
0.000174354
0.000257672
-0.000303762
0.000164343
-0.000685689
-0.000164834
-1.47288e-05
-1.47566e-05
0.0034712
0.0002216
-0.000245787
0.00273588
4.41571e-08
-0.000197204
8.7221e-05
-0.000221525
-0.000197206
8.70476e-05
1.47537e-05
-0.000245825
0.00273569
-0.000164345
-1.47862e-05
0.00347113
-0.000174341
-0.000685714
-0.000164942
0.000257678
-0.000303761
-8.89916e-05
-5.8384e-05
0.00117622
-0.000493295
-0.000318781
-0.00023793
-0.00024582
0.000221624
0.00273589
1.80853e-05
1.81033e-05
0.000355943
3.36051e-08
-3.04177e-05
-0.00152471
-1.80168e-05
-3.04686e-05
-0.00152454
0.000245889
1.80441e-05
0.000355872
0.000493378
0.000221625
0.0027357
8.90418e-05
-0.000318782
-0.0002378
-5.83635e-05
0.0011762
-0.00032602
-1.20128e-08
0.000604317
-0.000522842
-1.09388e-08
-0.000751555
-0.000197205
4.31328e-08
8.73534e-05
-3.03891e-05
3.00929e-08
-0.00152478
9.66843e-09
1.36802e-09
-0.00110278
3.04142e-05
-1.29311e-09
-0.00110272
0.000197222
1.07573e-09
-0.00152475
0.000522847
2.00246e-08
8.74441e-05
0.000326016
-1.99983e-08
-0.000751463
-5.85336e-09
0.000604419
-0.00032599
5.83548e-05
0.000604401
-0.000522784
0.000318759
-0.000751643
-0.000197229
-0.000221521
8.7129e-05
-3.04888e-05
-1.79926e-05
-0.0015245
5.44521e-09
3.04482e-05
-0.00110274
3.05008e-05
3.04868e-05
-0.00110272
0.000197237
-1.79727e-05
-0.00152452
0.000522801
-0.000221557
8.72814e-05
0.000325995
0.000318751
-0.000751548
5.83446e-05
0.000604487
-8.90814e-05
-0.000257663
0.00117633
-0.000493465
0.000685745
-0.00023786
-0.000245876
1.47826e-05
0.00273563
1.8022e-05
0.000245922
0.000355891
-3.01202e-09
0.000197233
-0.00152471
-1.80038e-05
0.000197226
-0.00152458
0.000245916
0.000245935
0.00035582
0.000493526
1.47882e-05
0.00273548
8.91273e-05
0.000685758
-0.000237769
-0.000257666
0.00117637
0.000174321
-0.000395928
-0.000303762
0.000164231
0.000752563
-0.000164661
-1.47714e-05
-0.000164291
0.00347102
0.000221618
0.000493448
0.00273568
1.95875e-08
0.000522849
8.73846e-05
-0.000221583
0.00052282
8.72668e-05
1.47748e-05
0.000493532
0.00273552
-0.000164242
-0.000164245
0.00347087
-0.000174322
0.000752588
-0.000164771
-0.000395938
-0.000303772
-0.000551631
6.71433e-05
-0.00173084
-0.000752565
0.000551592
-0.000871353
-0.000685708
-0.000174333
-0.000164911
-0.000318748
8.90746e-05
-0.000237729
-9.89372e-09
0.000326029
-0.000751439
0.000318737
0.000326019
-0.000751488
0.000685738
8.91277e-05
-0.000237701
0.000752589
-0.000174324
-0.000164829
0.000551624
0.000551614
-0.000871396
6.71408e-05
-0.00173083
-6.71361e-05
-0.00163336
0.000395957
-0.0017308
0.000257666
-0.000303748
-5.83613e-05
0.00117621
-4.25659e-09
0.000604471
5.83468e-05
0.00060453
-0.000257667
0.00117632
-0.000395947
-0.000303762
6.71378e-05
-0.00173083
-0.00163337
-5.4707e-05
-5.47058e-05
-0.00152395
0.000363986
-0.000559746
-0.00158979
0.00019849
0.000128356
-0.000266611
2.83996e-05
-7.84625e-05
0.00142481
-2.61633e-09
-0.000239188
0.000871901
-2.84013e-05
-0.000239112
0.000871889
-0.00019846
-7.84655e-05
0.00142484
-0.00036396
0.000128315
-0.000266566
5.47088e-05
-0.000559753
-0.00158976
-5.47016e-05
-0.00152395
-0.000559755
0.000364008
-0.00158978
-0.000696829
-0.000696801
-0.000597167
-0.00069215
3.8155e-05
-7.91799e-05
-0.000368156
-0.000451899
-0.000188493
2.88827e-08
-0.000456712
-0.000902286
0.000368171
-0.000456627
-0.000902307
0.000692174
-0.000451924
-0.000188419
0.000696869
3.80837e-05
-7.90635e-05
0.000559764
-0.00069682
-0.000597151
0.000364031
-0.00158977
0.000128383
0.000198503
-0.000266639
3.82343e-05
-0.000692176
-7.93107e-05
-1.17775e-05
-1.18074e-05
0.00357118
0.000401037
-0.000114854
0.00198602
1.53935e-07
-0.000181549
0.000212941
-0.00040085
-0.00018158
0.000213005
1.18178e-05
-0.000114896
0.00198599
-3.82393e-05
-1.18534e-05
0.00357112
-0.00012838
-0.000692205
-7.94156e-05
0.000198509
-0.000266619
-7.84705e-05
2.83999e-05
0.00142479
-0.000451891
-0.000368182
-0.000188503
-0.000114872
0.000401073
0.00198599
0.000133711
0.000133731
-0.000141224
4.27262e-08
-1.37562e-05
-0.00155884
-0.000133608
-1.38042e-05
-0.00155867
0.000114937
0.00013364
-0.000141209
0.000451942
0.000401022
0.00198582
7.85176e-05
-0.000368199
-0.000188381
2.84036e-05
0.00142482
-0.00023922
-2.68232e-09
0.00087194
-0.000456754
3.15675e-08
-0.000902235
-0.000181542
2.01005e-07
0.000213013
-1.37388e-05
5.07965e-08
-0.0015589
-6.0424e-11
1.13794e-09
-0.00113027
1.37564e-05
5.74847e-10
-0.00113028
0.000181554
2.15503e-08
-0.00155893
0.00045674
1.55677e-07
0.000213125
0.000239208
1.99245e-08
-0.000902149
1.94727e-09
0.000872028
-0.000239109
-2.84055e-05
0.000871913
-0.000456632
0.000368181
-0.00090227
-0.000181597
-0.000400809
0.000213105
-1.38229e-05
-0.000133582
-0.00155865
-6.859e-10
1.37868e-05
-0.00113035
1.38308e-05
1.38243e-05
-0.00113038
0.000181601
-0.000133542
-0.00155872
0.000456632
-0.000400803
0.000213208
0.000239106
0.000368189
-0.000902191
-2.84069e-05
0.000872003
-7.84778e-05
-0.000198448
0.00142485
-0.000451944
0.0006922
-0.000188413
-0.000114942
1.18572e-05
0.00198596
0.000133608
0.000114963
-0.000141204
8.01012e-09
0.00018157
-0.0015589
-0.00013357
0.000181591
-0.00155877
0.000114975
0.000114981
-0.000141248
0.00045199
1.18824e-05
0.00198578
7.85239e-05
0.000692224
-0.000188337
-0.000198436
0.00142492
0.000128312
-0.000363953
-0.000266568
3.81063e-05
0.000696871
-7.91274e-05
-1.18535e-05
-3.81868e-05
0.00357103
0.000400982
0.000451972
0.00198583
1.08454e-07
0.000456708
0.000213121
-0.000400845
0.000456639
0.000213172
1.18766e-05
0.000451991
0.00198579
-3.81137e-05
-3.81312e-05
0.00357088
-0.000128307
0.00069688
-7.92343e-05
-0.000363953
-0.000266562
-0.000559754
5.47096e-05
-0.00158974
-0.000696836
0.000559766
-0.000597166
-0.000692193
-0.000128365
-7.93766e-05
-0.000368176
7.8525e-05
-0.000188298
1.86545e-08
0.00023919
-0.000902117
0.000368185
0.000239124
-0.00090214
0.000692212
7.85286e-05
-0.000188266
0.000696865
-0.000128323
-7.92903e-05
0.000559757
0.000559767
-0.000597175
5.47073e-05
-0.00158973
-5.47009e-05
-0.00152395
0.00036403
-0.00158977
0.000198506
-0.000266589
2.83985e-05
0.00142484
1.73235e-09
0.000872058
-2.83969e-05
0.000872053
-0.000198458
0.00142491
-0.000363984
-0.00026656
5.47037e-05
-0.00158975
-0.00152395
1.02248e-05
1.02247e-05
-0.0015444
0.000298489
-0.000551692
-0.00132636
5.69376e-05
5.94184e-06
-3.1001e-05
9.41769e-05
-1.98225e-05
0.00140739
-6.74626e-09
5.14686e-05
0.000914616
-9.41788e-05
5.15121e-05
0.000914549
-5.69013e-05
-1.98202e-05
0.00140738
-0.000298458
5.93221e-06
-3.09419e-05
-1.02262e-05
-0.000551684
-0.00132631
1.02262e-05
-0.00154441
-0.000551705
0.000298507
-0.00132635
-0.000675465
-0.000675445
-0.000349654
-0.00070524
-0.000189114
0.000145652
-0.000486844
-0.000264107
-0.000162604
-1.8613e-08
-0.000274003
-0.00106364
0.000486801
-0.000273985
-0.00106363
0.000705227
-0.000264119
-0.000162547
0.000675495
-0.000189146
0.000145746
0.000551723
-0.000675455
-0.000349607
0.000298525
-0.00132634
5.95972e-06
5.69486e-05
-3.10407e-05
-0.000189061
-0.000705291
0.000145556
-0.000106652
-0.000106703
0.00340636
0.000330035
-5.08578e-05
0.00133608
8.46474e-08
-9.82541e-05
0.000367143
-0.000329915
-9.82868e-05
0.000367306
0.000106671
-5.09412e-05
0.00133623
0.000189029
-0.000106772
0.00340639
-5.97294e-06
-0.000705356
0.000145487
5.69546e-05
-3.10216e-05
-1.98319e-05
9.41688e-05
0.0014074
-0.000264105
-0.000486892
-0.00016263
-5.08626e-05
0.000329988
0.00133605
0.000148138
0.000148144
-0.000539227
3.05057e-08
-6.16851e-06
-0.00150282
-0.000148042
-6.17942e-06
-0.0015027
5.0908e-05
0.000148047
-0.000539148
0.000264098
0.000329811
0.00133604
1.98554e-05
-0.00048695
-0.000162544
9.41714e-05
0.00140746
5.14632e-05
-1.57233e-08
0.000914661
-0.00027401
-3.57851e-08
-0.00106362
-9.82413e-05
1.04589e-07
0.000367127
-6.16853e-06
3.96579e-08
-0.00150287
-2.83293e-09
6.19886e-09
-0.00114262
6.18339e-06
8.6558e-09
-0.00114266
9.8255e-05
2.44338e-08
-0.00150298
0.000273983
7.06709e-08
0.000367138
-5.14824e-05
-4.03453e-08
-0.00106359
-1.99772e-08
0.000914737
5.15309e-05
-9.41851e-05
0.000914552
-0.000273983
0.000486808
-0.0010636
-9.82832e-05
-0.000329834
0.000367344
-6.18396e-06
-0.000148006
-0.0015027
2.17931e-10
6.20072e-06
-0.00114272
6.19759e-06
6.20953e-06
-0.00114277
9.82808e-05
-0.00014794
-0.00150284
0.000273949
-0.000329695
0.000367305
-5.15579e-05
0.000486855
-0.00106358
-9.42013e-05
0.000914626
-1.98291e-05
-5.68863e-05
0.00140738
-0.00026413
0.000705256
-0.00016256
-5.09813e-05
0.000106715
0.00133626
0.000148014
5.09304e-05
-0.000539135
1.35418e-08
9.82745e-05
-0.00150297
-0.000147958
9.82934e-05
-0.00150288
5.1004e-05
5.09929e-05
-0.000539143
0.000264129
0.000106766
0.0013362
1.9846e-05
0.000705308
-0.000162508
-5.68762e-05
0.00140744
5.93746e-06
-0.000298444
-3.09479e-05
-0.00018912
0.000675499
0.000145687
-0.000106765
0.000189054
0.00340633
0.00032984
0.000264094
0.00133606
5.50683e-08
0.000273971
0.000367209
-0.000329756
0.000273951
0.000367326
0.000106773
0.000264104
0.00133615
0.000189096
0.000189079
0.00340624
-5.93889e-06
0.000675497
0.000145611
-0.000298437
-3.09399e-05
-0.000551678
-1.02264e-05
-0.00132628
-0.000675458
0.000551726
-0.000349613
-0.00070533
-5.97027e-06
0.00014552
-0.000486916
1.98502e-05
-0.000162469
-2.12622e-08
-5.14662e-05
-0.00106357
0.000486869
-5.1515e-05
-0.00106356
0.000705309
1.98413e-05
-0.000162443
0.000675473
-5.95264e-06
0.000145578
0.000551683
0.000551708
-0.000349595
-1.02265e-05
-0.00132626
1.02265e-05
-0.00154441
0.000298526
-0.00132634
5.69528e-05
-3.09861e-05
9.41687e-05
0.00140747
-1.13723e-08
0.000914772
-9.41836e-05
0.00091471
-5.6899e-05
0.00140747
-0.00029847
-3.0942e-05
-1.02266e-05
-0.00132628
-0.00154441
-2.10149e-06
-2.10109e-06
-0.0015402
0.000176107
-0.000506122
-0.000998444
-4.11761e-05
-5.67589e-05
0.000243041
-1.03053e-05
7.53737e-05
0.00130115
1.13295e-08
0.000437503
0.000466797
1.03148e-05
0.000437527
0.000466719
4.11864e-05
7.5372e-05
0.00130114
-0.000176088
-5.67445e-05
0.000243077
2.10452e-06
-0.00050612
-0.000998378
-2.10275e-06
-0.0015402
-0.000506132
0.000176117
-0.00099844
-0.000625269
-0.000625258
-0.000111382
-0.000622381
-0.000306979
0.000392983
-0.000529168
7.5795e-05
-0.000256238
-2.93626e-08
-0.000101134
-0.00105414
0.000529146
-0.000101132
-0.00105415
0.000622411
7.57084e-05
-0.000256148
0.000625295
-0.000306977
0.000393095
0.000506142
-0.000625264
-0.00011131
0.000176125
-0.000998429
-5.67682e-05
-4.11756e-05
0.00024302
-0.000307007
-0.000622414
0.000392951
-0.000212915
-0.000212917
0.0032182
-2.9818e-05
0.00014012
0.00108866
7.59243e-09
1.17918e-05
0.000224392
2.97867e-05
1.17965e-05
0.000224598
0.000212858
0.000139972
0.00108889
0.000306945
-0.000212998
0.00321832
5.6739e-05
-0.000622461
0.000392889
-4.11854e-05
0.000243028
7.53642e-05
-1.03197e-05
0.00130118
7.57743e-05
-0.000529186
-0.000256267
0.000140097
-2.98553e-05
0.00108867
0.000116625
0.000116629
-0.000492264
1.79665e-08
-6.68384e-06
-0.00136773
-0.000116562
-6.66769e-06
-0.00136766
-0.000140049
0.000116575
-0.000492263
-7.57667e-05
-2.99492e-05
0.00108871
-7.53608e-05
-0.000529218
-0.000256193
-1.03537e-05
0.00130126
0.000437497
9.26345e-09
0.000466836
-0.000101117
-4.83144e-08
-0.00105414
1.18177e-05
9.33849e-09
0.000224328
-6.68514e-06
2.4082e-08
-0.00136776
-4.45358e-09
2.24232e-09
-0.00115598
6.69522e-06
9.29228e-09
-0.00115604
-1.18245e-05
2.01553e-08
-0.0013679
0.000101077
8.91761e-10
0.000224286
-0.000437516
-4.74203e-08
-0.00105417
-2.78212e-09
0.00046687
0.00043752
1.03161e-05
0.000466725
-0.000101126
0.00052914
-0.00105414
1.18294e-05
2.98125e-05
0.000224585
-6.65682e-06
-0.000116541
-0.00136765
2.39983e-09
6.70236e-06
-0.00115608
6.67168e-06
6.68879e-06
-0.00115612
-1.18467e-05
-0.000116484
-0.00136782
0.000101084
2.99049e-05
0.00022447
-0.000437536
0.00052916
-0.00105417
1.03264e-05
0.000466761
7.53589e-05
4.11898e-05
0.00130115
7.56573e-05
0.000622446
-0.000256164
0.000139904
0.000212839
0.00108899
0.000116553
-0.000140059
-0.000492266
1.38715e-08
-1.18075e-05
-0.00136792
-0.000116491
-1.18221e-05
-0.00136787
-0.000139876
-0.000139926
-0.000492316
-7.5669e-05
0.000212919
0.00108897
-7.53644e-05
0.000622473
-0.000256126
4.12001e-05
0.0013012
-5.67479e-05
-0.000176082
0.000243071
-0.000307001
0.000625303
0.000393084
-0.000213022
0.000306896
0.0032183
-2.99204e-05
-7.57901e-05
0.00108869
2.81897e-09
0.000101068
0.000224411
2.98882e-05
0.000101068
0.000224551
0.000212965
-7.57232e-05
0.00108887
0.00030695
0.000306896
0.00321828
5.67274e-05
0.000625296
0.000393011
-0.000176081
0.000243068
-0.000506117
2.10571e-06
-0.000998355
-0.000625261
0.000506142
-0.000111308
-0.000622445
5.67219e-05
0.000392878
-0.000529215
-7.53577e-05
-0.000256131
-2.96388e-08
-0.000437525
-0.00105417
0.000529183
-0.000437546
-0.00105416
0.000622458
-7.53663e-05
-0.000256075
0.000625273
5.67136e-05
0.000392945
0.000506114
0.00050613
-0.000111271
2.10723e-06
-0.000998336
-2.10322e-06
-0.0015402
0.000176124
-0.000998427
-4.11845e-05
0.000243044
-1.0329e-05
0.00130126
1.93284e-10
0.000466918
1.03173e-05
0.000466847
4.11968e-05
0.00130123
-0.000176097
0.000243066
2.1058e-06
-0.000998353
-0.00154019
-7.02213e-05
-7.02255e-05
-0.00139975
1.95124e-05
-0.000436797
-0.00065138
-0.00010242
-8.83178e-05
0.000453291
-0.000254956
0.000241649
0.00121203
-2.60106e-08
0.000257133
-4.52653e-05
0.000254927
0.000257112
-4.53458e-05
0.000102422
0.000241677
0.00121197
-1.94986e-05
-8.83252e-05
0.000453322
7.02255e-05
-0.000436812
-0.00065129
-7.02303e-05
-0.00139974
-0.000436805
1.95184e-05
-0.000651378
-0.000588533
-0.000588516
0.000192065
-0.000505502
-0.0002893
0.000510934
-0.000357428
0.00030176
-0.000464423
-3.45292e-09
-8.08681e-05
-0.00107357
0.000357426
-8.08875e-05
-0.00107358
0.000505516
0.000301782
-0.000464344
0.000588556
-0.000289337
0.000511066
0.000436817
-0.000588521
0.000192139
1.95256e-05
-0.000651369
-8.83335e-05
-0.000102419
0.000453291
-0.000289338
-0.000505513
0.000510953
-0.000336954
-0.000336943
0.00331346
-0.000200656
0.00014931
0.00110481
-5.28029e-08
7.01557e-05
-0.000127236
0.000200505
7.01974e-05
-0.000127045
0.000336852
0.000149346
0.00110498
0.00028927
-0.000337025
0.00331359
8.82869e-05
-0.000505538
0.000510889
-0.000102442
0.000453283
0.000241631
-0.000254964
0.00121209
0.000301718
-0.000357442
-0.000464425
0.000149267
-0.000200642
0.00110482
8.50823e-06
8.52061e-06
-0.000210716
-8.11941e-09
-3.56655e-05
-0.0012534
-8.51722e-06
-3.56298e-05
-0.00125332
-0.000149283
8.57664e-06
-0.000210728
-0.000301743
-0.000200599
0.00110475
-0.000241653
-0.000357472
-0.000464349
-0.000255015
0.00121218
0.000257151
-3.87443e-08
-4.52402e-05
-8.08538e-05
-5.87618e-09
-0.00107357
7.01646e-05
-7.65502e-08
-0.000127256
-3.56617e-05
-1.01578e-08
-0.0012534
-2.85365e-09
-1.89268e-09
-0.0012273
3.56743e-05
2.42777e-09
-0.00122735
-7.01384e-05
-1.30128e-09
-0.00125351
8.08424e-05
-6.24553e-08
-0.000127231
-0.00025721
-7.44791e-09
-0.00107358
-3.7643e-08
-4.53171e-05
0.000257107
0.000254912
-4.53329e-05
-8.0891e-05
0.000357434
-0.00107358
7.02245e-05
0.000200429
-0.000127036
-3.56056e-05
-8.53352e-06
-0.00125329
9.8729e-10
3.56748e-05
-0.00122737
3.56217e-05
3.5639e-05
-0.00122738
-7.01993e-05
-8.5541e-06
-0.00125345
8.08755e-05
0.000200413
-0.000127079
-0.000257163
0.000357455
-0.00107359
0.000254956
-4.53959e-05
0.000241663
0.000102419
0.00121198
0.000301746
0.00050553
-0.000464342
0.000149322
0.000336798
0.00110504
8.57976e-06
-0.000149335
-0.000210721
1.24431e-09
-7.01408e-05
-0.00125353
-8.55367e-06
-7.01886e-05
-0.00125348
-0.000149306
-0.000149334
-0.000210784
-0.000301759
0.000336883
0.00110496
-0.000241682
0.000505546
-0.000464295
0.000102441
0.00121204
-8.83436e-05
-1.94949e-05
0.000453328
-0.000289384
0.000588557
0.000511098
-0.000337068
0.000289209
0.00331357
-0.000200634
-0.000301787
0.00110471
-4.47705e-08
8.08327e-05
-0.000127152
0.000200497
8.08493e-05
-0.000127029
0.000336965
-0.000301798
0.00110486
0.000289313
0.000289235
0.00331358
8.82992e-05
0.00058855
0.000511021
-1.94988e-05
0.000453307
-0.000436818
7.02309e-05
-0.000651263
-0.000588529
0.000436816
0.000192144
-0.00050554
8.826e-05
0.000510837
-0.000357477
-0.00024166
-0.000464321
-6.06647e-09
-0.000257231
-0.00107357
0.000357467
-0.000257209
-0.00107358
0.000505548
-0.000241687
-0.000464267
0.000588538
8.82656e-05
0.000510924
0.000436813
0.000436818
0.000192186
7.02368e-05
-0.000651259
-7.02292e-05
-0.00139974
1.95247e-05
-0.000651365
-0.000102442
0.000453271
-0.000255007
0.00121217
-2.71294e-08
-4.52929e-05
0.000254972
-4.53604e-05
0.000102444
0.00121207
-1.95105e-05
0.000453286
7.02326e-05
-0.000651278
-0.00139973
-7.09718e-05
-7.0973e-05
-0.00125781
-6.29047e-05
-0.000377866
-0.000281582
-0.000170971
-6.26516e-05
0.000624008
-0.000310479
0.000433377
0.000918164
-7.08794e-08
0.000142475
-0.000498148
0.000310423
0.000142424
-0.000498264
0.000170993
0.000433484
0.000917912
6.29132e-05
-6.26635e-05
0.000624066
7.09769e-05
-0.000377873
-0.000281482
-7.09688e-05
-0.0012578
-0.000377873
-6.28942e-05
-0.000281584
-0.00056782
-0.000567795
0.000571943
-0.000515463
-0.000206222
0.000602147
-0.000275802
0.000344702
-0.000615409
1.60941e-08
-5.8024e-05
-0.00114889
0.000275822
-5.80715e-05
-0.00114889
0.000515469
0.00034492
-0.000615427
0.000567851
-0.000206269
0.000602289
0.000377889
-0.000567791
0.00057202
-6.28684e-05
-0.00028158
-6.26636e-05
-0.000170952
0.000624012
-0.000206255
-0.000515444
0.000602193
-0.000368242
-0.000368226
0.00363745
-0.000181554
-3.59582e-06
0.00126642
-5.30096e-08
4.04568e-05
-0.000407217
0.00018141
4.0495e-05
-0.000407074
0.000368157
-3.41743e-06
0.00126657
0.000206215
-0.00036828
0.00363755
6.26284e-05
-0.000515441
0.000602126
-0.00017097
0.000624012
0.00043336
-0.000310484
0.000918266
0.000344663
-0.000275795
-0.000615376
-3.63035e-06
-0.000181551
0.00126644
-0.00011502
-0.000115008
1.2085e-05
-2.45744e-08
-8.44406e-05
-0.00124349
0.000114992
-8.44108e-05
-0.00124343
3.57225e-06
-0.00011488
1.21539e-05
-0.0003448
-0.000181506
0.00126634
-0.000433443
-0.000275803
-0.000615344
-0.000310469
0.000918241
0.000142515
-9.67101e-08
-0.000498143
-5.80012e-05
2.42467e-08
-0.00114888
4.046e-05
-7.43646e-08
-0.000407194
-8.44387e-05
-3.0161e-08
-0.00124348
-2.44472e-09
-6.53185e-09
-0.00139617
8.44497e-05
-6.20155e-09
-0.0013962
-4.04205e-05
-1.45386e-08
-0.00124351
5.80216e-05
-5.9428e-08
-0.00040712
-0.00014253
1.86142e-08
-0.00114885
-7.6848e-08
-0.000498239
0.000142451
0.000310407
-0.000498287
-5.80675e-05
0.000275829
-0.00114887
4.05123e-05
0.000181348
-0.000407038
-8.4395e-05
0.000114982
-0.0012434
-3.2417e-09
8.44448e-05
-0.00139621
8.4412e-05
8.44185e-05
-0.00139622
-4.04634e-05
0.000114884
-0.00124347
5.80798e-05
0.000181334
-0.000407016
-0.000142474
0.000275831
-0.00114885
0.000310408
-0.000498355
0.000433499
0.000170985
0.000917903
0.000344953
0.000515459
-0.000615426
-3.38246e-06
0.000368105
0.00126662
-0.000114845
3.54179e-06
1.21816e-05
-7.2446e-09
-4.04126e-05
-0.00124351
0.000114858
-4.04466e-05
-0.00124348
3.38141e-06
3.40626e-06
1.21712e-05
-0.00034501
0.000368164
0.00126652
-0.000433544
0.000515459
-0.000615388
0.000170999
0.0009179
-6.26816e-05
6.29076e-05
0.000624087
-0.000206315
0.000567845
0.000602346
-0.000368328
0.000206171
0.00363751
-0.000181534
-0.000344841
0.0012663
-4.30939e-08
5.80386e-05
-0.000407094
0.000181406
5.80822e-05
-0.000407007
0.00036824
-0.000344996
0.00126643
0.000206267
0.000206205
0.00363751
6.26463e-05
0.00056783
0.00060227
6.28832e-05
0.000624069
-0.000377879
7.0979e-05
-0.000281455
-0.000567808
0.000377888
0.000572031
-0.000515467
6.26114e-05
0.000602055
-0.000275819
-0.000433458
-0.000615352
1.02081e-08
-0.00014251
-0.00114885
0.000275834
-0.000142465
-0.00114886
0.000515477
-0.000433535
-0.000615371
0.000567828
6.26201e-05
0.000602158
0.000377881
0.000377883
0.00057208
7.0977e-05
-0.000281471
-7.09676e-05
-0.00125779
-6.28676e-05
-0.000281577
-0.000170978
0.000623993
-0.00031046
0.000918189
-5.74502e-08
-0.000498205
0.000310415
-0.000498298
0.000170999
0.000917947
6.28712e-05
0.000624033
7.09698e-05
-0.000281494
-0.00125778
-0.000111155
-0.000111153
-0.0010355
-0.000159646
-0.000351009
0.000117918
-0.000283817
-1.58894e-05
0.000764068
-0.000365095
0.000456309
0.000543133
-3.1849e-08
8.86832e-05
-0.000951895
0.000365131
8.86108e-05
-0.000952037
0.000283903
0.000456465
0.000542675
0.000159664
-1.5869e-05
0.000764173
0.000111178
-0.000350996
0.000118
-0.000111151
-0.00103547
-0.000351019
-0.000159637
0.000117918
-0.000537764
-0.000537747
0.000945426
-0.000523325
-0.000122945
0.000694764
-0.000246555
0.000317501
-0.000753371
3.19473e-08
-5.96105e-05
-0.00124718
0.000246587
-5.9651e-05
-0.00124718
0.000523325
0.000317719
-0.000753419
0.000537802
-0.000122967
0.00069491
0.000351042
-0.00053774
0.000945524
-0.000159609
0.000117921
-1.59011e-05
-0.000283774
0.00076405
-0.000122968
-0.000523308
0.000694821
-0.000333883
-0.000333875
0.0040593
-0.000122422
-8.50519e-05
0.00145751
-1.1844e-08
5.90704e-06
-0.000595145
0.00012234
5.94702e-06
-0.000595024
0.000333817
-8.48303e-05
0.00145764
0.000122948
-0.000333892
0.00405934
1.58723e-05
-0.000523308
0.00069477
-0.000283793
0.000764068
0.000456306
-0.000365063
0.000543249
0.000317483
-0.00024654
-0.000753321
-8.50733e-05
-0.000122425
0.00145754
-0.000149484
-0.000149481
0.000140925
-4.12057e-08
-9.18995e-05
-0.00129513
0.000149437
-9.18778e-05
-0.00129509
8.49949e-05
-0.000149353
0.000141119
-0.000317626
-0.000122407
0.00145748
-0.00045642
-0.000246544
-0.000753315
-0.000365042
0.00054307
8.87144e-05
-4.93412e-08
-0.000951871
-5.95895e-05
4.6088e-08
-0.00124716
5.91197e-06
-1.38982e-08
-0.000595107
-9.18938e-05
-5.10589e-08
-0.00129511
-4.8084e-09
-1.10485e-08
-0.00157995
9.18927e-05
-1.19895e-08
-0.00157997
-5.89135e-06
-2.91512e-08
-0.00129505
5.96183e-05
-8.86627e-09
-0.000595028
-8.8674e-05
3.59502e-08
-0.00124714
-3.4017e-08
-0.000951921
8.86255e-05
0.00036511
-0.000952072
-5.96404e-05
0.000246592
-0.00124715
5.96819e-06
0.00012231
-0.000594971
-9.18631e-05
0.000149434
-0.00129505
-6.98045e-09
9.1891e-05
-0.00157997
9.18651e-05
9.18696e-05
-0.00157997
-5.93669e-06
0.000149335
-0.00129503
5.96638e-05
0.000122314
-0.00059494
-8.85979e-05
0.000246587
-0.00124714
0.000365089
-0.000952077
0.000456524
0.000283895
0.000542594
0.000317781
0.000523312
-0.000753404
-8.47603e-05
0.00033378
0.00145769
-0.000149308
8.4984e-05
0.000141179
-1.77063e-08
-5.87755e-06
-0.00129503
0.000149303
-5.91178e-06
-0.00129502
8.47517e-05
8.48091e-05
0.000141248
-0.000317837
0.000333809
0.00145761
-0.000456575
0.000523317
-0.00075338
0.000283892
0.000542523
-1.58727e-05
0.000159654
0.0007642
-0.000122994
0.000537805
0.000694974
-0.000333925
0.000122925
0.0040593
-0.000122425
-0.00031765
0.00145743
-8.49429e-09
5.96387e-05
-0.000595026
0.000122352
5.96789e-05
-0.000594958
0.00033386
-0.0003178
0.00145753
0.000122975
0.000122944
0.00405926
1.58539e-05
0.000537789
0.000694919
0.00015962
0.000764196
-0.000350997
0.000111177
0.000118019
-0.000537749
0.000351045
0.000945543
-0.000523335
1.58596e-05
0.000694706
-0.000246565
-0.000456431
-0.00075334
2.29736e-08
-8.86553e-05
-0.00124715
0.000246592
-8.85899e-05
-0.00124716
0.000523341
-0.000456537
-0.000753383
0.000537782
1.58457e-05
0.000694816
0.000351017
0.000351027
0.000945606
0.000111167
0.000117999
-0.000111152
-0.00103546
-0.000159609
0.000117925
-0.000283827
0.000764071
-0.000365066
0.000542996
-2.07803e-08
-0.000951905
0.000365102
-0.000952011
0.000283896
0.000542617
0.000159614
0.000764161
0.000111163
0.000117984
-0.00103545
-7.35934e-05
-7.35984e-05
-0.000888306
-7.57481e-05
-0.00034335
0.000463423
-0.000252377
1.77768e-05
0.00092292
-0.000311151
0.000340911
0.000260996
3.70631e-09
2.74692e-05
-0.00129052
0.000311097
2.74535e-05
-0.00129058
0.00025233
0.000340945
0.000260497
7.57495e-05
1.77748e-05
0.000922979
7.35994e-05
-0.000343346
0.000463496
-7.35825e-05
-0.000888287
-0.000343354
-7.57521e-05
0.000463425
-0.000504675
-0.000504672
0.00126807
-0.000468814
-8.13558e-05
0.000758035
-0.000203589
0.000219699
-0.000897383
4.02929e-08
-7.06169e-05
-0.00135272
0.000203623
-7.06186e-05
-0.00135269
0.000468791
0.00021975
-0.000897392
0.00050471
-8.13926e-05
0.000758159
0.000343386
-0.000504675
0.00126818
-7.57174e-05
0.000463441
1.77729e-05
-0.000252373
0.000922899
-8.13621e-05
-0.000468812
0.000758096
-0.000283715
-0.000283707
0.004464
-7.66981e-05
-0.000153115
0.00162331
5.60964e-08
1.74463e-05
-0.000759962
7.67299e-05
1.74802e-05
-0.000759797
0.000283687
-0.00015302
0.00162346
8.13662e-05
-0.000283712
0.00446398
-1.77807e-05
-0.000468813
0.000758056
-0.000252324
0.000922894
0.000340922
-0.000311147
0.000261102
0.000219711
-0.000203582
-0.000897341
-0.000153105
-7.66881e-05
0.00162334
-0.00016299
-0.000162994
0.00016069
-3.83958e-08
-6.27113e-05
-0.00137792
0.00016296
-6.27038e-05
-0.0013779
0.000153075
-0.000162926
0.000160911
-0.00021977
-7.67182e-05
0.00162333
-0.000340964
-0.0002036
-0.000897334
-0.000311105
0.000260887
2.74801e-05
7.04197e-10
-0.0012905
-7.06081e-05
5.61411e-08
-0.00135271
1.74521e-05
8.48128e-08
-0.00075994
-6.27044e-05
-4.78213e-08
-0.0013779
1.16963e-10
-1.97818e-09
-0.00170537
6.27041e-05
-5.27675e-09
-0.00170537
-1.74408e-05
-2.70203e-08
-0.0013778
7.06175e-05
7.10122e-08
-0.000759875
-2.74806e-05
4.37443e-08
-0.00135269
6.19083e-09
-0.00129051
2.74612e-05
0.000311068
-0.0012906
-7.06084e-05
0.000203633
-0.00135266
1.74989e-05
7.67405e-05
-0.000759734
-6.26933e-05
0.000162963
-0.00137787
-3.52478e-09
6.2708e-05
-0.00170537
6.26924e-05
6.26975e-05
-0.00170537
-1.74788e-05
0.000162912
-0.0013778
7.06186e-05
7.67661e-05
-0.000759732
-2.74638e-05
0.000203643
-0.00135265
0.000311057
-0.00129059
0.000340971
0.000252308
0.000260383
0.000219779
0.000468786
-0.000897364
-0.000152971
0.000283673
0.00162351
-0.000162897
0.00015309
0.000160978
-1.73717e-08
-1.74271e-05
-0.00137777
0.000162891
-1.7456e-05
-0.00137778
0.000152972
0.000153014
0.000161065
-0.000219799
0.000283688
0.00162346
-0.000340986
0.000468798
-0.000897347
0.000252278
0.000260316
1.77716e-05
7.57427e-05
0.000922994
-8.14093e-05
0.000504723
0.000758218
-0.000283731
8.13638e-05
0.00446393
-7.67381e-05
-0.000219771
0.0016233
4.63425e-08
7.06262e-05
-0.000759864
7.67642e-05
7.06314e-05
-0.000759763
0.000283709
-0.000219789
0.00162339
8.1414e-05
8.13997e-05
0.00446384
-1.7774e-05
0.000504721
0.000758184
7.57045e-05
0.000922995
-0.000343347
7.35968e-05
0.000463512
-0.000504677
0.000343396
0.0012682
-0.000468823
-1.77845e-05
0.000758
-0.000203613
-0.000340965
-0.000897356
3.0456e-08
-2.74772e-05
-0.00135269
0.000203642
-2.74628e-05
-0.00135267
0.000468813
-0.000340976
-0.000897367
0.000504712
-1.77786e-05
0.000758096
0.000343378
0.000343389
0.00126827
7.35788e-05
0.000463503
-7.35783e-05
-0.000888287
-7.57088e-05
0.000463451
-0.00025233
0.000922908
-0.000311115
0.000260817
6.38146e-09
-0.0012905
0.000311083
-0.00129055
0.000252296
0.000260428
7.56996e-05
0.000922978
7.35767e-05
0.000463496
-0.000888293
-9.72643e-05
-9.72684e-05
-0.000693773
2.28524e-05
-0.000394173
0.00073748
-0.000150065
3.36311e-05
0.00106221
-0.000202595
0.000228726
8.48004e-05
2.71361e-08
6.17889e-06
-0.00149932
0.000202504
6.20134e-06
-0.00149926
0.000149935
0.000228572
8.44934e-05
-2.2885e-05
3.36074e-05
0.00106219
9.72259e-05
-0.000394168
0.000737553
-9.72269e-05
-0.000693834
-0.000394171
2.28468e-05
0.000737482
-0.000506897
-0.000506902
0.00149352
-0.000423485
-7.67249e-05
0.000784979
-0.000183505
9.82857e-05
-0.00100692
3.39945e-08
-8.2897e-05
-0.00144718
0.000183575
-8.28799e-05
-0.00144715
0.000423483
9.81695e-05
-0.0010069
0.000506904
-7.6767e-05
0.000785113
0.000394195
-0.000506899
0.00149362
2.28912e-05
0.000737519
3.36314e-05
-0.000150088
0.0010622
-7.67242e-05
-0.00042348
0.00078503
-0.000206155
-0.000206145
0.00472286
1.40424e-06
-0.000187053
0.00170109
4.17387e-08
3.79182e-05
-0.000879415
-1.36051e-06
3.79371e-05
-0.000879211
0.000206167
-0.000187145
0.00170124
7.67321e-05
-0.00020615
0.0047228
-3.36249e-05
-0.000423494
0.000785008
-0.000150014
0.00106217
0.00022875
-0.000202611
8.48749e-05
9.83242e-05
-0.000183495
-0.0010069
-0.000187006
1.4154e-06
0.00170111
-0.000147364
-0.000147383
8.13774e-05
-9.29532e-09
-2.45857e-05
-0.00146278
0.000147411
-2.45921e-05
-0.00146279
0.000187047
-0.000147455
8.15853e-05
-9.83099e-05
1.40093e-06
0.00170114
-0.000228702
-0.000183531
-0.0010069
-0.000202581
8.47515e-05
6.17869e-06
3.96042e-08
-0.00149933
-8.28933e-05
4.73239e-08
-0.00144718
3.79276e-05
6.6557e-08
-0.000879412
-2.45803e-05
-1.12501e-08
-0.00146276
8.23142e-09
1.05081e-08
-0.00175455
2.45907e-05
6.71616e-09
-0.00175455
-3.79251e-05
-3.21385e-09
-0.00146274
8.28872e-05
5.79343e-08
-0.000879345
-6.19966e-06
3.73145e-08
-0.00144717
3.54112e-08
-0.00149933
6.20944e-06
0.000202474
-0.00149924
-8.28712e-05
0.000183598
-0.00144713
3.79503e-05
-1.34398e-06
-0.000879145
-2.45887e-05
0.000147435
-0.00146278
4.84961e-09
2.45983e-05
-0.00175455
2.45948e-05
2.45987e-05
-0.00175455
-3.7943e-05
0.000147485
-0.00146275
8.28691e-05
-1.33601e-06
-0.00087915
-6.22476e-06
0.000183612
-0.00144713
0.000202484
-0.00149926
0.000228528
0.000149898
8.44322e-05
9.81531e-05
0.000423486
-0.00100688
-0.000187144
0.000206169
0.00170129
-0.000147471
0.000187091
8.16485e-05
-1.18142e-09
-3.79151e-05
-0.00146273
0.000147489
-3.79298e-05
-0.00146274
0.000187155
0.00018716
8.17232e-05
-9.81556e-05
0.000206179
0.00170126
-0.000228512
0.0004235
-0.00100688
0.000149871
8.4417e-05
3.35981e-05
-2.28926e-05
0.00106219
-7.67805e-05
0.000506911
0.000785171
-0.000206163
7.67366e-05
0.00472275
1.38578e-06
-9.82925e-05
0.00170114
3.71218e-08
8.28854e-05
-0.000879316
-1.34362e-06
8.28741e-05
-0.000879186
0.000206183
-9.81855e-05
0.00170121
7.67909e-05
7.67805e-05
0.00472263
-3.35928e-05
0.000506913
0.000785155
-2.29161e-05
0.00106219
-0.000394168
9.72174e-05
0.00073757
-0.000506899
0.000394204
0.00149364
-0.000423502
-3.36232e-05
0.000784963
-0.000183543
-0.000228691
-0.00100692
2.65132e-08
-6.20543e-06
-0.00144717
0.000183599
-6.22506e-06
-0.00144715
0.000423507
-0.000228561
-0.0010069
0.000506913
-3.36002e-05
0.00078507
0.000394194
0.0003942
0.0014937
9.72036e-05
0.000737578
-9.72163e-05
-0.000693853
2.29042e-05
0.000737535
-0.000149995
0.00106218
-0.000202576
8.47078e-05
2.23977e-08
-0.00149931
0.000202511
-0.00149926
0.0001499
8.44777e-05
-2.29184e-05
0.0010622
9.72032e-05
0.000737574
-0.000693886
-0.000216389
-0.000216391
-0.000260993
5.63626e-05
-0.000457575
0.000922304
-3.32582e-05
5.22544e-05
0.00109957
-0.000114061
0.000189754
-2.41507e-05
4.96892e-08
6.9475e-08
-0.0016135
0.000114124
9.06592e-08
-0.00161343
3.32236e-05
0.000189589
-2.41949e-05
-5.64091e-05
5.22384e-05
0.00109959
0.000216373
-0.000457578
0.000922349
-0.000216374
-0.000261087
-0.000457569
5.63529e-05
0.000922307
-0.000544455
-0.000544464
0.0016673
-0.00040457
-0.000100912
0.00079826
-0.000165832
3.45999e-06
-0.00105937
1.07998e-08
-9.65684e-05
-0.00151639
0.000165876
-9.65558e-05
-0.00151637
0.000404562
3.33285e-06
-0.00105933
0.00054444
-0.000100947
0.00079842
0.000457591
-0.000544458
0.00166735
5.64029e-05
0.000922333
5.2247e-05
-3.32642e-05
0.00109957
-0.000100915
-0.000404564
0.000798293
-0.000133302
-0.000133292
0.00478762
7.95801e-05
-0.000185394
0.00167706
1.96799e-09
5.05593e-05
-0.000946964
-7.95481e-05
5.05656e-05
-0.000946783
0.000133336
-0.000185479
0.00167717
0.000100922
-0.000133306
0.00478757
-5.22353e-05
-0.000404578
0.000798284
-3.32319e-05
0.00109957
0.000189781
-0.000114047
-2.41234e-05
3.52144e-06
-0.000165828
-0.00105938
-0.00018535
7.95893e-05
0.0016771
-9.64232e-05
-9.64382e-05
-9.65051e-05
5.04198e-09
9.11365e-07
-0.00150956
9.64663e-05
9.01627e-07
-0.00150959
0.00018539
-9.64941e-05
-9.63228e-05
-3.48243e-06
7.95786e-05
0.00167713
-0.00018973
-0.000165853
-0.00105938
-0.000114078
-2.41321e-05
7.21186e-08
7.08254e-08
-0.00161352
-9.65648e-05
1.5409e-08
-0.00151639
5.0569e-05
7.54587e-09
-0.000946964
9.16281e-07
6.58985e-09
-0.00150955
7.73193e-09
1.00286e-08
-0.00175274
-9.02452e-07
7.56659e-09
-0.00175274
-5.05646e-05
9.23666e-09
-0.00150958
9.6561e-05
1.01604e-08
-0.000946902
-8.84895e-08
1.27021e-08
-0.00151638
5.93498e-08
-0.00161356
1.02386e-07
0.000114132
-0.00161341
-9.65485e-05
0.000165895
-0.00151636
5.05739e-05
-7.95365e-05
-0.000946724
9.02167e-07
9.64894e-05
-0.00150959
5.66844e-09
-8.94371e-07
-0.00175275
-8.92262e-07
-8.89686e-07
-0.00175276
-5.0569e-05
9.65326e-05
-0.0015096
9.65455e-05
-7.95285e-05
-0.000946726
-1.14364e-07
0.000165905
-0.00151637
0.000114149
-0.00161347
0.000189543
3.32087e-05
-2.41877e-05
3.31834e-06
0.000404562
-0.00105932
-0.000185479
0.000133344
0.00167721
-9.65084e-05
0.00018543
-9.62627e-05
7.1144e-09
-5.05563e-05
-0.00150958
9.65322e-05
-5.05612e-05
-0.00150959
0.000185491
0.000185497
-9.61996e-05
-3.32534e-06
0.000133361
0.00167718
-0.000189534
0.000404572
-0.00105934
3.31916e-05
-2.41593e-05
5.22288e-05
-5.64205e-05
0.00109959
-0.000100958
0.000544438
0.000798483
-0.000133316
0.00010092
0.00478753
7.95644e-05
-3.45184e-06
0.00167714
6.07903e-09
9.65594e-05
-0.000946873
-7.95292e-05
9.6549e-05
-0.000946761
0.000133358
-3.3489e-06
0.00167717
0.000100967
0.000100957
0.00478743
-5.22209e-05
0.00054444
0.000798475
-5.64445e-05
0.0010996
-0.000457581
0.000216371
0.00092236
-0.000544459
0.000457597
0.00166736
-0.000404586
-5.2239e-05
0.000798249
-0.00016586
-0.000189716
-0.00105938
9.40087e-09
-9.00623e-08
-0.00151639
0.000165896
-1.09156e-07
-0.00151637
0.000404582
-0.000189581
-0.00105935
0.000544452
-5.22272e-05
0.000798384
0.0004576
0.000457597
0.0016674
0.000216366
0.000922367
-0.000216369
-0.000261114
5.64184e-05
0.000922344
-3.32258e-05
0.00109959
-0.000114098
-2.41362e-05
4.07347e-08
-0.00161354
0.000114149
-0.00161348
3.32049e-05
-2.41596e-05
-5.64408e-05
0.00109961
0.000216365
0.000922365
-0.000261155
-0.000117985
-0.000117986
-2.50213e-05
0.000362815
-0.000554245
0.000995747
0.00023147
7.60172e-05
0.0011549
-4.64377e-07
0.000224339
-1.65551e-05
4.18081e-09
3.80365e-06
-0.00161777
4.95055e-07
3.81151e-06
-0.00161773
-0.000231481
0.000224239
-1.64577e-05
-0.000362791
7.6e-05
0.0011549
0.000118047
-0.000554251
0.000995762
-0.000118045
-2.49955e-05
-0.000554233
0.000362803
0.000995751
-0.000580376
-0.000580387
0.00171958
-0.000397617
-0.000102461
0.00079398
-0.000153228
-1.13739e-05
-0.00106804
-1.48881e-10
-0.000107846
-0.00155797
0.00015324
-0.000107843
-0.00155795
0.000397604
-1.14009e-05
-0.00106805
0.000580367
-0.000102484
0.000794141
0.000554238
-0.000580392
0.00171962
0.000362771
0.000995756
7.60103e-05
0.000231463
0.0011549
-0.00010247
-0.000397613
0.000793999
-6.95272e-05
-6.95181e-05
0.00472174
0.000137726
-0.000181566
0.00164
-1.98616e-08
6.2121e-05
-0.000979186
-0.000137727
6.21206e-05
-0.00097904
6.95606e-05
-0.00018158
0.00164006
0.000102478
-6.95332e-05
0.00472171
-7.5996e-05
-0.000397619
0.000793986
0.00023147
0.00115488
0.000224354
-4.55882e-07
-1.65583e-05
-1.13674e-05
-0.000153225
-0.00106804
-0.000181548
0.000137725
0.00164004
-7.01285e-05
-7.01331e-05
-0.000319358
5.64407e-09
1.89603e-05
-0.00153653
7.01364e-05
1.89548e-05
-0.00153655
0.00018157
-7.01203e-05
-0.000319216
1.13704e-05
0.00013772
0.00164007
-0.000224325
-0.000153236
-0.00106807
-4.65629e-07
-1.65225e-05
3.8077e-06
2.45658e-09
-0.00161778
-0.000107842
8.94897e-10
-0.00155796
6.21284e-05
-2.57111e-08
-0.000979184
1.89634e-05
6.98936e-09
-0.00153653
4.23942e-09
4.92094e-09
-0.00171483
-1.89561e-05
4.28107e-09
-0.00171483
-6.21191e-05
8.12133e-09
-0.00153655
0.000107844
-1.54555e-08
-0.000979129
-3.81716e-06
1.91546e-09
-0.00155796
3.06133e-09
-0.00161784
3.81973e-06
4.93208e-07
-0.00161772
-0.00010784
0.000153248
-0.00155794
6.21251e-05
-0.000137724
-0.00097899
1.89552e-05
7.0146e-05
-0.00153656
3.88899e-09
-1.89528e-05
-0.00171484
-1.89494e-05
-1.89496e-05
-0.00171485
-6.21176e-05
7.01411e-05
-0.00153656
0.000107838
-0.000137709
-0.000978988
-3.82845e-06
0.000153252
-0.00155795
4.93271e-07
-0.00161779
0.000224215
-0.000231489
-1.64205e-05
-1.13973e-05
0.0003976
-0.00106806
-0.000181567
6.95692e-05
0.00164009
-7.01137e-05
0.000181592
-0.000319162
6.48703e-09
-6.21119e-05
-0.00153654
7.01286e-05
-6.21126e-05
-0.00153655
0.000181583
0.000181602
-0.000319115
1.13903e-05
6.95895e-05
0.00164008
-0.000224215
0.000397603
-0.00106808
-0.000231496
-1.63857e-05
7.59903e-05
-0.000362785
0.00115489
-0.000102493
0.000580364
0.000794202
-6.95394e-05
0.00010247
0.00472167
0.000137716
1.13732e-05
0.0016401
-9.76224e-09
0.000107844
-0.000979104
-0.000137705
0.00010784
-0.000979018
6.95807e-05
1.13901e-05
0.0016401
0.000102497
0.000102488
0.00472161
-7.59879e-05
0.000580371
0.000794192
-0.000362774
0.00115489
-0.000554254
0.000118064
0.000995764
-0.000580392
0.000554238
0.00171962
-0.000397624
-7.6003e-05
0.000793954
-0.000153239
-0.000224317
-0.00106807
1.76813e-09
-3.81541e-06
-0.00155797
0.000153251
-3.82325e-06
-0.00155796
0.000397612
-0.000224239
-0.00106808
0.000580384
-7.59981e-05
0.000794098
0.000554256
0.000554245
0.00171965
0.000118086
0.000995764
-0.000118062
-2.49874e-05
0.000362765
0.000995755
0.000231471
0.00115488
-4.77548e-07
-1.65049e-05
5.50183e-09
-0.00161784
5.02885e-07
-0.0016178
-0.00023148
-1.64153e-05
-0.000362764
0.0011549
0.000118086
0.00099576
-2.49838e-05
-4.6417e-05
-4.64173e-05
6.7813e-05
0.000609531
-0.000652754
0.000992554
0.000428242
3.54716e-05
0.00130072
7.35053e-05
0.000289715
4.84661e-05
-3.71084e-08
7.40828e-06
-0.00155164
-7.35544e-05
7.40586e-06
-0.00155162
-0.000428279
0.000289751
4.85157e-05
-0.000609544
3.54584e-05
0.0013007
4.64206e-05
-0.000652767
0.000992564
-4.64172e-05
6.78424e-05
-0.000652742
0.000609522
0.000992554
-0.000605099
-0.00060511
0.00162429
-0.000401069
-9.84013e-05
0.000723823
-0.000143095
1.43086e-05
-0.00105061
-2.74356e-09
-0.000119183
-0.00157447
0.000143071
-0.000119186
-0.00157443
0.000401042
1.43374e-05
-0.00105061
0.000605099
-9.84072e-05
0.00072395
0.000652739
-0.000605121
0.00162433
0.000609532
0.000992545
3.54694e-05
0.000428232
0.00130072
-9.84133e-05
-0.000401068
0.00072384
-1.17805e-05
-1.17729e-05
0.00454848
0.000175898
-0.000154081
0.00162071
-1.58337e-08
7.48428e-05
-0.000997298
-0.000175906
7.48441e-05
-0.00099718
1.18094e-05
-0.000154099
0.00162078
9.84236e-05
-1.17769e-05
0.00454846
-3.5464e-05
-0.000401063
0.000723816
0.000428249
0.0013007
0.000289712
7.35007e-05
4.84612e-05
1.42997e-05
-0.000143096
-0.0010506
-0.000154077
0.000175896
0.00162075
-5.37839e-05
-5.37847e-05
-0.000519948
8.09414e-09
2.98412e-05
-0.00154532
5.37944e-05
2.98383e-05
-0.00154533
0.000154114
-5.37697e-05
-0.000519864
-1.43069e-05
0.000175897
0.00162082
-0.000289739
-0.000143088
-0.00105061
7.35211e-05
4.84656e-05
7.41356e-06
-5.7712e-08
-0.00155164
-0.000119179
-1.72196e-09
-0.00157446
7.48479e-05
-2.04463e-08
-0.000997295
2.98435e-05
9.69237e-09
-0.00154532
3.90249e-09
4.24953e-09
-0.00165515
-2.98382e-05
4.125e-09
-0.00165516
-7.48404e-05
9.40443e-09
-0.00154532
0.000119183
-1.04774e-08
-0.000997245
-7.41629e-06
3.4093e-10
-0.00157445
-4.511e-08
-0.00155169
7.41187e-06
-7.35774e-05
-0.00155161
-0.000119184
0.000143065
-0.00157442
7.48474e-05
-0.000175902
-0.00099714
2.98386e-05
5.37984e-05
-0.00154534
4.02943e-09
-2.98368e-05
-0.00165516
-2.98329e-05
-2.98341e-05
-0.00165518
-7.48402e-05
5.37906e-05
-0.00154533
0.000119183
-0.000175888
-0.000997135
-7.41634e-06
0.000143061
-0.00157441
-7.35824e-05
-0.00155167
0.000289769
-0.000428292
4.85245e-05
1.43537e-05
0.000401034
-0.00105062
-0.000154097
1.18208e-05
0.00162082
-5.3764e-05
0.000154128
-0.000519824
7.53682e-09
-7.48358e-05
-0.00154532
5.37816e-05
-7.48371e-05
-0.00154532
0.000154123
0.000154134
-0.0005198
-1.4362e-05
1.18318e-05
0.00162084
-0.000289788
0.000401027
-0.00105062
-0.000428295
4.8539e-05
3.5451e-05
-0.000609547
0.0013007
-9.84109e-05
0.000605099
0.000723999
-1.17762e-05
9.84142e-05
0.00454845
0.000175899
-1.43127e-05
0.00162087
-5.66667e-09
0.000119184
-0.00099722
-0.00017589
0.000119184
-0.000997155
1.18147e-05
-1.43479e-05
0.00162087
9.84142e-05
9.84103e-05
0.00454843
-3.54584e-05
0.000605107
0.000723984
-0.000609547
0.00130069
-0.000652772
4.64226e-05
0.000992566
-0.00060512
0.000652736
0.00162433
-0.00040106
-3.54732e-05
0.000723782
-0.000143086
-0.000289747
-0.00105061
5.7746e-10
-7.41237e-06
-0.00157446
0.000143069
-7.41133e-06
-0.00157443
0.000401034
-0.000289777
-0.00105062
0.000605115
-3.54723e-05
0.0007239
0.000652766
0.000652749
0.00162436
4.64269e-05
0.000992555
-4.64152e-05
6.78503e-05
0.000609541
0.000992535
0.000428256
0.00130069
7.35254e-05
4.84791e-05
-2.62693e-08
-0.0015517
-7.35592e-05
-0.00155168
-0.00042828
4.8529e-05
-0.000609545
0.00130069
4.6423e-05
0.000992541
6.78661e-05
-5.5305e-05
-5.53055e-05
0.000178424
0.000656325
-0.000678105
0.000959028
0.000469802
-1.58798e-06
0.00148883
8.7883e-05
0.000345255
8.51305e-05
-2.08948e-08
5.50265e-06
-0.00146924
-8.79269e-05
5.49521e-06
-0.00146921
-0.000469838
0.000345328
8.5099e-05
-0.000656343
-1.60071e-06
0.00148881
5.53018e-05
-0.000678123
0.000959042
-5.52977e-05
0.000178442
-0.000678096
0.000656318
0.000959026
-0.000606239
-0.000606247
0.00148058
-0.000390273
-0.000110005
0.000616274
-0.000123386
4.84154e-05
-0.00102066
-5.57274e-09
-0.000128547
-0.0015638
0.000123352
-0.00012855
-0.00156375
0.000390253
4.84265e-05
-0.00102061
0.000606244
-0.000109995
0.000616353
0.000678095
-0.000606254
0.00148061
0.000656336
0.000959007
-1.58833e-06
0.000469793
0.00148884
-0.000110016
-0.000390272
0.000616293
2.20926e-05
2.20989e-05
0.00428426
0.000192759
-0.000101125
0.00159958
3.30748e-09
8.72775e-05
-0.00102037
-0.000192748
8.72821e-05
-0.00102026
-2.20606e-05
-0.000101172
0.00159969
0.000110027
2.21108e-05
0.00428427
1.59015e-06
-0.000390261
0.00061626
0.000469806
0.00148882
0.000345247
8.78765e-05
8.51314e-05
4.84102e-05
-0.000123388
-0.00102065
-0.000101121
0.00019276
0.00159962
-3.73849e-05
-3.73876e-05
-0.000647421
1.1441e-08
3.83528e-05
-0.00153379
3.74095e-05
3.8352e-05
-0.0015338
0.000101162
-3.74034e-05
-0.000647386
-4.8409e-05
0.000192762
0.00159974
-0.000345285
-0.000123374
-0.00102062
8.78916e-05
8.50958e-05
5.50626e-06
-3.35143e-08
-0.00146924
-0.000128543
-6.79211e-09
-0.0015638
8.72819e-05
6.54428e-09
-0.00102037
3.83546e-05
1.33643e-08
-0.00153379
3.31272e-09
3.40963e-09
-0.00157845
-3.83512e-05
3.68905e-09
-0.00157845
-8.72828e-05
1.08676e-08
-0.00153381
0.000128544
1.14319e-08
-0.00102032
-5.49979e-06
-4.39682e-09
-0.00156378
-2.60368e-08
-0.00146927
5.4975e-06
-8.79443e-05
-0.0014692
-0.000128548
0.000123343
-0.00156372
8.72856e-05
-0.000192739
-0.00102023
3.83526e-05
3.74142e-05
-0.00153381
3.84917e-09
-3.83512e-05
-0.00157846
-3.83479e-05
-3.83495e-05
-0.00157847
-8.72849e-05
3.74282e-05
-0.00153382
0.000128545
-0.00019273
-0.00102022
-5.49437e-06
0.000123335
-0.00156371
-8.79462e-05
-0.00146924
0.000345357
-0.000469848
8.50718e-05
4.84326e-05
0.00039025
-0.0010206
-0.000101183
-2.20446e-05
0.00159974
-3.74087e-05
0.000101174
-0.000647358
8.54791e-09
-8.72819e-05
-0.0015338
3.74296e-05
-8.72844e-05
-0.00153381
0.000101207
0.000101203
-0.000647353
-4.84386e-05
-2.20473e-05
0.00159981
-0.000345377
0.000390239
-0.00102059
-0.000469852
8.50678e-05
-1.60924e-06
-0.000656344
0.0014888
-0.000109996
0.000606246
0.000616389
2.21198e-05
0.000110018
0.00428427
0.000192765
-4.84122e-05
0.00159981
9.49737e-09
0.000128545
-0.00102029
-0.000192741
0.000128546
-0.00102023
-2.20767e-05
-4.84325e-05
0.00159984
0.000109999
0.000109997
0.00428431
1.60067e-06
0.000606251
0.00061637
-0.000656354
0.00148879
-0.000678129
5.53026e-05
0.000959049
-0.000606253
0.000678092
0.00148061
-0.000390257
1.58132e-06
0.000616222
-0.00012337
-0.000345295
-0.00102062
-2.05045e-09
-5.49662e-06
-0.00156378
0.000123345
-5.49153e-06
-0.00156374
0.00039024
-0.000345355
-0.00102059
0.000606255
1.58345e-06
0.000616299
0.000678125
0.000678108
0.00148063
5.52976e-05
0.000959029
-5.52933e-05
0.000178446
0.000656348
0.000958986
0.000469815
0.0014888
8.78976e-05
8.51009e-05
-1.39401e-08
-0.00146928
-8.79284e-05
-0.00146926
-0.000469841
8.50864e-05
-0.000656359
0.00148879
5.52924e-05
0.000958998
0.000178456
-0.000100998
-0.000100998
0.000380419
0.000569808
-0.000647006
0.000935228
0.000385078
2.36625e-05
0.0016499
8.38903e-05
0.000365856
2.04623e-05
-1.28131e-08
-1.52185e-07
-0.00138518
-8.39239e-05
-1.56291e-07
-0.00138514
-0.000385129
0.000365838
2.04662e-05
-0.000569845
2.36321e-05
0.00164989
0.000100988
-0.00064703
0.000935239
-0.000100981
0.000380411
-0.000646999
0.0005698
0.000935227
-0.000589935
-0.00058994
0.00136645
-0.000367411
-0.000142251
0.000559663
-9.81203e-05
6.52974e-05
-0.000989388
-6.09189e-09
-0.000132461
-0.0015296
9.81079e-05
-0.000132461
-0.00152956
0.000367409
6.52898e-05
-0.000989361
0.000589939
-0.000142239
0.000559693
0.000647002
-0.000589946
0.00136646
0.000569824
0.000935203
2.36641e-05
0.000385069
0.0016499
-0.000142256
-0.000367409
0.000559682
3.20292e-05
3.20287e-05
0.0039357
0.000205778
-4.18687e-05
0.001533
4.78512e-09
9.56877e-05
-0.00104274
-0.000205767
9.56938e-05
-0.00104264
-3.2016e-05
-4.19052e-05
0.00153314
0.000142257
3.20534e-05
0.0039357
-2.36615e-05
-0.000367403
0.000559637
0.000385084
0.0016499
0.000365862
8.38855e-05
2.04528e-05
6.53012e-05
-9.81208e-05
-0.000989377
-4.18609e-05
0.000205779
0.00153303
-1.50619e-05
-1.50656e-05
-0.000701024
5.987e-09
4.279e-05
-0.00149596
1.50783e-05
4.27906e-05
-0.00149597
4.18785e-05
-1.5085e-05
-0.000701006
-6.5302e-05
0.000205785
0.00153319
-0.000365857
-9.81188e-05
-0.000989353
8.38981e-05
2.04244e-05
-1.51005e-07
-2.01278e-08
-0.00138518
-0.000132456
-7.70576e-09
-0.0015296
9.56927e-05
6.87201e-09
-0.00104274
4.27921e-05
6.30062e-09
-0.00149596
1.13124e-09
4.63044e-10
-0.00149287
-4.27923e-05
9.77962e-10
-0.00149287
-9.57016e-05
4.78103e-09
-0.00149599
0.000132453
8.65868e-09
-0.0010427
1.59816e-07
-5.95408e-09
-0.0015296
-1.59581e-08
-0.0013852
-1.56086e-07
-8.39355e-05
-0.00138513
-0.000132457
9.81067e-05
-0.00152953
9.56984e-05
-0.000205758
-0.00104262
4.2792e-05
1.50816e-05
-0.00149598
1.88147e-09
-4.27934e-05
-0.00149288
-4.27905e-05
-4.27925e-05
-0.00149289
-9.57052e-05
1.50989e-05
-0.00149599
0.00013245
-0.000205758
-0.00104261
1.62564e-07
9.8106e-05
-0.00152954
-8.39388e-05
-0.00138516
0.000365834
-0.000385142
2.04444e-05
6.52878e-05
0.000367412
-0.000989357
-4.19139e-05
-3.20065e-05
0.00153319
-1.50896e-05
4.18852e-05
-0.000700986
4.29938e-09
-9.57017e-05
-0.00149599
1.5102e-05
-9.57049e-05
-0.00149599
4.19209e-05
4.19123e-05
-0.000700985
-6.52981e-05
-3.20208e-05
0.00153329
-0.000365838
0.000367404
-0.000989346
-0.000385147
2.04383e-05
2.36141e-05
-0.000569849
0.00164989
-0.000142243
0.000589944
0.000559715
3.20671e-05
0.000142246
0.00393571
0.000205791
-6.53018e-05
0.00153327
8.52827e-09
0.000132455
-0.00104267
-0.000205771
0.000132454
-0.00104261
-3.20444e-05
-6.53017e-05
0.00153333
0.00014224
0.000142228
0.00393578
-2.36209e-05
0.000589948
0.000559687
-0.000569862
0.00164988
-0.000647038
0.000100989
0.000935249
-0.000589944
0.000647001
0.00136646
-0.000367399
-2.36719e-05
0.000559595
-9.81155e-05
-0.000365855
-0.000989346
-3.0364e-09
1.6135e-07
-0.0015296
9.81082e-05
1.63637e-07
-0.00152956
0.000367396
-0.000365841
-0.000989341
0.000589946
-2.36517e-05
0.000559629
0.000647037
0.000647023
0.00136647
0.000100979
0.000935225
-0.000100975
0.00038041
0.000569836
0.000935176
0.000385089
0.00164988
8.3903e-05
2.04324e-05
-8.20882e-09
-0.00138521
-8.39265e-05
-0.00138518
-0.00038513
2.04484e-05
-0.000569862
0.00164987
0.000100972
0.000935187
0.000380407
-3.50638e-05
-3.50641e-05
0.000450547
0.000484535
-0.000596211
0.00101184
0.000212531
0.000118746
0.00180316
8.22627e-05
0.000330438
-0.000179708
-9.87007e-09
8.34704e-07
-0.00130374
-8.22737e-05
8.36113e-07
-0.00130371
-0.000212572
0.000330436
-0.000179671
-0.000484571
0.000118711
0.00180318
3.50612e-05
-0.000596234
0.00101184
-3.50546e-05
0.000450527
-0.000596204
0.000484526
0.00101184
-0.000582347
-0.000582351
0.00133873
-0.000341502
-0.000152802
0.000590366
-7.12313e-05
3.98143e-05
-0.000969034
-1.1517e-08
-0.00012645
-0.00147354
7.12217e-05
-0.000126444
-0.00147351
0.000341502
3.98147e-05
-0.000969021
0.000582345
-0.000152798
0.000590359
0.000596206
-0.000582356
0.00133872
0.000484538
0.00101182
0.000118746
0.000212524
0.00180316
-0.000152805
-0.000341502
0.000590384
2.64808e-05
2.64754e-05
0.00357713
0.000219184
-2.39793e-06
0.00138251
-1.0285e-08
9.98503e-05
-0.00104985
-0.000219194
9.98585e-05
-0.00104976
-2.64889e-05
-2.40272e-06
0.00138265
0.000152796
2.64972e-05
0.00357712
-0.000118746
-0.000341502
0.000590326
0.000212529
0.00180316
0.00033044
8.22617e-05
-0.000179725
3.98183e-05
-7.12341e-05
-0.000969023
-2.39058e-06
0.000219181
0.00138253
5.7745e-06
5.77128e-06
-0.000717358
9.35181e-10
4.15468e-05
-0.00143188
-5.77403e-06
4.1549e-05
-0.00143189
2.37919e-06
5.76592e-06
-0.000717328
-3.98257e-05
0.000219195
0.00138269
-0.000330437
-7.12387e-05
-0.000969005
8.22658e-05
-0.000179749
8.33978e-07
-1.43091e-08
-0.00130374
-0.000126446
-1.58384e-08
-0.00147354
9.98558e-05
-1.70082e-08
-0.00104985
4.15495e-05
-2.99297e-10
-0.00143189
-1.9232e-09
-3.62707e-09
-0.00140977
-4.1555e-05
-2.66121e-09
-0.00140977
-9.98725e-05
-3.53947e-10
-0.0014319
0.000126435
-1.23814e-08
-0.0010498
-8.25908e-07
-1.30945e-08
-0.00147356
-1.25916e-08
-0.00130375
8.35723e-07
-8.22784e-05
-0.0013037
-0.000126438
7.12234e-05
-0.0014735
9.98653e-05
-0.000219195
-0.00104974
4.15521e-05
-5.77379e-06
-0.00143189
-8.45944e-10
-4.15568e-05
-0.00140977
-4.15558e-05
-4.15572e-05
-0.00140978
-9.98797e-05
-5.76624e-06
-0.0014319
0.000126426
-0.000219202
-0.00104973
-8.28415e-07
7.12294e-05
-0.00147352
-8.22805e-05
-0.00130372
0.000330433
-0.000212584
-0.000179684
3.98118e-05
0.000341507
-0.000969019
-2.40031e-06
-2.64918e-05
0.0013827
5.7677e-06
2.37774e-06
-0.000717306
7.12431e-10
-9.98728e-05
-0.00143191
-5.76596e-06
-9.98779e-05
-0.00143191
2.39063e-06
2.38579e-06
-0.000717294
-3.98245e-05
-2.65057e-05
0.00138281
-0.000330436
0.000341505
-0.00096901
-0.000212587
-0.000179691
0.000118692
-0.000484577
0.0018032
-0.000152807
0.00058235
0.000590371
2.65059e-05
0.000152782
0.00357712
0.000219204
-3.98284e-05
0.00138278
-5.2762e-09
0.000126438
-0.00104977
-0.000219208
0.000126432
-0.00104972
-2.65088e-05
-3.98311e-05
0.00138285
0.000152801
0.000152778
0.00357719
-0.000118695
0.000582353
0.000590335
-0.000484586
0.00180319
-0.000596238
3.50611e-05
0.00101185
-0.000582353
0.000596209
0.00133871
-0.000341497
-0.000118756
0.000590277
-7.12333e-05
-0.000330438
-0.000969001
-8.04373e-09
-8.25834e-07
-0.00147356
7.12281e-05
-8.28198e-07
-0.00147354
0.000341498
-0.000330438
-0.000969004
0.00058235
-0.000118727
0.000590282
0.000596238
0.00059623
0.0013387
3.50526e-05
0.00101182
-3.50492e-05
0.00045052
0.000484546
0.00101179
0.000212531
0.00180314
8.22681e-05
-0.000179743
-7.04396e-09
-0.00130376
-8.22751e-05
-0.00130374
-0.000212569
-0.000179696
-0.00048458
0.00180316
3.50466e-05
0.00101179
0.000450506
-3.43891e-05
-3.43896e-05
0.000519326
0.000336443
-0.000559472
0.00120048
5.23274e-05
0.000208508
0.00187876
6.36713e-05
0.000255532
-0.000446584
-1.62646e-08
6.67761e-06
-0.00124673
-6.36946e-05
6.68124e-06
-0.00124671
-5.23505e-05
0.000255571
-0.000446586
-0.00033645
0.000208478
0.0018788
3.43944e-05
-0.000559478
0.00120047
-3.43908e-05
0.000519312
-0.000559468
0.000336436
0.00120048
-0.000603338
-0.000603341
0.00142647
-0.000325178
-0.000150002
0.000670715
-4.44022e-05
-1.31313e-05
-0.000981147
-1.17923e-08
-0.000113928
-0.00139732
4.43922e-05
-0.000113921
-0.00139731
0.000325181
-1.31067e-05
-0.000981131
0.000603337
-0.000150002
0.000670682
0.000559469
-0.000603339
0.00142645
0.000336431
0.00120046
0.000208508
5.23225e-05
0.00187876
-0.00015001
-0.000325178
0.000670739
3.99469e-06
3.9845e-06
0.00326914
0.000224475
7.83158e-06
0.00114107
-1.87165e-08
9.4899e-05
-0.00103418
-0.000224507
9.49083e-05
-0.0010341
-4.02604e-06
7.84834e-06
0.00114121
0.000150003
3.99359e-06
0.0032691
-0.000208509
-0.000325182
0.00067068
5.23255e-05
0.00187876
0.000255524
6.36679e-05
-0.000446594
-1.31343e-05
-4.44049e-05
-0.000981138
7.83341e-06
0.000224467
0.00114108
1.76457e-05
1.7642e-05
-0.00073698
-4.76893e-09
3.61378e-05
-0.00135547
-1.76577e-05
3.6142e-05
-0.00135547
-7.85244e-06
1.76469e-05
-0.000736932
1.31219e-05
0.000224482
0.00114123
-0.000255532
-4.4409e-05
-0.000981124
6.36772e-05
-0.000446633
6.67665e-06
-2.30987e-08
-0.00124672
-0.000113923
-1.60214e-08
-0.00139733
9.49032e-05
-2.94779e-08
-0.00103418
3.61405e-05
-8.24478e-09
-0.00135547
-4.78174e-09
-7.3214e-09
-0.00133748
-3.61502e-05
-6.30161e-09
-0.00133747
-9.49211e-05
-6.68932e-09
-0.00135548
0.000113909
-2.51487e-08
-0.00103412
-6.67307e-06
-1.34324e-08
-0.00139737
-2.00686e-08
-0.00124672
6.68069e-06
-6.37012e-05
-0.0012467
-0.000113916
4.43952e-05
-0.00139731
9.49155e-05
-0.00022452
-0.00103409
3.61471e-05
-1.76614e-05
-0.00135547
-3.64791e-09
-3.61521e-05
-0.00133747
-3.61551e-05
-3.61549e-05
-0.00133748
-9.49315e-05
-1.7661e-05
-0.00135547
0.000113902
-0.00022453
-0.00103406
-6.67669e-06
4.44005e-05
-0.00139736
-6.37063e-05
-0.00124671
0.00025558
-5.23524e-05
-0.000446613
-1.31027e-05
0.000325187
-0.000981127
7.85772e-06
-4.04609e-06
0.00114126
1.76528e-05
-7.85777e-06
-0.000736904
-3.42787e-09
-9.49222e-05
-0.00135548
-1.76603e-05
-9.49291e-05
-0.00135548
-7.8697e-06
-7.86706e-06
-0.000736879
1.30925e-05
-4.05405e-06
0.00114137
-0.000255585
0.000325187
-0.00098112
-5.23568e-05
-0.000446625
0.000208464
-0.000336446
0.00187883
-0.00015001
0.000603348
0.000670684
3.98977e-06
0.000149994
0.00326908
0.000224492
1.31148e-05
0.0011413
-1.39144e-08
0.000113911
-0.0010341
-0.00022452
0.000113905
-0.00103405
-4.02262e-06
1.30925e-05
0.00114139
0.00015001
0.000149994
0.00326911
-0.000208465
0.000603346
0.000670652
-0.000336447
0.00187881
-0.000559471
3.43958e-05
0.00120048
-0.000603329
0.000559478
0.00142644
-0.000325176
-0.000208513
0.000670632
-4.44019e-05
-0.00025554
-0.00098112
-8.63341e-09
-6.67446e-06
-0.00139737
4.4396e-05
-6.67811e-06
-0.00139736
0.000325178
-0.000255577
-0.000981117
0.000603329
-0.000208486
0.000670612
0.000559474
0.000559484
0.00142642
3.43944e-05
0.00120046
-3.43898e-05
0.000519306
0.000336435
0.00120044
5.23298e-05
0.00187873
6.36833e-05
-0.000446637
-1.2874e-08
-0.00124674
-6.37014e-05
-0.00124673
-5.2353e-05
-0.000446621
-0.000336448
0.00187877
3.43917e-05
0.00120043
0.000519293
-0.000122117
-0.000122118
0.00076356
0.000207902
-0.000538255
0.00140872
-4.05035e-05
0.000246158
0.00188101
2.86763e-05
0.000185502
-0.000701266
-1.76879e-08
9.58995e-06
-0.00122763
-2.87083e-05
9.59212e-06
-0.00122762
4.05083e-05
0.000185529
-0.000701332
-0.000207882
0.00024616
0.00188103
0.000122123
-0.000538237
0.00140871
-0.000122125
0.00076356
-0.000538254
0.000207897
0.00140872
-0.000630133
-0.000630133
0.00161023
-0.000312971
-0.000146215
0.000745927
-3.23372e-05
-5.26937e-05
-0.00102359
-7.44544e-09
-0.000106422
-0.00131364
3.23272e-05
-0.000106421
-0.00131363
0.000312969
-5.26702e-05
-0.00102357
0.000630137
-0.000146209
0.000745883
0.000538255
-0.000630118
0.00161022
0.000207886
0.00140871
0.000246153
-4.05061e-05
0.00188101
-0.000146228
-0.000312971
0.000745958
-2.42587e-05
-2.42639e-05
0.00302522
0.000215177
8.42272e-06
0.000840515
-1.89404e-08
8.67187e-05
-0.00101213
-0.000215212
8.67252e-05
-0.00101206
2.42409e-05
8.44267e-06
0.000840647
0.000146233
-2.42749e-05
0.00302517
-0.000246155
-0.000312967
0.000745917
-4.05042e-05
0.00188099
0.000185495
2.86715e-05
-0.000701266
-5.26999e-05
-3.23369e-05
-0.00102358
8.42287e-06
0.000215168
0.000840527
2.14232e-05
2.14189e-05
-0.000762977
-9.12526e-09
3.63717e-05
-0.00128369
-2.14421e-05
3.63761e-05
-0.00128369
-8.44084e-06
2.14283e-05
-0.000762918
5.26935e-05
0.000215172
0.000840651
-0.000185498
-3.23317e-05
-0.00102357
2.86855e-05
-0.00070132
9.59035e-06
-2.47604e-08
-0.00122762
-0.000106419
-9.20141e-09
-0.00131365
8.67205e-05
-2.84189e-08
-0.00101212
3.6374e-05
-1.43923e-08
-0.00128369
-6.22804e-09
-9.19606e-09
-0.00126472
-3.63836e-05
-8.45079e-09
-0.00126471
-8.67309e-05
-1.16538e-08
-0.00128369
0.000106411
-2.57088e-08
-0.00101207
-9.59296e-06
-7.85091e-09
-0.00131369
-2.11781e-08
-0.00122761
9.59219e-06
-2.87155e-05
-0.0012276
-0.000106421
3.23294e-05
-0.00131364
8.67291e-05
-0.000215227
-0.00101204
3.63812e-05
-2.14496e-05
-0.00128368
-5.32778e-09
-3.63858e-05
-0.00126471
-3.63897e-05
-3.63895e-05
-0.00126471
-8.67388e-05
-2.1452e-05
-0.00128368
0.000106413
-0.00021523
-0.00101201
-9.59427e-06
3.23249e-05
-0.00131368
-2.87237e-05
-0.0012276
0.000185534
4.05208e-05
-0.000701384
-5.26643e-05
0.000312974
-0.00102357
8.45336e-06
2.42282e-05
0.00084069
2.14351e-05
-8.44575e-06
-0.00076289
-6.65279e-09
-8.67339e-05
-0.00128369
-2.14483e-05
-8.67392e-05
-0.00128368
-8.46493e-06
-8.45916e-06
-0.000762855
5.26605e-05
2.4234e-05
0.000840783
-0.000185535
0.000312969
-0.00102357
4.05147e-05
-0.000701399
0.000246164
-0.000207867
0.00188105
-0.000146209
0.000630154
0.000745877
-2.42846e-05
0.000146237
0.00302515
0.000215177
5.26889e-05
0.000840708
-1.52024e-08
0.00010641
-0.00101205
-0.000215211
0.00010641
-0.001012
2.42616e-05
5.2666e-05
0.000840795
0.000146221
0.00014623
0.00302515
-0.000246159
0.000630141
0.000745861
-0.000207862
0.00188103
-0.000538217
0.000122124
0.0014087
-0.000630098
0.00053827
0.00161021
-0.000312959
-0.000246152
0.000745882
-3.23248e-05
-0.000185504
-0.00102356
-5.2752e-09
-9.59428e-06
-0.00131369
3.23186e-05
-9.59612e-06
-0.00131368
0.000312959
-0.000185531
-0.00102356
0.000630107
-0.000246153
0.000745846
0.000538225
0.000538257
0.00161018
0.000122131
0.00140869
-0.000122129
0.00076356
0.000207889
0.00140869
-4.04945e-05
0.00188096
2.86945e-05
-0.00070133
-1.43098e-08
-0.00122762
-2.87207e-05
-0.00122761
4.04962e-05
-0.000701369
-0.000207877
0.00188099
0.000122133
0.00140868
0.000763557
-0.000102416
-0.000102418
0.000968395
0.000270663
-0.00054743
0.00158307
-5.34872e-06
0.000250278
0.00190674
2.27054e-05
0.000146162
-0.000875482
-7.8279e-09
5.09237e-06
-0.00121001
-2.27225e-05
5.09759e-06
-0.00121
5.37147e-06
0.000146157
-0.000875583
-0.000270632
0.000250312
0.00190672
0.000102413
-0.000547392
0.00158305
-0.000102422
0.000968395
-0.000547431
0.000270658
0.00158308
-0.000637658
-0.000637658
0.00179069
-0.000303238
-0.00013464
0.000796425
-3.80412e-05
-6.54284e-05
-0.00107719
-4.6014e-09
-0.000108955
-0.00123763
3.80352e-05
-0.000108958
-0.00123762
0.000303231
-6.54245e-05
-0.00107719
0.000637662
-0.000134607
0.000796371
0.000547432
-0.000637629
0.00179068
0.000270651
0.00158307
0.000250268
-5.35e-06
0.00190675
-0.000134658
-0.000303238
0.000796463
-4.19123e-05
-4.19141e-05
0.00283975
0.000211936
1.27986e-05
0.00050844
-1.54942e-08
7.74978e-05
-0.000986626
-0.000211959
7.75e-05
-0.000986571
4.19059e-05
1.2813e-05
0.000508545
0.00013467
-4.19287e-05
0.00283973
-0.000250273
-0.000303223
0.000796454
-5.34946e-06
0.00190672
0.000146159
2.27029e-05
-0.000875478
-6.54335e-05
-3.80379e-05
-0.00107719
1.27986e-05
0.000211929
0.000508452
2.59831e-05
2.59785e-05
-0.000789341
-1.09523e-08
3.99977e-05
-0.0012202
-2.60056e-05
4.00012e-05
-0.00122019
-1.2812e-05
2.59895e-05
-0.000789288
6.54379e-05
0.000211923
0.000508549
-0.000146151
-3.80239e-05
-0.00107718
2.27112e-05
-0.000875532
5.09263e-06
-9.17604e-09
-0.00121
-0.000108954
-4.60297e-09
-0.00123764
7.74975e-05
-2.05063e-08
-0.00098662
3.99993e-05
-1.72659e-08
-0.0012202
-5.80802e-09
-8.7165e-09
-0.0011847
-4.00078e-05
-8.28945e-09
-0.0011847
-7.75007e-05
-1.39855e-08
-0.00122019
0.000108955
-1.88859e-08
-0.00098658
-5.09959e-06
-3.94802e-09
-0.00123766
-8.0971e-09
-0.00120999
5.09894e-06
-2.27239e-05
-0.00120998
-0.000108963
3.80368e-05
-0.00123762
7.75002e-05
-0.000211967
-0.000986554
4.00054e-05
-2.60158e-05
-0.00122019
-5.22576e-09
-4.00105e-05
-0.0011847
-4.00132e-05
-4.00137e-05
-0.0011847
-7.75036e-05
-2.60194e-05
-0.00122019
0.000108962
-0.000211963
-0.000986528
-5.10464e-06
3.80231e-05
-0.00123764
-2.27302e-05
-0.00120998
0.00014615
5.38982e-06
-0.000875648
-6.54242e-05
0.000303231
-0.00107719
1.28215e-05
4.19025e-05
0.000508575
2.59958e-05
-1.28156e-05
-0.000789264
-8.08331e-09
-7.75055e-05
-0.00122019
-2.60125e-05
-7.75077e-05
-0.00122019
-1.28309e-05
-1.28257e-05
-0.00078923
6.54271e-05
4.19104e-05
0.000508651
-0.000146147
0.000303218
-0.00107719
5.38448e-06
-0.000875661
0.000250332
-0.000270612
0.00190672
-0.000134586
0.000637676
0.00079635
-4.19353e-05
0.000134688
0.00283971
0.000211924
6.54379e-05
0.000508595
-1.23131e-08
0.000108951
-0.000986566
-0.000211948
0.000108954
-0.000986529
4.19235e-05
6.54308e-05
0.000508667
0.00013461
0.000134657
0.00283972
-0.000250325
0.000637653
0.00079636
-0.000270608
0.0019067
-0.000547364
0.00010241
0.00158305
-0.000637607
0.000547449
0.00179068
-0.000303217
-0.000250265
0.000796446
-3.80185e-05
-0.000146154
-0.00107717
-3.09505e-09
-5.10152e-06
-0.00123765
3.80153e-05
-5.10566e-06
-0.00123764
0.000303212
-0.000146154
-0.00107717
0.000637617
-0.000250293
0.000796392
0.000547374
0.000547419
0.00179066
0.000102416
0.00158304
-0.000102425
0.000968395
0.000270658
0.00158306
-5.33863e-06
0.00190669
2.27189e-05
-0.000875542
-6.46131e-09
-0.00121
-2.27332e-05
-0.00120999
5.357e-06
-0.000875612
-0.000270632
0.00190668
0.000102423
0.00158305
0.000968396
-4.62823e-05
-4.62838e-05
0.00106096
0.000415046
-0.000577384
0.00169912
8.56478e-05
0.000241301
0.00199484
2.35841e-05
0.000122154
-0.000935572
2.16385e-09
-1.33961e-06
-0.00118509
-2.35834e-05
-1.33491e-06
-0.00118508
-8.56243e-05
0.000122119
-0.000935661
-0.000415028
0.000241354
0.00199477
4.62795e-05
-0.000577353
0.0016991
-4.62878e-05
0.00106096
-0.000577384
0.000415041
0.00169914
-0.000638989
-0.00063899
0.0019139
-0.00030095
-0.000133112
0.000832799
-4.94687e-05
-7.27711e-05
-0.00113375
-2.77048e-09
-0.000112894
-0.00117554
4.94694e-05
-0.000112898
-0.00117552
0.000300943
-7.27815e-05
-0.00113376
0.000638986
-0.000133042
0.000832724
0.000577389
-0.000638962
0.00191389
0.000415039
0.00169913
0.000241288
8.56453e-05
0.00199486
-0.000133133
-0.00030095
0.000832844
-3.63821e-05
-3.63771e-05
0.00264626
0.000218507
1.51816e-05
0.000165598
-1.12893e-08
6.96643e-05
-0.000950665
-0.000218517
6.96627e-05
-0.000950626
3.63872e-05
1.51916e-05
0.000165668
0.000133148
-3.63675e-05
0.00264629
-0.000241295
-0.000300936
0.000832871
8.56482e-05
0.00199482
0.000122154
2.3583e-05
-0.000935569
-7.27753e-05
-4.94652e-05
-0.00113374
1.51815e-05
0.000218504
0.000165614
3.68507e-05
3.68457e-05
-0.000832675
-1.02515e-08
4.2605e-05
-0.00115628
-3.68752e-05
4.26072e-05
-0.00115627
-1.51913e-05
3.68549e-05
-0.000832636
7.27896e-05
0.000218496
0.000165704
-0.000122138
-4.94531e-05
-0.00113373
2.35862e-05
-0.000935609
-1.34039e-06
6.76343e-09
-0.00118508
-0.000112893
-1.77455e-09
-0.00117555
6.96639e-05
-1.12226e-08
-0.000950662
4.26062e-05
-1.57991e-08
-0.00115628
-5.29021e-09
-8.13239e-09
-0.00109948
-4.26143e-05
-7.90913e-09
-0.00109948
-6.96655e-05
-1.32264e-08
-0.00115627
0.000112895
-1.01781e-08
-0.000950634
1.33536e-06
-1.37028e-09
-0.00117555
5.21275e-09
-0.00118507
-1.33457e-06
-2.35747e-05
-0.00118507
-0.000112904
4.94728e-05
-0.00117552
6.96608e-05
-0.000218519
-0.000950611
4.26104e-05
-3.68864e-05
-0.00115627
-4.8963e-09
-4.26177e-05
-0.00109947
-4.26183e-05
-4.26201e-05
-0.00109947
-6.96634e-05
-3.6889e-05
-0.00115627
0.000112905
-0.000218514
-0.000950592
1.33068e-06
4.94601e-05
-0.00117553
-2.35804e-05
-0.00118506
0.000122097
-8.56045e-05
-0.000935715
-7.27883e-05
0.00030094
-0.00113377
1.51952e-05
3.63953e-05
0.000165676
3.68596e-05
-1.51978e-05
-0.000832618
-7.84953e-09
-6.96707e-05
-0.00115627
-3.68792e-05
-6.96699e-05
-0.00115626
-1.5203e-05
-1.52046e-05
-0.000832591
7.27972e-05
3.63831e-05
0.000165754
-0.000122093
0.000300928
-0.00113377
-8.56121e-05
-0.000935722
0.000241385
-0.000415016
0.00199475
-0.000132997
0.000638992
0.000832679
-3.63576e-05
0.000133175
0.00264629
0.000218496
7.27916e-05
0.000165752
-8.28239e-09
0.00011289
-0.000950623
-0.000218508
0.000112895
-0.000950595
3.63628e-05
7.27964e-05
0.000165796
0.000133028
0.000133112
0.00264632
-0.000241376
0.00063897
0.000832722
-0.000415016
0.00199473
-0.00057733
4.62759e-05
0.00169908
-0.000638947
0.000577402
0.00191388
-0.000300933
-0.000241285
0.000832893
-4.94492e-05
-0.000122137
-0.00113372
-1.6121e-09
1.33292e-06
-0.00117554
4.94512e-05
1.32921e-06
-0.00117553
0.000300927
-0.000122111
-0.00113374
0.000638949
-0.00024133
0.000832811
0.000577341
0.000577376
0.00191386
4.62803e-05
0.00169908
-4.62911e-05
0.00106096
0.000415045
0.00169913
8.56604e-05
0.00199479
2.35942e-05
-0.000935612
1.68191e-09
-0.00118507
-2.35942e-05
-0.00118507
-8.56413e-05
-0.000935676
-0.000415031
0.00199474
4.62877e-05
0.0016991
0.00106096
-5.57183e-05
-5.5719e-05
0.0011724
0.00043066
-0.000604932
0.00181768
0.000103965
0.000236168
0.00208537
2.22976e-05
9.49026e-05
-0.000948807
8.06373e-09
-5.71623e-06
-0.00115708
-2.22888e-05
-5.70903e-06
-0.00115707
-0.000103964
9.48555e-05
-0.000948841
-0.000430662
0.000236208
0.00208526
5.57148e-05
-0.000604921
0.00181764
-5.57183e-05
0.0011724
-0.000604927
0.000430657
0.00181769
-0.000643689
-0.000643696
0.00199142
-0.000291779
-0.000144434
0.000861491
-5.79805e-05
-8.29092e-05
-0.00118973
-2.80492e-09
-0.000115193
-0.00112404
5.79848e-05
-0.000115197
-0.00112402
0.000291772
-8.29266e-05
-0.00118977
0.000643676
-0.000144352
0.000861379
0.000604926
-0.000643684
0.0019914
0.000430656
0.00181768
0.00023616
0.000103962
0.0020854
-0.00014445
-0.00029178
0.000861537
-2.12655e-07
-2.01622e-07
0.0023578
0.000226148
1.91918e-05
-0.000162864
-7.65038e-09
6.17709e-05
-0.000901474
-0.000226151
6.1768e-05
-0.000901448
2.21423e-07
1.91986e-05
-0.00016283
0.000144461
-1.60762e-07
0.00235786
-0.000236162
-0.000291772
0.000861582
0.000103963
0.00208535
9.49045e-05
2.22979e-05
-0.000948809
-8.29126e-05
-5.79782e-05
-0.00118973
1.91926e-05
0.000226148
-0.000162842
5.20729e-05
5.20678e-05
-0.000898431
-9.56084e-09
4.19028e-05
-0.00108433
-5.2099e-05
4.19045e-05
-0.00108432
-1.92061e-05
5.20754e-05
-0.000898405
8.29308e-05
0.000226146
-0.000162739
-9.48842e-05
-5.79719e-05
-0.00118972
2.22989e-05
-0.000948828
-5.71831e-06
1.65361e-08
-0.00115708
-0.000115192
-2.44429e-09
-0.00112405
6.17711e-05
-3.54348e-09
-0.000901473
4.1904e-05
-1.50577e-08
-0.00108433
-4.95592e-09
-7.62405e-09
-0.00101566
-4.19124e-05
-7.60612e-09
-0.00101566
-6.17745e-05
-1.27284e-08
-0.00108432
0.000115192
-2.57314e-09
-0.000901452
5.7141e-06
-1.77865e-09
-0.00112404
1.33233e-08
-0.00115707
-5.70869e-06
-2.22753e-05
-0.00115707
-0.000115202
5.79885e-05
-0.00112402
6.17662e-05
-0.000226147
-0.000901435
4.19073e-05
-5.21117e-05
-0.00108431
-4.76641e-09
-4.19161e-05
-0.00101565
-4.19156e-05
-4.19181e-05
-0.00101565
-6.17708e-05
-5.21131e-05
-0.00108431
0.000115201
-0.000226148
-0.000901418
5.70617e-06
5.79814e-05
-0.00112402
-2.22813e-05
-0.00115706
9.48289e-05
-0.000103957
-0.000948862
-8.29365e-05
0.000291767
-0.00118979
1.91984e-05
2.35597e-07
-0.000162841
5.20781e-05
-1.92156e-05
-0.000898393
-7.49666e-09
-6.17791e-05
-0.00108432
-5.20997e-05
-6.17772e-05
-0.00108431
-1.92099e-05
-1.92189e-05
-0.000898375
8.29477e-05
1.96163e-07
-0.000162748
-9.48231e-05
0.000291762
-0.00118978
-0.000103962
-0.000948865
0.000236234
-0.000430662
0.00208522
-0.000144299
0.00064367
0.00086131
-1.34098e-07
0.000144487
0.00235787
0.000226146
8.29366e-05
-0.00016268
-4.63491e-09
0.000115189
-0.00090144
-0.00022615
0.000115193
-0.000901419
1.48177e-07
8.29476e-05
-0.000162669
0.000144325
0.000144414
0.00235793
-0.000236224
0.000643664
0.000861369
-0.000430662
0.0020852
-0.000604915
5.57122e-05
0.00181763
-0.000643681
0.000604928
0.00199139
-0.00029177
-0.00023615
0.000861619
-5.79705e-05
-9.48766e-05
-0.00118971
-1.69362e-09
5.71083e-06
-0.00112403
5.7975e-05
5.705e-06
-0.00112401
0.000291764
-9.48405e-05
-0.00118974
0.000643671
-0.000236183
0.000861501
0.000604915
0.00060492
0.00199136
5.57124e-05
0.00181763
-5.57195e-05
0.00117239
0.000430656
0.00181768
0.000103967
0.00208533
2.23037e-05
-0.000948826
6.58742e-09
-0.00115707
-2.22972e-05
-0.00115706
-0.000103968
-0.000948846
-0.000430659
0.00208525
5.57162e-05
0.00181765
0.00117239
-9.93859e-05
-9.93856e-05
0.00137117
0.000335009
-0.000629124
0.00201241
3.96156e-05
0.000184621
0.00219614
1.363e-05
6.01938e-05
-0.000983016
6.48049e-09
-9.46587e-06
-0.00113399
-1.36284e-05
-9.45695e-06
-0.00113398
-3.96378e-05
6.01681e-05
-0.000983
-0.000335023
0.000184581
0.00219607
9.93845e-05
-0.000629131
0.00201237
-9.93845e-05
0.00137116
-0.000629117
0.000335006
0.00201241
-0.000633446
-0.000633457
0.00200008
-0.000254817
-0.000188012
0.000855496
-6.24603e-05
-8.90904e-05
-0.00123281
-5.23084e-09
-0.000116138
-0.00107983
6.24643e-05
-0.000116141
-0.00107981
0.000254803
-8.91017e-05
-0.00123284
0.000633422
-0.000187997
0.000855339
0.000629114
-0.00063346
0.00200004
0.000335006
0.00201241
0.000184635
3.9611e-05
0.00219616
-0.000188006
-0.000254821
0.000855542
8.91509e-05
8.91594e-05
0.00180347
0.000227383
3.52257e-05
-0.000425413
-6.51866e-09
5.26893e-05
-0.000842911
-0.000227386
5.26862e-05
-0.000842895
-8.91489e-05
3.52305e-05
-0.000425399
0.000188013
8.9197e-05
0.00180351
-0.000184614
-0.000254819
0.000855568
3.96157e-05
0.00219612
6.01939e-05
1.36296e-05
-0.000983022
-8.90934e-05
-6.24589e-05
-0.0012328
3.52271e-05
0.000227386
-0.000425389
6.46956e-05
6.4692e-05
-0.000957366
-7.35009e-09
3.77074e-05
-0.00100464
-6.47162e-05
3.77084e-05
-0.00100463
-3.52429e-05
6.46986e-05
-0.000957347
8.91059e-05
0.000227394
-0.000425284
-6.01818e-05
-6.24568e-05
-0.00123279
1.36334e-05
-0.000983028
-9.46838e-06
1.3262e-08
-0.001134
-0.000116138
-7.32751e-09
-0.00107983
5.26899e-05
-3.41963e-09
-0.000842912
3.77087e-05
-1.15871e-08
-0.00100464
-4.40359e-09
-6.84019e-09
-0.000940232
-3.77169e-05
-6.93251e-09
-0.000940228
-5.26943e-05
-1.00665e-08
-0.00100464
0.000116137
-2.52453e-09
-0.000842887
9.46474e-06
-6.11504e-09
-0.00107982
1.07079e-08
-0.00113399
-9.45571e-06
-1.36198e-05
-0.00113398
-0.000116144
6.24659e-05
-0.00107981
5.26848e-05
-0.000227382
-0.000842886
3.77105e-05
-6.47263e-05
-0.00100463
-4.36488e-09
-3.77206e-05
-0.000940225
-3.77188e-05
-3.77218e-05
-0.00094022
-5.26902e-05
-6.47285e-05
-0.00100462
0.000116143
-0.000227391
-0.000842863
9.45394e-06
6.24631e-05
-0.0010798
-1.36268e-05
-0.00113397
6.01542e-05
-3.96442e-05
-0.000982992
-8.91076e-05
0.000254794
-0.00123285
3.52293e-05
-8.91426e-05
-0.000425417
6.47006e-05
-3.52527e-05
-0.000957338
-5.97395e-09
-5.26982e-05
-0.00100464
-6.47181e-05
-5.26959e-05
-0.00100463
-3.52431e-05
-3.52544e-05
-0.000957324
8.91156e-05
-8.91776e-05
-0.00042532
-6.01504e-05
0.000254795
-0.00123284
-3.96485e-05
-0.000982993
0.000184574
-0.00033503
0.00219603
-0.00018798
0.000633407
0.000855252
8.92177e-05
0.000188024
0.00180351
0.000227399
8.91111e-05
-0.000425225
-4.16096e-09
0.000116136
-0.000842871
-0.000227401
0.000116139
-0.000842857
-8.92107e-05
8.91178e-05
-0.000425231
0.000187984
0.000188009
0.00180355
-0.000184565
0.000633415
0.000855298
-0.000335029
0.00219602
-0.000629135
9.93831e-05
0.00201235
-0.000633465
0.000629111
0.00200002
-0.00025482
-0.000184599
0.000855597
-6.24581e-05
-6.01765e-05
-0.00123278
-4.01152e-09
9.46165e-06
-0.00107981
6.24619e-05
9.45411e-06
-0.0010798
0.000254807
-6.01576e-05
-0.00123281
0.000633441
-0.000184567
0.000855443
0.000629131
0.000629119
0.00199997
9.93826e-05
0.00201234
-9.93854e-05
0.00137116
0.000335004
0.0020124
3.96168e-05
0.00219612
1.36361e-05
-0.000983022
5.32684e-09
-0.00113397
-1.3636e-05
-0.00113396
-3.96388e-05
-0.000983
-0.000335018
0.00219606
9.93843e-05
0.00201237
0.00137116
-7.62189e-05
-7.6218e-05
0.00152361
0.000296594
-0.000634708
0.0022743
-1.96631e-05
0.000118276
0.00239412
4.41163e-06
3.11755e-05
-0.00103827
-3.69214e-09
-1.09838e-05
-0.00111859
-4.43408e-06
-1.09746e-05
-0.00111858
1.96256e-05
3.11849e-05
-0.00103824
-0.000296613
0.000118203
0.0023941
7.62206e-05
-0.000634719
0.00227425
-7.62185e-05
0.0015236
-0.000634702
0.00029659
0.00227431
-0.00058644
-0.000586452
0.00190357
-0.000207722
-0.000206337
0.000801391
-7.1197e-05
-9.36272e-05
-0.00124453
-5.72781e-09
-0.000115099
-0.0010469
7.12034e-05
-0.000115101
-0.00104689
0.000207704
-9.36229e-05
-0.00124453
0.000586409
-0.000206378
0.000801214
0.000634702
-0.000586456
0.00190348
0.000296595
0.00227429
0.000118295
-1.96697e-05
0.00239412
-0.000206324
-0.000207727
0.000801436
0.000160301
0.000160302
0.0010702
0.000208649
4.00342e-05
-0.000607422
-5.72448e-09
3.95924e-05
-0.000788948
-0.000208653
3.95891e-05
-0.000788937
-0.000160305
4.00387e-05
-0.000607409
0.000206332
0.000160302
0.00107019
-0.000118262
-0.000207727
0.000801433
-1.96573e-05
0.00239411
3.11721e-05
4.4078e-06
-0.00103827
-9.36308e-05
-7.11957e-05
-0.00124453
4.00349e-05
0.000208651
-0.000607404
5.76029e-05
5.76006e-05
-0.0009925
-5.44475e-09
2.78625e-05
-0.000935305
-5.76169e-05
2.78627e-05
-0.000935294
-4.00463e-05
5.76058e-05
-0.000992484
9.36346e-05
0.000208658
-0.000607321
-3.11724e-05
-7.11982e-05
-0.00124451
4.41619e-06
-0.00103827
-1.09858e-05
-4.28852e-09
-0.0011186
-0.000115098
-8.64962e-09
-0.00104691
3.95933e-05
-4.7552e-09
-0.000788948
2.78639e-05
-8.59732e-09
-0.000935306
-3.85104e-09
-6.11748e-09
-0.000884496
-2.78712e-05
-6.27104e-09
-0.000884492
-3.9597e-05
-7.55304e-09
-0.000935299
0.000115098
-4.27507e-09
-0.000788921
1.09819e-05
-7.53544e-09
-0.0010469
-4.10642e-09
-0.00111858
-1.09723e-05
-4.4393e-06
-0.00111857
-0.000115103
7.12047e-05
-0.00104689
3.95878e-05
-0.000208651
-0.00078893
2.78642e-05
-5.76236e-05
-0.000935287
-3.94069e-09
-2.78744e-05
-0.000884489
-2.78717e-05
-2.78748e-05
-0.000884484
-3.95925e-05
-5.76262e-05
-0.000935283
0.000115102
-0.000208658
-0.000788904
1.09702e-05
7.12058e-05
-0.00104688
-4.44493e-06
-0.00111856
3.11892e-05
1.96118e-05
-0.00103823
-9.36211e-05
0.000207693
-0.00124453
4.00385e-05
-0.000160309
-0.000607419
5.76081e-05
-4.00536e-05
-0.000992478
-4.45931e-09
-3.96e-05
-0.000935299
-5.762e-05
-3.95975e-05
-0.000935289
-4.00485e-05
-4.00561e-05
-0.000992465
9.36253e-05
-0.000160311
-0.000607341
-3.11881e-05
0.000207697
-0.00124452
1.9606e-05
-0.00103823
0.000118183
-0.000296622
0.00239408
-0.000206389
0.000586393
0.000801124
0.000160301
0.000206335
0.00107017
0.000208662
9.36349e-05
-0.000607275
-4.39475e-09
0.000115098
-0.000788904
-0.000208665
0.0001151
-0.000788894
-0.000160306
9.363e-05
-0.000607276
0.000206383
0.000206368
0.00107018
-0.000118172
0.000586403
0.000801146
-0.000296624
0.00239408
-0.000634724
7.62205e-05
0.00227423
-0.000586459
0.000634701
0.00190344
-0.000207731
-0.000118243
0.000801448
-7.12012e-05
-3.11743e-05
-0.00124451
-4.72668e-09
1.09794e-05
-0.00104689
7.12066e-05
1.09714e-05
-0.00104688
0.000207715
-3.11835e-05
-0.00124451
0.00058643
-0.000118184
0.00080128
0.000634721
0.000634712
0.00190337
7.62203e-05
0.00227422
-7.62194e-05
0.0015236
0.000296597
0.00227429
-1.96516e-05
0.00239413
4.42121e-06
-0.00103827
-3.21704e-09
-0.00111857
-4.44139e-06
-0.00111855
1.9619e-05
-0.00103824
-0.000296614
0.00239411
7.62204e-05
0.00227424
0.0015236
-6.67968e-05
-6.67954e-05
0.0016572
0.000305125
-0.00061849
0.00252087
-2.18356e-05
0.000129421
0.00259166
7.26375e-07
1.12468e-05
-0.00107207
-1.06108e-08
-9.1127e-06
-0.00110874
-7.5451e-07
-9.1049e-06
-0.00110873
2.17985e-05
1.12656e-05
-0.00107206
-0.000305143
0.000129357
0.00259169
6.6798e-05
-0.000618499
0.00252081
-6.67944e-05
0.0016572
-0.000618486
0.000305122
0.00252088
-0.000539617
-0.000539624
0.00174583
-0.000190269
-0.00016929
0.000750753
-8.56886e-05
-9.99378e-05
-0.00123793
-3.89031e-09
-0.000111182
-0.00103052
8.56998e-05
-0.000111185
-0.00103052
0.000190262
-9.9927e-05
-0.0012379
0.000539593
-0.000169341
0.000750582
0.000618489
-0.000539624
0.00174571
0.000305132
0.00252086
0.000129435
-2.18426e-05
0.00259165
-0.000169279
-0.00019027
0.000750795
0.000145215
0.000145212
0.000441208
0.000162966
1.81535e-05
-0.000743264
-3.67039e-09
2.14912e-05
-0.000758652
-0.000162968
2.14874e-05
-0.000758645
-0.000145211
1.81571e-05
-0.000743249
0.000169285
0.000145189
0.000441161
-0.00012941
-0.000190272
0.000750777
-2.18275e-05
0.00259166
1.1243e-05
7.21961e-07
-0.00107208
-9.9941e-05
-8.56864e-05
-0.00123793
1.81533e-05
0.000162966
-0.000743253
2.76939e-05
2.76927e-05
-0.00101158
-3.38498e-09
1.37173e-05
-0.000899834
-2.77016e-05
1.37166e-05
-0.000899825
-1.81592e-05
2.76959e-05
-0.00101157
9.99395e-05
0.000162967
-0.000743198
-1.12485e-05
-8.56915e-05
-0.00123791
7.29567e-07
-0.00107208
-9.11381e-06
-1.64949e-08
-0.00110875
-0.000111181
-6.14003e-09
-0.00103052
2.14922e-05
-3.82097e-09
-0.000758651
1.37189e-05
-5.38919e-09
-0.000899834
-3.137e-09
-5.16842e-09
-0.000857051
-1.37247e-05
-5.3915e-09
-0.000857048
-2.14951e-05
-4.7391e-09
-0.000899828
0.000111181
-3.97001e-09
-0.000758626
9.10991e-06
-5.43453e-09
-0.00103051
-1.44502e-08
-0.00110873
-9.10237e-06
-7.65203e-07
-0.00110872
-0.000111186
8.57027e-05
-0.00103051
2.14859e-05
-0.000162966
-0.00075864
1.37176e-05
-2.77055e-05
-0.000899819
-3.36328e-09
-1.37271e-05
-0.000857046
-1.37238e-05
-1.37268e-05
-0.000857042
-2.14898e-05
-2.77074e-05
-0.000899814
0.000111186
-0.000162968
-0.000758615
9.09986e-06
8.57055e-05
-0.00103051
-7.67795e-07
-0.00110871
1.12747e-05
2.1785e-05
-0.00107206
-9.9922e-05
0.000190256
-0.00123789
1.81574e-05
-0.000145211
-0.000743253
2.76976e-05
-1.8164e-05
-0.00101156
-2.70903e-09
-2.14975e-05
-0.000899828
-2.77041e-05
-2.14945e-05
-0.00089982
-1.81623e-05
-1.81665e-05
-0.00101155
9.9923e-05
-0.000145193
-0.000743201
-1.1276e-05
0.000190259
-0.00123787
2.17787e-05
-0.00107205
0.00012934
-0.000305151
0.00259167
-0.000169356
0.000539581
0.000750496
0.000145178
0.000169289
0.000441141
0.000162968
9.99371e-05
-0.000743166
-3.48231e-09
0.000111181
-0.000758611
-0.000162971
0.000111183
-0.000758604
-0.000145181
9.99277e-05
-0.00074316
0.000169351
0.000169333
0.000441119
-0.000129331
0.000539587
0.000750501
-0.000305155
0.00259168
-0.000618501
6.67978e-05
0.00252078
-0.000539623
0.000618491
0.00174566
-0.000190276
-0.000129396
0.000750785
-8.56951e-05
-1.12531e-05
-0.0012379
-3.2724e-09
9.10801e-06
-0.00103051
8.57048e-05
9.10115e-06
-0.0010305
0.000190269
-1.12693e-05
-0.00123787
0.000539601
-0.000129342
0.000750624
0.000618502
0.000618499
0.00174556
6.67969e-05
0.00252077
-6.67943e-05
0.00165719
0.000305136
0.00252085
-2.182e-05
0.00259169
7.34536e-07
-0.00107208
-9.09265e-09
-0.00110872
-7.59096e-07
-0.0011087
2.17892e-05
-0.00107206
-0.00030515
0.00259171
6.67958e-05
0.0025208
0.00165719
-6.96198e-05
-6.96179e-05
0.00179644
0.000322781
-0.000598166
0.00272663
4.77502e-06
0.000140954
0.00276871
6.602e-06
3.01477e-06
-0.00107692
-9.72031e-09
-3.71856e-06
-0.00109841
-6.62186e-06
-3.7134e-06
-0.0010984
-4.81216e-06
3.02744e-06
-0.0010769
-0.000322795
0.000140894
0.00276878
6.96211e-05
-0.000598174
0.00272657
-6.96166e-05
0.00179643
-0.000598164
0.000322779
0.00272664
-0.00051187
-0.000511873
0.00157324
-0.000201744
-0.000152579
0.00073416
-0.000103552
-0.000104175
-0.00122893
-1.04286e-09
-0.000103172
-0.00103462
0.000103567
-0.000103176
-0.00103462
0.000201755
-0.000104167
-0.00122889
0.000511858
-0.000152635
0.000734007
0.000598168
-0.000511874
0.0015731
0.000322788
0.00272662
0.000140968
4.76733e-06
0.0027687
-0.000152566
-0.000201742
0.000734198
8.24322e-05
8.24269e-05
-2.87963e-05
0.000105684
-1.50438e-05
-0.000855647
-1.95414e-09
1.28832e-06
-0.000757426
-0.000105684
1.28158e-06
-0.000757421
-8.24203e-05
-1.50435e-05
-0.000855636
0.00015257
8.23944e-05
-2.88585e-05
-0.000140953
-0.000201748
0.000734174
4.78361e-06
0.00276871
3.01236e-06
6.59866e-06
-0.00107692
-0.000104177
-0.000103549
-0.00122893
-1.50442e-05
0.000105684
-0.000855642
-7.96761e-06
-7.96801e-06
-0.00102573
-1.46187e-09
1.57189e-06
-0.000908084
7.96481e-06
1.57069e-06
-0.00090808
1.50431e-05
-7.96722e-06
-0.00102572
0.000104173
0.00010568
-0.000855613
-3.01848e-06
-0.000103555
-0.00122891
6.60313e-06
-0.00107692
-3.71919e-06
-1.55098e-08
-0.00109841
-0.000103171
-1.8291e-09
-0.00103461
1.29027e-06
-2.76967e-09
-0.000757426
1.57309e-06
-2.38096e-09
-0.000908083
-1.48615e-09
-2.7104e-09
-0.000853902
-1.57624e-06
-2.85742e-09
-0.0008539
-1.2932e-06
-2.07805e-09
-0.000908076
0.000103171
-3.20434e-09
-0.000757407
3.71608e-06
-1.65907e-09
-0.00103461
-1.36631e-08
-0.0010984
-3.71162e-06
-6.62958e-06
-0.0010984
-0.000103178
0.000103572
-0.00103462
1.27872e-06
-0.000105682
-0.000757417
1.57098e-06
7.96287e-06
-0.000908076
-1.73858e-09
-1.57758e-06
-0.000853898
-1.57456e-06
-1.57665e-06
-0.000853896
-1.28337e-06
7.96246e-06
-0.00090807
0.000103177
-0.00010568
-0.000757399
3.70938e-06
0.000103576
-0.00103462
-6.63036e-06
-0.00109838
3.03367e-06
-4.82472e-06
-0.0010769
-0.000104163
0.000201757
-0.00122888
-1.5044e-05
-8.24153e-05
-0.000855639
-7.96671e-06
1.50411e-05
-0.00102571
-1.07377e-09
-1.29571e-06
-0.000908075
7.96445e-06
-1.29002e-06
-0.000908072
1.5043e-05
1.50408e-05
-0.00102571
0.000104162
-8.23892e-05
-0.000855611
-3.03672e-06
0.000201761
-0.00122886
-4.83087e-06
-0.00107689
0.000140871
-0.0003228
0.00276878
-0.000152656
0.000511853
0.000733927
8.2382e-05
0.000152571
-2.8884e-05
0.000105679
0.000104171
-0.000855593
-2.42607e-09
0.000103171
-0.000757396
-0.00010568
0.000103175
-0.000757391
-8.23784e-05
0.000104164
-0.000855586
0.000152651
0.000152623
-2.89225e-05
-0.000140869
0.000511858
0.000733924
-0.000322803
0.00276878
-0.000598175
6.96209e-05
0.00272654
-0.000511874
0.000598171
0.00157304
-0.000201752
-0.000140947
0.000734181
-0.000103558
-3.0223e-06
-0.0012289
-8.55817e-10
3.71466e-06
-0.00103461
0.000103572
3.71007e-06
-0.00103461
0.000201762
-3.03304e-06
-0.00122887
0.000511865
-0.000140893
0.000734037
0.000598177
0.000598178
0.00157292
6.96197e-05
0.00272653
-6.96163e-05
0.00179643
0.000322792
0.00272661
4.79241e-06
0.00276874
6.60637e-06
-0.00107691
-8.48783e-09
-0.00109839
-6.62369e-06
-0.00109838
-4.82236e-06
-0.0010769
-0.000322802
0.0027688
6.96181e-05
0.00272655
0.00179643
-6.77784e-05
-6.77764e-05
0.00193199
0.000335821
-0.000582272
0.00290531
2.88257e-05
0.000111423
0.00296428
1.78697e-05
7.54996e-06
-0.00107351
-3.34483e-09
3.88308e-06
-0.00108442
-1.78767e-05
3.88769e-06
-0.00108442
-2.88442e-05
7.55391e-06
-0.00107349
-0.000335831
0.000111378
0.00296439
6.77805e-05
-0.000582276
0.00290523
-6.77759e-05
0.00193199
-0.00058227
0.00033582
0.00290532
-0.000496876
-0.000496878
0.00140245
-0.000221736
-0.000168225
0.000738667
-0.00011634
-0.000102348
-0.00122443
1.63159e-09
-8.99203e-05
-0.00105715
0.000116357
-8.99246e-05
-0.00105717
0.000221765
-0.000102346
-0.0012244
0.000496876
-0.000168267
0.000738541
0.00058227
-0.000496885
0.00140232
0.000335824
0.00290529
0.000111436
2.88214e-05
0.00296426
-0.000168213
-0.000221731
0.000738699
1.87371e-05
1.8731e-05
-0.000402702
5.0843e-05
-4.12056e-05
-0.000948895
-6.52316e-10
-9.97443e-06
-0.000786528
-5.08417e-05
-9.97822e-06
-0.000786527
-1.87244e-05
-4.1207e-05
-0.000948892
0.00016821
1.86973e-05
-0.000402757
-0.000111429
-0.000221744
0.000738672
2.88282e-05
0.00296428
7.54888e-06
1.78683e-05
-0.00107352
-0.000102349
-0.000116336
-0.00122443
-4.12065e-05
5.08418e-05
-0.000948895
-3.12666e-05
-3.12663e-05
-0.00104561
-5.17734e-10
-7.88048e-06
-0.000941444
3.12671e-05
-7.88221e-06
-0.000941444
4.12084e-05
-3.12664e-05
-0.0010456
0.000102347
5.08352e-05
-0.00094889
-7.55213e-06
-0.000116341
-0.00122441
1.78694e-05
-0.00107351
3.88248e-06
-5.13773e-09
-0.00108442
-8.99189e-05
2.29012e-09
-0.00105715
-9.97317e-06
-1.80336e-09
-0.000786528
-7.87916e-06
-9.33506e-10
-0.000941442
-9.09461e-10
-1.80413e-09
-0.000869659
7.87641e-06
-1.98777e-09
-0.000869658
9.97205e-06
-7.81316e-10
-0.000941438
8.99185e-05
-2.32102e-09
-0.000786516
-3.88578e-06
2.00542e-09
-0.00105715
-4.65201e-09
-0.00108441
3.88931e-06
-1.78786e-05
-0.00108441
-8.99266e-05
0.000116363
-0.00105717
-9.97995e-06
-5.08407e-05
-0.000786525
-7.88228e-06
3.12667e-05
-0.000941441
-1.18947e-09
7.87515e-06
-0.000869656
7.87892e-06
7.87654e-06
-0.000869654
9.97795e-06
3.12668e-05
-0.000941437
8.99255e-05
-5.08358e-05
-0.000786513
-3.89181e-06
0.000116366
-0.00105716
-1.78786e-05
-0.0010844
7.55596e-06
-2.88498e-05
-0.00107348
-0.000102344
0.000221775
-0.00122439
-4.12079e-05
-1.87197e-05
-0.000948896
-3.12663e-05
4.12079e-05
-0.0010456
-2.70617e-10
9.97108e-06
-0.000941437
3.12671e-05
9.97445e-06
-0.000941437
4.12096e-05
4.12088e-05
-0.00104559
0.000102343
-1.86915e-05
-0.000948889
-7.5586e-06
0.000221783
-0.00122438
-2.88513e-05
-0.00107348
0.000111356
-0.000335834
0.0029644
-0.000168288
0.000496876
0.00073847
1.86838e-05
0.000168206
-0.000402781
5.08334e-05
0.000102346
-0.000948881
-1.42717e-09
8.99184e-05
-0.000786509
-5.08339e-05
8.99224e-05
-0.000786506
-1.86787e-05
0.000102344
-0.000948876
0.00016828
0.000168247
-0.000402819
-0.000111358
0.000496885
0.000738459
-0.000335835
0.00296441
-0.000582276
6.77809e-05
0.0029052
-0.000496887
0.000582271
0.00140225
-0.000221751
-0.000111429
0.00073868
-0.000116345
-7.5533e-06
-0.0012244
1.47519e-09
-3.88743e-06
-0.00105715
0.00011636
-3.8915e-06
-0.00105716
0.000221776
-7.5571e-06
-0.00122438
0.000496888
-0.000111388
0.00073856
0.000582275
0.000582276
0.00140215
6.77795e-05
0.00290519
-6.77763e-05
0.00193199
0.000335827
0.00290528
2.88326e-05
0.00296431
1.78706e-05
-0.0010735
-3.05483e-09
-0.0010844
-1.7877e-05
-0.0010844
-2.88475e-05
-0.00107348
-0.000335834
0.00296439
6.77779e-05
0.00290522
0.00193199
-6.25115e-05
-6.25097e-05
0.00205701
0.000339197
-0.000559102
0.0030627
2.71599e-05
9.45042e-05
0.00318182
3.15103e-05
1.46638e-05
-0.00109252
-9.55085e-10
1.27941e-05
-0.00106571
-3.15106e-05
1.27964e-05
-0.0010657
-2.71692e-05
1.46657e-05
-0.00109249
-0.000339204
9.4489e-05
0.00318193
6.25125e-05
-0.0005591
0.00306262
-6.25087e-05
0.00205701
-0.0005591
0.000339196
0.00306271
-0.000484913
-0.000484915
0.00125408
-0.000241318
-0.000152665
0.000742242
-0.000115099
-9.37339e-05
-0.00124225
3.71907e-09
-6.86258e-05
-0.00109084
0.000115113
-6.86292e-05
-0.00109085
0.000241352
-9.37357e-05
-0.00124224
0.000484913
-0.00015268
0.00074215
0.000559092
-0.000484921
0.00125396
0.000339198
0.00306268
9.45105e-05
2.71576e-05
0.00318179
-0.000152658
-0.000241313
0.000742265
-1.41922e-05
-1.41961e-05
-0.000679636
1.60806e-05
-5.12251e-05
-0.00102168
-2.35792e-10
-1.1685e-05
-0.000827388
-1.60796e-05
-1.16876e-05
-0.000827389
1.41982e-05
-5.12274e-05
-0.00102168
0.000152648
-1.42143e-05
-0.000679673
-9.45129e-05
-0.000241328
0.00074224
2.71593e-05
0.00318181
1.46627e-05
3.15104e-05
-0.00109253
-9.37344e-05
-0.000115095
-0.00124225
-5.12259e-05
1.60792e-05
-0.00102168
-3.59701e-05
-3.59696e-05
-0.00107612
2.70338e-11
-1.11229e-05
-0.000977976
3.59712e-05
-1.11243e-05
-0.000977978
5.12285e-05
-3.597e-05
-0.00107612
9.37353e-05
1.60736e-05
-0.00102168
-1.46637e-05
-0.000115099
-0.00124224
3.15099e-05
-0.00109252
1.27939e-05
-8.62266e-10
-0.0010657
-6.86245e-05
5.59704e-09
-0.00109083
-1.16841e-05
-1.36054e-09
-0.000827387
-1.11218e-05
-5.07684e-11
-0.000977974
-5.69668e-10
-1.28677e-09
-0.000891902
1.11202e-05
-1.46634e-09
-0.000891901
1.16833e-05
3.91307e-11
-0.000977971
6.86235e-05
-1.66857e-09
-0.000827381
-1.27966e-05
5.10227e-09
-0.00109083
-7.01156e-10
-0.00106569
1.27973e-05
-3.15093e-05
-0.0010657
-6.86309e-05
0.00011512
-0.00109085
-1.1689e-05
-1.60797e-05
-0.000827389
-1.11245e-05
3.59714e-05
-0.000977977
-8.54103e-10
1.11194e-05
-0.0008919
1.11223e-05
1.11206e-05
-0.000891899
1.16876e-05
3.59718e-05
-0.000977974
6.86294e-05
-1.60752e-05
-0.000827382
-1.27996e-05
0.000115122
-0.00109085
-3.1509e-05
-0.00106569
1.46665e-05
-2.71719e-05
-0.00109248
-9.37359e-05
0.000241366
-0.00124223
-5.12284e-05
1.4199e-05
-0.00102168
-3.59701e-05
5.12287e-05
-0.00107611
2.41196e-10
1.16825e-05
-0.000977971
3.59715e-05
1.16849e-05
-0.000977973
5.12309e-05
5.12306e-05
-0.00107611
9.37369e-05
1.42152e-05
-0.00102168
-1.46675e-05
0.000241376
-0.00124223
-2.71704e-05
-0.00109248
9.44785e-05
-0.000339207
0.00318196
-0.00015269
0.000484912
0.000742092
-1.42225e-05
0.00015264
-0.000679691
1.60721e-05
9.37354e-05
-0.00102168
-8.09082e-10
6.86231e-05
-0.000827376
-1.60725e-05
6.86263e-05
-0.000827376
1.4225e-05
9.37371e-05
-0.00102168
0.00015268
0.000152657
-0.000679716
-9.44844e-05
0.000484923
0.000742077
-0.000339207
0.00318196
-0.000559098
6.25123e-05
0.00306258
-0.000484923
0.00055909
0.0012539
-0.000241335
-9.45171e-05
0.00074225
-0.000115101
-1.46639e-05
-0.00124224
3.46481e-09
-1.2798e-05
-0.00109083
0.000115115
-1.28e-05
-0.00109084
0.000241366
-1.46662e-05
-0.00124223
0.000484926
-9.45028e-05
0.000742159
0.000559092
0.000559091
0.00125381
6.25109e-05
0.00306256
-6.25087e-05
0.00205701
0.0003392
0.00306266
2.71615e-05
0.00318183
3.15102e-05
-0.00109252
-8.17801e-10
-0.00106569
-3.15106e-05
-0.00106569
-2.71687e-05
-0.00109249
-0.000339205
0.00318193
6.25097e-05
0.00306259
0.00205701
-6.17747e-05
-6.17731e-05
0.00218056
0.000345001
-0.000526656
0.00318258
2.69373e-05
0.000118734
0.00338115
4.45211e-05
2.09606e-05
-0.00113107
-2.71587e-09
1.71151e-05
-0.0010383
-4.4522e-05
1.7116e-05
-0.0010383
-2.69446e-05
2.09669e-05
-0.00113104
-0.000345009
0.000118742
0.00338125
6.17744e-05
-0.000526649
0.00318248
-6.17715e-05
0.00218056
-0.000526654
0.000345
0.00318259
-0.00045301
-0.000453013
0.00110679
-0.000236021
-7.05544e-05
0.000714541
-9.40045e-05
-7.50577e-05
-0.00128825
3.7963e-09
-4.8339e-05
-0.00111939
9.40146e-05
-4.83417e-05
-0.0011194
0.000236046
-7.50565e-05
-0.00128824
0.000452999
-7.05537e-05
0.000714492
0.00052664
-0.000453014
0.00110668
0.000345004
0.00318254
0.000118734
2.69363e-05
0.00338112
-7.05509e-05
-0.000236017
0.000714554
-3.82053e-07
-3.84868e-07
-0.000819974
8.3257e-06
-4.45145e-05
-0.00106093
-2.68667e-10
-8.70043e-06
-0.000858701
-8.32674e-06
-8.7021e-06
-0.000858702
3.83932e-07
-4.45159e-05
-0.00106093
7.05395e-05
-3.94946e-07
-0.000819987
-0.000118744
-0.000236027
0.000714537
2.69396e-05
0.00338113
2.09593e-05
4.45214e-05
-0.00113108
-7.50579e-05
-9.40015e-05
-0.00128825
-4.45151e-05
8.32466e-06
-0.00106093
-2.8946e-05
-2.89455e-05
-0.00110726
2.50996e-10
-9.23372e-06
-0.00100639
2.89472e-05
-9.23484e-06
-0.00100639
4.45171e-05
-2.89456e-05
-0.00110726
7.50558e-05
8.32228e-06
-0.00106094
-2.09629e-05
-9.40032e-05
-0.00128825
4.45213e-05
-0.00113107
1.71153e-05
-3.84931e-09
-0.00103829
-4.8338e-05
5.83562e-09
-0.00111939
-8.6997e-06
-1.30778e-09
-0.0008587
-9.23283e-06
3.11807e-10
-0.00100639
-4.04155e-10
-9.8336e-10
-0.000910367
9.23151e-06
-1.11072e-09
-0.000910367
8.69897e-06
4.22911e-10
-0.00100638
4.83372e-05
-1.43618e-09
-0.000858696
-1.71173e-05
5.51992e-09
-0.00111939
-3.07017e-09
-0.00103829
1.71166e-05
-4.4521e-05
-0.0010383
-4.8343e-05
9.40201e-05
-0.00111941
-8.70312e-06
-8.32746e-06
-0.000858702
-9.23502e-06
2.89475e-05
-0.00100639
-6.31751e-10
9.23091e-06
-0.000910367
9.23327e-06
9.23184e-06
-0.000910366
8.70191e-06
2.89478e-05
-0.00100639
4.83416e-05
-8.32539e-06
-0.000858697
-1.71185e-05
9.40205e-05
-0.0011194
-4.45209e-05
-0.00103829
2.09688e-05
-2.69469e-05
-0.00113103
-7.5056e-05
0.000236056
-0.00128824
-4.45164e-05
3.82725e-07
-0.00106093
-2.89456e-05
4.45174e-05
-0.00110725
4.48656e-10
8.69837e-06
-0.00100638
2.89472e-05
8.69987e-06
-0.00100639
4.45188e-05
4.4519e-05
-0.00110725
7.50553e-05
3.92199e-07
-0.00106094
-2.0971e-05
0.000236065
-0.00128825
-2.69464e-05
-0.00113103
0.000118742
-0.000345013
0.00338129
-7.05575e-05
0.000452993
0.000714455
-4.01008e-07
7.05322e-05
-0.000819996
8.32153e-06
7.50542e-05
-0.00106094
-6.368e-10
4.83367e-05
-0.000858692
-8.32317e-06
4.83392e-05
-0.000858693
4.01222e-07
7.50542e-05
-0.00106094
7.05475e-05
7.0534e-05
-0.000820004
-0.00011875
0.000453004
0.000714436
-0.000345012
0.00338128
-0.000526645
6.17736e-05
0.00318243
-0.000453012
0.000526635
0.00110663
-0.000236032
-0.000118749
0.000714551
-9.40053e-05
-2.0965e-05
-0.00128824
3.73304e-09
-1.71183e-05
-0.00111939
9.40152e-05
-1.71191e-05
-0.0011194
0.000236057
-2.09705e-05
-0.00128824
0.00045301
-0.000118756
0.000714495
0.000526636
0.000526634
0.00110656
6.17722e-05
0.00318241
-6.17711e-05
0.00218055
0.000345006
0.00318252
2.69426e-05
0.00338114
4.45219e-05
-0.00113106
-2.13906e-09
-0.00103828
-4.45226e-05
-0.00103828
-2.69468e-05
-0.00113104
-0.000345011
0.00338124
6.17715e-05
0.00318245
0.00218055
-5.9241e-05
-5.92401e-05
0.00229904
0.000368335
-0.000485352
0.00324036
4.25027e-05
0.000189521
0.00351746
5.2988e-05
2.36043e-05
-0.00116516
-2.85308e-09
1.37388e-05
-0.000999045
-5.29901e-05
1.37388e-05
-0.000999051
-4.2513e-05
2.36122e-05
-0.00116513
-0.000368347
0.000189537
0.00351755
5.92387e-05
-0.000485349
0.00324025
-5.92387e-05
0.00229903
-0.000485349
0.000368334
0.00324037
-0.000402594
-0.000402598
0.000941284
-0.000211419
5.56304e-05
0.000657257
-6.14638e-05
-5.30825e-05
-0.00136151
1.49912e-09
-3.4186e-05
-0.00113293
6.14683e-05
-3.41881e-05
-0.00113294
0.000211431
-5.30803e-05
-0.00136151
0.000402577
5.56344e-05
0.000657249
0.000485338
-0.000402592
0.000941163
0.000368339
0.0032403
0.00018952
4.25019e-05
0.00351743
5.56325e-05
-0.000211417
0.00065726
4.31249e-05
4.31232e-05
-0.00079496
1.40706e-05
-2.93075e-05
-0.00105565
-1.48483e-10
-5.11947e-06
-0.000873697
-1.40716e-05
-5.12065e-06
-0.000873698
-4.31249e-05
-2.93083e-05
-0.00105565
-5.56424e-05
4.31186e-05
-0.000794954
-0.000189533
-0.000211418
0.000657254
4.25083e-05
0.00351742
2.36027e-05
5.29882e-05
-0.00116517
-5.30829e-05
-6.14621e-05
-0.00136152
-2.93079e-05
1.40698e-05
-0.00105565
-1.80511e-05
-1.80507e-05
-0.00112977
2.46685e-10
-6.1326e-06
-0.00102343
1.80518e-05
-6.13346e-06
-0.00102343
2.9309e-05
-1.80507e-05
-0.00112977
5.30813e-05
1.4068e-05
-0.00105566
-2.36059e-05
-6.14617e-05
-0.00136152
5.29905e-05
-0.00116516
1.37392e-05
-4.43755e-09
-0.000999041
-3.41851e-05
2.5413e-09
-0.00113293
-5.11894e-06
-7.67745e-10
-0.000873695
-6.13198e-06
3.39705e-10
-0.00102342
-2.19206e-10
-5.96986e-10
-0.000922631
6.13126e-06
-6.6936e-10
-0.000922631
5.11843e-06
4.46538e-10
-0.00102342
3.41842e-05
-8.29224e-10
-0.000873693
-1.37407e-05
2.86686e-09
-0.00113293
-3.25596e-09
-0.000999035
1.37391e-05
-5.29899e-05
-0.000999053
-3.41891e-05
6.14712e-05
-0.00113295
-5.1214e-06
-1.40718e-05
-0.000873699
-6.13371e-06
1.8052e-05
-0.00102343
-3.69607e-10
6.13092e-06
-0.000922632
6.13266e-06
6.13165e-06
-0.000922632
5.12054e-06
1.80522e-05
-0.00102343
3.41877e-05
-1.40703e-05
-0.000873695
-1.37407e-05
6.14708e-05
-0.00113294
-5.29911e-05
-0.000999044
2.3615e-05
-4.25173e-05
-0.00116511
-5.30794e-05
0.000211435
-0.00136151
-2.93085e-05
-4.31261e-05
-0.00105565
-1.80506e-05
2.93091e-05
-0.00112977
4.2342e-10
5.11806e-06
-0.00102342
1.80517e-05
5.11912e-06
-0.00102343
2.93102e-05
2.93104e-05
-0.00112977
5.30797e-05
-4.31216e-05
-0.00105566
-2.36158e-05
0.000211439
-0.00136152
-4.25176e-05
-0.00116512
0.000189543
-0.000368354
0.00351758
5.56344e-05
0.000402567
0.000657232
4.3114e-05
-5.56485e-05
-0.000794954
1.40668e-05
5.30799e-05
-0.00105567
-3.69658e-10
3.41837e-05
-0.000873691
-1.40682e-05
3.41857e-05
-0.000873692
-4.31148e-05
5.30795e-05
-0.00105566
-5.56421e-05
-5.56495e-05
-0.000794949
-0.000189552
0.000402573
0.000657212
-0.000368352
0.00351756
-0.000485345
5.92369e-05
0.00324019
-0.000402588
0.000485333
0.000941101
-0.00021142
-0.00018954
0.000657274
-6.14625e-05
-2.36082e-05
-0.00136151
1.98408e-09
-1.37415e-05
-0.00113293
6.14677e-05
-1.37415e-05
-0.00113294
0.000211434
-2.36143e-05
-0.00136152
0.000402581
-0.000189552
0.000657251
0.000485336
0.000485333
0.000941043
5.92359e-05
0.00324016
-5.92384e-05
0.00229903
0.000368342
0.00324027
4.25125e-05
0.00351743
5.29919e-05
-0.00116515
-1.8581e-09
-0.000999031
-5.29927e-05
-0.000999036
-4.25171e-05
-0.00116513
-0.000368348
0.00351752
5.92368e-05
0.00324019
0.00229902
-2.67406e-05
-2.67397e-05
0.00235252
0.000425118
-0.000436149
0.00322465
4.27967e-05
0.00028074
0.00361904
3.67635e-05
1.44828e-05
-0.00117361
-2.26443e-09
6.60111e-06
-0.00096888
-3.67659e-05
6.60073e-06
-0.000968888
-4.28065e-05
1.44895e-05
-0.00117358
-0.000425126
0.000280754
0.00361912
2.67399e-05
-0.00043615
0.00322453
-2.67391e-05
0.00235251
-0.000436146
0.000425117
0.00322466
-0.000273461
-0.000273464
0.000615914
-0.000116111
0.000200981
0.000579667
-2.09569e-05
-3.57159e-05
-0.00140647
9.6675e-10
-2.07099e-05
-0.00112658
2.09586e-05
-2.07111e-05
-0.00112659
0.000116117
-3.57137e-05
-0.00140647
0.000273444
0.000200983
0.000579692
0.000436134
-0.000273456
0.000615779
0.000425117
0.00322458
0.000280739
4.27954e-05
0.00361901
0.000200983
-0.000116109
0.000579662
8.80797e-05
8.8079e-05
-0.000569155
2.58739e-05
-1.60306e-05
-0.00101313
-2.15089e-10
-1.35517e-06
-0.000867177
-2.58747e-05
-1.35574e-06
-0.000867179
-8.80814e-05
-1.60308e-05
-0.00101312
-0.000200991
8.8079e-05
-0.00056914
-0.000280751
-0.000116104
0.000579661
4.27994e-05
0.00361899
1.44814e-05
3.67633e-05
-0.00117362
-3.57162e-05
-2.09561e-05
-0.00140647
-1.60308e-05
2.58734e-05
-0.00101313
-8.69311e-06
-8.69291e-06
-0.00114445
1.21731e-10
-3.11315e-06
-0.00103036
8.69332e-06
-3.11368e-06
-0.00103037
1.60307e-05
-8.69268e-06
-0.00114445
3.57145e-05
2.58724e-05
-0.00101314
-1.44837e-05
-2.09552e-05
-0.00140647
3.67656e-05
-0.00117361
6.60147e-06
-3.83969e-09
-0.000968876
-2.07093e-05
1.46571e-09
-0.00112657
-1.35491e-06
-6.26962e-10
-0.000867176
-3.11281e-06
1.69043e-10
-0.00103036
-1.23219e-10
-3.45823e-10
-0.000928856
3.11248e-06
-3.72878e-10
-0.000928857
1.35467e-06
2.7747e-10
-0.00103036
2.07088e-05
-5.62469e-10
-0.000867174
-6.60233e-06
1.83156e-09
-0.00112657
-2.74841e-09
-0.000968869
6.60071e-06
-3.67669e-05
-0.000968891
-2.07116e-05
2.09587e-05
-0.00112659
-1.35607e-06
-2.58749e-05
-0.00086718
-3.11385e-06
8.69335e-06
-0.00103037
-1.98425e-10
3.1123e-06
-0.000928858
3.11331e-06
3.11274e-06
-0.000928858
1.35565e-06
8.69342e-06
-0.00103036
2.07108e-05
-2.5874e-05
-0.000867177
-6.60171e-06
2.09588e-05
-0.00112659
-3.67675e-05
-0.000968881
1.44924e-05
-4.28118e-05
-0.00117356
-3.57124e-05
0.000116117
-0.00140647
-1.60307e-05
-8.80829e-05
-0.00101312
-8.69255e-06
1.60309e-05
-0.00114444
2.73976e-10
1.35446e-06
-0.00103036
8.69318e-06
1.35497e-06
-0.00103036
1.60311e-05
1.60315e-05
-0.00114444
3.57123e-05
-8.80818e-05
-0.00101313
-1.44924e-05
0.000116115
-0.00140647
-4.28104e-05
-0.00117357
0.000280759
-0.00042513
0.00361914
0.000200984
0.000273434
0.00057969
8.80783e-05
-0.000200996
-0.000569135
2.58719e-05
3.57136e-05
-0.00101314
-2.43309e-10
2.07085e-05
-0.000867173
-2.58729e-05
2.07097e-05
-0.000867174
-8.80792e-05
3.57129e-05
-0.00101314
-0.00020099
-0.000200995
-0.000569125
-0.000280766
0.000273434
0.00057967
-0.000425129
0.00361911
-0.000436151
2.6739e-05
0.00322447
-0.000273458
0.000436129
0.000615713
-0.000116104
-0.000280757
0.000579682
-2.0955e-05
-1.44854e-05
-0.00140646
1.43909e-09
-6.60262e-06
-0.00112657
2.09581e-05
-6.60231e-06
-0.00112658
0.000116114
-1.44903e-05
-0.00140647
0.000273447
-0.000280767
0.000579689
0.000436138
0.00043613
0.000615656
2.67369e-05
0.00322443
-2.67394e-05
0.00235251
0.000425116
0.00322454
4.28016e-05
0.00361899
3.67669e-05
-0.0011736
-1.31844e-09
-0.000968865
-3.67675e-05
-0.000968872
-4.28063e-05
-0.00117358
-0.000425122
0.00361906
2.67375e-05
0.00322446
0.0023525
-5.97101e-06
-5.97016e-06
0.000451028
-0.000370108
3.12645e-05
0.000277765
1.71531e-05
7.83556e-07
-8.58424e-10
2.15625e-06
-1.71538e-05
2.15591e-06
-3.12687e-05
7.8632e-07
-0.000451031
0.000277778
5.97051e-06
-0.000370111
-5.96908e-06
-0.000370106
0.000451028
-0.000164161
-0.000164162
-1.24657e-05
0.000189523
2.3139e-06
-1.70338e-05
1.05683e-10
-6.9962e-06
-2.3144e-06
-6.99659e-06
1.24652e-05
-1.70326e-05
0.000164156
0.000189525
0.000370105
-0.00016416
0.000451025
0.000277763
3.12631e-05
0.000189523
-1.24649e-05
7.10727e-05
7.10727e-05
2.00056e-05
-3.26294e-06
-1.16075e-10
8.70063e-07
-2.0006e-05
8.69847e-07
-7.10735e-05
-3.26286e-06
-0.000189524
7.10735e-05
-0.00027777
-1.24611e-05
3.12607e-05
7.82875e-07
1.7153e-05
-1.70341e-05
2.31391e-06
-3.263e-06
2.00054e-05
-1.77577e-06
-1.77574e-06
4.02142e-11
-7.69942e-07
1.77576e-06
-7.70139e-07
3.26294e-06
-1.77565e-06
1.70335e-05
2.0005e-05
-7.83289e-07
2.31473e-06
1.71534e-05
2.15641e-06
-1.53538e-09
-6.996e-06
-8.26658e-12
8.70203e-07
-3.21983e-10
-7.69804e-07
4.24874e-11
-4.62098e-11
-1.37327e-10
7.69681e-07
-1.43729e-10
-8.70376e-07
1.02496e-10
6.99577e-06
-2.1226e-10
-2.15662e-06
2.63336e-10
-1.2228e-09
2.15575e-06
-1.71543e-05
-6.99672e-06
-2.31536e-06
8.69779e-07
-2.00064e-05
-7.70169e-07
1.77569e-06
-7.05362e-11
7.69596e-07
7.69987e-07
7.69777e-07
-8.70011e-07
1.77578e-06
6.9964e-06
-2.00057e-05
-2.15606e-06
-2.31545e-06
-1.7154e-05
7.8768e-07
-3.12714e-05
-1.70316e-05
1.24629e-05
-3.26265e-06
-7.10746e-05
-1.77555e-06
3.2629e-06
1.14217e-10
-8.70527e-07
1.77576e-06
-8.70306e-07
3.2629e-06
3.2631e-06
1.70319e-05
-7.10742e-05
-7.87316e-07
1.24612e-05
-3.12685e-05
0.000277782
-0.000451034
0.000189526
0.00016415
7.10746e-05
-0.000189526
2.00051e-05
1.70334e-05
-3.33366e-11
6.99567e-06
-2.00052e-05
6.99603e-06
-7.10742e-05
1.70329e-05
-0.000189525
-0.000189526
-0.000277785
0.000164149
-0.000451032
-0.000370115
5.96987e-06
-0.000164164
0.000370104
-1.24611e-05
-0.000277775
2.31523e-06
-7.83437e-07
3.7359e-10
-2.15661e-06
-2.31493e-06
-2.15634e-06
1.24632e-05
-7.85633e-07
0.00016416
-0.000277785
0.00037011
0.000370104
5.96862e-06
-5.9688e-06
0.000451022
3.12584e-05
1.71534e-05
-6.18282e-10
-1.71534e-05
-3.12624e-05
-0.000451026
5.96841e-06
)
;

boundaryField
{
    bottom
    {
        type            calculated;
        value           uniform 0;
    }
    atmosphere
    {
        type            calculated;
        value           nonuniform List<scalar> 
100
(
0.00236446
0.00313777
0.00376101
-0.00116029
-0.000953878
-0.000953894
-0.00116023
0.00376112
0.00313758
0.00236445
0.00313776
0.000204023
0.000516206
-0.00140343
-0.00111511
-0.00111513
-0.00140343
0.00051626
0.000203808
0.00313766
0.00376104
0.000516214
-0.000332255
-0.000975837
-0.000855036
-0.000855041
-0.000975823
-0.000332232
0.000516228
0.00376098
-0.00116028
-0.00140343
-0.000975832
-0.00114742
-0.0010305
-0.0010305
-0.00114742
-0.000975842
-0.00140342
-0.00116028
-0.000953883
-0.00111511
-0.000855038
-0.0010305
-0.000930396
-0.000930398
-0.00103049
-0.000855034
-0.0011151
-0.000953868
-0.000953891
-0.00111512
-0.000855039
-0.0010305
-0.000930397
-0.000930398
-0.0010305
-0.000855035
-0.00111511
-0.000953875
-0.00116025
-0.00140343
-0.000975826
-0.00114742
-0.00103049
-0.0010305
-0.00114742
-0.000975838
-0.00140343
-0.00116026
0.0037611
0.000516255
-0.000332238
-0.000975842
-0.000855035
-0.000855038
-0.000975831
-0.000332222
0.000516251
0.00376104
0.00313764
0.000203879
0.000516209
-0.00140343
-0.0011151
-0.00111512
-0.00140343
0.000516242
0.000203753
0.00313757
0.00236445
0.00313769
0.00376098
-0.00116028
-0.000953871
-0.000953885
-0.00116024
0.00376109
0.00313754
0.00236444
)
;
    }
    walls
    {
        type            calculated;
        value           uniform 0;
    }
}


// ************************************************************************* //
