/*--------------------------------*- C++ -*----------------------------------*\
| =========                 |                                                 |
| \\      /  F ield         | OpenFOAM: The Open Source CFD Toolbox           |
|  \\    /   O peration     | Version:  2412                                  |
|   \\  /    A nd           | Website:  www.openfoam.com                      |
|    \\/     M anipulation  |                                                 |
\*---------------------------------------------------------------------------*/
FoamFile
{
    version     2.0;
    format      ascii;
    arch        "LSB;label=32;scalar=64";
    class       volVectorField;
    location    "0.78";
    object      U;
}
// * * * * * * * * * * * * * * * * * * * * * * * * * * * * * * * * * * * * * //

dimensions      [0 1 -1 0 0 0 0];

internalField   nonuniform List<vector> 
4000
(
(0.349611 0.349611 -0.216454)
(0.117102 0.17861 -0.130302)
(-0.203538 -0.136794 -0.252978)
(-0.185152 -0.0810808 -0.258048)
(-0.142806 -0.160824 -0.19331)
(0.142807 -0.160816 -0.193311)
(0.185152 -0.0810751 -0.258052)
(0.203537 -0.136793 -0.252977)
(-0.117103 0.17861 -0.130302)
(-0.349611 0.349611 -0.216454)
(0.17861 0.117103 -0.130302)
(0.434239 0.434239 -0.148664)
(0.169664 0.516099 -0.146911)
(-0.0154989 0.304696 -0.182769)
(-0.0849847 0.250737 -0.322983)
(0.0849832 0.250731 -0.32298)
(0.0154994 0.304695 -0.182766)
(-0.169662 0.516101 -0.146913)
(-0.434239 0.43424 -0.148665)
(-0.178611 0.117103 -0.130302)
(-0.136794 -0.203538 -0.252977)
(0.516099 0.169665 -0.146911)
(0.142266 0.142269 0.0753245)
(0.129483 -0.381449 -0.114387)
(-0.0489886 -0.409157 -0.275355)
(0.0489849 -0.409162 -0.275349)
(-0.129479 -0.381456 -0.114376)
(-0.142266 0.142278 0.0753321)
(-0.516099 0.169667 -0.146912)
(0.136793 -0.203537 -0.252976)
(-0.0810822 -0.185152 -0.258047)
(0.304699 -0.0154978 -0.182768)
(-0.381448 0.129486 -0.114386)
(-0.108279 -0.108279 -0.275764)
(-0.107841 -0.175475 -0.3099)
(0.107837 -0.17548 -0.30989)
(0.108284 -0.10828 -0.275756)
(0.381451 0.129481 -0.114378)
(-0.304699 -0.0154977 -0.182766)
(0.0810812 -0.185151 -0.258048)
(-0.160827 -0.142805 -0.19331)
(0.250743 -0.0849843 -0.322986)
(-0.409154 -0.0489887 -0.275353)
(-0.175471 -0.107841 -0.309901)
(-0.0934733 -0.0934786 -0.198938)
(0.0934677 -0.0934795 -0.19894)
(0.175472 -0.107836 -0.309895)
(0.409156 -0.0489869 -0.275345)
(-0.250743 -0.084983 -0.322988)
(0.160823 -0.142805 -0.19331)
(-0.160816 0.142807 -0.19331)
(0.250732 0.0849822 -0.322982)
(-0.409164 0.0489807 -0.275344)
(-0.175481 0.107831 -0.309885)
(-0.0934787 0.093465 -0.198938)
(0.0934734 0.0934661 -0.198939)
(0.175482 0.107826 -0.309879)
(0.409166 0.0489793 -0.275338)
(-0.250732 0.0849811 -0.322983)
(0.160813 0.142806 -0.19331)
(-0.0810745 0.185151 -0.258052)
(0.304695 0.0154973 -0.182764)
(-0.38146 -0.129478 -0.114372)
(-0.108284 0.108286 -0.275753)
(-0.107835 0.175479 -0.309889)
(0.107831 0.175484 -0.309878)
(0.10829 0.108289 -0.275746)
(0.381462 -0.129473 -0.114367)
(-0.304695 0.0154973 -0.182763)
(0.081074 0.18515 -0.258053)
(-0.136792 0.203537 -0.252977)
(0.516101 -0.169662 -0.146913)
(0.142277 -0.142268 0.0753347)
(0.129475 0.381454 -0.114377)
(-0.0489871 0.409162 -0.275344)
(0.0489838 0.409167 -0.27534)
(-0.12947 0.381461 -0.114369)
(-0.142276 -0.142276 0.0753408)
(-0.516101 -0.169664 -0.146914)
(0.136792 0.203537 -0.252977)
(0.17861 -0.117103 -0.130301)
(0.43424 -0.434239 -0.148665)
(0.169667 -0.516099 -0.146912)
(-0.0154986 -0.304697 -0.182767)
(-0.0849827 -0.250736 -0.322985)
(0.0849814 -0.25073 -0.322982)
(0.015499 -0.304694 -0.182764)
(-0.169664 -0.516101 -0.146914)
(-0.43424 -0.434239 -0.148665)
(-0.178611 -0.117103 -0.130302)
(0.349611 -0.349611 -0.216454)
(0.117103 -0.178611 -0.130302)
(-0.203537 0.136793 -0.252976)
(-0.185151 0.0810794 -0.258049)
(-0.142805 0.160819 -0.19331)
(0.142807 0.160813 -0.193311)
(0.18515 0.081074 -0.258053)
(0.203537 0.136792 -0.252976)
(-0.117103 -0.178611 -0.130302)
(-0.349611 -0.349611 -0.216454)
(-0.000101985 -0.000101976 -0.259637)
(0.0604967 -0.590091 0.0984285)
(-0.156827 -0.969702 0.196173)
(-0.217861 -1.33573 0.113703)
(-0.149391 -1.58923 -0.0304985)
(0.14939 -1.58923 -0.0304977)
(0.217861 -1.3357 0.113706)
(0.156827 -0.969678 0.196171)
(-0.0604979 -0.590086 0.0984271)
(0.000101319 -0.000102003 -0.259637)
(-0.590091 0.0604969 0.0984285)
(0.760131 0.760131 0.165318)
(0.217461 1.01601 0.248696)
(0.100739 1.21258 0.458077)
(-0.35074 1.59743 0.395997)
(0.350747 1.59743 0.396)
(-0.100756 1.21253 0.458078)
(-0.217466 1.016 0.248694)
(-0.76013 0.760129 0.16532)
(0.59009 0.0604958 0.0984279)
(-0.969703 -0.156826 0.196172)
(1.01601 0.217463 0.248697)
(0.0506375 0.0506315 0.24767)
(0.775166 -1.02116 0.367129)
(-0.441341 0.062159 0.479791)
(0.44134 0.0621353 0.47978)
(-0.775168 -1.0212 0.367116)
(-0.0506179 0.0505961 0.247665)
(-1.01601 0.217446 0.248697)
(0.969697 -0.156826 0.19617)
(-1.33573 -0.217861 0.113701)
(1.21259 0.100734 0.458075)
(-1.02115 0.775172 0.36713)
(0.962768 0.962764 -0.0289629)
(-1.03364 0.0703756 0.0248717)
(1.03362 0.0702534 0.0248507)
(-0.962735 0.962713 -0.0289817)
(1.02119 0.775178 0.367128)
(-1.21257 0.100741 0.458075)
(1.33572 -0.21786 0.113702)
(-1.58923 -0.149391 -0.0305004)
(1.59743 -0.350744 0.395998)
(0.0621365 -0.441331 0.479792)
(0.0704835 -1.03366 0.0248729)
(-0.562175 -0.562239 -0.116715)
(0.562107 -0.562322 -0.116727)
(-0.0704774 -1.03366 0.024853)
(-0.0620905 -0.44132 0.479782)
(-1.59743 -0.350749 0.396003)
(1.58923 -0.14939 -0.0305012)
(-1.58924 0.14939 -0.0304984)
(1.59743 0.350756 0.396004)
(0.0620864 0.441325 0.479774)
(0.0702218 1.03361 0.0248377)
(-0.562349 0.562068 -0.116748)
(0.562282 0.562152 -0.11676)
(-0.0702126 1.0336 0.0248177)
(-0.0620467 0.441313 0.479765)
(-1.59743 0.350761 0.396008)
(1.58924 0.149389 -0.0304991)
(-1.33569 0.21786 0.113707)
(1.21252 -0.100757 0.458078)
(-1.02121 -0.775172 0.367113)
(0.962677 -0.962724 -0.0289932)
(-1.03366 -0.0703524 0.024827)
(1.03363 -0.0702244 0.0248059)
(-0.96264 -0.962667 -0.0290096)
(1.02125 -0.775176 0.367113)
(-1.2125 -0.10076 0.458079)
(1.33568 0.217859 0.113707)
(-0.969674 0.156827 0.19617)
(1.01599 -0.21747 0.248694)
(0.0505901 -0.0505995 0.247665)
(0.775172 1.02121 0.367125)
(-0.441328 -0.0620949 0.479775)
(0.441327 -0.062077 0.479765)
(-0.775172 1.02125 0.367114)
(-0.0505708 -0.0505649 0.247662)
(-1.01599 -0.217454 0.248696)
(0.96967 0.156826 0.196168)
(-0.590085 -0.0604982 0.0984268)
(0.760128 -0.760131 0.16532)
(0.21744 -1.01601 0.248698)
(0.100749 -1.21255 0.458078)
(-0.350743 -1.59743 0.396005)
(0.35075 -1.59743 0.396007)
(-0.100762 -1.21251 0.45808)
(-0.217446 -1.01599 0.248696)
(-0.760128 -0.760128 0.165322)
(0.590084 -0.0604969 0.0984263)
(-0.000102131 0.000101344 -0.259637)
(0.0604954 0.59009 0.0984278)
(-0.156827 0.969693 0.19617)
(-0.21786 1.33571 0.113704)
(-0.149389 1.58923 -0.0304991)
(0.149389 1.58923 -0.0304982)
(0.21786 1.33568 0.113707)
(0.156827 0.969671 0.196169)
(-0.0604964 0.590085 0.0984265)
(0.000101192 0.000101098 -0.259638)
(-0.272485 -0.272485 -0.286552)
(0.272251 -1.43134 -0.136626)
(-0.165951 -1.81001 -0.12845)
(0.000782598 -1.96203 -0.230943)
(-0.280687 -1.56233 -0.365719)
(0.280687 -1.5624 -0.365715)
(-0.000776995 -1.96205 -0.23094)
(0.165955 -1.81001 -0.128452)
(-0.272246 -1.43134 -0.136626)
(0.272482 -0.272485 -0.286553)
(-1.43134 0.272251 -0.136626)
(1.50461 1.50461 -0.924309)
(0.194614 1.83204 -0.281011)
(-0.0241541 1.94766 0.0506937)
(-1.09713 0.83256 -1.16718)
(1.09712 0.832574 -1.16715)
(0.0241467 1.94768 0.0507307)
(-0.194644 1.83203 -0.280994)
(-1.50461 1.50461 -0.924303)
(1.43134 0.272252 -0.136626)
(-1.81001 -0.16595 -0.12845)
(1.83204 0.19461 -0.281012)
(0.830287 0.83029 0.213708)
(0.943307 0.760653 0.418186)
(-0.227316 -0.469177 0.645689)
(0.227266 -0.469217 0.645754)
(-0.943333 0.760658 0.418186)
(-0.830309 0.830285 0.213707)
(-1.83204 0.194623 -0.281005)
(1.81001 -0.165952 -0.128452)
(-1.96203 0.000783413 -0.230943)
(1.94766 -0.024165 0.0506929)
(0.760649 0.9433 0.418184)
(0.89676 0.896756 -0.0884611)
(0.0591003 0.228627 -0.00981452)
(-0.0591275 0.228469 -0.00979698)
(-0.896777 0.896738 -0.0884806)
(-0.760675 0.94328 0.418177)
(-1.94766 -0.0241764 0.0507089)
(1.96203 0.000783467 -0.230942)
(-1.56232 -0.280684 -0.36572)
(0.832579 -1.09713 -1.16718)
(-0.469205 -0.227313 0.645655)
(0.228658 0.0590187 -0.00985084)
(-0.600031 -0.600117 -0.51926)
(0.599914 -0.60022 -0.519389)
(-0.228522 0.0589612 -0.00990161)
(0.469296 -0.227316 0.645683)
(-0.83262 -1.09715 -1.16716)
(1.56235 -0.280682 -0.36572)
(-1.56242 0.28069 -0.365714)
(0.832613 1.09713 -1.16713)
(-0.469286 0.22723 0.64579)
(0.228313 -0.0591018 -0.00980445)
(-0.600211 0.5998 -0.519544)
(0.600081 0.599891 -0.519679)
(-0.228182 -0.0590434 -0.00985379)
(0.469367 0.227242 0.645816)
(-0.832646 1.09716 -1.16712)
(1.56243 0.280687 -0.365715)
(-1.96206 -0.000776545 -0.230939)
(1.94768 0.0241543 0.0507463)
(0.760653 -0.943329 0.418185)
(0.896723 -0.896774 -0.0884957)
(0.0589617 -0.228392 -0.00992307)
(-0.0589867 -0.228238 -0.0099038)
(-0.896736 -0.896752 -0.0885128)
(-0.76067 -0.943307 0.41818)
(-1.94768 0.0241676 0.0507589)
(1.96206 -0.000777117 -0.230938)
(-1.81001 0.165955 -0.128452)
(1.83203 -0.194661 -0.28099)
(0.830277 -0.830318 0.213709)
(0.943281 -0.760673 0.418177)
(-0.227326 0.469319 0.645735)
(0.227283 0.469351 0.6458)
(-0.943304 -0.760671 0.418179)
(-0.830294 -0.830307 0.213709)
(-1.83202 -0.194669 -0.280982)
(1.81 0.165955 -0.128454)
(-1.43134 -0.272245 -0.136627)
(1.50461 -1.50461 -0.924302)
(0.194626 -1.83203 -0.280999)
(-0.0241631 -1.94766 0.0507172)
(-1.09714 -0.832607 -1.16716)
(1.09714 -0.832615 -1.16713)
(0.024157 -1.94767 0.0507508)
(-0.194652 -1.83202 -0.28098)
(-1.50461 -1.50461 -0.924296)
(1.43134 -0.272245 -0.136627)
(-0.272486 0.272482 -0.286553)
(0.272251 1.43134 -0.136626)
(-0.165952 1.81001 -0.128452)
(0.000782937 1.96203 -0.230942)
(-0.280683 1.56237 -0.365719)
(0.280683 1.56242 -0.365716)
(-0.000777813 1.96205 -0.230939)
(0.165955 1.81 -0.128453)
(-0.272246 1.43133 -0.136627)
(0.272483 0.272482 -0.286553)
(-0.448834 -0.448834 -0.266007)
(0.385519 -1.78363 -0.0177037)
(-0.299293 -1.76842 0.266848)
(0.144962 -0.154184 0.168162)
(-0.585531 0.0737829 0.0414642)
(0.58555 0.0737676 0.0414863)
(-0.144955 -0.154272 0.168169)
(0.299292 -1.76844 0.266847)
(-0.385516 -1.78364 -0.0177025)
(0.448833 -0.448835 -0.266006)
(-1.78363 0.385518 -0.0177038)
(1.80992 1.80992 -1.25714)
(-1.69751 1.79465 -0.333082)
(0.38424 0.26301 -0.223504)
(-1.12456 -0.675227 -0.649464)
(1.12452 -0.675122 -0.649483)
(-0.384139 0.263083 -0.223491)
(1.69734 1.79467 -0.333079)
(-1.80991 1.80992 -1.25716)
(1.78363 0.385517 -0.0177036)
(-1.76842 -0.299293 0.266847)
(1.79465 -1.69757 -0.333074)
(0.542487 0.542472 0.754208)
(0.871442 0.753786 1.1208)
(-0.19917 -0.87257 0.98324)
(0.19903 -0.872472 0.98331)
(-0.871478 0.753774 1.12079)
(-0.542544 0.542467 0.754192)
(-1.79464 -1.69761 -0.333074)
(1.76842 -0.299299 0.266846)
(-0.154185 0.14496 0.168157)
(0.263009 0.38426 -0.223507)
(0.753781 0.871434 1.12081)
(0.431756 0.431744 0.685917)
(-0.294234 -0.260177 0.447763)
(0.294276 -0.260273 0.447767)
(-0.431708 0.431671 0.685925)
(-0.753805 0.871417 1.1208)
(-0.262981 0.384172 -0.223506)
(0.1542 0.144956 0.168159)
(0.0737586 -0.585522 0.0414478)
(-0.675249 -1.12456 -0.649457)
(-0.872604 -0.199197 0.983234)
(-0.260131 -0.294263 0.447696)
(-0.475955 -0.47585 -0.68864)
(0.476028 -0.475759 -0.688975)
(0.260199 -0.294307 0.44754)
(0.872669 -0.199224 0.983281)
(0.675269 -1.12458 -0.649442)
(-0.0737415 -0.585522 0.0414456)
(0.0737407 0.585557 0.0414784)
(-0.67509 1.1245 -0.649458)
(-0.872473 0.198979 0.983386)
(-0.260368 0.294318 0.447674)
(-0.475711 0.47594 -0.689362)
(0.47576 0.475827 -0.689702)
(0.260437 0.294346 0.447515)
(0.872547 0.19902 0.98343)
(0.675124 1.12453 -0.649435)
(-0.0737282 0.585554 0.0414743)
(-0.154301 -0.14495 0.168172)
(0.263101 -0.384107 -0.223483)
(0.753758 -0.871481 1.12079)
(0.431601 -0.43166 0.685922)
(-0.294369 0.260249 0.447413)
(0.294397 0.260348 0.447414)
(-0.431556 -0.431591 0.685928)
(-0.753773 -0.871462 1.12078)
(-0.263071 -0.384049 -0.223478)
(0.154307 -0.144949 0.168172)
(-1.76844 0.299292 0.266847)
(1.79468 1.69733 -0.33307)
(0.542469 -0.542556 0.754188)
(0.871421 -0.7538 1.1208)
(-0.199223 0.87269 0.983319)
(0.199094 0.8726 0.983389)
(-0.871456 -0.75378 1.12079)
(-0.54252 -0.542541 0.754176)
(-1.79467 1.69739 -0.333066)
(1.76844 0.299297 0.266846)
(-1.78364 -0.385515 -0.0177025)
(1.80992 -1.80991 -1.25717)
(-1.69758 -1.79464 -0.333083)
(0.384168 -0.262969 -0.223511)
(-1.12458 0.675285 -0.649407)
(1.12454 0.675192 -0.649419)
(-0.384092 -0.263042 -0.223493)
(1.69743 -1.79467 -0.333077)
(-1.80992 -1.80992 -1.25718)
(1.78364 -0.385514 -0.0177023)
(-0.448836 0.448833 -0.266006)
(0.385518 1.78363 -0.0177035)
(-0.2993 1.76842 0.266847)
(0.144957 0.154206 0.168165)
(-0.585532 -0.073763 0.0414614)
(0.58555 -0.0737526 0.0414819)
(-0.144951 0.154285 0.168171)
(0.299299 1.76844 0.266846)
(-0.385514 1.78364 -0.0177025)
(0.448834 0.448834 -0.266005)
(-0.485141 -0.485141 -0.217266)
(0.47637 -1.7336 -0.216506)
(-0.35649 -1.23531 -0.00658698)
(0.201144 0.0916155 -0.104096)
(-0.562167 -0.267075 -0.256622)
(0.56217 -0.267107 -0.256643)
(-0.201144 0.0915737 -0.104077)
(0.356489 -1.23534 -0.00658702)
(-0.476366 -1.73362 -0.216506)
(0.485141 -0.485143 -0.217263)
(-1.7336 0.47637 -0.216506)
(1.74148 1.74149 -0.972737)
(-2.07647 1.25966 -0.634217)
(0.621089 -0.0950356 -0.553094)
(-1.37601 -0.639769 -0.781361)
(1.376 -0.639602 -0.781453)
(-0.62117 -0.0950059 -0.553058)
(2.07651 1.25968 -0.634182)
(-1.74148 1.7415 -0.972771)
(1.7336 0.476368 -0.216505)
(-1.23531 -0.356489 -0.00658641)
(1.25966 -2.07646 -0.634224)
(0.148889 0.148871 1.0934)
(0.730079 0.318102 1.009)
(-0.289845 -1.41078 0.812714)
(0.289761 -1.41062 0.812812)
(-0.73012 0.318086 1.00902)
(-0.148949 0.148849 1.0934)
(-1.25967 -2.07649 -0.634203)
(1.23531 -0.356488 -0.00658389)
(0.0915982 0.201144 -0.104098)
(-0.0950267 0.621071 -0.553113)
(0.318103 0.730068 1.009)
(-0.28094 -0.280983 0.978927)
(-0.419567 0.196302 -0.0439831)
(0.419697 0.196561 -0.0439342)
(0.28098 -0.281017 0.978934)
(-0.318134 0.730056 1.00902)
(0.0949977 0.621093 -0.55312)
(-0.0915809 0.201145 -0.104069)
(-0.267095 -0.562165 -0.256611)
(-0.639823 -1.37601 -0.781337)
(-1.4108 -0.289845 0.812687)
(0.196271 -0.419465 -0.0440565)
(-0.447192 -0.447025 -0.984984)
(0.447304 -0.44686 -0.985081)
(-0.196439 -0.41941 -0.0441997)
(1.41079 -0.289846 0.812716)
(0.639782 -1.37602 -0.781349)
(0.26712 -0.562167 -0.256599)
(-0.26715 0.562176 -0.256642)
(-0.63955 1.376 -0.781459)
(-1.41056 0.289733 0.812901)
(0.196829 0.41969 -0.0440136)
(-0.446824 0.447262 -0.985196)
(0.446929 0.44709 -0.985326)
(-0.196972 0.419604 -0.0441814)
(1.41057 0.289734 0.812928)
(0.63954 1.37601 -0.781448)
(0.267167 0.562178 -0.256627)
(0.0915413 -0.201142 -0.104063)
(-0.0949791 -0.62118 -0.553054)
(0.318071 -0.730127 1.00904)
(-0.281078 0.280996 0.978943)
(-0.419467 -0.196674 -0.0443624)
(0.419567 -0.19691 -0.0443341)
(0.281133 0.281046 0.978932)
(-0.318093 -0.730115 1.00906)
(0.0949566 -0.6212 -0.553059)
(-0.0915298 -0.201144 -0.104042)
(-1.23535 0.356485 -0.0065854)
(1.25969 2.07652 -0.634169)
(0.14886 -0.148951 1.0934)
(0.730062 -0.318131 1.00903)
(-0.289871 1.41079 0.812744)
(0.289785 1.41065 0.812843)
(-0.730104 -0.318106 1.00906)
(-0.148913 -0.14892 1.09339)
(-1.25969 2.07655 -0.634154)
(1.23535 0.356484 -0.00658359)
(-1.73362 -0.476365 -0.216506)
(1.7415 -1.74148 -0.972782)
(-2.07651 -1.25967 -0.634204)
(0.6211 0.094991 -0.553108)
(-1.37604 0.639741 -0.781328)
(1.37603 0.639601 -0.781401)
(-0.621186 0.0949675 -0.553069)
(2.07655 -1.25969 -0.634174)
(-1.74149 -1.74149 -0.972804)
(1.73362 -0.476364 -0.216505)
(-0.485144 0.485141 -0.217263)
(0.476368 1.7336 -0.216505)
(-0.356488 1.23532 -0.006583)
(0.201147 -0.0915856 -0.104052)
(-0.562177 0.267109 -0.256597)
(0.56218 0.267134 -0.256616)
(-0.201148 -0.0915491 -0.10404)
(0.356485 1.23535 -0.0065838)
(-0.476363 1.73361 -0.216505)
(0.485144 0.485143 -0.217261)
(-0.442996 -0.442996 -0.258)
(0.531905 -1.70218 -0.112159)
(-0.482235 -0.848307 0.28358)
(0.107783 -0.1347 0.216708)
(-0.611233 -0.590129 0.137634)
(0.611236 -0.590142 0.13759)
(-0.107811 -0.134735 0.216718)
(0.482239 -0.848346 0.283583)
(-0.531905 -1.7022 -0.112157)
(0.442996 -0.442998 -0.257996)
(-1.70218 0.531905 -0.112159)
(1.69351 1.69351 -0.734717)
(-2.07715 0.722616 -0.579587)
(0.728276 -0.256031 -0.463114)
(-1.37355 -0.625008 -0.47831)
(1.37355 -0.624877 -0.478383)
(-0.728371 -0.256006 -0.463128)
(2.0772 0.722598 -0.579615)
(-1.69351 1.69352 -0.734717)
(1.70219 0.531907 -0.112158)
(-0.848308 -0.48223 0.283575)
(0.722661 -2.07714 -0.579583)
(-0.186019 -0.186041 1.06144)
(0.516994 -0.323616 1.26343)
(-0.709643 -1.37825 0.569264)
(0.709656 -1.3783 0.569328)
(-0.517051 -0.323598 1.26344)
(0.185981 -0.186075 1.06143)
(-0.722723 -2.07717 -0.579613)
(0.848324 -0.482229 0.283568)
(-0.1347 0.107773 0.216709)
(-0.25601 0.728238 -0.463128)
(-0.323618 0.516985 1.26342)
(-0.411413 -0.411351 1.23963)
(-0.56978 0.362001 -0.498749)
(0.569864 0.362301 -0.498672)
(0.411433 -0.411242 1.23969)
(0.323584 0.516999 1.26344)
(0.255952 0.728282 -0.463161)
(0.134673 0.107781 0.216702)
(-0.590126 -0.611238 0.137652)
(-0.625053 -1.37354 -0.47831)
(-1.3782 -0.709605 0.56924)
(0.361933 -0.569688 -0.498776)
(-0.46508 -0.46492 -1.00413)
(0.465187 -0.464787 -1.00405)
(-0.362083 -0.569697 -0.498829)
(1.37817 -0.70959 0.569239)
(0.625014 -1.37352 -0.478318)
(0.590124 -0.611235 0.137648)
(-0.59015 0.611245 0.137582)
(-0.624851 1.37354 -0.478407)
(-1.37829 0.709662 0.569351)
(0.362559 0.569893 -0.498696)
(-0.46483 0.465226 -1.00394)
(0.46495 0.465104 -1.00391)
(-0.362676 0.569888 -0.498792)
(1.37824 0.709643 0.569342)
(0.62484 1.37352 -0.478395)
(0.590145 0.611245 0.137588)
(-0.134757 -0.10781 0.216726)
(-0.255958 -0.728369 -0.463137)
(-0.323587 -0.51707 1.26347)
(-0.411227 0.411374 1.23969)
(-0.569684 -0.362266 -0.498979)
(0.569756 -0.362538 -0.498938)
(0.41124 0.411256 1.23971)
(0.323563 -0.517089 1.2635)
(0.255909 -0.7284 -0.463161)
(0.134749 -0.107813 0.216719)
(-0.84836 0.482231 0.283582)
(0.722625 2.07721 -0.579619)
(-0.186055 0.185995 1.06143)
(0.517014 0.323558 1.26347)
(-0.709606 1.37814 0.569198)
(0.709616 1.37818 0.569256)
(-0.517077 0.323548 1.26348)
(0.18602 0.186031 1.06141)
(-0.722684 2.07724 -0.579643)
(0.848374 0.482224 0.283575)
(-1.7022 -0.531906 -0.112157)
(1.69352 -1.69351 -0.734712)
(-2.07719 -0.722722 -0.579628)
(0.728301 0.255924 -0.46316)
(-1.37355 0.624971 -0.478293)
(1.37354 0.624862 -0.478347)
(-0.728392 0.255905 -0.463167)
(2.07724 -0.722701 -0.579652)
(-1.69351 -1.69351 -0.734702)
(1.70221 -0.531908 -0.112157)
(-0.442999 0.442997 -0.257995)
(0.531907 1.70219 -0.112158)
(-0.48223 0.848331 0.28357)
(0.10779 0.134666 0.216702)
(-0.611239 0.590124 0.137642)
(0.611244 0.590135 0.137607)
(-0.107815 0.13472 0.216714)
(0.482227 0.848369 0.283572)
(-0.531908 1.7022 -0.112157)
(0.443 0.442999 -0.257991)
(-0.502503 -0.502505 -0.351525)
(0.410994 -1.6284 -0.174192)
(-0.424343 -0.600358 0.287016)
(-0.0225947 -0.359785 0.228497)
(-0.622692 -0.62747 0.0823982)
(0.622702 -0.627458 0.082342)
(0.0225791 -0.359797 0.228518)
(0.424339 -0.600396 0.287027)
(-0.411 -1.62842 -0.174188)
(0.502503 -0.502505 -0.351523)
(-1.6284 0.410996 -0.174196)
(1.60868 1.60868 -0.456074)
(-2.04112 0.741866 -0.506173)
(0.759902 0.13382 -0.565867)
(-1.17208 -0.33525 -0.554229)
(1.17212 -0.335276 -0.554254)
(-0.759968 0.13389 -0.565909)
(2.04114 0.741903 -0.506206)
(-1.60869 1.60869 -0.456065)
(1.62841 0.410998 -0.174195)
(-0.60036 -0.424336 0.287004)
(0.741884 -2.04109 -0.506169)
(-0.434278 -0.434308 1.10879)
(0.355513 -0.812262 1.40953)
(-0.755374 -0.926004 0.146591)
(0.755407 -0.926091 0.146633)
(-0.355551 -0.812243 1.40952)
(0.43428 -0.434333 1.10876)
(-0.741919 -2.04109 -0.506201)
(0.600377 -0.42433 0.286986)
(-0.359793 -0.0226143 0.228493)
(0.13385 0.759874 -0.56588)
(-0.812262 0.355538 1.40954)
(-0.129953 -0.129876 1.1982)
(-0.473157 0.404628 -0.889008)
(0.473109 0.404798 -0.889014)
(0.129928 -0.129699 1.19826)
(0.812246 0.355591 1.40956)
(-0.133903 0.759915 -0.565925)
(0.35979 -0.0226212 0.228482)
(-0.627477 -0.622691 0.0824185)
(-0.335265 -1.17204 -0.554249)
(-0.925971 -0.75534 0.146562)
(0.404603 -0.473197 -0.888965)
(-0.438543 -0.438428 -1.05781)
(0.438653 -0.438385 -1.05761)
(-0.404703 -0.473261 -0.888957)
(0.92597 -0.755345 0.146542)
(0.335267 -1.17203 -0.554245)
(0.62748 -0.622682 0.0824117)
(-0.627462 0.62271 0.0823328)
(-0.3353 1.17212 -0.554276)
(-0.926093 0.755429 0.146625)
(0.404961 0.473144 -0.888992)
(-0.438518 0.438776 -1.05738)
(0.438646 0.438749 -1.0572)
(-0.405042 0.473229 -0.889)
(0.926077 0.755439 0.146607)
(0.335295 1.1721 -0.554261)
(0.627468 0.622703 0.0823403)
(-0.359816 0.0225908 0.228527)
(0.133975 -0.759962 -0.565939)
(-0.812209 -0.355593 1.40956)
(-0.129618 0.129853 1.19829)
(-0.473201 -0.404804 -0.88899)
(0.473173 -0.404961 -0.88901)
(0.129599 0.129679 1.19832)
(0.812201 -0.355657 1.40958)
(-0.134019 -0.759983 -0.565981)
(0.359824 0.0226015 0.228524)
(-0.60041 0.424328 0.287025)
(0.741933 2.04113 -0.506215)
(-0.434302 0.434307 1.10876)
(0.355613 0.8122 1.40958)
(-0.755332 0.92594 0.146521)
(0.75537 0.926016 0.146569)
(-0.355663 0.812188 1.40958)
(0.434304 0.434331 1.10872)
(-0.741967 2.04114 -0.506248)
(0.600429 0.424316 0.287009)
(-1.62842 -0.411004 -0.174192)
(1.60869 -1.60869 -0.456059)
(-2.0411 -0.741924 -0.506216)
(0.759923 -0.133937 -0.56593)
(-1.17209 0.33522 -0.554236)
(1.17212 0.335239 -0.554247)
(-0.759979 -0.134009 -0.565974)
(2.04114 -0.741962 -0.506252)
(-1.6087 -1.6087 -0.45604)
(1.62843 -0.411008 -0.174194)
(-0.502506 0.502505 -0.351523)
(0.410999 1.62841 -0.174194)
(-0.42433 0.600384 0.286986)
(-0.0226093 0.359787 0.228482)
(-0.622688 0.627476 0.0823976)
(0.6227 0.627466 0.0823532)
(0.0225966 0.359811 0.228511)
(0.424318 0.600424 0.286999)
(-0.411006 1.62843 -0.174194)
(0.502507 0.502506 -0.35152)
(-0.602996 -0.602998 -0.168602)
(0.331622 -1.68417 -0.167131)
(-0.42852 -0.436455 0.33881)
(-0.0927352 -0.431064 0.365008)
(-0.645488 -0.669671 0.198346)
(0.645478 -0.669661 0.198317)
(0.0927446 -0.43107 0.36501)
(0.428529 -0.436476 0.338809)
(-0.33162 -1.68418 -0.16713)
(0.602995 -0.602999 -0.168602)
(-1.68418 0.331632 -0.167134)
(1.69653 1.69653 -0.132544)
(-1.71748 0.801855 -0.310472)
(0.690121 0.301365 -0.569599)
(-0.892802 -0.371154 -0.504156)
(0.892892 -0.371254 -0.504125)
(-0.690117 0.301418 -0.569619)
(1.71746 0.801892 -0.31052)
(-1.69654 1.69653 -0.132557)
(1.68419 0.331636 -0.167134)
(-0.436462 -0.428507 0.338805)
(0.801879 -1.71743 -0.310462)
(-0.611041 -0.611087 1.32673)
(0.368735 -1.13307 1.45819)
(-0.366125 -0.690902 -0.121438)
(0.366282 -0.69098 -0.121455)
(-0.368715 -1.13308 1.45818)
(0.611055 -0.611101 1.32671)
(-0.801912 -1.7174 -0.310497)
(0.436485 -0.428503 0.33879)
(-0.431079 -0.0927491 0.365003)
(0.301401 0.690126 -0.56963)
(-1.13307 0.368801 1.45821)
(0.324975 0.325071 1.01174)
(-0.314555 0.4097 -1.00679)
(0.31442 0.409706 -1.00682)
(-0.324978 0.325254 1.01181)
(1.1331 0.368893 1.45823)
(-0.301397 0.690117 -0.569673)
(0.431086 -0.0927641 0.364977)
(-0.669678 -0.645494 0.19836)
(-0.371148 -0.892724 -0.504182)
(-0.690903 -0.366025 -0.12144)
(0.409726 -0.314654 -1.00672)
(-0.41636 -0.416387 -1.0587)
(0.416421 -0.416503 -1.05838)
(-0.409749 -0.314707 -1.00667)
(0.69097 -0.366016 -0.121467)
(0.371188 -0.892723 -0.504161)
(0.669674 -0.645484 0.198357)
(-0.669666 0.645481 0.198315)
(-0.371298 0.892868 -0.504132)
(-0.691022 0.36627 -0.121485)
(0.409763 0.31441 -1.00677)
(-0.416666 0.416582 -1.05803)
(0.416749 0.41672 -1.05778)
(-0.409799 0.314501 -1.00673)
(0.691073 0.366249 -0.121494)
(0.371312 0.892852 -0.504116)
(0.669664 0.645478 0.198322)
(-0.431085 0.0927619 0.365005)
(0.301478 -0.690094 -0.569654)
(-1.13307 -0.368767 1.45821)
(0.32533 -0.325074 1.01185)
(-0.31465 -0.409759 -1.00666)
(0.314551 -0.409782 -1.0067)
(-0.32531 -0.325238 1.01189)
(1.1331 -0.368876 1.45824)
(-0.301477 -0.690051 -0.569699)
(0.431093 0.0927807 0.364992)
(-0.436487 0.42852 0.338806)
(0.801929 1.71741 -0.310526)
(-0.611054 0.611085 1.32669)
(0.368906 1.13308 1.45824)
(-0.366073 0.690993 -0.121496)
(0.36621 0.691056 -0.121494)
(-0.368902 1.13309 1.45823)
(0.611065 0.611093 1.32666)
(-0.801968 1.71737 -0.310542)
(0.43651 0.428509 0.338796)
(-1.68418 -0.331627 -0.167134)
(1.69654 -1.69655 -0.132553)
(-1.71742 -0.801911 -0.310505)
(0.690071 -0.301393 -0.569663)
(-0.892781 0.371185 -0.504159)
(0.892853 0.371265 -0.504129)
(-0.690034 -0.301456 -0.569691)
(1.71739 -0.801957 -0.310539)
(-1.69655 -1.69656 -0.132531)
(1.6842 -0.331633 -0.16714)
(-0.602999 0.602996 -0.168602)
(0.331631 1.68418 -0.167136)
(-0.42851 0.436488 0.338787)
(-0.0927636 0.43108 0.364968)
(-0.645479 0.669666 0.198337)
(0.645475 0.669658 0.198315)
(0.0927765 0.431087 0.36498)
(0.428509 0.43651 0.338789)
(-0.331632 1.68419 -0.167141)
(0.602998 0.602998 -0.168603)
(-0.665118 -0.66512 -0.0658829)
(0.530495 -1.79355 -0.246315)
(-0.33561 -0.448229 0.287362)
(-0.045623 -0.391186 0.431146)
(-0.654877 -0.653598 0.222887)
(0.654862 -0.653599 0.222864)
(0.0456517 -0.391189 0.431132)
(0.335642 -0.448201 0.287363)
(-0.530494 -1.79356 -0.246303)
(0.665118 -0.66512 -0.0658819)
(-1.79355 0.530498 -0.246326)
(1.76684 1.76686 -0.437041)
(-0.83504 1.09672 0.0891912)
(0.373015 0.324743 -0.429495)
(-0.679103 -0.337926 -0.552509)
(0.679136 -0.338036 -0.552439)
(-0.372972 0.32473 -0.429488)
(0.835093 1.09672 0.0891616)
(-1.76685 1.76689 -0.437051)
(1.79356 0.530499 -0.24633)
(-0.448274 -0.33558 0.287356)
(1.09675 -0.83492 0.0891768)
(-0.615334 -0.615381 1.47052)
(0.536059 -1.11009 1.30097)
(-0.0561416 -0.666165 -0.304085)
(0.056187 -0.666278 -0.304058)
(-0.536036 -1.11012 1.30096)
(0.61534 -0.615387 1.4705)
(-1.09678 -0.834847 0.0891424)
(0.448317 -0.335568 0.287345)
(-0.391199 -0.0456132 0.431144)
(0.324793 0.373048 -0.429529)
(-1.1101 0.5361 1.30098)
(0.580843 0.580869 0.462458)
(-0.226793 0.413767 -1.00651)
(0.2267 0.413688 -1.00656)
(-0.58083 0.580856 0.462499)
(1.11014 0.53616 1.30099)
(-0.324767 0.373048 -0.429548)
(0.391196 -0.0456086 0.431127)
(-0.653603 -0.654878 0.2229)
(-0.337875 -0.679076 -0.552521)
(-0.666144 -0.0560997 -0.304075)
(0.413796 -0.226885 -1.00644)
(-0.386293 -0.386507 -1.06132)
(0.386272 -0.386798 -1.06113)
(-0.413736 -0.226919 -1.00641)
(0.666179 -0.0560786 -0.304073)
(0.3379 -0.679072 -0.552477)
(0.653596 -0.654867 0.222903)
(-0.653606 0.654856 0.222866)
(-0.338038 0.679125 -0.55242)
(-0.666327 0.0561593 -0.304044)
(0.413665 0.226689 -1.0065)
(-0.38689 0.386349 -1.06088)
(0.386877 0.386649 -1.06069)
(-0.413638 0.226737 -1.00646)
(0.66635 0.0561276 -0.304025)
(0.338033 0.679111 -0.552395)
(0.653599 0.654852 0.222873)
(-0.391201 0.0456587 0.431126)
(0.324754 -0.372962 -0.429512)
(-1.11013 -0.536068 1.30098)
(0.580871 -0.580871 0.46253)
(-0.22688 -0.413675 -1.00639)
(0.226795 -0.41363 -1.00643)
(-0.580875 -0.580876 0.462554)
(1.11016 -0.536147 1.30099)
(-0.324749 -0.372943 -0.429529)
(0.3912 0.0456594 0.431125)
(-0.44822 0.33563 0.28736)
(1.09675 0.835017 0.0891457)
(-0.615334 0.615355 1.47048)
(0.536178 1.11014 1.30099)
(-0.056095 0.666214 -0.304079)
(0.0561257 0.666315 -0.304039)
(-0.536172 1.11015 1.30099)
(0.615315 0.615332 1.47044)
(-1.09679 0.834899 0.0891296)
(0.448272 0.335604 0.287351)
(-1.79356 -0.530496 -0.246309)
(1.76688 -1.76685 -0.437073)
(-0.834879 -1.09677 0.0891515)
(0.373017 -0.324748 -0.429535)
(-0.679062 0.337955 -0.552475)
(0.679085 0.338045 -0.552423)
(-0.372946 -0.324751 -0.429529)
(0.83488 -1.09679 0.0891363)
(-1.76687 -1.76686 -0.437114)
(1.79356 -0.530496 -0.246324)
(-0.66512 0.665119 -0.0658819)
(0.530498 1.79356 -0.24633)
(-0.335581 0.448305 0.287345)
(-0.0456198 0.391186 0.431114)
(-0.654866 0.653589 0.222882)
(0.654856 0.653588 0.222862)
(0.0456535 0.391192 0.431114)
(0.335596 0.448288 0.287347)
(-0.530497 1.79356 -0.24633)
(0.665121 0.66512 -0.0658813)
(-0.717437 -0.717438 -0.0456487)
(0.634598 -1.5806 -0.298432)
(0.14071 -0.928324 0.238463)
(0.163312 -0.269199 0.566163)
(-0.580156 -0.576313 0.308968)
(0.580135 -0.576316 0.308968)
(-0.163298 -0.269197 0.56615)
(-0.140673 -0.928318 0.238466)
(-0.634599 -1.58065 -0.29843)
(0.717436 -0.717438 -0.0456476)
(-1.58059 0.634599 -0.298439)
(0.558622 0.558766 -0.887495)
(-1.36092 1.11806 0.387624)
(0.177446 0.258325 -0.273832)
(-0.740405 -0.230673 -0.610142)
(0.740391 -0.230788 -0.610056)
(-0.177418 0.258294 -0.273836)
(1.36102 1.11806 0.387613)
(-0.558588 0.558982 -0.887545)
(1.5806 0.6346 -0.298443)
(-0.928351 0.14075 0.238457)
(1.11808 -1.36084 0.387593)
(-0.751859 -0.751926 1.70696)
(0.804782 -0.961396 1.04544)
(-0.025895 -0.624831 -0.314302)
(0.0257539 -0.624926 -0.314281)
(-0.804773 -0.961421 1.04547)
(0.751818 -0.751944 1.70693)
(-1.11811 -1.36077 0.387564)
(0.928395 0.140777 0.23845)
(-0.269217 0.163321 0.566158)
(0.25836 0.177447 -0.273833)
(-0.9614 0.804787 1.04544)
(0.661711 0.661702 0.0979621)
(-0.236659 0.393235 -0.960345)
(0.23665 0.393176 -0.960387)
(-0.661663 0.661577 0.0979463)
(0.961436 0.804785 1.04545)
(-0.258347 0.177403 -0.273819)
(0.269226 0.163327 0.566146)
(-0.576319 -0.580152 0.308969)
(-0.230582 -0.740409 -0.610157)
(-0.624809 -0.0259259 -0.314274)
(0.393254 -0.23673 -0.960313)
(-0.327826 -0.327963 -1.04372)
(0.327844 -0.328176 -1.04363)
(-0.393187 -0.236757 -0.960325)
(0.624813 -0.0258794 -0.31424)
(0.230595 -0.740402 -0.610107)
(0.576309 -0.580135 0.30898)
(-0.576325 0.580121 0.308968)
(-0.230747 0.740386 -0.610034)
(-0.624966 0.0257022 -0.314254)
(0.393143 0.236666 -0.960348)
(-0.328232 0.32787 -1.04355)
(0.328239 0.328074 -1.04347)
(-0.3931 0.236682 -0.960338)
(0.624962 0.025658 -0.314204)
(0.230739 0.740375 -0.610009)
(0.576314 0.580108 0.308975)
(-0.269206 -0.163303 0.566144)
(0.258292 -0.177394 -0.273842)
(-0.961447 -0.804767 1.04548)
(0.661551 -0.661621 0.0979506)
(-0.236736 -0.393126 -0.960322)
(0.236708 -0.393089 -0.960344)
(-0.661539 -0.66153 0.0979321)
(0.961471 -0.804766 1.04549)
(-0.258281 -0.177342 -0.273826)
(0.269208 -0.163309 0.566147)
(-0.92833 -0.140689 0.238462)
(1.11808 1.36099 0.387587)
(-0.751895 0.751833 1.70691)
(0.804792 0.961451 1.04546)
(-0.0258153 0.624844 -0.314244)
(0.0256832 0.624928 -0.314217)
(-0.804783 0.961464 1.04549)
(0.751839 0.751825 1.70688)
(-1.11811 1.36092 0.38756)
(0.928362 -0.140724 0.238452)
(-1.58064 -0.634599 -0.298436)
(0.558926 -0.558615 -0.887561)
(-1.36079 -1.11811 0.387578)
(0.177402 -0.258315 -0.273816)
(-0.740366 0.230722 -0.610086)
(0.740351 0.230824 -0.610025)
(-0.177357 -0.258283 -0.27382)
(1.36086 -1.11812 0.387568)
(-0.558785 -0.558698 -0.887597)
(1.58062 -0.6346 -0.298446)
(-0.717438 0.717437 -0.0456476)
(0.6346 1.58061 -0.298443)
(0.140762 0.928384 0.238452)
(0.163308 0.269216 0.566137)
(-0.580135 0.576299 0.308974)
(0.580117 0.576299 0.308971)
(-0.163297 0.269207 0.566139)
(-0.140741 0.92837 0.238451)
(-0.634601 1.58061 -0.298447)
(0.717439 0.717438 -0.0456476)
(-0.769349 -0.769349 0.00509571)
(0.64502 -1.08203 -0.248686)
(0.132071 -0.901404 0.335757)
(0.185436 -0.246608 0.769057)
(-0.463402 -0.467168 0.384163)
(0.463388 -0.467165 0.384172)
(-0.185435 -0.246622 0.76904)
(-0.132051 -0.901407 0.335749)
(-0.645021 -1.08205 -0.248727)
(0.76935 -0.76935 0.00509619)
(-1.08202 0.645022 -0.248666)
(-0.205228 -0.205194 -0.398805)
(-1.40283 1.02233 0.253549)
(0.0619132 0.292055 -0.320849)
(-0.765919 -0.0848953 -0.75103)
(0.765881 -0.0849662 -0.750944)
(-0.0618768 0.291957 -0.320889)
(1.4029 1.02233 0.253528)
(0.205249 -0.205173 -0.398822)
(1.08203 0.645028 -0.248666)
(-0.901412 0.132088 0.335758)
(1.02235 -1.4028 0.253554)
(-0.907184 -0.907237 1.78069)
(0.905169 -0.781575 0.719886)
(-0.131461 -0.561289 -0.287255)
(0.131495 -0.561275 -0.287369)
(-0.905122 -0.781587 0.719904)
(0.907107 -0.907264 1.78069)
(-1.02238 -1.4028 0.253597)
(0.90144 0.132104 0.335758)
(-0.246623 0.185432 0.769055)
(0.292108 0.0618968 -0.320843)
(-0.781584 0.905162 0.719887)
(0.588304 0.588305 -0.198984)
(-0.266538 0.347756 -0.940047)
(0.266575 0.347713 -0.94007)
(-0.588237 0.588239 -0.198975)
(0.781593 0.90514 0.719879)
(-0.292088 0.061825 -0.320823)
(0.246641 0.185421 0.769048)
(-0.467179 -0.463394 0.384149)
(-0.0848213 -0.765931 -0.751057)
(-0.561302 -0.131474 -0.287173)
(0.347774 -0.266592 -0.940041)
(-0.261528 -0.261568 -1.00993)
(0.261584 -0.261666 -1.00987)
(-0.347735 -0.266618 -0.940061)
(0.56129 -0.131477 -0.287127)
(0.0848363 -0.765927 -0.751027)
(0.46717 -0.463381 0.384162)
(-0.467174 0.46337 0.38416)
(-0.0849178 0.765868 -0.750931)
(-0.561294 0.131495 -0.287346)
(0.34769 0.266605 -0.940058)
(-0.261705 0.261616 -1.00981)
(0.261745 0.261702 -1.00975)
(-0.347662 0.266605 -0.940059)
(0.561285 0.131465 -0.287277)
(0.0849322 0.765859 -0.750926)
(0.467164 0.463355 0.384166)
(-0.246627 -0.185436 0.76904)
(0.291948 -0.0618496 -0.320897)
(-0.781613 -0.905093 0.719906)
(0.588212 -0.588189 -0.198968)
(-0.266606 -0.347687 -0.940064)
(0.26661 -0.347654 -0.94007)
(-0.588179 -0.588147 -0.198974)
(0.781616 -0.905071 0.7199)
(-0.291937 -0.0617929 -0.320869)
(0.246618 -0.185424 0.769054)
(-0.901412 -0.132051 0.335743)
(1.02233 1.40291 0.253504)
(-0.907242 0.907104 1.78067)
(0.90514 0.781594 0.719885)
(-0.131453 0.561282 -0.287189)
(0.131464 0.561272 -0.287284)
(-0.905101 0.781592 0.7199)
(0.907166 0.907113 1.78065)
(-1.02235 1.4029 0.253509)
(0.901423 -0.132056 0.335738)
(-1.08205 -0.645022 -0.248722)
(-0.205189 0.20524 -0.398838)
(-1.40281 -1.02237 0.253595)
(0.0618285 -0.292024 -0.32083)
(-0.765898 0.0849623 -0.750988)
(0.765861 0.0850354 -0.750927)
(-0.0617981 -0.291936 -0.32086)
(1.40286 -1.02236 0.253541)
(0.205211 0.205229 -0.398872)
(1.08204 -0.645025 -0.248704)
(-0.76935 0.769351 0.00509627)
(0.645027 1.08203 -0.248669)
(0.132099 0.901438 0.33576)
(0.185414 0.246641 0.769041)
(-0.463385 0.467156 0.384182)
(0.463369 0.467149 0.384186)
(-0.185411 0.246628 0.769047)
(-0.132073 0.901427 0.335745)
(-0.645029 1.08203 -0.248688)
(0.769352 0.769352 0.00509659)
(-0.813967 -0.813966 0.0628038)
(0.668504 -1.01529 -0.0882882)
(-0.109964 -0.810149 0.41253)
(0.166595 -0.249544 0.853328)
(-0.377642 -0.197019 0.436707)
(0.377654 -0.197019 0.436734)
(-0.166604 -0.249562 0.853348)
(0.110008 -0.810145 0.412551)
(-0.668506 -1.0153 -0.0882916)
(0.813968 -0.813966 0.0628031)
(-1.01529 0.668501 -0.088283)
(-0.182872 -0.182864 -0.43244)
(-1.15939 0.864512 0.199965)
(0.0400789 0.387681 -0.310369)
(-0.776929 0.0629918 -0.898404)
(0.776913 0.0630996 -0.898368)
(-0.0400747 0.387624 -0.310414)
(1.15943 0.864483 0.199956)
(0.182868 -0.182871 -0.432459)
(1.0153 0.668505 -0.0882809)
(-0.810154 -0.109945 0.41252)
(0.864527 -1.15938 0.199956)
(-1.00525 -1.00527 1.7614)
(0.891877 -0.529552 0.477291)
(-0.302046 -0.456613 -0.200628)
(0.302163 -0.456568 -0.200647)
(-0.891843 -0.529658 0.477335)
(1.00518 -1.00529 1.76141)
(-0.864568 -1.15939 0.199952)
(0.810174 -0.109924 0.41252)
(-0.249553 0.166587 0.853315)
(0.387701 0.0400635 -0.310358)
(-0.529572 0.891865 0.4773)
(0.464248 0.464245 -0.399739)
(-0.237575 0.289995 -0.947169)
(0.237654 0.289937 -0.94717)
(-0.464163 0.464199 -0.399726)
(0.529577 0.89184 0.477309)
(-0.387674 0.0400198 -0.310353)
(0.249563 0.166576 0.853325)
(-0.197006 -0.377632 0.436686)
(0.0629583 -0.776911 -0.898415)
(-0.456622 -0.302061 -0.200578)
(0.290019 -0.237595 -0.947175)
(-0.209514 -0.209535 -0.972209)
(0.209553 -0.209597 -0.972167)
(-0.289997 -0.237656 -0.947187)
(0.456589 -0.302135 -0.200532)
(-0.0629293 -0.776886 -0.898395)
(0.196989 -0.377624 0.436704)
(-0.196999 0.377638 0.436724)
(0.0631213 0.776881 -0.898364)
(-0.45656 0.302207 -0.200611)
(0.289915 0.237682 -0.947172)
(-0.20962 0.20957 -0.972141)
(0.209644 0.20962 -0.972107)
(-0.289901 0.237701 -0.947175)
(0.45653 0.302236 -0.200567)
(-0.0630594 0.776857 -0.89836)
(0.196972 0.377614 0.436736)
(-0.24957 -0.166608 0.853341)
(0.387616 -0.0400556 -0.310421)
(-0.529721 -0.891823 0.477348)
(0.46417 -0.464113 -0.399722)
(-0.237656 -0.289951 -0.947184)
(0.237689 -0.289899 -0.947177)
(-0.464123 -0.464091 -0.399734)
(0.529709 -0.891807 0.477346)
(-0.387597 -0.0400104 -0.310404)
(0.24956 -0.166597 0.853339)
(-0.810146 0.110025 0.41255)
(0.864473 1.15945 0.199942)
(-1.00529 1.00516 1.7614)
(0.891837 0.529561 0.477307)
(-0.302113 0.456581 -0.200574)
(0.302196 0.456544 -0.200595)
(-0.891816 0.529631 0.477338)
(1.00524 1.00518 1.76139)
(-0.864498 1.15945 0.199929)
(0.810152 0.110034 0.412543)
(-1.0153 -0.668504 -0.0882884)
(-0.18287 0.182862 -0.432466)
(-1.15939 -0.86457 0.199946)
(0.0400244 -0.387641 -0.310367)
(-0.776901 -0.0629276 -0.898371)
(0.776888 -0.0630021 -0.89835)
(-0.0400133 -0.387592 -0.310402)
(1.15942 -0.86453 0.199928)
(0.182854 0.182857 -0.432483)
(1.01529 -0.668508 -0.0882853)
(-0.813967 0.813968 0.062803)
(0.668509 1.0153 -0.0882829)
(-0.109926 0.810174 0.412527)
(0.166576 0.249564 0.853345)
(-0.377633 0.197007 0.436741)
(0.377629 0.196997 0.436763)
(-0.166584 0.249562 0.853354)
(0.11 0.810159 0.412541)
(-0.668512 1.01529 -0.0882847)
(0.813969 0.813969 0.0628023)
(-0.820324 -0.820323 0.140455)
(0.773679 -0.881052 -0.00481889)
(-0.315756 -0.751205 0.522542)
(0.216913 -0.127396 0.821111)
(-0.435599 0.557846 0.356286)
(0.435634 0.557865 0.356271)
(-0.216946 -0.127393 0.82113)
(0.315784 -0.751199 0.522543)
(-0.773676 -0.881053 -0.00482269)
(0.820325 -0.820323 0.140453)
(-0.881051 0.773677 -0.0048143)
(-0.0914643 -0.0914657 -0.172389)
(-0.968074 0.769404 0.225585)
(-0.0368121 0.480189 -0.325324)
(-0.750347 0.110801 -0.889406)
(0.750287 0.110914 -0.889369)
(0.0368043 0.480154 -0.325346)
(0.968109 0.76939 0.225584)
(0.0914767 -0.0914686 -0.172394)
(0.881055 0.773683 -0.00482202)
(-0.751206 -0.315745 0.522539)
(0.769403 -0.968083 0.225589)
(-0.970614 -0.970597 1.71724)
(0.712567 -0.014699 0.314167)
(-0.583975 -0.271767 -0.149539)
(0.584009 -0.271741 -0.149512)
(-0.712577 -0.014856 0.314259)
(0.970571 -0.970618 1.71726)
(-0.769426 -0.968103 0.225586)
(0.751211 -0.315731 0.522536)
(-0.127396 0.216893 0.821103)
(0.480186 -0.0368275 -0.325319)
(-0.0147289 0.712569 0.314184)
(0.319273 0.31926 -0.396795)
(-0.11662 0.237366 -0.936255)
(0.116689 0.237313 -0.936234)
(-0.319189 0.319186 -0.396782)
(0.014747 0.712544 0.314226)
(-0.480142 -0.0368623 -0.32532)
(0.127381 0.216882 0.821123)
(0.557891 -0.435623 0.356275)
(0.110738 -0.750342 -0.889405)
(-0.271738 -0.584 -0.149515)
(0.237387 -0.116631 -0.936272)
(-0.174078 -0.174093 -0.94096)
(0.174093 -0.174132 -0.940944)
(-0.237373 -0.116704 -0.936286)
(0.271676 -0.584098 -0.149489)
(-0.110716 -0.750323 -0.889385)
(-0.557938 -0.435651 0.356297)
(0.557954 0.435657 0.356241)
(0.110901 0.750247 -0.889344)
(-0.271702 0.584046 -0.149473)
(0.237295 0.116713 -0.93624)
(-0.174148 0.17411 -0.940945)
(0.174157 0.174143 -0.940934)
(-0.237289 0.116746 -0.936253)
(0.271638 0.58413 -0.149463)
(-0.110848 0.750237 -0.88933)
(-0.55804 0.435657 0.356255)
(-0.127392 -0.216949 0.821124)
(0.480136 0.0368182 -0.325349)
(-0.014927 -0.712584 0.314302)
(0.319152 -0.319139 -0.396782)
(-0.116706 -0.237334 -0.936288)
(0.116733 -0.237288 -0.936266)
(-0.319104 -0.319089 -0.396794)
(0.0148986 -0.712559 0.31431)
(-0.480099 0.0368539 -0.325341)
(0.127379 -0.216932 0.821123)
(-0.7512 0.315797 0.522538)
(0.769383 0.968128 0.22558)
(-0.970643 0.970546 1.71726)
(0.712531 0.014723 0.314217)
(-0.584061 0.271703 -0.14951)
(0.584089 0.271683 -0.149495)
(-0.712545 0.0148303 0.314276)
(0.970625 0.97058 1.71726)
(-0.769399 0.968137 0.225574)
(0.751203 0.315802 0.522529)
(-0.881052 -0.773671 -0.00481578)
(-0.0914587 0.0914851 -0.1724)
(-0.968094 -0.769433 0.225571)
(-0.0368506 -0.480133 -0.325327)
(-0.750332 -0.110766 -0.88938)
(0.75028 -0.110849 -0.889348)
(0.0368459 -0.480099 -0.325342)
(0.968115 -0.769417 0.225562)
(0.091462 0.0914788 -0.172407)
(0.881045 -0.773675 -0.00481232)
(-0.820324 0.820325 0.140453)
(0.773688 0.881054 -0.00482455)
(-0.315732 0.751212 0.522539)
(0.216897 0.12738 0.82114)
(-0.435622 -0.557873 0.35633)
(0.435633 -0.557924 0.356309)
(-0.216923 0.127381 0.821142)
(0.315778 0.751206 0.522532)
(-0.773685 0.881044 -0.00481626)
(0.820326 0.820326 0.140452)
(-0.791737 -0.791736 0.105602)
(0.782322 -0.770438 0.136883)
(-0.427514 -0.700187 0.642871)
(0.25431 0.179791 0.723693)
(-0.659638 0.838536 -0.0475549)
(0.659715 0.838559 -0.0475867)
(-0.254313 0.179802 0.723729)
(0.427525 -0.700173 0.642875)
(-0.782317 -0.77044 0.136891)
(0.791737 -0.791736 0.1056)
(-0.770438 0.782322 0.136883)
(-0.101191 -0.101197 -0.191239)
(-0.891652 0.721261 0.255355)
(-0.0548935 0.635295 -0.371233)
(-0.581448 -0.0123914 -0.839834)
(0.581403 -0.0123504 -0.839831)
(0.0549106 0.635226 -0.37125)
(0.891683 0.721248 0.255349)
(0.101217 -0.101206 -0.191226)
(0.770441 0.782324 0.136884)
(-0.700187 -0.427509 0.642871)
(0.721254 -0.891656 0.255369)
(-0.868165 -0.868138 1.75557)
(0.431666 0.350299 0.304201)
(-0.663565 -0.160511 -0.227285)
(0.663557 -0.160492 -0.227193)
(-0.431718 0.350145 0.304311)
(0.86814 -0.868165 1.7556)
(-0.721262 -0.891672 0.255364)
(0.70018 -0.427501 0.64287)
(0.179794 0.254298 0.723696)
(0.635274 -0.0548906 -0.371221)
(0.350296 0.431657 0.304223)
(0.141583 0.14157 -0.207375)
(-0.0110474 0.195841 -0.894698)
(0.0110862 0.19581 -0.894675)
(-0.141517 0.141508 -0.207375)
(-0.350257 0.431598 0.304285)
(-0.635207 -0.0549229 -0.371217)
(-0.179821 0.254273 0.723738)
(0.838492 -0.659611 -0.0475741)
(-0.0124282 -0.581447 -0.839831)
(-0.160485 -0.663581 -0.227299)
(0.195855 -0.0110537 -0.894717)
(-0.162746 -0.162754 -0.919729)
(0.162743 -0.162774 -0.919727)
(-0.195846 -0.0111088 -0.894743)
(0.160432 -0.663603 -0.227315)
(0.0124297 -0.581431 -0.839842)
(-0.838459 -0.659683 -0.0475725)
(0.838499 0.659705 -0.0476399)
(-0.0123869 0.581375 -0.839822)
(-0.160466 0.663576 -0.227164)
(0.195803 0.0111018 -0.894685)
(-0.162785 0.162757 -0.91974)
(0.162783 0.162778 -0.919746)
(-0.195797 0.0111359 -0.894715)
(0.16042 0.663604 -0.227208)
(0.0124087 0.581369 -0.839835)
(-0.83843 0.659743 -0.0476531)
(0.179804 -0.254302 0.723733)
(0.635179 0.0549152 -0.371254)
(0.350094 -0.43172 0.304367)
(0.141485 -0.141479 -0.20738)
(-0.0111113 -0.195823 -0.894754)
(0.0111278 -0.195796 -0.894733)
(-0.14143 -0.141419 -0.207398)
(-0.350103 -0.431651 0.304386)
(-0.63513 0.0549319 -0.371252)
(-0.179815 -0.254277 0.723741)
(-0.700171 0.42753 0.642874)
(0.72124 0.891699 0.255352)
(-0.868195 0.868116 1.7556)
(0.431598 -0.350254 0.304271)
(-0.663575 0.160443 -0.227294)
(0.663575 0.160431 -0.227225)
(-0.431645 -0.350134 0.30434)
(0.86819 0.868154 1.7556)
(-0.721246 0.891704 0.255354)
(0.700172 0.427528 0.642869)
(-0.770442 -0.782313 0.136897)
(-0.101193 0.101235 -0.191227)
(-0.891668 -0.721268 0.255341)
(-0.0549249 -0.635216 -0.371228)
(-0.581434 0.0123856 -0.839843)
(0.581396 0.0123648 -0.83984)
(0.0549319 -0.635155 -0.371249)
(0.891687 -0.721256 0.255337)
(0.101208 0.101235 -0.191222)
(0.770437 -0.782315 0.136901)
(-0.791738 0.791736 0.1056)
(0.782327 0.77044 0.136884)
(-0.427502 0.700181 0.642869)
(0.254293 -0.179824 0.723749)
(-0.659697 -0.838514 -0.047522)
(0.65975 -0.83851 -0.0475653)
(-0.254294 -0.179814 0.723757)
(0.427517 0.700176 0.642869)
(-0.782323 0.770435 0.136897)
(0.79174 0.791738 0.1056)
(-0.746521 -0.746521 0.1324)
(0.662045 -0.639979 0.261048)
(-0.457194 -0.626604 0.744433)
(0.197676 0.684524 0.510944)
(-0.619422 0.40424 -0.25968)
(0.619406 0.404244 -0.259681)
(-0.197657 0.684476 0.511028)
(0.457188 -0.626579 0.74443)
(-0.66204 -0.639986 0.261058)
(0.74652 -0.746523 0.132399)
(-0.639979 0.662045 0.261048)
(-0.113747 -0.113755 0.00715325)
(-0.945823 0.674041 0.265315)
(-0.0823997 0.579957 -0.449429)
(-0.423677 -0.133009 -0.762543)
(0.423625 -0.133003 -0.762549)
(0.0824397 0.579991 -0.449408)
(0.945848 0.674017 0.265328)
(0.11377 -0.11377 0.00716564)
(0.639984 0.662045 0.261053)
(-0.626608 -0.457193 0.744439)
(0.674037 -0.945816 0.265331)
(-0.761188 -0.761158 1.90315)
(0.323782 0.387204 0.43292)
(-0.587346 -0.103729 -0.400113)
(0.587159 -0.103723 -0.400019)
(-0.323874 0.387141 0.433003)
(0.761183 -0.761186 1.90318)
(-0.674031 -0.945811 0.265333)
(0.626597 -0.457184 0.744438)
(0.684519 0.197676 0.51094)
(0.579896 -0.0823801 -0.44943)
(0.387218 0.323763 0.43294)
(-0.094888 -0.0948776 0.00872586)
(0.0367533 0.176242 -0.878188)
(-0.0367406 0.176229 -0.878167)
(0.094913 -0.0948304 0.00868803)
(-0.387228 0.323725 0.43297)
(-0.57987 -0.0824149 -0.449416)
(-0.68449 0.197656 0.51102)
(0.40422 -0.619405 -0.259661)
(-0.133018 -0.423686 -0.762554)
(-0.103713 -0.587351 -0.40013)
(0.176252 0.0367496 -0.878206)
(-0.16423 -0.16423 -0.912507)
(0.164216 -0.16423 -0.912524)
(-0.176247 0.0367154 -0.878241)
(0.103708 -0.587221 -0.400142)
(0.132994 -0.423669 -0.762582)
(-0.404248 -0.619436 -0.259656)
(0.404201 0.619378 -0.259666)
(-0.13303 0.423609 -0.762565)
(-0.10371 0.587092 -0.399998)
(0.176233 -0.0367299 -0.878175)
(-0.164233 0.164221 -0.912546)
(0.164224 0.164226 -0.912563)
(-0.17623 -0.0366973 -0.878219)
(0.103701 0.587028 -0.40004)
(0.133013 0.423608 -0.762594)
(-0.404217 0.619416 -0.259666)
(0.684447 -0.197644 0.511043)
(0.579946 0.0824418 -0.449414)
(0.387127 -0.323886 0.433048)
(-0.0948267 0.094909 0.00866725)
(0.0367111 -0.176236 -0.87825)
(-0.0367005 -0.176227 -0.878235)
(0.0948867 0.0948983 0.00861881)
(-0.387145 -0.323821 0.43305)
(-0.579903 0.0824548 -0.449415)
(-0.684423 -0.197628 0.511077)
(-0.626574 0.457185 0.744432)
(0.674005 0.945855 0.265337)
(-0.761214 0.761165 1.90317)
(0.323718 -0.387224 0.432952)
(-0.587212 0.103706 -0.400114)
(0.587071 0.103695 -0.400044)
(-0.323796 -0.387156 0.433006)
(0.761222 0.761198 1.90318)
(-0.674009 0.945843 0.265341)
(0.626577 0.457175 0.744433)
(-0.639991 -0.662038 0.261062)
(-0.11376 0.113789 0.00716614)
(-0.945815 -0.674035 0.265311)
(-0.0824328 -0.579928 -0.449409)
(-0.423667 0.132972 -0.762567)
(0.423626 0.132974 -0.762573)
(0.0824572 -0.579949 -0.449402)
(0.945835 -0.674021 0.26532)
(0.113772 0.113797 0.00717522)
(0.639989 -0.66204 0.261069)
(-0.746526 0.74652 0.132399)
(0.662047 0.639983 0.261057)
(-0.457183 0.626596 0.74443)
(0.197667 -0.684502 0.511034)
(-0.619468 -0.404293 -0.259659)
(0.619459 -0.404291 -0.259662)
(-0.197653 -0.684448 0.511088)
(0.457174 0.626585 0.744428)
(-0.662045 0.639984 0.26107)
(0.746528 0.746525 0.132401)
(-0.686458 -0.686459 0.17411)
(0.483977 -0.522514 0.356395)
(-0.462627 -0.543026 0.83489)
(0.0510336 0.661133 0.191374)
(-0.590846 0.285927 -0.433427)
(0.59079 0.285894 -0.433505)
(-0.0508047 0.661147 0.191434)
(0.462612 -0.542981 0.834903)
(-0.483955 -0.522524 0.356412)
(0.686457 -0.686469 0.174114)
(-0.522514 0.483984 0.356391)
(-0.121923 -0.121928 0.187831)
(-0.922125 0.602131 0.305239)
(-0.132407 0.412704 -0.510732)
(-0.34996 -0.16504 -0.807772)
(0.34994 -0.165075 -0.807815)
(0.132441 0.412921 -0.51077)
(0.922156 0.602115 0.305263)
(0.121945 -0.121945 0.187849)
(0.522518 0.483992 0.356398)
(-0.54304 -0.462629 0.834894)
(0.602123 -0.922113 0.305254)
(-0.664054 -0.664019 2.07452)
(0.379877 0.248354 0.595706)
(-0.411825 -0.041929 -0.528954)
(0.411678 -0.0419361 -0.528883)
(-0.37996 0.248374 0.59571)
(0.664069 -0.664049 2.07453)
(-0.602121 -0.92211 0.305258)
(0.543027 -0.462615 0.8349)
(0.661137 0.0511162 0.191396)
(0.412644 -0.132377 -0.510723)
(0.248378 0.379861 0.595728)
(-0.27941 -0.279375 0.109456)
(0.0543075 0.158523 -0.887906)
(-0.0543211 0.15853 -0.887889)
(0.279376 -0.279195 0.109466)
(-0.248457 0.379856 0.59571)
(-0.412765 -0.132396 -0.510735)
(-0.661185 0.0510607 0.191497)
(0.28597 -0.590853 -0.433405)
(-0.165022 -0.349968 -0.807767)
(-0.0419216 -0.411827 -0.52896)
(0.15853 0.0543061 -0.887915)
(-0.169059 -0.169052 -0.912816)
(0.169046 -0.169038 -0.912834)
(-0.158528 0.0542962 -0.887935)
(0.0419512 -0.411715 -0.528947)
(0.164999 -0.349959 -0.80778)
(-0.286027 -0.59085 -0.433463)
(0.285909 0.59078 -0.433514)
(-0.165085 0.349943 -0.807836)
(-0.0419358 0.41163 -0.528866)
(0.158542 -0.0543167 -0.887891)
(-0.169038 0.169041 -0.91285)
(0.169031 0.169034 -0.912866)
(-0.158538 -0.0542918 -0.887926)
(0.0419607 0.411573 -0.528875)
(0.165054 0.349944 -0.807839)
(-0.285975 0.590794 -0.43356)
(0.661142 -0.0507803 0.191468)
(0.412944 0.132432 -0.510792)
(0.248391 -0.379971 0.595724)
(-0.279152 0.279344 0.109463)
(0.0542946 -0.158527 -0.88794)
(-0.0542919 -0.158533 -0.887935)
(0.279176 0.279209 0.109445)
(-0.248444 -0.37993 0.595705)
(-0.412987 0.132431 -0.510798)
(-0.661173 -0.050795 0.191538)
(-0.542974 0.462606 0.834911)
(0.602102 0.922159 0.305272)
(-0.664075 0.664057 2.07452)
(0.379849 -0.248467 0.595692)
(-0.411719 0.0419562 -0.528931)
(0.411611 0.0419566 -0.52888)
(-0.379906 -0.248451 0.595685)
(0.6641 0.664086 2.07451)
(-0.602109 0.922145 0.305276)
(0.542981 0.462591 0.834914)
(-0.52253 -0.483956 0.356413)
(-0.121944 0.121957 0.187852)
(-0.922118 -0.602129 0.305243)
(-0.132431 -0.412826 -0.510737)
(-0.34996 0.165005 -0.80778)
(0.349944 0.165035 -0.807814)
(0.132453 -0.412988 -0.510772)
(0.922143 -0.602124 0.30526)
(0.121955 0.121967 0.187863)
(0.52253 -0.483976 0.356415)
(-0.686473 0.686458 0.174116)
(0.483994 0.522519 0.356405)
(-0.462612 0.543018 0.834893)
(0.051001 -0.661196 0.19149)
(-0.590848 -0.285999 -0.433473)
(0.590805 -0.285975 -0.433539)
(-0.0508213 -0.661198 0.191534)
(0.462593 0.542991 0.834903)
(-0.483983 0.522526 0.356418)
(0.686475 0.68647 0.17412)
(-0.634337 -0.63434 0.321556)
(0.400581 -0.450846 0.480257)
(-0.470634 -0.429887 0.905686)
(0.127439 0.509893 0.0423202)
(-0.563627 0.258687 -0.59119)
(0.56357 0.258657 -0.591314)
(-0.127298 0.510119 0.0422495)
(0.470611 -0.429825 0.905757)
(-0.400568 -0.450849 0.480273)
(0.634343 -0.63436 0.321559)
(-0.450847 0.400588 0.480253)
(-0.151596 -0.1516 0.41431)
(-0.864921 0.442043 0.334398)
(-0.0940226 0.26274 -0.552931)
(-0.299493 -0.166061 -0.83299)
(0.299525 -0.166108 -0.833018)
(0.0939641 0.263113 -0.552916)
(0.864971 0.442058 0.334459)
(0.151636 -0.151635 0.414336)
(0.450852 0.400612 0.480258)
(-0.429908 -0.470637 0.905671)
(0.442038 -0.864906 0.334408)
(-0.566581 -0.566541 2.09211)
(0.433948 0.0592242 0.705752)
(-0.25288 -0.0469643 -0.591618)
(0.252838 -0.0469726 -0.591576)
(-0.433986 0.0592699 0.705724)
(0.566624 -0.566567 2.0921)
(-0.442076 -0.86492 0.334432)
(0.429897 -0.470616 0.905691)
(0.509901 0.127506 0.0423529)
(0.262691 -0.0940192 -0.552928)
(0.0592559 0.433944 0.705779)
(-0.266888 -0.266867 0.149654)
(0.0452347 0.135128 -0.909872)
(-0.0452776 0.135141 -0.909857)
(0.266828 -0.266689 0.14971)
(-0.0593556 0.433962 0.705749)
(-0.262918 -0.0939954 -0.552918)
(-0.51008 0.127464 0.0423442)
(0.258718 -0.56363 -0.591157)
(-0.166036 -0.299489 -0.832978)
(-0.0469586 -0.252869 -0.591611)
(0.135132 0.0452362 -0.909869)
(-0.174596 -0.17459 -0.922874)
(0.174592 -0.174582 -0.922889)
(-0.135128 0.0452668 -0.909855)
(0.0469864 -0.252812 -0.59158)
(0.166036 -0.299493 -0.832968)
(-0.258714 -0.563571 -0.591237)
(0.258683 0.563563 -0.591326)
(-0.166108 0.299541 -0.833024)
(-0.0469722 0.252823 -0.591561)
(0.135153 -0.045284 -0.909852)
(-0.174586 0.174586 -0.922897)
(0.174585 0.174583 -0.922909)
(-0.135145 -0.0452866 -0.909853)
(0.0469983 0.252789 -0.591545)
(0.166097 0.299539 -0.833005)
(-0.258683 0.563526 -0.591376)
(0.51021 -0.127297 0.0422498)
(0.263215 0.093941 -0.55292)
(0.0593024 -0.433987 0.705723)
(-0.266631 0.266813 0.149722)
(0.0452706 -0.135131 -0.909849)
(-0.0452831 -0.135142 -0.909851)
(0.266631 0.266675 0.149733)
(-0.0593696 -0.433981 0.705704)
(-0.263323 0.0939289 -0.552914)
(-0.51032 -0.127289 0.0422583)
(-0.429815 0.470602 0.905775)
(0.442055 0.864979 0.334474)
(-0.566586 0.566623 2.09209)
(0.433962 -0.0593631 0.705732)
(-0.252827 0.0469939 -0.591578)
(0.252804 0.0469989 -0.591552)
(-0.433976 -0.0593701 0.7057)
(0.566636 0.566642 2.09209)
(-0.442091 0.864978 0.334487)
(0.429824 0.470583 0.905776)
(-0.450852 -0.400573 0.480274)
(-0.151647 0.151647 0.414343)
(-0.86493 -0.442091 0.334428)
(-0.0940096 -0.262967 -0.552919)
(-0.299503 0.166051 -0.832976)
(0.299527 0.166092 -0.832998)
(0.0939607 -0.263258 -0.552907)
(0.864975 -0.442108 0.334474)
(0.151671 0.151669 0.414359)
(0.450857 -0.4006 0.480274)
(-0.634364 0.634345 0.321558)
(0.400615 0.450853 0.480266)
(-0.470609 0.429883 0.9057)
(0.127398 -0.510077 0.0423208)
(-0.563568 -0.25869 -0.591258)
(0.563526 -0.258663 -0.591361)
(-0.127275 -0.510251 0.0422666)
(0.470586 0.429838 0.905759)
(-0.400607 0.450856 0.480277)
(0.634365 0.634361 0.321557)
(-0.693597 -0.693599 0.385896)
(0.480778 -0.467418 0.588291)
(-0.3906 -0.280993 0.955684)
(0.237118 0.432021 -0.118808)
(-0.508618 0.228123 -0.702119)
(0.508582 0.228102 -0.70222)
(-0.23725 0.432129 -0.119082)
(0.390567 -0.280961 0.955734)
(-0.480787 -0.467423 0.588308)
(0.693598 -0.693609 0.385923)
(-0.467418 0.480779 0.588287)
(-0.207472 -0.20747 0.611433)
(-0.806376 0.299212 0.361379)
(-0.0756035 0.16718 -0.585502)
(-0.265307 -0.169712 -0.843802)
(0.265388 -0.169752 -0.843803)
(0.0755843 0.167446 -0.585481)
(0.80641 0.299266 0.361407)
(0.207519 -0.207498 0.611475)
(0.467427 0.480804 0.588293)
(-0.281015 -0.390602 0.955669)
(0.299209 -0.806366 0.361394)
(-0.47585 -0.475821 2.04356)
(0.469541 -0.107475 0.758048)
(-0.16462 -0.0651742 -0.601066)
(0.164672 -0.0651711 -0.601027)
(-0.469559 -0.107405 0.758077)
(0.475901 -0.475831 2.04356)
(-0.299272 -0.806375 0.361404)
(0.281035 -0.39056 0.955683)
(0.432013 0.237104 -0.11876)
(0.167148 -0.0756011 -0.585499)
(-0.10746 0.469539 0.75807)
(-0.151731 -0.151746 0.0837266)
(0.0205696 0.118391 -0.917446)
(-0.0206048 0.118403 -0.917429)
(0.15172 -0.151734 0.0837976)
(0.10738 0.469562 0.758081)
(-0.167296 -0.0755869 -0.585499)
(-0.432075 0.237143 -0.118888)
(0.228136 -0.508621 -0.702095)
(-0.169693 -0.265297 -0.843793)
(-0.0651699 -0.164602 -0.601056)
(0.118396 0.0205737 -0.917438)
(-0.172376 -0.172373 -0.957883)
(0.17238 -0.172374 -0.957897)
(-0.118394 0.0206244 -0.917394)
(0.0651849 -0.164608 -0.601015)
(0.169722 -0.265327 -0.843779)
(-0.2281 -0.508569 -0.702143)
(0.228122 0.50857 -0.702235)
(-0.169743 0.265418 -0.843795)
(-0.0651646 0.164688 -0.601009)
(0.118411 -0.0206155 -0.917421)
(-0.17238 0.172378 -0.957903)
(0.172385 0.172381 -0.957913)
(-0.118406 -0.0206423 -0.917393)
(0.0651808 0.16469 -0.600982)
(0.169764 0.265425 -0.843779)
(-0.228086 0.50854 -0.70226)
(0.432174 -0.237302 -0.119146)
(0.167533 0.075579 -0.585478)
(-0.107369 -0.469554 0.758093)
(-0.151716 0.151741 0.0838147)
(0.020628 -0.118395 -0.917382)
(-0.0206402 -0.118405 -0.917384)
(0.151713 0.15173 0.0838393)
(0.10732 -0.469562 0.758096)
(-0.167596 0.0755619 -0.585478)
(-0.432201 -0.237287 -0.119196)
(-0.280961 0.390554 0.955744)
(0.299282 0.806416 0.361414)
(-0.475838 0.47591 2.04355)
(0.469566 0.107371 0.758078)
(-0.164624 0.0651908 -0.601015)
(0.164677 0.0651876 -0.600993)
(-0.469567 0.107331 0.758088)
(0.475895 0.475917 2.04357)
(-0.299332 0.806414 0.361426)
(0.280983 0.390523 0.955747)
(-0.467425 -0.480791 0.58831)
(-0.207514 0.207525 0.611485)
(-0.806381 -0.299289 0.3614)
(-0.075593 -0.167327 -0.585504)
(-0.265341 0.169737 -0.843786)
(0.265403 0.169773 -0.843787)
(0.0755729 -0.167536 -0.585484)
(0.806414 -0.299336 0.361422)
(0.207548 0.20754 0.611511)
(0.467433 -0.480807 0.58831)
(-0.693611 0.693599 0.385928)
(0.480808 0.467429 0.5883)
(-0.390546 0.281026 0.955696)
(0.237137 -0.432086 -0.118925)
(-0.508563 -0.228089 -0.702162)
(0.508543 -0.228067 -0.702247)
(-0.237228 -0.432169 -0.119137)
(0.390524 0.280996 0.955741)
(-0.480809 0.467433 0.588312)
(0.693609 0.693606 0.385941)
(-0.813038 -0.813038 0.533312)
(0.524453 -0.538031 0.668067)
(-0.194349 -0.140855 0.999695)
(0.26168 0.367381 -0.17806)
(-0.448997 0.190561 -0.77037)
(0.449029 0.190551 -0.770408)
(-0.261812 0.367206 -0.178319)
(0.194314 -0.140853 0.999677)
(-0.524475 -0.538039 0.668083)
(0.813024 -0.813029 0.533288)
(-0.538029 0.524448 0.668065)
(-0.276913 -0.276906 0.749384)
(-0.772713 0.208548 0.393978)
(-0.0579162 0.0959218 -0.578242)
(-0.245394 -0.188786 -0.850169)
(0.245482 -0.188809 -0.850163)
(0.0579507 0.0958629 -0.57822)
(0.77269 0.208586 0.394008)
(0.27695 -0.276911 0.749428)
(0.538039 0.524469 0.668073)
(-0.140873 -0.194352 0.999698)
(0.208547 -0.772718 0.393988)
(-0.395024 -0.395017 1.90561)
(0.473138 -0.22123 0.753336)
(-0.116681 -0.0736009 -0.597707)
(0.116759 -0.0735943 -0.59766)
(-0.473152 -0.221179 0.753457)
(0.395049 -0.395017 1.90564)
(-0.208591 -0.772709 0.393998)
(0.140918 -0.194306 0.999694)
(0.367411 0.261649 -0.178012)
(0.0959244 -0.0579039 -0.57824)
(-0.22123 0.473136 0.753342)
(-0.0016108 -0.00164402 -0.0311256)
(-0.0190923 0.123916 -0.905284)
(0.0190829 0.123927 -0.905278)
(0.00168172 -0.00179711 -0.0310486)
(0.221203 0.473156 0.753401)
(-0.0958973 -0.0579072 -0.578242)
(-0.367343 0.261703 -0.178128)
(0.190566 -0.448992 -0.770358)
(-0.188778 -0.245382 -0.850165)
(-0.0735948 -0.116662 -0.597701)
(0.123923 -0.0190895 -0.90528)
(-0.151826 -0.151826 -0.98311)
(0.151838 -0.151837 -0.983116)
(-0.123931 -0.0190617 -0.905256)
(0.0735976 -0.116687 -0.59767)
(0.188808 -0.245422 -0.850166)
(-0.190549 -0.448999 -0.770364)
(0.190557 0.449029 -0.770412)
(-0.188804 0.245513 -0.850153)
(-0.0735846 0.116783 -0.597639)
(0.123935 0.0190796 -0.905274)
(-0.151841 0.151841 -0.983119)
(0.15185 0.15185 -0.983125)
(-0.123939 0.0190635 -0.905257)
(0.0735879 0.116795 -0.597624)
(0.188829 0.245525 -0.850156)
(-0.19054 0.449039 -0.77041)
(0.367162 -0.26185 -0.178387)
(0.0958524 0.0579624 -0.578216)
(-0.221154 -0.473146 0.7535)
(-0.00183308 0.00172317 -0.0310252)
(-0.0190597 -0.123929 -0.90525)
(0.019061 -0.123937 -0.905252)
(0.00186082 0.00184191 -0.0309967)
(0.221143 -0.473156 0.75352)
(-0.0958347 0.0579491 -0.578219)
(-0.367136 -0.26186 -0.178421)
(-0.140861 0.194301 0.999668)
(0.208597 0.772683 0.394014)
(-0.395016 0.395055 1.90565)
(0.473163 0.221198 0.753418)
(-0.116703 0.0736027 -0.597666)
(0.116775 0.0735967 -0.597638)
(-0.473166 0.221159 0.753498)
(0.395047 0.39506 1.9057)
(-0.208633 0.772681 0.394025)
(0.140895 0.19427 0.999671)
(-0.538042 -0.524478 0.668087)
(-0.276922 0.276953 0.749439)
(-0.772709 -0.208607 0.393997)
(-0.0579164 -0.0959001 -0.578247)
(-0.245435 0.188816 -0.850171)
(0.245504 0.188835 -0.850167)
(0.0579424 -0.0958532 -0.578227)
(0.772694 -0.208641 0.394021)
(0.276955 0.276949 0.749468)
(0.538049 -0.524485 0.668088)
(-0.813027 0.813021 0.533281)
(0.524474 0.538042 0.668078)
(-0.194292 0.140918 0.999696)
(0.261725 -0.367317 -0.178161)
(-0.449004 -0.190546 -0.77037)
(0.449038 -0.190537 -0.770401)
(-0.261827 -0.367175 -0.17836)
(0.194274 0.140908 0.999684)
(-0.524485 0.538048 0.668087)
(0.813019 0.813018 0.533265)
(-0.873252 -0.873252 0.685433)
(0.607817 -0.621635 0.70361)
(0.0405741 -0.106287 1.02335)
(0.298419 0.352763 -0.181402)
(-0.385906 0.168265 -0.804056)
(0.385999 0.168269 -0.804048)
(-0.298437 0.352578 -0.181552)
(-0.0405939 -0.106292 1.02331)
(-0.6078 -0.62164 0.703621)
(0.87325 -0.873253 0.685433)
(-0.621631 0.607812 0.70361)
(-0.329811 -0.329806 0.84953)
(-0.759313 0.176849 0.412259)
(-0.0566849 0.0759865 -0.580379)
(-0.232973 -0.196224 -0.857661)
(0.233012 -0.196229 -0.857655)
(0.0567159 0.0757074 -0.580374)
(0.759265 0.17683 0.412282)
(0.329826 -0.329798 0.849566)
(0.621635 0.607791 0.703618)
(-0.106295 0.0405694 1.02336)
(0.176851 -0.759325 0.412264)
(-0.339468 -0.339476 1.71767)
(0.444487 -0.253877 0.716214)
(-0.0835683 -0.0699874 -0.602128)
(0.0836072 -0.0699875 -0.60207)
(-0.444492 -0.253884 0.716343)
(0.339462 -0.339481 1.71771)
(-0.176859 -0.759314 0.412261)
(0.106331 0.040592 1.02335)
(0.352791 0.298415 -0.181367)
(0.076025 -0.056675 -0.580374)
(-0.25388 0.444482 0.71621)
(0.0902049 0.0901808 -0.157033)
(-0.0550589 0.134038 -0.87963)
(0.0550641 0.134046 -0.879638)
(-0.0901497 0.0900738 -0.156963)
(0.253903 0.444497 0.716269)
(-0.075912 -0.0566843 -0.580381)
(-0.352712 0.298426 -0.181435)
(0.168268 -0.385889 -0.804055)
(-0.196221 -0.232968 -0.857659)
(-0.069979 -0.083558 -0.602129)
(0.134044 -0.0550564 -0.879631)
(-0.115598 -0.115599 -0.988637)
(0.115604 -0.115608 -0.988641)
(-0.134053 -0.0550441 -0.87964)
(0.0699763 -0.0835756 -0.602105)
(0.196236 -0.232989 -0.857667)
(-0.168275 -0.385934 -0.804052)
(0.168275 0.386018 -0.804043)
(-0.196226 0.233027 -0.857649)
(-0.06998 0.0836189 -0.602049)
(0.134052 0.0550631 -0.879639)
(-0.11561 0.115607 -0.988643)
(0.115615 0.115614 -0.988648)
(-0.134058 0.0550561 -0.879646)
(0.0699754 0.0836294 -0.602042)
(0.196238 0.233034 -0.857659)
(-0.168281 0.386044 -0.804045)
(0.352525 -0.298449 -0.18159)
(0.075629 0.0567281 -0.580373)
(-0.253883 -0.444484 0.716386)
(0.0900495 -0.0901191 -0.15694)
(-0.0550444 -0.134052 -0.879642)
(0.0550537 -0.134057 -0.879648)
(-0.0900235 -0.0900335 -0.156912)
(0.2539 -0.444496 0.716402)
(-0.0755953 0.0567231 -0.58038)
(-0.352495 -0.298455 -0.181601)
(-0.106299 -0.0406025 1.0233)
(0.176816 0.759253 0.412287)
(-0.339484 0.339455 1.71772)
(0.44451 0.253906 0.716298)
(-0.0835872 0.0699814 -0.602096)
(0.0836235 0.0699811 -0.602057)
(-0.444512 0.253903 0.716384)
(0.339481 0.339468 1.71777)
(-0.176829 0.759256 0.412288)
(0.106325 -0.0406168 1.0233)
(-0.621641 -0.607792 0.703624)
(-0.329803 0.329824 0.849574)
(-0.759309 -0.176873 0.412258)
(-0.0566892 -0.0758855 -0.580387)
(-0.232995 0.196239 -0.857671)
(0.233026 0.196243 -0.857667)
(0.0567147 -0.0756664 -0.580384)
(0.759272 -0.176857 0.412279)
(0.329821 0.329815 0.849596)
(0.621644 -0.607777 0.703628)
(-0.873253 0.873249 0.685433)
(0.607789 0.621637 0.70362)
(0.0406018 0.106335 1.02334)
(0.298422 -0.352688 -0.181456)
(-0.385952 -0.168275 -0.804055)
(0.38603 -0.16828 -0.804049)
(-0.298437 -0.352539 -0.181569)
(-0.0406119 0.106332 1.02331)
(-0.607779 0.621643 0.703627)
(0.873252 0.873251 0.685432)
(-0.898136 -0.898136 0.781119)
(0.759848 -0.675321 0.712533)
(0.145391 -0.118454 1.06986)
(0.29894 0.366574 -0.144365)
(-0.332869 0.152808 -0.811616)
(0.332952 0.152823 -0.811604)
(-0.298897 0.366479 -0.144345)
(-0.145426 -0.118468 1.06984)
(-0.759835 -0.675327 0.712539)
(0.898135 -0.898137 0.781118)
(-0.675317 0.759844 0.712534)
(-0.361364 -0.361367 0.879278)
(-0.730237 0.200537 0.407569)
(-0.0464724 0.0845458 -0.572306)
(-0.22751 -0.194855 -0.864643)
(0.227503 -0.194853 -0.86464)
(0.0464895 0.084343 -0.57232)
(0.730207 0.200494 0.407596)
(0.361357 -0.361361 0.879293)
(0.675317 0.759834 0.712538)
(-0.118453 0.145381 1.06987)
(0.200537 -0.730246 0.40757)
(-0.313928 -0.313936 1.56757)
(0.391424 -0.227467 0.665203)
(-0.0568298 -0.0647057 -0.612053)
(0.0568166 -0.0647075 -0.611998)
(-0.391423 -0.227529 0.665278)
(0.31391 -0.31395 1.56759)
(-0.200535 -0.730243 0.407562)
(0.118472 0.145392 1.06987)
(0.36659 0.298952 -0.144359)
(0.0845804 -0.0464655 -0.572298)
(-0.227464 0.391418 0.665202)
(0.130477 0.130468 -0.256292)
(-0.0732198 0.142316 -0.854027)
(0.0732275 0.142322 -0.854037)
(-0.130462 0.130455 -0.256243)
(0.227513 0.391434 0.66524)
(-0.084514 -0.0464748 -0.572307)
(-0.366555 0.298938 -0.144354)
(0.152811 -0.332853 -0.811618)
(-0.194852 -0.227513 -0.864642)
(-0.0646971 -0.0568305 -0.612056)
(0.142321 -0.0732189 -0.854029)
(-0.0871804 -0.0871818 -0.972745)
(0.0871819 -0.0871876 -0.972746)
(-0.14233 -0.0732185 -0.854045)
(0.0646925 -0.0568354 -0.612037)
(0.194859 -0.227514 -0.864651)
(-0.152825 -0.332896 -0.811629)
(0.152832 0.33297 -0.8116)
(-0.19485 0.227504 -0.864638)
(-0.0647019 0.0568103 -0.61198)
(0.142327 0.0732282 -0.85404)
(-0.0871888 0.0871827 -0.972747)
(0.0871903 0.0871885 -0.97275)
(-0.142334 0.0732294 -0.854052)
(0.0646951 0.0568195 -0.611976)
(0.194856 0.227506 -0.864647)
(-0.152841 0.332993 -0.811615)
(0.366455 -0.298892 -0.144337)
(0.0842879 0.0464973 -0.572326)
(-0.227546 -0.391412 0.665307)
(0.130458 -0.130449 -0.256225)
(-0.0732198 -0.142331 -0.854049)
(0.0732287 -0.142335 -0.854055)
(-0.130445 -0.130435 -0.256207)
(0.22757 -0.391429 0.665319)
(-0.0842857 0.0464973 -0.572332)
(-0.366445 -0.298893 -0.144323)
(-0.118477 -0.145438 1.06983)
(0.200467 0.730202 0.407605)
(-0.313965 0.313891 1.56759)
(0.391453 0.227526 0.665267)
(-0.0568397 0.0646969 -0.612026)
(0.0568311 0.0646985 -0.611988)
(-0.391454 0.227563 0.665313)
(0.313947 0.31391 1.56763)
(-0.200471 0.730206 0.4076)
(0.11849 -0.145443 1.06983)
(-0.675329 -0.759827 0.712541)
(-0.361364 0.361352 0.879295)
(-0.730238 -0.200551 0.407553)
(-0.0464779 -0.0844922 -0.572314)
(-0.227513 0.194863 -0.864654)
(0.227509 0.194862 -0.864653)
(0.0464934 -0.0843354 -0.57233)
(0.730213 -0.200514 0.40758)
(0.361362 0.36135 0.879306)
(0.675329 -0.759822 0.712543)
(-0.898138 0.898135 0.781118)
(0.759836 0.675319 0.712539)
(0.145399 0.118474 1.06986)
(0.298925 -0.366542 -0.144351)
(-0.332912 -0.152824 -0.81163)
(0.33298 -0.152836 -0.81162)
(-0.298891 -0.366465 -0.144328)
(-0.145428 0.118484 1.06984)
(-0.759829 0.675327 0.712542)
(0.898138 0.898137 0.781117)
(-0.901897 -0.901897 0.788884)
(0.784693 -0.657546 0.74102)
(0.0057019 -0.0503681 1.16361)
(0.285283 0.391023 -0.144149)
(-0.301465 0.136774 -0.806989)
(0.301476 0.13679 -0.80698)
(-0.28527 0.391087 -0.144054)
(-0.00575186 -0.0503968 1.16361)
(-0.784691 -0.657557 0.741018)
(0.901898 -0.9019 0.788893)
(-0.657542 0.784689 0.741022)
(-0.36206 -0.362068 0.881878)
(-0.700053 0.230862 0.405495)
(-0.0128647 0.0859251 -0.561387)
(-0.22817 -0.192579 -0.86948)
(0.228145 -0.192578 -0.869481)
(0.0128582 0.0859298 -0.561387)
(0.700057 0.230817 0.405528)
(0.362045 -0.362075 0.88189)
(0.657543 0.784693 0.741021)
(-0.0503631 0.0056882 1.16362)
(0.230857 -0.700057 0.405494)
(-0.323565 -0.323566 1.47362)
(0.363998 -0.173945 0.600537)
(-0.0443721 -0.061905 -0.629378)
(0.0443379 -0.0619037 -0.629332)
(-0.364 -0.174018 0.600577)
(0.323552 -0.323587 1.47361)
(-0.230858 -0.700064 0.405482)
(0.0503735 0.00569338 1.16362)
(0.391017 0.285292 -0.144159)
(0.0859309 -0.0128605 -0.56138)
(-0.173933 0.363993 0.600541)
(0.141674 0.141672 -0.322654)
(-0.0758194 0.147383 -0.829697)
(0.075829 0.147387 -0.829703)
(-0.141673 0.14169 -0.322645)
(0.173968 0.36402 0.600572)
(-0.0859526 -0.0128604 -0.561382)
(-0.391052 0.285289 -0.144133)
(0.136776 -0.301464 -0.806991)
(-0.192575 -0.228175 -0.869478)
(-0.0618983 -0.044378 -0.62938)
(0.147387 -0.0758186 -0.829698)
(-0.0720925 -0.0720942 -0.939445)
(0.0720907 -0.0720981 -0.939445)
(-0.147396 -0.0758226 -0.829708)
(0.0618932 -0.0443805 -0.629362)
(0.192579 -0.228172 -0.869486)
(-0.136787 -0.301472 -0.807011)
(0.1368 0.301475 -0.806978)
(-0.192575 0.22814 -0.86948)
(-0.0618992 0.0443238 -0.629319)
(0.147391 0.0758298 -0.829706)
(-0.0720985 0.0720899 -0.939446)
(0.0720971 0.0720942 -0.939447)
(-0.147399 0.0758341 -0.829714)
(0.0618931 0.0443334 -0.629313)
(0.192578 0.228143 -0.869488)
(-0.136807 0.30148 -0.807002)
(0.391114 -0.285273 -0.144027)
(0.085935 0.012857 -0.561388)
(-0.174036 -0.363991 0.600599)
(0.141703 -0.141669 -0.322638)
(-0.0758255 -0.147398 -0.82971)
(0.0758349 -0.147401 -0.829714)
(-0.141697 -0.141681 -0.32264)
(0.174045 -0.364017 0.600616)
(-0.0859629 0.0128547 -0.561392)
(-0.391132 -0.285276 -0.144012)
(-0.0504115 -0.00576577 1.16362)
(0.230785 0.700064 0.405545)
(-0.323611 0.32353 1.47361)
(0.364045 0.173982 0.600594)
(-0.0443798 0.0618954 -0.629351)
(0.0443523 0.0618949 -0.62932)
(-0.364048 0.174032 0.600615)
(0.323595 0.323548 1.47364)
(-0.230788 0.700068 0.405534)
(0.0504154 -0.00576701 1.16362)
(-0.657559 -0.784686 0.741017)
(-0.362078 0.36204 0.881891)
(-0.700061 -0.230874 0.405467)
(-0.012861 -0.0859569 -0.561386)
(-0.22817 0.192584 -0.869492)
(0.228151 0.192584 -0.869493)
(0.0128579 -0.0859642 -0.561393)
(0.700063 -0.230835 0.405499)
(0.362067 0.362052 0.881898)
(0.657561 -0.784689 0.741017)
(-0.901901 0.901898 0.788896)
(0.784699 0.657545 0.741018)
(0.00569967 0.0503717 1.16362)
(0.285283 -0.391061 -0.144121)
(-0.301476 -0.136787 -0.807013)
(0.301485 -0.1368 -0.807006)
(-0.28527 -0.391112 -0.144038)
(-0.005746 0.0503956 1.16362)
(-0.784698 0.657557 0.741016)
(0.901902 0.901901 0.7889)
(-0.917047 -0.917046 0.87328)
(0.725824 -0.603491 0.800448)
(-0.192191 0.0542184 1.19479)
(0.298767 0.378986 -0.236679)
(-0.291527 0.120842 -0.792315)
(0.291474 0.120857 -0.792311)
(-0.298803 0.379084 -0.236657)
(0.192159 0.0541779 1.19481)
(-0.725825 -0.603502 0.800442)
(0.917046 -0.917048 0.87328)
(-0.603486 0.72582 0.800449)
(-0.353738 -0.353747 0.899694)
(-0.690489 0.265691 0.423323)
(0.0420407 0.0572099 -0.551931)
(-0.230326 -0.192846 -0.867469)
(0.230311 -0.192846 -0.867468)
(-0.042054 0.0573194 -0.551905)
(0.690505 0.265662 0.423352)
(0.353726 -0.353761 0.899703)
(0.603488 0.725827 0.800444)
(0.0542267 -0.192202 1.19479)
(0.265681 -0.690491 0.423321)
(-0.362334 -0.362333 1.40029)
(0.381105 -0.131302 0.518568)
(-0.0467498 -0.0614119 -0.642998)
(0.0467193 -0.0614076 -0.642959)
(-0.381119 -0.131319 0.518623)
(0.362331 -0.362364 1.40026)
(-0.265686 -0.690501 0.423304)
(-0.054221 -0.192204 1.1948)
(0.378974 0.298767 -0.236681)
(0.0571962 0.0420454 -0.55193)
(-0.131295 0.3811 0.518573)
(0.131041 0.131038 -0.355881)
(-0.0745522 0.149595 -0.808735)
(0.0745561 0.149599 -0.808738)
(-0.131037 0.131041 -0.355879)
(0.131293 0.381135 0.518614)
(-0.057249 0.0420571 -0.55192)
(-0.37902 0.298783 -0.236698)
(0.120842 -0.291535 -0.792314)
(-0.192843 -0.23033 -0.867466)
(-0.0614075 -0.0467562 -0.642998)
(0.149597 -0.0745527 -0.808736)
(-0.0669099 -0.066912 -0.903489)
(0.066906 -0.0669151 -0.903488)
(-0.149605 -0.0745562 -0.808744)
(0.0614021 -0.0467623 -0.642977)
(0.192847 -0.230333 -0.867471)
(-0.120849 -0.29152 -0.792332)
(0.120867 0.291456 -0.792309)
(-0.192845 0.23031 -0.867466)
(-0.0614047 0.0467065 -0.642948)
(0.149603 0.0745552 -0.808741)
(-0.0669145 0.0669047 -0.903489)
(0.0669111 0.066908 -0.90349)
(-0.14961 0.0745593 -0.808748)
(0.0613997 0.0467161 -0.642938)
(0.192849 0.230315 -0.867472)
(-0.12087 0.291453 -0.792329)
(0.379118 -0.29882 -0.236657)
(0.0573505 -0.0420576 -0.551897)
(-0.13132 -0.381119 0.51865)
(0.131049 -0.131035 -0.355874)
(-0.0745584 -0.149608 -0.808744)
(0.0745621 -0.149611 -0.808746)
(-0.131046 -0.131038 -0.355877)
(0.131312 -0.38115 0.518678)
(-0.0573782 -0.0420686 -0.551896)
(-0.379141 -0.298826 -0.236662)
(0.0541601 0.192155 1.19482)
(0.265638 0.690517 0.423369)
(-0.362392 0.362314 1.40025)
(0.38116 0.131297 0.518633)
(-0.0467599 0.061401 -0.642966)
(0.046734 0.0613986 -0.64294)
(-0.381171 0.131308 0.518667)
(0.362383 0.362336 1.40025)
(-0.265638 0.69052 0.423352)
(-0.054163 0.192156 1.19482)
(-0.603504 -0.725822 0.80044)
(-0.353762 0.353728 0.899703)
(-0.690497 -0.265697 0.423286)
(0.0420609 -0.0572695 -0.551919)
(-0.230331 0.192851 -0.867478)
(0.23032 0.192852 -0.867478)
(-0.0420688 -0.0573591 -0.551904)
(0.690508 -0.26567 0.423314)
(0.353752 0.353745 0.899706)
(0.603506 -0.725826 0.800436)
(-0.917049 0.917046 0.873279)
(0.725833 0.60349 0.800439)
(-0.192199 -0.0542235 1.19479)
(0.298786 -0.379034 -0.236697)
(-0.291513 -0.120849 -0.792336)
(0.291471 -0.120862 -0.792334)
(-0.298812 -0.379115 -0.23667)
(0.192166 -0.0541897 1.19481)
(-0.725834 0.603502 0.800434)
(0.917049 0.917048 0.873279)
(-0.929117 -0.929117 0.976417)
(0.746163 -0.570519 0.885486)
(-0.296798 0.137385 1.18945)
(0.299664 0.332848 -0.33866)
(-0.284944 0.105891 -0.769659)
(0.284904 0.105899 -0.769656)
(-0.299694 0.332806 -0.338691)
(0.296808 0.13734 1.18947)
(-0.74617 -0.570524 0.885483)
(0.929117 -0.929118 0.976422)
(-0.570514 0.74616 0.885486)
(-0.353753 -0.35376 0.952068)
(-0.676836 0.311595 0.463118)
(0.0997089 0.0114467 -0.549108)
(-0.226302 -0.196181 -0.854756)
(0.226299 -0.196183 -0.85475)
(-0.0997201 0.0114889 -0.549081)
(0.676844 0.311599 0.463148)
(0.353743 -0.353761 0.952079)
(0.570514 0.746169 0.885481)
(0.137398 -0.296804 1.18945)
(0.311581 -0.676841 0.463115)
(-0.414897 -0.414897 1.33147)
(0.419937 -0.118036 0.416458)
(-0.0576474 -0.062528 -0.650546)
(0.0576189 -0.0625272 -0.650511)
(-0.419957 -0.118021 0.416543)
(0.414899 -0.414939 1.33142)
(-0.311589 -0.676844 0.463094)
(-0.137399 -0.296817 1.18945)
(0.332856 0.299664 -0.338657)
(0.0114391 0.0997151 -0.549108)
(-0.118035 0.419932 0.416457)
(0.117534 0.117531 -0.379021)
(-0.0714242 0.151298 -0.792929)
(0.0714212 0.151302 -0.792932)
(-0.117532 0.117531 -0.379012)
(0.118025 0.419959 0.416505)
(-0.0114524 0.0997362 -0.549098)
(-0.332839 0.299676 -0.338697)
(0.10589 -0.284953 -0.769656)
(-0.196179 -0.226304 -0.854753)
(-0.0625247 -0.0576534 -0.650544)
(0.1513 -0.0714254 -0.79293)
(-0.0632528 -0.063255 -0.863485)
(0.0632475 -0.0632571 -0.863483)
(-0.151308 -0.0714242 -0.792938)
(0.0625219 -0.0576575 -0.650522)
(0.196186 -0.22631 -0.854754)
(-0.105889 -0.284947 -0.769667)
(0.105905 0.284896 -0.769652)
(-0.196185 0.226302 -0.854746)
(-0.0625274 0.0576083 -0.650502)
(0.151307 0.0714179 -0.792935)
(-0.0632555 0.0632456 -0.863484)
(0.0632507 0.0632476 -0.863484)
(-0.151314 0.0714183 -0.792942)
(0.0625243 0.0576147 -0.65049)
(0.196191 0.226307 -0.854749)
(-0.105902 0.284897 -0.769664)
(0.33279 -0.299706 -0.338709)
(0.011494 -0.0997221 -0.549073)
(-0.118013 -0.419966 0.416579)
(0.117536 -0.117534 -0.379006)
(-0.0714243 -0.15131 -0.792938)
(0.0714221 -0.151315 -0.79294)
(-0.117536 -0.117535 -0.379003)
(0.118006 -0.419991 0.416607)
(-0.0114999 -0.0997428 -0.549072)
(-0.332791 -0.299712 -0.338724)
(0.137325 0.296822 1.18948)
(0.311595 0.676853 0.463167)
(-0.414965 0.414892 1.3314)
(0.419974 0.118026 0.416523)
(-0.057652 0.0625192 -0.650512)
(0.0576282 0.0625196 -0.65049)
(-0.419993 0.118014 0.416584)
(0.414959 0.414922 1.33138)
(-0.311591 0.676854 0.463146)
(-0.137337 0.296827 1.18948)
(-0.570523 -0.746169 0.885482)
(-0.353752 0.35375 0.952081)
(-0.67684 -0.311594 0.463074)
(0.0997448 -0.0114654 -0.549096)
(-0.22631 0.196187 -0.854759)
(0.226308 0.19619 -0.854756)
(-0.0997509 -0.0115016 -0.549078)
(0.676844 -0.311593 0.463103)
(0.353745 0.353756 0.952083)
(0.570523 -0.746175 0.885477)
(-0.929118 0.929117 0.976423)
(0.746173 0.570516 0.885477)
(-0.296811 -0.1374 1.18944)
(0.29968 -0.332836 -0.338703)
(-0.284937 -0.10589 -0.769672)
(0.284904 -0.105898 -0.769671)
(-0.299703 -0.332805 -0.338717)
(0.296813 -0.137363 1.18946)
(-0.746178 0.570523 0.885474)
(0.929118 0.929118 0.976425)
(-0.930236 -0.930236 1.027)
(0.779856 -0.565141 0.970753)
(-0.251216 0.155439 1.16888)
(0.2705 0.285623 -0.413197)
(-0.2626 0.0941585 -0.7448)
(0.262612 0.0941619 -0.744796)
(-0.270492 0.285575 -0.413223)
(0.251263 0.155416 1.16891)
(-0.779858 -0.565137 0.970756)
(0.930235 -0.930236 1.02699)
(-0.565138 0.779853 0.970752)
(-0.358852 -0.358855 1.01154)
(-0.650059 0.354368 0.493844)
(0.136325 -0.0252743 -0.551805)
(-0.216427 -0.199205 -0.831794)
(0.216421 -0.199208 -0.831785)
(-0.136336 -0.0253054 -0.551798)
(0.650054 0.354414 0.493879)
(0.358838 -0.358833 1.01155)
(0.565136 0.779856 0.970748)
(0.15545 -0.251218 1.16889)
(0.354348 -0.650065 0.493841)
(-0.453545 -0.453542 1.26817)
(0.442614 -0.117758 0.292312)
(-0.0628774 -0.0621716 -0.654962)
(0.0628467 -0.0621742 -0.654934)
(-0.442638 -0.117747 0.292381)
(0.453549 -0.453561 1.26812)
(-0.354363 -0.650061 0.493818)
(-0.15546 -0.251235 1.16888)
(0.28563 0.270507 -0.413196)
(-0.0252745 0.136331 -0.551802)
(-0.11776 0.442606 0.29231)
(0.11203 0.112025 -0.399539)
(-0.0641848 0.151082 -0.778493)
(0.0641766 0.151086 -0.778496)
(-0.112041 0.112036 -0.399528)
(0.117763 0.442609 0.292341)
(0.0252975 0.136358 -0.551799)
(-0.285611 0.270508 -0.413227)
(0.0941573 -0.262602 -0.744798)
(-0.199205 -0.216429 -0.831792)
(-0.0621685 -0.062882 -0.65496)
(0.151083 -0.0641873 -0.778494)
(-0.0614362 -0.0614384 -0.821596)
(0.0614294 -0.0614388 -0.821594)
(-0.15109 -0.0641852 -0.7785)
(0.062166 -0.0628747 -0.654942)
(0.199213 -0.216433 -0.83179)
(-0.0941532 -0.262614 -0.744806)
(0.0941642 0.262623 -0.744792)
(-0.199212 0.216422 -0.83178)
(-0.062176 0.0628384 -0.654925)
(0.151091 0.0641723 -0.778499)
(-0.0614363 0.0614271 -0.821595)
(0.0614302 0.0614276 -0.821594)
(-0.151097 0.0641723 -0.778504)
(0.0621721 0.0628361 -0.654915)
(0.199221 0.216427 -0.83178)
(-0.0941594 0.262628 -0.744803)
(0.285554 -0.270489 -0.41324)
(-0.0253235 -0.136337 -0.551798)
(-0.11774 -0.442652 0.292409)
(0.112041 -0.112049 -0.399522)
(-0.0641826 -0.151092 -0.778499)
(0.0641759 -0.151096 -0.778501)
(-0.11205 -0.112054 -0.399517)
(0.117744 -0.442654 0.292426)
(0.0253341 -0.136363 -0.551797)
(-0.285553 -0.270496 -0.413252)
(0.155412 0.251295 1.16892)
(0.354433 0.650055 0.4939)
(-0.453566 0.453555 1.26809)
(0.442607 0.117764 0.29235)
(-0.0628636 0.0621628 -0.654934)
(0.0628407 0.0621655 -0.654915)
(-0.442633 0.117754 0.292402)
(0.453568 0.453568 1.26807)
(-0.354425 0.650054 0.493875)
(-0.155426 0.251301 1.16892)
(-0.565131 -0.779858 0.970758)
(-0.358813 0.358845 1.01155)
(-0.650058 -0.354364 0.493799)
(0.136368 0.0252974 -0.551798)
(-0.216432 0.199212 -0.831792)
(0.216428 0.199217 -0.831787)
(-0.136375 0.0253184 -0.551795)
(0.650053 -0.354398 0.493831)
(0.358808 0.358832 1.01155)
(0.565131 -0.77986 0.970753)
(-0.930236 0.930234 1.02699)
(0.779858 0.565138 0.970744)
(-0.251226 -0.155461 1.16887)
(0.270506 -0.28561 -0.413232)
(-0.262608 -0.0941545 -0.74481)
(0.262617 -0.0941576 -0.744808)
(-0.2705 -0.285573 -0.413244)
(0.251262 -0.15544 1.16889)
(-0.77986 0.565136 0.970748)
(0.930235 0.930235 1.02699)
(-0.933223 -0.933222 1.09661)
(0.754554 -0.574198 1.02953)
(-0.135403 0.174314 1.14853)
(0.249702 0.249147 -0.446193)
(-0.23756 0.0908267 -0.717572)
(0.237575 0.0908326 -0.717568)
(-0.249696 0.249144 -0.446201)
(0.135447 0.174339 1.14854)
(-0.754549 -0.574191 1.02953)
(0.933222 -0.933223 1.09661)
(-0.574196 0.754552 1.02953)
(-0.361421 -0.361422 1.06427)
(-0.633588 0.37644 0.51771)
(0.149553 -0.0478156 -0.555292)
(-0.203907 -0.194128 -0.803415)
(0.203894 -0.19413 -0.803405)
(-0.149558 -0.0478393 -0.555294)
(0.633575 0.3765 0.517739)
(0.361404 -0.361392 1.06428)
(0.574191 0.754545 1.02952)
(0.174312 -0.135405 1.14853)
(0.376421 -0.633595 0.51771)
(-0.441078 -0.441058 1.22222)
(0.440431 -0.12096 0.159467)
(-0.0548611 -0.0569467 -0.657702)
(0.0548361 -0.0569496 -0.65768)
(-0.440444 -0.120946 0.159516)
(0.441084 -0.441003 1.22219)
(-0.376432 -0.633595 0.517698)
(-0.17435 -0.135422 1.14852)
(0.249147 0.249707 -0.446193)
(-0.0478193 0.149557 -0.555289)
(-0.120965 0.440423 0.15947)
(0.115711 0.115704 -0.428394)
(-0.0557104 0.141447 -0.761539)
(0.055699 0.14145 -0.76154)
(-0.115738 0.115714 -0.428388)
(0.120972 0.440404 0.159495)
(0.047845 0.14958 -0.555284)
(-0.249144 0.249713 -0.446214)
(0.0908249 -0.23756 -0.71757)
(-0.194128 -0.203911 -0.803413)
(-0.0569427 -0.0548615 -0.657701)
(0.141448 -0.0557138 -0.76154)
(-0.0596118 -0.0596141 -0.781608)
(0.0596033 -0.0596128 -0.781606)
(-0.141455 -0.0557113 -0.761544)
(0.0569345 -0.0548422 -0.657689)
(0.194133 -0.203915 -0.803405)
(-0.0908226 -0.23757 -0.717575)
(0.0908345 0.237586 -0.717565)
(-0.194134 0.203895 -0.803399)
(-0.0569504 0.0548325 -0.657671)
(0.141454 0.0556947 -0.761542)
(-0.0596093 0.0596011 -0.781606)
(0.0596018 0.0596002 -0.781604)
(-0.141461 0.0556948 -0.761546)
(0.0569408 0.0548189 -0.657665)
(0.194141 0.203902 -0.803394)
(-0.0908309 0.237589 -0.717572)
(0.249137 -0.249693 -0.446211)
(-0.0478506 -0.149556 -0.555297)
(-0.12094 -0.440454 0.159532)
(0.115716 -0.11575 -0.428383)
(-0.0557066 -0.141458 -0.761542)
(0.0556972 -0.141461 -0.761544)
(-0.115737 -0.115752 -0.428381)
(0.120947 -0.440437 0.159549)
(0.0478661 -0.149578 -0.555293)
(-0.249139 -0.249703 -0.44622)
(0.174351 0.135474 1.14855)
(0.376528 0.63357 0.517751)
(-0.440963 0.441104 1.22217)
(0.44039 0.120971 0.159505)
(-0.0548262 0.0569322 -0.657684)
(0.0548105 0.0569349 -0.657668)
(-0.440407 0.120958 0.15954)
(0.440986 0.441056 1.22215)
(-0.376519 0.633575 0.517737)
(-0.174373 0.135483 1.14854)
(-0.574186 -0.754547 1.02954)
(-0.361373 0.361406 1.06428)
(-0.633594 -0.376428 0.517689)
(0.14959 0.047852 -0.555283)
(-0.203911 0.194132 -0.803406)
(0.203902 0.194136 -0.803399)
(-0.149593 0.0478652 -0.555287)
(0.633582 -0.376476 0.517712)
(0.361366 0.361385 1.06428)
(0.574184 -0.754544 1.02953)
(-0.933224 0.933222 1.09661)
(0.754544 0.574192 1.02952)
(-0.135416 -0.174364 1.14851)
(0.249713 -0.249148 -0.446216)
(-0.237566 -0.0908246 -0.717578)
(0.237577 -0.0908298 -0.717576)
(-0.249709 -0.249147 -0.446215)
(0.135452 -0.174376 1.14852)
(-0.754543 0.574188 1.02952)
(0.933224 0.933224 1.09661)
(-0.934402 -0.934402 1.19522)
(0.736297 -0.563116 1.06525)
(-0.1218 0.288256 1.10811)
(0.244161 0.206153 -0.458991)
(-0.222862 0.0891982 -0.69091)
(0.222858 0.089203 -0.690905)
(-0.244186 0.20617 -0.459004)
(0.121815 0.28831 1.10809)
(-0.736299 -0.563114 1.06526)
(0.934402 -0.934403 1.19522)
(-0.563114 0.736295 1.06525)
(-0.368502 -0.368502 1.10608)
(-0.638012 0.372451 0.549606)
(0.146779 -0.0661332 -0.568422)
(-0.189364 -0.168273 -0.772875)
(0.18935 -0.168271 -0.772867)
(-0.146786 -0.0661396 -0.568425)
(0.638 0.372494 0.549627)
(0.368489 -0.368478 1.10609)
(0.563108 0.736296 1.06524)
(0.288241 -0.121802 1.10811)
(0.372439 -0.638018 0.549608)
(-0.365944 -0.365909 1.18784)
(0.429341 -0.112954 0.0279482)
(-0.039683 -0.0484924 -0.653525)
(0.0396629 -0.0484944 -0.653508)
(-0.429343 -0.112939 0.027983)
(0.365956 -0.365771 1.18782)
(-0.372445 -0.638023 0.54961)
(-0.288282 -0.121825 1.10808)
(0.20615 0.244159 -0.45899)
(-0.0661399 0.146779 -0.568418)
(-0.112956 0.429337 0.0279577)
(0.124723 0.124714 -0.46088)
(-0.0491717 0.12918 -0.739956)
(0.0491577 0.129182 -0.739953)
(-0.124756 0.124722 -0.460871)
(0.112951 0.429315 0.0280003)
(0.0661658 0.14679 -0.568413)
(-0.206154 0.244178 -0.459008)
(0.0891952 -0.222864 -0.690909)
(-0.168271 -0.18937 -0.772874)
(-0.0484878 -0.0396809 -0.653525)
(0.129181 -0.0491758 -0.739956)
(-0.0570741 -0.0570767 -0.746768)
(0.0570642 -0.0570746 -0.746766)
(-0.12919 -0.0491722 -0.739958)
(0.0484747 -0.0396562 -0.653516)
(0.168268 -0.189375 -0.77287)
(-0.08919 -0.222868 -0.690912)
(0.0892031 0.222862 -0.690902)
(-0.168271 0.18935 -0.772863)
(-0.0484938 0.0396633 -0.6535)
(0.129185 0.0491534 -0.739953)
(-0.0570702 0.0570623 -0.746765)
(0.0570615 0.0570608 -0.746763)
(-0.129194 0.0491529 -0.739955)
(0.0484796 0.039644 -0.653495)
(0.168269 0.189359 -0.772861)
(-0.0891968 0.222864 -0.690907)
(0.206172 -0.244193 -0.459014)
(-0.0661403 -0.146783 -0.568429)
(-0.112931 -0.429345 0.0279873)
(0.124722 -0.124774 -0.460866)
(-0.0491663 -0.129194 -0.739957)
(0.0491549 -0.129196 -0.739955)
(-0.12475 -0.124772 -0.460862)
(0.112929 -0.429326 0.0280214)
(0.0661596 -0.146794 -0.568423)
(-0.206175 -0.244207 -0.459021)
(0.288331 0.121823 1.10809)
(0.372515 0.637994 0.549631)
(-0.365687 0.365989 1.18781)
(0.429301 0.112951 0.0280233)
(-0.0396379 0.0484737 -0.653512)
(0.039627 0.0484756 -0.653499)
(-0.429307 0.112938 0.0280424)
(0.36573 0.365869 1.1878)
(-0.37251 0.638002 0.549629)
(-0.288345 0.121837 1.10807)
(-0.563112 -0.736299 1.06526)
(-0.368466 0.368488 1.10609)
(-0.638026 -0.372439 0.549613)
(0.146799 0.0661776 -0.568412)
(-0.18937 0.168269 -0.772868)
(0.189359 0.168269 -0.772862)
(-0.146805 0.0661752 -0.568416)
(0.638014 -0.372477 0.549626)
(0.36846 0.36847 1.10609)
(0.563109 -0.7363 1.06526)
(-0.934403 0.934402 1.19522)
(0.736296 0.563107 1.06524)
(-0.121829 -0.288296 1.10807)
(0.244183 -0.20616 -0.459011)
(-0.222863 -0.0891934 -0.690912)
(0.222859 -0.0891977 -0.690909)
(-0.244204 -0.206177 -0.459015)
(0.121837 -0.288333 1.10806)
(-0.736298 0.563108 1.06525)
(0.934403 0.934403 1.19522)
(-0.92992 -0.92992 1.27479)
(0.755597 -0.522695 1.11714)
(-0.240402 0.429688 1.03006)
(0.234337 0.14944 -0.478679)
(-0.219054 0.0821701 -0.670906)
(0.219042 0.0821745 -0.670897)
(-0.234363 0.14944 -0.478709)
(0.240403 0.429684 1.03002)
(-0.755598 -0.522696 1.11714)
(0.92992 -0.929921 1.27479)
(-0.522694 0.755596 1.11714)
(-0.416688 -0.416687 1.17431)
(-0.620519 0.289877 0.581616)
(0.128349 -0.0921321 -0.604569)
(-0.169839 -0.137702 -0.746608)
(0.169826 -0.137701 -0.7466)
(-0.128355 -0.0921347 -0.604572)
(0.620511 0.289922 0.581612)
(0.416681 -0.416659 1.17432)
(0.522689 0.755599 1.11714)
(0.429685 -0.240404 1.03008)
(0.289874 -0.620524 0.581623)
(-0.262938 -0.262917 1.14143)
(0.422582 -0.0912602 -0.0856819)
(-0.0220437 -0.0453365 -0.635759)
(0.0220243 -0.0453388 -0.635746)
(-0.422585 -0.0912564 -0.0856541)
(0.262942 -0.262798 1.14141)
(-0.289879 -0.62053 0.581638)
(-0.429679 -0.240424 1.03004)
(0.14944 0.234333 -0.478674)
(-0.0921373 0.128347 -0.604565)
(-0.0912596 0.42258 -0.0856707)
(0.134114 0.134108 -0.485194)
(-0.0421252 0.116555 -0.712401)
(0.0421106 0.116556 -0.712396)
(-0.134145 0.134117 -0.485185)
(0.091253 0.422566 -0.0856134)
(0.09216 0.128348 -0.604561)
(-0.149436 0.234346 -0.478695)
(0.0821672 -0.219056 -0.670906)
(-0.137701 -0.169842 -0.74661)
(-0.0453332 -0.0220425 -0.635759)
(0.116556 -0.0421295 -0.712402)
(-0.0512009 -0.051204 -0.716747)
(0.0511907 -0.0512022 -0.716745)
(-0.116566 -0.0421253 -0.7124)
(0.0453239 -0.0220203 -0.635749)
(0.1377 -0.169843 -0.746612)
(-0.0821627 -0.219055 -0.670903)
(0.0821744 0.219042 -0.670892)
(-0.137701 0.169824 -0.7466)
(-0.0453387 0.0220255 -0.635739)
(0.116559 0.0421064 -0.712394)
(-0.0511978 0.0511893 -0.716744)
(0.0511884 0.051188 -0.716741)
(-0.116568 0.0421057 -0.712393)
(0.0453285 0.0220082 -0.635732)
(0.137701 0.169827 -0.746603)
(-0.0821692 0.219042 -0.670891)
(0.149437 -0.234371 -0.478723)
(-0.0921317 -0.128352 -0.604575)
(-0.0912532 -0.422583 -0.0856557)
(0.134116 -0.134162 -0.48518)
(-0.0421189 -0.11657 -0.7124)
(0.0421072 -0.116571 -0.712396)
(-0.134142 -0.134163 -0.485174)
(0.0912471 -0.422573 -0.0856082)
(0.0921498 -0.128354 -0.60457)
(-0.149438 -0.234381 -0.47873)
(0.429688 0.240402 1.03001)
(0.289945 0.620506 0.581601)
(-0.262728 0.262966 1.1414)
(0.422561 0.091253 -0.0855808)
(-0.0220033 0.0453229 -0.635745)
(0.0219918 0.0453249 -0.635735)
(-0.422566 0.0912498 -0.0855698)
(0.262756 0.262863 1.14139)
(-0.289947 0.620515 0.581613)
(-0.429679 0.240415 1.02999)
(-0.522696 -0.755597 1.11714)
(-0.416647 0.41668 1.17432)
(-0.620532 -0.289872 0.58165)
(0.128354 0.0921717 -0.604559)
(-0.169839 0.137701 -0.746608)
(0.169829 0.137701 -0.746601)
(-0.12836 0.0921676 -0.604562)
(0.620527 -0.289916 0.581639)
(0.416644 0.416656 1.17431)
(0.522693 -0.755599 1.11714)
(-0.929921 0.92992 1.27479)
(0.7556 0.522687 1.11713)
(-0.24043 -0.429671 1.03002)
(0.234351 -0.14944 -0.478699)
(-0.219051 -0.0821664 -0.670901)
(0.219041 -0.0821706 -0.670894)
(-0.234375 -0.149443 -0.478719)
(0.240426 -0.429668 1.02999)
(-0.755601 0.52269 1.11714)
(0.929921 0.929921 1.27479)
(-0.920366 -0.920366 1.33996)
(0.754776 -0.469695 1.21664)
(-0.374121 0.480642 0.974713)
(0.207229 0.089902 -0.506343)
(-0.216632 0.0730171 -0.658322)
(0.216622 0.0730241 -0.658314)
(-0.207245 0.0898997 -0.506365)
(0.374103 0.480591 0.974662)
(-0.754774 -0.469698 1.21663)
(0.920366 -0.920367 1.33996)
(-0.469695 0.754776 1.21664)
(-0.524019 -0.52402 1.26602)
(-0.505519 -0.0129076 0.606159)
(0.104564 -0.124035 -0.64588)
(-0.145831 -0.125068 -0.721877)
(0.145818 -0.125067 -0.721871)
(-0.104565 -0.124037 -0.645886)
(0.505505 -0.0128819 0.606131)
(0.524021 -0.524002 1.26603)
(0.469695 0.75478 1.21663)
(0.48065 -0.374127 0.974726)
(-0.012898 -0.505527 0.606168)
(-0.142591 -0.142592 1.02296)
(0.409746 -0.0717835 -0.185663)
(-0.00800508 -0.0491239 -0.60435)
(0.00798593 -0.0491272 -0.604341)
(-0.409748 -0.0717819 -0.185643)
(0.14258 -0.14256 1.02296)
(0.0128951 -0.505529 0.60618)
(-0.480614 -0.374123 0.974689)
(0.0899023 0.207227 -0.506339)
(-0.124039 0.104563 -0.645877)
(-0.0717841 0.409745 -0.185653)
(0.136446 0.136442 -0.497957)
(-0.0326062 0.105652 -0.684362)
(0.0325935 0.105653 -0.684356)
(-0.136469 0.13645 -0.497949)
(0.0717816 0.409741 -0.185601)
(0.124053 0.104563 -0.645876)
(-0.089901 0.207232 -0.506353)
(0.0730152 -0.216634 -0.658322)
(-0.125068 -0.145833 -0.721879)
(-0.0491226 -0.00800599 -0.60435)
(0.105654 -0.0326099 -0.684363)
(-0.0414293 -0.0414321 -0.688114)
(0.0414205 -0.0414315 -0.688112)
(-0.105662 -0.0326062 -0.68436)
(0.049121 -0.00799191 -0.60434)
(0.125068 -0.145828 -0.721884)
(-0.0730173 -0.216634 -0.658316)
(0.0730262 0.216621 -0.658309)
(-0.125067 0.145814 -0.721871)
(-0.049129 0.00798588 -0.604336)
(0.105654 0.0325901 -0.684353)
(-0.041428 0.0414193 -0.68811)
(0.0414197 0.041419 -0.688108)
(-0.105663 0.0325892 -0.684351)
(0.0491264 0.0079752 -0.604328)
(0.125067 0.145812 -0.721877)
(-0.0730273 0.216622 -0.658305)
(0.0898965 -0.20725 -0.506377)
(-0.124034 -0.104564 -0.64589)
(-0.0717817 -0.409747 -0.185645)
(0.136451 -0.136482 -0.497946)
(-0.0326005 -0.105666 -0.68436)
(0.0325903 -0.105667 -0.684355)
(-0.136471 -0.136485 -0.49794)
(0.071779 -0.409746 -0.185601)
(0.124046 -0.104565 -0.645888)
(-0.0898982 -0.207255 -0.506381)
(0.48058 0.3741 0.974641)
(-0.0128675 0.505495 0.60611)
(-0.142542 0.142579 1.02295)
(0.409738 0.071779 -0.185573)
(-0.00797974 0.0491191 -0.604334)
(0.00796581 0.049122 -0.604327)
(-0.409743 0.0717774 -0.185566)
(0.142535 0.142552 1.02295)
(0.0128552 0.505505 0.606122)
(-0.480559 0.374097 0.974626)
(-0.469699 -0.754773 1.21663)
(-0.523993 0.524024 1.26603)
(-0.505532 0.0129006 0.606191)
(0.104564 0.124058 -0.645874)
(-0.145826 0.125068 -0.721879)
(0.145816 0.125067 -0.721874)
(-0.104566 0.124056 -0.64588)
(0.505523 0.0128696 0.60616)
(0.523995 0.524006 1.26603)
(0.469699 -0.754777 1.21663)
(-0.920367 0.920365 1.33996)
(0.754782 0.469697 1.21663)
(-0.374116 -0.480593 0.974678)
(0.207235 -0.0899044 -0.506356)
(-0.21663 -0.0730202 -0.658315)
(0.216622 -0.0730268 -0.658308)
(-0.207251 -0.089904 -0.506372)
(0.374101 -0.480555 0.97464)
(-0.75478 0.469698 1.21663)
(0.920367 0.920366 1.33995)
(-0.907678 -0.907678 1.41675)
(0.741584 -0.432833 1.35332)
(-0.389355 0.462481 1.02614)
(0.171738 0.0413399 -0.531473)
(-0.213133 0.0614901 -0.654293)
(0.213124 0.0614984 -0.654286)
(-0.171754 0.0413368 -0.531495)
(0.389327 0.462404 1.0261)
(-0.74158 -0.432837 1.3533)
(0.907677 -0.907678 1.41675)
(-0.432833 0.741585 1.35332)
(-0.589333 -0.589334 1.27254)
(-0.339647 -0.28992 0.576261)
(0.0818379 -0.141288 -0.667663)
(-0.123044 -0.11281 -0.6983)
(0.123033 -0.112809 -0.698294)
(-0.0818314 -0.141286 -0.667665)
(0.339612 -0.289933 0.576214)
(0.589339 -0.589327 1.27254)
(0.432839 0.741588 1.35331)
(0.462495 -0.389363 1.02614)
(-0.289907 -0.339657 0.576273)
(-0.0501572 -0.0501633 0.671629)
(0.365478 -0.0648313 -0.26803)
(-0.00809782 -0.0531348 -0.573064)
(0.00808291 -0.0531396 -0.573058)
(-0.365482 -0.0648275 -0.268013)
(0.0501478 -0.0501783 0.671634)
(0.289914 -0.33965 0.576271)
(-0.462447 -0.389346 1.02612)
(0.0413401 0.171735 -0.53147)
(-0.141291 0.0818396 -0.667661)
(-0.0648332 0.365477 -0.268024)
(0.125789 0.125787 -0.508229)
(-0.0205176 0.0971588 -0.659606)
(0.0205072 0.0971591 -0.659601)
(-0.125804 0.125793 -0.508223)
(0.064833 0.365474 -0.267986)
(0.141295 0.0818388 -0.667659)
(-0.0413423 0.171741 -0.53148)
(0.0614892 -0.213135 -0.654292)
(-0.11281 -0.123045 -0.698301)
(-0.0531342 -0.00809943 -0.573064)
(0.0971601 -0.0205202 -0.659607)
(-0.033652 -0.0336544 -0.65915)
(0.0336449 -0.0336547 -0.659148)
(-0.0971675 -0.0205167 -0.659604)
(0.0531363 -0.00809282 -0.573054)
(0.11281 -0.123039 -0.698301)
(-0.0614964 -0.213135 -0.654288)
(0.0615018 0.213123 -0.654281)
(-0.11281 0.123029 -0.698293)
(-0.0531427 0.00808232 -0.573054)
(0.0971601 0.0205042 -0.659597)
(-0.0336523 0.0336437 -0.659146)
(0.0336454 0.0336441 -0.659143)
(-0.0971676 0.0205029 -0.659595)
(0.0531437 0.00807742 -0.573045)
(0.11281 0.123026 -0.698294)
(-0.0615082 0.213124 -0.654278)
(0.0413316 -0.171756 -0.531506)
(-0.141285 -0.0818306 -0.667667)
(-0.0648271 -0.365481 -0.268013)
(0.125793 -0.125812 -0.50822)
(-0.0205122 -0.097171 -0.659603)
(0.0205039 -0.0971714 -0.659598)
(-0.125807 -0.125815 -0.508215)
(0.0648272 -0.365482 -0.26798)
(0.14129 -0.0818315 -0.667666)
(-0.0413354 -0.171762 -0.531507)
(0.462382 0.389321 1.02608)
(-0.289928 0.339595 0.576189)
(-0.050188 0.0501408 0.67163)
(0.365472 0.0648299 -0.267964)
(-0.00808608 0.0531344 -0.573048)
(0.00807384 0.0531386 -0.573043)
(-0.365479 0.0648263 -0.267956)
(0.0501716 0.0501515 0.671643)
(0.289923 0.339599 0.576192)
(-0.462356 0.389313 1.02607)
(-0.432837 -0.741578 1.3533)
(-0.589321 0.589343 1.27254)
(-0.339651 0.289922 0.576275)
(0.0818359 0.141295 -0.667658)
(-0.123038 0.112809 -0.698298)
(0.12303 0.112809 -0.698293)
(-0.0818303 0.141292 -0.667662)
(0.339624 0.289928 0.576229)
(0.589327 0.589337 1.27254)
(0.432841 -0.741583 1.35329)
(-0.907678 0.907676 1.41675)
(0.741591 0.432843 1.35331)
(-0.389335 -0.462421 1.02612)
(0.171745 -0.0413457 -0.531483)
(-0.213131 -0.0614986 -0.654286)
(0.213123 -0.0615064 -0.65428)
(-0.17176 -0.0413431 -0.531499)
(0.389314 -0.462362 1.02609)
(-0.741588 0.432844 1.3533)
(0.907677 0.907677 1.41675)
(-0.892457 -0.892457 1.48506)
(0.739759 -0.412619 1.49175)
(-0.362034 0.402397 1.12933)
(0.142737 0.0115082 -0.540381)
(-0.208952 0.0509164 -0.658556)
(0.208948 0.0509243 -0.65855)
(-0.142746 0.0114973 -0.540394)
(0.362002 0.402296 1.12932)
(-0.739754 -0.412623 1.49173)
(0.892455 -0.892457 1.48506)
(-0.412619 0.739761 1.49175)
(-0.596608 -0.596609 1.2291)
(-0.243293 -0.250492 0.525477)
(0.0599912 -0.138206 -0.669571)
(-0.10592 -0.103865 -0.677922)
(0.105913 -0.103864 -0.677919)
(-0.0599771 -0.13821 -0.669568)
(0.243251 -0.250508 0.525411)
(0.596612 -0.596605 1.22909)
(0.41263 0.739764 1.49174)
(0.402417 -0.362042 1.12933)
(-0.250486 -0.243301 0.525491)
(-0.0453593 -0.0453641 0.274066)
(0.296572 -0.0645778 -0.336194)
(-0.0147393 -0.0528799 -0.554292)
(0.0147291 -0.0528855 -0.554287)
(-0.296576 -0.0645736 -0.336181)
(0.0453622 -0.0453895 0.274063)
(0.250484 -0.243288 0.525476)
(-0.40236 -0.362022 1.12932)
(0.0115096 0.142735 -0.540378)
(-0.138206 0.0599944 -0.669571)
(-0.0645795 0.296571 -0.33619)
(0.111436 0.111434 -0.524606)
(-0.00717625 0.0889111 -0.638051)
(0.00716896 0.0889113 -0.638047)
(-0.111444 0.111438 -0.5246)
(0.0645781 0.29657 -0.336163)
(0.138205 0.0599902 -0.669567)
(-0.0115114 0.142742 -0.540384)
(0.0509147 -0.208952 -0.658556)
(-0.103865 -0.105921 -0.677922)
(-0.0528786 -0.0147413 -0.554291)
(0.0889123 -0.00717763 -0.638052)
(-0.0300302 -0.0300322 -0.631069)
(0.0300241 -0.0300331 -0.631067)
(-0.0889183 -0.00717479 -0.638049)
(0.0528795 -0.0147404 -0.554282)
(0.103863 -0.105917 -0.67792)
(-0.05092 -0.208952 -0.658551)
(0.0509267 0.208951 -0.658547)
(-0.103865 0.105911 -0.677917)
(-0.0528882 0.0147286 -0.554284)
(0.088912 0.00716653 -0.638045)
(-0.0300314 0.0300228 -0.631066)
(0.0300254 0.0300237 -0.631063)
(-0.0889181 0.00716519 -0.638042)
(0.052888 0.0147285 -0.554275)
(0.103864 0.105908 -0.677915)
(-0.0509312 0.208951 -0.658543)
(0.0114888 -0.142744 -0.540401)
(-0.138214 -0.0599739 -0.669568)
(-0.0645728 -0.296577 -0.33618)
(0.111438 -0.111449 -0.524597)
(-0.00717194 -0.0889212 -0.638048)
(0.00716623 -0.0889214 -0.638044)
(-0.111445 -0.111451 -0.524593)
(0.0645723 -0.296578 -0.336156)
(0.138212 -0.059972 -0.669566)
(-0.011493 -0.142751 -0.540401)
(0.402262 0.361995 1.1293)
(-0.250501 0.243233 0.525379)
(-0.0454009 0.0453615 0.274059)
(0.29657 0.0645757 -0.336148)
(-0.0147372 0.0528786 -0.554277)
(0.0147282 0.0528837 -0.554273)
(-0.296575 0.0645722 -0.33614)
(0.0453961 0.0453814 0.274065)
(0.250498 0.243229 0.525373)
(-0.402234 0.361985 1.1293)
(-0.412622 -0.739752 1.49172)
(-0.596598 0.596617 1.22908)
(-0.243285 0.250484 0.525474)
(0.0599864 0.138203 -0.669565)
(-0.105917 0.103862 -0.677919)
(0.105911 0.103862 -0.677915)
(-0.0599735 0.138207 -0.669564)
(0.24325 0.250502 0.525412)
(0.596604 0.596615 1.22907)
(0.41263 -0.739756 1.49172)
(-0.892457 0.892454 1.48506)
(0.739765 0.412636 1.49174)
(-0.36201 -0.402333 1.12933)
(0.142746 -0.0115132 -0.540387)
(-0.20895 -0.0509226 -0.658549)
(0.208948 -0.0509302 -0.658544)
(-0.142754 -0.0115033 -0.540396)
(0.361986 -0.402253 1.12932)
(-0.739761 0.412636 1.49172)
(0.892456 0.892455 1.48506)
(-0.874902 -0.874902 1.546)
(0.739496 -0.400337 1.61484)
(-0.331856 0.310774 1.21386)
(0.129233 -0.00221575 -0.540334)
(-0.201733 0.0435864 -0.665918)
(0.201732 0.0435935 -0.665914)
(-0.12924 -0.00222168 -0.540333)
(0.331824 0.310663 1.21387)
(-0.739491 -0.400341 1.61482)
(0.8749 -0.874902 1.546)
(-0.400338 0.739499 1.61485)
(-0.576013 -0.576015 1.16045)
(-0.211869 -0.0738147 0.473836)
(0.0370874 -0.121036 -0.669598)
(-0.0930879 -0.0959848 -0.663097)
(0.093084 -0.0959843 -0.663096)
(-0.0370665 -0.121042 -0.669591)
(0.211837 -0.0738411 0.473751)
(0.576009 -0.576012 1.16041)
(0.400352 0.739501 1.61484)
(0.310796 -0.331863 1.21385)
(-0.0738074 -0.211874 0.473854)
(-0.0626556 -0.0626637 0.0599021)
(0.244981 -0.0607844 -0.400592)
(-0.019464 -0.0518663 -0.546836)
(0.0194568 -0.0518721 -0.546833)
(-0.244983 -0.0607815 -0.400585)
(0.0626601 -0.0626993 0.0599014)
(0.0737911 -0.211863 0.47383)
(-0.310743 -0.331845 1.21385)
(-0.00221488 0.129232 -0.540335)
(-0.121035 0.0370919 -0.669598)
(-0.0607854 0.24498 -0.400589)
(0.104258 0.104257 -0.547244)
(0.00093862 0.0792978 -0.615736)
(-0.00094344 0.0792978 -0.615733)
(-0.104261 0.104259 -0.547238)
(0.0607835 0.244979 -0.400573)
(0.12103 0.0370855 -0.669593)
(0.00221239 0.129239 -0.540338)
(0.0435847 -0.201734 -0.665919)
(-0.0959844 -0.0930879 -0.663096)
(-0.0518647 -0.0194663 -0.546836)
(0.079299 0.000937933 -0.615736)
(-0.0292931 -0.0292949 -0.605953)
(0.0292882 -0.0292962 -0.605952)
(-0.0793037 0.000939715 -0.615733)
(0.0518648 -0.0194691 -0.546828)
(0.0959818 -0.0930851 -0.663095)
(-0.0435886 -0.201733 -0.665914)
(0.0435956 0.201735 -0.665912)
(-0.0959844 0.0930823 -0.663094)
(-0.0518744 0.0194561 -0.546831)
(0.0792984 -0.000945248 -0.615731)
(-0.0292952 0.0292868 -0.60595)
(0.0292902 0.0292882 -0.605949)
(-0.0793033 -0.000946222 -0.615729)
(0.0518735 0.0194595 -0.546823)
(0.095982 0.0930804 -0.663092)
(-0.0435989 0.201735 -0.665908)
(-0.00222614 -0.129239 -0.540332)
(-0.121046 -0.0370595 -0.669589)
(-0.0607809 -0.244984 -0.400585)
(0.104259 -0.104264 -0.547236)
(0.000941209 -0.079306 -0.615733)
(-0.000945078 -0.0793059 -0.61573)
(-0.104263 -0.104265 -0.547231)
(0.0607796 -0.244983 -0.40057)
(0.12104 -0.037056 -0.669586)
(0.00222277 -0.129246 -0.540332)
(0.310621 0.331816 1.21387)
(-0.0738472 0.211822 0.473712)
(-0.0627128 0.0626608 0.0599014)
(0.244979 0.0607817 -0.400563)
(-0.0194683 0.0518645 -0.546824)
(0.0194616 0.0518698 -0.546821)
(-0.244982 0.0607793 -0.400558)
(0.0627113 0.0626934 0.059905)
(0.0738325 0.211815 0.4737)
(-0.310596 0.331808 1.21387)
(-0.40034 -0.739489 1.6148)
(-0.576006 0.57601 1.16039)
(-0.21186 0.0737832 0.473825)
(0.0370825 0.121028 -0.66959)
(-0.0930859 0.09598 -0.663093)
(0.0930831 0.0959798 -0.663092)
(-0.0370627 0.121034 -0.669585)
(0.211831 0.0738148 0.473747)
(0.576005 0.576012 1.16037)
(0.40035 -0.739492 1.6148)
(-0.874901 0.874899 1.546)
(0.739502 0.40036 1.61483)
(-0.331833 -0.310719 1.21386)
(0.129242 0.0022106 -0.540338)
(-0.201731 -0.0435909 -0.66591)
(0.201731 -0.0435979 -0.665906)
(-0.129249 0.00221631 -0.540334)
(0.331809 -0.310628 1.21388)
(-0.739497 0.400359 1.61481)
(0.8749 0.874899 1.546)
(-0.855644 -0.855644 1.59939)
(0.732799 -0.390527 1.72877)
(-0.310677 0.21792 1.28796)
(0.123734 -0.0075597 -0.539983)
(-0.193959 0.0393203 -0.673419)
(0.193949 0.0393263 -0.673416)
(-0.123747 -0.00755277 -0.539972)
(0.310651 0.217835 1.28801)
(-0.732793 -0.39053 1.72873)
(0.855641 -0.855643 1.59939)
(-0.390528 0.732802 1.72877)
(-0.557313 -0.557318 1.08838)
(-0.197495 -0.0282461 0.402787)
(0.00695446 -0.101647 -0.671347)
(-0.0847689 -0.0892113 -0.652717)
(0.0847678 -0.0892119 -0.65272)
(-0.00692976 -0.10164 -0.671337)
(0.197485 -0.0282866 0.402694)
(0.557298 -0.557318 1.08832)
(0.390544 0.732804 1.72876)
(0.217937 -0.310682 1.28795)
(-0.0282339 -0.197497 0.402807)
(-0.0859645 -0.0859735 -0.07772)
(0.203291 -0.0555416 -0.463893)
(-0.0255366 -0.0539891 -0.544768)
(0.0255307 -0.0539942 -0.544766)
(-0.203292 -0.0555402 -0.463889)
(0.0859695 -0.0860115 -0.0777278)
(0.0282174 -0.197494 0.402773)
(-0.217901 -0.310669 1.28796)
(-0.00756078 0.123732 -0.539987)
(-0.101647 0.00696018 -0.671349)
(-0.0555423 0.20329 -0.463892)
(0.0948447 0.0948451 -0.569463)
(0.000156489 0.0656258 -0.594209)
(-0.000159393 0.0656257 -0.594208)
(-0.0948461 0.0948469 -0.569458)
(0.0555415 0.203289 -0.463884)
(0.101639 0.00695442 -0.671342)
(0.0075563 0.123739 -0.539987)
(0.0393191 -0.19396 -0.67342)
(-0.0892105 -0.0847683 -0.652716)
(-0.0539878 -0.0255392 -0.544767)
(0.065627 0.000156188 -0.594208)
(-0.0301073 -0.0301088 -0.586003)
(0.0301033 -0.0301103 -0.586002)
(-0.0656307 0.000157268 -0.594206)
(0.0539878 -0.0255435 -0.544762)
(0.0892082 -0.0847672 -0.652714)
(-0.0393224 -0.193958 -0.673414)
(0.0393284 0.193947 -0.673415)
(-0.0892121 0.084767 -0.652719)
(-0.0539965 0.0255296 -0.544764)
(0.0656262 -0.000160522 -0.594206)
(-0.0301099 0.0301021 -0.586002)
(0.0301058 0.0301038 -0.586)
(-0.06563 -0.000161151 -0.594204)
(0.0539958 0.0255347 -0.544758)
(0.0892098 0.0847663 -0.652716)
(-0.0393313 0.193947 -0.67341)
(-0.00755035 -0.123751 -0.539967)
(-0.101638 -0.00691991 -0.671333)
(-0.0555402 -0.203292 -0.46389)
(0.0948477 -0.0948474 -0.569455)
(0.00015801 -0.0656324 -0.594205)
(-0.000160257 -0.0656322 -0.594204)
(-0.0948484 -0.0948489 -0.569451)
(0.0555396 -0.203291 -0.463882)
(0.101631 -0.00691721 -0.671328)
(0.00754799 -0.123755 -0.539968)
(0.217801 0.310644 1.28802)
(-0.0283081 0.197479 0.402649)
(-0.0860276 0.0859697 -0.0777307)
(0.203289 0.0555402 -0.463878)
(-0.0255441 0.0539874 -0.544758)
(0.0255385 0.0539922 -0.544756)
(-0.20329 0.0555389 -0.463875)
(0.0860273 0.0860056 -0.0777347)
(0.0282898 0.197476 0.402632)
(-0.217784 0.310639 1.28802)
(-0.390528 -0.732792 1.72872)
(-0.557316 0.557294 1.0883)
(-0.197494 0.0282064 0.402765)
(0.00695262 0.101634 -0.671338)
(-0.0847689 0.0892067 -0.652714)
(0.0847685 0.0892074 -0.652715)
(-0.00692874 0.101629 -0.67133)
(0.197484 0.0282495 0.402682)
(0.557304 0.5573 1.08826)
(0.390539 -0.732795 1.72872)
(-0.855643 0.85564 1.59938)
(0.732805 0.390552 1.72876)
(-0.310661 -0.217885 1.28797)
(0.123743 0.00755325 -0.539987)
(-0.193956 -0.0393239 -0.673411)
(0.193949 -0.0393299 -0.673408)
(-0.123755 0.00754798 -0.539975)
(0.310641 -0.217813 1.28802)
(-0.7328 0.39055 1.72873)
(0.855641 0.85564 1.59938)
(-0.835221 -0.835221 1.6497)
(0.729009 -0.38088 1.83701)
(-0.300007 0.167247 1.38899)
(0.122826 -0.00380983 -0.540095)
(-0.186994 0.0367267 -0.681345)
(0.18698 0.0367309 -0.681343)
(-0.122834 -0.00380023 -0.540091)
(0.299986 0.167228 1.38905)
(-0.729003 -0.380882 1.83698)
(0.835218 -0.83522 1.6497)
(-0.380881 0.729013 1.83702)
(-0.546715 -0.546722 1.01308)
(-0.202621 -0.0831865 0.326585)
(-0.0303822 -0.0875112 -0.675291)
(-0.0804276 -0.0820955 -0.650925)
(0.080429 -0.0820976 -0.65093)
(0.0304037 -0.0875009 -0.675281)
(0.202634 -0.0832075 0.326505)
(0.546693 -0.546724 1.01302)
(0.380896 0.729016 1.83701)
(0.167252 -0.300011 1.38897)
(-0.0831775 -0.202619 0.3266)
(-0.120476 -0.120483 -0.212233)
(0.157753 -0.0538538 -0.527237)
(-0.035705 -0.0592559 -0.549767)
(0.0357003 -0.0592601 -0.549766)
(-0.157756 -0.0538542 -0.527233)
(0.12048 -0.120514 -0.212247)
(0.0831625 -0.202627 0.326566)
(-0.167248 -0.300003 1.38898)
(-0.00381142 0.122825 -0.540098)
(-0.0875118 -0.0303767 -0.675292)
(-0.0538542 0.157753 -0.527238)
(0.0704697 0.0704703 -0.588196)
(-0.0102322 0.0466311 -0.579015)
(0.0102305 0.0466307 -0.579015)
(-0.0704696 0.0704719 -0.588191)
(0.0538547 0.157753 -0.527236)
(0.0875036 -0.0303802 -0.675286)
(0.00380652 0.122829 -0.5401)
(0.0367259 -0.186996 -0.681345)
(-0.0820944 -0.0804267 -0.650923)
(-0.0592548 -0.0357075 -0.549766)
(0.0466323 -0.0102324 -0.579014)
(-0.0304071 -0.0304085 -0.574989)
(0.0304039 -0.03041 -0.574989)
(-0.0466354 -0.0102319 -0.579011)
(0.0592545 -0.0357121 -0.549762)
(0.0820927 -0.0804274 -0.650922)
(-0.0367283 -0.186994 -0.681339)
(0.0367326 0.186976 -0.681342)
(-0.0820984 0.0804293 -0.650931)
(-0.0592621 0.0356992 -0.549766)
(0.0466312 0.0102299 -0.579014)
(-0.0304097 0.0304029 -0.574988)
(0.0304064 0.0304045 -0.574988)
(-0.0466344 0.0102297 -0.579011)
(0.0592614 0.0357047 -0.549761)
(0.0820963 0.08043 -0.650928)
(-0.0367349 0.186977 -0.681337)
(-0.00379673 -0.122835 -0.54009)
(-0.0874969 0.0304131 -0.675276)
(-0.0538549 -0.157757 -0.527232)
(0.070473 -0.07047 -0.588189)
(-0.0102315 -0.0466367 -0.579011)
(0.0102303 -0.0466363 -0.579011)
(-0.0704724 -0.0704714 -0.588185)
(0.0538552 -0.157756 -0.527231)
(0.0874913 0.0304147 -0.675272)
(0.00379458 -0.122838 -0.540091)
(0.167218 0.29998 1.38907)
(-0.0832221 0.202638 0.326465)
(-0.120528 0.12048 -0.212252)
(0.157753 0.0538538 -0.527233)
(-0.0357134 0.0592538 -0.54976)
(0.0357091 0.0592579 -0.54976)
(-0.157755 0.053854 -0.527229)
(0.120528 0.120509 -0.212262)
(0.0832066 0.202642 0.326445)
(-0.167217 0.299979 1.38907)
(-0.38088 -0.729001 1.83696)
(-0.546724 0.546685 1.01299)
(-0.20263 0.0831509 0.326557)
(-0.0303806 0.0874983 -0.675282)
(-0.0804297 0.0820916 -0.650922)
(0.0804314 0.0820935 -0.650926)
(0.0304022 0.0874902 -0.675273)
(0.20264 0.0831742 0.326486)
(0.546705 0.546693 1.01295)
(0.380891 -0.729006 1.83696)
(-0.835219 0.835216 1.6497)
(0.729017 0.380903 1.837)
(-0.299998 -0.167246 1.38899)
(0.122833 0.00380346 -0.540101)
(-0.186992 -0.0367291 -0.681337)
(0.186981 -0.0367336 -0.681335)
(-0.12284 0.00379598 -0.540096)
(0.299982 -0.167227 1.38905)
(-0.729011 0.380901 1.83697)
(0.835217 0.835216 1.6497)
(-0.814186 -0.814186 1.69396)
(0.729081 -0.367293 1.94533)
(-0.302779 0.161489 1.51658)
(0.131559 0.00987951 -0.544492)
(-0.174404 0.0353277 -0.687695)
(0.174396 0.0353307 -0.687695)
(-0.131562 0.00988754 -0.544489)
(0.302762 0.161507 1.51664)
(-0.729074 -0.367295 1.94529)
(0.814183 -0.814185 1.69396)
(-0.367294 0.729085 1.94534)
(-0.532502 -0.532509 0.954563)
(-0.230785 -0.112201 0.281582)
(-0.0608714 -0.0788325 -0.683703)
(-0.077899 -0.0725893 -0.656443)
(0.0779018 -0.0725907 -0.656448)
(0.0608854 -0.0788282 -0.683697)
(0.230806 -0.112198 0.281527)
(0.532477 -0.532512 0.954508)
(0.367307 0.729088 1.94532)
(0.161486 -0.302783 1.51656)
(-0.112197 -0.230782 0.281591)
(-0.135485 -0.13549 -0.35314)
(0.11131 -0.0592154 -0.584394)
(-0.0460218 -0.0635657 -0.560005)
(0.0460181 -0.0635688 -0.560005)
(-0.111314 -0.0592172 -0.584389)
(0.135487 -0.135509 -0.353153)
(0.112179 -0.230797 0.281562)
(-0.161501 -0.302779 1.51656)
(0.00987805 0.131559 -0.544495)
(-0.0788323 -0.0608672 -0.683704)
(-0.0592157 0.111309 -0.584395)
(0.0334155 0.0334161 -0.602998)
(-0.0226833 0.0268652 -0.577268)
(0.0226825 0.0268649 -0.577269)
(-0.0334152 0.0334172 -0.602994)
(0.0592172 0.11131 -0.584396)
(0.0788269 -0.0608678 -0.6837)
(-0.00988205 0.131561 -0.544499)
(0.0353272 -0.174405 -0.687694)
(-0.0725884 -0.0778981 -0.65644)
(-0.0635648 -0.0460238 -0.560004)
(0.0268663 -0.0226834 -0.577267)
(-0.0293761 -0.0293772 -0.57262)
(0.0293736 -0.0293784 -0.57262)
(-0.0268688 -0.0226834 -0.577265)
(0.0635643 -0.0460277 -0.560001)
(0.0725869 -0.0778999 -0.656439)
(-0.0353288 -0.174405 -0.687689)
(0.0353319 0.174394 -0.687694)
(-0.0725913 0.077903 -0.65645)
(-0.0635705 0.0460171 -0.560005)
(0.0268653 0.0226821 -0.577268)
(-0.0293782 0.0293728 -0.57262)
(0.0293758 0.0293742 -0.57262)
(-0.0268679 0.0226823 -0.577266)
(0.0635699 0.0460218 -0.560002)
(0.0725895 0.0779046 -0.656447)
(-0.0353337 0.174395 -0.687689)
(0.00989044 -0.131562 -0.544487)
(-0.0788269 0.060892 -0.683694)
(-0.0592184 -0.111316 -0.584389)
(0.0334182 -0.0334153 -0.602992)
(-0.0226835 -0.0268699 -0.577265)
(0.0226829 -0.0268695 -0.577265)
(-0.0334174 -0.0334163 -0.602989)
(0.0592196 -0.111317 -0.58439)
(0.0788225 0.0608925 -0.683691)
(-0.00989219 -0.131563 -0.54449)
(0.161511 0.302757 1.51666)
(-0.1122 0.230815 0.281497)
(-0.135519 0.135487 -0.353159)
(0.111312 0.059217 -0.584395)
(-0.0460289 0.0635635 -0.56)
(0.0460257 0.0635668 -0.56)
(-0.111315 0.0592184 -0.584391)
(0.13552 0.135506 -0.353168)
(0.112185 0.230825 0.281477)
(-0.161518 0.302758 1.51665)
(-0.367293 -0.729072 1.94527)
(-0.532513 0.532467 0.954483)
(-0.230802 0.112166 0.281556)
(-0.0608668 0.0788233 -0.683697)
(-0.0779026 0.0725857 -0.656439)
(0.0779056 0.072587 -0.656444)
(0.0608821 0.07882 -0.683691)
(0.23082 0.112167 0.281507)
(0.532491 0.532476 0.954446)
(0.367303 -0.729077 1.94527)
(-0.814184 0.814181 1.69395)
(0.729089 0.367314 1.94531)
(-0.302776 -0.161506 1.51657)
(0.131565 -0.00988432 -0.544502)
(-0.174405 -0.0353292 -0.687686)
(0.174398 -0.0353325 -0.687686)
(-0.131567 -0.00989062 -0.544496)
(0.302763 -0.161518 1.51663)
(-0.729083 0.367312 1.94528)
(0.814181 0.814181 1.69395)
(-0.788696 -0.788696 1.71843)
(0.660386 -0.344754 2.05313)
(-0.320598 0.169202 1.62999)
(0.139614 0.0267252 -0.563865)
(-0.150221 0.0332457 -0.689003)
(0.150218 0.0332473 -0.689003)
(-0.139615 0.0267306 -0.563863)
(0.320583 0.169226 1.63004)
(-0.660376 -0.344757 2.05309)
(0.788692 -0.788694 1.71843)
(-0.344754 0.66039 2.05314)
(-0.502754 -0.502761 0.906235)
(-0.269367 -0.0815434 0.228889)
(-0.0706216 -0.0739365 -0.699009)
(-0.0748236 -0.0599263 -0.66663)
(0.0748266 -0.0599275 -0.666635)
(0.0706274 -0.073936 -0.699007)
(0.269386 -0.0815318 0.228853)
(0.50273 -0.502765 0.906184)
(0.344765 0.660394 2.05312)
(0.169199 -0.320602 1.62998)
(-0.0815411 -0.269366 0.228893)
(-0.115815 -0.115818 -0.466373)
(0.0786461 -0.0674561 -0.628299)
(-0.0489036 -0.0617295 -0.577544)
(0.0489007 -0.0617316 -0.577544)
(-0.0786513 -0.0674585 -0.628297)
(0.115815 -0.115827 -0.466381)
(0.081523 -0.269381 0.228868)
(-0.169216 -0.320601 1.62997)
(0.0267239 0.139614 -0.563868)
(-0.0739364 -0.0706188 -0.69901)
(-0.0674563 0.0786452 -0.628301)
(0.000648737 0.000649132 -0.617015)
(-0.0283348 0.0132853 -0.588926)
(0.0283346 0.0132852 -0.588928)
(-0.000648582 0.000649773 -0.617013)
(0.0674579 0.0786485 -0.628303)
(0.0739349 -0.0706164 -0.699008)
(-0.0267258 0.139616 -0.563874)
(0.0332455 -0.150221 -0.689001)
(-0.0599256 -0.0748229 -0.666628)
(-0.0617287 -0.0489052 -0.577543)
(0.0132862 -0.0283349 -0.588925)
(-0.0261956 -0.0261962 -0.579098)
(0.0261943 -0.026197 -0.579098)
(-0.0132882 -0.0283354 -0.588924)
(0.0617278 -0.0489081 -0.577541)
(0.0599247 -0.0748253 -0.666627)
(-0.0332463 -0.150223 -0.688997)
(0.033248 0.150217 -0.689003)
(-0.0599281 0.074828 -0.666637)
(-0.0617328 0.0488997 -0.577544)
(0.0132855 0.0283345 -0.588927)
(-0.0261972 0.0261937 -0.579098)
(0.0261959 0.0261947 -0.579098)
(-0.0132875 0.0283351 -0.588926)
(0.0617321 0.0489035 -0.577542)
(0.0599271 0.0748302 -0.666634)
(-0.0332492 0.150219 -0.688999)
(0.0267329 -0.139614 -0.563861)
(-0.0739358 0.0706311 -0.699006)
(-0.0674598 -0.0786539 -0.628296)
(0.000650669 -0.000648541 -0.617011)
(-0.0283358 -0.0132891 -0.588923)
(0.0283358 -0.0132888 -0.588925)
(-0.000650084 -0.000649042 -0.617009)
(0.0674611 -0.0786556 -0.628298)
(0.0739341 0.0706305 -0.699005)
(-0.0267334 -0.139615 -0.563865)
(0.169233 0.320578 1.63006)
(-0.0815302 0.269394 0.228831)
(-0.115833 0.115814 -0.466385)
(0.0786507 0.0674582 -0.628303)
(-0.0489093 0.0617271 -0.57754)
(0.0489069 0.0617295 -0.57754)
(-0.0786546 0.0674602 -0.628299)
(0.115834 0.115824 -0.466391)
(0.0815157 0.269406 0.228812)
(-0.169243 0.320581 1.63005)
(-0.344756 -0.660372 2.05307)
(-0.502767 0.502719 0.906161)
(-0.269387 0.0815109 0.228862)
(-0.070614 0.0739337 -0.699006)
(-0.0748279 0.0599238 -0.666626)
(0.074831 0.059925 -0.666631)
(0.0706225 0.0739328 -0.699004)
(0.269403 0.0815037 0.228831)
(0.502745 0.502728 0.906127)
(0.344764 -0.660377 2.05306)
(-0.788693 0.78869 1.71843)
(0.660395 0.344772 2.05311)
(-0.3206 -0.169224 1.62997)
(0.139618 -0.0267266 -0.563876)
(-0.150224 -0.0332462 -0.688995)
(0.150221 -0.0332483 -0.688995)
(-0.139618 -0.0267311 -0.563871)
(0.320588 -0.169241 1.63002)
(-0.660385 0.344772 2.05308)
(0.788689 0.788689 1.71843)
(-0.736817 -0.736817 1.79267)
(0.500271 -0.31535 2.15804)
(-0.335191 0.174702 1.69947)
(0.143125 0.0369401 -0.599314)
(-0.11658 0.0266308 -0.683308)
(0.116575 0.026631 -0.683309)
(-0.143126 0.0369448 -0.599309)
(0.335176 0.174729 1.6995)
(-0.500256 -0.315354 2.158)
(0.736812 -0.736813 1.79266)
(-0.31535 0.500276 2.15805)
(-0.461445 -0.461451 0.906873)
(-0.28578 0.0044914 0.223927)
(-0.0420884 -0.067184 -0.72179)
(-0.0674681 -0.0435165 -0.677511)
(0.06747 -0.0435174 -0.677515)
(0.0420867 -0.0671834 -0.721791)
(0.285793 0.00450253 0.223911)
(0.461425 -0.461458 0.906825)
(0.315358 0.500281 2.15803)
(0.174699 -0.335195 1.69945)
(0.00449295 -0.285779 0.223926)
(-0.0489092 -0.0489102 -0.535556)
(0.0690313 -0.0693055 -0.655137)
(-0.04087 -0.0438961 -0.5908)
(0.0408676 -0.0438966 -0.5908)
(-0.0690359 -0.0693077 -0.655135)
(0.048908 -0.0489102 -0.53556)
(-0.00450735 -0.285791 0.223905)
(-0.174717 -0.335194 1.69943)
(0.0369384 0.143124 -0.599318)
(-0.0671841 -0.042087 -0.72179)
(-0.0693057 0.0690307 -0.655139)
(-0.0118564 -0.0118561 -0.635014)
(-0.0274573 0.00766536 -0.605655)
(0.0274573 0.00766552 -0.605656)
(0.0118561 -0.0118555 -0.635012)
(0.0693069 0.0690339 -0.655141)
(0.0671839 -0.0420821 -0.721791)
(-0.0369383 0.143126 -0.599322)
(0.0266308 -0.116581 -0.683306)
(-0.0435159 -0.0674677 -0.677509)
(-0.0438958 -0.0408712 -0.590799)
(0.00766602 -0.0274573 -0.605654)
(-0.0211588 -0.0211593 -0.588048)
(0.0211576 -0.0211599 -0.588048)
(-0.00766756 -0.0274579 -0.605653)
(0.043895 -0.040873 -0.590797)
(0.0435151 -0.0674698 -0.677508)
(-0.0266309 -0.116583 -0.683302)
(0.0266312 0.116574 -0.683309)
(-0.0435178 0.0674711 -0.677516)
(-0.0438972 0.0408667 -0.5908)
(0.00766588 0.0274573 -0.605656)
(-0.0211599 0.0211571 -0.588048)
(0.0211588 0.0211578 -0.588048)
(-0.00766733 0.0274579 -0.605655)
(0.0438967 0.0408693 -0.590798)
(0.043517 0.0674733 -0.677514)
(-0.0266318 0.116577 -0.683305)
(0.036947 -0.143126 -0.599307)
(-0.0671835 0.0420878 -0.721791)
(-0.0693088 -0.0690382 -0.655134)
(-0.0118547 0.0118561 -0.635011)
(-0.0274584 -0.00766817 -0.605652)
(0.0274585 -0.00766813 -0.605653)
(0.0118548 0.0118557 -0.63501)
(0.0693097 -0.0690401 -0.655136)
(0.0671829 0.042086 -0.721791)
(-0.036946 -0.143126 -0.599311)
(0.174737 0.33517 1.69952)
(0.0045044 0.285798 0.223898)
(-0.0489128 0.0489052 -0.535562)
(0.069036 0.0693072 -0.655141)
(-0.0408738 0.0438942 -0.590797)
(0.0408721 0.0438951 -0.590797)
(-0.0690394 0.0693091 -0.655138)
(0.0489142 0.0489081 -0.535564)
(-0.00451545 0.285808 0.223878)
(-0.174748 0.335175 1.6995)
(-0.315354 -0.500249 2.15798)
(-0.461461 0.461415 0.906802)
(-0.285796 -0.00451713 0.223902)
(-0.0420783 0.0671832 -0.72179)
(-0.067472 0.0435144 -0.677506)
(0.0674742 0.0435154 -0.67751)
(0.0420803 0.0671821 -0.72179)
(0.285807 -0.00452442 0.223888)
(0.461441 0.461424 0.906773)
(0.31536 -0.500257 2.15797)
(-0.736812 0.73681 1.79266)
(0.500284 0.315363 2.15802)
(-0.335195 -0.174727 1.69943)
(0.143128 -0.036938 -0.599325)
(-0.116584 -0.0266304 -0.6833)
(0.11658 -0.0266312 -0.683302)
(-0.143129 -0.0369424 -0.599318)
(0.335184 -0.174747 1.69947)
(-0.50027 0.315366 2.15799)
(0.736808 0.736808 1.79266)
(-0.651258 -0.651258 1.94199)
(0.303805 -0.274119 2.25311)
(-0.317468 0.185446 1.68874)
(0.144005 0.032612 -0.645939)
(-0.0817958 0.0182384 -0.671443)
(0.0817923 0.0182383 -0.671445)
(-0.144008 0.0326163 -0.645934)
(0.317456 0.18547 1.68876)
(-0.303781 -0.274127 2.25307)
(0.651252 -0.651252 1.94199)
(-0.274118 0.303811 2.25312)
(-0.386349 -0.386354 0.874222)
(-0.25196 0.140044 0.126969)
(0.00790056 -0.050247 -0.755527)
(-0.0528392 -0.0293423 -0.682767)
(0.0528401 -0.0293427 -0.682768)
(-0.00790551 -0.050246 -0.755529)
(0.251967 0.140055 0.126959)
(0.386324 -0.386351 0.874183)
(0.274124 0.303809 2.25309)
(0.185443 -0.317472 1.68873)
(0.140045 -0.251959 0.126966)
(0.0362295 0.0362298 -0.557706)
(0.0712275 -0.0480746 -0.661871)
(-0.0264319 -0.0276724 -0.597288)
(0.0264303 -0.0276725 -0.597288)
(-0.0712306 -0.0480758 -0.661869)
(-0.0362307 0.0362345 -0.557706)
(-0.140056 -0.251964 0.126942)
(-0.185458 -0.317474 1.6887)
(0.0326101 0.144004 -0.645943)
(-0.0502477 0.00790098 -0.755528)
(-0.0480747 0.071227 -0.661872)
(-0.0058953 -0.00589519 -0.650582)
(-0.0215789 0.00667631 -0.618331)
(0.0215789 0.00667642 -0.618332)
(0.00589484 -0.00589475 -0.650582)
(0.0480748 0.0712291 -0.661873)
(0.0502489 0.00790598 -0.75553)
(-0.0326087 0.144005 -0.645947)
(0.0182384 -0.081797 -0.671442)
(-0.029342 -0.052839 -0.682765)
(-0.0276721 -0.0264327 -0.597288)
(0.00667682 -0.0215789 -0.61833)
(-0.0154486 -0.015449 -0.595191)
(0.0154478 -0.0154493 -0.595191)
(-0.00667797 -0.0215793 -0.618329)
(0.0276713 -0.0264337 -0.597286)
(0.0293412 -0.0528405 -0.682763)
(-0.0182383 -0.0817987 -0.671438)
(0.0182384 0.0817912 -0.671445)
(-0.029343 0.0528407 -0.682769)
(-0.0276728 0.0264296 -0.597288)
(0.00667672 0.021579 -0.618332)
(-0.0154493 0.0154474 -0.595191)
(0.0154486 0.0154479 -0.595191)
(-0.0066778 0.0215793 -0.618331)
(0.0276723 0.0264312 -0.597286)
(0.0293422 0.0528423 -0.682767)
(-0.0182387 0.0817935 -0.671442)
(0.0326183 -0.144008 -0.645932)
(-0.0502459 -0.00790532 -0.75553)
(-0.0480762 -0.0712322 -0.661867)
(-0.0058941 0.00589479 -0.650581)
(-0.0215796 -0.00667842 -0.618328)
(0.0215797 -0.00667839 -0.618329)
(0.00589398 0.00589456 -0.65058)
(0.0480763 -0.0712333 -0.661869)
(0.0502468 -0.00790785 -0.755531)
(-0.0326163 -0.144009 -0.645936)
(0.185476 0.31745 1.68877)
(0.140059 0.251969 0.126948)
(0.0362337 -0.0362329 -0.557707)
(0.0712305 0.0480749 -0.661873)
(-0.0264343 0.0276707 -0.597285)
(0.0264331 0.0276712 -0.597285)
(-0.0712326 0.048076 -0.661871)
(-0.0362326 -0.0362352 -0.557707)
(-0.140066 0.251972 0.126929)
(-0.185487 0.317455 1.68875)
(-0.274128 -0.303768 2.25305)
(-0.386349 0.386307 0.874165)
(-0.251967 -0.140064 0.126934)
(0.00790887 0.0502493 -0.755529)
(-0.0528421 0.0293407 -0.682761)
(0.0528432 0.0293412 -0.682764)
(-0.00791111 0.0502477 -0.75553)
(0.251973 -0.14007 0.12693)
(0.386334 0.386315 0.874137)
(0.27413 -0.303777 2.25304)
(-0.651249 0.651249 1.94199)
(0.303808 0.274128 2.25308)
(-0.317476 -0.185468 1.68869)
(0.144007 -0.0326077 -0.645949)
(-0.0817998 -0.0182379 -0.671436)
(0.0817967 -0.0182382 -0.671438)
(-0.14401 -0.032612 -0.645944)
(0.317466 -0.185488 1.68872)
(-0.303792 0.274132 2.25305)
(0.651245 0.651245 1.94199)
(-0.546161 -0.546161 2.11395)
(0.124653 -0.230699 2.33634)
(-0.264892 0.174862 1.60142)
(0.128415 0.0121042 -0.704743)
(-0.0470132 0.00817218 -0.650701)
(0.0470109 0.00817205 -0.650702)
(-0.128419 0.0121068 -0.704737)
(0.264883 0.174882 1.60142)
(-0.124632 -0.230708 2.3363)
(0.546154 -0.546154 2.11395)
(-0.230696 0.124657 2.33634)
(-0.278175 -0.278177 0.914641)
(-0.0365958 0.294032 0.14394)
(0.0610651 -0.0304376 -0.77274)
(-0.0264045 -0.0176836 -0.671899)
(0.0264049 -0.0176838 -0.671899)
(-0.0610685 -0.0304367 -0.772741)
(0.0365976 0.294039 0.143944)
(0.278161 -0.278172 0.91459)
(0.230698 0.124656 2.33632)
(0.174859 -0.264895 1.6014)
(0.294031 -0.0365941 0.143934)
(0.118196 0.118197 -0.481825)
(0.0745159 -0.0205902 -0.640825)
(-0.0115849 -0.0122398 -0.591828)
(0.0115843 -0.0122397 -0.591828)
(-0.0745167 -0.020591 -0.640823)
(-0.118196 0.118201 -0.48182)
(-0.294033 -0.0365885 0.143915)
(-0.174871 -0.264896 1.60137)
(0.0121028 0.128414 -0.704746)
(-0.0304383 0.0610651 -0.772741)
(-0.0205902 0.0745156 -0.640827)
(0.0041301 0.00413016 -0.655585)
(-0.0115397 0.00687408 -0.623354)
(0.0115397 0.00687413 -0.623354)
(-0.00413041 0.00413043 -0.655584)
(0.0205904 0.0745159 -0.640826)
(0.0304397 0.0610678 -0.772741)
(-0.0121013 0.128416 -0.70475)
(0.00817224 -0.0470142 -0.6507)
(-0.0176834 -0.0264045 -0.671898)
(-0.0122397 -0.0115852 -0.591828)
(0.00687444 -0.0115397 -0.623353)
(-0.00911461 -0.0091148 -0.598136)
(0.00911412 -0.00911498 -0.598136)
(-0.00687512 -0.0115399 -0.623351)
(0.0122391 -0.0115855 -0.591826)
(0.0176829 -0.0264051 -0.671895)
(-0.00817227 -0.0470159 -0.650697)
(0.00817209 0.0470101 -0.650703)
(-0.0176838 0.0264052 -0.6719)
(-0.0122398 0.011584 -0.591828)
(0.00687425 0.0115397 -0.623354)
(-0.00911499 0.00911387 -0.598136)
(0.00911457 0.00911416 -0.598136)
(-0.00687488 0.0115399 -0.623353)
(0.0122395 0.0115846 -0.591826)
(0.0176833 0.026406 -0.671898)
(-0.00817231 0.047012 -0.6507)
(0.0121081 -0.128421 -0.704734)
(-0.0304364 -0.0610688 -0.772741)
(-0.0205913 -0.0745174 -0.640821)
(0.00413085 -0.00413049 -0.655583)
(-0.0115402 -0.00687539 -0.623351)
(0.0115402 -0.00687531 -0.623352)
(-0.00413093 -0.0041306 -0.655582)
(0.0205914 -0.0745174 -0.640822)
(0.0304375 -0.0610707 -0.772741)
(-0.0121063 -0.128422 -0.704737)
(0.174887 0.264877 1.60143)
(0.294042 0.0365972 0.143944)
(0.118202 -0.118198 -0.481817)
(0.0745164 0.0205906 -0.640826)
(-0.0115858 0.0122388 -0.591825)
(0.0115854 0.0122389 -0.591825)
(-0.0745169 0.0205913 -0.640824)
(-0.118201 -0.118201 -0.481814)
(-0.294042 0.0365915 0.143922)
(-0.174895 0.26488 1.6014)
(-0.230711 -0.124622 2.33629)
(-0.278174 0.278149 0.914564)
(-0.0365885 -0.294037 0.143914)
(0.0610692 0.0304404 -0.772739)
(-0.0264061 0.0176826 -0.671893)
(0.0264066 0.0176828 -0.671895)
(-0.0610716 0.0304391 -0.77274)
(0.0365912 -0.294042 0.143917)
(0.278166 0.278151 0.914538)
(0.230709 -0.124626 2.33627)
(-0.546149 0.546151 2.11395)
(0.124655 0.230699 2.33631)
(-0.2649 -0.174879 1.60136)
(0.128417 -0.0121002 -0.704752)
(-0.047017 -0.00817198 -0.650695)
(0.0470148 -0.00817204 -0.650697)
(-0.128421 -0.012103 -0.704745)
(0.264891 -0.174896 1.60137)
(-0.124638 0.230705 2.33629)
(0.546145 0.546147 2.11395)
(-0.409941 -0.409941 2.41032)
(0.0164645 -0.191294 2.38544)
(-0.042381 0.142835 1.41733)
(0.035997 0.00336536 -0.718738)
(-0.00918092 0.000504358 -0.636056)
(0.00918025 0.000504308 -0.636056)
(-0.0359986 0.00336665 -0.718732)
(0.0423781 0.142844 1.41732)
(-0.0164511 -0.191305 2.3854)
(0.409935 -0.409936 2.41032)
(-0.19129 0.0164653 2.38544)
(-0.262521 -0.26252 0.667171)
(0.114007 0.186272 -3.43248e-05)
(0.0443427 -0.00377625 -0.717706)
(-0.00259108 -0.0069229 -0.653315)
(0.00259137 -0.00692287 -0.653315)
(-0.0443439 -0.00377611 -0.717706)
(-0.114004 0.18627 -3.0671e-05)
(0.262524 -0.262515 0.667124)
(0.191288 0.0164605 2.38542)
(0.142834 -0.0423813 1.41732)
(0.186269 0.114007 -3.96182e-05)
(0.0722175 0.0722176 -0.364024)
(0.0346315 -0.00138989 -0.607822)
(-0.00119448 -0.00253116 -0.583893)
(0.00119438 -0.00253109 -0.583893)
(-0.0346305 -0.00139022 -0.60782)
(-0.0722176 0.0722177 -0.364023)
(-0.186253 0.114002 -5.73334e-05)
(-0.142839 -0.0423796 1.41728)
(0.00336487 0.0359968 -0.718742)
(-0.00377662 0.0443428 -0.717706)
(-0.00138999 0.0346313 -0.607823)
(0.00425796 0.00425798 -0.653191)
(-0.00330808 0.00264583 -0.622829)
(0.0033081 0.00264576 -0.622829)
(-0.00425788 0.00425796 -0.653191)
(0.00139053 0.0346301 -0.607823)
(0.00377754 0.0443446 -0.717706)
(-0.00336484 0.0359981 -0.718744)
(0.000504407 -0.00918127 -0.636054)
(-0.00692282 -0.00259115 -0.653314)
(-0.00253113 -0.00119458 -0.583892)
(0.0026459 -0.00330808 -0.622828)
(-0.0028825 -0.00288256 -0.598758)
(0.00288234 -0.00288261 -0.598758)
(-0.00264597 -0.00330819 -0.622827)
(0.00253093 -0.00119478 -0.58389)
(0.00692252 -0.00259183 -0.653311)
(-0.000504478 -0.00918185 -0.636051)
(0.000504285 0.00917987 -0.636057)
(-0.00692286 0.00259159 -0.653315)
(-0.00253109 0.00119426 -0.583893)
(0.00264576 0.00330811 -0.622829)
(-0.00288261 0.00288226 -0.598759)
(0.00288248 0.00288235 -0.598758)
(-0.00264584 0.00330822 -0.622828)
(0.00253098 0.00119456 -0.583891)
(0.0069226 0.00259225 -0.653313)
(-0.000504424 0.00918054 -0.636054)
(0.00336751 -0.0359995 -0.718728)
(-0.00377589 -0.0443452 -0.717706)
(-0.0013904 -0.0346304 -0.607818)
(0.00425804 -0.00425785 -0.65319)
(-0.00330828 -0.00264599 -0.622826)
(0.00330831 -0.00264593 -0.622827)
(-0.00425791 -0.0042578 -0.653189)
(0.00139084 -0.0346294 -0.607819)
(0.00377659 -0.044346 -0.717706)
(-0.00336725 -0.0360003 -0.71873)
(0.142845 0.0423745 1.41732)
(0.186269 -0.114002 -3.21325e-05)
(0.0722183 -0.0722183 -0.364022)
(0.0346299 0.00139085 -0.607823)
(-0.00119491 0.00253079 -0.58389)
(0.00119488 0.00253082 -0.58389)
(-0.0346291 0.00139104 -0.607821)
(-0.0722178 -0.0722178 -0.364022)
(-0.186255 -0.113998 -5.04033e-05)
(-0.14285 0.0423735 1.41729)
(-0.19131 -0.0164454 2.38539)
(-0.262516 0.262522 0.667103)
(0.113997 -0.186248 -6.14245e-05)
(0.044346 0.00377822 -0.717706)
(-0.00259234 0.0069224 -0.653309)
(0.00259262 0.00692243 -0.65331)
(-0.0443462 0.00377775 -0.717707)
(-0.113996 -0.186249 -5.61156e-05)
(0.262521 0.262518 0.667075)
(0.191304 -0.0164419 2.38537)
(-0.409932 0.409933 2.41032)
(0.0164578 0.191286 2.38541)
(-0.0423816 -0.142843 1.41727)
(0.0359987 -0.0033645 -0.718746)
(-0.00918243 -0.000504386 -0.63605)
(0.0091818 -0.000504397 -0.636051)
(-0.0359998 -0.00336569 -0.718739)
(0.0423797 -0.142852 1.41727)
(-0.0164459 0.191295 2.38538)
(0.409928 0.40993 2.41032)
)
;

boundaryField
{
    bottom
    {
        type            noSlip;
    }
    atmosphere
    {
        type            pressureInletOutletVelocity;
        value           nonuniform List<vector> 
100
(
(-0.409941 -0.409941 2.41032)
(-0.19129 0.0164653 2.38544)
(0.142834 -0.0423813 1.41732)
(0 0 -0.718742)
(0 0 -0.636054)
(0 0 -0.636057)
(0 0 -0.718728)
(0.142845 0.0423745 1.41732)
(-0.19131 -0.0164454 2.38539)
(-0.409932 0.409933 2.41032)
(0.0164645 -0.191294 2.38544)
(-0.262521 -0.26252 0.667171)
(0.186269 0.114007 -3.96182e-05)
(0 0 -0.717706)
(0 0 -0.653314)
(0 0 -0.653315)
(0 0 -0.717706)
(0.186269 -0.114002 -3.21325e-05)
(-0.262516 0.262522 0.667103)
(0.0164578 0.191286 2.38541)
(-0.042381 0.142835 1.41733)
(0.114007 0.186272 -3.43248e-05)
(0 0 -0.364024)
(0 0 -0.607823)
(0 0 -0.583892)
(0 0 -0.583893)
(0 0 -0.607818)
(0 0 -0.364022)
(0.113997 -0.186248 -6.14245e-05)
(-0.0423816 -0.142843 1.41727)
(0 0 -0.718738)
(0 0 -0.717706)
(0 0 -0.607822)
(0 0 -0.653191)
(0 0 -0.622828)
(0 0 -0.622829)
(0 0 -0.65319)
(0 0 -0.607823)
(0 0 -0.717706)
(0 0 -0.718746)
(0 0 -0.636056)
(0 0 -0.653315)
(0 0 -0.583893)
(0 0 -0.622829)
(0 0 -0.598758)
(0 0 -0.598759)
(0 0 -0.622826)
(0 0 -0.58389)
(0 0 -0.653309)
(0 0 -0.63605)
(0 0 -0.636056)
(0 0 -0.653315)
(0 0 -0.583893)
(0 0 -0.622829)
(0 0 -0.598758)
(0 0 -0.598758)
(0 0 -0.622827)
(0 0 -0.58389)
(0 0 -0.65331)
(0 0 -0.636051)
(0 0 -0.718732)
(0 0 -0.717706)
(0 0 -0.60782)
(0 0 -0.653191)
(0 0 -0.622827)
(0 0 -0.622828)
(0 0 -0.653189)
(0 0 -0.607821)
(0 0 -0.717707)
(0 0 -0.718739)
(0.0423781 0.142844 1.41732)
(-0.114004 0.18627 -3.0671e-05)
(0 0 -0.364023)
(0 0 -0.607823)
(0 0 -0.58389)
(0 0 -0.583891)
(0 0 -0.607819)
(0 0 -0.364022)
(-0.113996 -0.186249 -5.61156e-05)
(0.0423797 -0.142852 1.41727)
(-0.0164511 -0.191305 2.3854)
(0.262524 -0.262515 0.667124)
(-0.186253 0.114002 -5.73334e-05)
(0 0 -0.717706)
(0 0 -0.653311)
(0 0 -0.653313)
(0 0 -0.717706)
(-0.186255 -0.113998 -5.04033e-05)
(0.262521 0.262518 0.667075)
(-0.0164459 0.191295 2.38538)
(0.409935 -0.409936 2.41032)
(0.191288 0.0164605 2.38542)
(-0.142839 -0.0423796 1.41728)
(0 0 -0.718744)
(0 0 -0.636051)
(0 0 -0.636054)
(0 0 -0.71873)
(-0.14285 0.0423735 1.41729)
(0.191304 -0.0164419 2.38537)
(0.409928 0.40993 2.41032)
)
;
    }
    walls
    {
        type            noSlip;
    }
}


// ************************************************************************* //
